wallet_id,tx_count,incoming_tx_count,total_received_sats,avg_received_sats,median_received_sats,max_received_sats,std_received_sats,unique_input_counterparties,outgoing_tx_count,total_sent_sats,avg_sent_sats,median_sent_sats,max_sent_sats,std_sent_sats,unique_output_counterparties,avg_inputs_per_tx,max_inputs_per_tx,avg_outputs_per_tx,max_outputs_per_tx,unique_counterparties,fan_in,fan_out,in_out_ratio,avg_inter_tx_seconds,median_inter_tx_seconds,min_inter_tx_seconds,std_inter_tx_seconds,first_seen,last_seen,active_duration_seconds,transaction_velocity,burstiness,observation_count,unique_src_ips,unique_dst_ips,unique_src_ports,unique_dst_ports,mean_latency_ms,median_latency_ms,std_latency_ms,total_bytes_sent,total_bytes_received,inbound_ratio,outbound_ratio,unique_countries,unique_asns,unique_network_types,country_entropy,asn_entropy,shared_ip_wallet_count,shared_asn_wallet_count,avg_network_tx_time_difference,min_network_tx_time_difference,observations_per_tx,rapid_hop_count
W000001,1.9398012350933587,1.9398012350933587,0.9914227148669127,-0.19068081681036841,-0.173170529508416,0.11449904387705963,-0.012788259275292311,0.05783149319662344,1.438546214290455,1.1026028543451312,-0.015682185836710133,-0.04542462500644204,0.055193206028663955,-0.010453108846996855,0.05783149319662344,-0.0678561576404453,-0.12280063105399436,0.3016788127312925,0.9495357269538522,0.05783149319662344,0.05783149319662344,0.05783149319662344,-0.2455243739017722,-1.1340019012680806,-0.7331936425377688,-0.7525016899470053,-0.7869747722450207,0.057831184111426466,0.057831781854934323,0.7340846663720988,-0.12573220283541087,0.39313294041397007,2.037004177939268,2.789402760308089,2.2725006650606017,2.037004177939268,0.10050378152592128,-0.5108798412156211,-0.8655654413479221,0.007438919282385559,1.746354736498405,2.38758969403709,0.5039753812858896,-0.37521382064559233,0.7147216991382352,2.8278062499093806,0.873499851561739,0.6460435925409492,2.114789421162874,0.08160976973123231,0.08160976973123231,0.05004714103375049,-0.35104831086289523,0.23754322759044139,0.8455233253446716
W000002,-0.49801001188213684,-0.49801001188213684,-0.1252622689182231,0.13255088765667988,-0.27452392915603313,0.49456893823342724,0.5942937026961955,0.05783149319662344,-0.22515411064068,-0.5280365663627068,-0.387189514174421,-0.40400434788602446,-0.08846031747901245,-0.10781454507275987,0.05783149319662344,-0.0678561576404453,-0.12280063105399436,0.2578315549684276,-0.40051506966299966,0.05783149319662344,0.05783149319662344,0.05783149319662344,-0.05299323108974065,0.9294825107454754,0.011623093099319904,-0.7774373047597036,1.27127384528313,0.057831184566548226,0.057831734614436046,0.6768974270908162,-0.12718730087389007,0.792797499592174,-0.5150511702762159,2.789402760308089,-0.3098864543264456,-0.5150511702762159,0.10050378152592128,0.10664478112025406,-1.0682106984139255,1.9964390591649113,-0.2558043844111391,-0.6382088388684652,-0.6359683992854885,0.7714348763539949,0.7147216991382352,0.3368695364824935,1.9092704265361333,1.7641200716982688,1.2538181431295623,0.40804884865616153,0.40804884865616153,-0.18570812920513005,-0.35104831086289523,-0.11395631729725625,-0.04294251564797807
W000003,-0.8462687614500647,-0.8462687614500647,-0.2535921962775746,0.2938211567966136,1.4091590879845948,-0.4431581871484516,-0.3591170276563521,0.05783149319662344,-0.890634240613134,-0.7420745167567855,-0.27356016281449824,-0.3318565829519572,-0.407776223718434,-0.2784392640964978,0.05783149319662344,-0.0678561576404453,-0.12280063105399436,1.5878650404420032,-0.40051506966299966,0.05783149319662344,0.05783149319662344,0.05783149319662344,0.02724927660472618,1.5410839075741156,1.5278972318367994,2.2792534776969013,0.9022600016026117,0.05783158885571984,0.05783153864507415,-0.04281483674439534,-0.12736868229278528,-0.3051249415766985,0.6449739880035493,1.0954334726715977,-0.3098864543264456,0.6449739880035493,0.10050378152592128,-1.0690064430217978,-1.4329721611327313,-0.5348396339581662,-0.04880444054646862,0.2594742249486097,0.4901467224325951,-0.3613038244461015,-0.22159493728740007,-0.018978565435633234,-0.16227072341265517,0.119910625466512,0.6141422070131606,0.40804884865616153,0.40804884865616153,1.645928970343096,-0.35104831086289523,1.3221703946724803,-0.04294251564797807
W000004,0.198507487253719,0.198507487253719,0.7569085163322397,0.44742813140750765,-0.6166522695123974,1.2118577126798604,1.2069104644471345,0.05783149319662344,1.771286279276682,0.2548509843759523,-0.4733128905475036,-0.47586473548120395,-0.41466534296545304,-0.3990765727826859,0.05783149319662344,-0.0678561576404453,-0.12280063105399436,-0.4750440390680327,-0.40051506966299966,0.05783149319662344,0.05783149319662344,0.05783149319662344,-0.057831405145305895,-0.8010755825557767,-0.19980786810062098,-0.5314949610416015,-0.8290621717800364,0.05783125360400537,0.05783166622958799,0.5121275536030753,-0.1261179384683928,-0.3660765976008344,1.3409890829714086,-0.5985358149648935,1.1657633281804387,1.3409890829714086,0.10050378152592128,-1.2502984542212732,-1.35191405830633,-0.011171181411342893,0.7194199500528967,0.8692196937306147,0.19533230658006834,-0.06475537042975206,-0.22159493728740007,1.048565740318747,-0.16227072341265517,-0.4468659552193667,0.37903959650365165,0.7344879275810907,0.7344879275810907,0.8751905868698324,-0.35104831086289523,0.21837052514202188,-0.04294251564797807
W000005,0.198507487253719,0.198507487253719,-0.26931284656124493,-0.39989119203624995,-0.7106588297375003,-0.17771838364780004,0.02725820653071464,0.05783149319662344,0.440326019331774,-0.471402171317324,-0.549245592053575,-0.2862268123673344,-0.39039493818493154,-0.46411559166228883,0.05783149319662344,-0.0678561576404453,-0.12280063105399436,-0.08417705558192015,-0.40051506966299966,0.05783149319662344,0.05783149319662344,0.05783149319662344,-0.16840272790426022,-0.32213595882910895,-0.5837448788652526,-0.5989547046866694,-0.3445148022791757,0.05783160767933009,0.05783181946641269,0.27132149429597197,-0.1265266467035438,-0.07432318196500466,1.5729941146273616,-0.5985358149648935,1.5346757738071597,1.5729941146273616,0.10050378152592128,0.2830894123411334,0.5934804095273015,-0.695956729823237,1.6513150372908671,1.3379328618430255,-0.2592716397395249,0.39252246342706587,1.6510383355638705,1.4044138422368737,0.873499851561739,0.8846237175070911,0.6355551469672572,-0.24482930919369691,-0.24482930919369691,0.05004714103375049,-0.35104831086289523,0.46761565697148,0.8455233253446716
W000006,0.5467662368216469,0.5467662368216469,0.08165309984954931,-0.2669267164660675,-0.486579050242605,-0.20603463072320763,-0.043725414184359726,0.05783149319662344,0.7730660843180011,0.2933718399615359,-0.2088688770809533,-0.3644713851477618,0.04156494029039821,-0.06093577306626781,0.05783149319662344,-0.0678561576404453,-0.12280063105399436,-0.6230997146309531,-0.40051506966299966,0.05783149319662344,0.05783149319662344,0.05783149319662344,-0.312855894302633,-0.5397929811822543,-0.8230414973946637,-0.7889403413548473,-0.20603146100687178,0.05783114609371429,0.057831535814668884,0.48466478055758255,-0.12636046018693972,0.5488050223898555,0.4129689563475963,1.0954334726715977,-0.3098864543264456,0.4129689563475963,0.10050378152592128,1.5554112429134637,1.72829384909692,0.7111707211646591,-0.1908895815414315,0.3520744406192903,0.8338334026433948,-0.7070119994951335,0.7147216991382352,-0.018978565435633234,-0.16227072341265517,0.7504023283239545,0.652135052100387,0.7344879275810907,0.7344879275810907,-0.264293219284757,1.8430036320302,0.3429930910567509,0.4012904048483467
W000007,0.8950249863895748,0.8950249863895748,0.137119673562285,-0.35574290941320214,-0.2599903460827207,-0.35649375610010886,-0.2511996969398103,0.05783149319662344,-1.2233743055993611,-0.43508740373221677,0.3111854914184661,0.8276417743840647,-0.36812173019898053,-0.1979729308083091,0.05783149319662344,-0.0678561576404453,-0.12280063105399436,-1.452211497783312,-1.7505658662798516,0.05783149319662344,0.05783149319662344,0.05783149319662344,0.03102070228093266,0.3865691978955501,-0.30956467040860414,-0.3997666387423767,1.6078926553675337,0.05783147405783862,0.05783174159359482,0.33816433700781534,-0.12694981416237922,1.8103731591599896,0.8769790196595024,-0.5985358149648935,0.7968508825537176,0.8769790196595024,0.10050378152592128,-0.5142551310768355,-0.5008039786291162,-0.37419993238911875,0.75618655581954,0.666400281301609,-0.0678363398087377,0.19996118017208214,0.7147216991382352,0.6927176384006203,-0.16227072341265517,-0.2910119781882727,0.34711688562602905,0.7344879275810907,0.7344879275810907,-1.1624085344804922,-0.35104831086289523,0.49530956050808667,1.2897562458409964
W000008,0.198507487253719,0.198507487253719,-0.19453531482944333,-0.33814969075124823,-0.246766105748688,-0.13730765276995294,-0.1449803752840095,0.05783149319662344,0.7730660843180011,0.2562392005883945,-0.22900215953121147,-0.3624718268949284,-0.288307406273695,-0.26163874687580574,0.05783149319662344,-0.0678561576404453,-0.12280063105399436,-0.6230997146309531,-0.40051506966299966,0.05783149319662344,0.05783149319662344,0.05783149319662344,-0.4018104834114695,-0.37046592792075894,0.02542998822641156,-0.5657814314090618,0.1984676034498987,0.05783139658370292,0.05783180126530826,0.5026027360200093,-0.12649614677394666,0.9916339803568895,1.3409890829714086,-0.5985358149648935,1.1657633281804387,1.3409890829714086,0.10050378152592128,-0.16372360787636603,-0.2981587215631129,-0.21324792842840665,1.2718678521852316,1.7466288615016328,0.43801794091034346,-0.30886843208078046,1.6510383355638705,1.048565740318747,-0.16227072341265517,1.2497304112991232,0.4568394323067372,0.7344879275810907,0.7344879275810907,-0.06783049408568978,-0.35104831086289523,0.21837052514202188,1.2897562458409964
W000009,-0.49801001188213684,-0.49801001188213684,-0.6190667872566391,-0.41107465685189565,0.09766885058947715,-0.7567523743776196,-0.8110148773365844,0.05783149319662344,0.107585954345547,-1.000456355720476,-0.8090529354492857,-0.518149307504481,-0.8155594018092961,-0.7403928452553348,0.05783149319662344,-0.0678561576404453,-0.12280063105399436,1.0811856174044505,0.9495357269538522,0.05783149319662344,0.05783149319662344,0.05783149319662344,-0.011031315686499819,0.34459330801566207,0.3859662579962046,0.9391126077930123,-0.20588694033466934,0.05783153544097528,0.05783175198804658,0.2770287180892343,-0.12692780594664346,-0.734450307648145,0.8769790196595024,-0.5985358149648935,0.05902599130027542,0.8769790196595024,0.10050378152592128,1.234758706098065,-0.09551346449710965,1.5978934516347685,0.4203058218481418,0.9988278148821927,0.6855811005729178,-0.5578877076716418,-0.22159493728740007,-0.018978565435633234,1.9092704265361333,0.27450030583287766,0.007568022074006488,0.08160976973123231,0.08160976973123231,-0.6235393453630512,-0.35104831086289523,0.49530956050808667,0.8455233253446716
W000010,0.198507487253719,0.198507487253719,-0.11556297479836454,-0.2729446656509772,-0.5078687545634996,-0.1714266255290094,-0.061488208652422875,0.05783149319662344,0.440326019331774,-0.31926309450994333,-0.45850695988324564,-0.2794589519213517,-0.5441970221887374,-0.45119406098052195,0.05783149319662344,-0.0678561576404453,-0.12280063105399436,-0.08417705558192015,0.9495357269538522,0.05783149319662344,0.05783149319662344,0.05783149319662344,-0.16695798036871373,-0.49036355592740416,0.3616496367275954,-0.1157529545513156,-0.7671408363363105,0.0578315363154861,0.05783149996537639,-0.026196014398941588,-0.12638892618642705,-0.7468323421155533,-0.2830461386202629,-0.5985358149648935,0.4279384369269965,-0.2830461386202629,0.10050378152592128,-0.03165686859709444,-0.37921682438951426,0.2126438877585285,-0.36341589075178715,-0.6093265821996778,-0.3888709094772907,0.5228840095924578,-1.1579115737130352,-0.018978565435633234,0.873499851561739,-1.6489167143835302,-0.31918708074991564,0.40804884865616153,0.40804884865616153,1.0978483420954415,1.8430036320302,-1.02785513400527,-0.9314083566406276
W000011,1.5915424855254308,1.5915424855254308,2.4191667742161584,0.7061140136521743,0.426789466085666,0.19005393567928713,0.3662341376915526,0.05783149319662344,0.107585954345547,2.5375432433142233,1.5355360563573097,0.7112409031382774,1.697151541028519,1.6802560467010954,0.05783149319662344,-0.0678561576404453,-0.12280063105399436,0.06782677132934505,-0.40051506966299966,0.05783149319662344,0.05783149319662344,0.05783149319662344,-0.21938684674087583,-0.9819706841217957,-0.7194783354380542,-0.5438885553086272,-0.43046173977166063,0.05783182562811299,0.057831697525783377,-0.1362072064976732,-0.12590269944753937,0.8988298480083127,0.4129689563475963,-0.5985358149648935,0.7968508825537176,0.4129689563475963,0.10050378152592128,0.7187996241314694,1.6877647976837193,-0.03438434368614931,0.6300731446414843,0.08891605186273424,-0.6497627096765676,0.7853103220606329,-0.22159493728740007,0.6927176384006203,0.873499851561739,-0.1658653285500409,0.33901223029829963,-0.7344879275810907,-0.7344879275810907,-0.7358037597625181,-0.35104831086289523,-0.11395631729725625,1.2897562458409964
W000012,-1.1945275110179927,-1.1945275110179927,-1.258939539130257,-0.9125258926463877,-0.5117504590457979,-0.9170473264343207,-0.8486574106985872,0.05783149319662344,0.7730660843180011,2.2054230641662973,0.8278435141238856,-0.08015875418435801,0.9875960470105409,0.7910722984680717,0.05783149319662344,-0.0678561576404453,-0.12280063105399436,-1.452211497783312,-1.7505658662798516,0.05783149319662344,0.05783149319662344,0.05783149319662344,-0.8500973059109062,-0.5738073307365836,-0.32890119268858575,-0.16621788929130032,-0.602071744319333,0.0578320835166512,0.057831184470162826,-1.0605722625213096,-0.1262835334860688,-0.219935270612263,-0.5150511702762159,-0.5985358149648935,-0.3098864543264456,-0.5150511702762159,0.10050378152592128,0.7800151084325909,0.02607368974249232,0.48827522996039874,-0.41900067323340034,-0.3194581399221262,0.2524884449838235,-0.12224768956266929,-0.22159493728740007,-0.37482666735375997,0.873499851561739,-0.29028747453169246,-0.24580222251485595,0.7344879275810907,0.7344879275810907,-1.6002397506384134,-0.35104831086289523,-0.11395631729725625,0.8455233253446716
W000013,-1.1945275110179927,-1.1945275110179927,-1.2394100875938427,-0.8802761612309257,-0.45691974433651333,-0.8931582850430915,-0.816270635565453,0.05783149319662344,-0.890634240613134,-0.6143361170652315,-0.14658415390135893,-0.22300570058941196,-0.1007579497368022,0.0033380260295057247,0.05783149319662344,-0.0678561576404453,-0.12280063105399436,-0.692192363226983,-0.40051506966299966,0.05783149319662344,0.05783149319662344,0.05783149319662344,-0.6795148217820709,2.8919315836891135,0.828679885330064,0.23683367037466596,2.18842411451907,0.05783121991371124,0.05783179452499432,0.7063490469895911,-0.1276888554753096,-0.000776427289745527,-0.747056201932169,-0.5985358149648935,-0.6787988999531667,-0.747056201932169,0.10050378152592128,0.331101556891033,0.9987709236593081,-0.4738262007528064,-0.5597416587487225,-0.8139963899027284,-0.4537907275125081,0.5881856727343201,-1.1579115737130352,-0.7306747692718867,-0.16227072341265517,-0.47503113124055696,-0.6176228158864757,0.7344879275810907,0.7344879275810907,-1.027691237201132,-0.35104831086289523,-0.5709057256512629,-0.48717543614430286
W000014,0.198507487253719,0.198507487253719,-0.8698535001835311,-0.8957390848271184,-0.49295099053333324,-0.8569477983257807,-0.8364833561517723,0.05783149319662344,-0.890634240613134,-1.0212921710983331,-0.5511113412540881,-0.08720304858452912,-0.7350912563663597,-0.6400199006347911,0.05783149319662344,-0.0678561576404453,-0.12280063105399436,1.5878650404420032,0.9495357269538522,0.05783149319662344,0.05783149319662344,0.05783149319662344,-0.21947846631676987,-0.08746552596666153,-0.9995316261502566,-0.7432992606708905,0.3658090170114691,0.05783182063305766,0.05783122361626624,-0.6984375254503685,-0.12665745676041087,0.8341985704130597,0.4129689563475963,-0.5985358149648935,0.4279384369269965,0.4129689563475963,0.10050378152592128,1.133704573283515,1.241945232138512,0.3648926738080427,0.26043038774028704,0.8320508843128437,0.7203264558528073,-0.5928374280328542,0.7147216991382352,-0.018978565435633234,-0.16227072341265517,0.1368455733833407,-0.25135217740077365,-0.7344879275810907,-0.7344879275810907,1.1502384021485266,1.8430036320302,-0.11395631729725625,-0.9314083566406276
W000015,-0.1497512623142089,-0.1497512623142089,-1.051485103837236,-0.9777412314157049,-0.5503093187641659,-0.927575698242018,-0.8460533874249491,0.05783149319662344,0.440326019331774,0.8431770390270981,0.2347943924746989,0.06154241114978198,7.11119486987543e-05,0.027108670120407005,0.05783149319662344,-0.0678561576404453,-0.12280063105399436,-1.452211497783312,-1.7505658662798516,0.05783149319662344,0.05783149319662344,0.05783149319662344,-0.7565828456465121,-0.3646725849013292,-0.332381537728914,-0.5743901555705886,-0.6245539127336092,0.05783142292622553,0.05783130728718341,-0.12126379595719532,-0.12648482853673498,-0.6102554662105381,-0.05104110696430982,-0.5985358149648935,-0.6787988999531667,-0.05104110696430982,0.10050378152592128,0.992228787343145,0.7555966151801041,0.010948464580414832,-0.18527575571469676,0.020049166880890167,0.3773218128743123,-0.24781530181978642,-2.0942282101386707,-1.0865228711900135,-0.16227072341265517,-2.6420329790274075,-1.512197073856074,0.7344879275810907,0.7344879275810907,2.1246935191358993,1.8430036320302,0.14715763033360518,-1.3756412771369524
W000016,1.2432837359575029,1.2432837359575029,5.181749835418075,2.567515459100569,-0.3989231155948872,7.76434605989589,6.0910900342837815,0.05783149319662344,0.107585954345547,3.3686065890698202,2.08627155459879,1.9066893126999047,2.3861765588790167,1.9898456035376126,0.05783149319662344,-0.0678561576404453,-0.12280063105399436,-0.43885265170820664,-0.40051506966299966,0.05783149319662344,0.05783149319662344,0.05783149319662344,0.07046128105464854,-0.5137471797778109,-0.19646490510135833,-0.11790513559169731,-0.5920435871513872,0.05783114609371429,0.05783157875219889,0.5361470509740078,-0.12638344637603013,-0.2973289296950792,1.5729941146273616,-0.5985358149648935,1.9035882194338807,1.5729941146273616,0.10050378152592128,0.49914406281568063,-0.054984413083908994,0.1550456009127769,0.8973228811818152,1.480332845976044,0.5877211718219016,-0.4594521868123752,0.7147216991382352,1.7602619441550005,0.873499851561739,0.5080728484882936,0.7531724305472121,0.7344879275810907,0.7344879275810907,-0.17184017213225478,-0.35104831086289523,0.11451838687974765,1.2897562458409964
W000017,-1.1945275110179927,-1.1945275110179927,-0.8078498855448734,-0.1676242682819028,0.46299563056301346,-0.5495403135146436,-0.4269253511920394,0.05783149319662344,-0.890634240613134,-1.2520691943051985,-0.7805110004514795,-0.45187187161321657,-0.7802232903063634,-0.6330410197154294,0.05783149319662344,-0.0678561576404453,-0.12280063105399436,0.8278459058856741,0.9495357269538522,0.05783149319662344,0.05783149319662344,0.05783149319662344,0.1341187644004035,1.9446170420351934,1.2637459123779389,-0.11330392095363988,2.025056904640644,0.05783147408416797,0.05783130894969388,-0.18060900172214128,-0.1274710617108307,0.6174664277017725,-0.747056201932169,-0.5985358149648935,-0.6787988999531667,-0.747056201932169,0.10050378152592128,0.6109437708390173,1.0798290264857093,-1.2101070558347136,-0.5414769578194869,-0.5142323555074585,0.13800412373720555,-0.007089994927484067,-0.22159493728740007,-0.7306747692718867,-0.16227072341265517,-0.8438852959528436,-0.5098090375993534,-0.24482930919369691,-0.24482930919369691,-0.48882204808369095,-0.35104831086289523,0.0688234460443465,-0.48717543614430286
W000018,0.198507487253719,0.198507487253719,0.4102324732999181,0.16118841660750047,-0.1847996071195716,0.3889801086348855,0.41527465031302324,0.05783149319662344,-0.22515411064068,0.3429498443510086,0.26215151317360047,-0.0352931757039083,0.9620568155204445,0.8657108642488421,0.05783149319662344,-0.0678561576404453,-0.12280063105399436,0.2578315549684276,-0.40051506966299966,0.05783149319662344,0.05783149319662344,0.05783149319662344,-0.21272729437714266,-0.06487846321174129,-0.1627376140197563,0.31765177909796505,-0.4283193953653084,0.05783135893272109,0.05783136878502543,0.029200811728705933,-0.12669413102065621,-0.6284659982252044,0.4129689563475963,-0.5985358149648935,0.05902599130027542,0.4129689563475963,0.10050378152592128,0.1678602654213756,0.47189325528769954,-0.9443247214784163,0.10332233256110436,0.35569477919894327,0.38768903776183317,-0.2582435046060851,-0.22159493728740007,-0.018978565435633234,-0.16227072341265517,0.037247304517036645,-0.057128110512391854,0.7344879275810907,0.7344879275810907,-0.5786335796032641,-0.35104831086289523,0.3429930910567509,0.4012904048483467
W000019,0.5467662368216469,0.5467662368216469,-0.3154238657995541,-0.558352673697281,-0.32693595812691206,-0.3043651574010082,-0.2668233900875238,0.05783149319662344,-0.890634240613134,-1.2791638768251241,-0.8074439717228915,-0.543397270385154,-0.8165446308098051,-0.7057398132903763,0.05783149319662344,-0.0678561576404453,-0.12280063105399436,-0.692192363226983,-0.40051506966299966,0.05783149319662344,0.05783149319662344,0.05783149319662344,0.8479446459464364,0.5361292068361373,1.138808394532208,-0.17512346601012116,-0.4530419795609805,0.057831300144906846,0.05783174935323079,0.5559904209387287,-0.1270244283568263,-1.4563841052761335,-0.2830461386202629,-0.5985358149648935,0.05902599130027542,-0.2830461386202629,0.10050378152592128,-0.8387943653081786,-0.37921682438951426,-0.5178062041735776,0.24153314305592638,0.04466746922253069,-0.22536329824702533,0.3584146799973406,0.7147216991382352,-0.018978565435633234,-0.16227072341265517,0.18160981498730844,-0.020378732294289822,0.40804884865616153,0.40804884865616153,0.25960738124608884,-0.35104831086289523,-0.24451329111268635,-0.48717543614430286
W000020,1.5915424855254308,1.5915424855254308,0.04426425749454399,-0.6011418192346982,-0.6633600864086793,-0.13259021033092966,-0.2207480053212932,0.05783149319662344,-0.557894175626907,-0.5632800343920914,-0.2773365430502946,-0.2483476819225682,-0.31490072595131025,-0.12619872245081604,0.05783149319662344,-0.0678561576404453,-0.12280063105399436,0.5021234196472476,0.9495357269538522,0.05783149319662344,0.05783149319662344,0.05783149319662344,0.07130834839801743,-0.4813378211830593,0.3233429442771405,1.1305825072476603,-1.1663070009931806,0.057831501316246745,0.05783173284096617,0.2949869679073067,-0.12640450748563156,-1.8344010532030188,1.1089840513154554,-0.5985358149648935,1.9035882194338807,1.1089840513154554,0.10050378152592128,1.3431975640029095,0.35030610104809756,1.4867027014816727,1.5644193389305643,1.4228901405122163,-0.10694856319477894,0.23930345366550168,0.7147216991382352,1.7602619441550005,-0.16227072341265517,0.821581224744164,0.7608335395853932,0.08160976973123231,0.08160976973123231,0.9302001499255714,-0.35104831086289523,-0.6060556801400331,-0.48717543614430286
W000021,0.198507487253719,0.198507487253719,-0.11740053470366558,-0.27446188218148965,-0.10010239734926056,-0.3609988478338639,-0.22936700980098226,0.05783149319662344,0.440326019331774,1.1774596079995439,0.4341668594533602,-0.16484155295973588,1.384677203066585,1.0771663513523921,0.05783149319662344,-0.0678561576404453,-0.12280063105399436,0.8278459058856741,0.9495357269538522,0.05783149319662344,0.05783149319662344,0.05783149319662344,-0.5403133306174837,-0.3998306621948689,-0.7649059970170755,-0.7038178705507847,-0.2030503307162097,0.05783118631556986,0.05783128350237582,0.13391517700390013,-0.1264649511136779,0.32643497830801727,0.4129689563475963,2.789402760308089,1.5346757738071597,0.4129689563475963,0.10050378152592128,0.7596099469988837,0.02607368974249232,0.8562940994566617,0.6515796323157359,0.4935894530995049,-0.1500436253829445,0.28265199220518983,1.6510383355638705,2.116110046073127,0.873499851561739,1.6046684241540219,1.9526092052033228,0.7344879275810907,0.7344879275810907,-1.0501441200810253,-0.35104831086289523,-0.7786100021758119,1.2897562458409964
W000022,-0.1497512623142089,-0.1497512623142089,-0.7233369401038877,-0.6680934412520634,-0.723924286968363,-0.6009846431438068,-0.4279030563020758,0.05783149319662344,-1.556114370585588,-0.43001576555265714,0.738133678038567,0.34950029997644694,0.3110586668793582,0.6577054059687651,0.05783149319662344,-0.0678561576404453,-0.12280063105399436,-1.452211497783312,-1.7505658662798516,0.05783149319662344,0.05783149319662344,0.05783149319662344,-0.4339655282901263,1.865217295066513,1.6238242420108466,0.4201401245037282,1.0874649552106945,0.05783120096221554,0.057831431986752606,0.29438715695155493,-0.12746397651918157,-0.3689682115739314,-1.6750763285559813,-0.5985358149648935,-1.4166237912066089,-1.6750763285559813,0.10050378152592128,0.8480323132116144,0.35030610104809756,1.4140595776645377,-1.71326426418863,-1.550212353067279,1.2664555335384795,-1.1421787253799753,-2.0942282101386707,-1.798219075026267,-1.1980412983870494,-2.5360665624807104,-2.242038533248983,-0.7344879275810907,-0.7344879275810907,0.6787278616707656,1.8430036320302,-1.02785513400527,-1.3756412771369524
W000023,-0.1497512623142089,-0.1497512623142089,-0.47625373161622864,-0.4349403172963961,-0.11665903103573941,-0.5620674640076829,-0.4971820760983144,0.05783149319662344,0.440326019331774,-0.07911482221639368,-0.31527797359477755,-0.26937991109664555,-0.35716625252468004,-0.2213982055287014,0.05783149319662344,-0.0678561576404453,-0.12280063105399436,-0.9962000170495144,-0.40051506966299966,0.05783149319662344,0.05783149319662344,0.05783149319662344,-0.4244083746881667,-0.17834574042951432,-0.2128248164915855,0.4044069389671447,-0.4791294033143173,0.05783118631556986,0.057831329343657145,0.1888790568777719,-0.12662506961893363,-0.5716354360156576,0.8769790196595024,1.0954334726715977,0.7968508825537176,0.8769790196595024,0.10050378152592128,0.016279066199550527,0.5934804095273015,-0.7524038500611372,1.5301038402150307,1.1227238462747626,-0.3572088076056848,0.49103567770617157,0.7147216991382352,0.6927176384006203,0.873499851561739,1.1852828415673449,0.8647873428789848,-0.40804884865616153,-0.40804884865616153,-1.027691237201132,-0.35104831086289523,0.49530956050808667,2.178222086833646
W000024,0.8950249863895748,0.8950249863895748,-0.39849267065405697,-0.709533781861934,-0.48486000140759533,-0.6424669191803554,-0.6062269144285737,0.05783149319662344,-0.22515411064068,-0.3418137675972357,-0.24835600083991644,-0.41288118111429706,-0.1384327545699333,-0.1519907921228737,0.05783149319662344,-0.0678561576404453,-0.12280063105399436,-0.312182795948819,0.9495357269538522,0.05783149319662344,0.05783149319662344,0.05783149319662344,-0.2984923193872786,-0.17095157263881783,0.10808818293420738,0.5495678394839243,-0.23189412188025454,0.05783134234898693,0.057831777134457765,0.5386973750001555,-0.12663822933345223,-0.08015625021999394,1.1089840513154554,1.0954334726715977,1.1657633281804387,1.1089840513154554,0.10050378152592128,-0.6755530738385213,-0.7845073385215208,-0.7364843023920923,0.5581212924960106,1.066407468369049,0.5843931383207555,-0.45610457849808844,0.7147216991382352,1.4044138422368737,-0.16227072341265517,1.267366830779566,1.4907737178865623,0.08160976973123231,0.08160976973123231,-0.7043697237306671,-0.35104831086289523,0.3429930910567509,1.2897562458409964
W000025,1.2432837359575029,1.2432837359575029,-0.07839593889504701,-0.5911318906395587,-0.4091984372683995,-0.4493524376378625,-0.48804223296263244,0.05783149319662344,0.107585954345547,0.05755586085907962,-0.1079212007633562,-0.33597882943833657,0.13652690506847673,0.1441989300631414,0.05783149319662344,-0.0678561576404453,-0.12280063105399436,-0.43885265170820664,-0.40051506966299966,0.05783149319662344,0.05783149319662344,0.05783149319662344,-0.3013854853658816,-0.6943873785244803,-1.099980795176046,-0.6132778405761062,0.04096654016979104,0.05783119408649179,0.05783132895247821,0.17909266759971637,-0.12621496810474078,1.26220026267902,0.6449739880035493,-0.5985358149648935,0.7968508825537176,0.6449739880035493,0.10050378152592128,0.23692388873546089,0.18818989539529496,0.4232551681901469,0.018561469374348518,-0.022188116548395042,-0.005095155677098067,0.13685096521332696,1.6510383355638705,0.6927176384006203,-1.1980412983870494,0.8763446250724449,0.28105123597317555,0.7344879275810907,0.7344879275810907,0.34020747363544945,-0.35104831086289523,-0.5293648703463532,0.4012904048483467
W000026,-0.8462687614500647,-0.8462687614500647,-0.35186723589471564,0.16399288684905483,0.6370319491795756,-0.32248771066278353,-0.4074657246727965,0.05783149319662344,-1.2233743055993611,-1.3632809113707405,-0.7959989485020209,-0.5712949811783441,-0.7758910105010337,-0.6780887532512433,0.05783149319662344,-0.0678561576404453,-0.12280063105399436,-0.5401885363157177,-0.40051506966299966,0.05783149319662344,0.05783149319662344,0.05783149319662344,1.1010961314398198,2.599432185205325,2.489697452833563,-0.07278354688300508,3.788275023647858,0.05783129196211854,0.057831638164380146,0.4324857372639869,-0.1276289291608763,1.5756810917990622,-0.747056201932169,-0.5985358149648935,-0.6787988999531667,-0.747056201932169,0.10050378152592128,-0.6250260074312461,0.43136420387449886,-0.6837193928025307,-0.6999291684783103,-0.5096465933065647,0.48196143544171083,-0.35307039326938017,0.7147216991382352,-0.7306747692718867,-0.16227072341265517,0.8161857871404309,-0.5098090375993534,0.08160976973123231,0.08160976973123231,0.5889163301511915,-0.35104831086289523,0.0688234460443465,-0.48717543614430286
W000027,0.198507487253719,0.198507487253719,-0.16772034779595665,-0.31600939963421476,-0.018601706424842396,-0.29212265391790565,-0.2047390311194649,0.05783149319662344,0.7730660843180011,0.6921604166546953,0.007353917421159556,0.06170160697203683,0.5533410923497788,0.31351003086284235,0.05783149319662344,-0.0678561576404453,-0.12280063105399436,1.4496797432499435,0.9495357269538522,0.05783149319662344,0.05783149319662344,0.05783149319662344,-0.48279805629207473,-0.5092869983771905,-0.44008905792433545,-0.7761756813912041,0.07995488573787801,0.05783137513844089,0.0578315630128888,0.24265007962535537,-0.12638030301030087,1.0158308231600937,0.4129689563475963,-0.5985358149648935,-0.3098864543264456,0.4129689563475963,0.10050378152592128,0.4875411278827884,0.6745385123537029,1.989437290868468,0.7658328480851968,-0.26571622500638803,-1.331592862233169,1.4711508602775114,-0.22159493728740007,-0.37482666735375997,-0.16227072341265517,0.34279661327420163,-0.22375259558399418,0.08160976973123231,0.08160976973123231,0.6787278616707656,-0.35104831086289523,0.9304994732261882,-0.04294251564797807
W000028,0.5467662368216469,0.5467662368216469,3.996457715085108,2.6062585374385514,-0.4353462120613059,6.85728351303555,6.057815207040584,0.05783149319662344,0.107585954345547,-0.6497254685251442,-0.5766278731544523,-0.5136617663938038,-0.4449311209852993,-0.36665112223346585,0.05783149319662344,-0.0678561576404453,-0.12280063105399436,0.5745061943668978,0.9495357269538522,0.05783149319662344,0.05783149319662344,0.05783149319662344,2.654080123523025,-0.7911130511438396,-0.2580807505192748,-0.07641999070985692,-1.0203696304690353,0.05783210190958838,0.057831621951141735,-0.5580840167328547,-0.12609871397301772,-0.8942717762125822,0.18096392469164324,-0.5985358149648935,-0.3098864543264456,0.18096392469164324,0.10050378152592128,0.4943428483606904,0.43136420387449886,-0.6736037907968488,0.2412959391477545,0.4194931901692731,0.274599014001453,-0.1444883084300977,-0.22159493728740007,-0.37482666735375997,0.873499851561739,-0.9715014562011767,-0.26408302167791653,0.08160976973123231,0.08160976973123231,0.22150551938929983,-0.35104831086289523,0.5388285517798967,-0.04294251564797807
W000029,-1.5427862605859206,-1.5427862605859206,-1.2250534603402385,-0.634936364466289,-0.30744476650011765,-0.795505956623165,-0.7532856028486272,0.05783149319662344,0.107585954345547,-0.8832416189875406,-0.7313761653624462,-0.4464237563174242,-0.5931049585340435,-0.6006967357402845,0.05783149319662344,-0.0678561576404453,-0.12280063105399436,-0.43885265170820664,-0.40051506966299966,0.05783149319662344,0.05783149319662344,0.05783149319662344,-0.600937648086617,0.9053864789006544,1.2468021273131829,-0.6478611635008605,0.5926278764607126,0.05783172103285796,0.057831494139067074,-0.25465859561662646,-0.1271549886451456,-0.07688634165985485,-0.5150511702762159,-0.5985358149648935,0.4279384369269965,-0.5150511702762159,0.10050378152592128,0.44332994477642246,1.4040614377913145,-0.18854829131140474,-0.5655926884836292,-0.4459286343046716,0.3147631941902741,-0.18488872612129756,-1.1579115737130352,0.3368695364824935,-1.1980412983870494,-1.0871144708639693,0.25407123269995013,-0.8977074670435554,-0.8977074670435554,-0.6572186696828911,-0.35104831086289523,-1.02785513400527,-0.04294251564797807
W000030,-0.49801001188213684,-0.49801001188213684,-0.8710372097108275,-0.6884669305549077,-0.12083022264645407,-0.8204964417096453,-0.7209719642530025,0.05783149319662344,-0.557894175626907,0.10871392037802399,0.29522052176679064,-0.734155089070384,0.6288645710319005,0.8613045836927629,0.05783149319662344,-0.0678561576404453,-0.12280063105399436,0.5021234196472476,0.9495357269538522,0.05783149319662344,0.05783149319662344,0.05783149319662344,-0.6253236819926158,0.23597702878284,0.5807854407306314,-0.7481973278662419,0.27531883411384594,0.05783114879435415,0.05783059980434868,-0.6408534187697916,-0.12684570214661997,0.24622426470134087,0.8769790196595024,-0.5985358149648935,0.7968508825537176,0.8769790196595024,0.10050378152592128,1.0132169533892448,0.2287189468084956,1.6702774732097545,0.47003957459484835,0.6150719254389728,0.210885431427866,-0.08039997558042017,0.7147216991382352,0.6927176384006203,0.873499851561739,0.6226114069847238,0.34711688562602905,0.7344879275810907,0.7344879275810907,-0.08467015624560977,-0.35104831086289523,0.49530956050808667,0.8455233253446716
W000031,-0.8462687614500647,-0.8462687614500647,-0.6975000440304778,-0.29261246983355743,0.43611399218173363,-0.6528430992205579,-0.6490306797898339,0.05783149319662344,1.438546214290455,0.033060706906465405,-0.506370824880052,-0.5640980975535654,-0.24468302792860522,-0.2846075483934156,0.05783149319662344,-0.0678561576404453,-0.12280063105399436,0.6524568748342132,0.9495357269538522,0.05783149319662344,0.05783149319662344,0.05783149319662344,-0.5433745871785378,-0.19481104789291162,-0.39720296410502753,-0.7680122360656183,-0.012964033899617443,0.05783141937928488,0.05783181897179702,0.49650089975585754,-0.12662131591417328,0.3614634091738946,0.18096392469164324,2.789402760308089,0.05902599130027542,0.18096392469164324,0.10050378152592128,0.13075997190554448,-0.1360425159103103,-0.7667857255853163,0.6352125626518753,0.08280170226154247,-0.6642702439209286,0.7999031866575478,0.7147216991382352,0.3368695364824935,0.873499851561739,0.9963175573927884,0.6015544564999777,0.40804884865616153,0.40804884865616153,-0.6357863723884473,-0.35104831086289523,0.5388285517798967,0.8455233253446716
W000032,-0.8462687614500647,-0.8462687614500647,-0.7302418075723124,-0.3358666525052582,0.11690142248708489,-0.6435935316280031,-0.5639299045681959,0.05783149319662344,-0.22515411064068,-0.36104663265389536,-0.2626945579070739,-0.5017335833179616,0.1988394657634185,0.186382269383369,0.05783149319662344,-0.0678561576404453,-0.12280063105399436,0.8278459058856741,0.9495357269538522,0.05783149319662344,0.05783149319662344,0.05783149319662344,-0.46009804515186414,1.06356769951164,2.0258269911756033,-0.733874191976805,0.22167922243051794,0.05783135909069723,0.05783167177379711,0.39229614830021187,-0.12722919599987048,-0.8168068880158283,-0.747056201932169,-0.5985358149648935,-0.3098864543264456,-0.747056201932169,0.10050378152592128,1.1706281987349858,0.43136420387449886,0.207410024849595,-0.8220101132174438,-0.9176185252492415,-0.12030015890370835,0.25273358073267643,-0.22159493728740007,-0.7306747692718867,-1.1980412983870494,-0.4793800964273699,-1.2064670416002379,0.7344879275810907,0.7344879275810907,-1.5665604263185733,-0.35104831086289523,-0.5709057256512629,-0.04294251564797807
W000033,-0.1497512623142089,-0.1497512623142089,0.3923988784318266,0.38473929956054537,0.9033345369103165,0.40133911551414636,0.3990590396854337,0.05783149319662344,0.440326019331774,-0.8727035108653989,-0.7885893254509813,-0.6271760277473897,-0.6174697794223364,-0.5093294051308224,0.05783149319662344,-0.0678561576404453,-0.12280063105399436,1.7398688673532683,0.9495357269538522,0.05783149319662344,0.05783149319662344,0.05783149319662344,0.6597404042858586,-0.172253608543592,0.275305023917873,0.6019623158463202,-0.3459155442191797,0.05783130408302652,0.057831455568448056,0.1990194699154253,-0.12662938286989375,-0.30377895545315925,-0.5150511702762159,1.0954334726715977,-0.3098864543264456,-0.5150511702762159,0.10050378152592128,0.9330538191853948,1.485119540617716,-0.1606848237607766,0.2205801311674093,-0.3863137256930519,-0.8796838922628393,1.016583854070263,-0.22159493728740007,-0.018978565435633234,-0.16227072341265517,0.5263431589797049,0.7539446879147562,-0.24482930919369691,-0.24482930919369691,-0.4214633994440106,-0.35104831086289523,-0.6361842125589785,-0.04294251564797807
W000034,1.2432837359575029,1.2432837359575029,0.44742143289281894,-0.2753855750230603,-0.37217047016445093,-0.0960675195444359,-0.18928801346522192,0.05783149319662344,1.438546214290455,-0.7729321521947302,-0.8761473129391144,-0.6751170836790974,-0.7543743952047267,-0.6555793307105392,0.05783149319662344,-0.0678561576404453,-0.12280063105399436,0.3016788127312925,0.9495357269538522,0.05783149319662344,0.05783149319662344,0.05783149319662344,0.5513055487509704,-0.9448330113913359,-0.9142631726622146,-0.7432250475315669,-0.7270469307804153,0.05783115929412595,0.057831738676678825,0.7120698003532839,-0.12596654139700195,0.15800233374536649,1.1089840513154554,-0.5985358149648935,1.9035882194338807,1.1089840513154554,0.10050378152592128,0.29845329859710107,0.18818989539529496,-0.2858890190924499,1.412371633792382,1.8709271527363864,0.40782560842334215,-0.27849851446234775,0.7147216991382352,1.7602619441550005,0.873499851561739,0.23540433580936987,0.7608335395853932,0.08160976973123231,0.08160976973123231,0.6787278616707656,-0.35104831086289523,-0.3424310214742595,-0.04294251564797807
W000035,0.8950249863895748,0.8950249863895748,0.4106902821030359,-0.17503985931159893,-0.3512963665350324,0.1132544763173255,0.017257505411368366,0.05783149319662344,0.7730660843180011,0.11325360735869075,-0.3065288148783562,-0.4781520960587387,0.5815056817096309,0.3235078443791505,0.05783149319662344,-0.0678561576404453,-0.12280063105399436,-0.6230997146309531,-0.40051506966299966,0.05783149319662344,0.05783149319662344,0.05783149319662344,-0.12954530657180516,-0.6867229699503654,-0.4040377206480406,-0.48407276501388063,-0.8952069014428138,0.05783127560594526,0.05783165984848163,0.4780961741135789,-0.12622931605350649,-0.7405746677882098,2.269009209595221,-0.5985358149648935,1.9035882194338807,2.269009209595221,0.10050378152592128,0.6371789783966406,0.8366547180065055,-0.45885824412768733,2.030050610671987,2.0072932392366503,-0.005864147820162196,0.13762448041107245,0.7147216991382352,1.7602619441550005,0.873499851561739,0.47786293591167855,0.7758672330300028,0.08160976973123231,0.08160976973123231,-0.4214633994440106,-0.35104831086289523,0.4484429545230605,2.622455007329971
W000036,0.198507487253719,0.198507487253719,1.8642393248371147,1.361717022105806,-0.2543060452462892,1.942804230578397,1.969417119971038,0.05783149319662344,0.107585954345547,-0.3494324478140266,-0.377627367086636,0.012296581159043724,-0.521663642592734,-0.5120713393099462,0.05783149319662344,-0.0678561576404453,-0.12280063105399436,1.5878650404420032,0.9495357269538522,0.05783149319662344,0.05783149319662344,0.05783149319662344,0.8529102833036123,-0.2614585674993872,0.6684924254475876,0.08855581800629907,-1.0114233441237157,0.057831616294672136,0.0578316439417921,0.050536944297591056,-0.12656456103724395,-1.727571789822543,-0.2830461386202629,-0.5985358149648935,-0.3098864543264456,-0.2830461386202629,0.10050378152592128,0.1859981866957825,0.5124223067009002,-0.3927877618057268,-0.44738607424463667,-0.6164868073905471,-0.24761482388545122,0.3807970845636117,-0.22159493728740007,-0.37482666735375997,0.873499851561739,0.22253115739325458,-0.2425447123897593,0.7344879275810907,0.7344879275810907,0.25960738124608884,-0.35104831086289523,0.3429930910567509,-0.48717543614430286
W000037,-0.49801001188213684,-0.49801001188213684,-0.8077081225507821,-0.6187484322178454,-0.5204909855384291,-0.40238925281548676,-0.2893351770902865,0.05783149319662344,-0.890634240613134,-1.2527989551969745,-0.781236405855981,-0.535326413093543,-0.7552252098989463,-0.6734569549683068,0.05783149319662344,-0.0678561576404453,-0.12280063105399436,0.06782677132934505,-0.40051506966299966,0.05783149319662344,0.05783149319662344,0.05783149319662344,0.13560681636865302,1.1086383340021524,0.7501889458679243,-0.0410945363918676,0.818311704072784,0.0578318261039221,0.05783179319724274,-0.022067240489236594,-0.12723433855903657,0.01962532104702192,-0.5150511702762159,-0.5985358149648935,-0.3098864543264456,-0.5150511702762159,0.10050378152592128,-0.5565229654752292,-0.6223911328687182,-0.5110303888209776,-0.2626042297787333,-0.804181249753447,-0.9797012856179764,1.1171895292996845,0.7147216991382352,-0.37482666735375997,-0.16227072341265517,0.694387535987892,-0.24580222251485595,-0.40804884865616153,-0.40804884865616153,0.9930682219892727,4.037055574923295,-0.11395631729725625,-1.8198741976332773
W000038,-0.8462687614500647,-0.8462687614500647,-0.5148792784965407,-0.0513575373691552,0.6608479631483049,-0.40905523860861387,-0.2583339192149937,0.05783149319662344,-0.22515411064068,-0.40464037687164256,-0.295194728183098,-0.27097310564156085,-0.4386212401813515,-0.3570969699325497,0.05783149319662344,-0.0678561576404453,-0.12280063105399436,0.8278459058856741,0.9495357269538522,0.05783149319662344,0.05783149319662344,0.05783149319662344,-0.3326858948958903,0.32210769866596795,-0.07745771202829219,2.1301592807959757,0.7369342301929881,0.057831375287013695,0.057830915974722036,-0.5333294127018653,-0.12689353202972678,0.8238251288528589,-0.5150511702762159,1.0954334726715977,-0.3098864543264456,-0.5150511702762159,0.10050378152592128,-1.0156390977336407,-0.7034492356951195,-0.8461485729246103,-0.5032080606344218,-0.09958291018453289,0.7681000606207727,-0.6408920273839769,-1.1579115737130352,-0.018978565435633234,-0.16227072341265517,-0.8251537423868814,0.5652705759122921,0.7344879275810907,0.7344879275810907,0.05004714103375049,-0.35104831086289523,-0.6361842125589785,-0.04294251564797807
W000039,0.5467662368216469,0.5467662368216469,-0.5202829899219159,-0.7087045487986567,-0.6694037855467311,-0.507959955122468,-0.5194659243704756,0.05783149319662344,0.7730660843180011,0.24041135857158671,-0.23758400071681143,-0.11296425910523236,-0.01483757493002905,-0.15866869950778606,0.05783149319662344,-0.0678561576404453,-0.12280063105399436,-0.20854382305477423,-0.40051506966299966,0.05783149319662344,0.05783149319662344,0.05783149319662344,-0.5163452677593908,-0.4336829498200055,-0.7916268040043325,0.8703170276401214,-0.49893258450394606,0.05783118470571769,0.05783174935323079,0.6944024362994672,-0.1264515907638358,-0.22173418406341483,-0.05104110696430982,-0.5985358149648935,0.05902599130027542,-0.05104110696430982,0.10050378152592128,0.2494809111562043,0.14766084398209428,-0.6400834248562645,-0.02579566145379516,0.6334954262109849,0.9087414167343035,-0.7823606072213113,-0.22159493728740007,-0.018978565435633234,0.873499851561739,0.45829713882707035,-0.023930295313685873,0.08160976973123231,0.08160976973123231,0.2386513572248551,-0.35104831086289523,0.14715763033360518,-0.48717543614430286
W000040,-0.49801001188213684,-0.49801001188213684,-0.9773941430881822,-0.8055544493448885,-0.30451066129373033,-0.8168134767149936,-0.7077958607038972,0.05783149319662344,1.105806149304228,0.7802598233644399,-0.06333536441437942,-0.22372509532532775,-0.0697550756149645,0.10993306537666649,0.05783149319662344,-0.0678561576404453,-0.12280063105399436,1.207855473163838,0.9495357269538522,0.05783149319662344,0.05783149319662344,0.05783149319662344,-0.7312861048268191,-0.21512468866393808,-0.3964015688654783,-0.5193240061925465,0.04968247400543041,0.057831279515854914,0.057831649145600315,0.4605753804060924,-0.12660671728416348,0.5020146016829174,-0.747056201932169,1.0954334726715977,-1.0477113455798879,-0.747056201932169,0.10050378152592128,0.3660818336345312,0.02607368974249232,0.14109056439636875,-0.5998291192297722,-0.8131114182499244,-0.3693780331914138,0.5032764801906389,-0.22159493728740007,-0.7306747692718867,0.873499851561739,0.5208629116951898,0.08171399477363346,-0.24482930919369691,-0.24482930919369691,-1.5665604263185733,-0.35104831086289523,0.0688234460443465,0.4012904048483467
W000041,0.5467662368216469,0.5467662368216469,0.10837504896108514,-0.24731472616543923,-0.04129804600620256,-0.37346812552242414,-0.4685150317949166,0.05783149319662344,1.771286279276682,-0.833002100811076,-0.9367530487405717,-0.6949965484926424,-0.8625243565392805,-0.7655596339761794,0.05783149319662344,-0.0678561576404453,-0.12280063105399436,0.5021234196472476,0.9495357269538522,0.05783149319662344,0.05783149319662344,0.05783149319662344,0.38434000426324766,-1.200575100747119,-1.4044079496739683,-0.6796243871313215,-0.5722035575450563,0.05783160608076193,0.0578314829472121,-0.13024968565144676,-0.12561911598898332,1.041836064729937,-0.2830461386202629,-0.5985358149648935,-0.3098864543264456,-0.2830461386202629,0.10050378152592128,0.7210668642907696,-0.6223911328687182,1.5684256150703861,-0.2453674124515759,-0.11261612907128375,0.27921201073334334,-0.14912843786633548,-0.22159493728740007,-0.37482666735375997,-0.16227072341265517,-0.7283422076826358,-0.3263998732797426,0.7344879275810907,0.7344879275810907,0.6787278616707656,1.8430036320302,-0.24451329111268635,-0.48717543614430286
W000042,1.2432837359575029,1.2432837359575029,1.1953831493779832,0.1737554554441888,0.016788839771364118,0.7210871180483097,0.4196880313804473,0.05783149319662344,0.107585954345547,0.0024168663845193605,-0.14446113691812887,-0.2377039701743902,-0.2748610238565673,-0.16383832575333926,0.05783149319662344,-0.0678561576404453,-0.12280063105399436,0.06782677132934505,0.9495357269538522,0.05783149319662344,0.05783149319662344,0.05783149319662344,0.24012628313761294,-0.5373185673043589,-0.41526870250515246,-0.6350222903978938,-0.012891464936917282,0.05783118470571769,0.057831578505831385,0.48955572026820526,-0.1263626618159768,0.9005013077012585,0.8769790196595024,-0.5985358149648935,1.1657633281804387,0.8769790196595024,0.10050378152592128,-0.07700167178311051,0.18818989539529496,0.8259592614155532,0.8443473416900928,1.2149218021032595,0.4026620220977678,-0.27330455697691997,1.6510383355638705,1.048565740318747,0.873499851561739,0.9201087650233716,0.4360309836866977,-0.24482930919369691,-0.24482930919369691,-0.3541047508043303,-0.35104831086289523,-0.280119738516895,0.8455233253446716
W000043,0.198507487253719,0.198507487253719,0.11696906595947981,-0.08095013252373871,0.20356474705174274,-0.18140173605051468,-0.15261413771605775,0.05783149319662344,0.107585954345547,0.12196190815647823,-0.06524010222946845,-0.6868240906152834,0.2591111305643411,0.3544774701025751,0.05783149319662344,-0.0678561576404453,-0.12280063105399436,0.5745061943668978,-0.40051506966299966,0.05783149319662344,0.05783149319662344,0.05783149319662344,-0.24631170727224608,-0.3319211104797021,0.19973345282837712,-0.4869670774474974,-0.4008565102914907,0.05783174142118434,0.057831671249090756,-0.06674864683593483,-0.12651070713014512,-0.1746438458151185,-0.5150511702762159,1.0954334726715977,-0.3098864543264456,-0.5150511702762159,0.10050378152592128,-0.13821715608423205,-0.5413330300423169,0.18274170839859127,-0.20923335044005778,-0.5385288499753521,-0.5166759157155276,0.6514407387669832,0.7147216991382352,-0.37482666735375997,-0.16227072341265517,0.694387535987892,0.22099679230365799,0.40804884865616153,0.40804884865616153,0.28580241127263106,-0.35104831086289523,-0.11395631729725625,-0.48717543614430286
W000044,1.9398012350933587,1.9398012350933587,2.3395652132987306,0.49431590610762793,0.38447219038834696,0.6780698035494519,0.3313578163893859,0.05783149319662344,1.105806149304228,0.47802137718202903,-0.2135526511856987,-0.412511646290632,0.413382129068212,0.1887458532324683,0.05783149319662344,-0.0678561576404453,-0.12280063105399436,0.06782677132934505,0.9495357269538522,0.05783149319662344,0.05783149319662344,0.05783149319662344,0.37591662210906523,-1.1613668310778493,-0.5852904268272405,-0.4845922569891452,-0.9654746498484408,0.05783143902850857,0.057831781854934323,0.4284381407768649,-0.12568831292785151,-0.01639540985251381,1.8049991462833146,-0.5985358149648935,2.641413110687323,1.8049991462833146,0.10050378152592128,-0.8886736488127959,-0.6629201842819188,-1.3475789174406483,1.9448153396688874,1.577357919910745,-0.2889331211749092,0.42235840763644894,0.7147216991382352,2.471958147991254,1.9092704265361333,-0.34831314585091944,0.9793681781353215,0.40804884865616153,0.40804884865616153,-0.264293219284757,-0.35104831086289523,-0.24451329111268635,2.622455007329971
W000045,1.5915424855254308,1.5915424855254308,1.2440533960518938,0.05927743526949111,0.001582792885030696,0.19197831073038762,0.12451292061666824,0.05783149319662344,0.107585954345547,0.33897340507023094,0.07857075826307565,-0.008519977373416822,0.05391679635424545,0.14891370886261332,0.05783149319662344,-0.0678561576404453,-0.12280063105399436,0.06782677132934505,-0.40051506966299966,0.05783149319662344,0.05783149319662344,0.05783149319662344,0.078096278611695,-0.6268491130378172,-0.5281166007371114,-0.6393266524786572,0.057744202242093194,0.05783120833443576,0.05783169647637065,0.6026719487807346,-0.1262871157768859,1.174537133858652,0.18096392469164324,-0.5985358149648935,0.4279384369269965,0.18096392469164324,0.10050378152592128,-0.15120225881477276,-0.46027492721591556,-0.00629856709321522,0.44410528063472154,-0.07729771492755765,-0.668018028863916,0.8036730153059014,0.7147216991382352,0.3368695364824935,-0.16227072341265517,0.07150956007316867,0.09946130938739758,0.7344879275810907,0.7344879275810907,1.2502557895225967,1.8430036320302,-0.4185892561999271,-0.9314083566406276
W000046,-1.5427862605859206,-1.5427862605859206,-0.9065351075461453,0.06637237833867822,-0.34905139480490516,-0.19214993000469405,0.21830212393700973,0.05783149319662344,-1.888854435571815,-1.5154731811327244,-0.7183267439350985,-0.1626236389276454,-0.8612561725269534,-0.6754979989753853,0.05783149319662344,-0.0678561576404453,-0.12280063105399436,-1.452211497783312,-1.7505658662798516,0.05783149319662344,0.05783149319662344,0.05783149319662344,0.7559766693187193,0.5708512814583816,1.8048250811147595,2.129936641378005,-0.29233177768094526,0.05783174446410585,0.05782912315277041,-3.1255748128283942,-0.126815329153423,-1.1761543412593787,-1.9070813602119343,-0.5985358149648935,-1.7855362368333298,-1.9070813602119343,0.10050378152592128,0.7800151084325909,1.2014161807253114,-1.9110885348726103,-1.6138758266646076,-1.9034769464729766,-1.7371278583990168,1.8790711304405043,-2.0942282101386707,-2.1540671769443938,-1.1980412983870494,-2.1108104963676575,-3.122517722593814,-2.5299028616682016,-2.5299028616682016,-0.8929739399217717,-0.35104831086289523,-1.02785513400527,-1.3756412771369524
W000047,0.8950249863895748,0.8950249863895748,1.3952458330925601,0.4752938589458938,-0.01110229566850024,0.9133582037233209,0.6659384450128794,0.05783149319662344,-1.2233743055993611,-0.9824628082851223,-0.3417446634778312,-0.5554150192212055,-0.3334450648929684,-0.10925259832777806,0.05783149319662344,-0.0678561576404453,-0.12280063105399436,-0.5401885363157177,-0.40051506966299966,0.05783149319662344,0.05783149319662344,0.05783149319662344,1.745421784774565,0.28754684746260917,1.6010417202008032,-0.6926858996522587,-0.8518093255237896,0.05783162893652528,0.05783177618848179,0.1939436260755859,-0.12689709627356185,-2.0496700838838353,-0.05104110696430982,1.0954334726715977,0.4279384369269965,-0.05104110696430982,0.10050378152592128,0.8371495604469712,1.1608871293121108,0.0527964520840226,0.20698044043222086,-0.30457452576133043,-0.721309710434501,0.8572781476600603,-0.22159493728740007,0.3368695364824935,-0.16227072341265517,0.07138287781882369,0.44494660038230105,0.08160976973123231,0.08160976973123231,-2.024599237068398,-0.35104831086289523,-0.3424310214742595,2.178222086833646
W000048,0.8950249863895748,0.8950249863895748,1.465851546281562,0.5219314264678858,-0.07742577885781597,1.6200205750932073,1.2374148272242727,0.05783149319662344,2.436766409249136,0.6953670291348282,-0.42073607976895533,-0.36856843190715033,0.37847362259190437,-0.007915372273321156,0.05783149319662344,-0.0678561576404453,-0.12280063105399436,-0.312182795948819,0.9495357269538522,0.05783149319662344,0.05783149319662344,0.05783149319662344,0.004199560830374027,-1.1344267383949267,-0.8648972259059797,-0.8075678393250475,-0.9914883241108239,0.05783114879435415,0.05783174561634356,0.7329797514536086,-0.12573160885217521,-0.1453634581793873,1.3409890829714086,-0.5985358149648935,2.2725006650606017,1.3409890829714086,0.10050378152592128,-0.4953074811741076,-0.7034492356951195,-0.001139657774985366,1.4740446499170736,1.2656869941868385,-0.17073612132375646,0.30346619717967344,1.6510383355638705,2.116110046073127,0.873499851561739,0.5114022213484186,0.8789130517184578,-0.24482930919369691,-0.24482930919369691,-0.5393410345634508,-0.35104831086289523,-0.395155953207414,1.733989166337321
W000049,-1.1945275110179927,-1.1945275110179927,-1.0500870407653733,-0.5676397618117884,0.008104352684374587,-0.7590547021805847,-0.6292173554026417,0.05783149319662344,0.440326019331774,0.552757830258756,0.061582865806947516,0.39345906497719774,0.3693068619398272,0.18040113306618533,0.05783149319662344,-0.0678561576404453,-0.12280063105399436,-0.5401885363157177,0.9495357269538522,0.05783149319662344,0.05783149319662344,0.05783149319662344,-0.7364286867807552,0.8087323947199874,0.7176065051285355,-0.6808117973604976,0.09902223057473505,0.05783115716708997,0.057831571015130936,0.5135932570663785,-0.12713773644948292,-0.7416458018553223,0.4129689563475963,1.0954334726715977,0.4279384369269965,0.4129689563475963,0.10050378152592128,0.2766877930678135,0.6340094609405021,-1.0150818000054715,-0.2186424387975428,0.737680725336555,1.3228878186736968,-1.1989429336873108,0.7147216991382352,0.6927176384006203,0.873499851561739,1.3806092548097713,1.0891171366477053,0.08160976973123231,0.08160976973123231,0.3643875013522576,-0.35104831086289523,-0.11395631729725625,-0.48717543614430286
W000050,-0.49801001188213684,-0.49801001188213684,0.17241132808840043,0.46025742991972746,0.5903370804736423,-0.09176680046419151,0.015048275154335992,0.05783149319662344,0.7730660843180011,1.1145740325770175,0.23638618616827364,0.5808423900562513,-0.062357280906601614,-0.09681473105737112,0.05783149319662344,-0.0678561576404453,-0.12280063105399436,-0.6230997146309531,-0.40051506966299966,0.05783149319662344,0.05783149319662344,0.05783149319662344,-0.45802576974129683,-0.12619210615238816,0.0716132510312936,0.20477359418691096,-0.4782676317627918,0.05783151584629098,0.057831731276250437,0.2756892906166156,-0.12666147746281708,-0.6458794379927426,-0.2830461386202629,1.0954334726715977,0.05902599130027542,-0.2830461386202629,0.10050378152592128,0.17692922605857905,0.10713179256889363,0.682403643581339,-0.306961360606877,0.2364649619757039,0.8811984020992071,-0.7546555902011346,-1.1579115737130352,0.3368695364824935,0.873499851561739,-1.2571853505521262,0.7436323620240898,-0.24482930919369691,-0.24482930919369691,-0.15951309917858786,-0.35104831086289523,-0.24451329111268635,-0.04294251564797807
W000051,-0.1497512623142089,-0.1497512623142089,-0.37006081956238085,-0.33473436101612253,-0.18061218952486766,-0.511462341130244,-0.5705883767349357,0.05783149319662344,-1.2233743055993611,-1.1681659952746912,-0.5632584721679986,0.0446700686828901,-0.7584612552428738,-0.6560364070272048,0.05783149319662344,-0.0678561576404453,-0.12280063105399436,-0.5401885363157177,-0.40051506966299966,0.05783149319662344,0.05783149319662344,0.05783149319662344,0.49518253252171635,1.3109936172450471,-0.7244927799369482,-0.19241512747249828,3.271667272619134,0.05783137842020729,0.05783153864507415,0.20949812221384098,-0.12730655866719623,2.3119115492048623,-1.2110662652440751,-0.5985358149648935,-1.0477113455798879,-1.2110662652440751,0.10050378152592128,-0.37083599642849396,-0.5413330300423169,-0.21468973528445054,-1.727417430709553,-1.5467529184244992,1.3822927240912835,-1.258697246622214,-1.1579115737130352,-1.0865228711900135,-0.16227072341265517,-0.661204255275967,-0.823727823657375,-0.8977074670435554,-0.8977074670435554,0.4272555734159597,-0.35104831086289523,-0.3424310214742595,-0.9314083566406276
W000052,1.5915424855254308,1.5915424855254308,0.6803495509658637,-0.2510111489233104,-0.2149245045974992,-0.020577784669717027,-0.16970077048183302,0.05783149319662344,1.105806149304228,0.2910791053393876,-0.30646591623775504,-0.08071690543909901,-0.3021398772005992,-0.27959963902864393,0.05783149319662344,-0.0678561576404453,-0.12280063105399436,1.207855473163838,0.9495357269538522,0.05783149319662344,0.05783149319662344,0.05783149319662344,-0.09964415329718845,-1.2759477507818546,-0.9560502101529977,-0.6633717096194734,-0.9231894930185429,0.0578312908562855,0.05783120946612057,-0.08019929477224848,-0.1255092405035047,0.34892783762646834,0.8769790196595024,-0.5985358149648935,1.5346757738071597,0.8769790196595024,0.10050378152592128,0.5701334479716029,0.2287189468084956,1.1598652628144246,0.8270314563935448,0.21369705490810825,-0.7002592692274591,0.8361038920584176,0.7147216991382352,1.4044138422368737,0.873499851561739,-0.031545490816802794,0.6327588600344896,0.08160976973123231,0.08160976973123231,1.1277855192686335,-0.35104831086289523,-0.280119738516895,-0.48717543614430286
W000053,-0.1497512623142089,-0.1497512623142089,-0.5662299567630196,-0.5198438528426432,-0.20699973220618745,-0.47396093411705315,-0.48908566850004626,0.05783149319662344,0.440326019331774,0.08463512383682992,-0.21761439869582763,-0.3576256750277484,-0.31431628554259544,-0.1629866851097778,0.05783149319662344,-0.0678561576404453,-0.12280063105399436,1.7398688673532683,0.9495357269538522,0.05783149319662344,0.05783149319662344,0.05783149319662344,-0.5018337881373046,-0.3483903226961035,0.25830399633600637,1.0913237565455252,-0.7533645933932549,0.057831206071991645,0.057831113036752015,-0.09416181145651573,-0.12649776306220045,-0.9378351056268035,-0.747056201932169,-0.5985358149648935,-0.6787988999531667,-0.747056201932169,0.10050378152592128,-0.6716663764225768,-0.6223911328687182,-0.6938259955078239,-0.5889968074232558,-0.882702370947699,-0.5560795708090717,0.6910761581096677,-0.22159493728740007,-0.7306747692718867,-0.16227072341265517,0.20491005244878677,-0.5098090375993534,-0.24482930919369691,-0.24482930919369691,-0.7582566426424114,-0.35104831086289523,0.0688234460443465,-0.04294251564797807
W000054,-1.1945275110179927,-1.1945275110179927,-0.6326806981344926,0.12163932090370284,0.8860499613952462,-0.4048157938607858,-0.19944752464554247,0.05783149319662344,-0.557894175626907,-1.192326956295756,-0.8133015717246886,-0.549078963679344,-0.6667094855764658,-0.5830712151712668,0.05783149319662344,-0.0678561576404453,-0.12280063105399436,0.5021234196472476,0.9495357269538522,0.05783149319662344,0.05783149319662344,0.05783149319662344,0.24150276169034177,1.7770094028369883,2.3603064671566227,1.0401909035516288,0.4568520496072973,0.05783161869064371,0.05783177318129373,0.2026228455067462,-0.12743922200255053,-1.1501457074826238,-0.979061233588122,-0.5985358149648935,-1.0477113455798879,-0.979061233588122,0.10050378152592128,-0.4851049004572541,-0.2981587215631129,-0.6813550569019042,-0.7323470359284688,-0.7662079206513086,0.026368229521496218,0.10520251881092545,-0.22159493728740007,-1.0865228711900135,-1.1980412983870494,-0.5100115246476791,-0.8273591652029149,-1.2241465459684846,-1.2241465459684846,-0.5786335796032641,-0.35104831086289523,0.3429930910567509,-0.04294251564797807
W000055,0.198507487253719,0.198507487253719,0.47577412254188506,0.21530413462033593,0.012846152028927397,0.10609944531736222,0.024110260830849547,0.05783149319662344,0.107585954345547,-0.22713476740255548,-0.29658219249293355,-0.40762996947294516,-0.14020497713393024,-0.18779234032065795,0.05783149319662344,-0.0678561576404453,-0.12280063105399436,1.5878650404420032,0.9495357269538522,0.05783149319662344,0.05783149319662344,0.05783149319662344,0.0674610910490414,-0.1967210299337727,-0.22779945896773465,-0.6399945707325688,-0.2977536973350483,0.057831700345505305,0.0578318178640836,0.15829320799124075,-0.12661196094799837,-0.17100290847758956,-0.05104110696430982,1.0954334726715977,0.05902599130027542,-0.05104110696430982,0.10050378152592128,-0.8605598708374662,-0.3386877729763136,-1.2804332120392203,-0.07307830714939216,0.20347965491664308,0.45351724554999573,-0.3244589004638351,0.7147216991382352,0.3368695364824935,-0.16227072341265517,0.9639981145524767,0.9758166151159272,0.7344879275810907,0.7344879275810907,-0.1385570751573541,-0.35104831086289523,-0.3424310214742595,-0.04294251564797807
W000056,-0.49801001188213684,-0.49801001188213684,-0.6197324910555599,-0.41180752497426,-0.2819872389089348,-0.1563829616609769,-0.07048751001405543,0.05783149319662344,2.7695064742353632,1.4025161136830513,-0.22826852945407938,-0.051900056577616566,-0.1324085807297776,-0.2333586598064883,0.05783149319662344,-0.0678561576404453,-0.12280063105399436,0.42548283464997105,0.9495357269538522,0.05783149319662344,0.05783149319662344,0.05783149319662344,-0.683833635026261,-0.9788568210898014,-1.603451630171162,-0.5989547046866694,0.4599600770771696,0.05783115547824973,0.057831455568448056,0.37719714769978335,-0.12591960725359932,2.438456935999917,0.6449739880035493,2.789402760308089,0.05902599130027542,0.6449739880035493,0.10050378152592128,1.8253872249594354,2.3767586717081306,0.4548427347388543,0.8298779032916075,0.285379758785238,-0.6096012282768941,0.7449126190323078,-0.22159493728740007,0.6927176384006203,-0.16227072341265517,0.5019956377998794,1.2797446328782225,0.7344879275810907,0.7344879275810907,0.19512730733460038,1.8430036320302,0.1906766216054152,0.4012904048483467
W000057,-0.49801001188213684,-0.49801001188213684,-0.7379017276748763,-0.5418991163138789,0.1307393708249273,-0.7599134794253346,-0.6684087017671848,0.05783149319662344,0.107585954345547,0.09065839704715789,-0.08598455555609753,-0.16474507152128764,-0.0603614644014224,-0.0476749369715749,0.05783149319662344,-0.0678561576404453,-0.12280063105399436,1.0811856174044505,0.9495357269538522,0.05783149319662344,0.05783149319662344,0.05783149319662344,-0.570407054802722,0.5337789781242136,0.1518558115170195,0.498286560211381,0.06460212511535623,0.0578311945980336,0.05783164095153005,0.5525674396198144,-0.1270232995561815,-0.4799633139954615,-0.05104110696430982,-0.5985358149648935,0.05902599130027542,-0.05104110696430982,0.10050378152592128,0.5922876232424851,-0.2576296701499123,1.6477508995774715,-0.10383574724234741,-0.8567968371110708,-1.3524963949837305,1.4921773433371444,0.7147216991382352,-0.018978565435633234,0.873499851561739,0.4478039896160426,-0.023930295313685873,-0.40804884865616153,-0.40804884865616153,-0.515765507539563,-0.35104831086289523,0.14715763033360518,-0.04294251564797807
W000058,0.198507487253719,0.198507487253719,-0.007113626990299046,-0.18340138450785742,-0.6591917651310699,0.37404746059165817,0.3195474034097256,0.05783149319662344,-0.22515411064068,0.24252558973120772,0.1872828494799317,0.34234766317012166,0.01337233968271082,0.04356087486536529,0.05783149319662344,-0.0678561576404453,-0.12280063105399436,0.8278459058856741,0.9495357269538522,0.05783149319662344,0.05783149319662344,0.05783149319662344,-0.33031436743984627,0.2155516111367032,-0.28873984268374536,0.06666294190586451,0.11711871661838869,0.057831199869547184,0.05783157469559812,0.46680574758933374,-0.12686613586490822,0.01187195133168089,-0.05104110696430982,-0.5985358149648935,-0.6787988999531667,-0.05104110696430982,0.10050378152592128,-0.7707771605291546,-0.3386877729763136,-1.1034693445373167,-0.14068142097838118,0.1701725399838353,0.5155253693551564,-0.3868317433850335,-0.22159493728740007,-1.0865228711900135,-1.1980412983870494,0.1840886240813068,-1.1071027718711501,-1.06092700650602,-1.06092700650602,0.6158597896070634,-0.35104831086289523,0.7999424994107581,-0.48717543614430286
W000059,0.198507487253719,0.198507487253719,0.06687615779574975,-0.12231030157629773,0.0823942597864032,-0.19642193405873487,-0.3723128597816386,0.05783149319662344,0.440326019331774,0.31970855603430354,-0.07741214333319568,-0.19915292749960592,-0.20682835844757091,-0.1123190842702686,0.05783149319662344,-0.0678561576404453,-0.12280063105399436,0.3718344251518765,0.9495357269538522,0.05783149319662344,0.05783149319662344,0.05783149319662344,-0.3254205925734063,-0.0525734867898847,0.24558470903401733,-0.20265654069914224,0.009866575507165186,0.057831192322424806,0.05783180171666856,0.7480539478415813,-0.1267185952375062,0.1944510528852681,-0.2830461386202629,-0.5985358149648935,0.05902599130027542,-0.2830461386202629,0.10050378152592128,0.5215497302722996,0.9987709236593081,-0.013176762843844711,0.11802897486776162,-0.4584791413808021,-0.8670437212405088,1.0038693361443498,-0.22159493728740007,-0.37482666735375997,1.9092704265361333,-0.5459225979610643,-0.8562141144162461,-0.7344879275810907,-0.7344879275810907,-0.36907333939092624,-0.35104831086289523,-0.24451329111268635,-0.04294251564797807
W000060,-0.8462687614500647,-0.8462687614500647,-0.4986849455302801,-0.029963679476498317,-0.16799438628775665,-0.09332289519330637,0.006432061965129374,0.05783149319662344,1.105806149304228,0.6335349708576168,-0.13625993613545936,-0.36008471055642727,0.3252421583386904,0.09487519373623249,0.05783149319662344,-0.0678561576404453,-0.12280063105399436,-0.312182795948819,-0.40051506966299966,0.05783149319662344,0.05783149319662344,0.05783149319662344,-0.5737096217994792,0.12209241050147163,-0.026866775405889175,0.08944637567818114,0.17645648982229295,0.05783120833443576,0.05783176844389116,0.6889612940580044,-0.1268200809752439,0.23669531489458961,0.18096392469164324,-0.5985358149648935,0.7968508825537176,0.18096392469164324,0.10050378152592128,0.1678602654213756,0.6745385123537029,-0.3738867652983514,0.1587489791039363,0.039679447179453195,-0.11810630513131287,0.2505268231605919,0.7147216991382352,0.6927176384006203,0.873499851561739,0.2145324679805749,0.3498422429209499,0.7344879275810907,0.7344879275810907,-0.2928696156773486,-0.35104831086289523,-0.4185892561999271,0.4012904048483467
W000061,0.5467662368216469,0.5467662368216469,-0.8638904143756571,-0.96088770532976,-0.6729194999214135,-0.8374364339879141,-0.822352743733393,0.05783149319662344,0.7730660843180011,-0.19662472801584674,-0.474544559426374,-0.3951205506856705,-0.5665301692415069,-0.49912060580056444,0.05783149319662344,-0.0678561576404453,-0.12280063105399436,-1.0376556062071332,-0.40051506966299966,0.05783149319662344,0.05783149319662344,0.05783149319662344,-0.5675003430089286,-0.5502359432100358,-0.12060712142630914,-0.40021191757831776,-0.7455107435780101,0.05783137513844089,0.057831747643703614,0.4640231659374627,-0.1263511265869508,-0.5958865157226162,-0.05104110696430982,-0.5985358149648935,0.05902599130027542,-0.05104110696430982,0.10050378152592128,0.6657462044038303,0.06660274115569298,2.2327438715034593,-0.6304284233839461,-0.09885884246860228,1.0250578350139297,-0.8993611749099569,-0.22159493728740007,-0.018978565435633234,-0.16227072341265517,0.1840886240813068,-0.023930295313685873,0.08160976973123231,0.08160976973123231,-0.1385570751573541,-0.35104831086289523,0.14715763033360518,-0.04294251564797807
W000062,0.198507487253719,0.198507487253719,0.547556348111505,0.27457250400357053,-0.3310639498661909,0.6863071930760272,0.5924976305696273,0.05783149319662344,-1.2233743055993611,-1.0150285213810453,-0.38059028189467803,-0.02827123169402342,-0.47893247970660374,-0.304669964239517,0.05783149319662344,-0.0678561576404453,-0.12280063105399436,1.2838573866194718,-0.40051506966299966,0.05783149319662344,0.05783149319662344,0.05783149319662344,1.0737982788543468,0.7835743837400291,0.11558695267570408,-0.06862761108088868,0.5155118192446039,0.05783147408416797,0.057831495243019164,0.04275744130005843,-0.12711637195923225,-0.05303791941098073,-0.747056201932169,-0.5985358149648935,-0.6787988999531667,-0.747056201932169,0.10050378152592128,1.8352534568614478,1.4040614377913145,0.8264930960456109,-0.5233703928290325,-0.6796416026133831,-0.23053499388827448,0.3636167944957791,0.7147216991382352,-0.7306747692718867,0.873499851561739,0.8161857871404309,-0.5098090375993534,0.40804884865616153,0.40804884865616153,0.319481735592471,-0.35104831086289523,0.0688234460443465,-0.04294251564797807
W000063,-0.1497512623142089,-0.1497512623142089,-0.5074400055576743,-0.4643683680267169,0.267762744049281,-0.7117574353765486,-0.6164218647613144,0.05783149319662344,-1.888854435571815,-0.05265648203493732,2.1898453745732978,0.11899688076464342,1.189799587421122,2.2679600146601993,0.05783149319662344,-0.0678561576404453,-0.12280063105399436,0.06782677132934505,-0.40051506966299966,0.05783149319662344,0.05783149319662344,0.05783149319662344,-0.44492530592595786,1.1663510695851005,0.18108384075372347,3.5041413422313834,2.387837447883743,0.05783139597812769,0.0578306231058246,-0.9092891158243637,-0.12722474306951648,1.7141730896726606,-1.2110662652440751,-0.5985358149648935,-1.4166237912066089,-1.2110662652440751,0.10050378152592128,-0.10964993007704188,0.10713179256889363,-0.618094257848792,-1.255381653447489,-0.9563159220673104,1.0472226908894449,-0.9216563999394785,-1.1579115737130352,-1.4423709731081402,-1.1980412983870494,-0.6348681963216433,-1.2236265878292203,0.7344879275810907,0.7344879275810907,-1.0815781561128763,-0.35104831086289523,0.7999424994107581,-0.48717543614430286
W000064,0.198507487253719,0.198507487253719,-0.8985434398555676,-0.9194274830144356,-0.6960850620007144,-0.8238383854353554,-0.7335746908568365,0.05783149319662344,-1.2233743055993611,-1.4557409548639362,-0.9062887971462812,-0.8792614532357306,-0.7020099467924631,-0.5204889487279032,0.05783149319662344,-0.0678561576404453,-0.12280063105399436,0.3718344251518765,-0.40051506966299966,0.05783149319662344,0.05783149319662344,0.05783149319662344,0.5122480530137067,1.2601831165791744,1.0069674291229316,-0.06083523145192045,0.5039334524064665,0.057831288146242305,0.057831805541947175,0.6377473601217839,-0.12730034641560628,-0.5842705718898995,-0.747056201932169,-0.5985358149648935,-0.6787988999531667,-0.747056201932169,0.10050378152592128,-0.7066466531660749,-0.46027492721591556,-0.8350691267982384,-0.5747645729329424,-0.9472248496339595,-0.7444438164760794,0.8805483237871058,-0.22159493728740007,-0.7306747692718867,-1.1980412983870494,-0.3371833581626245,-0.5098090375993534,0.08160976973123231,0.08160976973123231,-0.21938745352497002,-0.35104831086289523,0.0688234460443465,-0.48717543614430286
W000065,-0.1497512623142089,-0.1497512623142089,-0.5700008624450423,-0.5234021619858957,-0.38782468742106035,-0.6580236432978949,-0.5486198891166585,0.05783149319662344,-0.22515411064068,0.4460613811622065,0.33902360947823945,-0.004940254254361406,0.33676183792850534,0.4818167921960547,0.05783149319662344,-0.0678561576404453,-0.12280063105399436,1.3978602568029206,0.9495357269538522,0.05783149319662344,0.05783149319662344,0.05783149319662344,-0.5690082993581812,0.13591529305657174,-0.22210955276693486,-0.3576877887459483,0.413650531370197,0.057831241531994766,0.057831204595190575,-0.02689955206132715,-0.12681067216302974,0.5969131806813398,-1.6750763285559813,-0.5985358149648935,-1.4166237912066089,-1.6750763285559813,0.10050378152592128,-0.43069113663403513,-0.5413330300423169,-0.6295487868603031,-1.8680002802860938,-1.5164225263238507,2.6525303508639873,-2.5364061516076113,-0.22159493728740007,-1.4423709731081402,-1.1980412983870494,0.476772913741596,-1.160608135346119,-1.06092700650602,-1.06092700650602,1.936089302944795,4.037055574923295,-1.02785513400527,-1.8198741976332773
W000066,0.8950249863895748,0.8950249863895748,1.5307239851772227,0.5647819638063277,0.0609781340433777,0.5455977620720095,0.5499360449339326,0.05783149319662344,1.771286279276682,0.36368931533299437,-0.42694628645084,-0.119280021574496,-0.41313582272389954,-0.3912063590634092,0.05783149319662344,-0.0678561576404453,-0.12280063105399436,-0.14932155282960524,0.9495357269538522,0.05783149319662344,0.05783149319662344,0.05783149319662344,0.16534701416894923,-1.1047905980171249,-0.6046727431209107,-0.5229604500193983,-0.5399622888746586,0.057831347710772606,0.05783160788186479,0.3293340373735145,-0.12576199010740166,0.911130696583669,1.5729941146273616,-0.5985358149648935,1.1657633281804387,1.5729941146273616,0.10050378152592128,0.12464933532646615,0.02607368974249232,0.5724127210784145,1.4518265505183066,1.6812214111625683,0.21716158468318245,-0.08671304388697401,0.7147216991382352,1.048565740318747,-0.16227072341265517,0.18056376151576192,0.4735439546808409,0.08160976973123231,0.08160976973123231,-0.17184017213225478,-0.35104831086289523,0.46761565697148,1.2897562458409964
W000067,1.2432837359575029,1.2432837359575029,0.5163987384619785,-0.23396562341407828,-0.37500641360051007,0.35181650016642046,0.1639542430767443,0.05783149319662344,-2.221594500558042,-1.4447042707183566,-0.18327098970411124,0.33469306982413116,-0.6842097089214574,-0.48370863975413153,0.05783149319662344,-0.0678561576404453,-0.12280063105399436,-1.452211497783312,-1.7505658662798516,0.05783149319662344,0.05783149319662344,0.05783149319662344,3.172715380281404,1.2040999195067554,1.0764369478884308,-0.46574211960097445,0.8826379746603835,0.05783122649228939,0.057831685495150484,0.5677340880723953,-0.12728066867789503,0.006113261729791077,-1.2110662652440751,-0.5985358149648935,-1.0477113455798879,-1.2110662652440751,0.10050378152592128,-0.7136427085147742,-0.1360425159103103,-1.3458499090630007,-0.9754810418046574,-1.2161757801179602,-0.5686516724486068,0.7037222062825832,-1.1579115737130352,-1.0865228711900135,-0.16227072341265517,-0.3328489577771378,-0.823727823657375,0.40804884865616153,0.40804884865616153,-1.0815781561128763,-0.35104831086289523,-0.3424310214742595,-0.9314083566406276
W000068,1.2432837359575029,1.2432837359575029,0.05626938259814909,-0.5102671619634928,-0.33178778087071376,-0.5263623021503148,-0.49232369321738173,0.05783149319662344,0.440326019331774,-0.5241508688005488,-0.5807059161125556,-0.42111504944171657,-0.48953506051758483,-0.3678506408817591,0.05783149319662344,-0.0678561576404453,-0.12280063105399436,0.3718344251518765,-0.40051506966299966,0.05783149319662344,0.05783149319662344,0.05783149319662344,0.0487892874853094,-0.968685853762421,-0.6436320002664271,-0.6725741388955884,-1.0271225797893666,0.05783149738564974,0.057831392336630184,-0.10856629410817903,-0.12591908946211103,-0.5806782144446831,0.6449739880035493,-0.5985358149648935,0.4279384369269965,0.6449739880035493,0.10050378152592128,0.6701411622510912,0.9987709236593081,0.8569472455843742,0.33348919145722955,0.17395378250036178,-0.16696293396991452,0.29967081670867446,-0.22159493728740007,0.3368695364824935,0.873499851561739,-0.18314575711514394,0.18529759190783954,-0.7344879275810907,-0.7344879275810907,1.500848804042246,1.8430036320302,0.6857051473222562,-0.9314083566406276
W000069,-0.1497512623142089,-0.1497512623142089,-0.12797887268637612,-0.10630053699028025,-0.10310645900224459,-0.39224995790546147,-0.3064939873599445,0.05783149319662344,-0.22515411064068,-0.09021072422457799,-0.06077996445421159,-0.09414336634190365,-0.07634356351914769,-0.0040868076918767395,0.05783149319662344,-0.0678561576404453,-0.12280063105399436,-0.8821971468660655,-0.40051506966299966,0.05783149319662344,0.05783149319662344,0.05783149319662344,-0.2707010631334956,-0.1324349979334514,-0.2675944568630668,-0.765192136771325,0.04321659990639057,0.057831491139949905,0.057831128234429735,-0.41773727280055595,-0.12663815558241673,0.3683276893165148,-0.2830461386202629,1.0954334726715977,0.05902599130027542,-0.2830461386202629,0.10050378152592128,-0.6755530738385213,-1.1897978526535273,0.3485765767239806,-0.5973780121786626,-0.5933166404807678,0.09792401495436188,0.03322585686690191,0.7147216991382352,0.3368695364824935,-0.16227072341265517,0.9943674412262054,0.9704464965297269,-0.24482930919369691,-0.24482930919369691,0.4691676214584272,1.8430036320302,-0.24451329111268635,-0.48717543614430286
W000070,-0.49801001188213684,-0.49801001188213684,-0.5601713599664442,-0.34623714010046847,0.23356028033700563,-0.7422813762567776,-0.7405474135202696,0.05783149319662344,-0.890634240613134,0.4969658451038057,0.9580851404869808,0.439814450544644,0.38204573820879006,0.841490636079846,0.05783149319662344,-0.0678561576404453,-0.12280063105399436,-1.452211497783312,-1.7505658662798516,0.05783149319662344,0.05783149319662344,0.05783149319662344,-0.5734465639997268,1.3994093959165115,0.9953243011426229,0.1955711649107961,1.3257447849737145,0.05783126944299484,0.057831514053460015,0.3106767597498667,-0.1273362083249113,0.36551048005325587,-0.05104110696430982,-0.5985358149648935,0.05902599130027542,-0.05104110696430982,0.10050378152592128,-0.8034254188230859,-0.8655654413479221,0.364962064289233,0.11454998421457388,0.4137006484418283,0.4440274908972631,-0.3149133290129795,0.7147216991382352,-0.018978565435633234,0.873499851561739,0.3204555490319798,-0.023930295313685873,0.08160976973123231,0.08160976973123231,-1.458786588495085,-0.35104831086289523,-0.3424310214742595,1.2897562458409964
W000071,-1.5427862605859206,-1.5427862605859206,-0.49714744999172966,0.9677557395196226,-0.33088894103887767,0.5267617436469382,1.343208704025562,0.05783149319662344,2.436766409249136,0.1721627299674025,-0.6157666869950112,-0.2579702879835032,-0.5035870405917539,-0.5046248130594277,0.05783149319662344,-0.0678561576404453,-0.12280063105399436,-0.027175620490195708,-0.40051506966299966,0.05783149319662344,0.05783149319662344,0.05783149319662344,-0.49399569053683323,-0.5497308185082574,-0.3503442395982397,-0.8204809255673376,-0.8820275551239327,0.05783148486604005,0.057831609576346615,0.166916054212274,-0.12634444199363765,-0.9383108327127897,-0.05104110696430982,-0.5985358149648935,0.4279384369269965,-0.05104110696430982,0.10050378152592128,0.061753425966098514,0.39083515246129824,0.1786436187343254,-0.7390678133266724,-0.060161445650533364,1.3149685495207668,-1.1909770850111203,-0.22159493728740007,0.3368695364824935,-0.16227072341265517,0.45829713882707035,0.17601908677223763,0.40804884865616153,0.40804884865616153,0.05004714103375049,-0.35104831086289523,-0.3424310214742595,-0.04294251564797807
W000072,-0.8462687614500647,-0.8462687614500647,-0.4213017144513116,0.07226503549603014,-0.5015335219396757,0.23052319071802685,0.4289141625443577,0.05783149319662344,-1.556114370585588,-0.7823258904820354,0.21282256950062572,1.1937479670456157,-0.5710874362176233,-0.4210327040196076,0.05783149319662344,-0.0678561576404453,-0.12280063105399436,-0.312182795948819,-0.40051506966299966,0.05783149319662344,0.05783149319662344,0.05783149319662344,-0.05667546934167532,1.9426861283931947,0.9771898717219653,-0.2519340652099509,1.950072266952486,0.05783117339537779,0.057830541870372426,-0.7398132067552167,-0.12745240681772474,0.5426492093441482,-0.979061233588122,-0.5985358149648935,-1.0477113455798879,-0.979061233588122,0.10050378152592128,-0.21303608134115817,-0.7034492356951195,-0.1631183866020919,-0.5423467054827839,-1.157928554969765,-1.380646022246179,1.5204925409562169,-0.22159493728740007,-1.0865228711900135,-0.16227072341265517,0.3108767190993939,-0.8273591652029149,-1.06092700650602,-1.06092700650602,-0.264293219284757,-0.35104831086289523,0.3429930910567509,-1.3756412771369524
W000073,0.198507487253719,0.198507487253719,-0.4784059485752522,-0.5725329164647193,-0.28850802906060063,-0.6316974433261031,-0.5902768317036846,0.05783149319662344,-0.22515411064068,-0.7273009632683922,-0.5357458482446561,-0.44916202684315365,-0.5439006266089713,-0.43813357810521975,0.05783149319662344,-0.0678561576404453,-0.12280063105399436,0.2578315549684276,-0.40051506966299966,0.05783149319662344,0.05783149319662344,0.05783149319662344,-0.13807421978492132,0.05366699044486691,-0.7233250325878907,0.05330457682763325,-0.13486499165759466,0.05783154384756314,0.05783170798417785,0.21418837329641138,-0.1267702353902119,-0.21690397789549093,-0.05104110696430982,-0.5985358149648935,0.4279384369269965,-0.05104110696430982,0.10050378152592128,0.19234645914182397,-0.8250363899347215,1.2608207648735257,0.5107595788310231,-0.5139105476337116,-1.469614154785287,1.6099839658748392,-0.22159493728740007,-0.018978565435633234,-0.16227072341265517,-0.042797533288077526,-0.3073052435274602,0.7344879275810907,0.7344879275810907,-1.0815781561128763,-0.35104831086289523,-0.3424310214742595,0.8455233253446716
W000074,0.198507487253719,0.198507487253719,-0.42273879652761776,-0.5265702661861769,-0.4158904604464167,-0.5301596717260144,-0.4561501801978214,0.05783149319662344,-0.890634240613134,-1.0475261578884483,-0.577188753751288,-0.28288498471619167,-0.6848388663930469,-0.5073599642666886,0.05783149319662344,-0.0678561576404453,-0.12280063105399436,1.5878650404420032,0.9495357269538522,0.05783149319662344,0.05783149319662344,0.05783149319662344,0.2300373910950493,0.2357991796454897,0.7573557090101791,-0.616023726731076,-0.5890548367882329,0.0578314869949567,0.05783125460403208,-0.26124975134468087,-0.1268578822516484,-1.3777488034628815,-0.747056201932169,1.0954334726715977,-0.3098864543264456,-0.747056201932169,0.10050378152592128,0.5409832173520209,0.9987709236593081,2.009612370626706,-0.8058802474617551,-1.150687877810459,-0.7965258623492124,0.9329367056137673,0.7147216991382352,-0.018978565435633234,-0.16227072341265517,0.37380033316110034,0.7608117218776759,-0.7344879275810907,-0.7344879275810907,-0.21938745352497002,-0.35104831086289523,-0.5709057256512629,-0.9314083566406276
W000075,1.5915424855254308,1.5915424855254308,0.9285494047681461,-0.11439050688845417,-0.36378496856369286,0.5591107766833687,0.2986077964809242,0.05783149319662344,0.107585954345547,0.23976565407823133,0.012826997031108667,-0.47137260645549384,0.4275694378903921,0.4742400286042936,0.05783149319662344,-0.0678561576404453,-0.12280063105399436,1.0811856174044505,-0.40051506966299966,0.05783149319662344,0.05783149319662344,0.05783149319662344,0.010852828601274976,-0.5321234389693889,-0.0619449898913028,-0.5553915919037709,-0.5350034409679852,0.05783117604147826,0.05783182856132291,0.7997617110985148,-0.12637365655649865,-0.13969420615112352,-0.5150511702762159,-0.5985358149648935,0.05902599130027542,-0.5150511702762159,0.10050378152592128,1.1473080142393202,-0.8250363899347215,3.9000808632661927,-0.6262378210062427,-0.502003656305075,0.33647362060697394,-0.206726848830767,0.7147216991382352,-0.018978565435633234,-1.1980412983870494,0.6071430739348207,0.00413450509254711,0.40804884865616153,0.40804884865616153,0.28580241127263106,-0.35104831086289523,-0.6361842125589785,-0.48717543614430286
W000076,0.5467662368216469,0.5467662368216469,0.911900759985015,0.34241540112170843,-0.34460417131812243,0.3448739220452805,0.44861766839155903,0.05783149319662344,0.7730660843180011,0.2411844251812509,-0.2371648447217627,-0.11340286378237062,0.11924365458899336,-0.027806867969617642,0.05783149319662344,-0.0678561576404453,-0.12280063105399436,0.2060120685214047,0.9495357269538522,0.05783149319662344,0.05783149319662344,0.05783149319662344,0.004166800667816955,-0.3815103495997166,-0.27365071517337486,0.023396681680259948,-0.7879631893924646,0.057831150609199175,0.05783180126530826,0.7975270770490785,-0.12649406042052427,-0.97079156529241,0.4129689563475963,1.0954334726715977,0.4279384369269965,0.4129689563475963,0.10050378152592128,-0.17222575847374383,-0.37921682438951426,0.047785296641156105,0.5700605558739958,0.4971293397107212,-0.049710857324573386,0.18172908730295903,-0.22159493728740007,0.6927176384006203,-1.1980412983870494,0.13400716655955675,1.1721346556563104,0.7344879275810907,0.7344879275810907,0.8358980418300187,-0.35104831086289523,-0.47951584398046176,0.8455233253446716
W000077,-0.1497512623142089,-0.1497512623142089,-0.6968964493844279,-0.6431436154508868,-0.99532344540453,0.03708776075293029,0.12812020666168977,0.05783149319662344,-0.557894175626907,-0.6497423794079795,-0.35100480468880024,0.03020445951330287,-0.4669994034440857,-0.43768892097775147,0.05783149319662344,-0.0678561576404453,-0.12280063105399436,1.1535683921241005,0.9495357269538522,0.05783149319662344,0.05783149319662344,0.05783149319662344,-0.32771924423111976,0.9464976711829189,0.539582276914377,0.5742808148786521,0.32848066354724714,0.05783121092787752,0.057831780167975175,0.6999089714646772,-0.1271940645083511,-0.5208113843229266,0.4129689563475963,-0.5985358149648935,1.1657633281804387,0.4129689563475963,0.10050378152592128,0.038627576341230534,0.14766084398209428,-0.4624716484094751,-0.2784178236568594,0.38803647051051027,1.023805165605061,-0.8981011375555434,0.7147216991382352,1.048565740318747,-0.16227072341265517,0.6310528491556708,0.505636715369902,0.08160976973123231,0.08160976973123231,0.5215576815115116,-0.35104831086289523,-0.47951584398046176,-0.04294251564797807
W000078,-0.8462687614500647,-0.8462687614500647,-0.8088558654669621,-0.4397213766527256,-0.5230956272105335,-0.6001675229089016,-0.4961393599833811,0.05783149319662344,-0.22515411064068,-1.0831881350821106,-0.8010681758067326,-0.6269093105143023,-0.640205884709287,-0.5647319338234621,0.05783149319662344,-0.0678561576404453,-0.12280063105399436,0.8278459058856741,0.9495357269538522,0.05783149319662344,0.05783149319662344,0.05783149319662344,-0.10146185442986207,0.7026187069198823,2.1813663586686936,-0.29980154007361287,0.16269133728397794,0.057831296951531865,0.057831233820770545,-0.05830619488730812,-0.1270808912605491,-0.5139643925452816,-0.747056201932169,1.0954334726715977,-0.6787988999531667,-0.747056201932169,0.10050378152592128,2.861341574670723,2.295700568881729,1.7692193918268013,-0.6830086230287155,-0.8998386402247233,-0.3977849107958949,0.5318504412456992,-1.1579115737130352,-0.7306747692718867,-0.16227072341265517,-1.090655831119014,-0.8452263462859656,-0.5712683881186261,-0.5712683881186261,0.319481735592471,-0.35104831086289523,0.0688234460443465,-0.9314083566406276
W000079,0.8950249863895748,0.8950249863895748,-0.7332439571190642,-0.9306488307786442,-0.7906749065096471,-0.6000120956454966,-0.6174707468530944,0.05783149319662344,-0.890634240613134,-0.8845235196625676,-0.41515897653306644,-0.15273979215535696,-0.6378693351410494,-0.6105287703379876,0.05783149319662344,-0.0678561576404453,-0.12280063105399436,0.06782677132934505,-0.40051506966299966,0.05783149319662344,0.05783149319662344,0.05783149319662344,-0.211383972475866,0.06328218174429377,0.26481819478319973,-0.6256714348431319,0.13578688073744527,0.05783122470753505,0.05783140135819435,0.22919266690382648,-0.12677618076962882,0.2490669549353393,1.1089840513154554,-0.5985358149648935,0.7968508825537176,1.1089840513154554,0.10050378152592128,-0.4252497602517129,-0.7034492356951195,0.13996453406466122,1.5654472225326426,0.9777493991517685,-0.532290035988423,0.6671466981053781,0.7147216991382352,0.3368695364824935,-0.16227072341265517,-1.049658399280777,-0.23114929415703436,0.7344879275810907,0.7344879275810907,-0.8301058678580701,-0.35104831086289523,0.7999424994107581,1.733989166337321
W000080,0.5467662368216469,0.5467662368216469,-0.26607864102279954,-0.5221368248583859,-0.4462237604062069,-0.3833402749010483,-0.4135319397887598,0.05783149319662344,0.440326019331774,3.1180712129857975,1.5915844427956154,-0.056590422167818746,3.786338977284851,3.1189083787107967,0.05783149319662344,-0.0678561576404453,-0.12280063105399436,-0.08417705558192015,0.9495357269538522,0.05783149319662344,0.05783149319662344,0.05783149319662344,-0.7112216717139668,-0.5673613184349819,-0.2151946566999669,-0.49513052277308317,-0.8124976192603423,0.05783117604147826,0.05783127321700279,0.13390164743346963,-0.12632849047196262,-0.7323052139430489,0.8769790196595024,-0.5985358149648935,1.1657633281804387,0.8769790196595024,0.10050378152592128,0.6051137247151012,-0.2981587215631129,1.0173362959511445,1.2091669524584618,1.1085642998298975,-0.07412148254551996,0.20628329083439523,0.7147216991382352,1.048565740318747,0.873499851561739,-0.031545490816802794,0.48993787283025886,0.08160976973123231,0.08160976973123231,-0.21938745352497002,-0.35104831086289523,0.0688234460443465,1.2897562458409964
W000081,-0.8462687614500647,-0.8462687614500647,-0.9836655277929653,-0.670657289966196,-0.5887559729057507,-0.5083338422182877,-0.3275459774435813,0.05783149319662344,0.440326019331774,0.4368731745186055,-0.007532941729493838,0.029736695014092804,-0.1530551219814516,-0.20891044678166495,0.05783149319662344,-0.0678561576404453,-0.12280063105399436,0.3718344251518765,-0.40051506966299966,0.05783149319662344,0.05783149319662344,0.05783149319662344,-0.7050647895529879,0.5574206068666854,-0.7265420620495099,-0.5854479133297912,1.5230406143827913,0.05783116588022677,0.05783164095153005,0.5870001963654153,-0.12703459363121755,1.5104978868141439,-0.5150511702762159,1.0954334726715977,-0.3098864543264456,-0.5150511702762159,0.10050378152592128,1.0860925299381985,1.2014161807253114,-0.011686755233456303,-0.5221053053187824,-0.8809324276420909,-0.6864918388431301,0.8222554844612372,-0.22159493728740007,-0.018978565435633234,1.9092704265361333,0.36210412650997775,0.7083902231183454,-0.24482930919369691,-0.24482930919369691,0.28580241127263106,-0.35104831086289523,-0.11395631729725625,-0.9314083566406276
W000082,0.198507487253719,0.198507487253719,-0.1045045983665349,-0.2638141053494598,-0.13203900924263676,-0.38500363483405126,-0.2911579302150946,0.05783149319662344,0.7730660843180011,-0.03703433947149049,-0.3880147995398726,0.1281115321906808,-0.5395481773249108,-0.5172941420601279,0.05783149319662344,-0.0678561576404453,-0.12280063105399436,0.2060120685214047,-0.40051506966299966,0.05783149319662344,0.05783149319662344,0.05783149319662344,-0.2799594943836187,-0.3576184582316517,0.3955715523673737,0.4661522708843025,-0.9155312304152862,0.05783128720778876,0.0578317119542679,0.5266605671738283,-0.1265063359676938,-1.3299395262733564,-0.747056201932169,-0.5985358149648935,-0.6787988999531667,-0.747056201932169,0.10050378152592128,-0.3801640702267601,-0.8655654413479221,1.3519160106607173,-0.475138931500748,-1.003219419665926,-1.0825334379007743,1.220626519293727,0.7147216991382352,-0.7306747692718867,-0.16227072341265517,0.03955287831556987,-0.5098090375993534,0.7344879275810907,0.7344879275810907,-1.835995020877294,-0.35104831086289523,-0.5709057256512629,0.8455233253446716
W000083,0.198507487253719,0.198507487253719,0.352260498968603,0.1133227456662815,0.4635138117079576,-0.11993958309659916,-0.007643873890366667,0.05783149319662344,0.107585954345547,-0.3254683275204075,-0.36174663814193003,-0.03570653236021328,-0.44507384722176707,-0.4317991132690011,0.05783149319662344,-0.0678561576404453,-0.12280063105399436,-0.43885265170820664,-0.40051506966299966,0.05783149319662344,0.05783149319662344,0.05783149319662344,0.06976705946741436,-0.06380228140827762,0.7565428652672078,-0.24829762138309902,-0.8560389878462906,0.05783151584629098,0.057831817888532276,0.3795377633842584,-0.1267035425278818,-1.604502180260157,0.18096392469164324,-0.5985358149648935,0.4279384369269965,0.18096392469164324,0.10050378152592128,0.6204838463145167,0.5934804095273015,-0.14241955666108086,0.06750454242714876,0.3259275508773518,0.4017797298601538,-0.2724170752766163,-0.22159493728740007,0.3368695364824935,-0.16227072341265517,-0.7135963913021045,0.1680700773882933,-0.40804884865616153,-0.40804884865616153,0.7358806544559486,-0.35104831086289523,-0.4185892561999271,-0.9314083566406276
W000084,-0.49801001188213684,-0.49801001188213684,-1.0309100534128757,-0.864469697808038,-0.4781013901234077,-0.8349991349187135,-0.665610528712945,0.05783149319662344,-1.2233743055993611,-1.1070215045869962,-0.49032300330384476,-0.11028406675443424,-0.7902968320740742,-0.8150365024637449,0.05783149319662344,-0.0678561576404453,-0.12280063105399436,-0.5401885363157177,-0.40051506966299966,0.05783149319662344,0.05783149319662344,0.05783149319662344,-0.3038487750260991,-0.32562008227694406,1.243951449961072,-0.1839548295896185,-0.9284333281006993,0.05783248120467665,0.05783081134376055,-1.9847817284849953,-0.12643072291361437,-1.4120659938107423,-1.2110662652440751,1.0954334726715977,-1.0477113455798879,-1.2110662652440751,0.10050378152592128,0.2821291694501363,-0.46027492721591556,1.1844007577025226,-1.393671531911702,-1.485207162570398,-0.16620164905228943,0.2989050540686935,-1.1579115737130352,-0.7306747692718867,0.873499851561739,-0.8339436298922862,0.14697703332847503,0.7344879275810907,0.7344879275810907,0.05004714103375049,-0.35104831086289523,-0.3424310214742595,-0.9314083566406276
W000085,-0.49801001188213684,-0.49801001188213684,-0.8079279020412,-0.6189903857454322,-0.36021502571908187,-0.6151688954396017,-0.6185475926329546,0.05783149319662344,0.107585954345547,-0.0719102502203001,-0.19371680654339707,-0.12934798379174392,-0.33184902332956157,-0.22307436768885047,0.05783149319662344,-0.0678561576404453,-0.12280063105399436,0.5745061943668978,0.9495357269538522,0.05783149319662344,0.05783149319662344,0.05783149319662344,-0.5683352934843224,0.13660116349094759,1.0274373532417043,-0.49913803229655257,-0.4817900089396309,0.05783115716708997,0.057831121063442834,-0.025900618777875858,-0.12681107969579197,-1.0174265589161033,-1.443071296900028,-0.5985358149648935,-1.4166237912066089,-1.443071296900028,0.10050378152592128,-0.5055100618909613,-0.014455361670708334,-1.196443338946686,-1.5484075480091657,-1.2553558887466496,1.4264732331580876,-1.303137616417326,-2.0942282101386707,-1.4423709731081402,-2.2338118733614434,-1.7332864481870254,-1.2455491329444681,-0.5712683881186261,-0.5712683881186261,1.936089302944795,4.037055574923295,-1.02785513400527,-1.8198741976332773
W000086,0.198507487253719,0.198507487253719,-0.3908789834346069,-0.5002646012963918,-0.11615838880317657,-0.5532735649273111,-0.5759647927898209,0.05783149319662344,-0.22515411064068,0.47123179305402735,0.35778874853846293,0.8684282810732861,-0.2154633108507864,-0.05822818117408723,0.05783149319662344,-0.0678561576404453,-0.12280063105399436,-0.312182795948819,-0.40051506966299966,0.05783149319662344,0.05783149319662344,0.05783149319662344,-0.5141773406569965,0.24320937510890456,0.48387385926228077,-0.6599579052105922,-0.33352587959459,0.05783141274992869,0.05783182357191083,0.5099650772626017,-0.1268816714608501,-0.8528526567883774,0.18096392469164324,1.0954334726715977,0.4279384369269965,0.18096392469164324,0.10050378152592128,-0.025061260860946483,0.02607368974249232,0.2793361027836949,0.015715022476285822,0.5185295633148924,0.7144729597756567,-0.5869495028876406,0.7147216991382352,0.6927176384006203,-0.16227072341265517,0.9247547318772121,1.113491045228709,0.7344879275810907,0.7344879275810907,0.3929638977448492,-0.35104831086289523,0.00028103479124569775,-0.04294251564797807
W000087,1.2432837359575029,1.2432837359575029,-0.20465079333785324,-0.6669462460753015,-0.3375923006744589,-0.6876300911970656,-0.5998402702266477,0.05783149319662344,-0.22515411064068,-1.3737487505523942,-1.0176880061916205,-0.7513067727807797,-0.953223133622874,-0.8825617166917302,0.05783149319662344,-0.0678561576404453,-0.12280063105399436,0.2578315549684276,-0.40051506966299966,0.05783149319662344,0.05783149319662344,0.05783149319662344,1.3846366967822765,-0.5151790847197528,-0.016322703754105248,-0.7777341573169977,-0.4336113083549396,0.057831479677275865,0.057831658349589275,0.23161671493928954,-0.12637514081731602,0.050649824514114615,2.037004177939268,-0.5985358149648935,1.9035882194338807,2.037004177939268,0.10050378152592128,-0.8889123056716697,-0.46027492721591556,-0.9096908562767957,1.5637077272060487,2.2605560358754877,0.5687087893427919,-0.440327977383729,0.7147216991382352,1.7602619441550005,0.873499851561739,0.12307023184585064,0.72530642480926,0.7344879275810907,0.7344879275810907,-0.1484836128516228,-0.35104831086289523,-0.04867783038954059,2.622455007329971
W000088,-0.49801001188213684,-0.49801001188213684,-0.7470151965237789,-0.5519320631204759,-0.3229133266274209,-0.5144324156878469,-0.4311614181319407,0.05783149319662344,1.438546214290455,0.20538384262427306,-0.4273117572747699,-0.414516439595987,-0.44592143980293875,-0.3985346859087208,0.05783149319662344,-0.0678561576404453,-0.12280063105399436,-0.3998773114745489,0.9495357269538522,0.05783149319662344,0.05783149319662344,0.05783149319662344,-0.5933218957723699,-0.32170238072229623,-0.33013763105817606,2.917338049600414,-0.7422506514085895,0.05783123234492952,0.05783171318422474,0.5939160617838015,-0.12653437162984316,-0.9520115009015248,0.18096392469164324,1.0954334726715977,-1.0477113455798879,0.18096392469164324,0.10050378152592128,-0.7596470724744054,-0.2171006187367116,-0.5599048894691688,1.1049553688016107,-0.13860211487634874,-1.477129006028511,1.617543017937802,-0.22159493728740007,-0.7306747692718867,-0.16227072341265517,0.36256680279731296,0.13602144956453038,-0.40804884865616153,-0.40804884865616153,0.05004714103375049,-0.35104831086289523,1.2568919077647647,0.4012904048483467
W000089,-0.49801001188213684,-0.49801001188213684,-0.8453002633844656,-0.6601333269910216,-0.37591029688830707,-0.7144741748616094,-0.7530547821721277,0.05783149319662344,0.7730660843180011,-0.6232827211087348,-0.7058781255184389,-0.5247397943259103,-0.6909727904934306,-0.6602016846131376,0.05783149319662344,-0.0678561576404453,-0.12280063105399436,-0.20854382305477423,-0.40051506966299966,0.05783149319662344,0.05783149319662344,0.05783149319662344,-0.4328025065363448,0.17181840405376506,0.28624979318943156,-0.5880453732061139,-0.21572531617737845,0.05783118321434763,0.057831812355607165,0.7717306960949414,-0.12684920681924006,-0.5293676125639831,-0.5150511702762159,-0.5985358149648935,-0.3098864543264456,-0.5150511702762159,0.10050378152592128,0.8310280120168588,0.2287189468084956,0.2856577802845877,0.3029689552724462,-0.7981473521206919,-1.7779955483464513,1.9201791957909915,-1.1579115737130352,-0.37482666735375997,-1.1980412983870494,-1.575944228512469,-0.24580222251485595,-0.7344879275810907,-0.7344879275810907,-1.1287292101606523,-0.35104831086289523,-0.11395631729725625,0.4012904048483467
W000090,-0.49801001188213684,-0.49801001188213684,-0.034096891566292184,0.2329141408525704,0.3375486457752429,0.2789343621338001,0.3438284165267033,0.05783149319662344,0.440326019331774,0.5485806500293156,0.0590915162582168,-0.010114417899467324,0.48613680761898853,0.2581121981798653,0.05783149319662344,-0.0678561576404453,-0.12280063105399436,-0.5401885363157177,-0.40051506966299966,0.05783149319662344,0.05783149319662344,0.05783149319662344,-0.4142580148735035,0.30225595564349655,1.549477660787519,0.19052467143679763,-0.6753051093070136,0.057831150609199175,0.05783163827910089,0.6021059617510591,-0.12691406485509588,-1.6536539172083307,-0.2830461386202629,-0.5985358149648935,0.05902599130027542,-0.2830461386202629,0.10050378152592128,-1.3103803184427445,-1.108739749827126,-1.6399295078118867,-0.3710854837826783,-0.4094034406343945,0.0059247777270201194,0.12576621481228534,0.7147216991382352,-0.018978565435633234,-1.1980412983870494,0.8085653030260014,-0.020378732294289822,0.7344879275810907,0.7344879275810907,1.0978483420954415,-0.35104831086289523,-0.24451329111268635,-0.9314083566406276
W000091,-1.1945275110179927,-1.1945275110179927,-0.998508121401289,-0.48246551648851643,0.020350271218123592,-0.6711349923781523,-0.5560742792933776,0.05783149319662344,-0.557894175626907,-0.7304875035482841,-0.4198018391678967,-0.19430517227685654,-0.4356637889974464,-0.3832529326537706,0.05783149319662344,-0.0678561576404453,-0.12280063105399436,1.8050133646009534,0.9495357269538522,0.05783149319662344,0.05783149319662344,0.05783149319662344,-0.49028965120188833,0.8678904644325565,0.11856356356545851,0.20232456058923523,0.514442123487603,0.057831396290318644,0.057830761981868824,-0.743150500794738,-0.1271246806829704,-0.14992479920557786,-1.2110662652440751,1.0954334726715977,-1.4166237912066089,-1.2110662652440751,0.10050378152592128,1.8002731801179497,1.8093519519233212,-0.4454269557780817,-1.1521979533927165,-0.980934224408951,0.6385319742986275,-0.5105618480486841,-1.1579115737130352,-1.0865228711900135,0.873499851561739,-0.10743746525217156,-0.2529217308433702,-0.5712683881186261,-0.5712683881186261,1.1816724381803774,4.037055574923295,0.7999424994107581,-1.8198741976332773
W000092,0.198507487253719,0.198507487253719,-0.8941447809218889,-0.9157956460185306,-0.6643556120982373,-0.7837566278614156,-0.7027405921107512,0.05783149319662344,0.440326019331774,-0.6940407076557656,-0.68203143957999,-0.32203573066776164,-0.6675904250866511,-0.6224116507379654,0.05783149319662344,-0.0678561576404453,-0.12280063105399436,-0.08417705558192015,0.9495357269538522,0.05783149319662344,0.05783149319662344,0.05783149319662344,-0.43504479499780285,-0.3519370337563759,0.17796984782290345,1.1459446270876263,-1.0643942836183342,0.057831633886444564,0.05783180171666856,0.21861705268399226,-0.12650335233247956,-1.7393540842400803,-0.2830461386202629,-0.5985358149648935,0.05902599130027542,-0.2830461386202629,0.10050378152592128,-0.5939324281036925,-1.0276816470007248,0.16229839082589922,-0.05987395626115688,0.050942722760595915,0.22134527809940166,-0.09092134493314401,-0.22159493728740007,-0.018978565435633234,0.873499851561739,-0.43532513486626273,-0.020378732294289822,0.08160976973123231,0.08160976973123231,-0.7881938198156025,-0.35104831086289523,-0.6851430777397648,-0.04294251564797807
W000093,-0.1497512623142089,-0.1497512623142089,0.08443595035307092,0.09413873959702745,0.519798019639284,-0.437126294695264,-0.4026332979807797,0.05783149319662344,-0.557894175626907,-0.7219608458775707,-0.41253689570525226,-0.14352083568839433,-0.4960945968517849,-0.43741779458901486,0.05783149319662344,-0.0678561576404453,-0.12280063105399436,1.1535683921241005,0.9495357269538522,0.05783149319662344,0.05783149319662344,0.05783149319662344,0.238861798474905,0.8526933668016772,0.9604063657051192,1.515674487197338,0.06614636474521816,0.05783123234492952,0.05783169577864285,0.5730466993947684,-0.127156105816394,-0.8465418395833457,-0.5150511702762159,1.0954334726715977,-0.3098864543264456,-0.5150511702762159,0.10050378152592128,-0.6279410304932043,0.26924799822169626,-0.6951189128728095,-0.48905489411349895,-0.7440836293312069,-0.4368100224642676,0.5711050906481223,0.7147216991382352,-0.018978565435633234,-0.16227072341265517,1.162274723174923,0.7083902231183454,-0.24482930919369691,-0.24482930919369691,0.05004714103375049,-0.35104831086289523,-0.11395631729725625,-0.04294251564797807
W000094,0.5467662368216469,0.5467662368216469,0.18706510356164535,-0.1895618810739162,0.4230876961758205,-0.490759420278794,-0.4352742722707991,0.05783149319662344,-1.2233743055993611,0.6049624157561836,1.551796384947921,-0.27552160324017955,1.8993720374315919,2.497737625981287,0.05783149319662344,-0.0678561576404453,-0.12280063105399436,1.2838573866194718,0.9495357269538522,0.05783149319662344,0.05783149319662344,0.05783149319662344,-0.35744641283858625,0.9035854532330431,1.1745391737126833,-0.2597264448389191,0.5751721367768482,0.05783122649228939,0.05783174732963207,0.6418738791030838,-0.1271769043446661,-0.10028860705223717,-0.979061233588122,1.0954334726715977,-0.6787988999531667,-0.979061233588122,0.10050378152592128,0.41272220262586173,0.8366547180065055,-0.3967251957914666,-0.9905039559888772,-0.8468207930249158,0.4896917697793236,-0.36084619585426897,0.7147216991382352,-0.37482666735375997,-0.16227072341265517,1.3558241321907176,0.42395322789664913,-0.7344879275810907,-0.7344879275810907,0.3643875013522576,-0.35104831086289523,-0.47951584398046176,-0.9314083566406276
W000095,-0.8462687614500647,-0.8462687614500647,-1.100139856686912,-0.8245281067322322,-0.5210475313564551,-0.8417513509350805,-0.7973227428852613,0.05783149319662344,1.438546214290455,-0.26925740285060795,-0.6450694841055044,-0.3336677179490845,-0.42355750798333835,-0.5342740743528849,0.05783149319662344,-0.0678561576404453,-0.12280063105399436,0.6524568748342132,0.9495357269538522,0.05783149319662344,0.05783149319662344,0.05783149319662344,-0.6650295842135514,-0.018263936230786173,0.08791591990441011,-0.552497279470154,-0.10511489637946853,0.05783115191626373,0.05783181191741153,0.8087318162939306,-0.12674084075923311,-0.06147204117982411,0.18096392469164324,-0.5985358149648935,0.4279384369269965,0.18096392469164324,0.10050378152592128,-0.336703726393929,0.43136420387449886,-0.8610480609440755,-0.05789725702639112,-0.0005465370389136693,0.14349020051328032,-0.012608339686356967,0.7147216991382352,0.3368695364824935,0.873499851561739,0.6749619746369377,0.1680700773882933,-0.24482930919369691,-0.24482930919369691,0.5644222761003993,-0.35104831086289523,0.00028103479124569775,-0.48717543614430286
W000096,0.8950249863895748,0.8950249863895748,1.5449751243945546,0.574195344643293,-0.23913915984475137,0.8325889356253369,0.7995247960184246,0.05783149319662344,1.438546214290455,0.07883626626981269,-0.48536973859351396,-0.7297900984143099,-0.07673987048382434,-0.12481852526136329,0.05783149319662344,-0.0678561576404453,-0.12280063105399436,-0.04909924937162819,0.9495357269538522,0.05783149319662344,0.05783149319662344,0.05783149319662344,0.33183096283184677,-0.9030295024594033,-0.2827179298837037,0.28885708104044433,-1.1053617385594332,0.05783134836524522,0.05783179319724274,0.5507432025401031,-0.12601020311009056,-0.9321575518056151,0.18096392469164324,1.0954334726715977,0.7968508825537176,0.18096392469164324,0.10050378152592128,-0.35896390250342775,0.35030610104809756,-0.44259573146633097,-0.0804316283027208,-0.09845658262641863,0.03148889863857447,0.10005173096424769,0.7147216991382352,1.048565740318747,0.873499851561739,1.2279464911292064,1.3436208757187311,0.08160976973123231,0.08160976973123231,-0.6357863723884473,-0.35104831086289523,-0.4185892561999271,0.8455233253446716
W000097,0.5467662368216469,0.5467662368216469,0.3174682298544814,-0.09385535767055256,-0.3757280895915343,0.5472087538008122,0.3689385831010263,0.05783149319662344,0.107585954345547,1.877481543055435,1.0981212537207758,0.5261745137858755,0.710855003137299,0.6856031979997028,0.05783149319662344,-0.0678561576404453,-0.12280063105399436,-1.452211497783312,-1.7505658662798516,0.05783149319662344,0.05783149319662344,0.05783149319662344,-0.5230773486735268,-0.4012650612575987,0.5238520332123671,-0.2042892297642594,-0.5553186255945824,0.05783145435031421,0.05783154942130151,0.13137838254818296,-0.1264637821862571,-0.3969822207661221,1.3409890829714086,-0.5985358149648935,1.5346757738071597,1.3409890829714086,0.10050378152592128,0.3413041376078866,1.0392999750725087,-0.7839166782908221,1.489146632070684,0.9133073724339448,-0.5311547908499464,0.6660047756869248,0.7147216991382352,1.4044138422368737,-0.16227072341265517,-0.436056075450355,0.6289763241110548,-0.7344879275810907,-0.7344879275810907,0.05004714103375049,-0.35104831086289523,0.21837052514202188,1.2897562458409964
W000098,-1.1945275110179927,-1.1945275110179927,-0.16990215169672268,0.885843261788992,1.6440874589623389,-0.0822949415309073,0.09288487918592862,0.05783149319662344,0.107585954345547,0.14710880775009322,-0.04857555993236317,-0.21629210310480704,0.16707133763600623,0.25090901316064146,0.05783149319662344,-0.0678561576404453,-0.12280063105399436,-0.43885265170820664,-0.40051506966299966,0.05783149319662344,0.05783149319662344,0.05783149319662344,-0.36404366146032896,0.19228672085705611,0.2356474080636064,-0.21772180798181417,0.5162755876331021,0.05783125360400537,0.05783065912437721,-0.695395627031913,-0.12682056705368924,0.676357088582521,-0.747056201932169,-0.5985358149648935,0.05902599130027542,-0.747056201932169,0.10050378152592128,-0.5200851772007522,-1.9193207780911392,0.42414156813758913,-0.5141194404103288,-0.6934793411845013,-0.27823381438609257,0.41159616971095575,0.7147216991382352,-0.018978565435633234,0.873499851561739,0.37380033316110034,0.06147491121756765,0.7344879275810907,0.7344879275810907,0.5889163301511915,1.8430036320302,-1.02785513400527,-1.3756412771369524
W000099,-0.1497512623142089,-0.1497512623142089,0.012593597176444102,0.0263467225757918,0.11507359074378978,-0.14768768560462758,-0.159365038126239,0.05783149319662344,0.440326019331774,-0.43632213636064154,-0.5283231935794029,-0.5174365580012865,-0.491626479316731,-0.4349136182829302,0.05783149319662344,-0.0678561576404453,-0.12280063105399436,0.3718344251518765,-0.40051506966299966,0.05783149319662344,0.05783149319662344,0.05783149319662344,-0.035243360206685254,0.002899585984907995,0.24054736752827907,0.4078949565153495,0.2014710522222218,0.05783138616291919,0.05783178080364094,0.49056367326527683,-0.12674681644983982,0.44263988998134046,0.4129689563475963,1.0954334726715977,0.4279384369269965,0.4129689563475963,0.10050378152592128,-0.6347427509711069,-0.7845073385215208,-0.10819576263064032,0.5634979144145735,-0.2231571337033559,-1.0376031366722713,1.1754319472126025,0.7147216991382352,0.6927176384006203,0.873499851561739,0.36268235023166545,0.9834605436538463,-0.40804884865616153,-0.40804884865616153,0.5215576815115116,1.8430036320302,-0.11395631729725625,-0.04294251564797807
W000100,-1.5427862605859206,-1.5427862605859206,-1.2400450021379092,-0.6679445074464495,-1.0185143243650998,-0.5301039403089602,-0.11760999782508688,0.05783149319662344,0.7730660843180011,-0.589892886668365,-0.6877741884134032,-0.6659410024854625,-0.3916014922759357,-0.3986904904817466,0.05783149319662344,-0.0678561576404453,-0.12280063105399436,-0.20854382305477423,-0.40051506966299966,0.05783149319662344,0.05783149319662344,0.05783149319662344,-0.6845778846641967,0.7712173423101414,1.5440739671722723,0.3588400714225114,0.3181174603574863,0.05783117788829466,0.05783154942130151,0.4628573679520353,-0.12712175546997317,-0.34129153540980967,0.18096392469164324,-0.5985358149648935,0.4279384369269965,0.18096392469164324,0.10050378152592128,-1.0712895380073872,-0.9466235441743235,-0.9348688828875703,0.4516167377268315,-0.0005465370389136693,-0.5636031383052592,0.6986439776928131,-0.22159493728740007,-0.018978565435633234,-0.16227072341265517,-0.7135963913021045,-0.2832522326932747,-0.7344879275810907,-0.7344879275810907,0.7358806544559486,-0.35104831086289523,0.00028103479124569775,-0.48717543614430286
W000101,-0.49801001188213684,-0.49801001188213684,1.0000836574414784,1.3714354447204966,-0.049737558764603576,1.1929402363880168,1.667504922824472,0.05783149319662344,-0.890634240613134,-0.15336534453930598,0.31163537180339795,0.8746618281051615,-0.3301154747489479,-0.34644973451619016,0.05783149319662344,-0.0678561576404453,-0.12280063105399436,0.8278459058856741,0.9495357269538522,0.05783149319662344,0.05783149319662344,0.05783149319662344,0.2595088122611625,-1.2077782181737635,-0.6269744277872246,0.0846225216221532,-0.9916795353430118,0.057832076881653004,0.057829833146296854,-2.6728596017253126,-0.12546430730257557,0.010824308245535822,-1.6750763285559813,-0.5985358149648935,-1.7855362368333298,-1.6750763285559813,0.10050378152592128,-1.5189664130984175,-1.595088366785534,-1.2892678458506606,-1.6118200594604513,-1.4066055894077092,1.2354241265530916,-1.110964797998377,-2.0942282101386707,-1.798219075026267,-2.2338118733614434,-1.82858835232136,-1.8271060756325266,-0.7344879275810907,-0.7344879275810907,-1.835995020877294,-0.35104831086289523,0.3429930910567509,-0.9314083566406276
W000102,0.198507487253719,0.198507487253719,-0.9278004410651073,-0.9435840864210958,-1.0240861842031055,-0.39758390280402794,-0.35285653978634124,0.05783149319662344,-0.557894175626907,-1.0055470375894768,-0.6541600180513002,-0.7104361478767776,-0.3459213497320396,-0.24146731404375582,0.05783149319662344,-0.0678561576404453,-0.12280063105399436,1.1535683921241005,-0.40051506966299966,0.05783149319662344,0.05783149319662344,0.05783149319662344,-0.2851432856985908,0.3824973260165261,1.3141994669592763,-0.3516023113214207,-0.008684659506069073,0.0578315322062256,0.0578317947958105,0.33223387530244985,-0.1269477005628213,-0.4212681700733038,-0.979061233588122,1.0954334726715977,-0.6787988999531667,-0.979061233588122,0.10050378152592128,-1.110863184424274,-0.5008039786291162,-0.9525721960238533,-0.6502744837009944,-1.0963827991156638,-0.9862728740292726,1.1237997704514477,-0.22159493728740007,-0.37482666735375997,0.873499851561739,0.3108767190993939,0.42395322789664913,0.7344879275810907,0.7344879275810907,0.05004714103375049,-0.35104831086289523,-0.47951584398046176,-0.9314083566406276
W000103,-0.49801001188213684,-0.49801001188213684,0.46689590549507426,0.784453205366982,0.024203236150655172,0.7367650540600031,1.084396233689284,0.05783149319662344,-0.890634240613134,-0.5263845912622526,-0.059157555859974134,0.489099330936388,-0.2205746303019866,-0.09906148883036761,0.05783149319662344,-0.0678561576404453,-0.12280063105399436,0.06782677132934505,-0.40051506966299966,0.05783149319662344,0.05783149319662344,0.05783149319662344,0.28684628580396676,0.1716813320099981,1.0266932005192657,-0.09037206090267622,-0.653651398769883,0.05783154535021721,0.05783061819540058,-1.094274422463664,-0.12679372666310607,-1.4392021004366378,0.8769790196595024,-0.5985358149648935,1.1657633281804387,0.8769790196595024,0.10050378152592128,-0.6658363302986605,-0.8655654413479221,-0.5772129899281642,0.5211174828211956,0.5421824420352921,0.06306814213405662,0.06828674481012571,0.7147216991382352,1.048565740318747,-0.16227072341265517,0.532701567170692,0.48993787283025886,-0.40804884865616153,-0.40804884865616153,-0.21938745352497002,-0.35104831086289523,0.0688234460443465,0.8455233253446716
W000104,0.198507487253719,0.198507487253719,-0.8591974731734726,-0.8869407320318664,-0.688518039959524,-0.7164665506708343,-0.6778715311898571,0.05783149319662344,-0.22515411064068,-0.54802949007402,-0.4020947129957857,-0.41941478744808786,-0.25775751293626104,-0.2473167528057212,0.05783149319662344,-0.0678561576404453,-0.12280063105399436,0.2578315549684276,-0.40051506966299966,0.05783149319662344,0.05783149319662344,0.05783149319662344,-0.46923069232305203,-0.2882373051630023,-0.22707820325214031,0.6021107421249672,-0.3616715006158153,0.05783129761540782,0.057831016771001574,-0.3193457267732115,-0.12653505963327605,-0.16144129004917449,1.1089840513154554,-0.5985358149648935,0.05902599130027542,1.1089840513154554,0.10050378152592128,0.2549222875385259,-0.054984413083908994,0.4713931434325412,1.4296084511195395,0.6875591490004699,-0.7197163704462547,0.8556754359715205,1.6510383355638705,-0.018978565435633234,-0.16227072341265517,1.1632566594791551,-0.08927708529228814,0.40804884865616153,0.40804884865616153,-0.20142514722105537,-0.35104831086289523,0.7999424994107581,0.8455233253446716
W000105,1.5915424855254308,1.5915424855254308,0.5942346225003631,-0.29841277561852414,0.09040086836258958,-0.48280239924453733,-0.391866498741926,0.05783149319662344,1.105806149304228,0.09541696195246045,-0.40371309532663274,-0.4029675370412165,-0.38205984933857795,-0.32590517530409563,0.05783149319662344,-0.0678561576404453,-0.12280063105399436,-1.072201930505148,-0.40051506966299966,0.05783149319662344,0.05783149319662344,0.05783149319662344,-0.05052609907858571,-1.1957413661510072,-0.6046040521003778,-0.7927994245996696,-1.0114744401634574,0.057831677886562995,0.05783175655618904,0.11171315192746353,-0.12563253561432272,-0.0708088553216116,2.96502430456308,-0.5985358149648935,2.641413110687323,2.96502430456308,0.10050378152592128,-0.9464389850454161,-0.8655654413479221,-0.45671700935827575,3.0622829510666674,2.6356231127275405,-0.2727711660957185,0.40610139123934924,0.7147216991382352,2.116110046073127,0.873499851561739,-0.1669499793012766,0.4708617963470275,0.7344879275810907,0.7344879275810907,-0.5239656908522196,-0.35104831086289523,0.4343829727275526,3.0666879278262953
W000106,0.8950249863895748,0.8950249863895748,1.084604445405962,0.2701042497909279,-0.36533624325956315,1.8557637710468098,1.4083234042040627,0.05783149319662344,1.438546214290455,1.0337642908924092,-0.04726420539078451,0.134638329092686,0.04580392547308715,-0.1239710675140676,0.05783149319662344,-0.0678561576404453,-0.12280063105399436,-0.7506553735774706,-0.40051506966299966,0.05783149319662344,0.05783149319662344,0.05783149319662344,-0.20486034664538963,-1.2797148090353445,-1.6501615241334622,0.06926040178218724,-0.9528768938890578,0.057831835582490956,0.05783156138423035,-0.311376809789652,-0.12549674868885194,0.27697770986307846,0.8769790196595024,-0.5985358149648935,1.9035882194338807,0.8769790196595024,0.10050378152592128,0.2611410034040366,0.02607368974249232,0.2609371564797785,0.5884833927420128,0.3661535350957187,-0.23284092056090921,0.365936284158005,-0.22159493728740007,1.7602619441550005,0.873499851561739,-0.4887858317681995,0.7755798472387193,-0.7344879275810907,-0.7344879275810907,1.5319374111067137,-0.35104831086289523,-0.5709057256512629,-0.9314083566406276
W000107,-0.49801001188213684,-0.49801001188213684,0.09852745919955233,0.37891925466314913,0.9096038333648268,-0.22820333765279302,-0.2661928436386078,0.05783149319662344,-0.557894175626907,4.976984007192593,4.44311859712508,-0.20404200293395622,7.8805269976909305,8.086363084054154,0.05783149319662344,-0.0678561576404453,-0.12280063105399436,-1.452211497783312,-1.7505658662798516,0.05783149319662344,0.05783149319662344,0.05783149319662344,-0.727406126047404,-0.16236196604406455,-0.6035622382889638,-0.1445476526088363,0.2596353902644079,0.05783126747017366,0.05783030373643506,-1.1381327799425074,-0.12659155231486474,0.7750417582898464,-0.979061233588122,-0.5985358149648935,-0.6787988999531667,-0.979061233588122,0.10050378152592128,-2.6752588943418245,-2.4867274978759486,-1.672840388322935,-1.1420772533107157,-1.1151281077614228,0.23490429825113607,-0.10456011647132048,-0.22159493728740007,-0.7306747692718867,-0.16227072341265517,0.3108767190993939,-0.4941101950597111,-0.40804884865616153,-0.40804884865616153,0.05004714103375049,-0.35104831086289523,-0.47951584398046176,-1.3756412771369524
W000108,1.9398012350933587,1.9398012350933587,1.0834501435490693,-0.143921303525108,-0.11610282024082035,-0.23107730521016676,-0.17025734826544517,0.05783149319662344,0.107585954345547,-0.21504427921127997,-0.2885699740838172,-0.3164436610863919,-0.2906311277774018,-0.14366589750432562,0.05783149319662344,-0.0678561576404453,-0.12280063105399436,0.5745061943668978,-0.40051506966299966,0.05783149319662344,0.05783149319662344,0.05783149319662344,0.34301475370682416,-0.7206372760219062,-1.4315981453015327,-0.81291118535634,-0.11723745365784373,0.05783118240377954,0.05783174159359482,0.6878586340679194,-0.12620161777192238,1.0264195322737155,0.8769790196595024,1.0954334726715977,1.5346757738071597,0.8769790196595024,0.10050378152592128,-0.08866176403094345,-0.5008039786291162,0.37295245049158876,0.1148662560921364,0.5369530640869044,0.5920265711385372,-0.46378290960820345,0.7147216991382352,1.4044138422368737,0.873499851561739,1.2682198661752184,1.2942963102416913,0.40804884865616153,0.40804884865616153,1.1277855192686335,-0.35104831086289523,-0.280119738516895,-0.48717543614430286
W000109,0.198507487253719,0.198507487253719,0.8714293565218458,0.5419844565224619,-0.23390348211252412,1.793224845053959,1.6234042626941558,0.05783149319662344,1.105806149304228,-0.03931160312592326,-0.47067532250951494,-0.1659526010991592,-0.6708992418753321,-0.6865929201601715,0.05783149319662344,-0.0678561576404453,-0.12280063105399436,-1.072201930505148,-0.40051506966299966,0.05783149319662344,0.05783149319662344,0.05783149319662344,0.13086584162251605,-0.917083486726487,-0.7245385739506367,-0.7250428283973077,-1.1078518764535707,0.05783136486246863,0.05783113260510205,-0.26108965142792007,-0.12597373123823385,-0.9129828017936816,0.18096392469164324,1.0954334726715977,1.1657633281804387,0.18096392469164324,0.10050378152592128,0.2494809111562043,0.8366547180065055,-0.47252718987866016,0.15313515327720154,0.1963998816942105,0.1086097061146203,0.022477314654312408,0.7147216991382352,1.4044138422368737,-1.1980412983870494,0.2542430663593198,1.5253930412513867,0.7344879275810907,0.7344879275810907,-0.9787031290995464,-0.35104831086289523,-0.7536854889928656,0.8455233253446716
W000110,-0.8462687614500647,-0.8462687614500647,-0.5466384606114164,-0.09331366056164671,0.10777562847617198,-0.1875905628270444,-0.05572840295632325,0.05783149319662344,-0.890634240613134,3.275352288937876,3.7198891297986316,-0.29997358700957827,6.0505615323858475,6.851631322407102,0.05783149319662344,-0.0678561576404453,-0.12280063105399436,0.06782677132934505,-0.40051506966299966,0.05783149319662344,0.05783149319662344,0.05783149319662344,-0.7591251178329882,1.626994211260495,1.9106893922592176,-0.24109894686871886,1.39362735063687,0.057831546685491786,0.057831571015130936,0.04655925059102655,-0.12739513295483104,0.2238641582284896,-0.5150511702762159,-0.5985358149648935,-0.6787988999531667,-0.5150511702762159,0.10050378152592128,0.6371789783966406,-0.4197458758027149,2.0425860086702836,-0.7553558150211422,-0.7534965096383046,0.10768089865830793,0.023411585166329317,0.7147216991382352,-0.7306747692718867,-0.16227072341265517,0.16377887836837934,-0.495738950122259,-0.8977074670435554,-0.8977074670435554,-0.6572186696828911,-0.35104831086289523,-0.11395631729725625,-0.04294251564797807
W000111,0.5467662368216469,0.5467662368216469,0.6362489498382191,0.1401067819268693,-0.04329458452052931,0.49210886723314234,0.30120467188114286,0.05783149319662344,-0.890634240613134,-0.7899485656513014,-0.32114848139228325,-0.02593734482867157,-0.4717323338122705,-0.3719816027826511,0.05783149319662344,-0.0678561576404453,-0.12280063105399436,0.06782677132934505,0.9495357269538522,0.05783149319662344,0.05783149319662344,0.05783149319662344,0.711066594482746,0.645044812518875,0.3017396183195767,0.13434532496890286,0.17440543063208735,0.05783115716708997,0.057831738676678825,0.7146201243794317,-0.1270753063522421,-0.42736350591016026,-0.05104110696430982,-0.5985358149648935,0.05902599130027542,-0.05104110696430982,0.10050378152592128,0.2494809111562043,0.02607368974249232,0.7486264248803803,-0.04722308115865601,-0.12589070386334483,-0.06268161903306509,0.19477614038191013,-1.1579115737130352,-0.018978565435633234,-1.1980412983870494,-0.5424175405588085,-0.023930295313685873,0.40804884865616153,0.40804884865616153,0.6158597896070634,-0.35104831086289523,-0.3424310214742595,-0.48717543614430286
W000112,-1.1945275110179927,-1.1945275110179927,0.031250090514384765,1.2180136646715543,1.829565396179716,0.09407163827406285,0.1278413567421337,0.05783149319662344,-0.22515411064068,0.8056623160116376,0.6071146354669203,0.6653565370750224,0.18179403051925244,0.08118736463168386,0.05783149319662344,-0.0678561576404453,-0.12280063105399436,-1.452211497783312,-1.7505658662798516,0.05783149319662344,0.05783149319662344,0.05783149319662344,-0.4445956407715245,0.0863434549718037,0.4495283489958836,1.7703739813556139,-0.3585183426733133,0.05783127560594526,0.05783026700322862,-1.1919308618309516,-0.12674187956204447,-0.6951231321829504,-0.2830461386202629,-0.5985358149648935,-0.3098864543264456,-0.2830461386202629,0.10050378152592128,-0.539518664280473,-1.0276816470007248,-0.9033115609407306,-0.1357001389067715,-0.3582359887086318,-0.30633202842151147,0.43985965170090113,-0.22159493728740007,-0.37482666735375997,-0.16227072341265517,-0.8874748465736809,-0.2425447123897593,0.7344879275810907,0.7344879275810907,1.30740858230778,1.8430036320302,0.3429930910567509,-1.3756412771369524
W000113,-0.1497512623142089,-0.1497512623142089,-0.5789305016826518,-0.5318283650321853,-0.44676935911784726,-0.34833432073881365,-0.3737604175699756,0.05783149319662344,0.107585954345547,0.22475958948388972,0.0028826618571218348,0.06698926114690215,0.23968051211791497,0.16194582007231498,0.05783149319662344,-0.0678561576404453,-0.12280063105399436,-1.452211497783312,-1.7505658662798516,0.05783149319662344,0.05783149319662344,0.05783149319662344,-0.5347848568401145,-0.0808951118986737,0.8781832141273643,1.3629438464695607,-0.558549100014473,0.057831387061878695,0.0578313760688524,0.004207185286777934,-0.12668343361627793,-0.8845411643645508,0.8769790196595024,1.0954334726715977,0.4279384369269965,0.8769790196595024,0.10050378152592128,0.5234930789802724,0.2287189468084956,0.6925043059704973,0.6222454156718119,0.8403374370618273,0.27671593224779556,-0.14661767795708291,0.7147216991382352,0.6927176384006203,-2.2338118733614434,0.2708021596645496,1.1892746834903671,0.40804884865616153,0.40804884865616153,0.7236336274305522,-0.35104831086289523,1.0284172035877615,-0.04294251564797807
W000114,0.198507487253719,0.198507487253719,0.7148150968700246,0.4126728934151951,-0.46123194445652793,1.323319848602441,1.2149707847873843,0.05783149319662344,-0.22515411064068,-0.7577342432701444,-0.5584345803061752,-0.1678067465923732,-0.6169086615909306,-0.5769675561282392,0.05783149319662344,-0.0678561576404453,-0.12280063105399436,0.2578315549684276,0.9495357269538522,0.05783149319662344,0.05783149319662344,0.05783149319662344,0.7174982243156142,-0.0020329139476343784,-0.2758717248372685,-0.41334764323857853,-0.26397588785419956,0.057831524358196267,0.05783161600258901,0.1272699029941237,-0.1267351353022659,-0.38547871043669873,-0.2830461386202629,-0.5985358149648935,-0.3098864543264456,-0.2830461386202629,0.10050378152592128,0.37644636007704907,-0.054984413083908994,0.19968826364677775,-0.2492417429517168,0.034530521199502236,0.505277877977357,-0.37652397835650125,-0.22159493728740007,-0.37482666735375997,-0.16227072341265517,-0.11140725782906524,-0.2425447123897593,-0.8977074670435554,-0.8977074670435554,-0.15951309917858786,1.8430036320302,0.3429930910567509,-0.48717543614430286
W000115,0.8950249863895748,0.8950249863895748,-0.19066240375568846,-0.5722545495193587,-0.5322428445909323,-0.4787903800585805,-0.3829975019472738,0.05783149319662344,0.107585954345547,1.1083715278267803,0.5884414686565544,-0.6827144198454782,2.225321579978506,1.9876730059830876,0.05783149319662344,-0.0678561576404453,-0.12280063105399436,2.6012238865171073,0.9495357269538522,0.05783149319662344,0.05783149319662344,0.05783149319662344,-0.5502460174927365,-0.5303133052701979,-0.5119055198913719,-0.5318660267382191,-0.17020027968098628,0.05783141937928488,0.05783157441537859,0.20327677474421996,-0.12636178473820434,0.601150371070493,-0.979061233588122,2.789402760308089,-0.6787988999531667,-0.979061233588122,0.10050378152592128,-1.4373457673635888,-0.9466235441743235,-0.9525721960238533,-0.764843971348018,-1.208130583274287,-1.0673958037612024,1.2053998486827453,0.7147216991382352,-0.018978565435633234,-0.16227072341265517,1.1679812217532441,0.9646684268480812,0.7344879275810907,0.7344879275810907,1.30740858230778,-0.35104831086289523,-1.02785513400527,-0.9314083566406276
W000116,-0.1497512623142089,-0.1497512623142089,0.5157808140602534,0.5011651947378843,0.20974556118731125,0.7434397331197733,0.6872493253183175,0.05783149319662344,0.107585954345547,0.06157956291771736,-0.1052547427016974,0.6531013370744088,-0.46825406924718643,-0.40181355112988476,0.05783149319662344,-0.0678561576404453,-0.12280063105399436,-0.9455320747457593,-0.40051506966299966,0.05783149319662344,0.05783149319662344,0.05783149319662344,-0.06629547968249698,0.06504944639100219,-0.4683439643701582,-0.4170583002047539,0.255973455912313,0.05783118983430048,0.05783136878502543,0.23195044434324166,-0.12677726995182023,0.44516146961729663,0.4129689563475963,-0.5985358149648935,0.05902599130027542,0.4129689563475963,0.10050378152592128,0.43312736405956886,-0.09551346449710965,0.5914052034530329,-0.11980747705925476,0.7988242213484726,1.2311480199191278,-1.1066635401787954,-0.22159493728740007,-0.018978565435633234,0.873499851561739,0.05997144829828383,-0.057128110512391854,0.7344879275810907,0.7344879275810907,0.9930682219892727,-0.35104831086289523,0.3429930910567509,-0.48717543614430286
W000117,-0.1497512623142089,-0.1497512623142089,2.0262657240575157,1.9264918189521985,0.35195725617499485,3.718764862000318,3.748451844814835,0.05783149319662344,-0.890634240613134,-0.2702366912888552,0.195461557176045,0.8408476000382485,-0.5694554510557853,-0.6913728684749684,0.05783149319662344,-0.0678561576404453,-0.12280063105399436,-0.692192363226983,-0.40051506966299966,0.05783149319662344,0.05783149319662344,0.05783149319662344,0.8416699941697019,0.9695291344697939,-0.4206952931272432,-0.642666243748215,1.7894250506015903,0.05783140717938882,0.057831621951141735,0.274900065674837,-0.12719290992619764,1.3322190331865764,-0.747056201932169,-0.5985358149648935,-0.3098864543264456,-0.747056201932169,0.10050378152592128,0.331101556891033,0.7555966151801041,-0.10466488134985805,-0.31455188566837755,-0.5225993602248789,-0.3057719214014873,0.4392962502458136,-0.22159493728740007,-0.37482666735375997,-1.1980412983870494,0.43944955066223645,-0.22416706319089286,0.7344879275810907,0.7344879275810907,-1.5665604263185733,-0.35104831086289523,-0.5709057256512629,0.4012904048483467
W000118,0.5467662368216469,0.5467662368216469,-0.08459486212471934,-0.3889407733048717,-0.43952070862969694,-0.13350045750404155,-0.13255508138611966,0.05783149319662344,0.440326019331774,-0.28130977659692724,-0.43587088093481813,-0.6038432537767885,0.0762107129944707,0.030084998015717342,0.05783149319662344,-0.0678561576404453,-0.12280063105399436,0.8278459058856741,0.9495357269538522,0.05783149319662344,0.05783149319662344,0.05783149319662344,-0.17022638747634977,-0.3333781765893486,-0.36846722051547526,-0.5732027453414125,0.5513343345861338,0.05783119724413407,0.05783165984848163,0.5720522759681272,-0.12652532932818475,1.4781174742223058,0.6449739880035493,1.0954334726715977,0.4279384369269965,0.6449739880035493,0.10050378152592128,0.2997090008391756,0.35030610104809756,0.5824366556433939,0.9393870408976307,0.7847451268720442,-0.1356562264400872,0.2681799695210771,1.6510383355638705,0.6927176384006203,0.873499851561739,1.5009161161225226,1.0882373447475504,0.08160976973123231,0.08160976973123231,-0.3851933578687983,-0.35104831086289523,0.1906766216054152,1.2897562458409964
W000119,0.8950249863895748,0.8950249863895748,0.11419378309673675,-0.3708862698623298,-0.23545357064550232,-0.11790601857299025,-0.2615737720838911,0.05783149319662344,0.107585954345547,0.24856197916084105,0.018656213903452554,0.3389011344685456,-0.3428062867532621,-0.26907422797723585,0.05783149319662344,-0.0678561576404453,-0.12280063105399436,-0.9455320747457593,-0.40051506966299966,0.05783149319662344,0.05783149319662344,0.05783149319662344,-0.2880699903547422,-0.4950824100884369,0.3620617828507922,1.1522527439301242,-1.0680801086792262,0.05783118262945975,0.05783139268831509,0.2692492150917017,-0.12639266233176086,-1.529038040713253,0.8769790196595024,-0.5985358149648935,1.1657633281804387,0.8769790196595024,0.10050378152592128,-1.3596118190447046,-0.9871525955875241,-1.1962309236136972,0.9434195073365528,1.1327803423293543,0.21796480031822732,-0.08752098387228896,0.7147216991382352,1.048565740318747,1.9092704265361333,0.7724473273007508,0.48993787283025886,0.7344879275810907,0.7344879275810907,0.5889163301511915,-0.35104831086289523,-0.280119738516895,-0.04294251564797807
W000120,0.5467662368216469,0.5467662368216469,-0.5041325043348218,-0.6968512530168834,-0.8750381435157498,-0.23047413214232754,-0.23036071853234744,0.05783149319662344,0.107585954345547,-0.8712084783931784,-0.7234019505032642,-0.8284391383695651,-0.6018796868051529,-0.45804208995615925,0.05783149319662344,4.495728503526328,7.633028698671976,0.5745061943668978,0.9495357269538522,0.05783149319662344,0.05783149319662344,0.05783149319662344,-0.04230740501196647,-0.061932143785825886,1.0915604209090677,-0.46247674147074014,-0.8070604824388912,0.05783122994707728,0.057831825537208836,0.73150277334828,-0.12671244828105113,-1.4864281601496696,0.18096392469164324,1.0954334726715977,-0.3098864543264456,0.18096392469164324,0.10050378152592128,0.5982236702050173,0.5934804095273015,-0.1796042024502217,0.46648151597227,0.08626113690432202,-0.45765514759391923,0.5920728225451524,0.7147216991382352,-0.018978565435633234,0.873499851561739,1.1892661601635204,0.581053965439144,0.08160976973123231,0.08160976973123231,1.2502557895225967,-0.35104831086289523,1.2568919077647647,-0.9314083566406276
W000121,-0.8462687614500647,-0.8462687614500647,-0.029901026761258793,0.5893329943292033,0.7444099516481499,-0.09000291026747151,-0.26578112377297824,0.05783149319662344,1.438546214290455,-0.0707005537100294,-0.5539748130718769,-0.291262324390764,-0.3618647489859555,-0.3822725015288171,0.05783149319662344,8.146596232459746,7.633028698671976,2.7571252474517394,0.9495357269538522,0.05783149319662344,0.05783149319662344,0.05783149319662344,-0.23590933639603726,-0.5451397498242206,-0.48199058044934,-0.6673792191429428,-0.4843322418674862,0.057831354334486794,0.05783123718904684,-0.12306999360966593,-0.12634059910348697,-0.007610966446758567,-0.2830461386202629,-0.5985358149648935,-0.6787988999531667,-0.2830461386202629,0.10050378152592128,0.9115150376720373,-0.1360425159103103,2.4583083359380185,-0.10857982540578523,-0.38317609892401927,-0.393463257240346,0.5275033686068443,0.7147216991382352,-0.7306747692718867,-1.1980412983870494,0.18160981498730844,-0.548565853375213,0.08160976973123231,0.08160976973123231,0.6787278616707656,-0.35104831086289523,0.3429930910567509,-0.04294251564797807
W000122,-0.49801001188213684,-0.49801001188213684,-0.5724381758091757,-0.35974158202888606,0.11751442422596652,-0.6297234672712521,-0.5489389806742538,0.05783149319662344,0.107585954345547,-0.5484378007417351,-0.5095057765449621,-0.3854209642398689,-0.36767879533330305,-0.3601331495983467,0.05783149319662344,6.7775208341097155,7.633028698671976,-0.9455320747457593,-0.40051506966299966,0.05783149319662344,0.05783149319662344,0.05783149319662344,-0.30117473588869803,0.32993456925117476,0.19335663642224937,0.12328756720970031,0.7473196789709772,0.057831189134691825,0.0578313878756858,0.2556790559499187,-0.12692000405781076,0.8282081214094691,-0.05104110696430982,-0.5985358149648935,0.4279384369269965,-0.05104110696430982,0.10050378152592128,-0.28105328612018227,-0.09551346449710965,-0.525447729540161,0.07359277607022731,0.6186118120501891,0.7455867765703386,-0.6182463247961942,0.7147216991382352,0.3368695364824935,-0.16227072341265517,0.6093067580993231,0.17601908677223763,0.40804884865616153,0.40804884865616153,-0.1385570751573541,-0.35104831086289523,-0.3424310214742595,-0.04294251564797807
W000123,-0.1497512623142089,-0.1497512623142089,-0.8002784083596962,-0.7406970948770064,-0.6345948485188198,-0.7350958038783141,-0.6645712636423574,0.05783149319662344,-0.890634240613134,-0.05762044866679038,0.4068088261526932,0.5150786074732936,-0.11822171618824533,-0.12701978608233477,0.05783149319662344,5.799609835288263,7.633028698671976,0.06782677132934505,-0.40051506966299966,0.05783149319662344,0.05783149319662344,0.05783149319662344,-0.5678983461071262,0.8538892633057197,1.3035867042869596,-0.30173108169602403,0.3445464609598744,0.05783116895135831,0.057831263320928035,0.1305372942530874,-0.12714609712430563,-0.3932218125388206,-0.5150511702762159,-0.5985358149648935,0.05902599130027542,-0.5150511702762159,0.10050378152592128,0.5249505905112511,0.14766084398209428,1.4052361988431632,-0.3577229969556618,-0.6146364121165022,-0.40986658945495125,0.5440031818703553,1.6510383355638705,-0.018978565435633234,-0.16227072341265517,1.2292538038430805,0.00413450509254711,0.7344879275810907,0.7344879275810907,-0.4214633994440106,-0.35104831086289523,-0.6361842125589785,-0.04294251564797807
W000124,0.198507487253719,0.198507487253719,0.2240893438679606,0.007495776601174,0.5499085111236139,-0.5153755031444479,-0.6252584490024772,0.05783149319662344,0.7730660843180011,0.6411037249948974,-0.020328973197867462,-0.16303784555557752,0.8945956157998844,0.5704092221027918,0.05783149319662344,5.066176586172174,7.633028698671976,1.0351238516737635,0.9495357269538522,0.05783149319662344,0.05783149319662344,0.05783149319662344,-0.35433126344383226,-0.6295804496906274,0.43897282884067756,-0.6664886614710608,-0.998327522882394,0.05783157101193784,0.057831571015130936,0.01739175167129192,-0.12627058292788793,-1.114840147875568,-0.2830461386202629,-0.5985358149648935,-0.3098864543264456,-0.2830461386202629,0.10050378152592128,0.2948257143422204,-0.6223911328687182,0.47998281282681254,-0.6820598073960278,0.0809513069874976,1.3899975472143804,-1.2664473879408358,-1.1579115737130352,-0.37482666735375997,-0.16227072341265517,-0.5179938829248341,-0.2425447123897593,0.08160976973123231,0.08160976973123231,-0.15951309917858786,-0.35104831086289523,-0.24451329111268635,-0.04294251564797807
W000125,-0.1497512623142089,-0.1497512623142089,-0.7009735672449772,-0.646990873108503,-0.3139111289789265,-0.6116463556980901,-0.48071153366572056,0.05783149319662344,0.107585954345547,0.881788869099535,0.4382879164822938,0.32790622989806534,0.1347757362311019,0.25033134294489734,0.05783149319662344,-0.0678561576404453,-0.12280063105399436,2.0945444634795547,3.6496373201875563,0.05783149319662344,0.05783149319662344,0.05783149319662344,-0.661436096664808,-0.13712823023609308,-0.8358867182342963,-0.8325776672770694,0.11452999688937149,0.05783174640495566,0.05783166222564592,-0.08354335359698496,-0.12664504815071306,0.4979005899452522,-0.747056201932169,1.0954334726715977,-0.6787988999531667,-0.747056201932169,0.10050378152592128,2.663120006457567,2.1335843632289264,1.719617689650391,-0.7774948464505188,-0.498383317725422,0.6798251633670797,-0.5520979152190905,0.7147216991382352,-0.37482666735375997,0.873499851561739,1.5963518025443886,0.36735596918209307,0.08160976973123231,0.08160976973123231,-1.5665604263185733,-0.35104831086289523,0.0688234460443465,0.4012904048483467
W000126,0.198507487253719,0.198507487253719,0.3573792215516717,0.11754911700565131,0.19539418541077158,-0.2233508558318309,-0.08405619817639261,0.05783149319662344,-0.557894175626907,-0.4140847801422694,-0.15021814227965152,0.5434884551481376,-0.4964205651317603,-0.3131916318064799,0.05783149319662344,-0.0678561576404453,-0.12280063105399436,1.8050133646009534,3.6496373201875563,0.05783149319662344,0.05783149319662344,0.05783149319662344,0.1338748637647693,0.41858216171402357,0.48736565280603117,-0.828124878917659,-0.10961878138114513,0.057831256058277665,0.05783156248065977,0.38478949163969417,-0.12696627483060677,-0.6478197258531203,-0.05104110696430982,-0.5985358149648935,-0.3098864543264456,-0.05104110696430982,0.10050378152592128,-0.7871012896761205,-0.2981587215631129,-1.0218564198174445,-0.3365327811589728,-0.32661836511299547,0.08927924958260428,0.041921468982461255,-0.22159493728740007,-0.37482666735375997,-0.16227072341265517,-1.1074209367156438,-0.2238796773996076,0.40804884865616153,0.40804884865616153,0.8044640057981681,-0.35104831086289523,0.7999424994107581,-0.9314083566406276
W000127,0.198507487253719,0.198507487253719,0.6517199659778632,0.3605771901359304,-0.24547668330225228,0.44462519754959196,0.7844551906144995,0.05783149319662344,0.7730660843180011,0.44796094858486374,-0.1250508065050616,-0.2245852762707561,0.16970187590438376,0.011951102759172617,0.05783149319662344,-0.0678561576404453,-0.12280063105399436,0.6205679600975846,3.6496373201875563,0.05783149319662344,0.05783149319662344,0.05783149319662344,-0.1652649132644837,-0.8236520220006178,-1.9047876887451085,-0.8236720905582485,0.5924318632412932,0.05783142292622553,0.057831119833485996,-0.3460215298053306,-0.12607209757284188,2.3433690223377193,-0.747056201932169,-0.5985358149648935,-1.0477113455798879,-0.747056201932169,0.10050378152592128,1.1939483832306506,1.6472357462705185,-0.17560570657683985,-0.10320320348722237,-0.21253747386970706,-0.11284929992364522,0.24523889732229243,-1.1579115737130352,-1.0865228711900135,-1.1980412983870494,-0.8329558970370922,-0.7954510120078143,-1.06092700650602,-1.06092700650602,-0.48882204808369095,-0.35104831086289523,1.0284172035877615,-0.48717543614430286
W000128,-0.1497512623142089,-0.1497512623142089,0.08405730060227866,0.09378143740388126,0.1399802226363715,0.0728312760085295,-0.03994145571217479,0.05783149319662344,-0.890634240613134,-0.9099354908487681,-0.4404192795244212,0.12723151213477363,-0.7451560764304791,-0.6501232938053708,0.05783149319662344,-0.0678561576404453,-0.12280063105399436,1.5878650404420032,3.6496373201875563,0.05783149319662344,0.05783149319662344,0.05783149319662344,0.4722257924018973,1.002500975088169,0.23277383370465118,-0.8192193021988381,1.5008471871953148,0.057831173938890965,0.057831423040415164,0.31606152878120236,-0.1272058084297465,0.981113781203496,0.4129689563475963,1.0954334726715977,0.05902599130027542,0.4129689563475963,0.10050378152592128,0.08623961968654689,0.02607368974249232,-0.6707927789473623,0.03706337421175604,0.5862701207386222,0.7618017237694079,-0.634556645001994,-0.22159493728740007,0.3368695364824935,0.873499851561739,0.7603755067034921,0.7539446879147562,0.08160976973123231,0.08160976973123231,0.3643875013522576,-0.35104831086289523,0.9304994732261882,0.8455233253446716
W000129,-0.8462687614500647,-0.8462687614500647,-0.2178490863245857,0.34104033010674617,-0.03547170442711467,0.46926490804985377,0.7060175392803062,0.05783149319662344,0.107585954345547,-0.4591874119553539,-0.45036063726340275,-0.4655907130969869,-0.22573304350185722,-0.2522265362107995,0.05783149319662344,-0.0678561576404453,-0.12280063105399436,2.0945444634795547,3.6496373201875563,0.05783149319662344,0.05783149319662344,0.05783149319662344,-0.14684726414759888,0.745510361063252,0.6464884018702491,0.9254573901574871,0.11273131593542737,0.057831151602192106,0.057831494139067074,0.4280908818024823,-0.1271106381959568,-0.6468569401254985,-0.747056201932169,-0.5985358149648935,-0.6787988999531667,-0.747056201932169,0.10050378152592128,0.785845154556507,0.26924799822169626,1.012154380813062,-1.2507957112228325,-1.0757066432274232,0.7138164878708343,-0.5862891697491897,-1.1579115737130352,-0.7306747692718867,-0.16227072341265517,-0.8561163329055649,-0.5098090375993534,0.7344879275810907,0.7344879275810907,-0.7582566426424114,-0.35104831086289523,0.0688234460443465,-0.48717543614430286
W000130,-0.8462687614500647,-0.8462687614500647,-0.8394432799159847,-0.48012951197941856,-0.4368427693346051,-0.5573402129073739,-0.4973973848976076,0.05783149319662344,0.7730660843180011,-0.5557907760198164,-0.6692840558123307,-0.21364084842440542,-0.6715101795269561,-0.6431853443446262,0.05783149319662344,-0.0678561576404453,-0.12280063105399436,-0.20854382305477423,0.9495357269538522,0.05783149319662344,0.05783149319662344,0.05783149319662344,-0.4548815977760372,0.25772753365794854,0.2366319793579098,-0.7024820340429616,0.31149897851802816,0.057831241531994766,0.057831671249090756,0.5326203429484597,-0.12688973278968418,0.27553436166133,0.8769790196595024,-0.5985358149648935,0.7968508825537176,0.8769790196595024,0.10050378152592128,-0.030361302791779995,0.9582418722461075,-0.1321419219978632,0.79255782173923,0.3626136484845024,-0.4704913782151738,0.6049845532524958,0.7147216991382352,0.3368695364824935,0.873499851561739,-0.15632196652933486,-0.27394239746904375,0.40804884865616153,0.40804884865616153,0.5889163301511915,-0.35104831086289523,0.49530956050808667,0.4012904048483467
W000131,-0.8462687614500647,-0.8462687614500647,-0.7282972848251925,-0.33329780058603475,-0.12444364605753641,-0.34630626507271506,-0.2672447191067118,0.05783149319662344,1.438546214290455,0.15407067285028309,-0.4508534096553675,-0.22801458338811423,-0.5521944491159285,-0.5606567916814408,0.05783149319662344,-0.0678561576404453,-0.12280063105399436,-0.04909924937162819,-0.40051506966299966,0.05783149319662344,0.05783149319662344,0.05783149319662344,-0.5778431975655666,-0.2645802183040707,-1.263602806085162,-0.3536802792224789,1.417123463198134,0.05783146106241981,0.05783175774477119,0.37311121742977493,-0.12657038845785598,2.469133287889215,-0.05104110696430982,1.0954334726715977,0.4279384369269965,-0.05104110696430982,0.10050378152592128,1.1962804016802169,1.241945232138512,0.3679980903242674,0.005752458333066387,-0.2713478627969594,-0.37784803030545105,0.51179629609729,0.7147216991382352,0.6927176384006203,0.873499851561739,1.0469617136720957,0.8977644691882138,0.7344879275810907,0.7344879275810907,-0.8929739399217717,-0.35104831086289523,-0.3424310214742595,-0.04294251564797807
W000132,-0.8462687614500647,-0.8462687614500647,-0.943044227197496,-0.6169936821989022,-0.4398809942898166,-0.5900238983944806,-0.5382372275451588,0.05783149319662344,-0.22515411064068,0.8352461543570152,0.6291700886264523,0.036550676079616005,0.9462760359238489,0.9712845716357621,0.05783149319662344,-0.0678561576404453,-0.12280063105399436,-0.8821971468660655,-0.40051506966299966,0.05783149319662344,0.05783149319662344,0.05783149319662344,-0.7254278713065033,1.0565737821853358,0.18709430505034297,-0.5538331159779772,1.7288685456112693,0.05783147078735623,0.05783177618848179,0.38356506551573466,-0.12722654983119194,1.1744762349428024,-1.443071296900028,1.0954334726715977,-1.4166237912066089,-1.443071296900028,0.10050378152592128,-0.934018451998812,-0.5818620814555175,-0.1915511358194337,-1.4611165098019097,-1.5581770979425154,-0.20582446644342808,0.3387609247768332,-0.22159493728740007,-1.0865228711900135,-1.1980412983870494,0.7751874509430086,-0.24580222251485595,-0.7344879275810907,-0.7344879275810907,0.5215576815115116,-0.35104831086289523,-1.02785513400527,-0.9314083566406276
W000133,-0.49801001188213684,-0.49801001188213684,-0.5399616454081205,-0.3239884228993792,0.2012449746219862,-0.6739240664829648,-0.6319140071551749,0.05783149319662344,1.438546214290455,0.43664921899854736,-0.3212109429565136,-0.3236219998756695,-0.05636628145928565,-0.18276420353044337,0.05783149319662344,-0.0678561576404453,-0.12280063105399436,-0.3998773114745489,0.9495357269538522,0.05783149319662344,0.05783149319662344,0.05783149319662344,-0.5575783459843706,-0.2986939822454218,-0.5023574680373135,-0.47798728758935305,0.04419726449144465,0.05783129761540782,0.05783181438860922,0.6370009788197017,-0.12655199214197205,0.6193870137814493,-0.747056201932169,1.0954334726715977,-0.3098864543264456,-0.747056201932169,0.10050378152592128,0.004618973951718186,-0.054984413083908994,-1.3803165093200602,-0.23334908110420008,-1.100566301474374,-1.7562564959487834,1.8983122787283813,-0.22159493728740007,-0.37482666735375997,-0.16227072341265517,0.43944955066223645,0.08171399477363346,0.7344879275810907,0.7344879275810907,0.05004714103375049,-0.35104831086289523,-0.5709057256512629,-0.48717543614430286
W000134,2.2880599846612864,2.2880599846612864,0.7419925242572748,-0.40342072068317303,-0.26993490034823675,-0.38374019922448255,-0.35432826691663366,0.05783149319662344,-0.557894175626907,4.70536573766391,4.211692468886709,-0.018376093821369992,6.966782718911248,7.075149215451971,0.05783149319662344,-0.0678561576404453,-0.12280063105399436,-0.14932155282960524,-0.40051506966299966,0.05783149319662344,0.05783149319662344,0.05783149319662344,-0.6450381725698032,-0.8380419346482758,-0.4914584927794435,-0.12154157941854915,-0.9042436568200829,0.057831643558722265,0.05783176521666496,0.16325630541082606,-0.12607126856987128,-0.492801747198177,-0.05104110696430982,-0.5985358149648935,-0.3098864543264456,-0.05104110696430982,0.10050378152592128,0.4045601380523793,0.10713179256889363,0.23828156420634525,-0.16914588995900814,-0.01711964253688082,0.2963675762997139,-0.16638490896450644,0.7147216991382352,-0.37482666735375997,-0.16227072341265517,0.9857278698965433,-0.2238796773996076,0.08160976973123231,0.08160976973123231,-0.515765507539563,-0.35104831086289523,0.14715763033360518,0.4012904048483467
W000135,-0.49801001188213684,-0.49801001188213684,-0.8994683150337346,-0.7197665127542625,-0.4412868689572827,-0.769353341006959,-0.6730140780651593,0.05783149319662344,-1.2233743055993611,0.7592234294343619,1.7358047761134359,1.6110414794345753,1.443201244648507,1.7639220513803622,0.05783149319662344,-0.0678561576404453,-0.12280063105399436,-0.5401885363157177,-0.40051506966299966,0.05783149319662344,0.05783149319662344,0.05783149319662344,-0.7070806456228618,1.8653516823209229,0.5554842481677188,1.3544835485866809,0.7516238547026584,0.057831257457494976,0.057831488598619286,0.29452696251267,-0.12746401360245488,-0.8098802511549176,-0.2830461386202629,-0.5985358149648935,-0.3098864543264456,-0.2830461386202629,0.10050378152592128,0.5668945334583156,1.1608871293121108,-0.351534042396466,-0.7691927096645026,-0.2991842438760693,1.0118434383322839,-0.8860690538467134,0.7147216991382352,-0.37482666735375997,0.873499851561739,0.4144637958558315,-0.2425447123897593,0.7344879275810907,0.7344879275810907,-0.36907333939092624,-0.35104831086289523,-0.6851430777397648,0.4012904048483467
W000136,0.198507487253719,0.198507487253719,-0.27675633118142906,-0.4060370476776249,-0.3461847831725448,-0.34016016812835814,-0.2155822231033826,0.05783149319662344,-1.888854435571815,-1.3047579160757556,-0.2994114696148545,0.2347150123009351,-0.6202957925489522,-0.3614555050328192,0.05783149319662344,-0.0678561576404453,-0.12280063105399436,-1.452211497783312,-1.7505658662798516,0.05783149319662344,0.05783149319662344,0.05783149319662344,0.9867648259422648,-0.06126951516991408,-0.23819470007503085,-0.48904504534855564,0.1273935516269344,0.05783325488533661,0.05783181438860922,-1.7097729151296095,-0.12662700865177054,0.4099196787729357,-1.443071296900028,-0.5985358149648935,-1.4166237912066089,-1.443071296900028,0.10050378152592128,-0.4442945775898397,-0.9466235441743235,0.031385089294972274,-1.0561303705831004,-1.3889866083200644,-0.9469434689958086,1.0842390378925262,-2.0942282101386707,-1.4423709731081402,-0.16227072341265517,-1.6131219124410499,-1.2455491329444681,0.08160976973123231,0.08160976973123231,3.8221314648558398,8.425159460709486,-0.11395631729725625,-1.8198741976332773
W000137,0.198507487253719,0.198507487253719,-0.3539321214186526,-0.46975871703136346,-0.2783099981233231,-0.6302651616595648,-0.5864283429765023,0.05783149319662344,1.438546214290455,-0.33907251836152796,-0.6770995299496506,-0.4353956835359487,-0.6255663973959118,-0.5571462070520642,0.05783149319662344,-0.0678561576404453,-0.12280063105399436,0.6524568748342132,0.9495357269538522,0.05783149319662344,0.05783149319662344,0.05783149319662344,-0.2771681501384226,-0.6809150562698394,-0.4184055924428167,-0.40503577163434573,-0.716665181464838,0.05783130976264516,0.05783170408367252,0.49018033543641293,-0.12623503363245478,-0.3035035162079487,0.8769790196595024,-0.5985358149648935,0.05902599130027542,0.8769790196595024,0.10050378152592128,-0.40348425472242533,0.47189325528769954,-0.2657944790223097,0.34147505636568326,0.6492640120245847,0.4133012129597389,-0.28400632538596826,-0.22159493728740007,-0.018978565435633234,-0.16227072341265517,-0.10620955067202822,-0.1352529651302233,-0.24482930919369691,-0.24482930919369691,-1.027691237201132,-0.35104831086289523,0.0688234460443465,1.2897562458409964
W000138,2.2880599846612864,2.2880599846612864,1.722761649447412,0.05931688665360549,0.16448565983107483,0.6796180053714382,0.24129126456810238,0.05783149319662344,-1.2233743055993611,-1.112299976288404,-0.49661936466197154,0.2454716350527631,-0.8186328059288815,-0.7072062407974689,0.05783149319662344,-0.0678561576404453,-0.12280063105399436,3.10790330955466,0.9495357269538522,0.05783149319662344,0.05783149319662344,0.05783149319662344,2.559979238740881,-0.3856820331781926,0.5816898725009799,0.20046923210614756,-1.2070218252557694,0.0578312908562855,0.05783167177379711,0.4741094606933941,-0.12648396725405564,-2.101290616519488,-0.5150511702762159,-0.5985358149648935,-0.3098864543264456,-0.5150511702762159,0.10050378152592128,1.5860189850640243,0.02607368974249232,2.181154399566177,-0.3895083206506952,-0.13433816054920186,0.5000755236219141,-0.3712910248155728,-1.1579115737130352,-0.37482666735375997,-0.16227072341265517,-0.5062116928020916,-0.24580222251485595,0.7344879275810907,0.7344879275810907,0.28580241127263106,1.8430036320302,-0.11395631729725625,-0.9314083566406276
W000139,0.8950249863895748,0.8950249863895748,-0.4047693713516044,-0.7136797643805667,-0.7730113836419337,-0.4493080900577346,-0.36000257388674495,0.05783149319662344,-0.557894175626907,-0.8367271855854092,-0.5103209280413756,-0.018106169877143922,-0.8093038008856623,-0.8074068603333538,0.05783149319662344,-0.0678561576404453,-0.12280063105399436,0.5021234196472476,0.9495357269538522,0.05783149319662344,0.05783149319662344,0.05783149319662344,0.0024793998152032597,-0.33544200235684507,0.8151019602714149,-0.48577966721832133,-0.6101425914011768,0.05783122854974064,0.05783115348991966,-0.07260920576074274,-0.12650795150010025,-0.622872078068771,0.18096392469164324,-0.5985358149648935,0.05902599130027542,0.18096392469164324,0.10050378152592128,0.4572425548448593,0.10713179256889363,-0.36520059242821307,-0.3118635747090961,0.9482235267354873,1.6881294233040482,-1.5663328148176865,1.6510383355638705,-0.018978565435633234,0.873499851561739,0.9867783308373091,-0.08231085614525901,-0.24482930919369691,-0.24482930919369691,1.0787974111670473,-0.35104831086289523,-0.4185892561999271,-0.48717543614430286
W000140,0.5467662368216469,0.5467662368216469,-0.09091657426999275,-0.3935804557157234,-0.14405298313025294,-0.33938628007893795,-0.48265647237769166,0.05783149319662344,1.105806149304228,0.19296283707425368,-0.35523125298786523,-0.038574288336321864,-0.20567478158876765,-0.29143702348108763,0.05783149319662344,-0.0678561576404453,-0.12280063105399436,0.06782677132934505,-0.40051506966299966,0.05783149319662344,0.05783149319662344,0.05783149319662344,-0.3471586455494939,-0.5491299292613868,-0.5658623165198818,-0.6459316218784493,-0.431955753956526,0.05783117238357818,0.057831795391982244,0.7643773745659693,-0.12635854084353404,0.11064567097153279,-0.5150511702762159,-0.5985358149648935,0.05902599130027542,-0.5150511702762159,0.10050378152592128,0.6167738169629334,1.241945232138512,0.37504136318434717,-0.7413607844390007,-0.9233306150082495,-0.32507286939586383,0.4587107224731338,-0.22159493728740007,-0.018978565435633234,0.873499851561739,-0.49550953546846116,0.00413450509254711,-0.40804884865616153,-0.40804884865616153,-0.4214633994440106,-0.35104831086289523,-0.6361842125589785,-0.04294251564797807
W000141,-0.49801001188213684,-0.49801001188213684,-0.6793396040479153,-0.47742853096685034,-0.1057475276462179,-0.7029339953670697,-0.7647585329714369,0.05783149319662344,0.440326019331774,-0.6788629900221451,-0.6729791607937459,-0.5712188217887992,-0.3058473129386873,-0.341732524400066,0.05783149319662344,-0.0678561576404453,-0.12280063105399436,0.8278459058856741,-0.40051506966299966,0.05783149319662344,0.05783149319662344,0.05783149319662344,-0.3014725225997339,0.013506876739776678,0.2506678445534441,-0.14417658691221877,-0.32021089868641595,0.057831288146242305,0.05783140001539743,0.15151940306237466,-0.12674504262092828,-0.5181579551091706,0.4129689563475963,-0.5985358149648935,0.4279384369269965,0.4129689563475963,0.10050378152592128,0.8208254313000053,1.241945232138512,-0.024143542732749105,0.8276640001486698,0.6048545254475076,-0.2172259869004596,0.3502295066478771,-0.22159493728740007,0.3368695364824935,0.873499851561739,0.05997144829828383,0.1723877452266973,0.40804884865616153,0.40804884865616153,-0.5786335796032641,-0.35104831086289523,0.3429930910567509,0.8455233253446716
W000142,-0.1497512623142089,-0.1497512623142089,0.8195363609431764,0.7877955777092667,0.5113098560929508,1.1541858069534106,1.0455123802078128,0.05783149319662344,2.104026344262909,1.6867874316246279,0.03650674425456332,-0.1588304473661889,1.3451531641482297,0.6702333498763096,0.05783149319662344,-0.0678561576404453,-0.12280063105399436,0.3718344251518765,0.9495357269538522,0.05783149319662344,0.05783149319662344,0.05783149319662344,-0.39393460706674455,-0.8506079170557755,-0.6805992178164926,-0.8157312846506333,-0.5824249829251951,0.05783118983430048,0.057831512208524755,0.403915794371599,-0.12606379905980433,0.31617697854111265,0.18096392469164324,2.789402760308089,0.4279384369269965,0.18096392469164324,0.10050378152592128,-1.152910183742216,-0.8655654413479221,-1.1258183987743795,-0.008321640218465832,0.10267333846541571,0.21568474258373926,-0.08522751530401818,0.7147216991382352,0.6927176384006203,-1.1980412983870494,1.4239915377077026,1.4122296437196276,0.40804884865616153,0.40804884865616153,1.0787974111670473,-0.35104831086289523,0.00028103479124569775,-0.9314083566406276
W000143,-1.1945275110179927,-1.1945275110179927,-0.3230357364027718,0.6329679074428276,-0.14004259355618226,0.6363153712200728,1.181848485677735,0.05783149319662344,-0.890634240613134,-0.23667603473766846,0.22882191111553488,-0.2587729895976466,0.47672335905885044,0.6353649325807582,0.05783149319662344,-0.0678561576404453,-0.12280063105399436,0.06782677132934505,0.9495357269538522,0.05783149319662344,0.05783149319662344,0.05783149319662344,-0.3035508662548625,0.5019770910609395,0.20682007644667708,-0.026400334805813223,1.2018015451966269,0.05783198386567345,0.0578306921921618,-1.531333665650262,-0.1269370316849957,1.2031238955578616,-0.5150511702762159,-0.5985358149648935,0.05902599130027542,-0.5150511702762159,0.10050378152592128,-0.362673931855011,-0.2171006187367116,-1.0444698927015,-0.9236124538844038,-0.5384483980069154,0.96272377125517,-0.8366604749229408,0.7147216991382352,-0.018978565435633234,-0.16227072341265517,0.4290832071781357,0.00413450509254711,-0.40804884865616153,-0.40804884865616153,0.05004714103375049,-0.35104831086289523,-0.6361842125589785,-0.48717543614430286
W000144,0.8950249863895748,0.8950249863895748,-0.25123701547970506,-0.6122662202015169,-0.43186085802385343,-0.5576406840466507,-0.4767683741088703,0.05783149319662344,-1.2233743055993611,-1.3903974010262303,-0.828344526406575,-0.33313555844035053,-0.849201190830755,-0.7089687959783819,0.05783149319662344,-0.0678561576404453,-0.12280063105399436,0.3718344251518765,-0.40051506966299966,0.05783149319662344,0.05783149319662344,0.05783149319662344,1.391470673952884,0.7158241641620203,1.440705429773839,-0.15990977244880225,0.16756196907466028,0.05783114443120341,0.05783181191741153,0.8177064313461567,-0.12710693147288177,-0.5211539626615851,0.4129689563475963,1.0954334726715977,0.4279384369269965,0.4129689563475963,0.10050378152592128,0.5487566121839099,0.06660274115569298,0.7777416327201622,-0.06398549066946967,0.4375144310991015,0.7379851490510072,-0.6105999860567967,0.7147216991382352,0.6927176384006203,-0.16227072341265517,0.8565260288106741,0.8222456529796143,-0.40804884865616153,-0.40804884865616153,0.05004714103375049,-0.35104831086289523,-0.11395631729725625,0.4012904048483467
W000145,-0.1497512623142089,-0.1497512623142089,0.801266443539484,0.7705556837352672,0.4997426128817187,0.21927576400212548,0.24892212583785633,0.05783149319662344,-0.890634240613134,-0.7389667549909468,-0.2704709493388956,-0.20359650189611597,-0.3864317693298649,-0.19980323134005606,0.05783149319662344,-0.0678561576404453,-0.12280063105399436,0.06782677132934505,0.9495357269538522,0.05783149319662344,0.05783149319662344,0.05783149319662344,0.7490091005976288,0.8095378567896911,1.1723754065659002,-0.7487168198415065,0.3085979455972712,0.05783173651640109,0.057831784707907605,0.07516978219470595,-0.12712746307497236,-0.39988111156206213,-0.2830461386202629,1.0954334726715977,-0.3098864543264456,-0.2830461386202629,0.10050378152592128,0.74827374620238,1.4040614377913145,0.46011941365999176,-0.41022412863104035,-0.9121477913955436,-0.9738277138137814,1.1112814103461,-0.22159493728740007,-0.018978565435633234,-0.16227072341265517,-0.29382686755063675,0.7482805164342575,0.7344879275810907,0.7344879275810907,0.25960738124608884,-0.35104831086289523,0.3429930910567509,-0.48717543614430286
W000146,0.198507487253719,0.198507487253719,-0.763559720513381,-0.8079755898025662,-0.928911887356808,-0.3520561414850087,-0.2960519609509472,0.05783149319662344,-1.2233743055993611,-1.0395816292106232,-0.4098781606795246,0.18937872339688583,-0.6940080511783676,-0.5666354991436025,0.05783149319662344,-0.0678561576404453,-0.12280063105399436,-0.5401885363157177,-0.40051506966299966,0.05783149319662344,0.05783149319662344,0.05783149319662344,-0.10315670537969611,0.11201201171046701,-0.017811009198982458,-0.3782448283385597,1.039505385979886,0.05783180666909462,0.057831128608682655,-0.7956091552105637,-0.12677276184297118,1.4993151596321315,-0.05104110696430982,2.789402760308089,0.05902599130027542,-0.05104110696430982,0.10050378152592128,0.6902323981242798,-0.2576296701499123,-0.24078658818584098,0.3120617717523687,-0.42645925794298206,-1.07046187822216,1.2084839571672876,0.7147216991382352,0.6927176384006203,0.873499851561739,1.4136208841806945,1.4611690436088516,-0.24482930919369691,-0.24482930919369691,0.9930682219892727,-0.35104831086289523,0.14715763033360518,-0.04294251564797807
W000147,-1.5427862605859206,-1.5427862605859206,-0.6565372865112894,0.6168136826966583,1.7896512412283485,-0.18083718032925705,0.25347857962962766,0.05783149319662344,-0.22515411064068,-0.12181816839507367,-0.08434406375249666,-0.012046335796564092,0.09469754562936257,0.10028670015059163,0.05783149319662344,-0.0678561576404453,-0.12280063105399436,0.8278459058856741,-0.40051506966299966,0.05783149319662344,0.05783149319662344,0.05783149319662344,-0.4915003314637924,1.6257630506071865,1.972454068221622,0.37717071683541764,0.16085131958568885,0.05783155540238993,0.0578315786638075,0.045278451256940015,-0.12739476026395682,-1.4702573497079023,-1.9070813602119343,-0.5985358149648935,-1.7855362368333298,-1.9070813602119343,0.10050378152592128,0.004618973951718186,0.43136420387449886,1.2603293819992105,-1.733189392475069,-1.649570534086645,0.9043378324235954,-0.7779311219273337,-3.0305448465643057,-1.798219075026267,-2.2338118733614434,-4.250275567788412,-1.7454225881592742,-0.7344879275810907,-0.7344879275810907,-1.835995020877294,1.8430036320302,-1.02785513400527,-0.9314083566406276
W000148,-1.1945275110179927,-1.1945275110179927,-0.8985596435943034,-0.31741676646860767,0.09866196773453678,-0.562429771433929,-0.3612567364468872,0.05783149319662344,-0.557894175626907,-1.1774090783826785,-0.8005911353724257,-0.3364645689057068,-0.7972475467351813,-0.6359346600534105,0.05783149319662344,-0.0678561576404453,-0.12280063105399436,0.5021234196472476,-0.40051506966299966,0.05783149319662344,0.05783149319662344,0.05783149319662344,-0.08772651314612824,1.9972050867247615,0.9941794508004097,-0.32495979430428173,1.9153986847393456,0.057831151602192106,0.05783149714625513,0.43169651232220824,-0.12749951041729238,0.4582473422919077,-0.979061233588122,-0.5985358149648935,-1.0477113455798879,-0.979061233588122,0.10050378152592128,-1.0836563025126646,-0.5818620814555175,-1.012841314645195,-0.9222682984047631,-0.7600935710501168,0.5043496493424181,-0.3755902900703668,-1.1579115737130352,-1.0865228711900135,-1.1980412983870494,-1.5053886925008946,-0.8273591652029149,-0.5712683881186261,-0.5712683881186261,-1.835995020877294,-0.35104831086289523,0.3429930910567509,0.4012904048483467
W000149,2.984577483797142,2.984577483797142,1.9833331091656194,-0.0307079356401528,-0.3396852986795435,0.8591759804259677,0.3520765110223923,0.05783149319662344,-0.22515411064068,0.05468008241075263,0.04723956843008899,-0.5560865354417155,0.6643977145320411,0.6532126190582968,0.05783149319662344,-0.0678561576404453,-0.12280063105399436,0.8278459058856741,-0.40051506966299966,0.05783149319662344,0.05783149319662344,0.05783149319662344,0.5228048807451589,-1.1971530920072957,-1.1341889234013778,0.07542009234603833,-1.0257279540976583,0.0578317148247715,0.057831790677147686,0.10833526917665082,-0.1256304425675545,-0.10814642518229572,1.3409890829714086,-0.5985358149648935,1.1657633281804387,1.3409890829714086,0.10050378152592128,0.13215123291238803,-0.37921682438951426,0.05765598598937389,1.0824209975252812,1.6310193828580464,0.5264871394964664,-0.39785798841883924,0.7147216991382352,1.048565740318747,-0.16227072341265517,0.1078685166183606,0.4568394323067372,0.40804884865616153,0.40804884865616153,0.8751905868698324,-0.35104831086289523,0.21837052514202188,-0.04294251564797807
W000150,1.5915424855254308,1.5915424855254308,0.7276344198078396,-0.22498337718710765,-0.2717113920640657,0.3122729545654585,0.03190817167275131,0.05783149319662344,0.107585954345547,0.05331913256093572,-0.11072882870424507,-0.23836787528533002,0.11546351642062133,0.04155039639859801,0.05783149319662344,-0.0678561576404453,-0.12280063105399436,0.5745061943668978,-0.40051506966299966,0.05783149319662344,0.05783149319662344,0.05783149319662344,0.022076810282240872,-0.7276059570320016,0.1018029545554567,-0.8265664029918652,-0.9643556940756228,0.057831375287013695,0.05783168858508793,0.3930335098886737,-0.12618836976018527,-0.8531330957988557,1.1089840513154554,-0.5985358149648935,0.4279384369269965,1.1089840513154554,0.10050378152592128,-0.21847745772348034,-0.8655654413479221,0.39780318170251444,2.0487897194175666,0.6163591569339606,-1.3054087658024753,1.4448127543409912,1.6510383355638705,0.3368695364824935,-0.16227072341265517,0.6789192163857457,0.0943355992989839,-0.7344879275810907,-0.7344879275810907,0.30151942928855635,-0.35104831086289523,0.7999424994107581,0.8455233253446716
W000151,2.2880599846612864,2.2880599846612864,2.646797696722442,0.49528720691229805,-0.2573425045391804,1.8741183178798138,1.1197207275049326,0.05783149319662344,0.440326019331774,0.3869204349258178,-0.03732570345072393,-0.49061254488976824,0.45239005190272347,0.351218313050182,0.05783149319662344,-0.0678561576404453,-0.12280063105399436,0.8278459058856741,-0.40051506966299966,0.05783149319662344,0.05783149319662344,0.05783149319662344,0.5332474511450244,-0.9582236740695765,-0.3577285243055151,-0.36748392313665124,-0.9269066299096546,0.05783115929412595,0.0578317119542679,0.680029522645475,-0.12595043909350812,-0.32502679267861034,-0.5150511702762159,-0.5985358149648935,-0.3098864543264456,-0.5150511702762159,0.10050378152592128,-0.5565229654752292,0.26924799822169626,-0.9919383457007754,-0.6029918380053974,-0.6347494042256857,0.02559003067205835,0.10598529486701137,-0.22159493728740007,-0.37482666735375997,0.873499851561739,-0.31744966871177555,-0.24580222251485595,0.7344879275810907,0.7344879275810907,0.28580241127263106,-0.35104831086289523,-0.6361842125589785,-0.48717543614430286
W000152,-0.1497512623142089,-0.1497512623142089,-0.08185408301896871,-0.06277617583041925,-0.14397985754615827,0.14772839149220066,0.17231198935031017,0.05783149319662344,0.7730660843180011,1.6720124571673665,0.5386287802948372,-0.185138653264027,0.8909714071986892,0.9500070485945209,0.05783149319662344,-0.0678561576404453,-0.12280063105399436,-1.452211497783312,-1.7505658662798516,0.05783149319662344,0.05783149319662344,0.05783149319662344,-0.5859695521176957,-0.527821134296173,0.39459842957649244,-0.6900142266366125,-0.6595917122311797,0.05783116666446551,0.0578310750641854,-0.09244130108343822,-0.1263560769170689,-0.4289730464993376,0.4129689563475963,1.0954334726715977,0.05902599130027542,0.4129689563475963,0.10050378152592128,-0.21983780181906076,-0.4197458758027149,-0.3278878150758063,0.7936647733106987,0.4901300184567254,-0.3150109028183303,0.44858957346383715,1.6510383355638705,0.3368695364824935,-0.16227072341265517,1.8091615061366961,0.7539446879147562,-0.5712683881186261,-0.5712683881186261,0.20721732119300446,-0.35104831086289523,0.3429930910567509,-0.04294251564797807
W000153,-0.1497512623142089,-0.1497512623142089,-0.37423886240606086,-0.3386768536969771,-0.4592268221069211,-0.30311962770696393,-0.1913685804469019,0.05783149319662344,-0.557894175626907,-0.7027488027513932,-0.39616771419196534,0.07329987549256055,-0.6218694820510282,-0.5227585509622542,0.05783149319662344,-0.0678561576404453,-0.12280063105399436,0.5021234196472476,0.9495357269538522,0.05783149319662344,0.05783149319662344,0.05783149319662344,-0.08565259027887841,0.08837002568178164,-0.11522632481790691,-0.38596299482820445,0.7695661543375973,0.057831489137038034,0.05783109045369125,-0.4606350307788344,-0.1267710629583039,1.1770041662301018,0.8769790196595024,1.0954334726715977,1.1657633281804387,0.8769790196595024,0.10050378152592128,-0.4851049004572541,0.18818989539529496,-0.6289561835043304,0.12142889755155872,0.9549010401157361,1.0367423707020178,-0.9111144366498255,-0.22159493728740007,1.048565740318747,0.873499851561739,0.1535324105578251,1.1791551417123343,-0.8977074670435554,-0.8977074670435554,-0.7582566426424114,-0.35104831086289523,0.0688234460443465,2.178222086833646
W000154,1.2432837359575029,1.2432837359575029,0.14743972696130483,-0.45552058668722467,-0.7001787365082301,-0.2526313828620517,-0.23233957867420155,0.05783149319662344,1.438546214290455,1.7217688486352496,0.2683811582846199,-0.19806260707736245,1.0184697174185415,0.6517942966708443,0.05783149319662344,-0.0678561576404453,-0.12280063105399436,-0.3998773114745489,-0.40051506966299966,0.05783149319662344,0.05783149319662344,0.05783149319662344,-0.5418999514795009,-0.9709895208314493,-1.34401709412222,-0.561699708746269,-0.07164456801401005,0.05783126734040754,0.05783179452499432,0.6494842624702353,-0.12593492385915733,1.5717476982735399,-0.2830461386202629,1.0954334726715977,0.05902599130027542,-0.2830461386202629,0.10050378152592128,-1.1199321450614774,-1.4329721611327313,-0.6272153075305517,-0.7971827708287857,-0.7669319883672392,0.17620993171371668,-0.045520521661113436,-1.1579115737130352,0.3368695364824935,0.873499851561739,-0.5179938829248341,0.9704464965297269,-0.24482930919369691,-0.24482930919369691,-1.416874540452617,-0.35104831086289523,-0.24451329111268635,0.8455233253446716
W000155,-0.1497512623142089,-0.1497512623142089,-0.9002754591383371,-0.8350565008362262,-0.4111509700448981,-0.6729430300651216,-0.623177475828598,0.05783149319662344,-1.2233743055993611,-1.3268585344898962,-0.7525529551660115,-0.25799350766295354,-0.7846174760908943,-0.6339352946418306,0.05783149319662344,-0.0678561576404453,-0.12280063105399436,-0.5401885363157177,-0.40051506966299966,0.05783149319662344,0.05783149319662344,0.05783149319662344,0.15120278150981184,1.092736499059457,0.26637519124860976,-0.025138711437313603,2.1785069715941607,0.05783178858270639,0.05783174049904607,-0.040264512718247686,-0.12722838845835624,1.5932170357561881,-0.05104110696430982,-0.5985358149648935,0.7968508825537176,-0.05104110696430982,0.10050378152592128,1.1146597559453881,2.0119972089893245,0.4566301469187161,-0.5041568762671094,0.18819378091366365,1.1762810198158604,-1.0514738235901813,0.7147216991382352,0.6927176384006203,-0.16227072341265517,0.9210879379324504,0.3759684688581594,-0.24482930919369691,-0.24482930919369691,-0.1385570751573541,-0.35104831086289523,-0.7232221951025986,0.4012904048483467
W000156,0.198507487253719,0.198507487253719,-0.6421631623750262,-0.7077421964729168,-0.2872906999649031,-0.7318082420272852,-0.7063295487086181,0.05783149319662344,0.107585954345547,-0.01829370885720559,-0.15818578141469078,-0.13972304655313653,-0.38959671251652156,-0.30619876541301166,0.05783149319662344,-0.0678561576404453,-0.12280063105399436,-0.9455320747457593,-0.40051506966299966,0.05783149319662344,0.05783149319662344,0.05783149319662344,-0.5098108895422631,-0.1711427461583449,-0.8173630396972861,0.2714912064387437,0.4101424712567567,0.05783129641366069,0.05783144944123187,0.20086851120759247,-0.126630167618121,1.024245257219263,-0.2830461386202629,-0.5985358149648935,-0.3098864543264456,-0.2830461386202629,0.10050378152592128,0.2948257143422204,-0.7034492356951195,1.0023369400134692,-0.5605323384426288,-0.06257500470363538,0.9366222359752764,-0.810405415745041,-0.22159493728740007,-0.37482666735375997,0.873499851561739,0.16912469706171007,-0.3263998732797426,-0.7344879275810907,-0.7344879275810907,1.30740858230778,-0.35104831086289523,-0.24451329111268635,-1.3756412771369524
W000157,0.5467662368216469,0.5467662368216469,0.6851959173602944,0.17603033856120526,-0.2609171377072883,0.7069003199281012,0.5300877499015532,0.05783149319662344,-0.22515411064068,-0.7988629231746225,-0.5890969866699639,-0.37397262878261794,-0.5435638791315305,-0.4521845217648226,0.05783149319662344,-0.0678561576404453,-0.12280063105399436,0.2578315549684276,-0.40051506966299966,0.05783149319662344,0.05783149319662344,0.05783149319662344,0.760550634445598,-0.14125512915429386,0.2671994834950033,-0.5526457057488011,-0.49825275510631734,0.05783142007137086,0.05783161459020737,0.2506167416805098,-0.1266510812685707,-0.6668203369283099,-0.05104110696430982,-0.5985358149648935,0.05902599130027542,-0.05104110696430982,0.10050378152592128,-0.9503425811457779,-1.0276816470007248,-0.7127476960963623,-0.2743853572179373,-0.37287824696411737,-0.10071934078879721,0.23303759224594897,-0.22159493728740007,-0.018978565435633234,-0.16227072341265517,-0.6722391557482387,-0.023930295313685873,-0.5712683881186261,-0.5712683881186261,0.8044640057981681,-0.35104831086289523,0.14715763033360518,-0.9314083566406276
W000158,-2.239303759721776,-2.239303759721776,-1.391916017049901,0.03593469456470693,0.5508704530103727,-0.7195981616189886,-1.0165937188309344,0.05783149319662344,0.107585954345547,-0.5407830035562255,-0.5044330362256713,-0.5281501702570277,-0.6174618255047188,-0.5029249316218849,0.05783149319662344,-0.0678561576404453,-0.12280063105399436,0.5745061943668978,-0.40051506966299966,0.05783149319662344,0.05783149319662344,0.05783149319662344,-0.7818382184262854,1.529191839745664,0.7494333446420636,1.7266624422940684,1.233049676819065,0.05783214938330138,0.05783165984848163,-0.5695661121715317,-0.12734922950891897,0.12630021320930804,-1.2110662652440751,-0.5985358149648935,-1.0477113455798879,-1.2110662652440751,0.10050378152592128,0.347425686037999,1.6472357462705185,0.7459057964966898,-0.9210032108945131,-1.2448166808814376,-0.8063260949970626,0.9427945812278753,-1.1579115737130352,-1.0865228711900135,-0.16227072341265517,-1.1996698868177116,-0.823727823657375,-0.7344879275810907,-0.7344879275810907,1.936089302944795,4.037055574923295,-0.3424310214742595,-1.8198741976332773
W000159,1.9398012350933587,1.9398012350933587,0.25291921318586436,-0.5659174695406418,-0.17237913249243766,-0.5295524074587413,-0.6134286391357069,0.05783149319662344,0.440326019331774,0.05070910777025099,-0.2378485184070143,-0.13000482834291738,-0.30009155362429296,-0.3502637450667484,0.05783149319662344,-0.0678561576404453,-0.12280063105399436,1.2838573866194718,-0.40051506966299966,0.05783149319662344,0.05783149319662344,0.05783149319662344,-0.16657771744780803,-1.0080436834406312,-1.1467250346486126,0.3562426115461887,-0.46715977907949363,0.05783151571088285,0.05783176008808345,0.31039714862763657,-0.12588321453760212,0.872753427084498,1.5729941146273616,-0.5985358149648935,1.1657633281804387,1.5729941146273616,0.10050378152592128,0.019022617316687616,-0.054984413083908994,-0.14380183773085273,0.6788580817555033,1.801255748070175,1.0933713965606715,-0.9680765428693393,0.7147216991382352,0.6927176384006203,-0.16227072341265517,0.42721642119808545,0.10148113039421185,0.7344879275810907,0.7344879275810907,1.3813710200297822,-0.35104831086289523,0.11451838687974765,-0.04294251564797807
W000160,0.198507487253719,0.198507487253719,-0.22093203226855665,-0.359944646079972,-0.24609189438270387,-0.45320636453351987,-0.403028452330712,0.05783149319662344,0.107585954345547,0.055410961131371755,-0.10934259953668703,-0.33970721066322407,0.008008884493758268,0.16473998866669945,0.05783149319662344,-0.0678561576404453,-0.12280063105399436,0.06782677132934505,-0.40051506966299966,0.05783149319662344,0.05783149319662344,0.05783149319662344,-0.357580090637688,-0.6255830008606806,-0.9227923077117032,1.1943315939265529,-0.21356513975332952,0.05783190669056404,0.057831428844156464,-0.5555517321339476,-0.12625696822895555,0.679580335891029,-0.979061233588122,-0.5985358149648935,-0.6787988999531667,-0.979061233588122,0.10050378152592128,-0.19943264038535358,0.6340094609405021,-1.1807223942186553,-0.6819807394266372,-1.0770743266908478,-0.864263783806384,1.0010730476861753,-1.1579115737130352,-0.7306747692718867,-1.1980412983870494,-0.872946380120914,-0.4941101950597111,0.7344879275810907,0.7344879275810907,-0.264293219284757,-0.35104831086289523,-1.02785513400527,-0.48717543614430286
W000161,-1.1945275110179927,-1.1945275110179927,-1.3372802393070562,-1.0418928917600199,-0.6065525633296621,-0.9550469572453774,-0.8256584951498411,0.05783149319662344,-0.22515411064068,0.3744346602614821,0.2856241901955271,0.19712944080689043,0.19757838592805244,0.14778470568225965,0.05783149319662344,-0.0678561576404453,-0.12280063105399436,0.2578315549684276,0.9495357269538522,0.05783149319662344,0.05783149319662344,0.05783149319662344,-0.8198579735508189,1.0675989887293509,0.8148042991824395,0.12922461835558088,1.856773040923573,0.05783150791363157,0.057831435838360576,-0.06903063438187773,-0.12721889647211096,1.2977604194923131,-0.747056201932169,-0.5985358149648935,-0.6787988999531667,-0.747056201932169,0.10050378152592128,-0.5084250849529193,-0.054984413083908994,-1.0862173887040818,-0.36776462906827184,-0.4626626437395122,-0.09744920625667801,0.22974822345059703,-1.1579115737130352,-0.7306747692718867,0.873499851561739,-1.7545447203325886,-0.5098090375993534,-0.40804884865616153,-0.40804884865616153,-0.48882204808369095,1.8430036320302,0.0688234460443465,-0.04294251564797807
W000162,0.198507487253719,0.198507487253719,0.15743249065293366,-0.047540730931469044,-0.18340132027274336,0.2360728367630213,0.15328544156585253,0.05783149319662344,-0.890634240613134,-0.28865713025150513,0.17715105831624092,-0.07127450302188496,-0.01244690507743842,0.11880526355873038,0.05783149319662344,-0.0678561576404453,-0.12280063105399436,0.06782677132934505,0.9495357269538522,0.05783149319662344,0.05783149319662344,0.05783149319662344,-0.04867214613159107,0.6695282075801808,1.9384291160510445,-0.6172111369602521,0.030894164773659232,0.05783116780791191,0.05783142464086359,0.3253315394544941,-0.1270769608352449,-0.6990843855253402,-0.5150511702762159,1.0954334726715977,-0.3098864543264456,-0.5150511702762159,0.10050378152592128,-0.8013849026797153,-1.2708559554799286,0.5342655619998784,-0.7496629212250169,0.16341457463514966,1.6435367879781695,-1.521477894721043,0.7147216991382352,-0.37482666735375997,0.873499851561739,1.1691715359700927,0.3028538239047705,-1.06092700650602,-1.06092700650602,0.7573129517503921,1.8430036320302,-0.11395631729725625,-0.48717543614430286
W000163,-0.8462687614500647,-0.8462687614500647,-1.0460021018938868,-0.7530083081037542,-0.3341018850716883,-0.7372752466951612,-0.6405030086448702,0.05783149319662344,0.440326019331774,1.3277824348788765,0.5238222457041736,0.009357021897979276,1.9161244976256397,1.4886909603439276,0.05783149319662344,-0.0678561576404453,-0.12280063105399436,-0.08417705558192015,-0.40051506966299966,0.05783149319662344,0.05783149319662344,0.05783149319662344,-0.7801215461767328,0.0002832534786088136,-1.8319752069803465,-0.8080873313003121,1.850104647255874,0.05783171884940192,0.0578315171584428,-0.22444030006012364,-0.1267268654191476,2.5555540927242175,-0.979061233588122,-0.5985358149648935,-0.6787988999531667,-0.979061233588122,0.10050378152592128,-0.2538464042085725,0.26924799822169626,-0.23027867641141447,-0.9068500443735902,-1.1844777045538872,-0.6503200180175566,0.7858709083754268,-0.22159493728740007,-0.7306747692718867,1.9092704265361333,0.006104838328206546,-0.4941101950597111,-0.7344879275810907,-0.7344879275810907,-1.835995020877294,-0.35104831086289523,-0.47951584398046176,-0.04294251564797807
W000164,-0.8462687614500647,-0.8462687614500647,-0.9826623038689238,-0.6693319602900573,-0.2506836486487485,-0.7343163771707633,-0.7095654446090837,0.05783149319662344,-0.557894175626907,-0.8921565421918015,-0.5575482423616547,-0.1189867717043662,-0.6720195321927827,-0.6606809353349707,0.05783149319662344,-0.0678561576404453,-0.12280063105399436,-0.14932155282960524,0.9495357269538522,0.05783149319662344,0.05783149319662344,0.05783149319662344,-0.4046239868191488,1.1775758427345162,2.439781977913066,2.030639460963153,-0.5870473648434397,0.057831732155131016,0.057831765043643506,0.05682142976255437,-0.1272596569027496,-2.4174282877563136,-0.05104110696430982,1.0954334726715977,0.05902599130027542,-0.05104110696430982,0.10050378152592128,0.3882360089054133,-0.17657156732351095,0.7117176467876252,0.1406424141134819,-0.20899758725849077,-0.4719519356028586,0.606453701340344,-1.1579115737130352,-0.37482666735375997,-1.1980412983870494,-0.8339436298922862,-0.06295636827754214,-0.7344879275810907,-0.7344879275810907,0.6158597896070634,1.8430036320302,0.14715763033360518,-0.48717543614430286
W000165,0.198507487253719,0.198507487253719,0.27273871618719053,0.04766406263574559,0.052446498985251694,0.554280458009392,0.4624958272176829,0.05783149319662344,-0.557894175626907,-1.309297416300514,-0.9129635742996067,-0.6472359859677104,-0.8616046007033684,-0.7083991062954887,0.05783149319662344,-0.0678561576404453,-0.12280063105399436,2.4564583370778075,0.9495357269538522,0.05783149319662344,0.05783149319662344,0.05783149319662344,1.78484287179498,0.31144858056845587,0.7449226342937434,2.7575571606369036,-0.9975655008231564,0.05783122994707728,0.05783140623288568,0.22875521079324057,-0.1269100776683437,-2.4433991001939237,-1.2110662652440751,1.0954334726715977,-1.0477113455798879,-1.2110662652440751,0.10050378152592128,0.31477742774406703,-0.37921682438951426,0.1618471656340795,-1.077004314502227,-0.6805265742661871,1.1029947369528137,-0.9777564857836316,-0.22159493728740007,-0.7306747692718867,0.873499851561739,-0.6722391557482387,-0.10198244124139928,0.08160976973123231,0.08160976973123231,0.8044640057981681,-0.35104831086289523,-0.3424310214742595,-0.9314083566406276
W000166,2.984577483797142,2.984577483797142,0.8994132754660255,-0.4781875211206477,-0.2805132730586564,-0.13671154244910733,-0.3843582269506811,0.05783149319662344,0.107585954345547,-0.6670695113903976,-0.588121557887031,0.00011874789403630879,-0.722972332764108,-0.6698340406046461,0.05783149319662344,-0.0678561576404453,-0.12280063105399436,-0.43885265170820664,-0.40051506966299966,0.05783149319662344,0.05783149319662344,0.05783149319662344,0.7101606448170312,-1.161061569706944,-1.4627953171268435,-0.7276402882736305,-0.4094662108191127,0.05783135301425756,0.05783169647637065,0.4292003065777826,-0.12568875071350788,1.3067054194927104,-0.05104110696430982,-0.5985358149648935,0.7968508825537176,-0.05104110696430982,0.10050378152592128,-1.5298491658630613,-1.230326904066728,-1.2104271007610317,-0.4285678975296666,0.27467964698315245,1.1467531877645416,-1.0217723148632372,1.6510383355638705,0.6927176384006203,0.873499851561739,0.8110570719361005,0.3759684688581594,-0.24482930919369691,-0.24482930919369691,0.4272555734159597,-0.35104831086289523,-0.7232221951025986,-0.48717543614430286
W000167,0.198507487253719,0.198507487253719,0.0016234700489553612,-0.17618743299617767,-0.47694225544685037,-0.15726086664668054,-0.04339497903932518,0.05783149319662344,-0.557894175626907,0.6567944881749452,0.7622000220339297,0.5369646138292904,0.6107933349059291,0.6194071705188032,0.05783149319662344,-0.0678561576404453,-0.12280063105399436,-0.8007665253064591,-0.40051506966299966,0.05783149319662344,0.05783149319662344,0.05783149319662344,-0.4252997558056372,0.5328825470147253,1.2386622413800468,-0.6276009764655431,-0.02556875987807649,0.057831347400462314,0.05783179266501371,0.551261836073272,-0.12702286865168447,-0.6362680878286127,0.18096392469164324,-0.5985358149648935,0.4279384369269965,0.18096392469164324,0.10050378152592128,-1.1974305359612136,-0.7845073385215208,-0.4987539308430284,-0.3694250564254751,0.6552979096573397,1.4867905071251217,-1.3638096642670892,0.7147216991382352,0.3368695364824935,0.873499851561739,0.7470370894420946,0.1680700773882933,-1.06092700650602,-1.06092700650602,-0.12141123732179884,-0.35104831086289523,0.00028103479124569775,-0.04294251564797807
W000168,0.5467662368216469,0.5467662368216469,0.9359819251532541,0.36008924578536167,-0.06691157665438972,0.750908828599068,0.5493828748555953,0.05783149319662344,0.107585954345547,0.8315904155700578,0.4050220162874382,0.5318687055264918,-0.0731498499254905,-0.20043347384701435,0.05783149319662344,-0.0678561576404453,-0.12280063105399436,-1.452211497783312,-1.7505658662798516,0.05783149319662344,0.05783149319662344,0.05783149319662344,-0.1929366057281635,-0.8010556679359853,-0.456826769927493,-0.6200312362545454,-0.8857239462338711,0.0578321228132179,0.05783162818931733,-0.5756679484356835,-0.12608797945429462,-0.5121060244728927,0.6449739880035493,1.0954334726715977,0.05902599130027542,0.6449739880035493,0.10050378152592128,0.23692388873546089,-0.37921682438951426,0.2328056294937652,0.6415380002031258,0.410482569704359,-0.23980421514562061,0.3729405354188712,0.7147216991382352,0.3368695364824935,0.873499851561739,1.3209367173595445,0.9924837006822144,0.7344879275810907,0.7344879275810907,-0.3851933578687983,-0.35104831086289523,0.6857051473222562,0.8455233253446716
W000169,-0.1497512623142089,-0.1497512623142089,0.8921292108716543,0.8562957798932403,-0.47324551088360867,1.4061980980793631,1.4593864042378104,0.05783149319662344,-0.890634240613134,2.952616258567351,3.399079309354102,0.9864154987971291,2.4001462478250364,3.441005248353476,0.05783149319662344,-0.0678561576404453,-0.12280063105399436,-1.452211497783312,-1.7505658662798516,0.05783149319662344,0.05783149319662344,0.05783149319662344,-0.5211321989984989,1.2007908139949295,0.37331566171474834,-0.12733020428578268,0.6785971048113448,0.05783122994707728,0.05783168550455382,0.5636030592342853,-0.1272794926835723,-0.2705918293777288,-0.05104110696430982,-0.5985358149648935,-0.3098864543264456,-0.05104110696430982,0.10050378152592128,0.1678602654213756,0.14766084398209428,-0.5233407668055393,0.004329234884035039,0.5260115963795086,0.7402069131385858,-0.6128348181068339,-0.22159493728740007,-0.37482666735375997,-1.1980412983870494,-0.5143722057888477,-0.42382905948553024,0.7344879275810907,0.7344879275810907,1.1816724381803774,-0.35104831086289523,0.14715763033360518,-0.9314083566406276
W000170,0.5467662368216469,0.5467662368216469,-0.321295516053827,-0.5626620430234043,-0.6729182322664143,-0.3679459088197321,-0.3223875602457107,0.05783149319662344,0.107585954345547,0.26057979223767824,0.02662027140454133,0.32728039965251376,0.1020639991417336,0.032633091032637174,0.05783149319662344,-0.0678561576404453,-0.12280063105399436,-0.43885265170820664,-0.40051506966299966,0.05783149319662344,0.05783149319662344,0.05783149319662344,-0.4485363238414722,-0.6756687895112088,0.37639530913530195,-0.08235704185573747,-1.064929121924535,0.05783191340266964,0.05783160372558862,-0.3539160341515224,-0.12621764849605005,-1.222736924187603,1.8049991462833146,-0.5985358149648935,1.1657633281804387,1.8049991462833146,0.10050378152592128,-0.21303608134115817,0.35030610104809756,-0.2533794827848317,1.3946604086488807,1.7352046819836167,0.3140722873646305,-0.18419375552285694,0.7147216991382352,0.6927176384006203,-0.16227072341265517,0.596883405577403,-0.02786569105170401,-0.7344879275810907,-0.7344879275810907,0.6787278616707656,-0.35104831086289523,0.7168607888009387,0.8455233253446716
W000171,-0.1497512623142089,-0.1497512623142089,-0.39480115588195774,-0.3580798839107361,0.15382866534667128,-0.6264470295660304,-0.6316168653535259,0.05783149319662344,1.105806149304228,1.4315587090464417,0.26037048016002795,0.7635666053199367,-0.1329891131941532,-0.19453864691694858,0.05783149319662344,-0.0678561576404453,-0.12280063105399436,0.06782677132934505,0.9495357269538522,0.05783149319662344,0.05783149319662344,0.05783149319662344,-0.6338890228342473,-0.25152959520696805,0.1512261438288022,4.356627673640508,-1.1413385174690716,0.057831235103870095,0.057831825537208836,0.7253197596615454,-0.12658731086952926,-2.103837477258372,-0.2830461386202629,1.0954334726715977,0.05902599130027542,-0.2830461386202629,0.10050378152592128,0.9387219195836466,0.5124223067009002,-0.8375159745656474,-0.4980686426240308,-0.42195394771052497,0.2233752617962016,-0.09296326857932459,0.7147216991382352,0.3368695364824935,0.873499851561739,0.5727392329728853,0.8976846906620705,0.7344879275810907,0.7344879275810907,-0.5786335796032641,-0.35104831086289523,-0.24451329111268635,-0.04294251564797807
W000172,-0.8462687614500647,-0.8462687614500647,0.682394293562182,1.5303254323847046,1.5453385017838976,0.5831416221973281,0.7088649565022277,0.05783149319662344,0.440326019331774,0.43572832290765745,-0.008215752953246206,-0.6175970986375672,-0.03931841345506737,0.10165416718719715,0.05783149319662344,-0.0678561576404453,-0.12280063105399436,-0.08417705558192015,-0.40051506966299966,0.05783149319662344,0.05783149319662344,0.05783149319662344,-0.15101671216807466,0.3697645981332196,-1.215599231236161,-0.6329443224968356,1.039464506478128,0.057831501316246745,0.05783174843922616,0.31368934409905613,-0.12694106200164257,1.1648437899407191,-0.05104110696430982,-0.5985358149648935,0.05902599130027542,-0.05104110696430982,0.10050378152592128,-0.6238599982064631,-0.014455361670708334,-1.3350356090240816,0.03508667497699028,0.06156238259424477,0.09225828147245732,0.038924915035646115,0.7147216991382352,-0.018978565435633234,-1.1980412983870494,-0.0864791915046969,-0.023930295313685873,0.40804884865616153,0.40804884865616153,-0.8929739399217717,-0.35104831086289523,0.14715763033360518,0.4012904048483467
W000173,-0.1497512623142089,-0.1497512623142089,-0.4092662733691866,-0.37172948539995093,-0.1506998053528714,-0.15713098702927225,-0.1650108367289716,0.05783149319662344,0.7730660843180011,-0.527890553015025,-0.6541565809098342,-0.24097765521383485,-0.6021358512625662,-0.5558793271745739,0.05783149319662344,-0.0678561576404453,-0.12280063105399436,1.4496797432499435,0.9495357269538522,0.05783149319662344,0.05783149319662344,0.05783149319662344,-0.2167886504034102,-0.6415683424599213,0.23365536846815538,-0.5781750256760875,-1.375438071944959,0.05783116930116264,0.05783090992273257,-0.29360797395760646,-0.12625088578256316,-2.2385298465785692,0.18096392469164324,-0.5985358149648935,-0.3098864543264456,0.18096392469164324,0.10050378152592128,-0.3441237850970954,0.35030610104809756,-0.8834082706279851,0.1619116978795615,0.21554745018215313,0.12200150733548161,0.009006745594598511,0.7147216991382352,-0.37482666735375997,-0.16227072341265517,0.7337255491497489,-0.26408302167791653,-0.40804884865616153,-0.40804884865616153,-0.2928696156773486,-0.35104831086289523,0.5388285517798967,0.4012904048483467
W000174,0.198507487253719,0.198507487253719,-0.41813145858481465,-0.5227661293695689,-0.3174269610644303,-0.5540591348198599,-0.430652064127297,0.05783149319662344,-0.22515411064068,0.013654093896424031,0.01665372093330351,0.1334079372097982,-0.15923337493831874,-0.15515135060176768,0.05783149319662344,-0.0678561576404453,-0.12280063105399436,-0.312182795948819,-0.40051506966299966,0.05783149319662344,0.05783149319662344,0.05783149319662344,-0.4254245535756418,0.3752629153701173,-1.128510465704,-0.658473642424122,0.7575939417694973,0.05783116930116264,0.05783175198804658,0.7160317095610129,-0.12695272168477897,0.7848329821504346,-0.2830461386202629,-0.5985358149648935,0.05902599130027542,-0.2830461386202629,0.10050378152592128,-1.0927252631498676,-0.5413330300423169,-1.0055445462743224,-0.49348270039937425,0.05335628181369793,0.972716333263715,-0.8467118111397506,0.7147216991382352,-0.018978565435633234,0.873499851561739,0.596883405577403,-0.020378732294289822,0.08160976973123231,0.08160976973123231,0.05004714103375049,-0.35104831086289523,-0.24451329111268635,-0.04294251564797807
W000175,-0.1497512623142089,-0.1497512623142089,-0.04414428760082499,-0.02719238744073423,0.6813729455362749,-0.34995647492850684,-0.3451527636171354,0.05783149319662344,1.105806149304228,1.8427431983327116,0.46473567301757623,0.5562991116070835,0.6389386390349417,0.41901523889716374,0.05783149319662344,-0.0678561576404453,-0.12280063105399436,-0.312182795948819,-0.40051506966299966,0.05783149319662344,0.05783149319662344,0.05783149319662344,-0.5936571510596103,-0.8377325790420211,0.012939670992865127,2.1625904226803483,-1.2845424496336124,0.057831585177132404,0.057831260093701826,-0.3723884076459535,-0.12605653381956325,-1.605444754873361,-0.2830461386202629,-0.5985358149648935,0.05902599130027542,-0.2830461386202629,0.10050378152592128,-0.9385529323174137,-1.1897978526535273,-0.9020264402814586,-0.2733574736158591,-0.8610607914382177,-1.0916731494357155,1.2298199887446848,-0.22159493728740007,-0.018978565435633234,-0.16227072341265517,-0.5296529376037533,-0.020378732294289822,-0.8977074670435554,-0.8977074670435554,0.25960738124608884,-0.35104831086289523,-0.24451329111268635,-0.48717543614430286
W000176,0.198507487253719,0.198507487253719,1.9360260202387802,1.4209890820914792,0.2179072945166811,2.3501656095679944,2.0897952791231535,0.05783149319662344,0.7730660843180011,-0.41654776307447255,-0.5937866240062492,-0.16439698882243917,-0.6802184123566382,-0.7226741694706296,0.05783149319662344,-0.0678561576404453,-0.12280063105399436,-0.6230997146309531,-0.40051506966299966,0.05783149319662344,0.05783149319662344,0.05783149319662344,0.9745196189492435,-0.4821085007782444,-0.5842600615192486,-0.08139227104453188,-0.39044968761254567,0.05783141937928488,0.057831649700397364,0.29354381372805427,-0.12640384624797807,0.08635471576884385,0.18096392469164324,-0.5985358149648935,0.05902599130027542,0.18096392469164324,0.10050378152592128,-0.2254028458464356,-0.1360425159103103,-0.7325933572729356,0.40370154827610943,0.3120898123062336,-0.07459939912111807,0.20676401841765324,-0.22159493728740007,-0.018978565435633234,0.873499851561739,0.15178329702978938,-0.01370208814436331,-0.7344879275810907,-0.7344879275810907,-0.2928696156773486,-0.35104831086289523,0.00028103479124569775,0.4012904048483467
W000177,-0.8462687614500647,-0.8462687614500647,-0.8292130414576638,-0.4666146442635768,-0.47433611069810405,-0.5891385815688036,-0.5246874614489151,0.05783149319662344,-1.2233743055993611,-1.2938193708067325,-0.7131425869217305,-0.2517661132666064,-0.8473494937916479,-0.7266624834869909,0.05783149319662344,-0.0678561576404453,-0.12280063105399436,-0.5401885363157177,-0.40051506966299966,0.05783149319662344,0.05783149319662344,0.05783149319662344,0.1848788342369373,0.9076772802087284,-0.9771154564497214,-0.6312374202923949,1.0793510556498778,0.05783202159188203,0.057831046724400044,-1.1514819561005922,-0.12712323566982106,0.5801969019765626,-1.443071296900028,-0.5985358149648935,-1.0477113455798879,-1.443071296900028,0.10050378152592128,1.0044718842033697,0.10713179256889363,0.7411982027686114,-0.8366376875547104,-1.334118365846212,-1.3181487591645953,1.4576276817413012,-0.22159493728740007,-1.0865228711900135,-0.16227072341265517,-0.1658653285500409,-0.745675677729662,0.08160976973123231,0.08160976973123231,1.4645787624670337,1.8430036320302,-1.02785513400527,-1.3756412771369524
W000178,-0.1497512623142089,-0.1497512623142089,-0.42588425319225837,-0.3874105749134658,-0.24532280809471085,-0.298675244093841,-0.3136574538014152,0.05783149319662344,-1.2233743055993611,-1.3183311000228684,-0.7423811077261867,-0.5965998535229612,-0.692090290038268,-0.5588838553402237,0.05783149319662344,-0.0678561576404453,-0.12280063105399436,0.3718344251518765,0.9495357269538522,0.05783149319662344,0.05783149319662344,0.05783149319662344,0.8203738149537424,0.8138356544554817,-0.2722082037421862,-0.46477734878976884,2.0274246882112683,0.05783179583456383,0.05783148156304048,-0.3594248242451375,-0.12711675553920498,1.7458104543903472,-0.2830461386202629,-0.5985358149648935,0.05902599130027542,-0.2830461386202629,0.10050378152592128,-0.9657598142290228,-0.5413330300423169,-0.5190778643872432,-0.2957337089534075,-0.024199415759313385,0.4995680030121137,-0.370780519073232,0.7147216991382352,-0.018978565435633234,-0.16227072341265517,0.8803874496527713,-0.020378732294289822,-1.06092700650602,-1.06092700650602,-0.7881938198156025,-0.35104831086289523,-0.24451329111268635,0.4012904048483467
W000179,-0.49801001188213684,-0.49801001188213684,0.2639517267392279,0.5610335411398842,0.5559545825874498,0.42738361448017215,0.4648017632925485,0.05783149319662344,1.771286279276682,1.4336748240047907,0.028882041983688676,0.1456699176658919,0.7372328725811409,0.3022689332057335,0.05783149319662344,-0.0678561576404453,-0.12280063105399436,0.1764009334088212,0.9495357269538522,0.05783149319662344,0.05783149319662344,0.05783149319662344,-0.4817861174458834,-0.6475081302605935,0.028040247006657745,-0.010147657293965197,-0.6338734345013034,0.05783121991371124,0.057831432061979327,0.2717544405497477,-0.12626080419120364,-0.16686555346157644,-0.05104110696430982,-0.5985358149648935,0.7968508825537176,-0.05104110696430982,0.10050378152592128,0.5433152358015871,-0.7845073385215208,1.4490035291984753,-0.40532191452882127,-0.488407273639267,-0.07646866014598058,0.20864427405397626,0.7147216991382352,0.3368695364824935,-0.16227072341265517,0.0845509072959853,-0.1073558614415376,-1.06092700650602,-1.06092700650602,0.4272555734159597,-0.35104831086289523,-0.7232221951025986,-0.04294251564797807
W000180,0.5467662368216469,0.5467662368216469,1.1994438244713452,0.5534513464481797,0.9942261609434014,0.35651430399671474,0.07161237403044736,0.05783149319662344,0.440326019331774,1.0594554702814785,0.3637869526491868,0.12595169633352168,0.3988792084498958,0.4871152840759084,0.05783149319662344,-0.0678561576404453,-0.12280063105399436,0.3718344251518765,-0.40051506966299966,0.05783149319662344,0.05783149319662344,0.05783149319662344,-0.18121303949533205,-0.5110968912390077,-0.9318480739186099,-0.2480749819651285,1.0685672623987652,0.057831161238737105,0.05783134628659472,0.23926092223251724,-0.1263787195502518,2.438382142498568,0.18096392469164324,-0.5985358149648935,0.05902599130027542,0.18096392469164324,0.10050378152592128,-0.039901378267279394,1.0798290264857093,-0.36334602122289017,-0.09838005735439391,0.23356869111198147,0.5331887572123124,-0.4045990236809569,0.7147216991382352,-0.37482666735375997,-0.16227072341265517,0.2145324679805749,-0.7455139664686987,0.08160976973123231,0.08160976973123231,0.22150551938929983,-0.35104831086289523,0.5388285517798967,-0.48717543614430286
W000181,0.5467662368216469,0.5467662368216469,-0.20493742908619145,-0.4772635691514598,-0.40069163919357853,-0.5027086856588717,-0.3789864457635654,0.05783149319662344,0.440326019331774,0.5683265606324026,0.07086835201061313,-0.3108019357762142,0.5720861512493622,0.5210627839492711,0.05783149319662344,-0.0678561576404453,-0.12280063105399436,-0.9962000170495144,-0.40051506966299966,0.05783149319662344,0.05783149319662344,0.05783149319662344,-0.47207107505193696,-0.7288993741463581,-0.4070601255514835,-0.7830775033482902,-0.725422877229173,0.057831382683682604,0.057831227573191604,-0.16859023332305464,-0.12617258802158524,-0.2398517488340517,0.4129689563475963,-0.5985358149648935,0.7968508825537176,0.4129689563475963,0.10050378152592128,0.04542929681913254,0.5124223067009002,-0.5620471785186898,0.3101641404869936,0.5995446955306832,0.39741518519339447,-0.2680268592497982,0.7147216991382352,0.3368695364824935,-0.16227072341265517,0.7678675564468498,-0.08472769232917134,0.08160976973123231,0.08160976973123231,-0.4214633994440106,-0.35104831086289523,-0.11395631729725625,1.2897562458409964
W000182,2.2880599846612864,2.2880599846612864,3.9854345953498935,1.1268707464568415,0.7272943454897896,1.3083396813416472,1.0006155587929992,0.05783149319662344,1.105806149304228,0.4219634705597796,-0.24141431716909267,-0.47942569161308296,0.4931202437654788,0.21475683302745852,0.05783149319662344,-0.0678561576404453,-0.12280063105399436,-0.312182795948819,-0.40051506966299966,0.05783149319662344,0.05783149319662344,0.05783149319662344,0.958545584192924,-1.237410726000509,-0.3336179760985043,-0.8107590043159583,-1.3358365870051925,0.05783140736745566,0.05783178080364094,0.4651393554979782,-0.12558078566941752,-0.9896595511688148,1.3409890829714086,-0.5985358149648935,2.2725006650606017,1.3409890829714086,0.10050378152592128,1.693146082590987,1.930939106162923,0.968420681785096,1.4198040229151012,0.7982610575694156,-0.5901526914207418,0.7253496898556797,1.6510383355638705,2.116110046073127,0.873499851561739,0.22065247704069954,0.8789130517184578,0.40804884865616153,0.40804884865616153,0.5215576815115116,-0.35104831086289523,-0.395155953207414,0.4012904048483467
W000183,-0.49801001188213684,-0.49801001188213684,0.0930690508935912,0.3729101355132012,-0.19704006568214566,0.33389261061076675,0.49451127428167707,0.05783149319662344,-0.557894175626907,-0.8513298898969117,-0.522762827941868,-0.25655773172689095,-0.6133831781884501,-0.5949019812972182,0.05783149319662344,-0.0678561576404453,-0.12280063105399436,-1.452211497783312,-1.7505658662798516,0.05783149319662344,0.05783149319662344,0.05783149319662344,0.39676334747574293,0.9057493770338986,0.5456614322315293,1.679611311962965,0.5456839748165181,0.05783157879038244,0.057831727155706954,0.19527854369139439,-0.12716740077421915,-0.14589493628949948,-1.2110662652440751,-0.5985358149648935,-1.0477113455798879,-1.2110662652440751,0.10050378152592128,-0.5504014170451168,0.10713179256889363,-0.7669498578434925,-1.5039713492116313,-1.1687091187402874,1.4760861839074915,-1.3530423804071723,-2.0942282101386707,-1.0865228711900135,-1.1980412983870494,-2.346440253458247,-0.823727823657375,-0.7344879275810907,-0.7344879275810907,1.936089302944795,1.8430036320302,-0.3424310214742595,-1.3756412771369524
W000184,0.198507487253719,0.198507487253719,0.5505252033852296,0.2770237962226703,1.1607199685336498,-0.24323635844217334,-0.14568935978541486,0.05783149319662344,-2.221594500558042,-1.4050768620160823,-0.06509829740325518,0.4761069930421422,-0.6435595954104208,-0.44843604697358425,0.05783149319662344,-0.0678561576404453,-0.12280063105399436,-1.452211497783312,-1.7505658662798516,0.05783149319662344,0.05783149319662344,0.05783149319662344,2.8603351389060645,2.5187444399631915,0.7055626795284523,3.0984923226890944,1.928978028724484,0.05783143328118587,0.05783171647539365,0.3569388709085274,-0.12761135848934915,0.03076996891820593,-0.2830461386202629,1.0954334726715977,-0.3098864543264456,-0.2830461386202629,0.10050378152592128,-0.8750702078569913,-1.7572045724383365,0.6436286714188023,-0.29533836910645433,-0.2692561116176043,0.11371288598416544,0.01734411892334871,0.7147216991382352,-0.018978565435633234,-0.16227072341265517,1.230193511279322,0.675518710566601,0.08160976973123231,0.08160976973123231,-0.9977540600279409,-0.35104831086289523,0.3429930910567509,0.4012904048483467
W000185,0.5467662368216469,0.5467662368216469,0.246028046828287,-0.1462873180315571,-0.06202114476118489,-0.18057278496937962,-0.2130883726571434,0.05783149319662344,1.771286279276682,0.8851188460368942,-0.2048102393260512,0.09397663300989449,-0.23528572875434567,-0.3431526279261405,0.05783149319662344,-0.0678561576404453,-0.12280063105399436,-0.14932155282960524,0.9495357269538522,0.05783149319662344,0.05783149319662344,0.05783149319662344,-0.3987825152811928,-0.808706201959166,-0.553165926224737,-0.25705477182327285,-1.0483064669448359,0.05783116778534388,0.05783179266501371,0.7666210283290258,-0.12611554085130727,-0.9412626352751153,2.5010142412511738,-0.5985358149648935,2.2725006650606017,2.5010142412511738,0.10050378152592128,-0.3296370038194851,-0.2981587215631129,-0.47917898353706795,2.4347204780132334,2.592259501740141,0.11631955105925636,0.014722121976825304,1.6510383355638705,2.116110046073127,0.873499851561739,0.9810832649665217,0.8483864166087342,0.7344879275810907,0.7344879275810907,-0.3990105165641173,-0.35104831086289523,0.3429930910567509,2.622455007329971
W000186,-0.49801001188213684,-0.49801001188213684,-0.032213050972187005,0.23498804627608444,0.041170698713006056,0.2297550925033935,0.3204575927125787,0.05783149319662344,0.7730660843180011,-0.5284181492826628,-0.654442643114282,-0.3837212527960441,-0.5925187323759288,-0.6240673635357441,0.05783149319662344,-0.0678561576404453,-0.12280063105399436,-0.6230997146309531,-0.40051506966299966,0.05783149319662344,0.05783149319662344,0.05783149319662344,0.0009133391830760641,-0.10019115278647611,0.7097986257946413,-0.8020018538757845,-0.4944807123380744,0.057831423951189814,0.05783167547683231,0.3189681314953529,-0.12667920050515663,-0.7179545668364569,-0.05104110696430982,-0.5985358149648935,0.05902599130027542,-0.05104110696430982,0.10050378152592128,0.37191187975844736,-0.6223911328687182,0.910994769131874,0.7421915252373983,0.3400870973222169,-0.4430247928512624,0.5773564150448641,0.7147216991382352,-0.018978565435633234,-0.16227072341265517,0.013058525280624582,-0.023930295313685873,0.7344879275810907,0.7344879275810907,0.8044640057981681,-0.35104831086289523,-0.3424310214742595,-0.9314083566406276
W000187,-0.8462687614500647,-0.8462687614500647,0.004076150552243807,0.6342192458687455,0.6412399299493018,0.6018211149932775,0.8296673817516702,0.05783149319662344,-1.2233743055993611,-1.245775076308769,-0.655833529211947,-0.2933596873333288,-0.8687632818417053,-0.8769554067283487,0.05783149319662344,-0.0678561576404453,-0.12280063105399436,0.3718344251518765,0.9495357269538522,0.05783149319662344,0.05783149319662344,0.05783149319662344,1.1550022565697513,2.542666816272481,1.8492452743926333,3.5033992108381486,2.316528109954472,0.05783144496954012,0.05783174684441974,0.3793370747562061,-0.1276166174914621,0.39653957404671397,-0.5150511702762159,-0.5985358149648935,-0.3098864543264456,-0.5150511702762159,0.10050378152592128,1.5860189850640243,2.093055311815726,1.3160041288236286,-0.4269074701724634,-0.032968680318917365,0.7227083996107895,-0.5952333818973926,0.7147216991382352,-0.37482666735375997,-1.1980412983870494,0.4827209279531692,-0.24580222251485595,0.7344879275810907,0.7344879275810907,0.7573129517503921,-0.35104831086289523,-0.11395631729725625,-1.3756412771369524
W000188,-0.8462687614500647,-0.8462687614500647,-0.17635693337130168,0.39585439535983996,1.1730529115830914,-0.42745864994432575,-0.42291499442520664,0.05783149319662344,1.438546214290455,0.8230939284516755,-0.14391636040905087,-0.36771951308578144,1.2100897983396157,0.7042510981584723,0.05783149319662344,-0.0678561576404453,-0.12280063105399436,1.3540129990400556,0.9495357269538522,0.05783149319662344,0.05783149319662344,0.05783149319662344,-0.5066911563554257,-0.2972156657792903,-0.36164391247588434,0.4855961133870613,-0.5800677904630832,0.05783117482844713,0.05783142337329339,0.3153940699732981,-0.1265457840926442,-0.6139124788230372,-0.2830461386202629,-0.5985358149648935,-0.3098864543264456,-0.2830461386202629,0.10050378152592128,1.056618407867288,1.0798290264857093,1.063731455539261,-0.08319900723139285,-0.16241589753362193,-0.06401742566548693,0.19611980395604098,-0.22159493728740007,-0.37482666735375997,-0.16227072341265517,-0.11140725782906524,-0.2425447123897593,0.08160976973123231,0.08160976973123231,-0.5786335796032641,-0.35104831086289523,-0.24451329111268635,0.8455233253446716
W000189,1.9398012350933587,1.9398012350933587,1.4846191328729657,0.059914302386615055,0.6956771283281314,-0.09843483824288277,-0.2503039240024493,0.05783149319662344,-0.557894175626907,-1.2737907442376277,-0.882710927243126,-0.7109849591023886,-0.8301694156307621,-0.6704884748614102,0.05783149319662344,-0.0678561576404453,-0.12280063105399436,-0.14932155282960524,-0.40051506966299966,0.05783149319662344,0.05783149319662344,0.05783149319662344,3.2321150151142604,-0.43844012172909985,0.1260623333069552,1.158189795076005,-0.6229395891826285,0.05783115967025964,0.05783171647539365,0.6849993848502756,-0.12644764426192892,-0.48992487375661015,1.3409890829714086,-0.5985358149648935,1.5346757738071597,1.3409890829714086,0.10050378152592128,0.4943428483606904,0.5124223067009002,-0.46863485672830735,0.20642696464648644,1.372446756302384,1.3120482244299585,-1.1880395831647468,0.7147216991382352,1.4044138422368737,-0.16227072341265517,0.4827209279531692,0.6289763241110548,0.08160976973123231,0.08160976973123231,0.7573129517503921,1.8430036320302,0.21837052514202188,1.2897562458409964
W000190,1.9398012350933587,1.9398012350933587,4.139936450621594,1.4090919027374467,-0.26352533786806903,2.6946793025958096,2.0612375419305646,0.05783149319662344,-1.2233743055993611,-1.066813536724107,-0.4423614133850853,-0.09020029966978531,-0.6722194671111166,-0.5730493824369247,0.05783149319662344,-0.0678561576404453,-0.12280063105399436,-0.5401885363157177,-0.40051506966299966,0.05783149319662344,0.05783149319662344,0.05783149319662344,4.718258733901796,-0.6401594438249738,-1.4577694241245274,-0.3748310239296784,0.7760554822738842,0.05783195482627233,0.057831697525783377,-0.2911162780699909,-0.12625224144717984,2.2777979946093776,0.18096392469164324,2.789402760308089,0.05902599130027542,0.18096392469164324,0.10050378152592128,-0.3070234915812643,-0.7845073385215208,0.40964208463264995,0.4032271404597656,0.022221370028681978,-0.4698561588669157,0.6043455976738065,0.7147216991382352,0.6927176384006203,0.873499851561739,1.4120206018193722,1.489914793102427,0.7344879275810907,0.7344879275810907,0.3929638977448492,-0.35104831086289523,0.00028103479124569775,-0.04294251564797807
W000191,-0.8462687614500647,-0.8462687614500647,-1.3167815058867316,-1.1107270299152945,-0.7881845258263602,-0.9223907734735078,-0.8360288381585611,0.05783149319662344,0.7730660843180011,0.45586638302586524,-0.12076448732119538,-0.007997862983912614,-0.2518448923593508,-0.3279697128500365,0.05783149319662344,-0.0678561576404453,-0.12280063105399436,-1.0376556062071332,-0.40051506966299966,0.05783149319662344,0.05783149319662344,0.05783149319662344,-0.8166195430276748,-0.036424490882764365,-0.13276543206061373,0.1830291443651234,-0.36964039233766205,0.05783138195962526,0.057831428844156464,0.07360260695317401,-0.12671288509915887,-0.5478425068702544,0.18096392469164324,-0.5985358149648935,-0.3098864543264456,0.18096392469164324,0.10050378152592128,0.24206085245303785,0.8366547180065055,-0.7067830683146835,-0.06058556798567256,0.10613277310819526,0.30069972694039315,-0.1707425404302019,-1.1579115737130352,-0.37482666735375997,-0.16227072341265517,-1.360495105550405,-0.1954742536770199,-0.24482930919369691,-0.24482930919369691,1.0787974111670473,-0.35104831086289523,1.2568919077647647,-0.48717543614430286
W000192,-0.1497512623142089,-0.1497512623142089,0.16823925378515753,0.17321737109363772,-0.5474005757124405,0.9293444143795588,0.9852822953897704,0.05783149319662344,1.438546214290455,-0.6564640953562284,-0.8227136521535451,-0.5567431771587507,-0.7091793079199653,-0.7055824172591956,0.05783149319662344,-0.0678561576404453,-0.12280063105399436,1.003234936937135,0.9495357269538522,0.05783149319662344,0.05783149319662344,0.05783149319662344,0.2284037610974903,-0.4272579157212002,-0.8085934860759326,0.45613349707562906,0.07750974442085098,0.05783115191626373,0.057831727155706954,0.7071021930768885,-0.12645690096000434,0.8786720799117468,-0.747056201932169,1.0954334726715977,-0.6787988999531667,-0.747056201932169,0.10050378152592128,0.9257662615304998,1.3230033349649133,0.4125981803852133,-1.0962178310641502,-0.5735254562453312,1.3706161440839268,-1.2469519873567656,-1.1579115737130352,-0.37482666735375997,0.873499851561739,-0.6142116380087387,0.24527930586626523,-0.24482930919369691,-0.24482930919369691,-0.21938745352497002,1.8430036320302,-0.5709057256512629,-0.48717543614430286
W000193,-0.49801001188213684,-0.49801001188213684,-0.780804765186168,-0.589130735835359,-0.29052939550355383,-0.6150250010162243,-0.619880935835412,0.05783149319662344,0.440326019331774,-0.42924201958454355,-0.5241004775924858,-0.31989600436659904,-0.52428030032592,-0.47530369611813544,0.05783149319662344,-0.0678561576404453,-0.12280063105399436,-0.9962000170495144,-0.40051506966299966,0.05783149319662344,0.05783149319662344,0.05783149319662344,-0.4650417348404075,-0.40750816098857856,-0.9453344109498819,0.04833229649295829,0.3529300981166735,0.05783161869064371,0.05783118261770489,-0.505465262400268,-0.12644044122610312,1.2962187981661728,0.18096392469164324,-0.5985358149648935,0.05902599130027542,0.18096392469164324,0.10050378152592128,-0.46284472434775525,-0.054984413083908994,0.19521836177442983,-0.35282078285344265,0.43574448779349334,1.2092736839844012,-1.0846605438690016,0.7147216991382352,-0.018978565435633234,0.873499851561739,0.7470370894420946,-0.08231085614525901,-0.24482930919369691,-0.24482930919369691,-0.46432799403289793,-0.35104831086289523,0.00028103479124569775,1.2897562458409964
W000194,-0.1497512623142089,-0.1497512623142089,-1.0389274668579782,-0.9658915702868249,-0.8341054187178752,-0.7908539180310752,-0.6905175377406153,0.05783149319662344,0.107585954345547,0.41650575378542565,0.1299504959420036,-0.502069370404522,0.2531781420921001,0.3395092738202728,0.05783149319662344,-0.0678561576404453,-0.12280063105399436,0.06782677132934505,-0.40051506966299966,0.05783149319662344,0.05783149319662344,0.05783149319662344,-0.7216644372812875,0.11429587252332307,-0.0049085458422392595,-0.6875651930389367,0.03122920499987888,0.0578314649403581,0.05783170798417785,0.3087984043884335,-0.12680718232430066,-0.00042311206395684916,-0.05104110696430982,1.0954334726715977,-0.3098864543264456,-0.05104110696430982,0.10050378152592128,0.029105167672166567,-0.9060944927611227,1.584562978357498,-0.21492624423618317,-0.2535679777724413,0.0020638571057717396,0.12964984457984655,-0.22159493728740007,-0.018978565435633234,0.873499851561739,0.2855577642107518,0.6571881762960119,0.7344879275810907,0.7344879275810907,0.8044640057981681,-0.35104831086289523,0.14715763033360518,-1.3756412771369524
W000195,-0.8462687614500647,-0.8462687614500647,-0.69433626583502,-0.28843289533311167,0.27179841428590645,-0.5925758532213855,-0.4848734445330528,0.05783149319662344,0.107585954345547,-0.47101553516141187,-0.45819898961093336,-0.07961318830495968,-0.22858978100764316,-0.274014040850758,0.05783149319662344,-0.0678561576404453,-0.12280063105399436,1.5878650404420032,0.9495357269538522,0.05783149319662344,0.05783149319662344,0.05783149319662344,-0.4034296384587027,0.5777130346444913,1.1831484482861268,-0.7149498414493108,-0.3308780547861933,0.05783153223443562,0.05783168550455382,0.20115939697184804,-0.12703455571392777,-1.259491727840663,-0.5150511702762159,-0.5985358149648935,-0.3098864543264456,-0.5150511702762159,0.10050378152592128,0.7698125277157373,1.0798290264857093,-0.7105847558235888,-0.40540098249821194,-0.6319335853304,-0.35789459139259594,0.4917254951332133,0.7147216991382352,-0.7306747692718867,-0.16227072341265517,0.4827209279531692,-0.8118245585222473,0.40804884865616153,0.40804884865616153,-0.6572186696828911,-0.35104831086289523,-0.11395631729725625,-0.04294251564797807
W000196,-1.5427862605859206,-1.5427862605859206,-1.0075744155949784,-0.1560943947060085,-0.5252326943361962,-0.3621483769584655,-0.04709359747516214,0.05783149319662344,-0.22515411064068,-0.9248367095934953,-0.6830134323067236,-0.4710253737282725,-0.5359592911919204,-0.520038244288005,0.05783149319662344,-0.0678561576404453,-0.12280063105399436,-0.8821971468660655,-0.40051506966299966,0.05783149319662344,0.05783149319662344,0.05783149319662344,-0.4068592007234563,2.0461372200846712,1.5233063819645243,2.568907360476549,1.2200802373960997,0.05783140679573246,0.0578317947958105,0.4826015210669326,-0.12751224757818855,-0.3659358265294259,-0.05104110696430982,-0.5985358149648935,-0.3098864543264456,-0.05104110696430982,0.10050378152592128,1.0003908519166287,0.39083515246129824,2.1648547465401093,0.23402168596381648,-0.4657198185401081,-1.0387424308917423,1.1765779425279168,-0.22159493728740007,-0.37482666735375997,-0.16227072341265517,0.1814137438151723,-0.42382905948553024,0.08160976973123231,0.08160976973123231,-0.8929739399217717,-0.35104831086289523,0.14715763033360518,0.4012904048483467
W000197,0.5467662368216469,0.5467662368216469,0.4166038316545946,-0.0210969502341941,-0.20760228484600454,-0.059439236646018134,-0.01707936954030516,0.05783149319662344,-0.890634240613134,-0.2659754519543866,0.19969736383262598,-0.6993965715020303,0.35828161495019933,0.6385523783204051,0.05783149319662344,-0.0678561576404453,-0.12280063105399436,1.5878650404420032,0.9495357269538522,0.05783149319662344,0.05783149319662344,0.05783149319662344,0.06334737478358442,0.26488370656331,0.3801733152646056,0.43156894795954825,-0.03545766591925387,0.05783146405268261,0.057831583775462984,0.16093598408199675,-0.1268846318347355,-0.31852210922668955,0.18096392469164324,-0.5985358149648935,0.7968508825537176,0.18096392469164324,0.10050378152592128,0.13818003060871092,-0.7845073385215208,0.2041765416185991,0.33372639536540144,0.5116106940293332,0.2632674566633979,-0.13309010118680487,-0.22159493728740007,0.6927176384006203,0.873499851561739,-0.2181573761853718,0.3498422429209499,-0.40804884865616153,-0.40804884865616153,-0.807244750743997,-0.35104831086289523,-0.4185892561999271,1.2897562458409964
W000198,-0.1497512623142089,-0.1497512623142089,0.18159587682796358,0.18582097296116,0.35795167069761485,0.11460780336919052,0.0010567227529612016,0.05783149319662344,-1.2233743055993611,-1.0493004039767522,-0.4214710840382821,-0.009152143771097937,-0.6044758731213037,-0.43222869028349714,0.05783149319662344,-0.0678561576404453,-0.12280063105399436,0.3718344251518765,0.9495357269538522,0.05783149319662344,0.05783149319662344,0.05783149319662344,0.8102353218885425,0.6237781843324575,-0.4764952988067164,-0.3396539958903361,0.6460671740035484,0.05783117793155003,0.05783068226599636,-0.5769171787720988,-0.12703185057328512,0.32355236294210304,-0.747056201932169,2.789402760308089,-0.3098864543264456,-0.747056201932169,0.10050378152592128,-0.6250260074312461,-0.8655654413479221,-0.2095846729390024,-1.014935958530582,-0.46829428153008357,1.3343950275784906,-1.210517825643974,-0.22159493728740007,0.3368695364824935,0.873499851561739,0.43944955066223645,0.9243770329703086,-0.8977074670435554,-0.8977074670435554,-1.835995020877294,-0.35104831086289523,-0.5709057256512629,0.8455233253446716
W000199,0.5467662368216469,0.5467662368216469,0.6239130213089841,0.13105309689608075,0.10389970087879839,0.5310372428880084,0.3262562326287671,0.05783149319662344,0.7730660843180011,1.2320191827951912,0.30006483712530213,0.148844986679052,0.42071112929063015,0.3193056920651628,0.05783149319662344,-0.0678561576404453,-0.12280063105399436,0.2060120685214047,0.9495357269538522,0.05783149319662344,0.05783149319662344,0.05783149319662344,-0.3644199969157507,-0.7541303846893133,-0.8366652164670013,0.07542009234603833,-0.74612778233251,0.05783156387103984,0.057831600248233576,0.061004321953981325,-0.1261542140686108,-0.24487297844777564,0.18096392469164324,-0.5985358149648935,0.05902599130027542,0.18096392469164324,0.10050378152592128,-0.7670671311775713,-0.7845073385215208,-0.681629657957338,0.5526656026080572,0.5560201806064102,0.041173648639251235,0.09031001724264799,-0.22159493728740007,-0.018978565435633234,-1.1980412983870494,-0.9715014562011767,-0.08231085614525901,-0.8977074670435554,-0.8977074670435554,0.3929638977448492,-0.35104831086289523,0.00028103479124569775,-0.48717543614430286
W000200,1.5915424855254308,1.5915424855254308,1.6400374495213361,0.2772453139438118,0.4234127500816419,-0.01271047627403532,0.05606348900949687,0.05783149319662344,-0.557894175626907,0.4005628890752998,0.5438837540787086,0.23717871301479473,-0.006793067194380668,0.1261131445857796,0.05783149319662344,-0.0678561576404453,-0.12280063105399436,0.5021234196472476,0.9495357269538522,0.05783149319662344,0.05783149319662344,0.05783149319662344,0.1844267874046753,-0.3324906908680185,-0.09396645396300708,-0.22610789272537046,-0.022288378420395147,0.05783134836524522,0.057831812355607165,0.5737141582026727,-0.12652601904538857,0.5545100873424863,0.18096392469164324,1.0954334726715977,0.4279384369269965,0.18096392469164324,0.10050378152592128,-0.5741456048952492,0.10713179256889363,-1.2516154100482169,0.21314774204469003,-0.36636163752074197,-0.8350057431915113,0.9716429172537884,0.7147216991382352,0.6927176384006203,-0.16227072341265517,1.1424735215390376,1.0448822772278126,-0.7344879275810907,-0.7344879275810907,0.22150551938929983,-0.35104831086289523,-0.4185892561999271,-0.04294251564797807
W000201,-0.1497512623142089,-0.1497512623142089,-0.900042540253933,-0.8348367134785202,-0.7677599054956097,-0.6103901914398565,-0.5415644569236133,0.05783149319662344,-0.22515411064068,-0.4643520220980045,-0.3397111759473684,0.11916814038874249,-0.5045806591637194,-0.4136348062591949,0.05783149319662344,-0.0678561576404453,-0.12280063105399436,-0.8821971468660655,-0.40051506966299966,0.05783149319662344,0.05783149319662344,0.05783149319662344,-0.5190226315238605,0.03804947809649472,-0.8475298462146049,-0.6239645326386912,0.4949441860017982,0.0578315684711548,0.05783141265536673,-0.16943583147496036,-0.12675086241535397,0.8538033834103401,0.6449739880035493,2.789402760308089,0.05902599130027542,0.6449739880035493,0.10050378152592128,0.0987966421072903,0.5934804095273015,0.27623586126839544,0.6721373043572998,0.10283424240228918,-0.6787128925347968,0.8144307839799483,0.7147216991382352,0.6927176384006203,-0.16227072341265517,1.3209367173595445,1.4412318648828506,0.7344879275810907,0.7344879275810907,0.7754479725379982,-0.35104831086289523,0.1906766216054152,-0.04294251564797807
W000202,0.198507487253719,0.198507487253719,1.065345521490531,0.702095052196281,-0.6569966665704812,2.3384601941487637,2.1856821177548484,0.05783149319662344,-1.556114370585588,-1.3737741953682607,-0.6690549091694781,-0.4033138425266628,-0.7618787396272915,-0.6365818841017594,0.05783149319662344,-0.0678561576404453,-0.12280063105399436,-1.452211497783312,-1.7505658662798516,0.05783149319662344,0.05783149319662344,0.05783149319662344,3.4408340992272985,1.4774249410281814,0.13064173467580817,-0.1775724996077969,1.9368768082528955,0.05783116588022677,0.05783148495012346,0.3999538851638701,-0.12736148039420458,0.96399309648899,-1.443071296900028,-0.5985358149648935,-1.0477113455798879,-1.443071296900028,0.10050378152592128,0.7596099469988837,0.7961256665933047,-0.9731365886374912,-1.466572199689863,-1.3682300004633872,0.6355338150174621,-0.5075460542071477,-0.22159493728740007,-1.0865228711900135,-0.16227072341265517,-0.1658653285500409,-0.745675677729662,0.7344879275810907,0.7344879275810907,0.5215576815115116,-0.35104831086289523,-1.02785513400527,-1.3756412771369524
W000203,-0.8462687614500647,-0.8462687614500647,-0.9355412005900116,-0.6070816540011509,-0.41718352287363575,-0.5956421624961614,-0.542178156145218,0.05783149319662344,1.105806149304228,-0.3710443720282297,-0.6355517540392294,-0.4108093656143888,-0.6427722783416068,-0.5594308047449309,0.05783149319662344,-0.0678561576404453,-0.12280063105399436,-0.692192363226983,-0.40051506966299966,0.05783149319662344,0.05783149319662344,0.05783149319662344,-0.56268856132299,-0.07243043083710553,-1.6739858597549195,-0.5455954575130679,0.8745247237671502,0.05783146405268261,0.05783175411696271,0.36517612437229163,-0.12669781873323038,1.5404416412104578,-0.5150511702762159,-0.5985358149648935,0.4279384369269965,-0.5150511702762159,0.10050378152592128,0.9330538191853948,-0.4197458758027149,1.340237402561079,-0.8864505082708075,-0.22018041087119675,1.4162753329079676,-1.2928797342013525,-0.22159493728740007,0.3368695364824935,0.873499851561739,0.09943900025971543,0.25407123269995013,0.7344879275810907,0.7344879275810907,0.28580241127263106,-0.35104831086289523,-1.02785513400527,-0.48717543614430286
W000204,0.198507487253719,0.198507487253719,-0.05471663792082225,-0.22270572222093155,0.2015362817407942,-0.5885338077819351,-0.5634324321612866,0.05783149319662344,0.440326019331774,-0.0410296708716968,-0.29256326668622273,-0.15702373608503012,-0.28757144459704703,-0.30452446251502124,0.05783149319662344,-0.0678561576404453,-0.12280063105399436,-0.5401885363157177,-0.40051506966299966,0.05783149319662344,0.05783149319662344,0.05783149319662344,-0.25760388374596466,-0.6934706381457224,-0.4240840501401944,-0.12347112104096032,-0.9699913294963093,0.057831945511321634,0.057831609576346615,-0.3853993445432761,-0.12619996637811473,-0.9281200610070293,-0.979061233588122,-0.5985358149648935,-0.3098864543264456,-0.979061233588122,0.10050378152592128,0.5215497302722996,0.5529513581141009,0.1955876840657476,-0.9389516399461861,-1.1180243786251451,-0.36549468004597946,0.49937028595536653,-0.22159493728740007,-0.37482666735375997,-1.1980412983870494,-0.15979135631399613,-0.16086122491650645,0.40804884865616153,0.40804884865616153,0.9930682219892727,-0.35104831086289523,-1.02785513400527,-0.9314083566406276
W000205,-1.1945275110179927,-1.1945275110179927,2.9462341046569738,6.031638428335785,0.7505063761794883,5.957426560313235,8.223113211513242,0.05783149319662344,0.7730660843180011,-0.07866930923040538,-0.4105892413278838,-0.0962251303733568,-0.42803229835491846,-0.3910030154777646,0.05783149319662344,-0.0678561576404453,-0.12280063105399436,-1.0376556062071332,-0.40051506966299966,0.05783149319662344,0.05783149319662344,0.05783149319662344,1.045455401112264,-0.44460822943137573,-0.23741620184232587,-0.610754593839107,-0.2837392001016527,0.05783126747017366,0.057830525363749816,-0.8724007420456285,-0.12639824744596231,0.241228657854709,-0.747056201932169,-0.5985358149648935,-0.3098864543264456,-0.747056201932169,0.10050378152592128,-1.1264099740880509,-0.37921682438951426,-1.0041679982925804,-0.9822808871722516,-0.9122282433639803,0.30860562003655384,-0.17869493437438994,-0.22159493728740007,-0.37482666735375997,-1.1980412983870494,-0.4793800964273699,-0.22416706319089286,-0.40804884865616153,-0.40804884865616153,-1.5665604263185733,-0.35104831086289523,-0.5709057256512629,0.4012904048483467
W000206,-0.49801001188213684,-0.49801001188213684,-0.653762830686989,-0.4492712605718939,0.0728629429412576,-0.6735991588351026,-0.6259313962522466,0.05783149319662344,-0.557894175626907,-0.8869759522392502,-0.5531342392948141,-0.0670007877280429,-0.6475525569493185,-0.6010532963687878,0.05783149319662344,-0.0678561576404453,-0.12280063105399436,-1.452211497783312,-1.7505658662798516,0.05783149319662344,0.05783149319662344,0.05783149319662344,-0.1465172539489132,0.3088550200959544,0.6940569335892092,-0.3182806117651661,0.1400727437680887,0.05783217747296496,0.05783170436201138,-0.5498738224099513,-0.12688631660196661,-0.07103506566407503,0.6449739880035493,1.0954334726715977,0.4279384369269965,0.6449739880035493,0.10050378152592128,-0.17745785114905377,0.7555966151801041,-0.47702711593516245,0.14072148208287255,1.020228038486364,1.0747964196396755,-0.9493923117289399,0.7147216991382352,0.6927176384006203,-0.16227072341265517,0.7949227669375639,0.9063966109605873,0.7344879275810907,0.7344879275810907,-1.1105941893730462,-0.35104831086289523,0.6857051473222562,1.733989166337321
W000207,-0.1497512623142089,-0.1497512623142089,-0.10332538496441357,-0.08303696633341257,-0.5554594569479853,0.18906883360539875,0.2865486056649529,0.05783149319662344,0.440326019331774,0.05595128116024651,-0.2347219867296195,-0.1578142869684129,0.21483205939392222,0.048116817784371095,0.05783149319662344,-0.0678561576404453,-0.12280063105399436,0.3718344251518765,-0.40051506966299966,0.05783149319662344,0.05783149319662344,0.05783149319662344,-0.3108108282166352,0.0013389598046583894,-0.11437913556466912,0.34229054135336934,0.07931348354267012,0.05783130505157076,0.057831697525783377,0.4879659957426225,-0.1267458232723341,0.2391123761384735,0.4129689563475963,-0.5985358149648935,0.7968508825537176,0.4129689563475963,0.10050378152592128,-0.8728029676976904,-1.230326904066728,-0.381272691889741,0.4605514182679727,0.5724323821675039,0.1732349587486455,-0.042528050512845764,-0.22159493728740007,0.6927176384006203,1.9092704265361333,-0.839286893276414,0.33901223029829963,-0.24482930919369691,-0.24482930919369691,0.20721732119300446,-0.35104831086289523,-0.11395631729725625,0.4012904048483467
W000208,0.5467662368216469,0.5467662368216469,0.6602172864064364,0.15769781850642547,-0.1826514842313805,0.14552243463781522,0.05489222709048615,0.05783149319662344,-0.22515411064068,-0.056807700486503854,-0.0358772180005236,0.2278575378009007,-0.24723322904100306,-0.14637855271949468,0.05783149319662344,-0.0678561576404453,-0.12280063105399436,0.2578315549684276,0.9495357269538522,0.05783149319662344,0.05783149319662344,0.05783149319662344,0.05155318805326483,-0.23298797739163918,0.471269056994513,0.6001069873632325,-1.1606704122223401,0.05783174518440185,0.057831812355607165,0.09792651965879268,-0.1265856443717698,-2.185846894076516,-0.2830461386202629,-0.5985358149648935,0.05902599130027542,-0.2830461386202629,0.10050378152592128,0.5850324547327226,0.10713179256889363,0.8350746407667872,0.14926082277706065,0.02358905349210645,-0.12803073469573847,0.26050962619216744,-0.22159493728740007,-0.018978565435633234,-0.16227072341265517,0.12144672303945782,-0.020378732294289822,0.7344879275810907,0.7344879275810907,0.05004714103375049,-0.35104831086289523,-0.24451329111268635,-0.04294251564797807
W000209,-1.5427862605859206,-1.5427862605859206,-1.2520423755488281,-0.6943601371580987,-0.30037483725749237,-0.9013437746609273,-0.978706947253775,0.05783149319662344,-0.22515411064068,1.1086461320905159,0.8329962565604889,-0.07906481172393073,1.247985915323029,1.204429387032895,0.05783149319662344,-0.0678561576404453,-0.12280063105399436,-0.8821971468660655,-0.40051506966299966,0.05783149319662344,0.05783149319662344,0.05783149319662344,-0.8226781588548323,1.4857575419479057,2.225935382491055,-0.5401778983424519,1.1585537849679552,0.05783186665865598,0.05783176844389116,-0.10037188428411134,-0.12735115713510728,0.07711749534134206,-1.2110662652440751,1.0954334726715977,-1.0477113455798879,-1.2110662652440751,0.10050378152592128,0.21683265286227235,0.10713179256889363,-0.41619081904172683,-1.3710580926659814,-1.079085625901766,1.1563427194955946,-1.0314182502608014,0.7147216991382352,-1.0865228711900135,-1.1980412983870494,1.4748547279562458,-0.4038610204453411,-1.2241465459684846,-1.2241465459684846,0.05004714103375049,-0.35104831086289523,-1.02785513400527,-0.48717543614430286
W000210,-1.5427862605859206,-1.5427862605859206,-0.8599836090674614,0.16886874185239328,0.1957888245213686,-0.3732311297042289,-0.274428301517073,0.05783149319662344,1.105806149304228,0.7581907612856029,-0.07430403722534916,0.10437959995345518,-0.30149736974255287,-0.2892849703125246,0.05783149319662344,-0.0678561576404453,-0.12280063105399436,-0.692192363226983,-0.40051506966299966,0.05783149319662344,0.05783149319662344,0.05783149319662344,-0.695496774988234,-0.8364508081349399,-0.5732122557168908,-0.828124878917659,-0.8191571561746146,0.05783168838821547,0.057830470305314866,-1.4430983171594065,-0.12601490250203204,-0.27581193340577115,0.4129689563475963,1.0954334726715977,0.4279384369269965,0.4129689563475963,0.10050378152592128,1.4261785538333185,2.538874877360933,-0.05733749156942638,0.5950460342014351,0.07041209912228548,-0.6349043503360976,0.7703645688860669,-0.22159493728740007,0.6927176384006203,0.873499851561739,0.037247304517036645,1.0891171366477053,0.40804884865616153,0.40804884865616153,-0.4214633994440106,-0.35104831086289523,-0.11395631729725625,0.4012904048483467
W000211,0.8950249863895748,0.8950249863895748,-0.4575044641653578,-0.7485131559121606,-0.7236730920755999,-0.6519085560274989,-0.5858809800856819,0.05783149319662344,2.436766409249136,0.799081990525686,-0.38207509794851907,-0.22038548919093776,-0.37700245175513086,-0.37315965892575526,0.05783149319662344,-0.0678561576404453,-0.12280063105399436,-0.027175620490195708,0.9495357269538522,0.05783149319662344,0.05783149319662344,0.05783149319662344,-0.5835552514696665,-1.1168722949107521,-1.3394605897602114,-0.8103137254800172,-0.7440104275966496,0.057831184566548226,0.05783181946641269,0.7786352868713022,-0.12575596956059917,0.46325488290293226,2.269009209595221,1.0954334726715977,2.2725006650606017,2.269009209595221,0.10050378152592128,-0.15862231751793923,-0.2171006187367116,-0.018673620286727668,1.6978070032925578,1.7368941733207879,0.04817613440618093,0.08326634428503717,0.7147216991382352,2.471958147991254,-0.16227072341265517,0.44121997487746184,1.410058239767654,0.7344879275810907,0.7344879275810907,-0.3271612913484583,-0.35104831086289523,-0.11395631729725625,2.178222086833646
W000212,0.198507487253719,0.198507487253719,-0.26222799066874475,-0.3940414450726868,0.08399361482545606,-0.4342186609514977,-0.4310944653225653,0.05783149319662344,1.771286279276682,0.6014327561536424,-0.3256643584740094,-0.44166679351848237,-0.1815475688923835,-0.17286239574225062,0.05783149319662344,-0.0678561576404453,-0.12280063105399436,0.1764009334088212,0.9495357269538522,0.05783149319662344,0.05783149319662344,0.05783149319662344,-0.49588531395024515,-0.6667998014439832,-1.1941790813333515,-0.44295868582865777,-0.40042761462968535,0.05783114443120341,0.05783180171666856,0.8054756996769924,-0.12625488824156897,0.37784658150929795,2.5010142412511738,1.0954334726715977,2.2725006650606017,2.5010142412511738,0.10050378152592128,-0.9281884058748957,-0.9466235441743235,-0.7629883574801855,2.0964677049601166,1.9144516676606593,-0.12982347897787008,0.26231291502991105,0.7147216991382352,2.471958147991254,0.873499851561739,0.23046053258995874,1.403971522886013,0.7344879275810907,0.7344879275810907,0.7685393931903388,-0.35104831086289523,0.0688234460443465,0.8455233253446716
W000213,-0.49801001188213684,-0.49801001188213684,1.1734456033153626,1.5622882593927367,1.779888025010463,1.2920966063679862,1.3419666633552698,0.05783149319662344,0.7730660843180011,1.1080605088675155,0.23285455968538177,-0.08142208246779727,0.25468429662230097,0.2182834459361134,0.05783149319662344,-0.0678561576404453,-0.12280063105399436,-0.20854382305477423,-0.40051506966299966,0.05783149319662344,0.05783149319662344,0.05783149319662344,-0.20004618376351155,0.00048007352143074187,-1.0108427475313233,0.31023046516561437,1.3179117271643233,0.057831354334486794,0.05783174561634356,0.48653637113380055,-0.12674527629267734,1.9855857046204883,0.8769790196595024,1.0954334726715977,0.7968508825537176,0.8769790196595024,0.10050378152592128,-0.20526268650926974,-0.2981587215631129,0.009985321916686447,0.9939439397771657,1.471885389290187,0.47926300686239964,-0.3503560930844511,1.6510383355638705,1.048565740318747,1.9092704265361333,1.6873149743901497,1.042615539000323,0.7344879275810907,0.7344879275810907,1.5319374111067137,-0.35104831086289523,0.49530956050808667,-0.48717543614430286
W000214,-0.49801001188213684,-0.49801001188213684,-0.6381287756307743,-0.4320598512445555,-0.276874596149055,-0.3371685647512576,-0.30124361757999607,0.05783149319662344,1.105806149304228,1.5075557320255284,0.2981422022516843,0.5548075466242217,-0.13873361883660387,-0.1462313619251728,0.05783149319662344,-0.0678561576404453,-0.12280063105399436,0.06782677132934505,-0.40051506966299966,0.05783149319662344,0.05783149319662344,0.05783149319662344,-0.6953712067335163,-0.3128895037154083,-0.32706943214104456,-0.57928822276594,0.4293601249280993,0.05783126981724785,0.057831495243019164,0.28767423508962603,-0.12653378333775236,1.2661674951418982,0.18096392469164324,1.0954334726715977,-0.3098864543264456,0.18096392469164324,0.10050378152592128,-0.3738040199097601,-0.054984413083908994,-1.1027984102009258,-0.06216692737348516,0.1441865541787703,0.35599178531222014,-0.22635981539327243,0.7147216991382352,-0.018978565435633234,-0.16227072341265517,0.7337255491497489,0.6496627334400406,-0.24482930919369691,-0.24482930919369691,-0.12141123732179884,-0.35104831086289523,1.2568919077647647,-0.04294251564797807
W000215,0.8950249863895748,0.8950249863895748,0.04380532286741908,-0.4173803341305621,-0.2622665292898631,-0.08253459811876561,-0.2353803062494471,0.05783149319662344,0.7730660843180011,-0.11231335635460034,-0.42883101231309306,-0.13386604661085008,-0.2372151403995889,-0.37542449738667044,0.05783149319662344,-0.0678561576404453,-0.12280063105399436,0.6205679600975846,0.9495357269538522,0.05783149319662344,0.05783149319662344,0.05783149319662344,-0.1871945670906216,-0.8813352221638527,-0.321917605601085,-0.6235192538027502,-1.0755411054878652,0.05783137467767713,0.057831421208644575,0.07317868041301862,-0.12602257730949212,-0.8857756362909177,0.4129689563475963,1.0954334726715977,0.7968508825537176,0.4129689563475963,0.10050378152592128,-0.2470446837306705,-0.17657156732351095,-0.10861222882758162,0.18468327306406307,0.6015559947416016,0.5691187878187624,-0.4407403873869729,-0.22159493728740007,0.6927176384006203,-0.16227072341265517,0.4552957964617763,0.7593542823121274,0.7344879275810907,0.7344879275810907,0.6787278616707656,-0.35104831086289523,-0.11395631729725625,-0.48717543614430286
W000216,0.5467662368216469,0.5467662368216469,1.7010215623983964,0.9215733606836526,1.1899892351058559,0.2865061803510141,0.17766881349583363,0.05783149319662344,-0.890634240613134,-1.2398345711517547,-0.7683493981272623,-0.7034375201340279,-0.4764017363612193,-0.3202954692787922,0.05783149319662344,-0.0678561576404453,-0.12280063105399436,1.5878650404420032,-0.40051506966299966,0.05783149319662344,0.05783149319662344,0.05783149319662344,3.2701542128132153,0.3148779327403338,-0.7053394337117207,-0.040946110113220587,0.8889316411759023,0.05783126179431636,0.05783144224579628,0.23374987721049703,-0.12691192655467531,1.0392242026166778,-0.05104110696430982,1.0954334726715977,0.4279384369269965,-0.05104110696430982,0.10050378152592128,-0.41164631929590834,-0.9466235441743235,0.20786338292599732,0.2359193172291916,0.46776437123131337,0.3409554024508077,-0.21123499159978368,0.7147216991382352,0.6927176384006203,-0.16227072341265517,0.3204555490319798,1.0570869404678562,0.7344879275810907,0.7344879275810907,-0.1385570751573541,-0.35104831086289523,-0.3424310214742595,-0.48717543614430286
W000217,0.198507487253719,0.198507487253719,-0.17960958473535918,-0.32582597582724293,-0.17948167668725573,-0.03454964794516049,-0.08663142404567356,0.05783149319662344,-0.890634240613134,-0.018059178622160624,0.44613397966903345,0.35605312725953314,0.09787801275826734,0.18056153129098462,0.05783149319662344,-0.0678561576404453,-0.12280063105399436,-1.452211497783312,-1.7505658662798516,0.05783149319662344,0.05783149319662344,0.05783149319662344,-0.3177966211355609,0.4645159491708529,-0.02324904832449534,-0.0315210414191352,0.1867049299416849,0.057831732155131016,0.05783175774477119,0.048070052622431435,-0.12697951272126326,-0.18949777162415984,-0.05104110696430982,-0.5985358149648935,0.4279384369269965,-0.05104110696430982,0.10050378152592128,-0.5585634816185998,-0.46027492721591556,-0.03828329431798908,0.4421285813999558,0.06494136526858758,-0.4575362527322977,0.5919532283682456,0.7147216991382352,0.3368695364824935,0.873499851561739,0.2209178322466583,0.17601908677223763,0.08160976973123231,0.08160976973123231,0.4272555734159597,-0.35104831086289523,-0.3424310214742595,-0.04294251564797807
W000218,0.198507487253719,0.198507487253719,-0.6838294547261744,-0.7421447687852311,-0.6195608314705515,-0.48433124343507117,-0.46376523653059654,0.05783149319662344,0.107585954345547,0.498077667985042,0.1840072041805218,0.6541876394489603,0.13730586707306894,0.008678498246777076,0.05783149319662344,-0.0678561576404453,-0.12280063105399436,-0.9455320747457593,-0.40051506966299966,0.05783149319662344,0.05783149319662344,0.05783149319662344,-0.6136296047049851,-0.6850710363008895,-0.2984138280754472,-0.06684649573712452,-0.5756238343209232,0.057831288146242305,0.05783072771609874,-0.6545701482579049,-0.12619891882251094,0.031282765207468116,-0.5150511702762159,1.0954334726715977,0.05902599130027542,-0.5150511702762159,0.10050378152592128,-0.08720425249996411,0.06660274115569298,-1.0178260809599402,-0.433628247570667,-0.36974062019508475,0.19263860784105416,-0.06204582790507504,0.7147216991382352,0.3368695364824935,0.873499851561739,1.1048316578614281,0.9583269507257485,0.7344879275810907,0.7344879275810907,2.1718445731836753,1.8430036320302,-0.6361842125589785,-1.3756412771369524
W000219,0.198507487253719,0.198507487253719,-0.6216231391799675,-0.6907829329197933,-0.3196120632598828,-0.7857822569055816,-0.7672925755935076,0.05783149319662344,0.440326019331774,1.1334025088400383,0.4078903695533495,0.24467857288957284,0.8389052910847439,0.5742815786221265,0.05783149319662344,-0.0678561576404453,-0.12280063105399436,-0.08417705558192015,-0.40051506966299966,0.05783149319662344,0.05783149319662344,0.05783149319662344,-0.663032993636259,-0.07592040344556328,0.5145787454404398,-0.16829585719235854,-0.7185117997456346,0.05783125360400537,0.05783182856132291,0.7067639538161262,-0.12670319627105248,-1.2550689528713168,0.18096392469164324,2.789402760308089,0.7968508825537176,0.18096392469164324,0.10050378152592128,1.5925115364292948,1.0798290264857093,1.038547821198919,0.11826617877593351,0.3843356799624205,0.4022531452136656,-0.27289327516252,0.7147216991382352,1.4044138422368737,-0.16227072341265517,0.7470370894420946,1.5901987738257823,-0.24482930919369691,-0.24482930919369691,0.7358806544559486,-0.35104831086289523,-0.4185892561999271,-0.04294251564797807
W000220,-0.8462687614500647,-0.8462687614500647,-0.8669264390345736,-0.5164367067153395,-0.45748021083035817,-0.49336826023247904,-0.36708680352344253,0.05783149319662344,0.7730660843180011,1.0359378265260706,0.19374970855807783,0.3697987621670952,0.21331819681015166,0.09474598147874595,0.05783149319662344,-0.0678561576404453,-0.12280063105399436,-1.0376556062071332,-0.40051506966299966,0.05783149319662344,0.05783149319662344,0.05783149319662344,-0.7189063976922325,0.39813042398349696,-0.9695823411979583,-0.32213969500998846,0.823061001646267,0.05783117793155003,0.05783179038000215,0.7517159515714343,-0.12696452549910076,0.8455429753844276,-0.5150511702762159,-0.5985358149648935,-0.6787988999531667,-0.5150511702762159,0.10050378152592128,0.5861660748123727,1.0392999750725087,-1.1589891545923214,-0.5968245363929282,-1.07578709519586,-1.0392915342279132,1.1771302755777298,-0.22159493728740007,-0.7306747692718867,-0.16227072341265517,-0.49550953546846116,-0.495738950122259,0.7344879275810907,0.7344879275810907,1.4645787624670337,1.8430036320302,-1.02785513400527,-1.3756412771369524
W000221,0.198507487253719,0.198507487253719,-0.07857924981460018,-0.24240834477054174,0.07858063743223855,-0.4499639591365964,-0.356077916757301,0.05783149319662344,-0.557894175626907,-0.1599252161933777,0.06633269556166425,-0.19148094837033314,0.5211700750026549,0.5763992450024159,0.05783149319662344,-0.0678561576404453,-0.12280063105399436,-0.14932155282960524,-0.40051506966299966,0.05783149319662344,0.05783149319662344,0.05783149319662344,-0.22157643653640535,0.6401183120173326,0.3311164781007684,-0.6494938525659777,0.8727036126900197,0.057831184111426466,0.05783175963672314,0.707444942194461,-0.12707306403619018,0.6176938219226412,0.4129689563475963,-0.5985358149648935,0.4279384369269965,0.4129689563475963,0.10050378152592128,-0.6211393100153016,-0.5818620814555175,-0.11380491742238708,0.22817065622890984,0.5363899003078473,0.43355467247933566,-0.3043789116167025,1.6510383355638705,0.3368695364824935,0.873499851561739,1.0960064823297782,0.005763260155094986,0.40804884865616153,0.40804884865616153,0.5215576815115116,1.8430036320302,-0.11395631729725625,-0.04294251564797807
W000222,-1.5427862605859206,-1.5427862605859206,-1.2325097688368525,-0.6513535482544607,-0.5653357932651891,-0.6669660558977792,-0.4413608375449886,0.05783149319662344,-0.557894175626907,-0.5513484024004588,-0.26717046916954984,-0.4702425112246079,-0.29931405817717904,-0.17081481349007854,0.05783149319662344,-0.0678561576404453,-0.12280063105399436,-1.452211497783312,-1.7505658662798516,0.05783149319662344,0.05783149319662344,0.05783149319662344,-0.6871621655079668,2.6945822147258527,3.1097026041625644,6.804919139923003,-0.06369118766489953,0.05783119408649179,0.05783161459020737,0.5215734486919634,-0.12764905284834333,-2.702607929472829,-0.979061233588122,-0.5985358149648935,-1.0477113455798879,-0.979061233588122,0.10050378152592128,0.08623961968654689,1.0392999750725087,-1.0250280908301446,-0.7148730146931395,-0.7699087111993983,-0.021590647721618953,0.15344348037204425,-0.22159493728740007,-1.0865228711900135,-0.16227072341265517,0.006104838328206546,-0.8273591652029149,-0.24482930919369691,-0.24482930919369691,-0.5786335796032641,-0.35104831086289523,0.3429930910567509,-0.48717543614430286
W000223,0.198507487253719,0.198507487253719,-0.6696693901294817,-0.7304532402439031,-0.628085621191682,-0.4517715072419477,-0.42556519492146333,0.05783149319662344,-0.22515411064068,-0.4253128349618039,-0.3106065360011725,-0.6250958863890429,-0.21872713883211875,-0.10344347716675069,0.05783149319662344,-0.0678561576404453,-0.12280063105399436,-0.312182795948819,-0.40051506966299966,0.05783149319662344,0.05783149319662344,0.05783149319662344,-0.40688349510175714,0.4034119875842495,-0.7066102175915774,0.059835333088101864,1.759470434503543,0.057831206071991645,0.05783182539427807,0.7599577148920087,-0.126967231654902,1.9507207015929922,1.1089840513154554,-0.5985358149648935,0.7968508825537176,1.1089840513154554,0.10050378152592128,-0.4470152657810005,-0.054984413083908994,-0.3682354185716814,1.2126459431116494,0.9321331330481405,-0.2552243770374744,0.38845139555265196,0.7147216991382352,0.6927176384006203,1.9092704265361333,-0.47316372217759567,0.36093477541354796,0.7344879275810907,0.7344879275810907,0.05004714103375049,-0.35104831086289523,0.3429930910567509,1.2897562458409964
W000224,-0.8462687614500647,-0.8462687614500647,-1.252721945388228,-1.0260998250266267,-0.6481797457547932,-0.965862355855398,-0.9203942695773734,0.05783149319662344,2.104026344262909,1.0221556004654975,-0.22775927918395567,0.15409412168517855,-0.21341225688952795,-0.331448813173499,0.05783149319662344,-0.0678561576404453,-0.12280063105399436,-0.23618088249318636,0.9495357269538522,0.05783149319662344,0.05783149319662344,0.05783149319662344,-0.8199459368143975,-0.4176146605299356,-0.7104798117482581,-0.15152368770524596,-0.13006673869750976,0.05783116895135831,0.05783176008808345,0.7261631028850459,-0.12646482824679076,0.4925324960082418,1.1089840513154554,-0.5985358149648935,1.1657633281804387,1.1089840513154554,0.10050378152592128,-0.09876717731239809,-0.1360425159103103,0.1833743864074002,1.344768519963393,1.3034994193521035,-0.017161092863049236,0.14898787177674977,0.7147216991382352,1.048565740318747,0.873499851561739,0.5496393524575588,0.44392126693683914,0.7344879275810907,0.7344879275810907,0.9302001499255714,-0.35104831086289523,-0.030874606687436874,-0.04294251564797807
W000225,0.198507487253719,0.198507487253719,2.0985884551036627,1.5552118699885376,1.2233189455152422,1.785489583206499,1.4900722763564536,0.05783149319662344,-0.22515411064068,-0.59010076223405,-0.4334598442426053,-0.17192377734376785,-0.5756220491941044,-0.4893111489985417,0.05783149319662344,-0.0678561576404453,-0.12280063105399436,-0.312182795948819,-0.40051506966299966,0.05783149319662344,0.05783149319662344,0.05783149319662344,1.3355111508751882,-0.05521703113660337,-0.6577937989996049,-0.1340835999642218,-0.09261038347402491,0.05783165567210758,0.057831678098483434,0.04427726304508365,-0.1267005345079706,0.0139483761281657,-0.747056201932169,-0.5985358149648935,0.05902599130027542,-0.747056201932169,0.10050378152592128,-0.18194250201360448,0.02607368974249232,0.5414204763944072,-0.35867181258834935,-0.6821356136349218,-0.5472989981865415,0.6822439399528321,-0.22159493728740007,-0.37482666735375997,-1.1980412983870494,-0.4793800964273699,-0.5595843718775052,0.7344879275810907,0.7344879275810907,-0.7582566426424114,-0.35104831086289523,-1.02785513400527,-0.48717543614430286
W000226,-0.8462687614500647,-0.8462687614500647,-0.8619830748944725,-0.5099061734636572,-0.35188387935375226,-0.4079392564679239,-0.29004638006004974,0.05783149319662344,-0.890634240613134,-0.7312847103890635,-0.2628347540664075,0.13597058234807105,-0.5100230323986212,-0.3396400512608964,0.05783149319662344,-0.0678561576404453,-0.12280063105399436,-0.692192363226983,-0.40051506966299966,0.05783149319662344,0.05783149319662344,0.05783149319662344,-0.3968715223516117,1.3341730540457164,0.02577344332907553,-0.14684825992786502,1.7537727863731607,0.0578316791785822,0.05783144944123187,-0.2580680473651103,-0.12730104946098095,0.9139174787733704,-0.05104110696430982,-0.5985358149648935,0.05902599130027542,-0.05104110696430982,0.10050378152592128,-0.7218047730882572,-0.9466235441743235,0.003161762001453292,-0.08936630884386204,-0.03015286142363168,0.1489082591106877,-0.0180582661975323,-0.22159493728740007,-0.018978565435633234,0.873499851561739,0.07138287781882369,-0.023930295313685873,0.7344879275810907,0.7344879275810907,-1.0815781561128763,-0.35104831086289523,0.14715763033360518,0.4012904048483467
W000227,0.198507487253719,0.198507487253719,-0.2369710421566652,-0.3731875617885105,-0.14146187820260384,-0.2090666607702606,-0.24351258887049426,0.05783149319662344,-0.22515411064068,-0.3362388736700987,-0.24419978519122795,0.32476402967407725,-0.6327360906555488,-0.5218032926824959,0.05783149319662344,-0.0678561576404453,-0.12280063105399436,-0.8821971468660655,-0.40051506966299966,0.05783149319662344,0.05783149319662344,0.05783149319662344,-0.21954442545947153,0.3504735245162453,1.189559610202521,-0.6678987111182074,-0.49691592331824935,0.057831182704686485,0.05783173312870837,0.6773484127718326,-0.12693976389079348,-1.3236925186240986,-1.443071296900028,1.0954334726715977,-1.4166237912066089,-1.443071296900028,0.10050378152592128,2.2287815702258005,2.538874877360933,1.0155686941029423,-1.2088896874457984,-1.4872184617813162,-0.871685016055909,1.0085379301076434,-0.22159493728740007,-1.0865228711900135,0.873499851561739,0.7751874509430086,-0.43447633451732004,-0.24482930919369691,-0.24482930919369691,0.05004714103375049,1.8430036320302,-1.02785513400527,-0.9314083566406276
W000228,-0.8462687614500647,-0.8462687614500647,-0.899259973054727,-0.5591515893496364,0.0699985497051458,-0.5919234325000069,-0.42419877570539477,0.05783149319662344,-0.890634240613134,-0.7146282946586885,-0.24627775008523958,-0.12864793556911394,-0.4739341283152751,-0.36589248318511114,0.05783149319662344,-0.0678561576404453,-0.12280063105399436,0.8278459058856741,0.9495357269538522,0.05783149319662344,0.05783149319662344,0.05783149319662344,-0.4296379776536011,1.5864677839103185,-0.39777538927613415,0.4915331645329419,2.050032021433518,0.05783180151042113,0.057831790677147686,0.0043988542012098975,-0.12738276861344605,0.9736148685742063,-1.9070813602119343,-0.5985358149648935,-1.7855362368333298,-1.9070813602119343,0.10050378152592128,2.3716177002617504,2.782049185840137,-0.5519094276418298,-1.8695025717045157,-1.6831994568931996,1.8972644860775139,-1.7766979673043504,-2.0942282101386707,-1.798219075026267,-2.2338118733614434,-2.1108104963676575,-1.7454225881592742,-0.7344879275810907,-0.7344879275810907,-3.722037182788338,-0.35104831086289523,-1.02785513400527,-0.9314083566406276
W000229,0.198507487253719,0.198507487253719,0.5347684072191041,0.2640138956789137,-0.5764847556000898,1.175614926347456,1.0953255242533295,0.05783149319662344,1.105806149304228,2.177275070203217,0.6310033029821271,-0.33991680593946055,3.190475763728474,2.3224932645304626,0.05783149319662344,-0.0678561576404453,-0.12280063105399436,-1.072201930505148,-0.40051506966299966,0.05783149319662344,0.05783149319662344,0.05783149319662344,-0.5116802073841027,-0.441748466701851,-0.41295610481388173,-0.1710417433473283,-0.3853798540089386,0.05783117482844713,0.05783172617964028,0.678460092475538,-0.12644489224771618,0.031256860177349174,0.6449739880035493,-0.5985358149648935,1.1657633281804387,0.6449739880035493,0.10050378152592128,-0.44743383319502555,0.10713179256889363,-0.6757483093709379,1.1597494715893177,0.9370407031227812,-0.19856568441406358,0.3314594480745315,0.7147216991382352,1.048565740318747,0.873499851561739,-0.8523223628764814,0.4348584529623461,0.40804884865616153,0.40804884865616153,1.0656083051396972,-0.35104831086289523,-0.5293648703463532,-0.48717543614430286
W000230,-0.1497512623142089,-0.1497512623142089,-0.60469276590261,-0.556138201462671,-0.6997039091642574,-0.4228201152904298,-0.2885924180473785,0.05783149319662344,1.105806149304228,1.042742919514291,0.06712288477595979,-0.2787780666954062,0.8384737436065448,0.42580942048152637,0.05783149319662344,-0.0678561576404453,-0.12280063105399436,0.06782677132934505,-0.40051506966299966,0.05783149319662344,0.05783149319662344,0.05783149319662344,-0.6505399476276604,-0.749472906777195,-0.7549000050261317,-0.8370304556364797,-0.4364133620928672,0.05783164018668378,0.05783145294491626,-0.20711568512387923,-0.12615137580210156,0.4490728381199512,0.8769790196595024,-0.5985358149648935,1.1657633281804387,0.8769790196595024,0.10050378152592128,0.18535040379312412,0.14766084398209428,-0.17455577050075125,0.31063854830333737,0.3571429146308045,0.10371704011681536,0.027398758313951523,1.6510383355638705,1.048565740318747,1.9092704265361333,0.6700324651660925,0.48993787283025886,0.7344879275810907,0.7344879275810907,1.1277855192686335,-0.35104831086289523,0.0688234460443465,-0.04294251564797807
W000231,0.5467662368216469,0.5467662368216469,0.4330842075786334,-0.009001538652356129,-0.4077687216322705,-0.0922342019062806,-0.02240843954181054,0.05783149319662344,2.436766409249136,1.531803266589866,-0.10894455290970904,-0.33594568054487833,-0.02592118228048402,-0.10042187245687,0.05783149319662344,-0.0678561576404453,-0.12280063105399436,0.2578315549684276,-0.40051506966299966,0.05783149319662344,0.05783149319662344,0.05783149319662344,-0.4565455438209117,-1.016511279181776,-1.1724154763278778,-0.8370304556364797,-0.6550375726642317,0.05783117339537779,0.0578318178640836,0.7901083625963591,-0.12588353644014091,0.4705196575780594,2.96502430456308,1.0954334726715977,2.2725006650606017,2.96502430456308,0.10050378152592128,0.46240433481227866,0.6745385123537029,-0.014528426645996758,3.376499061425033,3.0324122210575113,-0.20716213456221233,0.3401064607862082,1.6510383355638705,2.471958147991254,0.873499851561739,1.4647367884801257,1.3010760349717387,0.7344879275810907,0.7344879275810907,-0.1139565252193837,-0.35104831086289523,0.1716370629239983,2.622455007329971
W000232,3.3328362333650703,3.3328362333650703,2.2054193388754735,-0.03210787848932827,0.467467174916423,0.2344492351146314,-0.17836233992694348,0.05783149319662344,-0.22515411064068,-0.45820322455777057,-0.33512710154320086,-0.14470958862032104,-0.32347391040426376,-0.3093527005236287,0.05783149319662344,-0.0678561576404453,-0.12280063105399436,-0.8821971468660655,-0.40051506966299966,0.05783149319662344,0.05783149319662344,0.05783149319662344,1.178999516368215,-1.1442604534851943,-0.7653524886505386,-0.45891451078321177,-1.2083481116967292,0.05783141694381927,0.057831795391982244,0.4711487396975215,-0.12571266426517502,-0.7681732478465187,1.5729941146273616,1.0954334726715977,1.5346757738071597,1.5729941146273616,0.10050378152592128,0.5999695663704689,0.7555966151801041,0.2968068716194965,1.5663169701959394,1.4394632460101833,-0.09378802157220999,0.22606550442579051,0.7147216991382352,1.7602619441550005,0.873499851561739,0.20308264742898063,1.4224825196389843,0.40804884865616153,0.40804884865616153,-0.8375021116302706,-0.35104831086289523,0.46761565697148,1.733989166337321
W000233,2.984577483797142,2.984577483797142,1.804634320075703,-0.1044809745510582,-0.10581645185945819,-0.0754192274870918,-0.20908021474656138,0.05783149319662344,-1.2233743055993611,-1.299845150335483,-0.7203303654158918,-0.2677959986282494,-0.8465502372195988,-0.7296398470435391,0.05783149319662344,-0.0678561576404453,-0.12280063105399436,0.3718344251518765,-0.40051506966299966,0.05783149319662344,0.05783149319662344,0.05783149319662344,3.8791881154683736,-0.6908033571508096,-1.1113262620673794,-0.14721932562448256,-0.2885639044702687,0.0578312234775779,0.057831600639412506,0.4696063686684455,-0.1262252845522646,0.6467927885390502,0.8769790196595024,1.0954334726715977,0.7968508825537176,0.8769790196595024,0.10050378152592128,0.010449020075634356,0.2287189468084956,0.02748891659407751,0.5332939501073527,0.9418678212289853,0.48878227058423945,-0.35993134717072967,-0.22159493728740007,1.048565740318747,1.9092704265361333,0.649449024904269,1.2871648677273386,0.08160976973123231,0.08160976973123231,-0.21938745352497002,-0.35104831086289523,0.0688234460443465,0.8455233253446716
W000234,0.5467662368216469,0.5467662368216469,-0.32807055999931917,-0.5676344383973616,-0.3470380508071609,-0.4801795317131887,-0.5774664390176762,0.05783149319662344,0.440326019331774,-0.24544866888598602,-0.4144826358495437,-0.44421972193565407,-0.3914575798532723,-0.3305792483278979,0.05783149319662344,-0.0678561576404453,-0.12280063105399436,2.6518918288208626,0.9495357269538522,0.05783149319662344,0.05783149319662344,0.05783149319662344,-0.3025559366368417,-0.5116134874051548,-0.4952822929224357,-0.7628173163129728,-0.27351866505605343,0.057831319681290426,0.05783150392230176,0.2382935579467371,-0.1263782672224796,0.3709212827250592,-0.5150511702762159,-0.5985358149648935,-0.6787988999531667,-0.5150511702762159,0.10050378152592128,0.5453557519449583,1.485119540617716,-0.6177137328358826,-0.6204658592407267,-0.6691828467166077,-0.009158631699642582,0.14093834177167294,-0.22159493728740007,-0.7306747692718867,-0.16227072341265517,0.09943900025971543,-0.590076006123491,0.08160976973123231,0.08160976973123231,-0.18570812920513005,-0.35104831086289523,-0.11395631729725625,-0.48717543614430286
W000235,0.5467662368216469,0.5467662368216469,0.16147765997063845,-0.20834122585262707,0.34080261655663363,-0.48905499509111944,-0.3959244775298544,0.05783149319662344,-0.22515411064068,0.07626248295178555,0.06332975992741326,0.08131570678008312,-0.01146363867590777,-0.04087649544045852,0.05783149319662344,-0.0678561576404453,-0.12280063105399436,-0.312182795948819,-0.40051506966299966,0.05783149319662344,0.05783149319662344,0.05783149319662344,-0.21270684273633192,0.07543077148018915,0.43129088304442675,0.058944775416219786,0.2508434169480797,0.05783118276674855,0.057831678098483434,0.6112925400733629,-0.12679199532028432,0.42256041938922073,-0.2830461386202629,-0.5985358149648935,0.4279384369269965,-0.2830461386202629,0.10050378152592128,-1.2650355152567285,-0.7845073385215208,-1.4624319120522955,0.16981849481862454,-0.6426336971324855,-1.2879610882062253,1.4272624530696576,-0.22159493728740007,0.3368695364824935,0.873499851561739,0.12144672303945782,0.20178724780117965,-0.24482930919369691,-0.24482930919369691,-0.7881938198156025,-0.35104831086289523,-0.6851430777397648,0.8455233253446716
W000236,0.8950249863895748,0.8950249863895748,-0.19388977308041733,-0.5743863409566541,-0.4674041747568164,-0.20729141228000297,-0.296282655641794,0.05783149319662344,-0.557894175626907,0.1760092710407675,0.35255798466774485,-0.7937946811983118,0.7499274976348985,0.8454089272640615,0.05783149319662344,-0.0678561576404453,-0.12280063105399436,0.5021234196472476,-0.40051506966299966,0.05783149319662344,0.05783149319662344,0.05783149319662344,-0.3809970973981081,-0.2289428126570686,-0.45549874353052566,-0.6295305180879542,0.07005954648658233,0.05783155540238993,0.05783162818931733,0.10465973587636729,-0.12658860936955002,0.5580592528258018,-1.6750763285559813,1.0954334726715977,-1.4166237912066089,-1.6750763285559813,0.10050378152592128,1.8002731801179497,1.0798290264857093,0.9408316534360703,-1.2967342014387888,-1.6664654474583591,-1.4445508865951147,1.5847732806615678,-0.22159493728740007,-1.0865228711900135,-1.1980412983870494,0.8085653030260014,-0.2425447123897593,0.40804884865616153,0.40804884865616153,1.936089302944795,1.8430036320302,-1.02785513400527,-1.3756412771369524
W000237,-0.8462687614500647,-0.8462687614500647,0.33877295765255605,1.0763773726127244,1.1460062426302777,0.29743840590678405,0.46593594814630557,0.05783149319662344,-0.22515411064068,-0.4585786282931055,-0.33540697393176416,-0.11330158193598278,-0.60264333622431,-0.5307929021767414,0.05783149319662344,-0.0678561576404453,-0.12280063105399436,-0.312182795948819,-0.40051506966299966,0.05783149319662344,0.05783149319662344,0.05783149319662344,0.1575672078771186,0.5360850819887791,1.5476459002399776,1.0871678207434088,-0.32389934445993074,0.05783116778534388,0.05783093126267182,-0.2662038290506459,-0.12700333254193102,-1.1966982894576286,-0.979061233588122,1.0954334726715977,-1.0477113455798879,-0.979061233588122,0.10050378152592128,-1.6550008226564656,-1.9598498295043398,-0.27534633880821263,-0.7170078498666865,-1.212635893506744,-1.1879586679699796,1.3266718390279537,-0.22159493728740007,-0.7306747692718867,-0.16227072341265517,0.3108767190993939,0.09070425775344536,0.7344879275810907,0.7344879275810907,-0.8929739399217717,-0.35104831086289523,0.3429930910567509,-0.48717543614430286
W000238,0.5467662368216469,0.5467662368216469,-0.32266462082877484,-0.5636668675388148,-0.393139747520271,-0.34812836439519956,-0.3954084612374743,0.05783149319662344,-0.22515411064068,-0.17376599158453546,-0.12307239804498865,-0.34815048109151026,-0.11371447607575592,0.08563600568575257,0.05783149319662344,-0.0678561576404453,-0.12280063105399436,0.8278459058856741,-0.40051506966299966,0.05783149319662344,0.05783149319662344,0.05783149319662344,-0.32660247401555087,-0.7394314935360249,-0.8244382148121638,-0.6077118551268432,-0.08426598857957979,0.057832453784531036,0.057831817888532276,-0.7450536603686271,-0.1261436160437704,1.1200179988884793,-1.443071296900028,-0.5985358149648935,-1.0477113455798879,-1.443071296900028,0.10050378152592128,-2.1175178151538283,-2.0409079323307413,-0.8719314805680366,-1.287087909173132,-1.58786387429567,-1.0665056821239451,1.2045044915318686,-0.22159493728740007,-1.0865228711900135,-0.16227072341265517,0.36474332906947177,-0.745675677729662,-1.06092700650602,-1.06092700650602,-0.8929739399217717,-0.35104831086289523,-1.02785513400527,-0.9314083566406276
W000239,-1.8910450101538485,-1.8910450101538485,-1.5056435863462372,-1.1183705146587943,-0.7730992411880543,-0.9357395696384955,-0.6486824682923276,0.05783149319662344,-1.2233743055993611,0.7864486976399718,1.7682801092006093,-0.1853653445604911,1.2231307293748492,1.824157497638734,0.05783149319662344,-0.0678561576404453,-0.12280063105399436,0.3718344251518765,0.9495357269538522,0.05783149319662344,0.05783149319662344,0.05783149319662344,-0.883923113675791,-1.679760246124997,-1.4586509588880316,-0.24748127685054044,-1.1537346027455846,0.057834273472280665,0.057830826366536144,-4.115704855786245,-0.12421885396130965,0.6898815944566188,-1.443071296900028,-0.5985358149648935,-1.4166237912066089,-1.443071296900028,0.10050378152592128,-2.0154920079852925,-1.3924431097195307,-0.8210388597444724,-1.2358518650080035,-1.5593838774690665,-1.1081284202461017,1.2463720460961867,-0.22159493728740007,-1.4423709731081402,0.873499851561739,0.36474332906947177,-1.2455491329444681,-0.40804884865616153,-0.40804884865616153,0.05004714103375049,-0.35104831086289523,-0.11395631729725625,-0.9314083566406276
W000240,0.198507487253719,0.198507487253719,0.17997936565415865,-0.028924471747443607,-0.2371297274681474,0.45103317383003294,0.30804781093769557,0.05783149319662344,1.105806149304228,0.7458024028336564,-0.08046124726168842,-0.14487518820608486,0.07274653600798693,0.013626385421183957,0.05783149319662344,-0.0678561576404453,-0.12280063105399436,0.44783633860751004,0.9495357269538522,0.05783149319662344,0.05783149319662344,0.05783149319662344,-0.3900937022094335,-0.7458515365971558,-0.705969101399938,-0.6525365912782415,-0.4257125741118273,0.05783151571088285,0.05783156573609599,0.07736833738966081,-0.12616279533093014,0.46508729050475567,1.1089840513154554,1.0954334726715977,1.1657633281804387,1.1089840513154554,0.10050378152592128,0.7664116674767857,-0.1360425159103103,0.8418410963883856,0.44616104783887794,0.7550583505188895,0.39769293482087636,-0.268306242543845,0.7147216991382352,1.048565740318747,0.873499851561739,0.5223015004905692,1.1888951386826196,0.7344879275810907,0.7344879275810907,1.055936294052974,-0.35104831086289523,0.3429930910567509,-0.48717543614430286
W000241,-0.1497512623142089,-0.1497512623142089,-0.5688072284564343,-0.5222758228266827,-0.2018552803605072,-0.6333663674606255,-0.5791910925878895,0.05783149319662344,-0.557894175626907,0.7655518807452545,0.8548642685278104,-0.2547798422109068,1.661529248087316,1.7253305039967144,0.05783149319662344,-0.0678561576404453,-0.12280063105399436,-0.14932155282960524,-0.40051506966299966,0.05783149319662344,0.05783149319662344,0.05783149319662344,-0.6115644070269698,0.1920999792628384,0.5110755033932673,0.2330488002691671,-0.4347896155370129,0.05783181134443632,0.05783152966300401,-0.3203491699134729,-0.12683288829033573,-0.992123975340134,0.18096392469164324,-0.5985358149648935,0.05902599130027542,0.18096392469164324,0.10050378152592128,1.5257310081007989,-0.2171006187367116,3.2270255041074614,-0.012512242596169246,0.26373817927575666,0.44034561280164264,-0.3112097948626045,-0.22159493728740007,-0.018978565435633234,-1.1980412983870494,0.19547949184650756,-0.08231085614525901,0.40804884865616153,0.40804884865616153,0.22150551938929983,-0.35104831086289523,0.00028103479124569775,-0.04294251564797807
W000242,-0.49801001188213684,-0.49801001188213684,-0.4745206653888411,-0.25194495817803175,0.2590634163441227,-0.4816874132960092,-0.47770127292615355,0.05783149319662344,0.7730660843180011,-0.28067982997166835,-0.5201191573442876,-0.17014080731555786,-0.545727858018617,-0.49968177878419034,0.05783149319662344,-0.0678561576404453,-0.12280063105399436,-0.6230997146309531,0.9495357269538522,0.05783149319662344,0.05783149319662344,0.05783149319662344,-0.3596819309171477,-0.33239254963831916,-0.9042571806712709,-0.32926415638504514,0.22405682533230442,0.05783150666486774,0.057831435838360576,-0.06753336192090334,-0.12651033852272378,0.9741200270886601,0.4129689563475963,-0.5985358149648935,-0.3098864543264456,0.4129689563475963,0.10050378152592128,0.5691617736176171,0.26924799822169626,0.009186408462501709,0.8860161615589551,0.2254430422998714,-0.7478095370006019,0.883933840792141,-1.1579115737130352,-0.37482666735375997,-1.1980412983870494,-1.9066725771984558,-0.3274857099881088,0.7344879275810907,0.7344879275810907,0.3643875013522576,-0.35104831086289523,0.3429930910567509,-0.48717543614430286
W000243,0.5467662368216469,0.5467662368216469,-0.1836895804984661,-0.4616691752443256,-0.09622153495206881,-0.5826861810780684,-0.6201428888235073,0.05783149319662344,0.107585954345547,-0.001400600312498529,-0.14699092533214053,0.3909045814982991,-0.5757460250618719,-0.49127224517380597,0.05783149319662344,-0.0678561576404453,-0.12280063105399436,0.06782677132934505,-0.40051506966299966,0.05783149319662344,0.05783149319662344,0.05783149319662344,-0.32491915670369714,-0.16844998067341793,-0.3457304927191204,-0.34596211273283417,-0.12477124903092021,0.057831387061878695,0.057831825537208836,0.5431215445309262,-0.12663998825526282,0.11912207384184144,-0.5150511702762159,-0.5985358149648935,-0.6787988999531667,-0.5150511702762159,0.10050378152592128,-0.831992644830276,-1.0682106984139255,-0.8235590060229271,-0.6762087776611212,-0.0735969243794679,1.1590704574073156,-1.034162032169647,-1.1579115737130352,-0.7306747692718867,-0.16227072341265517,-0.8963904332907155,-0.495738950122259,-0.24482930919369691,-0.24482930919369691,-0.18570812920513005,-0.35104831086289523,0.6171627360691554,-0.04294251564797807
W000244,-1.1945275110179927,-1.1945275110179927,-1.0298002347508308,-0.5341393819354419,-0.30624653372151467,-0.5354909899127696,-0.3333242848594444,0.05783149319662344,0.107585954345547,-0.43323930515526954,-0.4331651447658066,-0.32794242497392995,-0.4493329932563781,-0.32807134898880436,0.05783149319662344,-0.0678561576404453,-0.12280063105399436,0.06782677132934505,-0.40051506966299966,0.05783149319662344,0.05783149319662344,0.05783149319662344,-0.5976265499601191,0.5255761431963111,-0.6063785701308083,-0.2721942522452683,0.6871222121418096,0.057831492379310394,0.05783124491483079,-0.27932300251141245,-0.12699821840018535,0.5000321062554548,-0.05104110696430982,1.0954334726715977,-0.3098864543264456,-0.05104110696430982,0.10050378152592128,-1.284987228658575,-0.7845073385215208,-1.2230039105457435,-0.048725372577077986,-0.507152582285026,-0.7126166094200896,0.8485339156014718,-0.22159493728740007,-0.018978565435633234,-0.16227072341265517,0.4497354129601667,0.6571881762960119,0.7344879275810907,0.7344879275810907,1.5588808705625856,-0.35104831086289523,0.14715763033360518,-0.9314083566406276
W000245,0.198507487253719,0.198507487253719,0.1161188895627309,-0.08165209694910402,-0.19929431845780252,-0.3312479009844482,-0.16964230083367424,0.05783149319662344,-1.2233743055993611,-1.1021875363070284,-0.484556862495269,-0.4007832548410088,-0.5931102553945828,-0.4949137944545571,0.05783149319662344,-0.0678561576404453,-0.12280063105399436,-0.5401885363157177,-0.40051506966299966,0.05783149319662344,0.05783149319662344,0.05783149319662344,0.8668939839265015,0.8172398359940707,0.1465894999428386,0.09434444287353261,1.4947290294387703,0.057831700345505305,0.05783175655618904,0.08478479691397525,-0.12713072704815298,1.17838260870319,-0.747056201932169,-0.5985358149648935,-0.6787988999531667,-0.747056201932169,0.10050378152592128,0.6109437708390173,0.9987709236593081,0.27861123062044596,-0.6867248175900751,-1.1185070904357657,-0.9716074965504438,1.1090481342184078,0.7147216991382352,-0.7306747692718867,-0.16227072341265517,0.5159970714258456,-0.5098090375993534,-0.24482930919369691,-0.24482930919369691,1.397220113827354,-0.35104831086289523,-0.5709057256512629,-1.3756412771369524
W000246,1.2432837359575029,1.2432837359575029,1.1667550344149602,0.15656465440259293,-0.14896040160044657,0.21704756737058842,0.19377759468339578,0.05783149319662344,0.440326019331774,-0.25635385251259124,-0.4209866942848215,-0.21165360510139702,-0.573006029844762,-0.5467712438240093,0.05783149319662344,-0.0678561576404453,-0.12280063105399436,0.3718344251518765,0.9495357269538522,0.05783149319662344,0.05783149319662344,0.05783149319662344,0.4156980951966583,-0.7114523922982375,-0.4816700223535203,-0.37431153195441386,-0.21872274499719044,0.057831449050590594,0.05783179038000215,0.42664321776641967,-0.12620469631036424,0.8193950160259974,0.4129689563475963,-0.5985358149648935,0.4279384369269965,0.4129689563475963,0.10050378152592128,0.37191187975844736,0.7961256665933047,0.42462357721981725,0.7814092380551511,0.7389679568315428,-0.014894120211727698,0.14670756525543288,1.6510383355638705,-0.018978565435633234,-0.16227072341265517,0.14927688918916146,-1.0756671377477691,0.08160976973123231,0.08160976973123231,0.3643875013522576,-0.35104831086289523,-0.11395631729725625,0.4012904048483467
W000247,0.198507487253719,0.198507487253719,-0.07949318227025169,-0.2431629506070569,-0.2778571012108359,-0.15072853237803602,-0.18165784118678177,0.05783149319662344,-0.557894175626907,-0.8499011720118147,-0.5215455215763328,-0.2019138671549818,-0.5338164609263516,-0.4727774277033732,0.05783149319662344,-0.0678561576404453,-0.12280063105399436,0.5021234196472476,0.9495357269538522,0.05783149319662344,0.05783149319662344,0.05783149319662344,0.2631008313781087,0.500480974891448,0.5577625003487232,-0.7538375264548285,0.20813708470499812,0.05783115547824973,0.05783156138423035,0.5040706944117176,-0.12700716113024144,-0.19838924676215533,0.4129689563475963,-0.5985358149648935,0.4279384369269965,0.4129689563475963,0.10050378152592128,-0.6891565147943258,-0.5818620814555175,-0.6917779078245361,0.24532840558667662,0.3577060784098616,0.19188272018359964,-0.06128549427084484,-0.22159493728740007,0.3368695364824935,-0.16227072341265517,-0.6531835755086334,0.1723877452266973,0.08160976973123231,0.08160976973123231,0.20721732119300446,-0.35104831086289523,-0.11395631729725625,0.4012904048483467
W000248,-1.1945275110179927,-1.1945275110179927,1.075917537170696,2.9431130362706193,-0.398684135463509,3.1337058712750463,4.582124450307046,0.05783149319662344,0.107585954345547,0.9322215984429647,0.4717090683890457,-0.36009640732506887,0.5746437929842602,0.5176533644076612,0.05783149319662344,-0.0678561576404453,-0.12280063105399436,0.06782677132934505,-0.40051506966299966,0.05783149319662344,0.05783149319662344,0.05783149319662344,-0.18108397950383068,0.5292392796471748,-0.6179530070905842,0.5900882135545591,0.5256862994635044,0.0578316898513755,0.057831446200840984,-0.27475000770590635,-0.12700000414778298,0.2619144753472424,-1.443071296900028,-0.5985358149648935,-1.0477113455798879,-1.443071296900028,0.10050378152592128,-1.5869836178774415,-1.7572045724383365,-0.30684274375291093,-1.2479492643247698,-1.0695922936262314,0.7209037315820666,-0.593418099180017,-1.1579115737130352,-1.0865228711900135,-0.16227072341265517,-0.29454508476736874,-0.745675677729662,0.40804884865616153,0.40804884865616153,-3.250526642310577,-0.35104831086289523,-1.02785513400527,-0.04294251564797807
W000249,-0.1497512623142089,-0.1497512623142089,-0.04037701037069788,-0.023637502184113948,0.07984611025386863,0.12915504424826516,0.14458778888671492,0.05783149319662344,-0.890634240613134,0.19320580921767946,0.6561380586598515,-0.5821765497593608,1.3613740576440592,1.6694816108727422,0.05783149319662344,-0.0678561576404453,-0.12280063105399436,0.06782677132934505,-0.40051506966299966,0.05783149319662344,0.05783149319662344,0.05783149319662344,-0.32842033765385104,1.3829830828572638,1.1698910813232974,2.243185891985677,0.3398639482584977,0.05783116666446551,0.05783181191741153,0.7910486677412782,-0.12734182655253595,-0.9557478487916488,-0.5150511702762159,-0.5985358149648935,-0.6787988999531667,-0.5150511702762159,0.10050378152592128,-0.16882489823479283,0.14766084398209428,-0.2011173071744866,-0.5330957530640801,0.13598045339822348,1.1626823787335725,-1.0377951980792337,-0.22159493728740007,-0.7306747692718867,-1.1980412983870494,-0.6330481179638968,-0.495738950122259,-0.7344879275810907,-0.7344879275810907,-0.4214633994440106,-0.35104831086289523,-0.11395631729725625,-0.04294251564797807
W000250,-0.1497512623142089,-0.1497512623142089,-0.2589365688898333,-0.22987508567272666,0.07538103094095484,-0.2250354934076753,-0.3021830318605447,0.05783149319662344,0.7730660843180011,1.9832161261453651,0.7073631194870753,0.35013381860171666,1.8349542636703993,1.3238475777642675,0.05783149319662344,-0.0678561576404453,-0.12280063105399436,-0.20854382305477423,0.9495357269538522,0.05783149319662344,0.05783149319662344,0.05783149319662344,-0.6481296751703156,-0.43292384234877285,-0.08539152489982993,-0.12139315313990214,-0.5475901213987132,0.05783172480735949,0.05783177318129373,0.07538851024999889,-0.12643769637680108,-0.32940494341482157,-0.2830461386202629,-0.5985358149648935,-0.3098864543264456,-0.2830461386202629,0.10050378152592128,-1.0473804599638517,-0.7034492356951195,-0.8854733278633179,-0.8879527996892295,0.20862858089659403,2.0107923870980433,-1.8908936162450711,-1.1579115737130352,-0.37482666735375997,-0.16227072341265517,-2.1324520265695353,-0.2425447123897593,0.08160976973123231,0.08160976973123231,-1.416874540452617,-0.35104831086289523,0.3429930910567509,0.8455233253446716
W000251,0.198507487253719,0.198507487253719,0.23287625204624965,0.014750855633828183,0.6290633702533642,-0.4015176783329654,-0.3107248019760799,0.05783149319662344,-1.2233743055993611,-0.5263971823997284,0.2022677223096738,0.8041345533957627,-0.3821139609961224,-0.1533501189172159,0.05783149319662344,-0.0678561576404453,-0.12280063105399436,-1.452211497783312,-1.7505658662798516,0.05783149319662344,0.05783149319662344,0.05783149319662344,0.1521227139397404,1.225321906765728,1.1840185345462089,-0.006956492303054397,0.8912498742122729,0.05783126734040754,0.05783174843922616,0.5942272419037029,-0.1272881707078574,-0.0043897526912894174,-0.05104110696430982,-0.5985358149648935,-0.3098864543264456,-0.05104110696430982,0.10050378152592128,0.2494809111562043,-0.4197458758027149,0.7783139306894815,-0.24022799444118492,0.06389548967891005,0.5319906466357456,-0.4033938660627526,-0.22159493728740007,-0.37482666735375997,0.873499851561739,0.1840886240813068,-0.29934932220059307,0.08160976973123231,0.08160976973123231,-0.7043697237306671,-0.35104831086289523,0.14715763033360518,0.8455233253446716
W000252,1.5915424855254308,1.5915424855254308,0.38909213253888125,-0.4113326595661308,0.21229970491705616,-0.5585769301322941,-0.4999074138816328,0.05783149319662344,0.440326019331774,1.4066270307509083,0.5708466587187758,-0.4688755250377322,1.8282962738819584,1.5324633812442046,0.05783149319662344,-0.0678561576404453,-0.12280063105399436,-0.08417705558192015,0.9495357269538522,0.05783149319662344,0.05783149319662344,0.05783149319662344,-0.44897431619890016,-0.9649588782049114,-1.3546870993116473,-0.4898613898811142,-0.35449253561311345,0.05783170955325791,0.05783182357191083,0.1540967862293833,-0.12593045263492286,1.022099984451201,0.4129689563475963,-0.5985358149648935,0.7968508825537176,0.4129689563475963,0.10050378152592128,-0.5599238257141802,-0.09551346449710965,-0.7352711228880228,0.2660442135670218,0.5867528325492426,0.44126059306119003,-0.3121301568491085,0.7147216991382352,0.6927176384006203,0.873499851561739,0.6674542310028534,0.33901223029829963,0.08160976973123231,0.08160976973123231,1.1502384021485266,-0.35104831086289523,-0.11395631729725625,-0.48717543614430286
W000253,0.5467662368216469,0.5467662368216469,-0.09900961870747477,-0.3995201687339603,-0.4019388487285421,-0.462827997126829,-0.3244463315975733,0.05783149319662344,0.440326019331774,0.5465850142847384,0.05790128123396718,-0.29717262141757916,0.25250146815821406,0.16780259145274645,0.05783149319662344,-0.0678561576404453,-0.12280063105399436,0.8278459058856741,0.9495357269538522,0.05783149319662344,0.05783149319662344,0.05783149319662344,-0.4344167618508796,-0.6627196722835821,-1.1608982818852125,-0.06298741249230215,-0.35862823053420795,0.05783163919557153,0.057831587442765495,-0.04466387803656251,-0.12623867163473337,0.4567978381149453,-0.2830461386202629,-0.5985358149648935,-0.3098864543264456,-0.2830461386202629,0.10050378152592128,0.17692922605857905,0.35030610104809756,-0.35892274020346776,0.1872925160539539,-0.17359872114632793,-0.48053266022591523,0.6150848960326027,-0.22159493728740007,-0.37482666735375997,0.873499851561739,-0.29382686755063675,-0.2425447123897593,-0.24482930919369691,-0.24482930919369691,0.4691676214584272,-0.35104831086289523,0.3429930910567509,0.4012904048483467
W000254,0.198507487253719,0.198507487253719,-0.5536762900463433,-0.6346813155497277,-0.4309182569305105,-0.6382125698651828,-0.5152893776569322,0.05783149319662344,-0.890634240613134,1.1170462206808793,1.5744646433323037,0.9648031060349217,1.228734825078967,1.4192192046802699,0.05783149319662344,-0.0678561576404453,-0.12280063105399436,0.06782677132934505,-0.40051506966299966,0.05783149319662344,0.05783149319662344,0.05783149319662344,-0.6442286660290515,0.4448563943724308,0.9176118599131883,0.09486393484879715,1.2709621477406918,0.05783121092787752,0.05783121434269257,0.02148219179811052,-0.12696962408329004,1.3560626580251958,-0.5150511702762159,-0.5985358149648935,-0.3098864543264456,-0.5150511702762159,0.10050378152592128,0.6269763976797871,0.7555966151801041,-0.27361151331275196,-0.15499272343808532,0.4747636924853092,0.9253876317368627,-0.7991047318597142,-0.22159493728740007,-0.37482666735375997,-1.1980412983870494,-0.1658653285500409,-0.24580222251485595,-1.06092700650602,-1.06092700650602,0.28580241127263106,-0.35104831086289523,-0.11395631729725625,-0.48717543614430286
W000255,-1.1945275110179927,-1.1945275110179927,-1.0446874740933494,-0.558723250530969,-0.4387808327347561,-0.6345154495759237,-0.5661894176632064,0.05783149319662344,-0.557894175626907,-1.3648675435561164,-0.9603108290288015,-0.6417546155320063,-0.8565480658007909,-0.7329644072681649,0.05783149319662344,-0.0678561576404453,-0.12280063105399436,1.1535683921241005,0.9495357269538522,0.05783149319662344,0.05783149319662344,0.05783149319662344,0.007136978463661415,0.5279275588924326,1.1182697793929026,0.6130200736055228,0.7864475377090433,0.05783192129959635,0.05783099202141133,-1.0968202366330015,-0.12696979955044527,0.6353694081191013,-0.979061233588122,-0.5985358149648935,-0.6787988999531667,-0.979061233588122,0.10050378152592128,1.378566510488001,-0.4197458758027149,1.7618694973079192,-1.1723602855873272,-0.9017694874672049,0.9023190204679431,-0.7759004357321999,-0.22159493728740007,-0.7306747692718867,-0.16227072341265517,0.006104838328206546,-0.4941101950597111,-1.06092700650602,-1.06092700650602,1.30740858230778,-0.35104831086289523,-0.47951584398046176,-1.3756412771369524
W000256,-0.1497512623142089,-0.1497512623142089,-0.7641871606377653,-0.7066406035220045,-0.6015865973078642,-0.4496876648147859,-0.42895945491561377,0.05783149319662344,1.105806149304228,-0.10565370020669239,-0.5036483937652412,-0.4158640985871139,-0.38667407481910837,-0.4075315478500747,0.05783149319662344,-0.0678561576404453,-0.12280063105399436,-0.692192363226983,-0.40051506966299966,0.05783149319662344,0.05783149319662344,0.05783149319662344,-0.5424376025784086,-0.6441306396103466,-0.83343673850196,-0.7384754066148626,0.532891542795764,0.057831292761402614,0.057831270040554626,-0.009854548247312916,-0.12625666586363335,1.950144970664807,0.6449739880035493,-0.5985358149648935,0.05902599130027542,0.6449739880035493,0.10050378152592128,-1.112956021494398,-0.7034492356951195,-1.2196909498000048,0.31261524753810316,0.6462068372239888,0.44758239302570374,-0.31848914034947895,0.7147216991382352,-0.018978565435633234,-1.1980412983870494,0.7284845459312881,-0.12231684207050246,-0.5712683881186261,-0.5712683881186261,0.4852876399362993,-0.35104831086289523,0.6857051473222562,-0.04294251564797807
W000257,-1.1945275110179927,-1.1945275110179927,-0.8536214867721559,-0.24320866671127742,-0.36289709394759956,-0.3168739677409142,-0.13399266322780248,0.05783149319662344,-0.22515411064068,0.43475547890155347,0.3305947911881665,0.0922013223850972,0.780143425640696,0.6865701515105417,0.05783149319662344,-0.0678561576404453,-0.12280063105399436,-1.452211497783312,-1.7505658662798516,0.05783149319662344,0.05783149319662344,0.05783149319662344,-0.6616094518677297,1.1981063530527243,0.541230861407164,0.07163522224053948,1.2713487662449596,0.05783147405783862,0.05783152654109521,0.08031552881510289,-0.12726705081563885,0.5053591157955538,-0.5150511702762159,1.0954334726715977,0.05902599130027542,-0.5150511702762159,0.10050378152592128,0.6983944626977622,-0.014455361670708334,1.3715396068170203,-0.25145564609465443,-0.5151173271602626,-0.4008263020687594,0.5349097213606775,-0.22159493728740007,0.3368695364824935,-0.16227072341265517,0.36210412650997775,0.9583269507257485,-0.8977074670435554,-0.8977074670435554,-1.3644844803995329,-0.35104831086289523,-0.6361842125589785,0.8455233253446716
W000258,2.6363187342292145,2.6363187342292145,3.2214311751259705,0.613880869222528,0.5210250010223323,0.4657813390051349,0.40926200644657185,0.05783149319662344,0.7730660843180011,0.3673941140851043,-0.1687340690603255,0.058508340839041294,-0.07263179280968993,-0.2015329624266205,0.05783149319662344,-0.0678561576404453,-0.12280063105399436,-0.20854382305477423,0.9495357269538522,0.05783149319662344,0.05783149319662344,0.05783149319662344,0.7430541899914399,-1.4130418622967105,-1.4585479223572324,-0.6041496244393149,-0.9083106097002107,0.057831235103870095,0.057831227573191604,0.008358508480533749,-0.12528777579542216,0.7063706360567468,1.1089840513154554,-0.5985358149648935,2.2725006650606017,1.1089840513154554,0.10050378152592128,-0.03891203710685697,-0.2171006187367116,0.4423253607250426,1.4649518334371512,1.2420341154664387,-0.18477828642572042,0.3175909554279701,0.7147216991382352,2.116110046073127,-0.16227072341265517,0.055872870083190876,0.8941331276426753,-0.40804884865616153,-0.40804884865616153,0.4272555734159597,-0.35104831086289523,-0.6060556801400331,1.2897562458409964
W000259,-0.1497512623142089,-0.1497512623142089,-0.7278983224365809,-0.6723976614657035,-0.3975199844950264,-0.6923800588844499,-0.5487206902254882,0.05783149319662344,-1.556114370585588,-1.2565329609491926,-0.4942426671671148,-0.3417639584842877,-0.5399388768639352,-0.29354386596464893,0.05783149319662344,-0.0678561576404453,-0.12280063105399436,1.9678746077201672,-0.40051506966299966,0.05783149319662344,0.05783149319662344,0.05783149319662344,0.24564938299348107,0.7354691655020156,0.8488864938701276,3.112741245439208,-0.1546415448066843,0.057832236635032216,0.05783148743072449,-0.8809108418464077,-0.12706736838482627,-1.1061210917252036,-0.05104110696430982,-0.5985358149648935,-0.3098864543264456,-0.05104110696430982,0.10050378152592128,-0.15046025294445625,-0.7034492356951195,1.2151076948053485,0.013659255272129432,0.23372959504885496,0.3613933361143389,-0.23179313701367832,-1.1579115737130352,-0.37482666735375997,-0.16227072341265517,-0.8776252881089056,-0.2238796773996076,0.7344879275810907,0.7344879275810907,0.05004714103375049,-0.35104831086289523,0.7999424994107581,-0.04294251564797807
W000260,-0.49801001188213684,-0.49801001188213684,-1.0911916568900337,-0.9308332451169784,-0.7413985851634155,-0.6874817820246633,-0.6078159803605849,0.05783149319662344,-0.22515411064068,1.010126739017384,0.7595477123295984,0.8072529061203485,0.7833249193598357,0.6827177584257776,0.05783149319662344,-0.0678561576404453,-0.12280063105399436,-1.452211497783312,-1.7505658662798516,0.05783149319662344,0.05783149319662344,0.05783149319662344,-0.7766395192622768,0.2879767818727668,0.1553247080539256,-0.23018961538816332,0.010032900366165293,0.05783151075720223,0.05783133721989452,-0.1906840218360473,-0.12688695283177143,-0.2677763222348793,0.18096392469164324,-0.5985358149648935,0.05902599130027542,0.18096392469164324,0.10050378152592128,1.2957091883026446,0.9987709236593081,2.03463265359642,0.2615373393117559,0.2517508359786833,0.03298331588563753,0.09854852386024428,-0.22159493728740007,-0.018978565435633234,-0.16227072341265517,-1.3894745237635175,-0.01370208814436331,-0.8977074670435554,-0.8977074670435554,-0.12141123732179884,-0.35104831086289523,0.5388285517798967,0.4012904048483467
W000261,-1.8910450101538485,-1.8910450101538485,-1.1386150785739955,0.09380595383059387,0.6172478658652243,-0.445524356394404,-0.016695479926355516,0.05783149319662344,0.107585954345547,-0.26736149205450493,-0.3232399501199068,-0.39213568214161865,-0.15384708027334404,-0.19559509256073368,0.05783149319662344,-0.0678561576404453,-0.12280063105399436,-0.43885265170820664,-0.40051506966299966,0.05783149319662344,0.05783149319662344,0.05783149319662344,-0.6838420247921345,0.46438406291993606,0.3965675721650992,0.8504279063014215,0.571634435499395,0.057832031136274276,0.057831046724400044,-1.162925717756383,-0.12693783934105865,0.4091739096111107,-0.5150511702762159,1.0954334726715977,-0.3098864543264456,-0.5150511702762159,0.10050378152592128,1.54520866219661,1.12035807789891,0.5962060857489434,-1.03976330091924,-0.5699051176656783,1.2155270187624483,-1.0909506594846643,0.7147216991382352,-0.018978565435633234,-0.16227072341265517,0.8996095969246601,0.5652705759122921,0.7344879275810907,0.7344879275810907,-1.835995020877294,-0.35104831086289523,-0.11395631729725625,0.8455233253446716
W000262,1.5915424855254308,1.5915424855254308,0.43802054667254126,-0.3844002047307103,-0.08755077475778451,-0.40605770490808835,-0.5068415639262249,0.05783149319662344,-1.556114370585588,-1.671413823318836,-1.112849713349116,-0.858571994437832,-0.9837943955654475,-0.8401883519095888,0.05783149319662344,-0.0678561576404453,-0.12280063105399436,1.9678746077201672,0.9495357269538522,0.05783149319662344,0.05783149319662344,0.05783149319662344,8.279784321450256,0.31360951110481217,-0.09393210845274068,1.1833480493066737,-0.10491355517938565,0.057831201915714434,0.05783170436201138,0.6198229342297877,-0.12692017590473514,-0.5069860642179636,-0.2830461386202629,-0.5985358149648935,-0.3098864543264456,-0.2830461386202629,0.10050378152592128,1.473790597178635,2.052526260402525,-0.47204026305119845,0.17835783551281265,-0.31825136039557517,-0.7051571556088343,0.841030586806856,-0.22159493728740007,-0.37482666735375997,-0.16227072341265517,0.12144672303945782,-0.2425447123897593,-0.5712683881186261,-0.5712683881186261,-0.7881938198156025,-0.35104831086289523,-0.6851430777397648,0.8455233253446716
W000263,-0.49801001188213684,-0.49801001188213684,-0.010848233811657705,0.2585084069266915,-0.6620142170960666,1.1112065350748872,1.3668103794763031,0.05783149319662344,0.107585954345547,0.7533799344986316,0.3531928886035361,0.11123383876604537,0.24318387638289943,0.23247769980711738,0.05783149319662344,-0.0678561576404453,-0.12280063105399436,-0.43885265170820664,-0.40051506966299966,0.05783149319662344,0.05783149319662344,0.05783149319662344,-0.44731879011245973,0.2963098873239319,1.006578180006579,-0.5075983301794323,-0.6768594378968806,0.057831388242938465,0.057831546139535936,0.20670652084834956,-0.12690187502615366,-1.649798849687061,-0.2830461386202629,-0.5985358149648935,0.4279384369269965,-0.2830461386202629,0.10050378152592128,0.7664116674767857,0.7555966151801041,0.7347586693010596,-0.4926920207054679,0.1148215856993625,1.056255783292704,-0.9307426231468046,0.7147216991382352,0.3368695364824935,0.873499851561739,0.596883405577403,0.20178724780117965,0.7344879275810907,0.7344879275810907,-0.15951309917858786,-0.35104831086289523,-0.6851430777397648,0.4012904048483467
W000264,-1.5427862605859206,-1.5427862605859206,-1.2398783706237106,-0.667577620776626,-0.47210076409129187,-0.7568676133760338,-0.6488676924960947,0.05783149319662344,0.440326019331774,0.5809428641436678,0.07839295481274067,-0.3345107932155168,0.7091141045156765,0.5121850979946031,0.05783149319662344,-0.0678561576404453,-0.12280063105399436,-0.9962000170495144,-0.40051506966299966,0.05783149319662344,0.05783149319662344,0.05783149319662344,-0.7978739743019964,1.3251785006577874,2.730974662455003,0.29739159206264765,0.4679976026720447,0.05783118321434763,0.057831768282153716,0.7188864489218466,-0.12732256867362826,-0.7034177003873031,-0.05104110696430982,-0.5985358149648935,-0.3098864543264456,-0.05104110696430982,0.10050378152592128,0.486180783787208,0.10713179256889363,1.0243398008699067,0.2431935704131296,0.20372101082195326,-0.006230571709569107,0.1379930595309369,-0.22159493728740007,-0.37482666735375997,1.9092704265361333,0.1814137438151723,-0.29934932220059307,0.08160976973123231,0.08160976973123231,-0.515765507539563,-0.35104831086289523,-0.3424310214742595,-0.04294251564797807
W000265,0.198507487253719,0.198507487253719,-0.3434219543503462,-0.46108079629066795,-0.437464037995017,-0.329364403869835,-0.22847774128284504,0.05783149319662344,-0.890634240613134,-0.9663538174279631,-0.49650088032639156,-0.09082393737488961,-0.6080144649595975,-0.4994735811494687,0.05783149319662344,-0.0678561576404453,-0.12280063105399436,0.8278459058856741,0.9495357269538522,0.05783149319662344,0.05783149319662344,0.05783149319662344,0.19207003513385437,0.37289251983636934,-1.3104271850816835,0.2934582956785018,3.8159682505418653,0.0578317632519834,0.057831685495150484,-0.07584277309363022,-0.12693255118436828,3.6701885952850604,-0.5150511702762159,-0.5985358149648935,-0.6787988999531667,-0.5150511702762159,0.10050378152592128,-0.3728765125718646,-0.1360425159103103,-0.32981156860727195,-0.7899085176448477,-0.3505930517071421,0.9731620822809263,-0.8471601819616158,-2.0942282101386707,-0.7306747692718867,-1.1980412983870494,-2.1108104963676575,-0.495738950122259,0.40804884865616153,0.40804884865616153,-1.1287292101606523,-0.35104831086289523,-0.11395631729725625,0.4012904048483467
W000266,-0.1497512623142089,-0.1497512623142089,0.7043428325432929,0.679096442829568,1.1202673046839589,0.1299574089189271,0.21641304363909272,0.05783149319662344,1.105806149304228,-0.15836477314089464,-0.5298466304852716,-0.17826309754937902,-0.6651612235930207,-0.5805948647319503,0.05783149319662344,-0.0678561576404453,-0.12280063105399436,-0.312182795948819,-0.40051506966299966,0.05783149319662344,0.05783149319662344,0.05783149319662344,0.12997172867738388,-0.533601939605277,-0.46202439048114113,-0.7817416668404671,-0.12101775823553951,0.05783133505011278,0.05783148495012346,0.19711856526994123,-0.12635886393573106,0.6985337600510181,0.6449739880035493,-0.5985358149648935,0.7968508825537176,0.6449739880035493,0.10050378152592128,0.11135366452803255,0.5934804095273015,0.06649903527792121,0.382827604356983,1.3063956902158258,1.0257678055241817,-0.9000753213217034,-0.22159493728740007,0.6927176384006203,-0.16227072341265517,-0.33493489871577503,0.339104808897011,-0.40804884865616153,-0.40804884865616153,0.9205281388388482,-0.35104831086289523,-0.2053461989680573,-0.48717543614430286
W000267,0.5467662368216469,0.5467662368216469,1.8929855748317856,1.0624611505001538,-0.7482725711618842,1.6547752206250752,1.6263465160910862,0.05783149319662344,-0.557894175626907,-0.7242138908092746,-0.4144565510590548,-0.27071165243730066,-0.46649464024048537,-0.4448609200814441,0.05783149319662344,-0.0678561576404453,-0.12280063105399436,-0.8007665253064591,-0.40051506966299966,0.05783149319662344,0.05783149319662344,0.05783149319662344,1.4668231543898735,-0.05083282758949484,-0.39992770791949506,-0.5486381962253317,0.23824378681518327,0.05783148592109503,0.057831514053460015,0.05111871582610219,-0.1267034281772155,0.5788614334503177,-0.2830461386202629,-0.5985358149648935,0.05902599130027542,-0.2830461386202629,0.10050378152592128,0.13158442287256297,0.10713179256889363,0.1336172190254096,-0.5466954437992685,-0.4767417382159406,0.21935531156186747,-0.08891967381898375,-0.22159493728740007,-0.37482666735375997,-0.16227072341265517,-0.29382686755063675,-0.5413530608453851,0.7344879275810907,0.7344879275810907,-1.6264347806649555,-0.35104831086289523,-0.6851430777397648,0.8455233253446716
W000268,0.5467662368216469,0.5467662368216469,1.1884668372272946,0.5453950266617049,-0.008132822887636266,1.1880701807155842,0.9384030393228163,0.05783149319662344,-0.557894175626907,-0.8849497399512367,-0.5514078515020575,-0.6052375549609543,-0.48387175471198346,-0.3787043847385898,0.05783149319662344,-0.0678561576404453,-0.12280063105399436,0.5021234196472476,-0.40051506966299966,0.05783149319662344,0.05783149319662344,0.05783149319662344,1.310096976549725,0.19464789046680384,1.0616798269773022,-0.4436266040825694,-0.2489588398915217,0.057831365563957945,0.05783171318422474,0.4341859532814187,-0.1268542361170308,-0.6234609898296927,-0.5150511702762159,2.789402760308089,-0.3098864543264456,-0.5150511702762159,0.10050378152592128,-1.2094881313538588,-0.9871525955875241,-1.018571868056281,-0.743416551643157,-0.1563819999008669,1.1811671134468902,-1.0563886562257252,0.7147216991382352,0.3368695364824935,0.873499851561739,0.8996095969246601,1.0526640067269797,0.08160976973123231,0.08160976973123231,0.05004714103375049,-0.35104831086289523,-0.6361842125589785,-0.48717543614430286
W000269,-0.1497512623142089,-0.1497512623142089,-0.9467491777588612,-0.8789101189939859,-0.7017048663617241,-0.8438072190943129,-0.7755796037218867,0.05783149319662344,0.107585954345547,0.26100305691110154,0.02690076371838996,-0.0567550172416596,-0.2104058571930828,-0.11878696793632813,0.05783149319662344,-0.0678561576404453,-0.12280063105399436,-0.43885265170820664,0.9495357269538522,0.05783149319662344,0.05783149319662344,0.05783149319662344,-0.6738674793621193,-0.09724122611254729,0.6024116636950395,-0.7532438213402404,-0.4829083722638701,0.05783120096221554,0.05783116869512005,-0.02130056483150874,-0.126672409679098,-0.6974359676441326,-0.05104110696430982,1.0954334726715977,0.4279384369269965,-0.05104110696430982,0.10050378152592128,-0.6238599982064631,-0.37921682438951426,-0.7035111947180688,0.03287277183405263,0.06598724085826513,0.10187370296673824,0.02925293759655461,-0.22159493728740007,0.6927176384006203,1.9092704265361333,-0.08781907195569963,1.0712542989571017,0.08160976973123231,0.08160976973123231,0.05004714103375049,-0.35104831086289523,-0.7232221951025986,-0.04294251564797807
W000270,-0.1497512623142089,-0.1497512623142089,-0.08581955308004732,-0.06651808018058605,-0.30781307460544627,0.4668441568393415,0.467069036414677,0.05783149319662344,-0.890634240613134,-1.018931346354628,-0.5487646067997431,-0.21524335402214523,-0.6645535166812533,-0.5260404243450678,0.05783149319662344,-0.0678561576404453,-0.12280063105399436,0.8278459058856741,-0.40051506966299966,0.05783149319662344,0.05783149319662344,0.05783149319662344,0.5002252274482916,1.264064812946485,0.993687165153258,-0.4625509546100636,2.3089857874864874,0.05783119724413407,0.05783171868141716,0.642593201264305,-0.12730169092105237,1.541548588347573,1.8049991462833146,-0.5985358149648935,-2.154448682460051,1.8049991462833146,0.10050378152592128,0.7528082265209817,0.6340094609405021,0.7552988731182275,2.0865842087862876,2.558469674996713,0.3506143284548841,-0.22095072943330865,-2.0942282101386707,-2.1540671769443938,-2.2338118733614434,-1.6131219124410499,-2.7451694985888864,0.7344879275810907,0.7344879275810907,0.7835079817769344,-0.35104831086289523,4.455537766242814,-0.04294251564797807
W000271,1.9398012350933587,1.9398012350933587,2.013731248935221,0.3287583348093356,-0.12725655439132502,0.8095140258925274,0.433194382099186,0.05783149319662344,-0.22515411064068,-0.6108334342183273,-0.4489165429469037,-0.37196264871858364,-0.4207590143764621,-0.4220205667933213,0.05783149319662344,-0.0678561576404453,-0.12280063105399436,0.8278459058856741,0.9495357269538522,0.05783149319662344,0.05783149319662344,0.05783149319662344,1.3212875989720527,-0.5952670244831966,-0.7009661054044661,0.03096642189125766,-0.5586494121566055,0.0578311945980336,0.05783173754451672,0.6683828174332269,-0.12631661503937286,-0.0859430129867432,1.8049991462833146,-0.5985358149648935,-2.154448682460051,1.8049991462833146,0.10050378152592128,-0.49870834141305864,-0.1360425159103103,-0.4697217121082605,2.2697846938643784,2.143900681642224,-0.08380650309320735,0.2160252766943056,-2.0942282101386707,-2.1540671769443938,-2.2338118733614434,-1.6131219124410499,-2.7451694985888864,0.7344879275810907,0.7344879275810907,0.25960738124608884,-0.35104831086289523,4.455537766242814,1.2897562458409964
W000272,0.198507487253719,0.198507487253719,0.4552573185706174,0.19836404246405223,-0.6526807178135405,0.9549753531097812,0.8942615123876577,0.05783149319662344,0.440326019331774,0.17545567510275267,-0.1634472986465828,0.1635076347258385,-0.13799036319320362,-0.17617143460475398,0.05783149319662344,-0.0678561576404453,-0.12280063105399436,0.8278459058856741,0.9495357269538522,0.05783149319662344,0.05783149319662344,0.05783149319662344,-0.13716515692426687,-0.4326356875148381,-1.0816173956869457,0.8555486129147435,0.35556615429236826,0.057831196117613684,0.05783124491671146,0.0758981240695474,-0.1264379363042928,1.3400957619817928,3.197029336219033,-0.5985358149648935,-2.154448682460051,3.197029336219033,0.10050378152592128,-0.4476954378287907,-0.2171006187367116,-0.5075396682983353,3.033660346147259,3.2924329830450345,0.1597318870535565,-0.02894555650870793,-2.0942282101386707,-2.1540671769443938,-2.2338118733614434,-1.6131219124410499,-2.7451694985888864,0.7344879275810907,0.7344879275810907,0.442972591431885,-0.35104831086289523,4.455537766242814,2.178222086833646
W000273,1.2432837359575029,1.2432837359575029,-0.1122178504972259,-0.6114414972605497,-0.5472865773093013,-0.49530710987054644,-0.48339048644561966,0.05783149319662344,-0.22515411064068,0.6582941029334398,0.4972481373200368,-0.07894533275770742,0.5869509664924675,0.5991667615612042,0.05783149319662344,-0.0678561576404453,-0.12280063105399436,-0.8821971468660655,-0.40051506966299966,0.05783149319662344,0.05783149319662344,0.05783149319662344,-0.460076493104167,-0.20332117815441164,0.42878366079497976,-0.21133947799999256,-0.7082144373098022,0.05783115967025964,0.05783182539427807,0.815593563430595,-0.12662233946794718,-1.0482520092065746,5.98108971609047,-0.5985358149648935,-2.154448682460051,5.98108971609047,0.10050378152592128,-0.04072582923429789,-0.054984413083908994,-0.3109170828170767,5.592932379383185,5.384666874210732,-0.09841516398486805,0.23071986274480105,-2.0942282101386707,-2.1540671769443938,-2.2338118733614434,-1.6131219124410499,-2.7451694985888864,0.7344879275810907,0.7344879275810907,-0.15951309917858786,-0.35104831086289523,4.455537766242814,5.732085450804244
W000274,-1.1945275110179927,-1.1945275110179927,-1.275659113216124,-0.9401355657928531,-0.7165261256277398,-0.8241066548758622,-0.7030126218476188,0.05783149319662344,0.107585954345547,-0.1269565352726841,-0.23019530529983567,-0.32247307004622766,-0.28435835519105906,-0.18576127638745596,0.05783149319662344,-0.0678561576404453,-0.12280063105399436,-0.43885265170820664,-0.40051506966299966,0.05783149319662344,0.05783149319662344,0.05783149319662344,-0.7636265606502081,0.5259410118171567,0.45707291275106887,5.146923394296533,-0.5442728514086839,0.057832006721436804,0.05783175963672314,-0.2788675069735859,-0.12699839641936259,-1.6353610335571795,0.4129689563475963,-0.5985358149648935,-2.154448682460051,0.4129689563475963,0.10050378152592128,0.14745510398766842,-0.17657156732351095,1.043458747116515,0.8163572805258097,0.5713865065778264,-0.24371421344767777,0.3768735315321339,-2.0942282101386707,-2.1540671769443938,-2.2338118733614434,-1.6131219124410499,-2.7451694985888864,0.7344879275810907,0.7344879275810907,1.4645787624670337,-0.35104831086289523,4.455537766242814,-0.9314083566406276
W000275,-1.1945275110179927,-1.1945275110179927,-1.3772198881253122,-1.1078467637781342,-0.8363366907193329,-0.952568120368813,-0.8748359551259031,0.05783149319662344,0.107585954345547,-0.6488861820596143,-0.5760716882954742,-0.5046424663303012,-0.62058933265504,-0.5239454989403424,0.05783149319662344,-0.0678561576404453,-0.12280063105399436,-0.9455320747457593,-0.40051506966299966,0.05783149319662344,0.05783149319662344,0.05783149319662344,-0.760066484543438,1.1836040569288708,1.6469731159303982,0.033638094906903906,0.3750279440507982,0.057831296951531865,0.057831734614436046,0.5421474154599308,-0.12727335760991154,-0.7004084994793245,-0.5150511702762159,1.0954334726715977,-0.6787988999531667,-0.5150511702762159,0.10050378152592128,-1.0156390977336407,-1.1492688012403267,-0.9064462575041174,-0.4778272424600294,-0.251234870687776,0.47897882776585937,-0.35007024250452246,-0.22159493728740007,-0.37482666735375997,-1.1980412983870494,0.5098831221332522,0.4584534955109424,-0.7344879275810907,-0.7344879275810907,-0.18570812920513005,-0.35104831086289523,-0.11395631729725625,-0.04294251564797807
W000276,-1.1945275110179927,-1.1945275110179927,-0.7263817968640919,-0.033092892734187446,0.34453921076024197,-0.33090152411832874,-0.002835103882813514,0.05783149319662344,-0.557894175626907,-0.8450609189895384,-0.5174214947994036,-0.5940426366125797,-0.6605351060567031,-0.4534840914713493,0.05783149319662344,-0.0678561576404453,-0.12280063105399436,-0.14932155282960524,-0.40051506966299966,0.05783149319662344,0.05783149319662344,0.05783149319662344,-0.23419901699447462,2.112700094208678,2.498947843598646,0.49850919962935153,1.1186489072433998,0.057831201088220326,0.057831646841782075,0.5518481174585933,-0.12752921206577505,-0.5485319566730164,-1.9070813602119343,1.0954334726715977,-1.7855362368333298,-1.9070813602119343,0.10050378152592128,-0.7299668376617402,-0.2981587215631129,1.0014381234790617,-1.755644695782008,-1.8385522079445324,-0.21216973812118936,0.34514351804627114,-2.0942282101386707,-1.4423709731081402,-1.1980412983870494,-1.6131219124410499,-0.745675677729662,-0.24482930919369691,-0.24482930919369691,0.9930682219892727,1.8430036320302,-1.02785513400527,-1.3756412771369524
W000277,-1.5427862605859206,-1.5427862605859206,-0.0215746499201515,2.0148645155280285,-0.3255824647749471,1.3471476965486515,2.6161630021233617,0.05783149319662344,1.771286279276682,2.789387883873764,0.6064341797542654,0.1619802550294152,0.5771512741399963,0.5966106948424378,0.05783149319662344,-0.0678561576404453,-0.12280063105399436,-0.14932155282960524,-0.40051506966299966,0.05783149319662344,0.05783149319662344,0.05783149319662344,-0.6564923743736428,-0.20785268386008432,0.06812145748754322,0.844194002598247,-0.12230066309123698,0.05783118631556986,0.05783128838082849,0.13976446128668263,-0.12660394672805453,0.18231118523720174,-0.05104110696430982,-0.5985358149648935,0.05902599130027542,-0.05104110696430982,0.10050378152592128,0.053591361392614945,0.7555966151801041,0.048757872536633884,-0.17309928842853967,0.5146678688299291,1.0013786073025115,-0.8755426708187775,-0.22159493728740007,-0.37482666735375997,0.873499851561739,-1.1074209367156438,-0.8037597846171859,-0.40804884865616153,-0.40804884865616153,-0.7043697237306671,-0.35104831086289523,0.14715763033360518,-0.04294251564797807
W000278,-0.8462687614500647,-0.8462687614500647,0.09744918273198427,0.7575716176905226,0.7108994555265256,0.7527977025970163,0.9993364220327463,0.05783149319662344,1.438546214290455,1.097762866570377,-0.017902693948398874,0.2603201564403743,0.050741876263332084,-0.17771960131826767,0.05783149319662344,-0.0678561576404453,-0.12280063105399436,-0.7506553735774706,-0.40051506966299966,0.05783149319662344,0.05783149319662344,0.05783149319662344,-0.4746985541758879,-0.34242154912957623,-0.6310500950055037,-0.562738692696798,-0.16362228486492603,0.057831500674938814,0.057831682540621134,0.23544558337111862,-0.12651083932823204,0.3108009842897468,-0.05104110696430982,-0.5985358149648935,0.4279384369269965,-0.05104110696430982,0.10050378152592128,-0.354511867281528,-0.1360425159103103,-0.1585814570573055,0.21291053813651814,0.10178836681261164,-0.10502627103238568,0.23736985497332969,-0.22159493728740007,0.3368695364824935,0.873499851561739,-0.20697518203749304,0.17601908677223763,-0.7344879275810907,-0.7344879275810907,-0.3271612913484583,-0.35104831086289523,-0.3424310214742595,-0.04294251564797807
W000279,0.5467662368216469,0.5467662368216469,0.9506083772841935,0.3708240105335195,-0.28431502472922177,0.22841691693829771,0.42088466890904613,0.05783149319662344,1.771286279276682,1.8162616381666452,0.1918692100968062,0.11863807683277088,0.5581427093687995,0.20598932187297694,0.05783149319662344,-0.0678561576404453,-0.12280063105399436,-0.14932155282960524,0.9495357269538522,0.05783149319662344,0.05783149319662344,0.05783149319662344,-0.3853926323470655,-0.833523508054057,-0.44160026037605693,0.34399744355781003,-0.8575097561090056,0.0578312234775779,0.05783180098508873,0.7098216367334174,-0.12608857170591264,-0.3792019964782149,0.8769790196595024,-0.5985358149648935,1.5346757738071597,0.8769790196595024,0.10050378152592128,0.3952320642541132,0.9177128208329067,0.825432018622063,0.7142014640731151,1.024733348718821,0.361406308678735,-0.23180618588004942,0.7147216991382352,1.048565740318747,-0.16227072341265517,-0.2582333571651303,0.25425539204256625,0.08160976973123231,0.08160976973123231,0.18476443831311115,-0.35104831086289523,-0.5709057256512629,0.4012904048483467
W000280,0.5467662368216469,0.5467662368216469,1.3200835181398973,0.6419922119450386,-0.2119616960600594,0.4602029311043908,0.41521217384814046,0.05783149319662344,-1.888854435571815,-1.3638740102432914,-0.41693800381369034,0.16978608537242468,-0.6857508494743241,-0.42888800760039814,0.05783149319662344,-0.0678561576404453,-0.12280063105399436,-1.452211497783312,-1.7505658662798516,0.05783149319662344,0.05783149319662344,0.05783149319662344,3.754310552718362,1.6261159649365842,2.8021500082304,-0.44347817780392235,0.6136909002749754,0.057831279515854914,0.05783174049904607,0.5701085276829466,-0.12740748081054074,-0.7828304483892665,0.18096392469164324,-0.5985358149648935,-0.3098864543264456,0.18096392469164324,0.10050378152592128,-1.1825904185548812,-0.8655654413479221,-0.7024555903205698,0.4448959603286279,-0.47730490199499775,-1.3259414381823502,1.465466195705004,-0.22159493728740007,-0.37482666735375997,-0.16227072341265517,-1.2989856903223165,-0.3772464192096765,-0.24482930919369691,-0.24482930919369691,0.7358806544559486,-0.35104831086289523,0.00028103479124569775,-0.48717543614430286
W000281,-0.1497512623142089,-0.1497512623142089,-0.6948034445534415,-0.6411686102783959,-0.8766442442903339,-0.37221129713608275,-0.24879653920819775,0.05783149319662344,1.105806149304228,0.48016568145611593,-0.21248689805556573,0.026670673497186666,-0.38581641906559305,-0.4088155062686316,0.05783149319662344,-0.0678561576404453,-0.12280063105399436,-1.072201930505148,-0.40051506966299966,0.05783149319662344,0.05783149319662344,0.05783149319662344,-0.6148517395971248,-0.43276935225712776,-0.8265790849521026,-0.30996874016093334,-0.5373103051637236,0.05783128890227101,0.0578315962800242,0.3859349952694758,-0.12644548952012546,-0.3069761440755924,0.8769790196595024,1.0954334726715977,1.1657633281804387,0.8769790196595024,0.10050378152592128,0.7158846010695107,0.8366547180065055,0.28974793877198896,1.2985137578698742,0.47130425784252966,-0.8484978246872669,0.9852143564164855,-0.22159493728740007,1.048565740318747,1.9092704265361333,0.8240678589063393,1.1791551417123343,0.7344879275810907,0.7344879275810907,-0.21938745352497002,-0.35104831086289523,0.0688234460443465,0.8455233253446716
W000282,1.2432837359575029,1.2432837359575029,1.5615016136874813,0.3936047080313249,0.5581962131411865,0.9849918788294204,0.5250844247857762,0.05783149319662344,-0.557894175626907,1.5324174878263168,1.508254552745039,0.987274230927284,1.1461662975826497,1.3865488514390847,0.05783149319662344,-0.0678561576404453,-0.12280063105399436,0.5021234196472476,-0.40051506966299966,0.05783149319662344,0.05783149319662344,0.05783149319662344,-0.20340254523168338,-0.2031101621145167,-0.2798787010350149,0.16610854859936383,-0.19611170209114773,0.057831441210083934,0.05783182856132291,0.48182357076717935,-0.12661537396930264,0.03636438246983327,-0.747056201932169,-0.5985358149648935,-0.6787988999531667,-0.747056201932169,0.10050378152592128,0.995726815017495,0.02607368974249232,2.011592669997482,-0.7544069993884547,-0.87996700402085,-0.1881258485026183,0.32095820718110146,-0.22159493728740007,-0.7306747692718867,-1.1980412983870494,-0.00293590331709407,-0.5098090375993534,0.40804884865616153,0.40804884865616153,-0.21938745352497002,1.8430036320302,0.0688234460443465,0.4012904048483467
W000283,-1.1945275110179927,-1.1945275110179927,-0.5999494303319689,0.1756897172269557,0.5086643959298732,-0.2561425430238685,-0.1478390230387989,0.05783149319662344,0.107585954345547,0.9015051694180161,0.4513536671676459,0.6520016283291928,0.37747948209801263,0.2188282361882879,0.05783149319662344,-0.0678561576404453,-0.12280063105399436,-1.452211497783312,-1.7505658662798516,0.05783149319662344,0.05783149319662344,0.05783149319662344,-0.6354027871408812,0.9572933917093648,2.3497280499945727,2.134166790319445,-0.11287631019916038,0.05783153109663123,0.05783173312870837,0.25962518065881207,-0.12718807384510525,-1.2742317624846657,-0.2830461386202629,-0.5985358149648935,-0.6787988999531667,-0.2830461386202629,0.10050378152592128,-1.0836563025126646,-0.9466235441743235,-0.43870443139341714,-0.4281725576827135,-0.26048684705800035,0.369139162804375,-0.2395845230738431,-0.22159493728740007,-0.7306747692718867,0.873499851561739,-0.8874748465736809,-0.4647106924852288,0.7344879275810907,0.7344879275810907,-0.15951309917858786,-0.35104831086289523,1.1655020260939637,-0.04294251564797807
W000284,0.198507487253719,0.198507487253719,-0.2597128902755983,-0.3919648042614828,-0.0481435550405829,-0.6300434195016938,-0.6828552133615833,0.05783149319662344,0.107585954345547,0.7934338422701339,0.3797361226009404,0.026404081828089697,0.7670814063716057,0.5825413550844367,0.05783149319662344,-0.0678561576404453,-0.12280063105399436,2.6012238865171073,0.9495357269538522,0.05783149319662344,0.05783149319662344,0.05783149319662344,-0.5260010510402009,-0.10895612794812104,-0.0928445006276381,1.3196033731046326,0.07614528640136146,0.05783154535021721,0.057831784707907605,0.3043787447144729,-0.1266732571763206,0.39117967459214864,0.4129689563475963,-0.5985358149648935,0.7968508825537176,0.4129689563475963,0.10050378152592128,1.1949200575846364,0.6340094609405021,0.955857809351463,0.716810707063006,0.8002723567803339,0.12461182195029047,0.006381077642509408,0.7147216991382352,0.6927176384006203,-0.16227072341265517,-0.15343401274422017,0.2761208596308119,0.7344879275810907,0.7344879275810907,0.05004714103375049,-0.35104831086289523,-0.7786100021758119,-0.9314083566406276
W000285,0.8950249863895748,0.8950249863895748,1.618452668818481,0.6227298581358187,0.7095037039896956,0.34802042904631636,0.34345098259142015,0.05783149319662344,-1.2233743055993611,-1.4516933697018832,-0.9014606839632019,-0.629423439658449,-0.8712904019274375,-0.7588379338464761,0.05783149319662344,-0.0678561576404453,-0.12280063105399436,1.2838573866194718,-0.40051506966299966,0.05783149319662344,0.05783149319662344,0.05783149319662344,5.386975265436259,0.14133258571995821,-0.37111182480598787,-0.6847450937446434,0.23527220249710132,0.05783115716708997,0.05783112681076409,-0.01900955757194551,-0.12681388674575045,0.3074767001521396,-1.2110662652440751,2.789402760308089,-1.0477113455798879,-1.2110662652440751,0.10050378152592128,-0.8605598708374662,-1.0276816470007248,-0.02153657624683761,-1.2715115192031778,-0.95583321025669,1.1054128818509115,-0.980188853715996,0.7147216991382352,-0.37482666735375997,-0.16227072341265517,1.1464994304574172,0.5468757975003193,0.08160976973123231,0.08160976973123231,1.5588808705625856,-0.35104831086289523,-0.3424310214742595,-1.3756412771369524
W000286,-1.1945275110179927,-1.1945275110179927,-0.9709565021438694,-0.4369684722189365,-0.3892694247689294,-0.38991256328695306,-0.13949375582455845,0.05783149319662344,-0.22515411064068,-1.083067114546865,-0.8009779521273274,-0.415673531084803,-0.8115503555855852,-0.7071330353469458,0.05783149319662344,-0.0678561576404453,-0.12280063105399436,-0.8821971468660655,-0.40051506966299966,0.05783149319662344,0.05783149319662344,0.05783149319662344,-0.26342699743259945,1.1499535475391391,0.3633669122409153,-0.13935273285619082,0.9947746714411554,0.05783138616291919,0.05783139268831509,0.025211843380116016,-0.12724960400648186,0.21017961781439412,-0.5150511702762159,1.0954334726715977,-0.6787988999531667,-0.5150511702762159,0.10050378152592128,0.40251962190900814,1.363532386378114,-0.17408814542004744,-1.0584233416954287,-0.6630684971154159,1.0848532588433137,-0.9595083032061725,-0.22159493728740007,-0.37482666735375997,-1.1980412983870494,0.7082083702748506,0.04768792258592961,0.40804884865616153,0.40804884865616153,-0.4214633994440106,-0.35104831086289523,0.6171627360691554,-0.48717543614430286
W000287,0.198507487253719,0.198507487253719,-0.3043245605259523,-0.4287992842489642,-0.15726869395707693,-0.41216058669588596,-0.37391310678064876,0.05783149319662344,-1.556114370585588,-0.0201156859664442,1.3493141408208573,0.8682838148729787,0.4948711969326362,0.6551886121794755,0.05783149319662344,-0.0678561576404453,-0.12280063105399436,-0.312182795948819,-0.40051506966299966,0.05783149319662344,0.05783149319662344,0.05783149319662344,-0.36896177020996207,0.5997342946210865,0.43975132707338255,2.5685362947799315,-0.2869924621384538,0.05783117788829466,0.057830659274830644,-0.6044318151709084,-0.12702053659105214,-1.1996670388190065,-0.979061233588122,-0.5985358149648935,-1.0477113455798879,-0.979061233588122,0.10050378152592128,2.6981002832010654,1.4445904892045154,6.116601777612708,-1.1542537205968728,-1.430499824033419,-0.8127642264543778,0.9492705804591216,-0.22159493728740007,-1.0865228711900135,-1.1980412983870494,0.3108767190993939,-0.8273591652029149,-0.8977074670435554,-0.8977074670435554,0.05004714103375049,1.8430036320302,0.3429930910567509,-1.3756412771369524
W000288,0.198507487253719,0.198507487253719,0.17071038728491164,-0.0365775812663305,-0.22473633538460275,0.05490324416666437,0.003505884520481712,0.05783149319662344,0.440326019331774,0.7179416881766159,0.16010165294972245,0.36591215099680185,-0.28882149937089985,-0.1439164382182912,0.05783149319662344,-0.0678561576404453,-0.12280063105399436,0.8278459058856741,0.9495357269538522,0.05783149319662344,0.05783149319662344,0.05783149319662344,-0.38707719358678777,-0.5929619770649249,0.23411330860504068,-0.8267148292705123,-0.8195464854930297,0.05783131629232593,0.057831128608682655,-0.2076455932990735,-0.12629687346175295,-0.7070919600448549,-0.05104110696430982,2.789402760308089,0.05902599130027542,-0.05104110696430982,0.10050378152592128,-0.37083599642849396,0.30977704963489694,-0.9186993533019849,-0.2983429519432983,0.30975670522156834,0.9604912419213423,-0.834414814307674,-0.22159493728740007,0.6927176384006203,0.873499851561739,-0.08781907195569963,1.2712036810430243,0.08160976973123231,0.08160976973123231,-1.458786588495085,-0.35104831086289523,-0.3424310214742595,1.733989166337321
W000289,-1.5427862605859206,-1.5427862605859206,-0.7829626399486416,0.3384523107378513,-0.7735522195926486,0.1653519418827528,0.8867512699876245,0.05783149319662344,-0.890634240613134,-0.6507796081901536,-0.182810136574367,0.27394005349973144,-0.3931961017890991,-0.34039672282215094,0.05783149319662344,-0.0678561576404453,-0.12280063105399436,0.8278459058856741,0.9495357269538522,0.05783149319662344,0.05783149319662344,0.05783149319662344,-0.3819325385908881,3.3620539639665963,1.5547668693685441,-0.01178034635908235,3.2557769602912483,0.057831201915714434,0.05783155560493774,0.44146260724461805,-0.12775999956792203,0.6001518830088195,-0.5150511702762159,1.0954334726715977,-0.3098864543264456,-0.5150511702762159,0.10050378152592128,-0.6789539340774722,-0.5413330300423169,0.14243434308868802,-0.7456304547860947,-0.837086104844071,-0.10591608529649989,0.23826490294315816,-0.22159493728740007,-0.018978565435633234,-0.16227072341265517,0.17334210241966228,0.7539446879147562,0.7344879275810907,0.7344879275810907,-2.307505561355055,-0.35104831086289523,-0.11395631729725625,1.2897562458409964
W000290,-0.49801001188213684,-0.49801001188213684,-0.36440741184558195,-0.1307221358019082,-0.337410075268329,0.05148112400085173,0.08199734238658726,0.05783149319662344,0.440326019331774,0.17974231594736997,-0.16089066471000074,0.3751897072121943,-0.4947885842833267,-0.3708572720117255,0.05783149319662344,-0.0678561576404453,-0.12280063105399436,1.2838573866194718,0.9495357269538522,0.05783149319662344,0.05783149319662344,0.05783149319662344,-0.44586603114805745,0.19437044581253748,-1.00985817623702,-0.770164417106,0.3580875687245084,0.05783118240377954,0.05783152966300401,0.43375300702764297,-0.12685407725083073,0.43249461079531726,0.8769790196595024,1.0954334726715977,0.7968508825537176,0.8769790196595024,0.10050378152592128,-0.5608955000681666,-0.8655654413479221,0.4215193940735498,1.1365825565578629,0.9647966322334544,-0.14713723814822263,0.27972851019452394,0.7147216991382352,1.048565740318747,0.873499851561739,1.4353435935979828,1.332095670694597,0.7344879275810907,0.7344879275810907,-0.3541047508043303,-0.35104831086289523,0.49530956050808667,0.4012904048483467
W000291,-2.239303759721776,-2.239303759721776,-0.9106090678408486,3.2151371030799347,4.197364990991629,0.13763664560036187,-1.0165937188309344,0.05783149319662344,-0.890634240613134,-0.8336103269122066,-0.36454965285219637,0.12808578191388603,-0.706105261103132,-0.6624189297321561,0.05783149319662344,-0.0678561576404453,-0.12280063105399436,-1.452211497783312,-1.7505658662798516,0.05783149319662344,0.05783149319662344,0.05783149319662344,-0.3803803747994809,-3.403981233255629,-2.6145720039104723,-0.8103137254800172,-2.706015609992022,0.05783413647875071,0.05782979175843724,-5.191948359605769,0.5951154678152282,-3.178636078516608,0.4129689563475963,-0.5985358149648935,-2.154448682460051,0.4129689563475963,0.10050378152592128,1.0452822070707841,1.4040614377913145,1.3593146517382126,1.0104691453798074,-0.4010364359169742,-1.7985594867369938,1.9408640870659593,-2.0942282101386707,-2.1540671769443938,-2.2338118733614434,-1.6131219124410499,-2.7451694985888864,0.7344879275810907,0.7344879275810907,0.8358980418300187,-0.35104831086289523,4.455537766242814,-0.04294251564797807
W000292,-2.239303759721776,-2.239303759721776,-0.6257827648814496,5.096515441508418,6.355275986712006,0.6449283464778205,-1.0165937188309344,0.05783149319662344,-2.554334565544269,-0.7069332475150093,5.400023433956061,7.0160638125749015,0.6750146029052443,-0.9993791095812967,0.05783149319662344,-0.0678561576404453,-0.12280063105399436,-1.452211497783312,-1.7505658662798516,0.05783149319662344,0.05783149319662344,0.05783149319662344,-0.25044946125909184,-3.4136267700641163,-2.6224714712717434,-0.8359172585466271,-2.7103820300402184,0.0578348202897894,0.05783046984267055,-5.198814616599243,8.47677094164952,0.27359659966130495,-2.3710914235238403,-2.2925051026013845,-2.523361128086772,-2.3710914235238403,-9.949874371066198,-5.300722998812148,-4.8374124798415865,-2.623039495803019,-2.166165592858161,-2.22753747533614,-6.526822799710211,-6.475646008279454,-3.966861482989941,-2.8657633807806473,-3.2695824483358376,-4.250275567788412,-4.744663319448111,-7.916147663929534,-7.916147663929534,-3.722037182788338,-0.35104831086289523,-3.769551584129312,-1.8198741976332773
W000293,-2.239303759721776,-2.239303759721776,-0.6277865881971337,5.083279480710572,6.340094550442013,0.6413594241995426,-1.0165937188309344,0.05783149319662344,-2.554334565544269,-0.7092022506037549,5.386490669002867,6.999869534973556,0.6713985897723099,-0.9993791095812967,0.05783149319662344,-0.0678561576404453,-0.12280063105399436,-1.452211497783312,-1.7505658662798516,0.05783149319662344,0.05783149319662344,0.05783149319662344,-0.25044946125909184,-3.4136267700641163,-2.6224714712717434,-0.8359172585466271,-2.7103820300402184,0.05783482043083953,0.05783046998372064,-5.198814616599243,8.47677094164952,0.27359659966130495,-1.6750763285559813,-0.5985358149648935,-2.154448682460051,-1.6750763285559813,0.10050378152592128,-1.1652769482474934,-0.7034492356951195,-0.929493533934397,-1.4636466848224097,-1.6445825120435675,-0.6443345323139963,0.7798502172677849,-2.0942282101386707,-2.1540671769443938,-2.2338118733614434,-1.6131219124410499,-2.7451694985888864,-0.24482930919369691,-0.24482930919369691,-0.5786335796032641,1.8430036320302,4.455537766242814,-0.9314083566406276
W000294,-2.239303759721776,-2.239303759721776,-0.6297864030056841,5.070069997518243,6.3249434835639295,0.6377976412984246,-1.0165937188309344,0.05783149319662344,-2.554334565544269,-0.7114667147119443,5.372984975390958,6.983707652881726,0.6677898102184671,-0.9993791095812967,0.05783149319662344,-0.0678561576404453,-0.12280063105399436,-1.452211497783312,-1.7505658662798516,0.05783149319662344,0.05783149319662344,0.05783149319662344,-0.25044946125909184,-3.4136267700641163,-2.6224714712717434,-0.8359172585466271,-2.7103820300402184,0.05783482057188966,0.057830470124770744,-5.198814616599243,8.47677094164952,0.27359659966130495,-0.979061233588122,-0.5985358149648935,-2.154448682460051,-0.979061233588122,0.10050378152592128,-0.38988081376662076,-0.3386877729763136,0.41461487297130456,-0.8145777240947245,-1.1202770337413737,-0.6858734462286717,0.8216334545877567,-2.0942282101386707,-2.1540671769443938,-2.2338118733614434,-1.6131219124410499,-2.7451694985888864,0.7344879275810907,0.7344879275810907,-0.5786335796032641,-0.35104831086289523,4.455537766242814,-0.48717543614430286
W000295,-2.239303759721776,-2.239303759721776,-0.6317822188682387,5.0568869287767395,6.309822713640326,0.6342429807455406,-1.0165937188309344,0.05783149319662344,-2.554334565544269,-0.7137266506660072,5.359506288549455,6.9675780890292645,0.6641882469900983,-0.9993791095812967,0.05783149319662344,-0.0678561576404453,-0.12280063105399436,-1.452211497783312,-1.7505658662798516,0.05783149319662344,0.05783149319662344,0.05783149319662344,-0.25044946125909184,-3.4136267700641163,-2.6224714712717434,-0.8359172585466271,-2.7103820300402184,0.05783482071293979,0.05783047026582084,-5.198814616599243,8.47677094164952,0.27359659966130495,-2.3710914235238403,-2.2925051026013845,-2.523361128086772,-2.3710914235238403,-9.949874371066198,-5.300722998812148,-4.8374124798415865,-2.623039495803019,-2.166165592858161,-2.22753747533614,-6.526822799710211,-6.475646008279454,-3.966861482989941,-2.8657633807806473,-3.2695824483358376,-4.250275567788412,-4.744663319448111,-7.916147663929534,-7.916147663929534,-3.722037182788338,-0.35104831086289523,-3.769551584129312,-1.8198741976332773
W000296,-2.239303759721776,-2.239303759721776,-0.6337740429556512,5.043730227120039,6.294732186343131,0.6306954297691963,-1.0165937188309344,0.05783149319662344,-2.554334565544269,-0.7159820665857655,5.346054560050198,6.951480785463561,0.6605938871469904,-0.9993791095812967,0.05783149319662344,-0.0678561576404453,-0.12280063105399436,-1.452211497783312,-1.7505658662798516,0.05783149319662344,0.05783149319662344,0.05783149319662344,-0.25044946125909184,-3.4103754655219296,-2.6190369202451036,-0.8247852876481011,-2.7103820300402184,0.05783482085398993,0.057830470688971125,-5.198476377338481,2.739642897703648,0.27359659966130495,-0.979061233588122,-0.5985358149648935,-2.154448682460051,-0.979061233588122,0.10050378152592128,1.4329802743112205,1.971468157576124,-1.520469678829676,-0.5918432543213185,-1.070959977089656,-1.0360609460887553,1.1738806857791417,-2.0942282101386707,-2.1540671769443938,-2.2338118733614434,-1.6131219124410499,-2.7451694985888864,0.7344879275810907,0.7344879275810907,1.6217489426262877,1.8430036320302,4.455537766242814,-0.9314083566406276
W000297,-2.5875625092897043,-2.5875625092897043,-1.627694422723525,-1.5214649574147368,-1.2354421482842455,-1.1395327926611152,-1.0165937188309344,-17.291616465790586,-2.887074630530496,-1.841434791887818,-1.3663590426412264,-1.0810749880978547,-1.1329919635619101,-0.9993791095812967,-17.291616465790586,-10.335921645265685,-2.061757963485487,-6.0123263051212845,-3.100616662896704,-17.291616465790586,-17.291616465790586,-17.291616465790586,-0.9190873591801523,-3.4152524223352096,-2.6241887467850633,-0.8414832439958901,-2.7103820300402184,-17.29161646578786,-17.291616465789293,-5.198983736229625,-0.12892112426928665,0.27359659966130495,-2.3710914235238403,-2.2925051026013845,-2.523361128086772,-2.3710914235238403,-9.949874371066198,-5.300722998812148,-4.8374124798415865,-2.623039495803019,-2.166165592858161,-2.22753747533614,-6.526822799710211,-6.475646008279454,-3.966861482989941,-2.8657633807806473,-3.2695824483358376,-4.250275567788412,-4.744663319448111,-7.916147663929534,-7.916147663929534,-3.722037182788338,-0.35104831086289523,-3.769551584129312,-1.8198741976332773
W000298,0.198507487253719,0.198507487253719,-0.249543157089238,-0.38356796927573056,-0.1103706292094561,-0.23269468278616084,-0.305945264114144,0.05783149319662344,2.104026344262909,0.5379662047529666,-0.42027910775264504,0.049505692492415834,-0.5451946306597248,-0.5224489223467632,0.05783149319662344,-0.0678561576404453,-0.12280063105399436,0.3718344251518765,0.9495357269538522,0.05783149319662344,0.05783149319662344,0.05783149319662344,-0.48056080231163123,-0.8660887713973587,-0.6667465286757124,-0.7782536492922623,-0.5013266384366034,0.05783128637089131,0.05783180171666856,0.6352894881602447,-0.1260523861828192,0.5247374013194757,2.269009209595221,1.0954334726715977,3.379238001940765,2.269009209595221,0.10050378152592128,0.12704994255396124,0.2287189468084956,-0.33917881021500185,2.930792917970049,1.573093965583598,-0.9885494352616915,1.126089721951938,0.7147216991382352,3.539502453745634,0.873499851561739,0.5629076160142367,2.1464708541876996,0.7344879275810907,0.7344879275810907,0.2386513572248551,-0.35104831086289523,-0.3424310214742595,2.178222086833646
W000299,0.198507487253719,0.198507487253719,0.06054472436334865,-0.12753797085541418,-0.3940983663399962,0.017123878254161756,0.23027055549745856,0.05783149319662344,-0.890634240613134,-0.7745772227397887,-0.3058688804324145,-0.6401085875234499,-0.2614246830447615,-0.018007409847452884,0.05783149319662344,-0.0678561576404453,-0.12280063105399436,-1.452211497783312,-1.7505658662798516,0.05783149319662344,0.05783149319662344,0.05783149319662344,0.27901569065536036,0.7234114941903584,0.6531514308619302,1.472927718946998,-0.3396936145932586,0.05783126616498978,0.057831583775462984,0.39820406072152653,-0.12710097089957403,-1.4439077395063762,-0.5150511702762159,-0.5985358149648935,-0.6787988999531667,-0.5150511702762159,0.10050378152592128,-1.3115139385223946,-0.8655654413479221,-1.1322555480554,-0.9259844929661227,-0.8303281394953854,0.35416980908874696,-0.224527122677881,-1.1579115737130352,-0.7306747692718867,-0.16227072341265517,-1.575944228512469,-0.590076006123491,0.7344879275810907,0.7344879275810907,1.4645787624670337,1.8430036320302,-0.11395631729725625,-1.3756412771369524
W000300,0.8950249863895748,0.8950249863895748,0.65856172037392,-0.011312018928672693,0.0050577159327757654,0.033158783123849206,-0.05774488188566981,0.05783149319662344,1.105806149304228,0.2118114667357367,-0.34586318601005744,-0.00653064775641453,-0.5919999031607499,-0.5772607856450472,0.05783149319662344,-0.0678561576404453,-0.12280063105399436,0.8278459058856741,0.9495357269538522,0.05783149319662344,0.05783149319662344,0.05783149319662344,-0.07604286726570698,-0.695437085419529,-0.974230433587344,-0.002058425107702938,-0.5111298741540922,0.05783116780791191,0.05783177291423888,0.7429127110779945,-0.12622681510100123,0.19237770224033157,2.037004177939268,1.0954334726715977,1.9035882194338807,2.037004177939268,0.10050378152592128,-0.3347510793667799,-0.5413330300423169,0.32502975337893686,2.986377700451662,1.4678627908683504,-1.112567971668574,1.2508377100531303,0.7147216991382352,1.4044138422368737,0.873499851561739,0.9201268660786737,1.0330306097979598,0.7344879275810907,0.7344879275810907,0.4471086488044971,-0.35104831086289523,-0.04867783038954059,0.8455233253446716
