wallet_id,tx_count,incoming_tx_count,total_received_sats,avg_received_sats,median_received_sats,max_received_sats,std_received_sats,outgoing_tx_count,total_sent_sats,avg_sent_sats,median_sent_sats,max_sent_sats,std_sent_sats,avg_outputs_per_tx,max_outputs_per_tx,unique_input_counterparties,unique_output_counterparties,unique_counterparties,fan_in,fan_out,in_out_ratio,avg_inter_tx_seconds,median_inter_tx_seconds,min_inter_tx_seconds,std_inter_tx_seconds,active_duration_seconds,transaction_velocity,burstiness,observation_count,unique_src_ips,unique_dst_ips,unique_src_ports,mean_latency_ms,median_latency_ms,std_latency_ms,total_bytes_sent,total_bytes_received,inbound_ratio,outbound_ratio,unique_countries,unique_asns,unique_network_types,country_entropy,asn_entropy,shared_ip_wallet_count,shared_asn_wallet_count,avg_network_tx_time_difference,min_network_tx_time_difference,observations_per_tx,rapid_hop_count,degree,in_degree,out_degree,pagerank,betweenness_centrality,clustering_coefficient,community_id,community_size,two_hop_neighbor_count,networkx_degree,networkx_in_degree,networkx_out_degree,weighted_degree,weighted_in_degree,weighted_out_degree,networkx_pagerank,networkx_betweenness_centrality,networkx_clustering_coefficient,networkx_community_id,networkx_community_size,networkx_two_hop_neighbor_count,graphsage_dim_0,graphsage_dim_1,graphsage_dim_2,graphsage_dim_3,graphsage_dim_4,graphsage_dim_5,graphsage_dim_6,graphsage_dim_7,graphsage_dim_8,graphsage_dim_9,graphsage_dim_10,graphsage_dim_11,graphsage_dim_12,graphsage_dim_13,graphsage_dim_14,graphsage_dim_15,graphsage_dim_16,graphsage_dim_17,graphsage_dim_18,graphsage_dim_19,graphsage_dim_20,graphsage_dim_21,graphsage_dim_22,graphsage_dim_23,graphsage_dim_24,graphsage_dim_25,graphsage_dim_26,graphsage_dim_27,graphsage_dim_28,graphsage_dim_29,graphsage_dim_30,graphsage_dim_31,isolation_forest_anomaly_score,isolation_forest_flag,autoencoder_reconstruction_error,deterministic_score
W0000001,-0.005193596,0.0,0.010922442,-0.01916947,0.034087643,-0.051224113,-0.025556007,0.00789785,-0.017782563,-0.8992534,-3.5215354,0.062156573,0.015751597,0.027955718,-0.014416139,0.0,-0.020208191,-0.010884961,0.0,0.0,-0.0010558497,-0.013354607,-0.006007647,-0.021260915,0.0082047265,-0.072481275,0.0,0.02346934,-0.014569342,-0.070894964,-0.016258009,0.0,-0.004910699,-0.08310045,0.060215984,-0.16681083,0.0,0.0009484194,0.0,0.0,-0.003941606,-0.009236959,-0.3487431,-0.08634208,0.0,0.0,0.0027689412,0.0170061,0.34419763,0.0,0.0,0.0,0.0020804543,0.007428392,-0.006987485,-0.00839526,0.0,0.0,0.0,0.0,0.0,0.0,-0.031137533,0.0148438355,-0.15212181,0.0019520449,0.0,0.00056099845,0.0,0.0,0.0,-0.025547964,-0.052212473,-0.017678656,-0.18171334,-0.050723102,0.0,0.16936849,-0.043493774,0.13051146,-0.012697076,-0.67077875,-0.015762335,0.0003996393,-0.03808732,-0.023859574,-0.010821123,0.002375957,-0.005831372,0.019004673,0.0003778614,-0.0017582532,-0.044798184,-0.10607833,-0.36704662,-0.0059473384,0.0,-0.101267815,0.0,0.031503156,-0.016078759,0.0020511306,-0.064485416,-0.48710948,-0.009148898,-0.43956837,-0.16645707
W0000002,-0.005193596,0.0,-0.029178884,-0.00014390697,0.04699631,0.006393931,-0.0016589309,-0.0033123214,-0.07055401,-0.85127616,-3.568462,0.051759474,0.021268286,0.01088955,-0.016905561,0.0,-0.015068833,-0.010884961,0.0,0.0,-0.04360901,-0.013354607,-0.010242557,0.0021065255,0.009768339,0.085995466,0.0,0.02560788,-0.02181326,-0.056074087,-0.016258009,0.0,-0.004910699,-0.046143346,-0.03193346,-0.17346552,0.0,0.0009484194,0.0,0.0,-0.009978283,-0.009236959,-0.23158695,0.021229465,0.0,0.0,-0.039003044,-0.0067094406,-0.6656837,0.0,0.0,0.0,-0.0038060301,-0.010690156,0.008060851,-0.008368065,0.0,0.0,0.0,0.0,0.0,0.0,-0.031137533,-0.029465904,-0.16286133,-0.0040095923,0.0,0.0003632445,0.0,0.0,0.0,0.0393046,-0.04977632,-0.043983497,-0.13222425,0.056932848,0.0,-0.16124065,0.035597984,0.14814846,-0.008412387,0.28012258,0.02033493,-0.0010022561,-0.044940267,-0.0020486116,-0.03344309,0.0019681072,-0.0008728574,0.021355715,0.0005174588,0.035655692,-0.03789402,-0.11451462,-0.3679836,0.0021426994,0.0,-0.082900055,0.0,0.018066552,0.020698454,-0.0029993139,-0.046480995,-0.47275093,-0.009148898,-0.8567129,0.012574762
W0000003,-0.005193596,0.0,-0.034434877,-0.017946733,0.034093328,0.0066791736,-0.016981345,-0.00033645565,-0.07120144,-0.9485559,-3.384355,0.058684595,0.020310234,0.015487545,-0.014416139,0.0,-0.015068833,-0.010884961,0.0,0.0,-0.0017250786,-0.013354607,-0.011904441,0.0021065255,0.0036420985,0.0746703,0.0,0.02609999,-0.014569342,-0.087723404,-0.016258009,0.0,-0.004910699,0.058254354,0.05735983,-0.16681083,0.0,0.00064800854,0.0,0.0,-0.003941606,-0.0068245563,-0.3747798,0.06021735,0.0,0.0,0.003946705,-0.019434122,0.32278574,0.0,0.0,0.0,-0.0038060301,-0.020346759,0.007814314,-0.008086555,0.0,0.0,0.0,0.0,0.0,0.0,-0.042403925,-0.03076023,-0.17566277,-0.0040095923,0.0,0.0003632445,0.0,0.0,0.0,-0.018681977,-0.052212473,0.03573791,-0.2079545,-0.055269156,0.0,-0.16569926,-0.022751011,-0.17005458,-0.0047497754,-0.6816064,-0.0107190125,-0.00038644386,-0.03788637,-0.0031188768,-0.042912833,-0.008259027,-0.011422182,-0.031894185,-0.0029566854,-0.03545718,0.025584772,-0.11639985,-0.3771081,-0.015052976,0.0,-0.10685907,0.0,-0.04302557,-0.016078759,0.0016836827,-0.05099695,-0.47005373,-0.009148898,-0.70187414,-0.03519146
W0000004,-0.0015967066,0.0,-0.05050438,-0.05931803,0.05637466,0.021207824,-0.051347878,-0.021408726,-0.06570762,-0.039423242,1.1659234,0.0872241,0.048715167,-0.36764514,-0.016727282,0.0,-0.025312264,-0.010884961,0.0,0.0,-0.047902074,-0.01766783,0.0024877684,-0.03035746,0.010762116,0.06510003,0.0,0.023087852,-0.02181326,0.01014244,-0.016258009,0.0,-0.0014661357,-0.04246573,-0.06631828,-0.17471263,0.0,0.0026750115,0.0,0.0,-0.009978283,0.002258628,0.36787003,0.101578526,0.0,0.0,0.009072287,0.0094022155,-1.0185825,0.0,0.0,0.0,-0.017717667,0.00968376,0.008628185,7.973658e-05,0.0,0.0,0.0,0.0,0.0,0.0,-0.033787936,-0.032023966,-0.17399903,0.003398105,0.0,0.0016667963,0.0,0.0,0.0,-0.029021151,-0.10530176,0.042562693,-0.10409652,-0.07459597,0.0,-0.18179718,-0.1887172,0.1565252,-0.01549966,0.30597836,-0.028751379,0.001080007,-0.055366732,-0.06568044,0.03213126,0.0028821304,0.0077870814,-0.20664425,0.0009225488,-0.0011968948,-0.06907608,-0.13328853,-0.67262226,-0.015704397,0.0,-0.101987824,0.0,-0.05224467,-0.025540344,0.004709866,-0.044555284,-0.50739026,-0.002720084,0.20707092,-0.4819486
W0000005,-0.005193596,0.0,-0.0055265464,-0.026343534,0.042046145,-0.08700859,-0.021871377,0.018156923,-0.013537102,-0.8825636,-3.460029,0.0595166,0.018248621,0.021798123,0.017009752,0.0,0.01904458,0.010904469,0.0,0.0,0.053457595,-0.004518023,-0.004982843,-0.009872633,0.012571876,0.08812849,0.0,0.03846979,-0.014569342,-0.077442385,-0.016258009,0.0,-0.004910699,0.05874917,0.060215984,0.075506896,0.0,0.0006124293,0.0,0.0,0.006526944,-0.02280538,-0.38702434,-0.100254826,0.0,0.0,-0.01746037,0.005646281,-0.6551841,0.0,0.0,0.0,0.0020804543,0.005973419,-0.006987485,0.020534549,0.0,0.0,0.0,0.0,0.0,0.0,-0.0034984294,0.012246649,0.14708345,0.0019520449,0.0,0.00056099845,0.0,0.0,0.0,-0.027131531,0.0013846289,-0.056426685,-0.11688601,0.05458775,0.0,-0.16632876,0.004251264,-0.1732642,-0.0042142994,0.19886857,-0.01178717,-0.0010022561,-0.027517252,-0.024045499,-0.012733299,0.0014787507,-0.028403476,-0.030195901,0.0003778614,0.035655692,-0.060165726,-0.13361616,-0.42317054,-0.014277047,0.0,0.021102441,0.0,0.036672726,-0.016078759,0.0019954,-0.05099695,-0.44254673,-0.009148898,-0.13075754,-0.16598874
W0000006,-0.0015967066,0.0,-0.045916945,-0.002667523,0.05377827,0.019671146,0.0064932844,0.032527983,-0.07479514,0.2968255,1.8579671,-0.2014246,-0.12058302,-0.07307455,-0.02378431,0.0,-0.020837342,-0.010884961,0.0,0.0,0.05600151,0.004638333,-0.015015106,-0.023506533,0.0409673,-0.12530977,0.0,0.037647314,-0.014569342,-0.15868129,-0.010347058,0.0,-0.0014661357,-0.039455637,0.07190104,-0.16354968,0.0,0.0026750115,0.0,0.0,-0.0039439844,-0.009236959,-0.48390922,-0.13709137,0.0,0.0,-0.05331117,-0.009488786,-1.1380181,0.0,0.0,0.0,-0.0060421485,-0.028221546,0.019132175,-0.00072089303,0.0,0.0,0.0,0.0,0.0,0.0,-0.045054328,-0.029465904,-0.16116522,-0.0069798674,0.0,0.00071129086,0.0,0.0,0.0,-0.055739194,-0.06312139,-0.062091228,0.17430875,0.040313482,0.0,-0.16242218,-0.108524844,-0.18670851,-0.021664977,0.31498078,-0.0111636855,-0.0020473734,-0.030878138,-0.010203959,-0.058784157,0.0028821304,-0.025874121,-0.12811258,0.0009225488,-0.02881604,-0.05563012,-0.151194,-0.56694424,-0.03451601,0.0,0.04416108,0.0,0.031503156,0.01600558,-0.020520864,-0.0755641,-0.54602414,-0.002720084,-1.5905614,-0.42564982
W0000007,-0.005193596,0.0,-0.029178884,-0.00366847,0.04178969,0.010546856,-0.0016075228,0.0010533738,-0.07665531,-0.82022583,-3.109657,0.060077816,0.016781319,0.012383272,-0.015280576,0.0,-0.015068833,-0.010884961,0.0,0.0,-0.044730693,-0.004518023,-0.01055101,-0.021260915,0.011370178,0.090474665,0.0,0.033746485,-0.02181326,-0.085723385,-0.016258009,0.0,-0.004910699,-0.046143346,-0.040926676,-0.16354968,0.0,0.00064800854,0.0,0.0,-0.0039439844,-0.009236959,-0.3673488,-0.09802105,0.0,0.0,0.0032769656,-0.008490303,-0.7282671,0.0,0.0,0.0,-0.0038060301,0.0043680486,-0.0071581313,-0.0079338085,0.0,0.0,0.0,0.0,0.0,0.0,-0.036196228,0.011458234,-0.15212181,0.0019520449,0.0,0.0003632445,0.0,0.0,0.0,-0.027131531,-0.065098524,-0.050077744,-0.017559364,-0.054924183,0.0,-0.1661181,-0.077194706,-0.1732642,-0.004685431,0.27301648,-0.012700345,-0.0010022561,-0.045716006,-0.0043371986,-0.038902517,-0.009272968,-0.0110132145,-0.034815475,0.0003778614,-0.001631124,-0.04297116,-0.110044196,-0.36552128,-0.000548549,0.0,0.07242236,0.0,-0.02321621,-0.016078759,0.0016836827,-0.05099695,-0.5110299,-0.009148898,-0.81940645,-0.21039371
W0000008,-0.005193596,0.0,-0.034559038,-0.017946733,0.045926243,-0.059329525,-0.027404219,-0.01609282,-0.06990905,-0.8842172,-3.6158638,0.052816674,0.022269376,0.042441785,-0.014416139,0.0,-0.027471712,-0.010884961,0.0,0.0,0.009910832,-0.013354607,-0.011595988,-0.007219096,0.008975159,0.07820581,0.0,-0.09185368,-0.02181326,-0.0716718,-0.016258009,0.0,-0.004910699,-0.046143346,-0.03895516,-0.17346552,0.0,0.0009484194,0.0,0.0,-0.009978283,-0.009236959,0.2906887,0.03125429,0.0,0.0,0.003228473,-0.008762167,0.344975,0.0,0.0,0.0,-0.007291176,-0.020346759,-0.0029132469,-0.008437777,0.0,0.0,0.0,0.0,0.0,0.0,-0.036196228,-0.04431414,-0.16286133,-0.0040095923,0.0,0.0003632445,0.0,0.0,0.0,-0.018681977,-0.052212473,-0.065721676,-0.14062709,0.057661954,0.0,0.17244098,0.033812527,-0.17005458,-0.010907786,0.31484887,-0.0107190125,-0.00038644386,-0.024289887,-0.030036405,-0.047895912,-0.015223706,0.00410684,-0.018579878,0.0003778614,0.035453632,-0.044798184,-0.09767657,-0.38742682,0.0021426994,0.0,0.06291628,0.0,-0.024919894,-0.035245765,0.0018391407,-0.034722105,-0.47646457,-0.009148898,-0.8235195,-0.21169312
W0000009,-0.005193596,0.0,-0.025407305,-0.004151241,-0.06793405,0.009166892,-0.0029726496,-0.0051205307,-0.058690205,-1.0063429,-3.7530718,0.062156573,0.0025247163,0.056760393,-0.014773394,0.0,-0.020208191,0.010904469,0.0,0.0,-0.015000172,-0.004518023,-0.00791845,-0.012754429,-0.022961646,-0.07176107,0.0,-0.0990973,0.031219225,-0.09148095,0.028596843,0.0,-0.004910699,0.05937828,-0.014969227,0.16304725,0.0,0.00064800854,0.0,0.0,0.0025782639,0.002258628,-0.4151716,-0.14217564,0.0,0.0,0.0043798634,-0.019172002,0.30940992,0.0,0.0,0.0,-0.0038060301,-0.010789318,-0.006987485,0.005617737,0.0,0.0,0.0,0.0,0.0,0.0,-0.029193308,0.010600343,-0.17216852,0.003377371,0.0,-0.010462886,0.0,0.0,0.0,-0.025547964,0.06512083,-0.0627084,-0.14285061,-0.0572475,0.0,-0.16971117,0.023019424,-0.16103235,-0.010692963,-0.75811803,-0.0071662343,-0.00038644386,0.026511263,0.02611537,-0.100142345,0.001976684,-0.025140587,-0.09486292,0.00093730603,0.035528224,0.021274664,0.1474706,0.34623158,-0.00041824486,0.0,-0.104563355,0.0,-0.054992415,-0.016078759,0.0026100148,0.019034887,-0.4435195,-0.009148898,0.09828671,0.049628213
W0000010,-0.005193596,0.0,0.003783389,-0.017152755,0.047491543,0.011002294,-0.0016075228,0.00923657,-0.06748616,-0.8992382,-3.5950868,0.053838223,0.022269376,-0.047248647,-0.014416139,0.0,-0.020208191,0.010904469,0.0,0.0,-0.016218254,-0.004518023,-0.0035027675,-0.006744347,0.011434402,0.051834837,0.0,0.026087025,-0.02181326,-0.0791915,-0.016258009,0.0,-0.004910699,-0.046143346,-0.03895516,-0.17346552,0.0,0.0009484194,0.0,0.0,-0.0039439844,0.0022701065,-0.2258942,0.038501047,0.0,0.0,0.0034466144,-0.011138969,0.38372576,0.0,0.0,0.0,0.0020804543,0.0064144908,-0.0069115944,0.020494496,0.0,0.0,0.0,0.0,0.0,0.0,-0.025480919,0.017670471,-0.030635035,0.0019520449,0.0,0.0003632445,0.0,0.0,0.0,0.034485914,-0.052212473,-0.052223306,-0.15190381,-0.056293704,0.0,0.17585567,-0.07699817,0.13051146,-0.004685431,0.30701122,0.01749261,-0.00038644386,-0.01080343,0.026973907,-0.055393107,-0.00858568,0.0039975806,-0.033811715,0.0003778614,0.035655692,-0.037803706,-0.093957305,-0.38533244,-0.02010266,0.0,0.0721655,0.0,-0.035315517,0.020698454,-0.013024451,-0.05814499,-0.46119192,-0.009148898,-0.84390587,-0.19640759
W0000011,0.08293642,0.0,0.0041924864,0.0033065733,0.048923194,0.01991255,0.0093089845,-0.07222143,-0.012733435,0.37374908,-4.028538,-0.100438826,-0.021329602,0.051762428,0.005962834,0.0,0.020771705,0.010904469,0.0,0.0,0.0011799433,0.04582795,-0.0007972112,-0.029178752,-0.049358748,0.061196014,0.0,0.037747953,0.031219225,0.0034458796,0.028596843,0.0,-0.004910699,-0.041735213,-0.02696196,0.15536995,0.0,0.0004783984,0.0,0.0,0.006526944,0.004673285,-0.43931228,-0.065945886,0.0,0.0,0.0055851284,0.0050102035,0.37969524,0.0,0.0,0.0,0.0020804543,-0.013222229,-0.006987485,-0.013911715,0.0,0.0,0.0,0.0,0.0,0.0,0.053531595,0.013672152,0.10634604,0.003398105,0.0,0.00036423074,0.0,0.0,0.0,0.020094723,-0.05268158,-0.07330904,0.17809406,-0.06344252,0.0,-0.17491819,-0.101556316,0.14187483,0.0016906597,0.3276322,-0.0057603745,-0.00058494485,-0.05092471,-0.022986343,-0.05578354,0.006070516,0.0069022225,0.0041030287,0.0005174588,-0.009382761,0.008528528,-0.08803873,-0.45134237,-0.014277047,0.0,0.07973989,0.0,0.051508956,-0.025540344,-0.014544636,-0.039647516,0.63602006,0.021213012,0.14747438,0.03219856
W0000012,-0.0015967066,0.0,-0.031431608,-0.00062133,-0.07504365,0.031234043,0.0024066828,-0.01668473,0.083109945,0.47174472,2.4821982,0.031667076,0.0040727854,0.08861168,-0.014734199,0.0,-0.024762195,-0.010884961,0.0,0.0,0.011755353,-0.01766783,0.00097216817,0.012418347,0.009844854,0.06544727,0.0,-0.07838066,-0.02181326,0.052539468,-0.010347058,0.0,-0.0014661357,-0.0345736,-0.030622762,0.07965917,0.0,0.0026750115,0.0,0.0,0.006526944,-0.014049161,0.44737512,0.16593349,0.0,0.0,-0.13001968,-0.013777513,0.5048392,0.0,0.0,0.0,-0.017717667,-0.035128202,0.008628185,0.007769496,0.0,0.0,0.0,0.0,0.0,0.0,-0.052172698,-0.036649093,-0.20349431,-0.018582787,0.0,0.0016667963,0.0,0.0,0.0,-0.02267664,-0.057811707,0.04592073,-0.15673336,-0.059151337,0.0,-0.17353782,-0.16258533,-0.17534253,-0.0007105544,0.32287982,-0.0057603745,0.001080007,-0.025817093,0.015092782,-0.02469961,0.005632231,-0.05562886,0.025439342,0.0026562288,0.00944812,0.024095446,-0.13068482,0.5090163,0.0039706314,0.0,-0.06797601,0.0,-0.024684863,-0.014220053,0.005776293,0.028985538,-0.24252392,-0.002720084,0.25159925,0.0903194
W0000013,-0.005193596,0.0,0.0006688796,-0.019475443,0.044919185,0.007557037,-0.0034046895,0.008168645,-0.04641503,-0.84549,-3.271662,0.0595166,0.016616505,0.064978145,0.015505506,0.0,-0.020208191,-0.010884961,0.0,0.0,0.010335175,-0.004518023,-0.0122589385,-0.006744347,-0.008764418,0.05203225,0.0,0.029054396,-0.014569342,-0.097048074,-0.016258009,0.0,-0.004910699,-0.046143346,0.06342879,-0.16681083,0.0,0.0009484194,0.0,0.0,-0.0023350685,-0.009236959,-0.37481427,-0.0478843,0.0,0.0,0.0030319246,0.0159557,-0.612923,0.0,0.0,0.0,0.0020804543,0.005973419,-0.0071581313,-0.008437777,0.0,0.0,0.0,0.0,0.0,0.0,-0.029193308,-0.00080553535,0.10681321,0.003377371,0.0,0.0003632445,0.0,0.0,0.0,-0.027740099,-0.06723228,-0.057461325,-0.111637555,0.05346087,0.0,0.16771816,-0.061040267,-0.164164,-0.0010346852,-0.55730546,-0.01626535,-0.0010022561,-0.03134264,-0.0041347235,-0.031285025,-0.004520991,0.005238689,-0.030560557,0.00057699945,-0.001631124,0.025584772,-0.11620023,0.31600648,-0.002744033,0.0,-0.05390323,0.0,-0.035549365,-0.016078759,0.0019287223,-0.041555766,-0.46349764,-0.009148898,-0.74638593,-0.22052532
W0000014,-0.0015967066,0.0,-0.06904037,-0.051020876,0.05324509,0.026386715,0.0032299485,-0.19227003,-0.046226505,-1.2277391,1.0237027,0.06316877,-0.020291507,0.0054188725,-0.0155579,0.0,0.01904458,-0.010884961,0.0,0.0,0.0011371528,0.00070057716,-0.033438824,0.0019843124,-0.012908574,-0.020807821,0.0,0.022604965,0.031219225,-0.08952174,-0.016258009,0.0,-0.0014661357,-0.03936521,-0.0491232,0.06420487,0.0,0.0007490349,0.0,0.0,0.006526944,0.0075859367,-0.68337274,-0.37436473,0.0,0.0,0.011124359,-0.050439786,0.32492095,0.0,0.0,0.0,0.0033027628,-0.04436446,-0.018059753,-9.0138754e-05,0.0,0.0,0.0,0.0,0.0,0.0,-0.030739248,-0.036649093,0.14708345,-0.0040095923,0.0,0.0007141389,0.0,0.0,0.0,-0.054427356,0.077487566,-0.051004518,-0.3023239,0.089363195,0.0,-0.19732603,-0.19625191,0.1565252,-0.021819705,-0.51279503,0.0012678755,-0.001044347,-0.022851776,-0.04744252,-0.124859914,0.0029570279,0.007511073,-0.0070825703,0.0009225488,-0.0300289,-0.04933497,-0.14019942,-0.567433,-0.012270652,0.0,0.08578796,0.0,0.051508956,-0.016078759,-0.03282776,-0.036181085,-0.2773129,-0.009148898,0.22168809,0.051553153
W0000015,-0.005193596,0.0,-0.03183594,-0.0025140315,-0.04527472,0.006235958,-0.0016075228,-0.00033645565,-0.07628332,-0.7269585,-3.5090742,0.06271779,-0.005558839,0.023159187,-0.014773394,0.0,-0.015068833,-0.010884961,0.0,0.0,0.0009882203,-0.013354607,-0.012567392,-0.0067202495,0.013399251,0.08650564,0.0,0.033552565,-0.02181326,-0.092408374,-0.016258009,0.0,-0.004910699,0.059390023,-0.040926676,-0.16354968,0.0,0.00064800854,0.0,0.0,-0.0039439844,-0.009236959,-0.3820066,-0.09003065,0.0,0.0,-0.0032440287,-0.008665432,0.39205968,0.0,0.0,0.0,-0.0038060301,-0.017977335,-0.0071581313,-0.0079338085,0.0,0.0,0.0,0.0,0.0,0.0,-0.042403925,-0.04703808,-0.1593671,-0.0069372794,0.0,0.0003632445,0.0,0.0,0.0,-0.023934359,0.07458013,-0.052380867,0.06685313,-0.050723102,0.0,-0.16190836,-0.075705014,-0.1732642,-0.0015058166,0.3133378,-0.010103827,-0.00038644386,-0.032387327,0.0242555,-0.0039673485,0.0034786286,-0.010092994,-0.031144995,0.00057699945,-0.03046313,-0.04297116,-0.11184472,0.2072133,-0.022793908,0.0,-0.004809594,0.0,-0.035549365,-0.016078759,0.0016836827,-0.041555766,-0.5110711,-0.009148898,-0.8523757,-0.23403002
W0000016,-0.005193596,0.0,0.057087697,-0.053062964,0.050430045,-0.006078182,0.04992807,-0.058679976,-0.008358822,-0.9529484,0.5132139,0.04983645,0.025073916,0.05609537,0.0070197624,0.0,0.028852962,0.010904469,0.0,0.0,0.01322807,0.04582795,0.0066154297,-0.014404159,-0.052471444,0.06117926,0.0,0.051419042,0.031219225,0.061210252,0.028596843,0.0,0.07270218,-0.07513253,-0.030219603,0.15714216,0.0,0.0006124293,0.0,0.0,0.006526944,0.0075859367,0.31302696,0.07232302,0.0,0.0,0.012898704,0.01277112,0.23976377,0.0,0.0,0.0,0.00968484,-0.0049501853,-0.002682825,0.023533512,0.0,0.0,0.0,0.0,0.0,0.0,0.059254333,0.02087244,0.11216574,0.003377371,0.0,0.00036423074,0.0,0.0,0.0,0.070976764,0.07799217,0.012462347,-0.13841727,0.059549954,0.0,0.19579214,0.022326073,0.12292071,-0.003196807,0.28667298,-0.0057073147,-0.001044347,0.013887337,0.032818086,0.12278825,0.0036323532,0.016030986,-0.0029299948,0.0026562288,-0.009647902,-0.017531767,-0.09957621,0.6098351,-0.017196286,0.0,-0.07082053,0.0,-0.009494466,0.020698454,0.007734093,-0.031075153,0.67565614,0.07134915,0.22558217,0.087469034
W0000017,-0.005193596,0.0,-0.0055265464,-0.02868546,0.04455039,-0.052980036,-0.037689913,-0.023867674,-0.05045782,-0.8850022,-3.7059362,0.048581883,0.021983374,-0.015842412,-0.016905561,0.0,0.028852962,0.010904469,0.0,0.0,0.053457595,-0.0055564484,0.0046117846,-0.006744347,0.0040623895,-0.07608885,0.0,0.040454373,-0.02181326,0.028166696,-0.016258009,0.0,-0.004910699,0.058417544,-0.039736006,-0.17715237,0.0,0.0006124293,0.0,0.0,-0.0023350685,-0.014049161,0.34628928,0.061489172,0.0,0.0,-0.018314026,-0.019257724,-0.48264632,0.0,0.0,0.0,0.003985507,0.0063248305,-0.00247431,-0.017693534,0.0,0.0,0.0,0.0,0.0,0.0,-0.025480919,-0.00080553535,0.16436662,0.0019520449,0.0,0.00056099845,0.0,0.0,0.0,0.0393046,0.08211975,-0.05268377,-0.13012302,-0.057870038,0.0,0.17844005,-0.042383462,0.1568502,-0.0046832417,-0.5927849,0.020970855,-0.00038644386,-0.019681742,-0.01873229,0.12116845,-0.004520991,0.0053329854,-0.0052690012,0.0005174588,0.035655692,-0.0540485,-0.013568047,-0.44075236,-5.278457e-05,0.0,-0.08455766,0.0,-0.041305978,-0.035245765,-0.005866262,0.046180487,-0.38888618,-0.009148898,0.14680317,-0.15883477
W0000018,-0.005193596,0.0,-0.030230567,-0.0020316434,-0.061088193,0.0064807953,-0.0016075228,7.3301606e-05,-0.077708706,-0.782743,-3.374787,-0.009587637,-0.008682075,0.017234456,0.017009752,0.0,-0.015068833,-0.010884961,0.0,0.0,-0.044730693,-0.004518023,-0.010242557,-0.006744347,0.007291582,-0.079559006,0.0,0.036618635,-0.02181326,-0.065159746,-0.016258009,0.0,-0.004910699,0.05937141,-0.040926676,-0.15468739,0.0,0.0009484194,0.0,0.0,-0.009978283,0.0022701065,-0.34782794,-0.08480999,0.0,0.0,-0.018838245,-0.008490303,-0.53357077,0.0,0.0,0.0,-0.0038060301,-0.011085953,-0.0071581313,-0.0076982863,0.0,0.0,0.0,0.0,0.0,0.0,-0.031137533,0.011458234,-0.17216852,0.003377371,0.0,0.0003632445,0.0,0.0,0.0,-0.027740099,-0.043627635,-0.05284133,-0.112616256,-0.06147697,0.0,-0.17176317,-0.0007300656,0.12445874,-0.004685431,0.20078641,-0.017694203,-0.00038644386,-0.04542473,0.023933312,-0.05123398,0.0012670743,0.00441828,0.021094967,-0.004514899,-0.001631124,0.025584772,0.14593172,-0.13147284,0.004980544,0.0,-0.088687114,0.0,0.013079161,-0.016078759,0.0019287223,0.044841766,-0.5001147,-0.009148898,-0.8222334,-0.22595052
W0000019,-0.0015967066,0.0,-0.015156531,0.0069478704,-0.058096718,0.042588223,0.0052970583,-0.06630071,0.08758901,0.4096114,1.9009963,-0.15819742,-0.083398685,0.13800491,0.008102259,0.0,0.018415429,0.010904469,0.0,0.0,0.06508993,0.00070057716,-0.0028422372,0.012418347,-0.041165076,0.10780759,0.0,-0.08679274,-0.014569342,-0.11743309,-0.016258009,0.0,-0.0014661357,0.07098258,0.038686555,-0.13959803,0.0,0.0026750115,0.0,0.0,-0.009978283,-0.02280538,-0.52079463,-0.10399808,0.0,0.0,0.015987318,-0.0057342467,-0.7921925,0.0,0.0,0.0,0.0033027628,0.015248541,-0.018059753,0.004789417,0.0,0.0,0.0,0.0,0.0,0.0,0.08101625,0.015456553,0.13589236,0.009046914,0.0,0.0016667963,0.0,0.0,0.0,0.07078723,-0.11610819,-0.046890896,-0.1965679,0.05516485,0.0,0.17701265,0.06782194,-0.14892039,-0.013417163,0.38575155,-0.0048234253,-0.00746914,-0.027028944,0.015309991,-0.0638435,0.0039036698,0.019779267,0.06053377,0.0026562288,-0.031809404,0.023334775,0.20404153,0.6869589,0.0029997826,0.0,0.09117773,0.0,-0.052957892,0.01600558,0.0065681133,-0.06477136,0.44428492,-0.002720084,0.2693198,0.10007582
W0000020,-0.005193596,0.0,-0.030106407,-0.0026920452,-0.05403578,0.006190553,-0.0037525361,-0.0024564825,-0.063768744,-0.7592451,-3.5909326,0.050176702,0.013571558,0.03141601,0.015505506,0.0,-0.027471712,-0.010884961,0.0,0.0,-0.044730693,-0.004518023,-0.014928754,-0.006744347,0.0056897425,-0.090868145,0.0,0.035679683,-0.02181326,0.033065844,-0.016258009,0.0,-0.004910699,-0.07253214,-0.03895516,0.08546798,0.0,0.0009484194,0.0,0.0,0.006526944,0.0030725633,0.3147804,0.053478282,0.0,0.0,-0.021261971,-0.008490303,-0.7207406,0.0,0.0,0.0,0.003985507,0.0043680486,-0.0029132469,-0.008285031,0.0,0.0,0.0,0.0,0.0,0.0,-0.029193308,0.015456553,-0.04942315,0.003377371,0.0,0.0003632445,0.0,0.0,0.0,0.0393046,-0.06723228,0.08770948,-0.10235782,0.058140974,0.0,0.1779853,0.002081124,-0.16515389,-0.0015058166,0.28360978,-0.01626535,-0.0010022561,-0.024354342,0.026544088,-0.020130176,0.0014297778,-0.018886827,-0.0075724814,0.00057699945,-0.001631124,-0.04259735,-0.116206996,0.34835333,-0.02010266,0.0,-0.09865132,0.0,-0.016553747,-0.035245765,0.0021913787,-0.035382673,-0.46162802,-0.009148898,-0.8849121,-0.23672007
W0000021,-0.005193596,0.0,0.018485535,-0.02380571,0.052617535,-0.074214466,-0.032000978,0.0007948554,-0.043848403,-0.89638644,-3.6324039,0.062156573,0.027499106,-0.18119127,-0.014416139,0.0,-0.020208191,0.010904469,0.0,0.0,-0.016218254,-0.004518023,-0.0007972112,-0.006744347,-0.00873634,-0.07176107,0.0,0.019355109,-0.02181326,-0.08212055,-0.016258009,0.0,-0.004910699,-0.046994045,-0.040191595,-0.17609881,0.0,0.0004783984,0.0,0.0,0.0015274035,-0.014049161,-0.36445266,-0.09028099,0.0,0.0,0.0031326697,-0.023106862,0.3791269,0.0,0.0,0.0,-0.0038060301,-0.00903951,-0.006987485,-0.007973718,0.0,0.0,0.0,0.0,0.0,0.0,-0.031688616,0.0148438355,-0.14948425,0.0019520449,0.0,0.00056099845,0.0,0.0,0.0,-0.023934359,-0.052212473,-0.06284364,0.20826206,-0.057140935,0.0,0.17776121,-0.047966234,0.14814846,-0.004576602,-0.722376,0.018128535,-0.00038644386,-0.019219266,-0.015959932,-0.0104508735,0.002375957,0.005766479,-0.02623809,0.0005174588,-0.03046313,-0.04065431,-0.10759252,-0.35329077,-0.015052976,0.0,-0.010110715,0.0,0.0034747822,-0.025540344,0.0025204332,-0.05391258,-0.47729024,-0.009148898,-0.008421494,-0.1818546
W0000022,-0.005193596,0.0,-0.030230567,-0.0020316434,-0.060173992,-0.09073728,-0.0016075228,7.3301606e-05,-0.0728004,-0.7876884,-2.9886541,0.060077816,0.017300878,-0.17765859,-0.015280576,0.0,-0.015068833,-0.010884961,0.0,0.0,-0.047443993,-0.004518023,-0.01055101,-0.007219096,-0.021668833,-0.08258817,0.0,-0.09461138,-0.02181326,-0.074600816,-0.016258009,0.0,-0.004910699,-0.06973484,-0.040926676,-0.16354968,0.0,0.00064800854,0.0,0.0,-0.009978283,-0.0068245563,-0.380829,-0.10083328,0.0,0.0,0.0031828259,-0.008490303,-0.564816,0.0,0.0,0.0,-0.0038060301,-0.011085953,-0.0071581313,-0.014364039,0.0,0.0,0.0,0.0,0.0,0.0,-0.031137533,0.011458234,-0.14948425,0.0019520449,0.0,0.0003632445,0.0,0.0,0.0,-0.027740099,-0.065098524,-0.018245224,-0.17544611,-0.059470236,0.0,-0.1661349,0.032620452,0.13051146,-0.0047923448,0.2725669,0.02033493,-0.00038644386,-0.045912888,-0.004613805,-0.03975462,-0.0037247194,0.0042169206,-0.030738713,0.0003778614,-0.0017585903,-0.043061476,-0.116837375,-0.40353748,-0.022793908,0.0,0.064155206,0.0,-0.02321621,0.020698454,-0.0029993139,-0.056944493,-0.52283275,-0.009148898,-0.7767343,-0.17741172
W0000023,-0.0015967066,0.0,-0.017933583,-0.0015692157,-0.04546237,0.035287447,0.0055589164,0.050767206,-0.058420632,0.4583832,2.4299433,0.0869155,0.0027835965,0.16834304,0.01684472,0.0,0.027326975,0.010904469,0.0,0.0,0.019254217,0.004638333,0.00097216817,0.0053063612,-0.13427636,-0.12153848,0.0,-0.21779391,0.019999173,0.12381909,-0.010347058,0.0,-0.0014661357,-0.034143783,0.03482078,0.16651489,0.0,0.0026750115,0.0,0.0,0.0025798192,0.0075859367,0.4748929,0.11906735,0.0,0.0,0.013510516,0.008252639,-1.0620233,0.0,0.0,0.0,0.00968484,0.015880302,-0.002682825,0.004789417,0.0,0.0,0.0,0.0,0.0,0.0,0.08101625,0.015456553,0.18727373,0.009046914,0.0,0.0016667963,0.0,0.0,0.0,-0.01984268,-0.10941509,-0.03754039,0.14476797,0.089363195,0.0,0.1859821,-0.115539394,-0.15988708,-0.012303194,0.34943599,-0.005552222,0.0077241804,-0.018945321,-0.027642228,-0.022736806,0.0039036698,-0.0073636444,0.0072568953,0.0026562288,-0.01149564,0.029305488,0.02044006,0.490839,-0.021478033,0.0,-0.10344459,0.0,-0.024684863,-0.032830574,0.007734093,-0.023728754,-0.34396437,-0.002720084,0.26869595,0.096413605
W0000024,-0.0015967066,0.0,-0.03420866,0.0064136237,0.06191401,0.035069887,0.012763364,0.05272571,-0.040115245,0.43661064,2.5651197,0.11197306,0.07567757,-0.30592835,-0.0155579,0.0,-0.024762195,-0.010884961,0.0,0.0,-0.025576102,0.004638333,-0.0055165067,0.001688062,-0.017979741,-0.07975314,0.0,0.042072035,0.031219225,0.11337931,0.018199842,0.0,-0.0014661357,-0.10640674,-0.02189764,0.17345664,0.0,0.0026750115,0.0,0.0,0.006526944,-0.02280538,0.369577,0.10619823,0.0,0.0,0.015987318,-0.017396538,0.61002946,0.0,0.0,0.0,-0.017717667,-0.042081997,0.008628185,0.009763762,0.0,0.0,0.0,0.0,0.0,0.0,-0.039995633,0.02087244,-0.17399903,-0.0069798674,0.0,0.0016667963,0.0,0.0,0.0,-0.01666718,0.068028264,0.04592073,0.1934289,0.05677843,0.0,0.17645293,0.06687814,0.11385753,-0.0096799135,0.4019853,-0.022692531,-0.001044347,-0.07589119,-0.027642228,0.052870497,0.0077347625,0.007340263,0.0005993247,0.0009225488,-0.019435946,-0.037482217,0.054133445,-0.49971083,0.0039706314,0.0,-0.00374009,0.0,-0.041305978,-0.032830574,0.007734093,-0.041194275,-0.299666,-0.002720084,0.25717694,0.036212623
W0000025,-0.005193596,0.0,0.003783389,-0.01693762,-0.047643214,-0.074834764,-0.027404219,0.018407248,0.006771329,-0.8767819,-3.1154513,0.062156573,0.026204333,-0.16783294,-0.014416139,0.0,0.01904458,0.010904469,0.0,0.0,-0.016218254,-0.004518023,-0.016406981,-0.0026584785,-0.021364573,-0.072481275,0.0,-0.0008598268,-0.014569342,-0.0791915,-0.016258009,0.0,-0.004910699,0.057553113,0.06342879,0.042616006,0.0,0.00064800854,0.0,0.0,-0.0023350685,0.0022701065,-0.40356848,-0.10401931,0.0,0.0,-0.022334583,-0.022004396,0.34560728,0.0,0.0,0.0,0.0020804543,-0.00903951,-0.0071581313,0.020577531,0.0,0.0,0.0,0.0,0.0,0.0,-0.030539613,0.010600343,0.14551334,0.0019520449,0.0,0.0003632445,0.0,0.0,0.0,-0.025547964,-0.052212473,0.035399172,-0.1904979,-0.057275884,0.0,-0.16518201,-0.04228077,-0.17005458,-0.0048522186,-0.58167374,-0.0107190125,-0.00038644386,0.026013963,-0.014718595,-0.0658806,-0.006167148,0.00410684,-0.03165991,-0.0029566854,0.035655692,-0.0583387,-0.11487472,-0.39706656,-0.015052976,0.0,-0.07685905,0.0,-0.04030291,-0.035245765,0.0019287223,-0.05099695,-0.45321915,-0.009148898,-0.6766139,-0.14276634
W0000026,-0.005193596,0.0,-0.035985157,-0.004281667,0.049731605,0.010668658,-0.0016589309,-0.00014235405,-0.06226823,-0.93505245,-3.5989358,0.06271779,0.011533829,0.04141999,0.014705296,0.0,-0.015068833,0.010904469,0.0,0.0,0.0035980684,-0.004518023,-0.0038112206,0.0021065255,-0.023716476,-0.079559006,0.0,0.023821987,-0.02181326,-0.0758979,-0.016258009,0.0,-0.004910699,-0.08828197,-0.033904977,0.07675401,0.0,0.00064800854,0.0,0.0,0.0025798192,-0.005509551,-0.39723897,-0.13123843,0.0,0.0,0.003981781,-0.010343334,0.38112766,0.0,0.0,0.0,-0.0038060301,-0.007964393,-0.0071581313,-0.005433787,0.0,0.0,0.0,0.0,0.0,0.0,-0.031688616,0.013672152,-0.16492324,0.0019520449,0.0,0.0003632445,0.0,0.0,0.0,-0.023934359,-0.04752837,-0.0627084,-0.13500968,-0.05122876,0.0,-0.16619676,-0.08687825,0.14814846,-0.008412387,0.3118059,0.0006319508,-0.00038644386,-0.0076430906,0.024311723,-0.06654764,-0.008608723,0.005003558,-0.04597094,0.0005174588,-0.03046313,0.025584772,0.051285006,-0.3997408,0.0026547555,0.0,0.07441701,0.0,-0.04030291,0.020698454,0.0026100148,-0.064485416,-0.436467,-0.009148898,-0.7152178,0.05229609
W0000027,-0.005193596,0.0,0.0006688796,-0.018399091,0.04662299,-0.06281509,-0.026601695,0.007471383,-0.018508904,-0.8002694,-3.2632775,0.0595166,0.02743807,0.04938203,0.017009752,0.0,-0.020208191,-0.010884961,0.0,0.0,-0.047443993,-0.004518023,-0.011904441,-0.006744347,-0.008887105,-0.02727487,0.0,0.018036874,-0.02181326,-0.07740278,-0.016258009,0.0,-0.004910699,0.05937141,-0.040926676,-0.16354968,0.0,0.00064800854,0.0,0.0,-0.0039439844,0.0030725633,-0.37502873,-0.08775711,0.0,0.0,0.0028975615,-0.008121584,-0.663047,0.0,0.0,0.0,-0.0038060301,0.004525967,-0.0071581313,-0.007851033,0.0,0.0,0.0,0.0,0.0,0.0,-0.025480919,0.011458234,-0.15212181,0.0019520449,0.0,0.0003632445,0.0,0.0,0.0,0.042374697,0.07365592,-0.056426685,0.022095226,0.058140974,0.0,-0.15967058,-0.076922536,0.13821803,-0.0077252435,0.26715648,-0.012423094,-0.0010022561,-0.04562568,-0.004613805,-0.041638713,-0.0046836943,0.00410684,-0.034530427,0.0003778614,0.035655692,-0.04297116,0.13792685,-0.4015191,0.004980544,0.0,0.063858785,0.0,-0.04302557,-0.016078759,0.0019287223,-0.04307064,-0.48110712,-0.009148898,-0.7444092,-0.21153088
W0000028,-0.005193596,0.0,-8.784863e-05,-0.018399091,0.037296884,-0.055589817,-0.0271286,0.00024141977,-0.06969845,-0.78221494,-3.3251567,0.060077816,0.01792159,0.019485468,-0.015280576,0.0,-0.015068833,-0.010884961,0.0,0.0,-0.044730693,-0.013354607,-0.011816551,-0.006744347,0.01047009,-0.09113042,0.0,0.036494516,-0.02181326,-0.07854572,-0.016258009,0.0,-0.004910699,-0.046143346,-0.032250986,-0.16354968,0.0,0.0009484194,0.0,0.0,-0.0039439844,-0.009236959,-0.34700602,-0.042443328,0.0,0.0,0.0030672103,0.005842818,-0.751954,0.0,0.0,0.0,-0.0038060301,0.004813051,-0.0071581313,-0.008520811,0.0,0.0,0.0,0.0,0.0,0.0,-0.031137533,-0.0054861456,-0.1593671,0.003377371,0.0,0.0003632445,0.0,0.0,0.0,-0.005334294,-0.065098524,-0.01878316,-0.039639026,0.06887859,0.0,-0.15751512,-0.076714754,0.12730184,-0.0013969879,0.26663238,-0.01626535,-0.0010022561,-0.039057977,-0.004670028,-0.038902517,-0.004520991,0.0050270604,-0.035165306,0.00093730603,0.035655692,-0.044798184,-0.10327469,0.19343562,-0.000548549,0.0,0.06430616,0.0,-0.026014002,-0.016078759,0.0018391407,-0.048703805,-0.49637705,-0.009148898,-0.7846638,-0.24808463
W0000029,-0.005193596,0.0,-0.030761834,-0.0022988962,-0.059203748,0.0059077805,-0.0016075228,0.006881229,-0.040622763,-0.87937486,-3.680345,0.06271779,0.019177163,-0.15662527,-0.014416139,0.0,-0.015068833,-0.010884961,0.0,0.0,-0.014339067,-0.013354607,-0.012567392,0.0021065255,0.013399251,-0.079559006,0.0,0.026432427,-0.02181326,-0.07827607,-0.016258009,0.0,-0.004910699,-0.06973484,-0.033904977,-0.16354968,0.0,0.00064800854,0.0,0.0,-0.009978283,0.0022701065,-0.35483953,-0.07064088,0.0,0.0,-0.039003044,-0.008665432,0.36505967,0.0,0.0,0.0,-0.0038060301,-0.016940145,0.007814314,-0.014242426,0.0,0.0,0.0,0.0,0.0,0.0,-0.036196228,-0.036649093,-0.16953097,-0.0069372794,0.0,0.0003632445,0.0,0.0,0.0,0.038893744,-0.052212473,-0.04272143,-0.17992081,-0.056293704,0.0,-0.16315912,-0.008328238,-0.17005458,-0.0015058166,0.31393826,0.01749261,-0.00038644386,-0.004900164,0.023933312,-0.05905044,0.0023263802,0.005137141,-0.037737165,0.00093730603,0.035655692,0.015060063,-0.115333095,0.21989493,-0.022793908,0.0,-0.08310679,0.0,-0.035549365,0.020698454,-0.0029993139,-0.031717405,-0.46988893,-0.009148898,-0.7913429,0.015931264
W0000030,-0.005193596,0.0,-0.030230567,-0.0028997571,0.03755334,0.011945502,-0.003387034,-0.000107959844,-0.077708706,-0.7672456,-3.390452,-0.010148854,-0.0019232333,0.06306911,0.015505506,0.0,-0.020208191,-0.010884961,0.0,0.0,0.053521827,-0.013354607,-0.012567392,-0.006744347,0.007291582,0.08927561,0.0,0.029054396,-0.02181326,-0.0983102,-0.016258009,0.0,-0.004910699,-0.045182608,-0.040926676,-0.16354968,0.0,0.00064800854,0.0,0.0,-0.0039439844,0.0030725633,-0.3731385,-0.06696962,0.0,0.0,0.0034466144,-0.007505075,-0.6100546,0.0,0.0,0.0,-0.0038060301,-0.01387714,0.007814314,0.020730278,0.0,0.0,0.0,0.0,0.0,0.0,-0.04616248,-0.029465904,-0.17216852,-0.0069372794,0.0,0.0003632445,0.0,0.0,0.0,-0.027131531,-0.062079072,-0.01878316,-0.051019423,0.054669,0.0,-0.15970334,-0.068943866,-0.15319732,-0.0015058166,0.27997485,-0.012423094,-0.0010022561,-0.01306203,0.0242555,-0.039792694,0.0016414542,0.0053385003,-0.03359086,0.00057699945,-0.03046313,0.015150379,0.1623106,0.34322047,0.004980544,0.0,0.07286974,0.0,-0.035549365,-0.016078759,0.0019287223,-0.041555766,-0.5003538,-0.009148898,-0.8351612,-0.24281777
W0000031,-0.005193596,0.0,-0.02239732,-0.0031064558,-0.07718502,0.01149407,-0.00012831762,0.019369448,-0.06564706,-0.8358154,-3.7907784,0.06301236,-0.009630117,0.046962157,0.015036006,0.0,0.01904458,0.010904469,0.0,0.0,-0.015000172,0.046866376,0.011471686,-0.010995619,-0.022961646,-0.07203904,0.0,0.03467314,-0.014569342,-0.103006974,-0.016258009,0.0,-0.004910699,-0.09855873,0.054147024,0.14649889,0.0,0.0004783984,0.0,0.0,0.0025782639,0.004673285,-0.5018038,-0.10308226,0.0,0.0,0.004816115,-0.021740133,0.33361727,0.0,0.0,0.0,0.0020804543,-0.014643455,-0.006987485,0.00708084,0.0,0.0,0.0,0.0,0.0,0.0,0.06398136,0.013802314,0.1646071,0.003377371,0.0,-0.010462886,0.0,0.0,0.0,0.038893744,0.06533969,-0.017543409,-0.14968225,-0.06344252,0.0,-0.17768365,0.013315605,-0.16564378,-0.009312274,-0.71237516,0.0036084927,-0.00058494485,-0.03651458,-0.015233624,-0.0104508735,0.0036182888,0.006724026,-0.028304486,0.00093730603,-0.009775031,0.02796042,0.012768932,0.25469905,-0.002744033,0.0,-0.107843354,0.0,-0.052957892,-0.016078759,0.0021407122,-0.0152905015,-0.349844,-0.009148898,0.11478716,0.040315174
W0000032,-0.005193596,0.0,-0.05323763,-0.004091753,-0.064802885,0.01746959,0.002584864,0.00047549838,-0.0590438,0.08532556,-3.3726897,-0.031792272,-0.032616917,0.03882871,-0.014416139,0.0,-0.020208191,-0.010884961,0.0,0.0,-0.016218254,-0.004518023,-0.011595988,-0.0067202495,-0.023716476,0.07945278,0.0,-0.054705627,-0.02181326,-0.081146926,-0.016258009,0.0,-0.004910699,-0.041360296,-0.040926676,0.07675401,0.0,0.0009484194,0.0,0.0,0.0025798192,-0.0068245563,-0.3980466,-0.1139761,0.0,0.0,0.0034466144,0.006500143,0.42557853,0.0,0.0,0.0,-0.0038060301,0.0067279246,-0.0071581313,-0.012755938,0.0,0.0,0.0,0.0,0.0,0.0,-0.036196228,0.013672152,-0.16116522,0.003398105,0.0,0.0003632445,0.0,0.0,0.0,-0.01741454,-0.047059264,-0.07362546,-0.120436795,-0.055269156,0.0,-0.16832311,-0.08142911,-0.17005458,-0.0042142994,0.30592588,-0.0044868262,-0.00038644386,-0.034366686,0.0023140698,-0.063811444,-0.013581199,-0.014504265,-0.03493413,0.0003778614,0.035655692,-0.04297116,0.03607667,-0.42348006,0.0026547555,0.0,0.073530614,0.0,-0.04302557,-0.016078759,0.0016836827,-0.05099695,-0.522938,-0.002720084,-0.90931076,-0.21769212
W0000033,-0.005193596,0.0,3.631157e-05,-0.018706914,-0.031565353,0.005352758,-0.01974777,0.0071235006,-0.017135136,-0.81360555,-3.266576,0.0595166,0.0176459,0.025309421,-0.015280576,0.0,-0.020208191,-0.010884961,0.0,0.0,0.053521827,-0.004518023,-0.015709344,-0.006744347,0.011202173,-0.09113042,0.0,0.033991776,-0.02181326,-0.091733724,-0.016258009,0.0,-0.004910699,-0.046143346,-0.040926676,-0.16354968,0.0,0.0009484194,0.0,0.0,-0.0039439844,-0.009236959,-0.36285958,-0.06323227,0.0,0.0,-0.018619344,-0.0076018106,-0.6255459,0.0,0.0,0.0,0.0020804543,-0.014795758,-0.0071581313,-0.007851033,0.0,0.0,0.0,0.0,0.0,0.0,-0.039954785,-0.029465904,0.119614646,-0.0069372794,0.0,0.0003632445,0.0,0.0,0.0,0.010394385,-0.065098524,-0.01878316,-0.099761926,0.064924605,0.0,-0.16124065,-0.06960878,-0.16515389,-0.0016726046,0.18480666,-0.01626535,-0.0010022561,-0.045716006,-0.021788241,-0.046006195,-0.003562016,0.0049295323,-0.031715345,0.00057699945,0.035655692,-0.04297116,-0.1247433,0.32893395,-0.000548549,0.0,-0.102909446,0.0,0.00994833,-0.016078759,0.0019287223,-0.041555766,-0.49014732,-0.009148898,-0.74013084,-0.23901667
W0000034,-0.005193596,0.0,-0.029178884,0.0014929199,0.046879448,0.0063826507,-0.0019906806,-0.00039076945,-0.06969845,-0.7729281,-3.3340743,0.031805422,0.021981414,0.04938568,-0.015280576,0.0,-0.015068833,-0.010884961,0.0,0.0,-0.04482709,-0.013354607,-0.01055101,-0.006744347,0.012102259,-0.079559006,0.0,-0.059121147,-0.02181326,-0.07386075,-0.016258009,0.0,-0.004910699,-0.07253214,-0.040926676,-0.16354968,0.0,0.00064800854,0.0,0.0,-0.009978283,0.0030725633,-0.35834685,-0.05120761,0.0,0.0,0.0035041424,0.0053286687,-0.54824936,0.0,0.0,0.0,-0.0038060301,-0.011705913,0.007814314,-0.008285031,0.0,0.0,0.0,0.0,0.0,0.0,-0.036196228,-0.029465904,-0.15212181,-0.0040095923,0.0,0.0003632445,0.0,0.0,0.0,0.04371243,-0.065098524,-0.05268377,-0.12643597,0.058140974,0.0,-0.12179403,0.03296852,-0.17005458,-0.0042142994,0.26563832,-0.017466415,-0.00038644386,-0.00040431786,-0.022937728,-0.037908603,0.0016414542,-0.007849626,-0.03006766,0.0003778614,0.035655692,-0.044798184,-0.12119129,-0.397202,-0.022793908,0.0,-0.07871278,0.0,-0.02321621,-0.016078759,-0.013114033,-0.05099695,-0.50823724,-0.009148898,-0.807939,-0.22980805
W0000035,-0.005193596,0.0,-0.030230567,-0.002592119,-0.054102745,0.008299792,-0.0016251784,-0.000107959844,-0.077708706,-0.55705446,-3.2436504,-0.074025914,-0.005905876,0.06125719,0.015505506,0.0,-0.015691405,-0.010884961,0.0,0.0,-0.044730693,-0.013354607,-0.012567392,-0.0067202495,0.011007456,-0.090922534,0.0,-0.061867952,-0.02181326,-0.08866423,-0.016258009,0.0,-0.004910699,0.06319372,-0.040926676,-0.16354968,0.0,0.00064800854,0.0,0.0,0.006526944,-0.009236959,-0.40154162,-0.115511775,0.0,0.0,0.0034253157,-0.0004988008,-0.6570089,0.0,0.0,0.0,-0.0038060301,0.0046551325,-0.0071581313,-0.0076982863,0.0,0.0,0.0,0.0,0.0,0.0,-0.042403925,0.011458234,-0.17216852,0.003377371,0.0,0.0003632445,0.0,0.0,0.0,-0.027740099,-0.062079072,-0.04456358,-0.10835775,-0.054924183,0.0,-0.1603534,0.0019097794,-0.17005458,-0.0010346852,0.28508982,-0.011807908,-0.0010022561,-0.03761027,-0.004280976,-0.03637285,-0.0059128623,0.0053385003,-0.030756138,0.00057699945,-0.03046313,0.015150379,0.053053103,0.21222846,0.0026547555,0.0,-0.0813489,0.0,-0.035549365,-0.016078759,0.0019287223,-0.041555766,-0.53580326,-0.009148898,-0.83942384,-0.23004875
W0000036,-0.0015967066,0.0,-0.04760947,-0.0044376757,-0.09402017,0.02812539,0.006616886,-0.10356297,-0.063224286,0.32650328,1.7439761,0.11690458,-0.06258203,-0.35092646,0.01684472,0.0,0.009134244,-0.010884961,0.0,0.0,0.06387185,0.00070057716,-0.0232592,-0.028934225,-0.04455363,-0.11754041,0.0,-0.21829695,-0.02181326,-0.09626898,-0.010347058,0.0,-0.0014661357,0.06566053,-0.058497414,-0.17672667,0.0,0.0026750115,0.0,0.0,-0.009978283,0.0022701065,-0.3151123,-0.14349735,0.0,0.0,0.0065574627,-0.05161545,-0.9991321,0.0,0.0,0.0,0.0033027628,0.012091609,-0.017877953,-0.010606373,0.0,0.0,0.0,0.0,0.0,0.0,-0.030739248,-0.0054861456,0.14684227,0.003398105,0.0,0.00071129086,0.0,0.0,0.0,-0.057086006,-0.10941509,-0.062091228,-0.18689546,-0.07462436,0.0,-0.1676722,-0.03216874,0.1565252,-0.016323712,-0.38756675,-0.0111636855,-0.0020473734,-0.0622454,0.012721455,-0.09064749,0.0023931265,0.0073674433,0.042942643,-0.004460129,-0.030026715,-0.07099766,0.067674406,-0.6164064,0.0039706314,0.0,0.082623556,0.0,0.01704766,0.01600558,0.0037637358,-0.10212691,-0.59649235,-0.002720084,-1.6096988,-0.48815423
W0000037,-0.005193596,0.0,-0.02239732,-0.0038730418,-0.0626678,0.015795957,-0.00015866151,-0.0048963726,-0.07209194,-0.91601795,-3.680767,-0.0066530937,-0.022268359,0.04778964,0.014705296,0.0,-0.020208191,0.010904469,0.0,0.0,-0.025618372,-0.004518023,0.011158638,0.0016317765,-0.05171065,-0.0788388,0.0,-0.09266284,0.019999173,-0.08488996,-0.016258009,0.0,-0.004910699,0.059426308,0.041890994,0.15780091,0.0,-0.006672401,0.0,0.0,0.006526944,0.004673285,-0.37778968,-0.15024239,0.0,0.0,0.0049260035,-0.0050224364,0.36157858,0.0,0.0,0.0,-0.0038060301,-0.013922695,-0.006987485,-0.007453545,0.0,0.0,0.0,0.0,0.0,0.0,-0.0034984294,0.017670471,-0.15212181,0.0019520449,0.0,0.00056099845,0.0,0.0,0.0,-0.025547964,-0.04752837,-0.0627084,-0.18040523,-0.0644247,0.0,0.17882979,-0.052030317,-0.1590879,-0.0034929616,0.33729267,-0.0062892027,-0.00058494485,-0.018585343,-0.02958139,-0.075933285,-0.006167148,-0.020342443,-0.02145985,0.0005174588,-0.0017585903,-0.03365983,0.15990344,-0.4574482,0.004980544,0.0,0.07745673,0.0,-0.071613535,0.020698454,0.0018705182,-0.030469846,-0.4165764,-0.009148898,0.18502322,0.037421875
W0000038,-0.005193596,0.0,-0.030230567,0.0012402661,0.03790861,0.006403228,-0.0016251784,0.007820763,-0.070990846,-0.84406924,-2.9405377,0.0595166,-0.005234371,0.011024094,-0.015280576,0.0,0.01904458,0.010904469,0.0,0.0,0.053457595,-0.004518023,-0.011595988,-0.021260915,0.011007456,-0.083844796,0.0,0.033746485,-0.02181326,-0.085723385,-0.016258009,0.0,-0.004910699,-0.045182608,-0.040926676,-0.16681083,0.0,0.0009484194,0.0,0.0,0.0015274035,-0.0068245563,-0.37733537,-0.09132898,0.0,0.0,-0.024406955,-0.016304627,-0.59957373,0.0,0.0,0.0,0.0020804543,0.005973419,-0.0071581313,-0.014364039,0.0,0.0,0.0,0.0,0.0,0.0,-0.030539613,0.008386426,-0.03835322,0.0019520449,0.0,0.0003632445,0.0,0.0,0.0,-0.027131531,-0.065098524,-0.044457477,-0.07025571,-0.059470236,0.0,-0.15596049,-0.062308744,-0.1732642,-0.0042142994,-0.5288982,-0.012423094,-0.0010022561,-0.035341807,-0.0046031643,-0.063643835,-0.0046836943,0.0042169206,-0.031034892,0.0003778614,-0.001631124,-0.04297116,-0.013783768,-0.4031702,-0.0059473384,0.0,-0.08353352,0.0,-0.04302557,-0.025540344,0.0019287223,-0.05099695,-0.50281066,-0.009148898,-0.75056773,-0.17920622
W0000039,-0.005193596,0.0,-0.002412037,-0.027784463,0.043991715,-0.10024668,-0.013946617,0.008958951,-0.046735708,-1.0559582,-4.007525,0.062156573,0.023898441,0.06041898,-0.014773394,0.0,-0.020208191,-0.010884961,0.0,0.0,0.00016223267,-0.004518023,-0.00791845,-0.012754429,-0.020609744,-0.0788388,0.0,-0.09736234,0.031219225,-0.103366345,0.028596843,0.0,-0.004910699,0.0597099,-0.030909847,0.16474268,0.0,0.00064800854,0.0,0.0,0.0025798192,0.0075859367,-0.47601327,-0.14867967,0.0,0.0,0.004600008,-0.009307382,0.34728467,0.0,0.0,0.0,0.0020804543,0.007346127,-0.006987485,-0.0075555514,0.0,0.0,0.0,0.0,0.0,0.0,-0.030342307,0.013672152,0.10681321,0.003377371,0.0,0.00056099845,0.0,0.0,0.0,-0.025547964,0.06512083,-0.06284054,-0.15652162,0.063173935,0.0,-0.17197382,-0.07926302,0.13525514,-0.0066333925,0.32383227,0.0012678755,-0.00038644386,-0.052318834,-0.015959932,-0.075933285,-0.014956588,-0.027483257,0.026420888,0.00093730603,-0.030590596,0.021274664,0.13270682,0.36153203,0.004980544,0.0,-0.06153073,0.0,-0.054992415,-0.016078759,0.0020849817,-0.035667486,-0.41301927,-0.009148898,0.117540136,0.053240895
W0000040,-0.0015967066,0.0,0.004200058,-0.08138272,-0.060543932,-0.1067739,-0.049208827,-0.16505767,-0.07546214,0.36918747,2.172274,-0.118598916,-0.052992553,0.063108146,0.01684472,0.0,0.028676864,0.010904469,0.0,0.0,0.06508993,0.015108577,-0.04257104,0.012418347,-0.03786492,-0.116820194,0.0,0.069632165,-0.014569342,0.07030004,-0.010347058,0.0,-0.0014661357,0.06511691,0.044559628,0.08178113,0.0,0.0011485482,0.0,0.0,-0.0023350685,-0.02280538,0.48445624,0.144513,0.0,0.0,-0.055849433,-0.046703085,-1.1184486,0.0,0.0,0.0,0.00968484,0.01624395,-0.002682825,0.0019041277,0.0,0.0,0.0,0.0,0.0,0.0,0.07056649,0.010216362,0.18727373,0.009046914,0.0,0.0007141389,0.0,0.0,0.0,-0.021189496,-0.1145683,0.040918946,-0.14978617,0.084978096,0.0,0.19331643,-0.09605362,0.13000804,-0.000521732,-0.9178921,-0.007819064,-0.0020473734,-0.015946731,0.022524748,0.06363748,0.004392674,-0.021830402,-0.008958789,0.0026562288,-0.019312968,0.03276161,-0.122243375,0.52270466,-0.001428158,0.0,-0.0068953577,0.0,-0.022650335,-0.014220053,0.007734093,0.035431433,-0.43154222,-0.002720084,0.19865546,0.08177724
W0000041,-0.005193596,0.0,-0.018313192,-0.028578442,-0.04074859,0.01107285,-0.021603066,-0.005708326,-0.07809679,-0.96403646,-3.6482768,0.06271779,0.018319964,0.04982976,0.015036006,0.0,-0.015068833,-0.010884961,0.0,0.0,-0.0017250786,-0.013354607,-0.0065768547,-0.006744347,0.0045637167,-0.083735295,0.0,0.02579322,-0.02181326,-0.08424657,-0.016258009,0.0,-0.004910699,0.05874917,-0.044139482,-0.16479678,0.0,-0.009038018,0.0,0.0,-0.0039439844,-0.014049161,-0.41521898,-0.09494456,0.0,0.0,-0.034681268,-0.006833845,0.34949613,0.0,0.0,0.0,-0.0038060301,-0.019708265,0.00798496,-0.008263909,0.0,0.0,0.0,0.0,0.0,0.0,-0.031137533,-0.036649093,-0.15212181,-0.0040095923,0.0,0.00056099845,0.0,0.0,0.0,-0.025547964,0.074798994,-0.06573772,-0.18922283,-0.057140935,0.0,-0.17023276,-0.076575406,0.13051146,-0.009706093,0.31555945,0.018128535,-0.00038644386,0.013463783,0.025308812,-0.068436086,-0.006306808,-0.028403476,-0.024475,0.0003778614,0.035655692,-0.038827285,-0.114346765,-0.40750238,0.0026547555,0.0,-0.000166527,0.0,-0.082552224,0.020698454,0.0020849817,-0.05391258,-0.48839778,-0.009148898,0.12239015,-0.14959878
W0000042,-0.005193596,0.0,0.013700802,-0.016197065,0.04347185,-0.05682189,-0.0271286,0.007915961,-0.001767423,-0.8195737,-3.527944,0.05690042,0.02629337,-0.18889785,0.017009752,0.0,-0.015068833,-0.010884961,0.0,0.0,-0.056844108,-0.004518023,-0.0038112206,-0.014588696,-0.019985083,-0.09113042,0.0,0.03808474,0.031219225,0.027409848,-0.016258009,0.0,-0.004910699,0.057553113,-0.027697042,0.15904802,0.0,0.00064800854,0.0,0.0,0.0025798192,-0.0068245563,-0.3629347,0.048613008,0.0,0.0,0.0043124873,0.005842818,-0.76306826,0.0,0.0,0.0,-0.0038060301,-0.01064095,-0.0071581313,0.013888423,0.0,0.0,0.0,0.0,0.0,0.0,-0.036196228,0.012246649,-0.16022378,0.0019520449,0.0,-0.010462886,0.0,0.0,0.0,-0.020265544,0.08311522,-0.044294085,-0.06688078,-0.059470236,0.0,-0.16329972,-0.0861764,-0.1732642,-0.004576602,0.23395598,-0.004914386,-0.0021497128,0.005905804,-0.0030408516,0.022861501,-0.0149455555,-0.00028572418,-0.020325828,0.0005174588,0.035655692,-0.037429895,-0.11357777,-0.45957103,-0.022793908,0.0,0.06332483,0.0,-0.04030291,-0.016078759,0.0028726715,-0.03508182,-0.40770593,-0.009148898,-0.54602224,0.04570099
W0000043,-0.0015967066,0.0,-0.04760947,-0.0044376757,0.05846855,0.030538112,0.006616886,0.033135287,-0.07479514,0.27722362,1.8696401,-0.21103549,-0.12058302,-0.11171992,-0.02378431,0.0,-0.014842044,-0.010884961,0.0,0.0,-0.057731807,0.004638333,-0.018335734,-0.077976964,-0.04421094,-0.12530977,0.0,0.03725087,-0.02181326,-0.12893428,-0.010347058,0.0,-0.0014661357,-0.11533367,-0.05733344,-0.17346552,0.0,0.0011485482,0.0,0.0,-0.0039439844,-0.0068245563,-0.41751918,-0.093755886,0.0,0.0,0.008897172,-0.01385493,-1.2226058,0.0,0.0,0.0,-0.0060421485,-0.028149568,-0.017877953,-0.00015034457,0.0,0.0,0.0,0.0,0.0,0.0,-0.035797942,0.015456553,-0.17396665,0.003398105,0.0,0.00071129086,0.0,0.0,0.0,0.067826696,-0.057968184,-0.048354838,0.15708667,-0.058893137,0.0,0.17618185,-0.108585514,-0.18670851,-0.015341748,0.30779108,-0.0111636855,-0.0020473734,-0.030209865,0.015785672,-0.060630176,0.0028821304,-0.0011077984,0.045686103,-0.0072187465,-0.02881604,0.0024914187,0.040291384,-0.6040392,-0.0015619006,0.0,-0.02486802,0.0,-0.035315517,0.01600558,-0.049292896,-0.10985101,-0.5207377,-0.002720084,-1.5368216,-0.51517254
W0000044,-0.0015967066,0.0,-0.03234946,-0.062001776,0.088018134,-0.15111671,-0.033761837,-0.1755421,-0.027941484,-1.0286442,1.5731403,0.06057203,0.05642726,-0.25498307,-0.008198857,0.0,0.009134244,0.010904469,0.0,0.0,0.054471735,0.015108577,-0.028017184,0.00060565304,-0.13375236,0.07488345,0.0,-0.14227875,0.019999173,-0.09435659,0.028596843,0.0,-0.0014661357,0.06173431,0.013399998,0.16805845,0.0,-0.010447072,0.0,0.0,0.0025782639,0.004673285,-0.58678705,-0.2181032,0.0,0.0,0.00557106,0.045708925,-0.8575054,0.0,0.0,0.0,0.0033027628,-0.04821203,-0.018059753,-0.023916297,0.0,0.0,0.0,0.0,0.0,0.0,0.06493073,0.0091748405,0.09658608,0.0019520449,0.0,0.0007141389,0.0,0.0,0.0,-0.06360582,-0.10530176,-0.059569675,-0.27007413,-0.08177318,0.0,-0.17923997,-0.021358619,-0.17908809,-0.026159069,-0.80179834,0.00419038,-0.00746914,-0.05308516,-0.03772018,0.069037616,0.0020598213,0.008003216,-0.09383019,0.0009225488,-0.009726485,-0.032162078,-0.12371166,-0.6517994,0.006179031,0.0,0.08605309,0.0,0.051508956,0.01600558,-0.0495338,-0.038233813,0.70940834,0.07134915,0.14407575,0.036670066
W0000045,-0.005193596,0.0,-0.002412037,0.0028278944,0.03424684,-0.11154697,-0.00012831762,0.009432055,-0.047856506,-1.0342559,-3.4520483,0.062156573,0.021983374,0.050775416,0.015036006,0.0,-0.020208191,0.010904469,0.0,0.0,-0.016218254,-0.004518023,-0.0065768547,-0.007219096,-0.052823648,0.07352318,0.0,-0.091309145,-0.02181326,-0.07510844,-0.016258009,0.0,-0.004910699,-0.04517574,-0.044139482,-0.17609881,0.0,-0.009038018,0.0,0.0,-0.0023350685,-0.02280538,-0.41355038,-0.08394523,0.0,0.0,0.0031433955,-0.021740133,0.33619863,0.0,0.0,0.0,0.0020804543,-0.01423613,-0.006987485,0.006573799,0.0,0.0,0.0,0.0,0.0,0.0,0.0015602652,0.0148438355,-0.03835322,0.0019520449,0.0,-0.010462886,0.0,0.0,0.0,-0.025547964,0.06533969,-0.065721676,-0.17938164,-0.04959622,0.0,0.16647264,-0.039951183,0.13051146,-0.0104269795,-0.7243724,0.018128535,-0.00038644386,0.007275433,0.025389062,-0.0104508735,-0.015223706,-0.027740851,-0.024825944,0.0005174588,0.035453632,-0.038827285,0.054801114,-0.39733878,-0.002744033,0.0,0.08041042,0.0,-0.082552224,-0.016078759,0.0020849817,-0.052712087,-0.42718834,-0.009148898,0.114056736,-0.17435433
W0000046,-0.005193596,0.0,-0.030230567,-0.002592119,-0.06115515,0.0076346043,-0.0017368491,-0.0024564825,-0.07624377,-0.53200525,-3.3039773,-0.058386803,-0.016230002,-0.18727484,-0.015280576,0.0,-0.026988294,-0.010884961,0.0,0.0,0.010335175,-0.004518023,-0.01609853,-0.0067202495,-0.009672742,-0.093897305,0.0,0.02727596,-0.02181326,0.023392977,-0.016258009,0.0,-0.004910699,-0.085058026,-0.03895516,-0.17346552,0.0,0.0009484194,0.0,0.0,-0.0039439844,-0.009236959,0.3179087,0.07578729,0.0,0.0,0.0034466144,0.004029788,-0.74479467,0.0,0.0,0.0,0.003985507,0.005815501,-0.0029132469,-0.014364039,0.0,0.0,0.0,0.0,0.0,0.0,-0.030539613,0.011458234,0.14257298,0.0019520449,0.0,0.0003632445,0.0,0.0,0.0,-0.020265544,-0.059945315,-0.044299915,-0.1017454,0.05346087,0.0,-0.1676554,-0.07706754,-0.17005458,-0.010353383,0.26959455,-0.017454183,-0.0010022561,0.0073400885,-0.019714303,-0.020130176,-0.005750159,0.0042169206,-0.007983686,-0.0029566854,-0.001631124,-0.037429895,0.047329925,-0.42359242,0.0053460044,0.0,-0.079707816,0.0,-0.02219723,-0.016078759,0.0021913787,-0.04727631,-0.4671993,-0.009148898,-0.81534886,-0.25168407
W0000047,-0.005193596,0.0,-0.034434877,-0.009142209,0.029754037,0.007778372,-0.003387034,-0.00025704456,-0.07139928,-0.86859703,-3.3112402,-0.0069476664,-0.0028812839,0.053144813,0.014705296,0.0,-0.015068833,-0.010884961,0.0,0.0,-0.012843851,-0.013354607,-0.012567392,-0.009872633,0.008975159,0.07968998,0.0,0.027554829,-0.02181326,-0.10379848,-0.016258009,0.0,-0.004910699,0.05921509,-0.040926676,-0.16681083,0.0,0.00064800854,0.0,0.0,-0.0023350685,0.0030725633,-0.3867922,-0.040939815,0.0,0.0,0.002804188,-0.019434122,0.32626182,0.0,0.0,0.0,-0.0038060301,-0.01930957,0.007814314,-0.008673299,0.0,0.0,0.0,0.0,0.0,0.0,-0.04616248,0.00061996747,-0.1593671,-0.0069372794,0.0,0.0003632445,0.0,0.0,0.0,-0.025547964,-0.04752837,-0.065721676,-0.13979462,0.05887008,0.0,0.17115554,-0.06061431,-0.164164,-0.0015058166,-0.67968786,-0.0107190125,0.0003996393,-0.029442804,-0.025573632,-0.0658806,-0.015223706,-0.014624445,-0.030041654,0.00057699945,-0.03046313,-0.04297116,0.056740336,0.33581477,-0.002744033,0.0,-0.104501516,0.0,-0.035549365,-0.016078759,0.0016836827,-0.041555766,-0.48326716,-0.009148898,-0.7588454,-0.21064006
W0000048,-0.005193596,0.0,-0.029054724,-0.0018234059,0.045314148,0.0055253645,-0.0016075228,0.01632835,-0.007926977,-0.8217979,-3.045051,0.0595166,0.017229533,-0.06909368,0.015505506,0.0,0.01904458,-0.010884961,0.0,0.0,0.053521827,-0.013354607,-0.016406981,-0.0026584785,0.011370178,-0.093951695,0.0,0.033827312,-0.02181326,-0.08202383,-0.016258009,0.0,-0.004910699,-0.046143346,-0.040926676,0.07675401,0.0,0.00064800854,0.0,0.0,0.0025798192,0.0030725633,-0.40862155,-0.10976071,0.0,0.0,-0.025764477,-0.007505075,-0.6182637,0.0,0.0,0.0,0.0020804543,-0.01387714,-0.0071581313,-0.008603588,0.0,0.0,0.0,0.0,0.0,0.0,-0.036196228,-0.029465904,0.15831573,-0.0040095923,0.0,0.0003632445,0.0,0.0,0.0,-0.027740099,-0.06723228,-0.044428337,-0.13474146,0.054669,0.0,-0.16124065,-0.08549439,-0.1732642,-0.004685431,0.26108593,-0.017694203,-0.0010022561,0.018963765,-0.014588746,-0.034526832,0.0016184108,-0.015544665,-0.030223288,0.0005174588,-0.001631124,0.023816545,-0.11770467,-0.39124385,-0.014277047,0.0,-0.098344386,0.0,-0.04030291,-0.035245765,0.0016836827,-0.05099695,-0.42456734,-0.009148898,-0.7484193,-0.1812991
W0000049,-0.005193596,0.0,0.0006688796,-0.019475443,0.04941199,-0.08022861,-0.01711067,0.0010533738,-0.07236461,-0.8085424,-3.2159479,0.060077816,0.020617254,0.0169712,0.017009752,0.0,-0.015068833,-0.010884961,0.0,0.0,-0.047443993,-0.004518023,-0.010242557,-0.009872633,0.011859709,0.08245996,0.0,-0.06325653,-0.02181326,-0.070355855,-0.016258009,0.0,-0.004910699,-0.045182608,-0.040926676,-0.16681083,0.0,0.0009484194,0.0,0.0,-0.003941606,-0.009236959,-0.35437658,-0.049157336,0.0,0.0,0.0026874421,0.014339207,-0.60024875,0.0,0.0,0.0,-0.0038060301,-0.01064095,-0.0071581313,-0.008437777,0.0,0.0,0.0,0.0,0.0,0.0,-0.03734523,0.008386426,-0.15212181,0.0019520449,0.0,0.0003632445,0.0,0.0,0.0,0.04371243,0.07365592,-0.049738742,-0.16756022,0.056932848,0.0,-0.15527765,-0.0151595995,0.14814846,-0.010353383,-0.5652498,-0.012423094,-0.0010022561,-0.021657275,-0.022482207,-0.044271696,-0.004520991,0.00410684,0.018426612,-0.0029566854,-0.03046313,-0.044798184,0.04739552,-0.3873389,-0.002744033,0.0,0.009668064,0.0,-0.02321621,-0.025540344,0.0018391407,-0.064485416,-0.4995234,-0.009148898,-0.72649145,-0.18975103
W0000050,-0.005193596,0.0,-0.034559038,-0.0044968026,-0.065606475,0.006405698,-0.0034046895,0.00047549838,-0.056603767,-0.9228406,-3.440171,0.062156573,0.008738483,0.0351662,-0.014416139,0.0,-0.020208191,0.010904469,0.0,0.0,-0.013504954,-0.004518023,0.017362336,-0.0026584785,-0.023716476,0.04445048,0.0,-0.056264922,0.031219225,-0.08771968,-0.016258009,0.0,-0.004910699,-0.07798421,-0.03471874,0.042616006,0.0,0.0004783984,0.0,0.0,0.0025782639,0.0022701065,-0.3611693,-0.11585998,0.0,0.0,0.0029415162,0.01680956,0.32073003,0.0,0.0,0.0,-0.0038060301,-0.008726077,-0.0071581313,-0.014364039,0.0,0.0,0.0,0.0,0.0,0.0,-0.030342307,0.010600343,-0.1593671,0.003377371,0.0,0.0003632445,0.0,0.0,0.0,0.038893744,-0.047059264,-0.017933121,-0.17613402,-0.056293704,0.0,-0.16518092,0.020501293,0.13640206,-0.0010346852,-0.68675315,-0.020536523,-0.00038644386,0.009509966,-0.014210335,-0.091026425,-0.012515012,-0.0049677705,0.019098088,-0.004514899,-0.03046313,-0.043061476,0.014003346,0.32489294,-0.002744033,0.0,-0.09042436,0.0,-0.026347041,-0.016078759,-0.0029993139,-0.05504423,-0.4831195,-0.009148898,-0.7380228,-0.11434494
W0000051,-0.005193596,0.0,-0.034559038,-0.0044968026,-0.073725566,0.007801875,-0.003387034,-0.015360277,-0.060047135,-0.6625237,-3.536271,-0.06550713,-0.0021711187,-0.0074604256,-0.014416139,0.0,-0.025486521,-0.010884961,0.0,0.0,-0.013504954,-0.004518023,-0.0122589385,-0.019495483,-0.023593787,0.07139015,0.0,-0.09498212,-0.02181326,0.032188207,-0.016258009,0.0,-0.004910699,0.06319372,-0.03895516,0.051329963,0.0,0.0009484194,0.0,0.0,-0.0023350685,-0.009236959,0.30885375,0.0629849,0.0,0.0,-0.01850576,-0.02190766,0.34700096,0.0,0.0,0.0,-0.007291176,-0.009446837,-0.0029132469,-0.008285031,0.0,0.0,0.0,0.0,0.0,0.0,-0.035401005,0.010600343,-0.18290806,0.003377371,0.0,0.0003632445,0.0,0.0,0.0,-0.018681977,-0.047059264,-0.04303785,-0.13390395,-0.050723102,0.0,-0.16006826,-0.058715753,-0.164164,-0.0016127307,-0.64438844,-0.010103827,-0.00038644386,0.0019286701,-0.001940981,-0.08004838,0.003641332,0.0053385003,-0.005791519,-0.004514899,-0.030590596,0.025958583,0.034904942,0.3421666,-5.278457e-05,0.0,-0.092292555,0.0,-0.017443685,-0.035245765,0.0021913787,-0.037407413,-0.4402601,-0.009148898,-0.86596197,-0.2343523
W0000052,-0.005193596,0.0,-0.029178884,-0.0038136193,-0.061088193,0.0057380395,-0.0016075228,0.00048114778,-0.06969845,-0.82217973,-3.1735408,0.060077816,0.011681494,0.058629595,0.015505506,0.0,-0.015068833,-0.010884961,0.0,0.0,-0.044730693,-0.013354607,-0.012078447,-0.006744347,0.011370178,0.090474665,0.0,0.03488821,-0.014569342,-0.07740278,-0.016258009,0.0,-0.004910699,-0.046143346,0.06342879,-0.16354968,0.0,-0.009038018,0.0,0.0,-0.0039439844,-0.009236959,-0.37177852,-0.079979226,0.0,0.0,-0.025764477,-0.008490303,-0.6827033,0.0,0.0,0.0,-0.0038060301,0.0043680486,-0.0071581313,0.011777031,0.0,0.0,0.0,0.0,0.0,0.0,-0.036196228,-0.0054861456,-0.1593671,0.003377371,0.0,-0.006774679,0.0,0.0,0.0,-0.027131531,-0.06723228,-0.049896304,-0.089228734,0.05346087,0.0,-0.15970334,-0.0678634,-0.1732642,-0.004685431,0.26905274,-0.012700345,-0.0010022561,-0.045716006,0.023933312,-0.029188614,0.0012670743,0.00441828,-0.031049326,0.00057699945,0.035655692,-0.04297116,-0.12006048,-0.13602927,-0.022793908,0.0,-0.00032713916,0.0,-0.04302557,-0.016078759,0.0019287223,-0.05099695,-0.51724917,-0.009148898,-0.775135,-0.20731096
W0000053,-0.005193596,0.0,-0.070204996,-0.0041533043,-0.11164375,0.006965417,-0.0016589309,-0.00033645565,-0.07060233,-0.7791468,-0.44639054,0.034445394,-0.045419425,-0.0018257182,-0.014734199,0.0,-0.015068833,-0.010884961,0.0,0.0,-0.016175983,-0.013354607,-0.024699794,-0.03035746,0.019093506,-0.07477397,0.0,0.036661766,-0.02181326,-0.16551985,-0.016258009,0.0,-0.004910699,0.05948072,-0.069392495,-0.15794854,0.0,0.00064800854,0.0,0.0,-0.0023350685,0.0022701065,-0.42947686,-0.16198766,0.0,0.0,-0.03509474,-0.05147574,0.45230794,0.0,0.0,0.0,-0.0060421485,-0.038207676,0.019132175,-0.0069870986,0.0,0.0,0.0,0.0,0.0,0.0,-0.045054328,-0.03076023,-0.16492324,-0.0040095923,0.0,0.0003632445,0.0,0.0,0.0,-0.026442489,-0.057142384,-0.08716955,0.047937408,-0.05928629,0.0,-0.17950383,-0.031636283,-0.20748866,0.040734842,-0.7569647,-0.010103827,-0.0005672409,0.04229069,-0.014118431,-0.10203979,-0.013538526,-0.02055343,-0.1349543,0.00057,-0.03046313,0.039599735,-0.12602282,-0.46996233,-0.015052976,0.0,-0.14253685,0.0,-0.02321621,-0.025540344,0.0031469516,0.02128145,-0.53833044,-0.009148898,-1.025292,-0.3447584
W0000054,-0.005193596,0.0,-0.020027151,-0.0030072448,-0.054745357,0.012735033,-0.0019078285,-0.0037779026,-0.072539076,-0.9925585,-4.0280743,0.05690042,0.01884052,0.024839032,0.015505506,0.0,-0.015068833,-0.010884961,0.0,0.0,-0.038908333,-0.013354607,-0.00791845,0.0021065255,0.007232661,0.057700783,0.0,0.032353714,-0.02181326,-0.09464142,-0.016258009,0.0,-0.004910699,-0.04580485,-0.037117783,0.08436919,0.0,0.00064800854,0.0,0.0,-0.0039439844,-0.0067900475,-0.41809356,0.032036282,0.0,0.0,0.0054422775,-0.008322776,-0.68708944,0.0,0.0,0.0,-0.0038060301,0.0046215537,0.00798496,0.020048982,0.0,0.0,0.0,0.0,0.0,0.0,-0.04616248,-0.0054861456,-0.18290806,0.003377371,0.0,0.00056099845,0.0,0.0,0.0,-0.020874113,-0.06723228,-0.057144906,-0.096456245,-0.059458066,0.0,-0.16005526,-0.082918674,-0.17298895,-0.009312274,0.28925866,-0.006336812,-0.0021497128,-0.04570687,0.02731569,-0.038668077,-0.003235363,0.0071328133,-0.086701214,0.00093730603,-0.030590259,0.021274664,-0.13749711,0.31721658,0.0026547555,0.0,0.07526273,0.0,-0.054992415,-0.016078759,0.0026100148,0.03075559,-0.3927319,-0.009148898,0.112493,0.05738242
W0000055,-0.005193596,0.0,0.003783389,-0.0147355925,-0.071527004,-0.08620967,-0.016981345,0.018299093,-0.0027480507,-0.91217387,-3.3223054,0.062156573,0.026204333,0.019817699,0.015036006,0.0,0.01904458,0.010904469,0.0,0.0,-0.013504954,-0.004518023,-0.0035027675,-0.006744347,-0.009491169,-0.072481275,0.0,0.03493352,-0.02181326,-0.07794189,-0.016258009,0.0,-0.004910699,-0.046143346,-0.040926676,0.07349286,0.0,0.0009484194,0.0,0.0,0.0025798192,-0.009236959,-0.4085879,-0.0875471,0.0,0.0,-0.023692103,-0.02190766,0.31726897,0.0,0.0,0.0,0.0020804543,-0.00903951,-0.0071581313,0.013971457,0.0,0.0,0.0,0.0,0.0,0.0,0.06398136,0.016874123,0.14708345,0.0019520449,0.0,-0.006774679,0.0,0.0,0.0,0.04371243,-0.046242155,-0.052380867,-0.17666017,0.056932848,0.0,-0.16804451,-0.061235145,-0.16564378,-0.004685431,-0.32104135,-0.0107190125,-0.00038644386,-0.034854848,-0.0047892355,-0.01574349,0.0018370238,0.00410684,-0.035609275,-0.0029566854,0.027638912,-0.0583387,-0.119775556,-0.37156716,-0.022793908,0.0,0.064155206,0.0,-0.04030291,-0.016078759,0.0019287223,-0.05099695,-0.4419042,-0.009148898,-0.71011835,-0.20306279
W0000056,-0.0015967066,0.0,-0.015156531,-0.0045924503,-0.055984788,0.04006035,0.005642886,0.014792422,0.070719644,0.42034915,2.5535069,-0.118355624,-0.109012716,0.13920823,-0.015255883,0.0,-0.02764781,-0.010884961,0.0,0.0,0.054506294,-0.01766783,0.00097216817,0.0065593505,0.033416994,0.086886585,0.0,0.001898218,-0.02181326,0.0954945,-0.010347058,0.0,-0.0014661357,-0.11698038,-0.030622762,-0.14065158,0.0,0.0026750115,0.0,0.0,-0.009978283,-0.02280538,0.4295491,0.11559127,0.0,0.0,0.014091783,-0.011224009,-0.7562522,0.0,0.0,0.0,0.00968484,-0.025064614,-0.002682825,0.004789417,0.0,0.0,0.0,0.0,0.0,0.0,-0.058380395,-0.032023966,-0.14732054,-0.018582787,0.0,0.0016667963,0.0,0.0,0.0,-0.021189496,0.10140537,0.034987774,-0.10065903,0.084978096,0.0,-0.15111983,0.07182683,-0.16437584,-0.0007105544,0.39088833,0.0007962482,-0.00746914,-0.018945321,-0.06568044,0.004885891,-0.004743791,0.019779267,-0.010640988,-0.020784438,-0.016959334,-0.027011324,0.16972008,0.66124487,0.005427352,0.0,0.08516043,0.0,-0.024684863,0.01600558,0.007734093,0.027657093,0.39947957,-0.002720084,0.25964937,0.10582002
W0000057,-0.0015967066,0.0,-0.06388455,-0.0037482549,-0.07414755,0.018385883,-0.0005875613,0.015097255,-0.073116064,0.35288706,0.943682,-0.02503097,-0.007020369,0.045916,-0.014734199,0.0,-0.020208191,-0.010884961,0.0,0.0,0.013250569,-0.01766783,-0.018166218,-0.023506533,-0.00012049079,-0.08297621,0.0,-0.06099365,-0.02181326,-0.18777178,-0.016258009,0.0,-0.0014661357,-0.03565193,-0.069392495,-0.16354968,0.0,0.00113848,0.0,0.0,0.0025798192,-0.009236959,-0.63551426,-0.22200614,0.0,0.0,-0.04365185,-0.0142403245,0.50354975,0.0,0.0,0.0,-0.0060421485,-0.038285132,0.019132175,0.00096937455,0.0,0.0,0.0,0.0,0.0,0.0,-0.058380395,-0.036649093,-0.16841051,-0.018582787,0.0,0.00071129086,0.0,0.0,0.0,-0.049394682,-0.051989175,0.044032805,-0.2793125,0.05565155,0.0,-0.050973844,-0.12427328,-0.1675075,-0.0018378154,0.28547373,-0.029290203,-0.0005672409,-0.06868097,-0.010326409,-0.06822906,0.003684004,0.01133042,-0.10630201,0.0010729174,-0.02881604,-0.05563012,0.010176817,0.44657123,-0.009067347,0.0,-0.1055309,0.0,-0.026014002,-0.016078759,0.0037637358,-0.06346026,-0.62292063,-0.002720084,-1.5405488,-0.4465061
W0000058,-0.005193596,0.0,-0.02239732,-0.004151241,0.043936856,0.012899789,-0.002718827,0.019369448,-0.0010993592,-0.9972215,-4.0637164,0.06053605,0.004558839,-0.16877589,-0.014773394,0.0,0.01904458,0.010904469,0.0,0.0,-0.015000172,-0.004518023,-0.01190686,0.0021065255,-0.022961646,-0.03027262,0.0,0.028170325,0.031219225,-0.10237691,0.028596843,0.0,-0.004910699,-0.045448683,-0.030909847,0.15035874,0.0,-0.009038018,0.0,0.0,0.006526944,0.004673285,-0.510671,-0.15044,0.0,0.0,0.0054261354,0.0061597796,0.37140405,0.0,0.0,0.0,0.0020804543,-0.013922695,-0.006987485,0.00708084,0.0,0.0,0.0,0.0,0.0,0.0,0.06532767,0.016874123,0.16303699,0.003377371,0.0,-0.010462886,0.0,0.0,0.0,0.038893744,0.06512083,-0.0627084,-0.14968376,-0.06344252,0.0,-0.1766475,0.0054182503,-0.16437861,-0.008326908,0.296943,-0.008549634,-0.00058494485,-0.05092471,-0.0024773288,0.04505774,0.0025156173,-0.025549373,-0.028304486,0.00093730603,0.027511783,0.029940829,0.011922453,0.44853443,0.0026547555,0.0,-0.008153336,0.0,-0.052957892,-0.016078759,0.0021407122,0.017878234,-0.3671572,-0.009148898,0.12160049,0.053715967
W0000059,-0.005193596,0.0,-0.030230567,-0.002592119,-0.035740837,0.006235958,-0.0016251784,0.0014012568,-0.06969845,-0.839117,-3.2276087,0.060077816,0.016374301,0.059579395,0.015505506,0.0,-0.015068833,-0.010884961,0.0,0.0,-0.044730693,-0.004518023,-0.011595988,-0.006744347,0.011007456,-0.027482757,0.0,0.03488821,-0.014569342,-0.07740278,-0.016258009,0.0,-0.004910699,-0.046143346,0.06342879,-0.16354968,0.0,0.0009484194,0.0,0.0,-0.0039439844,0.0030725633,-0.34832352,-0.06060745,0.0,0.0,0.0034466144,0.005646281,-0.6738514,0.0,0.0,0.0,-0.0038060301,-0.010798869,-0.0071581313,-0.012755938,0.0,0.0,0.0,0.0,0.0,0.0,-0.030539613,0.011458234,-0.1593671,0.003377371,0.0,0.0003632445,0.0,0.0,0.0,-0.027740099,-0.06723228,-0.044299915,-0.15407266,0.054669,0.0,-0.1676554,-0.0755957,-0.1732642,-0.0042142994,0.27104855,-0.012700345,-0.0010022561,-0.027786199,-0.014210335,-0.029188614,-0.004520991,-0.015427859,-0.030591398,0.00057699945,0.035655692,-0.04297116,-0.115453154,-0.14344443,0.0026547555,0.0,-0.08873924,0.0,-0.04302557,-0.016078759,0.0016836827,-0.05099695,-0.51676536,-0.009148898,-0.7929006,-0.22445193
W0000060,-0.005193596,0.0,-0.05323763,-0.02296387,0.047053434,-0.07126453,-0.035112947,0.0074160225,-0.07130492,0.093816765,-3.22167,0.12826584,0.03316585,0.05702111,0.014705296,0.0,-0.020208191,-0.010884961,0.0,0.0,0.009910832,-0.013354607,-0.011904441,-0.0067202495,0.005243938,-0.07360579,0.0,0.0297362,-0.014569342,-0.087723404,-0.016258009,0.0,-0.004910699,0.059390023,0.06342879,-0.16681083,0.0,0.00064800854,0.0,0.0,-0.0023350685,0.0022701065,-0.35831198,-0.09989877,0.0,0.0,-0.008461338,-0.020829862,0.09419054,0.0,0.0,0.0,-0.0038060301,-0.020346759,0.007814314,0.013735935,0.0,0.0,0.0,0.0,0.0,0.0,-0.036196228,-0.03076023,-0.17396665,-0.0069798674,0.0,-0.006774679,0.0,0.0,0.0,-0.02061171,-0.05268158,-0.036550533,-0.05106546,-0.06147697,0.0,-0.16351104,-0.041165456,-0.1732642,-0.0042142994,-0.59075713,-0.018869206,-0.00038644386,0.026013963,0.0019250176,-0.08352923,-0.008128239,-0.01695574,-0.031462885,0.0003778614,-0.001631124,0.015150379,-0.12800008,-0.38175473,-0.0065361145,0.0,-0.08076146,0.0,-0.04302557,-0.016078759,0.0016836827,-0.05099695,-0.55778426,-0.002720084,-0.75649166,-0.17740299
W0000061,-0.0015967066,0.0,-0.08082439,-0.011882352,0.0638716,-0.08154821,6.734533e-05,0.036954097,-0.050117336,-0.84561694,1.0157323,0.06404881,0.0015562987,0.04218274,-0.0155579,0.0,0.01904458,0.010904469,0.0,0.0,0.014723286,0.004638333,-0.017031487,-0.031736117,-0.026859269,-0.077234425,0.0,-0.12538804,-0.014569342,-0.13939594,-0.016258009,0.0,-0.0014661357,0.06509838,0.08544125,-0.17672667,0.0,0.0026750115,0.0,0.0,-0.0023350685,-0.009236959,-0.41641727,-0.14333665,0.0,0.0,-0.04242685,-0.06128847,0.43501234,0.0,0.0,0.0,0.0033027628,0.013690168,-0.017877953,-0.00050376565,0.0,0.0,0.0,0.0,0.0,0.0,-0.024816878,0.0058186054,0.15337484,0.003377371,0.0,0.00071129086,0.0,0.0,0.0,-0.0559145,-0.047869477,-0.049832884,-0.20363665,0.05565155,0.0,-0.18461758,-0.029939841,-0.1675075,-0.0036034235,-0.69347024,-0.010103827,-0.0005672409,-0.053297188,-0.0019854088,-0.025984224,-0.022626115,-0.02831877,-0.08536135,0.0010729174,0.035738274,-0.07099766,-0.122060634,0.39506924,-0.0046314634,0.0,-0.094443336,0.0,-0.030561972,-0.025540344,0.0031469516,-0.059987538,-0.545253,-0.009148898,-1.3624421,-0.43200272
W0000062,-0.005193596,0.0,-0.03161111,-0.00015344564,-0.104956925,-0.10988946,-0.09889552,-0.036182,-0.06627205,0.31440324,-0.0045684744,-0.124456495,-0.022482758,-0.23130068,-0.008198857,0.0,-0.025486521,-0.010884961,0.0,0.0,-0.04605858,-0.013354607,-0.0068884687,0.0004350727,0.010342259,0.041174732,0.0,-0.19505692,-0.02181326,0.06408023,-0.016258009,0.0,-0.004910699,-0.040901683,-0.03642754,-0.1672291,0.0,0.0009484194,0.0,0.0,-0.003941606,-0.009182955,0.38187784,0.09511319,0.0,0.0,0.009438814,-0.049444597,-0.6751971,0.0,0.0,0.0,-0.017717667,-0.013770208,-0.015030614,-0.012270698,0.0,0.0,0.0,0.0,0.0,0.0,-0.045054328,-0.026135102,-0.123287946,-0.018582787,0.0,0.00056099845,0.0,0.0,0.0,-0.029021151,-0.10014855,-0.073492594,-0.06972335,0.040306155,0.0,-0.1961666,-0.2587174,-0.18357685,-0.024652421,-0.8583263,-0.017400412,0.001080007,-0.013863521,-0.062996045,-0.05028552,-0.035466548,0.008066559,-0.1587075,-0.020784438,-0.021209696,-0.050453484,0.13452525,-0.24792592,2.8563663e-05,0.0,-0.13444991,0.0,-0.05224467,-0.016078759,0.004709866,0.03853126,0.7740358,0.021213012,0.15612936,0.08435011
W0000063,-0.005193596,0.0,-0.030230567,-0.0018234059,-0.057002667,0.0072482913,-0.003387034,-0.0025003676,-0.07665531,-0.80233413,-3.1958025,0.055792667,0.012587273,0.023096167,0.015505506,0.0,-0.015068833,-0.010884961,0.0,0.0,-0.04211379,-0.004518023,-0.011816551,-0.006744347,0.010951385,-0.08630526,0.0,0.029054396,-0.02181326,-0.0983102,-0.016258009,0.0,-0.004910699,-0.07253214,-0.03895516,-0.17672667,0.0,0.0009484194,0.0,0.0,-0.0039439844,-0.009236959,-0.2574361,-0.038194023,0.0,0.0,0.003218878,-0.018273765,-0.6002746,0.0,0.0,0.0,-0.0038060301,-0.00977154,-0.0069115944,0.020730278,0.0,0.0,0.0,0.0,0.0,0.0,-0.039954785,0.015456553,-0.1593671,-0.0069372794,0.0,0.0003632445,0.0,0.0,0.0,0.03860841,-0.06723228,0.034159422,-0.11310318,0.064924605,0.0,0.17295578,-0.07332507,-0.164164,-0.0015058166,-0.2688435,-0.017466415,-0.0010022561,-0.044271998,-0.02627255,-0.063276425,-0.003562016,0.0053385003,-0.030560557,-0.004514899,-0.001631124,-0.037803706,-0.106916845,0.31239438,0.0053460044,0.0,-0.0066703763,0.0,-0.021026611,-0.025540344,0.0019287223,-0.041555766,-0.5154918,-0.009148898,-0.8427532,-0.23293962
W0000064,-0.005193596,0.0,-0.0021970924,0.002889833,-0.06793405,0.00995115,-0.0030529064,0.0007948554,-0.012810763,-1.0082812,-3.7355828,0.06271779,0.02198768,0.04113821,0.014705296,0.0,-0.015068833,0.010904469,0.0,0.0,-0.015000172,-0.004518023,-0.011097229,0.0021065255,0.012066545,-0.07176107,0.0,0.034056827,0.031219225,-0.11160469,0.028596843,0.0,-0.004910699,-0.077821024,-0.030909847,0.17743118,0.0,0.00064800854,0.0,0.0,0.0025782639,0.004673285,-0.37720737,-0.12667012,0.0,0.0,-0.031684913,-0.023303399,0.3346147,0.0,0.0,0.0,-0.0038060301,-0.00903951,-0.006987485,-0.017633308,0.0,0.0,0.0,0.0,0.0,0.0,-0.035401005,0.010600343,-0.1593671,0.003377371,0.0,0.00056099845,0.0,0.0,0.0,-0.025547964,-0.04752837,0.035141602,-0.15021117,-0.0644247,0.0,-0.17768365,0.02336936,-0.16515389,-0.0010346852,-0.75168014,-0.008549634,-0.00038644386,-0.03651458,-0.010633746,-0.085366406,0.001976684,-0.025565328,-0.029885935,-0.007334222,-0.03046313,-0.0389176,0.054830953,0.35586786,-0.002744033,0.0,-0.13385916,0.0,0.044527523,-0.016078759,-0.0023180214,-0.0152905015,-0.44723946,-0.009148898,0.010413674,0.060782783
W0000065,-0.005193596,0.0,0.018485535,-0.02380571,0.043991715,0.015323387,0.05514331,0.018726606,-0.018748201,-0.99388885,-3.945021,0.06301236,0.023898441,-0.00044201128,-0.014773394,0.0,0.01904458,0.010904469,0.0,0.0,-0.015000172,-0.004518023,0.009687144,0.0021065255,-0.020708475,-0.0788388,0.0,0.023862671,0.031219225,-0.11045802,0.028596843,0.0,-0.004910699,0.05874917,-0.030909847,0.16474268,0.0,0.0004783984,0.0,0.0,0.0025798192,0.0075859367,-0.44719487,-0.1115872,0.0,0.0,0.003729524,0.0066966796,0.38376236,0.0,0.0,0.0,0.0020804543,-0.00831875,-0.006987485,-0.0071823266,0.0,0.0,0.0,0.0,0.0,0.0,0.076639816,0.016874123,0.15337484,0.003377371,0.0,0.00056099845,0.0,0.0,0.0,0.038893744,0.07458013,-0.05263533,-0.15599272,0.064156115,0.0,-0.16853377,-0.09090423,-0.15654358,-0.0013969879,0.30963537,0.0012678755,-0.00058494485,-0.052318834,-0.025148412,0.017223291,-0.014956588,0.006686699,-0.026298808,-0.007334222,-0.020960055,-0.060165726,-0.1274234,0.33656967,0.0026547555,0.0,0.06728927,0.0,-0.025028074,-0.016078759,0.0025204332,-0.029361274,-0.3884528,-0.009148898,-0.061080635,0.06230575
W0000066,-0.0015967066,0.0,-0.04760947,-0.0044376757,-0.024978535,0.020824619,-0.0005875613,-0.07763802,-0.060333222,0.28280815,1.2287401,-0.19976331,-0.0807291,-0.29271364,0.01684472,0.0,-0.014842044,-0.010884961,0.0,0.0,-0.055018507,0.00070057716,-0.01716596,-0.034050845,-0.014361792,-0.11823202,0.0,0.038190007,-0.02181326,-0.17145966,-0.016258009,0.0,-0.0014661357,-0.0426972,-0.069392495,-0.16681083,0.0,0.0011485482,0.0,0.0,0.0015274035,0.0030725633,-0.5461691,-0.19221449,0.0,0.0,-0.011149652,-0.05161545,-0.92227477,0.0,0.0,0.0,-0.0060421485,-0.028149568,-0.01846855,0.00096937455,0.0,0.0,0.0,0.0,0.0,0.0,-0.058380395,0.008386426,-0.17176339,0.009046914,0.0,0.00071129086,0.0,0.0,0.0,-0.057086006,-0.1145683,0.03903102,-0.1775922,-0.06686345,0.0,-0.17121746,-0.09953525,-0.1675075,-0.0018378154,-0.637334,-0.011445455,-0.0020473734,-0.053826187,0.0043149306,-0.09212793,-0.007922864,0.01133042,-0.13302036,0.0010729174,-0.02881604,0.0024914187,-0.074639946,0.40036094,-0.014466135,0.0,-0.10917099,0.0,-0.034659427,-0.032830574,0.0037637358,-0.045677748,-0.68468124,-0.002720084,-1.4455338,-0.36727834
W0000067,-0.0015967066,0.0,-0.045234766,-0.0018635407,-0.058730952,0.023641178,0.0065787397,0.012833467,-0.07479514,0.29670215,1.2997766,-0.031031074,-0.0493662,-0.039096735,-0.016727282,0.0,-0.030118527,-0.010884961,0.0,0.0,0.0074524935,-0.01766783,-0.016592223,-0.034050845,0.042335346,0.054737583,0.0,0.05379904,-0.02181326,-0.1758429,-0.016258009,0.0,-0.0014661357,-0.094366916,-0.051400132,-0.16354968,0.0,0.00113848,0.0,0.0,-0.009978283,-0.0068245563,-0.55311984,-0.18368319,0.0,0.0,0.0061115483,0.008493991,-0.8887012,0.0,0.0,0.0,-0.0060421485,-0.030456837,-0.01846855,-0.010606373,0.0,0.0,0.0,0.0,0.0,0.0,-0.033787936,-0.029465904,-0.16116522,-0.0069798674,0.0,0.00071129086,0.0,0.0,0.0,-0.055739194,-0.10530176,-0.06019627,-0.09853278,-0.07261763,0.0,-0.17078109,0.008670244,0.1630364,-0.014040192,0.31203744,0.018844776,-0.0005672409,-0.062477477,-0.009573307,-0.0061322227,0.0019554426,0.006632747,-0.1266742,0.00057,1.59638e-05,-0.05563012,-0.1196637,-0.57346857,-0.0015619006,0.0,0.08128531,0.0,0.013079161,-0.032830574,0.0032120426,-0.080049485,-0.6418028,-0.002720084,-1.572302,-0.323144
W0000068,-0.005193596,0.0,0.003783389,-0.01693762,-0.048333608,-0.055232666,-0.0271286,0.018407248,-0.05445385,-0.657726,-3.3275383,0.062156573,-0.026976503,-0.05217789,-0.014773394,0.0,0.01904458,0.010904469,0.0,0.0,-0.0010558497,-0.004518023,0.014585029,-0.014832798,0.011255645,-0.075510435,0.0,0.037662465,0.031219225,-0.0819117,-0.016258009,0.0,-0.004910699,-0.041360296,-0.027697042,0.07349286,0.0,0.0004783984,0.0,0.0,0.0025782639,-0.0068245563,-0.41804177,-0.13372102,0.0,0.0,-0.018423561,-0.0152542265,0.34986436,0.0,0.0,0.0,0.0020804543,-0.008025609,-0.0071581313,-0.012908684,0.0,0.0,0.0,0.0,0.0,0.0,-0.031688616,0.010600343,0.14708345,0.0019520449,0.0,0.0003632445,0.0,0.0,0.0,-0.023934359,0.06512083,-0.05250319,-0.04736244,-0.055269156,0.0,-0.16174196,0.020832654,0.14976287,-0.004576602,-0.6596998,-0.019921336,-0.00038644386,-0.020444717,-0.021856315,-0.091026425,-0.023129515,-0.015739297,-0.04284712,0.0003778614,-0.03046313,-0.053261563,0.054997012,-0.39868358,-0.002744033,0.0,0.06816733,0.0,-0.024235101,-0.016078759,-0.0032443535,-0.04830663,-0.46132246,-0.009148898,-0.70688933,-0.03788866
W0000069,-0.005193596,0.0,-0.030106407,0.0009324443,-0.035772495,0.0070356163,-0.009342551,0.0005893032,-0.07184641,-0.84540796,-3.391191,0.05604463,0.016916279,0.05917672,-0.015280576,0.0,-0.015068833,-0.010884961,0.0,0.0,0.00768611,-0.013354607,-0.011816551,0.0021065255,0.0070912107,-0.08708185,0.0,-0.00077973306,-0.02181326,-0.08522257,-0.016258009,0.0,-0.004910699,-0.07268846,-0.033904977,-0.16681083,0.0,0.0009484194,0.0,0.0,-0.003941606,-0.009236959,-0.34769082,0.04655193,0.0,0.0,0.0037189685,-0.016622238,-0.61166453,0.0,0.0,0.0,-0.0038060301,-0.015811514,0.007814314,-0.014242426,0.0,0.0,0.0,0.0,0.0,0.0,-0.04616248,-0.026135102,-0.17010662,-0.0069372794,0.0,0.0003632445,0.0,0.0,0.0,-0.020874113,-0.065098524,0.034475844,-0.090253636,0.05346087,0.0,-0.15428951,0.021012675,-0.164164,-0.0010346852,-0.624002,-0.01626535,0.0010364789,-0.035633087,-0.027219785,-0.033943936,0.0019681072,-0.0052769277,0.0018595115,0.00093730603,-0.03046313,-0.04297116,-0.11870605,0.3207006,-0.002744033,0.0,-0.10589661,0.0,-0.026014002,-0.016078759,0.0019287223,-0.04789619,-0.46887353,-0.009148898,-0.73167586,-0.0570361
W0000070,-0.005193596,0.0,0.03594961,-0.0147355925,0.056546517,-0.045380868,-0.027404219,-0.0017561363,-0.0048959963,-0.9658069,-3.7298949,0.052816674,0.025656123,0.035506837,-0.014773394,0.0,-0.027471712,0.010904469,0.0,0.0,-0.016218254,-0.004518023,-0.018486653,0.0021065255,-0.021349225,-0.07191257,0.0,0.02331606,-0.02181326,0.023047153,-0.016258009,0.0,-0.004910699,-0.07268846,-0.03193346,0.08220682,0.0,0.0009484194,0.0,0.0,0.0025782639,-0.009236959,0.32598925,0.06405974,0.0,0.0,0.0034432989,-0.022004396,0.36815304,0.0,0.0,0.0,0.003985507,-0.00903951,-0.0029132469,0.013971457,0.0,0.0,0.0,0.0,0.0,0.0,-0.025480919,0.0148438355,0.1441431,0.0019520449,0.0,-0.006774679,0.0,0.0,0.0,-0.018681977,-0.046461012,-0.04272143,-0.15176556,0.057661954,0.0,0.1774134,-0.012586328,0.14814846,-0.0048522186,-0.68020535,-0.015762335,-0.00038644386,0.0010594509,-0.030036405,0.06800261,0.0028653136,-0.0015051854,-0.008569012,0.0003778614,-0.001631124,-0.04980395,-0.10109403,-0.3877057,-0.00325609,0.0,-0.07371943,0.0,-0.006129422,-0.035245765,-0.012987432,-0.03935,-0.40088883,-0.009148898,-0.7155005,-0.032911427
W0000071,-0.005193596,0.0,-0.034559038,-0.004401598,-0.06314026,0.012112772,-0.0016251784,-0.00025704456,-0.07706374,-0.7573647,-3.3783553,-0.08064565,-0.019412972,0.039628647,-0.014416139,0.0,-0.015691405,-0.010884961,0.0,0.0,-0.016218254,-0.013354607,-0.016580988,-0.006744347,0.008855509,-0.08258817,0.0,-0.0574829,-0.02181326,-0.08521423,-0.016258009,0.0,-0.004910699,-0.04531613,-0.040926676,-0.16354968,0.0,-0.009038018,0.0,0.0,-0.009978283,0.0022701065,-0.3912824,-0.1308204,0.0,0.0,-0.018975161,0.0003550616,0.36023563,0.0,0.0,0.0,-0.0038060301,0.0067279246,-0.0071581313,-0.00806771,0.0,0.0,0.0,0.0,0.0,0.0,-0.03734523,0.017670471,-0.16492324,0.0019520449,0.0,0.0003632445,0.0,0.0,0.0,-0.025547964,-0.047059264,-0.052638438,-0.19847068,-0.057275884,0.0,0.17671055,-0.031562243,0.12058102,-0.0042142994,0.32043412,-0.019921336,-0.00038644386,-0.00650255,-0.0046031643,-0.04966051,0.0018370238,-0.013633496,-0.03408668,0.0003778614,-0.03046313,0.025494456,0.1397353,-0.40135017,0.004980544,0.0,0.07206702,0.0,-0.04030291,-0.016078759,-0.0033671383,-0.05814499,-0.4814564,-0.009148898,-0.7988639,-0.1815639
W0000072,-0.005193596,0.0,-0.016802223,-0.025575005,0.044396877,-0.09244048,-0.032000978,0.0005607777,-0.05518535,-0.85978824,-3.4359725,0.0595166,0.01550704,0.025605882,0.015505506,0.0,-0.020208191,-0.010884961,0.0,0.0,0.053521827,-0.013354607,-0.00096524507,0.0021065255,0.011979062,-0.08312459,0.0,0.016840894,-0.014569342,-0.08707891,-0.016258009,0.0,-0.004910699,-0.04580485,0.054147024,-0.17609881,0.0,0.00064800854,0.0,0.0,-0.003941606,-0.02280538,-0.378649,-0.0548584,0.0,0.0,-0.018356627,-0.0030840095,-0.5379783,0.0,0.0,0.0,-0.0038060301,-0.015811514,0.00798496,-0.008480759,0.0,0.0,0.0,0.0,0.0,0.0,-0.036196228,-0.023577042,-0.1593671,-0.0069372794,0.0,0.00056099845,0.0,0.0,0.0,-0.025418159,-0.06723228,-0.049422324,-0.12501727,0.07000548,0.0,-0.16379118,0.022487208,-0.17005458,-0.004576602,-0.5922414,-0.02022128,0.0010364789,-0.036032412,-0.023859574,-0.054384947,-0.004194338,-0.025153823,-0.02723447,0.00093730603,-0.001631124,-0.04297116,-0.12337793,-0.13740066,-0.002744033,0.0,-0.11145201,0.0,-0.013953101,-0.016078759,0.0020849817,-0.0359226,-0.48296314,-0.009148898,-0.09986385,-0.05879279
W0000073,-0.0015967066,0.0,-0.017933583,0.0015057735,-0.06490667,0.042588223,0.005642886,0.048856094,0.05092538,0.43743405,2.5692372,-0.11781564,0.0045573264,0.16761504,0.01684472,0.0,0.028676864,-0.010884961,0.0,0.0,0.05600151,0.004638333,0.00097216817,0.0065593505,0.045605008,-0.07975314,0.0,0.051975578,-0.02181326,0.13664068,-0.010347058,0.0,-0.0014661357,0.07041024,-0.030622762,-0.15057485,0.0,0.0026750115,0.0,0.0,-0.009978283,-0.02280538,0.5107522,0.16290565,0.0,0.0,0.015987318,-0.011224009,-0.5691065,0.0,0.0,0.0,0.00968484,-0.025064614,-0.002682825,-0.022468735,0.0,0.0,0.0,0.0,0.0,0.0,-0.058380395,-0.03713095,0.18727373,-0.018582787,0.0,0.0016667963,0.0,0.0,0.0,-0.021189496,-0.11610819,0.04402663,-0.10065903,0.084978096,0.0,0.18020274,0.070566386,-0.17534253,-0.0007105544,0.4003631,0.021125946,-0.0005672409,-0.018945321,0.02596483,-0.022938857,-0.0037592596,0.018069161,-0.005633956,-0.020784438,-0.019435946,0.029305488,0.07641387,0.649253,0.0039706314,0.0,0.08391346,0.0,-0.024684863,-0.0078189755,0.007734093,0.027657093,-0.38663882,-0.002720084,0.26214647,0.01970471
W0000074,-0.005193596,0.0,-0.03604013,-0.0012481464,-0.076916374,-0.13581216,-0.021506954,-0.0022686862,-0.07602419,-0.85860074,-0.22016408,0.060933605,0.022807125,-0.2869913,0.01684472,0.0,-0.015068833,-0.010884961,0.0,0.0,-0.037915483,-0.004518023,-0.024487372,0.0020697687,0.005809792,0.103620544,0.0,0.050885245,-0.02181326,-0.11456585,-0.016258009,0.0,-0.004910699,0.06392687,-0.03752977,-0.16479678,0.0,0.0009484194,0.0,0.0,-0.0039439844,-0.02280538,-0.48024902,-0.013405616,0.0,0.0,0.010421901,-0.013957938,-1.1329603,0.0,0.0,0.0,-0.0060421485,-0.015036314,0.019540971,-0.006034486,0.0,0.0,0.0,0.0,0.0,0.0,-0.03884663,0.012246649,-0.14948425,0.0019520449,0.0,0.00056099845,0.0,0.0,0.0,-0.038796462,-0.1145683,-0.017810294,0.22589561,-0.06694469,0.0,-0.16786559,-0.13542488,-0.19965363,-0.016862608,0.32999504,-0.008842544,-0.00746914,-0.063600376,-0.0023361994,0.0050208494,-0.035466548,-0.051594667,-0.11766542,0.0009225488,-0.001631124,-0.046945073,-0.13342059,-0.6435383,-0.014277047,0.0,0.07175427,0.0,-0.03282059,-0.035245765,0.0041566147,-0.05390102,-0.2814738,-0.009148898,0.17322,0.069885425
W0000075,-0.005193596,0.0,-0.029178884,0.0014929199,0.0491383,0.010716596,-0.0016251784,-0.015850056,-0.070751846,-0.6098042,-3.5774174,-0.076204,-0.014984251,0.011883975,0.015505506,0.0,-0.025486521,-0.010884961,0.0,0.0,0.052026615,-0.013354607,-0.011595988,0.0021919818,0.009768339,-0.08201947,0.0,0.027544802,-0.014569342,-0.07265131,-0.016258009,0.0,-0.004910699,-0.08735532,0.055950366,-0.17346552,0.0,0.0009484194,0.0,0.0,-0.009978283,-0.009236959,0.1822895,-0.003690538,0.0,0.0,0.004989218,-0.008900815,-0.51970476,0.0,0.0,0.0,-0.007291176,-0.014795758,0.0042117094,-0.0078121955,0.0,0.0,0.0,0.0,0.0,0.0,-0.036196228,-0.029465904,-0.16286133,-0.0040095923,0.0,0.0003632445,0.0,0.0,0.0,-0.027740099,-0.062079072,0.035277445,-0.127686,-0.054924183,0.0,-0.15971905,0.03584595,-0.17005458,-0.012334773,0.2767046,-0.0057280534,-0.00058494485,-0.026861861,-0.016774602,-0.037031393,-0.007638883,-0.0110132145,-0.023629531,0.0005174588,0.035528563,-0.043588754,0.009092746,-0.39520743,0.0053460044,0.0,0.07294345,0.0,-0.024919894,-0.016078759,-0.0020341892,-0.05099695,-0.4045116,-0.009148898,-0.8496523,0.06580929
W0000076,-0.0015967066,0.0,-0.03161111,-0.0023329933,-0.082591206,0.022162758,0.011423895,0.027402993,0.043782264,0.34457016,1.9798353,-0.19704418,-0.14747787,-0.36287364,-0.008198857,0.0,-0.014842044,-0.010884961,0.0,0.0,-0.056676783,-0.01766783,0.0009217416,-0.03261984,-0.04212244,-0.12007219,0.0,-0.21724837,0.031219225,0.05766578,-0.010347058,0.0,-0.0014661357,-0.13125448,-0.043318428,0.061424173,0.0,-0.037309382,0.0,0.0,0.006526944,0.0030546004,-0.5184145,0.11553948,0.0,0.0,-0.11966592,-0.030401545,-1.1957847,0.0,0.0,0.0,-0.0060421485,-0.010586021,0.019540971,-0.037627213,0.0,0.0,0.0,0.0,0.0,0.0,-0.045054328,-0.029465904,-0.14074783,-0.0069798674,0.0,-0.031086527,0.0,0.0,0.0,-0.029021151,-0.10684166,0.040918946,-0.050086282,0.04150452,0.0,-0.1660248,-0.20909508,-0.18670851,-0.046151116,0.37656066,-0.0048234253,0.0077241804,-0.030869003,-0.06245516,-0.0498344,0.0039036698,0.00994035,-0.20178767,0.0009225488,-0.027651045,0.016321272,-0.01635025,-0.70167226,-0.009067347,0.0,-0.1257142,0.0,-0.082552224,-0.014220053,0.005776293,-0.043350887,0.38607684,-0.002720084,0.1516829,0.06416263
W0000077,-0.005193596,0.0,-0.03171178,-0.0022988962,-0.06919944,0.0066791736,-0.0016589309,-0.0010337182,-0.070345886,-0.9236856,-3.2111347,0.06271779,0.025916371,0.025764806,-0.014416139,0.0,-0.015068833,-0.010884961,0.0,0.0,-0.015557149,-0.013354607,-0.01055101,-0.006744347,0.013399251,-0.01736801,0.0,0.027605543,-0.02181326,-0.0758979,-0.016258009,0.0,-0.004910699,-0.046143346,-0.040926676,-0.16681083,0.0,0.00064800854,0.0,0.0,0.0025782639,0.0030725633,-0.35002455,-0.089145236,0.0,0.0,0.0030211988,-0.018638488,0.3241803,0.0,0.0,0.0,-0.0038060301,-0.016940145,0.007814314,0.020647243,0.0,0.0,0.0,0.0,0.0,0.0,-0.031137533,-0.03076023,-0.15212181,-0.0040095923,0.0,0.0003632445,0.0,0.0,0.0,-0.025547964,-0.052212473,-0.06581306,-0.1875588,-0.049514975,0.0,-0.16569926,-0.013494095,0.13051146,-0.008412387,-0.6494585,-0.015762335,-0.00038644386,-0.03788637,-0.014266557,-0.08099956,-0.010896082,-0.0009703855,0.020442687,0.0003778614,-0.001631124,-0.037803706,-0.10509764,-0.37113163,-0.002744033,0.0,-0.11117576,0.0,0.013079161,-0.035245765,0.0019287223,-0.064485416,-0.45382294,-0.009148898,-0.7645707,-0.20257752
W0000078,-0.005193596,0.0,-0.06454931,0.0016839869,0.03259352,-0.09102461,-0.016998999,-0.005341992,-0.07313695,-0.8891888,-0.79169196,0.05604463,0.013033639,0.06926341,0.01684472,0.0,-0.015068833,-0.010884961,0.0,0.0,-0.044563368,-0.013354607,-0.025965337,-0.03248551,-0.011224784,0.07590051,0.0,-0.11709654,-0.014569342,-0.12571307,-0.016258009,0.0,-0.004910699,-0.07731552,0.023581635,-0.17672667,0.0,0.0009484194,0.0,0.0,-0.003941606,-0.009236959,-0.4095247,0.04308599,0.0,0.0,0.004123947,-0.0109131,-0.585932,0.0,0.0,0.0,-0.0060421485,-0.018374346,-0.017877953,-0.01767429,0.0,0.0,0.0,0.0,0.0,0.0,-0.045054328,-0.025573708,-0.17010662,-0.0069372794,0.0,0.0003632445,0.0,0.0,0.0,-0.024098817,-0.10941509,-0.017024769,-0.08007464,0.08385121,0.0,0.184731,-0.030519841,-0.18670851,-0.003308476,-0.73678184,-0.017466415,0.0005866099,-0.03926495,-0.03450221,-0.0892899,-0.004040635,-0.017435502,-0.04652485,-0.008395349,-0.030590596,-0.050462667,0.046685994,0.18213098,-0.002744033,0.0,-0.0746622,0.0,0.010281369,-0.016078759,0.0037637358,0.0018315222,-0.4729408,-0.009148898,-1.0826944,-0.40588388
W0000079,-0.005193596,0.0,-0.020903306,-0.024708202,0.02900638,-0.081218876,-0.010587808,-0.035779804,-0.069279775,-1.0106926,-4.0573597,0.052973755,0.01321188,-0.17293677,0.014705296,0.0,-0.025312264,-0.010884961,0.0,0.0,-0.014339067,-0.013354607,-0.0065986365,0.0021065255,0.0123662,-0.07119237,0.0,0.025445562,-0.014569342,0.031060845,-0.016258009,0.0,-0.004910699,-0.06972797,0.0585505,-0.18601464,0.0,0.0009484194,0.0,0.0,0.0025782639,0.0030546004,0.32296592,0.06536988,0.0,0.0,0.0038396665,-0.017602535,0.34477383,0.0,0.0,0.0,-0.007291176,-0.019056063,0.004650646,-0.0049056243,0.0,0.0,0.0,0.0,0.0,0.0,-0.04616248,-0.0327569,-0.17901191,-0.0069372794,0.0,0.00056099845,0.0,0.0,0.0,-0.010480496,-0.05268158,-0.017204676,-0.12959021,0.058852993,0.0,0.16800813,-0.010175625,-0.164164,-0.0065264786,-0.8124728,-0.0071662343,0.0003996393,0.0010664249,-0.040008776,-0.066891156,0.0028653136,-0.017677765,-0.0903465,0.00093730603,-0.03046313,-0.045660075,-0.016775407,0.34852237,-5.278457e-05,0.0,-0.10861421,0.0,-0.008733092,-0.016078759,0.0026470341,-0.035252783,-0.44036278,-0.009148898,0.13310629,0.053603813
W0000080,-0.005193596,0.0,-0.006554555,-0.026343534,0.044396877,-0.052498147,-0.032000978,-0.03667218,-0.0027637398,-0.79978234,-3.2574067,0.057921782,0.025607437,-0.19190282,0.015505506,0.0,0.01904458,0.010904469,0.0,0.0,-0.056844108,0.04582795,-0.004982843,0.0021065255,-0.020104412,0.08251189,0.0,0.03817063,0.031219225,-0.067284375,-0.016258009,0.0,-0.004910699,-0.046994045,-0.030909847,0.06420487,0.0,0.0006124293,0.0,0.0,0.0015274035,-0.0067900475,-0.36588645,-0.059619233,0.0,0.0,-0.02359407,0.016152237,-0.6728581,0.0,0.0,0.0,0.0020804543,-0.009158506,-0.006987485,-0.012222486,0.0,0.0,0.0,0.0,0.0,0.0,0.053531595,0.010216362,0.14551334,0.0019520449,0.0,0.00056099845,0.0,0.0,0.0,0.04371243,-0.06723228,-0.043983497,-0.14912279,-0.05598609,0.0,0.164281,-0.064717025,0.1194138,-0.004576602,-0.57852423,-0.0010657026,-0.0010022561,0.01427453,-0.024045499,0.05706314,-0.004194338,-0.015521047,-0.06356866,-0.004049004,-0.009647902,-0.058956295,-0.12063612,-0.4399356,-0.0059473384,0.0,0.0798949,0.0,-0.018046644,-0.025540344,-0.0016328902,-0.064485416,-0.44218713,-0.009148898,-0.09420932,0.045428358
W0000081,0.08293642,0.0,0.015910635,0.00950863,0.06712586,0.029482525,0.0093089845,-0.059399463,-0.020048417,0.41632137,-0.1336624,0.10419346,0.027797023,0.029675651,-0.006205774,0.0,0.028852962,0.010904469,0.0,0.0,-0.016412739,0.04582795,0.013077444,-0.011576098,0.05593718,-0.058901314,0.0,-0.101849735,0.019999173,0.08610019,0.028596843,0.0,-0.004910699,0.06478443,0.045334123,0.17677243,0.0,-0.0085417805,0.0,0.0,0.0015274035,0.0075859367,0.38517344,0.055758845,0.0,0.0,0.01185099,0.04725268,0.5361898,0.0,0.0,0.0,0.00968484,-0.005595279,-0.002682825,-0.0025965078,0.0,0.0,0.0,0.0,0.0,0.0,0.06970409,0.0148438355,0.11485844,0.009046914,0.0,0.00036423074,0.0,0.0,0.0,-0.018469002,-0.057142384,-0.007021853,0.04380555,0.07189576,0.0,0.19677377,-0.019690331,-0.15988708,-0.0054919175,-0.6262722,0.009145308,0.001080007,0.0037520532,-0.012980932,0.08726771,0.0077347625,0.019779267,0.0381667,0.0026562288,-0.00039446913,0.0109755,-0.10479063,0.3796876,-0.009455353,0.0,-0.09283061,0.0,-0.022650335,0.020698454,0.007734093,-0.024475783,0.65311736,0.021213012,0.23886845,0.078620605
W0000082,-0.005193596,0.0,-0.03183594,-0.008927073,0.043991715,0.0050792824,-0.0034046895,-0.00025704456,-0.07010689,-0.8565617,-3.835219,-0.008939722,-0.0022302503,0.051479585,0.014705296,0.0,-0.015068833,-0.010884961,0.0,0.0,0.0126241315,-0.013354607,-0.012603637,0.0021065255,0.014131333,-0.079559006,0.0,0.033563837,-0.02181326,-0.09296869,-0.016258009,0.0,-0.004910699,0.058410674,-0.033904977,-0.16354968,0.0,-0.013227961,0.0,0.0,-0.009978283,-0.009236959,-0.33756557,-0.044395946,0.0,0.0,-0.029434182,0.0057027377,0.32993817,0.0,0.0,0.0,-0.0038060301,-0.02289694,0.007814314,-0.007964942,0.0,0.0,0.0,0.0,0.0,0.0,-0.039954785,-0.036649093,-0.1593671,-0.0069372794,0.0,0.0003632445,0.0,0.0,0.0,-0.024891114,-0.05268158,-0.051906887,-0.12770641,0.064094275,0.0,-0.16315912,0.03530929,-0.16515389,-0.0010346852,0.310156,0.01749261,-0.00038644386,-0.004900164,-0.021788241,-0.056314245,-0.008259027,-0.016149905,-0.03146723,0.00093730603,0.035655692,-0.043061476,-0.11888509,0.42558622,0.0026547555,0.0,-0.08321897,0.0,-0.035549365,-0.016078759,-0.0032443535,-0.041555766,-0.45670483,-0.009148898,-0.795327,-0.03607921
W0000083,-0.005193596,0.0,-0.06388455,-0.004122267,-0.117041975,0.014531412,0.0022398783,0.008361701,-0.08169038,0.31374156,-0.72330856,-0.19047718,-0.054843552,0.04441792,-0.0155579,0.0,-0.018481066,-0.010884961,0.0,0.0,0.01053727,-0.004518023,-0.025744773,-0.03059595,-0.031387266,-0.017419467,0.0,-0.10579519,-0.02181326,-0.13536742,-0.016258009,0.0,-0.004910699,-0.09838485,-0.069392495,-0.16681083,0.0,0.0009484194,0.0,0.0,-0.003941606,-0.0068245563,-0.52580464,-0.20802987,0.0,0.0,-0.036551688,-0.052000843,0.40101457,0.0,0.0,0.0,0.0033027628,-0.04049014,-0.01846855,0.0053528873,0.0,0.0,0.0,0.0,0.0,0.0,-0.045054328,0.00061996747,-0.045771204,-0.0069798674,0.0,-0.006774679,0.0,0.0,0.0,-0.02593213,0.00091018714,-0.034426536,-0.2933216,-0.057279557,0.0,0.19133058,-0.029993555,0.06360497,-0.016676378,-0.8186978,-0.0044868262,0.0005866099,-0.036787175,-0.0074009364,-0.14137965,0.003684004,-0.013115734,-0.040811375,-0.0072187465,-0.030462338,0.039599735,0.016892692,-0.49519387,-0.0059473384,0.0,-0.084535636,0.0,-0.04302557,0.020698454,0.0037637358,-0.014757702,-0.45306718,-0.002720084,-1.181832,-0.29159063
W0000084,-0.005193596,0.0,-0.012117767,0.0024866026,-0.06214704,-0.07721225,-0.016981345,0.008469857,-0.032027945,-0.93222827,-3.1755674,0.062156573,0.008529462,0.0548829,-0.014416139,0.0,0.01904458,0.010904469,0.0,0.0,0.0016574492,-0.004518023,-0.0152372075,-0.006744347,-0.011843072,0.0746703,0.0,0.024772115,-0.02181326,-0.0898992,-0.016258009,0.0,-0.004910699,-0.07268846,-0.040926676,0.07349286,0.0,0.00064800854,0.0,0.0,0.0015274035,0.0030725633,-0.39759034,-0.122771196,0.0,0.0,-0.020251933,-0.02190766,0.2832026,0.0,0.0,0.0,0.0020804543,0.006707633,-0.0071581313,-0.014364039,0.0,0.0,0.0,0.0,0.0,0.0,-0.03674731,0.010600343,-0.045598507,0.003377371,0.0,0.0003632445,0.0,0.0,0.0,-0.027740099,-0.052212473,-0.017936226,-0.17813295,0.054669,0.0,-0.16092272,-0.062739335,-0.17005458,-0.0015058166,-0.66946733,-0.0107190125,-0.00038644386,-0.020157507,-0.014718595,-0.091026425,-0.006306808,0.004925512,-0.030859947,-0.004514899,-0.03046313,-0.043061476,-0.10526489,0.19538984,-0.002744033,0.0,-0.07739317,0.0,-0.034659427,-0.016078759,-0.0029993139,-0.041555766,-0.47683454,-0.009148898,-0.7243914,-0.21442613
W0000085,-0.005193596,0.0,-0.030230567,-0.0028997571,-0.060173992,0.0068918485,-0.0016075228,0.0010533738,-0.04822458,-0.7861557,-3.0211985,0.060077816,0.021198437,-0.18567303,-0.016905561,0.0,-0.015068833,-0.010884961,0.0,0.0,-0.04211379,-0.004518023,-0.011595988,-0.006744347,0.011007456,0.090474665,0.0,0.026670212,-0.02181326,-0.08202383,-0.016258009,0.0,-0.004910699,-0.047000907,-0.040926676,-0.16354968,0.0,0.0009484194,0.0,0.0,-0.0039439844,-0.009236959,-0.34920287,-0.059453975,0.0,0.0,0.0034466144,-0.007505075,-0.6806207,0.0,0.0,0.0,-0.0038060301,-0.00977154,0.007814314,-0.008520553,0.0,0.0,0.0,0.0,0.0,0.0,-0.036196228,-0.0054861456,-0.16228569,-0.0040095923,0.0,0.0003632445,0.0,0.0,0.0,-0.027740099,-0.04977632,-0.049738742,-0.12657252,0.05346087,0.0,-0.16124065,-0.07147322,-0.17005458,-0.004685431,0.18450649,-0.012700345,-0.0010022561,-0.045716006,-0.004280976,-0.040667977,-0.003562016,-0.0110132145,-0.031049326,0.0003778614,-0.001631124,0.015150379,-0.12006048,-0.3889583,0.0026547555,0.0,-0.079564855,0.0,-0.04302557,-0.035245765,0.0016836827,-0.05099695,-0.5154396,-0.009148898,-0.76630986,-0.24333103
W0000086,-0.005193596,0.0,-0.011249382,-0.000613783,-0.028672198,0.015075689,0.0021045373,-0.05576942,-0.051960923,0.2999874,-3.9624312,-0.13252252,-0.04068525,0.05874446,-0.015280576,0.0,0.02933638,0.010904469,0.0,0.0,0.054675676,-0.0055564484,-0.0132089425,0.0032967583,-0.020649206,-0.09691593,0.0,0.036687367,-0.02181326,0.043017708,-0.016258009,0.0,0.07270218,-0.09401507,-0.032714307,-0.18601464,0.0,0.0009484194,0.0,0.0,0.0025782639,-0.02280538,0.32492673,-0.0069667934,0.0,0.0,0.0051805694,0.0144657595,-0.74890924,0.0,0.0,0.0,0.003985507,0.006453995,-0.00247431,-0.017356854,0.0,0.0,0.0,0.0,0.0,0.0,0.054877907,0.009427947,0.16647647,0.009046914,0.0,0.00036423074,0.0,0.0,0.0,-0.021220278,-0.065098524,0.038814638,-0.09295282,0.05458775,0.0,0.16674553,0.02692898,0.12752412,0.004870274,-0.60244155,-0.007819064,-0.0010022561,-0.025804417,-0.017294297,-0.054013412,0.0027284278,0.009793725,-0.0013384968,0.00093730603,0.027904052,-0.0540485,-0.11436173,0.39035738,-0.009455353,0.0,-0.12328625,0.0,-0.009494466,-0.035245765,-0.005866262,-0.040750753,-0.4796221,-0.002720084,0.16395342,0.058493294
W0000087,-0.0015967066,0.0,0.012210858,0.00950863,0.038907755,0.03315757,0.0042194473,0.046241194,0.083109945,0.4565916,2.1314178,-0.15981944,-0.10730922,0.12762053,0.014999724,0.0,0.028676864,0.010904469,0.0,0.0,-0.016412739,0.004638333,-0.04257104,0.012418347,-0.009037065,-0.0775719,0.0,0.045222647,0.031219225,0.096583866,0.028596843,0.0,-0.0014661357,0.07041024,-0.024414826,0.17272116,0.0,0.0011485482,0.0,0.0,0.0025798192,0.0075859367,0.5146813,0.17188314,0.0,0.0,0.013510516,0.031694174,0.4788356,0.0,0.0,0.0,0.00968484,0.020417277,-0.002682825,0.0033516898,0.0,0.0,0.0,0.0,0.0,0.0,0.08101625,0.013672152,0.18727373,0.009046914,0.0,0.0016667963,0.0,0.0,0.0,0.03049837,-0.0537401,0.04592073,-0.09211557,0.07373335,0.0,-0.12884806,-0.06678415,-0.16213688,-0.03209897,-0.36128098,-0.0014202287,-0.0005672409,0.019308588,0.018950757,-0.13557024,0.0077347625,-0.0073636444,0.0074211303,0.0026562288,-0.031809404,0.03276161,0.06999075,0.52092123,-0.021478033,0.0,-0.08629142,0.0,-0.022650335,-0.014220053,0.007734093,-0.018497942,-0.3437577,-0.002720084,0.25332743,0.10388685
W0000088,-0.005193596,0.0,0.003783389,0.002701738,0.047602423,-0.047909454,-0.0016251784,0.008390445,-0.025071092,-0.9752483,-3.4874387,0.062156573,0.010228744,0.020312078,-0.014416139,0.0,-0.020208191,0.010904469,0.0,0.0,-0.013504954,-0.004518023,-0.011904441,0.0016317765,-0.042301707,-0.072481275,0.0,-0.101555765,0.031219225,-0.055269625,0.028596843,0.0,-0.004910699,-0.04533893,-0.027697042,0.15261985,0.0,0.00064800854,0.0,0.0,0.0025782639,0.0022701065,-0.39355558,-0.121846884,0.0,0.0,0.0033545136,0.01680956,0.353989,0.0,0.0,0.0,0.0020804543,-0.00831875,-0.0071581313,-0.007576673,0.0,0.0,0.0,0.0,0.0,0.0,0.0015602652,0.013802314,-0.05115465,0.0019520449,0.0,0.0003632445,0.0,0.0,0.0,0.038893744,-0.047059264,-0.05250319,-0.16531044,-0.056293704,0.0,-0.16737024,0.013592781,0.1375988,-0.0043212133,-0.6683687,-0.0107190125,-0.00038644386,-0.019956557,-0.023669658,-0.0161109,0.0025156173,-0.0011643167,0.019864067,0.0005174588,0.035528224,0.025494456,0.02278102,-0.3478705,-0.0059473384,0.0,-0.08100432,0.0,-0.04302557,-0.016078759,-0.0032171886,0.033121057,-0.42494565,-0.009148898,-0.7055291,-0.06162799
W0000089,-0.005193596,0.0,-0.0055265464,-0.001370418,-0.054745357,-0.097972654,-0.013880849,-0.004332833,-0.032862313,-1.0106144,-3.8491292,0.057135537,0.023292769,0.064570226,0.015505506,0.0,-0.015068833,-0.010884961,0.0,0.0,-0.038908333,-0.004518023,0.025553174,0.0021065255,-0.008132275,-0.0788388,0.0,0.025318375,-0.02181326,-0.09390236,-0.016258009,0.0,-0.004910699,-0.062117793,-0.037117783,-0.1559345,0.0,-0.009038018,0.0,0.0,-0.0039439844,0.0075859367,-0.44144213,-0.10753801,0.0,0.0,0.0042516957,0.005305917,-0.53864753,0.0,0.0,0.0,-0.0038060301,-0.015995488,-0.006987485,-0.007503223,0.0,0.0,0.0,0.0,0.0,0.0,-0.039954785,0.011458234,-0.17216852,0.003377371,0.0,0.00056099845,0.0,0.0,0.0,-0.027740099,-0.06723228,-0.052944332,-0.1295636,0.05897285,0.0,-0.17124659,-0.08321552,-0.17199904,-0.00020643347,0.29110798,-0.0057073147,-0.00058494485,-0.045447063,0.025389062,-0.033635415,-0.009932923,-0.003207591,-0.028717125,0.00093730603,-0.001631124,0.021274664,-0.023405613,0.35497224,0.0026547555,0.0,-0.087021835,0.0,-0.052957892,-0.016078759,0.0026100148,0.02892996,-0.294018,-0.009148898,0.11574905,0.05609648
W0000090,-0.005193596,0.0,-0.041517906,-0.0014183566,0.04143258,0.018134778,-0.004080087,0.017837565,-0.08473416,0.27260914,-3.397717,-0.026609346,0.0042068167,0.045343973,0.015505506,0.0,0.01904458,-0.010884961,0.0,0.0,0.053521827,-0.004518023,-0.012567392,-0.00670317,-0.042427212,-0.108434655,0.0,-0.102475375,-0.02181326,-0.08603345,-0.016258009,0.0,-0.004910699,-0.041360296,-0.040926676,-0.16354968,0.0,0.00064800854,0.0,0.0,-0.009978283,-0.009236959,-0.43561667,0.04474802,0.0,0.0,0.003731879,0.0047790236,-0.80076957,0.0,0.0,0.0,0.0020804543,-0.014892897,-0.0071581313,-0.014242426,0.0,0.0,0.0,0.0,0.0,0.0,-0.039954785,-0.03713095,0.16647647,-0.018582787,0.0,0.0003632445,0.0,0.0,0.0,-0.013745725,-0.062079072,-0.014444365,-0.08309336,0.05346087,0.0,0.16961679,-0.0052423105,-0.15319732,0.00029598712,0.27450937,-0.0111636855,0.0010364789,-0.037901547,0.0035838,-0.03344309,0.0024017747,0.006060734,-0.028344035,0.00093730603,0.035656482,-0.0583387,0.17320295,0.360089,0.004980544,0.0,0.072215684,0.0,-0.035549365,-0.016078759,0.0019287223,-0.04035527,-0.47871214,-0.002720084,-0.9788145,-0.23865196
W0000091,-0.005193596,0.0,-0.030449267,-0.0018234059,-0.060462113,0.007724708,-0.0035163602,-0.013529633,-0.07184641,-0.83118415,-3.7176197,0.050333783,0.016916279,0.05941186,0.015505506,0.0,-0.025312264,-0.010884961,0.0,0.0,-0.04211379,-0.013354607,-0.011816551,0.0021065255,0.0077439467,-0.033356898,0.0,-0.002064338,-0.014569342,-0.0864847,-0.016258009,0.0,-0.004910699,-0.046143346,0.059331346,-0.17672667,0.0,0.0009484194,0.0,0.0,-0.0023350685,-0.009236959,0.11575075,0.04734893,0.0,0.0,0.0039517554,0.014021595,-0.632076,0.0,0.0,0.0,-0.007291176,-0.010787295,0.0042117094,-0.008603588,0.0,0.0,0.0,0.0,0.0,0.0,-0.039954785,0.00040271692,-0.17010662,-0.0069372794,0.0,0.00056099845,0.0,0.0,0.0,-0.018552173,-0.06723228,-0.049732912,-0.08850354,0.06887859,0.0,-0.16389129,-0.045124628,-0.164164,-0.007173769,-0.5499154,-0.01626535,-0.0010022561,-0.015607959,-0.032308336,-0.04502674,-0.01398658,-0.023700653,0.01788305,0.00093730603,-0.001631124,-0.04297116,-0.117273755,0.31777966,-0.012361728,0.0,-0.087885424,0.0,-0.007908323,-0.025540344,0.0020849817,-0.04789619,-0.45749438,-0.009148898,-0.63455826,-0.059711657
W0000092,-0.0015967066,0.0,-0.023854585,-0.010811791,0.054240026,0.03201213,0.010891346,0.021071669,0.09420347,0.40319616,2.377483,-0.016527366,-0.063265,0.07070528,-0.014734199,0.0,-0.011496477,-0.010884961,0.0,0.0,-0.017630821,0.004638333,0.007737081,0.009155079,0.04989625,0.088829964,0.0,0.0624101,-0.014569342,-0.10232608,-0.010347058,0.0,-0.0014661357,0.07041024,0.06929241,-0.140659,0.0,0.002491621,0.0,0.0,0.006526944,0.004673285,-0.47038907,-0.19163683,0.0,0.0,-0.012822768,-0.010371624,0.6163223,0.0,0.0,0.0,-0.0060421485,0.01567255,0.019540971,-0.01269471,0.0,0.0,0.0,0.0,0.0,0.0,-0.039995633,0.013672152,-0.17396665,-0.0069798674,0.0,-0.031086527,0.0,0.0,0.0,-0.043385223,-0.0526585,-0.058302168,0.28699857,-0.066435106,0.0,-0.18606386,0.043044187,0.17012376,0.034611214,0.44071275,-0.002205656,-0.0005672409,-0.022851776,0.008017315,-0.08877391,0.0057865353,0.007340263,0.07512021,0.00057,-0.019383885,0.018986661,0.011427568,-0.38784173,0.012553254,0.0,0.09532622,0.0,0.0556025,0.01600558,0.0065681133,0.05901859,-0.46052766,-0.002720084,0.028515283,-0.3125835
W0000093,-0.005193596,0.0,0.014043662,-0.017838616,0.04941199,-0.041664317,-0.0271286,0.00798825,-0.018427527,-0.8176077,-3.0520008,0.0595166,0.026192058,0.007489831,-0.016905561,0.0,-0.020208191,-0.010884961,0.0,0.0,0.056170896,-0.004518023,-0.01055101,-0.009872633,0.011859709,-0.072481275,0.0,-0.05760342,-0.02181326,-0.07389788,-0.016258009,0.0,-0.004910699,0.058410674,-0.040926676,-0.16681083,0.0,0.00064800854,0.0,0.0,-0.0023350685,0.0030725633,-0.40603772,-0.08482065,0.0,0.0,0.0023588699,0.016152237,-0.4718056,0.0,0.0,0.0,0.0020804543,0.005973419,-0.0071581313,-0.012908684,0.0,0.0,0.0,0.0,0.0,0.0,-0.042403925,0.00040271692,0.114058495,0.0019520449,0.0,0.0003632445,0.0,0.0,0.0,-0.027740099,-0.04977632,-0.06056392,-0.13605948,0.054669,0.0,-0.16351104,-0.060109332,-0.17005458,-0.004576602,-0.52066,-0.017466415,0.0003996393,-0.036498237,-0.022482207,-0.057255704,-0.0046836943,-0.01421384,0.0012697694,0.0003778614,-0.03046313,0.015150379,-0.120732926,-0.37168354,-0.015052976,0.0,-0.09408685,0.0,-0.02321621,-0.016078759,0.0016836827,-0.057337377,-0.4625801,-0.009148898,-0.6847495,-0.21507356
W0000094,-0.005193596,0.0,-0.015738823,-0.0018528062,0.042823628,0.01165085,-0.00012831762,-0.0057877363,-0.06423484,-1.0049617,-3.9829304,0.05977551,0.031364772,-0.14594537,-0.0058877137,0.0,-0.015068833,-0.010884961,0.0,0.0,-0.024957268,-0.013354607,-0.00065679196,0.0021065255,0.012719028,0.06322919,0.0,0.027145563,-0.02181326,-0.051489107,-0.016258009,0.0,-0.004910699,-0.09044034,-0.037117783,-0.15487354,0.0,0.0009484194,0.0,0.0,-0.009978283,-0.009182955,-0.3721063,-0.07646774,0.0,0.0,-0.042712975,-0.008497906,0.35513633,0.0,0.0,0.0,-0.0038060301,-0.01668664,0.003060924,-0.008966327,0.0,0.0,0.0,0.0,0.0,0.0,-0.031137533,-0.036649093,-0.10039042,-0.0040095923,0.0,0.00056099845,0.0,0.0,0.0,0.038893744,-0.052212473,-0.043060165,-0.19932857,0.058636807,0.0,-0.16053097,0.038385667,0.13051146,-0.004371414,0.33259523,0.0013480606,-0.00058494485,-0.05228736,-0.0032838872,-0.068436086,-0.008608723,0.006212593,-0.087385625,0.0005174588,0.035655692,-0.033372615,-0.121857576,-0.41240767,-0.022793908,0.0,0.076828375,0.0,-0.028727047,0.020698454,-0.0023180214,-0.060253005,0.77956,0.07134915,0.118912555,0.031669676
W0000095,-0.005193596,0.0,-0.007789295,-0.002592119,0.043123163,0.0057380395,-0.0034046895,0.017140303,-0.007926977,-0.8222009,-3.2545156,0.0595166,0.022084106,-0.059692293,0.015505506,0.0,0.01904458,0.010904469,0.0,0.0,-0.04622591,-0.004518023,0.018142926,-0.014588696,-0.021668833,-0.09113042,0.0,0.033744775,-0.014569342,-0.0980989,-0.016258009,0.0,-0.004910699,-0.08298621,0.05735983,0.04587716,0.0,0.0004783984,0.0,0.0,0.0025798192,-0.009236959,-0.429855,-0.09013594,0.0,0.0,-0.022318628,-0.005535935,-0.69466245,0.0,0.0,0.0,0.0020804543,-0.010798869,-0.0071581313,0.020647243,0.0,0.0,0.0,0.0,0.0,0.0,0.076639816,0.011458234,0.1646071,0.003377371,0.0,0.0003632445,0.0,0.0,0.0,-0.027740099,-0.06723228,0.034137107,-0.10295449,-0.054924183,0.0,-0.1661181,-0.07992397,-0.1575335,-0.0010346852,0.26993114,-0.0013493805,-0.0010022561,-0.045716006,-0.0046031643,-0.041638713,-0.004544034,0.0053385003,-0.030779116,-0.007334222,-0.020960055,0.023816545,-0.10721833,0.34928536,0.0026547555,0.0,-0.002558562,0.0,-0.034659427,-0.035245765,0.0019287223,-0.041555766,-0.43158633,-0.009148898,-0.749366,0.057826594
W0000096,-0.005193596,0.0,-0.007665135,-0.018399091,0.040821344,-0.0734957,-0.009454222,0.00024141977,-0.07665531,-0.8051378,-3.2210414,0.060077816,0.014007795,0.009356179,-0.015280576,0.0,-0.015068833,-0.010884961,0.0,0.0,-0.044730693,-0.013354607,-0.012125004,-0.006744347,0.007291582,-0.09415959,0.0,0.027431052,-0.02181326,-0.09355874,-0.016258009,0.0,-0.004910699,-0.046143346,-0.040926676,-0.16354968,0.0,0.00064800854,0.0,0.0,-0.0039439844,0.0030725633,-0.37234163,-0.0554049,0.0,0.0,-0.017790908,-0.007152428,-0.6899119,0.0,0.0,0.0,-0.0038060301,0.004813051,0.007814314,-0.008437777,0.0,0.0,0.0,0.0,0.0,0.0,-0.039954785,0.011458234,-0.1593671,0.003377371,0.0,0.0003632445,0.0,0.0,0.0,0.04371243,-0.065098524,0.034159422,-0.14859496,-0.05024408,0.0,-0.16546717,-0.075323924,-0.164164,-0.007173769,0.18560144,-0.012700345,-0.0010022561,-0.04620417,-0.0048454585,-0.05038188,0.0016414542,0.0049295323,-0.031378645,0.00057699945,-0.001631124,-0.043588754,-0.11392803,0.3205108,-0.022793908,0.0,-0.09389315,0.0,-0.026014002,-0.016078759,-0.0017891496,-0.041555766,-0.536159,-0.009148898,-0.7698363,-0.23045619
W0000097,-0.005193596,0.0,-0.030230567,-0.0020316434,-0.03962192,-0.07678862,-0.0016075228,-0.00073865196,-0.070990846,-0.82820755,-2.9473317,0.060077816,0.02040064,0.0039650816,-0.015280576,0.0,-0.015068833,-0.010884961,0.0,0.0,-0.044730693,-0.013354607,-0.01055101,-0.006744347,0.007291582,-0.072481275,0.0,0.025129955,-0.02181326,-0.083979264,-0.016258009,0.0,-0.004910699,-0.07253214,-0.040926676,-0.16681083,0.0,0.00064800854,0.0,0.0,-0.0023350685,0.0030725633,-0.37867832,-0.062003803,0.0,0.0,0.0027903432,-0.019258993,-0.5068518,0.0,0.0,0.0,-0.0038060301,-0.011085953,-0.0071581313,-0.014364039,0.0,0.0,0.0,0.0,0.0,0.0,-0.042403925,0.008386426,-0.15212181,0.0019520449,0.0,0.0003632445,0.0,0.0,0.0,-0.027740099,-0.065098524,-0.05268377,-0.12970847,-0.053716056,0.0,-0.16518201,-0.061393052,0.08025891,-0.004685431,-0.5323207,-0.017466415,-0.00038644386,-0.036498237,-0.004670028,-0.052818682,-0.004520991,0.0042169206,-0.03120526,-0.0029566854,-0.03046313,-0.04297116,-0.1011959,-0.37172294,-0.002744033,0.0,-0.077840544,0.0,-0.02321621,-0.025540344,0.0019287223,-0.05814499,-0.5061672,-0.009148898,-0.7488843,-0.2240899
W0000098,-0.005193596,0.0,-0.015375151,-0.019854572,0.043651678,0.013080573,-0.002784596,-0.036701225,-0.054103553,-1.017252,-4.2185616,0.052816674,0.019896474,0.03995195,-0.014416139,0.0,-0.027471712,-0.010884961,0.0,0.0,0.0009882203,-0.013354607,-0.0065986365,-0.009872633,0.009261733,-0.083166584,0.0,0.027958129,-0.014569342,0.04369688,-0.016258009,0.0,-0.004910699,-0.088616736,0.06461946,-0.16585034,0.0,0.0009484194,0.0,0.0,-0.0039439844,-0.014049161,0.33465385,0.06529449,0.0,0.0,-0.037104998,-0.006833845,0.39674956,0.0,0.0,0.0,-0.007291176,-0.019708265,-0.00247431,0.012000761,0.0,0.0,0.0,0.0,0.0,0.0,-0.034896087,-0.04431414,-0.18164946,-0.0069372794,0.0,-0.010462886,0.0,0.0,0.0,0.030938929,-0.052212473,-0.017521095,-0.01206629,-0.05615875,0.0,0.17715895,-0.07370918,0.14348939,-0.0065264786,0.31805637,-0.010083089,0.0003996393,-0.027339134,0.0028145886,-0.057458036,0.0025386605,-0.021261353,-0.0016204081,0.00057699945,0.035655692,-0.03328602,-0.10794539,0.32080442,-0.017196286,0.0,-0.1122168,0.0,-0.008733092,-0.016078759,0.0028726715,0.03563624,-0.47650835,-0.009148898,0.1721444,-0.17985623
W0000099,-0.0015967066,0.0,-0.04760947,-0.002667523,0.046294212,0.025135515,-0.00062570744,0.04475102,0.024783213,0.31169653,2.0197933,-0.0882434,-0.06180173,-0.34144324,0.01684472,0.0,-0.02764781,-0.010884961,0.0,0.0,0.010165792,0.004638333,-0.017031487,-0.023506533,0.013568222,-0.12764731,0.0,0.052129604,-0.02181326,0.07154132,-0.010347058,0.0,-0.0014661357,0.06185682,-0.058497414,-0.14932773,0.0,0.0026750115,0.0,0.0,-0.009978283,0.0030725633,0.38780034,0.15096264,0.0,0.0,0.0065574627,-0.0016240813,-1.1243877,0.0,0.0,0.0,-0.017717667,-0.030456837,-0.0044831694,-0.00015034457,0.0,0.0,0.0,0.0,0.0,0.0,-0.052172698,-0.032023966,-0.18124431,-0.018582787,0.0,0.00038004608,0.0,0.0,0.0,-0.030367967,-0.121261396,-0.013487575,-0.13164227,0.04152161,0.0,-0.16242218,0.01964158,-0.17534253,-0.00053625926,0.32952502,0.018226765,-0.0020473734,-0.014282327,0.0018698694,-0.024802303,-0.00748518,0.01133042,-0.020315262,0.0026562288,0.037302777,-0.053977456,-0.14538074,0.5931696,0.025591232,0.0,0.07554782,0.0,-0.017443685,-0.032830574,0.0049297153,0.008656675,-0.5094447,-0.002720084,-1.6654134,-0.48215982
W0000100,-0.005193596,0.0,-0.012117767,-0.0043815933,0.03664866,-0.09311477,-0.0037701917,0.008469857,-0.037692413,-0.88674855,-3.4837976,0.06016452,8.275546e-05,0.05606483,0.014705296,0.0,-0.020208191,0.010904469,0.0,0.0,-0.013504954,-0.004518023,-0.012567392,-0.006744347,-0.023716476,-0.079559006,0.0,-0.05563871,0.031219225,-0.10205434,0.028596843,0.0,-0.004910699,-0.057835378,-0.03471874,0.15904802,0.0,0.00064800854,0.0,0.0,0.0025798192,0.0030725633,-0.42114064,-0.13694756,0.0,0.0,0.0027606473,0.006500143,0.36060357,0.0,0.0,0.0,0.0020804543,-0.008726077,-0.0071581313,0.020730278,0.0,0.0,0.0,0.0,0.0,0.0,-0.029193308,0.017670471,0.10681321,0.003377371,0.0,0.0003632445,0.0,0.0,0.0,-0.025547964,-0.05268158,-0.06284364,-0.13897936,0.05887008,0.0,0.1758561,-0.08387507,-0.164164,-0.0010346852,0.31748348,-0.020536523,-0.00038644386,-0.0073717684,0.023978895,-0.063811444,-0.008748383,-0.018789299,-0.034371767,0.00057699945,-0.001631124,0.025584772,-0.103791684,0.42207885,0.0026547555,0.0,0.064049296,0.0,-0.035549365,-0.025540344,0.0019287223,-0.014286925,-0.44321483,-0.009148898,-0.78118193,-0.21340016
W0000101,-0.005193596,0.0,-0.01806885,-0.0035380437,-0.054745357,0.015726954,-0.002718827,-0.02565921,-0.030314408,-0.80760217,-4.118888,0.04834173,0.012915759,-0.19127283,0.017009752,0.0,-0.025312264,-0.010884961,0.0,0.0,-0.038908333,-0.004518023,-0.0076099965,0.0021065255,-0.020649206,0.08781478,0.0,-0.05769506,-0.02181326,0.03976124,-0.016258009,0.0,-0.004910699,-0.06939635,-0.032714307,0.06220629,0.0,0.0009484194,0.0,0.0,-0.0039439844,0.0075859367,0.3143682,0.0594801,0.0,0.0,0.0054422775,0.005305917,-0.7233065,0.0,0.0,0.0,-0.007291176,-0.015995488,0.004650646,0.00708084,0.0,0.0,0.0,0.0,0.0,0.0,-0.039954785,0.016244967,-0.17901191,0.003377371,0.0,-0.010462886,0.0,0.0,0.0,0.0393046,-0.048780844,0.08094713,-0.101149246,0.062444832,0.0,0.17698465,-0.08052144,-0.17199904,-0.008326908,0.264786,-0.01749426,-0.0010022561,-0.03521907,0.032353263,0.023690931,-0.0034465604,-0.024924073,0.00064948574,-0.007334222,0.035528563,-0.03868096,-0.13364363,0.45762134,0.0053460044,0.0,0.07350475,0.0,-0.024684863,0.020698454,-0.005866262,0.0278619,-0.44369492,-0.009148898,0.15914343,-0.009542286
W0000102,-0.005193596,0.0,-0.029616904,-0.0040978417,0.05196459,0.011978934,-0.0016589309,0.018726606,-0.014340253,-0.9606175,-3.5664036,0.062156573,0.020964287,-0.053458646,-0.014773394,0.0,0.01904458,-0.010884961,0.0,0.0,0.010580061,-0.004518023,-0.014560195,-0.021260915,0.0045637167,0.0746703,0.0,0.033453148,-0.014569342,-0.07773058,-0.016258009,0.0,-0.004910699,0.05874917,0.060215984,-0.16681083,0.0,0.00064800854,0.0,0.0,-0.0039439844,-0.009236959,-0.41501358,-0.049503103,0.0,0.0,0.004238994,-0.021112025,0.31908053,0.0,0.0,0.0,0.0020804543,0.006300307,-0.006987485,-0.008286718,0.0,0.0,0.0,0.0,0.0,0.0,-0.031137533,-0.04703808,0.14708345,0.0019520449,0.0,0.00056099845,0.0,0.0,0.0,-0.025547964,0.07458013,-0.065721676,-0.19217104,0.057661954,0.0,-0.16611779,-0.0555138,0.12730184,-0.008412387,-0.32694054,-0.0107190125,-0.00038644386,-0.052296497,-0.0035615717,-0.016547475,-0.015223706,-0.028176272,-0.03307901,0.0005174588,0.035655692,-0.0583387,-0.09625124,-0.38414308,0.0026547555,0.0,0.07416166,0.0,-0.024235101,-0.035245765,0.0020849817,-0.05814499,-0.41311404,-0.009148898,-0.48240978,-0.19257507
W0000103,-0.005193596,0.0,-0.034559038,-0.004281667,-0.071527004,0.007059119,-0.0016589309,-0.01617223,-0.0657116,-0.9083681,-3.5768974,0.0022218116,-0.016896825,0.027469829,0.014705296,0.0,-0.025312264,-0.010884961,0.0,0.0,-0.016218254,-0.013354607,-0.011595988,-0.006744347,0.0036420985,-0.07191257,0.0,0.026907532,0.019999173,0.026955532,-0.016258009,0.0,-0.004910699,-0.046143346,0.05374725,0.17571774,0.0,0.0009484194,0.0,0.0,0.0025798192,-0.009236959,0.31059837,0.031209469,0.0,0.0,-0.028188203,-0.021112025,0.3734116,0.0,0.0,0.0,-0.007291176,0.0060071647,-0.0029132469,-0.008285031,0.0,0.0,0.0,0.0,0.0,0.0,-0.042403925,-0.003272228,-0.18720561,0.0019520449,0.0,0.0003632445,0.0,0.0,0.0,-0.017068373,-0.05268158,-0.017521095,0.18981785,0.057661954,0.0,-0.12284878,-0.067327514,-0.17005458,-0.008412387,-0.32181376,-0.0107190125,-0.00038644386,-0.03052006,-0.020144124,-0.06553004,0.0019997275,-0.0008728574,-0.0071994234,0.0003778614,-0.03046313,0.025958583,-0.09992783,-0.3754685,0.0021426994,0.0,-0.07885573,0.0,-0.024919894,-0.035245765,0.0021913787,-0.03508182,-0.43450615,-0.009148898,-0.8344914,-0.19777006
W0000104,-0.005193596,0.0,-0.030230567,-0.002592119,-0.060462113,0.007059119,-0.0034046895,-0.0021086,-0.07443422,-0.8106313,-3.5747764,-0.00057524256,-0.00414146,0.068841256,0.015505506,0.0,-0.027471712,0.010904469,0.0,0.0,-0.044730693,-0.004518023,-0.014928754,0.0016317765,-0.042534553,-0.01962843,0.0,-0.10087924,-0.02181326,0.029482763,-0.016258009,0.0,-0.004910699,-0.07268846,-0.03193346,-0.17672667,0.0,0.0009484194,0.0,0.0,-0.003941606,-0.009236959,0.31248665,0.071378015,0.0,0.0,-0.032484565,-0.020654732,-0.60872245,0.0,0.0,0.0,0.003985507,-0.011085953,-0.0029132469,-0.008368065,0.0,0.0,0.0,0.0,0.0,0.0,0.06619006,0.009427947,-0.06222459,0.003377371,0.0,0.0003632445,0.0,0.0,0.0,0.03420058,-0.06723228,-0.018466737,-0.08728436,0.064924605,0.0,0.1748305,-0.02020443,0.12851402,-0.0011415993,-0.64770985,-0.020131439,-0.0010022561,0.00032011326,-0.02651516,-0.044422146,-0.003235363,0.0053385003,-0.0054843845,0.00093730603,-0.021087522,0.025731098,-0.10241954,0.35934573,-5.278457e-05,0.0,-0.07882802,0.0,-0.016553747,0.020698454,-0.0065475544,-0.029481102,-0.4095449,-0.009148898,-0.7882762,-0.05834206
W0000105,-0.005193596,0.0,-0.007665135,-0.0073925424,0.042386644,0.006023283,-0.003387034,0.017032148,-0.017135136,-0.8100806,-3.2812705,0.0595166,0.018082138,0.026259221,-0.015280576,0.0,0.01904458,0.010904469,0.0,0.0,0.010335175,-0.004518023,-0.015709344,-0.009872633,0.007291582,-0.09113042,0.0,0.033947915,-0.02181326,-0.087877445,-0.016258009,0.0,-0.004910699,-0.046143346,-0.040926676,-0.16354968,0.0,0.0009484194,0.0,0.0,-0.0039439844,0.0022701065,-0.3944949,-0.0668554,0.0,0.0,-0.011725359,-0.008490303,-0.6589894,0.0,0.0,0.0,0.0020804543,0.0056863357,-0.0071581313,0.013971457,0.0,0.0,0.0,0.0,0.0,0.0,-0.029193308,0.011458234,0.1646071,0.003377371,0.0,-0.006774679,0.0,0.0,0.0,0.04371243,-0.065098524,-0.049738742,-0.11540628,-0.05800499,0.0,-0.1676554,-0.07518335,-0.16515389,-0.0015058166,0.26831982,-0.012700345,-0.0010022561,-0.045716006,-0.008959123,-0.041638713,0.0016414542,0.005240972,-0.037665784,0.00057699945,0.035655692,0.023726229,-0.1247433,0.32557756,-0.022793908,0.0,-0.102909446,0.0,-0.026347041,-0.016078759,-0.0029993139,-0.031717405,-0.47505388,-0.009148898,-0.77092993,-0.22467594
W0000106,-0.005193596,0.0,-0.01559107,0.00052223937,-0.061376307,0.0071252463,-0.0023060043,-0.014574779,-0.028053403,-0.8667014,-3.806328,0.050333783,0.017535433,0.02135327,0.015505506,0.0,-0.025312264,-0.010884961,0.0,0.0,-0.04211379,-0.013354607,-0.0076099965,0.0021065255,0.012027082,-0.084460944,0.0,-0.057177037,-0.014569342,0.026483163,-0.016258009,0.0,-0.004910699,-0.04580485,0.0585505,-0.17715237,0.0,0.0009484194,0.0,0.0,-0.0023350685,0.0030546004,0.27936167,0.056170147,0.0,0.0,-0.03185361,-0.01747813,-0.6449705,0.0,0.0,0.0,-0.007291176,-0.009953683,0.004650646,-0.0092427805,0.0,0.0,0.0,0.0,0.0,0.0,-0.04616248,-0.023577042,-0.1944509,-0.0069372794,0.0,0.00056099845,0.0,0.0,0.0,0.0393046,-0.06723228,0.034475844,-0.101149246,0.058123887,0.0,-0.16393243,-0.040537097,-0.17199904,0.0036353772,-0.5252537,-0.012416667,0.0010364789,0.006572259,0.027253764,-0.06628324,0.0017564306,0.0070376936,-0.09838295,0.00093730603,-0.03046313,0.025731098,-0.119363315,0.33360285,-0.009455353,0.0,-0.12145744,0.0,-0.02211279,-0.035245765,-0.005866262,0.024102416,-0.43970704,-0.009148898,-0.15377596,-0.058671355
W0000107,-0.005193596,0.0,-0.007503952,-0.022169892,0.048309177,-0.07364202,-0.054260004,-0.0025680894,-0.08889358,0.3154588,-3.9086473,0.013815729,-0.024408387,-0.20965323,0.014705296,0.0,-0.027471712,-0.010884961,0.0,0.0,-0.0010558497,-0.013354607,-0.011595988,0.0022090615,-0.021241885,-0.078180656,0.0,-0.106925994,-0.014569342,0.023062203,-0.016258009,0.0,-0.004910699,-0.06409127,0.059934326,-0.17346552,0.0,0.0009484194,0.0,0.0,-0.0039439844,-0.0068245563,0.32478875,0.10255905,0.0,0.0,0.0039668316,-0.011077439,0.46626675,0.0,0.0,0.0,0.003985507,0.006707633,-0.0029132469,0.013888423,0.0,0.0,0.0,0.0,0.0,0.0,-0.036196228,-0.010937272,-0.042419046,0.003398105,0.0,-0.006774679,0.0,0.0,0.0,-0.010548553,-0.05268158,0.042382784,0.1902642,-0.055269156,0.0,0.1734861,-0.060490742,-0.17005458,-0.004586193,0.29808336,-0.0044868262,-0.00038644386,-0.031389277,0.0046434235,-0.05283339,-0.022779819,0.0045326618,-0.0060700844,0.0003778614,-0.0016303323,-0.04259735,-0.09864551,-0.41743627,-0.02010266,0.0,-0.069159746,0.0,-0.024919894,-0.025540344,0.0021913787,-0.0468486,-0.43841502,-0.002720084,-0.9170692,-0.030225335
W0000108,-0.005193596,0.0,-0.03183594,-0.004281667,0.04179441,0.010546856,-0.0016075228,-0.01617223,-0.074640855,-0.855863,-3.6336439,-0.00097844,-0.015316048,-0.06320412,-0.014416139,0.0,-0.025312264,-0.010884961,0.0,0.0,-0.013504954,-0.013354607,-0.018486653,-0.006744347,0.011797411,-0.08201947,0.0,0.034271896,-0.02181326,-0.08267675,-0.016258009,0.0,-0.004910699,-0.057835378,-0.03895516,-0.17346552,0.0,0.0009484194,0.0,0.0,-0.009978283,-0.0068245563,0.28978878,-0.009211417,0.0,0.0,0.003731879,-0.011138969,0.40409797,0.0,0.0,0.0,-0.007291176,0.0060071647,0.0042117094,-0.014364039,0.0,0.0,0.0,0.0,0.0,0.0,-0.031137533,0.013672152,-0.15212181,0.0019520449,0.0,0.0003632445,0.0,0.0,0.0,-0.023934359,-0.052212473,0.035421487,-0.08296444,-0.055269156,0.0,-0.16832311,0.0003915932,0.12730184,-0.004685431,0.30927336,0.01749261,-0.00038644386,-0.024088938,0.025742799,-0.055393107,0.0025386605,-0.0010742168,-0.03017995,0.0003778614,-0.001631124,-0.037803706,-0.10228175,-0.36788565,-0.017196286,0.0,0.07203314,0.0,-0.006129422,0.020698454,0.0019287223,-0.04830663,-0.49321845,-0.009148898,-0.86763567,-0.2085436
W0000109,-0.005193596,0.0,-0.04477227,-0.0018938468,0.0435244,-0.08521319,0.003162507,-0.0010337182,-0.08666074,0.3067774,-3.6841683,-0.19047718,-0.024408387,0.038803168,-0.014773394,0.0,-0.018481066,-0.010884961,0.0,0.0,0.0005107145,-0.013354607,-0.010242557,0.00708035,0.005243938,-0.022204507,0.0,-0.10381423,-0.02181326,-0.07951395,-0.016258009,0.0,-0.004910699,-0.077930465,-0.033904977,-0.16354968,0.0,0.0009484194,0.0,0.0,-0.009978283,-0.009236959,-0.37677944,-0.10833705,0.0,0.0,0.004609814,-0.008394898,0.38245898,0.0,0.0,0.0,-0.0038060301,-0.017977335,0.007814314,-0.007576673,0.0,0.0,0.0,0.0,0.0,0.0,-0.036196228,-0.036649093,-0.16116522,-0.0069798674,0.0,0.0003632445,0.0,0.0,0.0,-0.01741454,-0.0071504544,-0.010559796,-0.12100769,-0.050723102,0.0,-0.15972014,0.0017847102,-0.17005458,-0.004185183,0.30983365,-0.01793924,0.0003996393,0.011603835,-0.0026969067,-0.05378458,-0.022779819,0.005341873,-0.029794268,0.0005174588,-0.0016303323,-0.03789402,-0.102903664,-0.43420497,-0.022793908,0.0,0.06507921,0.0,-0.02321621,-0.035245765,-0.0029993139,-0.049796455,-0.48457628,-0.002720084,-0.97035795,0.05767458
W0000110,-0.005193596,0.0,-0.030230567,-0.0037683966,-0.024001753,0.010714125,-0.0037525361,-0.014082182,-0.07751088,-0.792843,-3.6063566,0.050333783,0.014007795,0.021597201,0.015505506,0.0,-0.025312264,-0.010884961,0.0,0.0,-0.044730693,-0.004518023,-0.015709344,-0.009872633,0.011130143,0.0889619,0.0,0.035208903,-0.02181326,0.030455984,-0.016258009,0.0,-0.004910699,-0.07253214,-0.03835218,-0.16460323,0.0,0.0009484194,0.0,0.0,-0.0039439844,-0.0068245563,0.28521127,0.059395384,0.0,0.0,-0.019863281,-0.008490303,-0.7480845,0.0,0.0,0.0,-0.007291176,-0.011085953,-0.0029132469,-0.008285031,0.0,0.0,0.0,0.0,0.0,0.0,-0.030342307,0.015456553,-0.18164946,0.003377371,0.0,0.0003632445,0.0,0.0,0.0,0.037966866,-0.06723228,-0.044299915,0.13110426,-0.055998262,0.0,0.1766989,-0.057628743,0.15277082,-0.0015058166,0.28063324,-0.012700345,-0.0010022561,0.008008358,0.026651718,-0.031751435,0.0016414542,-0.019110186,-0.010208856,-0.004514899,-0.03046313,-0.04259735,-0.09626351,0.28407067,-0.02010266,0.0,0.071530044,0.0,0.0035338532,-0.016078759,-0.012761795,0.03140383,-0.46279562,-0.009148898,-0.8677245,-0.22369547
W0000111,-0.005193596,0.0,0.003783389,-0.0044968026,0.05196459,0.006035506,-0.0016075228,0.008390445,-0.010825707,-0.9291939,-3.362221,0.062156573,0.016271483,0.030896787,-0.014416139,0.0,-0.020208191,0.010904469,0.0,0.0,-0.016218254,-0.004518023,0.016973153,-0.006744347,-0.009491169,0.07968998,0.0,0.035395455,-0.02181326,-0.076519445,-0.016258009,0.0,-0.004910699,-0.046143346,-0.040926676,-0.16681083,0.0,0.0004783984,0.0,0.0,0.0015274035,-0.009236959,-0.35524195,-0.094984,0.0,0.0,0.0028622756,-0.02190766,0.3529182,0.0,0.0,0.0,0.0020804543,-0.009446837,-0.0071581313,-0.0076982863,0.0,0.0,0.0,0.0,0.0,0.0,0.053531595,0.0148438355,-0.03835322,0.0019520449,0.0,0.0003632445,0.0,0.0,0.0,0.03534676,-0.052212473,-0.06573772,-0.12565616,-0.04974092,0.0,0.17166787,-0.044605576,0.14187483,-0.004685431,-0.593742,-0.0107190125,-0.00038644386,0.007134043,-0.004280976,0.07341768,-0.008748383,-0.0008728574,-0.034553677,-0.0029566854,0.027638912,-0.04297116,-0.10647265,-0.37010187,-0.0059473384,0.0,-0.081699945,0.0,-0.04030291,-0.016078759,0.0019287223,-0.053438358,-0.47432736,-0.009148898,-0.7174483,-0.18770258
W0000112,-0.005193596,0.0,-0.017017167,-0.0019308935,0.046739854,0.015079547,-0.00015866151,-0.0027327565,-0.06715381,-0.8667354,-3.803232,-0.009587637,0.01155477,0.04410529,-0.016905561,0.0,-0.015068833,-0.010884961,0.0,0.0,-0.047443993,-0.013354607,-0.006402849,0.0021065255,0.010689955,-0.095098816,0.0,0.02728412,-0.02181326,-0.07696039,-0.016258009,0.0,-0.004910699,0.05874917,-0.037117783,0.044630043,0.0,0.00064800854,0.0,0.0,0.006526944,-0.02280538,-0.41956195,-0.12649038,0.0,0.0,0.0054261354,0.005305917,-0.6530374,0.0,0.0,0.0,-0.0038060301,0.005293627,0.00798496,0.021512086,0.0,0.0,0.0,0.0,0.0,0.0,-0.036196228,-0.029465904,-0.15212181,0.0019520449,0.0,0.00056099845,0.0,0.0,0.0,0.03860841,0.000389155,-0.056423582,-0.15381943,0.06605148,0.0,-0.15991154,0.04130059,-0.17005458,-0.0033860477,0.28555652,-0.02022128,-0.0010022561,-0.0029055625,-0.015332625,-0.03093729,-0.010891898,0.0057415566,-0.02763555,0.0005174588,0.035655692,-0.04065431,-0.11021162,-0.42878893,0.0026547555,0.0,0.07792337,0.0,-0.082552224,-0.016078759,-0.018843718,-0.04676454,-0.4825129,-0.009148898,0.1334865,-0.016270854
W0000113,-0.005193596,0.0,-0.0035445718,0.00082514016,0.032015204,-0.106629096,-0.013880849,-0.036049888,-0.0010798471,-0.9727016,-3.5965762,0.05250319,0.021237623,0.018709503,0.006763044,0.0,0.01904458,0.010904469,0.0,0.0,-0.04622591,0.04582795,0.012048366,0.0016317765,0.056090303,0.06540225,0.0,-0.09437092,0.019999173,-0.08322187,0.028596843,0.0,-0.004910699,0.05958747,0.041890994,0.16805845,0.0,-0.006672401,0.0,0.0,0.0025798192,0.0075859367,-0.4182862,-0.10822792,0.0,0.0,0.0037385167,0.015615336,-0.61128324,0.0,0.0,0.0,0.0020804543,-0.015837569,-0.006987485,-0.007503223,0.0,0.0,0.0,0.0,0.0,0.0,0.06532767,0.012246649,0.10444756,0.003377371,0.0,0.00056099845,0.0,0.0,0.0,0.04371243,-0.06723228,-0.056423582,-0.12732896,0.062444832,0.0,-0.13776056,-0.06163173,-0.15654358,-0.0062619997,-0.21735603,0.003560883,-0.0021497128,0.001935699,-0.026990108,0.05825998,-0.010891898,0.0068973205,-0.020731,0.00093730603,0.027436856,-0.018876836,-0.12847894,0.4639371,0.0026547555,0.0,0.06552562,0.0,-0.039802022,-0.016078759,0.0026100148,-0.02392837,0.6936521,-0.009148898,0.11239819,0.041848317
W0000114,-0.0015967066,0.0,-0.017933583,0.006167188,-0.06754206,0.037468467,-0.018530147,0.048856094,0.091904156,0.42770493,2.3966238,-0.11781564,-0.08167075,0.14139405,0.023377407,0.0,0.028676864,-0.010884961,0.0,0.0,0.06658515,0.004638333,-0.0028422372,-0.023506533,0.045605008,-0.024109224,0.0,0.057093687,-0.014569342,0.080644,-0.010347058,0.0,-0.0014661357,0.07041024,0.07039464,-0.16187687,0.0,0.0026750115,0.0,0.0,-0.0023350685,0.0075859367,0.49362844,0.13027565,0.0,0.0,0.008347633,-0.051152635,-0.49339774,0.0,0.0,0.0,0.00968484,0.015612188,-0.002682825,0.0033516898,0.0,0.0,0.0,0.0,0.0,0.0,-0.024816878,-0.00080553535,0.18727373,0.009046914,0.0,0.0016667963,0.0,0.0,0.0,-0.021189496,-0.060338113,0.042172544,-0.11129749,0.089363195,0.0,0.2021122,-0.03482011,-0.16662565,-0.0007105544,-0.7150432,0.018835735,-0.0005672409,-0.009530671,-0.027642228,0.077734075,-0.017956438,-0.009237436,-0.00016564131,-0.020784438,0.00944812,0.03276161,0.17535661,0.65749973,-0.001428158,0.0,0.09562906,0.0,-0.022650335,0.01600558,0.007734093,0.027657093,-0.36130935,-0.002720084,0.2677808,-0.3575679
W0000115,-0.005193596,0.0,-0.03171178,-0.0022988962,0.030406982,0.006181256,-0.0016589309,-0.00033645565,-0.070345886,-0.92848796,-3.4042203,0.06271779,0.017572299,0.036401264,-0.014416139,0.0,-0.015068833,-0.010884961,0.0,0.0,0.0009882203,-0.013354607,-0.012125004,-0.006744347,0.013399251,-0.072481275,0.0,0.02783089,-0.014569342,-0.07583141,-0.016258009,0.0,-0.004910699,-0.046299666,0.06342879,-0.16681083,0.0,0.00064800854,0.0,0.0,-0.003941606,0.0030725633,-0.36489734,-0.07018973,0.0,0.0,-0.019422807,-0.018638488,0.31148058,0.0,0.0,0.0,-0.0038060301,-0.017977335,0.007814314,-0.014364039,0.0,0.0,0.0,0.0,0.0,0.0,-0.03734523,-0.03076023,-0.1593671,-0.0069372794,0.0,0.0003632445,0.0,0.0,0.0,0.038893744,-0.052212473,-0.04303785,-0.14298674,0.05985226,0.0,-0.16569926,0.019850882,0.13051146,-0.005232773,-0.67758465,-0.0107190125,0.0003996393,-0.03788637,-0.014588746,-0.0693783,0.0025386605,0.0050396128,0.019770361,0.00057699945,-0.03046313,-0.043588754,-0.10509764,0.18870248,-0.002744033,0.0,-0.1142163,0.0,-0.026014002,-0.016078759,-0.0017891496,-0.05504423,-0.5045132,-0.009148898,-0.7489644,-0.22020994
W0000116,-0.005193596,0.0,-0.010818465,-0.0341471,0.06770061,-0.09237916,-0.054260004,9.745313e-05,-0.06408125,0.14830618,-0.3674342,-0.1794067,-0.042202823,-0.26969573,-0.016727282,0.0,-0.015691405,-0.010884961,0.0,0.0,-0.047902074,-0.004518023,-0.026053226,-0.03035746,-0.009207206,-0.06725032,0.0,-0.068329215,-0.02181326,-0.13526796,-0.016258009,0.0,-0.004910699,0.059044823,-0.069392495,0.042616006,0.0,0.00064800854,0.0,0.0,-0.009978283,-0.009236959,-0.54268485,-0.11683059,0.0,0.0,0.0056785387,-0.051824454,-1.0083596,0.0,0.0,0.0,-0.0060421485,-0.009839695,0.019132175,-0.007929858,0.0,0.0,0.0,0.0,0.0,0.0,-0.033787936,0.011458234,-0.15171666,0.003398105,0.0,0.0003632445,0.0,0.0,0.0,-0.03227664,-0.10530176,0.039455008,-0.1663329,-0.068071574,0.0,-0.16763942,-0.024016555,0.11385753,-0.01686338,-0.3413006,-0.010545675,-0.0020473734,-0.06323335,-0.007420646,-0.084801465,-0.00748518,0.0070460206,-0.12554234,0.0009225488,-0.0013659829,-0.055873,-0.12765652,-0.66030955,-0.014277047,0.0,0.06686777,0.0,-0.04302557,0.020698454,-0.00540278,-0.080049485,-0.575868,-0.002720084,-1.2295716,-0.53122884
W0000117,-0.005193596,0.0,-0.030230567,-0.0026920452,-0.06405507,0.011867935,-0.001973025,0.0010533738,-0.070990846,-0.77774614,-2.8827438,0.060077816,0.02396769,0.00023322739,0.015505506,0.0,-0.015068833,-0.010884961,0.0,0.0,-0.047443993,-0.004518023,-0.011904441,-0.007219096,-0.009795429,-0.08405269,0.0,-0.09996875,-0.02181326,-0.069125086,-0.016258009,0.0,-0.004910699,-0.07253214,-0.040926676,-0.16681083,0.0,0.00064800854,0.0,0.0,-0.0023350685,-0.0068245563,-0.36262703,-0.06519346,0.0,0.0,-0.010367837,-0.019258993,-0.64268184,0.0,0.0,0.0,-0.0038060301,-0.011085953,-0.0071581313,-0.008285031,0.0,0.0,0.0,0.0,0.0,0.0,-0.03734523,0.009427947,-0.16492324,0.0019520449,0.0,0.0003632445,0.0,0.0,0.0,-0.027740099,-0.06723228,-0.044299915,-0.12970847,-0.059470236,0.0,0.16779897,-0.058859468,0.14814846,-0.0047923448,-0.52642447,-0.017971454,-0.0010022561,-0.035633087,0.024311723,-0.05392993,-0.003562016,-0.014895745,0.019111399,0.0003778614,-0.030590596,0.015150379,-0.109841354,-0.3977817,-0.002744033,0.0,0.07566315,0.0,-0.04302557,-0.035245765,0.0019287223,-0.06153557,-0.49764568,-0.009148898,-0.75816584,-0.18841061
W0000118,-0.005193596,0.0,-0.031656682,0.0012402661,-0.06405507,-0.06786273,-0.015408751,0.0010533738,-0.0046854056,-0.78720325,-2.97992,0.0595166,0.025857296,-0.032311015,-0.015280576,0.0,-0.020208191,-0.010884961,0.0,0.0,-0.044730693,-0.004518023,-0.010242557,-0.006744347,0.010951385,-0.083844796,0.0,0.025952667,-0.02181326,-0.061388437,-0.016258009,0.0,-0.004910699,-0.046299666,-0.040926676,0.08235515,0.0,0.0009484194,0.0,0.0,0.0015274035,-0.005509551,-0.33784983,-0.06252994,0.0,0.0,-0.019574612,-0.019258993,-0.6266108,0.0,0.0,0.0,-0.0038060301,-0.00944559,-0.0071581313,-0.0066511137,0.0,0.0,0.0,0.0,0.0,0.0,-0.025480919,0.0091748405,-0.15212181,0.0019520449,0.0,0.0003632445,0.0,0.0,0.0,0.04371243,-0.065098524,-0.018940719,-0.13170435,0.05642719,0.0,-0.15964417,-0.06267733,0.1375988,-0.004685431,-0.5731641,-0.012423094,-0.0010022561,0.0139498655,-0.021856315,-0.031285025,-0.0037247194,-0.0059048533,-0.03559045,-0.0029566854,-0.001631124,-0.043061476,-0.115488544,-0.3723816,-0.002744033,0.0,-0.049412154,0.0,-0.02321621,-0.035245765,-0.0029993139,0.044841766,-0.499043,-0.009148898,-0.6747788,-0.2189403
W0000119,-0.0015967066,0.0,-0.06454931,-0.004842725,-0.08202231,0.012607323,0.0017175301,0.015816635,-0.050675604,-0.76008606,0.77132076,0.06625521,0.017486881,0.051307827,-0.02378431,0.0,-0.015068833,-0.010884961,0.0,0.0,-0.057731807,-0.01766783,-0.015015106,-0.03035746,0.008135166,-0.1108268,0.0,0.03305804,-0.02181326,-0.15141335,-0.016258009,0.0,-0.0014661357,-0.11533367,-0.069392495,0.15904802,0.0,0.0026750115,0.0,0.0,0.006526944,0.0030725633,-0.5635499,-0.16569635,0.0,0.0,0.0061115483,0.008126087,-0.89694023,0.0,0.0,0.0,-0.0060421485,0.008087426,-0.01846855,6.678281e-05,0.0,0.0,0.0,0.0,0.0,0.0,-0.033787936,0.011458234,-0.16492324,0.0019520449,0.0,0.00071129086,0.0,0.0,0.0,-0.06360582,-0.06312139,-0.062942326,-0.2419068,0.04152161,0.0,-0.16883692,0.015770664,0.11385753,-0.022466995,0.31248647,-0.020131439,-0.0020473734,-0.062477477,0.026190134,-0.06291866,-0.0057074865,0.0061239386,-0.13265415,0.00057,-0.0011968948,0.039599735,-0.032781154,-0.61794204,-0.009067347,0.0,-0.0050950516,0.0,-0.02321621,-0.035245765,-0.025708027,-0.05007248,-0.58160377,-0.009148898,-1.4290209,-0.42565674
W0000120,-0.005193596,0.0,-0.0021970924,-0.024599688,0.052617535,0.013080573,-0.02185372,6.2312465e-05,-0.07997176,-0.97756034,-3.6597025,0.058684595,0.021332264,0.045950882,0.014705296,0.0,-0.015068833,-0.010884961,0.0,0.0,-0.015557149,-0.013354607,-0.006094396,-0.006744347,0.0034583244,-0.076657556,0.0,0.0003535021,-0.014569342,-0.08728102,-0.016258009,0.0,-0.004910699,-0.04580485,0.060215984,-0.17609881,0.0,0.0009484194,0.0,0.0,-0.0023350685,0.004673285,-0.36108193,0.06553759,0.0,0.0,-0.031158801,-0.019434122,0.35723144,0.0,0.0,0.0,-0.0038060301,-0.01930957,0.00798496,0.021124624,0.0,0.0,0.0,0.0,0.0,0.0,-0.042403925,0.00061996747,-0.16286133,-0.0040095923,0.0,0.00056099845,0.0,0.0,0.0,-0.017068373,-0.05268158,-0.017521095,-0.09447982,-0.0644247,0.0,0.18244089,-0.041339055,-0.17005458,-0.012805905,-0.6109828,-0.0185172,-0.00038644386,-0.034037173,-0.017069975,-0.077318326,0.0025386605,0.0048711677,-0.021468213,0.0003778614,-0.030590259,-0.044798184,-0.11200622,-0.38734755,-0.0065361145,0.0,-0.12365174,0.0,-0.06777828,-0.016078759,-0.018843718,-0.0359226,-0.484861,-0.009148898,-0.09897294,-0.2034795
W0000121,-0.005193596,0.0,-0.034559038,-0.0046419515,0.04814449,0.0057498077,-0.0016075228,-0.002712057,-0.06795697,-0.79406434,-3.6206954,-0.080036625,-0.015316048,-0.058615223,-0.014773394,0.0,-0.026988294,-0.010884961,0.0,0.0,0.013293359,-0.004518023,-0.0035027675,-0.009872633,0.005243938,0.07820581,0.0,0.03399177,-0.02181326,-0.077844396,-0.016258009,0.0,-0.004910699,-0.077827886,-0.03895516,-0.16460323,0.0,0.0009484194,0.0,0.0,-0.009978283,0.0022701065,0.28333622,-0.09255185,0.0,0.0,0.003731879,-0.011138969,0.3419072,0.0,0.0,0.0,0.003985507,0.006300307,-0.0029132469,0.011693997,0.0,0.0,0.0,0.0,0.0,0.0,-0.036196228,-0.003272228,-0.03835322,0.0019520449,0.0,-0.006774679,0.0,0.0,0.0,-0.025547964,0.06512083,-0.04303785,-0.14987212,-0.057275884,0.0,-0.15971905,0.03481706,-0.18109924,-0.012805905,0.3148535,0.01749261,-0.00038644386,-0.03373363,-0.0029447451,-0.063811444,0.0025386605,0.00441828,-0.028409258,0.0005174588,0.035528563,-0.04297116,0.007251011,-0.37075576,0.0053460044,0.0,-0.044529118,0.0,-0.02219723,-0.016078759,0.0019287223,0.03524179,-0.42780885,-0.009148898,-0.84145975,-0.22088292
W0000122,-0.005193596,0.0,-0.019297931,-0.0018478183,-0.014899636,0.0066344836,-0.0005264934,0.0003926591,-0.017879628,-0.8730057,-3.3484437,0.060077816,0.021233581,-0.18637237,-0.016905561,0.0,-0.015068833,-0.010884961,0.0,0.0,-0.044730693,-0.004518023,-0.014407124,-0.006744347,0.011762286,0.07854286,0.0,0.02809384,-0.02181326,-0.06630396,-0.016258009,0.0,-0.004910699,0.057559982,-0.044139482,-0.16723652,0.0,0.00064800854,0.0,0.0,-0.0023350685,0.0030546004,-0.35092562,-0.06536852,0.0,0.0,-0.029076152,-0.018463358,-0.49280745,0.0,0.0,0.0,-0.0038060301,-0.009603509,-0.006987485,-0.0060627256,0.0,0.0,0.0,0.0,0.0,0.0,-0.03734523,0.008386426,-0.16953097,0.003377371,0.0,0.00056099845,0.0,0.0,0.0,-0.027131531,0.08211975,-0.06054787,-0.095777884,-0.053733144,0.0,-0.16749826,-0.0410439,0.1375988,-0.008412387,-0.62803125,-0.01705828,-0.00038644386,0.011353768,-0.014099485,-0.06167983,-0.011159016,0.0061174734,-0.08297889,0.00057699945,-0.03046313,0.025584772,-0.10760267,-0.14783593,-0.002744033,0.0,-0.12709814,0.0,-0.056839585,-0.035245765,0.0026100148,0.044841766,-0.528112,-0.009148898,-0.097349375,-0.21654196
W0000123,-0.005193596,0.0,-0.030230567,-0.00366847,-0.03953196,-0.08816353,-0.0016251784,-0.014082182,-0.07508798,-0.7877586,-3.284312,0.050333783,0.021037888,-0.0760946,-0.015280576,0.0,-0.025312264,-0.010884961,0.0,0.0,-0.044730693,-0.004518023,-0.018486653,-0.021260915,0.011130143,0.09434968,0.0,0.0352697,-0.014569342,-0.08376795,-0.016258009,0.0,-0.004910699,-0.07253214,0.0654003,-0.17346552,0.0,0.0009484194,0.0,0.0,-0.0039439844,-0.009236959,0.19486977,0.046154287,0.0,0.0,0.0030672103,-0.005535935,-0.7385855,0.0,0.0,0.0,-0.007291176,-0.010798869,-0.0029132469,-0.0076982863,0.0,0.0,0.0,0.0,0.0,0.0,-0.03734523,0.011458234,-0.16286133,0.0019520449,0.0,0.0003632445,0.0,0.0,0.0,0.037966866,-0.065098524,0.034159422,-0.09606856,0.056932848,0.0,-0.16392988,-0.07106047,0.12730184,-0.0042142994,0.26630825,-0.01626535,-0.0010022561,-0.018364582,-0.0019516218,-0.03802531,0.0014297778,0.00441828,-0.024565581,-0.0029566854,-0.03046313,-0.04297116,-0.10717026,-0.3813863,-0.02010266,0.0,0.062262833,0.0,-0.006129422,-0.035245765,0.0019287223,-0.05814499,-0.50557137,-0.009148898,-0.81106186,-0.21531929
W0000124,-0.005193596,0.0,0.018485535,-0.019060593,0.043991715,-0.06539894,-0.026200958,0.019369448,-0.011791346,-0.98604476,-4.0296493,0.056737974,0.023247328,0.0021314044,-0.014773394,0.0,0.01904458,0.010904469,0.0,0.0,-0.015000172,-0.004518023,-0.009312688,0.0021065255,-0.052823648,-0.0788388,0.0,-0.057987653,0.019999173,-0.0909562,0.028596843,0.0,-0.004910699,-0.04496655,0.041890994,0.16474268,0.0,0.00064800854,0.0,0.0,0.006526944,0.004673285,-0.50957316,-0.13493475,0.0,0.0,0.004600008,0.006497564,0.3814662,0.0,0.0,0.0,0.0020804543,-0.01351537,-0.006987485,0.011917727,0.0,0.0,0.0,0.0,0.0,0.0,0.06532767,0.016874123,0.15337484,0.003377371,0.0,-0.010462886,0.0,0.0,0.0,0.038893744,0.07458013,-0.05263533,-0.15793112,-0.06344252,0.0,-0.17124659,-0.0001960937,-0.15654358,-0.0091504045,0.3088552,-0.0071662343,-0.00058494485,-0.007193152,-0.015959932,0.10852748,-0.014956588,-0.018053683,-0.024574282,0.00093730603,0.027511783,-0.049027372,-0.1140704,0.46490163,0.0026547555,0.0,-0.07837787,0.0,-0.052957892,-0.016078759,-0.018754136,-0.025128864,-0.2702703,-0.009148898,0.10861756,0.05404103
W0000125,-0.0015967066,0.0,-0.04760947,0.0019938913,-0.09847261,-0.085309595,-0.031080926,-0.095177434,-0.07310404,0.2827097,1.9344456,-0.13443717,-0.12387682,-0.3983299,-0.02378431,0.0,-0.025248786,-0.010884961,0.0,0.0,-0.055018507,0.00070057716,-0.022437103,-0.056174483,0.013834883,-0.124618135,0.0,0.052766822,-0.02181326,0.024743669,-0.016258009,0.0,-0.0014661357,-0.0426972,-0.028606677,-0.16460323,0.0,-0.037309382,0.0,0.0,-0.0039439844,-0.0068245563,0.37040228,-0.03477155,0.0,0.0,0.008221232,-0.01385493,-1.3339046,0.0,0.0,0.0,-0.017717667,0.007819312,0.0068278406,-0.00015034457,0.0,0.0,0.0,0.0,0.0,0.0,-0.033787936,-0.012362774,-0.17399903,0.003398105,0.0,0.00071129086,0.0,0.0,0.0,-0.055739194,0.024403682,0.040918946,0.021161243,-0.07261763,0.0,0.17295156,-0.13093026,0.10799977,-0.05043432,0.21013372,-0.0111636855,-0.0020473734,-0.019044643,0.0053424696,0.019112205,-0.0037592596,0.0073210215,-0.020517815,-0.0072187465,-0.0011931192,-0.08557133,-0.12542321,-0.6473658,-0.015704397,0.0,-0.06681255,0.0,-0.02219723,-0.032830574,0.003863288,0.02697526,-0.53918654,-0.002720084,-1.6257529,-0.047385097
W0000126,-0.005193596,0.0,0.018485535,-0.01643768,0.05009882,-0.082647,-0.026200958,-0.005199942,-0.06642748,-0.8808689,-3.7660115,-0.008568189,-0.0131254895,0.04113821,0.014705296,0.0,-0.015068833,0.010904469,0.0,0.0,-0.015000172,-0.004518023,0.009687144,-0.014588696,0.0010633208,-0.07176107,0.0,0.037215516,0.031219225,-0.11644003,0.028596843,0.0,-0.004910699,-0.083899364,-0.030909847,0.14649889,0.0,0.0004783984,0.0,0.0,0.0025782639,-0.014049161,-0.46347985,-0.14987561,0.0,0.0,0.0035537356,0.016806982,0.3235944,0.0,0.0,0.0,-0.0038060301,-0.01351537,-0.006987485,0.011413151,0.0,0.0,0.0,0.0,0.0,0.0,-0.030342307,0.010600343,-0.17216852,0.003377371,0.0,-0.010462886,0.0,0.0,0.0,-0.025547964,-0.05268158,0.035141602,-0.15291491,-0.057140935,0.0,-0.1589671,-0.073387876,0.13541216,-0.0010299303,-0.71675503,0.0013480606,0.00060491834,-0.019219266,0.025389062,-0.100142345,0.0025156173,-0.016575634,-0.029672943,0.00093730603,-0.03046313,0.021184348,-0.09847312,0.44430125,-0.002744033,0.0,0.08253117,0.0,-0.039802022,-0.016078759,-0.002787324,-0.032276902,-0.4018831,-0.009148898,0.09661685,0.03918709
W0000127,-0.005193596,0.0,-0.01806885,-0.0011621806,-0.028097996,-0.10641837,-0.00012831762,-0.0034300196,-0.086281195,-0.9121138,-3.6576371,0.05604463,0.016817681,0.060932532,0.015505506,0.0,-0.015068833,-0.010884961,0.0,0.0,-0.04211379,-0.013354607,-0.006094396,-0.006744347,0.006258531,-0.09041022,0.0,0.023804909,-0.02181326,-0.08707891,-0.016258009,0.0,-0.004910699,-0.06279264,-0.040191595,-0.16479678,0.0,0.0009484194,0.0,0.0,-0.0039439844,-0.014049161,-0.39167917,0.024078269,0.0,0.0,0.0034980197,-0.007337549,-0.75103164,0.0,0.0,0.0,-0.0038060301,-0.009133046,-0.006987485,0.021512086,0.0,0.0,0.0,0.0,0.0,0.0,-0.042403925,0.015456553,-0.17010662,-0.0069372794,0.0,0.00056099845,0.0,0.0,0.0,-0.020265544,-0.062079072,-0.01878316,0.14740461,-0.061342016,0.0,0.17827201,-0.066255726,-0.17005458,-0.004435758,0.30011332,-0.01749426,-0.0010022561,-0.0127248075,-0.0310378,-0.047410954,0.0016414542,0.0057415566,-0.025982762,0.00093730603,-0.03545718,-0.038827285,0.04039327,-0.16403383,0.0026547555,0.0,-0.078826346,0.0,-0.082552224,-0.016078759,-0.018754136,-0.04676454,-0.47569594,-0.009148898,0.12675014,-0.23209691
W0000128,-0.005193596,0.0,0.003783389,0.0024866026,-0.047643214,0.006592401,-0.0016075228,-0.015280866,-0.07120144,-0.9281742,-3.644471,0.052973755,0.02476294,0.04081948,0.014705296,0.0,-0.025312264,-0.010884961,0.0,0.0,-0.013504954,-0.004518023,0.010399397,-0.006744347,0.011327063,0.07139015,0.0,0.03601282,-0.014569342,0.026955532,-0.016258009,0.0,-0.004910699,-0.08298621,0.0654003,-0.17672667,0.0,0.0006124293,0.0,0.0,-0.0023350685,-0.009236959,0.28739393,0.073916376,0.0,0.0,0.002804188,-0.02190766,0.3632455,0.0,0.0,0.0,-0.007291176,-0.00903951,-0.0029132469,-0.008285031,0.0,0.0,0.0,0.0,0.0,0.0,-0.025480919,0.011641865,-0.17440417,0.0019520449,0.0,0.0003632445,0.0,0.0,0.0,-0.017068373,-0.05268158,-0.052223306,-0.0374476,0.057661954,0.0,0.17826787,-0.04209672,0.14976287,-0.004685431,-0.6281216,-0.0107190125,-0.00038644386,-0.016109928,-0.031223856,-0.05490255,-0.0061441045,-0.0008728574,-0.007336259,0.0003778614,-0.001631124,-0.037429895,-0.09793635,-0.35856485,-5.278457e-05,0.0,-0.07961147,0.0,0.005645792,-0.025540344,0.0021913787,-0.05442435,-0.44068006,-0.009148898,-0.7742535,-0.22263291
W0000129,-0.0015967066,0.0,-0.04760947,-0.0035083333,0.026076067,0.02010773,-0.00062570744,-0.08149319,-0.06982784,0.31190607,1.9545977,-0.13227583,-0.0898683,-0.3185733,-0.02378431,0.0,-0.025248786,-0.010884961,0.0,0.0,-0.044563368,0.00070057716,-0.017031487,-0.039127372,-0.044520207,0.10202178,0.0,-0.21798986,-0.02181326,0.02295611,-0.010347058,0.0,-0.0014661357,0.061435148,-0.028606677,-0.17672667,0.0,0.0026750115,0.0,0.0,-0.003941606,-0.009236959,0.3691948,0.14595135,0.0,0.0,-0.04666367,-0.051663257,-0.97568464,0.0,0.0,0.0,-0.017717667,-0.01393405,0.0068278406,-0.00015034457,0.0,0.0,0.0,0.0,0.0,0.0,-0.058380395,-0.026135102,-0.18124431,-0.018582787,0.0,0.00071129086,0.0,0.0,0.0,-0.030367967,0.10613427,-0.013471502,-0.16321538,0.040313482,0.0,-0.16954648,-0.023918761,-0.1675075,-0.0015182241,-0.8739672,-0.011445455,-0.0020473734,-0.016575232,-0.04488121,-0.05217483,-0.037681926,0.01133042,0.022350606,0.0026562288,-0.030026715,-0.07117363,-0.12704888,0.4230231,-0.001428158,0.0,-0.10546234,0.0,-0.017443685,-0.0078189755,-0.006747638,-0.058339294,-0.51748747,-0.002720084,-1.490697,-0.043269668
W0000130,-0.005193596,0.0,-0.030230567,-0.0020316434,-0.057002667,0.0068918485,-0.0016251784,7.3301606e-05,-0.018427527,-0.8118162,-3.219658,0.060077816,0.017296609,-0.023107212,0.015505506,0.0,-0.015068833,-0.010884961,0.0,0.0,-0.044730693,-0.004518023,-0.0122589385,-0.007219096,-0.021668833,-0.072481275,0.0,-0.10316354,-0.014569342,-0.06599197,-0.016258009,0.0,-0.004910699,-0.07253214,0.06342879,-0.15794854,0.0,0.0009484194,0.0,0.0,-0.0023350685,0.0030725633,-0.33199137,-0.05140593,0.0,0.0,0.0030319246,0.0159557,-0.51602185,0.0,0.0,0.0,-0.0038060301,-0.010798869,0.007814314,-0.0076982863,0.0,0.0,0.0,0.0,0.0,0.0,-0.042403925,0.008386426,-0.1593671,0.003377371,0.0,0.0003632445,0.0,0.0,0.0,-0.027131531,-0.06723228,-0.060406353,-0.07854137,0.054669,0.0,-0.16737024,-0.039116073,-0.17788965,-0.0011415993,-0.53599066,-0.017694203,-0.00038644386,0.028378416,0.024311723,-0.052818682,-0.003562016,0.0053385003,0.020242201,0.00057699945,-0.030590596,-0.043061476,-0.11402323,0.18652514,-0.002744033,0.0,-0.08944286,0.0,-0.035549365,-0.025540344,-0.0029993139,0.0258542,-0.5136935,-0.009148898,-0.7631961,-0.22426997
W0000131,-0.0015967066,0.0,-0.082717896,-0.0040733246,-0.13762932,0.023265261,0.0033260619,0.010459119,-0.042121053,-1.1545358,1.0387194,0.06975097,0.04748686,-0.25288412,-0.0155579,0.0,-0.015068833,-0.010884961,0.0,0.0,-0.016175983,-0.01766783,-0.007093625,0.0019843124,0.0028873906,0.07475339,0.0,0.030082297,-0.02181326,-0.082989976,-0.016258009,0.0,-0.0014661357,0.06185674,-0.055331137,0.073067166,0.0,0.00113848,0.0,0.0,0.0025782639,-0.009182955,-0.5490474,-0.19501805,0.0,0.0,0.009555553,-0.05210385,0.37927508,0.0,0.0,0.0,-0.0060421485,-0.034769982,0.019540971,-0.037633196,0.0,0.0,0.0,0.0,0.0,0.0,-0.045054328,-0.03076023,-0.16228569,-0.0040095923,0.0,-0.031086527,0.0,0.0,0.0,-0.0559145,0.068028264,-0.08716301,-0.3760972,-0.05274083,0.0,-0.18558186,-0.042105563,-0.19454357,-0.032275606,-1.1293656,0.018128535,-0.001044347,0.016354904,-0.023092754,-0.10526186,-0.017631814,-0.052126512,-0.14732938,0.0009225488,-0.030379815,0.022199906,0.030557485,-0.5703164,-0.014466135,0.0,0.10389807,0.0,-0.071613535,-0.016078759,-0.004768999,0.047367338,-0.427631,-0.009148898,0.15378101,0.010289118
W0000132,-0.005193596,0.0,-0.034559038,-0.0022988962,-0.06230482,0.011202746,-0.0016075228,0.008390445,-0.016490173,-0.9131855,-3.270095,0.062156573,0.027509417,0.028190708,-0.014416139,0.0,-0.020208191,-0.010884961,0.0,0.0,0.009910832,-0.004518023,-0.011904441,-0.006744347,0.005243938,-0.079559006,0.0,0.031243334,-0.02181326,-0.081146926,-0.016258009,0.0,-0.004910699,-0.07253214,-0.040926676,-0.16354968,0.0,0.00064800854,0.0,0.0,0.0025798192,-0.009236959,-0.37394458,-0.11964657,0.0,0.0,0.0032769656,-0.008665432,0.35952997,0.0,0.0,0.0,0.0020804543,-0.017977335,-0.0071581313,0.020494755,0.0,0.0,0.0,0.0,0.0,0.0,-0.036196228,-0.036649093,-0.03835322,-0.0040095923,0.0,0.0003632445,0.0,0.0,0.0,-0.023934359,-0.052212473,-0.06291898,-0.12566662,0.057661954,0.0,-0.16190836,-0.08712592,-0.1732642,-0.012805905,0.3034563,-0.0107190125,-0.00038644386,0.012091993,0.0242555,-0.031168416,-0.010896082,-0.0110132145,-0.03451998,0.0003778614,0.035528563,-0.04297116,-0.100633994,-0.38838926,0.0026547555,0.0,0.07362909,0.0,-0.04302557,-0.035245765,0.0016836827,-0.05099695,-0.48697296,-0.009148898,-0.81803393,-0.19089876
W0000133,-0.005193596,0.0,-0.015792798,-0.0034616964,-0.073172,0.022734776,0.0093089845,-0.031594165,-0.081415966,0.37177908,-3.8555994,-0.20143434,-0.11537116,0.060131315,-0.014416139,0.0,0.020771705,0.010904469,0.0,0.0,0.011798143,-0.0055564484,-0.006402849,-0.024976261,-0.051611915,-0.023351628,0.0,-0.109798774,0.031219225,-0.07266313,0.028596843,0.0,-0.004910699,0.06324862,-0.030909847,0.15035874,0.0,0.00064800854,0.0,0.0,0.006526944,0.004673285,-0.5304918,-0.19605419,0.0,0.0,0.0054261354,0.0050102035,0.3540827,0.0,0.0,0.0,0.0020804543,0.007659561,-0.006987485,-0.0072164065,0.0,0.0,0.0,0.0,0.0,0.0,0.06484375,0.013672152,0.16369916,0.003398105,0.0,0.00056099845,0.0,0.0,0.0,-0.019028144,-0.047059264,-0.0707537,-0.18004109,-0.0644247,0.0,-0.1766475,-0.09193009,0.13741733,0.0014766506,0.32016733,-0.017948281,-0.00058494485,-0.05092471,0.004117717,-0.07224572,0.0036182888,0.0074587925,0.03008327,0.0005174588,-0.020959264,0.029940829,0.15514304,-0.41001818,0.004980544,0.0,0.08022505,0.0,-0.082552224,-0.035245765,0.0021407122,0.03735347,-0.37388316,-0.002720084,0.13295554,0.051255822
W0000134,-0.005193596,0.0,-0.017017167,0.0019390096,-0.04253278,0.013000077,-0.00012831762,-0.036182,-0.078468785,-0.9772917,-3.9994583,0.054366976,0.022028737,-0.028087389,-0.016905561,0.0,-0.025312264,-0.010884961,0.0,0.0,0.05080853,-0.013354607,-0.023693299,0.0021065255,0.011979062,0.07705869,0.0,0.03519105,-0.02181326,-0.07448883,-0.016258009,0.0,-0.004910699,0.05874917,-0.026731014,-0.17471263,0.0,0.0009484194,0.0,0.0,-0.009978283,-0.02280538,0.12612054,-0.04899503,0.0,0.0,0.0055851284,-0.007337549,-0.535009,0.0,0.0,0.0,-0.007291176,-0.014157264,0.004650646,-0.007503223,0.0,0.0,0.0,0.0,0.0,0.0,-0.031137533,-0.032023966,-0.15212181,-0.0040095923,0.0,0.00056099845,0.0,0.0,0.0,-0.027740099,-0.04977632,-0.017665138,-0.13546573,0.05458775,0.0,-0.16211656,0.03875734,0.12730184,-0.004371414,0.29483023,0.020970855,-0.00038644386,-0.031739026,-0.037263528,-0.0027770689,-0.003235363,0.0064291065,-0.016126757,0.0005174588,0.035655692,-0.03944488,-0.13195124,-0.42140403,0.0021426994,0.0,0.07491816,0.0,-0.0025130347,0.020698454,-0.0011078571,-0.05391258,-0.47621247,-0.009148898,0.17108104,0.005584473
W0000135,-0.005193596,0.0,0.0006688796,-0.019475443,-0.060173992,-0.044214908,-0.025385331,0.008168645,-0.018508904,-0.788829,-3.2189445,0.0595166,0.02511223,0.055205986,-0.016905561,0.0,-0.020208191,-0.010884961,0.0,0.0,0.010335175,-0.004518023,-0.011595988,-0.009872633,0.0011289273,0.090474665,0.0,0.024966037,-0.02181326,-0.07914691,-0.016258009,0.0,-0.004910699,0.058410674,-0.040926676,-0.16354968,0.0,0.0009484194,0.0,0.0,-0.0039439844,0.0030725633,-0.35311523,-0.07488295,0.0,0.0,0.0030672103,0.004897153,-0.6490829,0.0,0.0,0.0,0.0020804543,0.005973419,-0.0071581313,-0.008756334,0.0,0.0,0.0,0.0,0.0,0.0,-0.030539613,0.011458234,0.12685993,0.0019520449,0.0,0.0003632445,0.0,0.0,0.0,-0.024809591,0.08211975,-0.057461325,-0.1083899,0.07008672,0.0,-0.16546717,-0.07422592,-0.17005458,-0.0088607455,0.26705587,-0.01626535,-0.0010022561,0.018184323,-0.004613805,-0.029188614,-0.003562016,-0.017381562,-0.030804392,0.0003778614,0.035655692,-0.037803706,-0.11116217,-0.3972123,-0.000548549,0.0,-0.07377129,0.0,-0.04302557,-0.025540344,0.0016836827,-0.05099695,-0.45258507,-0.009148898,-0.73399097,-0.22825313
W0000136,-0.005193596,0.0,-0.007503952,-0.024587052,0.049778208,0.0114513,-0.034535304,0.007434525,-0.0807233,0.28988734,-3.1946535,-0.202307,-0.094007194,0.037720766,-0.014416139,0.0,-0.018481066,0.010904469,0.0,0.0,-0.016218254,-0.004518023,0.03122865,-0.004241837,0.00046879146,0.072637126,0.0,0.034004737,-0.02181326,-0.08812331,-0.016258009,0.0,-0.004910699,-0.077930465,-0.040926676,-0.16681083,0.0,0.00064800854,0.0,0.0,-0.0023350685,-0.0068245563,-0.4231324,-0.11950412,0.0,0.0,0.0029420108,-0.021637125,0.377311,0.0,0.0,0.0,0.0020804543,-0.00903951,-0.0071581313,-0.008673299,0.0,0.0,0.0,0.0,0.0,0.0,-0.030539613,0.010600343,0.13224338,0.003398105,0.0,0.0003632445,0.0,0.0,0.0,-0.019028144,-0.052212473,0.042066365,-0.16556343,-0.055269156,0.0,-0.16737024,-0.061138034,-0.1732642,-0.0039711744,-0.59698987,-0.005115183,-0.00038644386,-0.03788637,-0.017074613,-0.091026425,0.005743863,-0.01695574,-0.031304814,0.0003778614,-0.0013659829,-0.037803706,-0.10354619,-0.43569043,-0.0065361145,0.0,-0.08763501,0.0,-0.04030291,-0.035245765,0.0016836827,-0.05099695,-0.4863648,-0.002720084,-0.8019519,-0.24265663
W0000137,-0.005193596,0.0,-0.034559038,-0.004281667,-0.06919944,0.007557037,-0.0016251784,-0.00033645565,-0.070345886,-0.91343945,-3.1822453,0.06271779,0.026204333,0.02487524,-0.014416139,0.0,-0.015068833,-0.010884961,0.0,0.0,-0.013504954,-0.013354607,-0.011904441,-0.007219096,-0.023716476,-0.072481275,0.0,-0.08950868,-0.014569342,-0.07928114,-0.016258009,0.0,-0.004910699,0.058410674,0.06342879,-0.16681083,0.0,0.00064800854,0.0,0.0,0.0015274035,-0.0068245563,-0.3886954,-0.11510227,0.0,0.0,0.0030000983,0.01680956,0.33468974,0.0,0.0,0.0,-0.0038060301,-0.008726077,-0.0071581313,-0.0076982863,0.0,0.0,0.0,0.0,0.0,0.0,-0.031137533,0.010600343,-0.16492324,0.0019520449,0.0,0.0003632445,0.0,0.0,0.0,-0.025547964,-0.052212473,-0.052638438,-0.16765729,-0.055269156,0.0,-0.1566282,-0.061761394,0.13051146,-0.0043212133,-0.5917283,-0.0107190125,-0.00038644386,-0.037218098,-0.004280976,-0.0768755,-0.006306808,0.00441828,-0.02572692,0.0003778614,-0.0017585903,0.015060063,-0.017704744,-0.35834494,-0.002744033,0.0,-0.006994212,0.0,-0.04302557,-0.016078759,-0.0029993139,-0.056944493,-0.48685125,-0.009148898,-0.74232024,-0.20920183
W0000138,-0.005193596,0.0,-0.029178884,-0.0019685552,0.037296884,0.0068918485,-0.0034046895,0.00048114778,-0.06969845,-0.81514996,-3.3186886,0.060077816,0.014168048,0.060018487,-0.015280576,0.0,-0.015068833,-0.010884961,0.0,0.0,0.053521827,-0.013354607,-0.0122589385,-0.021260915,0.011370178,-0.093951695,0.0,-0.05793131,-0.02181326,-0.093477845,-0.016258009,0.0,-0.004910699,0.058410674,-0.040926676,-0.17346552,0.0,0.0009484194,0.0,0.0,-0.0039439844,-0.009236959,-0.35254374,-0.055224825,0.0,0.0,0.0034466144,0.0053286687,-0.60031277,0.0,0.0,0.0,-0.0038060301,-0.014892897,0.007814314,0.011458475,0.0,0.0,0.0,0.0,0.0,0.0,-0.039954785,-0.032023966,-0.17216852,-0.0069372794,0.0,-0.006774679,0.0,0.0,0.0,-0.025418159,-0.065098524,-0.057461325,-0.116625465,0.06887859,0.0,-0.16124065,-0.07095395,-0.164164,-0.0010346852,0.2609378,-0.017466415,-0.0010022561,-0.04542473,-0.0043371986,-0.012568248,-0.004520991,-0.016149905,-0.030880965,0.00093730603,0.035655692,0.015150379,-0.1247433,0.32327455,-0.022793908,0.0,-0.08650782,0.0,-0.035549365,-0.016078759,0.0016836827,-0.041555766,-0.47582814,-0.009148898,-0.7904992,-0.22867495
W0000139,-0.005193596,0.0,-0.03183594,-0.004281667,0.029754037,0.0059077805,-0.0017368491,-0.00025704456,-0.063662,-0.9142841,-3.4599233,0.06271779,0.019013688,0.05124381,0.015036006,0.0,-0.015068833,-0.010884961,0.0,0.0,-0.013504954,-0.013354607,-0.012567392,-0.006744347,0.013399251,-0.072481275,0.0,0.031704944,-0.02181326,-0.08274067,-0.016258009,0.0,-0.004910699,0.058410674,-0.040926676,-0.16681083,0.0,0.00064800854,0.0,0.0,-0.0023350685,-0.009236959,-0.34793037,-0.082231365,0.0,0.0,-0.025764477,0.015193069,0.3393787,0.0,0.0,0.0,-0.0038060301,0.0067279246,-0.0071581313,-0.008285031,0.0,0.0,0.0,0.0,0.0,0.0,-0.036196228,0.013802314,-0.17216852,0.003377371,0.0,0.0003632445,0.0,0.0,0.0,-0.02327751,0.074798994,-0.06581306,-0.07074914,0.064094275,0.0,-0.16174087,-0.04164529,-0.1732642,-0.007173769,-0.5432676,-0.0107190125,-0.00038644386,0.009509966,0.023933312,-0.024721164,-0.013337658,0.0053385003,-0.03782988,0.00057699945,0.035655692,0.025584772,-0.10682909,0.19487838,-0.002744033,0.0,0.0008795904,0.0,-0.035549365,0.020698454,0.0019287223,-0.031717405,-0.4930705,-0.009148898,-0.7743659,-0.22662032
W0000140,0.08293642,0.0,0.018485535,0.0031520978,-0.065606475,-0.09043716,-0.026200958,-0.035235494,0.004956607,-0.9432745,-3.7420945,0.055143163,0.02198768,0.031234961,0.006293545,0.0,0.01904458,0.010904469,0.0,0.0,-0.015000172,0.04582795,0.011471686,-0.0107515175,-0.052823648,-0.040304527,0.0,0.021256082,0.031219225,-0.08087483,0.028596843,0.0,-0.004910699,0.05963128,-0.030909847,0.16805845,0.0,0.0004783984,0.0,0.0,0.0015274035,0.004673285,-0.4542691,-0.12186605,0.0,0.0,0.0032665387,-0.015453342,0.31605154,0.0,0.0,0.0,0.0020804543,-0.01351537,-0.006987485,-0.006711831,0.0,0.0,0.0,0.0,0.0,0.0,0.06532767,0.0148438355,0.10725396,0.003377371,0.0,0.00056099845,0.0,0.0,0.0,-0.025547964,0.06533969,-0.06284054,-0.16938682,-0.0644247,0.0,0.17631413,-0.046328448,-0.1455769,-0.0091504045,-0.7319628,0.0013480606,-0.00058494485,-0.019219266,0.025389062,-0.011101898,-0.012515012,-0.021924164,0.02671778,-0.007334222,0.027511783,0.008154715,0.13295576,0.46249837,-0.00041824486,0.0,0.08234598,0.0,-0.052957892,-0.016078759,-0.018754136,-0.03146929,0.623258,0.07134915,0.10966465,0.03821063
W0000141,-0.005193596,0.0,-0.017853905,-0.0022385318,-0.061376307,0.010283569,-0.0019381724,-0.02589912,-0.08061673,-0.97304624,-3.959829,0.04871326,0.017535433,0.068493515,0.015505506,0.0,-0.025312264,-0.010884961,0.0,0.0,0.006190894,-0.013354607,-0.0076099965,0.0016317765,-0.009013576,0.080999136,0.0,-0.1010609,-0.02181326,0.026539916,-0.016258009,0.0,-0.004910699,-0.045298167,-0.032714307,-0.17715237,0.0,0.0009484194,0.0,0.0,-0.0023350685,-0.02280538,0.30249113,0.057087,0.0,0.0,0.0040969746,-0.0036209095,-0.5800297,0.0,0.0,0.0,-0.007291176,-0.014254402,0.004650646,-0.007503223,0.0,0.0,0.0,0.0,0.0,0.0,-0.04616248,-0.028131768,-0.1944509,-0.0069372794,0.0,0.00056099845,0.0,0.0,0.0,-0.018552173,-0.06723228,-0.043983497,-0.10236843,0.07000548,0.0,0.1758343,-0.058706604,-0.17199904,-0.0055328496,-0.63414013,0.003560883,-0.0021497128,-0.025804417,-0.04570388,0.11782563,0.0017564306,0.006454015,0.013189743,0.00093730603,-0.033581786,0.021648474,-0.11592314,0.4704557,-5.278457e-05,0.0,-0.12328625,0.0,-0.024684863,0.020698454,-0.01849148,0.028159507,-0.33976775,-0.009148898,0.13997504,0.043667644
W0000142,-0.005193596,0.0,0.0328351,-0.018399091,0.042130187,-0.09301131,-0.027404219,0.0010533738,-0.052079495,-0.79391956,-3.1101482,0.060077816,0.00915444,-0.025768112,-0.015280576,0.0,-0.015068833,-0.010884961,0.0,0.0,-0.044730693,-0.004518023,-0.016017798,-0.007219096,-0.020760506,-0.09415959,0.0,-0.10146305,-0.02181326,-0.073810056,-0.016258009,0.0,-0.004910699,-0.063131124,-0.040926676,-0.16354968,0.0,0.00064800854,0.0,0.0,-0.0039439844,-0.009236959,-0.37233806,-0.08156587,0.0,0.0,0.0028975615,-0.008587038,-0.70468,0.0,0.0,0.0,-0.0038060301,-0.010928034,-0.0071581313,0.020577531,0.0,0.0,0.0,0.0,0.0,0.0,-0.03674731,0.011458234,-0.1593671,0.003377371,0.0,0.0003632445,0.0,0.0,0.0,-0.027740099,-0.059945315,-0.04997164,-0.15190803,0.05346087,0.0,-0.16392988,-0.070857294,-0.17005458,-0.0017795187,0.27505934,-0.01626535,-0.0010022561,-0.013841469,-0.009235729,-0.038902517,-0.009272968,0.0050270604,-0.003954294,-0.004514899,-0.030590596,-0.04297116,0.010447169,0.18937317,0.0026547555,0.0,0.06430616,0.0,-0.026347041,-0.016078759,0.0019287223,-0.044946346,-0.5238905,-0.009148898,-0.75417954,-0.22334945
W0000143,-0.005193596,0.0,-0.02667886,-0.0040978417,-0.064632386,0.0065355487,-0.0017368491,-0.036102496,-0.016763147,-0.9582376,-3.5513356,0.060561754,0.025780067,0.02789722,-0.014773394,0.0,0.01904458,0.010904469,0.0,0.0,0.010580061,-0.0055564484,0.0044587143,-0.009872633,0.014008136,0.08148594,0.0,0.033536233,-0.02181326,-0.07614398,-0.016258009,0.0,-0.004910699,0.05874917,-0.044139482,-0.16354968,0.0,0.0006124293,0.0,0.0,-0.0039439844,0.0030725633,-0.390766,-0.07762436,0.0,0.0,0.003738862,0.0048836507,0.35740614,0.0,0.0,0.0,0.0020804543,0.0070210667,-0.006987485,-0.008203683,0.0,0.0,0.0,0.0,0.0,0.0,0.0015602652,0.016874123,0.14708345,0.0019520449,0.0,0.00056099845,0.0,0.0,0.0,-0.025547964,-0.0071504544,-0.06558016,-0.1887312,0.05887008,0.0,-0.17207395,-0.07970363,0.12730184,-0.010353383,0.30257976,-0.015762335,-0.00038644386,-0.052296497,-0.026450854,0.015742833,0.0019997275,-0.014567592,-0.029497888,0.0003778614,0.035655692,-0.060165726,-0.1112849,-0.39603004,-0.014277047,0.0,-0.11264527,0.0,0.01206027,-0.016078759,-0.01442818,-0.05814499,-0.45094028,-0.009148898,-0.51418287,-0.21234603
W0000144,-0.005193596,0.0,-0.020925514,-0.002299462,0.03708373,0.011483282,-0.0022722518,-0.00016184663,-0.025260493,-1.0198307,-4.1891713,0.062156573,0.020801924,0.057366036,0.014705296,0.0,-0.020208191,-0.010884961,0.0,0.0,0.0126241315,-0.013354607,-0.0076099965,0.0021065255,0.009615907,0.080338836,0.0,-0.053864546,-0.02181326,-0.0988031,-0.016258009,0.0,-0.004910699,-0.04580485,-0.037117783,-0.16479678,0.0,0.0009484194,0.0,0.0,-0.009978283,-0.02280538,-0.33169034,-0.035062686,0.0,0.0,0.0055851284,0.0057027377,0.34091365,0.0,0.0,0.0,-0.0038060301,-0.020527516,0.00798496,0.011052503,0.0,0.0,0.0,0.0,0.0,0.0,-0.039954785,-0.036649093,-0.17216852,-0.0069372794,0.0,-0.010462886,0.0,0.0,0.0,0.037449874,-0.05268158,-0.06557433,-0.15033308,0.06410262,0.0,-0.17023276,-0.0015576091,-0.164164,-0.0010346852,0.24899887,-0.010083089,-0.00038644386,0.013463783,-0.027739694,-0.0616744,-0.019010246,0.0073493267,0.026434118,0.00093730603,0.035655692,0.019294254,-0.12696433,0.34263456,0.0026547555,0.0,-0.0028208522,0.0,-0.040218472,0.020698454,0.0026100148,-0.04076407,-0.4465728,-0.009148898,-0.024167482,-0.053004395
W0000145,-0.005193596,0.0,0.0035646884,-0.017731598,0.047755934,-0.05012694,-0.0271286,0.00789785,-0.07061886,-0.9114019,-3.4301486,0.062156573,0.024750669,-0.01021513,-0.014773394,0.0,0.01904458,-0.010884961,0.0,0.0,0.009910832,-0.013354607,-0.011904441,-0.007219096,0.012087138,-0.072481275,0.0,-0.096142024,-0.02181326,-0.08179031,-0.016258009,0.0,-0.004910699,-0.046143346,-0.040926676,-0.16681083,0.0,0.00064800854,0.0,0.0,-0.003941606,0.0030725633,-0.4084425,0.020339549,0.0,0.0,0.0032949222,-0.016051631,0.32059538,0.0,0.0,0.0,0.0020804543,-0.02289694,-0.0071581313,-0.0077294195,0.0,0.0,0.0,0.0,0.0,0.0,-0.042403925,-0.03076023,0.13457812,-0.0040095923,0.0,0.00056099845,0.0,0.0,0.0,-0.006072666,0.07458013,-0.052223306,-0.18047702,-0.049514975,0.0,-0.16581084,-0.014257705,-0.17005458,-0.004683516,-0.61030364,-0.015762335,-0.00038644386,-0.03837453,-0.0041643283,-0.044675298,0.0025386605,0.0043178634,-0.024717124,0.0005174588,-0.030590596,-0.04297116,-0.10514572,-0.38234004,-0.0065361145,0.0,-0.0764827,0.0,-0.04302557,-0.025540344,-0.018754136,-0.034722105,-0.4158984,-0.009148898,-0.5667135,-0.20463541
W0000146,-0.005193596,0.0,-0.017017167,0.0005173183,0.046739854,0.01646793,-0.00012831762,-0.0034300196,-0.081912145,-0.9285924,-3.7804801,-0.0063873855,0.0011285534,0.0547356,-0.016905561,0.0,-0.015068833,-0.010884961,0.0,0.0,-0.054227203,-0.013354607,-0.006094396,0.0021065255,0.007232661,0.08812849,0.0,-0.001168537,-0.014569342,-0.07696039,-0.016258009,0.0,-0.004910699,0.05874917,0.054147024,-0.16479678,0.0,0.0009484194,0.0,0.0,-0.0039439844,-0.014049161,-0.41365695,0.03492655,0.0,0.0,-0.018291526,-0.007337549,-0.7033934,0.0,0.0,0.0,-0.0038060301,-0.010051662,0.00798496,-0.0080102645,0.0,0.0,0.0,0.0,0.0,0.0,-0.036196228,-0.029465904,-0.16286133,-0.0040095923,0.0,0.00056099845,0.0,0.0,0.0,-0.020265544,-0.04977632,-0.0574555,-0.0412355,-0.061342016,0.0,-0.16802774,-0.08079637,-0.17005458,-0.004371414,0.28658727,-0.00043620565,-0.0010022561,-0.04405294,-0.0012770095,-0.045564935,-0.0149455555,-0.023487829,-0.02773843,0.0005174588,0.035655692,-0.04065431,-0.1055288,-0.44368568,0.0026547555,0.0,0.077713594,0.0,-0.082552224,-0.016078759,-0.01442818,-0.04386483,-0.4852907,-0.009148898,0.11791994,0.037915017
W0000147,-0.005193596,0.0,-0.012933039,-0.0021834937,-0.06716794,0.01149407,-0.00015866151,0.008065147,-0.06601905,-0.9132926,-3.4755955,0.0595166,0.009082952,0.019408947,-0.015280576,0.0,-0.020208191,0.010904469,0.0,0.0,-0.047443993,-0.004518023,-0.024175758,-0.016730877,0.010473585,-0.08333249,0.0,0.035849847,-0.02181326,-0.06749433,-0.016258009,0.0,-0.004910699,0.059426308,-0.021177161,0.073067166,0.0,-0.009038018,0.0,0.0,0.0025782639,-0.02280538,-0.37402588,-0.10951866,0.0,0.0,0.004519849,0.015615336,-0.64229184,0.0,0.0,0.0,-0.0038060301,-0.015995488,-0.006987485,-0.008007798,0.0,0.0,0.0,0.0,0.0,0.0,0.06484375,0.008386426,-0.16492324,0.0019520449,0.0,0.00056099845,0.0,0.0,0.0,-0.027740099,-0.059945315,-0.056291442,-0.17115167,-0.0537973,0.0,-0.17203858,-0.07857873,0.12650114,-0.0033860477,-0.61616683,-0.017687775,-0.0010022561,0.029458921,-0.015332625,-0.07275975,0.0014067343,0.005133416,0.029529512,0.0005174588,-0.020960055,0.021184348,0.0576739,-0.40690616,0.018876567,0.0,0.02815142,0.0,0.051508956,-0.016078759,-0.002787324,0.049074173,-0.46988368,-0.009148898,0.12569359,-0.021635465
W0000148,-0.005193596,0.0,0.003783389,-0.01693762,0.045601442,-0.09043756,-0.016998999,0.00798825,-0.051707506,-0.85387325,-3.632535,0.062156573,0.027785107,-0.02192584,-0.014773394,0.0,-0.020208191,-0.010884961,0.0,0.0,-0.016218254,-0.004518023,-0.005890891,-0.009872633,0.011311716,-0.024445742,0.0,0.038448207,-0.02181326,-0.070648015,-0.016258009,0.0,-0.004910699,0.05937141,-0.032250986,-0.16354968,0.0,0.0009484194,0.0,0.0,-0.009978283,-0.0068245563,-0.35226673,-0.09169981,0.0,0.0,0.0031828259,0.0003550616,0.18147337,0.0,0.0,0.0,-0.0038060301,-0.00831875,-0.0071581313,-0.014516785,0.0,0.0,0.0,0.0,0.0,0.0,-0.031688616,0.013672152,-0.15212181,0.0019520449,0.0,0.0003632445,0.0,0.0,0.0,-0.027131531,0.06512083,-0.052380867,0.05012501,-0.059470236,0.0,-0.1661349,-0.00051981956,0.14976287,-0.0042142994,0.30712682,-0.017694203,-0.00038644386,-0.03287549,0.023978895,-0.04966051,-0.0046836943,0.0039054807,0.020344531,0.0003778614,-0.03046313,-0.04297116,0.039400287,-0.37351277,-0.022793908,0.0,0.06616046,0.0,-0.024235101,-0.016078759,0.0019287223,-0.046480995,-0.49532554,-0.009148898,-0.7773069,-0.20233266
W0000149,-0.005193596,0.0,-0.030230567,-0.0020316434,-0.060173992,0.0069011464,-0.001973025,-0.0045300378,-0.03138052,-0.8258351,-3.2645628,0.055231445,0.026068028,0.05473186,0.015505506,0.0,-0.020208191,0.010904469,0.0,0.0,-0.044730693,-0.004518023,-0.018486653,0.0038378052,0.007291582,-0.0789903,0.0,0.033746485,-0.014569342,-0.07914691,-0.016258009,0.0,-0.004910699,-0.07253214,0.0654003,0.05459112,0.0,0.0009484194,0.0,0.0,-0.0039439844,-0.009236959,-0.24927248,-0.05028157,0.0,0.0,0.0034466144,-0.008490303,-0.5675748,0.0,0.0,0.0,-0.0038060301,-0.011085953,-0.0069115944,-0.0076982863,0.0,0.0,0.0,0.0,0.0,0.0,-0.025480919,0.015456553,-0.15212181,0.0019520449,0.0,0.0003632445,0.0,0.0,0.0,-0.027740099,-0.06723228,-0.06054787,-0.17422363,0.05346087,0.0,0.18142268,-0.075292036,0.12730184,-0.004685431,0.27514413,-0.012423094,-0.00038644386,-0.044271998,-0.0029447451,-0.030040719,-0.010200041,-0.007849626,-0.030793063,0.0003778614,0.035655692,-0.04297116,-0.110962614,-0.38268057,0.0021426994,0.0,-0.05169952,0.0,-0.01924771,-0.035245765,-0.013024451,-0.05814499,-0.4959014,-0.009148898,-0.8544937,-0.20118013
W0000150,-0.0015967066,0.0,-0.03420866,0.00950863,-0.09703627,-0.15054983,-0.04961167,0.023438817,-0.050941255,0.454233,2.5870647,0.11197306,0.07285614,-0.07621313,-0.007029475,0.0,-0.024762195,-0.010884961,0.0,0.0,0.0021855016,0.004638333,0.0025929487,0.0065593505,0.03734935,-0.06597905,0.0,-0.007961511,-0.02181326,0.06963059,-0.010347058,0.0,-0.0014661357,0.066738866,-0.028105576,-0.15592709,0.0,0.0027774477,0.0,0.0,-0.009978283,-0.014049161,0.2875322,0.10117103,0.0,0.0,0.012898704,0.011283761,0.6229916,0.0,0.0,0.0,-0.017717667,0.020417277,0.008628185,0.0033516898,0.0,0.0,0.0,0.0,0.0,0.0,-0.039995633,-7.025711e-05,-0.09613618,0.003398105,0.0,0.0016667963,0.0,0.0,0.0,-0.01666718,-0.047869477,0.04592073,0.19080567,-0.059151337,0.0,-0.1624371,-0.025826741,0.16361251,0.003077602,0.41856056,-0.022692531,-0.001044347,-0.062126607,0.016225696,0.021288577,0.005632231,0.002875606,0.035133503,0.0009225488,-0.019435946,-0.013692163,-0.086695865,-0.44272307,-0.015704397,0.0,0.080789,0.0,-0.05224467,-0.032830574,0.005776293,0.047304124,0.7531503,0.021213012,0.2700403,0.05034575
W0000151,-0.005193596,0.0,-0.017017167,-0.022777658,0.04347185,-0.10927747,-0.028642168,-0.00036064442,-0.078468785,-0.83002037,-3.6488526,0.060077816,0.021278678,0.015974168,0.015505506,0.0,-0.015068833,-0.010884961,0.0,0.0,-0.04482709,-0.013354607,-0.006402849,0.0021065255,0.011979062,-0.09041022,0.0,0.023804937,-0.02181326,-0.08050242,-0.016258009,0.0,-0.004910699,-0.04580485,-0.037117783,-0.16479678,0.0,0.00064800854,0.0,0.0,-0.009978283,-0.02280538,-0.3886548,-0.045597095,0.0,0.0,0.0050406232,-0.00061987573,-0.71014684,0.0,0.0,0.0,-0.0038060301,-0.011705913,0.00798496,0.013840196,0.0,0.0,0.0,0.0,0.0,0.0,-0.036196228,-0.029465904,-0.15212181,-0.0040095923,0.0,-0.010462886,0.0,0.0,0.0,0.04371243,-0.06723228,-0.049422324,-0.14935733,0.05805973,0.0,-0.159914,0.039034232,-0.17005458,-0.004576602,0.27890313,-0.012416667,-0.0010022561,-0.04573834,-0.02570127,-0.04917834,-0.004194338,-0.006028658,-0.029692126,0.0005174588,0.035655692,-0.03365983,-0.13829897,-0.4275094,-0.014277047,0.0,0.06563516,0.0,-0.082552224,0.020698454,0.0026100148,-0.04386483,-0.48425332,-0.009148898,-0.0035273489,-0.03168291
W0000152,-0.005193596,0.0,0.015585971,-0.024392305,0.05334098,-0.0654402,-0.037216216,0.00853825,-0.045867138,-0.85268724,-3.4468396,0.060077816,0.020982288,-0.19351912,0.017009752,0.0,-0.015068833,-0.010884961,0.0,0.0,-0.047443993,-0.004518023,0.008797416,0.0021065255,-0.008231009,-0.088021085,0.0,0.037762962,-0.02181326,-0.08077012,-0.016258009,0.0,-0.004910699,0.058520712,-0.037117783,-0.17609881,0.0,0.0004783984,0.0,0.0,-0.0023350685,0.004673285,-0.41811356,-0.052906476,0.0,0.0,0.0035524697,0.01595312,-0.6881594,0.0,0.0,0.0,-0.0038060301,-0.015837569,-0.006987485,0.011410686,0.0,0.0,0.0,0.0,0.0,0.0,-0.036196228,0.010216362,-0.14948425,0.0019520449,0.0,-0.010462886,0.0,0.0,0.0,-0.027131531,0.07365592,0.034165256,-0.08304033,-0.068625785,0.0,0.17720248,-0.04445266,-0.1732642,-0.0042095445,-0.5917938,-0.01178717,-0.0010022561,-0.017451765,-0.026990108,0.058084413,-0.0149455555,-0.025153823,-0.031905685,-0.004049004,-0.001631124,-0.03365983,0.033477787,-0.41943452,-0.002744033,0.0,-0.10855359,0.0,-0.071613535,-0.016078759,0.0020849817,-0.036926176,-0.49377984,-0.009148898,0.10054327,-0.017294787
W0000153,-0.005193596,0.0,-0.03348493,-0.0025140315,-0.055008803,0.007557037,-0.003438442,0.0076388693,-0.07601035,-0.83284116,-3.4543433,0.033884175,-0.0018518865,0.0582015,0.014705296,0.0,-0.020208191,-0.010884961,0.0,0.0,0.0126241315,-0.004518023,-0.0152372075,-0.006744347,0.005243938,0.08148594,0.0,0.027718747,-0.02181326,-0.10205434,-0.016258009,0.0,-0.004910699,0.058410674,-0.040926676,-0.16354968,0.0,0.00064800854,0.0,0.0,-0.0039439844,-0.009236959,-0.41888523,-0.08545133,0.0,0.0,0.0034466144,-0.007869797,0.14266723,0.0,0.0,0.0,0.0020804543,-0.017977335,-0.0071581313,0.020730278,0.0,0.0,0.0,0.0,0.0,0.0,-0.04616248,-0.036649093,0.10681321,-0.0069372794,0.0,0.0003632445,0.0,0.0,0.0,-0.027740099,-0.05268158,-0.052223306,-0.14458291,0.05346087,0.0,-0.15804644,-0.07329565,-0.164164,-0.005232773,0.23588327,-0.017694203,-0.00038644386,-0.00650255,0.0242555,-0.070529796,0.0014297778,0.0053385003,-0.030823246,0.00057699945,-0.03046313,0.025584772,-0.032743067,0.34627897,0.0026547555,0.0,-0.08533822,0.0,-0.034659427,-0.016078759,0.0019287223,-0.041555766,-0.46398813,-0.009148898,-0.82572454,-0.22728434
W0000154,-0.0015967066,0.0,-0.028677966,-0.0018501272,-0.00015608221,0.026365368,0.0009832445,0.019945677,0.087020285,0.3792052,2.1200173,-0.23382929,-0.16499013,0.087741986,-0.0155579,0.0,-0.020837342,-0.010884961,0.0,0.0,0.011755353,-0.01766783,0.0004064096,-0.060098115,0.02530762,-0.07517827,0.0,-0.081376314,-0.02181326,-0.12870811,-0.010347058,0.0,-0.0014661357,0.06660653,-0.049526364,-0.15196103,0.0,0.00113848,0.0,0.0,0.0025782639,0.0030546004,-0.6689257,-0.36944813,0.0,0.0,0.010935012,0.028787293,0.3964237,0.0,0.0,0.0,-0.0060421485,-0.046348944,0.019540971,-0.0028905077,0.0,0.0,0.0,0.0,0.0,0.0,-0.058380395,-0.03076023,-0.18121193,-0.018582787,0.0,0.0006143799,0.0,0.0,0.0,-0.049394682,-0.0485388,-0.05793823,-0.2976103,-0.051542465,0.0,-0.20012824,0.019511402,-0.17534253,-0.015934028,-0.9180696,-0.017948281,0.001080007,-0.03689138,0.008017315,-0.16566043,0.0061622304,-0.07316683,-0.14854573,0.0026562288,-0.04131248,0.022442784,-0.15069672,0.4175678,-0.014466135,0.0,-0.20734909,0.0,-0.0027452745,-0.032830574,-0.049292896,0.040700004,-0.4080455,-0.002720084,0.16582195,0.08516867
W0000155,-0.005193596,0.0,-0.030230567,-0.0018234059,-0.060095754,0.007991048,-0.0034046895,-0.01384899,-0.060692094,-0.6335959,-3.4591672,-0.00041815825,-0.0031574247,0.06200695,0.015505506,0.0,-0.025312264,-0.010884961,0.0,0.0,-0.04211379,-0.013354607,-0.012603637,-0.0067202495,0.011022802,-0.08327609,0.0,-0.05980724,-0.014569342,0.033897586,-0.016258009,0.0,-0.004910699,-0.041360296,0.0654003,0.051329963,0.0,-0.013227961,0.0,0.0,0.0025782639,0.0030725633,0.3113507,0.050450176,0.0,0.0,0.0035041424,-0.019669505,-0.60635704,0.0,0.0,0.0,-0.007291176,-0.00977154,0.0042117094,-0.0076982863,0.0,0.0,0.0,0.0,0.0,0.0,-0.04616248,0.00040271692,-0.18164946,-0.0069372794,0.0,0.0003632445,0.0,0.0,0.0,-0.018552173,-0.062079072,0.034159422,-0.08921568,0.07008672,0.0,-0.15428951,0.020199027,-0.164164,-0.0010346852,-0.5153131,-0.020131439,-0.0010022561,-0.009943191,-0.031223856,-0.058655005,0.0019127707,0.0053385003,-0.006465884,-0.004514899,-0.03046313,-0.04259735,0.06750585,0.34841293,-5.278457e-05,0.0,-0.0865523,0.0,-0.017443685,-0.016078759,0.0021913787,-0.037835125,-0.4831825,-0.009148898,-0.89730597,-0.23925923
W0000156,-0.005193596,0.0,0.018485535,-0.027999599,0.05589357,-0.07736723,0.04227162,0.019593606,-0.0021187766,-0.9410511,-3.6359668,0.059214287,0.030059688,-0.17715517,-0.014416139,0.0,0.01904458,0.010904469,0.0,0.0,-0.010455968,-0.004518023,-0.024175758,-0.0107515175,-0.020609744,0.07352318,0.0,0.027140254,0.019999173,-0.07060236,0.028596843,0.0,-0.004910699,-0.0925098,0.041890994,0.14649889,0.0,-0.009038018,0.0,0.0,0.0015274035,0.004673285,-0.47396925,-0.1439777,0.0,0.0,-0.02790374,0.016806982,0.3326819,0.0,0.0,0.0,0.0020804543,-0.013222229,-0.006987485,-0.017693534,0.0,0.0,0.0,0.0,0.0,0.0,-0.0097061265,0.010600343,0.14551334,0.0019520449,0.0,0.00056099845,0.0,0.0,0.0,-0.023934359,-0.047059264,-0.05250319,-0.13337493,-0.0644247,0.0,-0.16440055,-0.0636523,-0.1732642,-0.012330018,-0.6358162,0.0012678755,-0.00058494485,-0.019978892,-0.016269065,-0.060220573,-0.008608723,0.0053329854,-0.028545076,-0.004049004,-0.030590259,-0.05602185,0.019667733,-0.4255658,-0.0059473384,0.0,0.082693584,0.0,0.0034747822,-0.016078759,0.0025204332,-0.03457005,-0.28546548,-0.009148898,0.10138852,0.032457113
W0000157,-0.005193596,0.0,0.029623095,-0.02380571,0.056546517,-0.052501887,-0.0271286,0.008709803,-0.029605053,-0.9262528,-3.5867977,0.062156573,0.010228744,-0.05387204,-0.014416139,0.0,-0.020208191,0.010904469,0.0,0.0,-0.025618372,-0.004518023,0.0044587143,0.0016317765,-0.052823648,-0.072481275,0.0,-0.09037298,0.031219225,-0.07410707,-0.016258009,0.0,-0.004910699,-0.08310045,-0.030909847,0.07349286,0.0,0.0006124293,0.0,0.0,0.0015274035,0.0022701065,-0.3724628,-0.11083618,0.0,0.0,-0.01958075,-0.0019125352,0.3833236,0.0,0.0,0.0,0.0020804543,-0.00831875,-0.006987485,-0.0071823266,0.0,0.0,0.0,0.0,0.0,0.0,0.06398136,0.013802314,-0.03835322,0.0019520449,0.0,0.00056099845,0.0,0.0,0.0,-0.023934359,-0.052212473,0.035399172,-0.05247365,-0.057275884,0.0,-0.15978245,-0.061329216,-0.16243416,-0.0106321685,-0.65771985,0.0006319508,0.0003996393,-0.020048719,-0.004498012,-0.010821123,0.0025156173,0.0002802969,-0.024817478,-0.004049004,-0.009849959,-0.044798184,-0.104284085,-0.40043625,-0.0065361145,0.0,0.015735496,0.0,-0.024235101,-0.016078759,0.0025204332,-0.049796455,-0.45135427,-0.009148898,-0.40766805,0.0450785
W0000158,-0.005193596,0.0,-0.025407305,-0.0040464425,0.03424684,0.009096496,-0.0009393161,-0.015040919,-0.07997176,-0.98765785,-3.8692915,0.052973755,0.025406606,0.035922274,-0.014773394,0.0,-0.025312264,-0.010884961,0.0,0.0,-0.016218254,-0.004518023,-0.023693299,-0.01942665,-0.022696849,0.07024304,0.0,-0.104291916,-0.014569342,0.012112805,-0.016258009,0.0,-0.004910699,-0.08310045,0.06461946,-0.17715237,0.0,0.0009484194,0.0,0.0,-0.003941606,0.002258628,0.29140973,0.06524837,0.0,0.0,0.004128447,0.0164692,0.37375724,0.0,0.0,0.0,-0.007291176,-0.010789318,-0.00247431,-0.016431294,0.0,0.0,0.0,0.0,0.0,0.0,-0.031137533,0.0148438355,-0.17440417,0.0019520449,0.0,0.00056099845,0.0,0.0,0.0,-0.017068373,-0.012806999,-0.065721676,-0.0124493465,-0.0572475,0.0,0.180695,-0.014221003,0.15523581,-0.0034929616,-0.71036136,-0.0185172,-0.00038644386,0.006077495,-0.017458431,0.13713238,-0.015223706,-0.022368075,-0.10455507,0.0003778614,-0.0017585903,-0.045660075,-0.008373339,-0.3674571,-5.278457e-05,0.0,-0.099279866,0.0,-0.0025130347,-0.035245765,-0.018717118,0.046478093,-0.4501641,-0.009148898,0.07123563,-0.16701174
W0000159,-0.005193596,0.0,-0.030605001,-0.00366847,0.0334158,0.0049591134,-0.0016251784,0.00024141977,-0.07665531,-0.8320466,-3.2008147,0.060077816,0.007849354,0.023381425,-0.015280576,0.0,-0.015068833,-0.010884961,0.0,0.0,-0.044730693,-0.013354607,-0.012125004,-0.006744347,0.011370178,0.08365901,0.0,0.03541593,-0.02181326,-0.07683873,-0.016258009,0.0,-0.004910699,0.058410674,-0.040926676,-0.16681083,0.0,0.00064800854,0.0,0.0,-0.0039439844,-0.005509551,-0.35925823,-0.08974913,0.0,0.0,0.0032769656,-0.016304627,-0.6044783,0.0,0.0,0.0,-0.0038060301,0.0044729887,0.007814314,-0.013316866,0.0,0.0,0.0,0.0,0.0,0.0,-0.031137533,-0.029465904,-0.1593671,0.003377371,0.0,0.0003632445,0.0,0.0,0.0,0.015498407,-0.065098524,-0.050002407,-0.12063611,0.05642719,0.0,-0.16102391,-0.07466477,0.12730184,-0.0010346852,-0.28316736,-0.01626535,-0.0010022561,-0.04618828,-0.014266557,-0.0517165,-0.0046836943,0.0050345575,-0.04537854,-0.004514899,-0.001631124,-0.04297116,-0.11020877,0.18823653,0.0026547555,0.0,-0.08499113,0.0,-0.026014002,-0.025540344,0.0019287223,-0.05504423,-0.5127483,-0.009148898,-0.74631965,-0.21893854
W0000160,-0.005193596,0.0,0.0011825031,-0.051958803,-0.018014146,-0.08925563,-0.09889552,-0.00523444,-0.058414526,0.30846107,-3.6997533,-0.21345784,-0.03218843,-0.2008318,-0.014416139,0.0,-0.015691405,-0.010884961,0.0,0.0,-0.006388519,-0.004518023,-0.006402849,-0.019101279,0.012066545,-0.07288557,0.0,0.021092506,0.031219225,-0.062183388,-0.016258009,0.0,-0.004910699,-0.04163865,-0.030909847,0.06420487,0.0,0.00064800854,0.0,0.0,0.0025782639,-0.0067900475,-0.44778317,-0.1596739,0.0,0.0,-0.029287787,-0.021634381,0.37631923,0.0,0.0,0.0,-0.0038060301,0.0066679954,0.00798496,-0.009810047,0.0,0.0,0.0,0.0,0.0,0.0,-0.03734523,0.010600343,-0.1645181,0.003398105,0.0,0.00056099845,0.0,0.0,0.0,-0.01741454,-0.047059264,-0.011288243,-0.0324843,-0.055256985,0.0,-0.16232999,0.024135653,0.13821803,-0.0039659124,-0.7565925,-0.002205656,-0.00058494485,-0.030594729,-0.00967402,-0.085366406,-0.029477378,-0.01815129,-0.07856245,0.0005174588,-0.03019799,0.019203939,0.12870044,-0.4383656,-0.00041824486,0.0,0.08330856,0.0,-0.082552224,0.020698454,-0.0028430545,-0.060253005,-0.34763306,-0.002720084,0.1166295,-0.0312955
W0000161,-0.005193596,0.0,-0.030230567,-0.0028997571,0.03755334,0.007059119,-0.003387034,-0.00036661746,-0.07212561,-0.6778865,-3.3884265,-0.08585575,-0.0019277977,0.060018487,0.017009752,0.0,-0.015691405,-0.010884961,0.0,0.0,-0.04211379,-0.013354607,-0.0122589385,-0.009872633,0.007291582,0.090474665,0.0,0.028890477,-0.014569342,-0.09221572,-0.016258009,0.0,-0.004910699,0.058410674,0.06342879,-0.16354968,0.0,0.0009484194,0.0,0.0,-0.0039439844,-0.009236959,-0.35790306,-0.06440072,0.0,0.0,-0.019863281,-0.007505075,-0.6966679,0.0,0.0,0.0,-0.0038060301,-0.00977154,0.007814314,-0.008520553,0.0,0.0,0.0,0.0,0.0,0.0,-0.039954785,-0.0046977308,-0.1593671,-0.0069372794,0.0,0.0003632445,0.0,0.0,0.0,-0.027131531,0.0013846289,-0.049738742,-0.03328708,0.05346087,0.0,-0.15393867,-0.06977203,-0.164164,-0.0015058166,0.27179155,-0.012425918,-0.0010022561,-0.045047738,0.023933312,-0.0065437146,0.0016414542,-0.016149905,-0.030799244,0.00057699945,0.035655692,-0.04297116,-0.11077034,0.3204801,-0.022793908,0.0,-0.08144738,0.0,-0.035549365,-0.016078759,0.0016836827,-0.041555766,-0.5186125,-0.009148898,-0.8193514,-0.21644793
W0000162,-0.005193596,0.0,0.003783389,-0.008133095,0.043651678,0.011945502,-0.003438442,0.007693183,-0.07601035,-0.9387674,-3.6134486,0.062156573,0.010110238,-0.0028815232,0.015036006,0.0,-0.020208191,0.010904469,0.0,0.0,-0.013504954,-0.004518023,-0.012125004,-0.006744347,-0.009491169,-0.079559006,0.0,0.028246462,-0.02181326,-0.09022884,-0.016258009,0.0,-0.004910699,0.05937141,-0.040926676,-0.16354968,0.0,0.00064800854,0.0,0.0,0.0025798192,0.0030725633,-0.38751084,-0.120061815,0.0,0.0,0.0032769656,-0.010343334,0.37498522,0.0,0.0,0.0,0.0020804543,-0.00903951,-0.0071581313,-0.014516785,0.0,0.0,0.0,0.0,0.0,0.0,-0.030342307,0.013672152,-0.058399938,0.003377371,0.0,0.0003632445,0.0,0.0,0.0,0.038893744,-0.041088946,-0.06284364,-0.14364375,0.05985226,0.0,-0.16832311,-0.07853887,0.13640206,0.0036353772,0.3128712,-0.0107190125,-0.00038644386,-0.0071708187,0.024311723,-0.06654764,0.002375957,-0.0052886587,0.020963542,-0.004514899,-0.03046313,0.025584772,0.063457936,0.32830822,0.0026547555,0.0,0.07517142,0.0,-0.026014002,-0.035245765,-0.013024451,-0.05504423,-0.47809538,-0.009148898,-0.8106988,-0.22352761
W0000163,-0.005193596,0.0,0.04653125,-0.024371916,0.05172112,-0.0391374,0.0031243605,-0.032797217,-0.056891333,0.31624573,-3.4325233,-0.19932127,-0.10403717,-0.21419325,0.014705296,0.0,-0.018481066,0.010904469,0.0,0.0,-0.015000172,-0.0055564484,-0.016406981,-0.03301593,-0.04224564,-0.08371268,0.0,0.026388993,-0.02181326,-0.0833093,-0.016258009,0.0,-0.004910699,-0.08558724,-0.033904977,0.15904802,0.0,0.00064800854,0.0,0.0,0.0025798192,0.0030725633,-0.461962,-0.17887592,0.0,0.0,0.003981781,0.005950498,0.44166243,0.0,0.0,0.0,0.0020804543,-0.00831875,-0.0071581313,-0.01278707,0.0,0.0,0.0,0.0,0.0,0.0,0.06398136,0.013672152,0.12661876,0.003398105,0.0,0.0003632445,0.0,0.0,0.0,-0.01741454,-0.05268158,0.04178648,-0.12860572,-0.049514975,0.0,-0.1644612,-0.08948354,-0.16243416,-0.0026696182,0.2937529,0.006235781,-0.00038644386,-0.033698417,0.0023140698,-0.064462475,0.00572082,-0.0087223565,-0.028872572,0.0005174588,0.027904052,-0.04297116,-0.103629805,-0.39318618,-0.022793908,0.0,-0.075931884,0.0,-0.04030291,-0.025540344,0.0016836827,-0.03880246,-0.4570046,-0.002720084,-0.83537203,0.0610352
W0000164,-0.005193596,0.0,-0.034559038,-0.0044968026,0.047471784,0.0068918485,-0.0034046895,-0.00025704456,-0.063389026,-0.90911317,-3.396982,0.06271779,0.018725727,0.051738188,-0.014416139,0.0,-0.015068833,-0.010884961,0.0,0.0,-0.013504954,-0.013354607,-0.012125004,-0.007219096,-0.0018831114,0.07968998,0.0,-0.091595694,-0.02181326,-0.0870356,-0.016258009,0.0,-0.004910699,-0.046143346,-0.040926676,-0.16681083,0.0,0.00064800854,0.0,0.0,-0.003941606,0.0030725633,-0.36724478,-0.082512885,0.0,0.0,0.0031590215,-0.0021090722,0.32373297,0.0,0.0,0.0,-0.0038060301,0.0067279246,-0.0071581313,-0.014364039,0.0,0.0,0.0,0.0,0.0,0.0,-0.039954785,0.010600343,-0.1593671,0.003377371,0.0,0.0003632445,0.0,0.0,0.0,0.038893744,-0.052212473,-0.052380867,-0.13574672,0.05985226,0.0,-0.16737024,-0.015132356,-0.164164,-0.0011415993,-0.6301192,-0.015762335,-0.00038644386,-0.03788637,-0.018638777,-0.0658806,-0.008748383,0.005137141,-0.024771065,0.00057699945,0.035528224,-0.03789402,-0.11639985,0.31097007,-0.002744033,0.0,-0.093399525,0.0,0.010281369,-0.016078759,-0.0029993139,-0.04035527,-0.4966036,-0.009148898,-0.77390885,-0.23418349
W0000165,-0.005193596,0.0,-0.034559038,-0.0044968026,0.04256063,0.0068918485,-0.0016589309,7.3301606e-05,-0.06897639,-0.5869854,-3.2043638,-0.07885717,-0.0018954305,-0.052352205,-0.014416139,0.0,-0.018481066,-0.010884961,0.0,0.0,-0.013504954,-0.004518023,-0.016017798,-0.0067202495,-0.023716476,0.0746703,0.0,0.026312372,-0.02181326,-0.090452954,-0.016258009,0.0,-0.004910699,-0.041360296,-0.040926676,-0.16681083,0.0,0.00064800854,0.0,0.0,-0.0023350685,-0.009236959,-0.39695835,-0.053049393,0.0,0.0,0.0031697473,-0.021112025,0.11274,0.0,0.0,0.0,-0.0038060301,-0.009446837,-0.0071581313,-0.014364039,0.0,0.0,0.0,0.0,0.0,0.0,-0.03674731,0.010600343,-0.1593671,0.003377371,0.0,0.0003632445,0.0,0.0,0.0,-0.027740099,-0.047059264,-0.04303785,-0.14458291,0.05346087,0.0,-0.16737024,-0.06108269,-0.17005458,-0.005232773,-0.6274338,-0.011807908,-0.00038644386,-0.030111074,-0.004280976,-0.0768755,-0.007965536,0.005137141,-0.031281833,-0.004514899,-0.03046313,-0.04297116,0.016497584,0.19768013,-0.002744033,0.0,-0.08708916,0.0,-0.026347041,-0.025540344,0.0019287223,-0.041555766,-0.5302506,-0.009148898,-0.76851857,-0.23883131
W0000166,-0.0015967066,0.0,0.043410175,-0.04869187,0.07422391,0.02368563,-0.014724108,0.050265502,-0.033035576,-0.7793678,1.6173233,0.05910045,0.03178059,-0.05562313,-0.007029475,0.0,-0.025312264,-0.010884961,0.0,0.0,0.0021855016,0.004638333,-0.0011883508,0.0004177289,-0.0014054803,-0.06678869,0.0,0.05006954,-0.014569342,0.04604471,-0.016258009,0.0,-0.0014661357,0.066738866,0.057590153,0.08371044,0.0,0.0026750115,0.0,0.0,-0.009978283,-0.0067900475,0.38810235,0.115823805,0.0,0.0,0.015987318,0.0023152647,0.5578922,0.0,0.0,0.0,-0.017717667,-0.028377544,0.008628185,0.01248428,0.0,0.0,0.0,0.0,0.0,0.0,-0.033787936,0.02087244,-0.09390378,0.0019520449,0.0,0.0016667963,0.0,0.0,0.0,0.03877011,0.077487566,0.07193752,0.16130611,-0.055093728,0.0,0.17650905,0.045826957,0.17012376,-0.018532723,0.3784238,-0.016958565,0.001080007,-0.028981674,0.040948413,0.050582018,0.0067502307,-0.011339787,-0.16140243,0.0009225488,0.022274116,-0.050453484,-0.08058431,-0.45375654,0.0039706314,0.0,0.080147006,0.0,-0.041305978,0.020698454,0.0066676657,0.046767477,0.7353747,0.07134915,0.23899545,0.08681265
W0000167,-0.005193596,0.0,-0.04312328,0.0023128095,0.04438957,-0.07126453,-0.03457345,-0.00033645565,-0.07974279,0.28022435,-3.4600391,-0.030647138,-0.028447142,0.03529445,-0.014773394,0.0,-0.015068833,-0.010884961,0.0,0.0,0.009910832,-0.013354607,-0.012078447,-0.02559823,0.013399251,-0.080683514,0.0,0.024848739,-0.014569342,-0.088636175,-0.016258009,0.0,-0.004910699,0.059390023,0.04695715,-0.16354968,0.0,-0.009038018,0.0,0.0,0.0025798192,-0.009236959,-0.40391427,-0.14610767,0.0,0.0,0.0028975615,-0.0060291234,0.43685347,0.0,0.0,0.0,-0.0038060301,-0.02289694,0.007814314,-0.0079338085,0.0,0.0,0.0,0.0,0.0,0.0,-0.036196228,-0.04703808,-0.16116522,-0.0069798674,0.0,0.0003632445,0.0,0.0,0.0,-0.01741454,-0.046461012,-0.06068374,0.0115009695,0.057661954,0.0,-0.1631602,-0.085901774,-0.17005458,-0.0026696182,0.21589178,-0.0044868262,-0.00038644386,-0.05278466,0.0019250176,-0.0064690374,0.0055811596,-0.01668074,-0.03203727,0.0003778614,-0.0013659829,-0.04297116,-0.12462711,-0.41153917,-0.014277047,0.0,-0.0777743,0.0,-0.04302557,-0.025540344,0.0016836827,-0.05099695,-0.55006754,-0.002720084,-0.90289533,-0.19739011
W0000168,-0.005193596,0.0,-0.030940525,-0.0020316434,-0.05791686,0.005787217,-0.0038818624,-0.0052273013,-0.070990846,-0.8253028,-3.244422,0.060077816,0.013222268,0.0589566,0.015505506,0.0,-0.015068833,-0.010884961,0.0,0.0,-0.044730693,-0.004518023,-0.0122589385,-0.007219096,-0.021546144,-0.072481275,0.0,-0.102727205,-0.02181326,-0.07814711,-0.016258009,0.0,-0.004910699,0.058254354,-0.03895516,-0.16786438,0.0,0.0009484194,0.0,0.0,-0.0023350685,0.0018326865,-0.2776884,-0.03980659,0.0,0.0,0.0030319246,-0.022271225,-0.48657525,0.0,0.0,0.0,-0.0038060301,-0.009603509,-0.0069115944,-0.009000011,0.0,0.0,0.0,0.0,0.0,0.0,-0.041103784,0.009427947,-0.17216852,0.003377371,0.0,0.0003632445,0.0,0.0,0.0,-0.027740099,-0.06723228,-0.060406353,-0.0936901,-0.05489558,0.0,0.17169245,-0.058673978,0.15227291,-0.007280683,-0.6174662,0.02033493,-0.00038644386,-0.021148223,-0.00274227,-0.064439945,0.0014297778,-0.011579819,-0.049137544,0.00057699945,-0.030590596,0.025584772,-0.105971545,0.2999112,-5.278457e-05,0.0,-0.10584982,0.0,-0.030561972,-0.035245765,0.0019287223,0.03362854,-0.49695292,-0.009148898,-0.7305109,-0.21102625
W0000169,-0.0015967066,0.0,-0.00031351065,-0.08617611,0.06555008,-0.1358518,-0.049873527,0.04876411,-0.056174856,0.3442949,2.1704898,0.102131665,0.061617754,-0.14002132,-0.015255883,0.0,-0.024762195,-0.010884961,0.0,0.0,-0.037915483,0.004638333,-0.05483994,0.007547059,-0.13222535,0.09058067,0.0,-0.087368354,0.031219225,-0.010525719,0.028596843,0.0,-0.0014661357,-0.15249121,-0.02189764,0.1497,0.0,0.0011485482,0.0,0.0,0.0025798192,0.002258628,0.32757193,0.036252543,0.0,0.0,0.010421901,-0.0057342467,-1.2192675,0.0,0.0,0.0,-0.017717667,-0.037818577,0.008628185,-0.00433807,0.0,0.0,0.0,0.0,0.0,0.0,-0.039995633,0.011458234,-0.09613618,0.003398105,0.0,0.0016667963,0.0,0.0,0.0,-0.055739194,0.096674964,0.040918946,0.15924042,-0.07459597,0.0,-0.16579504,-0.13542263,0.120944865,-0.013551619,0.34817356,-0.0075803106,-0.00746914,-0.026473537,-0.01850902,-0.022736806,-0.0059746364,0.01247723,-0.15207514,0.0009225488,-0.02881604,-0.036055792,0.05326382,-0.54294825,0.0039706314,0.0,0.072048716,0.0,-0.0025130347,-0.014220053,-0.0039432603,0.036252394,0.7710343,0.021213012,0.23025122,0.089565784
W0000170,-0.005193596,0.0,0.0007930398,-0.0026920452,-0.061376307,-0.07782705,-0.015426407,-0.0021086,-0.0069147274,-0.8006912,-3.5462632,0.050176702,0.0114429835,0.06987346,0.017009752,0.0,-0.027471712,0.010904469,0.0,0.0,-0.04622591,-0.004518023,0.013176704,-0.016730877,-0.020637821,-0.033356898,0.0,0.026565058,0.031219225,0.023289496,0.028596843,0.0,-0.004910699,-0.046299666,-0.025725525,0.17571774,0.0,0.0006124293,0.0,0.0,0.0025782639,0.0022701065,0.32013518,0.05439018,0.0,0.0,0.0035673007,0.0159557,-0.64953417,0.0,0.0,0.0,0.003985507,-0.010798869,-0.0029132469,-0.014242426,0.0,0.0,0.0,0.0,0.0,0.0,0.06398136,0.010216362,0.13689782,0.003377371,0.0,0.0003632445,0.0,0.0,0.0,0.0393046,0.08311522,-0.057144906,-0.13267756,-0.05800499,0.0,0.17397603,-0.021858037,-0.16243416,-0.009155159,-0.59526587,0.0032772054,-0.0010022561,-0.015808908,-0.020047132,0.113666065,0.0017564306,-0.017361717,-0.008689196,0.00093730603,-0.009775031,-0.037429895,-0.10231762,0.194501,-5.278457e-05,0.0,-0.09137227,0.0,-0.008241361,-0.016078759,0.0021913787,-0.025640633,-0.3902303,-0.009148898,-0.7718384,0.050763637
W0000171,0.025497776,0.0,-0.03141838,-0.042128235,-0.1225038,-0.14294425,-0.067026794,-0.1755421,-0.040014796,-0.063970745,1.4073547,0.12242214,-0.000102419406,-0.14964892,-0.016727282,0.0,0.009134244,0.010904469,0.0,0.0,-0.06713192,0.015108577,-0.028017184,0.0020697687,-0.13375236,-0.11696362,0.0,-0.09498045,-0.02181326,-0.14011641,-0.016258009,0.0,-0.0014661357,0.06511691,-0.049526364,-0.17609881,0.0,-0.010447072,0.0,0.0,0.0015274035,-0.02280538,-0.5178651,-0.2319862,0.0,0.0,0.005961534,-0.010216733,-1.1216958,0.0,0.0,0.0,0.0033027628,-0.052847974,-0.018059753,0.0013416039,0.0,0.0,0.0,0.0,0.0,0.0,0.054480962,0.010216362,0.15246691,0.003398105,0.0,0.0007141389,0.0,0.0,0.0,0.067826696,-0.10530176,-0.059142563,-0.15245551,0.05516485,0.0,0.19248384,-0.046490736,0.14863715,-0.016323157,-0.8540913,0.0043454734,-0.00746914,0.01602915,-0.031125134,0.069037616,0.002331138,-0.07754947,-0.11968328,0.0009225488,0.028073141,-0.054502424,-0.14026609,-0.6936691,0.006179031,0.0,0.083014816,0.0,0.051508956,0.01600558,0.004397517,-0.06104906,-0.4863517,-0.002720084,0.1438935,0.036058776
W0000172,-0.005193596,0.0,-0.019674225,-0.0039742133,-0.06499538,-0.10354609,-0.033857405,-0.035779804,-0.0859092,-0.9903325,-4.37871,0.052973755,0.026807997,0.031888906,-0.014773394,0.0,-0.025312264,-0.010884961,0.0,0.0,-0.016218254,-0.013354607,-0.006094396,0.0021065255,0.0090453625,-0.0782701,0.0,0.040888645,-0.02181326,0.019233014,-0.016258009,0.0,-0.004910699,-0.07777299,-0.032714307,-0.17471263,0.0,0.0009484194,0.0,0.0,0.006526944,-0.02280538,0.31943446,0.03895536,0.0,0.0,0.005259132,0.006497564,0.3916921,0.0,0.0,0.0,-0.007291176,0.0073664193,0.004650646,-0.008007798,0.0,0.0,0.0,0.0,0.0,0.0,-0.03734523,-0.054703124,-0.16286133,0.0019520449,0.0,0.00056099845,0.0,0.0,0.0,-0.018681977,0.06512083,-0.051906887,-0.14846753,-0.04959622,0.0,0.17646077,-0.061757118,0.13983244,-0.0042095445,0.332568,-0.0185172,-0.00038644386,-0.030559827,0.031388536,0.0057144645,0.0023263802,-0.01453911,0.019457335,0.0005174588,-0.03046313,-0.03845347,0.12472825,-0.42568555,0.005894364,0.0,-0.079246774,0.0,-0.05224467,0.020698454,0.0024033687,-0.051842008,-0.4223299,-0.009148898,0.16714437,-0.013016034
W0000173,-0.005193596,0.0,-0.025288433,-0.0021931585,-0.061088193,0.011978934,-0.0016075228,0.0013727313,-0.0147122415,-0.81217414,-3.433117,0.060077816,0.02527278,-0.07644618,-0.015280576,0.0,-0.015068833,-0.010884961,0.0,0.0,-0.047443993,-0.004518023,-0.0073610777,-0.009872633,0.00661136,-0.09113042,0.0,0.03403633,-0.02181326,-0.07719147,-0.016258009,0.0,-0.004910699,0.05874917,-0.044139482,-0.16354968,0.0,0.0009484194,0.0,0.0,-0.0039439844,-0.009236959,-0.32070374,-0.063399896,0.0,0.0,0.004238994,-0.008490303,-0.7457991,0.0,0.0,0.0,-0.0038060301,0.0043680486,0.00798496,0.021235632,0.0,0.0,0.0,0.0,0.0,0.0,-0.036196228,0.011458234,-0.16492324,0.0019520449,0.0,0.00056099845,0.0,0.0,0.0,-0.027131531,-0.065098524,-0.049738742,0.027750017,-0.054924183,0.0,-0.16642886,-0.07521785,-0.1732642,-0.004685431,0.26179835,-0.012700345,-0.0010022561,0.018672485,0.025031127,-0.03361274,0.0014297778,0.0059936848,-0.032744844,0.0005174588,0.035655692,0.025584772,-0.12012026,-0.4103479,-0.014277047,0.0,0.072254404,0.0,-0.04302557,-0.035245765,0.0026100148,-0.05099695,-0.47345844,-0.009148898,-0.45008934,-0.1934192
W0000174,-0.005193596,0.0,-0.027218942,-0.05857074,0.014229078,-0.07411565,-0.05306605,-0.005090473,-0.060109094,0.34602484,-0.25323576,-0.18620075,-0.08667133,-0.21212405,-0.006205774,0.0,-0.015691405,-0.010884961,0.0,0.0,-0.025576102,-0.013354607,-0.0014508646,0.012418347,0.019650737,-0.043721728,0.0,0.05487319,-0.02181326,-0.0760611,-0.016258009,0.0,-0.004910699,-0.040627155,-0.055331137,-0.16617554,0.0,0.0009484194,0.0,0.0,-0.003941606,0.0030546004,-0.5159282,-0.18025199,0.0,0.0,0.005961534,-0.055157054,0.4359883,0.0,0.0,0.0,-0.0060421485,-0.047190428,0.011106843,-0.014293801,0.0,0.0,0.0,0.0,0.0,0.0,-0.039995633,-0.041149214,-0.10262284,-0.0069798674,0.0,0.00056099845,0.0,0.0,0.0,-0.02593213,-0.057811707,-0.09520831,-0.3351018,-0.051542465,0.0,-0.1961666,-0.17148559,0.10091244,-0.010800535,-1.0588613,-0.011341563,0.001080007,-0.0559777,-0.024695108,-0.012411689,-0.034594182,-0.022389151,-0.1207684,0.0009225488,-0.03019799,-0.028322473,-0.09874573,-0.5786173,-0.002744033,0.0,-0.16921325,0.0,0.007568324,-0.016078759,-0.026731974,-0.086789764,0.82108444,0.021213012,0.1449848,0.05453157
W0000175,-0.005193596,0.0,-0.030230567,-0.002592119,0.0334158,0.0068918485,-0.0037701917,0.0010533738,-0.05339381,-0.8171036,-3.1029346,0.060077816,0.008009902,-0.16949886,0.015505506,0.0,-0.015068833,-0.010884961,0.0,0.0,-0.044730693,-0.004518023,-0.012125004,-0.006744347,0.011007456,-0.020405024,0.0,0.030406738,-0.02181326,-0.0820201,-0.016258009,0.0,-0.004910699,-0.046040177,-0.040926676,0.042616006,0.0,0.00064800854,0.0,0.0,0.0025782639,-0.009236959,-0.36957592,-0.0808279,0.0,0.0,0.0030211988,-0.016304627,-0.6188094,0.0,0.0,0.0,-0.0038060301,-0.010798869,-0.0071581313,-0.0076982863,0.0,0.0,0.0,0.0,0.0,0.0,-0.04616248,0.008386426,-0.15672953,0.003377371,0.0,0.0003632445,0.0,0.0,0.0,-0.027740099,-0.06723228,-0.018940719,-0.10621094,-0.054924183,0.0,-0.16326247,-0.0131837325,-0.164164,-0.0010346852,-0.59409523,-0.012700345,-0.0010022561,-0.036301356,-0.014210335,-0.05392993,-0.0046836943,-0.011422291,0.018975016,-0.004514899,-0.03046313,-0.043061476,-0.018466577,0.30592698,-0.002744033,0.0,-0.08642134,0.0,-0.026014002,-0.016078759,-0.0029993139,-0.04789619,-0.5045939,-0.009148898,-0.73019516,-0.21397135
W0000176,-0.005193596,0.0,-0.029178884,-0.0020316434,-0.03861776,0.005251889,-0.0016075228,-0.01727169,-0.066356555,-0.7918535,-3.4046388,-0.00057524256,-0.015879698,-0.033809975,-0.015280576,0.0,-0.027471712,-0.010884961,0.0,0.0,-0.047443993,-0.013354607,-0.018486653,-0.009872633,0.009768339,-0.0789903,0.0,0.034483902,0.031219225,0.022792248,-0.016258009,0.0,-0.004910699,-0.046143346,-0.032747224,0.08546798,0.0,0.0009484194,0.0,0.0,0.0025798192,-0.009236959,0.28269285,0.066209346,0.0,0.0,-0.019863281,-0.008490303,-0.62840986,0.0,0.0,0.0,-0.007291176,0.0043680486,-0.0029132469,-0.014364039,0.0,0.0,0.0,0.0,0.0,0.0,-0.036196228,-0.0054861456,-0.17440417,0.0019520449,0.0,0.0003632445,0.0,0.0,0.0,-0.020265544,-0.065098524,-0.060406353,-0.007850248,-0.054924183,0.0,-0.16315912,-0.08536723,-0.1732642,-0.004685431,0.26580516,-0.017466415,-0.00038644386,-0.026861861,-0.020144124,-0.0378694,-0.003562016,0.0042169206,-0.008239418,0.0003778614,-0.001631124,-0.037429895,-0.10578604,-0.43102416,-0.02010266,0.0,-0.05669757,0.0,0.005645792,-0.016078759,0.0021913787,-0.04727631,-0.47622144,-0.009148898,-0.82560784,-0.18902065
W0000177,-0.005193596,0.0,0.018485535,-0.027784463,0.055844016,-0.08700859,-0.03618951,-0.03563769,-0.056008466,-0.5835696,-3.39824,-0.046299532,-0.025094282,-0.18643591,-0.014773394,0.0,-0.015691405,-0.010884961,0.0,0.0,-0.025618372,-0.0055564484,-0.0007972112,-0.016974978,0.0011809575,-0.07176107,0.0,0.037015863,0.031219225,-0.08397849,0.028596843,0.0,-0.004910699,0.05887094,-0.030909847,0.16304725,0.0,0.0004783984,0.0,0.0,0.0015274035,0.004673285,-0.45003182,-0.13910064,0.0,0.0,-0.024570748,-0.021106422,0.120799564,0.0,0.0,0.0,-0.0038060301,-0.01423613,-0.006987485,-0.0075555514,0.0,0.0,0.0,0.0,0.0,0.0,-0.042403925,0.010600343,-0.14948425,0.0019520449,0.0,0.00056099845,0.0,0.0,0.0,-0.027740099,0.07458013,-0.05250319,-0.18423213,-0.068625785,0.0,-0.16612987,-0.06386188,-0.18109924,-0.008421404,-0.6470263,-0.018662645,-0.00038644386,-0.037908703,-0.025887195,-0.060871597,-0.00798858,-0.028403476,-0.032003112,-0.004049004,-0.03046313,-0.04065431,-0.0381025,-0.4194661,-0.002744033,0.0,0.024505166,0.0,0.051508956,-0.016078759,0.0019954,0.028422479,-0.5258107,-0.009148898,0.11132632,0.037217706
W0000178,-0.005193596,0.0,-0.08082439,-0.011882352,-0.10546343,0.009495608,-0.0016075228,0.00047549838,-0.067800805,-0.88300645,-0.862924,-0.0069476664,0.011505771,-0.20028242,-0.014734199,0.0,-0.015068833,-0.010884961,0.0,0.0,-0.017630821,-0.004518023,-0.0248738,-0.03201076,0.0012890212,-0.07477397,0.0,0.023496369,-0.02181326,-0.13911228,-0.016258009,0.0,-0.004910699,-0.0455278,-0.069392495,-0.16681083,0.0,-0.009038018,0.0,0.0,-0.0023350685,0.0030725633,-0.47803518,-0.21795672,0.0,0.0,0.00448949,-0.06128847,0.43061215,0.0,0.0,0.0,-0.0060421485,0.0108400695,-0.01846855,-0.0069870986,0.0,0.0,0.0,0.0,0.0,0.0,-0.045054328,0.010600343,-0.16228569,0.0019520449,0.0,0.0003632445,0.0,0.0,0.0,-0.026442489,-0.051989175,-0.051368453,-0.18421426,0.05685968,0.0,-0.18461446,-0.030011995,-0.18670851,-0.017176626,-0.7308279,-0.015762335,-0.0005672409,-0.055494044,-0.0033135214,-0.14137965,-0.0061014323,-0.02028449,-0.05024542,-0.004460129,-0.03046313,0.0024914187,0.016146252,-0.458869,-0.0059473384,0.0,-0.101942375,0.0,-0.02321621,-0.016078759,0.0031469516,-0.06889454,-0.54158306,-0.009148898,-1.124467,-0.24196362
W0000179,-0.005193596,0.0,0.0139195025,-0.018399091,0.038656984,-0.079166114,-0.019472152,-0.02435736,-0.01928308,-0.8673992,-3.5078375,0.048581883,-0.0043305857,-0.011932526,0.015505506,0.0,0.028852962,0.010904469,0.0,0.0,0.054675676,-0.0055564484,0.031926285,0.0021065255,-0.020637821,-0.08379041,0.0,0.028168472,-0.014569342,0.033897586,-0.016258009,0.0,-0.004910699,-0.07253214,0.059331346,-0.17672667,0.0,0.0009484194,0.0,0.0,0.0015274035,-0.009236959,0.32991523,0.061069142,0.0,0.0,0.0039668316,-0.020458195,-0.65396637,0.0,0.0,0.0,0.003985507,-0.009767665,-0.0029132469,-0.007964942,0.0,0.0,0.0,0.0,0.0,0.0,0.076639816,0.009427947,0.170658,0.003377371,0.0,0.0003632445,0.0,0.0,0.0,-0.020265544,-0.06723228,-0.049422324,-0.037571125,0.05346087,0.0,0.16823092,-0.048957244,-0.15654358,-0.0013969879,-0.48284948,-0.017971454,-0.0010022561,-0.011518462,-0.020047132,-0.052437767,-0.004194338,-0.010404434,-0.008662106,-0.007334222,-0.020960055,-0.05796489,-0.10070891,0.35190892,-0.012361728,0.0,-0.0673948,0.0,-0.008241361,-0.016078759,0.0019463393,-0.037835125,-0.39624017,-0.009148898,-0.7660425,-0.0049037263
W0000180,-0.005193596,0.0,-0.029178884,-0.0023919279,-0.060173992,0.010714125,-0.001973025,-3.485335e-05,-0.06969845,-0.7813135,-3.3471305,0.060077816,0.013462597,0.016284656,0.015505506,0.0,-0.015068833,-0.010884961,0.0,0.0,-0.044730693,-0.004518023,0.0315371,-0.006744347,0.011370178,0.05126613,0.0,0.035795927,-0.02181326,-0.07386075,-0.016258009,0.0,-0.004910699,-0.046143346,-0.040926676,-0.16354968,0.0,0.0009484194,0.0,0.0,-0.009978283,-0.009236959,-0.3498953,-0.07164723,0.0,0.0,-0.018838245,-0.008490303,-0.5766553,0.0,0.0,0.0,-0.0038060301,-0.011085953,0.007814314,0.011777031,0.0,0.0,0.0,0.0,0.0,0.0,-0.036196228,0.015456553,-0.1593671,0.003377371,0.0,-0.006774679,0.0,0.0,0.0,0.042374697,-0.06723228,0.08533314,-0.088756815,-0.05145221,0.0,0.17671055,4.077144e-05,-0.1732642,-0.004685431,0.2878878,-0.011807908,-0.00038644386,-0.02682665,0.023933312,-0.030040719,-0.0037759473,-0.007528738,-0.034168046,0.00057699945,0.035655692,-0.044798184,-0.12012026,-0.13432649,-0.014277047,0.0,0.07170257,0.0,-0.04030291,0.020698454,0.0018391407,-0.05099695,-0.5168456,-0.009148898,-0.80266273,-0.21211353
W0000181,-0.005193596,0.0,-0.030605001,-0.002592119,-0.053121585,0.005615004,-0.003387034,0.00024141977,-0.07751088,-0.82085514,-3.32358,0.05604463,0.0137321055,0.020287294,0.015505506,0.0,-0.015068833,-0.010884961,0.0,0.0,-0.044730693,-0.013354607,-0.012125004,-0.021260915,0.009768339,-0.09415959,0.0,0.029418195,-0.02181326,-0.085719645,-0.016258009,0.0,-0.004910699,0.058410674,-0.040926676,-0.16354968,0.0,0.00064800854,0.0,0.0,-0.0039439844,-0.005509551,-0.36476567,0.018632138,0.0,0.0,0.0034466144,-0.008490303,-0.701468,0.0,0.0,0.0,-0.0038060301,0.0041859047,0.007814314,-0.01209954,0.0,0.0,0.0,0.0,0.0,0.0,-0.034896087,0.011458234,-0.17010662,0.003377371,0.0,0.0003632445,0.0,0.0,0.0,-0.012672631,-0.06723228,-0.049738742,-0.14482623,0.05295521,0.0,-0.16552904,-0.07930272,0.13640206,-0.0015058166,0.18661752,-0.012700345,-0.0010022561,-0.04618828,-0.0031188768,-0.046768468,-0.003562016,0.0050345575,-0.046999726,0.00057699945,-0.001631124,-0.043061476,-0.119498916,0.2938696,-0.022793908,0.0,-0.08275971,0.0,-0.026014002,-0.035245765,-0.0029993139,-0.05504423,-0.49343258,-0.009148898,-0.77423,-0.22300777
W0000182,-0.0015967066,0.0,-0.033620294,-0.008608842,-0.11247122,0.030638684,0.012501506,-0.1733086,-0.0685657,0.4640962,1.5679951,-0.055451386,-0.035849445,0.049290974,0.014999724,0.0,0.02933638,0.010904469,0.0,0.0,0.01322807,0.00070057716,-0.015111134,0.0065593505,-0.022221562,-0.07975314,0.0,0.025965795,0.031219225,0.11342766,0.028596843,0.0,0.021705925,-0.13894324,-0.030219603,0.17345664,0.0,0.0026750115,0.0,0.0,0.006526944,0.0075859367,0.5157277,0.18308583,0.0,0.0,0.015987318,-0.01513673,0.577118,0.0,0.0,0.0,0.00968484,0.0168471,-0.002682825,0.004789417,0.0,0.0,0.0,0.0,0.0,0.0,0.06579312,0.017670471,0.18098234,0.003398105,0.0,0.0007141389,0.0,0.0,0.0,-0.015213512,-0.058223985,-0.03253861,-0.12635067,0.07189576,0.0,0.19577196,0.05624032,0.14863715,0.03532929,0.42900303,0.009145308,-0.0005672409,0.019308588,0.018950757,-0.054561656,0.005632231,0.011766624,0.037381925,0.0009225488,-0.009932872,0.03276161,-0.11484288,-0.54651713,-0.021478033,0.0,-0.16089834,0.0,-0.0025130347,0.020698454,-0.031661782,-0.04421871,-0.3664748,-0.002720084,0.256739,0.09784178
W0000183,-0.005193596,0.0,0.003783389,-0.004281667,-0.065606475,0.007557037,-0.003387034,0.01848666,-0.032027945,-0.9409317,-3.452965,0.062156573,0.0021567405,0.057821363,0.014705296,0.0,0.01904458,0.010904469,0.0,0.0,-0.015000172,0.046866376,0.018142926,0.0016317765,-0.04224564,-0.075510435,0.0,-0.086762816,0.019999173,-0.09291622,-0.016258009,0.0,-0.004910699,-0.046143346,0.045103796,0.15578687,0.0,0.0004783984,0.0,0.0,0.0015274035,0.0022701065,-0.43828383,-0.12771174,0.0,0.0,0.0032950533,-0.02190766,0.34013557,0.0,0.0,0.0,0.0020804543,-0.009446837,-0.0071581313,0.020647243,0.0,0.0,0.0,0.0,0.0,0.0,0.06532767,0.0148438355,0.1646071,0.003377371,0.0,0.0003632445,0.0,0.0,0.0,-0.006072666,-0.05268158,-0.05250319,-0.15562442,-0.057275884,0.0,0.17826787,-0.061315753,-0.15654358,-0.007561383,-0.672559,-0.009185559,-0.00038644386,-0.019179499,-0.004280976,-0.0161109,-0.006167148,0.0053385003,-0.024397038,0.00093730603,-0.009849959,0.023816545,-0.110342026,0.36725557,-0.015052976,0.0,-0.055220805,0.0,-0.034659427,-0.016078759,0.0019287223,-0.01308643,-0.3911597,-0.009148898,-0.72919804,0.057303205
W0000184,-0.005193596,0.0,0.017034013,-0.01693762,0.05589357,0.011370016,-0.016981345,0.027718324,-0.0048959963,-0.95695895,-3.8030162,0.052816674,0.020310234,0.04730379,0.014705296,0.0,0.028852962,0.010904469,0.0,0.0,-0.025618372,-0.004518023,0.012266069,-0.016730877,-0.021241885,-0.07191257,0.0,0.026779922,0.031219225,0.016620366,0.028596843,0.0,-0.004910699,-0.046143346,-0.025122546,0.17571774,0.0,0.00063423614,0.0,0.0,0.0015274035,0.0022701065,0.33494198,0.06442524,0.0,0.0,-0.033159044,-0.02190766,0.37796944,0.0,0.0,0.0,0.003985507,-0.00903951,-0.0029132469,-0.014395172,0.0,0.0,0.0,0.0,0.0,0.0,0.053531595,0.0148438355,0.1755989,0.0019520449,0.0,0.0003632445,0.0,0.0,0.0,-0.017068373,-0.05268158,-0.06526374,0.19211063,-0.057275884,0.0,0.17538925,-0.032267675,0.12262343,-0.012805905,-0.5390585,-0.009185559,-0.00038644386,-0.016109928,-0.001940981,0.06800261,-0.008259027,0.0039054807,0.014694814,0.0005174588,-0.009775031,0.034624748,-0.10255085,-0.40188524,-0.012361728,0.0,0.074523985,0.0,-0.02219723,-0.035245765,0.0021913787,-0.043879926,-0.33778527,-0.009148898,-0.8060481,0.046920966
W0000185,-0.005193596,0.0,-0.034559038,0.0019077602,0.03424684,0.007557037,-0.0016251784,0.008390445,-0.056603767,-0.9537129,-3.2485023,0.062156573,0.016271483,0.03512302,-0.014773394,0.0,-0.020208191,-0.010884961,0.0,0.0,0.009910832,-0.004518023,-0.010242557,-0.006744347,0.008903742,-0.072481275,0.0,0.027077826,-0.02181326,-0.087723404,-0.016258009,0.0,-0.004910699,-0.045182608,-0.040926676,0.042616006,0.0,0.0009484194,0.0,0.0,-0.003941606,-0.009236959,-0.38351414,-0.104970224,0.0,0.0,0.0031590215,0.016012156,0.30636,0.0,0.0,0.0,0.0020804543,-0.02289694,-0.0071581313,-0.012755938,0.0,0.0,0.0,0.0,0.0,0.0,-0.03734523,-0.03076023,-0.03835322,-0.0040095923,0.0,0.0003632445,0.0,0.0,0.0,-0.025547964,-0.041307803,-0.06573772,-0.20816511,0.057661954,0.0,-0.15839729,0.019921001,0.13051146,-0.0042142994,-0.6056875,-0.0107190125,-0.00038644386,-0.037218098,-0.018638777,-0.058383394,-0.008748383,-0.00937095,-0.030656226,0.0003778614,-0.03046313,-0.04297116,0.016707825,-0.3646406,-0.002744033,0.0,-0.087536536,0.0,-0.02321621,-0.016078759,0.0016836827,-0.05814499,-0.47321573,-0.009148898,-0.7848861,-0.1928355
W0000186,-0.005193596,0.0,-0.01806885,-0.0019308935,0.04760755,0.014405795,-0.00015866151,-0.025565486,-0.069543794,-0.75701404,-3.9241488,-0.0013142712,-0.015955769,0.013298755,-0.016905561,0.0,0.028852962,0.010904469,0.0,0.0,0.044057477,-0.0055564484,-0.023693299,-0.010995619,-0.02088698,-0.0283676,0.0,-0.056147262,0.031219225,0.028399706,-0.016258009,0.0,-0.004910699,0.05972851,-0.026506372,0.084220864,0.0,0.0009484194,0.0,0.0,0.0025798192,-0.02280538,0.35264426,0.06930706,0.0,0.0,0.004942146,0.005305917,-0.74840343,0.0,0.0,0.0,0.003985507,0.006453995,-0.00247431,-0.0080102645,0.0,0.0,0.0,0.0,0.0,0.0,0.06398136,0.012246649,0.16436662,0.0019520449,0.0,0.00056099845,0.0,0.0,0.0,-0.017943606,0.08211975,-0.057144906,-0.09413287,0.07000548,0.0,-0.16632628,-0.08853965,-0.16243416,-0.0033860477,0.2753308,-0.008842544,-0.0021497128,-0.026411057,-0.04570388,-0.005750063,0.0027284278,-0.023487829,-0.0021039946,0.0005174588,0.027638912,-0.061027616,-0.1394454,-0.4900618,0.0021426994,0.0,0.07350165,0.0,-0.0025130347,-0.016078759,-0.0143015785,-0.0430439,-0.38805512,-0.009148898,0.15928006,0.039648347
W0000187,-0.005193596,0.0,-0.030230567,-0.0022467787,-0.015511362,0.006403228,-0.003387034,-0.0017022947,-0.07751088,-0.8564623,-3.6528463,0.050176702,0.0047755623,0.07281114,0.015505506,0.0,-0.027471712,0.010904469,0.0,0.0,-0.044730693,-0.004518023,0.013176704,-0.021260915,0.011130143,0.07820581,0.0,0.034565277,-0.02181326,0.030315913,-0.016258009,0.0,-0.004910699,-0.07253214,-0.03895516,-0.17346552,0.0,0.0006124293,0.0,0.0,-0.0039439844,-0.009236959,0.20399292,0.056394033,0.0,0.0,-0.028188203,-0.008490303,-0.559878,0.0,0.0,0.0,0.003985507,0.0043680486,-0.0029132469,-0.012755938,0.0,0.0,0.0,0.0,0.0,0.0,-0.029193308,0.015456553,-0.037880316,0.003377371,0.0,0.0003632445,0.0,0.0,0.0,-0.020874113,-0.06723228,0.034961022,-0.083371624,0.05346087,0.0,0.17958918,-0.07650664,-0.16515389,-0.0015058166,0.19971259,-0.012423094,-0.00038644386,-0.02364829,-0.020036492,-0.03246164,-0.004520991,-0.014507638,-0.0076336926,0.00057699945,-0.001631124,-0.04980395,-0.102234036,0.33783954,-0.02010266,0.0,-0.078506835,0.0,-0.008241361,-0.016078759,0.0017207022,-0.037835125,-0.4848206,-0.009148898,-0.875573,-0.23542507
W0000188,-0.005193596,0.0,-0.018313192,-0.027784463,0.041141465,-0.07669923,-0.037216216,-0.0057877363,-0.08478068,-0.92869157,-3.916324,0.06271779,0.027362805,0.033026174,-0.014416139,0.0,-0.015068833,-0.010884961,0.0,0.0,-0.016218254,-0.013354607,-0.006402849,-0.006744347,0.0045637167,-0.0788388,0.0,0.023105541,-0.014569342,-0.08728102,-0.016258009,0.0,-0.004910699,-0.07219365,0.060215984,-0.16479678,0.0,0.00064800854,0.0,0.0,-0.009978283,-0.014049161,-0.3991093,-0.07107662,0.0,0.0,0.004001793,-0.004684652,0.4045878,0.0,0.0,0.0,-0.0038060301,0.007773745,-0.006987485,-0.007839902,0.0,0.0,0.0,0.0,0.0,0.0,-0.036196228,-0.010937272,-0.15212181,0.0019520449,0.0,0.00056099845,0.0,0.0,0.0,0.03534676,-0.052212473,-0.052364822,0.056119982,-0.05615875,0.0,0.17274956,0.036997274,-0.17005458,-0.012330018,0.32339653,-0.019900598,-0.00038644386,-0.0071346974,-0.010751499,-0.075933285,-0.015223706,0.005766479,-0.030003086,0.0003778614,-0.0017582532,-0.04065431,-0.12656178,-0.38843444,0.0026547555,0.0,0.0653783,0.0,-0.082552224,0.020698454,0.0025204332,-0.04676454,-0.46765304,-0.009148898,0.12273107,-0.18451627
W0000189,-0.005193596,0.0,0.017034013,-0.017152755,0.03424684,-0.05816357,-0.027404219,0.000554909,-0.010825707,-0.8896567,-3.2117634,0.062156573,0.02648002,0.039657548,-0.014773394,0.0,-0.020208191,0.010904469,0.0,0.0,-0.016218254,-0.004518023,-0.011904441,-0.021260915,-0.021364573,0.0746703,0.0,-0.056492887,-0.014569342,-0.082891054,-0.016258009,0.0,-0.004910699,0.058410674,0.04695715,-0.16681083,0.0,0.00064800854,0.0,0.0,0.0015274035,-0.009236959,-0.37085247,-0.092695445,0.0,0.0,0.0026206942,-0.022004396,0.3502953,0.0,0.0,0.0,-0.0038060301,-0.00903951,-0.0071581313,0.020494496,0.0,0.0,0.0,0.0,0.0,0.0,-0.030539613,0.010600343,-0.15212181,0.0019520449,0.0,0.0003632445,0.0,0.0,0.0,-0.023934359,-0.046461012,-0.06581306,-0.04626827,-0.050723102,0.0,-0.16174196,-0.042276144,-0.17005458,-0.0048522186,-0.6023971,-0.0107190125,-0.00038644386,-0.03837453,0.023978895,-0.0658806,-0.013337658,0.00410684,-0.03513253,0.0005174588,0.035655692,-0.04297116,-0.10381469,-0.38427672,-0.0059473384,0.0,0.06826581,0.0,-0.04302557,-0.016078759,0.0019287223,-0.05099695,-0.44962353,-0.009148898,-0.70351046,-0.20085132
W0000190,-0.005193596,0.0,-0.007789295,-0.019783266,0.044919185,-0.07415744,-0.017032752,0.0014012568,-0.039458174,-0.78441316,-3.1677904,0.0595166,0.016616505,0.056969337,-0.015280576,0.0,-0.020208191,-0.010884961,0.0,0.0,-0.04211379,-0.004518023,0.031926285,-0.006744347,0.010951385,0.08365901,0.0,0.026107766,-0.02181326,-0.07733629,-0.016258009,0.0,-0.004910699,-0.07253214,-0.040926676,-0.17672667,0.0,0.0009484194,0.0,0.0,-0.0023350685,-0.009236959,-0.34643593,-0.05122263,0.0,0.0,-0.015756067,-0.01747813,-0.6026721,0.0,0.0,0.0,-0.0038060301,-0.010690156,-0.0071581313,-0.008673299,0.0,0.0,0.0,0.0,0.0,0.0,-0.036196228,0.0091748405,-0.1593671,-0.0069372794,0.0,0.0003632445,0.0,0.0,0.0,0.03860841,-0.065098524,-0.018924672,-0.14545901,0.064924605,0.0,-0.16107424,-0.04143115,-0.17005458,-0.005232773,-0.535581,-0.01626535,-0.0010022561,-0.036789518,-0.021856315,-0.0358091,-0.011159016,-0.010404434,-0.032001786,-0.004514899,0.035655692,-0.043588754,-0.1111231,0.18340059,-0.002744033,0.0,-0.073390156,0.0,-0.026347041,-0.016078759,-0.0020341892,-0.041555766,-0.5180496,-0.009148898,-0.69141364,-0.23199032
W0000191,-0.0015967066,0.0,-0.031913172,-0.008376082,-0.06998341,0.027148608,0.0009832445,0.03447118,0.094635196,0.39286435,2.2415195,-0.20958564,-0.16463867,0.115357,0.015762225,0.0,0.018415429,0.010904469,0.0,0.0,-0.016412739,0.004638333,-0.021169927,0.012418347,0.036100198,-0.082903154,0.0,0.051481746,-0.02181326,-0.16684568,-0.010347058,0.0,-0.0014661357,-0.11698038,-0.049526364,-0.140659,0.0,0.0007490349,0.0,0.0,-0.009978283,0.0075859367,-0.7690625,-0.31206834,0.0,0.0,-0.06887117,-0.022404676,0.42719978,0.0,0.0,0.0,0.0033027628,-0.0456265,-0.018059753,0.004789417,0.0,0.0,0.0,0.0,0.0,0.0,0.08101625,0.013672152,0.16999055,0.009046914,0.0,0.0016667963,0.0,0.0,0.0,-0.049394682,0.06900592,0.044396743,-0.27934226,-0.047221523,0.0,-0.17995256,0.03372331,-0.16997194,-0.03148701,0.33907327,-0.008050585,-0.001044347,-0.045590878,0.012628298,-0.15388481,0.0040596994,-0.07004003,-0.13021277,-0.020784438,-0.009880812,0.03110895,0.035429552,0.5892575,-0.009067347,0.0,-0.2034735,0.0,-0.052957892,-0.014220053,0.0065681133,0.030658584,-0.24616252,-0.002720084,0.19069143,0.08598567
W0000192,-0.0015967066,0.0,-0.012781825,0.00034740847,-0.061045025,0.034604013,0.005642886,-0.0070104245,0.064441465,0.40099582,2.45059,-0.024004791,0.0040727854,0.116065145,0.0146349445,0.0,-0.025248786,-0.010884961,0.0,0.0,0.054506294,-0.01766783,0.00097216817,0.0065593505,0.03968914,-0.06597905,0.0,-0.095715865,-0.02181326,0.08971593,-0.010347058,0.0,-0.0014661357,0.06870374,-0.030622762,-0.14065158,0.0,0.0026750115,0.0,0.0,-0.009978283,-0.02280538,0.39936292,0.1110293,0.0,0.0,0.014091783,-0.011224009,-0.5462419,0.0,0.0,0.0,-0.017717667,-0.025064614,0.008628185,0.007193956,0.0,0.0,0.0,0.0,0.0,0.0,-0.058380395,-0.032023966,-0.1327365,-0.018582787,0.0,0.0016667963,0.0,0.0,0.0,-0.021189496,0.11518785,0.049044743,-0.11130015,0.084978096,0.0,-0.17268302,-0.2199564,-0.17534253,-0.035803128,0.3699258,0.0043454734,0.001080007,0.0053565176,-0.06568044,0.034419738,-0.024053928,-0.014706627,-0.010766026,0.0026562288,-0.018168416,-0.033012398,-0.0983787,0.65777856,0.0039706314,0.0,0.091886416,0.0,-0.024684863,0.01600558,-0.021060964,0.027657093,0.7065564,0.021213012,0.24301752,0.09433285
W0000193,-0.005193596,0.0,-0.016802223,0.0012737361,0.032015204,-0.09244048,-0.013946617,-0.026123278,-0.05604091,-0.92188275,-3.8323433,0.050176702,0.017850194,0.06549216,-0.015280576,0.0,-0.027471712,-0.010884961,0.0,0.0,0.052026615,-0.013354607,-0.0065986365,0.0021065255,0.010337127,-0.0830702,0.0,0.02519832,-0.02181326,-0.11346094,-0.016258009,0.0,-0.004910699,-0.04580485,-0.032714307,-0.18601464,0.0,0.0009484194,0.0,0.0,-0.0023350685,-0.02280538,0.2192267,0.028660383,0.0,0.0,0.0035524697,-0.016442178,-0.5837615,0.0,0.0,0.0,-0.007291176,-0.014157264,0.004650646,0.00708084,0.0,0.0,0.0,0.0,0.0,0.0,-0.04616248,-0.023577042,-0.18290806,-0.0069372794,0.0,-0.010462886,0.0,0.0,0.0,-0.018552173,-0.065098524,0.034475844,-0.09926327,0.07000548,0.0,-0.16379118,-0.06172598,-0.164164,-0.0065264786,-0.65011525,-0.006143297,0.0010364789,-0.0010765418,-0.040008776,-0.052524373,-0.004194338,0.0066895587,-0.01813961,-0.007334222,-0.03046313,0.021274664,-0.108895704,0.3284117,-5.278457e-05,0.0,-0.11492294,0.0,-0.008733092,-0.016078759,0.0026100148,-0.037323356,-0.48168245,-0.009148898,0.1282652,0.05350414
W0000194,-0.005193596,0.0,0.003783389,-0.017152755,0.03424684,-0.0953888,-0.016998999,0.00047549838,-0.03639032,-0.8958486,-3.2068384,0.06271779,0.02503863,-0.054337896,-0.014416139,0.0,-0.015068833,-0.010884961,0.0,0.0,-0.016218254,-0.004518023,-0.01055101,-0.007219096,-0.009491169,0.0746703,0.0,-0.0930717,-0.02181326,-0.070735626,-0.016258009,0.0,-0.004910699,-0.045182608,-0.040926676,-0.16681083,0.0,0.00064800854,0.0,0.0,-0.0023350685,-0.0068245563,-0.36580774,-0.042429388,0.0,0.0,-0.010885064,-0.023303399,0.37069517,0.0,0.0,0.0,-0.0038060301,0.0064144908,-0.0071581313,-0.014516785,0.0,0.0,0.0,0.0,0.0,0.0,-0.031137533,0.013802314,-0.15212181,0.0019520449,0.0,0.0003632445,0.0,0.0,0.0,-0.023934359,-0.047059264,-0.06558016,0.011657916,-0.055269156,0.0,-0.15748267,-0.05787257,0.14814846,-0.0043212133,-0.6284063,0.01749261,-0.00038644386,-0.03808732,-0.004613805,-0.025088571,-0.00858568,0.0039054807,-0.030393405,0.0003778614,0.035528224,-0.044798184,0.027783224,-0.35538757,-0.002744033,0.0,0.06826581,0.0,-0.02321621,0.020698454,0.0018391407,-0.056944493,-0.49385393,-0.009148898,-0.72595876,-0.17454919
W0000195,0.08293642,0.0,0.0153710265,-0.025468657,0.03227166,-0.08618276,-0.029559769,-0.0626114,-0.0023722388,-0.86512125,-3.4747393,0.05250319,0.0024257698,-0.018022846,0.008267291,0.0,0.01904458,0.010904469,0.0,0.0,0.054675676,0.04582795,0.009687144,0.0021065255,-0.052219585,0.06540225,0.0,0.025989825,0.031219225,-0.090979986,0.028596843,0.0,-0.004910699,-0.08979082,-0.030909847,0.16805845,0.0,0.0004783984,0.0,0.0,0.0025782639,0.004673285,-0.45116663,-0.111827694,0.0,0.0,-0.020983683,0.01595312,-0.5525948,0.0,0.0,0.0,0.0020804543,-0.014677201,-0.006987485,0.011917727,0.0,0.0,0.0,0.0,0.0,0.0,0.076639816,0.010216362,0.10444756,0.003377371,0.0,-0.006793074,0.0,0.0,0.0,0.04371243,-0.043627635,0.034031004,-0.12038425,-0.06515381,0.0,0.1648583,-0.010821301,-0.15654358,-0.0091504045,-0.629107,-0.0010657026,-0.0021497128,-0.021119103,0.025079928,0.057433385,0.0016184108,0.006686699,-0.027838511,-0.007334222,-0.021087185,-0.024661886,0.055018976,0.46341342,-0.015052976,0.0,0.08076752,0.0,-0.039802022,-0.016078759,-0.0011078571,-0.022229157,0.6836763,0.07134915,0.10388954,0.05057973
W0000196,-0.0015967066,0.0,-0.04354224,-0.0074609104,-0.10058454,0.016637074,0.006616886,0.010204613,-0.09320477,0.29869074,0.9557976,-0.17653129,-0.03980302,-0.06323725,-0.02378431,0.0,-0.015691405,-0.010884961,0.0,0.0,-0.056676783,-0.01766783,-0.017945655,-0.049725287,0.010966407,0.11895874,0.0,0.04244432,-0.02181326,-0.1758429,-0.016258009,0.0,-0.0014661357,-0.094366916,-0.034921136,-0.16354968,0.0,0.00113848,0.0,0.0,-0.0039439844,-0.0068245563,-0.6163288,0.0016490538,0.0,0.0,0.009100157,-0.011686821,-1.0930424,0.0,0.0,0.0,-0.0060421485,-0.011818707,-0.01846855,0.0007168343,0.0,0.0,0.0,0.0,0.0,0.0,-0.045054328,-0.029465904,-0.17190474,-0.0069798674,0.0,0.00071129086,0.0,0.0,0.0,-0.055739194,0.10613427,-0.012023635,0.15765658,-0.07261763,0.0,-0.16585524,-0.12963262,-0.19965363,-0.015341748,0.31968778,0.0020643026,-0.0020473734,-0.030114774,0.0114267925,-0.05166564,0.0039036698,-0.019360896,-0.10718063,0.0009225488,-0.02881604,-0.05563012,-0.12119807,-0.6629247,-0.0015619006,0.0,-0.086815305,0.0,-0.04302557,-0.016078759,0.0031469516,-0.07290144,-0.5160417,-0.002720084,-1.598681,0.05174295
W0000197,-0.005193596,0.0,-0.034559038,-0.0044968026,0.041141465,0.011202746,-0.0016075228,-0.005287679,-0.06990905,-0.9482767,-3.6023793,0.054399446,0.022269376,-0.017118078,-0.014416139,0.0,-0.015068833,-0.010884961,0.0,0.0,-0.016218254,-0.013354607,-0.010242557,-0.021260915,0.0090825,0.08707434,0.0,0.026006196,-0.02181326,-0.082891054,-0.016258009,0.0,-0.004910699,-0.046143346,-0.03895516,-0.17346552,0.0,0.0009484194,0.0,0.0,-0.0039439844,-0.009236959,-0.24413316,0.034236453,0.0,0.0,0.0034466144,-0.011138969,0.4049939,0.0,0.0,0.0,-0.0038060301,0.0060071647,-0.0069115944,-0.008285031,0.0,0.0,0.0,0.0,0.0,0.0,-0.036196228,0.013672152,-0.16286133,0.0019520449,0.0,0.0003632445,0.0,0.0,0.0,-0.017068373,-0.052212473,-0.04303785,0.068870544,-0.050723102,0.0,-0.16832311,-0.07664385,-0.17005458,-0.004685431,0.3056807,-0.0107190125,-0.00038644386,-0.051812038,-0.0016187923,-0.041242182,-0.00858568,0.00441828,-0.03451998,0.0003778614,0.035655692,-0.04297116,-0.11107813,-0.36526603,-0.017196286,0.0,0.072718784,0.0,-0.01822882,-0.035245765,0.0019287223,-0.05099695,-0.48081458,-0.009148898,-0.8820915,-0.21072571
W0000198,-0.005193596,0.0,-0.06454931,-0.004942652,0.03955686,0.012111715,-0.0037701917,-0.0024564825,-0.071844555,-0.8311155,-0.86626613,0.050176702,0.013831436,-0.008739805,-0.02378431,0.0,-0.027471712,0.010904469,0.0,0.0,-0.055018507,-0.004518023,-0.029077541,-0.03201076,-0.00086714886,-0.113801576,0.0,0.042000942,-0.02181326,0.058866702,-0.016258009,0.0,-0.004910699,0.05892305,-0.06430219,-0.16460323,0.0,0.0009484194,0.0,0.0,-0.0039439844,0.0022701065,0.3297562,0.10208994,0.0,0.0,0.0058867377,0.0097425785,-0.9931152,0.0,0.0,0.0,-0.017717667,0.0058824206,-0.0044831694,0.021696165,0.0,0.0,0.0,0.0,0.0,0.0,-0.019758182,0.016244967,-0.1944509,0.003377371,0.0,0.0003632445,0.0,0.0,0.0,0.06656893,-0.06312139,0.035116214,-0.1263028,-0.06089987,0.0,0.17768238,-0.095773526,0.15508628,-0.003201562,0.27513576,-0.017971454,-0.0020473734,-0.026051924,0.0278929,-0.026618727,0.0021218099,-0.03075897,-0.011607541,-0.008395349,0.035655692,0.0412524,-0.021788241,0.3320902,0.0053460044,0.0,0.07300912,0.0,-0.016553747,-0.035245765,0.0049297153,0.015954638,-0.5428897,-0.009148898,-1.3323443,-0.40868482
W0000199,-0.005193596,0.0,-0.007789295,-0.016505685,0.04399471,0.0063826507,-0.0016251784,-0.01384899,-0.07184641,-0.7903801,-3.1810517,0.050333783,0.019937117,0.050572157,0.015505506,0.0,-0.025312264,-0.010884961,0.0,0.0,-0.04482709,-0.013354607,-0.011595988,-0.007219096,0.0070912107,-0.08379041,0.0,-0.09781456,-0.02181326,-0.06786296,-0.016258009,0.0,-0.004910699,0.058410674,-0.03895516,-0.17672667,0.0,0.0009484194,0.0,0.0,-0.003941606,-0.009236959,0.26318777,0.018636124,0.0,0.0,0.0029631113,0.015638087,-0.67005193,0.0,0.0,0.0,-0.007291176,-0.011705913,0.0042117094,-0.012918291,0.0,0.0,0.0,0.0,0.0,0.0,-0.036196228,-0.00080553535,-0.16286133,-0.0040095923,0.0,0.0003632445,0.0,0.0,0.0,-0.020874113,-0.06723228,-0.049738742,-0.1271151,0.05346087,0.0,0.16686328,-0.03273377,-0.17005458,-0.010269865,-0.5578263,-0.012700345,-0.0010022561,-0.01449516,-0.029822677,-0.03244348,0.0016414542,0.0036397753,0.015773818,0.0003778614,-0.0018331809,-0.04297116,-0.11121593,-0.3942018,-0.012361728,0.0,-0.08382329,0.0,-0.024919894,-0.016078759,0.0017108476,-0.054387532,-0.48277706,-0.009148898,-0.7333734,-0.19900079
W0000200,-0.005193596,0.0,-0.01554536,-0.0022385318,-0.060462113,0.011483282,-0.0022545962,-0.013529633,-0.081990495,-0.93302625,-4.206879,0.04871326,0.011901587,0.06726537,-0.016905561,0.0,-0.025312264,-0.010884961,0.0,0.0,0.052026615,-0.013354607,-0.0076099965,0.0021065255,0.010337127,0.080999136,0.0,-0.059954308,-0.02181326,0.011927515,-0.016258009,0.0,-0.004910699,-0.04496655,-0.032714307,-0.18601464,0.0,0.0009484194,0.0,0.0,-0.003941606,-0.02280538,0.28985953,0.056354076,0.0,0.0,0.004680438,-0.018273765,-0.5364196,0.0,0.0,0.0,-0.007291176,-0.013238646,0.004650646,0.021512086,0.0,0.0,0.0,0.0,0.0,0.0,-0.039954785,-0.026135102,-0.1944509,-0.0069372794,0.0,0.00056099845,0.0,0.0,0.0,0.03420058,0.08211975,0.034475844,-0.09804409,0.06605148,0.0,-0.1719049,-0.011069601,-0.164164,-0.0015058166,-0.59610236,-0.006336812,0.0022231166,0.007934911,-0.042600058,0.05435589,-0.003235363,0.0073493267,0.021266602,-0.007334222,-0.001631124,0.01944058,-0.09905202,0.4816298,-5.278457e-05,0.0,-0.09518024,0.0,-0.024684863,-0.035245765,-0.005866262,-0.028080124,-0.2804488,-0.009148898,0.022189658,0.06270566
W0000201,-0.005193596,0.0,-0.0007572379,0.0012402661,0.04455039,-0.08533044,-0.016981345,0.0014012568,-0.06540776,-0.79568213,-3.2531323,0.060077816,0.02568477,0.044410348,0.017009752,0.0,-0.015068833,-0.010884961,0.0,0.0,-0.047443993,-0.004518023,-0.01609853,-0.006744347,0.011915781,-0.08405269,0.0,0.023076825,-0.02181326,-0.057321128,-0.016258009,0.0,-0.004910699,0.05921509,-0.032250986,-0.15794854,0.0,0.0009484194,0.0,0.0,0.0015274035,-0.0044427263,-0.31113884,-0.062562585,0.0,0.0,-0.014147484,-0.019258993,-0.63455933,0.0,0.0,0.0,-0.0038060301,-0.00944559,-0.0071581313,-0.0066511137,0.0,0.0,0.0,0.0,0.0,0.0,-0.025480919,0.010216362,-0.15212181,0.0019520449,0.0,0.0003632445,0.0,0.0,0.0,0.04371243,0.07365592,-0.057694223,-0.16781361,-0.055158343,0.0,0.1663861,-0.042729005,0.15523581,-0.004685431,-0.5357833,-0.017971454,-0.0010022561,0.015580788,-0.014718595,0.052424386,-0.009272968,-0.00049920846,-0.034231752,0.0003778614,0.035655692,-0.04297116,0.04771492,-0.38871214,-0.002744033,0.0,0.06726579,0.0,-0.04030291,-0.035245765,0.0026100148,0.044841766,-0.5006991,-0.009148898,-0.6543574,-0.18390486
W0000202,-0.005193596,0.0,-0.029178884,-0.00014390697,-0.061088193,-0.075380825,-0.027404219,0.00024141977,-0.06969845,-0.78203917,-3.0735524,0.060077816,0.021646649,0.010087722,-0.015280576,0.0,-0.015068833,-0.010884961,0.0,0.0,-0.04482709,-0.013354607,-0.018795105,-0.021260915,0.012102259,0.08927561,0.0,0.03535279,-0.02181326,-0.07663773,-0.016258009,0.0,-0.004910699,-0.046143346,-0.040926676,-0.16354968,0.0,0.00064800854,0.0,0.0,-0.009978283,-0.009236959,-0.35384265,-0.05928007,0.0,0.0,-0.013627456,-0.0076018106,-0.6642717,0.0,0.0,0.0,-0.0038060301,-0.010690156,0.007814314,-0.0076982863,0.0,0.0,0.0,0.0,0.0,0.0,-0.031137533,-0.03713095,-0.15212181,-0.0040095923,0.0,0.0003632445,0.0,0.0,0.0,-0.027740099,-0.065098524,0.08334002,-0.12970847,0.05346087,0.0,0.16876233,-0.009969589,0.12730184,-0.0048522186,0.28046808,-0.017694203,-0.0010022561,-0.01326298,-0.021750277,-0.0370565,0.0013335502,0.004206651,-0.031988893,0.0003778614,0.035655692,-0.03789402,-0.11093516,-0.41396353,-0.014277047,0.0,0.004809656,0.0,0.030484265,-0.035245765,-0.0029993139,-0.05814499,-0.51532865,-0.009148898,-0.8046399,-0.20539367
W0000203,-0.0015967066,0.0,-0.070204996,-0.023327462,-0.120724216,0.011571471,-0.015408751,-0.00351418,-0.057074193,-0.8616004,0.66064906,0.063027255,0.026179776,-0.006475387,-0.014734199,0.0,-0.027471712,-0.010884961,0.0,0.0,0.01053727,-0.01766783,-0.016368536,-0.03035746,0.019147191,-0.074205264,0.0,-0.073791996,-0.02181326,-0.12780197,-0.016258009,0.0,-0.0014661357,-0.094366916,-0.06430219,-0.17672667,0.0,0.0026750115,0.0,0.0,-0.003941606,0.0022701065,0.1893803,-0.11158318,0.0,0.0,-0.04292234,-0.052271377,0.42392135,0.0,0.0,0.0,-0.017717667,-0.049726397,0.0068278406,0.0060852673,0.0,0.0,0.0,0.0,0.0,0.0,-0.045054328,-0.0327569,-0.15212181,-0.0040095923,0.0,0.00071129086,0.0,0.0,0.0,-0.0559145,-0.057142384,0.037811913,-0.25404462,-0.05928629,0.0,0.18172315,-0.029250469,-0.18670851,-0.016799044,-0.8489759,-0.010103827,0.0005866099,-0.0145878885,-0.0015429724,-0.15455113,0.0041216877,-0.0127633605,0.032847106,0.00057,-0.0300289,-0.05563012,-0.11273006,-0.5067869,-0.007963465,0.0,-0.12142144,0.0,-0.024919894,-0.016078759,0.0037637358,-0.09864215,-0.54056853,-0.009148898,-1.3514318,-0.41114593
W0000204,-0.005193596,0.0,0.0006688796,0.0012402661,-0.053121585,-0.08144014,-0.018945247,0.007471383,-0.077708706,-0.70332634,-3.3438363,-0.012140909,0.0037046236,0.06306911,0.015505506,0.0,-0.020208191,0.010904469,0.0,0.0,-0.044730693,-0.004518023,-0.0152372075,-0.021260915,-0.020760506,-0.09113042,0.0,-0.004072547,-0.02181326,-0.10005432,-0.016258009,0.0,-0.004910699,0.05937141,-0.040926676,-0.16354968,0.0,0.00064800854,0.0,0.0,-0.0039439844,0.0030725633,-0.3892907,-0.06105391,0.0,0.0,0.0030672103,-0.008121584,-0.669246,0.0,0.0,0.0,-0.0038060301,-0.010928034,-0.0071581313,-0.008285031,0.0,0.0,0.0,0.0,0.0,0.0,-0.00835982,0.015456553,-0.17216852,0.003377371,0.0,0.0003632445,0.0,0.0,0.0,0.04371243,-0.062079072,-0.049738742,-0.110794924,0.058140974,0.0,0.17401093,-0.07487685,-0.164164,-0.004609974,0.28479216,0.020057678,-0.0010022561,-0.013554258,0.023978895,-0.041638713,-0.003562016,-0.0049780402,-0.030901115,0.00057699945,-0.03545718,0.025584772,0.050137542,0.45131212,0.0026547555,0.0,0.003025611,0.0,-0.034659427,-0.035245765,0.0019287223,-0.041555766,-0.508935,-0.009148898,-0.7653151,-0.21943176
W0000205,-0.005193596,0.0,-0.034559038,-0.004596729,0.03664866,0.011202746,-0.0037701917,0.00047549838,-0.05868629,-0.86743474,-3.3982434,0.062156573,0.009822277,-0.15933397,-0.014773394,0.0,-0.020208191,-0.010884961,0.0,0.0,-0.013504954,-0.004518023,-0.0152372075,-0.021260915,-0.0018270402,0.08148594,0.0,0.027475586,0.031219225,-0.09554678,0.028596843,0.0,-0.004910699,-0.047000907,-0.03471874,0.0856163,0.0,0.00064800854,0.0,0.0,0.0025798192,0.0022701065,-0.39771703,-0.12226844,0.0,0.0,0.0031400514,-0.012534708,0.33260384,0.0,0.0,0.0,-0.0038060301,-0.009446837,-0.0071581313,0.020730278,0.0,0.0,0.0,0.0,0.0,0.0,-0.039954785,0.016874123,-0.15672953,0.003377371,0.0,0.0003632445,0.0,0.0,0.0,-0.027740099,0.07458013,0.03500636,-0.17813295,-0.06147697,0.0,-0.16832311,-0.07825991,-0.17199904,-0.009155159,0.31359205,-0.015762335,-0.00038644386,-0.052296497,0.024311723,0.011104085,-0.008748383,-0.018789299,-0.040802836,-0.004514899,-0.0017582532,-0.04297116,-0.01878554,0.31313068,0.0026547555,0.0,0.074076466,0.0,-0.034659427,-0.016078759,0.0019287223,0.024697548,-0.5063652,-0.009148898,-0.8121918,-0.21961197
W0000206,-0.005193596,0.0,0.0006688796,-0.019783266,0.042386644,0.0063826507,-0.009324895,-0.01384899,-0.045978192,-0.7707775,-3.668617,0.04834173,0.01792159,0.06241548,-0.015280576,0.0,-0.025312264,-0.010884961,0.0,0.0,-0.04211379,-0.013354607,-0.011816551,-0.006744347,0.007999536,0.0889619,0.0,0.029834589,-0.02181326,0.03631161,-0.016258009,0.0,-0.004910699,-0.046143346,-0.03895516,-0.16460323,0.0,0.0009484194,0.0,0.0,-0.0039439844,-0.009236959,0.2751605,0.058542937,0.0,0.0,0.003218878,-0.007505075,-0.6795383,0.0,0.0,0.0,-0.007291176,-0.010690156,0.0042117094,0.020577531,0.0,0.0,0.0,0.0,0.0,0.0,-0.039954785,-0.013151189,-0.18164946,-0.0069372794,0.0,0.0003632445,0.0,0.0,0.0,0.0393046,-0.065098524,0.08334002,-0.10235782,0.056932848,0.0,0.17004831,-0.07915138,-0.17199904,-0.0015058166,0.27417403,-0.01626535,-0.0010022561,-0.02390981,-0.029822677,-0.024567198,0.0015452266,0.0050270604,-0.009632864,0.00057699945,0.035655692,-0.046757657,-0.11920356,0.43257344,-0.017196286,0.0,-0.074859366,0.0,-0.007908323,-0.016078759,-0.0034994113,0.023629488,-0.4825652,-0.009148898,-0.8219358,-0.23155323
W0000207,-0.005193596,0.0,-0.0004300624,-0.019275729,0.05196459,-0.11522072,-0.018148143,0.0006501074,-0.0058539063,-0.973508,-3.7078588,0.062156573,0.027499106,0.043913998,-0.014416139,0.0,-0.020208191,0.010904469,0.0,0.0,-0.016218254,-0.004518023,-0.021336462,-0.006744347,-0.00873634,0.07352318,0.0,0.039090995,-0.014569342,-0.08070454,-0.016258009,0.0,-0.004910699,-0.07219365,0.06416387,0.03332802,0.0,0.0008867544,0.0,0.0,0.0015274035,-0.014049161,-0.39634603,-0.102391504,0.0,0.0,0.0029737465,-0.021740133,0.35245484,0.0,0.0,0.0,-0.0038060301,-0.01423613,-0.006987485,0.012000761,0.0,0.0,0.0,0.0,0.0,0.0,-0.025480919,0.011641865,-0.15212181,0.0019520449,0.0,-0.010462886,0.0,0.0,0.0,-0.023934359,-0.052212473,-0.06291898,0.2142038,-0.057140935,0.0,0.17776121,-0.03238401,0.14976287,-0.004371414,-0.64369357,-0.010083089,-0.00038644386,-0.03725787,0.025389062,-0.085366406,-0.013337658,-0.013472579,-0.030149687,0.0003778614,0.035655692,-0.04065431,-0.106543094,-0.34399894,-0.015052976,0.0,0.07967711,0.0,-0.03282059,-0.016078759,0.0025204332,-0.05101287,-0.47428462,-0.009148898,0.08221462,-0.15444621
W0000208,-0.005193596,0.0,-0.052765295,-0.008782934,-0.059578765,-0.15479839,-0.01424868,-0.012717679,-0.08061488,-0.91522276,-0.7511196,0.050176702,0.013346192,0.087962165,0.01684472,0.0,-0.027471712,-0.010884961,0.0,0.0,-0.055018507,-0.004518023,-0.007392709,-0.03248551,-0.02211766,0.10388282,0.0,-0.1294522,-0.02181326,0.054343432,-0.016258009,0.0,-0.004910699,0.060431197,-0.06631828,-0.17471263,0.0,0.0009484194,0.0,0.0,-0.0039439844,-0.02280538,0.3604182,0.07242994,0.0,0.0,0.005303153,-0.01332983,-0.9753179,0.0,0.0,0.0,-0.017717667,-0.010203342,-0.002682825,-0.0037586614,0.0,0.0,0.0,0.0,0.0,0.0,-0.024816878,0.016244967,-0.18164946,0.003377371,0.0,0.00056099845,0.0,0.0,0.0,0.046393074,-0.1145683,0.035116214,-0.11370533,0.06934825,0.0,0.1763539,-0.10055329,-0.1675075,-0.007506564,0.29576612,-0.01749426,-0.0020473734,0.0059630577,-0.058042705,0.024712918,0.0019101335,0.016241608,0.0005301633,-0.008395349,0.035528224,-0.08557133,-0.10370219,0.416911,-0.02010266,0.0,0.07106967,0.0,0.0056141936,0.020698454,0.0066676657,0.0064566787,-0.48096585,-0.009148898,-0.2118871,-0.40488756
W0000209,-0.005193596,0.0,-0.034559038,0.0019077602,0.047102988,0.006592401,-0.0016251784,0.018407248,-0.017782563,-0.9361246,-3.2776241,0.062156573,0.024750669,0.03388796,0.014705296,0.0,0.01904458,-0.010884961,0.0,0.0,0.009910832,-0.004518023,0.010399397,-0.006744347,0.005976021,-0.072481275,0.0,0.03423493,-0.014569342,-0.087723404,-0.016258009,0.0,-0.004910699,-0.07253214,0.06342879,-0.16681083,0.0,0.0006124293,0.0,0.0,-0.003941606,-0.009236959,-0.39874208,-0.08532103,0.0,0.0,0.0035041424,0.016012156,0.28622305,0.0,0.0,0.0,0.0020804543,-0.02289694,-0.0071581313,-0.0079338085,0.0,0.0,0.0,0.0,0.0,0.0,-0.036196228,-0.03076023,0.14708345,-0.0040095923,0.0,0.0003632445,0.0,0.0,0.0,-0.027740099,-0.05268158,-0.04303785,-0.1754816,0.05346087,0.0,-0.15839729,-0.014100731,-0.1732642,-0.0042142994,-0.5469895,-0.015762335,-0.00038644386,-0.019288288,-0.022937728,-0.083161816,-0.00858568,-0.0110132145,-0.030656226,0.0003778614,-0.001631124,-0.053171247,-0.023332858,-0.37052754,-0.002744033,0.0,-0.08960324,0.0,-0.024235101,-0.016078759,0.0016836827,-0.05099695,-0.44430923,-0.009148898,-0.78959835,-0.20141579
W0000210,-0.005193596,0.0,-0.03183594,-0.0022988962,-0.06214704,0.007557037,-0.003387034,-0.01609282,-0.07120144,-0.9513664,-3.6968517,0.052973755,0.017296609,0.054096565,0.014705296,0.0,-0.025312264,-0.010884961,0.0,0.0,-0.012843851,-0.013354607,-0.0122589385,-0.006744347,0.013198879,-0.016799303,0.0,0.03237636,-0.02181326,0.034619268,-0.016258009,0.0,-0.004910699,-0.046143346,-0.03895516,-0.16786438,0.0,0.0009484194,0.0,0.0,-0.003941606,-0.009236959,0.28259206,0.07364444,0.0,0.0,0.0031908478,-0.019434122,0.32748288,0.0,0.0,0.0,-0.007291176,-0.016940145,0.0042117094,-0.008285031,0.0,0.0,0.0,0.0,0.0,0.0,-0.039954785,0.011641865,-0.18164946,-0.0069372794,0.0,0.0003632445,0.0,0.0,0.0,-0.018025128,-0.05268158,-0.017521095,-0.13390395,0.064094275,0.0,0.17826787,-0.014197213,-0.17298895,-0.0015058166,-0.662899,-0.0107190125,-0.00038644386,0.006061152,-0.024791796,-0.08004838,-0.0061441045,-0.004766411,-0.008896902,0.00057699945,-0.001631124,-0.04259735,-0.11141555,0.3203479,-5.278457e-05,0.0,-0.0791641,0.0,-0.017443685,-0.016078759,0.0021913787,0.023629488,-0.44560912,-0.009148898,-0.8284881,-0.23824666
W0000211,-0.005193596,0.0,-0.02239732,-0.0019576042,0.028353434,-0.10480781,-0.0019381724,-0.0052352212,-0.06670045,-0.983213,-3.784477,-0.008939722,0.0037815003,0.056760393,0.015036006,0.0,-0.015068833,-0.010884961,0.0,0.0,-0.014339067,-0.013354607,-0.00791845,0.0016317765,0.0058528236,-0.07176107,0.0,-0.09680447,0.031219225,-0.11044778,0.028596843,0.0,-0.004910699,0.05937828,-0.030909847,0.17743118,0.0,0.00064800854,0.0,0.0,0.0025782639,-0.02280538,-0.43585908,-0.11716693,0.0,0.0,-0.020843698,0.015671793,0.29669774,0.0,0.0,0.0,-0.0038060301,-0.018851832,0.00798496,0.006573799,0.0,0.0,0.0,0.0,0.0,0.0,-0.04616248,-0.0327569,-0.17216852,-0.0069372794,0.0,-0.010462886,0.0,0.0,0.0,-0.025547964,0.06533969,-0.06573462,-0.18657434,-0.04959622,0.0,0.17927264,-0.012123531,-0.15319732,-0.00031334744,-0.7350503,0.0012678755,-0.00038644386,-0.03725787,-0.02111475,-0.07786921,-0.014956588,-0.026820632,-0.021699479,0.00093730603,-0.030590596,0.021274664,0.14597893,0.43662018,-0.00041824486,0.0,-0.086408526,0.0,-0.054992415,-0.016078759,0.0020849817,-0.020694487,-0.4439304,-0.009148898,0.104758,0.051892467
W0000212,-0.005193596,0.0,-0.03183594,0.0024566622,-0.071527004,0.006035506,-0.001973025,0.008282291,-0.025344063,-0.9190559,-3.4069016,0.062156573,0.015995793,-0.010624934,-0.014773394,0.0,0.01904458,0.010904469,0.0,0.0,0.010580061,-0.004518023,-0.01609853,-0.006744347,0.013399251,-0.072481275,0.0,0.0352754,-0.02181326,-0.081146926,-0.016258009,0.0,-0.004910699,0.058410674,-0.039219193,0.07349286,0.0,0.0009484194,0.0,0.0,0.0015274035,-0.0068245563,-0.36237103,-0.08595397,0.0,0.0,0.0030000983,-0.02190766,0.33713627,0.0,0.0,0.0,0.0020804543,0.006707633,-0.0071581313,0.011777031,0.0,0.0,0.0,0.0,0.0,0.0,-0.025480919,0.0148438355,0.114058495,0.0019520449,0.0,-0.006774679,0.0,0.0,0.0,0.03534676,0.07458013,-0.06573772,0.19735351,-0.05428697,0.0,0.16878924,-0.03194999,0.14976287,-0.004685431,-0.5897647,-0.0107190125,-0.00038644386,0.007134043,-0.0043371986,-0.025088571,0.0018370238,-0.014895745,-0.031375445,0.0003778614,0.035655692,0.015150379,-0.09068583,-0.33880037,-0.0065361145,0.0,0.0030504102,0.0,-0.04030291,-0.035245765,0.0019287223,-0.05814499,-0.4346945,-0.009148898,-0.77064085,-0.19010891
W0000213,-0.005193596,0.0,-0.011708669,0.0035217085,0.048338443,0.013942789,0.007969515,-0.027969524,-0.0069832504,0.36310318,-3.82517,-0.19160992,-0.12375938,-0.24448791,-0.014416139,0.0,0.020771705,0.010904469,0.0,0.0,-0.010455968,-0.0055564484,-0.014407124,0.008168046,-0.011403348,-0.07996331,0.0,0.02811808,0.019999173,-0.05398064,0.028596843,0.0,-0.004910699,-0.09919988,0.041890994,0.15131868,0.0,0.00064800854,0.0,0.0,0.006526944,0.0075859367,-0.5308289,-0.17710009,0.0,0.0,0.0049260035,-0.010548307,0.39690137,0.0,0.0,0.0,0.0020804543,0.008066887,-0.006987485,-0.008244937,0.0,0.0,0.0,0.0,0.0,0.0,-0.03674731,0.013672152,0.15807454,0.003398105,0.0,0.00056099845,0.0,0.0,0.0,-0.019028144,-0.052469574,-0.06054849,-0.22094628,0.063173935,0.0,-0.17138785,-0.08987172,-0.17005458,-0.03362037,0.32598126,0.006855097,-0.00058494485,-0.05228736,-0.022986343,-0.06350284,0.00572082,-0.018017069,-0.008330278,0.0005174588,-0.03019799,0.029940829,-0.012402646,-0.48152325,0.024275357,0.0,-0.10431579,0.0,-0.071613535,-0.035245765,0.0018705182,-0.022906058,-0.2650313,-0.002720084,0.11960451,0.044097483
W0000214,-0.005193596,0.0,-0.01432099,-0.00079796044,-0.057061866,0.019484619,0.0005737478,0.027081762,-0.016717508,0.39207083,-4.491157,-0.1356909,-0.083997786,0.09541501,-0.014773394,0.0,0.02933638,-0.010884961,0.0,0.0,0.011128915,-0.004518023,-0.011424402,-0.03301593,0.0011064224,0.063869804,0.0,0.034111224,-0.02181326,0.034746718,-0.016258009,0.0,-0.004910699,0.06353222,-0.032714307,-0.15057485,0.0,0.0009484194,0.0,0.0,-0.0039439844,-0.014049161,0.358626,0.09623351,0.0,0.0,0.005138615,0.0051530926,0.3695534,0.0,0.0,0.0,0.003985507,-0.020527516,-0.00247431,-0.007779677,0.0,0.0,0.0,0.0,0.0,0.0,-0.029193308,-0.04431414,0.18727373,-0.018582787,0.0,0.00056099845,0.0,0.0,0.0,-0.012162158,0.065302536,-0.010559796,-0.13199072,-0.057140935,0.0,0.17715895,-0.08126764,-0.17298895,0.00050999597,0.33426306,-0.008050585,-0.00038644386,-0.027339134,0.005725248,-0.04004642,-0.013254546,0.0104349805,-0.000532208,-0.007334222,-0.0013659829,0.024190355,0.030841349,0.47746855,0.0053460044,0.0,-0.060516134,0.0,-0.020078264,-0.035245765,0.0028726715,0.023629488,-0.35989362,-0.002720084,-0.19194259,0.05637961
W0000215,-0.005193596,0.0,-0.03183594,-0.015529571,0.042610183,0.007643902,-0.009324895,-0.0011418737,-0.07061886,-0.91906095,-3.3568873,0.062156573,0.008805152,-0.00934669,-0.014773394,0.0,-0.020208191,-0.010884961,0.0,0.0,0.0126241315,-0.013354607,-0.012567392,-0.006744347,0.013399251,-0.01736801,0.0,0.03277618,-0.02181326,-0.09645395,-0.016258009,0.0,-0.004910699,0.05937141,-0.040926676,-0.15794854,0.0,0.00064800854,0.0,0.0,-0.0023350685,0.0022701065,-0.3562413,-0.09569491,0.0,0.0,-0.0080819335,-0.019434122,0.29273653,0.0,0.0,0.0,-0.0038060301,-0.020346759,0.007814314,0.013971457,0.0,0.0,0.0,0.0,0.0,0.0,-0.039954785,-0.03076023,-0.17216852,-0.0069372794,0.0,-0.006774679,0.0,0.0,0.0,-0.025547964,0.06512083,-0.052380867,-0.14687641,-0.057275884,0.0,-0.15839729,-0.042145915,-0.17298895,-0.0015058166,-0.61234426,0.01749261,-0.00038644386,0.027170394,0.0242555,-0.08472524,-0.008748383,0.0050270604,-0.036606666,0.00057699945,-0.001631124,0.025494456,0.049501,0.2807058,-0.002744033,0.0,-0.08708916,0.0,-0.035549365,-0.035245765,-0.0029993139,0.024697548,-0.48176742,-0.009148898,-0.7429312,-0.19570991
W0000216,-0.0015967066,0.0,-0.022032486,-0.011029175,-0.11106061,0.019337486,0.0029616384,-0.08017906,-0.036255896,-1.1517547,1.0324104,0.062312983,-0.020477071,-0.11203381,-0.014734199,0.0,0.01904458,0.010904469,0.0,0.0,0.00260987,0.00070057716,-0.05483994,-0.024776986,-0.10888846,-0.074053764,0.0,-0.07830328,0.031219225,-0.16141392,-0.016258009,0.0,-0.0014661357,-0.13884066,-0.0491232,0.073067166,0.0,0.0011485482,0.0,0.0,0.0025798192,0.004673285,-0.5716711,-0.27338207,0.0,0.0,-0.08611488,-0.007183034,0.3456966,0.0,0.0,0.0,0.0033027628,-0.01928759,-0.018059753,-0.023630887,0.0,0.0,0.0,0.0,0.0,0.0,0.06579312,0.013672152,0.14708345,0.0019520449,0.0,0.0016667963,0.0,0.0,0.0,-0.06225901,-0.051989175,0.03775186,-0.12796408,-0.08177318,0.0,-0.21607426,-0.062720455,0.14579406,-0.016327912,-0.54271656,0.0013480606,-0.0005672409,-0.06797746,-0.0019660587,-0.14141482,0.0029570279,0.010548426,-0.1249378,-0.0072187465,-0.020525826,-0.07099766,0.10495719,-0.5500105,-0.0015619006,0.0,-0.1906577,0.0,0.01824873,0.020698454,0.0065681133,0.02905579,-0.42980507,-0.009148898,-0.17888327,0.04906154
W0000217,-0.005193596,0.0,-0.021078832,-0.0015812835,-0.06405507,0.008422745,-0.0012733955,0.008307606,-0.0064988695,-0.85477674,-3.2589953,0.060077816,0.026572306,0.021573143,0.015505506,0.0,-0.015068833,-0.010884961,0.0,0.0,-0.047443993,-0.004518023,-0.006402849,-0.01942665,-0.021012738,-0.07176107,0.0,-0.093269095,-0.014569342,-0.065401554,-0.016258009,0.0,-0.004910699,0.058417544,0.060215984,0.03332802,0.0,0.00064800854,0.0,0.0,0.0015274035,0.002258628,-0.3900347,-0.08488636,0.0,0.0,0.0032997427,-0.020654732,-0.52845234,0.0,0.0,0.0,-0.0038060301,-0.013149194,-0.006987485,0.020880139,0.0,0.0,0.0,0.0,0.0,0.0,-0.036196228,0.010216362,-0.16492324,0.0019520449,0.0,0.00056099845,0.0,0.0,0.0,-0.027740099,-0.06723228,-0.059447054,-0.15840995,-0.06144858,0.0,0.17023902,-0.041892104,-0.17005458,-0.010269865,-0.59575045,-0.02022128,-0.00038644386,0.029063027,-0.02958139,0.060577795,-0.008313993,-0.021934582,-0.1015643,0.0003778614,0.035453632,0.021274664,-0.12490305,-0.41105863,-0.002744033,0.0,-0.09784387,0.0,-0.082552224,-0.016078759,-0.018754136,-0.05015512,-0.48547938,-0.009148898,-0.0011554481,-0.16567484
W0000218,-0.005193596,0.0,-0.034559038,-0.0046419515,0.03664866,0.007801875,-0.003387034,0.008361701,-0.051707506,-0.95194185,-3.45195,0.062156573,0.018589426,0.05119068,0.015036006,0.0,-0.020208191,-0.010884961,0.0,0.0,-0.013504954,-0.004518023,-0.014928754,-0.006744347,-0.023716476,0.08148594,0.0,-0.05401537,-0.02181326,-0.10205434,-0.016258009,0.0,-0.004910699,0.05937141,-0.040926676,-0.16354968,0.0,0.0009484194,0.0,0.0,-0.0039439844,0.0030725633,-0.36654672,-0.07893928,0.0,0.0,-0.019863281,-0.011138969,0.353854,0.0,0.0,0.0,-0.0038060301,0.0060071647,-0.0071581313,0.011541509,0.0,0.0,0.0,0.0,0.0,0.0,-0.029193308,0.017670471,-0.17216852,0.003377371,0.0,-0.006774679,0.0,0.0,0.0,-0.025547964,0.06533969,-0.065721676,-0.13589633,0.05887008,0.0,0.17854404,-0.06724696,-0.164164,-0.0015058166,0.31577864,-0.015762335,-0.00038644386,-0.051628225,-0.014532523,-0.063811444,-0.015223706,-0.014164966,-0.029670298,-0.004514899,-0.001631124,0.025584772,0.040779628,0.32833213,0.0026547555,0.0,-0.0029139025,0.0,-0.034659427,-0.025540344,-0.010963664,-0.041555766,-0.48104465,-0.009148898,-0.82626855,-0.23635544
W0000219,-0.005193596,0.0,-0.030230567,-0.0012629303,0.04699631,0.0068918485,-0.0016075228,-0.001435915,-0.07314183,-0.70827514,-3.41278,-0.07082566,-0.015970103,0.010691953,0.015505506,0.0,-0.015691405,-0.010884961,0.0,0.0,-0.054227203,-0.013354607,-0.011595988,-0.014896611,-0.009672742,-0.08258817,0.0,-0.089001834,-0.02181326,-0.06997594,-0.016258009,0.0,-0.004910699,-0.046143346,-0.033904977,-0.16354968,0.0,0.0009484194,0.0,0.0,-0.009978283,0.0022701065,-0.36954737,0.0511543,0.0,0.0,-0.022540199,-0.007505075,-0.5795633,0.0,0.0,0.0,-0.0038060301,-0.00977154,0.007814314,-0.008368065,0.0,0.0,0.0,0.0,0.0,0.0,-0.036196228,-0.029465904,-0.16286133,-0.0040095923,0.0,0.0003632445,0.0,0.0,0.0,0.037966866,-0.06723228,0.035277445,-0.1047,-0.05800499,0.0,-0.16190836,-0.0054139877,-0.17005458,-0.0047923448,0.27190238,0.0035544555,-0.00038644386,-0.04542473,0.025581453,-0.037031393,0.0019681072,0.00441828,-0.02474897,0.0005174588,0.035528224,-0.043061476,-0.108414516,-0.44761518,-0.014277047,0.0,-0.00179921,0.0,-0.04302557,0.020698454,-0.0029993139,-0.049796455,-0.46196625,-0.009148898,-0.8009965,0.038471654
W0000220,-0.005193596,0.0,-0.002412037,0.0028278944,0.041910358,-0.11154697,-0.0019381724,0.031139467,-0.05974359,-0.7875478,-4.153104,-0.0011355244,0.0010570488,0.037030105,-0.014773394,0.0,0.028852962,0.010904469,0.0,0.0,-0.015000172,-0.004518023,0.007286054,0.0017172327,-0.052823648,0.07911156,0.0,-0.09892768,0.031219225,0.04065283,-0.016258009,0.0,-0.004910699,0.06353222,-0.026506372,0.15521285,0.0,0.0006124293,0.0,0.0,0.0015274035,-0.014049161,0.3228668,-0.074184775,0.0,0.0,0.0037709787,0.0164692,0.34799176,0.0,0.0,0.0,0.003985507,-0.01351537,-0.00247431,0.006573799,0.0,0.0,0.0,0.0,0.0,0.0,0.06532767,0.0148438355,0.15337484,0.003377371,0.0,-0.010462886,0.0,0.0,0.0,0.038893744,0.06512083,-0.06526374,-0.13209221,-0.05615875,0.0,0.17692864,-0.042845577,-0.1455769,-0.0062619997,-0.65952265,0.0036084927,-0.00038644386,-0.021558033,-0.02493091,0.07636155,-0.022779819,-0.017257212,-0.0027122302,0.00093730603,0.027436856,-0.0540485,0.15234947,0.35420388,0.00049557444,0.0,0.08038193,0.0,-0.022650335,-0.016078759,-0.006391295,-0.018080804,-0.38315412,-0.009148898,0.15401497,0.04716955
W0000221,-0.0015967066,0.0,-0.06388455,-0.0037482549,0.051692702,-0.096876554,0.0065787397,0.011716291,0.015453141,0.3088867,0.9186229,-0.21401404,-0.03616219,0.04758291,0.014999724,0.0,-0.015691405,-0.010884961,0.0,0.0,-0.013462683,-0.01766783,-0.017934563,-0.034050845,0.00581702,-0.08297621,0.0,-0.06797617,-0.02181326,-0.1833729,-0.016258009,0.0,-0.0014661357,0.06509838,-0.069392495,-0.14827417,0.0,-0.037309382,0.0,0.0,-0.0039439844,0.0030725633,-0.5904412,-0.20904827,0.0,0.0,0.0050078137,-0.00080089783,0.5116786,0.0,0.0,0.0,-0.0060421485,-0.045299165,-0.01846855,-0.0067107887,0.0,0.0,0.0,0.0,0.0,0.0,-0.03884663,0.013672152,-0.16116522,-0.0069798674,0.0,0.00071129086,0.0,0.0,0.0,-0.043385223,-0.058893308,-0.03400255,-0.19820902,-0.051525377,0.0,-0.17074832,-0.1115924,-0.18670851,-0.014040192,0.35774997,-0.029290203,-0.0005672409,-0.069550194,0.0035421192,-0.121235386,-0.022626115,-0.015382551,-0.1264581,0.00057,0.037302777,-0.05563012,-0.13745755,-0.48041657,-0.03451601,0.0,0.0724518,0.0,-0.04302557,-0.025540344,0.0031469516,-0.07290144,-0.60329586,-0.002720084,-1.5289433,-0.48756358
W0000222,-0.005193596,0.0,-0.019674225,0.0020339165,-0.06506203,-0.10111298,-0.021506954,-0.037103422,-0.054103553,-0.9791623,-4.244414,0.052973755,0.027662583,0.026644265,-0.014416139,0.0,-0.025312264,-0.010884961,0.0,0.0,-0.0005069962,-0.013354607,-0.006094396,0.0021065255,0.0123662,0.07705869,0.0,0.038787942,-0.02181326,0.031935558,-0.016258009,0.0,-0.004910699,-0.07219365,-0.032714307,-0.17471263,0.0,0.0009484194,0.0,0.0,-0.009978283,-0.02280538,0.29235625,0.065693155,0.0,0.0,0.0050406232,-0.008497906,0.17614812,0.0,0.0,0.0,-0.007291176,-0.019708265,0.004650646,0.00708084,0.0,0.0,0.0,0.0,0.0,0.0,-0.036196228,-0.04431414,-0.17440417,-0.0040095923,0.0,-0.010462886,0.0,0.0,0.0,0.0393046,-0.052212473,0.03573791,-0.17956154,0.05805973,0.0,0.17027949,0.03875734,-0.1732642,-0.004371414,0.33391854,-0.00043620565,-0.00038644386,-0.035968162,-0.040008776,-0.057458036,-0.003235363,0.0059771,-0.003342501,0.0005174588,0.035655692,-0.042613782,-0.1321185,-0.40034845,0.0021426994,0.0,0.06469265,0.0,-0.05224467,0.020698454,-0.0028181188,-0.04014419,-0.43788317,-0.009148898,0.16220883,0.055570617
W0000223,-0.0015967066,0.0,-0.03420866,-0.0024838704,-0.120724216,0.02890473,0.010891346,0.028870117,0.058993004,0.36887446,2.0458982,-0.019543223,-0.10377569,-0.31325677,-0.0155579,0.0,-0.030118527,-0.010884961,0.0,0.0,-0.016175983,0.004638333,-0.015111134,-0.023506533,0.007854505,0.07272022,0.0,0.039015576,-0.02181326,-0.15195817,-0.010347058,0.0,-0.0014661357,0.063364975,-0.0794171,0.059643187,0.0,0.0026750115,0.0,0.0,-0.003941606,0.004673285,-0.48506093,-0.09696652,0.0,0.0,0.008128703,0.040820345,0.408468,0.0,0.0,0.0,-0.0060421485,-0.045299165,-0.018059753,-0.009973571,0.0,0.0,0.0,0.0,0.0,0.0,-0.039995633,0.0026166346,-0.15171666,-0.0069798674,0.0,0.0006143799,0.0,0.0,0.0,-0.057086006,-0.0037699714,-0.057878185,-0.26399618,-0.08177318,0.0,-0.19998452,0.017850364,0.120944865,-0.02702721,-0.8514011,-0.027009033,-0.0005672409,0.011510225,-0.06016449,-0.13168286,0.0041216877,-0.034109548,-0.12940893,0.0009225488,-0.019383885,-0.03913488,-0.1332294,-0.52720857,0.006179031,0.0,-0.117251515,0.0,0.051508956,0.01600558,0.004397517,0.048977166,-0.5019246,-0.002720084,-0.03681185,-0.44634217
W0000224,-0.005193596,0.0,-0.034559038,-0.004281667,0.03424684,0.0076346043,-0.0016251784,-0.005208268,-0.07120144,-0.96098083,-3.3524947,0.054399446,0.016140152,0.046458714,-0.014416139,0.0,-0.015068833,-0.010884961,0.0,0.0,-0.013504954,-0.013354607,-0.010242557,-0.007219096,-0.023593787,-0.07494173,0.0,-0.096087694,-0.014569342,-0.07286923,-0.016258009,0.0,-0.004910699,-0.045182608,0.04892867,-0.17672667,0.0,0.0009484194,0.0,0.0,-0.0023350685,0.0030725633,-0.25059044,0.03044179,0.0,0.0,0.0031697473,-0.023303399,0.3389064,0.0,0.0,0.0,-0.0038060301,0.0060071647,0.008060851,-0.008520553,0.0,0.0,0.0,0.0,0.0,0.0,-0.042403925,0.010600343,-0.17010662,0.003377371,0.0,0.0003632445,0.0,0.0,0.0,-0.018681977,-0.047059264,-0.052223306,-0.13599977,0.05887008,0.0,-0.16737024,-0.05986408,-0.17005458,-0.0043212133,-0.6191044,-0.0107190125,-0.00038644386,-0.037401907,-0.01023606,-0.05041003,-0.00858568,-0.0110132145,0.0018345146,-0.004514899,-0.030590596,-0.04297116,0.05225618,-0.13119762,-5.278457e-05,0.0,-0.08708916,0.0,-0.01822882,-0.016078759,0.0016836827,-0.054387532,-0.49529323,-0.009148898,-0.83198124,-0.2362787
W0000225,-0.005193596,0.0,-0.06388455,-0.011477303,-0.11164375,0.014531412,0.0031243605,0.01848666,-0.080979735,0.32158905,-0.43006453,-0.19047718,-0.04250873,0.027585657,-0.014734199,0.0,0.020771705,-0.010884961,0.0,0.0,0.014723286,-0.004518023,-0.030247314,-0.023506533,-0.019171173,-0.078927636,0.0,0.026449563,-0.014569342,-0.17344086,-0.016258009,0.0,-0.004910699,0.059902392,0.08035095,-0.16681083,0.0,0.0009484194,0.0,0.0,-0.0023350685,-0.009236959,-0.5914434,-0.106919676,0.0,0.0,-0.04722769,-0.06323385,0.44113183,0.0,0.0,0.0,0.0033027628,0.011485163,-0.01846855,-0.007319142,0.0,0.0,0.0,0.0,0.0,0.0,-0.029590245,0.0026166346,0.15246691,0.003398105,0.0,0.0003632445,0.0,0.0,0.0,-0.01992267,-0.057142384,-0.03400255,-0.18422627,-0.052733503,0.0,-0.17950383,-0.08794913,-0.18670851,-0.015160813,-0.7296027,-0.0044868262,-0.0005672409,-0.054825775,0.0029363204,-0.16652548,-0.013100843,0.007855232,-0.1062942,0.00057,-0.0013659829,-0.07099766,-0.037254892,-0.5459963,-0.015052976,0.0,-0.10631713,0.0,-0.04030291,-0.016078759,0.0037637358,-0.07290144,-0.56126916,-0.002720084,-1.3884201,-0.43778485
W0000226,-0.005193596,0.0,-0.012117767,-0.017152755,-0.03180106,-0.07721225,-0.009342551,-0.0023452435,-0.057459317,-0.96130085,-3.6504297,0.052816674,0.013497958,0.035322037,-0.014416139,0.0,-0.027471712,-0.010884961,0.0,0.0,-0.013504954,-0.004518023,-0.015273453,-0.006744347,-0.0017043543,0.045019187,0.0,0.02683282,-0.014569342,0.035015024,-0.016258009,0.0,-0.004910699,-0.07253214,0.0654003,0.08220682,0.0,-0.013227961,0.0,0.0,0.0015274035,-0.009236959,0.31661326,0.06712603,0.0,0.0,-0.02267566,-0.023303399,0.3394093,0.0,0.0,0.0,0.003985507,0.0064144908,-0.0029132469,-0.008437777,0.0,0.0,0.0,0.0,0.0,0.0,-0.035401005,0.011641865,-0.04942315,0.003377371,0.0,0.0003632445,0.0,0.0,0.0,-0.018681977,-0.052212473,0.035421487,-0.1336004,0.057661954,0.0,0.17166829,-0.062196657,-0.164164,-0.0010346852,-0.65286386,-0.0107190125,-0.00038644386,-0.016979149,-0.020222563,-0.07751872,-0.00858568,0.0050270604,-0.008432177,0.00057699945,-0.03046313,-0.03765738,-0.1002806,0.35263002,-5.278457e-05,0.0,-0.07044961,0.0,-0.016553747,-0.016078759,-0.0065475544,-0.037835125,-0.4410995,-0.009148898,-0.78279465,-0.21363509
W0000227,-0.005193596,0.0,-0.030230567,-0.002592119,0.042130187,0.011202746,-0.003387034,-0.0137343,-0.06969845,-0.81001467,-3.4909058,0.054366976,0.014456009,0.06412645,0.015505506,0.0,-0.025312264,-0.010884961,0.0,0.0,-0.044730693,-0.004518023,-0.0122589385,-0.021260915,0.00034328876,-0.09338299,0.0,-0.05793131,-0.02181326,-0.093477845,-0.016258009,0.0,-0.004910699,0.058410674,-0.03895516,-0.17346552,0.0,0.0009484194,0.0,0.0,-0.009978283,-0.009236959,0.295883,-0.014986146,0.0,0.0,0.003731879,-0.008490303,-0.67165864,0.0,0.0,0.0,-0.007291176,0.0043680486,-0.0029132469,-0.012755938,0.0,0.0,0.0,0.0,0.0,0.0,-0.039954785,0.011458234,-0.1593671,0.003377371,0.0,0.0003632445,0.0,0.0,0.0,-0.027131531,-0.06723228,-0.057461325,-0.06549292,-0.054924183,0.0,-0.1661181,-0.007557341,-0.164164,-0.0015058166,0.27747566,-0.017694203,-0.0010022561,-0.02431656,0.02585043,-0.03802531,-0.004520991,-0.014507638,-0.02371497,0.00057699945,0.035655692,-0.04297116,-0.1050599,0.3211586,-0.02010266,0.0,0.07208562,0.0,-0.017443685,-0.016078759,0.0016836827,-0.041555766,-0.50790673,-0.009148898,-0.86748433,-0.24466012
W0000228,-0.005193596,0.0,-0.030230567,-0.018146439,0.04662299,0.006405698,-0.0016075228,-0.00062396144,-0.010349871,-0.80815846,-3.1316168,0.0595166,0.027785107,6.9124624e-05,-0.015280576,0.0,-0.020208191,-0.010884961,0.0,0.0,-0.04482709,-0.004518023,-0.01055101,-0.006744347,0.00016453164,-0.079559006,0.0,-0.056223825,-0.02181326,-0.08088803,-0.016258009,0.0,-0.004910699,-0.07253214,-0.040926676,0.0856163,0.0,0.00064800854,0.0,0.0,0.0025798192,0.0022701065,-0.3742069,-0.09176636,0.0,0.0,0.0031400514,-0.007505075,-0.5743821,0.0,0.0,0.0,-0.0038060301,-0.010690156,-0.0071581313,-0.008086555,0.0,0.0,0.0,0.0,0.0,0.0,-0.036196228,-0.0054861456,-0.15212181,-0.0040095923,0.0,0.0003632445,0.0,0.0,0.0,0.042374697,-0.065098524,-0.059447054,-0.114346854,-0.05800499,0.0,-0.16315912,-0.07611959,-0.17788965,-0.004685431,0.26010513,-0.012423094,-0.00038644386,0.0019716052,-0.018638777,-0.04249082,-0.009272968,-0.011113025,-0.03764666,0.0003778614,-0.001631124,-0.04297116,-0.10721833,-0.38564715,-0.022793908,0.0,-0.08579929,0.0,-0.02321621,-0.016078759,0.0016836827,0.03524179,-0.50506866,-0.009148898,-0.7847489,-0.19764103
W0000229,-0.005193596,0.0,0.0006688796,-0.016197065,0.037296884,-0.08816353,-0.007769957,-0.0022606396,-0.04512264,-0.81307,-3.3947647,0.055231445,0.01824239,0.060968287,0.015505506,0.0,-0.020208191,0.010904469,0.0,0.0,-0.044730693,-0.004518023,-0.015709344,-0.006744347,0.008199906,-0.09338299,0.0,0.035598077,-0.014569342,-0.09047159,-0.016258009,0.0,-0.004910699,-0.046143346,0.0654003,-0.17346552,0.0,0.0009484194,0.0,0.0,-0.0039439844,-0.009236959,-0.25840878,-0.053539645,0.0,0.0,0.0030672103,-0.005535935,-0.6752315,0.0,0.0,0.0,0.0020804543,-0.01064095,-0.0069115944,0.013971457,0.0,0.0,0.0,0.0,0.0,0.0,-0.029193308,0.012246649,-0.1593671,0.003377371,0.0,-0.006774679,0.0,0.0,0.0,0.04371243,-0.06723228,-0.049880255,-0.11310318,0.056932848,0.0,-0.16392988,-0.07110443,-0.16515389,-0.0010346852,0.26738146,-0.017466415,-0.0010022561,-0.045428425,-0.0032775747,-0.0065437146,-0.011159016,-0.010116523,-0.035709187,0.00057699945,0.035655692,-0.037803706,-0.120649464,0.32332808,-0.02010266,0.0,0.06339586,0.0,-0.021359649,-0.016078759,-0.013024451,-0.026481416,-0.52231646,-0.009148898,-0.7844925,-0.22799572
W0000230,-0.005193596,0.0,0.0029634049,0.0037097414,0.030308982,0.011986372,-0.002471135,-0.031610854,-0.047251865,0.36988783,-3.7459292,-0.19504485,-0.07137066,-0.18092337,-0.0062449686,0.0,-0.015691405,0.010904469,0.0,0.0,-0.015000172,-0.0055564484,0.007286054,0.0068485336,0.012066545,-0.06836823,0.0,0.035870217,0.031219225,0.07727352,0.028596843,0.0,0.07270218,-0.1098231,-0.030909847,0.16805845,0.0,0.0006124293,0.0,0.0,0.0025782639,0.0030546004,-0.4571917,-0.03329289,0.0,0.0,-0.030563015,-0.019157523,0.36713904,0.0,0.0,0.0,-0.0038060301,-0.010381993,-0.006987485,-0.0045689456,0.0,0.0,0.0,0.0,0.0,0.0,-0.030342307,0.010600343,-0.13725358,0.009046914,0.0,0.00056099845,0.0,0.0,0.0,-0.018371295,0.06512083,0.05026123,-0.15005656,0.06528532,0.0,-0.16898395,-0.013113094,0.1456835,-0.021706112,-0.7774198,-0.0014202287,-0.00058494485,-0.019838631,-0.009346135,-0.083457716,0.0058593187,-0.06232336,-0.10168098,0.00093730603,-0.02853799,0.013874301,0.014858445,0.39249182,-0.002744033,0.0,-0.13143274,0.0,-0.052957892,0.020698454,0.0024033687,-0.023033671,0.45092666,-0.002720084,0.11462182,0.05909069
W0000231,-0.005193596,0.0,-0.010168445,0.00013233675,-0.05904321,0.019688845,-0.004964569,-0.0004395377,-0.07639646,0.3130154,-3.4176812,-0.17761822,-0.08334713,0.086444795,0.017009752,0.0,-0.018481066,-0.010884961,0.0,0.0,-0.04211379,-0.004518023,-0.0076099965,-0.005329534,-0.020914003,-0.073163554,0.0,-0.10285227,-0.02181326,-0.10776067,-0.016258009,0.0,-0.004910699,0.05972851,-0.044139482,0.14649889,0.0,0.0009484194,0.0,0.0,0.0015274035,-0.02280538,-0.42912424,-0.11372173,0.0,0.0,-0.0012319512,-0.01800323,-0.5049038,0.0,0.0,0.0,-0.0038060301,-0.00977154,-0.006987485,0.011052503,0.0,0.0,0.0,0.0,0.0,0.0,-0.04616248,0.009427947,-0.18121193,-0.018582787,0.0,-0.010462886,0.0,0.0,0.0,-0.021220278,-0.048780844,0.04144834,-0.12542546,0.05458775,0.0,0.1838081,-0.056582294,-0.164164,-0.001005569,-0.6264825,0.018835735,-0.00038644386,-0.01760713,0.0031324755,-0.05955675,0.0017500671,-0.04664935,-0.01677316,-0.004514899,-0.030462338,0.025584772,-0.04700081,0.35081398,-0.002744033,0.0,-0.12937121,0.0,-0.040218472,0.020698454,0.0026100148,-0.02816078,-0.5350997,-0.002720084,-0.17451467,-0.22841313
W0000232,-0.005193596,0.0,-0.019674225,-0.028578442,0.05038455,0.010751314,-0.03618951,0.01808439,-0.042828985,-0.9925537,-3.9972248,0.06301236,0.02263441,-0.17956594,-0.014773394,0.0,0.01904458,-0.010884961,0.0,0.0,0.011128915,-0.013354607,-0.006094396,0.0021065255,0.012719028,-0.0788388,0.0,0.03414478,-0.02181326,-0.07046564,-0.016258009,0.0,-0.004910699,-0.06939635,-0.037117783,-0.16479678,0.0,0.0009484194,0.0,0.0,-0.0039439844,-0.02280538,-0.46189454,-0.043290243,0.0,0.0,0.0054422775,-0.007864195,0.35194546,0.0,0.0,0.0,0.0020804543,-0.019708265,-0.006987485,-0.017693534,0.0,0.0,0.0,0.0,0.0,0.0,-0.031137533,-0.036649093,0.14551334,-0.0040095923,0.0,0.00056099845,0.0,0.0,0.0,0.038893744,-0.0071504544,-0.017204676,-0.16647184,0.059771016,0.0,-0.17367281,-0.083523445,0.12730184,-0.008421404,0.31896663,0.0012678755,-0.00058494485,-0.05092471,-0.0025763302,-0.068436086,0.0028653136,0.0053329854,0.027087301,0.0005174588,0.035655692,-0.054194827,-0.09368709,-0.379234,-0.022793908,0.0,-0.09827924,0.0,-0.082552224,0.020698454,0.0026100148,-0.060253005,-0.41477385,-0.009148898,0.116553545,0.05506727
W0000233,-0.005193596,0.0,-0.029178884,0.00016391487,-0.031565353,0.010048937,-0.0016075228,-0.01338492,-0.07055401,-0.83735764,-3.40933,0.050176702,0.0137321055,0.02223152,-0.015280576,0.0,-0.027471712,-0.010884961,0.0,0.0,-0.044730693,-0.004518023,-0.0122589385,-0.006744347,0.009768339,0.0889619,0.0,0.03488821,-0.014569342,-0.082087755,-0.016258009,0.0,-0.004910699,-0.046143346,0.0654003,-0.17346552,0.0,0.0009484194,0.0,0.0,-0.0039439844,-0.009236959,0.29011136,0.0014036484,0.0,0.0,-0.028188203,-0.008490303,-0.744539,0.0,0.0,0.0,-0.007291176,0.004525967,-0.0029132469,-0.012755938,0.0,0.0,0.0,0.0,0.0,0.0,-0.036196228,-0.029465904,-0.17010662,0.003377371,0.0,0.0003632445,0.0,0.0,0.0,-0.027131531,-0.065098524,-0.044299915,-0.03700023,0.05346087,0.0,-0.15970334,-0.07580968,-0.1732642,-0.0015058166,0.27149022,-0.012700345,-0.0010022561,-0.025022611,-0.0031720889,-0.023729187,-0.003562016,-0.014507638,-0.02371497,0.00057699945,0.035655692,-0.037803706,-0.117491774,0.20336863,-0.02010266,0.0,0.071175314,0.0,-0.017443685,-0.016078759,0.0016836827,-0.041555766,-0.5123041,-0.009148898,-0.84582037,-0.22120632
W0000234,-0.005193596,0.0,0.012493385,-0.009134018,0.040564887,0.010963167,-0.0037525361,0.00798825,-0.024091993,-0.8490178,-3.3805993,0.0595166,0.020030815,-0.01974656,-0.016905561,0.0,-0.020208191,0.010904469,0.0,0.0,-0.044730693,-0.004518023,-0.012125004,-0.009872633,-0.020760506,-0.079559006,0.0,-0.058290556,-0.02181326,-0.08696669,-0.016258009,0.0,-0.004910699,-0.045182608,-0.032250986,-0.16354968,0.0,0.00064800854,0.0,0.0,0.0025798192,0.0018326865,-0.3864121,-0.10441908,0.0,0.0,0.0031400514,-0.008490303,-0.5867456,0.0,0.0,0.0,0.0020804543,-0.00944559,-0.0071581313,-0.009152758,0.0,0.0,0.0,0.0,0.0,0.0,0.054877907,0.012246649,-0.058399938,0.003377371,0.0,0.0003632445,0.0,0.0,0.0,0.04371243,-0.04462311,-0.059371714,-0.11104831,0.05696145,0.0,-0.16185142,-0.084264316,0.13729754,-0.0015058166,0.2554935,-0.017466415,-0.00038644386,-0.013238389,0.024311723,0.020438628,-0.0046836943,-0.01921277,-0.051764194,0.00057699945,-0.009647902,0.025584772,0.05759973,0.2835204,0.0026547555,0.0,0.07486439,0.0,-0.026014002,-0.016078759,-0.013024451,-0.05504423,-0.50032175,-0.009148898,-0.7493254,-0.21911418
W0000235,-0.005193596,0.0,-0.006737613,-0.018399091,-0.05791686,-0.079166114,-0.027404219,0.00024141977,-0.07443422,-0.74564385,-3.0241387,-0.0063873855,-0.003952221,0.022948189,-0.015280576,0.0,-0.015068833,-0.010884961,0.0,0.0,-0.044730693,-0.013354607,-0.012125004,-0.006744347,0.009768339,-0.03361918,0.0,-0.06071402,-0.02181326,-0.08615506,-0.016258009,0.0,-0.004910699,-0.07253214,-0.040926676,-0.16681083,0.0,0.00064800854,0.0,0.0,-0.0023350685,0.0030725633,-0.37596264,0.019021802,0.0,0.0,0.0026525205,-0.01935573,-0.66282064,0.0,0.0,0.0,-0.0038060301,-0.010928034,0.007814314,-0.008437777,0.0,0.0,0.0,0.0,0.0,0.0,-0.042403925,0.009427947,-0.17010662,0.003377371,0.0,0.0003632445,0.0,0.0,0.0,-0.012064063,-0.065098524,0.034159422,-0.07668941,0.054669,0.0,0.16823092,-0.058503665,-0.17005458,-0.0016726046,-0.555027,-0.012700345,-0.0010022561,-0.036502305,-0.017551873,-0.06003042,0.0014297778,0.0050270604,-0.030901115,-0.004514899,-0.03046313,-0.043061476,-0.112498105,0.19409701,-0.015052976,0.0,-0.07753087,0.0,-0.026014002,-0.016078759,-0.0029993139,-0.041555766,-0.51177585,-0.009148898,-0.71932226,-0.22825652
W0000236,-0.005193596,0.0,0.016526157,-0.027784463,0.05589357,-0.049472563,0.04227162,-0.035235494,-0.0021187766,-0.95518357,-3.669035,0.061417542,0.030059688,-0.17840251,-0.014416139,0.0,0.01904458,0.010904469,0.0,0.0,0.0011799433,-0.0055564484,0.00156401,0.0021065255,0.011677563,-0.07176107,0.0,0.038790148,-0.02181326,-0.06650607,-0.016258009,0.0,-0.004910699,0.057559982,-0.037117783,0.073067166,0.0,-0.006672401,0.0,0.0,0.0025782639,0.004673285,-0.433721,-0.09270714,0.0,0.0,-0.01965016,-0.002111651,0.32417446,0.0,0.0,0.0,0.0020804543,-0.013222229,-0.006987485,-0.014231555,0.0,0.0,0.0,0.0,0.0,0.0,-0.004647432,0.013802314,0.14551334,0.0019520449,0.0,0.00056099845,0.0,0.0,0.0,-0.025547964,-0.052212473,-0.043060165,-0.18815255,-0.0644247,0.0,-0.16743773,0.022871528,0.13438918,-0.0042095445,-0.747754,0.0013480606,-0.00058494485,0.00958937,-0.024598356,-0.020079572,-0.008608723,-0.02486795,0.026172316,0.0005174588,-0.03046313,-0.05602185,-0.10277741,-0.41887364,-0.015052976,0.0,-0.09504619,0.0,0.0034747822,-0.016078759,0.0019954,0.049074173,-0.4054666,-0.009148898,0.0920864,0.028829113
W0000237,-0.005193596,0.0,-0.029054724,0.0009324443,0.04517564,0.006379726,-0.0035163602,0.0005893032,-0.07204424,-0.72938484,-3.175084,-0.009587637,0.012862962,0.05861111,0.015505506,0.0,-0.015068833,-0.010884961,0.0,0.0,-0.04211379,-0.013354607,-0.012125004,-0.006744347,0.012102259,-0.033411287,0.0,0.034899488,-0.02181326,-0.0983102,-0.016258009,0.0,-0.004910699,-0.07253214,-0.040926676,-0.16681083,0.0,0.00064800854,0.0,0.0,-0.003941606,-0.009236959,-0.38584566,-0.05272711,0.0,0.0,0.0029631113,-0.021285996,-0.58065236,0.0,0.0,0.0,-0.0038060301,-0.010690156,-0.0071581313,-0.008285031,0.0,0.0,0.0,0.0,0.0,0.0,-0.041103784,-0.0015939502,-0.1593671,-0.0069372794,0.0,0.0003632445,0.0,0.0,0.0,0.04371243,-0.06723228,-0.049738742,-0.11854224,0.056932848,0.0,0.17346328,-0.013909893,0.13541216,-0.007173769,-0.5910535,-0.017466415,-0.0010022561,-0.020788055,-0.022937728,-0.0494929,0.0016414542,-0.0048639392,-0.031030994,0.00057699945,-0.03046313,-0.04297116,-0.107403845,0.30262476,-0.002744033,0.0,-0.10470845,0.0,-0.026014002,-0.035245765,0.0019287223,-0.048703805,-0.5056757,-0.009148898,-0.7523646,-0.2313575
W0000238,-0.005193596,0.0,-0.020027151,-0.00081684045,0.04337962,0.005934234,-0.0020039415,-0.0037779026,-0.08765496,-0.9977045,-4.19213,0.05599393,0.020801924,0.014922374,-0.016905561,0.0,-0.015068833,-0.010884961,0.0,0.0,-0.04360901,-0.013354607,-0.0065986365,0.0021065255,0.007232661,0.080338836,0.0,0.035187423,-0.02181326,-0.075664885,-0.016258009,0.0,-0.004910699,-0.04496655,-0.037117783,-0.1559345,0.0,0.0009484194,0.0,0.0,-0.0039439844,-0.0067900475,-0.374211,0.05302184,0.0,0.0,-0.031549945,-0.0056734877,-0.6118459,0.0,0.0,0.0,-0.0038060301,-0.009518035,0.00798496,-0.0045689456,0.0,0.0,0.0,0.0,0.0,0.0,-0.041103784,-0.0054861456,-0.17010662,-0.0069372794,0.0,0.00056099845,0.0,0.0,0.0,0.037966866,0.000389155,-0.052367352,0.05838759,-0.05598609,0.0,-0.16497311,-0.07374993,0.14249949,0.0023416718,0.2922576,0.00419038,0.00060491834,-0.013052892,0.026608134,-0.048263054,0.0019681072,-0.002972098,-0.08435503,0.00093730603,-0.03046313,-0.0389176,-0.1165439,0.3164503,-0.014277047,0.0,-0.091887385,0.0,-0.039040647,-0.016078759,-0.0023180214,0.03852993,-0.1647184,-0.009148898,0.11326169,0.046723567
W0000239,-0.005193596,0.0,-0.0033296272,-0.029245935,0.04517564,-0.098451905,-0.02853306,-0.02578443,-0.020240992,-0.8670558,-3.8445995,0.054209895,0.016944744,0.0660929,0.015505506,0.0,-0.027471712,-0.010884961,0.0,0.0,0.010335175,-0.004518023,-0.0076099965,-0.006744347,0.012697633,-0.087966695,0.0,0.025935741,-0.02181326,0.04471932,0.028596843,0.0,-0.004910699,0.05874917,-0.038695574,-0.18601464,0.0,0.0009484194,0.0,0.0,0.0015274035,0.0075859367,0.14443679,-0.0015722299,0.0,0.0,-0.031399004,-0.018457755,-0.6694955,0.0,0.0,0.0,-0.007291176,0.0063248305,-0.00247431,-0.007839902,0.0,0.0,0.0,0.0,0.0,0.0,-0.039954785,-0.0015939502,-0.17010662,0.003377371,0.0,0.00056099845,0.0,0.0,0.0,-0.027131531,-0.06723228,-0.049738742,0.13746664,0.05897285,0.0,0.17583527,-0.031398796,-0.164164,-0.00524179,-0.48005545,-0.01749426,0.0010364789,-0.00042570615,-0.038962357,-0.070776835,0.0016414542,0.005791388,0.00079325447,0.00093730603,0.035655692,-0.03845347,-0.101832256,0.33371943,-0.012361728,0.0,-0.10669847,0.0,-0.024684863,-0.016078759,-0.01849148,-0.030703004,-0.46104312,-0.009148898,0.15996057,-0.22402902
W0000240,-0.005193596,0.0,-0.007665135,-0.0027372679,-0.061376307,0.0074312272,-0.0034046895,-0.050936498,0.0008976832,-0.83576024,-3.518141,0.050623022,0.0118911965,-0.016557824,0.017009752,0.0,-0.027471712,0.010904469,0.0,0.0,-0.044730693,0.04582795,0.013957295,-0.016730877,-0.021668833,-0.08630526,0.0,0.034491844,-0.02181326,0.037032466,0.028596843,0.0,-0.004910699,0.05937141,-0.03193346,0.060192257,0.0,0.0006124293,0.0,0.0,0.0015274035,0.0022701065,0.31523067,-0.052893467,0.0,0.0,0.0036595077,0.0159557,-0.59126216,0.0,0.0,0.0,-0.007291176,-0.010798869,-0.0029132469,0.011693997,0.0,0.0,0.0,0.0,0.0,0.0,-0.0021521226,0.010216362,-0.1593671,0.003377371,0.0,-0.005004022,0.0,0.0,0.0,-0.027740099,0.07365592,-0.049422324,-0.09318756,-0.06147697,0.0,0.16908538,-0.045492135,-0.17298895,-0.009155159,-0.5589678,0.02033493,-0.0010022561,-0.014233638,-0.0028885226,-0.03545212,0.0017564306,0.005240972,-0.008818236,-0.007334222,0.035528563,-0.04259735,0.010915063,0.43464154,-5.278457e-05,0.0,-0.102619976,0.0,-0.016553747,-0.016078759,0.0021913787,0.023629488,-0.43217054,-0.009148898,-0.7950869,-0.040439323
W0000241,-0.005193596,0.0,-0.030761834,-0.003547674,-0.055252414,0.006235958,-0.0038818624,-0.01609282,-0.07686591,-0.91817856,-3.9323769,0.052973755,0.018313736,0.05387658,-0.014416139,0.0,-0.025312264,-0.010884961,0.0,0.0,-0.013504954,-0.013354607,-0.015709344,-0.009872633,0.011797411,-0.07926828,0.0,0.034180112,-0.02181326,0.032875143,-0.016258009,0.0,-0.004910699,-0.057835378,-0.03895516,-0.17346552,0.0,0.0009484194,0.0,0.0,-0.009978283,-0.0068245563,0.3065905,0.05946617,0.0,0.0,0.003731879,-0.0062985653,0.37820876,0.0,0.0,0.0,-0.007291176,-0.008726077,-0.0029132469,0.020647243,0.0,0.0,0.0,0.0,0.0,0.0,-0.034896087,0.013672152,-0.18164946,0.003377371,0.0,0.0003632445,0.0,0.0,0.0,-0.018681977,-0.052212473,-0.052223306,-0.15764621,-0.055269156,0.0,-0.16832311,0.034835532,0.13541216,-0.007173769,0.31907785,-0.015762335,-0.00038644386,-0.031188328,0.026866276,-0.05283339,-0.0061441045,-0.018789299,-0.009687116,0.00057699945,-0.001631124,-0.04259735,-0.1051044,0.3380605,0.0053460044,0.0,0.002981753,0.0,-0.008241361,-0.016078759,0.0021913787,-0.039933503,-0.44105706,-0.009148898,-0.888548,-0.22701901
W0000242,-0.0015967066,0.0,-0.023266219,0.0064136237,0.07422391,0.028337555,0.012847333,0.014004599,-0.036192656,0.4635782,2.516601,0.13815877,0.065292515,-0.050254375,-0.007029475,0.0,-0.011496477,-0.010884961,0.0,0.0,0.0036403392,-0.01766783,0.007925373,0.012418347,0.05352401,-0.06848191,0.0,0.04826907,-0.02181326,-0.08319203,-0.010347058,0.0,-0.0014661357,-0.037815157,-0.031724993,-0.15487354,0.0,0.0026750115,0.0,0.0,-0.0039439844,0.0075859367,-0.3976438,0.018898733,0.0,0.0,0.014091783,-0.013777513,0.50844353,0.0,0.0,0.0,-0.0060421485,-0.042081997,0.011106843,0.009763762,0.0,0.0,0.0,0.0,0.0,0.0,-0.039995633,-0.036649093,-0.09041059,-0.0069798674,0.0,0.0016667963,0.0,0.0,0.0,0.067826696,0.07796062,-0.007021853,0.23806733,-0.048835102,0.0,-0.19023275,-0.0011842381,0.10091244,-0.0014569713,0.42282546,-0.011341563,-0.001044347,0.029139012,-0.037220467,0.0023620566,0.0077347625,0.015344185,0.06345398,0.0009225488,-0.02881604,-0.03383277,-0.12025338,-0.39425877,-0.0015619006,0.0,-0.20915227,0.0,-0.028727047,-0.032830574,-0.0025984026,-0.06965238,0.80122113,0.021213012,0.2246369,0.102239214
W0000243,-0.005193596,0.0,-0.028104777,-0.0028997571,-0.06405507,0.006235958,-0.0016589309,0.00024141977,-0.052935053,-0.8400496,-3.2052643,0.05548341,0.019591771,0.01974373,-0.015280576,0.0,-0.020208191,-0.010884961,0.0,0.0,0.00768611,-0.013354607,-0.018795105,-0.006744347,0.009768339,0.05224014,0.0,0.03541593,-0.014569342,-0.07215376,-0.016258009,0.0,-0.004910699,-0.046143346,0.04695715,-0.16681083,0.0,0.00064800854,0.0,0.0,-0.0039439844,-0.009236959,-0.37342447,0.017274024,0.0,0.0,0.0034466144,-0.01747813,-0.5597378,0.0,0.0,0.0,-0.0038060301,-0.01387714,0.007814314,-0.0076982863,0.0,0.0,0.0,0.0,0.0,0.0,-0.031137533,-0.029465904,-0.18290806,-0.0069372794,0.0,0.0003632445,0.0,0.0,0.0,-0.010350691,-0.065098524,-0.044299915,-0.1522207,0.06887859,0.0,-0.16315027,-0.05427949,0.12730184,-0.008412387,-0.27128446,-0.012423094,-0.0010022561,-0.04542473,-0.0031188768,-0.05781699,-0.003562016,0.00441828,0.018749252,-0.004514899,-0.001631124,0.015150379,-0.11020877,-0.14326714,0.0026547555,0.0,-0.0846704,0.0,-0.024235101,-0.016078759,0.0019287223,-0.064485416,-0.5123051,-0.009148898,-0.8000627,-0.23349942
W0000244,-0.005193596,0.0,-0.034559038,-0.0022988962,-0.057579976,0.012610691,-0.0016251784,-0.0025244905,-0.07249686,-0.84199375,-3.9394882,-0.07683637,-0.00086603314,0.05387658,-0.014416139,0.0,-0.026988294,-0.010884961,0.0,0.0,0.0126241315,-0.004518023,-0.014928754,-0.006744347,0.0090825,-0.023877036,0.0,0.028040592,-0.02181326,0.03484475,-0.016258009,0.0,-0.004910699,-0.063131124,-0.03895516,-0.17346552,0.0,0.0009484194,0.0,0.0,-0.009978283,0.0030725633,0.3088959,0.07845838,0.0,0.0,0.003731879,-0.0054794783,0.36044073,0.0,0.0,0.0,-0.007291176,-0.020527516,-0.0029132469,-0.014364039,0.0,0.0,0.0,0.0,0.0,0.0,-0.036196228,-0.036649093,-0.18164946,-0.0069372794,0.0,0.0003632445,0.0,0.0,0.0,-0.016411522,-0.047059264,0.035421487,-0.01832177,0.0653024,0.0,-0.15460639,-0.00041849725,-0.17005458,-0.0010346852,0.31699696,-0.010103827,-0.00038644386,-0.03052006,-0.019714303,-0.03118527,0.0019997275,0.005137141,-0.007162424,0.00057699945,0.035655692,-0.037429895,0.05102492,0.20508641,0.0053460044,0.0,0.07339082,0.0,-0.016553747,-0.016078759,0.0021913787,-0.022760775,-0.4657064,-0.009148898,-0.9396621,-0.25509495
W0000245,-0.005193596,0.0,0.015475552,-0.027784463,0.04940681,0.03600073,0.04227162,0.019191409,-0.008056216,-0.89686036,-3.8620656,0.059214287,0.030713663,-0.18223718,-0.014773394,0.0,0.01904458,0.010904469,0.0,0.0,-0.025618372,-0.004518023,-0.0007972112,-0.0107515175,-0.020708475,-0.083735295,0.0,0.038331233,0.031219225,-0.055571824,0.028596843,0.0,-0.004910699,-0.07401726,-0.030909847,0.16474268,0.0,0.0004783984,0.0,0.0,0.006526944,0.0030546004,-0.4597607,-0.12684196,0.0,0.0,0.0043814983,0.006497564,0.20938993,0.0,0.0,0.0,0.0020804543,-0.010381993,-0.006987485,-0.0049056243,0.0,0.0,0.0,0.0,0.0,0.0,0.053531595,0.016874123,0.14551334,0.0019520449,0.0,0.00056099845,0.0,0.0,0.0,0.04371243,0.07458013,-0.06284054,-0.17990778,0.058123887,0.0,-0.1647339,0.006586535,0.1194138,-0.0042095445,0.31030306,-0.008870316,-0.00058494485,-0.007654473,-0.026990108,0.029767467,-0.010891898,0.0048624156,-0.08395248,0.0005174588,-0.009647902,-0.05602185,-0.12265355,-0.44123486,0.0026547555,0.0,0.06806666,0.0,0.051508956,-0.016078759,-0.018843718,-0.048058514,-0.28843892,-0.009148898,0.10719768,0.03663447
W0000246,-0.005193596,0.0,-0.002412037,-0.021223499,0.03708373,-0.09245653,-0.009342551,0.0005706968,-0.03977885,-0.9440228,-4.0348206,0.06016452,0.023247328,0.038790017,-0.014773394,0.0,-0.020208191,0.010904469,0.0,0.0,-0.013504954,-0.004518023,-0.011732855,-0.0107515175,0.012066545,0.080338836,0.0,0.036307804,-0.02181326,-0.112372726,-0.016258009,0.0,-0.004910699,0.05874917,-0.037117783,0.075506896,0.0,0.00064800854,0.0,0.0,0.0025798192,-0.02280538,-0.40363213,-0.10463494,0.0,0.0,0.003948033,0.006500143,0.36974585,0.0,0.0,0.0,-0.0038060301,-0.00831875,-0.006987485,0.013840196,0.0,0.0,0.0,0.0,0.0,0.0,-0.029193308,0.013672152,-0.1593671,0.003377371,0.0,-0.010462886,0.0,0.0,0.0,0.010679718,0.07458013,-0.06284054,-0.15793112,0.059771016,0.0,-0.17197382,-0.085080154,-0.16515389,-0.0010346852,0.32988447,-0.0185172,-0.00038644386,-0.052318834,0.02440382,-0.01520635,-0.014956588,0.0064916546,-0.026088787,0.00093730603,0.035655692,-0.04297116,-0.09826798,0.43805915,0.0026547555,0.0,-0.08499901,0.0,-0.038183942,-0.016078759,0.0026100148,-0.041555766,-0.45047787,-0.009148898,-0.11101336,-0.05958336
W0000247,-0.005193596,0.0,-0.030230567,-0.002592119,-0.057002667,0.0068918485,-0.0034046895,0.007820763,-0.0046854056,-0.82155067,-3.10015,0.0595166,0.0075736647,0.023381425,-0.015280576,0.0,-0.020208191,0.010904469,0.0,0.0,-0.044730693,-0.004518023,-0.0152372075,-0.006744347,-0.009795429,-0.08405269,0.0,0.032024104,-0.02181326,-0.0983102,-0.016258009,0.0,-0.004910699,-0.046143346,-0.040926676,0.07349286,0.0,0.00064800854,0.0,0.0,0.0015274035,-0.009236959,-0.36769342,-0.098179564,0.0,0.0,0.0030000983,0.0159557,-0.6100058,0.0,0.0,0.0,0.0020804543,-0.010798869,-0.0071581313,-0.0076982863,0.0,0.0,0.0,0.0,0.0,0.0,-0.0021521226,0.008386426,-0.17216852,0.003377371,0.0,0.0003632445,0.0,0.0,0.0,-0.027740099,-0.065098524,-0.050002407,-0.121855296,0.05346087,0.0,-0.16326247,-0.06402996,-0.16515389,-0.0010346852,-0.5137322,-0.01626535,-0.0010022561,0.028087135,-0.014210335,-0.063643835,-0.0037247194,0.0053385003,-0.031381745,0.00057699945,-0.001631124,0.025584772,-0.12225805,0.32457882,-0.015052976,0.0,-0.082104646,0.0,-0.034659427,-0.025540344,0.0019287223,-0.041555766,-0.5067244,-0.009148898,-0.7457873,-0.20407344
W0000248,-0.005193596,0.0,0.003783389,-0.017152755,0.05589357,-0.07421487,-0.016998999,0.008390445,-0.017782563,-0.9423034,-3.431587,0.062156573,0.020310234,0.030896787,-0.014416139,0.0,-0.020208191,0.010904469,0.0,0.0,-0.016218254,-0.004518023,-0.016406981,0.0021065255,-0.009491169,0.0746703,0.0,0.03493352,-0.014569342,-0.087723404,-0.016258009,0.0,-0.004910699,0.058410674,0.05735983,-0.16681083,0.0,0.00064800854,0.0,0.0,0.0015274035,0.0030725633,-0.40138578,-0.07531703,0.0,0.0,0.0039668316,-0.023303399,0.3618049,0.0,0.0,0.0,0.0020804543,-0.00903951,-0.0071581313,-0.007851033,0.0,0.0,0.0,0.0,0.0,0.0,0.06398136,0.010600343,0.12685993,0.0019520449,0.0,0.0003632445,0.0,0.0,0.0,-0.023934359,-0.052212473,-0.06526374,0.08835687,-0.049514975,0.0,-0.16518201,-0.06791555,-0.16564378,-0.0042142994,-0.5458971,-0.0107190125,-0.00038644386,-0.03837453,-0.014543164,-0.047343705,-0.008259027,0.00410684,-0.03120526,0.0003778614,-0.009647902,-0.04297116,-0.103387006,-0.36395487,-0.015052976,0.0,-0.07610331,0.0,-0.04030291,-0.016078759,0.0019287223,-0.05099695,-0.43986288,-0.009148898,-0.7484919,-0.034509026
W0000249,-0.005193596,0.0,-0.03183594,-0.0024440452,-0.0644746,0.007643902,-0.0034046895,0.0075497474,-0.073789254,-0.9007739,-3.510117,-0.0043086316,-0.0021711187,0.060367905,0.014705296,0.0,-0.020208191,-0.010884961,0.0,0.0,0.0126241315,-0.013354607,-0.0122589385,-0.006744347,0.011797411,-0.072481275,0.0,0.033683896,-0.02181326,-0.10063191,-0.016258009,0.0,-0.004910699,-0.045182608,-0.040926676,-0.16681083,0.0,0.0009484194,0.0,0.0,-0.003941606,-0.0068245563,-0.3947836,0.044402257,0.0,0.0,0.0033286705,0.016012156,0.30443925,0.0,0.0,0.0,0.0020804543,-0.020527516,-0.0071581313,0.011777031,0.0,0.0,0.0,0.0,0.0,0.0,-0.04616248,-0.0327569,0.1145314,-0.0069372794,0.0,-0.006774679,0.0,0.0,0.0,-0.018681977,-0.04752837,-0.04303785,-0.16814823,-0.055269156,0.0,0.17690066,0.020831631,-0.16515389,-0.0010346852,-0.619174,0.018107796,-0.00038644386,-0.037218098,-0.0031188768,-0.060959972,0.0019997275,0.0053385003,-0.033863965,0.00057699945,-0.03046313,0.025584772,0.019028297,0.33223784,-0.002744033,0.0,-0.08223406,0.0,-0.035549365,-0.035245765,0.0019287223,-0.036849134,-0.45097947,-0.009148898,-0.7978543,-0.2087299
W0000250,-0.0015967066,0.0,-0.058383122,-0.011882352,-0.11247122,0.009909946,0.0018292009,-0.16842984,-0.044051167,-0.82037574,0.90086174,0.078597866,-0.015882064,-0.006052794,-0.0155579,0.0,0.01904458,0.010904469,0.0,0.0,0.00260987,0.00070057716,0.0006772587,0.0020697687,-0.026981387,-0.08122011,0.0,0.040169638,0.019999173,-0.16551985,0.028596843,0.0,-0.0014661357,0.06509838,0.042259905,0.1446641,0.0,0.0007490349,0.0,0.0,0.0025798192,0.0030725633,-0.619487,-0.2740932,0.0,0.0,-0.012911981,0.0127737,0.43575037,0.0,0.0,0.0,0.0033027628,-0.01928759,-0.01846855,0.006261728,0.0,0.0,0.0,0.0,0.0,0.0,0.06493073,0.013672152,0.15831573,0.0019520449,0.0,0.00043713363,0.0,0.0,0.0,0.0691324,-0.004243022,-0.07431579,-0.32186666,0.059033334,0.0,-0.18733999,-0.13875061,-0.19986823,-0.016327912,0.34698787,0.0012471369,-0.0005672409,0.001977263,-0.031704925,-0.122521125,0.0040596994,-0.002031392,-0.13151304,-0.0072187465,-0.009213673,0.0482659,-0.15368176,-0.572131,-0.03451601,0.0,-0.10234846,0.0,-0.024235101,-0.016078759,-0.049292896,0.0102297235,-0.42062047,-0.009148898,-1.2551391,0.051144462
W0000251,-0.005193596,0.0,-0.012117767,-0.01693762,0.029754037,-0.09190324,-0.016981345,-0.00033645565,-0.056603767,-0.90957016,-3.241163,0.06271779,0.019013688,0.035918407,-0.014416139,0.0,-0.015068833,-0.010884961,0.0,0.0,-0.013504954,-0.013354607,-0.012125004,-0.007219096,-0.011899143,-0.022047766,0.0,-0.094542325,-0.02181326,-0.08293326,-0.016258009,0.0,-0.004910699,-0.07253214,-0.040926676,0.07349286,0.0,0.00064800854,0.0,0.0,0.0025782639,-0.009236959,-0.38393572,-0.08272425,0.0,0.0,0.0025177929,-0.02190766,0.34217614,0.0,0.0,0.0,-0.0038060301,0.0064144908,-0.0071581313,0.020577531,0.0,0.0,0.0,0.0,0.0,0.0,-0.036196228,0.011641865,-0.1593671,0.003377371,0.0,0.0003632445,0.0,0.0,0.0,-0.025547964,-0.052212473,-0.04319541,-0.15462372,0.057661954,0.0,0.16878965,-0.014363771,-0.17005458,-0.0016127307,-0.6672151,-0.0107190125,-0.00038644386,-0.03808732,-0.022482207,-0.047711108,-0.008748383,0.0050270604,-0.02991907,0.00057699945,-0.0017585903,-0.044798184,-0.11238522,0.18411975,-0.002744033,0.0,0.066849194,0.0,-0.026014002,-0.016078759,0.0018391407,-0.04035527,-0.48619393,-0.009148898,-0.7383753,-0.22751917
W0000252,-0.005193596,0.0,-0.03183594,-0.01693762,0.041141465,-0.07300333,-0.0271286,-0.0009543076,-0.037692413,-0.9084556,-3.457028,0.06271779,0.027497146,0.040843137,0.014705296,0.0,-0.015068833,-0.010884961,0.0,0.0,-0.016218254,-0.013354607,-0.018795105,-0.006744347,0.014131333,-0.08258817,0.0,0.03493352,0.031219225,-0.087723404,-0.016258009,0.0,-0.004910699,0.058410674,-0.03471874,0.15904802,0.0,0.00064800854,0.0,0.0,0.006526944,0.0022701065,-0.37684783,-0.10748594,0.0,0.0,0.0030588242,0.0066966796,0.36756122,0.0,0.0,0.0,-0.0038060301,0.0071352506,0.007814314,-0.008520811,0.0,0.0,0.0,0.0,0.0,0.0,-0.031137533,-0.036649093,-0.15212181,0.0019520449,0.0,0.0003632445,0.0,0.0,0.0,-0.025547964,-0.05268158,-0.06284364,-0.2176115,-0.057275884,0.0,-0.15972014,-0.0062160995,0.12730184,-0.004576602,0.22475924,-0.015762335,-0.00038644386,-0.05278466,-0.021750277,-0.06526394,-0.008748383,0.00410684,-0.031046327,0.0003778614,-0.001631124,-0.037803706,-0.112115584,-0.38679639,-0.000548549,0.0,0.006670435,0.0,0.030484265,-0.016078759,0.0019287223,-0.0459505,-0.4588827,-0.009148898,-0.7929935,-0.1998844
W0000253,-0.005193596,0.0,-0.030230567,-0.0018234059,-0.05791686,0.011202746,-0.0016251784,0.0073566916,-0.070990846,-0.81682354,-3.1423564,0.0595166,0.012427019,0.06922809,0.015505506,0.0,-0.020208191,-0.010884961,0.0,0.0,0.053521827,-0.013354607,-0.0152372075,-0.006744347,0.0056897425,-0.08708185,0.0,0.028638823,-0.02181326,-0.08615506,-0.016258009,0.0,-0.004910699,0.058410674,-0.040926676,-0.16681083,0.0,0.00064800854,0.0,0.0,-0.003941606,-0.009236959,-0.38033986,0.0024468396,0.0,0.0,-0.011147061,-0.019669505,-0.5597304,0.0,0.0,0.0,0.0020804543,-0.01387714,-0.0071581313,0.020730278,0.0,0.0,0.0,0.0,0.0,0.0,-0.042403925,-0.023577042,-0.050681747,-0.0069372794,0.0,0.0003632445,0.0,0.0,0.0,-0.027740099,-0.06723228,-0.049738742,-0.10846306,0.05346087,0.0,-0.16005419,0.020235851,-0.17005458,-0.0010346852,-0.5516338,0.020057678,-0.0010022561,-0.036301356,-0.004242354,-0.0581844,0.0014297778,0.0053385003,-0.034619894,0.00057699945,-0.03046313,0.025494456,-0.11588084,0.19482964,-0.002744033,0.0,0.07607003,0.0,-0.034659427,-0.016078759,-0.0029993139,-0.041555766,-0.49752593,-0.009148898,-0.7877782,-0.20557132
W0000254,-0.005193596,0.0,-0.021559097,-0.0013806489,-0.08516381,0.02431953,0.0021885065,-0.006046394,0.06628937,0.43943104,-0.06884856,-0.19638413,-0.08996534,0.042881846,-0.007029475,0.0,-0.015691405,-0.010884961,0.0,0.0,0.00011944212,-0.013354607,-0.00840407,0.012418347,-0.00028642453,0.06552512,0.0,-0.05414532,-0.014569342,-0.094706796,-0.016258009,0.0,-0.004910699,-0.04125921,0.038686555,-0.14203776,0.0,0.0009484194,0.0,0.0,-0.003941606,0.004673285,-0.5184685,0.04012726,0.0,0.0,0.0111479685,-0.051538028,0.41129458,0.0,0.0,0.0,-0.0060421485,-0.039851643,0.019540971,-0.004034235,0.0,0.0,0.0,0.0,0.0,0.0,-0.058380395,-0.043145884,-0.14670214,-0.018582787,0.0,0.00056099845,0.0,0.0,0.0,-0.02593213,0.07796062,0.04592073,-0.20705794,-0.066435106,0.0,0.16693754,-0.013242166,-0.17534253,-0.011581318,-1.0991567,-0.008050585,-0.001044347,0.006742627,0.01458413,0.09192699,0.005632231,-0.010914403,0.00459482,0.0026562288,-0.02603772,0.011212486,-0.10197816,0.44538897,-0.002744033,0.0,-0.19358583,0.0,-0.054992415,-0.016078759,0.0046103136,0.036823094,0.47851577,-0.002720084,0.17018205,0.07598562
W0000255,-0.005193596,0.0,-0.021323176,0.0033629634,0.047102988,0.012061282,-0.00090897223,0.002076732,0.003406059,-0.996199,-3.7768023,0.05684986,0.025406606,-0.07000711,-0.014416139,0.0,-0.027471712,-0.010884961,0.0,0.0,-0.016218254,-0.004518023,-0.00065679196,-0.006744347,0.009615907,-0.07608885,0.0,0.024153512,-0.02181326,-0.0672606,-0.016258009,0.0,-0.004910699,-0.046136476,-0.039736006,0.042041983,0.0,0.0009484194,0.0,0.0,-0.003941606,-0.009182955,0.30304384,-0.069335,0.0,0.0,-0.0021964384,-0.021740133,0.3588994,0.0,0.0,0.0,-0.007291176,0.0066679954,-0.00247431,-0.016431294,0.0,0.0,0.0,0.0,0.0,0.0,-0.031137533,0.013802314,-0.15212181,0.0019520449,0.0,0.00056099845,0.0,0.0,0.0,-0.025547964,-0.052212473,-0.065721676,-0.1726351,-0.050730426,0.0,-0.16627112,-0.012500031,0.14814846,-0.012491887,-0.7207701,-0.0185172,-0.00038644386,0.0012695382,-0.038552366,0.079077706,-0.015223706,-0.010155503,-0.08943848,0.0003778614,0.035528563,-0.038827285,-0.09856595,-0.35940948,-5.278457e-05,0.0,0.08972763,0.0,0.026938895,-0.025540344,0.0026100148,-0.057353295,-0.47845343,-0.009148898,0.1564263,-0.18130898
W0000256,-0.005193596,0.0,-0.012117767,-0.0044968026,0.047102988,0.011945502,-0.0016075228,0.00047549838,-0.07320884,-0.8094274,-3.2351289,-0.0069476664,0.016271483,-0.16591495,-0.014416139,0.0,-0.015068833,-0.010884961,0.0,0.0,-0.013504954,-0.004518023,0.014585029,-0.006744347,0.008959813,0.07968998,0.0,0.026087025,-0.02181326,-0.085767984,-0.016258009,0.0,-0.004910699,-0.06398869,-0.040926676,-0.16681083,0.0,0.0004783984,0.0,0.0,-0.0039439844,-0.009236959,-0.38311404,-0.102021545,0.0,0.0,0.0032769656,-0.02190766,0.31895524,0.0,0.0,0.0,-0.0038060301,-0.009446837,-0.0071581313,-0.014364039,0.0,0.0,0.0,0.0,0.0,0.0,-0.042403925,0.013672152,-0.14948425,0.0019520449,0.0,0.0003632445,0.0,0.0,0.0,-0.027131531,-0.047059264,-0.052456204,-0.12260824,-0.054924183,0.0,-0.17023273,-0.0542218,-0.17005458,-0.004685431,-0.31656682,-0.0107190125,-0.00038644386,-0.052296497,0.024311723,-0.090659015,-0.013337658,0.0042169206,-0.034852397,0.0003778614,-0.03046313,-0.04297116,0.022479845,-0.34492493,0.0026547555,0.0,0.07362909,0.0,-0.024235101,-0.016078759,0.0019287223,-0.05099695,-0.50149554,-0.009148898,-0.7650093,-0.2152771
W0000257,-0.005193596,0.0,-0.030230567,-0.00366847,-0.053121585,0.011867935,-0.0016075228,0.0007039937,-0.07665531,-0.83699137,-3.3377106,0.060077816,0.014180319,0.060947157,0.015505506,0.0,-0.015068833,-0.010884961,0.0,0.0,-0.044730693,-0.004518023,0.032706875,-0.006744347,0.00022060284,0.08927561,0.0,0.028638823,-0.02181326,-0.08866423,-0.016258009,0.0,-0.004910699,-0.08298621,-0.040926676,-0.16354968,0.0,0.0009484194,0.0,0.0,-0.009978283,-0.009236959,-0.36215577,-0.063261166,0.0,0.0,0.003731879,-0.008490303,-0.63012505,0.0,0.0,0.0,-0.0038060301,0.0043680486,-0.0071581313,-0.0076982863,0.0,0.0,0.0,0.0,0.0,0.0,-0.036196228,0.015456553,-0.1593671,0.003377371,0.0,0.0003632445,0.0,0.0,0.0,-0.027740099,-0.06723228,-0.01878316,-0.11031501,-0.054924183,0.0,0.1748654,0.033729438,-0.17005458,-0.0015058166,0.29044077,-0.017694203,-0.0010022561,-0.044756457,-0.004280976,-0.03637285,-0.003562016,0.0053385003,-0.034326706,0.00057699945,-0.001631124,-0.037803706,-0.12360688,0.20746936,-0.000548549,0.0,0.07130538,0.0,-0.034659427,-0.016078759,0.0019287223,-0.041555766,-0.51242334,-0.009148898,-0.8060473,-0.25082582
W0000258,-0.005193596,0.0,-0.034559038,-0.003235754,-0.0644746,0.0066913962,-0.0034046895,-0.01609282,-0.073789254,-0.9086594,-3.669574,0.0022218116,-0.0031569721,0.05408127,0.014705296,0.0,-0.025312264,-0.010884961,0.0,0.0,-0.013504954,-0.013354607,-0.0122589385,-0.007219096,-0.0017043543,0.07153931,0.0,-0.09971675,-0.02181326,0.02552931,-0.016258009,0.0,-0.004910699,0.058410674,-0.03895516,-0.16786438,0.0,0.0009484194,0.0,0.0,-0.0023350685,-0.009236959,0.28592014,0.0796146,0.0,0.0,0.0031908478,-0.0154507635,0.3341208,0.0,0.0,0.0,-0.007291176,0.0067279246,-0.0029132469,-0.007576673,0.0,0.0,0.0,0.0,0.0,0.0,-0.041103784,0.010600343,-0.1944509,0.003377371,0.0,0.0003632445,0.0,0.0,0.0,-0.018681977,-0.05268158,-0.052223306,-0.13390395,0.057661954,0.0,-0.16092314,-0.054251038,0.14348939,-0.0011415993,-0.6483655,0.01749261,-0.00038644386,-0.021699423,-0.0016187923,-0.05490255,0.0019997275,0.0053385003,0.013650464,0.00093730603,-0.030590596,0.025958583,-0.10617116,0.30313754,-0.00325609,0.0,-0.08476315,0.0,-0.017443685,-0.035245765,0.0021913787,0.031701434,-0.39836758,-0.009148898,-0.8184727,-0.190714
W0000259,-0.0015967066,0.0,-0.037532113,0.00950863,0.100868605,-0.08098547,0.012763364,0.017083567,-0.02059297,0.43357936,2.4090197,0.0007575406,-0.049579136,-0.04779862,-0.007029475,0.0,-0.011496477,-0.010884961,0.0,0.0,-0.0078010857,0.004638333,0.006348254,0.012418347,0.05352401,-0.061404176,0.0,0.076676734,0.031219225,-0.037312455,-0.010347058,0.0,-0.0014661357,-0.037815157,-0.025517058,0.15367453,0.0,0.00113848,0.0,0.0,0.006526944,-0.009182955,-0.40363508,-0.11286376,0.0,0.0,0.010800883,-0.064174145,0.4636721,0.0,0.0,0.0,-0.0060421485,0.015865559,0.011106843,-0.0028905077,0.0,0.0,0.0,0.0,0.0,0.0,-0.033787936,0.016874123,-0.09041059,0.003398105,0.0,0.0016667963,0.0,0.0,0.0,0.067826696,0.077487566,0.044396743,0.22520366,0.054030646,0.0,-0.1856414,0.029181141,0.17012376,0.003077602,-0.43432695,-0.002205656,-0.001044347,0.0036968132,-0.02749813,0.119652405,0.0061622304,0.015320229,-0.14341967,0.0009225488,0.037302777,-0.025070084,-0.11411416,-0.37805566,-0.0015619006,0.0,-0.005425712,0.0,0.0556025,-0.032830574,0.0006559617,0.04796686,0.80720824,0.021213012,0.29432794,0.014169846
W0000260,-0.005193596,0.0,-0.079160675,-0.002667523,-0.09743135,0.017836256,0.002584864,0.00024141977,-0.07194803,0.0038218396,-0.87641686,0.11898565,0.03870231,-0.060482122,-0.016727282,0.0,-0.015068833,-0.010884961,0.0,0.0,-0.056676783,-0.013354607,-0.032635435,0.0004405626,0.010912722,-0.12530977,0.0,0.03713187,-0.014569342,-0.12038471,-0.016258009,0.0,-0.004910699,0.059902392,0.054515935,-0.16354968,0.0,0.0009484194,0.0,0.0,-0.0039439844,-0.009236959,-0.40950444,-0.07664152,0.0,0.0,0.009100157,0.009043636,-1.1181287,0.0,0.0,0.0,-0.0060421485,-0.016259003,0.019132175,-0.0066690906,0.0,0.0,0.0,0.0,0.0,0.0,-0.03884663,-0.029465904,-0.16116522,-0.0069798674,0.0,0.0003632445,0.0,0.0,0.0,-0.03227664,-0.10530176,-0.062075157,-0.09188387,0.040313482,0.0,-0.16190027,-0.12749594,-0.19965363,-0.016705494,0.27475858,-0.0048409863,-0.0020473734,-0.06357804,-0.006770284,-0.06554978,-0.035466548,-0.03087037,-0.05481352,0.0009225488,0.035655692,-0.050462667,-0.13678186,-0.611876,-0.022793908,0.0,0.073555425,0.0,-0.024235101,-0.016078759,0.0031469516,-0.008810159,-0.5665056,-0.002720084,-1.226496,0.055713605
W0000261,-0.005193596,0.0,0.0006688796,-0.018399091,0.044919185,0.011945502,-0.0016251784,-0.0021086,-0.04727059,-0.8195738,-3.2930708,0.050176702,0.012702709,0.06285145,0.015505506,0.0,-0.027471712,-0.010884961,0.0,0.0,-0.044730693,-0.004518023,-0.0122589385,-0.006744347,-0.020637821,-0.086819574,0.0,-0.05909068,-0.014569342,-0.08866423,-0.016258009,0.0,-0.004910699,0.05937141,0.04892867,-0.17672667,0.0,0.0009484194,0.0,0.0,-0.0023350685,-0.009236959,0.29110318,0.02302875,0.0,0.0,0.0031697473,-0.020654732,-0.6486083,0.0,0.0,0.0,-0.007291176,0.004525967,-0.0029132469,-0.008086555,0.0,0.0,0.0,0.0,0.0,0.0,-0.03674731,0.008386426,-0.18290806,0.003377371,0.0,0.0003632445,0.0,0.0,0.0,-0.020265544,-0.062079072,-0.057461325,-0.071896866,0.05346087,0.0,-0.16172516,-0.038551457,-0.1590879,-0.0010346852,-0.52716833,-0.012700345,-0.0010022561,-0.011317512,0.026973907,-0.06003042,-0.004520991,-0.010192805,-0.023476284,-0.004514899,-0.03046313,0.015150379,0.15588269,0.18532844,0.00049557444,0.0,0.075384386,0.0,-0.017443685,-0.016078759,0.0016836827,-0.041555766,-0.47866786,-0.009148898,-0.8217299,-0.23520005
W0000262,-0.005193596,0.0,-0.029178884,-0.00366847,0.045314148,-0.07421487,-0.0016075228,-0.014196873,-0.07055401,-0.8366472,-3.2789156,0.050333783,0.021474127,-0.0004338231,-0.015280576,0.0,-0.025312264,-0.010884961,0.0,0.0,-0.044730693,-0.013354607,-0.018486653,-0.006744347,0.009768339,0.0889619,0.0,0.0355167,-0.02181326,-0.07740278,-0.016258009,0.0,-0.004910699,0.058410674,-0.03895516,-0.17346552,0.0,0.0009484194,0.0,0.0,-0.0039439844,-0.009236959,0.116615586,0.049787868,0.0,0.0,0.0030672103,-0.008490303,-0.759846,0.0,0.0,0.0,-0.007291176,0.0043680486,0.0042117094,-0.008520553,0.0,0.0,0.0,0.0,0.0,0.0,-0.036196228,-0.0054861456,-0.16286133,0.0019520449,0.0,0.0003632445,0.0,0.0,0.0,-0.020265544,-0.065098524,0.0073459186,0.038935408,0.05346087,0.0,-0.15751512,-0.07949321,-0.1732642,-0.004685431,0.2651373,-0.017971454,-0.0010022561,-0.025510771,-0.0020592525,-0.03528911,0.0016414542,-0.017070124,-0.023675397,0.0003778614,0.035655692,-0.037803706,-0.11299562,-0.37292442,-0.017196286,0.0,0.010911462,0.0,-0.006129422,-0.025540344,0.0016836827,-0.05099695,-0.4999911,-0.009148898,-0.8289583,-0.23345378
W0000263,-0.005193596,0.0,-0.030106407,-0.002592119,0.038165066,-0.0777236,-0.0016075228,-0.0029644389,-0.07204424,-0.7228975,-3.0454674,-0.036064483,-0.017416384,0.04986714,-0.015280576,0.0,-0.015691405,-0.010884961,0.0,0.0,-0.047443993,-0.013354607,-0.011595988,-0.009872633,0.011130143,-0.08379041,0.0,-0.0024588518,-0.02181326,-0.08012299,-0.016258009,0.0,-0.004910699,-0.077827886,-0.03895516,-0.17672667,0.0,0.0009484194,0.0,0.0,-0.0023350685,0.0030725633,-0.22826882,-0.017487828,0.0,0.0,0.0026525205,-0.019258993,-0.685753,0.0,0.0,0.0,-0.0038060301,0.0043680486,-0.0069115944,-0.012755938,0.0,0.0,0.0,0.0,0.0,0.0,-0.042403925,0.00040271692,-0.16492324,0.0019520449,0.0,0.0003632445,0.0,0.0,0.0,-0.027131531,-0.059945315,0.034159422,-0.011442464,-0.053716056,0.0,-0.15940326,-0.042239748,-0.17005458,-0.004685431,-0.5277581,-0.012700345,-0.0010022561,0.02789336,-0.016999802,-0.06003042,0.0016414542,-0.0139024,-0.038238656,-0.0029566854,-0.03046313,0.015060063,0.04275728,-0.39713535,-0.009455353,0.0,-0.09106533,0.0,-0.03803818,-0.025540344,-0.0032443535,-0.04115859,-0.50250405,-0.009148898,-0.7567949,-0.18335643
W0000264,-0.005193596,0.0,0.003907549,-0.01693762,0.05015368,0.0066738366,-0.003387034,-0.0015685698,0.0020608604,-0.9728416,-3.8315096,0.052816674,0.01847775,0.063172095,0.014705296,0.0,-0.027471712,0.010904469,0.0,0.0,-0.013504954,-0.004518023,0.013957295,0.0021065255,-0.021349225,-0.07191257,0.0,0.028456165,-0.014569342,0.040822398,-0.016258009,0.0,-0.004910699,-0.057835378,0.059331346,0.051329963,0.0,0.0006124293,0.0,0.0,0.0015274035,0.0030725633,0.32162017,0.06264015,0.0,0.0,-0.02372801,-0.02190766,0.3718236,0.0,0.0,0.0,0.003985507,-0.00903951,-0.0029132469,-0.008520811,0.0,0.0,0.0,0.0,0.0,0.0,0.054877907,0.0148438355,0.13689782,0.003377371,0.0,0.0003632445,0.0,0.0,0.0,-0.017068373,-0.05268158,-0.06526374,0.02831725,0.05887008,0.0,0.17826787,-0.04322742,0.12851402,-0.0015058166,-0.62844896,-0.020536523,-0.00038644386,0.0019286701,-0.03007437,0.06800261,-0.008259027,-0.005284638,-0.006300918,0.00093730603,0.027638912,-0.04259735,-0.09793635,0.32075626,-5.278457e-05,0.0,-0.10295606,0.0,-0.016553747,0.020698454,-0.012761795,-0.029908814,-0.36638921,-0.009148898,-0.8047771,-0.058521755
W0000265,-0.0015967066,0.0,-0.023407577,0.007904556,0.06191401,0.037468467,0.00513427,0.030071888,-0.042509068,0.038925566,2.1047244,0.13828453,0.08295031,-0.12401253,-0.014734199,0.0,-0.030118527,0.010904469,0.0,0.0,-0.02703094,0.004638333,-0.0026499843,-0.0146482615,-0.010286217,0.05359046,0.0,0.05508513,0.031219225,-0.08028674,0.028596843,0.0,-0.0014661357,0.07041024,-0.025517058,0.16474268,0.0,0.002491621,0.0,0.0,0.006526944,0.004673285,-0.45129326,-0.21312267,0.0,0.0,0.012615614,-0.023527948,0.6230986,0.0,0.0,0.0,0.0033027628,-0.02097236,-0.018059753,-0.023630887,0.0,0.0,0.0,0.0,0.0,0.0,0.054480962,0.02087244,0.11944194,0.003398105,0.0,0.0016667963,0.0,0.0,0.0,-0.043385223,-0.051989175,-0.08236109,0.292874,-0.066435106,0.0,0.18545134,0.046877474,0.14521794,-0.016799044,0.2877753,-0.0057603745,-0.0005672409,0.03161642,0.014324751,0.028971111,0.0061622304,-0.008208922,0.07149741,0.0009225488,0.028073141,0.0024914187,0.17357056,-0.47515562,0.024620384,0.0,0.090078875,0.0,0.01824873,0.01600558,0.0065681133,-0.04298701,-0.41614464,-0.002720084,-0.16420488,0.05444908
W0000266,-0.005193596,0.0,-0.0034400458,-0.02380571,-0.053393908,-0.08208727,-0.021871377,-0.0013286239,-0.013666317,-0.9756694,-3.891064,0.052816674,0.026357494,-0.011432905,-0.014416139,0.0,-0.027471712,0.010904469,0.0,0.0,-0.025618372,-0.004518023,-0.006094396,-0.012754429,-0.052558854,-0.07119237,0.0,-0.10690002,0.031219225,0.016802771,-0.016258009,0.0,-0.004910699,0.05874917,-0.026506372,0.07291884,0.0,0.0009484194,0.0,0.0,0.0025782639,-0.009182955,0.29579955,0.06547735,0.0,0.0,0.0039129565,0.01680956,0.36860853,0.0,0.0,0.0,-0.007291176,-0.006836307,-0.00247431,-0.015684465,0.0,0.0,0.0,0.0,0.0,0.0,0.0015602652,0.0148438355,-0.17440417,0.0019520449,0.0,0.00056099845,0.0,0.0,0.0,-0.018681977,-0.052212473,-0.051906887,-0.19568317,-0.050730426,0.0,0.17946076,-0.01222137,0.14814846,-0.0043212133,-0.6885781,0.0012678755,-0.00038644386,-0.018633852,-0.0013576876,0.07329239,-0.0058174515,-0.00017466536,-0.07421745,0.0005174588,-0.0017585903,-0.04259735,-0.0977931,-0.4453406,-0.00325609,0.0,-0.08578158,0.0,-0.0496726,-0.035245765,0.0028726715,-0.05530135,-0.42006558,-0.009148898,-0.16015545,0.045216322
W0000267,-0.005193596,0.0,-0.007789295,-0.018706914,0.043123163,-0.079062656,-0.01974777,-0.014546253,-0.07751088,-0.8513178,-3.7822716,0.050333783,0.013353742,0.06365419,0.015505506,0.0,-0.025312264,-0.010884961,0.0,0.0,-0.04360901,-0.013354607,-0.011816551,0.0021065255,0.0056897425,-0.090868145,0.0,-0.06143059,-0.014569342,0.033897586,-0.016258009,0.0,-0.004910699,-0.045182608,0.059331346,-0.17346552,0.0,0.0009484194,0.0,0.0,-0.009978283,-0.009236959,0.29553163,0.07017014,0.0,0.0,0.004609814,-0.0076018106,-0.7390036,0.0,0.0,0.0,-0.007291176,-0.010690156,0.0042117094,-0.012908684,0.0,0.0,0.0,0.0,0.0,0.0,-0.039954785,-0.029465904,-0.18164946,-0.0069372794,0.0,0.0003632445,0.0,0.0,0.0,-0.020265544,-0.062079072,0.034475844,-0.04397507,0.05346087,0.0,-0.15751512,0.00026731752,-0.164164,-0.0016726046,0.2768173,-0.0013493805,-0.0010022561,-0.025510771,-0.01067652,-0.035171278,-0.004194338,-0.00876217,-0.008936146,0.00057699945,-0.001631124,-0.04259735,0.045653395,0.34550905,-0.02010266,0.0,0.009225891,0.0,-0.007908323,-0.016078759,0.0019463393,-0.037835125,-0.48318723,-0.009148898,-0.7875933,0.063320786
W0000268,-0.005193596,0.0,-0.030230567,-0.0038136193,-0.060173992,0.012610691,-0.0016075228,-0.014654408,-0.07751088,-0.8318404,-3.48639,0.050333783,0.016213752,0.058703937,-0.015280576,0.0,-0.025312264,-0.010884961,0.0,0.0,-0.044730693,-0.013354607,-0.011595988,-0.007219096,0.00034328876,0.0889619,0.0,-0.10220252,-0.02181326,0.021423269,-0.016258009,0.0,-0.004910699,0.05937141,-0.03895516,-0.17346552,0.0,0.0009484194,0.0,0.0,-0.009978283,0.0030725633,0.29874498,0.06667143,0.0,0.0,0.003731879,-0.008490303,-0.73425126,0.0,0.0,0.0,-0.007291176,0.0043680486,-0.0029132469,0.011777031,0.0,0.0,0.0,0.0,0.0,0.0,-0.042403925,-0.0054861456,-0.18164946,0.003377371,0.0,-0.006774679,0.0,0.0,0.0,-0.020265544,-0.059945315,-0.044299915,-0.050798632,0.054669,0.0,-0.15240137,-0.0064356094,-0.17005458,-0.0047923448,0.29182526,-0.01626535,-0.0010022561,0.008008358,0.026973907,-0.037017297,-0.003562016,0.00441828,-0.0055220155,0.00057699945,-0.030590596,-0.04259735,0.047871195,-0.15381116,0.0053460044,0.0,0.07218409,0.0,-0.024919894,-0.016078759,0.0021913787,-0.0468486,-0.48217177,-0.009148898,-0.85907996,-0.23868728
W0000269,-0.005193596,0.0,-0.007789295,-0.002592119,-0.060173992,-0.07623521,-0.016981345,-0.013037037,-0.052935053,-0.8177786,-3.4296691,0.050333783,0.02511223,0.058363907,0.015505506,0.0,-0.025312264,-0.010884961,0.0,0.0,-0.047443993,-0.004518023,-0.01609853,-0.006744347,0.0070912107,-0.090868145,0.0,0.036254123,-0.02181326,0.024536371,-0.016258009,0.0,-0.004910699,0.05937141,-0.03895516,-0.17346552,0.0,0.0009484194,0.0,0.0,-0.0039439844,0.0030725633,0.29773617,0.062394716,0.0,0.0,-0.017113589,-0.008490303,-0.7023639,0.0,0.0,0.0,-0.007291176,-0.011085953,-0.0029132469,-0.0076982863,0.0,0.0,0.0,0.0,0.0,0.0,-0.031688616,0.015456553,-0.17440417,0.0019520449,0.0,0.0003632445,0.0,0.0,0.0,-0.018552173,-0.062079072,0.034159422,-0.15573095,0.07008672,0.0,0.17529735,-0.073901206,0.1173714,-0.004685431,0.27432612,-0.01626535,-0.0010022561,-0.02522356,-0.028009336,-0.020130176,-0.003562016,0.0038857628,-0.007835472,-0.0029566854,-0.03046313,-0.04259735,0.1486344,-0.4317604,0.005894364,0.0,-0.06784217,0.0,-0.02219723,-0.016078759,-0.012761795,-0.05442435,-0.458277,-0.009148898,-0.78275037,-0.19911854
W0000270,-0.005193596,0.0,-0.028104777,-0.0018234059,-0.05565955,0.0076346043,-0.003387034,-0.014196873,-0.08009869,-0.7567544,-3.7283752,-0.00041815825,0.0025600393,-0.024408583,-0.015280576,0.0,-0.025312264,-0.010884961,0.0,0.0,-0.04360901,-0.013354607,-0.011816551,-0.016730877,0.009768339,-0.090868145,0.0,-0.057034187,-0.02181326,0.021795506,-0.016258009,0.0,-0.004910699,-0.077827886,-0.03133048,-0.16460323,0.0,0.0009484194,0.0,0.0,-0.0039439844,-0.009236959,0.2929976,0.064019464,0.0,0.0,0.0043462357,-0.007505075,-0.7442124,0.0,0.0,0.0,-0.007291176,-0.00977154,0.0042117094,-0.014242426,0.0,0.0,0.0,0.0,0.0,0.0,-0.041103784,-0.029465904,-0.18164946,-0.0069372794,0.0,0.0003632445,0.0,0.0,0.0,0.037966866,-0.059945315,0.08094713,0.12514666,0.056932848,0.0,-0.16124065,-0.06718056,0.13355896,-0.0015701612,0.2807619,-0.004914386,-0.0010022561,0.0073400885,-0.0017264234,-0.032435082,0.0015452332,0.005137141,0.013665644,-0.007334222,-0.03545718,-0.04259735,0.13795315,0.31293237,0.005894364,0.0,-0.079990685,0.0,-0.007908323,-0.016078759,0.0021913787,0.031876754,-0.43116444,-0.009148898,-0.8719649,0.06239695
W0000271,-0.0015967066,0.0,-0.017933583,-0.0029447805,-0.113581926,0.035327382,0.012847333,0.016786112,-0.07640662,0.38866556,2.113525,-0.14215016,-0.11177778,0.11160073,0.01684472,0.0,-0.02764781,0.010904469,0.0,0.0,-0.055018507,0.004638333,0.0009217416,0.0069906553,-0.13427636,-0.116820194,0.0,-0.21911713,-0.02181326,0.040774934,-0.010347058,0.0,-0.0014661357,-0.11382552,-0.030622762,-0.18601464,0.0,-0.037309382,0.0,0.0,-0.003941606,-0.02280538,0.41118306,0.11317986,0.0,0.0,-0.076036684,-0.051152635,-1.0910774,0.0,0.0,0.0,0.00968484,-0.053843383,-0.002682825,-0.031391,0.0,0.0,0.0,0.0,0.0,0.0,-0.035797942,0.010216362,-0.20349431,0.009046914,0.0,-0.031086527,0.0,0.0,0.0,-0.01623812,-0.11610819,0.034987774,-0.15718134,0.041440364,0.0,0.19331548,-0.027839838,-0.18670851,-0.0303417,-0.93271744,-0.011167739,-0.0020473734,-0.03550605,-0.030323919,-0.023633178,0.0029191384,-0.07567568,-0.003111111,-0.020784438,-0.03037881,0.023020279,0.023553127,-0.2652636,-0.0137371,0.0,0.09377284,0.0,-0.05224467,-0.014220053,-0.02052029,-0.03993526,-0.47233304,-0.002720084,0.21899214,-0.022581525
W0000272,-0.005193596,0.0,0.0139195025,-0.018399091,-0.032569513,0.0068865116,-0.017032752,0.007820763,-0.018427527,-0.80772537,-3.1129215,0.0595166,0.016340815,0.022146363,-0.015280576,0.0,-0.020208191,0.010904469,0.0,0.0,-0.044730693,-0.004518023,-0.015709344,-0.021260915,0.011931127,-0.08405269,0.0,0.028890477,-0.014569342,-0.090408355,-0.016258009,0.0,-0.004910699,-0.08298621,0.06342879,-0.16681083,0.0,0.0009484194,0.0,0.0,-0.0023350685,-0.009236959,-0.35724285,-0.015009692,0.0,0.0,-0.017399644,-0.018463358,-0.63631666,0.0,0.0,0.0,-0.0038060301,-0.010928034,-0.0071581313,-0.007851033,0.0,0.0,0.0,0.0,0.0,0.0,-0.035401005,0.009427947,-0.1593671,0.003377371,0.0,0.0003632445,0.0,0.0,0.0,-0.025418159,-0.065098524,-0.049738742,-0.111637555,0.06887859,0.0,0.16908538,-0.060508028,-0.164164,-0.005232773,-0.57117593,-0.01626535,-0.0010022561,-0.035633087,-0.024424145,-0.045879494,-0.004520991,0.0050270604,-0.030892976,0.00057699945,-0.03046313,-0.04297116,-0.11870605,0.24713887,-0.002744033,0.0,-0.07993499,0.0,-0.026347041,-0.016078759,0.0019287223,-0.041555766,-0.5168959,-0.009148898,-0.7059309,-0.21062386
W0000273,-0.005193596,0.0,-0.030106407,-0.0024918544,-0.057002667,0.007344362,-0.0037701917,-0.0018104501,-0.06508738,-0.7859443,-3.5080972,-0.0057675503,-0.007849778,0.059280723,0.017009752,0.0,-0.027471712,-0.010884961,0.0,0.0,0.010335175,-0.004518023,-0.014928754,-0.006744347,-0.021668833,0.08025868,0.0,-0.05776739,-0.02181326,-0.09047159,-0.016258009,0.0,-0.004910699,0.058410674,-0.03895516,-0.17672667,0.0,0.0009484194,0.0,0.0,-0.0023350685,0.0022701065,0.13862528,-0.1127484,0.0,0.0,0.0030000983,0.0159557,-0.46139422,0.0,0.0,0.0,0.003985507,0.005815501,-0.0029132469,0.011777031,0.0,0.0,0.0,0.0,0.0,0.0,-0.029193308,0.010216362,-0.058399938,0.003377371,0.0,-0.006774679,0.0,0.0,0.0,-0.027740099,-0.048780844,-0.052947436,-0.14071152,-0.06147697,0.0,0.17826787,-0.039585713,-0.164164,-0.0010346852,-0.540765,-0.012423094,-0.00038644386,0.00032011326,-0.0028885226,-0.0346108,-0.0037247194,-0.019207714,-0.021987204,-0.004514899,0.035655692,0.025584772,-0.117273755,0.43589956,-5.278457e-05,0.0,-0.10295606,0.0,-0.016553747,-0.016078759,-0.013024451,-0.041555766,-0.4907396,-0.009148898,-0.8119555,-0.21825002
W0000274,-0.005193596,0.0,-0.034559038,-0.004281667,-0.0685474,0.0071366867,-0.0016251784,-0.03278052,-0.037692413,-0.9794827,-3.5678177,0.060561754,0.010928156,0.030664481,-0.014416139,0.0,0.01904458,0.010904469,0.0,0.0,0.010580061,-0.0055564484,0.016973153,0.0021065255,-0.023716476,-0.079559006,0.0,0.024201984,0.031219225,-0.087723404,-0.016258009,0.0,-0.004910699,0.05937141,-0.025989559,0.16334257,0.0,0.0004783984,0.0,0.0,0.006526944,0.0022701065,-0.40520242,-0.11858147,0.0,0.0,-0.033796184,0.0003550616,0.37344062,0.0,0.0,0.0,0.0020804543,0.0070210667,-0.0071581313,-0.008368065,0.0,0.0,0.0,0.0,0.0,0.0,0.053531595,0.013672152,0.15831573,0.0019520449,0.0,0.0003632445,0.0,0.0,0.0,-0.023934359,-0.047059264,-0.065602474,0.20038193,-0.057275884,0.0,-0.16832311,0.0152585,0.14026044,-0.0042142994,0.31156102,-0.020536523,-0.00038644386,0.00668412,-0.014532523,-0.06286007,0.001976684,0.00441828,-0.030093867,0.0005174588,-0.009647902,0.034250937,0.02970257,-0.3713611,-0.000548549,0.0,-0.00179921,0.0,-0.04030291,-0.035245765,0.0019287223,-0.0459505,-0.39161953,-0.009148898,-0.8021883,-0.035315454
W0000275,-0.005193596,0.0,0.003783389,0.002701738,-0.077277705,-0.060437597,-0.0271286,0.01848666,-0.004313417,-0.91015023,-3.4609814,0.062156573,0.00962307,0.046173476,0.015036006,0.0,0.01904458,0.010904469,0.0,0.0,-0.025618372,-0.004518023,-0.018795105,-0.0107515175,-0.021364573,-0.072481275,0.0,0.026113277,0.031219225,-0.070648015,0.028596843,0.0,-0.004910699,0.05937141,-0.027697042,0.16700378,0.0,0.00064800854,0.0,0.0,0.0025782639,-0.0068245563,-0.43084374,-0.131504,0.0,0.0,0.003340669,0.0170061,0.326765,0.0,0.0,0.0,0.0020804543,-0.00831875,-0.0071581313,-0.014242426,0.0,0.0,0.0,0.0,0.0,0.0,0.053531595,0.010600343,0.15831573,0.0019520449,0.0,0.0003632445,0.0,0.0,0.0,0.038893744,0.06533969,-0.0627084,-0.20957065,-0.05428697,0.0,-0.16174196,-0.012815217,0.12262343,-0.004576602,-0.61154056,0.0007121358,-0.00038644386,-0.03837453,-0.014543164,-0.0658806,0.001976684,0.0040052915,0.020616628,-0.004049004,-0.009647902,0.034250937,0.053573117,-0.42225847,-0.015052976,0.0,0.069360755,0.0,-0.024235101,-0.016078759,0.0019287223,-0.034286506,-0.3900475,-0.009148898,-0.7320052,0.030883593
W0000276,-0.005193596,0.0,-0.034559038,0.0016926248,-0.06206121,-0.09417727,-0.016981345,-0.00039076945,-0.07601035,-0.8702585,-3.3709161,0.062156573,0.026068028,0.045278996,0.014705296,0.0,-0.020208191,-0.010884961,0.0,0.0,-0.0017250786,-0.013354607,-0.01055101,-0.006744347,0.005976021,0.08148594,0.0,0.025454482,-0.02181326,-0.087723404,-0.016258009,0.0,-0.004910699,-0.077827886,-0.040926676,-0.16354968,0.0,0.00064800854,0.0,0.0,-0.009978283,-0.009236959,-0.37385803,-0.073093936,0.0,0.0,0.003228473,-0.008665432,0.16966844,0.0,0.0,0.0,-0.0038060301,-0.020346759,-0.0071581313,-0.008285031,0.0,0.0,0.0,0.0,0.0,0.0,-0.042403925,-0.04431414,-0.15212181,-0.0040095923,0.0,0.0003632445,0.0,0.0,0.0,-0.027740099,-0.04752837,-0.017521095,-0.16668414,0.05346087,0.0,0.17060748,-0.00043693744,-0.1590879,-0.004685431,0.31963623,-0.012423094,-0.00038644386,-0.032588277,-0.021750277,-0.031168416,0.0014297778,0.004206651,-0.035263967,0.0003778614,-0.03046313,-0.04297116,0.1675829,-0.38818684,0.004980544,0.0,0.06360192,0.0,-0.02321621,-0.016078759,0.0019287223,-0.05099695,-0.47787935,-0.009148898,-0.8266787,-0.2126462
W0000277,-0.005193596,0.0,0.0006688796,-0.018399091,0.040564887,0.011002294,-0.0037701917,0.0010533738,-0.04512264,-0.8012836,-3.2457793,0.060077816,0.019683778,0.008406379,0.015505506,0.0,-0.015068833,-0.010884961,0.0,0.0,-0.044730693,-0.004518023,-0.012567392,-0.006744347,-0.020760506,-0.090922534,0.0,-0.002215162,-0.02181326,-0.09047159,-0.016258009,0.0,-0.004910699,0.058410674,-0.032250986,-0.16354968,0.0,0.00064800854,0.0,0.0,0.0025798192,-0.009236959,-0.34415016,-0.06802851,0.0,0.0,0.0032769656,0.005646281,-0.69542086,0.0,0.0,0.0,-0.0038060301,-0.01064095,-0.0071581313,-0.007851033,0.0,0.0,0.0,0.0,0.0,0.0,-0.029193308,0.012246649,-0.17216852,0.003377371,0.0,0.0003632445,0.0,0.0,0.0,0.03860841,-0.06723228,-0.049896304,-0.118795626,0.064924605,0.0,-0.159671,-0.083968654,-0.164164,-0.0010346852,0.24315311,-0.017466415,-0.0010022561,-0.00040431786,-0.004280976,0.019799795,-0.0046836943,-0.011522103,-0.03509959,0.00057699945,0.035655692,0.015150379,-0.12715888,0.32426786,0.0026547555,0.0,0.071959436,0.0,-0.035549365,-0.035245765,0.0019287223,-0.041555766,-0.51336586,-0.009148898,-0.7878426,-0.24065074
W0000278,-0.005193596,0.0,0.008725523,-0.01735326,0.042610183,0.010694299,-0.007752301,-0.01588293,0.0020608604,-0.9492366,-3.9653878,0.052973755,0.017284341,0.050867155,-0.014416139,0.0,-0.025312264,-0.010884961,0.0,0.0,-0.013504954,-0.004518023,-0.011474434,-0.006744347,0.0034583244,0.07139015,0.0,0.033766482,0.031219225,0.04159151,0.028596843,0.0,-0.004910699,-0.088616736,-0.03248764,0.16450085,0.0,0.0009484194,0.0,0.0,0.0015274035,0.0022701065,0.28677493,0.034098245,0.0,0.0,-0.031158801,-0.02190766,0.35511392,0.0,0.0,0.0,-0.007291176,-0.00903951,-0.00247431,0.013840196,0.0,0.0,0.0,0.0,0.0,0.0,-0.039954785,0.011641865,-0.18164946,0.003377371,0.0,-0.010462886,0.0,0.0,0.0,-0.017068373,-0.052212473,0.035421487,0.16254902,-0.057275884,0.0,0.16648944,-0.051280826,-0.16515389,-0.0015058166,-0.6251563,-0.015762335,-0.00038644386,-0.021699423,0.027015345,-0.08798245,-0.00858568,-0.015774962,-0.0064452104,0.00093730603,0.035655692,-0.042824835,-0.104243234,0.31141305,-5.278457e-05,0.0,0.07546947,0.0,-0.008241361,-0.025540344,-0.005866262,-0.025640633,-0.40395394,-0.009148898,-0.4985845,-0.22380438
W0000279,-0.005193596,0.0,-0.034434877,-0.009142209,0.047471784,0.0074165924,-0.003387034,-0.00025704456,-0.06471539,-0.86564565,-3.4275565,-0.0069476664,0.013497958,0.050985977,0.015036006,0.0,-0.015068833,-0.010884961,0.0,0.0,-0.012843851,-0.013354607,-0.0122589385,-0.006744347,0.008903742,0.0746703,0.0,-0.055969924,-0.02181326,-0.07796837,-0.016258009,0.0,-0.004910699,0.05921509,-0.040926676,-0.16681083,0.0,0.0009484194,0.0,0.0,-0.003941606,0.0030725633,-0.33002517,-0.049934693,0.0,0.0,-0.018178869,-0.019434122,0.317127,0.0,0.0,0.0,-0.0038060301,-0.01930957,0.007814314,-0.008673299,0.0,0.0,0.0,0.0,0.0,0.0,-0.039954785,-0.0327569,-0.1593671,-0.0069372794,0.0,0.0003632445,0.0,0.0,0.0,-0.025547964,0.06533969,-0.065721676,-0.13533612,0.05887008,0.0,0.17115554,0.018838648,-0.164164,-0.0015058166,-0.68545413,0.01749261,0.0003996393,0.027170394,-0.022520171,-0.058383394,-0.015223706,-0.014624445,0.020974986,0.00057699945,0.035655692,-0.043061476,0.049501,0.33043295,-0.002744033,0.0,-0.10783671,0.0,-0.035549365,-0.016078759,-0.0032443535,-0.039405115,-0.48326716,-0.009148898,-0.75090575,-0.20921901
W0000280,-0.005193596,0.0,-0.002412037,-0.0044930982,-0.065606475,0.017850207,-0.0030352508,0.0006501074,-0.012810763,-0.96116924,-3.720167,0.060725734,0.02133657,0.056622334,0.014705296,0.0,-0.015068833,0.010904469,0.0,0.0,-0.015000172,-0.004518023,0.009687144,-0.016730877,-0.020609744,0.07352318,0.0,-0.057449654,0.019999173,-0.11220214,-0.016258009,0.0,-0.004910699,-0.08310045,0.041890994,0.06420487,0.0,0.0004783984,0.0,0.0,0.0025782639,0.004673285,-0.39950272,-0.12146476,0.0,0.0,-0.02549614,-0.02190766,0.3320539,0.0,0.0,0.0,-0.0038060301,-0.009446837,-0.006987485,0.011052503,0.0,0.0,0.0,0.0,0.0,0.0,0.002906573,0.0148438355,-0.1593671,0.003377371,0.0,-0.010462886,0.0,0.0,0.0,-0.025547964,-0.05268158,0.035141602,-0.16233052,-0.0644247,0.0,0.18092947,-0.012132054,0.13640206,-0.009626291,-0.7666341,-0.0071662343,0.0003996393,-0.015998572,-0.004170127,-0.0104508735,-0.006167148,-0.024924073,-0.02365336,-0.007334222,-0.0017582532,-0.04065431,-0.11275104,0.4335497,-0.002744033,0.0,0.0888864,0.0,-0.025028074,-0.016078759,0.0025204332,-0.041571684,-0.44138634,-0.009148898,-0.018863434,0.05727581
W0000281,-0.005193596,0.0,-0.01806885,-0.029553758,0.04760108,0.011485061,-0.013880849,0.028799545,-0.07365987,-0.9158914,-4.099922,0.04818465,0.012216346,0.075845465,-0.015280576,0.0,0.028852962,-0.010884961,0.0,0.0,0.053521827,-0.013354607,-0.0076099965,0.0021065255,0.011789309,-0.03450402,0.0,0.022380782,-0.02181326,0.04390383,-0.016258009,0.0,-0.004910699,-0.04484412,-0.032714307,-0.18601464,0.0,0.0009484194,0.0,0.0,-0.003941606,-0.02280538,0.3407672,0.0678022,0.0,0.0,0.0043841717,-0.020009868,-0.6024008,0.0,0.0,0.0,0.003985507,-0.014157264,-0.00247431,-0.0075555514,0.0,0.0,0.0,0.0,0.0,0.0,-0.039954785,-0.028131768,0.170658,-0.0069372794,0.0,0.00056099845,0.0,0.0,0.0,-0.018552173,-0.059945315,0.034165256,-0.09151596,0.07000548,0.0,0.1653783,-0.011004383,-0.164164,-0.00020643347,-0.6621134,-0.01749426,-0.0010022561,-0.025804417,-0.04570388,-0.029353522,-0.0149455555,-0.017919837,-0.0007283632,0.00093730603,0.035655692,-0.053821016,0.05666153,0.46884966,-5.278457e-05,0.0,-0.09229036,0.0,-0.024684863,-0.016078759,0.0023476384,-0.033602715,-0.38995013,-0.009148898,0.15959498,-0.039100952
W0000282,-0.005193596,0.0,-0.064480945,-0.004249109,-0.095517725,-0.12138442,-0.03465891,-0.0013286239,-0.06674859,0.32651106,-0.9640339,0.013815729,0.009781781,-0.2576669,-0.014734199,0.0,-0.027471712,-0.010884961,0.0,0.0,-0.0010986403,-0.004518023,-0.032635435,-0.050864648,0.0022844486,0.06624715,0.0,-0.085391626,-0.02181326,0.049521126,-0.016258009,0.0,-0.004910699,0.06284853,-0.059288297,0.08546798,0.0,0.0009484194,0.0,0.0,0.006526944,0.0022701065,0.35831457,0.07873756,0.0,0.0,0.006479282,-0.012042288,0.54326713,0.0,0.0,0.0,-0.017717667,-0.04049014,-0.0044831694,-0.0069870986,0.0,0.0,0.0,0.0,0.0,0.0,-0.033787936,-0.036649093,-0.17399903,-0.0069798674,0.0,0.00056099845,0.0,0.0,0.0,-0.013056683,-0.051989175,-0.09479087,0.16975772,-0.05928629,0.0,-0.16838174,0.03737519,0.1565252,-0.022785598,0.37037954,-0.029290203,-0.0005672409,-0.032355003,0.013150681,-0.022892062,0.0041216877,-0.036514804,-0.006116772,0.00057,0.03592083,-0.08557133,0.040821068,-0.47909936,-0.017196286,0.0,0.07156629,0.0,-0.006129422,-0.025540344,0.0044970694,-0.07064464,-0.5521136,-0.002720084,-1.2485672,-0.4533347
W0000283,-0.005193596,0.0,-0.030230567,-0.002592119,-0.06496927,0.0071459836,-0.0016075228,0.0004453361,-0.07204424,-0.70348334,-3.0412154,-0.08585575,-0.02254543,0.04756794,0.017009752,0.0,-0.015691405,-0.010884961,0.0,0.0,-0.044730693,-0.004518023,0.03122865,-0.006744347,0.00022060284,-0.020405024,0.0,0.03443812,-0.02181326,-0.07215376,-0.016258009,0.0,-0.004910699,-0.045182608,-0.040926676,-0.16681083,0.0,0.00064800854,0.0,0.0,-0.0023350685,-0.0068245563,-0.3754002,-0.07933375,0.0,0.0,-0.022324305,-0.019258993,-0.5892045,0.0,0.0,0.0,-0.0038060301,-0.011085953,-0.0071581313,-0.0076982863,0.0,0.0,0.0,0.0,0.0,0.0,-0.03674731,0.008386426,-0.16492324,0.0019520449,0.0,0.0003632445,0.0,0.0,0.0,0.04371243,-0.043627635,-0.044457477,-0.17279005,-0.055998262,0.0,-0.15596049,-0.041188195,-0.1732642,-0.004685431,-0.5444212,-0.01626535,-0.0010022561,-0.035633087,-0.0046031643,-0.0494929,0.0012670743,0.00441828,0.019185033,-0.0029566854,-0.03046313,0.025584772,0.05088213,-0.39943328,-0.0059473384,0.0,-0.08686872,0.0,-0.04030291,0.020698454,0.0019287223,-0.057337377,-0.4889605,-0.009148898,-0.7035049,-0.20966159
W0000284,-0.005193596,0.0,0.0139195025,-0.018399091,0.032015204,-0.060541064,-0.01974777,0.008168645,0.0008976832,-0.8177789,-3.3365254,0.0595166,0.021227233,0.0580068,0.017009752,0.0,-0.020208191,-0.010884961,0.0,0.0,-0.044730693,-0.004518023,-0.012567392,-0.014896611,-0.020760506,-0.083844796,0.0,-0.09204869,-0.02181326,-0.08555393,-0.016258009,0.0,-0.004910699,0.058410674,-0.033904977,0.07349286,0.0,0.00064800854,0.0,0.0,0.0015274035,-0.009236959,-0.4029926,-0.08723006,0.0,0.0,0.003053472,-0.01935573,-0.59416443,0.0,0.0,0.0,-0.0038060301,-0.010928034,-0.0071581313,-0.0077294195,0.0,0.0,0.0,0.0,0.0,0.0,-0.024134612,0.010216362,-0.17216852,0.003377371,0.0,0.0003632445,0.0,0.0,0.0,0.03860841,0.0013846289,-0.056423582,-0.10793086,0.064924605,0.0,0.1669445,-0.06216255,0.13640206,-0.0017795187,-0.51843673,-0.012423094,-0.0010022561,-0.036211025,-0.014543164,0.052424386,-0.010891898,0.0050270604,-0.030148998,0.00093730603,0.035528224,0.025584772,-0.11655104,0.32586735,-0.002744033,0.0,0.066452004,0.0,-0.035549365,0.020698454,0.0019287223,-0.032428958,-0.45898786,-0.009148898,-0.6873536,-0.059286013
W0000285,-0.005193596,0.0,-0.034434877,-0.0043815933,-0.06214704,0.0064787213,-0.0037701917,0.008390445,-0.0040404424,-0.88288134,-3.3953385,0.06016452,0.018450037,-0.00277053,-0.014416139,0.0,-0.020208191,0.010904469,0.0,0.0,-0.013504954,-0.004518023,-0.012567392,-0.007219096,-0.023716476,-0.072481275,0.0,-0.08881843,-0.02181326,-0.09040704,-0.016258009,0.0,-0.004910699,0.058410674,-0.040926676,0.042616006,0.0,0.00064800854,0.0,0.0,-0.0023350685,0.0030725633,-0.37190858,-0.08979211,0.0,0.0,0.0028622756,-0.0021090722,0.32169056,0.0,0.0,0.0,0.0020804543,0.0067279246,-0.0071581313,-0.008285031,0.0,0.0,0.0,0.0,0.0,0.0,-0.029193308,0.0148438355,-0.058399938,0.003377371,0.0,0.0003632445,0.0,0.0,0.0,0.04371243,-0.052212473,-0.052380867,-0.13121668,0.058140974,0.0,0.17166787,-0.058480866,-0.164164,-0.0011415993,-0.6423298,-0.015762335,-0.00038644386,0.007134043,-0.004280976,-0.0161109,-0.006306808,-0.018886827,-0.0251932,-0.004514899,-0.0017585903,0.025494456,-0.11639985,0.4092372,-0.002744033,0.0,-0.10504453,0.0,-0.035549365,-0.016078759,-0.0029993139,-0.04035527,-0.47339243,-0.009148898,-0.7471365,-0.2213978
W0000286,-0.005193596,0.0,-0.035985157,0.0018078337,0.034899786,0.006343524,-0.0019906806,-0.015360277,-0.046625625,-0.91666055,-3.5180688,0.052816674,0.024750669,-0.018639974,-0.014416139,0.0,-0.027471712,-0.010884961,0.0,0.0,-0.015557149,-0.004518023,-0.010242557,-0.007219096,-0.011827726,-0.07191257,0.0,-0.10518904,-0.02181326,0.015112135,-0.016258009,0.0,-0.004910699,-0.08828197,-0.03895516,-0.17672667,0.0,0.0009484194,0.0,0.0,-0.003941606,-0.005509551,0.2993207,0.066020966,0.0,0.0,0.0029631113,0.016012156,0.35566002,0.0,0.0,0.0,-0.007291176,-0.022041893,0.0042117094,-0.013316866,0.0,0.0,0.0,0.0,0.0,0.0,-0.03734523,0.0038219383,-0.17440417,-0.0040095923,0.0,0.0003632445,0.0,0.0,0.0,0.034485914,-0.047059264,-0.052223306,-0.14954862,0.058138475,0.0,0.17032523,0.018964486,0.14814846,-0.0043212133,-0.6285695,-0.015762335,-0.00038644386,-0.016954558,-0.031223856,-0.02152596,0.0025386605,-0.015199687,-0.054684464,0.0003778614,-0.030590596,-0.04980395,0.06426454,-0.3758638,-5.278457e-05,0.0,-0.081643954,0.0,-0.005110531,-0.016078759,0.0019657416,-0.05530135,-0.4464115,-0.009148898,-0.7529162,-0.21634674
W0000287,-0.005193596,0.0,0.0006688796,0.0018007417,-0.03962192,0.007557037,-0.0016075228,0.0275846,-0.05252119,-0.8457946,-3.453535,0.050176702,0.0206886,0.06044604,0.017009752,0.0,0.028852962,0.010904469,0.0,0.0,-0.047443993,-0.004518023,0.012787521,-0.006744347,-0.020637821,-0.02147906,0.0,-0.058482297,-0.02181326,0.030297369,-0.016258009,0.0,-0.004910699,0.058410674,-0.03895516,0.051329963,0.0,0.0006124293,0.0,0.0,-0.0023350685,0.0022701065,0.3427707,0.06913594,0.0,0.0,0.0031697473,-0.019258993,-0.5477356,0.0,0.0,0.0,0.003985507,0.004525967,-0.0029132469,-0.0076982863,0.0,0.0,0.0,0.0,0.0,0.0,0.0015602652,0.010216362,0.16436662,0.0019520449,0.0,0.0003632445,0.0,0.0,0.0,0.037966866,0.08311522,-0.060406353,-0.040583134,-0.05800499,0.0,0.17826787,-0.039260507,0.14814846,-0.004685431,-0.5302957,0.02033493,-0.00038644386,-0.014233638,-0.0016187923,-0.03683887,-0.004520991,0.00441828,-0.0070162006,0.0003778614,0.035655692,-0.05796489,-0.09997337,-0.4163889,-5.278457e-05,0.0,-0.07961147,0.0,-0.02219723,0.020698454,0.0021913787,-0.05442435,-0.40566802,-0.009148898,-0.8087982,-0.18085742
W0000288,-0.005193596,0.0,0.003783389,0.002701738,0.037736677,-0.09311477,-0.009324895,0.01848666,-0.00380144,-0.86400956,-3.7219954,-0.0075088833,-0.012311743,0.059115455,0.014705296,0.0,0.01904458,0.010904469,0.0,0.0,-0.015000172,-0.004518023,0.013957295,-0.014588696,-0.021364573,-0.029125499,0.0,0.025815276,-0.02181326,-0.09722199,-0.016258009,0.0,-0.004910699,-0.046143346,-0.033904977,0.04587716,0.0,0.0006124293,0.0,0.0,0.0025798192,-0.0068245563,-0.4225167,-0.11843255,0.0,0.0,0.0036023776,-0.011138969,0.37815583,0.0,0.0,0.0,0.0020804543,-0.00903951,-0.0071581313,0.020647243,0.0,0.0,0.0,0.0,0.0,0.0,0.06532767,0.017670471,0.1646071,0.003377371,0.0,0.0003632445,0.0,0.0,0.0,0.03534676,-0.05268158,-0.065602474,-0.094158754,-0.05428697,0.0,0.17768958,-0.08111895,-0.15654358,-0.009626291,0.3175048,0.0007121358,-0.00038644386,-0.0073717684,0.023978895,-0.063811444,0.0025156173,0.005126871,-0.03520281,0.00093730603,0.027511783,0.034250937,-0.11509274,0.36892372,-0.022793908,0.0,0.06313899,0.0,-0.034659427,-0.025540344,0.0019287223,-0.026481416,-0.39979059,-0.009148898,-0.75844395,0.05112712
W0000289,-0.005193596,0.0,-0.021078832,-0.002141759,0.053597435,0.009839252,-0.00090897223,-0.025565486,-0.050157834,-0.88057315,-3.8016262,0.052615076,0.016158152,-0.18400612,-0.015280576,0.0,0.028852962,0.010904469,0.0,0.0,-0.04622591,0.04582795,-0.004982843,0.0021065255,-0.052863114,-0.087452374,0.0,-0.061603792,-0.02181326,-0.065041825,-0.016258009,0.0,-0.004910699,-0.07469209,-0.032714307,-0.17715237,0.0,0.0006124293,0.0,0.0,-0.0039439844,-0.0067900475,0.13748424,0.021794606,0.0,0.0,0.0054422775,-0.019091466,-0.6532217,0.0,0.0,0.0,0.003985507,-0.013149194,-0.00247431,-0.015213969,0.0,0.0,0.0,0.0,0.0,0.0,0.053531595,0.016244967,0.1707552,0.003377371,0.0,0.00056099845,0.0,0.0,0.0,0.04371243,-0.059945315,-0.057144906,-0.09474228,-0.05598609,0.0,0.17067204,-0.055308133,0.13741733,-0.004371414,-0.23079634,-0.00043620565,-0.0021497128,0.008730752,0.031229787,0.057101518,0.0019681072,-0.022368075,-0.09244084,-0.007334222,-0.009647902,0.029940829,0.1403818,-0.101332605,0.005894364,0.0,-0.0093462635,0.0,0.022845354,-0.016078759,-0.018754136,0.049074173,-0.41121492,-0.009148898,0.14653663,0.05597695
W0000290,-0.005193596,0.0,0.0006688796,-0.018399091,0.04031404,-0.048866432,-0.019472152,0.018185448,-0.018427527,-0.8221039,-3.1662056,0.0595166,0.01821844,0.06567012,0.015505506,0.0,0.01904458,0.010904469,0.0,0.0,0.010335175,-0.004518023,-0.015709344,-0.021260915,-0.008887105,-0.08405269,0.0,0.02728789,-0.02181326,-0.098792195,-0.016258009,0.0,-0.004910699,-0.04533893,-0.040926676,-0.16681083,0.0,0.0009484194,0.0,0.0,-0.003941606,-0.009236959,-0.37864867,-0.08340211,0.0,0.0,0.0026417947,0.016152237,-0.6196931,0.0,0.0,0.0,0.0020804543,0.005973419,-0.0071581313,-0.008437777,0.0,0.0,0.0,0.0,0.0,0.0,-0.030342307,0.010216362,0.15337484,0.003377371,0.0,0.0003632445,0.0,0.0,0.0,-0.027740099,-0.062079072,-0.05761889,-0.110972025,0.05346087,0.0,0.17397603,-0.014575104,0.14518557,-0.0013969879,-0.6140404,-0.012700345,-0.0010022561,-0.021948554,-0.014543164,-0.031285025,0.0014787507,0.0047061723,-0.03179331,0.00057699945,-0.03046313,-0.0583387,0.054634854,0.2892173,-0.002744033,0.0,-0.0712205,0.0,0.00994833,-0.016078759,-0.013024451,-0.048703805,-0.4721954,-0.009148898,-0.6991873,-0.21985622
W0000291,-0.0015967066,0.0,-0.015558877,-0.0006398733,-0.10058454,0.026675692,0.012847333,0.01639825,-0.0766086,0.37685922,1.956857,-0.0035769967,-0.059581265,-0.027042225,-0.016727282,0.0,-0.028997699,-0.010884961,0.0,0.0,0.054506294,-0.01766783,0.0009217416,0.012418347,0.045343228,0.107690305,0.0,0.035223585,-0.02181326,-0.13505167,-0.016258009,0.0,-0.0014661357,-0.09285876,-0.030622762,-0.16585034,0.0,-0.037309382,0.0,0.0,-0.009978283,0.0075859367,0.39089727,-0.123781815,0.0,0.0,-0.11966592,-0.011224009,-1.1440461,0.0,0.0,0.0,0.00968484,-0.027179956,0.008628185,0.0013514387,0.0,0.0,0.0,0.0,0.0,0.0,-0.03884663,-0.032023966,-0.032969773,-0.0069798674,0.0,0.0016667963,0.0,0.0,0.0,-0.04790754,-0.10530176,0.034987774,-0.1906749,0.089363195,0.0,-0.16660705,0.06381551,-0.19454357,-0.014214487,0.36820367,0.018859103,-0.0020473734,-0.036112696,-0.036623843,0.010286027,0.0029191384,-0.048057005,-0.0788041,0.0009225488,0.037302777,-0.034210306,-0.1369814,-0.6328016,0.000767326,0.0,-0.0812881,0.0,-0.05224467,-0.032830574,-0.004768999,0.04028187,-0.5132548,-0.002720084,0.20532578,0.034376804
W0000292,-0.005193596,0.0,-0.030230567,0.0012402661,0.04505769,0.0068918485,-0.0016075228,-0.014894136,-0.01328022,-0.77110827,-3.123698,0.054366976,0.02554847,-0.18753123,-0.015280576,0.0,-0.025312264,-0.010884961,0.0,0.0,-0.047443993,-0.013354607,-0.0105872555,-0.006744347,0.011007456,-0.093897305,0.0,-0.056426965,-0.02181326,-0.072938174,-0.016258009,0.0,-0.004910699,-0.06973484,-0.03895516,-0.17346552,0.0,-0.013227961,0.0,0.0,-0.0039439844,-0.009236959,0.26564085,-0.06081209,0.0,0.0,0.0034466144,-0.008490303,-0.7182023,0.0,0.0,0.0,-0.007291176,0.004525967,0.0042117094,-0.008368065,0.0,0.0,0.0,0.0,0.0,0.0,-0.036196228,0.011458234,-0.14948425,0.0019520449,0.0,0.0003632445,0.0,0.0,0.0,-0.027740099,-0.065098524,-0.049738742,-0.16816263,-0.054924183,0.0,-0.1676554,-0.07061087,-0.17005458,-0.004685431,0.26111442,-0.012700345,-0.0010022561,-0.009608816,-0.0028885226,-0.041638713,-0.004520991,0.00441828,-0.022077207,0.0005174588,0.035655692,-0.043061476,-0.115651555,-0.40639642,-0.017196286,0.0,-0.050463133,0.0,-0.005110531,-0.035245765,-0.0029993139,-0.05099695,-0.47489524,-0.009148898,-0.83600694,-0.20156318
W0000293,-0.005193596,0.0,-0.013984721,-0.028993282,0.043728307,-0.08551929,-0.037216216,-0.025646828,-0.05389296,-0.8973758,-4.078496,0.054366976,0.028268255,0.057501614,0.015505506,0.0,-0.015858386,-0.010884961,0.0,0.0,0.006190894,-0.013354607,-0.00065679196,0.0021065255,0.011663551,-0.0782701,0.0,-0.062977225,-0.02181326,-0.07696039,-0.016258009,0.0,-0.004910699,-0.05749689,-0.032714307,-0.17471263,0.0,0.0009484194,0.0,0.0,-0.009978283,-0.02280538,-0.10460184,-0.03605804,0.0,0.0,0.0050406232,0.0053260894,-0.53815866,0.0,0.0,0.0,-0.007291176,-0.01517302,0.004650646,-0.007839902,0.0,0.0,0.0,0.0,0.0,0.0,-0.036196228,-0.03713095,-0.15212181,-0.0040095923,0.0,0.00056099845,0.0,0.0,0.0,0.03860841,-0.06723228,0.035277445,-0.13536802,0.06605148,0.0,0.17111208,0.037994772,-0.17005458,-0.0042095445,0.28996742,-0.00043620565,-0.00038644386,-0.030756779,-0.035961084,-0.05003044,0.0019681072,0.005766479,-0.01741928,0.0005174588,0.035655692,-0.04065431,-0.10015018,-0.36874276,0.0053460044,0.0,0.068218954,0.0,-0.011537781,-0.035245765,0.0025204332,-0.04386483,-0.47412983,-0.009148898,0.14224431,0.055615634
W0000294,-0.005193596,0.0,-0.0832279,-0.0078349225,-0.09402017,0.015019696,0.0026025195,0.00048114778,-0.081678286,-0.020595912,-0.40130156,-0.04107245,-0.063777484,0.03473993,-0.016727282,0.0,-0.015068833,-0.010884961,0.0,0.0,0.010165792,-0.013354607,-0.026053226,-0.0036380696,-0.011258207,0.1121431,0.0,-0.09960334,-0.014569342,-0.13158396,-0.016258009,0.0,-0.004910699,-0.044651628,0.08035095,-0.16681083,0.0,0.00064800854,0.0,0.0,-0.0039439844,0.0030725633,-0.55836093,-0.16162634,0.0,0.0,0.005440823,-0.049717873,-0.8241885,0.0,0.0,0.0,-0.0060421485,-0.030426553,0.019132175,0.005570014,0.0,0.0,0.0,0.0,0.0,0.0,-0.03884663,-0.029465904,-0.17396665,-0.0069798674,0.0,-0.006774679,0.0,0.0,0.0,-0.03227664,-0.10530176,-0.013911561,-0.16335458,0.04152161,0.0,-0.17110527,-0.044292547,-0.18670851,-0.01728354,-0.32206464,-0.010545675,-0.0020473734,-0.0630324,0.0032815244,-0.09266935,0.0019554426,0.007855232,-0.082543924,0.00057,-0.0017585903,0.0024914187,-0.13436627,-0.6073895,-0.022793908,0.0,-0.08684458,0.0,-0.04302557,0.020698454,0.0037637358,-0.06942873,-0.65379786,-0.002720084,-1.3330766,-0.27265286
W0000295,-0.005193596,0.0,-0.06454931,-0.0096361125,0.057600856,0.013806505,-0.0016075228,0.0010533738,-0.08505221,-0.9054145,-0.42017677,0.0595166,0.017502006,-0.04591193,-0.02378431,0.0,-0.020208191,-0.010884961,0.0,0.0,-0.057731807,-0.004518023,-0.025744773,-0.030381557,-0.011258207,0.10115492,0.0,-0.059453674,-0.02181326,-0.11369546,-0.016258009,0.0,-0.004910699,0.05892305,-0.069392495,-0.16354968,0.0,0.0009484194,0.0,0.0,-0.0039439844,-0.0068245563,-0.49050412,-0.12195717,0.0,0.0,0.005440823,-0.0141254645,-0.8619999,0.0,0.0,0.0,0.0033027628,0.0052506593,-0.01846855,-0.007319142,0.0,0.0,0.0,0.0,0.0,0.0,-0.033787936,0.011458234,-0.15212181,0.0019520449,0.0,0.0003632445,0.0,0.0,0.0,0.04276274,0.10613427,-0.063101195,-0.18824163,-0.058893137,0.0,-0.16883692,-0.09979863,0.11385753,-0.017176626,0.2965557,-0.017454183,-0.0020473734,-0.06357804,-0.0033135214,-0.0673958,-0.011653665,0.0061239386,-0.03400489,0.00057,-0.001631124,-0.05563012,-0.09742664,-0.56526667,-0.022793908,0.0,0.076611586,0.0,-0.04302557,0.020698454,-0.025708027,-0.10579018,-0.5734857,-0.009148898,-1.2709386,-0.36242706
W0000296,-0.005193596,0.0,-0.034559038,0.0023414535,0.047471784,0.006393931,-0.0037525361,0.007664439,-0.05687674,-0.8753163,-3.3850543,0.06016452,0.018725727,0.050008744,-0.014773394,0.0,-0.020208191,-0.010884961,0.0,0.0,-0.013504954,-0.004518023,-0.016017798,-0.021260915,-0.011843072,0.0746703,0.0,-0.05417929,-0.014569342,-0.10379848,-0.016258009,0.0,-0.004910699,-0.07253214,0.06342879,0.042616006,0.0,0.00064800854,0.0,0.0,0.0015274035,0.0022701065,-0.3975167,-0.09195037,0.0,0.0,-0.024406955,-0.02190766,0.3274225,0.0,0.0,0.0,0.0020804543,0.0064144908,-0.0071581313,0.011777031,0.0,0.0,0.0,0.0,0.0,0.0,-0.04616248,0.010600343,-0.1593671,0.003377371,0.0,-0.006774679,0.0,0.0,0.0,-0.023934359,-0.0071504544,-0.052380867,-0.020434603,-0.057275884,0.0,-0.16737024,-0.040163547,-0.164164,-0.0015058166,-0.60686386,-0.015762335,-0.00038644386,-0.03788637,0.023989534,-0.08849676,-0.008748383,-0.011422291,-0.030570611,-0.004514899,-0.03046313,-0.04297116,-0.10210721,0.39677024,-0.002744033,0.0,-0.0600759,0.0,-0.026347041,-0.016078759,0.0019287223,-0.041555766,-0.48337206,-0.009148898,-0.75477934,-0.21003677
W0000297,-0.005193596,0.0,-0.017017167,-0.00060170505,-0.0650032,0.014623492,-0.00012831762,-0.0037779026,-0.07927659,-0.9138487,-3.7914238,-0.041826386,-0.015556688,0.006209395,0.006763044,0.0,-0.015691405,-0.010884961,0.0,0.0,-0.054227203,-0.013354607,-0.006094396,0.0016317765,0.007232661,-0.07432145,0.0,-0.09900665,-0.02181326,-0.052215345,-0.016258009,0.0,-0.004910699,-0.076814555,-0.033169895,-0.15487354,0.0,0.0009484194,0.0,0.0,-0.009978283,0.004673285,-0.38288945,0.014767211,0.0,0.0,-0.021444157,-0.007337549,-0.64055616,0.0,0.0,0.0,-0.0038060301,-0.009133046,0.00798496,-0.0080102645,0.0,0.0,0.0,0.0,0.0,0.0,-0.042403925,-0.0054861456,-0.12835154,-0.0040095923,0.0,0.00056099845,0.0,0.0,0.0,-0.027131531,-0.06723228,-0.060089935,0.1643208,-0.068625785,0.0,-0.15450083,0.027656686,-0.17005458,-0.004516081,0.30113384,-0.00043620565,0.00060491834,-0.009212833,0.026192212,-0.048263054,0.0017564306,-0.013924409,0.029400496,0.0005174588,-0.0342741,-0.03535087,-0.10295801,-0.4433913,0.0026547555,0.0,-0.10410601,0.0,-0.082552224,-0.016078759,-0.01442818,-0.05015512,0.41066316,-0.009148898,0.12473362,0.041291773
W0000298,-0.005193596,0.0,-0.029156458,-0.0019685552,-0.064089015,0.011202746,-0.0016251784,-0.014913065,-0.04652331,-0.7200352,-3.5471535,-0.07071723,-0.017214041,0.052807137,0.017009752,0.0,-0.025486521,-0.010884961,0.0,0.0,-0.054227203,-0.013354607,-0.011595988,0.0016317765,0.011130143,-0.093897305,0.0,-0.10223298,-0.02181326,0.018770235,-0.016258009,0.0,-0.004910699,-0.077827886,-0.03193346,-0.17346552,0.0,0.0009484194,0.0,0.0,-0.009978283,-0.009236959,0.3032844,0.06565831,0.0,0.0,0.004989218,-0.008900815,-0.74325037,0.0,0.0,0.0,-0.007291176,-0.00977154,0.0042117094,0.011693997,0.0,0.0,0.0,0.0,0.0,0.0,-0.031137533,-0.0046977308,-0.17440417,-0.0040095923,0.0,-0.006774679,0.0,0.0,0.0,-0.012064063,0.002299089,0.034475844,-0.0810471,0.05346087,0.0,-0.15970334,0.03464625,0.13051146,-0.0043212133,0.28216648,-0.0061032195,-0.0010022561,-0.025022611,-0.019714303,-0.008771785,-0.003235363,0.00441828,-0.0069953725,-0.004049004,-0.0017585903,-0.04980395,-0.0047863424,-0.4674048,0.0053460044,0.0,0.07175042,0.0,-0.024919894,-0.025540344,0.0019657416,-0.053996637,-0.43506286,-0.009148898,-0.85354483,0.04897806
W0000299,-0.0015967066,0.0,0.012210858,-0.07673644,0.049623996,-0.1302888,-0.06444359,-0.0133778015,0.058059603,0.44554746,2.6040819,-0.1302472,0.006894213,0.12768543,0.014999724,0.0,-0.02764781,0.010904469,0.0,0.0,-0.014917521,0.004638333,-0.0028422372,-0.033537336,0.018816918,-0.07975314,0.0,0.06357687,-0.014569342,0.13686647,-0.010347058,0.0,-0.0014661357,-0.03794749,0.044559628,0.03992003,0.0,0.0026750115,0.0,0.0,-0.0039439844,-0.02280538,0.4618045,0.18448153,0.0,0.0,0.010421901,-0.023254672,0.6088828,0.0,0.0,0.0,-0.017717667,-0.046666175,-0.002682825,0.0019041277,0.0,0.0,0.0,0.0,0.0,0.0,-0.024816878,0.017670471,-0.19069287,0.009046914,0.0,0.0016667963,0.0,0.0,0.0,-0.01666718,-0.058893308,0.04592073,0.14392099,0.05677843,0.0,0.19725639,-0.118291534,-0.1697573,-0.0018325537,0.42090458,-0.002205656,-0.0005672409,-0.009128616,0.016225696,-0.045863274,0.0077347625,0.016936267,-0.0041630324,-0.020784438,0.011872672,-0.037482217,-0.1145661,0.43214393,-0.021478033,0.0,-0.07800025,0.0,-0.022650335,0.01600558,0.007734093,-0.036799543,-0.40327916,-0.002720084,0.26228598,-0.014732916
W0000300,-0.0015967066,0.0,0.0005002809,-0.006362603,0.06540899,0.033336997,0.011423895,-0.057819404,-0.074726924,0.38928175,1.3623823,-0.12860996,-0.13531667,-0.19599847,-0.016727282,0.0,0.02933638,0.010904469,0.0,0.0,-0.06713192,0.00070057716,-0.0055165067,0.0053063612,-0.10627533,0.107690305,0.0,-0.19958498,-0.014569342,0.10967111,-0.016258009,0.0,-0.0014661357,0.07041024,0.06010734,-0.17471263,0.0,0.0026750115,0.0,0.0,-0.0039439844,0.004673285,0.4489661,0.119245596,0.0,0.0,0.013510516,-0.025435798,-1.3095092,0.0,0.0,0.0,0.00968484,-0.053211622,-0.002682825,-0.022468735,0.0,0.0,0.0,0.0,0.0,0.0,0.06579312,0.011458234,0.16975005,0.003398105,0.0,0.0016667963,0.0,0.0,0.0,-0.014891306,-0.10014855,-0.03754039,0.17140421,-0.08177318,0.0,-0.16269325,-0.12059527,0.09603906,-0.045972906,0.32827267,0.00018322514,-0.0020473734,0.010222011,0.018950757,-0.052189562,0.004392674,0.011751497,0.004107266,-0.0072187465,-0.011143547,-0.05284976,0.15667397,-0.6891316,-0.020021312,0.0,-0.08993207,0.0,-0.041305978,-0.016078759,-0.048126917,-0.051834535,-0.44869068,-0.002720084,0.22661579,0.0680946
W0000301,-0.005193596,0.0,-0.0055265464,0.0013706924,0.04347185,0.016140329,-0.0009393161,-0.03627405,-0.013537102,-0.89869267,-3.6030786,0.057921782,0.029718127,0.019224707,0.017009752,0.0,0.01904458,0.010904469,0.0,0.0,-0.056844108,-0.0055564484,-0.004982843,0.0021065255,-0.008231009,-0.09041022,0.0,0.034167126,0.019999173,-0.07569826,-0.016258009,0.0,-0.004910699,0.05874917,0.04583888,0.16474268,0.0,0.0006124293,0.0,0.0,0.0025798192,0.004673285,-0.4219412,-0.07854009,0.0,0.0,-0.023611277,-0.00083916425,-0.7696302,0.0,0.0,0.0,0.0020804543,-0.015837569,-0.006987485,0.00708084,0.0,0.0,0.0,0.0,0.0,0.0,0.06398136,0.016244967,0.14708345,0.0019520449,0.0,-0.010462886,0.0,0.0,0.0,0.042374697,0.08311522,-0.057615783,0.18421096,-0.06515381,0.0,0.18015386,-0.070071355,-0.16564378,-0.011506522,0.24577035,-0.006143297,-0.0021497128,0.0182022,-0.027057007,0.08873772,-0.010891898,-0.021718068,-0.023687257,0.0005174588,0.027511783,-0.05602185,-0.13012393,-0.4235846,0.0026547555,0.0,0.07374302,0.0,-0.03282059,0.020698454,-0.018843718,-0.03457005,-0.4141096,-0.009148898,0.11664721,0.03744755
W0000302,-0.005193596,0.0,-0.029156458,-0.002592119,-0.05403578,0.011202746,-0.003438442,-0.014546253,-0.07055401,-0.7920833,-3.6479192,0.050333783,0.013571558,0.06118042,0.015505506,0.0,-0.025312264,-0.010884961,0.0,0.0,-0.044730693,-0.013354607,-0.011816551,-0.006744347,0.0056897425,-0.093897305,0.0,0.029791815,-0.02181326,0.04047407,-0.016258009,0.0,-0.004910699,-0.07253214,-0.03895516,-0.17346552,0.0,0.0009484194,0.0,0.0,-0.0039439844,-0.009236959,0.30178893,0.06210353,0.0,0.0,0.0034466144,-0.007694668,-0.71959573,0.0,0.0,0.0,-0.007291176,0.0043680486,-0.0029132469,-0.008285031,0.0,0.0,0.0,0.0,0.0,0.0,-0.039954785,-0.0054861456,-0.18164946,0.003377371,0.0,0.0003632445,0.0,0.0,0.0,0.032862842,-0.06723228,0.034159422,-0.06622003,0.064924605,0.0,-0.15970334,-0.07085903,-0.164164,-0.005232773,0.27045125,-0.01626535,-0.0010022561,0.0073400885,-0.0017264234,-0.031751435,0.0014297778,0.0053385003,-0.008947161,-0.004514899,0.035655692,-0.04259735,-0.11393977,0.34729707,-0.02010266,0.0,0.07128749,0.0,-0.007908323,-0.016078759,0.0021913787,-0.037835125,-0.4795009,-0.009148898,-0.8613517,-0.24496809
W0000303,-0.005193596,0.0,-0.034559038,-0.004281667,0.03424684,0.01040785,-0.0016075228,-0.005287679,-0.070345886,-0.9230905,-3.2280257,0.06271779,0.020964287,-0.01948877,-0.014416139,0.0,-0.015068833,-0.010884961,0.0,0.0,-0.016218254,-0.013354607,-0.011595988,-0.007219096,0.008903742,-0.075510435,0.0,-0.09823193,-0.02181326,-0.07036006,-0.016258009,0.0,-0.004910699,-0.046143346,-0.03895516,-0.17672667,0.0,0.0009484194,0.0,0.0,-0.003941606,-0.009236959,-0.27970082,-0.043255314,0.0,0.0,0.0029631113,-0.02190766,0.34638852,0.0,0.0,0.0,-0.0038060301,0.0060071647,0.008060851,0.020730278,0.0,0.0,0.0,0.0,0.0,0.0,-0.031137533,0.010600343,-0.15212181,0.0019520449,0.0,0.0003632445,0.0,0.0,0.0,-0.025547964,-0.052212473,-0.017521095,-0.17371541,-0.050723102,0.0,-0.16174087,0.019655917,0.13051146,-0.0047923448,-0.640597,-0.020536523,-0.00038644386,0.009509966,-0.023669658,-0.0658806,-0.00858568,0.00441828,0.018782485,-0.0029566854,-0.0017585903,-0.043061476,-0.11221797,-0.3762945,-0.015052976,0.0,0.07752393,0.0,-0.04302557,0.020698454,-0.0029993139,-0.06153557,-0.48621193,-0.009148898,-0.772249,-0.21022163
W0000304,-0.005193596,0.0,0.0018240106,-0.017152755,0.04326313,-0.076592356,-0.017728884,-0.0015685698,-0.046625625,-0.908003,-3.860904,0.050824612,0.017572299,0.051455937,0.014705296,0.0,-0.027471712,-0.010884961,0.0,0.0,-0.013504954,-0.004518023,-0.015709344,0.0038378052,0.009466838,0.045019187,0.0,0.03483593,-0.02181326,0.032735072,-0.016258009,0.0,-0.004910699,-0.07253214,-0.03895516,-0.17672667,0.0,0.0009484194,0.0,0.0,-0.0023350685,-0.009236959,0.2842611,0.0753084,0.0,0.0,-0.010747241,0.016060434,0.35727173,0.0,0.0,0.0,-0.007291176,0.0071352506,-0.0029132469,0.020577531,0.0,0.0,0.0,0.0,0.0,0.0,-0.024134612,0.011641865,-0.17010662,0.003377371,0.0,0.0003632445,0.0,0.0,0.0,-0.017068373,-0.05268158,-0.052223306,-0.0037253872,0.057661954,0.0,0.1774134,-0.041232154,0.13541216,-0.0056811315,-0.61768067,-0.0107190125,-0.00038644386,0.0010594509,0.026533447,-0.05490255,0.0025386605,0.0047061723,-0.008432177,0.00057699945,-0.001631124,-0.04980395,-0.09035339,0.40879333,-5.278457e-05,0.0,-0.07774147,0.0,0.0035338532,-0.016078759,-0.012987432,-0.044983163,-0.45429727,-0.009148898,-0.7991441,-0.21655454
W0000305,-0.005193596,0.0,-0.013984721,-0.0034803753,-0.057002667,0.011416056,-0.0037525361,0.0017206143,-0.07280432,-0.8231281,-3.4112,0.060077816,0.016669054,0.062263243,0.015505506,0.0,-0.015068833,0.010904469,0.0,0.0,-0.044730693,-0.004518023,-0.006943335,-0.007219096,-0.053127915,0.08251189,0.0,-0.092947334,-0.02181326,-0.09718005,-0.016258009,0.0,-0.004910699,-0.08310045,-0.044139482,-0.17609881,0.0,-0.013227961,0.0,0.0,-0.0023350685,0.0075859367,-0.33146992,-0.04992723,0.0,0.0,0.003824304,-0.019258993,-0.6211265,0.0,0.0,0.0,-0.0038060301,-0.011085953,-0.006987485,-0.0076966425,0.0,0.0,0.0,0.0,0.0,0.0,-0.029193308,0.010216362,-0.1593671,0.003377371,0.0,0.00056099845,0.0,0.0,0.0,0.03860841,-0.06723228,-0.049738742,-0.118703686,0.07043659,0.0,0.17720151,-0.05903686,-0.164164,-0.0016127307,-0.60654473,-0.01749426,-0.0010022561,-0.000100295525,-0.013391929,0.057714164,-0.003562016,-0.021371912,-0.0153156705,0.00057699945,0.035528224,-0.03789402,-0.121351056,0.3260175,-0.002744033,0.0,-0.0650538,0.0,-0.024266701,-0.016078759,-0.0023180214,-0.04035527,-0.51219636,-0.009148898,-0.11323765,-0.23140104
W0000306,-0.005193596,0.0,-0.029178884,-0.0018234059,-0.032479547,0.005537587,-0.0034046895,-0.014196873,-0.070751846,-0.73685545,-3.453267,-0.003775495,-0.0026471354,0.020479893,-0.015280576,0.0,-0.027471712,-0.010884961,0.0,0.0,0.00768611,-0.013354607,-0.015273453,-0.006744347,0.009768339,-0.090868145,0.0,0.03411183,-0.02181326,-0.086133316,-0.016258009,0.0,-0.004910699,0.058410674,-0.03895516,-0.16460323,0.0,-0.013227961,0.0,0.0,-0.0039439844,0.0030725633,0.17834447,-0.037878796,0.0,0.0,-0.019863281,-0.008900815,-0.6751817,0.0,0.0,0.0,-0.007291176,-0.01387714,0.0042117094,-0.008520553,0.0,0.0,0.0,0.0,0.0,0.0,-0.039954785,-0.013151189,-0.1593671,-0.0069372794,0.0,0.0003632445,0.0,0.0,0.0,0.04371243,-0.065098524,0.034159422,-0.086409904,0.058140974,0.0,0.17004831,-0.07831714,-0.17298895,-0.0010346852,0.27312732,-0.017971454,-0.0010022561,-0.02390981,-0.0031720889,-0.038902517,0.0014297778,-0.010092994,-0.028127316,0.00057699945,0.035655692,-0.043061476,-0.119759,0.33928186,0.0021426994,0.0,-0.074859366,0.0,-0.016553747,-0.016078759,-0.0032443535,0.024697548,-0.5277973,-0.009148898,-0.8517975,-0.2327914
W0000307,-0.005193596,0.0,-0.01806885,-0.03063011,0.04337962,-0.095328815,-0.014197272,0.00090866024,-0.079324335,-0.84230244,-4.023338,0.054052576,0.013812346,0.067747876,-0.015280576,0.0,-0.015068833,-0.010884961,0.0,0.0,-0.037429024,-0.013354607,-0.0076099965,0.0016317765,0.006258531,0.089327544,0.0,-0.099203795,-0.02181326,-0.09844218,-0.016258009,0.0,-0.004910699,0.05874917,-0.037117783,-0.16479678,0.0,0.0009484194,0.0,0.0,-0.009978283,-0.02280538,-0.37041688,0.057035293,0.0,0.0,0.0050406232,-0.007505075,-0.6811322,0.0,0.0,0.0,-0.0038060301,-0.014157264,0.00798496,0.020668365,0.0,0.0,0.0,0.0,0.0,0.0,-0.039954785,-0.029465904,-0.17010662,-0.0069372794,0.0,0.00056099845,0.0,0.0,0.0,-0.018552173,-0.065098524,0.08094713,-0.11322179,0.07000548,0.0,-0.159914,0.0028129164,-0.164164,-0.0016127307,0.29211602,-0.006336812,-0.0010022561,-0.04573834,-0.0310378,-0.012723619,0.0017569095,-0.027483257,-0.020992339,0.00093730603,0.035528224,-0.0389176,-0.13129741,0.46755868,-0.022793908,0.0,0.008571771,0.0,-0.054992415,-0.025540344,-0.0028430545,-0.036122862,-0.47298828,-0.009148898,0.030853406,0.06469742
W0000308,-0.005193596,0.0,-0.034559038,-0.004281667,0.042086378,0.006035506,-0.0034046895,0.01848666,-0.05531137,-0.92387205,-3.6725278,0.062156573,0.011096091,0.05606483,0.014705296,0.0,0.01904458,0.010904469,0.0,0.0,0.0016574492,-0.004518023,0.013957295,0.0038378052,0.008959813,-0.029125499,0.0,0.032376,-0.02181326,-0.094016954,-0.016258009,0.0,-0.004910699,-0.046143346,-0.040926676,0.07675401,0.0,0.0006124293,0.0,0.0,0.0025798192,-0.009236959,-0.384859,-0.11463383,0.0,0.0,0.0032769656,0.006500143,0.36709684,0.0,0.0,0.0,0.0020804543,0.0070210667,-0.0071581313,-0.007576673,0.0,0.0,0.0,0.0,0.0,0.0,0.06532767,0.02087244,0.15337484,0.003377371,0.0,0.0003632445,0.0,0.0,0.0,-0.025547964,-0.05268158,-0.06573772,-0.1812366,0.057661954,0.0,0.17873429,-0.08640281,-0.1575335,-0.009155159,0.30402237,0.018107796,-0.00038644386,-0.007276087,-0.004280976,0.011104085,0.002375957,0.0053385003,-0.03102018,0.00057699945,0.027511783,-0.0583387,-0.11652928,0.30612808,-0.014277047,0.0,-0.0782654,0.0,-0.034659427,-0.016078759,0.0019287223,-0.041555766,-0.42142135,-0.009148898,-0.839754,-0.18293804
W0000309,-0.005193596,0.0,-0.030230567,-0.0022467787,-0.042498842,0.01174505,-0.0016251784,0.00798825,-0.07107222,-0.8535751,-3.1141908,0.0595166,0.0206886,0.005892114,-0.016905561,0.0,-0.020208191,-0.010884961,0.0,0.0,-0.044730693,-0.004518023,0.012787521,-0.006744347,0.011130143,0.0746703,0.0,0.026753299,-0.02181326,-0.07265131,-0.016258009,0.0,-0.004910699,-0.045182608,-0.040926676,-0.16681083,0.0,0.0006124293,0.0,0.0,-0.0039439844,0.0022701065,-0.3412153,-0.036391005,0.0,0.0,0.003731879,-0.016304627,-0.51374114,0.0,0.0,0.0,0.0020804543,0.0046551325,-0.0071581313,0.020494755,0.0,0.0,0.0,0.0,0.0,0.0,-0.030539613,0.011458234,-0.15212181,0.0019520449,0.0,0.0003632445,0.0,0.0,0.0,-0.027740099,0.072660446,-0.05268377,-0.14118221,-0.06147697,0.0,-0.07693975,-0.047037356,-0.17005458,-0.0042142994,-0.2841655,0.02033493,-0.00038644386,-0.00040431786,-0.014064082,-0.0666022,-0.003562016,-0.0110132145,-0.03428846,0.0003778614,0.035655692,-0.043588754,0.007403979,-0.38189068,0.0026547555,0.0,0.0721655,0.0,-0.04030291,-0.016078759,-0.0020341892,-0.05099695,-0.50167894,-0.009148898,-0.7861653,-0.21348697
W0000310,-0.005193596,0.0,-0.007789295,-0.019475443,0.040821344,-0.074834764,-0.009376304,0.0005893032,-0.06969845,-0.83425784,-3.2496796,0.060077816,0.009314988,0.0610596,-0.015280576,0.0,-0.015068833,-0.010884961,0.0,0.0,-0.044730693,-0.013354607,-0.011816551,-0.007219096,0.00022060284,0.090474665,0.0,-0.096971065,-0.02181326,-0.08453849,-0.016258009,0.0,-0.004910699,0.058410674,-0.032250986,-0.16354968,0.0,0.0009484194,0.0,0.0,-0.009978283,-0.009236959,-0.35156444,-0.09093116,0.0,0.0,-0.025090795,-0.007694668,-0.6804011,0.0,0.0,0.0,-0.0038060301,0.004525967,-0.0071581313,-0.012908684,0.0,0.0,0.0,0.0,0.0,0.0,-0.034896087,-0.032023966,-0.1593671,0.003377371,0.0,0.0003632445,0.0,0.0,0.0,-0.027740099,-0.065098524,-0.044457477,-0.11687885,0.05346087,0.0,-0.15751512,-0.0014844332,0.13640206,-0.0053396868,0.2808605,0.020057678,-0.0010022561,-0.04620417,-0.00941116,-0.00804417,0.0014787507,-0.00876217,-0.02685247,0.00057699945,0.035528224,-0.037803706,-0.11797379,0.32425976,-0.022793908,0.0,0.005911083,0.0,-0.026014002,-0.035245765,0.0016836827,-0.047503307,-0.5232068,-0.009148898,-0.74777967,-0.1943824
W0000311,-0.005193596,0.0,-0.021078832,-0.0030072448,-0.06405507,0.0073399525,-0.00047508534,0.008140121,-0.017879628,-0.83566076,-3.2268035,0.060077816,0.024426296,-0.19269747,-0.016905561,0.0,-0.015068833,-0.010884961,0.0,0.0,-0.047443993,-0.004518023,-0.006402849,-0.008038367,-0.020914003,0.08251189,0.0,-0.1005882,-0.02181326,-0.066995084,-0.016258009,0.0,-0.004910699,0.05885233,-0.044139482,-0.16723652,0.0,0.00064800854,0.0,0.0,-0.0023350685,-0.0067900475,-0.3921714,-0.06286135,0.0,0.0,-0.022530217,-0.019258993,-0.61367446,0.0,0.0,0.0,-0.0038060301,0.0046215537,-0.006987485,-0.016431294,0.0,0.0,0.0,0.0,0.0,0.0,-0.03734523,-0.026135102,-0.16228569,0.0019520449,0.0,0.00056099845,0.0,0.0,0.0,-0.027740099,0.005542364,-0.057461325,-0.15631607,-0.059458066,0.0,-0.16393243,-0.057311937,0.15523581,-0.0047923448,-0.57485044,-0.012416667,-0.0010022561,-0.036292218,0.025407813,-0.03164953,-0.003562016,0.00048796227,-0.08423684,0.0003778614,-0.030590596,0.021274664,0.011644723,-0.4022825,-0.002744033,0.0,-0.101007715,0.0,-0.082552224,-0.035245765,0.0026100148,0.048405193,-0.5097908,-0.009148898,-0.00196453,-0.19001485
W0000312,-0.005193596,0.0,0.003907549,-0.01693762,0.052617535,-0.074238025,-0.0271286,0.008390445,-0.04579199,-0.8788383,-3.3738604,0.062156573,0.02067633,-0.1636067,-0.014416139,0.0,-0.020208191,-0.010884961,0.0,0.0,-0.0010558497,-0.004518023,-0.010242557,-0.021260915,-0.00954724,-0.01736801,0.0,-0.0024641585,-0.02181326,-0.06590508,-0.016258009,0.0,-0.004910699,0.057553113,-0.040926676,0.15578687,0.0,0.0009484194,0.0,0.0,-0.003941606,0.0022701065,-0.3811527,-0.07773314,0.0,0.0,0.0026874421,-0.0152542265,0.34386873,0.0,0.0,0.0,0.0020804543,0.007428392,-0.0071581313,-0.007851033,0.0,0.0,0.0,0.0,0.0,0.0,-0.025480919,0.013802314,0.12528983,0.0019520449,0.0,0.0003632445,0.0,0.0,0.0,-0.025547964,-0.052212473,-0.04303785,-0.16037416,-0.057275884,0.0,-0.16518201,0.020084089,0.14814846,-0.004576602,-0.5924238,-0.015762335,-0.00038644386,-0.03837453,-0.022482207,0.07341768,0.0025386605,-0.0016027135,0.018232215,0.0003778614,0.035655692,-0.037803706,-0.10727452,-0.36467856,-0.0065361145,0.0,-0.09894654,0.0,-0.02321621,-0.016078759,-0.013024451,-0.052290924,-0.45397052,-0.009148898,-0.6812089,-0.20219514
W0000313,-0.005193596,0.0,-0.006283275,0.00082514016,-0.009336395,-0.069577076,-0.021506954,-0.00308064,-0.043200973,-0.8743972,-3.6871102,0.060077816,0.026912522,-0.19835484,-0.015280576,0.0,-0.015068833,-0.010884961,0.0,0.0,-0.044730693,-0.013354607,-0.024175758,0.0021065255,0.006332574,0.092940286,0.0,0.03764291,-0.02181326,-0.075004965,-0.016258009,0.0,-0.004910699,-0.04666242,-0.037117783,-0.16479678,0.0,-0.009038018,0.0,0.0,-0.0039439844,-0.02280538,-0.40250936,-0.021443887,0.0,0.0,-0.02703749,-0.008322776,-0.74744457,0.0,0.0,0.0,-0.0038060301,0.0051644617,0.00798496,-0.007503223,0.0,0.0,0.0,0.0,0.0,0.0,-0.036196228,0.011458234,-0.14948425,0.0019520449,0.0,0.00056099845,0.0,0.0,0.0,-0.007656233,-0.065098524,0.034475844,-0.10618526,0.05458775,0.0,-0.16632876,-0.073873974,-0.1732642,-0.004371414,0.27798897,-0.012416667,-0.0010022561,-0.027808532,-0.016192224,-0.03278331,-0.004194338,0.0059771,-0.029404024,0.0005174588,0.035655692,-0.04065431,-0.13361616,-0.39593825,-0.014277047,0.0,0.06563516,0.0,-0.03282059,-0.035245765,0.0025204332,-0.04676454,-0.5040378,-0.009148898,0.12445035,-0.040473666
W0000314,-0.005193596,0.0,0.003783389,-0.01693762,0.04812473,0.006583103,-0.003387034,0.00047549838,-0.07139928,-0.85524887,-3.2169454,-0.044704713,-0.00757409,0.0351662,0.014705296,0.0,-0.015691405,-0.010884961,0.0,0.0,-0.013504954,-0.004518023,-0.012567392,-0.006744347,-0.00954724,-0.072481275,0.0,-0.05679264,-0.014569342,-0.10205434,-0.016258009,0.0,-0.004910699,-0.08298621,0.06342879,-0.16681083,0.0,0.00064800854,0.0,0.0,0.0025782639,-0.009236959,-0.3979575,-0.1269319,0.0,0.0,0.0027137797,-0.02190766,0.3351199,0.0,0.0,0.0,-0.0038060301,-0.00903951,-0.0071581313,0.020577531,0.0,0.0,0.0,0.0,0.0,0.0,-0.035401005,0.010600343,-0.17216852,0.003377371,0.0,0.0003632445,0.0,0.0,0.0,-0.025547964,-0.05268158,0.03500636,-0.18467644,0.057661954,0.0,-0.16737024,-0.014635574,-0.164164,-0.0015058166,-0.642027,-0.0107190125,-0.00038644386,-0.03788637,-0.023669658,-0.091026425,0.002375957,-0.0048662224,-0.031086251,0.00057699945,-0.03046313,0.015150379,-0.11284785,0.32555515,-0.015052976,0.0,-0.093399525,0.0,-0.035549365,-0.035245765,0.0019287223,-0.041555766,-0.49029475,-0.009148898,-0.7220603,-0.21118239
W0000315,-0.0015967066,0.0,-0.015638094,0.0039946456,-0.02843978,0.021692272,0.0009832445,0.020348659,0.081721865,0.31448752,1.9582431,-0.19207403,-0.10378661,-0.34839967,-0.02378431,0.0,-0.014842044,-0.010884961,0.0,0.0,-0.044563368,0.004638333,-0.0028422372,-0.023506533,0.03356328,-0.13567951,0.0,0.056333587,-0.02181326,-0.1642337,-0.010347058,0.0,-0.0014661357,0.063364975,-0.0794171,-0.140659,0.0,0.0026750115,0.0,0.0,-0.009978283,-0.014049161,-0.6233105,-0.20222136,0.0,0.0,-0.084538445,-0.008004814,-0.99745613,0.0,0.0,0.0,-0.0060421485,-0.010897066,-0.018059753,-0.022468735,0.0,0.0,0.0,0.0,0.0,0.0,-0.058380395,-0.0054861456,-0.17176339,-0.018582787,0.0,0.0006143799,0.0,0.0,0.0,-0.057086006,-0.069814496,0.03903102,-0.21737985,-0.07448941,0.0,-0.17472325,0.024555786,-0.17759237,-0.03209897,0.22265413,0.018222712,-0.0020473734,-0.029506352,0.012349693,-0.09556809,0.0024444468,-0.041660026,-0.1365152,-0.020784438,-0.04131248,0.022442784,-0.1541743,0.5987529,-0.012270652,0.0,-0.1879696,0.0,-0.052957892,-0.014220053,-0.049292896,0.030658584,-0.5733886,-0.002720084,0.19241019,-0.454815
W0000316,-0.005193596,0.0,-0.019674225,-0.0038313072,-0.037647516,0.010409888,-0.002784596,-0.02489525,-0.05809031,-0.99892837,-4.311437,0.055490352,0.015805718,-0.15805742,-0.0058877137,0.0,-0.015068833,-0.010884961,0.0,0.0,-0.009271099,-0.013354607,-0.0065986365,0.0021065255,0.012719028,-0.090361685,0.0,0.035212807,-0.02181326,0.01785651,-0.016258009,0.0,-0.004910699,-0.076086715,-0.032714307,0.07484815,0.0,0.0009484194,0.0,0.0,0.006526944,0.0075859367,-0.1726516,-0.06412602,0.0,0.0,-0.047919836,-0.009307382,0.38942105,0.0,0.0,0.0,-0.0038060301,0.0066456595,0.008499788,-0.007503223,0.0,0.0,0.0,0.0,0.0,0.0,-0.041103784,-0.003272228,-0.12221974,0.003377371,0.0,0.00056099845,0.0,0.0,0.0,-0.023934359,-0.047059264,-0.017204676,-0.083372355,0.063173935,0.0,-0.17294559,0.041063122,0.1456835,-0.0065264786,0.25957963,-0.028309532,0.00060491834,-0.050440244,-0.019703725,-0.06661188,0.0023263802,-0.024924073,0.027598737,0.00093730603,-0.03046313,-0.04645513,0.03301643,0.34695852,0.0053460044,0.0,-0.09985468,0.0,0.014443991,-0.016078759,-0.005866262,-0.042400822,0.3655065,-0.009148898,0.18882915,-0.038308166
W0000317,-0.005193596,0.0,-0.03326206,-0.01693762,-0.06230482,-0.07365349,-0.0271286,-0.01617223,-0.06070089,-0.91863275,-3.7589252,0.052973755,0.02040064,-0.06490037,-0.014416139,0.0,-0.025312264,-0.010884961,0.0,0.0,-0.016218254,-0.013354607,-0.011595988,-0.0026584785,0.011797411,-0.07191257,0.0,-0.05843106,-0.014569342,0.017454378,-0.016258009,0.0,-0.004910699,-0.045182608,0.0654003,0.05459112,0.0,0.0009484194,0.0,0.0,0.006526944,0.0018326865,0.30623823,0.06229502,0.0,0.0,0.003352475,-0.012338171,0.3782115,0.0,0.0,0.0,-0.007291176,0.0062323464,-0.0029132469,-0.005586534,0.0,0.0,0.0,0.0,0.0,0.0,-0.03734523,-0.036649093,-0.17440417,-0.0040095923,0.0,0.0003632445,0.0,0.0,0.0,-0.017068373,-0.047059264,-0.051906887,-0.04472632,0.057690557,0.0,-0.16225325,0.0018813852,0.13051146,-0.004576602,-0.18731207,-0.015762335,0.0003996393,-0.031909388,-0.0020592525,-0.06775386,-0.0058174515,0.004004257,-0.0522745,0.0005174588,-0.03046313,-0.04980395,0.056755982,-0.39861593,0.0053460044,0.0,-0.07499297,0.0,-0.024919894,-0.016078759,0.0019657416,-0.056074418,-0.42346185,-0.009148898,-0.79297966,-0.15937549
W0000318,-0.0015967066,0.0,0.05492731,-0.029500818,-0.0253113,-0.07759282,-0.017340122,0.042643387,-0.04868189,0.41020146,1.2970529,0.068271175,0.0043712184,0.09834178,0.015762225,0.0,0.028852962,0.010904469,0.0,0.0,-0.016412739,0.004638333,0.035212286,0.0065593505,-0.0175739,-0.08047335,0.0,0.029257765,0.031219225,0.14651752,0.028596843,0.0,-0.0014661357,-0.03565193,-0.028203517,0.08546798,0.0,0.0026750115,0.0,0.0,0.006526944,0.0030725633,0.46092147,0.1795544,0.0,0.0,0.010698035,0.010605505,0.46029627,0.0,0.0,0.0,0.00968484,-0.000398661,-0.0044831694,-0.0011144811,0.0,0.0,0.0,0.0,0.0,0.0,0.08101625,0.017670471,0.18727373,0.009046914,0.0,0.00071129086,0.0,0.0,0.0,0.033458903,0.06853287,0.04592073,-0.08484007,0.0694295,0.0,0.1852247,0.001439007,-0.14892039,-0.008962285,0.39628947,-0.0014593927,-0.0005672409,0.015258442,0.009714325,-0.017402707,0.0077347625,-0.028204389,-0.013582099,0.0026562288,-0.009932872,0.049918566,0.15424451,0.6134076,0.005427352,0.0,0.0075266035,0.0,-0.016553747,0.020698454,0.0043129316,0.0049623568,-0.35034266,-0.002720084,-1.2568992,0.11784909
W0000319,-0.005193596,0.0,-0.028104777,-0.0019685552,-0.05565955,0.011945502,-0.0037525361,-0.0002161148,-0.079082474,-0.7360118,-3.5955198,-0.043459393,-0.0036311718,0.060018487,-0.016905561,0.0,-0.015691405,-0.010884961,0.0,0.0,0.00768611,-0.013354607,-0.0122589385,0.0021065255,0.011370178,-0.09415959,0.0,0.028695153,-0.02181326,-0.0864847,-0.016258009,0.0,-0.004910699,0.05937141,-0.033904977,-0.16354968,0.0,0.0009484194,0.0,0.0,-0.0039439844,-0.0068245563,-0.36255932,-0.042085152,0.0,0.0,0.0043462357,-0.007505075,-0.64016974,0.0,0.0,0.0,-0.0038060301,-0.01387714,0.007814314,0.011777031,0.0,0.0,0.0,0.0,0.0,0.0,-0.041103784,-0.029465904,-0.17216852,-0.0069372794,0.0,-0.006774679,0.0,0.0,0.0,0.04371243,0.005542364,-0.018466737,-0.1382826,-0.055998262,0.0,-0.15970334,-0.07588107,0.14518557,-0.0015058166,0.27741265,-0.017971454,-0.0010022561,-0.013353309,0.0242555,-0.039792694,0.0017564306,-0.011422291,-0.002377557,0.00057699945,-0.03046313,0.025584772,0.05759973,0.3317563,0.0026547555,0.0,0.07288344,0.0,-0.035549365,-0.035245765,0.0019287223,-0.05504423,-0.5213183,-0.009148898,-0.7949366,-0.05530586
W0000320,-0.005193596,0.0,0.0153710265,-0.020522065,0.049119517,0.016126502,-0.0009393161,-0.032284833,-0.009527785,-0.913827,-3.5316243,0.054979503,0.010906272,0.049191117,-0.008377135,0.0,0.01904458,0.010904469,0.0,0.0,-0.04622591,0.04582795,0.0054711625,-0.008917251,-0.052219585,-0.08589286,0.0,-0.087323114,0.031219225,-0.06569389,0.028596843,0.0,-0.004910699,-0.07888402,-0.02696196,0.066134185,0.0,0.00057732716,0.0,0.0,0.0025798192,0.004673285,-0.43749076,-0.10733982,0.0,0.0,-0.03510756,-0.00083916425,-0.72713804,0.0,0.0,0.0,0.0020804543,-0.015837569,-0.006987485,0.011917727,0.0,0.0,0.0,0.0,0.0,0.0,0.07529351,0.011458234,0.12421752,0.0019520449,0.0,-0.010462886,0.0,0.0,0.0,0.042374697,-0.04462311,-0.044428337,0.18061438,-0.06515381,0.0,-0.17372335,-0.0677863,-0.15146747,-0.009441614,0.27769244,-0.006143297,-0.0021497128,-0.011981521,0.025407813,-0.04733679,0.0016184108,-0.017847588,-0.020174937,-0.004049004,-0.021162113,0.022166654,0.1627269,-0.36950365,-0.02046812,0.0,0.07816264,0.0,-0.071613535,-0.016078759,-0.018754136,-0.045564048,0.3955048,-0.009148898,0.11221428,0.046259925
W0000321,-0.005193596,0.0,-0.029616904,-0.004135307,0.032812964,0.011333347,-0.0016075228,0.018029343,-0.05765716,-0.9068117,-3.3764582,-0.0075088833,-0.026898578,0.031480473,-0.014416139,0.0,0.01904458,0.010904469,0.0,0.0,-0.016218254,-0.004518023,-0.0147342,0.0021065255,-0.011403348,-0.075510435,0.0,0.034607865,0.031219225,-0.08521423,0.028596843,0.0,-0.004910699,-0.04531169,-0.030909847,0.16700378,0.0,-0.009038018,0.0,0.0,0.0025782639,-0.009236959,-0.40607065,-0.14165741,0.0,0.0,-0.027669925,-0.02190766,0.266197,0.0,0.0,0.0,0.0020804543,-0.009446837,-0.006987485,-0.012690645,0.0,0.0,0.0,0.0,0.0,0.0,0.07529351,0.010600343,0.14708345,0.0019520449,0.0,0.00056099845,0.0,0.0,0.0,-0.027740099,-0.047059264,0.035141602,-0.17017584,0.05346087,0.0,-0.16622998,-0.06347571,-0.1546771,-0.004685431,-0.68188083,-0.010103827,-0.00038644386,0.026502125,-0.025215311,-0.0989605,0.0025156173,-0.01912433,-0.033888172,0.0003778614,-0.020960055,-0.058429018,0.15423423,-0.4011089,-0.00041824486,0.0,0.07736195,0.0,0.01206027,-0.016078759,-0.003057518,-0.03880246,-0.43756112,-0.009148898,-0.49372438,-0.038336962
W0000322,-0.005193596,0.0,-0.030761834,-0.0014649766,-0.06230482,0.0059077805,-0.0016075228,-0.00033645565,-0.02688064,-0.8623196,-3.317954,0.06271779,0.026068028,-0.17092022,-0.014416139,0.0,-0.015068833,-0.010884961,0.0,0.0,-0.012843851,-0.013354607,-0.011595988,-0.006744347,0.013399251,-0.07983698,0.0,0.026087025,-0.02181326,-0.0791915,-0.016258009,0.0,-0.004910699,-0.047000907,-0.032250986,0.04587716,0.0,0.0009484194,0.0,0.0,-0.0039439844,0.0030725633,-0.33536682,-0.07244347,0.0,0.0,-0.019863281,-0.008665432,0.35355633,0.0,0.0,0.0,-0.0038060301,-0.016940145,0.007814314,-0.0079338085,0.0,0.0,0.0,0.0,0.0,0.0,-0.036196228,-0.036649093,-0.14948425,-0.0040095923,0.0,0.0003632445,0.0,0.0,0.0,-0.027131531,-0.052212473,-0.052223306,-0.11747634,0.054669,0.0,-0.15971905,-0.078518584,-0.17005458,-0.004685431,0.29764614,0.01749261,-0.00038644386,-0.004900164,0.023933312,-0.056314245,-0.0061441045,-0.0110132145,-0.030834205,0.0003778614,0.035655692,-0.04297116,-0.11184646,-0.36468422,-0.014277047,0.0,0.00044591073,0.0,-0.04302557,-0.035245765,0.0016836827,-0.05099695,-0.50383466,-0.009148898,-0.8004361,-0.21854782
W0000323,-0.005193596,0.0,-0.021078832,-0.0030072448,-0.060173992,0.013477789,-0.00015866151,-0.025087167,-0.086281195,-0.91026473,-3.7419112,0.03374146,0.021657042,0.04341813,0.015505506,0.0,-0.025312264,-0.010884961,0.0,0.0,-0.044730693,-0.004518023,-0.006094396,-0.007219096,-0.052863114,0.08781478,0.0,-0.10529798,-0.02181326,0.014617461,-0.016258009,0.0,-0.004910699,0.0597099,-0.039736006,-0.17471263,0.0,0.0009484194,0.0,0.0,-0.0039439844,-0.009182955,0.3283949,0.05837584,0.0,0.0,0.0045426562,0.005305917,-0.71485204,0.0,0.0,0.0,-0.007291176,-0.0128621105,-0.00247431,-0.008966327,0.0,0.0,0.0,0.0,0.0,0.0,-0.03734523,0.011458234,-0.18720561,0.0019520449,0.0,0.00056099845,0.0,0.0,0.0,-0.020874113,-0.062079072,-0.049880255,-0.1539515,-0.05493151,0.0,-0.16647,-0.07808214,0.13821803,-0.0034929616,0.2827097,-0.012416667,-0.0010022561,-0.025013473,0.032353263,-0.028161895,-0.010200041,0.006212593,-0.093860164,0.0005174588,-0.030590596,0.021648474,0.1553676,-0.42346248,0.005894364,0.0,0.0768053,0.0,-0.05224467,-0.035245765,0.0028726715,-0.04484467,-0.41582808,-0.009148898,0.16480601,-0.21054946
W0000324,-0.0015967066,0.0,-0.03420866,-0.0013806489,0.05119916,0.0316901,0.0055589164,-0.021495422,0.08248411,0.4551249,2.4558308,-0.16121727,-0.056387965,0.022380102,-0.0155579,0.0,-0.025248786,-0.010884961,0.0,0.0,-0.014957901,-0.01766783,0.00097216817,0.012418347,0.008998222,0.06510003,0.0,-0.07886701,-0.02181326,0.083464846,-0.010347058,0.0,-0.0014661357,0.06660653,-0.030622762,-0.15057485,0.0,0.0026750115,0.0,0.0,-0.009978283,0.0075859367,0.40492046,0.1718494,0.0,0.0,-0.09162158,-0.0017411918,0.5338237,0.0,0.0,0.0,-0.017717667,-0.042142235,0.008628185,-0.022468735,0.0,0.0,0.0,0.0,0.0,0.0,-0.052172698,-0.036649093,-0.19069287,-0.018582787,0.0,0.0006143799,0.0,0.0,0.0,-0.02267664,0.07796062,0.04592073,-0.15673336,-0.047221523,0.0,-0.1715329,0.064639345,0.08989334,0.0038240189,0.41772085,-0.0057603745,-0.0005672409,-0.06708318,0.015092782,-0.013220251,-0.021115573,0.018069161,-0.0047319075,0.0026562288,0.02376316,-0.05467839,-0.109957695,0.48502696,0.0039706314,0.0,0.0891608,0.0,-0.024684863,-0.032830574,-0.0039432603,0.035431433,-0.4288063,-0.002720084,0.21288507,0.0933573
W0000325,-0.005193596,0.0,-0.034559038,-0.0044968026,0.045926243,0.010716596,-0.0016075228,-0.004475725,-0.055584345,-0.9183284,-3.5136485,0.05843263,0.017576568,0.01606064,-0.014773394,0.0,-0.015068833,-0.010884961,0.0,0.0,-0.016218254,-0.004518023,-0.0035027675,-0.006744347,0.008903742,0.07820581,0.0,0.027077826,-0.02181326,-0.07439986,-0.016258009,0.0,-0.004910699,-0.07253214,-0.03473755,0.08546798,0.0,0.0009484194,0.0,0.0,0.006526944,-0.009236959,-0.2232816,-0.08713946,0.0,0.0,0.00356223,-0.011138969,0.3831215,0.0,0.0,0.0,-0.0038060301,0.0060071647,-0.0069115944,-0.0079338085,0.0,0.0,0.0,0.0,0.0,0.0,-0.036196228,0.016874123,-0.15212181,0.0019520449,0.0,0.0003632445,0.0,0.0,0.0,-0.025547964,-0.0071504544,-0.052380867,-0.20521206,0.057661954,0.0,-0.1661338,0.031250615,-0.17005458,-0.004685431,0.28800675,-0.0107190125,-0.00038644386,-0.008427507,-0.021241669,0.038938534,-0.008748383,-0.00921032,-0.035071205,0.0003778614,0.035655692,-0.044798184,-0.11276438,-0.38250414,-0.02010266,0.0,0.072718784,0.0,-0.035315517,0.020698454,0.0014713162,-0.05099695,-0.48748946,-0.009148898,-0.82591575,-0.20640922
W0000326,-0.005193596,0.0,-0.03183594,-0.0044968026,-0.07495014,0.0068918485,-0.0016075228,-0.01617223,-0.07147442,-0.96171224,-3.7629082,0.052973755,0.025050446,-0.017586153,-0.014773394,0.0,-0.025312264,-0.010884961,0.0,0.0,-0.016218254,-0.013354607,-0.011595988,0.0021065255,0.011797411,0.045019187,0.0,0.026907532,-0.02181326,0.0248847,-0.016258009,0.0,-0.004910699,-0.046143346,-0.03193346,-0.17672667,0.0,0.0009484194,0.0,0.0,-0.0023350685,-0.009236959,0.30041617,0.07449428,0.0,0.0,0.0037973304,-0.02190766,0.36356676,0.0,0.0,0.0,-0.007291176,0.0060071647,0.0042117094,0.020730278,0.0,0.0,0.0,0.0,0.0,0.0,-0.042403925,-0.041149214,-0.18720561,0.0019520449,0.0,0.0003632445,0.0,0.0,0.0,-0.017068373,0.07458013,-0.017204676,0.017509937,0.057661954,0.0,-0.1622592,-0.044048153,-0.17005458,-0.004685431,-0.5973004,-0.015762335,-0.00038644386,-0.016778199,0.026866276,-0.027619723,-0.0058174515,0.00441828,-0.0076881917,-0.0029566854,-0.03046313,0.025958583,-0.09330173,-0.38876686,-0.012361728,0.0,-0.0049057435,0.0,-0.024919894,-0.035245765,0.0021913787,-0.04727631,-0.4414324,-0.009148898,-0.79510933,-0.033383787
W0000327,-0.005193596,0.0,-0.06454931,-0.0052167373,-0.080537945,0.012166883,-0.0016075228,0.00048114778,-0.06420374,-0.85786104,-0.9039028,0.060077816,0.030337077,0.06263778,0.01684472,0.0,-0.015068833,-0.010884961,0.0,0.0,-0.055018507,-0.013354607,-0.026053226,-0.03201076,0.009544678,-0.06039329,0.0,-0.075697646,-0.02181326,-0.122383624,-0.016258009,0.0,-0.004910699,-0.04563097,-0.069392495,0.07675401,0.0,0.00064800854,0.0,0.0,0.0025798192,0.0030725633,-0.4486431,-0.15353748,0.0,0.0,-0.037919246,-0.0141254645,-0.863811,0.0,0.0,0.0,-0.0060421485,0.0052506593,-0.01846855,0.005570014,0.0,0.0,0.0,0.0,0.0,0.0,-0.03884663,0.011458234,-0.17216852,0.003377371,0.0,-0.006774679,0.0,0.0,0.0,-0.038796462,-0.1145683,-0.018676996,-0.14424515,0.04152161,0.0,-0.1661257,-0.09809332,-0.18670851,-0.017176626,0.29551592,-0.012423094,-0.0020473734,0.012889446,0.024526076,-0.0673958,-0.01069469,0.0069316383,-0.06793594,-0.008395349,-0.001631124,0.039599735,-0.110044196,-0.23974486,0.0026547555,0.0,0.075155385,0.0,-0.04302557,-0.035245765,0.0037637358,-0.056027636,-0.5694025,-0.009148898,-1.136865,-0.32792592
W0000328,-0.005193596,0.0,-0.07047032,0.0031401145,0.067506276,-0.08332234,-0.0017368491,-0.0009543076,-0.069309935,-1.103136,-0.38014734,0.06271779,0.025129676,0.009277721,0.014999724,0.0,-0.015068833,-0.010884961,0.0,0.0,-0.013462683,-0.013354607,-0.024391342,0.0019843124,0.019093506,-0.03141819,0.0,0.03997417,-0.02181326,-0.1546584,-0.016258009,0.0,-0.004910699,-0.04563097,-0.039501756,-0.16354968,0.0,0.0009484194,0.0,0.0,-0.0039439844,0.0030725633,-0.46014673,-0.10316,0.0,0.0,-0.051449157,-0.0098796,0.45378715,0.0,0.0,0.0,-0.0060421485,-0.05674043,0.019132175,-0.01767429,0.0,0.0,0.0,0.0,0.0,0.0,-0.03884663,-0.036649093,-0.15212181,-0.0040095923,0.0,0.0003632445,0.0,0.0,0.0,0.012646047,-0.058223985,0.03927585,0.15264893,0.059033334,0.0,-0.16859287,-0.10191132,-0.19965363,-0.02284458,0.34719118,-0.0107190125,-0.0005672409,-0.07039233,-0.004208782,-0.08141966,0.00452956,0.0064438507,-0.107862644,0.0009225488,0.035655692,-0.055873,-0.018321104,-0.44803807,-0.014277047,0.0,0.0090047205,0.0,-0.02321621,-0.016078759,-0.00540278,-0.07290144,-0.4448422,-0.009148898,-1.250999,-0.034813274
W0000329,-0.005193596,0.0,-0.03171178,-0.017731598,0.02900638,-0.07651206,-0.009342551,-0.01617223,-0.06862967,-1.0116149,-3.8015788,0.05292306,0.012843905,-0.008916944,-0.0058877137,0.0,-0.025312264,-0.010884961,0.0,0.0,0.011128915,-0.013354607,-0.0122589385,0.0016317765,0.013198879,-0.07701776,0.0,-0.098743066,-0.02181326,0.018161763,-0.016258009,0.0,-0.004910699,-0.0449296,-0.03193346,-0.1668034,0.0,0.0009484194,0.0,0.0,-0.003941606,-0.009236959,0.27777314,0.06923564,0.0,0.0,0.0035811216,-0.016248168,0.29672784,0.0,0.0,0.0,-0.007291176,-0.02289694,0.0042117094,-0.014395172,0.0,0.0,0.0,0.0,0.0,0.0,-0.04616248,-0.03076023,-0.15107857,-0.0069372794,0.0,0.0003632445,0.0,0.0,0.0,-0.018681977,-0.047059264,0.03573791,-0.11971241,0.057661954,0.0,-0.1627838,0.020531695,-0.15319732,-0.0063611018,-0.64431894,0.0006319508,0.00060491834,-0.01726636,-0.028635226,-0.07255118,0.0028653136,0.004728173,-0.0074252896,-0.007334222,-0.033581786,0.017956924,0.14410682,0.36802107,0.00049557444,0.0,-0.099567756,0.0,-0.017443685,-0.016078759,-0.0065475544,-0.037407413,0.35204646,-0.009148898,-0.7684893,0.06412743
W0000330,-0.0015967066,0.0,-0.017933583,0.0069478704,0.04493156,0.026637707,0.0052970583,0.04405473,0.08458332,0.4170717,2.4605613,-0.14006284,-0.105255686,0.1704687,0.023377407,0.0,0.028676864,0.010904469,0.0,0.0,0.019254217,0.004638333,0.0014859184,0.012418347,0.0181299,0.08603884,0.0,0.060207613,-0.014569342,0.06170296,-0.010347058,0.0,-0.0014661357,0.07041024,0.038425766,0.1530909,0.0,0.0026750115,0.0,0.0,0.006526944,0.0075859367,0.46926123,0.0027554445,0.0,0.0,-0.13001968,-0.0057342467,-0.85572135,0.0,0.0,0.0,0.00968484,0.015248541,-0.002682825,0.0033516898,0.0,0.0,0.0,0.0,0.0,0.0,-0.031024575,0.011458234,0.18727373,0.009046914,0.0,0.0016667963,0.0,0.0,0.0,-0.057086006,0.10572855,0.040918946,-0.106507435,-0.06255959,0.0,-0.18113801,0.06968501,-0.15879062,0.0027477816,0.39058852,0.0014422392,-0.00746914,0.007744604,0.01891128,-0.07243479,0.004392674,0.016936792,0.040959373,0.0026562288,-0.04131248,0.03276161,0.18076956,0.6548864,0.005427352,0.0,-0.06323309,0.0,-0.022650335,-0.014220053,-0.048126917,-0.029181022,-0.25179118,-0.002720084,0.25118276,0.09029437
W0000331,-0.005193596,0.0,-0.020903306,-0.028793577,0.05589357,-0.077061675,-0.021506954,-0.035779804,-0.06638278,-0.9767799,-3.8951812,0.05292306,0.021329321,-0.15083149,-0.0058877137,0.0,-0.025312264,-0.010884961,0.0,0.0,-0.024957268,-0.013354607,-0.006094396,-0.016730877,0.0123662,0.053133395,0.0,0.023502462,-0.02181326,-0.062318884,-0.016258009,0.0,-0.004910699,0.058729902,-0.032714307,-0.17609139,0.0,0.0009484194,0.0,0.0,-0.003941606,-0.0067900475,0.21776934,0.059460785,0.0,0.0,0.004135933,-0.019266596,0.3160197,0.0,0.0,0.0,-0.007291176,-0.019056063,-0.0042277295,-0.009810047,0.0,0.0,0.0,0.0,0.0,0.0,-0.042403925,-0.03076023,-0.114328414,-0.0040095923,0.0,0.00056099845,0.0,0.0,0.0,-0.018681977,-0.052212473,-0.06557433,-0.17412362,-0.055256985,0.0,-0.16415215,0.023289543,-0.17005458,-0.004371414,-0.67956793,-0.008549634,-0.00058494485,-0.017603949,-0.040008776,-0.06945088,-0.019010246,-0.023529146,-0.06747274,0.0005174588,-0.03046313,0.0059894607,-0.10414827,-0.42568043,-0.009455353,0.0,-0.10865295,0.0,-0.05224467,-0.016078759,0.0020849817,-0.053104967,0.7462554,0.07134915,0.12636358,0.040502302
W0000332,-0.005193596,0.0,0.003783389,-0.014950728,0.029754037,0.0072482913,-0.009324895,0.00044675404,-0.0040404424,-0.92806536,-3.2534993,0.062156573,0.017572299,0.049058944,0.014705296,0.0,-0.020208191,0.010904469,0.0,0.0,-0.013504954,-0.004518023,-0.012567392,-0.006744347,-0.021420643,0.07968998,0.0,-0.054131575,-0.014569342,-0.09884931,-0.016258009,0.0,-0.004910699,-0.08038595,0.06342879,0.07349286,0.0,0.00064800854,0.0,0.0,-0.0023350685,0.0030725633,-0.38986287,-0.069228575,0.0,0.0,0.002804188,-0.02190766,0.33716607,0.0,0.0,0.0,-0.0038060301,-0.00903951,-0.0071581313,0.013971457,0.0,0.0,0.0,0.0,0.0,0.0,-0.029193308,0.013802314,-0.1593671,0.003377371,0.0,-0.006774679,0.0,0.0,0.0,-0.025547964,-0.05268158,-0.052223306,-0.15252984,-0.049514975,0.0,-0.16006826,-0.05878385,-0.164164,-0.009626291,-0.6687982,-0.0107190125,-0.00038644386,-0.029442804,-0.023669658,-0.0161109,-0.00858568,0.0050270604,-0.029568449,-0.004514899,-0.0017582532,-0.04297116,-0.11284785,0.32726562,-0.015052976,0.0,-0.086107664,0.0,-0.035549365,-0.016078759,0.0019287223,-0.041555766,-0.47168753,-0.009148898,-0.7300757,-0.224242
W0000333,0.08293642,0.0,0.0153710265,-0.024392305,-0.06980577,-0.07244483,-0.037216216,-0.035926163,0.0017197691,-0.92537576,-3.3446755,0.054979503,0.029106978,0.049749456,0.008267291,0.0,0.01904458,0.010904469,0.0,0.0,-0.056844108,0.04582795,0.0046117846,0.0021065255,-0.020005677,-0.07860724,0.0,0.027970444,0.031219225,-0.06277294,-0.016258009,0.0,-0.004910699,0.059255853,-0.030909847,0.05483216,0.0,0.0006124293,0.0,0.0,0.0015274035,0.004673285,-0.4117723,-0.0722208,0.0,0.0,-0.02787962,-0.016307205,-0.6001575,0.0,0.0,0.0,0.0020804543,-0.015837569,-0.006987485,0.011917727,0.0,0.0,0.0,0.0,0.0,0.0,0.06398136,0.010216362,0.12421752,0.0019520449,0.0,-0.010462886,0.0,0.0,0.0,0.04371243,0.08311522,-0.05748364,-0.15669005,-0.06515381,0.0,0.17448172,-0.04466869,-0.16564378,-0.012330018,-0.59519815,-0.00043620565,-0.0021497128,0.009151723,0.025079928,0.057433385,-0.0035850592,0.005766479,-0.028457878,-0.004049004,0.027511783,0.022166654,-0.10175891,-0.47088662,-0.015052976,0.0,0.08032015,0.0,-0.071613535,-0.016078759,0.0026100148,-0.04676454,0.38006058,-0.009148898,0.09955194,0.036271244
W0000334,-0.005193596,0.0,-0.031656682,-0.019475443,0.04455039,-0.07016792,-0.016998999,0.0010533738,-0.01928308,-0.817302,-3.0646431,0.05548341,0.024403635,-0.03081721,-0.015280576,0.0,-0.020208191,-0.010884961,0.0,0.0,0.007621877,-0.004518023,-0.01055101,-0.006744347,0.011022802,0.08245996,0.0,0.026565384,-0.014569342,-0.07215376,-0.016258009,0.0,-0.004910699,-0.046299666,0.06342879,-0.16681083,0.0,0.00064800854,0.0,0.0,-0.003941606,-0.005509551,-0.36955595,0.01860469,0.0,0.0,-0.01178829,0.0159557,-0.5959298,0.0,0.0,0.0,-0.0038060301,0.0057912753,-0.0071581313,-0.009152758,0.0,0.0,0.0,0.0,0.0,0.0,-0.03734523,0.00040271692,-0.17566277,0.0019520449,0.0,0.0003632445,0.0,0.0,0.0,-0.020874113,-0.065098524,-0.049738742,-0.1289777,0.05295521,0.0,-0.15849632,-0.0145943295,0.13051146,-0.0042142994,-0.58969915,-0.017466415,0.0010364789,-0.022177387,-0.027433513,-0.050316516,-0.004520991,0.004004257,-0.04121156,0.0003778614,-0.03046313,0.015150379,-0.115488544,-0.4014071,-0.002744033,0.0,-0.07642541,0.0,-0.02321621,-0.035245765,0.0019287223,-0.064485416,-0.49041417,-0.009148898,-0.6770525,-0.19228248
W0000335,-0.005193596,0.0,-0.0048054624,0.0005628753,0.04178969,-0.073775,-0.017032752,0.0013727313,-0.07665531,-0.8237124,-3.4630744,0.060077816,0.021313578,-0.0014594328,-0.016905561,0.0,-0.015068833,-0.010884961,0.0,0.0,-0.047443993,-0.004518023,-0.012140028,-0.006744347,0.010689955,0.090474665,0.0,0.040201895,-0.02181326,-0.068611726,-0.016258009,0.0,-0.004910699,-0.07219365,-0.044139482,-0.16354968,0.0,0.00064800854,0.0,0.0,-0.0039439844,-0.005509551,-0.36528537,-0.052214995,0.0,0.0,0.003412866,-0.007694668,-0.7243997,0.0,0.0,0.0,-0.0038060301,0.004343823,-0.006987485,-0.016707748,0.0,0.0,0.0,0.0,0.0,0.0,-0.03734523,0.011458234,-0.15212181,0.0019520449,0.0,0.00056099845,0.0,0.0,0.0,0.042374697,-0.04977632,0.034159422,-0.078731015,0.05642719,0.0,-0.16487099,-0.078759015,0.14976287,-0.008412387,0.19214876,-0.01626535,-0.0010022561,-0.01407437,-0.014217238,-0.042969014,-0.004520991,0.005132049,-0.04857015,-0.0029566854,-0.03046313,-0.044798184,-0.10973897,-0.39631405,-0.022793908,0.0,-0.073140025,0.0,-0.024235101,-0.035245765,0.0025204332,-0.064485416,-0.51103765,-0.009148898,-0.42752978,-0.2059417
W0000336,-0.005193596,0.0,0.003783389,0.0024566622,-0.07495014,-0.08806697,-0.015408751,0.018299093,-0.00018552784,-0.87331945,-3.218236,0.062156573,0.028434925,-0.16875726,0.014705296,0.0,-0.020208191,0.010904469,0.0,0.0,-0.025618372,-0.004518023,-0.016406981,0.0021065255,-0.021364573,-0.072481275,0.0,0.022499397,0.031219225,-0.08016758,0.028596843,0.0,-0.004910699,-0.047000907,-0.027697042,0.16700378,0.0,0.00064800854,0.0,0.0,0.0025782639,-0.0068245563,-0.3824572,-0.11027282,0.0,0.0,-0.02520533,-0.02190766,0.2942093,0.0,0.0,0.0,-0.0038060301,-0.00903951,-0.0071581313,0.011693997,0.0,0.0,0.0,0.0,0.0,0.0,-0.025480919,0.0148438355,-0.16228569,0.0019520449,0.0,-0.006774679,0.0,0.0,0.0,-0.027131531,-0.05268158,0.035141602,0.048613403,-0.059470236,0.0,0.17416736,-0.013045106,0.14814846,-0.012805905,-0.6537162,-0.009185559,-0.00038644386,0.010224408,0.023803463,-0.025088571,-0.006167148,-0.013169276,-0.041999057,0.0005174588,-0.0017582532,0.015060063,-0.10601003,-0.41006675,-0.002744033,0.0,0.06640182,0.0,-0.04030291,-0.035245765,-0.0029993139,-0.036112137,-0.43716604,-0.009148898,-0.69473433,0.044196613
W0000337,-0.005193596,0.0,-0.034434877,-0.0022988962,0.048034437,0.006023283,-0.0016589309,0.027236717,-0.07686591,-0.5476407,-3.7089977,0.06467222,-0.0027277246,0.036481008,0.014705296,0.0,0.028852962,-0.010884961,0.0,0.0,0.0126241315,-0.004518023,-0.011595988,-0.0067202495,0.0036420985,-0.07642456,0.0,0.034289982,-0.02181326,0.026955532,-0.016258009,0.0,-0.004910699,0.059390023,-0.03895516,-0.17346552,0.0,0.0009484194,0.0,0.0,-0.0039439844,-0.0068245563,0.3376295,0.06814904,0.0,0.0,-0.0030743796,-0.007869797,0.1643863,0.0,0.0,0.0,0.003985507,-0.017977335,-0.0029132469,-0.008520553,0.0,0.0,0.0,0.0,0.0,0.0,-0.031688616,-0.003272228,0.1818903,-0.0069372794,0.0,0.0003632445,0.0,0.0,0.0,-0.020265544,-0.05268158,-0.017521095,0.14961764,-0.059470236,0.0,-0.16534843,-0.057779633,0.12730184,-0.008412387,0.2997428,-0.011807908,-0.00038644386,-0.031188328,-0.0017264234,-0.038682465,0.0024017747,-0.015544665,-0.008278113,-0.004514899,-0.03046313,0.024190355,-0.11429199,-0.16091913,-0.017196286,0.0,-0.1055309,0.0,-0.024919894,-0.016078759,0.0019463393,-0.05442435,-0.44892317,-0.009148898,-0.88364947,-0.2510795
W0000338,-0.005193596,0.0,-0.029178884,-0.00014390697,-0.06405507,-0.07557709,-0.016998999,-0.00045584282,-0.06713593,-0.7967643,-2.9924364,0.060077816,0.025248531,-0.18108511,-0.015280576,0.0,-0.015068833,-0.010884961,0.0,0.0,-0.035933807,-0.013354607,-0.01055101,-0.006744347,0.012102259,0.08727175,0.0,0.026482297,-0.014569342,-0.06544687,-0.016258009,0.0,-0.004910699,-0.046040177,0.06342879,-0.16681083,0.0,0.00064800854,0.0,0.0,-0.003941606,-0.009236959,-0.33871275,-0.08630181,0.0,0.0,0.0026556156,-0.019669505,-0.59606284,0.0,0.0,0.0,-0.0038060301,-0.014795758,0.007814314,-0.014364039,0.0,0.0,0.0,0.0,0.0,0.0,-0.036196228,-0.023577042,-0.14948425,-0.0040095923,0.0,0.0003632445,0.0,0.0,0.0,-0.025418159,-0.059945315,0.034001864,-0.15170385,0.06887859,0.0,-0.15940326,-0.014108899,-0.17005458,-0.0042142994,-0.55332816,-0.01626535,0.0010364789,-0.036789518,-0.021750277,-0.05926814,-0.0037247194,0.0040052915,0.018159393,-0.0029566854,-0.001631124,-0.043588754,0.007130364,-0.37635174,-0.002744033,0.0,-0.080976665,0.0,0.031503156,-0.016078759,-0.0017891496,-0.057337377,-0.5133879,-0.009148898,-0.72964925,-0.19972058
W0000339,-0.0015967066,0.0,0.0013963226,-0.0772373,0.022630056,0.016488701,-0.05095114,0.017083567,-0.043375842,0.4053726,2.2351494,0.13815877,0.07241612,-0.03974445,-0.007029475,0.0,-0.011496477,-0.010884961,0.0,0.0,-0.0078010857,0.004638333,-0.015111134,-0.056376167,0.04466244,0.05561058,0.0,0.06226424,-0.02181326,-0.060397476,-0.010347058,0.0,-0.0014661357,-0.039304778,-0.0794171,-0.15731327,0.0,0.0026750115,0.0,0.0,-0.003941606,-0.0067900475,-0.35111222,-0.06943676,0.0,0.0,-0.03891016,-0.07973266,0.47799957,0.0,0.0,0.0,-0.0060421485,0.015865559,0.011106843,0.010484029,0.0,0.0,0.0,0.0,0.0,0.0,-0.033787936,0.0058186054,-0.09041059,0.003398105,0.0,0.0016667963,0.0,0.0,0.0,-0.049394682,-0.0037699714,0.04592073,-0.3345737,-0.057267386,0.0,-0.19837843,-0.015133902,0.17012376,-0.03223343,-1.0704144,0.011020099,-0.001044347,0.042186487,-0.027652863,0.116752446,-0.021115573,-0.05905754,-0.12019569,0.0009225488,1.59638e-05,-0.025070084,-0.12438989,-0.41424862,0.006179031,0.0,-0.18036644,0.0,0.051508956,-0.014220053,-0.0015146346,0.05901859,0.79813653,0.021213012,0.2329548,-0.113213934
W0000340,-0.005193596,0.0,0.003783389,-0.01693762,0.047102988,0.0072482913,-0.016981345,-0.00033645565,-0.046043042,-0.89390516,-3.3383021,0.062156573,0.024750669,-0.016991977,-0.014773394,0.0,-0.020208191,-0.010884961,0.0,0.0,-0.016218254,-0.013354607,-0.018795105,-0.006744347,0.011255645,-0.072481275,0.0,-0.0011215257,-0.02181326,-0.08097634,-0.016258009,0.0,-0.004910699,-0.08038595,-0.040926676,-0.16681083,0.0,0.00064800854,0.0,0.0,-0.003941606,-0.009236959,-0.37858,-0.0620555,0.0,0.0,0.0029631113,-0.02190766,0.3504247,0.0,0.0,0.0,-0.0038060301,0.0064144908,-0.0071581313,-0.008437777,0.0,0.0,0.0,0.0,0.0,0.0,-0.03734523,0.0038219383,-0.15212181,0.0019520449,0.0,0.0003632445,0.0,0.0,0.0,0.038893744,0.07458013,-0.017521095,-0.16027747,-0.04974092,0.0,0.17402203,0.019908722,0.14814846,-0.004685431,-0.66184497,-0.015762335,-0.00038644386,-0.029442804,-0.023669658,-0.0161109,-0.00858568,-0.0011842973,-0.030460645,-0.0029566854,-0.03046313,-0.044798184,-0.094172455,-0.3648791,-0.002744033,0.0,0.0030504102,0.0,-0.024235101,-0.035245765,0.0018391407,-0.05814499,-0.48771787,-0.009148898,-0.735264,-0.20134264
W0000341,-0.005193596,0.0,-0.034434877,-0.0023988225,0.043476574,0.0064787213,-0.0019906806,-0.01704874,-0.07945372,-0.8573628,-3.858023,-0.07733696,-0.015970103,0.041494332,0.014705296,0.0,-0.025486521,-0.010884961,0.0,0.0,-0.024957268,-0.013354607,-0.011595988,0.0016317765,0.0090825,-0.0789903,0.0,-0.09853913,-0.014569342,0.022004882,-0.016258009,0.0,-0.004910699,-0.07253214,0.059331346,-0.17346552,0.0,0.0009484194,0.0,0.0,-0.009978283,0.0022701065,0.28766853,0.08242426,0.0,0.0,0.004989218,0.0057027377,0.38474804,0.0,0.0,0.0,-0.007291176,-0.019490326,0.0042117094,-0.007576673,0.0,0.0,0.0,0.0,0.0,0.0,-0.036196228,-0.04431414,-0.17440417,-0.0040095923,0.0,0.0003632445,0.0,0.0,0.0,-0.017068373,-0.05268158,-0.017204676,-0.09920728,-0.057275884,0.0,0.17531918,0.029557656,-0.17005458,-0.010269865,0.30615413,0.0006319508,0.0003996393,-0.03610955,-0.019714303,-0.045336194,0.0028653136,-0.015481096,-0.006305851,0.0005174588,-0.0018331809,-0.04980395,-0.09637583,-0.43528947,-0.02010266,0.0,-0.09915978,0.0,-0.024919894,-0.016078759,-0.011155104,-0.0468486,-0.41621676,-0.009148898,-0.8329188,0.04922562
W0000342,-0.005193596,0.0,0.017256454,-0.027784463,0.047471784,-0.08108977,-0.03325385,0.009576803,-0.01613387,-0.9239998,-3.6239395,0.062156573,0.017940275,-0.16694438,-0.014773394,0.0,-0.020208191,-0.010884961,0.0,0.0,0.0016574492,-0.004518023,-0.0069070896,-0.008038367,-0.020708475,-0.076657556,0.0,-0.09963976,-0.014569342,-0.089579165,-0.016258009,0.0,-0.004910699,0.058520712,0.043744348,-0.17609881,0.0,0.00064800854,0.0,0.0,-0.003941606,0.0030546004,-0.43029594,-0.07942738,0.0,0.0,0.0030838097,0.015181687,0.3254109,0.0,0.0,0.0,0.0020804543,0.007681897,-0.006987485,0.02054346,0.0,0.0,0.0,0.0,0.0,0.0,-0.031688616,0.013802314,-0.047168612,0.003377371,0.0,0.00056099845,0.0,0.0,0.0,-0.025547964,0.06512083,-0.065721676,-0.14207304,0.058852993,0.0,-0.16749936,0.021006338,0.12058102,-0.0073002707,-0.72613704,-0.0185172,0.0003996393,-0.020331424,-0.026990108,0.079077706,-0.015223706,0.005687516,-0.08274777,-0.004514899,-0.030590596,-0.038827285,0.13032618,0.18124434,-0.00041824486,0.0,-0.11814901,0.0,-0.039040647,-0.016078759,-0.018754136,-0.047861975,-0.49706855,-0.009148898,0.10351745,-0.20587687
W0000343,-0.005193596,0.0,0.003783389,-0.017152755,-0.06919944,-0.06281509,-0.0271286,0.008390445,-0.0004585022,-0.8124158,-3.326441,0.06271779,0.026204333,-0.16875726,-0.014773394,0.0,-0.015068833,-0.010884961,0.0,0.0,-0.016218254,-0.004518023,-0.018795105,-0.006744347,-0.021364573,0.0746703,0.0,0.023318265,-0.02181326,-0.058991965,-0.016258009,0.0,-0.004910699,-0.06414501,-0.040926676,0.14140294,0.0,0.00064800854,0.0,0.0,0.0025782639,-0.0068245563,-0.3742653,-0.09534768,0.0,0.0,0.0026417947,0.0170061,0.3417275,0.0,0.0,0.0,-0.0038060301,-0.00831875,-0.0071581313,-0.007851033,0.0,0.0,0.0,0.0,0.0,0.0,-0.03734523,0.013802314,-0.14948425,0.0019520449,0.0,0.0003632445,0.0,0.0,0.0,0.038893744,0.06512083,0.08855641,-0.17657882,-0.05428697,0.0,-0.15748267,-0.013769037,0.15523581,-0.004576602,-0.63465405,-0.0107190125,-0.00038644386,-0.03808732,-0.014543164,0.07341768,-0.006306808,0.00410684,0.020553006,-0.0029566854,-0.03046313,-0.043588754,0.050868645,-0.37019283,-0.002744033,0.0,0.069360755,0.0,-0.024235101,-0.035245765,-0.0017891496,0.033790037,-0.48453906,-0.009148898,-0.69731915,-0.19643734
W0000344,-0.005193596,0.0,-0.034559038,-0.0025140315,-0.06214704,0.007059119,-0.0034046895,-0.015280866,-0.057459317,-0.92613405,-3.633882,0.052973755,0.013222268,0.053130075,0.014705296,0.0,-0.025312264,-0.010884961,0.0,0.0,-0.012843851,-0.004518023,-0.0122589385,-0.01942665,-0.011720385,0.045019187,0.0,-0.09546405,-0.014569342,0.028769702,-0.016258009,0.0,-0.004910699,-0.046299666,0.0654003,0.051329963,0.0,0.0009484194,0.0,0.0,-0.0023350685,-0.009236959,0.3125059,0.07266983,0.0,0.0,-0.024748031,-0.002906477,0.34050947,0.0,0.0,0.0,-0.007291176,-0.019490326,-0.0029132469,-0.0076982863,0.0,0.0,0.0,0.0,0.0,0.0,-0.039954785,0.0038219383,-0.18164946,-0.0069372794,0.0,0.0003632445,0.0,0.0,0.0,-0.018681977,-0.05268158,-0.04303785,-0.16395666,0.057661954,0.0,0.17115554,-0.057899132,-0.164164,-0.0011415993,-0.6663871,-0.0107190125,-0.00038644386,-0.016109928,-0.001940981,-0.02152596,-0.0061441045,0.0053385003,-0.007197937,0.00057699945,-0.0017585903,-0.04259735,-0.10535772,0.34252107,-5.278457e-05,0.0,-0.08743746,0.0,-0.017443685,-0.016078759,0.0021913787,-0.03288246,-0.44526842,-0.009148898,-0.82171947,-0.2084828
W0000345,-0.0015967066,0.0,0.012210858,0.00950863,0.009105768,0.042588223,0.012763364,0.05272571,-0.035372462,0.4412621,2.5083723,0.11197306,0.0676225,-0.07967639,-0.007029475,0.0,-0.024762195,-0.010884961,0.0,0.0,0.0021855016,0.004638333,-0.023994716,-0.033537336,-0.039228905,-0.08258799,0.0,0.026220953,-0.02181326,0.051128786,-0.016258009,0.0,-0.0014661357,-0.036813,-0.028105576,0.14275824,0.0,-0.016019233,0.0,0.0,-0.009978283,0.004673285,0.36489987,0.094815925,0.0,0.0,0.015987318,0.0011656885,0.62714845,0.0,0.0,0.0,-0.017717667,-0.0440387,0.008628185,0.004789417,0.0,0.0,0.0,0.0,0.0,0.0,-0.033787936,0.016874123,-0.09613618,0.003398105,0.0,0.0016667963,0.0,0.0,0.0,0.023518072,-0.04271627,0.039989553,0.18851775,-0.06426145,0.0,-0.07126364,0.026383067,0.16361251,0.003077602,0.43626112,0.009145308,-0.001044347,-0.025817093,0.018950757,0.021288577,0.0067502307,0.016304078,0.040507622,0.0009225488,0.02383789,-0.036055792,0.070842825,-0.4350796,0.000767326,0.0,0.08329076,0.0,-0.041305978,-0.014220053,-0.0039432603,0.036252394,0.7187052,0.021213012,0.260391,0.092178546
W0000346,-0.005193596,0.0,-0.034559038,-0.0044968026,-0.04074859,-0.0953888,-0.016981345,-0.0016479809,-0.06990905,-0.9341937,-3.735098,0.052816674,0.021993686,0.029533073,0.014705296,0.0,-0.027471712,-0.010884961,0.0,0.0,-0.013504954,-0.004518023,-0.01609853,-0.006744347,-0.023593787,0.07820581,0.0,-0.055591553,-0.02181326,0.033532016,-0.016258009,0.0,-0.004910699,0.05937141,-0.03895516,-0.17346552,0.0,0.0009484194,0.0,0.0,0.0025798192,-0.009236959,0.3063712,0.06129144,0.0,0.0,0.0030672103,-0.011138969,0.41208577,0.0,0.0,0.0,0.003985507,0.0060071647,-0.0029132469,-0.0076982863,0.0,0.0,0.0,0.0,0.0,0.0,-0.030539613,0.017670471,-0.17440417,0.0019520449,0.0,0.0003632445,0.0,0.0,0.0,-0.017068373,-0.04752837,-0.04303785,0.06486648,0.057661954,0.0,0.1758561,-0.081492916,-0.17005458,-0.004685431,0.3152206,-0.0107190125,-0.00038644386,-0.031389277,0.026641076,-0.02768756,-0.0061441045,0.004206651,-0.0094242105,0.0003778614,0.035655692,-0.04259735,0.028676962,-0.37321723,0.0021426994,0.0,0.06291628,0.0,-0.02219723,-0.016078759,0.0021913787,-0.04727631,-0.43019208,-0.009148898,-0.8762944,-0.23438244
W0000347,-0.005193596,0.0,-0.08082439,-0.012256363,0.029970888,0.009750079,-0.0016589309,0.009207826,-0.07131297,-1.0008576,-0.8417909,0.057871416,0.019957364,0.03717003,0.015762225,0.0,-0.020208191,0.010904469,0.0,0.0,-0.014917521,-0.004518023,-0.030247314,-0.046527334,-0.031044576,-0.074205264,0.0,0.012385361,-0.02181326,-0.14281182,-0.016258009,0.0,-0.004910699,0.05988378,-0.06430219,-0.17672667,0.0,0.0009484194,0.0,0.0,-0.0023350685,-0.0068245563,-0.35528576,-0.05513239,0.0,0.0,-0.041465394,-0.060492832,0.4033273,0.0,0.0,0.0,0.0033027628,-0.004613932,-0.017877953,0.0049994662,0.0,0.0,0.0,0.0,0.0,0.0,-0.030739248,0.0148438355,-0.058399938,0.003377371,0.0,-0.006774679,0.0,0.0,0.0,-0.026442489,0.06853287,-0.08713572,-0.13861644,-0.057279557,0.0,0.1926978,-0.027835572,0.1565252,-0.020903582,-0.7639723,-0.0107190125,-0.0005672409,-0.036302716,0.026326427,-0.056330618,-0.020791959,-0.015288245,-0.05068984,-0.008395349,-0.03046313,0.039599735,0.050261237,-0.19877942,-5.278457e-05,0.0,-0.08408826,0.0,-0.035315517,-0.035245765,-0.020520864,-0.07604258,-0.5276067,-0.009148898,-1.1710032,-0.3441898
W0000348,-0.0015967066,0.0,-0.03420866,-0.0013806489,-0.07414755,0.038277324,0.005642886,-0.016456768,-0.06865701,0.46345675,2.499871,0.07546346,0.0369891,0.09099543,0.014999724,0.0,-0.028997699,-0.010884961,0.0,0.0,0.013250569,-0.01766783,0.00097216817,-0.029365532,0.03734935,0.06510003,0.0,-0.06910524,-0.02181326,0.113660745,-0.010347058,0.0,-0.0014661357,0.07041024,-0.057996318,-0.17471263,0.0,0.0026750115,0.0,0.0,-0.0039439844,0.0075859367,0.3922423,0.10613046,0.0,0.0,0.010297097,-0.013777513,0.5430932,0.0,0.0,0.0,-0.017717667,-0.035128202,0.008628185,0.0033516898,0.0,0.0,0.0,0.0,0.0,0.0,-0.052172698,-0.054703124,-0.19069287,-0.018582787,0.0,0.0016667963,0.0,0.0,0.0,-0.01666718,-0.053070776,0.044456787,0.16873312,-0.047221523,0.0,0.19517604,-0.11690735,-0.15654081,-0.035803128,0.38224798,-0.002205656,-0.0005672409,-0.025817093,-0.027642228,0.046776734,0.0041216877,-0.010206119,0.002031261,-0.020784438,0.022628807,-0.06907608,0.16214943,0.4084713,0.005427352,0.0,-0.08629142,0.0,-0.024684863,0.01600558,-0.049193345,-0.028757859,-0.4003386,-0.002720084,0.28214896,-0.4764863
W0000349,-0.005193596,0.0,0.003783389,-0.015745504,0.047757216,-0.047654897,-0.019472152,-0.00025704456,-0.046625625,-0.9334739,-3.562318,0.058684595,0.017052416,0.0517878,-0.014416139,0.0,-0.015068833,-0.010884961,0.0,0.0,0.0009882203,-0.013354607,-0.015709344,-0.0026584785,0.011327063,0.07968998,0.0,-0.05841598,-0.02181326,-0.09851232,-0.016258009,0.0,-0.004910699,-0.063131124,-0.040926676,-0.16681083,0.0,0.0009484194,0.0,0.0,-0.003941606,-0.009236959,-0.3528357,0.028252099,0.0,0.0,0.0028252648,0.016208693,0.2701934,0.0,0.0,0.0,-0.0038060301,-0.02289694,0.007814314,-0.008085148,0.0,0.0,0.0,0.0,0.0,0.0,-0.04616248,-0.043145884,-0.17010662,-0.0069372794,0.0,0.0003632445,0.0,0.0,0.0,-0.018552173,-0.047059264,-0.04272143,-0.107327804,0.06887859,0.0,0.1760462,-0.036830664,-0.15319732,-0.0013969879,-0.6289278,-0.015762335,0.0003996393,-0.030312024,-0.027433513,-0.03388125,0.0028653136,0.004464049,-0.03188898,0.00057699945,-0.03046313,-0.044798184,0.14971869,0.3234027,-0.00041824486,0.0,-0.07982994,0.0,-0.026347041,-0.016078759,0.001621266,-0.041555766,-0.4851973,-0.009148898,-0.6988357,-0.18893209
W0000350,-0.005193596,0.0,-0.020027151,-0.0022385318,-0.033189125,0.012735033,-0.00047508534,-0.003690227,-0.086281195,-0.9610324,-4.011703,0.05690042,0.013206674,0.024839032,-0.015280576,0.0,-0.015068833,-0.010884961,0.0,0.0,-0.04360901,-0.013354607,-0.0076099965,0.0021065255,0.007232661,0.089327544,0.0,-0.058714986,-0.02181326,-0.06852809,-0.016258009,0.0,-0.004910699,0.05958747,-0.032714307,-0.16585034,0.0,0.0009484194,0.0,0.0,-0.0039439844,-0.009182955,-0.31731996,0.061548114,0.0,0.0,0.0054422775,-0.007505075,-0.7291381,0.0,0.0,0.0,-0.0038060301,-0.009518035,0.008499788,-0.0050759865,0.0,0.0,0.0,0.0,0.0,0.0,-0.042403925,-0.029465904,-0.18290806,-0.0069372794,0.0,0.00056099845,0.0,0.0,0.0,-0.020265544,-0.065098524,-0.049422324,0.05430781,-0.05493151,0.0,-0.16005526,-0.07533702,-0.17788965,-0.0015701612,0.28606135,-0.006336812,-0.0021497128,-0.03856068,0.02731569,-0.045564935,-0.003235363,-0.02343409,-0.08278908,0.00093730603,-0.03545718,0.021274664,-0.13350148,0.22236954,-0.000548549,0.0,0.07516669,0.0,-0.054992415,-0.016078759,0.0020849817,0.03075559,-0.28105125,-0.009148898,0.022370303,0.06351995
W0000351,-0.005193596,0.0,0.0018240106,-0.0147355925,0.04814449,-0.072261006,-0.02381274,-0.015468432,-0.03159111,-0.9285799,-3.707082,0.052816674,0.026055757,0.029642902,-0.014416139,0.0,-0.027471712,-0.010884961,0.0,0.0,-0.016218254,-0.004518023,-0.018486653,-0.009872633,0.009466838,-0.08201947,0.0,0.035507023,-0.02181326,0.029950343,-0.016258009,0.0,-0.004910699,0.058410674,-0.03895516,0.08546798,0.0,0.0009484194,0.0,0.0,0.0025798192,-0.009236959,0.31238502,0.057374902,0.0,0.0,-0.017790908,0.0057510156,0.36417505,0.0,0.0,0.0,-0.007291176,0.0071352506,-0.0029132469,0.013971457,0.0,0.0,0.0,0.0,0.0,0.0,-0.036196228,-0.003272228,-0.17440417,0.0019520449,0.0,-0.006774679,0.0,0.0,0.0,-0.017943606,-0.052212473,0.035421487,-0.10626836,0.06887859,0.0,-0.1631602,-0.08286124,-0.1732642,0.010714515,0.2913463,-0.015762335,-0.00038644386,-0.03167649,-0.020330194,-0.05283339,0.0025386605,-0.0062229694,-0.008640652,0.0003778614,0.035655692,-0.04980395,-0.10713741,-0.3908315,-0.017196286,0.0,-0.07558736,0.0,-0.006129422,-0.025540344,-0.012987432,-0.04727631,-0.45539623,-0.009148898,-0.7981234,-0.21033874
W0000352,-0.005193596,0.0,-0.023626402,-0.0016376708,-0.065606475,0.0070449156,-0.0020039415,-0.005090473,-0.026552886,-1.0189066,-3.7681549,0.06271779,0.018524718,0.029924119,0.014705296,0.0,-0.015068833,-0.010884961,0.0,0.0,-0.012843851,-0.013354607,-0.00791845,-0.0031332276,0.009741665,-0.076657556,0.0,-0.098465115,-0.02181326,-0.09453282,-0.016258009,0.0,-0.004910699,0.058417544,-0.044139482,-0.16723652,0.0,0.00064800854,0.0,0.0,-0.0023350685,0.0030546004,-0.3798892,-2.080109e-05,0.0,0.0,0.0034693917,-0.017602535,0.34161752,0.0,0.0,0.0,-0.0038060301,-0.01668664,0.00798496,-0.009473368,0.0,0.0,0.0,0.0,0.0,0.0,-0.039954785,0.013802314,-0.17216852,-0.0069372794,0.0,0.00056099845,0.0,0.0,0.0,-0.024891114,-0.05268158,-0.06557433,-0.14912616,0.06528532,0.0,-0.16749826,-0.04019218,-0.17199904,-0.0066333925,-0.7297945,-0.019900598,0.0003996393,0.0094774775,-0.033685572,-0.02212746,-0.016568668,-0.021946298,-0.09312458,0.00093730603,-0.0017585903,0.021184348,-0.11904485,0.32905722,-0.002744033,0.0,-0.12561128,0.0,-0.054992415,-0.016078759,-0.0028430545,0.030086612,-0.4483284,-0.009148898,0.113133654,-0.106191926
W0000353,-0.005193596,0.0,-0.034559038,-0.0022988962,0.029754037,0.006393931,-0.003387034,-0.00025704456,-0.070345886,-0.8724217,-3.2259336,0.034445394,-0.0012223306,0.04955332,-0.014416139,0.0,-0.015068833,-0.010884961,0.0,0.0,-0.012843851,-0.013354607,-0.012567392,-0.007219096,-0.023716476,-0.072481275,0.0,-0.08881843,-0.014569342,-0.093612075,-0.016258009,0.0,-0.004910699,-0.07253214,0.06342879,-0.16681083,0.0,0.00064800854,0.0,0.0,0.0015274035,-0.009236959,-0.38362888,-0.09429856,0.0,0.0,-0.016999079,-0.019434122,0.3224395,0.0,0.0,0.0,-0.0038060301,-0.016940145,0.007814314,-0.008285031,0.0,0.0,0.0,0.0,0.0,0.0,-0.039954785,-0.03076023,-0.1593671,-0.0069372794,0.0,0.0003632445,0.0,0.0,0.0,-0.025547964,-0.052212473,-0.052380867,-0.18467644,0.057661954,0.0,-0.16569926,-0.03486485,-0.164164,-0.0016127307,-0.6442348,-0.0107190125,-0.00038644386,-0.03788637,-0.014532523,-0.058383394,-0.008748383,0.0053385003,-0.025604516,0.00057699945,-0.0017585903,-0.043061476,-0.10679002,0.292377,-0.002744033,0.0,-0.08708916,0.0,-0.035549365,-0.016078759,-0.0029993139,-0.04035527,-0.5020341,-0.009148898,-0.76635766,-0.20311011
W0000354,-0.0015967066,0.0,-0.04760947,-0.0018635407,-0.09190825,0.023185063,0.006616886,0.033844184,-0.055388547,0.30630824,0.8382489,-0.093434565,-0.032968737,-0.0056903753,-0.02378431,0.0,0.020771705,-0.010884961,0.0,0.0,0.05600151,0.004638333,-0.024836319,-0.077976964,0.014072677,0.073867336,0.0,0.038968913,-0.02181326,-0.16898914,-0.016258009,0.0,-0.0014661357,-0.03565193,-0.069392495,0.07349286,0.0,0.00113848,0.0,0.0,0.0025782639,-0.009236959,-0.6735802,-0.20230687,0.0,0.0,-0.0126065975,-0.04944734,-0.5767933,0.0,0.0,0.0,0.0033027628,-0.028221546,-0.01846855,0.00096937455,0.0,0.0,0.0,0.0,0.0,0.0,-0.03884663,-0.023577042,0.15875827,-0.018582787,0.0,0.00071129086,0.0,0.0,0.0,-0.057086006,-0.057968184,-0.06019627,-0.23013173,-0.068071574,0.0,-0.17447233,-0.023169512,-0.18670851,-0.015341748,-0.71207654,-0.019184357,-0.0005672409,-0.053062823,0.0043149306,-0.10393366,-0.0057074865,0.007855232,-0.15279832,0.0010729174,1.59638e-05,-0.07099766,0.0038909279,-0.19786923,-0.014466135,0.0,0.08622341,0.0,-0.024235101,-0.035245765,0.0037637358,-0.055118933,-0.61498094,-0.002720084,-1.5387889,-0.42032224
W0000355,-0.005193596,0.0,-0.03171178,0.0019077602,0.047755934,-0.074238025,-0.016998999,-0.01609282,-0.06424458,-0.92837244,-3.6021264,0.052973755,0.02067633,0.042746514,-0.014416139,0.0,-0.025312264,-0.010884961,0.0,0.0,-0.015557149,-0.013354607,-0.011595988,-0.009872633,0.013198879,-0.02147906,0.0,0.0261805,-0.014569342,0.021359302,-0.016258009,0.0,-0.004910699,0.058410674,0.0654003,-0.17672667,0.0,0.0009484194,0.0,0.0,-0.003941606,0.0030725633,0.28259206,0.055152357,0.0,0.0,0.0028252648,0.016012156,0.34547657,0.0,0.0,0.0,-0.007291176,-0.02185975,0.0042117094,-0.0076982863,0.0,0.0,0.0,0.0,0.0,0.0,-0.036196228,-0.041149214,-0.17440417,-0.0040095923,0.0,0.0003632445,0.0,0.0,0.0,-0.018681977,-0.052212473,-0.052223306,-0.16052857,0.05887008,0.0,-0.16351104,0.020224664,-0.17005458,-0.0042142994,-0.5919095,-0.015762335,0.0003996393,0.0049047214,-0.028635226,-0.027619723,0.0025386605,0.0037882347,0.0063248854,0.0003778614,0.035655692,-0.04980395,-0.10383259,-0.3918098,-0.012361728,0.0,-0.094504386,0.0,-0.024919894,-0.016078759,-0.012987432,-0.04892638,-0.44569784,-0.009148898,-0.7734137,-0.19665225
W0000356,-0.005193596,0.0,0.003783389,-0.01693762,0.03424684,-0.079166114,-0.016998999,0.00047549838,-0.046043042,-0.9168434,-3.3167744,0.06271779,0.02648002,0.016984917,-0.014773394,0.0,-0.015068833,-0.010884961,0.0,0.0,-0.016218254,-0.004518023,-0.01055101,-0.006744347,0.00052486267,-0.072481275,0.0,-0.06186203,-0.02181326,-0.07667568,-0.016258009,0.0,-0.004910699,-0.07798421,-0.040926676,-0.15794854,0.0,0.00064800854,0.0,0.0,-0.003941606,-0.009236959,-0.37675837,-0.08444879,0.0,0.0,0.0026417947,0.01680956,0.3510915,0.0,0.0,0.0,-0.0038060301,0.0071352506,-0.0071581313,-0.008437777,0.0,0.0,0.0,0.0,0.0,0.0,-0.03734523,0.0148438355,-0.15212181,0.0019520449,0.0,0.0003632445,0.0,0.0,0.0,-0.025547964,0.06512083,-0.017678656,-0.165604,-0.050723102,0.0,0.17166829,0.01894748,0.15523581,-0.0042142994,-0.66731143,-0.0107190125,-0.00038644386,-0.03808732,-0.014543164,-0.0161109,-0.008748383,0.00410684,-0.038218223,0.0003778614,-0.03046313,-0.043588754,0.008289145,-0.35736212,-0.002744033,0.0,-0.07298545,0.0,-0.02321621,-0.016078759,-0.0017891496,0.043016132,-0.4864841,-0.009148898,-0.7044644,-0.19390875
W0000357,-0.005193596,0.0,3.631157e-05,-0.019783266,0.04455039,-0.069926694,-0.027404219,0.0005893032,-0.04641503,-0.8131196,-2.9682357,0.060077816,0.025845025,0.049468942,-0.015280576,0.0,-0.015068833,-0.010884961,0.0,0.0,-0.04482709,-0.013354607,-0.018486653,-0.006744347,0.011202173,0.08245996,0.0,0.0355167,-0.014569342,-0.083979264,-0.016258009,0.0,-0.004910699,0.058254354,0.04695715,-0.16681083,0.0,0.0009484194,0.0,0.0,-0.0023350685,0.0030725633,-0.3254251,-0.072499886,0.0,0.0,0.0025177929,-0.018370502,-0.5792107,0.0,0.0,0.0,-0.0038060301,-0.010690156,0.007814314,-0.008086555,0.0,0.0,0.0,0.0,0.0,0.0,-0.036196228,0.00040271692,-0.15212181,-0.0040095923,0.0,0.0003632445,0.0,0.0,0.0,-0.027740099,-0.065098524,-0.019016055,-0.14856789,0.054669,0.0,-0.15846235,-0.05772151,-0.1732642,-0.0048522186,-0.5852829,-0.017466415,0.0010364789,0.013121828,-0.021750277,-0.063643835,-0.009272968,-0.015856104,-0.031889215,0.0003778614,-0.001631124,-0.037803706,-0.114675105,-0.3975329,-0.0059473384,0.0,-0.09106533,0.0,-0.024235101,-0.016078759,0.0016836827,-0.05099695,-0.50624025,-0.009148898,-0.68368363,-0.1887439
W0000358,-0.005193596,0.0,-0.0063285157,-0.053420275,0.049730755,0.014213269,0.007969515,-2.3277476e-05,-0.06420308,0.34170595,-3.9588737,0.09368646,0.02625296,-0.22531894,-0.015280576,0.0,0.028852962,-0.010884961,0.0,0.0,0.053457595,-0.004518023,-0.004982843,-0.015264099,0.010337127,-0.10399366,0.0,0.036058456,0.031219225,0.01844622,0.028596843,0.0,-0.004910699,0.05887094,-0.026506372,0.15907271,0.0,0.0006124293,0.0,0.0,0.006526944,0.0075859367,0.110269405,0.044256154,0.0,0.0,0.0055851284,-0.011402169,-0.8760089,0.0,0.0,0.0,0.003985507,0.0066119134,-0.00247431,-0.014353169,0.0,0.0,0.0,0.0,0.0,0.0,-0.03674731,-0.0054861456,0.13433693,0.003398105,0.0,0.00056099845,0.0,0.0,0.0,-0.014354292,-0.065098524,-0.048995208,-0.15565535,0.05897285,0.0,-0.16144884,0.041912273,-0.18109924,-0.03362037,0.19904785,-0.010531347,-0.0010022561,-0.026411057,-0.036005013,-0.02992735,0.0027284278,-0.02208888,0.0003803959,0.0003778614,-0.03019799,-0.03328602,-0.12234597,-0.4316583,0.0053460044,0.0,-0.09286629,0.0,0.022845354,-0.016078759,0.0023476384,0.02735442,-0.55915076,-0.002720084,0.18144351,-0.014092304
W0000359,-0.005193596,0.0,-0.042108044,0.0014889153,0.06768182,-0.091563694,-0.015408751,-0.0025003676,-0.07228139,-0.86215556,-0.50113887,0.055231445,0.033900294,-0.029308677,-0.016727282,0.0,-0.020208191,-0.010884961,0.0,0.0,-0.055018507,-0.004518023,-0.024391342,-0.030381557,-0.0012421762,-0.10369467,0.0,-0.019198835,-0.02181326,-0.11369546,-0.016258009,0.0,-0.004910699,-0.07201977,-0.06430219,-0.17672667,0.0,0.0009484194,0.0,0.0,0.0025782639,-0.009236959,-0.33997768,-0.10603886,0.0,0.0,-0.013866851,-0.051885985,-0.8939726,0.0,0.0,0.0,-0.0060421485,-0.009839695,-0.017877953,-0.007319142,0.0,0.0,0.0,0.0,0.0,0.0,-0.030739248,0.009427947,-0.16492324,0.0019520449,0.0,0.0003632445,0.0,0.0,0.0,0.070976764,-0.10530176,-0.043767113,-0.23231123,0.054037973,0.0,0.16779336,-0.037464507,0.1565252,-0.017176626,-0.6970513,-0.01626535,-0.0020473734,-0.054069955,-0.016618583,-0.09531933,0.0016841262,-0.014328595,0.0403039,-0.004460129,-0.03046313,0.0024914187,-0.10089441,-0.5119794,-0.012361728,0.0,-0.09485431,0.0,-0.01822882,-0.016078759,0.0037637358,-0.10579018,-0.56112087,-0.009148898,-1.1899297,-0.39140755
W0000360,-0.005193596,0.0,0.0328351,-0.0021767924,-0.03602895,0.007059119,-0.003387034,-3.485335e-05,-0.03267291,-0.89767885,-3.2952154,0.060077816,0.020968594,0.012104743,0.015505506,0.0,-0.015068833,0.010904469,0.0,0.0,-0.038908333,-0.004518023,-0.0152372075,0.0016317765,-0.041641574,-0.072481275,0.0,-0.092570454,-0.014569342,-0.09237711,-0.016258009,0.0,-0.004910699,-0.045182608,0.05735983,0.042616006,0.0,0.00064800854,0.0,0.0,0.0015274035,0.0030725633,-0.39295885,-0.08059201,0.0,0.0,-0.019765086,-0.019258993,-0.49385238,0.0,0.0,0.0,-0.0038060301,-0.011085953,-0.0071581313,0.011693997,0.0,0.0,0.0,0.0,0.0,0.0,0.076639816,0.009427947,-0.17216852,0.003377371,0.0,-0.006774679,0.0,0.0,0.0,-0.027740099,-0.062079072,-0.043520633,-0.15484713,0.054669,0.0,0.16964412,-0.041539386,-0.15654358,-0.0016127307,-0.5726421,-0.012423094,-0.00038644386,-0.035341807,-0.0046031643,-0.06696961,-0.004544034,0.0053385003,-0.023746807,-0.007334222,-0.021087522,0.025584772,0.0056052376,0.33860976,-0.002744033,0.0,0.003497784,0.0,-0.034659427,-0.016078759,0.0019287223,-0.04035527,-0.45685443,-0.009148898,-0.7393412,-0.0064518265
W0000361,-0.005193596,0.0,0.0007930398,-0.018399091,0.044806845,0.007113184,-0.017032752,-0.00045584282,-0.07665531,-0.78922075,-2.9504716,0.060077816,0.024082832,-0.032508604,-0.015280576,0.0,-0.015068833,-0.010884961,0.0,0.0,-0.044730693,-0.013354607,-0.010242557,-0.007219096,0.0010728561,-0.08405269,0.0,-0.09114693,-0.02181326,-0.07450414,-0.016258009,0.0,-0.004910699,-0.045182608,-0.040926676,-0.17672667,0.0,0.0009484194,0.0,0.0,-0.0039439844,0.0030725633,-0.34581852,-0.053297654,0.0,0.0,0.003218878,-0.018463358,-0.65616065,0.0,0.0,0.0,-0.0038060301,0.004525967,-0.0071581313,-0.012908684,0.0,0.0,0.0,0.0,0.0,0.0,-0.031137533,0.011458234,-0.15212181,0.0019520449,0.0,0.0003632445,0.0,0.0,0.0,0.04371243,-0.059945315,-0.01878316,-0.17530754,0.058140974,0.0,-0.169565,-0.07129828,0.13051146,-0.008519301,-0.2580668,-0.01626535,-0.0010022561,-0.03856982,-0.023669658,-0.060746755,0.0016414542,-0.01421384,-0.02548102,-0.0029566854,-0.0017585903,-0.044798184,0.019161556,-0.37057203,-0.000548549,0.0,-0.100575805,0.0,-0.02321621,-0.035245765,0.0015941011,-0.056944493,-0.51953524,-0.009148898,-0.74804527,-0.2424932
W0000362,-0.005193596,0.0,-0.028104777,-0.0028997571,-0.07071996,0.0068918485,-0.0016075228,0.0005893032,-0.070990846,-0.84284484,-3.2180274,0.060077816,0.014533392,0.05376488,-0.015280576,0.0,-0.015068833,-0.010884961,0.0,0.0,-0.04211379,-0.013354607,-0.011904441,0.0021065255,0.011370178,0.08245996,0.0,0.027851162,-0.02181326,-0.08088803,-0.016258009,0.0,-0.004910699,0.058410674,-0.033904977,-0.15794854,0.0,0.00064800854,0.0,0.0,-0.0023350685,-0.009236959,-0.37795058,-0.058037926,0.0,0.0,0.0037973304,-0.018273765,-0.55293036,0.0,0.0,0.0,-0.0038060301,-0.00977154,0.007814314,-0.008285031,0.0,0.0,0.0,0.0,0.0,0.0,-0.042403925,-0.023577042,-0.17216852,-0.0069372794,0.0,0.0003632445,0.0,0.0,0.0,-0.027740099,-0.065098524,-0.043983497,-0.1577795,-0.054924183,0.0,-0.16159149,-0.044048153,-0.17788965,-0.004685431,-0.52950203,0.02033493,-0.0010022561,-0.036010075,0.0242555,-0.061797813,0.0017564306,0.00441828,-0.03793675,0.00057699945,-0.03046313,0.025584772,-0.12225805,-0.1421172,-0.015052976,0.0,-0.08938281,0.0,-0.04302557,0.020698454,0.0019287223,0.03524179,-0.5118838,-0.009148898,-0.7441165,-0.03921299
W0000363,-0.005193596,0.0,0.003783389,-0.008133095,0.04143343,0.0068918485,-0.0016251784,0.000554909,-0.044477675,-0.92457,-3.5455284,0.06271779,0.020318775,0.05024088,0.014705296,0.0,-0.015068833,-0.010884961,0.0,0.0,-0.013504954,-0.004518023,-0.0122589385,-0.009872633,0.0075958413,-0.08258817,0.0,0.02623154,-0.02181326,-0.087576024,-0.016258009,0.0,-0.004910699,-0.046143346,-0.040926676,-0.16354968,0.0,0.0009484194,0.0,0.0,-0.0039439844,0.0030725633,-0.34198543,-0.09257715,0.0,0.0,0.0032769656,0.006500143,0.36852342,0.0,0.0,0.0,-0.0038060301,-0.00831875,-0.0071581313,-0.012908684,0.0,0.0,0.0,0.0,0.0,0.0,-0.036196228,0.013672152,-0.1593671,0.003377371,0.0,0.0003632445,0.0,0.0,0.0,-0.025547964,-0.05268158,-0.052380867,-0.18154049,0.05887008,0.0,-0.17176317,-0.07709159,-0.17005458,-0.0010346852,0.3045216,-0.0107190125,-0.00038644386,0.012091993,-0.0043371986,-0.063811444,-0.008748383,-0.00845073,-0.0302528,0.00057699945,0.035655692,-0.037803706,-0.10959495,0.2049161,-0.000548549,0.0,-0.08535192,0.0,-0.035549365,-0.016078759,0.0016836827,-0.041555766,-0.50670135,-0.009148898,-0.81503,-0.23335099
W0000364,-0.005193596,0.0,-0.030230567,-0.0026920452,-0.06405507,0.011002294,-0.001973025,0.0010533738,-0.039458174,-0.78060305,-3.0817358,0.060077816,0.019143555,0.018656645,0.015505506,0.0,-0.015068833,-0.010884961,0.0,0.0,-0.044730693,-0.004518023,-0.010242557,-0.009872633,0.011007456,-0.08405269,0.0,0.024811404,-0.02181326,-0.07479355,-0.016258009,0.0,-0.004910699,-0.07253214,-0.040926676,-0.16681083,0.0,0.0009484194,0.0,0.0,-0.0023350685,0.0030725633,-0.32954648,-0.054303132,0.0,0.0,0.0031697473,-0.019258993,-0.6426677,0.0,0.0,0.0,-0.0038060301,-0.011085953,-0.0071581313,-0.008285031,0.0,0.0,0.0,0.0,0.0,0.0,-0.031137533,0.010216362,-0.1593671,0.003377371,0.0,0.0003632445,0.0,0.0,0.0,0.04371243,-0.06723228,-0.049738742,-0.12280074,0.058140974,0.0,0.16694409,-0.06132783,0.14814846,-0.004685431,-0.5062415,-0.012700345,-0.0010022561,0.011208961,-0.004280976,0.052424386,-0.003562016,-0.014895745,-0.040399797,0.00057699945,0.035655692,-0.04297116,-0.11452417,-0.13569072,-0.002744033,0.0,0.075015575,0.0,-0.02321621,0.020698454,0.0019287223,-0.04830663,-0.51014847,-0.009148898,-0.78970766,-0.21534882
W0000365,-0.005193596,0.0,-0.03183594,-0.017731598,0.047491543,0.0059272125,-0.016998999,-0.00025704456,-0.07010689,-0.8313929,-3.4434674,-0.0075088833,-0.015604009,0.043138683,-0.014416139,0.0,-0.020208191,-0.010884961,0.0,0.0,-0.015557149,-0.013354607,-0.010725017,-0.006744347,0.013198879,-0.079559006,0.0,0.033327214,-0.014569342,-0.0776049,-0.016258009,0.0,-0.004910699,-0.046143346,0.06342879,-0.16354968,0.0,-0.009038018,0.0,0.0,-0.0039439844,-0.009236959,-0.39447856,-0.0069178687,0.0,0.0,0.003218878,-0.00044234353,0.3736505,0.0,0.0,0.0,-0.0038060301,-0.02185975,-0.0071581313,-0.007851033,0.0,0.0,0.0,0.0,0.0,0.0,-0.036196228,-0.003272228,-0.15212181,-0.0040095923,0.0,0.0003632445,0.0,0.0,0.0,-0.024891114,-0.052212473,-0.04303785,-0.20859282,0.064094275,0.0,-0.16534843,-0.07096036,-0.1732642,-0.0042142994,0.29069486,-0.015762335,-0.00038644386,-0.052296497,-0.024172453,-0.055393107,-0.00858568,0.00410684,-0.031144995,0.0003778614,0.035655692,-0.044798184,-0.11888509,-0.389429,-0.022793908,0.0,-0.08356787,0.0,-0.02321621,-0.016078759,0.0018391407,-0.0359226,-0.5052516,-0.009148898,-0.80573434,-0.19594604
W0000366,-0.005193596,0.0,-0.012117767,-0.004281667,-0.055252414,0.007557037,-0.0034046895,-0.015280866,-0.07686591,-0.94181734,-3.9286947,0.052973755,0.014527354,0.052637868,0.014705296,0.0,-0.025312264,0.010904469,0.0,0.0,-0.013504954,-0.004518023,-0.014928754,-0.009872633,-0.011720385,-0.08201947,0.0,0.028292248,-0.02181326,0.034572624,-0.016258009,0.0,-0.004910699,-0.046143346,-0.03895516,-0.17346552,0.0,0.0009484194,0.0,0.0,-0.0039439844,-0.009236959,0.2879691,0.07770784,0.0,0.0,0.0034466144,0.006500143,0.38575178,0.0,0.0,0.0,-0.007291176,-0.008726077,-0.0029132469,-0.008285031,0.0,0.0,0.0,0.0,0.0,0.0,-0.029193308,0.013672152,-0.18164946,0.003377371,0.0,0.0003632445,0.0,0.0,0.0,-0.017068373,-0.05268158,-0.052223306,-0.07201176,0.057661954,0.0,-0.07417524,-0.0766831,-0.164164,-0.0010346852,0.30271676,-0.0107190125,-0.00038644386,-0.008348978,-0.0016187923,-0.05283339,-0.0061441045,0.0053385003,-0.007336259,0.00057699945,-0.001631124,-0.04259735,-0.10921798,0.34726107,-0.02010266,0.0,-0.022436751,0.0,-0.016553747,-0.016078759,0.0021913787,-0.037835125,-0.4630554,-0.009148898,-0.8783618,-0.23766834
W0000367,-0.005193596,0.0,0.015585971,-0.029245935,0.04662299,-0.08196204,-0.03325385,-0.0019208028,-0.027279224,-0.8212937,-3.5751834,0.060077816,0.027157549,0.053933777,0.017009752,0.0,-0.015068833,-0.010884961,0.0,0.0,-0.047443993,-0.004518023,-0.024001751,0.0038378052,0.008808792,-0.09041022,0.0,0.03756208,-0.02181326,-0.077442385,-0.016258009,0.0,-0.004910699,0.05874917,-0.044139482,-0.16479678,0.0,0.00064800854,0.0,0.0,0.0025798192,-0.02280538,-0.364726,-0.08943808,0.0,0.0,0.0033283704,-0.0071638105,-0.7028353,0.0,0.0,0.0,-0.0038060301,0.005451545,-0.006987485,-0.007756868,0.0,0.0,0.0,0.0,0.0,0.0,-0.030539613,0.012246649,-0.15212181,0.0019520449,0.0,0.00056099845,0.0,0.0,0.0,-0.025418159,0.08311522,-0.056502026,-0.13850847,0.07000548,0.0,-0.16573386,-0.08295268,-0.1732642,-0.01037297,0.19447197,-0.01749426,-0.0010022561,0.004249637,-0.02570127,0.039783664,-0.009272968,0.0048711677,-0.027459132,0.0003778614,0.035655692,-0.04065431,-0.116885595,-0.4175472,-0.014277047,0.0,-0.09927207,0.0,0.051508956,-0.016078759,-0.018843718,-0.04676454,-0.5246806,-0.009148898,0.12473679,-0.16783899
W0000368,-0.005193596,0.0,-0.007789295,-0.002592119,0.04178969,0.010532221,-0.0016589309,0.0003561112,-0.062913194,-0.8174042,-3.0646772,0.0595166,0.015924446,0.012383272,-0.016905561,0.0,-0.020208191,-0.010884961,0.0,0.0,-0.047443993,-0.004518023,-0.01055101,-0.006744347,-0.021724902,-0.083844796,0.0,-0.056343876,0.019999173,-0.083979264,-0.016258009,0.0,-0.004910699,-0.046143346,0.052880242,0.16334257,0.0,0.00064800854,0.0,0.0,0.0025798192,0.0030725633,-0.34471855,-0.09376863,0.0,0.0,-0.022451617,-0.007694668,-0.65953183,0.0,0.0,0.0,-0.0038060301,-0.011085953,-0.0071581313,-0.0076982863,0.0,0.0,0.0,0.0,0.0,0.0,-0.03674731,0.011458234,-0.15212181,0.0019520449,0.0,0.0003632445,0.0,0.0,0.0,-0.027131531,-0.04977632,-0.056426685,0.16902208,-0.053716056,0.0,-0.1661181,-0.06793745,-0.17005458,-0.008412387,-0.16615164,-0.012423094,-0.0010022561,0.013555891,-0.022520171,-0.06405638,-0.0046836943,0.00441828,-0.033923276,-0.0029566854,-0.03046313,-0.04297116,-0.110044196,-0.35974938,-0.022793908,0.0,0.07242236,0.0,0.031503156,-0.016078759,0.0019287223,-0.03880246,-0.501093,-0.009148898,-0.83976495,-0.177309
W0000369,-0.005193596,0.0,-0.058686297,-0.03582542,0.075411096,-0.12218042,-0.018494911,-0.0007143612,-0.054938532,-1.0484798,-0.71797395,0.06271779,0.048107274,-0.22883514,-0.014734199,0.0,-0.015068833,-0.010884961,0.0,0.0,-0.017630821,-0.013354607,-0.024795825,0.0003551063,0.019650737,-0.074053764,0.0,0.049085215,0.019999173,-0.13763434,0.028596843,0.0,-0.004910699,0.05904474,0.04423189,0.073067166,0.0,0.00064800854,0.0,0.0,0.0015274035,0.004673285,-0.4665643,-0.14188069,0.0,0.0,-0.033673182,-0.06128847,0.4703812,0.0,0.0,0.0,-0.0060421485,0.012427866,-0.018059753,0.0231887,0.0,0.0,0.0,0.0,0.0,0.0,-0.039995633,-0.03076023,-0.14948425,0.0019520449,0.0,0.00056099845,0.0,0.0,0.0,-0.026442489,-0.051989175,-0.016302302,0.275512,-0.066435106,0.0,-0.1728097,-0.07446525,0.10799977,-0.017176626,-0.887097,-0.0185172,0.0005866099,-0.03747778,-0.021888116,-0.15117016,-0.008167313,-0.002912017,-0.05706019,-0.0072187465,-0.03046313,-0.050462667,0.029011216,-0.43964145,-0.002744033,0.0,0.08915789,0.0,-0.018046644,-0.016078759,0.0065681133,0.028147087,-0.4767782,-0.009148898,-0.107867345,-0.030887045
W0000370,-0.005193596,0.0,-0.030230567,-0.002592119,-0.061088193,0.006235958,-0.0016589309,0.0014012568,-0.07665531,-0.8012421,-3.17907,0.060077816,0.020288095,0.059579395,0.015505506,0.0,-0.015068833,-0.010884961,0.0,0.0,-0.044730693,-0.004518023,-0.011940686,-0.006744347,0.007291582,-0.09415959,0.0,0.03488821,-0.014569342,-0.083979264,-0.016258009,0.0,-0.004910699,0.058410674,0.04695715,-0.16354968,0.0,-0.013227961,0.0,0.0,-0.0039439844,0.0030725633,-0.35876167,-0.060218837,0.0,0.0,0.0034466144,-0.007694668,-0.69675356,0.0,0.0,0.0,-0.0038060301,0.0043680486,-0.0071581313,-0.008520553,0.0,0.0,0.0,0.0,0.0,0.0,-0.036196228,0.011458234,-0.17216852,0.003377371,0.0,0.0003632445,0.0,0.0,0.0,-0.027131531,-0.06723228,-0.049738742,-0.085632265,0.054669,0.0,-0.1676554,-0.06966697,-0.1732642,-0.008412387,0.26899937,-0.01626535,-0.0010022561,-0.045716006,0.0242555,-0.019530388,0.0014297778,-0.0110132145,-0.030020293,0.00057699945,-0.001631124,0.015150379,-0.12006048,-0.14061613,-0.022793908,0.0,-0.086409345,0.0,-0.04302557,-0.016078759,0.0016836827,-0.05099695,-0.5157484,-0.009148898,-0.79401815,-0.2372102
W0000371,-0.005193596,0.0,-0.034559038,-0.004281667,-0.055252414,0.0069011464,-0.0016075228,-0.0022658324,-0.010560461,-0.9516127,-3.956976,0.052816674,0.014527354,0.061221622,-0.014416139,0.0,-0.027471712,0.010904469,0.0,0.0,-0.013504954,-0.004518023,0.032706875,-0.009872633,0.0090825,-0.0789903,0.0,0.035033777,-0.02181326,0.026524143,-0.016258009,0.0,-0.004910699,-0.07253214,-0.03895516,0.08546798,0.0,0.0009484194,0.0,0.0,-0.009978283,-0.009236959,0.31575227,0.086073175,0.0,0.0,0.003731879,-0.011138969,0.39649665,0.0,0.0,0.0,0.003985507,-0.009446837,-0.0029132469,-0.0079338085,0.0,0.0,0.0,0.0,0.0,0.0,-0.004647432,0.017670471,-0.06222459,0.003377371,0.0,0.0003632445,0.0,0.0,0.0,-0.017068373,-0.052212473,-0.052223306,-0.011917822,0.057661954,0.0,0.17671055,0.00012259744,0.12730184,-0.0015058166,0.32286,-0.0107190125,-0.00038644386,-0.03052006,-0.0016187923,-0.055569585,-0.0061441045,-0.010092994,-0.0075318404,0.00057699945,-0.03046313,0.025958583,-0.09113144,0.19837315,0.026966605,0.0,-0.00072695967,0.0,-0.016553747,-0.016078759,0.0019463393,-0.044983163,-0.44667304,-0.009148898,-0.8865015,-0.22566089
W0000372,-0.005193596,0.0,-0.014507687,-0.026712798,-0.014011048,-0.102418415,-0.0034046895,-0.0021086,-0.033526614,-0.88527167,-0.27847365,0.050176702,0.020117406,0.09804248,0.01684472,0.0,-0.027471712,0.010904469,0.0,0.0,-0.055018507,-0.004518023,-0.029077541,-0.029818187,-0.041618984,-0.113801576,0.0,-0.15286328,-0.02181326,0.060476996,-0.016258009,0.0,-0.004910699,-0.04563097,-0.06430219,0.08546798,0.0,0.0009484194,0.0,0.0,0.0025798192,-0.009236959,0.35482353,0.04570715,0.0,0.0,0.0050078137,-0.015521204,-1.0434755,0.0,0.0,0.0,0.00968484,-0.009839695,-0.0044831694,-0.00771273,0.0,0.0,0.0,0.0,0.0,0.0,0.06970409,0.016244967,0.13689782,0.003377371,0.0,0.0003632445,0.0,0.0,0.0,-0.014550522,-0.1145683,-0.062502265,-0.015075386,0.08385121,0.0,0.17786255,-0.11085682,-0.15988708,-0.009257128,0.21485986,-0.012700345,-0.0020473734,-0.022961557,-0.0011625048,-0.038098082,-0.03423738,0.010307016,-0.017282125,0.0010729174,0.027436856,-0.053977456,-0.11541121,0.42807776,-0.017196286,0.0,0.0652537,0.0,-0.016553747,-0.035245765,0.0049297153,-0.05424573,-0.5138229,-0.009148898,-1.3606731,-0.38173857
W0000373,-0.005193596,0.0,-0.030230567,-0.0027372679,-0.06115515,0.011867935,-0.016998999,0.00013326528,-0.077708706,-0.40704748,-2.9589005,-0.108147554,-0.014952923,0.008651418,-0.015280576,0.0,-0.015691405,-0.010884961,0.0,0.0,-0.047443993,-0.013354607,-0.011904441,-0.019495483,0.00022060284,-0.09029094,0.0,-0.09187767,-0.02181326,-0.0790616,-0.016258009,0.0,-0.004910699,0.059390023,-0.040926676,-0.16354968,0.0,0.00064800854,0.0,0.0,-0.0039439844,0.0022701065,-0.42114216,-0.06441979,0.0,0.0,0.0034466144,-0.009886042,-0.749948,0.0,0.0,0.0,-0.0038060301,0.0043680486,-0.0071581313,0.011777031,0.0,0.0,0.0,0.0,0.0,0.0,-0.03734523,0.015456553,-0.16492324,0.0019520449,0.0,-0.006774679,0.0,0.0,0.0,-0.027131531,-0.065098524,-0.049738742,0.03132017,-0.06147697,0.0,0.1748654,-0.074239016,0.14814846,-0.0043212133,0.2714579,-0.011807908,-0.0010022561,-0.044756457,0.024311723,-0.038902517,-0.005750159,0.004206651,-0.028180152,0.0003778614,-0.030590596,0.015150379,-0.11910559,-0.41928384,-0.000548549,0.0,0.07176831,0.0,-0.04302557,-0.035245765,0.0019287223,-0.056944493,-0.5373561,-0.009148898,-0.8385918,-0.21915226
W0000374,-0.005193596,0.0,-0.00853653,-0.0023775492,0.043123163,0.008424136,-0.0004927409,0.0011485722,-0.023602348,-0.88483316,-3.6755595,0.060077816,0.022251796,-0.076962985,0.017009752,0.0,-0.015068833,-0.010884961,0.0,0.0,-0.040496837,-0.004518023,-0.00791845,0.0021065255,-0.008132275,-0.09041022,0.0,-0.0031757168,-0.02181326,-0.08304003,-0.016258009,0.0,-0.004910699,0.05874917,-0.037117783,-0.1559345,0.0,0.00064800854,0.0,0.0,-0.0039439844,0.0030546004,-0.3473056,-0.08587582,0.0,0.0,0.0047741607,-0.009886042,-0.701155,0.0,0.0,0.0,-0.0038060301,-0.009603509,0.00798496,0.009589399,0.0,0.0,0.0,0.0,0.0,0.0,-0.036196228,0.011458234,-0.17216852,0.003377371,0.0,-0.010462886,0.0,0.0,0.0,-0.027740099,-0.048780844,-0.018805474,-0.16155323,0.05465191,0.0,-0.16800731,-0.07739206,-0.17788965,-0.0010346852,0.280387,-0.01749426,0.0010364789,0.018681623,-0.0034625703,-0.03361274,-0.004544034,0.0071328133,-0.09960231,-0.007334222,-0.001631124,0.025584772,-0.13282254,0.19814079,-0.022793908,0.0,-0.08586155,0.0,-0.040218472,-0.025540344,0.0026100148,0.02652318,-0.49964955,-0.009148898,-0.10989976,-0.058164775
W0000375,-0.005193596,0.0,-0.030230567,-0.00366847,-0.06405507,0.007148454,-0.0016251784,0.0010533738,-0.02186114,-0.8057399,-2.9319177,0.060077816,0.020584948,-0.17558014,-0.015280576,0.0,-0.015068833,-0.010884961,0.0,0.0,-0.044730693,-0.004518023,-0.010242557,-0.021260915,-0.021668833,0.08365901,0.0,-0.05921763,-0.02181326,-0.070328936,-0.016258009,0.0,-0.004910699,0.058513843,-0.040926676,0.060192257,0.0,0.0009484194,0.0,0.0,0.0015274035,0.0030725633,-0.30983406,-0.07162751,0.0,0.0,-0.007944111,-0.016304627,-0.62707746,0.0,0.0,0.0,-0.0038060301,-0.010798869,-0.0071581313,-0.0076982863,0.0,0.0,0.0,0.0,0.0,0.0,-0.036196228,0.0091748405,-0.15672953,0.003377371,0.0,0.0003632445,0.0,0.0,0.0,-0.027740099,-0.059945315,-0.04997164,-0.15616652,-0.053716056,0.0,-0.16107315,-0.05972092,-0.17788965,-0.0042142994,-0.5486108,-0.012700345,-0.0010022561,0.013584884,-0.004280976,-0.031285025,-0.008313993,0.00441828,-0.037233178,0.00057699945,0.035655692,-0.043061476,0.013170095,-0.13204281,-0.002744033,0.0,-0.08308614,0.0,-0.02321621,-0.016078759,-0.0029993139,0.03524179,-0.52052355,-0.009148898,-0.7623169,-0.21619733
W0000376,-0.005193596,0.0,-0.0055265464,-0.0019308935,-0.064089015,-0.10927294,-0.0004927409,0.008488003,-0.06472665,-0.8801526,-3.503201,0.0595166,0.010591513,0.06235373,0.015505506,0.0,0.01904458,0.010904469,0.0,0.0,-0.056844108,-0.004518023,-0.01458113,-0.014588696,-0.020005677,-0.09041022,0.0,-0.004020133,0.031219225,-0.08224655,-0.016258009,0.0,0.07270218,-0.088616736,-0.030909847,0.15780091,0.0,-0.009038018,0.0,0.0,0.006526944,-0.02280538,-0.406811,-0.122590505,0.0,0.0,0.0048946775,-0.009886042,-0.69780874,0.0,0.0,0.0,0.0020804543,-0.016282571,-0.006987485,-0.013894876,0.0,0.0,0.0,0.0,0.0,0.0,0.06398136,0.015456553,0.114058495,0.0019520449,0.0,0.00056099845,0.0,0.0,0.0,-0.027740099,-0.06723228,-0.05748364,-0.1831544,0.05458775,0.0,0.17615303,0.039169244,-0.16243416,-0.012334773,0.2940967,0.003560883,-0.0021497128,0.001935699,-0.015959932,-0.030660225,-0.0035850592,-0.024205325,-0.03074068,0.0005174588,0.027511783,0.019294254,-0.13710278,-0.46981594,-0.000548549,0.0,0.06477133,0.0,-0.071613535,-0.035245765,0.0020849817,-0.03457005,-0.4105196,-0.009148898,0.021593193,0.0343924
W0000377,-0.005193596,0.0,-0.030761834,-0.0012529832,-0.059203748,0.0076346043,-0.003387034,-0.016790083,-0.00068831444,-0.91961175,-4.159838,-0.065538086,-0.0028359238,0.045158386,-0.0058877137,0.0,-0.025486521,-0.010884961,0.0,0.0,-0.014339067,-0.013354607,-0.0122589385,0.0021065255,0.011797411,0.076278925,0.0,-0.055895515,-0.02181326,0.012218628,-0.016258009,0.0,-0.004910699,0.05962442,-0.03193346,-0.13940448,0.0,0.0009484194,0.0,0.0,-0.009978283,0.0022701065,0.2804246,0.07276012,0.0,0.0,0.004989218,-0.008665432,0.36705083,0.0,0.0,0.0,-0.007291176,-0.016940145,0.0042117094,-0.008603588,0.0,0.0,0.0,0.0,0.0,0.0,-0.04616248,-0.036649093,-0.15107857,-0.0069372794,0.0,0.0003632445,0.0,0.0,0.0,-0.017068373,-0.047316365,0.03573791,-0.07898661,-0.057275884,0.0,-0.16462119,0.00030278973,-0.17199904,-0.0015701612,0.33012077,0.0006319508,0.00060491834,-0.024088938,0.026866276,-0.04280653,0.0023263802,-0.016149905,0.0143756,0.00093730603,-0.03545718,0.018184409,0.049961016,0.36206317,0.0053460044,0.0,-0.09340687,0.0,-0.017443685,-0.016078759,0.0019463393,0.024102416,0.35177377,-0.009148898,-0.87921673,0.06579609
W0000378,-0.005193596,0.0,-0.06388455,-0.011851314,-0.120724216,-0.09104338,-0.03491468,0.006629107,-0.06059263,0.27390623,-0.2943856,-0.202307,-0.054843552,0.0047655273,-0.014734199,0.0,0.020771705,0.010904469,0.0,0.0,0.012009988,-0.004518023,-0.030555766,-0.024880169,0.0011669025,-0.078927636,0.0,0.03329532,0.031219225,-0.12886924,-0.016258009,0.0,-0.004910699,0.0637061,-0.06318456,0.16700378,0.0,0.00064800854,0.0,0.0,0.0025782639,-0.0068245563,-0.6102956,-0.26016518,0.0,0.0,-0.038020268,0.043727227,0.4439643,0.0,0.0,0.0,0.0033027628,0.014112636,-0.01846855,0.0047823396,0.0,0.0,0.0,0.0,0.0,0.0,-0.030739248,0.010600343,0.11944194,0.003398105,0.0,-0.006774679,0.0,0.0,0.0,-0.01992267,-0.051989175,-0.059413753,-0.20683318,-0.057279557,0.0,-0.18628855,0.008807644,0.1630364,-0.028147832,-0.66332436,-0.029290203,-0.0005672409,-0.055982206,-0.019510604,-0.12892585,0.003684004,-0.0489923,-0.011747036,0.0009225488,-0.03019799,0.039599735,0.06266403,-0.5687259,-0.0059473384,0.0,-0.06841213,0.0,-0.04030291,0.020698454,0.004397517,-0.09359569,-0.43384728,-0.002720084,-1.0735649,-0.33567536
W0000379,-0.005193596,0.0,0.003783389,0.0024866026,0.047102988,0.010037658,-0.0016075228,0.008469857,-0.032027945,-0.91953,-3.3340228,0.062156573,0.02648002,0.045481503,0.014705296,0.0,-0.020208191,0.010904469,0.0,0.0,-0.016218254,-0.004518023,-0.018795105,-0.015032867,0.00046879146,0.07968998,0.0,0.0331633,0.031219225,-0.08946754,-0.016258009,0.0,-0.004910699,-0.057835378,-0.033011258,0.07349286,0.0,0.00064800854,0.0,0.0,0.0015274035,-0.009236959,-0.36387643,-0.11143722,0.0,0.0,0.002634539,-0.02190766,0.34652323,0.0,0.0,0.0,0.0020804543,-0.00903951,-0.0071581313,-0.014364039,0.0,0.0,0.0,0.0,0.0,0.0,-0.025480919,0.011641865,-0.03835322,0.0019520449,0.0,0.0003632445,0.0,0.0,0.0,-0.023934359,-0.05268158,-0.0627084,0.1984435,0.057661954,0.0,0.16878924,-0.052111655,0.12730184,-0.004685431,-0.6289855,-0.020536523,-0.00038644386,0.007134043,-0.023669658,-0.091026425,-0.008608723,0.0042169206,-0.034999676,0.0003778614,-0.001631124,-0.04297116,-0.10398315,-0.3435009,-0.015052976,0.0,0.07496539,0.0,-0.024235101,-0.025540344,0.0019287223,-0.05814499,-0.44957197,-0.009148898,-0.7633336,-0.15452255
W0000380,-0.005193596,0.0,-0.007789295,-0.002592119,-0.05791686,0.011456881,-0.003387034,0.0007039937,-0.070990846,-0.83221364,-3.228317,0.060077816,0.0177822,0.0601054,0.015505506,0.0,-0.015068833,0.010904469,0.0,0.0,-0.044730693,-0.004518023,0.018142926,-0.006744347,0.011007456,-0.08405269,0.0,0.033991776,-0.02181326,-0.0983102,-0.016258009,0.0,-0.004910699,-0.045182608,-0.039219193,-0.16681083,0.0,0.0004783984,0.0,0.0,-0.0023350685,0.0030725633,-0.36435327,-0.08676128,0.0,0.0,-0.024406955,-0.019258993,-0.6408697,0.0,0.0,0.0,-0.0038060301,-0.011085953,-0.0071581313,-0.008285031,0.0,0.0,0.0,0.0,0.0,0.0,-0.035401005,0.009427947,-0.17216852,0.003377371,0.0,0.0003632445,0.0,0.0,0.0,-0.027131531,-0.062079072,-0.019046824,0.13250116,-0.053716056,0.0,0.1735441,-0.047300816,-0.16515389,-0.0015058166,-0.5429298,-0.01626535,-0.0010022561,-0.035633087,-0.0046031643,-0.06111416,0.0012670743,0.0053385003,-0.033238925,0.00057699945,-0.03046313,0.015150379,0.04173307,0.30649638,-0.002744033,0.0,0.07541598,0.0,-0.034659427,-0.016078759,0.0019287223,-0.026481416,-0.49883085,-0.009148898,-0.7671544,-0.22447535
W0000381,-0.005193596,0.0,-0.028104777,-0.0018234059,0.044339545,0.011202746,-0.0016075228,-0.015850056,-0.07603583,-0.45212737,-3.6375613,-0.0821958,-0.015331288,0.0022632945,-0.0067521515,0.0,-0.025486521,-0.010884961,0.0,0.0,0.006190894,-0.013354607,-0.011595988,0.0021919818,0.009768339,-0.049345143,0.0,0.024064984,-0.02181326,0.010796209,-0.016258009,0.0,-0.004910699,-0.096528,-0.03193346,-0.16354227,0.0,0.0009484194,0.0,0.0,-0.009978283,-0.0068245563,0.30035925,0.06001917,0.0,0.0,0.004989218,-0.007505075,-0.6822098,0.0,0.0,0.0,-0.007291176,-0.01387714,0.0042117094,-0.008368065,0.0,0.0,0.0,0.0,0.0,0.0,-0.042403925,-0.029465904,-0.11644781,-0.0040095923,0.0,0.0003632445,0.0,0.0,0.0,-0.020265544,-0.065098524,0.08094713,-0.07435277,-0.059470236,0.0,-0.15898421,0.03625869,-0.17005458,-0.012805905,0.2780824,-0.00045694434,-0.0021497128,-0.02431656,-0.0017264234,-0.035171278,0.0025172303,0.00441828,-0.008383492,0.0005174588,-0.030590259,-0.037052363,-0.009713415,-0.40659526,-0.017196286,0.0,0.071989685,0.0,-0.024919894,-0.016078759,0.0021913787,-0.04727631,0.6687316,-0.009148898,-0.87109774,0.06433793
W0000382,-0.0015967066,0.0,-0.033620294,-0.009109696,-0.07489953,0.030638684,0.0055589164,0.050265502,-0.05500208,0.47863528,1.6226264,0.109705254,0.0016518887,0.073337235,0.014999724,0.0,0.028852962,0.010904469,0.0,0.0,0.014723286,0.004638333,-0.0028422372,0.012418347,-0.022221562,0.058284376,0.0,0.040641867,0.019999173,0.087037824,-0.016258009,0.0,0.021705925,-0.13894324,0.045334123,0.18614514,0.0,0.0026750115,0.0,0.0,0.0025782639,0.0075859367,0.4644701,0.17285365,0.0,0.0,0.012527429,0.04725268,0.4793269,0.0,0.0,0.0,0.00968484,0.019474573,-0.002682825,0.0033516898,0.0,0.0,0.0,0.0,0.0,0.0,-0.019758182,0.011641865,0.17770873,0.009046914,0.0,0.0016667963,0.0,0.0,0.0,-0.02267664,-0.058223985,0.04592073,-0.15088496,0.061163533,0.0,0.21380003,0.027226776,0.13305856,0.0038240189,-0.8635795,0.011020099,0.0005866099,-0.011406962,0.018950757,-0.091060705,0.0077347625,0.018819373,0.0023848964,0.0026562288,0.037302777,0.031686444,-0.11013068,0.5211378,-0.007963465,0.0,-0.18304405,0.0,-0.022650335,0.020698454,-0.018349694,-0.031075153,-0.3625908,-0.002720084,0.26774538,0.007493295
W0000383,-0.005193596,0.0,-0.018313192,-0.027784463,0.05589357,-0.09528437,-0.021603066,-0.005090473,0.004565106,-0.99084115,-3.5505598,0.062156573,0.030059688,-0.1767255,-0.014773394,0.0,-0.020208191,-0.010884961,0.0,0.0,-0.025618372,-0.013354607,-0.0065768547,0.0016317765,-0.0010722121,-0.07176107,0.0,-0.09378128,0.031219225,-0.07488432,-0.016258009,0.0,-0.004910699,0.058520712,-0.030909847,0.06420487,0.0,-0.009038018,0.0,0.0,0.0015274035,-0.02280538,-0.42389247,-0.12857336,0.0,0.0,0.0032665387,-0.020076072,0.34110457,0.0,0.0,0.0,-0.0038060301,0.007052985,-0.006987485,0.020668365,0.0,0.0,0.0,0.0,0.0,0.0,-0.036196228,0.0026166346,-0.16228569,0.0019520449,0.0,0.00056099845,0.0,0.0,0.0,-0.023934359,0.06512083,-0.06284054,-0.13337493,0.058788836,0.0,-0.16576675,-0.04387956,-0.17005458,0.009762255,-0.70482874,-0.010083089,-0.00038644386,0.00958937,-0.0032036365,-0.085366406,-0.014956588,-0.028403476,-0.025923083,0.0005174588,0.035528224,0.021274664,0.015775217,-0.40456024,-0.002744033,0.0,-0.091711,0.0,-0.082552224,-0.016078759,0.0020849817,-0.03719843,-0.46448046,-0.009148898,0.08675817,-0.008608909
W0000384,-0.005193596,0.0,0.003783389,-0.008133095,0.043651678,0.0062213233,-0.003387034,-0.0002217642,-0.037692413,-0.9492279,-3.4485464,0.062156573,0.020318775,0.034238275,0.014705296,0.0,-0.020208191,0.010904469,0.0,0.0,-0.013504954,-0.004518023,-0.012567392,-0.006744347,-0.021420643,-0.079559006,0.0,-0.05401537,-0.02181326,-0.10205434,-0.016258009,0.0,-0.004910699,0.058410674,-0.040926676,0.04587716,0.0,0.00064800854,0.0,0.0,0.0025798192,0.0030725633,-0.39508647,-0.108934514,0.0,0.0,-0.016195616,-0.011138969,0.3919801,0.0,0.0,0.0,-0.0038060301,-0.00903951,-0.0071581313,0.020577531,0.0,0.0,0.0,0.0,0.0,0.0,-0.035401005,0.013672152,-0.17216852,0.003377371,0.0,0.0003632445,0.0,0.0,0.0,-0.023934359,-0.05268158,-0.04345298,-0.092731535,-0.049514975,0.0,-0.17176317,-0.07693165,-0.164164,-0.0015058166,0.23012815,-0.0107190125,-0.00038644386,-0.0071708187,-0.022520171,-0.078026995,0.002375957,0.0050176117,-0.030057218,-0.004514899,-0.03046313,0.025584772,-0.022202047,0.34170246,0.0026547555,0.0,-0.09264378,0.0,-0.035549365,-0.016078759,-0.013024451,-0.041555766,-0.48626024,-0.009148898,-0.78632593,-0.22987503
W0000385,-0.0015967066,0.0,-0.03012453,-0.009767207,-0.124692425,-0.14079782,-0.049873527,-0.20511805,-0.044782534,0.3908945,1.7675804,0.063203126,-0.103385985,-0.30114523,-0.0155579,0.0,-0.011496477,-0.010884961,0.0,0.0,-0.02703094,0.00070057716,-0.028017184,-0.056174483,-0.050731998,-0.07517827,0.0,0.010794528,0.019999173,-0.11170447,0.028596843,0.0,-0.0014661357,-0.104528554,0.013399998,0.16304725,0.0,-0.010447072,0.0,0.0,0.0025782639,0.004673285,-0.6355512,-0.3766745,0.0,0.0,0.005965986,-0.05289725,0.4500156,0.0,0.0,0.0,-0.0060421485,-0.048253976,-0.018059753,0.0022196108,0.0,0.0,0.0,0.0,0.0,0.0,-0.039995633,0.010600343,-0.15171666,0.003398105,0.0,0.0007141389,0.0,0.0,0.0,-0.049394682,0.068028264,-0.009657427,-0.32038844,-0.066435106,0.0,-0.20165797,-0.22498177,0.1536821,-0.026309134,-0.93758094,-0.0057603745,-0.001044347,-0.05496145,-0.031125134,-0.1345806,-0.013162832,-0.020055607,0.061001875,0.0009225488,-0.02881604,-0.03913488,0.14442573,-0.6020638,-0.0023990069,0.0,-0.100259446,0.0,0.0034747822,-0.032830574,0.0038568433,0.04408995,-0.46248493,-0.002720084,0.14795408,0.028227907
W0000386,-0.005193596,0.0,-0.030230567,-0.002592119,-0.06405507,0.006583103,-0.0016075228,0.0010533738,-0.057248726,-0.8080329,-2.9595664,0.060077816,0.025248531,-0.028084781,-0.015280576,0.0,-0.015068833,-0.010884961,0.0,0.0,-0.047443993,-0.004518023,-0.01055101,-0.006744347,0.010951385,-0.08405269,0.0,0.027661012,-0.014569342,-0.083979264,-0.016258009,0.0,-0.004910699,0.058410674,0.06342879,0.07349286,0.0,0.00064800854,0.0,0.0,-0.003941606,0.0030725633,-0.36001036,-0.0741961,0.0,0.0,0.002931285,-0.019258993,-0.6243349,0.0,0.0,0.0,-0.0038060301,0.0043680486,-0.0071581313,-0.014364039,0.0,0.0,0.0,0.0,0.0,0.0,-0.031137533,0.008386426,-0.15212181,0.0019520449,0.0,0.0003632445,0.0,0.0,0.0,-0.027740099,-0.065098524,-0.049896304,-0.18175656,0.054669,0.0,-0.16326247,-0.0144032575,0.13051146,-0.004685431,-0.54818034,-0.01626535,-0.0010022561,0.028087135,-0.023669658,-0.063643835,-0.0037247194,0.0042169206,-0.030215874,0.0003778614,-0.001631124,-0.037803706,-0.11095585,-0.39776936,-0.0059473384,0.0,-0.08353352,0.0,-0.02321621,-0.016078759,0.0019287223,-0.05814499,-0.51329786,-0.009148898,-0.77903837,-0.17809165
W0000387,-0.005193596,0.0,-0.0531556,-0.0033001266,-0.13762932,0.0094258385,-0.0016075228,-0.015852872,-0.07294443,-1.1125656,-0.2574242,0.05292306,0.021855678,-0.24627763,-0.006205774,0.0,-0.025312264,-0.010884961,0.0,0.0,-0.025576102,-0.013354607,-0.0068884687,-0.024776986,-0.00028642453,-0.0689677,0.0,0.04022684,-0.02181326,0.024641935,-0.016258009,0.0,-0.004910699,0.060411938,-0.03642754,-0.17609139,0.0,0.0009484194,0.0,0.0,-0.009978283,0.0030546004,0.3019699,0.105367556,0.0,0.0,-0.059703927,-0.052271377,0.43411893,0.0,0.0,0.0,-0.017717667,-0.03838982,-0.015030614,0.0033835126,0.0,0.0,0.0,0.0,0.0,0.0,-0.045054328,-0.036649093,-0.12839429,-0.0040095923,0.0,0.00056099845,0.0,0.0,0.0,-0.025585962,-0.057142384,-0.040631354,-0.20605364,-0.051542465,0.0,-0.1977243,-0.019370854,-0.19965363,-0.017176626,-0.54877216,-0.0071662343,0.001080007,-0.046216324,-0.015589808,-0.08804687,-0.035860494,-0.0528223,-0.118232965,0.0009225488,-0.03046313,-0.061751626,-0.11798441,-0.59843886,-0.02010266,0.0,-0.1676447,0.0,-0.0496726,-0.016078759,0.0055634966,-0.06826559,0.36872682,-0.009148898,-0.2940057,0.0633442
W0000388,-0.005193596,0.0,0.0139195025,-0.019475443,0.03790861,-0.048866432,-0.027404219,0.008168645,-0.070990846,-0.83464915,-2.9497595,0.0595166,0.020008493,0.04756794,0.015505506,0.0,-0.020208191,0.010904469,0.0,0.0,-0.047443993,-0.004518023,-0.018486653,-0.006744347,-0.020760506,0.08727175,0.0,-0.057967216,-0.02181326,-0.083979264,-0.016258009,0.0,-0.004910699,-0.045182608,-0.040926676,-0.16681083,0.0,0.0009484194,0.0,0.0,-0.0023350685,-0.009236959,-0.3627852,-0.046372578,0.0,0.0,0.0027903432,-0.01935573,-0.6525155,0.0,0.0,0.0,-0.0038060301,-0.010928034,-0.0071581313,-0.007851033,0.0,0.0,0.0,0.0,0.0,0.0,-0.03674731,0.010216362,-0.15212181,0.0019520449,0.0,0.0003632445,0.0,0.0,0.0,-0.027740099,-0.062079072,0.034159422,-0.1687794,0.05346087,0.0,0.1669445,-0.05959192,-0.17005458,-0.0048522186,-0.5442324,-0.01626535,-0.0010022561,-0.036502305,-0.004613805,-0.0358091,-0.004520991,0.00410684,-0.03212573,-0.0029566854,-0.03046313,-0.04297116,0.049390465,-0.40247557,-0.002744033,0.0,0.012349206,0.0,-0.024235101,-0.016078759,0.0019287223,-0.05099695,-0.49368283,-0.009148898,-0.71013683,-0.20939313
W0000389,-0.005193596,0.0,0.017034013,-0.01693762,0.047491543,-0.076072164,-0.0271286,-0.005287679,-0.05143453,-0.9438044,-3.5840275,0.05843263,0.022269376,0.026702842,0.014705296,0.0,-0.015068833,-0.010884961,0.0,0.0,-0.016218254,-0.013354607,-0.011595988,-0.006744347,0.005994002,-0.0789903,0.0,0.024546769,-0.02181326,-0.087723404,-0.016258009,0.0,-0.004910699,-0.07253214,-0.03895516,-0.17346552,0.0,0.0009484194,0.0,0.0,-0.0039439844,0.0030725633,-0.221065,0.008345816,0.0,0.0,0.0030672103,0.0005515986,0.42126864,0.0,0.0,0.0,-0.0038060301,0.0071352506,-0.0069115944,-0.014516785,0.0,0.0,0.0,0.0,0.0,0.0,-0.036196228,0.017670471,-0.16286133,0.0019520449,0.0,0.0003632445,0.0,0.0,0.0,-0.023934359,-0.05268158,-0.04303785,0.022084892,-0.049514975,0.0,0.17548868,-0.076967426,-0.17005458,-0.004576602,0.30266887,-0.0107190125,-0.00038644386,-0.0077130655,-0.01710743,-0.030247279,-0.00858568,0.0039054807,-0.031131372,0.0003778614,-0.001631124,-0.037803706,-0.094850704,-0.374898,0.0021426994,0.0,0.006433186,0.0,-0.03803818,-0.016078759,0.0019287223,-0.05099695,-0.49152866,-0.009148898,-0.8026003,-0.21464133
W0000390,-0.005193596,0.0,-0.029178884,0.0009324443,-0.053121585,-0.07300333,-0.01974777,-0.014196873,-0.07751088,-0.8086622,-3.4247339,0.050333783,0.0176459,0.02128172,-0.015280576,0.0,-0.025312264,-0.010884961,0.0,0.0,0.00768611,-0.013354607,-0.011816551,-0.006744347,0.011169806,-0.093897305,0.0,0.035598077,-0.02181326,-0.0983102,-0.016258009,0.0,-0.004910699,-0.046143346,-0.03895516,-0.17346552,0.0,0.0009484194,0.0,0.0,-0.0039439844,-0.009236959,0.12326857,0.04655249,0.0,0.0,0.0029432087,-0.0076018106,-0.6820575,0.0,0.0,0.0,-0.007291176,-0.014795758,-0.0029132469,0.020494755,0.0,0.0,0.0,0.0,0.0,0.0,-0.039954785,-0.029465904,-0.17010662,-0.0069372794,0.0,0.0003632445,0.0,0.0,0.0,-0.018552173,-0.065098524,0.034159422,-0.08367551,0.06887859,0.0,-0.15905243,-0.0738839,-0.16515389,-0.0016726046,0.26701215,-0.01626535,-0.0010022561,-0.018364582,-0.028635226,-0.019292165,-0.003562016,-0.010304623,-0.02343671,-0.004514899,-0.001631124,-0.04297116,-0.10426091,0.29595077,-0.02010266,0.0,-0.06956445,0.0,-0.007908323,-0.016078759,0.0016836827,-0.041555766,-0.5188934,-0.009148898,-0.81257486,-0.24145906
W0000391,-0.005193596,0.0,0.0139195025,-0.017838616,0.04031404,-0.05926604,-0.007769957,0.018352935,0.002271451,-0.86429787,-3.301332,0.0595166,0.018725727,0.064028345,0.015505506,0.0,0.01904458,0.010904469,0.0,0.0,-0.044730693,-0.004518023,-0.0152372075,-0.006744347,-0.008887105,-0.072481275,0.0,0.03387557,-0.02181326,-0.091733724,-0.016258009,0.0,-0.004910699,0.058410674,-0.040926676,0.042616006,0.0,0.00064800854,0.0,0.0,0.0015274035,0.0030725633,-0.42709848,-0.08860833,0.0,0.0,0.0032769656,0.0159557,-0.48836213,0.0,0.0,0.0,0.0020804543,-0.01064095,-0.0071581313,0.020577531,0.0,0.0,0.0,0.0,0.0,0.0,0.06532767,0.009427947,0.1646071,0.003377371,0.0,0.0003632445,0.0,0.0,0.0,-0.027740099,-0.06723228,-0.06056392,-0.121855296,-0.053716056,0.0,0.17538925,-0.04605993,-0.1575335,-0.009155159,-0.49361438,-0.017466415,-0.00038644386,-0.020788055,0.024311723,-0.0666022,0.0014787507,-0.009795635,-0.033139013,0.00057699945,0.027511783,0.023816545,-0.12179543,0.32858467,-0.015052976,0.0,0.06702062,0.0,-0.034659427,-0.016078759,0.0019287223,-0.026481416,-0.4520058,-0.009148898,-0.76698834,-0.21117447
W0000392,-0.005193596,0.0,-0.031839695,-0.0022988962,0.045926243,0.005905862,-0.0016075228,-0.015852872,-0.070182025,-0.9511683,-3.8094532,0.052816674,0.022269376,0.024470262,0.015036006,0.0,-0.027471712,-0.010884961,0.0,0.0,0.009910832,-0.013354607,-0.011595988,-0.006744347,0.013851616,-0.0789903,0.0,0.034480345,-0.02181326,0.028791897,-0.016258009,0.0,-0.004910699,-0.046143346,-0.03895516,-0.17346552,0.0,0.0009484194,0.0,0.0,-0.0039439844,0.0030725633,0.28157133,0.07107487,0.0,0.0,0.003738862,-0.008665432,0.36450875,0.0,0.0,0.0,-0.007291176,-0.017977335,0.0042117094,-0.008285031,0.0,0.0,0.0,0.0,0.0,0.0,-0.036196228,-0.054703124,-0.17440417,-0.0040095923,0.0,0.00056099845,0.0,0.0,0.0,-0.018681977,0.074798994,-0.043179367,-0.19689175,-0.049514975,0.0,0.17564498,-0.08270296,-0.1732642,-0.004685431,0.2175822,-0.0107190125,-0.00038644386,-0.03610955,-0.032308336,0.046584144,-0.015223706,0.0044215415,-0.00777652,0.0003778614,0.035655692,-0.04980395,-0.10652761,-0.39488795,0.0053460044,0.0,-0.10275465,0.0,-0.024919894,-0.035245765,-0.018717118,-0.04482386,-0.45597404,-0.009148898,-0.69826454,-0.21883342
W0000393,-0.005193596,0.0,-0.022620855,-0.009925952,-0.12321134,0.0131033715,-0.00015866151,0.019673016,-0.065630525,-1.1457098,-0.78012294,0.062156573,-0.02154243,0.015160189,-0.014734199,0.0,0.01904458,0.010904469,0.0,0.0,-0.02703094,-0.004518023,-0.024969831,0.0003551063,-0.009911137,-0.074053764,0.0,0.037417486,0.019999173,-0.14416735,0.028596843,0.0,-0.004910699,-0.045612447,0.026430523,0.14649889,0.0,-0.009038018,0.0,0.0,0.0025782639,-0.02280538,-0.57291937,-0.2557114,0.0,0.0,0.0076600183,-0.007523399,0.4256358,0.0,0.0,0.0,0.0033027628,-0.007183076,-0.018059753,-0.016197342,0.0,0.0,0.0,0.0,0.0,0.0,0.07624288,0.011641865,0.14708345,0.0019520449,0.0,0.00056099845,0.0,0.0,0.0,-0.030998282,-0.057142384,-0.051004518,-0.3128185,0.067510664,0.0,0.18461281,0.009068926,-0.1920332,-0.015877243,-1.0111977,-0.008549634,-0.0005672409,0.006742627,-0.044639494,-0.054809716,-0.005725737,-0.064813875,-0.04100529,0.0009225488,-0.020960055,-0.054502424,-0.11904485,-0.5657215,-0.015052976,0.0,-0.09412748,0.0,-0.03282059,-0.016078759,0.004397517,-0.03769963,-0.41354474,-0.009148898,0.14208761,0.035900988
W0000394,-0.005193596,0.0,-0.047857475,-0.002462389,0.04578688,0.011927316,-0.0055245566,0.0003561112,-0.06664562,0.0477202,-3.1631267,-0.15694861,-0.0059718275,0.036023863,-0.015280576,0.0,-0.015691405,-0.010884961,0.0,0.0,-0.044730693,-0.004518023,-0.0152372075,-0.0067202495,0.011370178,-0.101356916,0.0,0.03411183,-0.014569342,-0.09521897,-0.016258009,0.0,-0.004910699,-0.045163997,0.06342879,0.042616006,0.0,0.00064800854,0.0,0.0,-0.0039439844,-0.009236959,-0.41873688,-0.08428565,0.0,0.0,-0.028188203,-0.019258993,-0.73434967,0.0,0.0,0.0,-0.0038060301,0.0043680486,-0.0071581313,0.020730278,0.0,0.0,0.0,0.0,0.0,0.0,-0.04616248,0.015456553,-0.18121193,0.009046914,0.0,0.0003632445,0.0,0.0,0.0,-0.0017449814,-0.065098524,0.038498215,-0.11976142,0.05346087,0.0,0.17998731,-0.07156821,-0.16515389,-0.0015058166,-0.26345333,-0.01619195,-0.0010022561,-0.045047738,0.00894973,-0.06601262,0.0024017747,-0.02979075,-0.03685811,-0.004514899,-0.03046313,0.015150379,-0.12975892,0.34589046,-0.022793908,0.0,-0.07917925,0.0,-0.034659427,-0.016078759,0.0019287223,-0.031717405,-0.5794546,-0.002720084,-0.83510584,-0.22637302
W0000395,-0.005193596,0.0,-0.029156458,-0.000645434,-0.067182094,0.006393931,-0.0017368491,-0.014196873,-0.07365596,-0.6069746,-3.4667923,0.050333783,0.02065805,-0.19164726,-0.015280576,0.0,-0.025312264,-0.010884961,0.0,0.0,-0.04622591,-0.013354607,-0.011595988,-0.016974978,0.0056897425,-0.092258886,0.0,-0.0003901273,-0.02181326,0.019951375,-0.016258009,0.0,-0.004910699,0.058532454,-0.03193346,-0.17346552,0.0,0.0009484194,0.0,0.0,-0.0039439844,-0.009236959,0.2934358,0.06880159,0.0,0.0,-0.03585041,0.004029788,-0.81177294,0.0,0.0,0.0,-0.007291176,0.0046551325,0.0042117094,-0.007576673,0.0,0.0,0.0,0.0,0.0,0.0,-0.03734523,-0.0054861456,-0.17176662,0.0019520449,0.0,0.0003632445,0.0,0.0,0.0,-0.020265544,-0.065098524,-0.049422324,0.038364515,-0.054924183,0.0,-0.16124065,-0.079057485,0.13051146,-0.010353383,0.26400676,-0.0010749539,-0.0010022561,0.0073400885,0.026544088,-0.0342811,0.0022394236,0.00441828,-0.009841367,0.0005174588,-0.03046313,-0.04259735,-0.12358214,-0.38659176,-0.017196286,0.0,-0.07746269,0.0,-0.024919894,-0.016078759,0.0021913787,-0.04937469,-0.4782759,-0.009148898,-0.8111453,0.060450286
W0000396,-0.005193596,0.0,-0.0004300624,-0.02380571,-0.065606475,-0.0627551,-0.02434453,0.018726606,-0.030379258,-0.951935,-3.700653,0.06271779,0.02198768,-0.16938233,0.015036006,0.0,-0.015068833,-0.010884961,0.0,0.0,-0.007682597,0.046866376,0.011471686,0.0021065255,-0.052922383,-0.076657556,0.0,-0.0607318,0.019999173,-0.11204462,0.028596843,0.0,-0.004910699,0.0578916,0.041890994,0.17743118,0.0,0.0004783984,0.0,0.0,0.0025782639,0.0075859367,-0.41587147,-0.11753799,0.0,0.0,0.0033352266,0.0170061,0.3439623,0.0,0.0,0.0,-0.0038060301,-0.00831875,-0.006987485,-0.007973718,0.0,0.0,0.0,0.0,0.0,0.0,-0.035401005,0.013802314,-0.15672953,0.003377371,0.0,0.00056099845,0.0,0.0,0.0,-0.025547964,0.074798994,-0.06284054,-0.15922536,0.063173935,0.0,-0.16956992,-0.011129335,-0.164164,-0.0013969879,-0.6897012,0.0012678755,-0.00058494485,-0.019870102,-0.025148412,0.079077706,-0.012515012,0.006686699,-0.022328014,0.00093730603,-0.03046313,-0.038827285,-0.10064861,0.36520004,-0.002744033,0.0,-0.09105384,0.0,-0.038183942,-0.016078759,0.0026100148,-0.025128864,-0.43810084,-0.009148898,-0.025360763,0.05968587
W0000397,-0.005193596,0.0,0.003783389,-0.01693762,-0.018061973,-0.060541064,-0.0271286,-0.036421854,-0.0040404424,-0.8959435,-3.3793309,0.060561754,0.029040601,0.03158876,0.014705296,0.0,0.01904458,0.010904469,0.0,0.0,0.010580061,-0.0055564484,-0.011904441,-0.016730877,-0.021364573,-0.075510435,0.0,-0.062262207,-0.02181326,-0.086262494,-0.016258009,0.0,-0.004910699,-0.046143346,-0.033904977,0.07349286,0.0,0.00064800854,0.0,0.0,0.0025782639,-0.0068245563,-0.4393049,-0.12457657,0.0,0.0,0.0031231637,-0.0019125352,0.33046567,0.0,0.0,0.0,0.0020804543,0.007428392,-0.0071581313,-0.014516785,0.0,0.0,0.0,0.0,0.0,0.0,0.053531595,0.0148438355,0.14708345,0.0019520449,0.0,0.0003632445,0.0,0.0,0.0,0.038893744,-0.05268158,-0.01780098,-0.16531044,-0.05428697,0.0,0.17453478,0.020995691,0.14026044,-0.012697076,-0.630898,-0.020536523,0.0003996393,-0.020048719,-0.004613805,0.07276665,0.0025156173,0.0039054807,-0.0357383,0.0003778614,-0.009775031,-0.053171247,-0.108337015,-0.38714054,-0.0065361145,0.0,0.06640182,0.0,-0.04302557,-0.035245765,0.0019287223,-0.05814499,-0.43901676,-0.009148898,-0.6976294,-0.036400624
W0000398,-0.0015967066,0.0,-0.020236902,0.00032329792,-0.060902927,0.034220442,0.012501506,-0.023397204,0.081181176,0.4079114,2.4331362,-0.1686859,-0.11070789,-0.14383698,-0.006205774,0.0,-0.025248786,-0.010884961,0.0,0.0,-0.007640326,-0.01766783,0.00097216817,0.0069906553,0.03734935,-0.06662619,0.0,-0.20483726,-0.02181326,-0.087740205,-0.010347058,0.0,-0.0014661357,-0.036813,-0.028105576,-0.14951387,0.0,0.0026750115,0.0,0.0,-0.0039439844,-0.0067900475,0.28745455,0.11419073,0.0,0.0,-0.006376881,-0.0061196396,0.53035825,0.0,0.0,0.0,-0.017717667,-0.034769982,-0.015030614,-0.0048907585,0.0,0.0,0.0,0.0,0.0,0.0,-0.039995633,-0.036649093,-0.10070115,-0.018582787,0.0,0.0016667963,0.0,0.0,0.0,-0.01666718,-0.0526585,-0.0947748,0.15603465,-0.057267386,0.0,-0.16471054,-0.107552096,0.14659476,-0.011713543,0.41726243,-0.0014202287,0.001080007,0.015468529,0.02596483,-0.09758428,-0.04329759,-0.039228998,-0.15957236,0.0026562288,-0.030075595,-0.028322473,0.12753509,0.2766439,0.005427352,0.0,0.09022647,0.0,-0.024684863,0.01600558,-0.031279046,-0.0736853,0.78619784,0.021213012,0.2612541,0.105919056
W0000399,-0.005193596,0.0,0.008725523,-0.02380571,-0.077277705,-0.07070495,-0.0271286,-0.036023084,0.0029164143,-0.9213622,-3.6174366,0.060561754,0.00962307,0.04606519,0.014705296,0.0,0.01904458,0.010904469,0.0,0.0,0.0011799433,-0.0055564484,-0.012172071,0.0021065255,-0.020609744,-0.072481275,0.0,0.020229697,0.019999173,-0.081146926,-0.016258009,0.0,-0.004910699,-0.04580485,0.041890994,0.16700378,0.0,0.00064800854,0.0,0.0,0.0025782639,-0.0068245563,-0.4332384,-0.14350447,0.0,0.0,0.0034688194,-0.023106862,0.33653647,0.0,0.0,0.0,0.0020804543,-0.008746369,-0.006987485,-0.007973718,0.0,0.0,0.0,0.0,0.0,0.0,0.053531595,0.011641865,0.15831573,0.0019520449,0.0,0.00056099845,0.0,0.0,0.0,-0.023934359,-0.05268158,-0.05250319,0.006229289,-0.055269156,0.0,0.17694585,0.023685316,0.14026044,-0.012697076,-0.67736006,0.0007121358,-0.00038644386,-0.020048719,0.02440382,-0.04307236,0.001976684,0.0055714343,-0.03399027,0.0005174588,0.027511783,0.034250937,-0.103654206,-0.412676,-0.0065361145,0.0,0.06694583,0.0,-0.04030291,-0.016078759,0.0026100148,-0.030876148,-0.39182693,-0.009148898,-0.38762155,0.032217428
W0000400,-0.005193596,0.0,-0.034559038,0.002701738,-0.043283686,-0.093434945,-0.016981345,-0.0002217642,-0.056603767,-0.8680895,-3.2749908,0.034445394,0.011171658,0.031676482,-0.014416139,0.0,-0.015068833,-0.010884961,0.0,0.0,-0.013504954,-0.004518023,-0.011904441,-0.006744347,-0.011843072,-0.072481275,0.0,-0.05973927,-0.02181326,-0.087723404,-0.016258009,0.0,-0.004910699,-0.077827886,-0.040926676,0.15578687,0.0,0.00064800854,0.0,0.0,0.0025782639,0.0022701065,-0.3837555,-0.12550104,0.0,0.0,-0.021044886,-0.02190766,0.34345597,0.0,0.0,0.0,-0.0038060301,0.0064144908,-0.0071581313,-0.008285031,0.0,0.0,0.0,0.0,0.0,0.0,-0.03734523,0.011641865,-0.1593671,0.003377371,0.0,0.0003632445,0.0,0.0,0.0,-0.023934359,-0.047059264,-0.052638438,0.06838495,-0.057275884,0.0,0.16878965,-0.01483498,0.12058102,-0.004685431,-0.6649747,-0.0107190125,-0.00038644386,-0.020048719,0.023803463,-0.09222244,-0.008748383,-0.0010844865,-0.034885164,0.00057699945,-0.03046313,-0.04297116,0.12491688,-0.14250413,-0.00041824486,0.0,0.06724959,0.0,-0.04302557,-0.016078759,0.0019287223,-0.030876148,-0.47896552,-0.009148898,-0.722381,-0.21096098
W0000401,-0.005193596,0.0,0.0153710265,-0.025375696,0.05334098,-0.10095725,-0.018148143,-0.036049888,-0.0052370876,-0.92883503,-3.34674,0.054979503,0.028413039,0.014926481,0.008267291,0.0,0.01904458,0.010904469,0.0,0.0,-0.056844108,0.04582795,-0.0007972112,-0.016730877,-0.020104412,-0.0419614,0.0,0.037445873,0.019999173,-0.06755151,0.028596843,0.0,-0.004910699,0.05958747,0.041890994,0.16805845,0.0,0.0004783984,0.0,0.0,0.0015274035,0.004673285,-0.44421858,-0.100632325,0.0,0.0,-0.026710201,-0.019091466,-0.64415884,0.0,0.0,0.0,0.0020804543,-0.016124653,-0.006987485,-0.00704851,0.0,0.0,0.0,0.0,0.0,0.0,0.06398136,0.0091748405,0.112985246,0.0019520449,0.0,0.00056099845,0.0,0.0,0.0,0.04371243,0.08311522,-0.044428337,-0.15508631,-0.06515381,0.0,-0.16320571,-0.063093655,-0.16564378,-0.012491887,-0.5552223,-0.006143297,-0.0021497128,-0.021769939,-0.025887195,-0.026276022,-0.004544034,-0.013472579,-0.028714685,-0.004049004,-0.009775031,-0.05071841,-0.10175891,-0.44719437,-0.0059473384,0.0,0.08111633,0.0,-0.03282059,-0.016078759,0.0025204332,-0.03457005,0.3751282,-0.009148898,0.092832975,0.034471463
W0000402,-0.0015967066,0.0,-0.017933583,-0.002672437,-0.026365517,-0.16432768,0.004028127,-0.10385154,-0.060974076,0.33696508,1.9594357,-0.037052058,0.004672814,-0.34432998,0.01684472,0.0,0.009134244,-0.010884961,0.0,0.0,0.06658515,0.00070057716,-0.004626778,-0.011257054,-0.042011708,-0.124589555,0.0,-0.20427051,-0.02181326,-0.14739788,-0.010347058,0.0,-0.0014661357,0.063364975,-0.0794171,-0.16479678,0.0,0.0026750115,0.0,0.0,-0.0039439844,-0.02280538,-0.58116984,-0.14320865,0.0,0.0,0.005808557,-0.0009251381,-1.1674117,0.0,0.0,0.0,0.0033027628,0.012723371,-0.018059753,0.0036272635,0.0,0.0,0.0,0.0,0.0,0.0,-0.052172698,-0.032023966,0.15313365,-0.018582787,0.0,0.0006143799,0.0,0.0,0.0,-0.04790754,-0.1145683,-0.048338763,-0.24337657,0.084978096,0.0,-0.12523997,-0.12635185,-0.1675075,-0.0015182241,0.24099062,-0.010531347,-0.0020473734,-0.06261233,-0.0091801705,0.030890938,-0.037681926,0.019779267,-0.095771536,0.0026562288,0.036092103,-0.07099766,-0.17719048,0.45456278,-0.03451601,0.0,0.071423024,0.0,-0.025028074,0.01600558,0.0065681133,-0.0626502,-0.5565157,-0.002720084,-0.3084406,-0.22173917
W0000403,-0.0015967066,0.0,-0.03420866,-0.008608842,-0.06506708,0.038277324,0.0055589164,0.020563228,0.019506548,0.47372222,2.482486,0.11041695,0.0071981875,0.12829633,0.014999724,0.0,-0.028997699,0.010904469,0.0,0.0,-0.014917521,0.004638333,0.00097216817,-0.011413694,0.03734935,-0.07975314,0.0,0.043775737,-0.02181326,0.16245471,-0.010347058,0.0,-0.0014661357,-0.07698394,-0.060513504,-0.15943713,0.0,0.0026750115,0.0,0.0,-0.009978283,-0.02280538,0.45734686,0.15656456,0.0,0.0,0.010967822,0.011283761,0.5765834,0.0,0.0,0.0,0.00968484,0.01882948,-0.002682825,0.009763762,0.0,0.0,0.0,0.0,0.0,0.0,-0.025965877,0.017670471,-0.056841142,0.009046914,0.0,0.0016667963,0.0,0.0,0.0,-0.01666718,-0.0537401,-0.057878185,-0.07495927,-0.05160662,0.0,0.20042464,0.060162112,0.14686732,0.0038240189,0.32383034,0.011020099,-0.0005672409,0.019308588,0.02596483,-0.086286254,-0.013100843,0.019779267,0.002982419,0.0026562288,-0.019435946,0.024095446,0.040966876,0.5009574,0.0039706314,0.0,-0.08629142,0.0,-0.024684863,-0.014220053,0.007734093,-0.04394758,-0.39441285,-0.002720084,0.28557166,-0.51938564
W0000404,-0.005193596,0.0,-0.030230567,-0.002592119,-0.061088193,0.007059119,-0.0016075228,0.0005893032,-0.077708706,-0.7502199,-3.1711187,-0.009587637,0.012129708,0.05652877,0.015505506,0.0,-0.015068833,-0.010884961,0.0,0.0,-0.044730693,-0.013354607,-0.011904441,-0.006744347,0.011007456,-0.090922534,0.0,-0.05909068,-0.02181326,-0.083979264,-0.016258009,0.0,-0.004910699,-0.046143346,-0.040926676,-0.16354968,0.0,0.00064800854,0.0,0.0,-0.0039439844,-0.009236959,-0.38909522,-0.096741885,0.0,0.0,-0.025764477,-0.008490303,-0.65786016,0.0,0.0,0.0,-0.0038060301,0.0043680486,0.007814314,0.020730278,0.0,0.0,0.0,0.0,0.0,0.0,-0.036196228,-0.013151189,-0.17216852,0.003377371,0.0,0.0003632445,0.0,0.0,0.0,0.042374697,-0.06723228,0.0070822537,-0.091892764,0.056932848,0.0,0.17090319,-0.067162246,-0.17005458,-0.004685431,0.26600564,-0.012423094,-0.0010022561,-0.044756457,-0.0046031643,-0.038902517,0.0012670743,0.00441828,-0.030560557,0.00057699945,-0.001631124,0.015150379,-0.12006048,-0.14109792,-0.022793908,0.0,-0.07694783,0.0,-0.04302557,-0.035245765,0.0019287223,-0.05099695,-0.52024835,-0.009148898,-0.7904378,-0.21158455
W0000405,-0.005193596,0.0,0.0153710265,-0.025375696,0.032015204,-0.06275056,-0.033857405,0.029611498,-0.008728191,-0.82385236,-3.9495778,0.050176702,0.018141106,0.074673,0.017009752,0.0,0.028852962,0.010904469,0.0,0.0,-0.04622591,-0.004518023,-0.006943335,0.0021065255,-0.019740881,-0.0830702,0.0,-0.062325545,0.019999173,0.034017805,-0.016258009,0.0,-0.004910699,-0.046136476,0.046294466,0.15521285,0.0,-0.013227961,0.0,0.0,0.0015274035,0.0075859367,0.3412978,0.061174244,0.0,0.0,0.0037709787,0.01595312,-0.66684973,0.0,0.0,0.0,0.003985507,-0.015837569,-0.00247431,0.021175407,0.0,0.0,0.0,0.0,0.0,0.0,0.053531595,0.010216362,0.170658,0.003377371,0.0,0.00056099845,0.0,0.0,0.0,0.0393046,0.0013846289,-0.057144906,-0.09774053,-0.045940224,0.0,0.17636989,-0.043306507,0.12262343,-0.0091504045,-0.6081083,0.003560883,-0.0010022561,-0.014353771,0.031626955,0.055856347,-0.004194338,-0.018053683,0.000755894,0.00093730603,0.027511783,-0.061027616,-0.11314924,0.19934273,-0.012361728,0.0,-0.08048093,0.0,0.0030421219,-0.035245765,-0.018717118,-0.028556261,-0.39826787,-0.009148898,0.14247014,0.042277563
W0000406,-0.0015967066,0.0,-0.013849454,6.896397e-05,0.0608598,0.02890473,0.012763364,0.017231809,-0.046965472,0.36675593,2.3113718,0.12831736,0.0664136,-0.12158188,-0.015255883,0.0,-0.011496477,-0.010884961,0.0,0.0,-0.049196154,0.004638333,0.006348254,0.007547059,0.044078004,0.09456974,0.0,0.0485532,0.031219225,-0.024771502,0.028596843,0.0,-0.0014661357,-0.10088265,0.010468014,0.07499647,0.0,0.00113848,0.0,0.0,0.006526944,0.0075859367,-0.4486005,-0.1836999,0.0,0.0,0.012499368,0.008252639,-0.9709605,0.0,0.0,0.0,-0.0060421485,0.011608005,0.011106843,0.009763762,0.0,0.0,0.0,0.0,0.0,0.0,-0.033787936,0.012246649,-0.09765586,0.009046914,0.0,0.0016667963,0.0,0.0,0.0,0.07078723,0.10613427,0.04624495,-0.19139281,0.059549954,0.0,-0.17229582,0.073954694,0.120944865,0.003077602,0.28191096,-0.0075803106,0.0077241804,0.00973153,-0.040847473,0.05364953,-0.0077901906,0.016304078,0.016015425,0.0026562288,0.037302777,-0.025070084,-0.027777093,-0.112056255,-0.012270652,0.0,-0.09597332,0.0,0.0556025,-0.032830574,0.0006559617,0.05901859,0.8549504,0.021213012,0.2785478,0.09644881
W0000407,-0.005193596,0.0,-0.035985157,-0.0023988225,0.042610183,0.005117086,-0.0037525361,0.008390445,-0.070345886,-0.8989735,-3.388074,0.062156573,0.013497958,-0.008396886,-0.014416139,0.0,-0.020208191,-0.010884961,0.0,0.0,0.0126241315,-0.004518023,-0.0122589385,-0.006744347,0.005243938,-0.075510435,0.0,0.0276545,-0.02181326,-0.080725655,-0.016258009,0.0,-0.004910699,-0.046143346,-0.040926676,-0.16681083,0.0,0.0009484194,0.0,0.0,-0.0023350685,-0.0044427263,-0.364023,-0.07175003,0.0,0.0,-0.024748031,-0.019434122,0.29867518,0.0,0.0,0.0,-0.0038060301,-0.018159479,-0.0071581313,0.020015297,0.0,0.0,0.0,0.0,0.0,0.0,-0.034896087,-0.03076023,-0.17216852,-0.0069372794,0.0,0.0003632445,0.0,0.0,0.0,-0.006072666,-0.052212473,-0.06558016,-0.14939389,-0.054429237,0.0,-0.1635729,-0.040995605,0.14518557,-0.0015058166,-0.61218405,-0.0107190125,-0.00038644386,-0.03835864,0.023933312,-0.0693783,-0.00858568,-0.018891882,-0.045037337,0.00057699945,-0.001631124,0.015060063,-0.022387559,0.30866337,-0.002744033,0.0,-0.098023236,0.0,-0.035549365,-0.025540344,-0.0029993139,-0.03703981,-0.4877751,-0.009148898,-0.7055985,-0.22503525
W0000408,-0.0015967066,0.0,-0.009882828,-0.009579174,-0.11247122,0.03372968,0.009527161,-0.005800178,0.06184368,0.44698074,2.5035536,0.11776939,0.08687034,-0.061059833,-0.007029475,0.0,-0.011496477,-0.010884961,0.0,0.0,0.0021855016,-0.01766783,0.007925373,0.012418347,0.04989625,-0.06597905,0.0,0.030918436,0.019999173,0.02315361,-0.010347058,0.0,-0.0014661357,-0.036813,0.03482078,0.07028646,0.0,0.0026750115,0.0,0.0,0.006526944,0.002258628,-0.14876442,-0.19536024,0.0,0.0,-0.036928605,0.011283761,0.5797565,0.0,0.0,0.0,-0.0060421485,0.016905235,-0.0021356829,-0.0028905077,0.0,0.0,0.0,0.0,0.0,0.0,-0.039995633,-7.025711e-05,-0.09041059,0.003398105,0.0,0.0016667963,0.0,0.0,0.0,0.040670536,0.068501316,0.043285154,0.21898314,-0.057084244,0.0,-0.16249762,0.05947716,0.16361251,0.003077602,0.4198526,-0.011341563,-0.001044347,-0.013564329,0.01281647,0.027007602,0.0040596994,-0.05536008,-0.1716418,-0.0072187465,-0.019383885,-0.013692163,0.0636035,-0.42205605,0.0039706314,0.0,0.09598109,0.0,-0.011537781,-0.014220053,0.007734093,0.047304124,0.7657712,0.021213012,0.26250124,0.08238519
W0000409,-0.005193596,0.0,-0.026919805,-0.0012629303,-0.0650032,0.0069993176,-0.0017368491,-0.0060677812,-0.07751088,-0.83048594,-3.6205823,0.051759474,0.021009648,-0.038366348,-0.015280576,0.0,-0.015068833,-0.010884961,0.0,0.0,-0.054227203,-0.013354607,-0.010242557,0.0016317765,0.010421075,-0.0789903,0.0,-0.099105224,-0.02181326,-0.069125086,-0.016258009,0.0,-0.004910699,-0.07253214,-0.03193346,-0.17346552,0.0,0.0009484194,0.0,0.0,-0.0039439844,-0.0044427263,-0.23739226,0.049653,0.0,0.0,0.005138615,-0.010517307,-0.6232762,0.0,0.0,0.0,-0.0038060301,-0.009953683,0.008060851,-0.01209954,0.0,0.0,0.0,0.0,0.0,0.0,-0.03734523,-0.029465904,-0.17566277,-0.0040095923,0.0,0.00056099845,0.0,0.0,0.0,0.037966866,-0.065098524,0.035277445,-0.062168837,-0.055158343,0.0,-0.16353285,-0.08271645,0.14814846,-0.010498051,0.273173,-0.0010721304,-0.00038644386,-0.013049839,0.027562978,-0.043769456,0.0017564306,-0.00048727682,-0.044856567,0.0005174588,-0.0342741,0.015150379,-0.096434206,-0.42429015,-0.017196286,0.0,-0.11209339,0.0,-0.01822882,-0.016078759,0.0026100148,-0.06153557,-0.46068048,-0.009148898,-0.6708397,0.048944637
W0000410,-0.005193596,0.0,0.015475552,-0.01643768,0.05461321,-0.066589504,-0.028642168,0.018502448,0.0001374716,-0.92114437,-3.5746284,0.059214287,0.028880827,-0.15946957,-0.0058877137,0.0,0.01904458,0.010904469,0.0,0.0,-0.025618372,-0.004518023,-0.00096524507,-0.014588696,-0.020826112,-0.067243725,0.0,0.02062662,0.031219225,-0.062318884,0.028596843,0.0,0.07270218,-0.08572297,-0.014969227,0.13712618,0.0,0.00064800854,0.0,0.0,0.0025782639,-0.009182955,-0.4090883,-0.12674724,0.0,0.0,-0.013063846,0.0170061,0.3435248,0.0,0.0,0.0,0.0020804543,-0.010381993,-0.006987485,0.009950048,0.0,0.0,0.0,0.0,0.0,0.0,0.06484375,0.010600343,0.12264741,0.0019520449,0.0,-0.010462886,0.0,0.0,0.0,-0.025547964,-0.052212473,-0.05250319,-0.16673666,0.057654627,0.0,-0.07437681,-0.072619505,0.14026044,-0.004576602,-0.6679094,-0.0071662343,-0.00058494485,-0.038080346,-0.015959932,-0.060220573,0.0025156173,-0.012898594,-0.075168386,0.0005174588,-0.020960055,0.020186245,-0.10471143,-0.41247228,-0.0059473384,0.0,0.08047555,0.0,-0.028727047,-0.016078759,0.0021407122,-0.048058514,0.3860504,-0.009148898,0.021758864,0.04224735
W0000411,-0.005193596,0.0,0.003783389,-0.01693762,0.03424684,-0.057967305,-0.027404219,0.008390445,-0.056603767,-0.88560593,-3.2403927,0.062156573,0.020964287,0.034431048,0.014705296,0.0,0.01904458,0.010904469,0.0,0.0,-0.0010558497,-0.004518023,0.016973153,-0.021260915,0.011311716,-0.072481275,0.0,0.034769602,-0.02181326,-0.08946754,-0.016258009,0.0,-0.004910699,-0.046143346,-0.040926676,0.042616006,0.0,0.0004783984,0.0,0.0,-0.0023350685,-0.009236959,-0.4174062,-0.08618968,0.0,0.0,0.003352475,-0.022004396,0.30751127,0.0,0.0,0.0,0.0020804543,-0.008746369,-0.0071581313,-0.008086555,0.0,0.0,0.0,0.0,0.0,0.0,-0.030539613,0.011641865,0.12685993,0.0019520449,0.0,0.0003632445,0.0,0.0,0.0,-0.027131531,-0.05268158,-0.04303785,-0.12051437,-0.054924183,0.0,0.16878965,-0.05717606,-0.1732642,-0.0048522186,-0.5263307,-0.020536523,-0.00038644386,-0.03808732,-0.014543164,-0.090659015,-0.00858568,-0.011324654,-0.035596382,0.0003778614,-0.001631124,-0.04297116,-0.102660865,-0.37979463,-0.022793908,0.0,0.06360192,0.0,-0.04030291,-0.016078759,0.0016836827,-0.05099695,-0.44325936,-0.009148898,-0.7231822,-0.2051057
W0000412,-0.005193596,0.0,-0.029156458,-0.0012629303,-0.060173992,0.011447584,-0.0016075228,-0.01727169,-0.063768744,-0.839388,-3.3597186,0.050333783,0.021993686,-0.034320705,-0.015280576,0.0,-0.025312264,-0.010884961,0.0,0.0,-0.04482709,-0.013354607,-0.011595988,-0.007219096,-0.021546144,-0.08201947,0.0,-0.099455714,-0.02181326,0.021423269,-0.016258009,0.0,-0.004910699,0.05937141,-0.03895516,0.08546798,0.0,0.0009484194,0.0,0.0,-0.0039439844,0.0030725633,0.31384563,0.065962195,0.0,0.0,-0.028188203,-0.007505075,-0.5933917,0.0,0.0,0.0,-0.007291176,-0.00977154,-0.0029132469,-0.008520553,0.0,0.0,0.0,0.0,0.0,0.0,-0.036196228,-0.029465904,-0.17440417,-0.0040095923,0.0,0.0003632445,0.0,0.0,0.0,-0.020265544,-0.059945315,-0.05268377,-0.1017454,0.054669,0.0,-0.16190836,-0.07326093,-0.17005458,-0.0047923448,0.26783052,-0.012423094,-0.00038644386,-0.02431656,0.026651718,-0.03075752,-0.003562016,-0.0110132145,-0.0062734727,0.0003778614,-0.0017585903,-0.04259735,0.047871195,-0.42528096,0.0053460044,0.0,0.07295714,0.0,-0.024919894,-0.016078759,0.0019463393,-0.0468486,-0.46627185,-0.009148898,-0.8492511,-0.21524724
W0000413,-0.005193596,0.0,-0.030230567,-0.018146439,0.04941199,-0.079062656,-0.016998999,-0.00073865196,-0.06818932,-0.729095,-3.0271077,-0.009587637,0.016271483,-0.18026343,-0.016905561,0.0,-0.015068833,-0.010884961,0.0,0.0,0.053521827,-0.013354607,-0.011904441,-0.007219096,0.011007456,-0.072481275,0.0,-0.10388118,-0.02181326,-0.060370825,-0.016258009,0.0,-0.004910699,0.058513843,-0.040926676,-0.16681083,0.0,0.00064800854,0.0,0.0,-0.003941606,-0.009236959,-0.3768776,-0.08825785,0.0,0.0,0.0027796174,-0.019669505,-0.44406533,0.0,0.0,0.0,-0.0038060301,-0.014795758,0.007814314,-0.01278707,0.0,0.0,0.0,0.0,0.0,0.0,-0.036196228,-0.023577042,-0.14948425,-0.0040095923,0.0,0.0003632445,0.0,0.0,0.0,-0.027740099,-0.04462311,-0.06056392,-0.17400923,-0.054924183,0.0,-0.16351104,-0.015244532,-0.17005458,-0.0043212133,-0.54346323,-0.012423094,0.0003996393,-0.036498237,-0.004613805,-0.06512359,-0.0046836943,-0.00968239,0.018669639,0.0003778614,-0.0017585903,-0.043061476,0.049390465,-0.37398785,-0.002744033,0.0,-0.08497968,0.0,-0.04302557,-0.016078759,-0.0032443535,-0.040001936,-0.4913293,-0.009148898,-0.6938627,-0.21857062
W0000414,-0.0015967066,0.0,-0.015156531,0.008718023,0.036118787,0.04012176,0.005642886,0.04285296,0.089491814,0.42615455,2.4509451,-0.118355624,-0.105255686,0.13080628,0.0146349445,0.0,0.028676864,-0.010884961,0.0,0.0,0.054506294,0.004638333,0.00097216817,0.012418347,0.044758376,0.09390397,0.0,0.051846877,-0.02181326,0.06872162,-0.010347058,0.0,-0.0014661357,0.07098258,-0.030622762,-0.14065158,0.0,0.0026750115,0.0,0.0,-0.009978283,-0.02280538,0.41407728,0.14422846,0.0,0.0,0.015987318,-0.011224009,-0.81626576,0.0,0.0,0.0,0.00968484,-0.025064614,-0.002682825,0.0033516898,0.0,0.0,0.0,0.0,0.0,0.0,-0.052172698,-0.029465904,0.12257663,-0.018582787,0.0,0.0006143799,0.0,0.0,0.0,-0.030367967,0.10572855,0.040918946,-0.10355283,-0.06694469,0.0,-0.16956459,0.066395275,-0.16437584,-0.0007105544,0.39410827,0.0014422392,-0.00746914,0.0021611517,0.02596483,-0.070588775,0.004392674,0.016936792,-0.010766026,0.0026562288,0.00944812,0.0109755,0.14965327,0.65194213,0.005427352,0.0,0.08516043,0.0,-0.024684863,0.01600558,-0.048126917,0.027657093,0.56626785,-0.002720084,0.24630931,0.09681108
W0000415,-0.005193596,0.0,-0.029054724,-0.0020316434,0.045314148,0.0056951055,-0.0016075228,-0.016574427,-0.063768744,-0.8582414,-3.4503775,0.050333783,0.021981414,0.016018976,-0.015280576,0.0,-0.025312264,-0.010884961,0.0,0.0,-0.047443993,-0.013354607,-0.011595988,-0.006744347,0.009768339,-0.0789903,0.0,0.0008534882,-0.02181326,0.024536371,-0.016258009,0.0,-0.004910699,0.058410674,-0.03895516,0.05459112,0.0,0.0009484194,0.0,0.0,0.006526944,0.0030725633,0.29202712,0.020641614,0.0,0.0,-0.021261971,-0.008490303,-0.6143104,0.0,0.0,0.0,-0.007291176,0.0043680486,-0.0029132469,-0.0076982863,0.0,0.0,0.0,0.0,0.0,0.0,-0.036196228,-0.0054861456,-0.17440417,0.0019520449,0.0,0.0003632445,0.0,0.0,0.0,-0.020265544,-0.065098524,-0.043498315,-0.095341444,0.054669,0.0,-0.16315912,0.002024414,-0.17005458,-0.004685431,0.274215,-0.017466415,-0.00038644386,-0.026861861,-0.020144124,-0.035133205,0.0016414542,0.0039998638,-0.007680822,0.0003778614,-0.001631124,-0.04259735,-0.10578604,-0.41532126,-0.02010266,0.0,-0.10401486,0.0,-0.024919894,-0.016078759,-0.012761795,-0.04727631,-0.4750728,-0.009148898,-0.8439731,-0.2109236
W0000416,-0.0015967066,0.0,0.004200058,-0.08138272,-0.08551262,-0.095699064,-0.09413032,-0.16269408,-0.04852435,0.30664095,0.9978022,-0.16742046,-0.08894207,-0.32116273,-0.016727282,0.0,-0.015691405,0.010904469,0.0,0.0,-0.06713192,0.015108577,-0.033438824,0.012418347,-0.013441905,-0.12240831,0.0,0.06258486,0.031219225,-0.08708986,0.028596843,0.0,-0.0014661357,-0.04267867,-0.0491232,0.06420487,0.0,0.0007490349,0.0,0.0,0.0025782639,0.0075859367,-0.6256382,-0.28324077,0.0,0.0,0.005961534,-0.053836938,-1.0288315,0.0,0.0,0.0,-0.0060421485,-0.053479735,-0.018059753,0.006315949,0.0,0.0,0.0,0.0,0.0,0.0,-0.035797942,0.008386426,-0.15171666,0.003398105,0.0,0.0007141389,0.0,0.0,0.0,-0.057086006,-0.10530176,0.039127186,-0.25763404,0.045825467,0.0,-0.18439865,-0.050704576,-0.19965363,-0.014637626,-0.9883659,0.0008196165,-0.0020473734,-0.039294768,-0.031125134,-0.067984484,0.002331138,-0.062492207,0.05484949,0.0009225488,-0.05074463,-0.043692682,-0.14867666,-0.7269691,-0.014466135,0.0,-0.11273804,0.0,0.0034747822,-0.016078759,-0.0020553083,-0.07964173,-0.5838677,-0.002720084,0.13069667,0.04963948
W0000417,-0.0015967066,0.0,-0.03420866,0.007904556,-0.022279812,-0.105567485,-0.051483687,-0.17609306,0.081133544,0.32557055,1.9424007,-0.21319476,-0.17825311,-0.3332662,-0.0155579,0.0,-0.020837342,-0.010884961,0.0,0.0,0.014723286,0.00070057716,0.006348254,-0.023506533,-0.019228894,0.07272022,0.0,0.06534305,-0.02181326,-0.15195817,-0.010347058,0.0,-0.0014661357,0.063364975,-0.0794171,-0.15196103,0.0,0.00113848,0.0,0.0,-0.009978283,-0.02280538,-0.67404217,-0.3311631,0.0,0.0,-0.06766787,-0.04813214,0.4085334,0.0,0.0,0.0,0.0033027628,0.01790544,-0.018059753,0.002189536,0.0,0.0,0.0,0.0,0.0,0.0,-0.045054328,-0.003272228,0.12661876,0.003398105,0.0,0.0007141389,0.0,0.0,0.0,-0.049394682,-0.0037699714,-0.059413753,-0.3681394,-0.05160662,0.0,-0.20154577,-0.009368192,-0.20748866,-0.02702721,-0.5090381,0.008729887,-0.0005672409,-0.06937158,0.0048558423,-0.16600089,-0.0230638,0.014430287,-0.13239725,0.0009225488,-0.019383885,-0.03913488,-0.1619749,-0.5274832,-0.03451601,0.0,-0.094261564,0.0,-0.028727047,-0.014220053,0.0065681133,0.04120283,-0.47265252,-0.002720084,-0.042450547,-0.4683783
W0000418,-0.005193596,0.0,-0.06388455,0.0027689901,-0.037384883,0.015684884,-0.0050027156,0.017451327,-0.06059263,0.2827474,-0.30877814,-0.202307,0.0013391525,0.048782967,-0.014734199,0.0,0.020771705,-0.010884961,0.0,0.0,0.013250569,-0.004518023,-0.026890183,-0.05308249,-0.031387266,0.073867336,0.0,-0.11248879,-0.02181326,-0.15828274,-0.016258009,0.0,-0.004910699,-0.044651628,-0.069392495,0.07349286,0.0,-0.009038018,0.0,0.0,-0.003941606,0.0030725633,-0.6228245,-0.174342,0.0,0.0,-0.01897725,-0.0106395595,0.35877627,0.0,0.0,0.0,0.0033027628,-0.059022892,-0.01846855,-0.007319142,0.0,0.0,0.0,0.0,0.0,0.0,-0.024816878,0.00061996747,0.16999055,-0.018582787,0.0,0.0003632445,0.0,0.0,0.0,-0.033623457,-0.057142384,-0.008485793,-0.20128278,-0.06686345,0.0,0.18172315,-0.028924948,-0.1675075,-0.0018708897,-0.79254866,0.0087389285,-0.0005672409,-0.054825775,0.0032815244,-0.16652548,0.0062242188,-0.041760422,-0.09645931,0.0010729174,-0.0016303323,0.0482659,-0.124647796,0.42513925,-0.002744033,0.0,-0.10726814,0.0,-0.035549365,-0.025540344,0.0037637358,-0.046465304,-0.5610013,-0.002720084,-1.3757898,-0.44833568
W0000419,-0.0015967066,0.0,-0.013177248,0.006167188,0.060694046,-0.11274928,-0.05095114,0.021962626,0.0077207144,0.35032263,1.8108829,-0.2187514,-0.22497943,-0.40787575,-0.016727282,0.0,-0.014842044,-0.010884961,0.0,0.0,-0.037915483,0.004638333,-0.016688254,-0.056174483,0.018931754,-0.082256004,0.0,0.018880611,-0.02181326,-0.12251048,-0.016258009,0.0,-0.0014661357,-0.036813,-0.049526364,0.062082916,0.0,0.00113848,0.0,0.0,0.0025798192,0.002258628,-0.706594,-0.3476637,0.0,0.0,-0.02320204,-0.01742394,-0.8957648,0.0,0.0,0.0,-0.0060421485,-0.037186816,0.019540971,-0.0028905077,0.0,0.0,0.0,0.0,0.0,0.0,-0.039995633,0.011458234,-0.1645181,0.003398105,0.0,0.0016667963,0.0,0.0,0.0,-0.055739194,-0.10684166,-0.03622447,0.050651908,-0.07459597,0.0,-0.17587955,-0.122679986,0.11385753,-0.044990942,0.24519186,-0.0074790777,-0.001044347,-0.055814937,0.0055708587,-0.097616166,-0.0075471685,0.013446438,-0.14407869,0.0009225488,-0.02881604,0.018986661,-0.0021455623,-0.666886,-0.03451601,0.0,-0.01673037,0.0,-0.03282059,-0.032830574,0.0065681133,-0.086789764,-0.3652001,-0.002720084,0.16933182,0.05746997
W0000420,-0.005193596,0.0,-0.030106407,-0.00366847,-0.060173992,0.006193023,-0.0016251784,-0.01338492,-0.045978192,-0.8338684,-3.3175092,0.050333783,0.025720991,-0.030275717,0.015505506,0.0,-0.025312264,-0.010884961,0.0,0.0,-0.047443993,-0.004518023,-0.011595988,-0.006744347,0.011130143,0.059624497,0.0,0.027490718,-0.014569342,0.030297369,-0.016258009,0.0,-0.004910699,0.058410674,0.04892867,-0.17346552,0.0,0.0009484194,0.0,0.0,-0.0039439844,0.0030725633,0.2802474,0.047268126,0.0,0.0,0.0034466144,0.005646281,-0.69894123,0.0,0.0,0.0,-0.007291176,0.0046551325,0.0042117094,-0.008285031,0.0,0.0,0.0,0.0,0.0,0.0,-0.036196228,0.012246649,-0.17440417,0.0019520449,0.0,0.0003632445,0.0,0.0,0.0,-0.020874113,-0.06723228,-0.049738742,-0.16347827,0.054669,0.0,-0.16546609,-0.07127422,-0.17005458,-0.0042142994,0.26174322,-0.012423094,-0.0010022561,-0.026861861,0.026973907,-0.008771785,-0.003562016,0.0039998638,-0.007585154,0.0003778614,0.035655692,-0.04259735,-0.11920356,-0.42408177,-0.017196286,0.0,-0.09778044,0.0,-0.024919894,-0.035245765,-0.012761795,-0.04727631,-0.46686307,-0.009148898,-0.84831506,-0.20642808
W0000421,-0.005193596,0.0,0.017034013,-0.01693762,-0.06230482,-0.079062656,-0.0271286,-0.00033645565,-0.07601035,-0.9143574,-3.356128,0.06271779,0.017300878,0.027136078,-0.014416139,0.0,-0.015068833,-0.010884961,0.0,0.0,-0.016218254,-0.013354607,-0.011904441,-0.021260915,0.011311716,-0.079559006,0.0,-0.056492887,-0.02181326,-0.08946754,-0.016258009,0.0,-0.004910699,-0.063131124,-0.040926676,-0.16354968,0.0,0.00064800854,0.0,0.0,0.0025798192,0.0030725633,-0.3842929,-0.10989336,0.0,0.0,0.0028975615,0.0066966796,0.38338083,0.0,0.0,0.0,-0.0038060301,-0.00831875,-0.0071581313,-0.008673299,0.0,0.0,0.0,0.0,0.0,0.0,-0.03734523,0.013672152,-0.15212181,0.0019520449,0.0,0.0003632445,0.0,0.0,0.0,-0.025547964,-0.047059264,-0.052456204,-0.2176115,0.05887008,0.0,-0.1661349,-0.08218435,0.13051146,-0.004576602,0.21559086,-0.0107190125,-0.00038644386,-0.05278466,-0.004613805,-0.06113987,-0.010896082,-0.017381562,-0.031248365,0.0003778614,-0.03046313,-0.04297116,0.020823618,-0.39111677,0.0026547555,0.0,0.0077983,0.0,-0.04302557,-0.016078759,0.0016836827,-0.05814499,-0.4932579,-0.009148898,-0.7334349,-0.184839
W0000422,-0.005193596,0.0,-0.022620855,-0.03582542,-0.120724216,-0.10456379,-0.032000978,0.008091951,-0.065630525,-0.8309887,-0.2070021,0.062156573,0.014056133,0.008045533,-0.014734199,0.0,-0.020208191,-0.010884961,0.0,0.0,-0.017630821,-0.004518023,-0.007196922,-0.0036380696,-0.053720593,-0.074053764,0.0,-0.13532273,0.019999173,-0.119436935,-0.016258009,0.0,-0.004910699,-0.14296116,-0.009594087,0.06420487,0.0,0.00064800854,0.0,0.0,0.0025782639,0.004673285,-0.5172508,-0.17962319,0.0,0.0,-0.063041344,-0.006986499,0.47312808,0.0,0.0,0.0,0.0033027628,0.015055341,-0.018059753,-0.03164703,0.0,0.0,0.0,0.0,0.0,0.0,-0.02453155,0.011641865,-0.16492324,0.0019520449,0.0,0.00056099845,0.0,0.0,0.0,-0.026442489,-0.051989175,-0.08716955,0.0025775582,-0.066435106,0.0,0.21063177,-0.02850876,0.10392709,-0.017174711,-0.8576112,-0.028309532,0.0005866099,-0.036826946,-0.0027726097,-0.15866736,0.003684004,0.010845691,0.046852637,0.0009225488,-0.0017585903,0.022442784,0.12828194,-0.5491574,-0.00041824486,0.0,-0.10986596,0.0,-0.082552224,-0.025540344,0.0065681133,-0.06648846,-0.4349227,-0.009148898,-0.0020964718,-0.26400936
W0000423,-0.005193596,0.0,0.0006688796,-0.01758124,0.040821344,-0.04385776,-0.019472152,0.01772941,-0.077708706,-0.7384753,-3.263445,-0.010148854,-0.007064252,0.008410026,0.017009752,0.0,-0.020208191,-0.010884961,0.0,0.0,0.053521827,-0.004518023,-0.0152372075,-0.006744347,0.011859709,0.090474665,0.0,0.031428527,-0.014569342,-0.09437858,-0.016258009,0.0,-0.004910699,-0.077827886,0.06342879,-0.16354968,0.0,0.00064800854,0.0,0.0,-0.009978283,0.0030725633,-0.38831073,-0.09161336,0.0,0.0,-0.016088553,-0.008704278,-0.6285999,0.0,0.0,0.0,-0.0038060301,-0.014795758,-0.0071581313,0.013971457,0.0,0.0,0.0,0.0,0.0,0.0,-0.039954785,-0.032023966,-0.1593671,-0.0069372794,0.0,-0.006774679,0.0,0.0,0.0,-0.027740099,-0.043627635,0.034001864,-0.098463625,0.054669,0.0,-0.15905243,-0.00069839694,-0.16515389,-0.0013969879,0.28371385,-0.017971454,-0.0010022561,-0.04620417,-0.021856315,-0.012568248,0.0014787507,0.0050270604,-0.03409732,0.00057699945,-0.001631124,-0.043061476,0.04743307,0.33680403,0.0026547555,0.0,-0.07165292,0.0,-0.034659427,-0.016078759,-0.0029993139,-0.036849134,-0.5103368,-0.009148898,-0.7514459,-0.21908115
W0000424,-0.005193596,0.0,-0.035985157,-0.0043815933,-0.071527004,0.0048555494,-0.0019906806,-0.00048042228,-0.053802244,-0.7179494,-3.1917033,-0.09247548,-0.021589633,-0.16633743,-0.014773394,0.0,-0.015691405,-0.010884961,0.0,0.0,-0.016218254,-0.004518023,-0.011904441,-0.006744347,-0.023772545,-0.075510435,0.0,-0.059619114,-0.014569342,-0.061234247,-0.016258009,0.0,-0.004910699,-0.06989116,0.06342879,0.05147829,0.0,0.00064800854,0.0,0.0,0.0025782639,-0.0044427263,-0.35980418,-0.08350358,0.0,0.0,-0.015755141,-0.0021090722,0.34344065,0.0,0.0,0.0,-0.0038060301,-0.007243633,-0.0071581313,-0.009000011,0.0,0.0,0.0,0.0,0.0,0.0,-0.025480919,0.013802314,-0.14948425,0.0019520449,0.0,0.0003632445,0.0,0.0,0.0,0.038893744,-0.046461012,0.035263926,-0.20806842,-0.053447057,0.0,-0.1612771,0.01954941,0.15523581,-0.0042142994,-0.6404835,-0.0107190125,-0.00038644386,0.010136984,-0.022520171,0.07341768,0.0018370238,-0.014998328,-0.042765938,-0.0029566854,-0.001631124,-0.043061476,-0.10154563,-0.3831294,-0.002744033,0.0,-0.09117876,0.0,-0.04302557,0.020698454,-0.0029993139,0.044841766,-0.48957276,-0.009148898,-0.66197836,-0.17467128
W0000425,-0.005193596,0.0,-0.030230567,-0.0020316434,0.0334158,0.011202746,-0.0016251784,-0.0013466901,-0.07341801,-0.72696286,-3.1977391,-0.08585575,-0.00757409,0.058204398,0.017009752,0.0,-0.015691405,-0.010884961,0.0,0.0,-0.044730693,-0.013354607,-0.012567392,-0.006744347,0.011007456,-0.072481275,0.0,-0.05909068,-0.02181326,-0.087402105,-0.016258009,0.0,-0.004910699,-0.046143346,-0.040926676,-0.16681083,0.0,0.00064800854,0.0,0.0,-0.0023350685,-0.009236959,-0.39363295,-0.085475646,0.0,0.0,0.0028622756,-0.020654732,-0.46502164,0.0,0.0,0.0,-0.0038060301,0.0043680486,-0.0071581313,-0.008285031,0.0,0.0,0.0,0.0,0.0,0.0,-0.042403925,-0.026135102,-0.17216852,0.003377371,0.0,0.0003632445,0.0,0.0,0.0,-0.027740099,0.08311522,-0.06056392,-0.121855296,-0.054924183,0.0,-0.1622592,-0.04013466,-0.17005458,-0.0010346852,-0.5437182,0.02033493,-0.00038644386,-0.036010075,-0.004280976,-0.036111258,-0.0046836943,0.0053385003,-0.03451998,0.00057699945,-0.03046313,0.025584772,-0.11594737,0.19829048,-0.002744033,0.0,0.07687636,0.0,-0.035549365,-0.035245765,0.0019287223,-0.041555766,-0.5057106,-0.009148898,-0.7762838,-0.19909972
W0000426,-0.005193596,0.0,-0.08082439,-0.012383206,-0.07414755,0.008666458,-0.003387034,-0.015280866,-0.079710156,-0.8108831,-0.3345708,0.0022218116,-0.0052086674,0.060701154,0.014999724,0.0,-0.025312264,-0.010884961,0.0,0.0,-0.014917521,-0.004518023,-0.029858131,-0.03035746,-0.009122806,0.053065054,0.0,0.039414622,-0.02181326,0.08306193,-0.016258009,0.0,-0.004910699,0.059902392,-0.06430219,-0.17346552,0.0,0.0009484194,0.0,0.0,-0.009978283,0.0030725633,0.2044266,0.07246019,0.0,0.0,0.0065574627,-0.023527948,0.47263604,0.0,0.0,0.0,-0.017717667,-0.004613932,-0.0044831694,-0.0064165504,0.0,0.0,0.0,0.0,0.0,0.0,-0.058380395,0.017670471,-0.17010662,0.003377371,0.0,0.0003632445,0.0,0.0,0.0,-0.025585962,-0.058223985,0.037811913,-0.20316084,-0.051525377,0.0,0.19349718,0.009694459,-0.1697573,-0.0036726934,0.3876138,-0.010103827,-0.0005672409,-0.031198572,-0.0006997995,-0.021879857,0.0041216877,-0.016736085,-0.016258923,0.0010729174,-0.03046313,-0.053977456,-0.036206335,0.454356,0.0021426994,0.0,-0.07967461,0.0,-0.008241361,-0.016078759,0.0049297153,-0.055122025,-0.55235416,-0.009148898,-1.4904358,-0.5316964
W0000427,-0.005193596,0.0,-0.07047032,-0.011982278,-0.08676995,0.012566639,-0.001973025,0.008390445,-0.076266795,-1.0057136,-0.43211493,0.062156573,0.013098818,-0.001828922,-0.014734199,0.0,-0.020208191,0.010904469,0.0,0.0,-0.014917521,-0.004518023,-0.030247314,-0.0088959,0.019093506,-0.0818517,0.0,0.03674618,-0.02181326,-0.17702843,-0.016258009,0.0,-0.004910699,-0.04467024,-0.06481188,-0.16354968,0.0,0.0009484194,0.0,0.0,-0.009978283,0.0022701065,-0.47568783,-0.14103967,0.0,0.0,-0.031096717,-0.023527948,0.44376218,0.0,0.0,0.0,-0.0060421485,-0.004613932,-0.01846855,-0.007319142,0.0,0.0,0.0,0.0,0.0,0.0,-0.02453155,0.017670471,-0.16492324,0.0019520449,0.0,0.0003632445,0.0,0.0,0.0,-0.038796462,-0.051989175,-0.041071415,0.20106682,-0.07462436,0.0,0.18317658,0.019880107,0.10091244,-0.017176626,0.3736729,-0.0107190125,-0.0005672409,-0.069235906,0.024403626,-0.06872404,0.0020423993,-0.016862763,-0.1264504,0.00057,-0.001631124,0.039599735,0.053989485,-0.43573442,0.0026547555,0.0,0.076037966,0.0,-0.04030291,-0.035245765,-0.025708027,-0.080049485,-0.52218443,-0.009148898,-1.2938846,-0.37309325
W0000428,-0.005193596,0.0,0.0153710265,-0.029245935,0.053597435,-0.059951,-0.03618951,-0.032408558,-0.027197849,-0.85114324,-3.2586596,0.057921782,0.019973591,0.012783746,-0.015280576,0.0,0.01904458,0.010904469,0.0,0.0,0.044057477,-0.0055564484,-0.0007972112,0.0016317765,-0.020104412,-0.08333249,0.0,-0.09500301,-0.014569342,-0.08114581,-0.016258009,0.0,-0.004910699,0.05874917,0.054147024,-0.17609881,0.0,0.0004783984,0.0,0.0,-0.0023350685,0.0075859367,-0.42885202,-0.065846846,0.0,0.0,-0.03636984,-0.018457755,-0.6466566,0.0,0.0,0.0,0.0020804543,0.0063248305,-0.006987485,-0.014231555,0.0,0.0,0.0,0.0,0.0,0.0,0.06484375,0.008386426,0.14708345,0.0019520449,0.0,0.00056099845,0.0,0.0,0.0,-0.027131531,-0.065098524,-0.057144906,-0.05311372,-0.049412202,0.0,-0.16546215,-0.05938211,0.12262343,-0.008528318,-0.57396686,-0.0010657026,-0.0010022561,-0.021769939,-0.025887195,-0.06379441,0.0019681072,-0.01105151,-0.017128017,0.0005174588,-0.021087522,-0.054194827,-0.10159698,-0.43291476,-0.0065361145,0.0,-0.09130214,0.0,0.051508956,-0.016078759,-0.014338598,-0.052712087,-0.45157537,-0.009148898,0.0912743,0.036322057
W0000429,-0.005193596,0.0,-0.011464327,0.00291078,-0.031241724,0.023812894,0.0006118943,0.0063722464,-0.09151235,0.30143848,-3.6164112,-0.17761822,-0.058739718,0.009951504,-0.016905561,0.0,-0.018481066,-0.010884961,0.0,0.0,0.053521827,-0.013354607,-0.0132089425,-0.004241837,0.007900467,-0.049041368,0.0,0.030262737,-0.02181326,-0.10910937,-0.016258009,0.0,-0.004910699,-0.08386197,-0.044139482,-0.17609881,0.0,0.0009484194,0.0,0.0,-0.003941606,-0.02280538,-0.41941684,-0.11358578,0.0,0.0,-0.018153906,-0.01800323,-0.6179992,0.0,0.0,0.0,0.0020804543,-0.014157264,-0.006987485,-0.017356854,0.0,0.0,0.0,0.0,0.0,0.0,-0.04616248,-0.023577042,0.12499809,-0.018582787,0.0,0.00056099845,0.0,0.0,0.0,-0.021220278,0.005542364,-0.05719177,-0.11136769,0.05458775,0.0,-0.15192285,0.024804346,-0.15319732,-0.00079156016,-0.6004597,-0.016174389,-0.0010022561,-0.017898409,-0.019173123,-0.056137785,-0.008128239,0.010001487,-0.024741685,0.00093730603,-0.03019799,-0.03944488,0.17203808,0.35040605,-0.00041824486,0.0,0.090086356,0.0,-0.039802022,-0.016078759,-0.0011078571,-0.037323356,-0.48792484,-0.002720084,-0.024075897,-0.24217533
W0000430,-0.005193596,0.0,-0.030230567,-0.0022467787,-0.057983827,0.0072482913,-0.016998999,0.00798825,-0.07204424,-0.5708131,-3.0910969,-0.07223743,-0.0021711187,0.029414495,0.015505506,0.0,-0.018481066,-0.010884961,0.0,0.0,-0.044730693,-0.004518023,-0.012567392,-0.0071949987,-0.021724902,0.0746703,0.0,-0.096671,-0.02181326,-0.080221966,-0.016258009,0.0,-0.004910699,-0.1093513,-0.040926676,-0.16681083,0.0,0.00064800854,0.0,0.0,-0.003941606,-0.009236959,-0.39848474,-0.074170806,0.0,0.0,0.0035041424,-0.016304627,-0.5043239,0.0,0.0,0.0,0.0020804543,0.0046551325,-0.0071581313,-0.008520553,0.0,0.0,0.0,0.0,0.0,0.0,-0.03674731,0.009427947,-0.058399938,0.003377371,0.0,0.0003632445,0.0,0.0,0.0,-0.027740099,-0.062079072,-0.017981559,-0.11345097,0.05346087,0.0,0.17252274,0.019104838,-0.17005458,-0.0011415993,-0.52934533,-0.017079018,-0.00038644386,-0.03105136,-0.023669658,-0.0666022,-0.005750159,-0.010304623,-0.025115747,0.00057699945,-0.030590596,0.015060063,0.0065371785,0.19378579,-0.002744033,0.0,-0.080496825,0.0,-0.035549365,-0.025540344,-0.0032443535,-0.025280919,-0.50153816,-0.009148898,-0.80483496,-0.24809006
W0000431,-0.005193596,0.0,-0.06205065,-0.04214667,0.014181249,0.012508482,-0.00012831762,-0.02489525,-0.066494316,-1.0750325,-0.2886819,0.055490352,-0.021356866,-0.19393751,-0.007029475,0.0,-0.015068833,-0.010884961,0.0,0.0,-0.025576102,-0.013354607,-0.0017955629,0.00060565304,0.019650737,-0.05971096,0.0,-0.14515756,-0.02181326,-0.07059938,-0.016258009,0.0,-0.004910699,-0.073824845,-0.03642754,-0.17609139,0.0,-0.013227961,0.0,0.0,-0.003941606,0.0030546004,-0.27619228,-0.18351063,0.0,0.0,0.0076600183,-0.05210385,0.35791922,0.0,0.0,0.0,-0.0060421485,-0.047190428,-0.0021356829,0.0031040888,0.0,0.0,0.0,0.0,0.0,0.0,-0.045054328,-0.041149214,-0.10039042,-0.0040095923,0.0,0.00056099845,0.0,0.0,0.0,-0.040143274,0.077487566,-0.049892932,-0.28490245,-0.06688053,0.0,-0.19837843,-0.15839148,-0.18670851,-0.016969522,-1.0587305,-0.008549634,0.001080007,-0.055000447,-0.049983464,0.10389306,0.0029570279,0.007354604,-0.11482082,0.0009225488,-0.030590596,-0.03383277,-0.08796968,-0.5399528,-5.278457e-05,0.0,-0.1867482,0.0,-0.011537781,-0.016078759,-0.0045562023,-0.054668248,0.781805,0.07134915,0.17307946,0.047855563
W0000432,-0.005193596,0.0,-0.03183594,-0.004281667,-0.016159587,0.0061934786,-0.0017368491,-0.01617223,-0.06990905,-0.92429256,-3.8536355,0.052973755,0.018589426,0.037585072,-0.014773394,0.0,-0.025312264,-0.010884961,0.0,0.0,-0.013504954,-0.013354607,-0.0122589385,-0.006744347,0.011797411,-0.0789903,0.0,0.03232231,-0.02181326,0.03484475,-0.016258009,0.0,-0.004910699,0.058410674,-0.03835218,-0.17346552,0.0,0.0009484194,0.0,0.0,-0.0039439844,0.0030725633,0.28037953,0.068606526,0.0,0.0,-0.019863281,-0.014151201,0.40481776,0.0,0.0,0.0,-0.007291176,0.0060071647,-0.0029132469,0.020730278,0.0,0.0,0.0,0.0,0.0,0.0,-0.036196228,0.017670471,-0.18164946,0.003377371,0.0,0.0003632445,0.0,0.0,0.0,0.030938929,-0.046461012,-0.017521095,0.15498585,-0.04853279,0.0,0.18056779,-0.057297222,-0.1732642,-0.007173769,0.31232783,-0.015762335,-0.00038644386,-0.03610955,0.026544088,-0.02768756,-0.00858568,0.0053385003,-0.006806439,0.00057699945,0.035655692,-0.04259735,-0.09992783,0.16215117,0.0053460044,0.0,-0.07840835,0.0,-0.017443685,-0.035245765,0.0021913787,-0.037835125,-0.4611732,-0.009148898,-0.9005805,-0.24089158
W0000433,-0.0015967066,0.0,0.0010886476,-0.08138272,0.055004545,0.025646128,-0.0495277,-0.13852544,-0.052870758,0.34348416,1.1029042,-0.12860996,-0.13001971,-0.3290774,-0.016727282,0.0,-0.026988294,-0.010884961,0.0,0.0,-0.057731807,0.00070057716,0.0009217416,-0.057006225,-0.10744844,-0.11446076,0.0,-0.1661841,-0.02181326,0.038571417,-0.016258009,0.0,-0.0014661357,-0.10474149,-0.06631828,0.050904267,0.0,-0.037309382,0.0,0.0,0.0025782639,-0.02280538,0.4339378,0.10580423,0.0,0.0,0.0067492435,-0.051152635,-1.1343344,0.0,0.0,0.0,-0.017717667,0.010976244,-0.002682825,0.0013416039,0.0,0.0,0.0,0.0,0.0,0.0,-0.03884663,0.010216362,-0.17399903,0.003398105,0.0,0.0007141389,0.0,0.0,0.0,-0.030367967,-0.10014855,0.039455008,-0.14579545,0.041440364,0.0,0.15532647,-0.021757422,-0.19454357,-0.0303417,-0.92785585,-0.019193398,-0.0020473734,-0.059604775,-0.08099374,0.06296101,0.0028821304,-0.06350476,-0.0065310616,0.0009225488,0.03574001,-0.03338993,0.016587114,-0.67389196,-0.001428158,0.0,-0.15559809,0.0,-0.05224467,-0.025540344,-0.02052029,0.037768126,-0.5158526,-0.002720084,0.2004486,-0.3726142
W0000434,-0.005193596,0.0,-0.007789295,-0.0027372679,-0.053121585,0.010504376,-0.003387034,0.0012931018,-0.06969845,-0.81720304,-3.2417111,0.060077816,0.019408088,0.062871516,0.015505506,0.0,-0.015068833,-0.010884961,0.0,0.0,-0.044730693,-0.004518023,-0.012567392,-0.007219096,-0.021668833,-0.090922534,0.0,-0.092570454,-0.02181326,-0.085800625,-0.016258009,0.0,-0.004910699,-0.046143346,-0.040926676,-0.16354968,0.0,0.00064800854,0.0,0.0,-0.0039439844,0.0030725633,-0.34088975,-0.07646052,0.0,0.0,-0.025764477,-0.008490303,-0.6893911,0.0,0.0,0.0,-0.0038060301,-0.011085953,-0.0071581313,0.011777031,0.0,0.0,0.0,0.0,0.0,0.0,-0.039954785,0.015456553,-0.1593671,0.003377371,0.0,-0.006774679,0.0,0.0,0.0,-0.027131531,-0.06723228,-0.018940719,-0.04670935,0.054669,0.0,0.17401052,-0.06762856,-0.164164,-0.0016127307,0.27088124,-0.017466415,-0.0010022561,-0.00040431786,-0.0046031643,-0.02475159,-0.0037247194,0.0053385003,-0.028530076,0.00057699945,0.035528224,-0.04297116,-0.12247608,0.32839125,-0.022793908,0.0,0.07130538,0.0,-0.035549365,-0.016078759,0.0019287223,-0.04035527,-0.524028,-0.009148898,-0.7843024,-0.229309
W0000435,-0.005193596,0.0,-0.029178884,-0.0028997571,0.032015204,0.006405698,-0.0016075228,-0.0007145009,-0.07624377,-0.70378554,-3.3727565,-0.0826555,-0.0043305857,-0.16964683,-0.015280576,0.0,-0.015691405,-0.010884961,0.0,0.0,-0.037429024,-0.013354607,-0.0122589385,-0.016730877,0.009768339,0.08365901,0.0,0.028391818,-0.014569342,-0.08594375,-0.016258009,0.0,-0.004910699,-0.047000907,0.05735983,-0.16681083,0.0,0.0009484194,0.0,0.0,-0.009978283,0.0030725633,-0.33385772,0.05602137,0.0,0.0,0.004989218,-0.018273765,-0.60887635,0.0,0.0,0.0,-0.0038060301,-0.01387714,0.007814314,-0.008368065,0.0,0.0,0.0,0.0,0.0,0.0,-0.036196228,-0.029465904,-0.18027051,-0.0069372794,0.0,0.0003632445,0.0,0.0,0.0,-0.020874113,-0.065098524,0.034475844,-0.10589799,-0.053716056,0.0,-0.16096096,0.02666353,-0.17005458,-0.0015058166,-0.29886013,-0.0066204895,-0.0010022561,0.0041702325,-0.0031188768,-0.05781699,-0.004194338,0.0053385003,-0.029968888,0.00093730603,-0.001631124,0.015060063,-0.115453154,0.21447285,-0.022793908,0.0,-0.0813489,0.0,-0.035549365,-0.016078759,-0.0029993139,-0.041555766,-0.47358182,-0.009148898,-0.79114026,0.061453596
W0000436,-0.005193596,0.0,-0.013177248,-0.063573174,-0.10058454,-0.11863214,-0.08366076,-0.02543505,-0.08017807,0.2787277,-0.15402552,-0.124456495,-0.044816017,-0.32666236,-0.02378431,0.0,-0.025486521,-0.010884961,0.0,0.0,-0.037915483,-0.004518023,-0.0068884687,0.001688062,-0.013721763,-0.12389793,0.0,0.006663343,-0.02181326,0.059857864,-0.016258009,0.0,-0.004910699,-0.039624996,-0.033910353,-0.16585034,0.0,0.0009484194,0.0,0.0,-0.009978283,-0.0067900475,0.369173,0.07179997,0.0,0.0,-0.06139262,0.009187361,-1.2657324,0.0,0.0,0.0,-0.017717667,0.006499572,0.008628185,-0.011723995,0.0,0.0,0.0,0.0,0.0,0.0,-0.039995633,0.016244967,-0.17399903,0.003398105,0.0,0.00056099845,0.0,0.0,0.0,-0.025410656,-0.02431417,0.034987774,0.1583632,-0.07260546,0.0,0.17768857,0.05035722,0.16361251,-0.015146286,0.33552018,-0.0075803106,-0.00746914,0.0051405807,0.017781697,-0.0003792867,0.0029191384,-0.025105517,-0.14489822,0.0009225488,-0.02081789,-0.06907608,0.05599039,-0.68882775,0.0053460044,0.0,0.0701628,0.0,-0.05224467,0.020698454,-0.049193345,0.046767477,-0.29779568,-0.002720084,0.19952051,0.07091779
W0000437,-0.005193596,0.0,-0.07236382,-0.0033001266,0.026288634,0.0130627835,-0.00047508534,0.008126123,-0.079372644,-1.1292524,-0.36273876,0.057871416,0.025800586,0.009968226,0.014999724,0.0,0.01904458,-0.010884961,0.0,0.0,0.01053727,-0.013354607,-0.0014508646,-0.030381557,0.019650737,-0.07348506,0.0,0.026619127,-0.014569342,-0.13090162,-0.016258009,0.0,-0.004910699,0.060431197,0.083425164,-0.18601464,0.0,0.0009484194,0.0,0.0,-0.003941606,-0.009182955,-0.33877704,-0.08827732,0.0,0.0,0.008128703,-0.052271377,0.375605,0.0,0.0,0.0,0.0033027628,-0.040672284,-0.016077608,-0.011438586,0.0,0.0,0.0,0.0,0.0,0.0,-0.045054328,-0.03076023,-0.15212181,-0.0040095923,0.0,0.00056099845,0.0,0.0,0.0,-0.03245195,-0.058223985,-0.08674557,-0.2893569,0.055644225,0.0,-0.20012824,0.0141084455,-0.18670851,-0.017176626,-0.89258516,-0.010083089,-0.0005672409,-0.036961846,-0.041773684,-0.15117016,-0.008105325,0.009392101,-0.14192775,0.0009225488,-0.03046313,-0.03913488,-0.104562625,-0.5186291,-5.278457e-05,0.0,-0.11169436,0.0,0.027329661,-0.016078759,-0.049292896,-0.07964173,-0.45308405,-0.009148898,-0.06637494,-0.38588655
W0000438,-0.005193596,0.0,-0.009215413,-0.0037683966,0.05334098,0.010668658,-0.002024433,0.007820763,-0.0008304911,-0.7748983,-3.1932604,0.0595166,0.023260664,-0.1707224,-0.015280576,0.0,0.01904458,0.010904469,0.0,0.0,-0.044730693,-0.004518023,-0.018795105,0.0016317765,-0.0425499,0.08727175,0.0,-0.10177939,-0.02181326,-0.06692678,-0.016258009,0.0,-0.004910699,-0.07518691,-0.033904977,0.07349286,0.0,0.00064800854,0.0,0.0,0.0015274035,-0.005509551,-0.39771223,-0.09640061,0.0,0.0,0.0032950533,-0.018463358,-0.6320437,0.0,0.0,0.0,0.0020804543,-0.009603509,-0.0071581313,-0.005433787,0.0,0.0,0.0,0.0,0.0,0.0,0.06484375,0.0091748405,0.105243094,0.003377371,0.0,0.0003632445,0.0,0.0,0.0,0.04371243,-0.059945315,-0.056423582,-0.13096969,0.05642719,0.0,-0.15959881,-0.04336302,0.14026044,-0.008519301,-0.58378124,-0.01626535,-0.0010022561,-0.03677363,0.024311723,-0.031285025,-0.010891898,-0.014998328,-0.04574119,-0.007334222,-0.021087522,0.025584772,0.016029397,-0.1326933,-0.002744033,0.0,0.076857954,0.0,-0.024235101,-0.035245765,0.0019287223,-0.04646122,-0.43189558,-0.009148898,-0.65278375,-0.058769837
W0000439,-0.0015967066,0.0,0.012210858,0.00950863,0.09832128,0.033976465,0.012763364,-0.099351496,-0.040874623,0.48215383,2.2973783,0.13213778,0.08690896,-0.053328164,-0.007029475,0.0,-0.011496477,-0.010884961,0.0,0.0,0.0021855016,0.00070057716,0.0059487154,0.012418347,-0.04075591,-0.061404176,0.0,0.042320766,0.031219225,-0.036347598,0.028596843,0.0,-0.0014661357,0.0662514,0.010468014,0.15367453,0.0,-0.015878808,0.0,0.0,0.0025782639,0.004673285,-0.3460787,-0.22058244,0.0,0.0,-0.053205557,0.04725268,0.5447111,0.0,0.0,0.0,-0.0060421485,-0.0440387,0.019540971,-0.008811417,0.0,0.0,0.0,0.0,0.0,0.0,-0.039995633,0.013802314,-0.09041059,0.003398105,0.0,0.0016667963,0.0,0.0,0.0,-0.043385223,0.068028264,0.043285154,-0.07615741,-0.066435106,0.0,-0.18235596,0.02087293,0.111014426,0.003077602,-0.8965359,0.009145308,-0.001044347,0.011510225,-0.03127987,0.11385469,-0.022688104,-0.061728224,0.07009403,-0.0072187465,-0.02881604,-0.025070084,0.14011554,-0.41813788,-0.0023990069,0.0,0.1087333,0.0,0.0556025,0.01600558,-0.0015146346,0.04796686,0.7433242,-0.002720084,0.2596554,0.07897081
W0000440,-0.0015967066,0.0,-0.015156531,-0.00012140442,-0.10058454,0.026960256,0.00961113,-0.10311275,-0.07445499,0.3519291,1.9101455,-0.037052058,-0.1036305,-0.20253946,-0.02378431,0.0,-0.030118527,0.010904469,0.0,0.0,-0.06713192,0.015108577,-0.023844196,-0.056174483,-0.041165076,-0.13567951,0.0,0.04766663,-0.02181326,-0.14777292,-0.016258009,0.0,-0.0014661357,-0.13894324,-0.049526364,-0.1559345,0.0,0.0007490349,0.0,0.0,0.0025798192,0.004673285,-0.63545275,-0.34584072,0.0,0.0,0.010543092,-0.013392119,-1.236492,0.0,0.0,0.0,-0.0060421485,-0.053843383,-0.018059753,-0.029390749,0.0,0.0,0.0,0.0,0.0,0.0,-0.029590245,0.012246649,-0.17396665,0.003398105,0.0,-0.031086527,0.0,0.0,0.0,0.0022611562,0.10613427,0.039127186,-0.21917018,-0.08177318,0.0,-0.075598374,-0.1621747,-0.20748866,-0.049307063,0.31626362,-0.007819064,-0.0020473734,0.0009235181,0.015309991,0.03688711,0.002331138,-0.057218708,-0.13223608,-0.0072187465,0.036093697,0.022442784,-0.12805533,-0.71156734,-0.009067347,0.0,-0.057925932,0.0,-0.071613535,-0.014220053,-0.049292896,0.04120283,-0.55322146,-0.002720084,0.16945353,0.049004298
W0000441,-0.005193596,0.0,0.0006688796,-0.00366847,0.037755094,0.01174505,-0.0016075228,0.017837565,-0.018427527,-0.8727754,-3.1615176,0.0595166,0.028245348,0.018568922,-0.015280576,0.0,0.01904458,0.010904469,0.0,0.0,-0.04622591,0.046866376,0.016946252,0.0021065255,-0.041641574,0.08365901,0.0,0.026753299,-0.02181326,-0.08271713,-0.016258009,0.0,-0.004910699,-0.045182608,-0.033904977,-0.16681083,0.0,-0.006672401,0.0,0.0,0.0015274035,0.0030725633,-0.35909462,-0.1006643,0.0,0.0,0.003981781,-0.019258993,-0.64284986,0.0,0.0,0.0,0.0020804543,-0.011085953,-0.0071581313,-0.007576673,0.0,0.0,0.0,0.0,0.0,0.0,0.06484375,0.0091748405,0.14708345,0.0019520449,0.0,0.0003632445,0.0,0.0,0.0,0.04371243,-0.059945315,-0.056291442,-0.18073547,0.058140974,0.0,-0.15527807,-0.048759103,0.12262343,-0.004685431,-0.47958314,-0.0013493805,-0.0010022561,0.011208961,-0.014210335,-0.030917615,-0.004544034,0.00441828,-0.033868156,0.0005174588,-0.020960055,-0.0583387,0.019887695,-0.3741168,-0.002744033,0.0,0.07242236,0.0,0.030484265,-0.016078759,0.0019287223,-0.05814499,-0.4306279,-0.009148898,-0.7846265,0.059159458
W0000442,-0.005193596,0.0,0.0018240106,-0.017152755,0.05196459,-0.041641153,-0.0271286,-0.0016479809,-0.06649098,-0.8622177,-3.4586542,0.05684986,0.020964287,-0.17141896,-0.014416139,0.0,-0.027471712,-0.010884961,0.0,0.0,0.010580061,-0.004518023,-0.018486653,-0.006744347,0.010868305,0.07139015,0.0,0.036285862,-0.02181326,-0.06919101,-0.016258009,0.0,-0.004910699,-0.047000907,-0.03895516,-0.17672667,0.0,0.0009484194,0.0,0.0,-0.003941606,-0.009236959,0.12989798,-0.0120444335,0.0,0.0,0.003352475,-0.023106862,0.25827983,0.0,0.0,0.0,0.003985507,0.006707633,-0.0029132469,-0.008086555,0.0,0.0,0.0,0.0,0.0,0.0,-0.031137533,-0.03076023,-0.039923333,0.0019520449,0.0,0.0003632445,0.0,0.0,0.0,-0.027740099,-0.052212473,0.035421487,-0.14260267,0.05346087,0.0,-0.16351104,-0.013984338,0.12730184,-0.004576602,-0.57060075,-0.0107190125,-0.00038644386,-0.01726636,-0.022077292,-0.07474349,-0.00858568,-0.011324654,0.009351311,0.0003778614,-0.001631124,-0.043588754,-0.015131049,-0.38281235,-5.278457e-05,0.0,-0.07401484,0.0,-0.006129422,-0.035245765,-0.0020341892,-0.064485416,-0.48749077,-0.009148898,-0.7739132,-0.2237266
W0000443,-0.005193596,0.0,-0.0054220203,-0.027784463,-0.053393908,-0.044351786,-0.037216216,0.009576803,-0.05269882,-0.9603534,-3.6618958,0.05977551,0.009991046,-0.059993394,-0.0062449686,0.0,-0.015068833,-0.010884961,0.0,0.0,0.0035980684,-0.004518023,-0.024001751,0.0021065255,0.011967812,-0.067243725,0.0,0.038790148,0.019999173,-0.04562425,0.028596843,0.0,-0.004910699,-0.0457803,0.041890994,0.06369445,0.0,0.00064800854,0.0,0.0,0.0025782639,0.002258628,-0.37508446,-0.103741705,0.0,0.0,-0.01314237,-0.015453342,0.2723349,0.0,0.0,0.0,-0.0038060301,-0.010381993,0.00798496,0.019712303,0.0,0.0,0.0,0.0,0.0,0.0,-0.03734523,0.013802314,-0.10276221,0.0019520449,0.0,0.00056099845,0.0,0.0,0.0,-0.027740099,0.06512083,0.08451326,-0.17842323,-0.06144858,0.0,-0.16677213,-0.011189245,0.12445874,-0.0013339808,-0.7296443,-0.0071662343,-0.00058494485,0.02601847,-0.026990108,0.079077706,-0.0062570022,0.0055499654,-0.07726042,-0.004049004,-0.03046313,-0.03414144,0.12728393,-0.39141354,-0.00041824486,0.0,-0.097339205,0.0,0.0034747822,0.020698454,-0.0011078571,0.049074173,0.4058514,-0.009148898,0.09501083,0.04253708
W0000444,-0.005193596,0.0,-0.007789295,-0.009249227,0.042130187,0.007557037,-0.003387034,0.018005053,-0.003393014,-0.84900266,-3.3209574,0.0595166,0.020318775,-0.021179218,-0.015280576,0.0,0.01904458,0.010904469,0.0,0.0,0.056170896,-0.004518023,-0.014928754,-0.008038367,-0.021668833,0.08148594,0.0,-0.08836974,-0.02181326,-0.08681606,-0.016258009,0.0,-0.004910699,-0.07253214,-0.040926676,0.07675401,0.0,0.0009484194,0.0,0.0,0.0025798192,0.0030725633,-0.4060526,-0.09925547,0.0,0.0,-0.009301632,-0.008490303,-0.5541873,0.0,0.0,0.0,0.0020804543,0.0056863357,-0.0071581313,0.020494496,0.0,0.0,0.0,0.0,0.0,0.0,-0.029193308,0.015456553,0.1646071,0.003377371,0.0,0.0003632445,0.0,0.0,0.0,-0.027131531,-0.065098524,-0.01813912,-0.043573394,0.054669,0.0,0.17958918,-0.076717906,-0.164164,-0.007561383,0.2773013,-0.012423094,-0.00038644386,-0.044756457,-0.004280976,-0.03975462,-0.0046836943,0.0053385003,-0.02360997,0.00093730603,0.035453632,0.034250937,-0.11415266,0.3029055,-0.014277047,0.0,-0.0782654,0.0,-0.034659427,-0.025540344,0.0019287223,-0.04035527,-0.4178513,-0.009148898,-0.80985266,-0.2222149
W0000445,-0.005193596,0.0,0.0006688796,-0.018399091,0.038165066,-0.043003373,-0.027404219,0.008168645,-0.0046854056,-0.7803934,-2.946623,0.0595166,0.026132986,0.048259914,-0.015280576,0.0,-0.020208191,-0.010884961,0.0,0.0,0.007621877,-0.004518023,-0.01055101,-0.006744347,0.011859709,-0.083844796,0.0,0.021750305,-0.014569342,-0.083979264,-0.016258009,0.0,-0.004910699,0.058410674,0.06342879,0.07349286,0.0,0.00064800854,0.0,0.0,0.0025782639,-0.0068245563,-0.40168804,-0.098144956,0.0,0.0,0.0024381105,-0.01935573,-0.5722214,0.0,0.0,0.0,-0.0038060301,0.0056863357,-0.0071581313,-0.007851033,0.0,0.0,0.0,0.0,0.0,0.0,-0.042403925,0.00040271692,-0.15212181,0.0019520449,0.0,0.0003632445,0.0,0.0,0.0,-0.027740099,-0.065098524,-0.04456358,-0.13180235,-0.059470236,0.0,-0.15940326,-0.013275123,-0.17005458,-0.004916563,-0.5667676,-0.012423094,-0.0010022561,-0.03220779,-0.022482207,-0.063643835,0.0014787507,0.00410684,-0.03247612,0.0003778614,-0.03545718,-0.04297116,-0.10999229,-0.39852038,-0.015052976,0.0,-0.07383753,0.0,-0.02321621,-0.016078759,0.0019287223,-0.05099695,-0.50666934,-0.009148898,-0.7055512,-0.18404439
W0000446,-0.005193596,0.0,-0.03231769,-0.0012529832,-0.06793405,0.009678137,-0.0034046895,-0.01609282,-0.07120144,-0.9227797,-3.7778745,0.052973755,0.012238232,0.052584633,0.015036006,0.0,-0.025312264,-0.010884961,0.0,0.0,-0.012843851,-0.013354607,-0.0122589385,0.0016317765,0.0036420985,0.07153931,0.0,-0.097541675,-0.02181326,-0.08399513,-0.016258009,0.0,-0.004910699,-0.046143346,-0.03193346,-0.17672667,0.0,0.0009484194,0.0,0.0,-0.003941606,-0.005509551,0.17276911,0.029839765,0.0,0.0,0.004989218,-0.020829862,0.2793798,0.0,0.0,0.0,-0.007291176,-0.017122287,0.0042117094,0.020015297,0.0,0.0,0.0,0.0,0.0,0.0,-0.04616248,-0.041149214,-0.18290806,-0.0069372794,0.0,0.0003632445,0.0,0.0,0.0,0.0393046,-0.046242155,-0.051906887,-0.11210583,0.05642719,0.0,-0.15916343,-0.013114577,-0.164164,-0.0011415993,-0.60914147,0.01749261,-0.00038644386,-0.017644417,-0.0017264234,-0.024536166,0.0023263802,-0.0048689945,-0.046717945,0.00057699945,-0.030590596,0.025584772,-0.112478055,0.32866067,-5.278457e-05,0.0,0.076206945,0.0,-0.017443685,-0.035245765,0.0019287223,-0.044946346,-0.47362003,-0.009148898,-0.7989891,-0.035700046
W0000447,-0.005193596,0.0,0.003783389,-0.017152755,0.03424684,-0.07710879,-0.016998999,0.00047549838,-0.07139928,-0.80898726,-3.2430391,-0.0069476664,-0.021313943,-0.02072383,0.014705296,0.0,-0.015068833,-0.010884961,0.0,0.0,-0.016218254,-0.004518023,-0.011904441,-0.007219096,-0.009491169,0.0746703,0.0,-0.09390929,-0.02181326,-0.07928114,-0.016258009,0.0,-0.004910699,-0.077827886,-0.040926676,-0.16681083,0.0,0.00064800854,0.0,0.0,-0.003941606,0.0022701065,-0.38104236,-0.10155721,0.0,0.0,-0.016765874,-0.0021090722,0.35447055,0.0,0.0,0.0,-0.0038060301,0.0071352506,0.007814314,-0.007851033,0.0,0.0,0.0,0.0,0.0,0.0,-0.03734523,0.010600343,-0.16492324,0.0019520449,0.0,0.0003632445,0.0,0.0,0.0,-0.023934359,-0.04752837,-0.052380867,0.0031600967,-0.057275884,0.0,-0.16518201,-0.015161156,0.13051146,-0.0043212133,-0.5757704,-0.0107190125,-0.00038644386,-0.03837453,-0.0047892355,-0.090659015,-0.008748383,0.00410684,-0.026373751,0.0003778614,-0.030590596,0.025494456,0.049067207,-0.38375917,-0.002744033,0.0,-0.04909005,0.0,-0.04302557,-0.016078759,-0.0029993139,-0.056944493,-0.4706447,-0.009148898,-0.73047924,-0.19947435
W0000448,-0.005193596,0.0,0.003783389,-0.017152755,0.05196459,-0.072261006,-0.026601695,0.000554909,-0.05687674,-0.90305316,-3.2368474,0.06271779,0.02648002,0.043191813,0.015036006,0.0,-0.015068833,-0.010884961,0.0,0.0,-0.016218254,-0.004518023,-0.018486653,-0.006744347,0.0075958413,0.07968998,0.0,0.03493352,-0.02181326,-0.08418138,-0.016258009,0.0,-0.004910699,-0.046299666,-0.040926676,0.07349286,0.0,0.0009484194,0.0,0.0,-0.0023350685,0.0022701065,-0.35292548,-0.08857341,0.0,0.0,-0.020251933,-0.02153894,0.32791466,0.0,0.0,0.0,-0.0038060301,-0.00903951,-0.0071581313,-0.007851033,0.0,0.0,0.0,0.0,0.0,0.0,-0.03734523,0.010600343,-0.15212181,0.0019520449,0.0,0.0003632445,0.0,0.0,0.0,-0.025547964,0.074798994,-0.052380867,-0.21447557,-0.057275884,0.0,-0.16518201,-0.060645975,0.12730184,-0.0077252435,-0.6722441,-0.0107190125,-0.00038644386,-0.020335928,-0.014774817,-0.0658806,-0.008748383,0.00410684,-0.03185549,0.0003778614,-0.03046313,-0.044798184,-0.09619933,-0.37297684,-0.002744033,0.0,-0.077840544,0.0,0.030484265,-0.016078759,0.0018391407,-0.05814499,-0.4759971,-0.009148898,-0.71553785,-0.19354689
W0000449,-0.005193596,0.0,0.018485535,-0.022930833,0.050806627,0.013237052,-0.0019078285,0.031139467,-0.00670946,-1.0340368,-4.236582,0.05119615,0.013862992,0.05217789,0.014705296,0.0,0.028852962,0.010904469,0.0,0.0,-0.015000172,-0.004518023,0.011963529,0.0021065255,-0.008471543,-0.07119237,0.0,0.033809256,-0.02181326,0.044139285,-0.016258009,0.0,-0.004910699,-0.046136476,-0.032714307,0.050904267,0.0,-0.0085417805,0.0,0.0,-0.0023350685,0.0075859367,0.32770336,0.07514097,0.0,0.0,-0.037598938,-0.021740133,0.33251667,0.0,0.0,0.0,0.003985507,-0.01423613,-0.00247431,0.011410686,0.0,0.0,0.0,0.0,0.0,0.0,0.06532767,0.011641865,0.1723253,0.003377371,0.0,-0.010462886,0.0,0.0,0.0,0.034485914,-0.05268158,-0.06526374,-0.15903464,-0.044228937,0.0,0.17776026,-0.04292836,-0.16536853,-0.0011917995,-0.72167146,0.0013480606,-0.00058494485,-0.033008676,0.031645708,-0.074388355,0.0028653136,-0.017467832,0.0008190945,-0.007334222,0.027638912,0.028106745,-0.10381034,0.45751506,-5.278457e-05,0.0,0.08914384,0.0,-0.022650335,-0.016078759,-0.006391295,0.0278619,-0.3271384,-0.009148898,0.15842782,0.044179674
W0000450,-0.005193596,0.0,-0.00927051,-0.017152755,0.042610183,0.006379726,-0.0035163602,-0.00014235405,-0.063389026,-0.9186629,-3.3822773,0.06271779,0.013209998,0.050959945,0.014705296,0.0,-0.015068833,-0.010884961,0.0,0.0,-0.013504954,-0.004518023,-0.016017798,-0.006744347,0.014131333,0.0746703,0.0,0.032656126,-0.02181326,-0.091935836,-0.016258009,0.0,-0.004910699,-0.07253214,-0.040926676,-0.16681083,0.0,0.00064800854,0.0,0.0,-0.0023350685,0.0030725633,-0.36101124,-0.07387054,0.0,0.0,0.0029420108,-0.02491989,0.27580875,0.0,0.0,0.0,-0.0038060301,0.0064144908,-0.0071581313,-0.008437777,0.0,0.0,0.0,0.0,0.0,0.0,-0.039954785,0.011641865,-0.1593671,0.003377371,0.0,0.0003632445,0.0,0.0,0.0,-0.025418159,-0.05268158,0.035421487,-0.14458291,0.07008672,0.0,0.17252274,-0.06003125,-0.16515389,-0.007173769,-0.617373,-0.015762335,-0.00038644386,-0.037218098,-0.022937728,-0.09222244,-0.00858568,0.0051411614,-0.029902048,0.00057699945,0.035655692,-0.044798184,-0.11284785,0.33202708,-0.015052976,0.0,-0.10504453,0.0,0.00994833,-0.016078759,0.0018391407,-0.041555766,-0.48561475,-0.009148898,-0.7427751,-0.24070314
W0000451,-0.005193596,0.0,0.0006688796,-0.010670918,0.04178969,0.006235958,-0.0016251784,0.007471383,-0.024091993,-0.81636375,-3.208132,0.0595166,0.02554847,0.055205986,-0.015280576,0.0,-0.020208191,0.010904469,0.0,0.0,-0.044730693,-0.004518023,0.0315371,-0.009872633,0.011915781,0.090474665,0.0,0.033746485,-0.02181326,-0.085723385,-0.016258009,0.0,-0.004910699,0.058410674,-0.040926676,-0.16354968,0.0,0.0009484194,0.0,0.0,-0.0039439844,-0.0068245563,-0.3582981,-0.07471166,0.0,0.0,0.0034466144,0.005646281,-0.72178483,0.0,0.0,0.0,0.0020804543,0.004813051,-0.0071581313,-0.007851033,0.0,0.0,0.0,0.0,0.0,0.0,-0.030539613,0.011458234,-0.03835322,0.0019520449,0.0,0.0003632445,0.0,0.0,0.0,-0.027131531,-0.065098524,-0.049738742,0.034456126,-0.059470236,0.0,-0.1661181,-0.07081978,-0.1732642,-0.0042142994,0.26306054,-0.012700345,-0.0010022561,-0.045716006,0.024311723,-0.041638713,-0.004520991,0.00441828,-0.03152366,0.0003778614,-0.001631124,-0.04297116,-0.11077034,-0.37974223,-0.022793908,0.0,-0.006463701,0.0,-0.04030291,-0.016078759,0.0019287223,-0.05099695,-0.49321696,-0.009148898,-0.7516904,-0.23790075
W0000452,-0.005193596,0.0,-0.006613453,0.0018007417,-0.05791686,0.007344362,-0.009324895,-0.01727169,-0.07184641,-0.85155016,-3.4933553,0.050333783,0.017008651,0.02577842,-0.015280576,0.0,-0.025312264,-0.010884961,0.0,0.0,-0.044730693,-0.013354607,-0.011816551,-0.021260915,0.009768339,-0.07191257,0.0,0.029627899,-0.014569342,0.03215346,-0.016258009,0.0,-0.004910699,-0.046143346,0.0654003,-0.17672667,0.0,0.0009484194,0.0,0.0,-0.0023350685,-0.009236959,0.30716503,0.06448528,0.0,0.0,0.0030319246,-0.019258993,-0.51325893,0.0,0.0,0.0,-0.007291176,0.004525967,-0.0029132469,-0.0076982863,0.0,0.0,0.0,0.0,0.0,0.0,-0.04616248,0.009427947,-0.18164946,0.003377371,0.0,0.0003632445,0.0,0.0,0.0,-0.020874113,-0.065098524,-0.043498315,-0.13362974,0.05346087,0.0,0.17252274,-0.061960608,-0.164164,-0.0015058166,-0.56052434,-0.017466415,-0.00038644386,-0.014233638,0.026866276,-0.0635442,0.0014297778,-0.0050755683,-0.007865443,-0.004514899,-0.03046313,-0.037429895,-0.117273755,0.32752013,-0.012361728,0.0,-0.10295606,0.0,-0.007908323,-0.016078759,0.0021913787,-0.037835125,-0.48564208,-0.009148898,-0.7941432,-0.20770302
W0000453,-0.005193596,0.0,0.0006688796,-0.019783266,0.04455039,-0.043003373,-0.0271286,-0.014196873,-0.06488954,-0.790505,-3.2158046,0.050176702,0.024082832,0.0152331935,0.015505506,0.0,-0.027471712,-0.010884961,0.0,0.0,0.004972812,-0.013354607,-0.010242557,-0.006744347,0.0011442737,0.08214626,0.0,-0.060744487,-0.02181326,-0.07740278,-0.016258009,0.0,-0.004910699,0.058410674,-0.03895516,-0.17672667,0.0,0.0009484194,0.0,0.0,-0.003941606,-0.009236959,0.27806032,0.04615926,0.0,0.0,0.0028252648,-0.019472968,-0.6128818,0.0,0.0,0.0,-0.007291176,-0.014795758,-0.0029132469,-0.0077294195,0.0,0.0,0.0,0.0,0.0,0.0,-0.036196228,-0.023577042,-0.16286133,-0.0040095923,0.0,0.0003632445,0.0,0.0,0.0,-0.018552173,-0.06723228,-0.05760284,-0.13342555,0.06887859,0.0,-0.15940326,-0.01426651,-0.17005458,-0.004576602,-0.5406245,-0.01626535,-0.0010022561,-0.016096119,-0.030036405,-0.048470497,-0.011159016,0.0047947015,-0.023429893,0.0005174588,0.035655692,-0.037803706,-0.11519319,-0.3991076,-0.009455353,0.0,-0.07076757,0.0,0.006664683,-0.016078759,0.0026100148,-0.0359226,-0.43938044,-0.009148898,-0.726529,-0.198516
W0000454,-0.005193596,0.0,-0.006737613,-0.019475443,0.04941199,-0.07421487,-0.016981345,-0.01338492,-0.07751088,-0.81841755,-3.2249217,0.050333783,0.02424338,0.014541221,0.015505506,0.0,-0.025312264,-0.010884961,0.0,0.0,-0.044730693,-0.004518023,-0.01609853,-0.006744347,0.011169806,0.05229453,0.0,0.03563676,-0.02181326,-0.078378856,-0.016258009,0.0,-0.004910699,-0.046143346,-0.03895516,-0.17672667,0.0,0.0009484194,0.0,0.0,-0.0039439844,-0.009236959,0.28742933,0.0449237,0.0,0.0,0.0030672103,-0.019258993,-0.68218285,0.0,0.0,0.0,-0.007291176,0.004525967,-0.0029132469,-0.007964942,0.0,0.0,0.0,0.0,0.0,0.0,-0.036196228,0.012246649,-0.16286133,0.0019520449,0.0,0.0003632445,0.0,0.0,0.0,-0.020874113,-0.06723228,0.034159422,-0.16347827,0.05346087,0.0,-0.16737679,-0.05571963,-0.1732642,-0.004685431,-0.25500607,-0.012700345,-0.0010022561,-0.01841138,-0.025124624,-0.03660015,-0.004520991,-0.011324654,-0.029954713,-0.004049004,-0.001631124,-0.043061476,-0.10894372,-0.38269487,0.0053460044,0.0,-0.070011824,0.0,-0.02219723,-0.035245765,-0.0032443535,-0.04115859,-0.44512585,-0.009148898,-0.7577736,-0.24292873
W0000455,-0.005193596,0.0,-0.03183594,0.0019077602,0.046071723,0.0068918485,-0.016981345,-0.0010337182,-0.07706374,-0.6715371,-3.5989847,-0.0069476664,-0.014984251,0.023601817,-0.014416139,0.0,-0.015068833,-0.010884961,0.0,0.0,0.009910832,-0.013354607,-0.011904441,0.0021919818,0.013399251,-0.079559006,0.0,-0.054705627,-0.02181326,-0.08521423,-0.016258009,0.0,-0.004910699,-0.045163997,-0.033904977,-0.16354968,0.0,0.00064800854,0.0,0.0,-0.0039439844,-0.009236959,-0.36671048,-0.07151112,0.0,0.0,0.0043462357,-0.008665432,0.39067674,0.0,0.0,0.0,-0.0038060301,-0.020346759,0.007814314,-0.008285031,0.0,0.0,0.0,0.0,0.0,0.0,-0.036196228,-0.036649093,-0.15212181,-0.0040095923,0.0,0.0003632445,0.0,0.0,0.0,-0.023934359,-0.052212473,0.03573791,0.057872687,0.057661954,0.0,-0.16534843,-0.07314982,-0.17005458,-0.004685431,0.29923636,-0.010103827,-0.00038644386,-0.052296497,-0.0043371986,-0.05905044,0.006070516,0.004206651,-0.030949414,-0.0029566854,-0.001631124,-0.043061476,-0.11686209,-0.38900593,-0.014277047,0.0,-0.08579929,0.0,-0.04302557,-0.035245765,-0.0029993139,-0.05099695,-0.5044271,-0.009148898,-0.825154,-0.029164096
W0000456,-0.005193596,0.0,-0.007789295,-0.018146439,-0.06496927,-0.09190324,-0.0271286,0.018352935,-0.018427527,-0.8530468,-2.9665222,0.0595166,0.026204333,0.05408387,0.015505506,0.0,0.01904458,-0.010884961,0.0,0.0,0.05080853,-0.004518023,-0.011904441,-0.006744347,-0.021724902,-0.01736801,0.0,-0.060744487,-0.02181326,-0.083979264,-0.016258009,0.0,-0.004910699,-0.045182608,-0.040926676,-0.16681083,0.0,0.00064800854,0.0,0.0,0.0025782639,-0.009236959,-0.42618176,-0.09683875,0.0,0.0,-0.009226741,0.015834624,-0.46822354,0.0,0.0,0.0,0.0020804543,-0.015811514,-0.0071581313,-0.008673299,0.0,0.0,0.0,0.0,0.0,0.0,-0.025480919,-0.00080553535,0.14708345,-0.0040095923,0.0,0.0003632445,0.0,0.0,0.0,-0.027740099,-0.062079072,-0.018245224,-0.14539339,0.05346087,0.0,0.17316757,0.01902967,0.13051146,-0.004576602,-0.5477166,-0.012423094,-0.00038644386,-0.021657275,-0.022482207,-0.039134882,0.0012670743,-0.017381562,-0.035502654,0.0003778614,-0.001631124,-0.053171247,0.012694145,-0.41630718,-0.002744033,0.0,0.06670374,0.0,-0.04302557,-0.035245765,0.0016836827,-0.05814499,-0.45204628,-0.009148898,-0.7062869,-0.1975025
W0000457,-0.005193596,0.0,-0.011993607,-0.01693762,0.05196459,0.006181256,-0.0016251784,-0.00033645565,-0.013927649,-0.88078725,-3.1601124,0.062156573,0.02648002,-0.16591495,-0.014416139,0.0,-0.020208191,-0.010884961,0.0,0.0,-0.0010558497,-0.013354607,-0.016406981,-0.006744347,0.008959813,-0.075510435,0.0,0.0012912331,-0.014569342,-0.073942475,-0.016258009,0.0,-0.004910699,-0.047157228,0.06342879,-0.16681083,0.0,0.00064800854,0.0,0.0,0.0015274035,-0.0068245563,-0.36778092,-0.10782414,0.0,0.0,-0.016219854,-0.023303399,0.3196674,0.0,0.0,0.0,-0.0038060301,0.006707633,-0.0071581313,-0.012908684,0.0,0.0,0.0,0.0,0.0,0.0,-0.042403925,-0.03076023,-0.16228569,0.0019520449,0.0,0.0003632445,0.0,0.0,0.0,-0.025547964,-0.052212473,-0.052638438,-0.16765729,-0.055269156,0.0,-0.16569926,-0.06317507,-0.17005458,-0.0042142994,-0.6268878,-0.0107190125,-0.00038644386,-0.03788637,-0.014532523,-0.08352923,-0.008748383,-0.014002211,0.018322969,-0.0029566854,-0.03046313,0.015150379,-0.10565921,-0.37017056,-0.015052976,0.0,-0.10965125,0.0,-0.04030291,-0.016078759,0.0016836827,-0.057337377,-0.49473283,-0.009148898,-0.66484725,-0.17921871
W0000458,-0.005193596,0.0,-8.784863e-05,-0.017838616,0.04031404,-0.0746385,-0.01711067,-0.0027474398,-0.05424937,-0.79619455,-3.5292988,0.050176702,0.017284341,-0.17274246,-0.015280576,0.0,-0.027471712,0.010904469,0.0,0.0,-0.044730693,-0.004518023,0.013176704,0.0038378052,0.008868251,-0.07191257,0.0,0.03689603,-0.02181326,0.02126411,-0.016258009,0.0,-0.004910699,-0.047000907,-0.03895516,0.060192257,0.0,0.0006124293,0.0,0.0,-0.0023350685,0.0030725633,0.29572886,0.07098516,0.0,0.0,-0.026115831,0.014339207,-0.54858166,0.0,0.0,0.0,0.003985507,0.004813051,-0.0029132469,-0.007851033,0.0,0.0,0.0,0.0,0.0,0.0,-0.030539613,0.009427947,-0.050993264,0.003377371,0.0,0.0003632445,0.0,0.0,0.0,-0.020265544,-0.065098524,0.034961022,-0.056634255,-0.053716056,0.0,0.17166829,-0.061032876,-0.18109924,-0.007173769,-0.47323304,-0.017466415,-0.00038644386,-0.008003466,-0.020330194,-0.059451114,0.0016414542,0.0050270604,-0.009296203,0.00057699945,-0.001631124,-0.037429895,-0.10426091,0.16459356,-0.012361728,0.0,-0.04169911,0.0,0.011962041,-0.016078759,0.0021913787,0.023629488,-0.48587126,-0.009148898,-0.79597425,-0.21854421
W0000459,-0.005193596,0.0,0.015475552,-0.022930833,0.028353434,-0.06460913,-0.029559769,0.008655382,-0.00200025,-0.97476643,-3.6988714,0.057299197,0.003130389,-0.014003031,0.006293545,0.0,-0.015068833,0.010904469,0.0,0.0,-0.007682597,-0.004518023,-0.00791845,-0.014896611,-0.052823648,-0.057986975,0.0,-0.09801224,0.031219225,-0.08438981,0.028596843,0.0,-0.004910699,0.05963128,-0.014969227,0.16805845,0.0,0.00064800854,0.0,0.0,0.0025782639,0.0030546004,-0.42506734,-0.12563744,0.0,0.0,-0.027172454,0.016806982,0.30446696,0.0,0.0,0.0,-0.0038060301,-0.010381993,-0.006987485,0.009947583,0.0,0.0,0.0,0.0,0.0,0.0,-0.00835982,0.011641865,-0.11347172,0.003377371,0.0,-0.010462886,0.0,0.0,0.0,-0.025547964,0.06533969,-0.05263533,-0.14574441,0.058852993,0.0,0.16504963,0.021805393,-0.15319732,-0.0011745974,-0.7566588,-0.0071662343,-0.00058494485,-0.020041743,-0.0035127704,-0.100142345,-0.014956588,-0.024096714,-0.08759089,-0.007334222,-0.0342741,0.005899145,0.13295576,0.44036645,-0.00041824486,0.0,0.08176996,0.0,-0.054992415,-0.035245765,-0.0028430545,-0.025619738,0.7071027,-0.009148898,0.09983277,0.051042773
W0000460,-0.005193596,0.0,-0.029178884,-0.0018234059,-0.056214675,0.006235958,-0.0016251784,0.00616758,-0.077708706,-0.5445624,-3.231023,-0.08585575,-0.0022034869,-0.025570516,0.017009752,0.0,-0.015691405,-0.010884961,0.0,0.0,-0.04211379,-0.004518023,-0.0122589385,-0.02132975,0.011370178,-0.09415959,0.0,0.034724295,-0.02181326,-0.090408355,-0.016258009,0.0,-0.004910699,-0.045163997,-0.040926676,-0.16354968,0.0,0.0009484194,0.0,0.0,-0.0039439844,-0.0068245563,-0.36202553,-0.06754379,0.0,0.0,-0.011725359,-0.008900815,-0.7390399,0.0,0.0,0.0,-0.0038060301,-0.00977154,0.007814314,-0.0079338085,0.0,0.0,0.0,0.0,0.0,0.0,-0.042403925,-0.0054861456,-0.1593671,-0.0069372794,0.0,0.0003632445,0.0,0.0,0.0,-0.027131531,-0.048780844,-0.01878316,-0.04147952,-0.059470236,0.0,-0.16124065,-0.07814164,-0.1732642,-0.0010346852,0.2730405,-0.012425918,-0.0010022561,-0.013353309,-0.0043371986,-0.041638713,0.0019127707,-0.016149905,-0.031762347,0.00057699945,-0.03046313,-0.04297116,-0.13436627,0.21148433,-0.022793908,0.0,-0.07921596,0.0,-0.035549365,-0.016078759,0.0016836827,-0.041555766,-0.5571481,-0.009148898,-0.79389554,-0.22777413
W0000461,-0.0015967066,0.0,-0.015156531,-0.008708501,0.036118787,0.039598346,0.00961113,-0.014089944,0.064441465,0.3759258,2.2560146,-0.1439971,-0.12045375,-0.0290608,-0.015255883,0.0,-0.025248786,-0.010884961,0.0,0.0,-0.056513727,-0.01766783,-0.00059385865,0.0053063612,-0.040762555,0.07697205,0.0,-0.23248923,-0.02181326,0.062963784,-0.010347058,0.0,-0.0014661357,-0.1114563,-0.030622762,-0.14065158,0.0,-0.037309382,0.0,0.0,-0.009978283,0.004673285,0.3835348,0.12847717,0.0,0.0,0.015987318,-0.013392119,-0.98513335,0.0,0.0,0.0,-0.017717667,0.010612597,0.008628185,-0.029390749,0.0,0.0,0.0,0.0,0.0,0.0,-0.033787936,0.016244967,-0.1327365,0.009046914,0.0,-0.011458473,0.0,0.0,0.0,-0.030367967,0.11086468,0.034987774,-0.110469095,-0.08177318,0.0,0.17701265,0.064357206,0.120944865,-0.016837768,0.3631304,0.0007962482,-0.00746914,0.007833925,0.02596483,0.034384727,0.0034081426,-0.071922615,-0.002628718,0.0026562288,0.010309903,-0.050453484,-0.11992193,0.2978875,-0.015704397,0.0,0.07974821,0.0,-0.024684863,-0.014220053,-0.049193345,0.0352327,0.71945363,0.021213012,0.24478947,0.105256714
W0000462,-0.005193596,0.0,-0.034559038,0.0016926248,-0.043283686,-0.077954575,-0.016981345,-0.00033645565,-0.070345886,-0.9409173,-3.1487393,0.06271779,0.015995793,0.028607095,-0.014416139,0.0,-0.015068833,-0.010884961,0.0,0.0,-0.015557149,-0.013354607,-0.011595988,-0.006744347,0.005976021,0.07968998,0.0,0.024546769,-0.02181326,-0.08418138,-0.016258009,0.0,-0.004910699,-0.04533893,-0.040926676,-0.16681083,0.0,0.0009484194,0.0,0.0,0.0015274035,0.0022701065,-0.35588425,-0.09432069,0.0,0.0,0.0023588699,-0.019434122,0.3302017,0.0,0.0,0.0,-0.0038060301,-0.01930957,0.007814314,0.020730278,0.0,0.0,0.0,0.0,0.0,0.0,-0.036196228,0.011641865,-0.15212181,-0.0040095923,0.0,0.0003632445,0.0,0.0,0.0,-0.025547964,-0.047059264,0.035263926,-0.21447557,-0.057275884,0.0,0.17166829,-0.06345218,-0.17005458,-0.004685431,-0.69280946,-0.0107190125,-0.00038644386,-0.020048719,-0.021750277,-0.091026425,-0.008748383,0.004206651,-0.031314597,0.0003778614,-0.001631124,-0.044798184,0.012988569,-0.3801464,-0.002744033,0.0,-0.07298545,0.0,-0.04302557,-0.016078759,0.0018391407,-0.05099695,-0.4845403,-0.009148898,-0.7123861,-0.18084583
W0000463,-0.005193596,0.0,-0.002412037,-0.027784463,-0.047643214,-0.08551929,-0.028917786,0.0008742665,-0.047583535,-0.91802907,-3.5341258,0.06271779,0.025782026,0.04985579,0.014705296,0.0,-0.015068833,-0.010884961,0.0,0.0,-0.016218254,-0.004518023,-0.00065679196,-0.021260915,0.011967812,-0.023194885,0.0,0.022941625,-0.014569342,-0.08244866,-0.016258009,0.0,-0.004910699,-0.04580485,0.060215984,-0.17609881,0.0,0.0009484194,0.0,0.0,-0.003941606,-0.02280538,-0.38239115,-0.07578254,0.0,0.0,0.003783284,-0.022004396,0.33309042,0.0,0.0,0.0,-0.0038060301,-0.01423613,-0.006987485,-0.017815147,0.0,0.0,0.0,0.0,0.0,0.0,-0.031137533,0.011641865,-0.15212181,0.0019520449,0.0,0.00056099845,0.0,0.0,0.0,-0.025547964,-0.05268158,-0.065721676,-0.18272462,-0.04959622,0.0,0.16730523,0.02204125,0.13051146,-0.012972692,-0.6290809,-0.010083089,-0.00038644386,-0.03725787,-0.026990108,-0.084539816,-0.01278213,-0.007149701,-0.029720021,0.0003778614,0.035528563,-0.04065431,-0.114777915,-0.37453535,-0.0059473384,0.0,0.07967711,0.0,-0.028727047,0.020698454,-0.018843718,-0.05101287,-0.4809795,-0.009148898,0.021157583,-0.18960474
W0000464,-0.005193596,0.0,-0.034559038,-0.0043815933,-0.05687618,0.006183818,-0.0037701917,-0.036421854,-0.009977882,-0.95644104,-3.6019294,0.060561754,0.022273678,-0.009578995,-0.014773394,0.0,-0.020208191,0.010904469,0.0,0.0,-0.013504954,-0.0055564484,0.017362336,-0.016730877,-0.023772545,-0.08258817,0.0,0.033519976,0.031219225,-0.10070725,0.028596843,0.0,-0.004910699,-0.045182608,-0.019021353,0.16334257,0.0,0.0004783984,0.0,0.0,0.006526944,0.0022701065,-0.38734606,-0.12927799,0.0,0.0,0.0042601125,-0.004682073,0.3724478,0.0,0.0,0.0,-0.0038060301,-0.008726077,-0.0071581313,-0.008368065,0.0,0.0,0.0,0.0,0.0,0.0,-0.029193308,0.013672152,-0.17216852,0.003377371,0.0,0.0003632445,0.0,0.0,0.0,-0.025547964,-0.0019972455,-0.01780098,-0.14747347,-0.057275884,0.0,-0.1661338,0.038644593,-0.16515389,-0.0010346852,0.3209669,-0.020536523,-0.00038644386,-0.004900164,-0.023669658,-0.039316643,-0.006167148,-0.018789299,-0.03711117,-0.007334222,-0.001631124,0.025584772,0.019775374,0.3337201,0.0026547555,0.0,-0.0013518324,0.0,-0.026347041,-0.035245765,0.0019287223,-0.019522913,-0.44575232,-0.009148898,-0.8147283,-0.05642508
W0000465,-0.005193596,0.0,0.03594961,-0.015103558,0.04464466,-0.0465924,-0.017899558,0.008469857,-0.009704907,-0.9242482,-3.8687677,0.06016452,0.022879355,0.058228567,0.014705296,0.0,-0.020208191,0.010904469,0.0,0.0,-0.015000172,-0.004518023,0.018142926,-0.016730877,-0.021364573,-0.079559006,0.0,0.026722988,0.031219225,-0.10059343,0.028596843,0.0,-0.004910699,-0.046143346,-0.027697042,0.16334257,0.0,0.0004783984,0.0,0.0,0.006526944,0.0022701065,-0.4121971,-0.13619635,0.0,0.0,0.004108445,0.0066966796,0.38207674,0.0,0.0,0.0,0.0020804543,-0.00831875,-0.0071581313,-0.008520811,0.0,0.0,0.0,0.0,0.0,0.0,0.054877907,0.02087244,0.10681321,0.003377371,0.0,0.0003632445,0.0,0.0,0.0,-0.025547964,-0.05268158,0.035141602,-0.13998005,-0.057275884,0.0,0.18056822,0.003811339,0.12851402,-0.009517462,0.3195153,0.0006319508,0.00060491834,-0.0073717684,0.023978895,0.011104085,0.0025156173,-0.015549544,-0.03097469,0.00093730603,-0.009775031,0.015150379,-0.10975977,0.44696516,-0.014277047,0.0,-0.068569414,0.0,-0.034659427,-0.016078759,-0.013024451,-0.021434963,-0.37705404,-0.009148898,-0.71685266,0.063626766
W0000466,-0.005193596,0.0,-0.030230567,0.0018007417,0.04941199,-0.076592356,-0.016998999,0.00798825,-0.070990846,-0.8270483,-3.0613513,0.0595166,0.020964287,-0.024187863,-0.015280576,0.0,-0.020208191,0.010904469,0.0,0.0,-0.047443993,-0.004518023,-0.011595988,-0.006744347,0.011007456,-0.022047766,0.0,0.0355167,-0.014569342,-0.083979264,-0.016258009,0.0,-0.004910699,-0.07253214,0.06342879,-0.16681083,0.0,0.0009484194,0.0,0.0,-0.0023350685,0.0030725633,-0.37396812,-0.07371442,0.0,0.0,0.0026525205,0.0159557,-0.53068274,0.0,0.0,0.0,0.0020804543,0.004813051,-0.0071581313,-0.012755938,0.0,0.0,0.0,0.0,0.0,0.0,-0.03674731,0.008386426,-0.03835322,0.0019520449,0.0,0.0003632445,0.0,0.0,0.0,-0.027131531,-0.065098524,-0.05268377,-0.1083899,-0.053716056,0.0,-0.16092272,-0.061486766,-0.1732642,-0.0042142994,-0.53281265,-0.012423094,-0.00038644386,-0.036211025,-0.009235729,-0.06696961,-0.004520991,-0.009582578,-0.030859947,0.0003778614,-0.03046313,-0.04297116,-0.10644028,-0.40312597,-0.0059473384,0.0,-0.077840544,0.0,-0.04302557,-0.016078759,0.0016836827,-0.05099695,-0.49152178,-0.009148898,-0.73029834,-0.19161229
W0000467,-0.0015967066,0.0,-0.04788619,-0.008070575,-0.13121451,0.023538627,0.009265302,-0.15569815,-0.0077717463,0.3550309,1.7706246,-0.20712985,-0.20995814,0.0070902556,0.006257262,0.0,0.018415429,0.010904469,0.0,0.0,-0.02703094,0.015108577,-0.007093625,-0.035203747,-0.09582611,0.030012414,0.0,-0.20284067,0.031219225,-0.10339695,0.018199842,0.0,-0.0014661357,-0.15754077,-0.043318428,0.15463448,0.0,0.00113848,0.0,0.0,0.0025782639,-0.009182955,-0.70689553,-0.37161088,0.0,0.0,-0.06952707,-0.05289725,0.4110402,0.0,0.0,0.0,0.0033027628,-0.03259282,-0.018059753,0.00029014098,0.0,0.0,0.0,0.0,0.0,0.0,0.06579312,0.010600343,0.10634604,0.003398105,0.0,0.00038112229,0.0,0.0,0.0,-0.049394682,-0.058893308,0.043285154,-0.36228496,-0.05274083,0.0,-0.19269022,-0.1757734,0.14863715,-0.027291099,-0.95530593,-0.008050585,-0.001044347,-0.036215905,0.012628298,-0.15674408,0.0040596994,-0.028299432,-0.16897891,0.0009225488,-0.020523643,0.009322836,-0.12340974,-0.6166283,-0.014466135,0.0,-0.14753379,0.0,-0.071613535,-0.014220053,0.0046103136,-0.070932,0.61140776,0.021213012,0.20628583,0.033457838
W0000468,-0.0015967066,0.0,0.013364017,-0.08138272,0.070265025,-0.13164397,-0.09413032,-0.1755421,-0.054188814,0.31753722,1.6376618,-0.037052058,-0.16457579,-0.36377212,-0.016727282,0.0,-0.030118527,0.010904469,0.0,0.0,-0.06713192,0.015108577,-0.023844196,-0.056174483,-0.13375236,-0.034891255,0.0,-0.015398961,0.031219225,-0.1670821,0.028596843,0.0,-0.0014661357,-0.12836958,-0.043318428,0.16474268,0.0,0.0007490349,0.0,0.0,0.0025798192,0.0075859367,-0.62828,-0.36653608,0.0,0.0,0.0069490727,-0.016076421,-1.2170413,0.0,0.0,0.0,0.0033027628,-0.053479735,-0.018059753,-0.023916297,0.0,0.0,0.0,0.0,0.0,0.0,-0.0025490616,0.011458234,0.11381731,0.003398105,0.0,0.0007141389,0.0,0.0,0.0,-0.046560723,-0.10530176,-0.039332155,-0.020356774,0.089363195,0.0,-0.17302427,-0.15264076,-0.18670851,-0.014025664,0.30417165,0.0008196165,-0.00746914,0.0338533,-0.031125134,-0.027574588,0.002820142,0.008908497,-0.09388523,0.0009225488,1.59638e-05,0.018986661,-0.1368644,-0.6962946,-0.0015619006,0.0,-0.07875767,0.0,-0.071613535,-0.014220053,-0.049292896,-0.04170653,-0.4599057,-0.002720084,0.14486207,0.05262735
W0000469,-0.005193596,0.0,-0.034559038,-0.004281667,-0.06230482,-0.09311477,-0.017032752,-0.0010337182,-0.06905349,-0.90466464,-3.3250952,0.06271779,0.025780067,0.027136078,-0.014416139,0.0,-0.015068833,-0.010884961,0.0,0.0,-0.013504954,-0.013354607,-0.0105872555,-0.006744347,0.008959813,-0.079559006,0.0,-0.056328967,-0.02181326,-0.081146926,-0.016258009,0.0,-0.004910699,-0.046143346,-0.040926676,-0.16354968,0.0,-0.013227961,0.0,0.0,-0.0039439844,-0.009236959,-0.36445025,-0.08101882,0.0,0.0,0.0030672103,-0.010343334,0.3763575,0.0,0.0,0.0,-0.0038060301,-0.009446837,-0.0071581313,-0.0076982863,0.0,0.0,0.0,0.0,0.0,0.0,-0.036196228,0.013672152,-0.15212181,0.0019520449,0.0,0.0003632445,0.0,0.0,0.0,-0.025547964,-0.052212473,-0.065721676,-0.18202542,0.057661954,0.0,-0.16187559,-0.06841495,-0.17005458,-0.008412387,0.30161336,-0.015762335,-0.00038644386,-0.052497447,-0.004613805,-0.061281774,-0.01278213,0.004206651,-0.035596382,0.0003778614,0.035655692,-0.04297116,-0.119775556,-0.36089674,-0.000548549,0.0,0.064155206,0.0,-0.02321621,-0.035245765,0.0019287223,-0.05099695,-0.4921319,-0.009148898,-0.794933,-0.23210382
W0000470,-0.0015967066,0.0,0.012210858,0.00950863,-0.0789053,-0.17348152,-0.018614117,-0.08758148,-0.05674156,0.47003952,2.2952316,0.08516621,0.0045573264,0.09011458,0.014999724,0.0,0.027326975,0.010904469,0.0,0.0,0.01322807,0.00070057716,0.00097216817,0.0065593505,-0.039228905,-0.031186959,0.0,-0.00040432438,0.031219225,0.14306085,0.028596843,0.0,-0.0014661357,0.07041024,-0.024414826,0.16651489,0.0,0.0026750115,0.0,0.0,0.006526944,0.0075859367,0.5037125,0.14507823,0.0,0.0,0.012898704,0.011283761,0.5775225,0.0,0.0,0.0,0.00968484,0.02106237,-0.002682825,0.009763762,0.0,0.0,0.0,0.0,0.0,0.0,0.08101625,0.02087244,0.18727373,0.009046914,0.0,0.0016667963,0.0,0.0,0.0,0.036727898,-0.053070776,0.04592073,-0.1669996,0.063337184,0.0,0.18693578,0.07293208,-0.15988708,0.0038240189,0.42511067,0.009145308,-0.001044347,0.016087893,-0.004993299,0.018390827,0.005632231,-0.012079909,-0.00047563761,0.0026562288,-0.009932872,0.03276161,0.07626756,0.59753686,0.0039706314,0.0,0.07394506,0.0,-0.024684863,-0.014220053,-0.048126917,-0.018497942,-0.28194016,-0.002720084,0.25194803,0.11190087
W0000471,-0.005193596,0.0,-0.01846192,-0.0025745288,-0.04903438,0.007933373,-0.0009393161,-0.035779804,-0.068424225,-0.98102665,-3.882651,0.057006948,0.020723648,-0.18546924,-0.014773394,0.0,-0.025312264,-0.010884961,0.0,0.0,-0.013504954,-0.013354607,-0.006094396,-0.016730877,0.009714642,0.07039219,0.0,-0.054623023,-0.014569342,-0.06607802,-0.016258009,0.0,-0.004910699,-0.046994045,0.0585505,-0.17715237,0.0,0.0009484194,0.0,0.0,-0.0023350685,-0.009182955,0.20173322,-0.038800575,0.0,0.0,0.0048843035,0.0164692,0.3493786,0.0,0.0,0.0,-0.007291176,0.0069814296,0.004650646,-0.008966327,0.0,0.0,0.0,0.0,0.0,0.0,-0.042403925,0.013802314,-0.16228569,0.0019520449,0.0,0.00056099845,0.0,0.0,0.0,-0.025547964,-0.046461012,-0.06557433,-0.17320599,0.057654627,0.0,-0.16749826,-0.054687433,-0.17788965,-0.011506522,-0.7040682,-0.019900598,-0.00038644386,-0.019355988,0.0023218263,0.079077706,-0.019010246,-0.009722009,-0.083484754,0.0005174588,-0.030590259,0.021184348,-0.11406055,-0.36453524,-5.278457e-05,0.0,-0.101626694,0.0,-0.05224467,-0.016078759,-0.0023180214,0.041299835,-0.45780462,-0.009148898,0.14098416,-0.044495665
W0000472,-0.005193596,0.0,-0.030230567,-0.017838616,0.03790861,-0.04158373,-0.0271286,0.00798825,-0.00363628,-0.78711253,-2.9958534,0.0595166,0.024750669,-0.06166347,-0.016905561,0.0,-0.020208191,-0.010884961,0.0,0.0,0.056170896,-0.004518023,-0.018486653,-0.006744347,-0.0098515,-0.075510435,0.0,0.025046868,-0.02181326,-0.077219665,-0.016258009,0.0,-0.004910699,-0.046143346,-0.040926676,0.07349286,0.0,0.0009484194,0.0,0.0,-0.0023350685,0.0022701065,-0.39111373,-0.054688167,0.0,0.0,-0.021998338,-0.016108088,-0.48663345,0.0,0.0,0.0,0.0020804543,0.005973419,-0.0071581313,-0.008437777,0.0,0.0,0.0,0.0,0.0,0.0,-0.03674731,0.0011911318,0.12685993,0.0019520449,0.0,0.0003632445,0.0,0.0,0.0,-0.027740099,0.08211975,-0.05268377,-0.14647402,-0.06147697,0.0,-0.16351104,-0.060335085,-0.17005458,-0.004576602,-0.5372772,-0.017466415,-0.00038644386,-0.036498237,-0.021856315,0.0032773966,-0.004520991,0.00410684,-0.03152307,0.0003778614,-0.03046313,-0.044798184,-0.10730192,-0.3744722,-0.002744033,0.0,-0.08164449,0.0,-0.024235101,-0.016078759,0.0018391407,-0.05099695,-0.4710075,-0.009148898,-0.7014601,-0.21961269
W0000473,-0.005193596,0.0,0.017034013,-0.01693762,0.04812473,-0.07721225,-0.009342551,-0.0015685698,-0.011681261,-0.9994457,-3.6792133,0.052816674,0.017572299,0.052690998,0.014705296,0.0,-0.027471712,-0.010884961,0.0,0.0,-0.013504954,-0.004518023,0.018634768,-0.006744347,-0.021241885,-0.07494173,0.0,0.02683282,-0.02181326,0.03898485,-0.016258009,0.0,-0.004910699,0.058410674,-0.03895516,-0.17672667,0.0,-0.0085417805,0.0,0.0,-0.0023350685,-0.009236959,0.30714566,0.07032874,0.0,0.0,-0.02475831,-0.0021090722,0.34064972,0.0,0.0,0.0,-0.007291176,0.0071352506,-0.0029132469,-0.008086555,0.0,0.0,0.0,0.0,0.0,0.0,-0.029193308,0.0148438355,-0.18164946,0.003377371,0.0,0.0003632445,0.0,0.0,0.0,-0.020265544,-0.05268158,0.035421487,-0.072852485,0.05346087,0.0,0.17166829,-0.04143115,-0.164164,-0.0010346852,-0.588341,-0.0107190125,-0.00038644386,-0.016979149,-0.020222563,-0.02152596,0.0025386605,-0.016461343,-0.008866445,0.00057699945,0.035655692,-0.04980395,-0.10520761,0.33841217,-0.012361728,0.0,-0.06956659,0.0,-0.016553747,-0.016078759,0.0017207022,-0.037835125,-0.46333823,-0.009148898,-0.7528865,-0.23989615
W0000474,-0.005193596,0.0,-0.015156531,0.0011212714,-0.065977335,0.029482525,0.0005737478,-0.036324296,-0.06974962,0.28959098,-0.7423082,-0.042644583,-0.04608821,0.10831127,0.01684472,0.0,0.01904458,0.010904469,0.0,0.0,0.020749433,-0.0055564484,-0.0125269275,0.0015453391,-0.022193708,-0.13078302,0.0,0.033666015,-0.02181326,-0.14884384,-0.016258009,0.0,-0.004910699,-0.04314348,-0.0015446981,0.075506896,0.0,0.00064800854,0.0,0.0,0.006526944,0.0075859367,-0.5267865,-0.277555,0.0,0.0,0.012994978,0.009192934,-0.9858664,0.0,0.0,0.0,0.0033027628,-0.004935636,-0.018059753,-0.031016812,0.0,0.0,0.0,0.0,0.0,0.0,0.06970409,0.015456553,0.16999055,0.009046914,0.0,0.00056099845,0.0,0.0,0.0,0.055724725,-0.1145683,0.039127186,-0.1995346,0.059549954,0.0,0.18486501,0.061281066,-0.15988708,-0.0016568808,0.33388385,0.018859103,-0.0020473734,-0.00907106,0.006277274,-0.044713575,0.002331138,-0.009073751,-0.038135305,0.0026562288,0.027904052,0.0482659,-0.12733027,0.46680492,-0.000548549,0.0,-0.08596052,0.0,-0.038183942,0.020698454,0.0065681133,-0.05474672,-0.51977247,-0.002720084,-0.22611898,-0.0132491775
W0000475,-0.005193596,0.0,-0.008007996,0.0012402661,0.04178969,0.007314276,-0.0016075228,0.018156923,-0.024091993,-0.82191885,-3.2819808,0.0595166,0.020724334,0.008064662,-0.015280576,0.0,-0.020208191,0.010904469,0.0,0.0,-0.03328474,-0.004518023,-0.011904441,-0.008038367,-0.021016095,-0.09113042,0.0,-0.0980715,-0.02181326,-0.070140526,-0.016258009,0.0,-0.004910699,-0.046143346,-0.040926676,-0.16354968,0.0,0.00064800854,0.0,0.0,-0.0039439844,-0.009236959,-0.3915862,-0.07528583,0.0,0.0,-0.024191402,-0.008490303,-0.70134777,0.0,0.0,0.0,0.0020804543,0.0056863357,-0.0071581313,-0.012634324,0.0,0.0,0.0,0.0,0.0,0.0,-0.030539613,0.011458234,0.10681321,0.003377371,0.0,0.00056099845,0.0,0.0,0.0,-0.027131531,-0.065098524,-0.049738742,-0.08907178,0.05346087,0.0,-0.16796617,-0.07297414,-0.17005458,-0.0047923448,0.26831162,-0.012700345,-0.0010022561,-0.045716006,-0.00429183,-0.031489655,-0.004520991,-0.022978608,0.018415984,0.00093730603,-0.0017585903,0.025584772,-0.12006048,-0.13297832,-0.022793908,0.0,-0.08228611,0.0,-0.04302557,-0.035245765,0.0020849817,-0.054387532,-0.45016763,-0.009148898,-0.61247706,-0.2135066
W0000476,-0.005193596,0.0,-0.034559038,-0.0044968026,-0.031100282,0.0064807953,-0.003438442,0.0067372625,-0.05765716,-0.6293187,-3.2419615,-0.090687,-0.0065882364,-0.0098897815,-0.014416139,0.0,-0.018481066,-0.010884961,0.0,0.0,-0.013504954,-0.004518023,0.019723559,-0.0067202495,0.008959813,0.0746703,0.0,0.03277618,-0.02181326,-0.09896313,-0.016258009,0.0,-0.004910699,-0.09889722,-0.040926676,0.08235515,0.0,-0.006672401,0.0,0.0,0.0025782639,0.0022701065,-0.41025737,-0.12201465,0.0,0.0,-0.02310353,-0.021112025,0.28614286,0.0,0.0,0.0,-0.0038060301,0.0060071647,-0.0071581313,-0.014364039,0.0,0.0,0.0,0.0,0.0,0.0,-0.035401005,0.010600343,-0.1593671,0.003377371,0.0,0.0003632445,0.0,0.0,0.0,-0.027740099,-0.047059264,0.03500636,-0.1375919,-0.06147697,0.0,-0.16737024,-0.022475203,-0.17298895,-0.005232773,-0.67006457,-0.010103827,-0.00038644386,-0.03788637,-0.0046031643,-0.09222244,-0.023269175,0.005137141,-0.037291016,-0.004514899,-0.03046313,-0.04297116,0.0569252,0.3296737,-0.002744033,0.0,-0.09438102,0.0,-0.026347041,-0.016078759,0.0019287223,0.024697548,-0.48410368,-0.009148898,-0.77129734,-0.20854472
W0000477,-0.005193596,0.0,-0.022182377,-0.0038827066,0.047471784,0.009636162,-0.0023060043,-1.7098617e-05,-0.068424225,-0.9678929,-3.6634784,0.06271779,0.018591385,-0.16973314,-0.014416139,0.0,-0.015068833,-0.010884961,0.0,0.0,-0.009271099,-0.013354607,-0.0065986365,-0.007219096,0.009615907,-0.07176107,0.0,-0.09752895,-0.02181326,-0.09359665,-0.016258009,0.0,-0.004910699,0.057559982,-0.044139482,-0.16723652,0.0,0.0009484194,0.0,0.0,-0.0023350685,0.0075859367,-0.3209968,-0.076899275,0.0,0.0,-0.010068193,-0.021112025,0.33926803,0.0,0.0,0.0,-0.0038060301,-0.009446837,0.00798496,-0.008286718,0.0,0.0,0.0,0.0,0.0,0.0,-0.039954785,0.010600343,-0.16953097,0.003377371,0.0,0.00056099845,0.0,0.0,0.0,-0.025547964,-0.052212473,-0.06558016,-0.18615273,0.063173935,0.0,-0.16956745,-0.03986571,-0.17199904,-0.0053396868,-0.7216251,-0.010083089,0.0003996393,0.0046327985,-0.027739694,-0.060220573,-0.00858568,-0.017464971,0.028889949,-0.007334222,-0.0017585903,0.021184348,-0.10954692,0.3007996,-0.002744033,0.0,-0.13719435,0.0,-0.024266701,-0.016078759,-0.0028430545,0.030086612,-0.48340377,-0.009148898,-0.03160065,-0.21061146
W0000478,-0.005193596,0.0,-0.028206399,-0.00042901083,-0.05565955,0.0055253645,-0.003387034,-0.001435915,-0.07665531,-0.79866785,-3.5883152,0.040885948,0.004501689,0.020287294,-0.015280576,0.0,-0.015068833,-0.010884961,0.0,0.0,-0.04360901,-0.013354607,-0.0122589385,0.0021065255,0.009768339,-0.07983698,0.0,0.034041706,-0.014569342,-0.09521897,-0.016258009,0.0,-0.004910699,0.058410674,0.05735983,-0.15468739,0.0,0.0009484194,0.0,0.0,-0.0039439844,0.0022701065,-0.369778,-0.0026119314,0.0,0.0,-0.027525488,-0.007505075,-0.5608672,0.0,0.0,0.0,-0.0038060301,-0.00977154,0.007814314,-0.008368065,0.0,0.0,0.0,0.0,0.0,0.0,-0.04616248,-0.029465904,-0.18290806,-0.0069372794,0.0,0.0003632445,0.0,0.0,0.0,-0.027740099,-0.065098524,-0.017665138,-0.11220845,-0.06147697,0.0,-0.16534843,-0.07857023,-0.17298895,-0.0015701612,0.27236563,-0.0057280534,-0.00038644386,-0.04542473,0.024028156,-0.037031393,0.0017564306,0.005240972,-0.037301213,0.00093730603,-0.03545718,0.025584772,-0.115453154,0.35190028,-0.022793908,0.0,-0.10935596,0.0,-0.035549365,-0.016078759,0.0019287223,0.024697548,-0.47134334,-0.009148898,-0.8187927,0.06169855
W0000479,-0.005193596,0.0,-0.002412037,-0.027784463,0.046949476,-0.095324285,-0.021537296,-0.005090473,-0.07215935,-1.0134668,-3.7597432,0.06271779,0.029408574,-0.013319168,0.014705296,0.0,-0.015068833,-0.010884961,0.0,0.0,-0.009271099,-0.013354607,-0.00096524507,0.0021065255,0.006915619,-0.07176107,0.0,-0.06133897,-0.02181326,-0.08173739,-0.016258009,0.0,-0.004910699,0.05874917,-0.037117783,-0.17609881,0.0,0.00064800854,0.0,0.0,0.0025782639,0.0075859367,-0.39796588,-0.12320063,0.0,0.0,-0.004251371,0.0164692,0.35114914,0.0,0.0,0.0,-0.0038060301,-0.01351537,0.00798496,-0.0075555514,0.0,0.0,0.0,0.0,0.0,0.0,-0.036196228,0.010600343,-0.15212181,0.0019520449,0.0,0.00056099845,0.0,0.0,0.0,-0.025547964,-0.05268158,-0.05263533,-0.19089358,0.063173935,0.0,-0.07295379,0.022384278,-0.17005458,-0.0033860477,-0.6673522,-0.0185172,-0.00038644386,0.007275433,-0.016058933,-0.060220573,-0.014956588,-0.028403476,-0.02323973,0.0005174588,0.035655692,-0.033750147,-0.02531171,-0.3572409,-0.015052976,0.0,-0.012632268,0.0,-0.028727047,-0.016078759,-0.0028430545,-0.04676454,-0.45727915,-0.009148898,0.11833361,-0.043441422
W0000480,-0.005193596,0.0,-0.01806885,-0.0019308935,0.042064935,0.018934391,-0.00015866151,-0.00308064,-0.07122016,-0.6448219,-3.6586747,-0.005531596,-0.010051004,-0.1913561,-0.015280576,0.0,-0.015068833,-0.010884961,0.0,0.0,-0.040496837,-0.013354607,-0.006094396,-0.0067202495,0.0031540655,-0.09041022,0.0,0.02727113,-0.02181326,-0.07379553,-0.016258009,0.0,-0.004910699,-0.04568308,-0.044139482,-0.16479678,0.0,0.0009484194,0.0,0.0,-0.0039439844,0.004673285,-0.40059236,0.02864812,0.0,0.0,0.0045426562,-0.010226405,-0.75279015,0.0,0.0,0.0,-0.0038060301,-0.016282571,0.00798496,0.021512086,0.0,0.0,0.0,0.0,0.0,0.0,-0.031137533,0.011458234,-0.16746907,0.003377371,0.0,0.00056099845,0.0,0.0,0.0,0.037966866,-0.065098524,0.08334002,0.05699145,-0.06515381,0.0,-0.15599772,-0.080294,0.13051146,-0.0033860477,0.28038675,-0.020193508,-0.0021497128,-0.041866813,0.02731569,-0.029169902,-0.008061763,0.0011379691,-0.023687257,0.00093730603,0.035655692,-0.03944488,-0.14420268,-0.13183717,-0.014277047,0.0,0.07484445,0.0,-0.082552224,0.020698454,-0.0011078571,-0.05391258,-0.44040114,-0.009148898,0.13347934,-0.2164089
W0000481,-0.005193596,0.0,0.0006688796,-0.0020316434,0.049119517,0.011212043,-0.0016251784,0.0275846,-0.011205425,-0.8735794,-3.8551683,0.050176702,0.027249169,0.06159783,-0.015280576,0.0,0.028852962,0.010904469,0.0,0.0,-0.047443993,-0.004518023,0.010399397,0.0021065255,0.0012516133,-0.028556794,0.0,0.036596008,-0.02181326,0.024536371,-0.016258009,0.0,-0.004910699,0.058410674,-0.03193346,0.08546798,0.0,0.0006124293,0.0,0.0,0.006526944,0.0022701065,0.2819875,0.055396587,0.0,0.0,0.004989218,0.005646281,-0.6077474,0.0,0.0,0.0,0.003985507,-0.010798869,-0.0029132469,-0.008368065,0.0,0.0,0.0,0.0,0.0,0.0,0.053531595,0.015456553,0.15480165,0.0019520449,0.0,0.0003632445,0.0,0.0,0.0,0.037966866,-0.065098524,-0.060089935,-0.041154027,-0.05800499,0.0,0.17854404,-0.0046712775,0.14187483,-0.0042142994,0.2767789,0.02033493,-0.00038644386,-0.0014772089,-0.0016187923,-0.035133205,0.0019681072,0.00441828,-0.0072771637,0.0005174588,-0.009647902,-0.05796489,-0.09981552,-0.41924116,-0.02010266,0.0,0.07147986,0.0,0.005645792,-0.016078759,0.0021913787,-0.05442435,-0.38919613,-0.009148898,-0.89986116,-0.011819566
W0000482,-0.005193596,0.0,0.0006688796,-0.017838616,0.04031404,-0.07678862,-0.01974777,-0.01541459,-0.04727059,-0.8467464,-3.4918218,0.050333783,0.017572299,0.06104046,0.015505506,0.0,-0.025312264,-0.010884961,0.0,0.0,-0.044730693,-0.004518023,-0.012161249,-0.01942665,-0.020637821,-0.07494173,0.0,-0.10083942,-0.02181326,0.027605888,-0.016258009,0.0,-0.004910699,0.05937141,-0.03895516,-0.17672667,0.0,-0.013227961,0.0,0.0,-0.0023350685,-0.009236959,0.28645945,0.06332365,0.0,0.0,0.0026525205,-0.01935573,-0.5402171,0.0,0.0,0.0,-0.007291176,0.004525967,-0.0029132469,-0.008673299,0.0,0.0,0.0,0.0,0.0,0.0,-0.039954785,0.0091748405,-0.1944509,0.003377371,0.0,0.0003632445,0.0,0.0,0.0,-0.017943606,-0.062079072,-0.05268377,-0.065189354,0.06887859,0.0,-0.16174196,-0.039560474,-0.164164,-0.0017795187,-0.513346,-0.017694203,-0.00038644386,-0.0026386636,-0.0019516218,0.0526897,0.0016414542,-0.016461343,-0.008682272,-0.004514899,-0.0017585903,0.015524192,0.016797477,0.3346094,-5.278457e-05,0.0,0.016647354,0.0,-0.007908323,-0.016078759,0.0019463393,-0.03288246,-0.46361244,-0.009148898,-0.78134656,-0.22898267
W0000483,-0.005193596,0.0,-0.002412037,-0.022930833,-0.044050246,-0.09043716,-0.024620146,0.027813522,-0.011791346,-0.99703807,-4.3500805,0.05684986,0.013257319,0.06967395,0.015036006,0.0,0.028852962,0.010904469,0.0,0.0,0.00016223267,-0.004518023,-0.011424402,0.0021065255,-0.020344947,-0.07119237,0.0,0.021745913,0.031219225,0.047138482,0.028596843,0.0,-0.004910699,0.0597099,-0.026506372,0.15521285,0.0,0.0009484194,0.0,0.0,0.0025798192,0.0075859367,0.33321857,0.03252174,0.0,0.0,0.00461615,-0.022004396,0.33056062,0.0,0.0,0.0,0.003985507,0.007346127,-0.00247431,0.011917727,0.0,0.0,0.0,0.0,0.0,0.0,-0.0021521226,0.017670471,0.1723253,0.003377371,0.0,-0.010462886,0.0,0.0,0.0,0.037449874,0.06533969,-0.06557433,-0.11861024,0.06848772,0.0,0.17246203,-0.06258364,-0.164164,-0.0016726046,-0.350235,0.0012678755,-0.00038644386,-0.030559827,0.030503478,-0.048415933,-0.016568668,0.006686699,0.00103764,0.00093730603,0.035655692,0.03031464,0.058982253,0.40298396,0.0053460044,0.0,0.06866633,0.0,-0.022650335,-0.016078759,0.0028726715,-0.018508516,-0.37390697,-0.009148898,0.020261412,0.0635407
W0000484,-0.005193596,0.0,-0.034559038,-0.004281667,-0.055252414,0.010704828,-0.0016251784,0.00047549838,-0.07601035,-0.9326806,-3.4387124,0.06271779,0.020043084,-0.009867903,-0.014416139,0.0,-0.015068833,-0.010884961,0.0,0.0,-0.013504954,-0.004518023,-0.0152372075,-0.006744347,0.005243938,-0.024445742,0.0,0.026395459,-0.02181326,-0.092408374,-0.016258009,0.0,-0.004910699,-0.046143346,-0.040926676,-0.16354968,0.0,0.00064800854,0.0,0.0,-0.0039439844,-0.009236959,-0.38870996,-0.10197577,0.0,0.0,-0.025764477,0.006500143,0.37090415,0.0,0.0,0.0,-0.0038060301,0.0067279246,-0.0071581313,0.020494755,0.0,0.0,0.0,0.0,0.0,0.0,-0.036196228,0.013672152,-0.1593671,0.003377371,0.0,0.0003632445,0.0,0.0,0.0,-0.025547964,-0.052212473,-0.052456204,-0.18467644,0.057661954,0.0,-0.16832311,-0.07001907,-0.17005458,-0.0010346852,0.29673785,-0.0107190125,-0.00038644386,-0.052296497,-0.004659387,-0.063811444,-0.010896082,-0.016149905,-0.03475867,0.00057699945,-0.001631124,-0.04297116,-0.12130068,0.2084765,-0.022793908,0.0,0.07306769,0.0,-0.034659427,-0.016078759,0.0016836827,-0.041555766,-0.5052255,-0.009148898,-0.8053611,-0.22246866
W0000485,-0.005193596,0.0,-0.034559038,-0.017731598,0.03424684,-0.091160916,-0.027404219,-0.00025704456,-0.07061886,-0.8921078,-3.1684804,0.062156573,-0.0001945286,0.038916864,0.015036006,0.0,-0.020208191,-0.010884961,0.0,0.0,0.009910832,-0.013354607,-0.011940686,-0.007219096,-0.011843072,-0.075510435,0.0,-0.09185368,-0.02181326,-0.076076105,-0.016258009,0.0,-0.004910699,-0.07268846,-0.040926676,-0.16681083,0.0,-0.013227961,0.0,0.0,-0.003941606,-0.0068245563,-0.3352896,-0.07259318,0.0,0.0,-0.017350433,-0.019530859,0.3069377,0.0,0.0,0.0,-0.0038060301,-0.020346759,0.007814314,-0.008437777,0.0,0.0,0.0,0.0,0.0,0.0,-0.042403925,-0.043145884,-0.15212181,-0.0040095923,0.0,0.0003632445,0.0,0.0,0.0,-0.025547964,0.074798994,0.035421487,-0.1600706,-0.055269156,0.0,0.17316757,0.018784177,-0.17005458,-0.010907786,-0.6279144,-0.0107190125,-0.00038644386,0.026301175,-0.0047892355,0.06732391,-0.00858568,0.00410684,-0.030197823,0.0003778614,-0.030665185,-0.043061476,-0.09757232,-0.38488963,-0.002744033,0.0,0.06680222,0.0,-0.04302557,0.020698454,-0.0029993139,-0.049796455,-0.47385857,-0.009148898,-0.7086445,-0.20838004
W0000486,-0.005193596,0.0,0.0153710265,-0.025375696,0.047857538,-0.10678818,-0.026200958,-0.025565486,-0.0032277927,-0.86009085,-3.8589525,0.04605487,0.01250726,0.023549506,0.006763044,0.0,0.028852962,0.010904469,0.0,0.0,-0.04622591,0.04582795,-0.007954695,-0.012754429,0.05645383,-0.06929611,0.0,-0.10312414,0.031219225,0.011784318,-0.016258009,0.0,-0.004910699,-0.04496655,-0.02546594,0.1623885,0.0,-0.013227961,0.0,0.0,0.0015274035,0.004673285,0.33476454,0.042656288,0.0,0.0,0.0037709787,0.01595312,-0.70578974,0.0,0.0,0.0,0.003985507,-0.015837569,-0.00247431,-0.017693534,0.0,0.0,0.0,0.0,0.0,0.0,0.054877907,0.010216362,0.117193185,0.003377371,0.0,0.00056099845,0.0,0.0,0.0,-0.020265544,-0.06723228,-0.057144906,0.12522101,-0.068625785,0.0,0.17688026,-0.031166198,0.13560136,-0.0070854966,-0.57382786,0.003560883,0.0022231166,-0.00042570615,0.031626955,0.055205315,0.0019681072,-0.018487176,0.020002471,-0.007334222,-0.009849959,0.008528528,-0.0040825754,0.44585335,-0.012361728,0.0,-0.08385887,0.0,-0.024684863,-0.016078759,-0.01849148,0.024882123,0.60699326,0.07134915,0.14870414,0.042150863
W0000487,-0.0015967066,0.0,-0.033620294,-0.009109696,0.04012666,0.033331893,0.005642886,0.05272571,-0.07249068,0.4523011,2.4796958,-0.13726673,0.007851121,0.091984704,0.014999724,0.0,0.028676864,-0.010884961,0.0,0.0,0.014723286,0.004638333,-0.00059385865,0.009155079,-0.04817158,0.09133282,0.0,0.015805706,-0.02181326,0.063598335,-0.010347058,0.0,-0.0014661357,0.06660653,-0.060513504,0.06220629,0.0,-0.037309382,0.0,0.0,-0.009978283,-0.014049161,0.50941455,0.14930625,0.0,0.0,0.010967822,-0.022794602,0.56166244,0.0,0.0,0.0,0.00968484,0.0168471,-0.002682825,0.0027891663,0.0,0.0,0.0,0.0,0.0,0.0,-0.019758182,-0.007735301,0.17604144,0.009046914,0.0,0.0016667963,0.0,0.0,0.0,-0.02267664,-0.058223985,-0.03400255,-0.1543819,-0.059151337,0.0,0.19052333,0.05989126,0.1401459,-0.0007105544,0.44296196,0.011020099,0.0005866099,0.019308588,0.018950757,0.021288577,0.0062242188,-0.04554171,-0.009098537,0.0010729174,0.037302777,-0.05284976,-0.1399418,0.47109193,0.0039706314,0.0,-0.17065702,0.0,-0.024684863,0.01600558,0.0055634966,0.035431433,-0.39881396,-0.002720084,0.26894316,-0.48245543
W0000488,-0.005193596,0.0,0.013805328,-0.01693762,-0.07495014,-0.0560226,-0.027404219,0.0007948554,0.0064983545,-0.88705534,-3.5057495,0.06271779,0.028146964,-0.16886553,0.015036006,0.0,-0.015068833,-0.010884961,0.0,0.0,-0.025618372,-0.004518023,-0.01055101,0.0021065255,0.011908382,-0.072481275,0.0,0.020790536,0.031219225,-0.06061893,-0.016258009,0.0,-0.004910699,0.057553113,-0.027697042,0.07349286,0.0,0.00064800854,0.0,0.0,0.0025782639,-0.005509551,-0.36964262,-0.08602248,0.0,0.0,0.0033299928,-0.022004396,0.34509695,0.0,0.0,0.0,-0.0038060301,-0.0075570666,-0.0071581313,-0.009983915,0.0,0.0,0.0,0.0,0.0,0.0,-0.031137533,0.013802314,-0.14948425,0.0019520449,0.0,0.00056099845,0.0,0.0,0.0,-0.025547964,0.074798994,-0.06573462,-0.1685431,-0.05122876,0.0,-0.16313481,0.022713117,0.14814846,-0.0048522186,-0.67153037,-0.015762335,-0.00038644386,-0.03860743,-0.023564035,-0.010821123,-0.012515012,0.0047889,-0.047960646,0.0005174588,0.035655692,-0.044798184,-0.10331966,-0.39504912,-0.002744033,0.0,0.06892799,0.0,-0.02321621,-0.035245765,0.0025204332,-0.064485416,-0.45503768,-0.009148898,-0.51205325,-1.6884878e-05
W0000489,-0.005193596,0.0,-0.048909158,-0.0014183566,-0.054102745,0.016726835,-0.004601928,-0.0033123214,-0.07343088,0.04597815,-3.240392,-0.10019587,-0.004655768,0.032219216,0.015505506,0.0,-0.018481066,-0.010884961,0.0,0.0,0.053521827,-0.013354607,-0.0122589385,-0.0071949987,-0.021668833,-0.10540549,0.0,-0.092570454,-0.02181326,-0.08329145,-0.016258009,0.0,-0.004910699,0.059390023,-0.03895516,-0.17346552,0.0,0.0009484194,0.0,0.0,-0.009978283,-0.009236959,-0.31663156,-0.072904065,0.0,0.0,0.003731879,-0.007505075,-0.75868475,0.0,0.0,0.0,-0.0038060301,-0.01387714,-0.0069115944,-0.008285031,0.0,0.0,0.0,0.0,0.0,0.0,-0.039954785,-0.029465904,-0.16841051,-0.018582787,0.0,0.0003632445,0.0,0.0,0.0,-0.01889834,-0.06723228,0.038498215,-0.114322364,0.06887859,0.0,-0.15970334,-0.005477447,-0.164164,-0.0016127307,0.2799777,-0.0111636855,-0.0010022561,-0.045421623,-0.010218179,-0.027342595,-0.005750159,0.0062620933,-0.029047724,0.00057699945,0.035528224,-0.043061476,-0.12404849,0.346622,0.0053460044,0.0,0.07286974,0.0,-0.030561972,-0.016078759,-0.0029993139,-0.04035527,-0.59187865,-0.002720084,-0.951978,-0.24131368
W0000490,-0.005193596,0.0,0.018485535,-0.0040464425,-0.065606475,-0.116482444,-0.01052204,-0.0048963726,-0.0017272756,-0.983232,-3.78027,0.05977551,0.02198768,0.038760662,0.005962834,0.0,-0.015068833,0.010904469,0.0,0.0,-0.007682597,0.046866376,0.009687144,-0.016730877,-0.052823648,0.056413535,0.0,-0.0035275184,0.019999173,-0.09773039,0.028596843,0.0,-0.004910699,-0.07714618,0.04583888,0.16805845,0.0,0.0004783984,0.0,0.0,0.0015274035,0.004673285,-0.37785047,-0.09953522,0.0,0.0,-0.025764287,0.0164692,0.32693017,0.0,0.0,0.0,-0.0038060301,-0.013922695,-0.006987485,-0.006711831,0.0,0.0,0.0,0.0,0.0,0.0,0.06619006,0.011641865,-0.11027327,0.003377371,0.0,0.00056099845,0.0,0.0,0.0,-0.023934359,-0.05268158,-0.017933121,0.16466045,-0.0644247,0.0,0.17631413,-0.051652752,0.13729754,-0.007084177,-0.7140837,-0.008549634,0.00060491834,-0.019219266,0.025079928,-0.100142345,-0.012515012,-0.021236613,-0.028069133,-0.007334222,-0.024774158,-0.020822281,-0.10087535,0.31327105,-0.002744033,0.0,0.08030794,0.0,0.044527523,-0.016078759,-0.0011078571,-0.029377196,0.71242833,0.07134915,0.11345182,0.05039277
W0000491,-0.005193596,0.0,-0.030940525,-0.0026920452,-0.035446435,0.0049947896,-0.0038039442,-0.01384899,-0.07322018,-0.771325,-3.53433,0.050333783,0.016340815,0.06060139,-0.016905561,0.0,-0.025312264,-0.010884961,0.0,0.0,-0.044730693,-0.013354607,-0.011816551,-0.006744347,0.0056897425,-0.08379041,0.0,0.029134683,-0.02181326,0.023539629,-0.016258009,0.0,-0.004910699,-0.046143346,-0.03895516,-0.16786438,0.0,0.0009484194,0.0,0.0,-0.0023350685,0.0018326865,0.29584175,0.06017124,0.0,0.0,-0.01850576,-0.018463358,-0.62225753,0.0,0.0,0.0,-0.007291176,0.0041859047,0.0042117094,0.020015297,0.0,0.0,0.0,0.0,0.0,0.0,-0.041103784,0.00040271692,-0.1944509,0.003377371,0.0,0.0003632445,0.0,0.0,0.0,0.0393046,0.000389155,0.034159422,-0.10235782,-0.051423606,0.0,-0.15946513,-0.042232037,0.15227291,-0.005232773,-0.53884196,-0.01626535,0.0010364789,-0.0015264791,0.026544088,-0.049308505,-0.003562016,-0.018946826,-0.05282138,-0.004514899,-0.03046313,0.025958583,-0.105971545,0.3203783,-5.278457e-05,0.0,-0.102022186,0.0,-0.007908323,-0.016078759,0.0021913787,0.031876754,-0.4705138,-0.009148898,-0.76608914,-0.226668
W0000492,-0.005193596,0.0,-0.017017167,-0.0035380437,0.04517564,0.013237052,-0.002718827,-0.0021449619,-0.08113494,-0.87596226,-3.7492285,0.060077816,0.009477203,0.06246084,0.017009752,0.0,-0.015068833,-0.010884961,0.0,0.0,-0.044730693,-0.004518023,-0.011732855,-0.006744347,0.010689955,0.05109302,0.0,0.035187423,-0.02181326,-0.09337929,-0.016258009,0.0,0.07270218,-0.088616736,-0.02819886,-0.16723652,0.0,0.00064800854,0.0,0.0,-0.0023350685,-0.014049161,-0.396071,-0.067408204,0.0,0.0,-0.02010649,-0.020995095,-0.588306,0.0,0.0,0.0,-0.0038060301,0.005006543,0.00798496,0.00708084,0.0,0.0,0.0,0.0,0.0,0.0,-0.034896087,0.010216362,-0.1593671,0.003377371,0.0,-0.010462886,0.0,0.0,0.0,0.04371243,0.08311522,0.08453154,-0.119981654,-0.057870038,0.0,0.1759151,-0.060736924,0.14249949,-0.00020643347,-0.55626464,-0.01705828,-0.0010022561,-0.0022989209,0.025308812,-0.025624998,0.0014275229,-0.024924073,0.0067397538,0.00093730603,-0.001631124,-0.03365983,-0.11123606,0.3321615,-0.015052976,0.0,0.08848921,0.0,-0.052957892,0.020698454,0.0026100148,0.03852993,-0.47195727,-0.009148898,0.12545007,-0.18461831
W0000493,-0.005193596,0.0,-0.030230567,-0.0022467787,-0.060173992,0.0068918485,-0.0017368491,-0.0020501772,-0.07314183,-0.82595867,-3.489501,-0.00057524256,0.01716955,-0.026663236,-0.015280576,0.0,-0.027471712,-0.010884961,0.0,0.0,-0.044730693,-0.004518023,-0.01609853,-0.006744347,-0.009672742,0.07820581,0.0,0.028468529,-0.02181326,0.031112853,-0.016258009,0.0,-0.004910699,0.058410674,-0.03895516,-0.17346552,0.0,0.0009484194,0.0,0.0,-0.0039439844,-0.009236959,0.31097233,0.06483832,0.0,0.0,0.0034466144,-0.011502534,-0.5938421,0.0,0.0,0.0,-0.007291176,-0.011085953,-0.0029132469,-0.0079338085,0.0,0.0,0.0,0.0,0.0,0.0,-0.030539613,0.011458234,-0.18164946,0.003377371,0.0,0.0003632445,0.0,0.0,0.0,-0.012064063,-0.065098524,0.034961022,-0.07288736,0.05346087,0.0,-0.17176317,-0.07147322,-0.17005458,-0.010353383,0.2752645,-0.012423094,-0.00038644386,-0.02431656,-0.0016187923,-0.035133205,-0.003562016,-0.017070124,-0.008259296,0.00057699945,0.035655692,-0.037429895,-0.11452074,-0.15830559,-0.017196286,0.0,-0.081130505,0.0,-0.02219723,-0.035245765,0.0019463393,-0.04727631,-0.48858583,-0.009148898,-0.8359433,-0.2401212
W0000494,-0.005193596,0.0,-0.03183594,-0.0044968026,0.041141465,0.006235958,-0.0016251784,-0.0009543076,-0.07601035,-0.9474479,-3.5125537,0.06271779,0.021981414,0.040843137,0.014705296,0.0,-0.015068833,-0.010884961,0.0,0.0,-0.013504954,-0.013354607,-0.01055101,-0.006744347,0.013399251,0.08148594,0.0,0.03423493,-0.014569342,-0.087723404,-0.016258009,0.0,-0.004910699,-0.045182608,0.06342879,-0.16354968,0.0,0.00064800854,0.0,0.0,-0.009978283,-0.009236959,-0.37416255,-0.07533382,0.0,0.0,0.003731879,-0.012534708,0.3620792,0.0,0.0,0.0,-0.0038060301,0.0060071647,0.007814314,-0.008285031,0.0,0.0,0.0,0.0,0.0,0.0,-0.036196228,-0.036649093,-0.15212181,0.0019520449,0.0,0.0003632445,0.0,0.0,0.0,-0.025547964,-0.05268158,-0.052364822,-0.21551764,0.057661954,0.0,-0.16534843,0.00057459436,-0.1732642,-0.0042142994,0.31733742,-0.015762335,-0.00038644386,-0.052296497,-0.014266557,-0.05905044,-0.015223706,0.00441828,-0.030949414,0.0003778614,-0.001631124,-0.04297116,-0.0118612945,-0.35527626,0.0026547555,0.0,-0.08579929,0.0,-0.02321621,-0.016078759,0.0019287223,-0.05099695,-0.477983,-0.009148898,-0.82700026,-0.2078317
W0000495,-0.005193596,0.0,-0.030230567,-0.00366847,-0.054102745,-0.09038013,-0.027404219,-0.014196873,-0.08009869,-0.624548,-3.42907,-0.028320873,-0.0024901498,0.02128172,-0.015280576,0.0,-0.025486521,-0.010884961,0.0,0.0,-0.044730693,-0.013354607,-0.011816551,-0.0067202495,0.0070912107,0.0889619,0.0,0.026107766,-0.02181326,-0.08866423,-0.016258009,0.0,-0.004910699,-0.041360296,-0.03895516,-0.17346552,0.0,0.0009484194,0.0,0.0,-0.0039439844,-0.009236959,0.28156948,0.04911018,0.0,0.0,-0.017113589,-0.008587038,-0.7456247,0.0,0.0,0.0,-0.007291176,0.0043680486,-0.0029132469,-0.008520553,0.0,0.0,0.0,0.0,0.0,0.0,-0.036196228,-0.0054861456,-0.17010662,0.003377371,0.0,0.0003632445,0.0,0.0,0.0,-0.017943606,-0.059945315,0.03401791,-0.0029020905,0.06887859,0.0,-0.15751512,-0.07231757,-0.17005458,-0.0016726046,0.27420092,-0.017454183,-0.0010022561,-0.025510771,-0.028009336,-0.021138184,-0.012388185,-0.010304623,-0.024233162,-0.004514899,-0.001631124,-0.04297116,0.057271883,0.19345272,0.0021426994,0.0,0.063620515,0.0,0.0038668916,-0.016078759,0.0016836827,-0.041555766,-0.51348656,-0.009148898,-0.8270004,-0.22771712
W0000496,-0.005193596,0.0,-0.030761834,-0.0044968026,-0.059203748,0.010716596,-0.0034046895,-0.01704874,-0.07249686,-0.8910534,-4.147074,-0.07733696,-0.0028359238,0.05387658,0.014705296,0.0,-0.025486521,-0.010884961,0.0,0.0,-0.015000172,-0.013354607,-0.0122589385,0.0021065255,0.011797411,0.08707434,0.0,-0.05612866,-0.02181326,0.03912492,-0.016258009,0.0,-0.004910699,-0.046143346,-0.03193346,-0.16460323,0.0,0.0009484194,0.0,0.0,-0.009978283,-0.009236959,0.28687203,0.07967953,0.0,0.0,0.004989218,0.006500143,0.3770644,0.0,0.0,0.0,-0.007291176,0.0067279246,0.0042117094,-0.007576673,0.0,0.0,0.0,0.0,0.0,0.0,-0.039954785,-0.04703808,-0.18164946,0.003377371,0.0,0.0003632445,0.0,0.0,0.0,-0.018681977,-0.05268158,-0.017204676,-0.12816438,0.057661954,0.0,-0.15971905,0.0351335,-0.17199904,-0.009155159,0.31877214,0.0007121358,-0.00038644386,-0.03373363,-0.010343691,-0.00040474162,0.0023263802,0.0053385003,-0.010823854,0.00093730603,0.035528563,-0.04259735,-0.116316386,0.35770887,0.0053460044,0.0,0.072494216,0.0,-0.017443685,-0.016078759,0.0021913787,0.023629488,-0.41020495,-0.009148898,-0.8729326,0.0558984
W0000497,-0.005193596,0.0,-0.030230567,-0.002592119,0.04662299,0.011202746,-0.0016075228,-0.0031084057,-0.077708706,-0.68148196,-3.2837722,-0.08585575,-0.0108605875,0.05652877,0.017009752,0.0,-0.015691405,-0.010884961,0.0,0.0,-0.044730693,-0.004518023,-0.011595988,-0.009872633,0.011007456,-0.09113042,0.0,0.027567191,-0.02181326,-0.085723385,-0.016258009,0.0,-0.004910699,0.058410674,-0.03835218,-0.17346552,0.0,0.0009484194,0.0,0.0,-0.0039439844,-0.0068245563,-0.3294057,-0.06454621,0.0,0.0,0.0034466144,-0.008490303,-0.6952029,0.0,0.0,0.0,-0.0038060301,-0.011085953,-0.0069115944,-0.008285031,0.0,0.0,0.0,0.0,0.0,0.0,-0.036196228,0.011458234,-0.1593671,0.003377371,0.0,0.0003632445,0.0,0.0,0.0,-0.027131531,-0.048780844,-0.049738742,0.14387286,-0.059470236,0.0,-0.1661181,-0.06458179,-0.17005458,-0.004685431,0.26975447,-0.012700345,-0.0010022561,-0.045716006,0.024311723,-0.02475159,-0.004520991,0.00441828,-0.03503548,0.00057699945,-0.001631124,-0.04297116,-0.02733411,-0.15462802,-0.022793908,0.0,0.07286974,0.0,-0.04302557,-0.016078759,0.0019287223,-0.05099695,-0.5172358,-0.009148898,-0.81488705,-0.2304849
W0000498,-0.005193596,0.0,-0.030230567,-0.00028905616,-0.039365463,-0.079166114,-0.016981345,0.0077126077,-0.07665531,-0.8116876,-2.948749,0.0595166,0.019893352,0.015044169,0.015505506,0.0,-0.020208191,-0.010884961,0.0,0.0,0.004972812,-0.004518023,-0.011595988,-0.006744347,0.011007456,0.08365901,0.0,-0.057967216,-0.014569342,-0.083979264,-0.016258009,0.0,-0.004910699,-0.07253214,0.04695715,-0.16681083,0.0,0.0009484194,0.0,0.0,-0.0039439844,-0.0068245563,-0.3516054,-0.063261166,0.0,0.0,0.0030672103,-0.018273765,-0.6489866,0.0,0.0,0.0,-0.0038060301,-0.014795758,-0.0071581313,0.011777031,0.0,0.0,0.0,0.0,0.0,0.0,-0.036196228,-0.03713095,-0.15212181,-0.0040095923,0.0,-0.006774679,0.0,0.0,0.0,-0.027131531,-0.06723228,0.034159422,-0.06816183,-0.059470236,0.0,0.16813911,-0.07088099,-0.17005458,-0.004685431,-0.28086382,-0.012700345,-0.0010022561,-0.045916956,-0.004613805,-0.0517165,0.0016414542,0.004206651,-0.032072064,0.0003778614,-0.001631124,-0.037803706,-0.112627536,-0.39980724,-0.014277047,0.0,-0.06769922,0.0,-0.04302557,-0.016078759,0.0019287223,-0.05099695,-0.50038314,-0.009148898,-0.7345951,-0.19809355
W0000499,-0.005193596,0.0,-0.01806885,-0.0019308935,-0.06496927,-0.10906221,-0.02185372,0.0013727313,-0.07050121,-0.83967483,-3.14758,0.0595166,0.020351954,-0.080769576,-0.015280576,0.0,-0.020208191,0.010904469,0.0,0.0,-0.047443993,-0.004518023,-0.0065768547,-0.007219096,-0.020914003,-0.08333249,0.0,-0.10001281,-0.02181326,-0.06751725,-0.016258009,0.0,-0.004910699,0.05937828,-0.044139482,-0.17609881,0.0,-0.009038018,0.0,0.0,-0.003941606,-0.02280538,-0.37743902,-0.04596916,0.0,0.0,-0.011173413,-0.019258993,-0.68307245,0.0,0.0,0.0,-0.0038060301,-0.016282571,-0.006987485,-0.017478468,0.0,0.0,0.0,0.0,0.0,0.0,-0.031688616,0.010216362,-0.16492324,0.0019520449,0.0,0.00056099845,0.0,0.0,0.0,-0.027740099,-0.059945315,-0.049738742,-0.14663185,0.05458775,0.0,0.17720248,-0.01933473,0.13051146,-0.0047923448,-0.6646503,-0.012416667,-0.0010022561,-0.035672855,-0.015959932,-0.025624998,0.0014297778,0.005543607,0.022978602,-0.0029566854,-0.030590596,0.021184348,0.055429958,-0.42493257,-0.002744033,0.0,-0.08866375,0.0,-0.082552224,-0.016078759,-0.0023180214,-0.05730316,-0.51560825,-0.009148898,0.004247941,-0.19754405
W0000500,-0.005193596,0.0,-0.034559038,-0.0044968026,0.047491543,0.010716596,-0.0016075228,-0.01609282,-0.07010689,-0.858874,-3.53056,-0.00097844,0.0011105575,0.040401258,0.014705296,0.0,-0.025312264,-0.010884961,0.0,0.0,-0.013504954,-0.013354607,-0.011940686,-0.007219096,0.008959813,0.07820581,0.0,-0.08950868,-0.014569342,-0.0716718,-0.016258009,0.0,-0.004910699,-0.046143346,0.0654003,-0.17346552,0.0,-0.013227961,0.0,0.0,-0.0039439844,-0.009236959,0.10192507,-0.04259783,0.0,0.0,0.0034466144,-0.011138969,0.36517525,0.0,0.0,0.0,-0.007291176,0.0060071647,0.0042117094,-0.008285031,0.0,0.0,0.0,0.0,0.0,0.0,-0.036196228,-0.003272228,-0.15212181,0.0019520449,0.0,0.0003632445,0.0,0.0,0.0,0.038893744,-0.05268158,-0.06558016,-0.16829073,0.058644135,0.0,-0.15971905,-0.07643494,-0.17005458,-0.0047923448,0.3008869,-0.020536523,-0.00038644386,-0.03373363,-0.016813226,-0.063811444,-0.00858568,0.00441828,-0.018191539,0.0003778614,0.035528224,-0.044798184,-0.115760945,-0.36724353,-0.017196286,0.0,0.07203314,0.0,-0.024919894,-0.025540344,0.0018391407,-0.049796455,-0.48607904,-0.009148898,-0.84755975,-0.22684449
