wallet_id,rank,feature,feature_value,shap_value,absolute_shap_value,direction
W0000001,1,median_sent_sats,15.74767219935926,-3.5215353965759277,3.5215353965759277,decreases_risk
W0000001,2,avg_sent_sats,16.3072596482807,-0.8992534279823303,0.8992534279823303,decreases_risk
W0000001,3,graphsage_dim_10,-0.9418419,-0.670778751373291,0.670778751373291,decreases_risk
W0000001,4,isolation_forest_anomaly_score,-0.0885962756093093,-0.4871094822883606,0.4871094822883606,decreases_risk
W0000001,5,autoencoder_reconstruction_error,0.7542581,-0.4395683705806732,0.4395683705806732,decreases_risk
W0000001,6,graphsage_dim_23,0.5519781,-0.36704662442207336,0.36704662442207336,decreases_risk
W0000001,7,country_entropy,2.988726251836517,-0.34874311089515686,0.34874311089515686,decreases_risk
W0000001,8,observations_per_tx,1.499999999925,0.3441976308822632,0.3441976308822632,increases_risk
W0000001,9,graphsage_dim_3,0.5364064,-0.18171334266662598,0.18171334266662598,decreases_risk
W0000001,10,graphsage_dim_6,-0.15716031,0.16936849057674408,0.16936849057674408,increases_risk
W0000002,1,median_sent_sats,15.837155533699,-3.5684618949890137,3.5684618949890137,decreases_risk
W0000002,2,autoencoder_reconstruction_error,0.54821175,-0.8567128777503967,0.8567128777503967,decreases_risk
W0000002,3,avg_sent_sats,16.43290134386174,-0.851276159286499,0.851276159286499,decreases_risk
W0000002,4,observations_per_tx,1.6153846153224851,-0.6656836867332458,0.6656836867332458,decreases_risk
W0000002,5,isolation_forest_anomaly_score,-0.0745042355935894,-0.4727509319782257,0.4727509319782257,decreases_risk
W0000002,6,graphsage_dim_23,0.013652682,-0.3679836094379425,0.3679836094379425,decreases_risk
W0000002,7,graphsage_dim_10,0.19244473,0.2801225781440735,0.2801225781440735,increases_risk
W0000002,8,country_entropy,3.0310205839591875,-0.23158694803714752,0.23158694803714752,decreases_risk
W0000002,9,total_bytes_sent,11.712546518842244,-0.1734655201435089,0.1734655201435089,decreases_risk
W0000002,10,weighted_out_degree,28.0,-0.16286133229732513,0.16286133229732513,decreases_risk
W0000003,1,median_sent_sats,16.206584252980253,-3.384355068206787,3.384355068206787,decreases_risk
W0000003,2,avg_sent_sats,16.762404849901248,-0.9485558867454529,0.9485558867454529,decreases_risk
W0000003,3,autoencoder_reconstruction_error,0.4471695,-0.7018741369247437,0.7018741369247437,decreases_risk
W0000003,4,graphsage_dim_10,-0.43187538,-0.6816064119338989,0.6816064119338989,decreases_risk
W0000003,5,isolation_forest_anomaly_score,-0.093029369737496,-0.4700537323951721,0.4700537323951721,decreases_risk
W0000003,6,graphsage_dim_23,0.21000603,-0.377108097076416,0.377108097076416,decreases_risk
W0000003,7,country_entropy,2.7938539870355066,-0.3747797906398773,0.3747797906398773,decreases_risk
W0000003,8,observations_per_tx,1.5185185184622771,0.32278573513031006,0.32278573513031006,increases_risk
W0000003,9,graphsage_dim_3,-0.07575106,-0.2079544961452484,0.2079544961452484,decreases_risk
W0000003,10,weighted_out_degree,23.0,-0.17566277086734772,0.17566277086734772,decreases_risk
W0000004,1,median_sent_sats,16.69459625609625,1.1659233570098877,1.1659233570098877,increases_risk
W0000004,2,observations_per_tx,1.5499999999225,-1.0185824632644653,1.0185824632644653,decreases_risk
W0000004,3,graphsage_dim_23,0.5416416,-0.6726222634315491,0.6726222634315491,decreases_risk
W0000004,4,isolation_forest_anomaly_score,-0.0413218794129327,-0.5073902606964111,0.5073902606964111,decreases_risk
W0000004,5,deterministic_score,0.4766129032258064,-0.4819486141204834,0.4819486141204834,decreases_risk
W0000004,6,country_entropy,3.467960897042871,0.367870032787323,0.367870032787323,increases_risk
W0000004,7,avg_outputs_per_tx,1.660377358490566,-0.36764514446258545,0.36764514446258545,decreases_risk
W0000004,8,graphsage_dim_10,0.20444381,0.30597835779190063,0.30597835779190063,increases_risk
W0000004,9,autoencoder_reconstruction_error,1.1007756,0.20707091689109802,0.20707091689109802,increases_risk
W0000004,10,graphsage_dim_18,-0.44097817,-0.20664425194263458,0.20664425194263458,decreases_risk
W0000005,1,median_sent_sats,16.177359535627037,-3.460028886795044,3.460028886795044,decreases_risk
W0000005,2,avg_sent_sats,16.514385317597863,-0.882563591003418,0.882563591003418,decreases_risk
W0000005,3,observations_per_tx,1.6249999998984377,-0.6551840901374817,0.6551840901374817,decreases_risk
W0000005,4,isolation_forest_anomaly_score,-0.0783239514453702,-0.4425467252731323,0.4425467252731323,decreases_risk
W0000005,5,graphsage_dim_23,0.78214383,-0.4231705367565155,0.4231705367565155,decreases_risk
W0000005,6,country_entropy,2.947807986206916,-0.3870243430137634,0.3870243430137634,decreases_risk
W0000005,7,graphsage_dim_10,0.09177099,0.19886857271194458,0.19886857271194458,increases_risk
W0000005,8,graphsage_dim_8,0.030554548,-0.17326420545578003,0.17326420545578003,decreases_risk
W0000005,9,graphsage_dim_6,0.61657304,-0.16632875800132751,0.16632875800132751,decreases_risk
W0000005,10,deterministic_score,0.4632903225806452,-0.1659887433052063,0.1659887433052063,decreases_risk
W0000006,1,median_sent_sats,17.092767511074634,1.8579671382904053,1.8579671382904053,increases_risk
W0000006,2,autoencoder_reconstruction_error,0.6557414,-1.5905613899230957,1.5905613899230957,decreases_risk
W0000006,3,observations_per_tx,1.7391304347069942,-1.1380181312561035,1.1380181312561035,decreases_risk
W0000006,4,graphsage_dim_23,0.06316752,-0.5669442415237427,0.5669442415237427,decreases_risk
W0000006,5,isolation_forest_anomaly_score,-0.0656670122406247,-0.5460241436958313,0.5460241436958313,decreases_risk
W0000006,6,country_entropy,2.9270025079038544,-0.4839092195034027,0.4839092195034027,decreases_risk
W0000006,7,deterministic_score,0.4787741935483871,-0.42564982175827026,0.42564982175827026,decreases_risk
W0000006,8,graphsage_dim_10,0.23635265,0.31498077511787415,0.31498077511787415,increases_risk
W0000006,9,avg_sent_sats,17.453175053218843,0.29682549834251404,0.29682549834251404,increases_risk
W0000006,10,max_sent_sats,18.701267307715607,-0.20142459869384766,0.20142459869384766,decreases_risk
W0000007,1,median_sent_sats,16.17929130970213,-3.109657049179077,3.109657049179077,decreases_risk
W0000007,2,avg_sent_sats,16.65890947369392,-0.8202258348464966,0.8202258348464966,decreases_risk
W0000007,3,autoencoder_reconstruction_error,0.34234416,-0.8194064497947693,0.8194064497947693,decreases_risk
W0000007,4,observations_per_tx,1.79999999991,-0.7282670736312866,0.7282670736312866,decreases_risk
W0000007,5,isolation_forest_anomaly_score,-0.1076657877668671,-0.5110298991203308,0.5110298991203308,decreases_risk
W0000007,6,country_entropy,2.8192291401313194,-0.3673487901687622,0.3673487901687622,decreases_risk
W0000007,7,graphsage_dim_23,0.057206016,-0.36552128195762634,0.36552128195762634,decreases_risk
W0000007,8,graphsage_dim_10,0.30509904,0.27301648259162903,0.27301648259162903,increases_risk
W0000007,9,deterministic_score,0.4005483870967743,-0.21039371192455292,0.21039371192455292,decreases_risk
W0000007,10,graphsage_dim_8,0.22920737,-0.17326420545578003,0.17326420545578003,decreases_risk
W0000008,1,median_sent_sats,16.19194008124508,-3.615863800048828,3.615863800048828,decreases_risk
W0000008,2,avg_sent_sats,16.673186949422863,-0.8842172026634216,0.8842172026634216,decreases_risk
W0000008,3,autoencoder_reconstruction_error,0.6860693,-0.8235195279121399,0.8235195279121399,decreases_risk
W0000008,4,isolation_forest_anomaly_score,-0.0885484361525396,-0.47646456956863403,0.47646456956863403,decreases_risk
W0000008,5,graphsage_dim_23,0.22190529,-0.38742682337760925,0.38742682337760925,decreases_risk
W0000008,6,observations_per_tx,1.4799999999408,0.34497499465942383,0.34497499465942383,increases_risk
W0000008,7,graphsage_dim_10,0.47708803,0.3148488700389862,0.3148488700389862,increases_risk
W0000008,8,country_entropy,3.135066040893346,0.290688693523407,0.290688693523407,increases_risk
W0000008,9,deterministic_score,0.4551290322580646,-0.21169312298297882,0.21169312298297882,decreases_risk
W0000008,10,total_bytes_sent,11.503147819206132,-0.1734655201435089,0.1734655201435089,decreases_risk
W0000009,1,median_sent_sats,16.375767577453303,-3.7530717849731445,3.7530717849731445,decreases_risk
W0000009,2,avg_sent_sats,16.68370656927614,-1.006342887878418,1.006342887878418,decreases_risk
W0000009,3,graphsage_dim_10,-0.3212609,-0.7581180334091187,0.7581180334091187,decreases_risk
W0000009,4,isolation_forest_anomaly_score,-0.0678589211640445,-0.4435195028781891,0.4435195028781891,decreases_risk
W0000009,5,country_entropy,2.726409765557392,-0.4151715934276581,0.4151715934276581,decreases_risk
W0000009,6,graphsage_dim_23,-0.14926872,0.3462315797805786,0.3462315797805786,increases_risk
W0000009,7,observations_per_tx,1.230769230674556,0.3094099164009094,0.3094099164009094,increases_risk
W0000009,8,weighted_out_degree,20.0,-0.1721685230731964,0.1721685230731964,decreases_risk
W0000009,9,graphsage_dim_6,0.22340111,-0.169711172580719,0.169711172580719,decreases_risk
W0000009,10,total_bytes_sent,10.66501741845733,0.16304725408554077,0.16304725408554077,increases_risk
W0000010,1,median_sent_sats,15.89227489412539,-3.5950868129730225,3.5950868129730225,decreases_risk
W0000010,2,avg_sent_sats,16.55545002597306,-0.8992382287979126,0.8992382287979126,decreases_risk
W0000010,3,autoencoder_reconstruction_error,0.5037828,-0.8439058661460876,0.8439058661460876,decreases_risk
W0000010,4,isolation_forest_anomaly_score,-0.0792901002787807,-0.46119192242622375,0.46119192242622375,decreases_risk
W0000010,5,graphsage_dim_23,0.33683792,-0.3853324353694916,0.3853324353694916,decreases_risk
W0000010,6,observations_per_tx,1.370370370319616,0.38372576236724854,0.38372576236724854,increases_risk
W0000010,7,graphsage_dim_10,0.43133172,0.307011216878891,0.307011216878891,increases_risk
W0000010,8,country_entropy,3.0468319190963085,-0.22589419782161713,0.22589419782161713,decreases_risk
W0000010,9,deterministic_score,0.402967741935484,-0.19640758633613586,0.19640758633613586,decreases_risk
W0000010,10,graphsage_dim_6,-0.116515115,0.17585566639900208,0.17585566639900208,increases_risk
W0000011,1,median_sent_sats,16.418311496479063,-4.028538227081299,4.028538227081299,decreases_risk
W0000011,2,isolation_forest_anomaly_score,0.0189476282264787,0.6360200643539429,0.6360200643539429,increases_risk
W0000011,3,graphsage_dim_23,0.8243633,-0.45134237408638,0.45134237408638,decreases_risk
W0000011,4,country_entropy,2.869910023274066,-0.43931227922439575,0.43931227922439575,decreases_risk
W0000011,5,observations_per_tx,1.19999999988,0.37969523668289185,0.37969523668289185,increases_risk
W0000011,6,avg_sent_sats,17.127145739324217,0.3737490773200989,0.3737490773200989,increases_risk
W0000011,7,graphsage_dim_10,0.7869932,0.32763218879699707,0.32763218879699707,increases_risk
W0000011,8,graphsage_dim_3,-0.41872287,0.1780940592288971,0.1780940592288971,increases_risk
W0000011,9,graphsage_dim_6,0.1866673,-0.17491818964481354,0.17491818964481354,decreases_risk
W0000011,10,total_bytes_sent,10.718985100373532,0.15536995232105255,0.15536995232105255,increases_risk
W0000012,1,median_sent_sats,17.43697313912434,2.4821982383728027,2.4821982383728027,increases_risk
W0000012,2,graphsage_dim_23,-0.24354081,0.5090162754058838,0.5090162754058838,increases_risk
W0000012,3,observations_per_tx,1.3499999999325,0.5048391819000244,0.5048391819000244,increases_risk
W0000012,4,avg_sent_sats,17.500122550354625,0.47174471616744995,0.47174471616744995,increases_risk
W0000012,5,country_entropy,3.220431875533882,0.4473751187324524,0.4473751187324524,increases_risk
W0000012,6,graphsage_dim_10,0.05472861,0.322879821062088,0.322879821062088,increases_risk
W0000012,7,autoencoder_reconstruction_error,1.171697,0.2515992522239685,0.2515992522239685,increases_risk
W0000012,8,isolation_forest_anomaly_score,-0.0255757446751092,-0.2425239235162735,0.2425239235162735,decreases_risk
W0000012,9,weighted_out_degree,21.0,-0.20349431037902832,0.20349431037902832,decreases_risk
W0000012,10,graphsage_dim_8,-0.05845374,-0.17534253001213074,0.17534253001213074,decreases_risk
W0000013,1,median_sent_sats,16.289608672080007,-3.2716619968414307,3.2716619968414307,decreases_risk
W0000013,2,avg_sent_sats,16.517244978012194,-0.8454899787902832,0.8454899787902832,decreases_risk
W0000013,3,autoencoder_reconstruction_error,0.32053334,-0.746385931968689,0.746385931968689,decreases_risk
W0000013,4,observations_per_tx,1.7142857142040815,-0.6129230260848999,0.6129230260848999,decreases_risk
W0000013,5,graphsage_dim_10,-0.27113065,-0.5573054552078247,0.5573054552078247,decreases_risk
W0000013,6,isolation_forest_anomaly_score,-0.109526067034208,-0.4634976387023926,0.4634976387023926,decreases_risk
W0000013,7,country_entropy,2.962549716509212,-0.3748142719268799,0.3748142719268799,decreases_risk
W0000013,8,graphsage_dim_23,-0.2335126,0.31600648164749146,0.31600648164749146,increases_risk
W0000013,9,deterministic_score,0.3692580645161291,-0.220525324344635,0.220525324344635,decreases_risk
W0000013,10,graphsage_dim_6,-0.1994296,0.16771815717220306,0.16771815717220306,increases_risk
W0000014,1,avg_sent_sats,16.76301432927474,-1.2277390956878662,1.2277390956878662,decreases_risk
W0000014,2,median_sent_sats,16.63531227868223,1.0237027406692505,1.0237027406692505,increases_risk
W0000014,3,country_entropy,2.453652820771537,-0.6833727359771729,0.6833727359771729,decreases_risk
W0000014,4,graphsage_dim_23,0.73549056,-0.5674329996109009,0.5674329996109009,decreases_risk
W0000014,5,graphsage_dim_10,0.045744754,-0.5127950310707092,0.5127950310707092,decreases_risk
W0000014,6,asn_entropy,2.6461474506035665,-0.3743647336959839,0.3743647336959839,decreases_risk
W0000014,7,observations_per_tx,1.5333333332311112,0.3249209523200989,0.3249209523200989,increases_risk
W0000014,8,graphsage_dim_3,0.3065995,-0.3023239076137543,0.3023239076137543,decreases_risk
W0000014,9,isolation_forest_anomaly_score,-0.0241979030634191,-0.27731290459632874,0.27731290459632874,decreases_risk
W0000014,10,autoencoder_reconstruction_error,2.2805433,0.22168809175491333,0.22168809175491333,increases_risk
W0000015,1,median_sent_sats,16.290226037066187,-3.5090742111206055,3.5090742111206055,decreases_risk
W0000015,2,autoencoder_reconstruction_error,0.43636692,-0.8523756861686707,0.8523756861686707,decreases_risk
W0000015,3,avg_sent_sats,16.85490388922484,-0.7269585132598877,0.7269585132598877,decreases_risk
W0000015,4,isolation_forest_anomaly_score,-0.0929020148804744,-0.5110710859298706,0.5110710859298706,decreases_risk
W0000015,5,observations_per_tx,1.4545454544793388,0.39205968379974365,0.39205968379974365,increases_risk
W0000015,6,country_entropy,2.690787998444309,-0.38200658559799194,0.38200658559799194,decreases_risk
W0000015,7,graphsage_dim_10,0.3484823,0.3133378028869629,0.3133378028869629,increases_risk
W0000015,8,deterministic_score,0.4306451612903225,-0.23403002321720123,0.23403002321720123,decreases_risk
W0000015,9,graphsage_dim_23,-0.03525137,0.20721329748630524,0.20721329748630524,increases_risk
W0000015,10,graphsage_dim_8,0.16337106,-0.17326420545578003,0.17326420545578003,decreases_risk
W0000016,1,avg_sent_sats,16.69674126064983,-0.9529483914375305,0.9529483914375305,decreases_risk
W0000016,2,isolation_forest_anomaly_score,0.0001135204648042,0.6756561398506165,0.6756561398506165,increases_risk
W0000016,3,graphsage_dim_23,-0.6917071,0.6098350882530212,0.6098350882530212,increases_risk
W0000016,4,median_sent_sats,16.48879759493006,0.5132138729095459,0.5132138729095459,increases_risk
W0000016,5,country_entropy,3.049691884922566,0.31302696466445923,0.31302696466445923,increases_risk
W0000016,6,graphsage_dim_10,0.055114165,0.286672979593277,0.286672979593277,increases_risk
W0000016,7,observations_per_tx,1.5454545453140496,0.2397637665271759,0.2397637665271759,increases_risk
W0000016,8,autoencoder_reconstruction_error,1.0722097,0.22558216750621796,0.22558216750621796,increases_risk
W0000016,9,graphsage_dim_6,-0.3819985,0.19579213857650757,0.19579213857650757,increases_risk
W0000016,10,total_bytes_sent,10.90549715981282,0.15714216232299805,0.15714216232299805,increases_risk
W0000017,1,median_sent_sats,16.33617713158426,-3.7059361934661865,3.7059361934661865,decreases_risk
W0000017,2,avg_sent_sats,16.73345391132328,-0.8850021958351135,0.8850021958351135,decreases_risk
W0000017,3,graphsage_dim_10,-0.5533684,-0.5927848815917969,0.5927848815917969,decreases_risk
W0000017,4,observations_per_tx,1.5789473683379502,-0.48264631628990173,0.48264631628990173,decreases_risk
W0000017,5,graphsage_dim_23,0.26749095,-0.4407523572444916,0.4407523572444916,decreases_risk
W0000017,6,isolation_forest_anomaly_score,-0.074114838734818,-0.3888861835002899,0.3888861835002899,decreases_risk
W0000017,7,country_entropy,3.212373621952556,0.3462892770767212,0.3462892770767212,increases_risk
W0000017,8,graphsage_dim_6,-0.5760798,0.17844004929065704,0.17844004929065704,increases_risk
W0000017,9,total_bytes_sent,11.234784398685605,-0.1771523654460907,0.1771523654460907,decreases_risk
W0000017,10,weighted_out_degree,13.0,0.16436661779880524,0.16436661779880524,increases_risk
W0000018,1,median_sent_sats,16.082160653922916,-3.3747870922088623,3.3747870922088623,decreases_risk
W0000018,2,autoencoder_reconstruction_error,0.42661867,-0.8222333788871765,0.8222333788871765,decreases_risk
W0000018,3,avg_sent_sats,16.713087910872854,-0.782742977142334,0.782742977142334,decreases_risk
W0000018,4,observations_per_tx,1.5714285713537417,-0.5335707664489746,0.5335707664489746,decreases_risk
W0000018,5,isolation_forest_anomaly_score,-0.1069804319300698,-0.5001146793365479,0.5001146793365479,decreases_risk
W0000018,6,country_entropy,2.9461590950124164,-0.3478279411792755,0.3478279411792755,decreases_risk
W0000018,7,deterministic_score,0.3901612903225807,-0.22595052421092987,0.22595052421092987,decreases_risk
W0000018,8,graphsage_dim_10,0.07649432,0.20078641176223755,0.20078641176223755,increases_risk
W0000018,9,weighted_out_degree,25.0,-0.1721685230731964,0.1721685230731964,decreases_risk
W0000018,10,graphsage_dim_6,0.262491,-0.17176316678524017,0.17176316678524017,decreases_risk
W0000019,1,median_sent_sats,16.718595438348796,1.9009963274002075,1.9009963274002075,increases_risk
W0000019,2,observations_per_tx,1.8333333332314807,-0.7921925187110901,0.7921925187110901,decreases_risk
W0000019,3,graphsage_dim_23,-0.48374087,0.686958909034729,0.686958909034729,increases_risk
W0000019,4,country_entropy,2.923283716158978,-0.5207946300506592,0.5207946300506592,decreases_risk
W0000019,5,isolation_forest_anomaly_score,-0.0179781749305353,0.44428491592407227,0.44428491592407227,increases_risk
W0000019,6,avg_sent_sats,17.754135640350164,0.40961140394210815,0.40961140394210815,increases_risk
W0000019,7,graphsage_dim_10,0.28603673,0.38575154542922974,0.38575154542922974,increases_risk
W0000019,8,autoencoder_reconstruction_error,3.1440356,0.2693198025226593,0.2693198025226593,increases_risk
W0000019,9,graphsage_dim_22,1.43734,0.20404152572155,0.20404152572155,increases_risk
W0000019,10,graphsage_dim_3,0.089092255,-0.19656789302825928,0.19656789302825928,decreases_risk
W0000020,1,median_sent_sats,16.395579876677406,-3.590932607650757,3.590932607650757,decreases_risk
W0000020,2,autoencoder_reconstruction_error,0.456706,-0.8849120736122131,0.8849120736122131,decreases_risk
W0000020,3,avg_sent_sats,16.572749108499906,-0.7592450976371765,0.7592450976371765,decreases_risk
W0000020,4,observations_per_tx,1.7058823528408305,-0.7207406163215637,0.7207406163215637,decreases_risk
W0000020,5,isolation_forest_anomaly_score,-0.1119863777910318,-0.4616280198097229,0.4616280198097229,decreases_risk
W0000020,6,graphsage_dim_23,-0.4470591,0.3483533263206482,0.3483533263206482,increases_risk
W0000020,7,country_entropy,3.199637609430164,0.31478041410446167,0.31478041410446167,increases_risk
W0000020,8,graphsage_dim_10,0.102387495,0.2836097776889801,0.2836097776889801,increases_risk
W0000020,9,deterministic_score,0.3582258064516131,-0.23672007024288177,0.23672007024288177,decreases_risk
W0000020,10,graphsage_dim_6,-0.3204367,0.1779852956533432,0.1779852956533432,increases_risk
W0000021,1,median_sent_sats,15.94126383790896,-3.63240385055542,3.63240385055542,decreases_risk
W0000021,2,avg_sent_sats,16.25436832714759,-0.896386444568634,0.896386444568634,decreases_risk
W0000021,3,graphsage_dim_10,-0.7365335,-0.7223759889602661,0.7223759889602661,decreases_risk
W0000021,4,isolation_forest_anomaly_score,-0.0690865886112865,-0.47729024291038513,0.47729024291038513,decreases_risk
W0000021,5,observations_per_tx,1.4545454544793388,0.3791269063949585,0.3791269063949585,increases_risk
W0000021,6,country_entropy,2.832059779479236,-0.36445266008377075,0.36445266008377075,decreases_risk
W0000021,7,graphsage_dim_23,0.96276224,-0.35329076647758484,0.35329076647758484,decreases_risk
W0000021,8,graphsage_dim_3,-0.54784346,0.20826205611228943,0.20826205611228943,increases_risk
W0000021,9,deterministic_score,0.4738064516129031,-0.18185460567474365,0.18185460567474365,decreases_risk
W0000021,10,avg_outputs_per_tx,1.3783783783783785,-0.18119126558303833,0.18119126558303833,decreases_risk
W0000022,1,median_sent_sats,16.41569236055695,-2.988654136657715,2.988654136657715,decreases_risk
W0000022,2,avg_sent_sats,16.7181321484379,-0.7876883745193481,0.7876883745193481,decreases_risk
W0000022,3,autoencoder_reconstruction_error,0.48917374,-0.7767342925071716,0.7767342925071716,decreases_risk
W0000022,4,observations_per_tx,1.565217391236295,-0.5648159980773926,0.5648159980773926,decreases_risk
W0000022,5,isolation_forest_anomaly_score,-0.093405953741047,-0.5228327512741089,0.5228327512741089,decreases_risk
W0000022,6,graphsage_dim_23,0.43427396,-0.40353748202323914,0.40353748202323914,decreases_risk
W0000022,7,country_entropy,2.838408473566828,-0.38082900643348694,0.38082900643348694,decreases_risk
W0000022,8,graphsage_dim_10,0.10306743,0.27256691455841064,0.27256691455841064,increases_risk
W0000022,9,avg_outputs_per_tx,1.3488372093023255,-0.1776585876941681,0.1776585876941681,decreases_risk
W0000022,10,deterministic_score,0.4057741935483872,-0.17741172015666962,0.17741172015666962,decreases_risk
W0000023,1,median_sent_sats,17.20205463577876,2.429943323135376,2.429943323135376,increases_risk
W0000023,2,observations_per_tx,1.642857142739796,-1.0620232820510864,1.0620232820510864,decreases_risk
W0000023,3,graphsage_dim_23,-0.12717138,0.49083900451660156,0.49083900451660156,increases_risk
W0000023,4,country_entropy,3.4403405361477173,0.47489291429519653,0.47489291429519653,increases_risk
W0000023,5,avg_sent_sats,17.24516201321757,0.4583832025527954,0.4583832025527954,increases_risk
W0000023,6,graphsage_dim_10,0.13701993,0.3494359850883484,0.3494359850883484,increases_risk
W0000023,7,isolation_forest_anomaly_score,-0.0412946632590838,-0.3439643681049347,0.3439643681049347,decreases_risk
W0000023,8,autoencoder_reconstruction_error,0.9266287,0.2686959505081177,0.2686959505081177,increases_risk
W0000023,9,burstiness,1.204546675184201,-0.21779391169548035,0.21779391169548035,decreases_risk
W0000023,10,weighted_out_degree,15.0,0.18727372586727142,0.18727372586727142,increases_risk
W0000024,1,median_sent_sats,17.059892206140777,2.565119743347168,2.565119743347168,increases_risk
W0000024,2,observations_per_tx,1.3333333332444444,0.6100294589996338,0.6100294589996338,increases_risk
W0000024,3,graphsage_dim_23,0.17220618,-0.4997108280658722,0.4997108280658722,decreases_risk
W0000024,4,avg_sent_sats,16.941166185492488,0.4366106390953064,0.4366106390953064,increases_risk
W0000024,5,graphsage_dim_10,0.3207563,0.4019852876663208,0.4019852876663208,increases_risk
W0000024,6,country_entropy,3.608871848445361,0.36957699060440063,0.36957699060440063,increases_risk
W0000024,7,avg_outputs_per_tx,1.7105263157894737,-0.3059283494949341,0.3059283494949341,decreases_risk
W0000024,8,isolation_forest_anomaly_score,-0.0200607918987829,-0.29966598749160767,0.29966598749160767,decreases_risk
W0000024,9,autoencoder_reconstruction_error,1.2825927,0.25717693567276,0.25717693567276,increases_risk
W0000024,10,graphsage_dim_3,-0.39987937,0.1934289038181305,0.1934289038181305,increases_risk
W0000025,1,median_sent_sats,16.06870444119717,-3.1154513359069824,3.1154513359069824,decreases_risk
W0000025,2,avg_sent_sats,16.228332608672286,-0.8767818808555603,0.8767818808555603,decreases_risk
W0000025,3,autoencoder_reconstruction_error,0.42525145,-0.6766139268875122,0.6766139268875122,decreases_risk
W0000025,4,graphsage_dim_10,-0.054599196,-0.5816737413406372,0.5816737413406372,decreases_risk
W0000025,5,isolation_forest_anomaly_score,-0.089149826181466,-0.45321914553642273,0.45321914553642273,decreases_risk
W0000025,6,country_entropy,2.8578288758198447,-0.40356847643852234,0.40356847643852234,decreases_risk
W0000025,7,graphsage_dim_23,0.21277378,-0.39706656336784363,0.39706656336784363,decreases_risk
W0000025,8,observations_per_tx,1.4761904761201814,0.34560728073120117,0.34560728073120117,increases_risk
W0000025,9,graphsage_dim_3,0.21565637,-0.19049790501594543,0.19049790501594543,decreases_risk
W0000025,10,graphsage_dim_8,0.18653086,-0.1700545847415924,0.1700545847415924,decreases_risk
W0000026,1,median_sent_sats,15.904434437342196,-3.598935842514038,3.598935842514038,decreases_risk
W0000026,2,avg_sent_sats,16.415187515252832,-0.9350524544715881,0.9350524544715881,decreases_risk
W0000026,3,autoencoder_reconstruction_error,0.7256203,-0.7152178287506104,0.7152178287506104,decreases_risk
W0000026,4,isolation_forest_anomaly_score,-0.06418079507385,-0.4364669919013977,0.4364669919013977,decreases_risk
W0000026,5,graphsage_dim_23,0.12661369,-0.3997407853603363,0.3997407853603363,decreases_risk
W0000026,6,country_entropy,2.692227245585081,-0.39723896980285645,0.39723896980285645,decreases_risk
W0000026,7,observations_per_tx,1.411764705799308,0.38112765550613403,0.38112765550613403,increases_risk
W0000026,8,graphsage_dim_10,0.14446333,0.3118059039115906,0.3118059039115906,increases_risk
W0000026,9,graphsage_dim_6,0.08527286,-0.1661967635154724,0.1661967635154724,decreases_risk
W0000026,10,weighted_out_degree,24.0,-0.16492323577404022,0.16492323577404022,decreases_risk
W0000027,1,median_sent_sats,15.500250729107917,-3.263277530670166,3.263277530670166,decreases_risk
W0000027,2,avg_sent_sats,16.264208159191586,-0.8002694249153137,0.8002694249153137,decreases_risk
W0000027,3,autoencoder_reconstruction_error,0.5124071,-0.7444092035293579,0.7444092035293579,decreases_risk
W0000027,4,observations_per_tx,1.6363636362892562,-0.6630470156669617,0.6630470156669617,decreases_risk
W0000027,5,isolation_forest_anomaly_score,-0.0933431154460254,-0.48110711574554443,0.48110711574554443,decreases_risk
W0000027,6,graphsage_dim_23,0.4634626,-0.4015190899372101,0.4015190899372101,decreases_risk
W0000027,7,country_entropy,2.7908201612786527,-0.37502872943878174,0.37502872943878174,decreases_risk
W0000027,8,graphsage_dim_10,0.29524666,0.2671564817428589,0.2671564817428589,increases_risk
W0000027,9,deterministic_score,0.4143870967741935,-0.2115308791399002,0.2115308791399002,decreases_risk
W0000027,10,total_bytes_sent,11.493671287248082,-0.16354967653751373,0.16354967653751373,decreases_risk
W0000028,1,median_sent_sats,15.989315524599284,-3.3251566886901855,3.3251566886901855,decreases_risk
W0000028,2,autoencoder_reconstruction_error,0.6628564,-0.7846637964248657,0.7846637964248657,decreases_risk
W0000028,3,avg_sent_sats,16.349308150573528,-0.7822149395942688,0.7822149395942688,decreases_risk
W0000028,4,observations_per_tx,1.882352941065744,-0.7519540190696716,0.7519540190696716,decreases_risk
W0000028,5,isolation_forest_anomaly_score,-0.0626775179912685,-0.49637705087661743,0.49637705087661743,decreases_risk
W0000028,6,country_entropy,2.964614648336087,-0.34700602293014526,0.34700602293014526,decreases_risk
W0000028,7,graphsage_dim_10,0.6444285,0.2666323781013489,0.2666323781013489,increases_risk
W0000028,8,deterministic_score,0.4250967741935484,-0.2480846345424652,0.2480846345424652,decreases_risk
W0000028,9,graphsage_dim_23,-0.029276453,0.19343562424182892,0.19343562424182892,increases_risk
W0000028,10,total_bytes_sent,11.435255772800256,-0.16354967653751373,0.16354967653751373,decreases_risk
W0000029,1,median_sent_sats,15.93905127832542,-3.680345058441162,3.680345058441162,decreases_risk
W0000029,2,avg_sent_sats,16.445702995995394,-0.8793748617172241,0.8793748617172241,decreases_risk
W0000029,3,autoencoder_reconstruction_error,0.68478006,-0.7913429141044617,0.7913429141044617,decreases_risk
W0000029,4,isolation_forest_anomaly_score,-0.0748642337466543,-0.46988892555236816,0.46988892555236816,decreases_risk
W0000029,5,observations_per_tx,1.4999999999375,0.36505967378616333,0.36505967378616333,increases_risk
W0000029,6,country_entropy,2.8803922791489263,-0.3548395335674286,0.3548395335674286,decreases_risk
W0000029,7,graphsage_dim_10,0.13652746,0.3139382600784302,0.3139382600784302,increases_risk
W0000029,8,graphsage_dim_23,-0.07844044,0.21989493072032928,0.21989493072032928,increases_risk
W0000029,9,graphsage_dim_3,-0.04841014,-0.17992080748081207,0.17992080748081207,decreases_risk
W0000029,10,graphsage_dim_8,-0.045760676,-0.1700545847415924,0.1700545847415924,decreases_risk
W0000030,1,median_sent_sats,16.1428678701361,-3.3904519081115723,3.3904519081115723,decreases_risk
W0000030,2,autoencoder_reconstruction_error,0.4343598,-0.8351612091064453,0.8351612091064453,decreases_risk
W0000030,3,avg_sent_sats,16.765730681285753,-0.7672455906867981,0.7672455906867981,decreases_risk
W0000030,4,observations_per_tx,1.6086956521039697,-0.610054612159729,0.610054612159729,decreases_risk
W0000030,5,isolation_forest_anomaly_score,-0.0933556998235602,-0.5003538131713867,0.5003538131713867,decreases_risk
W0000030,6,country_entropy,2.803366392737775,-0.3731384873390198,0.3731384873390198,decreases_risk
W0000030,7,graphsage_dim_23,-0.4522472,0.34322047233581543,0.34322047233581543,increases_risk
W0000030,8,graphsage_dim_10,0.4998384,0.2799748480319977,0.2799748480319977,increases_risk
W0000030,9,deterministic_score,0.4348064516129033,-0.24281777441501617,0.24281777441501617,decreases_risk
W0000030,10,weighted_out_degree,21.0,-0.1721685230731964,0.1721685230731964,decreases_risk
W0000031,1,median_sent_sats,16.116489662048213,-3.790778398513794,3.790778398513794,decreases_risk
W0000031,2,avg_sent_sats,16.822455017506176,-0.8358154296875,0.8358154296875,decreases_risk
W0000031,3,graphsage_dim_10,-0.046580844,-0.7123751640319824,0.7123751640319824,decreases_risk
W0000031,4,country_entropy,2.731497497099659,-0.5018038153648376,0.5018038153648376,decreases_risk
W0000031,5,isolation_forest_anomaly_score,-0.0297193383324753,-0.3498440086841583,0.3498440086841583,decreases_risk
W0000031,6,observations_per_tx,1.49999999990625,0.33361726999282837,0.33361726999282837,increases_risk
W0000031,7,graphsage_dim_23,-0.0635269,0.25469905138015747,0.25469905138015747,increases_risk
W0000031,8,graphsage_dim_6,0.20402235,-0.17768365144729614,0.17768365144729614,decreases_risk
W0000031,9,graphsage_dim_8,0.39671862,-0.16564378142356873,0.16564378142356873,decreases_risk
W0000031,10,weighted_out_degree,16.0,0.16460709273815155,0.16460709273815155,increases_risk
W0000032,1,median_sent_sats,16.059814153755102,-3.372689723968506,3.372689723968506,decreases_risk
W0000032,2,autoencoder_reconstruction_error,0.40742826,-0.9093107581138611,0.9093107581138611,decreases_risk
W0000032,3,isolation_forest_anomaly_score,-0.1082261532751637,-0.5229380130767822,0.5229380130767822,decreases_risk
W0000032,4,observations_per_tx,1.411764705799308,0.4255785346031189,0.4255785346031189,increases_risk
W0000032,5,graphsage_dim_23,0.12519428,-0.4234800636768341,0.4234800636768341,decreases_risk
W0000032,6,country_entropy,2.959147917027245,-0.398046612739563,0.398046612739563,decreases_risk
W0000032,7,graphsage_dim_10,0.2935389,0.3059258759021759,0.3059258759021759,increases_risk
W0000032,8,deterministic_score,0.3721290322580646,-0.21769212186336517,0.21769212186336517,decreases_risk
W0000032,9,graphsage_dim_8,0.19414225,-0.1700545847415924,0.1700545847415924,decreases_risk
W0000032,10,graphsage_dim_6,0.08559787,-0.1683231145143509,0.1683231145143509,decreases_risk
W0000033,1,median_sent_sats,15.9467364671855,-3.266576051712036,3.266576051712036,decreases_risk
W0000033,2,avg_sent_sats,16.05208265665259,-0.813605546951294,0.813605546951294,decreases_risk
W0000033,3,autoencoder_reconstruction_error,0.5847584,-0.7401308417320251,0.7401308417320251,decreases_risk
W0000033,4,observations_per_tx,1.7142857142040815,-0.6255459189414978,0.6255459189414978,decreases_risk
W0000033,5,isolation_forest_anomaly_score,-0.0900514253564319,-0.49014732241630554,0.49014732241630554,decreases_risk
W0000033,6,country_entropy,2.9336133759595127,-0.3628595769405365,0.3628595769405365,decreases_risk
W0000033,7,graphsage_dim_23,-0.1784371,0.3289339542388916,0.3289339542388916,increases_risk
W0000033,8,deterministic_score,0.4139354838709676,-0.23901666700839996,0.23901666700839996,decreases_risk
W0000033,9,graphsage_dim_10,0.063757285,0.18480665981769562,0.18480665981769562,increases_risk
W0000033,10,graphsage_dim_8,0.18215387,-0.1651538908481598,0.1651538908481598,decreases_risk
W0000034,1,median_sent_sats,16.214853872752702,-3.3340742588043213,3.3340742588043213,decreases_risk
W0000034,2,autoencoder_reconstruction_error,0.6023579,-0.8079389929771423,0.8079389929771423,decreases_risk
W0000034,3,avg_sent_sats,16.584990971915154,-0.7729281187057495,0.7729281187057495,decreases_risk
W0000034,4,observations_per_tx,1.5714285713537417,-0.548249363899231,0.548249363899231,decreases_risk
W0000034,5,isolation_forest_anomaly_score,-0.0856005182449415,-0.5082372426986694,0.5082372426986694,decreases_risk
W0000034,6,graphsage_dim_23,0.3942961,-0.3972019851207733,0.3972019851207733,decreases_risk
W0000034,7,country_entropy,2.798341945878964,-0.3583468496799469,0.3583468496799469,decreases_risk
W0000034,8,graphsage_dim_10,0.73467755,0.2656383216381073,0.2656383216381073,increases_risk
W0000034,9,deterministic_score,0.4321290322580646,-0.229808047413826,0.229808047413826,decreases_risk
W0000034,10,graphsage_dim_8,0.014753993,-0.1700545847415924,0.1700545847415924,decreases_risk
W0000035,1,median_sent_sats,16.003587197999057,-3.243650436401367,3.243650436401367,decreases_risk
W0000035,2,autoencoder_reconstruction_error,0.37810504,-0.8394238352775574,0.8394238352775574,decreases_risk
W0000035,3,observations_per_tx,1.6190476189705216,-0.6570088863372803,0.6570088863372803,decreases_risk
W0000035,4,avg_sent_sats,16.807855352484243,-0.5570544600486755,0.5570544600486755,decreases_risk
W0000035,5,isolation_forest_anomaly_score,-0.0959197250578559,-0.5358032584190369,0.5358032584190369,decreases_risk
W0000035,6,country_entropy,2.5332583115834764,-0.4015416204929352,0.4015416204929352,decreases_risk
W0000035,7,graphsage_dim_10,0.20874465,0.2850898206233978,0.2850898206233978,increases_risk
W0000035,8,deterministic_score,0.4461290322580645,-0.2300487458705902,0.2300487458705902,decreases_risk
W0000035,9,graphsage_dim_23,-0.044138733,0.212228462100029,0.212228462100029,increases_risk
W0000035,10,weighted_out_degree,25.0,-0.1721685230731964,0.1721685230731964,decreases_risk
W0000036,1,median_sent_sats,17.008199232977454,1.74397611618042,1.74397611618042,increases_risk
W0000036,2,autoencoder_reconstruction_error,0.5143978,-1.60969877243042,1.60969877243042,decreases_risk
W0000036,3,observations_per_tx,1.749999999890625,-0.9991320967674255,0.9991320967674255,decreases_risk
W0000036,4,graphsage_dim_23,0.20770134,-0.6164063811302185,0.6164063811302185,decreases_risk
W0000036,5,isolation_forest_anomaly_score,-0.0884272423275215,-0.596492350101471,0.596492350101471,decreases_risk
W0000036,6,deterministic_score,0.4454838709677419,-0.48815423250198364,0.48815423250198364,decreases_risk
W0000036,7,graphsage_dim_10,0.04052513,-0.3875667452812195,0.3875667452812195,decreases_risk
W0000036,8,avg_outputs_per_tx,1.351351351351351,-0.3509264588356018,0.3509264588356018,decreases_risk
W0000036,9,avg_sent_sats,17.30952506329828,0.32650327682495117,0.32650327682495117,increases_risk
W0000036,10,country_entropy,3.041808487698617,-0.31511229276657104,0.31511229276657104,decreases_risk
W0000037,1,median_sent_sats,16.306924986152243,-3.680767059326172,3.680767059326172,decreases_risk
W0000037,2,avg_sent_sats,16.80319928626842,-0.9160179495811462,0.9160179495811462,decreases_risk
W0000037,3,graphsage_dim_23,0.6220309,-0.45744821429252625,0.45744821429252625,decreases_risk
W0000037,4,isolation_forest_anomaly_score,-0.0367773774152585,-0.4165763854980469,0.4165763854980469,decreases_risk
W0000037,5,country_entropy,2.8772209228566727,-0.3777896761894226,0.3777896761894226,decreases_risk
W0000037,6,observations_per_tx,1.294117646982699,0.3615785837173462,0.3615785837173462,increases_risk
W0000037,7,graphsage_dim_10,0.7279186,0.3372926712036133,0.3372926712036133,increases_risk
W0000037,8,autoencoder_reconstruction_error,2.9562821,0.1850232183933258,0.1850232183933258,increases_risk
W0000037,9,graphsage_dim_3,0.1812936,-0.18040522933006287,0.18040522933006287,decreases_risk
W0000037,10,graphsage_dim_6,-0.63890326,0.17882978916168213,0.17882978916168213,increases_risk
W0000038,1,median_sent_sats,15.753210380052694,-2.940537691116333,2.940537691116333,decreases_risk
W0000038,2,avg_sent_sats,16.68861194839005,-0.844069242477417,0.844069242477417,decreases_risk
W0000038,3,autoencoder_reconstruction_error,0.3020538,-0.7505677342414856,0.7505677342414856,decreases_risk
W0000038,4,observations_per_tx,1.6190476189705216,-0.5995737314224243,0.5995737314224243,decreases_risk
W0000038,5,graphsage_dim_10,-0.07364729,-0.5288981795310974,0.5288981795310974,decreases_risk
W0000038,6,isolation_forest_anomaly_score,-0.1093576742838344,-0.5028106570243835,0.5028106570243835,decreases_risk
W0000038,7,graphsage_dim_23,0.17954443,-0.4031701982021332,0.4031701982021332,decreases_risk
W0000038,8,country_entropy,2.9588132219366794,-0.3773353695869446,0.3773353695869446,decreases_risk
W0000038,9,deterministic_score,0.3159354838709677,-0.1792062222957611,0.1792062222957611,decreases_risk
W0000038,10,graphsage_dim_8,-0.0078771,-0.17326420545578003,0.17326420545578003,decreases_risk
W0000039,1,median_sent_sats,16.07043920888306,-4.0075249671936035,4.0075249671936035,decreases_risk
W0000039,2,avg_sent_sats,16.48215446397393,-1.0559581518173218,1.0559581518173218,decreases_risk
W0000039,3,country_entropy,2.456564762130954,-0.47601327300071716,0.47601327300071716,decreases_risk
W0000039,4,isolation_forest_anomaly_score,-0.0523186440745855,-0.4130192697048187,0.4130192697048187,decreases_risk
W0000039,5,graphsage_dim_23,-0.19903286,0.3615320324897766,0.3615320324897766,increases_risk
W0000039,6,observations_per_tx,1.249999999895833,0.3472846746444702,0.3472846746444702,increases_risk
W0000039,7,graphsage_dim_10,0.1899206,0.32383227348327637,0.32383227348327637,increases_risk
W0000039,8,graphsage_dim_6,0.16385376,-0.1719738245010376,0.1719738245010376,decreases_risk
W0000039,9,total_bytes_sent,10.756668076081487,0.16474267840385437,0.16474267840385437,increases_risk
W0000039,10,graphsage_dim_3,0.12133454,-0.15652161836624146,0.15652161836624146,decreases_risk
W0000040,1,median_sent_sats,17.29408361701129,2.172274112701416,2.172274112701416,increases_risk
W0000040,2,observations_per_tx,1.6874999998945313,-1.1184486150741577,1.1184486150741577,decreases_risk
W0000040,3,graphsage_dim_10,-0.31944227,-0.9178920984268188,0.9178920984268188,decreases_risk
W0000040,4,graphsage_dim_23,-0.3108976,0.5227046608924866,0.5227046608924866,increases_risk
W0000040,5,country_entropy,3.37513901494292,0.48445624113082886,0.48445624113082886,increases_risk
W0000040,6,isolation_forest_anomaly_score,-0.0423654892754313,-0.43154221773147583,0.43154221773147583,decreases_risk
W0000040,7,avg_sent_sats,17.48680354212362,0.36918747425079346,0.36918747425079346,increases_risk
W0000040,8,autoencoder_reconstruction_error,1.0641725,0.19865545630455017,0.19865545630455017,increases_risk
W0000040,9,graphsage_dim_6,-1.029537,0.19331642985343933,0.19331642985343933,increases_risk
W0000040,10,weighted_out_degree,11.0,0.18727372586727142,0.18727372586727142,increases_risk
W0000041,1,median_sent_sats,16.103244770502705,-3.6482768058776855,3.6482768058776855,decreases_risk
W0000041,2,avg_sent_sats,16.562680077219326,-0.9640364646911621,0.9640364646911621,decreases_risk
W0000041,3,isolation_forest_anomaly_score,-0.0850948533063788,-0.4883977770805359,0.4883977770805359,decreases_risk
W0000041,4,country_entropy,2.766318095750438,-0.4152189791202545,0.4152189791202545,decreases_risk
W0000041,5,graphsage_dim_23,0.56845856,-0.4075023829936981,0.4075023829936981,decreases_risk
W0000041,6,observations_per_tx,1.428571428520408,0.34949612617492676,0.34949612617492676,increases_risk
W0000041,7,graphsage_dim_10,0.16915871,0.315559446811676,0.315559446811676,increases_risk
W0000041,8,graphsage_dim_3,0.25152576,-0.18922282755374908,0.18922282755374908,decreases_risk
W0000041,9,graphsage_dim_6,0.2577265,-0.17023275792598724,0.17023275792598724,decreases_risk
W0000041,10,total_bytes_sent,11.480763778161831,-0.16479678452014923,0.16479678452014923,decreases_risk
W0000042,1,median_sent_sats,15.831015797136493,-3.5279440879821777,3.5279440879821777,decreases_risk
W0000042,2,avg_sent_sats,16.11813718342917,-0.819573700428009,0.819573700428009,decreases_risk
W0000042,3,observations_per_tx,1.6923076921775149,-0.7630682587623596,0.7630682587623596,decreases_risk
W0000042,4,autoencoder_reconstruction_error,0.7288857,-0.5460222363471985,0.5460222363471985,decreases_risk
W0000042,5,graphsage_dim_23,0.29441932,-0.4595710337162018,0.4595710337162018,decreases_risk
W0000042,6,isolation_forest_anomaly_score,-0.037547220957307,-0.4077059328556061,0.4077059328556061,decreases_risk
W0000042,7,country_entropy,2.714049516558326,-0.3629347085952759,0.3629347085952759,decreases_risk
W0000042,8,graphsage_dim_10,0.57750094,0.233955979347229,0.233955979347229,increases_risk
W0000042,9,avg_outputs_per_tx,1.3823529411764706,-0.18889784812927246,0.18889784812927246,decreases_risk
W0000042,10,graphsage_dim_8,0.21784571,-0.17326420545578003,0.17326420545578003,decreases_risk
W0000043,1,median_sent_sats,17.10166338839644,1.8696401119232178,1.8696401119232178,increases_risk
W0000043,2,autoencoder_reconstruction_error,0.7260657,-1.5368216037750244,1.5368216037750244,decreases_risk
W0000043,3,observations_per_tx,1.82352941165744,-1.22260582447052,1.22260582447052,decreases_risk
W0000043,4,graphsage_dim_23,0.22164318,-0.604039192199707,0.604039192199707,decreases_risk
W0000043,5,isolation_forest_anomaly_score,-0.072918220558471,-0.5207377076148987,0.5207377076148987,decreases_risk
W0000043,6,deterministic_score,0.4543225806451613,-0.51517254114151,0.51517254114151,decreases_risk
W0000043,7,country_entropy,3.021216501862947,-0.4175191819667816,0.4175191819667816,decreases_risk
W0000043,8,graphsage_dim_10,0.29270408,0.3077910840511322,0.3077910840511322,increases_risk
W0000043,9,avg_sent_sats,17.30827114869954,0.2772236168384552,0.2772236168384552,increases_risk
W0000043,10,max_sent_sats,18.68231097754664,-0.21103549003601074,0.21103549003601074,decreases_risk
W0000044,1,median_sent_sats,16.819577104778258,1.573140263557434,1.573140263557434,increases_risk
W0000044,2,avg_sent_sats,16.743687536612377,-1.0286442041397095,1.0286442041397095,decreases_risk
W0000044,3,observations_per_tx,1.624999999796875,-0.8575053811073303,0.8575053811073303,decreases_risk
W0000044,4,graphsage_dim_10,-0.42653087,-0.8017983436584473,0.8017983436584473,decreases_risk
W0000044,5,isolation_forest_anomaly_score,0.0204821819430031,0.7094083428382874,0.7094083428382874,increases_risk
W0000044,6,graphsage_dim_23,0.42539024,-0.6517993807792664,0.6517993807792664,decreases_risk
W0000044,7,country_entropy,2.619450628301315,-0.5867870450019836,0.5867870450019836,decreases_risk
W0000044,8,graphsage_dim_3,0.11275825,-0.27007412910461426,0.27007412910461426,decreases_risk
W0000044,9,avg_outputs_per_tx,1.3666666666666667,-0.2549830675125122,0.2549830675125122,decreases_risk
W0000044,10,asn_entropy,2.7732967821474688,-0.21810320019721985,0.21810320019721985,decreases_risk
W0000045,1,median_sent_sats,15.915233472617404,-3.4520483016967773,3.4520483016967773,decreases_risk
W0000045,2,avg_sent_sats,16.408970570843607,-1.034255862236023,1.034255862236023,decreases_risk
W0000045,3,graphsage_dim_10,-0.33297998,-0.724372386932373,0.724372386932373,decreases_risk
W0000045,4,isolation_forest_anomaly_score,-0.0728138789440556,-0.42718833684921265,0.42718833684921265,decreases_risk
W0000045,5,country_entropy,2.917478709594816,-0.41355037689208984,0.41355037689208984,decreases_risk
W0000045,6,graphsage_dim_23,0.19726865,-0.39733877778053284,0.39733877778053284,decreases_risk
W0000045,7,observations_per_tx,1.4999999999375,0.336198627948761,0.336198627948761,increases_risk
W0000045,8,graphsage_dim_3,0.5139149,-0.17938163876533508,0.17938163876533508,decreases_risk
W0000045,9,total_bytes_sent,11.445256716445408,-0.1760988086462021,0.1760988086462021,decreases_risk
W0000045,10,deterministic_score,0.4355806451612901,-0.17435432970523834,0.17435432970523834,decreases_risk
W0000046,1,median_sent_sats,16.38009700342737,-3.3039772510528564,3.3039772510528564,decreases_risk
W0000046,2,autoencoder_reconstruction_error,0.46502233,-0.8153488636016846,0.8153488636016846,decreases_risk
W0000046,3,observations_per_tx,1.89473684200554,-0.7447946667671204,0.7447946667671204,decreases_risk
W0000046,4,avg_sent_sats,16.817077003123362,-0.532005250453949,0.532005250453949,decreases_risk
W0000046,5,isolation_forest_anomaly_score,-0.1021837111450921,-0.46719929575920105,0.46719929575920105,decreases_risk
W0000046,6,graphsage_dim_23,0.071916714,-0.4235924184322357,0.4235924184322357,decreases_risk
W0000046,7,country_entropy,3.3118920134386167,0.31790870428085327,0.31790870428085327,increases_risk
W0000046,8,graphsage_dim_10,0.1692725,0.26959455013275146,0.26959455013275146,increases_risk
W0000046,9,deterministic_score,0.4260967741935485,-0.2516840696334839,0.2516840696334839,decreases_risk
W0000046,10,avg_outputs_per_tx,1.425,-0.18727484345436096,0.18727484345436096,decreases_risk
W0000047,1,median_sent_sats,15.657906818628968,-3.3112401962280273,3.3112401962280273,decreases_risk
W0000047,2,avg_sent_sats,16.50152204449865,-0.8685970306396484,0.8685970306396484,decreases_risk
W0000047,3,autoencoder_reconstruction_error,0.62979156,-0.7588453888893127,0.7588453888893127,decreases_risk
W0000047,4,graphsage_dim_10,-0.50022995,-0.6796878576278687,0.6796878576278687,decreases_risk
W0000047,5,isolation_forest_anomaly_score,-0.097839007701947,-0.4832671582698822,0.4832671582698822,decreases_risk
W0000047,6,country_entropy,2.7385372452744563,-0.38679221272468567,0.38679221272468567,decreases_risk
W0000047,7,graphsage_dim_23,-0.4587557,0.33581477403640747,0.33581477403640747,increases_risk
W0000047,8,observations_per_tx,1.4166666666076388,0.32626181840896606,0.32626181840896606,increases_risk
W0000047,9,deterministic_score,0.3563225806451613,-0.2106400579214096,0.2106400579214096,decreases_risk
W0000047,10,graphsage_dim_6,-0.1461626,0.17115554213523865,0.17115554213523865,increases_risk
W0000048,1,median_sent_sats,15.65279948420416,-3.045051097869873,3.045051097869873,decreases_risk
W0000048,2,avg_sent_sats,16.4036690116394,-0.8217979073524475,0.8217979073524475,decreases_risk
W0000048,3,autoencoder_reconstruction_error,0.7159028,-0.7484192848205566,0.7484192848205566,decreases_risk
W0000048,4,observations_per_tx,1.6249999998984377,-0.6182637214660645,0.6182637214660645,decreases_risk
W0000048,5,isolation_forest_anomaly_score,-0.0705704911237674,-0.4245673418045044,0.4245673418045044,decreases_risk
W0000048,6,country_entropy,2.6159931053905816,-0.40862154960632324,0.40862154960632324,decreases_risk
W0000048,7,graphsage_dim_23,0.05279787,-0.3912438452243805,0.3912438452243805,decreases_risk
W0000048,8,graphsage_dim_10,0.17855904,0.2610859274864197,0.2610859274864197,increases_risk
W0000048,9,deterministic_score,0.4894516129032258,-0.1812991052865982,0.1812991052865982,decreases_risk
W0000048,10,graphsage_dim_8,0.14142914,-0.17326420545578003,0.17326420545578003,decreases_risk
W0000049,1,median_sent_sats,16.264679963602976,-3.2159478664398193,3.2159478664398193,decreases_risk
W0000049,2,avg_sent_sats,16.502428478673295,-0.8085423707962036,0.8085423707962036,decreases_risk
W0000049,3,autoencoder_reconstruction_error,0.3923816,-0.7264914512634277,0.7264914512634277,decreases_risk
W0000049,4,observations_per_tx,1.6190476189705216,-0.6002487540245056,0.6002487540245056,decreases_risk
W0000049,5,graphsage_dim_10,-0.19859806,-0.5652498006820679,0.5652498006820679,decreases_risk
W0000049,6,isolation_forest_anomaly_score,-0.0983891791374915,-0.499523401260376,0.499523401260376,decreases_risk
W0000049,7,graphsage_dim_23,0.12253549,-0.38733890652656555,0.38733890652656555,decreases_risk
W0000049,8,country_entropy,2.925188126582681,-0.35437658429145813,0.35437658429145813,decreases_risk
W0000049,9,deterministic_score,0.3408387096774193,-0.1897510290145874,0.1897510290145874,decreases_risk
W0000049,10,graphsage_dim_3,0.0037040114,-0.16756021976470947,0.16756021976470947,decreases_risk
W0000050,1,median_sent_sats,15.6847691951172,-3.440171003341675,3.440171003341675,decreases_risk
W0000050,2,avg_sent_sats,16.501695945591912,-0.9228405952453613,0.9228405952453613,decreases_risk
W0000050,3,autoencoder_reconstruction_error,0.48543134,-0.7380228042602539,0.7380228042602539,decreases_risk
W0000050,4,graphsage_dim_10,-0.35298222,-0.6867531538009644,0.6867531538009644,decreases_risk
W0000050,5,isolation_forest_anomaly_score,-0.0989439696988905,-0.48311948776245117,0.48311948776245117,decreases_risk
W0000050,6,country_entropy,2.751998763667425,-0.36116930842399597,0.36116930842399597,decreases_risk
W0000050,7,graphsage_dim_23,-0.12370205,0.32489293813705444,0.32489293813705444,increases_risk
W0000050,8,observations_per_tx,1.4666666665688888,0.3207300305366516,0.3207300305366516,increases_risk
W0000050,9,graphsage_dim_3,0.0056373775,-0.17613402009010315,0.17613402009010315,decreases_risk
W0000050,10,graphsage_dim_6,0.21011561,-0.16518092155456543,0.16518092155456543,decreases_risk
W0000051,1,median_sent_sats,16.221392759254634,-3.536271095275879,3.536271095275879,decreases_risk
W0000051,2,autoencoder_reconstruction_error,0.43018964,-0.8659619688987732,0.8659619688987732,decreases_risk
W0000051,3,avg_sent_sats,16.826565171191422,-0.6625236868858337,0.6625236868858337,decreases_risk
W0000051,4,graphsage_dim_10,-0.10838608,-0.6443884372711182,0.6443884372711182,decreases_risk
W0000051,5,isolation_forest_anomaly_score,-0.1015387881397831,-0.440260112285614,0.440260112285614,decreases_risk
W0000051,6,observations_per_tx,1.380952380886621,0.34700095653533936,0.34700095653533936,increases_risk
W0000051,7,graphsage_dim_23,-0.13097343,0.34216660261154175,0.34216660261154175,increases_risk
W0000051,8,country_entropy,3.1170545019808213,0.30885374546051025,0.30885374546051025,increases_risk
W0000051,9,deterministic_score,0.4402903225806452,-0.23435230553150177,0.23435230553150177,decreases_risk
W0000051,10,weighted_out_degree,21.0,-0.1829080581665039,0.1829080581665039,decreases_risk
W0000052,1,median_sent_sats,16.10649198810472,-3.1735408306121826,3.1735408306121826,decreases_risk
W0000052,2,avg_sent_sats,16.55481442606646,-0.8221797347068787,0.8221797347068787,decreases_risk
W0000052,3,autoencoder_reconstruction_error,0.3820634,-0.7751349806785583,0.7751349806785583,decreases_risk
W0000052,4,observations_per_tx,1.6521739129716446,-0.6827033162117004,0.6827033162117004,decreases_risk
W0000052,5,isolation_forest_anomaly_score,-0.1065015676816193,-0.5172491669654846,0.5172491669654846,decreases_risk
W0000052,6,country_entropy,2.8419894575681703,-0.3717785179615021,0.3717785179615021,decreases_risk
W0000052,7,graphsage_dim_10,0.24590519,0.26905274391174316,0.26905274391174316,increases_risk
W0000052,8,deterministic_score,0.4212580645161289,-0.20731095969676971,0.20731095969676971,decreases_risk
W0000052,9,graphsage_dim_8,0.18727511,-0.17326420545578003,0.17326420545578003,decreases_risk
W0000052,10,total_bytes_sent,11.529487553269206,-0.16354967653751373,0.16354967653751373,decreases_risk
W0000053,1,autoencoder_reconstruction_error,0.5061076,-1.0252920389175415,1.0252920389175415,decreases_risk
W0000053,2,avg_sent_sats,16.826170256887686,-0.7791467905044556,0.7791467905044556,decreases_risk
W0000053,3,graphsage_dim_10,-0.50209343,-0.7569646835327148,0.7569646835327148,decreases_risk
W0000053,4,isolation_forest_anomaly_score,-0.1034088351888525,-0.5383304357528687,0.5383304357528687,decreases_risk
W0000053,5,graphsage_dim_23,0.16794986,-0.46996232867240906,0.46996232867240906,decreases_risk
W0000053,6,observations_per_tx,1.4090909090268595,0.45230793952941895,0.45230793952941895,increases_risk
W0000053,7,median_sent_sats,16.503239507307885,-0.4463905394077301,0.4463905394077301,decreases_risk
W0000053,8,country_entropy,2.8334776660726364,-0.42947685718536377,0.42947685718536377,decreases_risk
W0000053,9,deterministic_score,0.4280645161290323,-0.34475839138031006,0.34475839138031006,decreases_risk
W0000053,10,graphsage_dim_8,0.30617028,-0.20748865604400635,0.20748865604400635,decreases_risk
W0000054,1,median_sent_sats,15.468248352418154,-4.028074264526367,4.028074264526367,decreases_risk
W0000054,2,avg_sent_sats,16.06167890319255,-0.992558479309082,0.992558479309082,decreases_risk
W0000054,3,observations_per_tx,1.6499999999175,-0.6870894432067871,0.6870894432067871,decreases_risk
W0000054,4,country_entropy,2.9075050193978367,-0.41809356212615967,0.41809356212615967,decreases_risk
W0000054,5,isolation_forest_anomaly_score,-0.0316677248325343,-0.3927319049835205,0.3927319049835205,decreases_risk
W0000054,6,graphsage_dim_23,-0.11703549,0.31721657514572144,0.31721657514572144,increases_risk
W0000054,7,graphsage_dim_10,0.5539354,0.2892586588859558,0.2892586588859558,increases_risk
W0000054,8,weighted_out_degree,42.0,-0.1829080581665039,0.1829080581665039,decreases_risk
W0000054,9,graphsage_dim_8,0.1792131,-0.17298895120620728,0.17298895120620728,decreases_risk
W0000054,10,graphsage_dim_6,0.3170291,-0.1600552648305893,0.1600552648305893,decreases_risk
W0000055,1,median_sent_sats,16.060007004586218,-3.32230544090271,3.32230544090271,decreases_risk
W0000055,2,avg_sent_sats,16.42765619556783,-0.912173867225647,0.912173867225647,decreases_risk
W0000055,3,autoencoder_reconstruction_error,0.387597,-0.7101183533668518,0.7101183533668518,decreases_risk
W0000055,4,isolation_forest_anomaly_score,-0.0877380869586875,-0.4419041872024536,0.4419041872024536,decreases_risk
W0000055,5,country_entropy,2.9895489455674022,-0.40858790278434753,0.40858790278434753,decreases_risk
W0000055,6,graphsage_dim_23,0.09321639,-0.37156715989112854,0.37156715989112854,decreases_risk
W0000055,7,graphsage_dim_10,0.015015785,-0.3210413455963135,0.3210413455963135,decreases_risk
W0000055,8,observations_per_tx,1.5294117646159169,0.317268967628479,0.317268967628479,increases_risk
W0000055,9,deterministic_score,0.4822258064516128,-0.20306278765201569,0.20306278765201569,decreases_risk
W0000055,10,graphsage_dim_3,0.12773572,-0.17666016519069672,0.17666016519069672,decreases_risk
W0000056,1,median_sent_sats,17.136013477940715,2.553506851196289,2.553506851196289,increases_risk
W0000056,2,observations_per_tx,1.6399999999344,-0.7562522292137146,0.7562522292137146,decreases_risk
W0000056,3,graphsage_dim_23,-1.0593039,0.6612448692321777,0.6612448692321777,increases_risk
W0000056,4,country_entropy,3.732149709184328,0.42954909801483154,0.42954909801483154,increases_risk
W0000056,5,avg_sent_sats,17.665590679234086,0.4203491508960724,0.4203491508960724,increases_risk
W0000056,6,isolation_forest_anomaly_score,-0.0186780062000982,0.39947956800460815,0.39947956800460815,increases_risk
W0000056,7,graphsage_dim_10,0.10759826,0.3908883333206177,0.3908883333206177,increases_risk
W0000056,8,autoencoder_reconstruction_error,1.2608927,0.2596493661403656,0.2596493661403656,increases_risk
W0000056,9,graphsage_dim_22,0.8224991,0.16972008347511292,0.16972008347511292,increases_risk
W0000056,10,graphsage_dim_8,0.55204564,-0.16437584161758423,0.16437584161758423,decreases_risk
W0000057,1,autoencoder_reconstruction_error,0.42211348,-1.5405488014221191,1.5405488014221191,decreases_risk
W0000057,2,median_sent_sats,16.643440646643356,0.9436820149421692,0.9436820149421692,increases_risk
W0000057,3,country_entropy,2.773695131143149,-0.6355142593383789,0.6355142593383789,decreases_risk
W0000057,4,isolation_forest_anomaly_score,-0.0898176418370344,-0.6229206323623657,0.6229206323623657,decreases_risk
W0000057,5,observations_per_tx,1.4545454544793388,0.5035497546195984,0.5035497546195984,increases_risk
W0000057,6,graphsage_dim_23,-0.1949225,0.4465712308883667,0.4465712308883667,increases_risk
W0000057,7,deterministic_score,0.453741935483871,-0.4465061128139496,0.4465061128139496,decreases_risk
W0000057,8,avg_sent_sats,17.022119252310347,0.3528870642185211,0.3528870642185211,increases_risk
W0000057,9,graphsage_dim_10,0.078921095,0.2854737341403961,0.2854737341403961,increases_risk
W0000057,10,graphsage_dim_3,0.008565292,-0.27931249141693115,0.27931249141693115,decreases_risk
W0000058,1,median_sent_sats,16.068444533775182,-4.063716411590576,4.063716411590576,decreases_risk
W0000058,2,avg_sent_sats,16.46200028359017,-0.9972215294837952,0.9972215294837952,decreases_risk
W0000058,3,country_entropy,2.6616157143988106,-0.5106710195541382,0.5106710195541382,decreases_risk
W0000058,4,graphsage_dim_23,-0.7428014,0.44853442907333374,0.44853442907333374,increases_risk
W0000058,5,observations_per_tx,1.3636363635123967,0.3714040517807007,0.3714040517807007,increases_risk
W0000058,6,isolation_forest_anomaly_score,-0.0260982163060882,-0.3671571910381317,0.3671571910381317,decreases_risk
W0000058,7,graphsage_dim_10,0.7666794,0.2969430088996887,0.2969430088996887,increases_risk
W0000058,8,graphsage_dim_6,0.35405454,-0.17664749920368195,0.17664749920368195,decreases_risk
W0000058,9,avg_outputs_per_tx,1.3529411764705883,-0.16877588629722595,0.16877588629722595,decreases_risk
W0000058,10,graphsage_dim_8,0.28583288,-0.16437861323356628,0.16437861323356628,decreases_risk
W0000059,1,median_sent_sats,16.034701541941143,-3.2276086807250977,3.2276086807250977,decreases_risk
W0000059,2,avg_sent_sats,16.460717446434277,-0.8391169905662537,0.8391169905662537,decreases_risk
W0000059,3,autoencoder_reconstruction_error,0.38994947,-0.7929006218910217,0.7929006218910217,decreases_risk
W0000059,4,observations_per_tx,1.7499999999125,-0.6738513708114624,0.6738513708114624,decreases_risk
W0000059,5,isolation_forest_anomaly_score,-0.106827182574254,-0.5167653560638428,0.5167653560638428,decreases_risk
W0000059,6,country_entropy,3.0057927159187146,-0.3483235239982605,0.3483235239982605,decreases_risk
W0000059,7,graphsage_dim_10,0.1462367,0.27104854583740234,0.27104854583740234,increases_risk
W0000059,8,deterministic_score,0.3925483870967742,-0.2244519293308258,0.2244519293308258,decreases_risk
W0000059,9,graphsage_dim_8,0.45642215,-0.17326420545578003,0.17326420545578003,decreases_risk
W0000059,10,graphsage_dim_6,0.14923397,-0.16765539348125458,0.16765539348125458,decreases_risk
W0000060,1,median_sent_sats,16.14853222318685,-3.221669912338257,3.221669912338257,decreases_risk
W0000060,2,autoencoder_reconstruction_error,0.6527563,-0.7564916610717773,0.7564916610717773,decreases_risk
W0000060,3,graphsage_dim_10,-0.15138717,-0.5907571315765381,0.5907571315765381,decreases_risk
W0000060,4,isolation_forest_anomaly_score,-0.0892969067932401,-0.5577842593193054,0.5577842593193054,decreases_risk
W0000060,5,graphsage_dim_23,0.24936144,-0.38175472617149353,0.38175472617149353,decreases_risk
W0000060,6,country_entropy,2.894273869771264,-0.3583119809627533,0.3583119809627533,decreases_risk
W0000060,7,deterministic_score,0.3967096774193549,-0.17740298807621002,0.17740298807621002,decreases_risk
W0000060,8,weighted_out_degree,19.0,-0.173966646194458,0.173966646194458,decreases_risk
W0000060,9,graphsage_dim_8,0.58421755,-0.17326420545578003,0.17326420545578003,decreases_risk
W0000060,10,total_bytes_sent,11.439138979595633,-0.16681082546710968,0.16681082546710968,decreases_risk
W0000061,1,autoencoder_reconstruction_error,0.44012362,-1.362442135810852,1.362442135810852,decreases_risk
W0000061,2,median_sent_sats,16.714204644569197,1.0157322883605957,1.0157322883605957,increases_risk
W0000061,3,avg_sent_sats,16.81462310528348,-0.8456169366836548,0.8456169366836548,decreases_risk
W0000061,4,graphsage_dim_10,-0.07614335,-0.6934702396392822,0.6934702396392822,decreases_risk
W0000061,5,isolation_forest_anomaly_score,-0.1061380800314181,-0.5452529788017273,0.5452529788017273,decreases_risk
W0000061,6,observations_per_tx,1.3913043477655955,0.4350123405456543,0.4350123405456543,increases_risk
W0000061,7,deterministic_score,0.405741935483871,-0.4320027232170105,0.4320027232170105,decreases_risk
W0000061,8,country_entropy,3.038909765557392,-0.41641727089881897,0.41641727089881897,decreases_risk
W0000061,9,graphsage_dim_23,-0.28409535,0.3950692415237427,0.3950692415237427,increases_risk
W0000061,10,graphsage_dim_3,-0.08437675,-0.20363664627075195,0.20363664627075195,decreases_risk
W0000062,1,graphsage_dim_10,-0.040703952,-0.8583263158798218,0.8583263158798218,decreases_risk
W0000062,2,isolation_forest_anomaly_score,0.0558076284415761,0.7740358114242554,0.7740358114242554,increases_risk
W0000062,3,observations_per_tx,1.5862068964970273,-0.6751971244812012,0.6751971244812012,decreases_risk
W0000062,4,country_entropy,3.7178101933013865,0.3818778395652771,0.3818778395652771,increases_risk
W0000062,5,avg_sent_sats,16.977231697691458,0.314403235912323,0.314403235912323,increases_risk
W0000062,6,graphsage_dim_7,0.9863129,-0.2587173879146576,0.2587173879146576,decreases_risk
W0000062,7,graphsage_dim_23,-0.014448985,-0.24792592227458954,0.24792592227458954,decreases_risk
W0000062,8,avg_outputs_per_tx,1.6964285714285714,-0.23130068182945251,0.23130068182945251,decreases_risk
W0000062,9,graphsage_dim_6,0.66793984,-0.19616660475730896,0.19616660475730896,decreases_risk
W0000062,10,burstiness,1.250682640883662,-0.19505691528320312,0.19505691528320312,decreases_risk
W0000063,1,median_sent_sats,16.39167669456591,-3.1958024501800537,3.1958024501800537,decreases_risk
W0000063,2,autoencoder_reconstruction_error,0.25066754,-0.8427531719207764,0.8427531719207764,decreases_risk
W0000063,3,avg_sent_sats,16.63516293316536,-0.8023341298103333,0.8023341298103333,decreases_risk
W0000063,4,observations_per_tx,1.6363636362892562,-0.6002746224403381,0.6002746224403381,decreases_risk
W0000063,5,isolation_forest_anomaly_score,-0.118468692114963,-0.515491783618927,0.515491783618927,decreases_risk
W0000063,6,graphsage_dim_23,-0.23861143,0.312394380569458,0.312394380569458,increases_risk
W0000063,7,graphsage_dim_10,0.043433744,-0.26884350180625916,0.26884350180625916,decreases_risk
W0000063,8,country_entropy,3.0342399384294643,-0.2574360966682434,0.2574360966682434,decreases_risk
W0000063,9,deterministic_score,0.3105161290322581,-0.23293961584568024,0.23293961584568024,decreases_risk
W0000063,10,total_bytes_sent,11.573851217912722,-0.17672666907310486,0.17672666907310486,decreases_risk
W0000064,1,median_sent_sats,15.82970012405843,-3.7355828285217285,3.7355828285217285,decreases_risk
W0000064,2,avg_sent_sats,16.128771897388923,-1.0082812309265137,1.0082812309265137,decreases_risk
W0000064,3,graphsage_dim_10,-0.83671325,-0.7516801357269287,0.7516801357269287,decreases_risk
W0000064,4,isolation_forest_anomaly_score,-0.0569185296870671,-0.4472394585609436,0.4472394585609436,decreases_risk
W0000064,5,country_entropy,2.788308822454333,-0.37720736861228943,0.37720736861228943,decreases_risk
W0000064,6,graphsage_dim_23,-0.36978167,0.355867862701416,0.355867862701416,increases_risk
W0000064,7,observations_per_tx,1.4615384614260354,0.33461469411849976,0.33461469411849976,increases_risk
W0000064,8,graphsage_dim_6,0.32817608,-0.17768365144729614,0.17768365144729614,decreases_risk
W0000064,9,total_bytes_sent,10.781494731984674,0.17743118107318878,0.17743118107318878,increases_risk
W0000064,10,graphsage_dim_8,0.14423266,-0.1651538908481598,0.1651538908481598,decreases_risk
W0000065,1,median_sent_sats,15.65245735974493,-3.945020914077759,3.945020914077759,decreases_risk
W0000065,2,avg_sent_sats,16.056725211922686,-0.9938888549804688,0.9938888549804688,decreases_risk
W0000065,3,country_entropy,2.6875,-0.4471948742866516,0.4471948742866516,decreases_risk
W0000065,4,isolation_forest_anomaly_score,-0.0362080958782951,-0.38845279812812805,0.38845279812812805,decreases_risk
W0000065,5,observations_per_tx,1.454545454413223,0.3837623596191406,0.3837623596191406,increases_risk
W0000065,6,graphsage_dim_23,-0.11388837,0.3365696668624878,0.3365696668624878,increases_risk
W0000065,7,graphsage_dim_10,0.116104126,0.30963537096977234,0.30963537096977234,increases_risk
W0000065,8,graphsage_dim_6,0.3904982,-0.16853377223014832,0.16853377223014832,decreases_risk
W0000065,9,total_bytes_sent,10.645567744205252,0.16474267840385437,0.16474267840385437,increases_risk
W0000065,10,graphsage_dim_8,0.417746,-0.1565435826778412,0.1565435826778412,decreases_risk
W0000066,1,autoencoder_reconstruction_error,0.47478855,-1.4455337524414062,1.4455337524414062,decreases_risk
W0000066,2,median_sent_sats,16.73288615794009,1.2287400960922241,1.2287400960922241,increases_risk
W0000066,3,observations_per_tx,1.8124999998867188,-0.9222747683525085,0.9222747683525085,decreases_risk
W0000066,4,isolation_forest_anomaly_score,-0.0890437636849887,-0.684681236743927,0.684681236743927,decreases_risk
W0000066,5,graphsage_dim_10,-0.0913292,-0.6373339891433716,0.6373339891433716,decreases_risk
W0000066,6,country_entropy,3.010634247451883,-0.546169102191925,0.546169102191925,decreases_risk
W0000066,7,graphsage_dim_23,-0.17591311,0.40036094188690186,0.40036094188690186,increases_risk
W0000066,8,deterministic_score,0.3641612903225805,-0.3672783374786377,0.3672783374786377,decreases_risk
W0000066,9,avg_outputs_per_tx,1.5714285714285714,-0.29271364212036133,0.29271364212036133,decreases_risk
W0000066,10,avg_sent_sats,17.46489790667281,0.2828081548213959,0.2828081548213959,increases_risk
W0000067,1,autoencoder_reconstruction_error,0.66629183,-1.572301983833313,1.572301983833313,decreases_risk
W0000067,2,median_sent_sats,16.743112614623538,1.299776554107666,1.299776554107666,increases_risk
W0000067,3,observations_per_tx,1.5555555554691358,-0.8887012004852295,0.8887012004852295,decreases_risk
W0000067,4,isolation_forest_anomaly_score,-0.0825614661037033,-0.6418027877807617,0.6418027877807617,decreases_risk
W0000067,5,graphsage_dim_23,0.4495741,-0.5734685659408569,0.5734685659408569,decreases_risk
W0000067,6,country_entropy,2.7927770945095265,-0.5531198382377625,0.5531198382377625,decreases_risk
W0000067,7,deterministic_score,0.4058709677419356,-0.32314398884773254,0.32314398884773254,decreases_risk
W0000067,8,graphsage_dim_10,0.44705695,0.3120374381542206,0.3120374381542206,increases_risk
W0000067,9,avg_sent_sats,17.031924795611083,0.29670214653015137,0.29670214653015137,increases_risk
W0000067,10,asn_entropy,3.148757621009397,-0.18368318676948547,0.18368318676948547,decreases_risk
W0000068,1,median_sent_sats,16.41666061434342,-3.327538251876831,3.327538251876831,decreases_risk
W0000068,2,autoencoder_reconstruction_error,0.682355,-0.7068893313407898,0.7068893313407898,decreases_risk
W0000068,3,graphsage_dim_10,-0.15339431,-0.6596997976303101,0.6596997976303101,decreases_risk
W0000068,4,avg_sent_sats,16.85208643380507,-0.657725989818573,0.657725989818573,decreases_risk
W0000068,5,isolation_forest_anomaly_score,-0.0939009701977709,-0.46132245659828186,0.46132245659828186,decreases_risk
W0000068,6,country_entropy,2.61907978760712,-0.41804176568984985,0.41804176568984985,decreases_risk
W0000068,7,graphsage_dim_23,0.8325127,-0.3986835777759552,0.3986835777759552,decreases_risk
W0000068,8,observations_per_tx,1.4374999999101563,0.3498643636703491,0.3498643636703491,increases_risk
W0000068,9,graphsage_dim_6,0.38866776,-0.1617419570684433,0.1617419570684433,decreases_risk
W0000068,10,graphsage_dim_8,-0.45335555,0.14976286888122559,0.14976286888122559,increases_risk
W0000069,1,median_sent_sats,16.418217132154933,-3.391191005706787,3.391191005706787,decreases_risk
W0000069,2,avg_sent_sats,16.453853918478526,-0.8454079627990723,0.8454079627990723,decreases_risk
W0000069,3,autoencoder_reconstruction_error,0.6058909,-0.7316758632659912,0.7316758632659912,decreases_risk
W0000069,4,graphsage_dim_10,-0.42629385,-0.6240019798278809,0.6240019798278809,decreases_risk
W0000069,5,observations_per_tx,1.7037037036406035,-0.6116645336151123,0.6116645336151123,decreases_risk
W0000069,6,isolation_forest_anomaly_score,-0.0768581357637413,-0.468873530626297,0.468873530626297,decreases_risk
W0000069,7,country_entropy,2.947528419724705,-0.3476908206939697,0.3476908206939697,decreases_risk
W0000069,8,graphsage_dim_23,-0.2570212,0.32070058584213257,0.32070058584213257,increases_risk
W0000069,9,weighted_out_degree,22.0,-0.17010661959648132,0.17010661959648132,decreases_risk
W0000069,10,total_bytes_sent,11.646914252973534,-0.16681082546710968,0.16681082546710968,decreases_risk
W0000070,1,median_sent_sats,15.812457732858872,-3.7298948764801025,3.7298948764801025,decreases_risk
W0000070,2,avg_sent_sats,16.168712800635074,-0.9658069014549255,0.9658069014549255,decreases_risk
W0000070,3,autoencoder_reconstruction_error,0.56355643,-0.7155004739761353,0.7155004739761353,decreases_risk
W0000070,4,graphsage_dim_10,-0.36924803,-0.6802053451538086,0.6802053451538086,decreases_risk
W0000070,5,isolation_forest_anomaly_score,-0.0806240651979613,-0.4008888304233551,0.4008888304233551,decreases_risk
W0000070,6,graphsage_dim_23,0.17947404,-0.3877057135105133,0.3877057135105133,decreases_risk
W0000070,7,observations_per_tx,1.3888888888117283,0.36815303564071655,0.36815303564071655,increases_risk
W0000070,8,country_entropy,3.2125857335879804,0.3259892463684082,0.3259892463684082,increases_risk
W0000070,9,graphsage_dim_6,-0.57470727,0.17741340398788452,0.17741340398788452,increases_risk
W0000070,10,graphsage_dim_3,0.29261285,-0.15176555514335632,0.15176555514335632,decreases_risk
W0000071,1,median_sent_sats,16.14911014074527,-3.3783552646636963,3.3783552646636963,decreases_risk
W0000071,2,autoencoder_reconstruction_error,0.5582233,-0.7988638877868652,0.7988638877868652,decreases_risk
W0000071,3,avg_sent_sats,16.798391602918556,-0.7573646903038025,0.7573646903038025,decreases_risk
W0000071,4,isolation_forest_anomaly_score,-0.0818730871758837,-0.4814563989639282,0.4814563989639282,decreases_risk
W0000071,5,graphsage_dim_23,0.4204442,-0.4013501703739166,0.4013501703739166,decreases_risk
W0000071,6,country_entropy,2.705968569835566,-0.39128240942955017,0.39128240942955017,decreases_risk
W0000071,7,observations_per_tx,1.52173913036862,0.36023563146591187,0.36023563146591187,increases_risk
W0000071,8,graphsage_dim_10,0.25423813,0.3204341232776642,0.3204341232776642,increases_risk
W0000071,9,graphsage_dim_3,0.028728336,-0.19847068190574646,0.19847068190574646,decreases_risk
W0000071,10,deterministic_score,0.4017741935483872,-0.18156389892101288,0.18156389892101288,decreases_risk
W0000072,1,median_sent_sats,15.86387059805912,-3.4359724521636963,3.4359724521636963,decreases_risk
W0000072,2,avg_sent_sats,16.36738000670232,-0.8597882390022278,0.8597882390022278,decreases_risk
W0000072,3,graphsage_dim_10,-0.12655464,-0.5922414064407349,0.5922414064407349,decreases_risk
W0000072,4,observations_per_tx,1.6153846153224851,-0.5379782915115356,0.5379782915115356,decreases_risk
W0000072,5,isolation_forest_anomaly_score,-0.056775653642597,-0.4829631447792053,0.4829631447792053,decreases_risk
W0000072,6,country_entropy,2.9072660390523093,-0.3786489963531494,0.3786489963531494,decreases_risk
W0000072,7,total_bytes_sent,11.754168232815609,-0.1760988086462021,0.1760988086462021,decreases_risk
W0000072,8,graphsage_dim_8,0.6177218,-0.1700545847415924,0.1700545847415924,decreases_risk
W0000072,9,graphsage_dim_6,0.38971162,-0.16379117965698242,0.16379117965698242,decreases_risk
W0000072,10,weighted_out_degree,20.0,-0.15936709940433502,0.15936709940433502,decreases_risk
W0000073,1,median_sent_sats,17.294405191174636,2.569237232208252,2.569237232208252,increases_risk
W0000073,2,graphsage_dim_23,-0.7546982,0.6492530107498169,0.6492530107498169,increases_risk
W0000073,3,observations_per_tx,1.590909090836777,-0.5691065192222595,0.5691065192222595,decreases_risk
W0000073,4,country_entropy,3.323966472423381,0.5107522010803223,0.5107522010803223,increases_risk
W0000073,5,avg_sent_sats,17.4882379672899,0.43743404746055603,0.43743404746055603,increases_risk
W0000073,6,graphsage_dim_10,0.3036239,0.40036308765411377,0.40036308765411377,increases_risk
W0000073,7,isolation_forest_anomaly_score,-0.0765354458699667,-0.3866388201713562,0.3866388201713562,decreases_risk
W0000073,8,autoencoder_reconstruction_error,0.8936335,0.2621464729309082,0.2621464729309082,increases_risk
W0000073,9,weighted_out_degree,16.0,0.18727372586727142,0.18727372586727142,increases_risk
W0000073,10,graphsage_dim_6,-0.1867075,0.18020273745059967,0.18020273745059967,increases_risk
W0000074,1,observations_per_tx,1.7727272726466945,-1.132960319519043,1.132960319519043,decreases_risk
W0000074,2,avg_sent_sats,16.810275026308812,-0.8586007356643677,0.8586007356643677,decreases_risk
W0000074,3,graphsage_dim_23,0.3616618,-0.6435382962226868,0.6435382962226868,decreases_risk
W0000074,4,country_entropy,2.9727496701465888,-0.4802490174770355,0.4802490174770355,decreases_risk
W0000074,5,graphsage_dim_10,0.5403515,0.3299950361251831,0.3299950361251831,increases_risk
W0000074,6,avg_outputs_per_tx,1.4222222222222225,-0.28699129819869995,0.28699129819869995,decreases_risk
W0000074,7,isolation_forest_anomaly_score,-0.0236166874273947,-0.2814737856388092,0.2814737856388092,decreases_risk
W0000074,8,graphsage_dim_3,-0.43680185,0.22589561343193054,0.22589561343193054,increases_risk
W0000074,9,median_sent_sats,16.48011351603934,-0.22016407549381256,0.22016407549381256,decreases_risk
W0000074,10,graphsage_dim_8,-0.044149645,-0.19965362548828125,0.19965362548828125,decreases_risk
W0000075,1,median_sent_sats,16.168868229797056,-3.5774173736572266,3.5774173736572266,decreases_risk
W0000075,2,autoencoder_reconstruction_error,0.702828,-0.8496522903442383,0.8496522903442383,decreases_risk
W0000075,3,avg_sent_sats,16.84864020262405,-0.6098042130470276,0.6098042130470276,decreases_risk
W0000075,4,observations_per_tx,1.5925925925336075,-0.5197047591209412,0.5197047591209412,decreases_risk
W0000075,5,isolation_forest_anomaly_score,-0.0261993470533277,-0.40451160073280334,0.40451160073280334,decreases_risk
W0000075,6,graphsage_dim_23,0.03258421,-0.3952074348926544,0.3952074348926544,decreases_risk
W0000075,7,graphsage_dim_10,0.79400533,0.2767046093940735,0.2767046093940735,increases_risk
W0000075,8,country_entropy,3.076748005802205,0.1822894960641861,0.1822894960641861,increases_risk
W0000075,9,total_bytes_sent,11.612300100943257,-0.1734655201435089,0.1734655201435089,decreases_risk
W0000075,10,graphsage_dim_8,0.55532026,-0.1700545847415924,0.1700545847415924,decreases_risk
W0000076,1,median_sent_sats,17.287346784644313,1.9798352718353271,1.9798352718353271,increases_risk
W0000076,2,observations_per_tx,1.7499999998541669,-1.1957846879959106,1.1957846879959106,decreases_risk
W0000076,3,graphsage_dim_23,0.21631432,-0.7016722559928894,0.7016722559928894,decreases_risk
W0000076,4,country_entropy,3.014041912081807,-0.5184144973754883,0.5184144973754883,decreases_risk
W0000076,5,isolation_forest_anomaly_score,-0.0158571303807166,0.38607683777809143,0.38607683777809143,increases_risk
W0000076,6,graphsage_dim_10,0.36008877,0.37656065821647644,0.37656065821647644,increases_risk
W0000076,7,avg_outputs_per_tx,1.4186046511627908,-0.3628736436367035,0.3628736436367035,decreases_risk
W0000076,8,avg_sent_sats,17.820285190466144,0.3445701599121094,0.3445701599121094,increases_risk
W0000076,9,burstiness,1.172069637564229,-0.2172483652830124,0.2172483652830124,decreases_risk
W0000076,10,graphsage_dim_7,0.86221504,-0.2090950757265091,0.2090950757265091,decreases_risk
W0000077,1,median_sent_sats,16.121155764032686,-3.211134672164917,3.211134672164917,decreases_risk
W0000077,2,avg_sent_sats,16.476465808410342,-0.923685610294342,0.923685610294342,decreases_risk
W0000077,3,autoencoder_reconstruction_error,0.4455612,-0.7645707130432129,0.7645707130432129,decreases_risk
W0000077,4,graphsage_dim_10,-0.1543685,-0.6494585275650024,0.6494585275650024,decreases_risk
W0000077,5,isolation_forest_anomaly_score,-0.0780581450845497,-0.45382294058799744,0.45382294058799744,decreases_risk
W0000077,6,graphsage_dim_23,0.2224475,-0.37113162875175476,0.37113162875175476,decreases_risk
W0000077,7,country_entropy,2.917669495766062,-0.350024551153183,0.350024551153183,decreases_risk
W0000077,8,observations_per_tx,1.2916666666128471,0.3241803050041199,0.3241803050041199,increases_risk
W0000077,9,deterministic_score,0.4355161290322581,-0.20257751643657684,0.20257751643657684,decreases_risk
W0000077,10,graphsage_dim_3,0.15387186,-0.18755879998207092,0.18755879998207092,decreases_risk
W0000078,1,autoencoder_reconstruction_error,0.6743531,-1.082694411277771,1.082694411277771,decreases_risk
W0000078,2,avg_sent_sats,16.652623233713197,-0.889188826084137,0.889188826084137,decreases_risk
W0000078,3,median_sent_sats,16.453088722725813,-0.7916919589042664,0.7916919589042664,decreases_risk
W0000078,4,graphsage_dim_10,-0.25937888,-0.7367818355560303,0.7367818355560303,decreases_risk
W0000078,5,observations_per_tx,1.5517241378775268,-0.5859320163726807,0.5859320163726807,decreases_risk
W0000078,6,isolation_forest_anomaly_score,-0.0774691127715049,-0.4729408025741577,0.4729408025741577,decreases_risk
W0000078,7,country_entropy,3.018373374200748,-0.40952470898628235,0.40952470898628235,decreases_risk
W0000078,8,deterministic_score,0.4361290322580645,-0.40588387846946716,0.40588387846946716,decreases_risk
W0000078,9,graphsage_dim_8,0.11356252,-0.1867085099220276,0.1867085099220276,decreases_risk
W0000078,10,graphsage_dim_6,-0.24614316,0.18473100662231445,0.18473100662231445,increases_risk
W0000079,1,median_sent_sats,15.7040975401128,-4.05735969543457,4.05735969543457,decreases_risk
W0000079,2,avg_sent_sats,16.328628622091763,-1.0106925964355469,1.0106925964355469,decreases_risk
W0000079,3,graphsage_dim_10,-0.49217442,-0.8124728202819824,0.8124728202819824,decreases_risk
W0000079,4,isolation_forest_anomaly_score,-0.0420123402453249,-0.4403627812862396,0.4403627812862396,decreases_risk
W0000079,5,graphsage_dim_23,-0.2887094,0.3485223650932312,0.3485223650932312,increases_risk
W0000079,6,observations_per_tx,1.4736842104487535,0.3447738289833069,0.3447738289833069,increases_risk
W0000079,7,country_entropy,3.2603006122573355,0.32296591997146606,0.32296591997146606,increases_risk
W0000079,8,total_bytes_sent,11.303894362944058,-0.18601463735103607,0.18601463735103607,decreases_risk
W0000079,9,weighted_out_degree,37.0,-0.17901191115379333,0.17901191115379333,decreases_risk
W0000079,10,avg_outputs_per_tx,1.4230769230769231,-0.17293676733970642,0.17293676733970642,decreases_risk
W0000080,1,median_sent_sats,16.017614323788433,-3.257406711578369,3.257406711578369,decreases_risk
W0000080,2,avg_sent_sats,16.273363561396028,-0.7997823357582092,0.7997823357582092,decreases_risk
W0000080,3,observations_per_tx,1.7692307690946745,-0.6728581190109253,0.6728581190109253,decreases_risk
W0000080,4,graphsage_dim_10,-0.33943817,-0.5785242319107056,0.5785242319107056,decreases_risk
W0000080,5,isolation_forest_anomaly_score,-0.0612241895247248,-0.4421871304512024,0.4421871304512024,decreases_risk
W0000080,6,graphsage_dim_23,0.1842028,-0.4399355947971344,0.4399355947971344,decreases_risk
W0000080,7,country_entropy,2.957494564376409,-0.3658864498138428,0.3658864498138428,decreases_risk
W0000080,8,avg_outputs_per_tx,1.3448275862068966,-0.19190281629562378,0.19190281629562378,decreases_risk
W0000080,9,graphsage_dim_6,-0.05602572,0.1642809957265854,0.1642809957265854,increases_risk
W0000080,10,graphsage_dim_3,0.48899722,-0.14912278950214386,0.14912278950214386,decreases_risk
W0000081,1,isolation_forest_anomaly_score,0.021588264879142,0.6531173586845398,0.6531173586845398,increases_risk
W0000081,2,graphsage_dim_10,-0.09463243,-0.6262722015380859,0.6262722015380859,decreases_risk
W0000081,3,observations_per_tx,1.09999999989,0.5361897945404053,0.5361897945404053,increases_risk
W0000081,4,avg_sent_sats,16.885391186189935,0.41632136702537537,0.41632136702537537,increases_risk
W0000081,5,country_entropy,3.208987300258799,0.3851734399795532,0.3851734399795532,increases_risk
W0000081,6,graphsage_dim_23,-0.0990154,0.3796876072883606,0.3796876072883606,increases_risk
W0000081,7,autoencoder_reconstruction_error,1.5308063,0.23886844515800476,0.23886844515800476,increases_risk
W0000081,8,graphsage_dim_6,-0.39686418,0.19677376747131348,0.19677376747131348,increases_risk
W0000081,9,total_bytes_sent,10.24473408831764,0.17677243053913116,0.17677243053913116,increases_risk
W0000081,10,graphsage_dim_8,0.116244055,-0.15988707542419434,0.15988707542419434,decreases_risk
W0000082,1,median_sent_sats,16.181834195950284,-3.835218906402588,3.835218906402588,decreases_risk
W0000082,2,avg_sent_sats,16.74286367983005,-0.8565617203712463,0.8565617203712463,decreases_risk
W0000082,3,autoencoder_reconstruction_error,0.6223879,-0.7953270077705383,0.7953270077705383,decreases_risk
W0000082,4,isolation_forest_anomaly_score,-0.0706030151735009,-0.4567048251628876,0.4567048251628876,decreases_risk
W0000082,5,graphsage_dim_23,-0.49884418,0.4255862236022949,0.4255862236022949,increases_risk
W0000082,6,country_entropy,2.9837692608027537,-0.3375655710697174,0.3375655710697174,decreases_risk
W0000082,7,observations_per_tx,1.4193548386638917,0.3299381732940674,0.3299381732940674,increases_risk
W0000082,8,graphsage_dim_10,0.23867017,0.310155987739563,0.310155987739563,increases_risk
W0000082,9,graphsage_dim_8,0.40901825,-0.1651538908481598,0.1651538908481598,decreases_risk
W0000082,10,total_bytes_sent,11.7512176934806,-0.16354967653751373,0.16354967653751373,decreases_risk
W0000083,1,autoencoder_reconstruction_error,0.7192844,-1.181831955909729,1.181831955909729,decreases_risk
W0000083,2,graphsage_dim_10,-0.29151133,-0.8186978101730347,0.8186978101730347,decreases_risk
W0000083,3,median_sent_sats,16.451444837359553,-0.7233085632324219,0.7233085632324219,decreases_risk
W0000083,4,country_entropy,2.9294014572307967,-0.5258046388626099,0.5258046388626099,decreases_risk
W0000083,5,graphsage_dim_23,0.097996406,-0.49519386887550354,0.49519386887550354,decreases_risk
W0000083,6,isolation_forest_anomaly_score,-0.0771339968170486,-0.45306718349456787,0.45306718349456787,decreases_risk
W0000083,7,observations_per_tx,1.4166666666076388,0.4010145664215088,0.4010145664215088,increases_risk
W0000083,8,avg_sent_sats,17.10014789747519,0.3137415647506714,0.3137415647506714,increases_risk
W0000083,9,graphsage_dim_3,0.025769278,-0.2933216094970703,0.2933216094970703,decreases_risk
W0000083,10,deterministic_score,0.4019354838709678,-0.2915906310081482,0.2915906310081482,decreases_risk
W0000084,1,median_sent_sats,16.218618765233515,-3.175567388534546,3.175567388534546,decreases_risk
W0000084,2,avg_sent_sats,16.484566291132637,-0.9322282671928406,0.9322282671928406,decreases_risk
W0000084,3,autoencoder_reconstruction_error,0.22819784,-0.7243914008140564,0.7243914008140564,decreases_risk
W0000084,4,graphsage_dim_10,-0.34370488,-0.6694673299789429,0.6694673299789429,decreases_risk
W0000084,5,isolation_forest_anomaly_score,-0.1148308999801125,-0.4768345355987549,0.4768345355987549,decreases_risk
W0000084,6,country_entropy,2.8111449111175286,-0.3975903391838074,0.3975903391838074,decreases_risk
W0000084,7,observations_per_tx,1.526315789393352,0.283202588558197,0.283202588558197,increases_risk
W0000084,8,deterministic_score,0.414032258064516,-0.21442613005638123,0.21442613005638123,decreases_risk
W0000084,9,graphsage_dim_23,-0.06638922,0.19538983702659607,0.19538983702659607,increases_risk
W0000084,10,graphsage_dim_3,-0.038052097,-0.17813295125961304,0.17813295125961304,decreases_risk
W0000085,1,median_sent_sats,15.543327595025088,-3.0211985111236572,3.0211985111236572,decreases_risk
W0000085,2,avg_sent_sats,16.283151877128034,-0.7861557006835938,0.7861557006835938,decreases_risk
W0000085,3,autoencoder_reconstruction_error,0.27187923,-0.7663098573684692,0.7663098573684692,decreases_risk
W0000085,4,observations_per_tx,1.6521739129716446,-0.6806206703186035,0.6806206703186035,decreases_risk
W0000085,5,isolation_forest_anomaly_score,-0.1072970343532694,-0.5154396295547485,0.5154396295547485,decreases_risk
W0000085,6,graphsage_dim_23,0.06900158,-0.38895830512046814,0.38895830512046814,decreases_risk
W0000085,7,country_entropy,3.002512233097378,-0.34920287132263184,0.34920287132263184,decreases_risk
W0000085,8,deterministic_score,0.4143870967741935,-0.24333103001117706,0.24333103001117706,decreases_risk
W0000085,9,avg_outputs_per_tx,1.3777777777777778,-0.18567302823066711,0.18567302823066711,decreases_risk
W0000085,10,graphsage_dim_10,0.09650575,0.18450649082660675,0.18450649082660675,increases_risk
W0000086,1,median_sent_sats,15.917519039958975,-3.9624311923980713,3.9624311923980713,decreases_risk
W0000086,2,observations_per_tx,1.857142857010204,-0.7489092350006104,0.7489092350006104,decreases_risk
W0000086,3,graphsage_dim_10,-0.07285559,-0.6024415493011475,0.6024415493011475,decreases_risk
W0000086,4,isolation_forest_anomaly_score,-0.060974224143058,-0.47962209582328796,0.47962209582328796,decreases_risk
W0000086,5,graphsage_dim_23,-0.20342407,0.3903573751449585,0.3903573751449585,increases_risk
W0000086,6,country_entropy,3.111551779000729,0.3249267339706421,0.3249267339706421,increases_risk
W0000086,7,avg_sent_sats,16.96475912315089,0.29998740553855896,0.29998740553855896,increases_risk
W0000086,8,total_bytes_sent,11.269719502618964,-0.18601463735103607,0.18601463735103607,decreases_risk
W0000086,9,graphsage_dim_6,-0.16241091,0.16674552857875824,0.16674552857875824,increases_risk
W0000086,10,weighted_out_degree,11.0,0.16647647321224213,0.16647647321224213,increases_risk
W0000087,1,median_sent_sats,16.76090218847745,2.131417751312256,2.131417751312256,increases_risk
W0000087,2,graphsage_dim_23,-0.42509508,0.5209212303161621,0.5209212303161621,increases_risk
W0000087,3,country_entropy,3.202358000932091,0.5146812796592712,0.5146812796592712,increases_risk
W0000087,4,observations_per_tx,1.5384615383431952,0.4788356125354767,0.4788356125354767,increases_risk
W0000087,5,avg_sent_sats,17.59922273549413,0.4565916061401367,0.4565916061401367,increases_risk
W0000087,6,graphsage_dim_10,0.021657571,-0.36128097772598267,0.36128097772598267,decreases_risk
W0000087,7,isolation_forest_anomaly_score,-0.0420578262152734,-0.343757688999176,0.343757688999176,decreases_risk
W0000087,8,autoencoder_reconstruction_error,1.252602,0.2533274292945862,0.2533274292945862,increases_risk
W0000087,9,weighted_out_degree,15.0,0.18727372586727142,0.18727372586727142,increases_risk
W0000087,10,total_bytes_sent,10.875440023235184,0.17272116243839264,0.17272116243839264,increases_risk
W0000088,1,median_sent_sats,16.133821252980066,-3.487438678741455,3.487438678741455,decreases_risk
W0000088,2,avg_sent_sats,16.47414349330995,-0.9752482771873474,0.9752482771873474,decreases_risk
W0000088,3,autoencoder_reconstruction_error,0.58699733,-0.7055290937423706,0.7055290937423706,decreases_risk
W0000088,4,graphsage_dim_10,-0.3158083,-0.6683686971664429,0.6683686971664429,decreases_risk
W0000088,5,isolation_forest_anomaly_score,-0.07248228957669,-0.4249456524848938,0.4249456524848938,decreases_risk
W0000088,6,country_entropy,2.684771938731434,-0.39355558156967163,0.39355558156967163,decreases_risk
W0000088,7,observations_per_tx,1.3846153845088758,0.35398900508880615,0.35398900508880615,increases_risk
W0000088,8,graphsage_dim_23,0.06709699,-0.34787049889564514,0.34787049889564514,decreases_risk
W0000088,9,graphsage_dim_6,0.11624962,-0.1673702448606491,0.1673702448606491,decreases_risk
W0000088,10,graphsage_dim_3,0.32965785,-0.16531044244766235,0.16531044244766235,decreases_risk
W0000089,1,median_sent_sats,15.18272785350441,-3.8491291999816895,3.8491291999816895,decreases_risk
W0000089,2,avg_sent_sats,15.783221720069433,-1.0106143951416016,1.0106143951416016,decreases_risk
W0000089,3,observations_per_tx,1.590909090836777,-0.5386475324630737,0.5386475324630737,decreases_risk
W0000089,4,country_entropy,2.8346533382421324,-0.4414421319961548,0.4414421319961548,decreases_risk
W0000089,5,graphsage_dim_23,-0.29403096,0.354972243309021,0.354972243309021,increases_risk
W0000089,6,isolation_forest_anomaly_score,-0.0215768687489358,-0.2940180003643036,0.2940180003643036,decreases_risk
W0000089,7,graphsage_dim_10,0.18558481,0.29110798239707947,0.29110798239707947,increases_risk
W0000089,8,weighted_out_degree,32.0,-0.1721685230731964,0.1721685230731964,decreases_risk
W0000089,9,graphsage_dim_8,0.12694699,-0.1719990372657776,0.1719990372657776,decreases_risk
W0000089,10,graphsage_dim_6,0.10062042,-0.17124658823013306,0.17124658823013306,decreases_risk
W0000090,1,median_sent_sats,16.272064971483832,-3.397716999053955,3.397716999053955,decreases_risk
W0000090,2,autoencoder_reconstruction_error,0.6029504,-0.9788144826889038,0.9788144826889038,decreases_risk
W0000090,3,observations_per_tx,1.7142857142040815,-0.800769567489624,0.800769567489624,decreases_risk
W0000090,4,isolation_forest_anomaly_score,-0.0675267998713619,-0.47871214151382446,0.47871214151382446,decreases_risk
W0000090,5,country_entropy,2.896509612312497,-0.435616672039032,0.435616672039032,decreases_risk
W0000090,6,graphsage_dim_23,-0.22894275,0.3600890040397644,0.3600890040397644,increases_risk
W0000090,7,graphsage_dim_10,0.3272062,0.27450937032699585,0.27450937032699585,increases_risk
W0000090,8,avg_sent_sats,16.96296147920854,0.272609144449234,0.272609144449234,increases_risk
W0000090,9,deterministic_score,0.4734193548387096,-0.23865196108818054,0.23865196108818054,decreases_risk
W0000090,10,graphsage_dim_22,0.42548317,0.17320294678211212,0.17320294678211212,increases_risk
W0000091,1,median_sent_sats,16.161276301660823,-3.7176196575164795,3.7176196575164795,decreases_risk
W0000091,2,avg_sent_sats,16.513771119609455,-0.8311841487884521,0.8311841487884521,decreases_risk
W0000091,3,autoencoder_reconstruction_error,0.74144703,-0.6345582604408264,0.6345582604408264,decreases_risk
W0000091,4,observations_per_tx,1.7096774192996878,-0.6320760250091553,0.6320760250091553,decreases_risk
W0000091,5,graphsage_dim_10,-0.27522796,-0.5499153733253479,0.5499153733253479,decreases_risk
W0000091,6,isolation_forest_anomaly_score,-0.0689497098956993,-0.4574943780899048,0.4574943780899048,decreases_risk
W0000091,7,graphsage_dim_23,-0.24864763,0.31777966022491455,0.31777966022491455,increases_risk
W0000091,8,total_bytes_sent,11.804467577870907,-0.17672666907310486,0.17672666907310486,decreases_risk
W0000091,9,weighted_out_degree,26.0,-0.17010661959648132,0.17010661959648132,decreases_risk
W0000091,10,graphsage_dim_8,0.3578985,-0.1641640067100525,0.1641640067100525,decreases_risk
W0000092,1,median_sent_sats,17.310574653893035,2.3774828910827637,2.3774828910827637,increases_risk
W0000092,2,observations_per_tx,1.499999999925,0.6163222789764404,0.6163222789764404,increases_risk
W0000092,3,country_entropy,2.840863839434868,-0.47038906812667847,0.47038906812667847,decreases_risk
W0000092,4,isolation_forest_anomaly_score,-0.0779258472640406,-0.4605276584625244,0.4605276584625244,decreases_risk
W0000092,5,graphsage_dim_10,0.34652036,0.44071274995803833,0.44071274995803833,increases_risk
W0000092,6,avg_sent_sats,17.681441970671116,0.40319615602493286,0.40319615602493286,increases_risk
W0000092,7,graphsage_dim_23,0.2318505,-0.38784173130989075,0.38784173130989075,decreases_risk
W0000092,8,deterministic_score,0.3807096774193547,-0.3125835061073303,0.3125835061073303,decreases_risk
W0000092,9,graphsage_dim_3,-0.6498091,0.28699856996536255,0.28699856996536255,increases_risk
W0000092,10,asn_entropy,3.094949047732144,-0.1916368305683136,0.1916368305683136,decreases_risk
W0000093,1,median_sent_sats,16.282214285245825,-3.0520007610321045,3.0520007610321045,decreases_risk
W0000093,2,avg_sent_sats,16.341222477426786,-0.8176077008247375,0.8176077008247375,decreases_risk
W0000093,3,autoencoder_reconstruction_error,0.64385986,-0.6847494840621948,0.6847494840621948,decreases_risk
W0000093,4,graphsage_dim_10,-0.22118957,-0.5206599831581116,0.5206599831581116,decreases_risk
W0000093,5,observations_per_tx,1.590909090836777,-0.471805602312088,0.471805602312088,decreases_risk
W0000093,6,isolation_forest_anomaly_score,-0.0826126977877948,-0.4625801146030426,0.4625801146030426,decreases_risk
W0000093,7,country_entropy,2.785705359888581,-0.40603771805763245,0.40603771805763245,decreases_risk
W0000093,8,graphsage_dim_23,0.016951904,-0.3716835379600525,0.3716835379600525,decreases_risk
W0000093,9,deterministic_score,0.4454516129032259,-0.21507355570793152,0.21507355570793152,decreases_risk
W0000093,10,graphsage_dim_8,0.010810211,-0.1700545847415924,0.1700545847415924,decreases_risk
W0000094,1,median_sent_sats,16.146681164173746,-3.9829304218292236,3.9829304218292236,decreases_risk
W0000094,2,avg_sent_sats,16.506103520315058,-1.0049617290496826,1.0049617290496826,decreases_risk
W0000094,3,isolation_forest_anomaly_score,0.013556401688182,0.7795600295066833,0.7795600295066833,increases_risk
W0000094,4,graphsage_dim_23,0.12635267,-0.41240766644477844,0.41240766644477844,decreases_risk
W0000094,5,country_entropy,2.9809692661104847,-0.37210631370544434,0.37210631370544434,decreases_risk
W0000094,6,observations_per_tx,1.4583333332725694,0.35513633489608765,0.35513633489608765,increases_risk
W0000094,7,graphsage_dim_10,0.720796,0.33259522914886475,0.33259522914886475,increases_risk
W0000094,8,graphsage_dim_3,-0.06037862,-0.19932857155799866,0.19932857155799866,decreases_risk
W0000094,9,graphsage_dim_6,0.76306224,-0.1605309695005417,0.1605309695005417,decreases_risk
W0000094,10,total_bytes_sent,11.3785136849184,-0.1548735350370407,0.1548735350370407,decreases_risk
W0000095,1,median_sent_sats,16.277009326832307,-3.2545156478881836,3.2545156478881836,decreases_risk
W0000095,2,avg_sent_sats,16.51768225195094,-0.8222008943557739,0.8222008943557739,decreases_risk
W0000095,3,autoencoder_reconstruction_error,0.5457294,-0.7493659853935242,0.7493659853935242,decreases_risk
W0000095,4,observations_per_tx,1.79999999988,-0.6946624517440796,0.6946624517440796,decreases_risk
W0000095,5,isolation_forest_anomaly_score,-0.0535824895514224,-0.4315863251686096,0.4315863251686096,decreases_risk
W0000095,6,country_entropy,2.7387652739393338,-0.42985498905181885,0.42985498905181885,decreases_risk
W0000095,7,graphsage_dim_23,-0.18488203,0.349285364151001,0.349285364151001,increases_risk
W0000095,8,graphsage_dim_10,0.20527254,0.2699311375617981,0.2699311375617981,increases_risk
W0000095,9,graphsage_dim_6,0.18609388,-0.1661181002855301,0.1661181002855301,decreases_risk
W0000095,10,weighted_out_degree,16.0,0.16460709273815155,0.16460709273815155,increases_risk
W0000096,1,median_sent_sats,16.06183567457901,-3.221041440963745,3.221041440963745,decreases_risk
W0000096,2,avg_sent_sats,16.38988629271534,-0.8051378130912781,0.8051378130912781,decreases_risk
W0000096,3,autoencoder_reconstruction_error,0.27952936,-0.7698363065719604,0.7698363065719604,decreases_risk
W0000096,4,observations_per_tx,1.7894736841163434,-0.6899119019508362,0.6899119019508362,decreases_risk
W0000096,5,isolation_forest_anomaly_score,-0.1082041122350607,-0.5361589789390564,0.5361589789390564,decreases_risk
W0000096,6,country_entropy,2.826157186745538,-0.3723416328430176,0.3723416328430176,decreases_risk
W0000096,7,graphsage_dim_23,-0.25328475,0.3205108046531677,0.3205108046531677,increases_risk
W0000096,8,deterministic_score,0.3660645161290322,-0.2304561883211136,0.2304561883211136,decreases_risk
W0000096,9,graphsage_dim_10,0.05957845,0.18560144305229187,0.18560144305229187,increases_risk
W0000096,10,graphsage_dim_6,0.11191964,-0.16546717286109924,0.16546717286109924,decreases_risk
W0000097,1,median_sent_sats,16.07842944658856,-2.947331666946411,2.947331666946411,decreases_risk
W0000097,2,avg_sent_sats,16.545104989096412,-0.8282075524330139,0.8282075524330139,decreases_risk
W0000097,3,autoencoder_reconstruction_error,0.15372899,-0.7488843202590942,0.7488843202590942,decreases_risk
W0000097,4,graphsage_dim_10,-0.09856981,-0.5323206782341003,0.5323206782341003,decreases_risk
W0000097,5,observations_per_tx,1.5499999999225,-0.5068517923355103,0.5068517923355103,decreases_risk
W0000097,6,isolation_forest_anomaly_score,-0.1237813800819119,-0.5061671733856201,0.5061671733856201,decreases_risk
W0000097,7,country_entropy,2.909762640997142,-0.3786783218383789,0.3786783218383789,decreases_risk
W0000097,8,graphsage_dim_23,0.05245482,-0.371722936630249,0.371722936630249,decreases_risk
W0000097,9,deterministic_score,0.259516129032258,-0.22408990561962128,0.22408990561962128,decreases_risk
W0000097,10,total_bytes_sent,11.360473341778553,-0.16681082546710968,0.16681082546710968,decreases_risk
W0000098,1,median_sent_sats,15.582753778215649,-4.21856164932251,4.21856164932251,decreases_risk
W0000098,2,avg_sent_sats,16.229778141190916,-1.017251968383789,1.017251968383789,decreases_risk
W0000098,3,isolation_forest_anomaly_score,-0.0889619233268934,-0.47650834918022156,0.47650834918022156,decreases_risk
W0000098,4,observations_per_tx,1.3749999999427085,0.3967495560646057,0.3967495560646057,increases_risk
W0000098,5,country_entropy,3.444717692145632,0.3346538543701172,0.3346538543701172,increases_risk
W0000098,6,graphsage_dim_23,-0.16239525,0.3208044171333313,0.3208044171333313,increases_risk
W0000098,7,graphsage_dim_10,0.13368443,0.3180563747882843,0.3180563747882843,increases_risk
W0000098,8,weighted_out_degree,23.0,-0.18164946138858795,0.18164946138858795,decreases_risk
W0000098,9,deterministic_score,0.4848709677419354,-0.17985622584819794,0.17985622584819794,decreases_risk
W0000098,10,graphsage_dim_6,-0.21723388,0.17715895175933838,0.17715895175933838,increases_risk
W0000099,1,median_sent_sats,17.495899116231495,2.0197932720184326,2.0197932720184326,increases_risk
W0000099,2,autoencoder_reconstruction_error,0.6207763,-1.6654133796691895,1.6654133796691895,decreases_risk
W0000099,3,observations_per_tx,1.6666666665972223,-1.1243877410888672,1.1243877410888672,decreases_risk
W0000099,4,graphsage_dim_23,-0.67343044,0.593169629573822,0.593169629573822,increases_risk
W0000099,5,isolation_forest_anomaly_score,-0.075476731051125,-0.5094447135925293,0.5094447135925293,decreases_risk
W0000099,6,deterministic_score,0.4793225806451612,-0.482159823179245,0.482159823179245,decreases_risk
W0000099,7,country_entropy,3.41749322153754,0.38780033588409424,0.38780033588409424,increases_risk
W0000099,8,avg_outputs_per_tx,1.380952380952381,-0.3414432406425476,0.3414432406425476,decreases_risk
W0000099,9,graphsage_dim_10,0.40494442,0.32952502369880676,0.32952502369880676,increases_risk
W0000099,10,avg_sent_sats,17.54703384045091,0.31169652938842773,0.31169652938842773,increases_risk
W0000100,1,median_sent_sats,15.49771610183953,-3.483797550201416,3.483797550201416,decreases_risk
W0000100,2,avg_sent_sats,16.529039320384115,-0.8867485523223877,0.8867485523223877,decreases_risk
W0000100,3,autoencoder_reconstruction_error,0.49847597,-0.7811819314956665,0.7811819314956665,decreases_risk
W0000100,4,isolation_forest_anomaly_score,-0.0887680253669062,-0.4432148337364197,0.4432148337364197,decreases_risk
W0000100,5,graphsage_dim_23,-0.90070754,0.42207884788513184,0.42207884788513184,increases_risk
W0000100,6,country_entropy,2.6084227224837924,-0.4211406409740448,0.4211406409740448,decreases_risk
W0000100,7,observations_per_tx,1.4374999999101563,0.36060357093811035,0.36060357093811035,increases_risk
W0000100,8,graphsage_dim_10,0.22989759,0.31748348474502563,0.31748348474502563,increases_risk
W0000100,9,deterministic_score,0.4711612903225806,-0.21340015530586243,0.21340015530586243,decreases_risk
W0000100,10,graphsage_dim_6,-0.21356995,0.1758560985326767,0.1758560985326767,increases_risk
W0000101,1,median_sent_sats,15.841560948398095,-4.118887901306152,4.118887901306152,decreases_risk
W0000101,2,avg_sent_sats,16.246378523514426,-0.8076021671295166,0.8076021671295166,decreases_risk
W0000101,3,observations_per_tx,2.076923076763314,-0.7233064770698547,0.7233064770698547,decreases_risk
W0000101,4,graphsage_dim_23,-0.49309433,0.45762133598327637,0.45762133598327637,increases_risk
W0000101,5,isolation_forest_anomaly_score,-0.0517134277226859,-0.44369491934776306,0.44369491934776306,decreases_risk
W0000101,6,country_entropy,3.290114353214036,0.31436818838119507,0.31436818838119507,increases_risk
W0000101,7,graphsage_dim_10,0.47342214,0.2647860050201416,0.2647860050201416,increases_risk
W0000101,8,avg_outputs_per_tx,1.3902439024390243,-0.1912728250026703,0.1912728250026703,decreases_risk
W0000101,9,weighted_out_degree,35.0,-0.17901191115379333,0.17901191115379333,decreases_risk
W0000101,10,graphsage_dim_6,-0.31861728,0.17698465287685394,0.17698465287685394,increases_risk
W0000102,1,median_sent_sats,16.22275625173286,-3.56640362739563,3.56640362739563,decreases_risk
W0000102,2,avg_sent_sats,16.577452706029746,-0.9606174826622009,0.9606174826622009,decreases_risk
W0000102,3,autoencoder_reconstruction_error,0.75537604,-0.4824097752571106,0.4824097752571106,decreases_risk
W0000102,4,country_entropy,2.9103900340664133,-0.4150135815143585,0.4150135815143585,decreases_risk
W0000102,5,isolation_forest_anomaly_score,-0.0689096541146406,-0.4131140410900116,0.4131140410900116,decreases_risk
W0000102,6,graphsage_dim_23,0.38127112,-0.38414308428764343,0.38414308428764343,decreases_risk
W0000102,7,graphsage_dim_10,0.013508882,-0.32694053649902344,0.32694053649902344,decreases_risk
W0000102,8,observations_per_tx,1.4799999999408,0.31908053159713745,0.31908053159713745,increases_risk
W0000102,9,deterministic_score,0.4701612903225807,-0.19257506728172302,0.19257506728172302,decreases_risk
W0000102,10,graphsage_dim_3,0.14371797,-0.19217103719711304,0.19217103719711304,decreases_risk
W0000103,1,median_sent_sats,16.42684568953323,-3.576897382736206,3.576897382736206,decreases_risk
W0000103,2,avg_sent_sats,16.744207362873013,-0.9083681106567383,0.9083681106567383,decreases_risk
W0000103,3,autoencoder_reconstruction_error,0.4719679,-0.8344913721084595,0.8344913721084595,decreases_risk
W0000103,4,isolation_forest_anomaly_score,-0.0890531751197187,-0.4345061480998993,0.4345061480998993,decreases_risk
W0000103,5,graphsage_dim_23,0.18444309,-0.37546849250793457,0.37546849250793457,decreases_risk
W0000103,6,observations_per_tx,1.3749999999140623,0.3734115958213806,0.3734115958213806,increases_risk
W0000103,7,graphsage_dim_10,0.02045847,-0.32181376218795776,0.32181376218795776,decreases_risk
W0000103,8,country_entropy,3.2643617818647725,0.31059837341308594,0.31059837341308594,increases_risk
W0000103,9,deterministic_score,0.4262903225806452,-0.19777005910873413,0.19777005910873413,decreases_risk
W0000103,10,graphsage_dim_3,-0.48297203,0.18981784582138062,0.18981784582138062,increases_risk
W0000104,1,median_sent_sats,16.011157502603318,-3.5747764110565186,3.5747764110565186,decreases_risk
W0000104,2,avg_sent_sats,16.794122864834907,-0.810631275177002,0.810631275177002,decreases_risk
W0000104,3,autoencoder_reconstruction_error,0.723162,-0.788276195526123,0.788276195526123,decreases_risk
W0000104,4,graphsage_dim_10,-0.3677238,-0.647709846496582,0.647709846496582,decreases_risk
W0000104,5,observations_per_tx,1.6249999998984377,-0.608722448348999,0.608722448348999,decreases_risk
W0000104,6,isolation_forest_anomaly_score,-0.0686738510580184,-0.4095448851585388,0.4095448851585388,decreases_risk
W0000104,7,graphsage_dim_23,-0.37163734,0.3593457341194153,0.3593457341194153,increases_risk
W0000104,8,country_entropy,3.1722865879079096,0.3124866485595703,0.3124866485595703,increases_risk
W0000104,9,total_bytes_sent,11.21219867899764,-0.17672666907310486,0.17672666907310486,decreases_risk
W0000104,10,graphsage_dim_6,-0.42861265,0.17483049631118774,0.17483049631118774,increases_risk
W0000105,1,median_sent_sats,15.769911486682998,-3.2812705039978027,3.2812705039978027,decreases_risk
W0000105,2,avg_sent_sats,16.302835894952057,-0.8100805878639221,0.8100805878639221,decreases_risk
W0000105,3,autoencoder_reconstruction_error,0.53839356,-0.7709299325942993,0.7709299325942993,decreases_risk
W0000105,4,observations_per_tx,1.9333333332044444,-0.658989429473877,0.658989429473877,decreases_risk
W0000105,5,isolation_forest_anomaly_score,-0.1076736599951818,-0.4750538766384125,0.4750538766384125,decreases_risk
W0000105,6,country_entropy,2.989166790592632,-0.394494891166687,0.394494891166687,decreases_risk
W0000105,7,graphsage_dim_23,-0.2918518,0.3255775570869446,0.3255775570869446,increases_risk
W0000105,8,graphsage_dim_10,0.1610424,0.2683198153972626,0.2683198153972626,increases_risk
W0000105,9,deterministic_score,0.4021612903225806,-0.22467593848705292,0.22467593848705292,decreases_risk
W0000105,10,graphsage_dim_6,0.29111537,-0.16765539348125458,0.16765539348125458,decreases_risk
W0000106,1,median_sent_sats,16.238895819377543,-3.806328058242798,3.806328058242798,decreases_risk
W0000106,2,avg_sent_sats,16.19458947648475,-0.8667014241218567,0.8667014241218567,decreases_risk
W0000106,3,observations_per_tx,1.6956521738393195,-0.6449704766273499,0.6449704766273499,decreases_risk
W0000106,4,graphsage_dim_10,-0.005301904,-0.5252537131309509,0.5252537131309509,decreases_risk
W0000106,5,isolation_forest_anomaly_score,-0.0672021549108667,-0.43970704078674316,0.43970704078674316,decreases_risk
W0000106,6,graphsage_dim_23,-0.20172793,0.3336028456687927,0.3336028456687927,increases_risk
W0000106,7,country_entropy,3.2774018886870806,0.27936166524887085,0.27936166524887085,increases_risk
W0000106,8,weighted_out_degree,24.0,-0.19445089995861053,0.19445089995861053,decreases_risk
W0000106,9,total_bytes_sent,11.490771876328788,-0.1771523654460907,0.1771523654460907,decreases_risk
W0000106,10,graphsage_dim_8,0.23509559,-0.1719990372657776,0.1719990372657776,decreases_risk
W0000107,1,median_sent_sats,16.062698684858027,-3.908647298812866,3.908647298812866,decreases_risk
W0000107,2,autoencoder_reconstruction_error,0.566988,-0.9170691967010498,0.9170691967010498,decreases_risk
W0000107,3,observations_per_tx,1.4999999999375,0.4662667512893677,0.4662667512893677,increases_risk
W0000107,4,isolation_forest_anomaly_score,-0.0777661312675835,-0.4384150207042694,0.4384150207042694,decreases_risk
W0000107,5,graphsage_dim_23,0.2842478,-0.41743627190589905,0.41743627190589905,decreases_risk
W0000107,6,country_entropy,3.2536651719243213,0.32478874921798706,0.32478874921798706,increases_risk
W0000107,7,avg_sent_sats,16.98402051088733,0.3154588043689728,0.3154588043689728,increases_risk
W0000107,8,graphsage_dim_10,0.14346479,0.2980833649635315,0.2980833649635315,increases_risk
W0000107,9,avg_outputs_per_tx,1.3953488372093024,-0.20965322852134705,0.20965322852134705,decreases_risk
W0000107,10,graphsage_dim_3,-0.40626675,0.19026419520378113,0.19026419520378113,increases_risk
W0000108,1,median_sent_sats,16.040947832380372,-3.633643865585327,3.633643865585327,decreases_risk
W0000108,2,autoencoder_reconstruction_error,0.4107298,-0.8676356673240662,0.8676356673240662,decreases_risk
W0000108,3,avg_sent_sats,16.759782762990763,-0.8558629751205444,0.8558629751205444,decreases_risk
W0000108,4,isolation_forest_anomaly_score,-0.0988261253589253,-0.49321845173835754,0.49321845173835754,decreases_risk
W0000108,5,observations_per_tx,1.4444444443909463,0.4040979743003845,0.4040979743003845,increases_risk
W0000108,6,graphsage_dim_23,0.08945029,-0.36788564920425415,0.36788564920425415,decreases_risk
W0000108,7,graphsage_dim_10,0.27906746,0.309273362159729,0.309273362159729,increases_risk
W0000108,8,country_entropy,3.094561526070054,0.28978878259658813,0.28978878259658813,increases_risk
W0000108,9,deterministic_score,0.4772903225806451,-0.208543598651886,0.208543598651886,decreases_risk
W0000108,10,total_bytes_sent,11.570259974415547,-0.1734655201435089,0.1734655201435089,decreases_risk
W0000109,1,median_sent_sats,16.42059589007285,-3.6841683387756348,3.6841683387756348,decreases_risk
W0000109,2,autoencoder_reconstruction_error,0.65569526,-0.9703579545021057,0.9703579545021057,decreases_risk
W0000109,3,isolation_forest_anomaly_score,-0.0482368516941064,-0.4845762848854065,0.4845762848854065,decreases_risk
W0000109,4,graphsage_dim_23,0.27889585,-0.43420496582984924,0.43420496582984924,decreases_risk
W0000109,5,observations_per_tx,1.4999999999464286,0.38245898485183716,0.38245898485183716,increases_risk
W0000109,6,country_entropy,2.992328503668103,-0.3767794370651245,0.3767794370651245,decreases_risk
W0000109,7,graphsage_dim_10,0.19463894,0.3098336458206177,0.3098336458206177,increases_risk
W0000109,8,avg_sent_sats,17.003134857619614,0.30677738785743713,0.30677738785743713,increases_risk
W0000109,9,max_sent_sats,18.57433804494544,-0.1904771775007248,0.1904771775007248,decreases_risk
W0000109,10,graphsage_dim_8,0.17251816,-0.1700545847415924,0.1700545847415924,decreases_risk
W0000110,1,median_sent_sats,16.13451461895411,-3.606356620788574,3.606356620788574,decreases_risk
W0000110,2,autoencoder_reconstruction_error,0.56564116,-0.8677244782447815,0.8677244782447815,decreases_risk
W0000110,3,avg_sent_sats,16.780220662458547,-0.7928429841995239,0.7928429841995239,decreases_risk
W0000110,4,observations_per_tx,1.6818181817417357,-0.7480844855308533,0.7480844855308533,decreases_risk
W0000110,5,isolation_forest_anomaly_score,-0.1082699679413576,-0.462795615196228,0.462795615196228,decreases_risk
W0000110,6,country_entropy,3.3070778776503147,0.2852112650871277,0.2852112650871277,increases_risk
W0000110,7,graphsage_dim_23,-0.18029621,0.2840706706047058,0.2840706706047058,increases_risk
W0000110,8,graphsage_dim_10,0.36269617,0.28063324093818665,0.28063324093818665,increases_risk
W0000110,9,deterministic_score,0.3771290322580645,-0.22369547188282013,0.22369547188282013,decreases_risk
W0000110,10,weighted_out_degree,21.0,-0.18164946138858795,0.18164946138858795,decreases_risk
W0000111,1,median_sent_sats,15.611253499288535,-3.3622210025787354,3.3622210025787354,decreases_risk
W0000111,2,avg_sent_sats,16.3565608550904,-0.929193913936615,0.929193913936615,decreases_risk
W0000111,3,autoencoder_reconstruction_error,0.5310746,-0.7174482941627502,0.7174482941627502,decreases_risk
W0000111,4,graphsage_dim_10,-0.23802635,-0.5937420129776001,0.5937420129776001,decreases_risk
W0000111,5,isolation_forest_anomaly_score,-0.0826389562225343,-0.47432735562324524,0.47432735562324524,decreases_risk
W0000111,6,graphsage_dim_23,0.15370472,-0.3701018691062927,0.3701018691062927,decreases_risk
W0000111,7,country_entropy,2.826818746201619,-0.35524195432662964,0.35524195432662964,decreases_risk
W0000111,8,observations_per_tx,1.4999999999166669,0.35291820764541626,0.35291820764541626,increases_risk
W0000111,9,deterministic_score,0.4716774193548388,-0.18770258128643036,0.18770258128643036,decreases_risk
W0000111,10,graphsage_dim_6,-0.14286111,0.17166787385940552,0.17166787385940552,increases_risk
W0000112,1,median_sent_sats,15.795945728583234,-3.803231954574585,3.803231954574585,decreases_risk
W0000112,2,avg_sent_sats,16.538597151470107,-0.8667353987693787,0.8667353987693787,decreases_risk
W0000112,3,observations_per_tx,1.6249999998984377,-0.653037428855896,0.653037428855896,decreases_risk
W0000112,4,isolation_forest_anomaly_score,-0.0624762760749689,-0.482512891292572,0.482512891292572,decreases_risk
W0000112,5,graphsage_dim_23,0.46509308,-0.4287889301776886,0.4287889301776886,decreases_risk
W0000112,6,country_entropy,2.8469404381715986,-0.4195619523525238,0.4195619523525238,decreases_risk
W0000112,7,graphsage_dim_10,1.449922,0.28555652499198914,0.28555652499198914,increases_risk
W0000112,8,graphsage_dim_8,0.16327354,-0.1700545847415924,0.1700545847415924,decreases_risk
W0000112,9,graphsage_dim_6,0.34381002,-0.15991154313087463,0.15991154313087463,decreases_risk
W0000112,10,graphsage_dim_3,0.13048226,-0.15381942689418793,0.15381942689418793,decreases_risk
W0000113,1,median_sent_sats,16.38957371979365,-3.59657621383667,3.59657621383667,decreases_risk
W0000113,2,avg_sent_sats,16.478565784047415,-0.9727016091346741,0.9727016091346741,decreases_risk
W0000113,3,isolation_forest_anomaly_score,-0.0022342208706399,0.6936520934104919,0.6936520934104919,increases_risk
W0000113,4,observations_per_tx,1.8888888886790125,-0.6112832427024841,0.6112832427024841,decreases_risk
W0000113,5,graphsage_dim_23,-0.68941957,0.46393710374832153,0.46393710374832153,increases_risk
W0000113,6,country_entropy,2.6223587963054835,-0.41828620433807373,0.41828620433807373,decreases_risk
W0000113,7,graphsage_dim_10,0.044431016,-0.21735602617263794,0.21735602617263794,decreases_risk
W0000113,8,total_bytes_sent,10.692989821338836,0.16805845499038696,0.16805845499038696,increases_risk
W0000113,9,graphsage_dim_8,0.72614586,-0.1565435826778412,0.1565435826778412,decreases_risk
W0000113,10,graphsage_dim_6,-0.020621382,-0.13776056468486786,0.13776056468486786,decreases_risk
W0000114,1,median_sent_sats,17.43475570277114,2.3966238498687744,2.3966238498687744,increases_risk
W0000114,2,graphsage_dim_10,-0.275969,-0.7150431871414185,0.7150431871414185,decreases_risk
W0000114,3,graphsage_dim_23,-1.2303696,0.6574997305870056,0.6574997305870056,increases_risk
W0000114,4,country_entropy,3.273508664600234,0.49362844228744507,0.49362844228744507,increases_risk
W0000114,5,observations_per_tx,1.5833333332673611,-0.4933977425098419,0.4933977425098419,decreases_risk
W0000114,6,avg_sent_sats,17.841124553580205,0.42770493030548096,0.42770493030548096,increases_risk
W0000114,7,isolation_forest_anomaly_score,-0.0773593062172233,-0.36130934953689575,0.36130934953689575,decreases_risk
W0000114,8,deterministic_score,0.4580967741935483,-0.3575679063796997,0.3575679063796997,decreases_risk
W0000114,9,autoencoder_reconstruction_error,0.97982335,0.2677808105945587,0.2677808105945587,increases_risk
W0000114,10,graphsage_dim_6,-0.33595383,0.20211219787597656,0.20211219787597656,increases_risk
W0000115,1,median_sent_sats,16.158044368283015,-3.4042203426361084,3.4042203426361084,decreases_risk
W0000115,2,avg_sent_sats,16.551714801350414,-0.9284879565238953,0.9284879565238953,decreases_risk
W0000115,3,autoencoder_reconstruction_error,0.48877737,-0.7489644289016724,0.7489644289016724,decreases_risk
W0000115,4,graphsage_dim_10,-0.3378848,-0.6775846481323242,0.6775846481323242,decreases_risk
W0000115,5,isolation_forest_anomaly_score,-0.0907279153676232,-0.5045132040977478,0.5045132040977478,decreases_risk
W0000115,6,country_entropy,2.871258696099276,-0.36489734053611755,0.36489734053611755,decreases_risk
W0000115,7,observations_per_tx,1.3333333332777777,0.3114805817604065,0.3114805817604065,increases_risk
W0000115,8,deterministic_score,0.4225483870967742,-0.22020994126796722,0.22020994126796722,decreases_risk
W0000115,9,graphsage_dim_23,-0.06942079,0.18870247900485992,0.18870247900485992,increases_risk
W0000115,10,total_bytes_sent,11.487843526602411,-0.16681082546710968,0.16681082546710968,decreases_risk
W0000116,1,autoencoder_reconstruction_error,0.60531753,-1.2295715808868408,1.2295715808868408,decreases_risk
W0000116,2,observations_per_tx,1.6249999998984377,-1.0083595514297485,1.0083595514297485,decreases_risk
W0000116,3,graphsage_dim_23,0.45028672,-0.6603095531463623,0.6603095531463623,decreases_risk
W0000116,4,isolation_forest_anomaly_score,-0.0734463977993343,-0.5758680105209351,0.5758680105209351,decreases_risk
W0000116,5,country_entropy,2.799082019600643,-0.5426848530769348,0.5426848530769348,decreases_risk
W0000116,6,deterministic_score,0.4323548387096774,-0.5312288403511047,0.5312288403511047,decreases_risk
W0000116,7,median_sent_sats,16.490260061324676,-0.36743420362472534,0.36743420362472534,decreases_risk
W0000116,8,graphsage_dim_10,0.03134378,-0.3413006067276001,0.3413006067276001,decreases_risk
W0000116,9,avg_outputs_per_tx,1.5116279069767442,-0.2696957290172577,0.2696957290172577,decreases_risk
W0000116,10,max_sent_sats,18.69074717046993,-0.17940670251846313,0.17940670251846313,decreases_risk
W0000117,1,median_sent_sats,16.325454435752683,-2.8827438354492188,2.8827438354492188,decreases_risk
W0000117,2,avg_sent_sats,16.59473787040087,-0.7777461409568787,0.7777461409568787,decreases_risk
W0000117,3,autoencoder_reconstruction_error,0.6667787,-0.7581658363342285,0.7581658363342285,decreases_risk
W0000117,4,observations_per_tx,1.6538461537825444,-0.6426818370819092,0.6426818370819092,decreases_risk
W0000117,5,graphsage_dim_10,-0.02085748,-0.5264244675636292,0.5264244675636292,decreases_risk
W0000117,6,isolation_forest_anomaly_score,-0.0991075176003592,-0.49764567613601685,0.49764567613601685,decreases_risk
W0000117,7,graphsage_dim_23,0.4372856,-0.39778169989585876,0.39778169989585876,decreases_risk
W0000117,8,country_entropy,2.8941417335634227,-0.3626270294189453,0.3626270294189453,decreases_risk
W0000117,9,deterministic_score,0.4664838709677421,-0.18841060996055603,0.18841060996055603,decreases_risk
W0000117,10,graphsage_dim_6,-0.07566373,0.1677989661693573,0.1677989661693573,increases_risk
W0000118,1,median_sent_sats,15.949285147421492,-2.979919910430908,2.979919910430908,decreases_risk
W0000118,2,avg_sent_sats,16.015184433319686,-0.7872032523155212,0.7872032523155212,decreases_risk
W0000118,3,autoencoder_reconstruction_error,0.4504389,-0.6747788190841675,0.6747788190841675,decreases_risk
W0000118,4,observations_per_tx,1.5999999998933334,-0.6266108155250549,0.6266108155250549,decreases_risk
W0000118,5,graphsage_dim_10,-0.48983815,-0.5731641054153442,0.5731641054153442,decreases_risk
W0000118,6,isolation_forest_anomaly_score,-0.1069194021055748,-0.49904298782348633,0.49904298782348633,decreases_risk
W0000118,7,graphsage_dim_23,0.03649573,-0.3723815977573395,0.3723815977573395,decreases_risk
W0000118,8,country_entropy,2.927694271103767,-0.33784982562065125,0.33784982562065125,decreases_risk
W0000118,9,deterministic_score,0.4095483870967741,-0.21894030272960663,0.21894030272960663,decreases_risk
W0000118,10,graphsage_dim_6,0.13258713,-0.15964417159557343,0.15964417159557343,decreases_risk
W0000119,1,autoencoder_reconstruction_error,0.42363825,-1.429020881652832,1.429020881652832,decreases_risk
W0000119,2,observations_per_tx,1.5999999998933334,-0.8969402313232422,0.8969402313232422,decreases_risk
W0000119,3,median_sent_sats,16.65572440007841,0.7713207602500916,0.7713207602500916,increases_risk
W0000119,4,avg_sent_sats,16.818984936106656,-0.7600860595703125,0.7600860595703125,decreases_risk
W0000119,5,graphsage_dim_23,0.14696926,-0.6179420351982117,0.6179420351982117,decreases_risk
W0000119,6,isolation_forest_anomaly_score,-0.1027596894600835,-0.5816037654876709,0.5816037654876709,decreases_risk
W0000119,7,country_entropy,2.953634114808694,-0.5635498762130737,0.5635498762130737,decreases_risk
W0000119,8,deterministic_score,0.4073870967741935,-0.4256567358970642,0.4256567358970642,decreases_risk
W0000119,9,graphsage_dim_10,0.542343,0.312486469745636,0.312486469745636,increases_risk
W0000119,10,graphsage_dim_3,-0.058519676,-0.2419068068265915,0.2419068068265915,decreases_risk
W0000120,1,median_sent_sats,16.013972480584098,-3.6597025394439697,3.6597025394439697,decreases_risk
W0000120,2,avg_sent_sats,16.524829568280282,-0.9775603413581848,0.9775603413581848,decreases_risk
W0000120,3,graphsage_dim_10,-0.03626059,-0.6109827756881714,0.6109827756881714,decreases_risk
W0000120,4,isolation_forest_anomaly_score,-0.0892862212252421,-0.48486098647117615,0.48486098647117615,decreases_risk
W0000120,5,graphsage_dim_23,0.391613,-0.387347549200058,0.387347549200058,decreases_risk
W0000120,6,country_entropy,3.004720439354874,-0.36108192801475525,0.36108192801475525,decreases_risk
W0000120,7,observations_per_tx,1.370370370319616,0.3572314381599426,0.3572314381599426,increases_risk
W0000120,8,deterministic_score,0.4322580645161289,-0.20347949862480164,0.20347949862480164,decreases_risk
W0000120,9,graphsage_dim_6,-0.45043153,0.1824408918619156,0.1824408918619156,increases_risk
W0000120,10,total_bytes_sent,11.532943755283975,-0.1760988086462021,0.1760988086462021,decreases_risk
W0000121,1,median_sent_sats,15.766682695585848,-3.6206953525543213,3.6206953525543213,decreases_risk
W0000121,2,autoencoder_reconstruction_error,0.60670644,-0.8414597511291504,0.8414597511291504,decreases_risk
W0000121,3,avg_sent_sats,16.70860969195209,-0.7940643429756165,0.7940643429756165,decreases_risk
W0000121,4,isolation_forest_anomaly_score,-0.0763316885636453,-0.42780885100364685,0.42780885100364685,decreases_risk
W0000121,5,graphsage_dim_23,0.07954672,-0.37075576186180115,0.37075576186180115,decreases_risk
W0000121,6,observations_per_tx,1.4799999999408,0.34190720319747925,0.34190720319747925,increases_risk
W0000121,7,graphsage_dim_10,0.26307473,0.3148534893989563,0.3148534893989563,increases_risk
W0000121,8,country_entropy,3.097837831404651,0.28333622217178345,0.28333622217178345,increases_risk
W0000121,9,deterministic_score,0.4484516129032256,-0.22088292241096497,0.22088292241096497,decreases_risk
W0000121,10,graphsage_dim_8,0.14722711,-0.18109923601150513,0.18109923601150513,decreases_risk
W0000122,1,median_sent_sats,15.805520022395037,-3.3484437465667725,3.3484437465667725,decreases_risk
W0000122,2,avg_sent_sats,15.922571201936409,-0.8730056881904602,0.8730056881904602,decreases_risk
W0000122,3,graphsage_dim_10,-0.7280171,-0.6280312538146973,0.6280312538146973,decreases_risk
W0000122,4,isolation_forest_anomaly_score,-0.0939710368849834,-0.52811199426651,0.52811199426651,decreases_risk
W0000122,5,observations_per_tx,1.590909090836777,-0.49280744791030884,0.49280744791030884,decreases_risk
W0000122,6,country_entropy,2.7507799524845664,-0.35092562437057495,0.35092562437057495,decreases_risk
W0000122,7,deterministic_score,0.3829354838709679,-0.21654196083545685,0.21654196083545685,decreases_risk
W0000122,8,avg_outputs_per_tx,1.4883720930232558,-0.18637236952781677,0.18637236952781677,decreases_risk
W0000122,9,weighted_out_degree,26.0,-0.1695309728384018,0.1695309728384018,decreases_risk
W0000122,10,graphsage_dim_6,0.42717943,-0.16749826073646545,0.16749826073646545,decreases_risk
W0000123,1,median_sent_sats,16.16683657582028,-3.2843120098114014,3.2843120098114014,decreases_risk
W0000123,2,autoencoder_reconstruction_error,0.57640284,-0.8110618591308594,0.8110618591308594,decreases_risk
W0000123,3,avg_sent_sats,16.492265385567663,-0.7877585887908936,0.7877585887908936,decreases_risk
W0000123,4,observations_per_tx,1.807692307622781,-0.7385854721069336,0.7385854721069336,decreases_risk
W0000123,5,isolation_forest_anomaly_score,-0.0955605619786357,-0.5055713653564453,0.5055713653564453,decreases_risk
W0000123,6,graphsage_dim_23,0.05913759,-0.38138630986213684,0.38138630986213684,decreases_risk
W0000123,7,graphsage_dim_10,0.22920933,0.2663082480430603,0.2663082480430603,increases_risk
W0000123,8,deterministic_score,0.4011612903225805,-0.21531929075717926,0.21531929075717926,decreases_risk
W0000123,9,country_entropy,3.0852558724018584,0.1948697715997696,0.1948697715997696,increases_risk
W0000123,10,total_bytes_sent,11.661905657981547,-0.1734655201435089,0.1734655201435089,decreases_risk
W0000124,1,median_sent_sats,15.716678090466525,-4.029649257659912,4.029649257659912,decreases_risk
W0000124,2,avg_sent_sats,16.093180114616047,-0.9860447645187378,0.9860447645187378,decreases_risk
W0000124,3,country_entropy,2.675104514549948,-0.5095731616020203,0.5095731616020203,decreases_risk
W0000124,4,graphsage_dim_23,-0.6041572,0.4649016261100769,0.4649016261100769,increases_risk
W0000124,5,observations_per_tx,1.3846153845088758,0.38146620988845825,0.38146620988845825,increases_risk
W0000124,6,graphsage_dim_10,0.19421668,0.30885520577430725,0.30885520577430725,increases_risk
W0000124,7,isolation_forest_anomaly_score,-0.0208322880531783,-0.27027028799057007,0.27027028799057007,decreases_risk
W0000124,8,graphsage_dim_6,0.38100466,-0.17124658823013306,0.17124658823013306,decreases_risk
W0000124,9,total_bytes_sent,10.84991944132227,0.16474267840385437,0.16474267840385437,increases_risk
W0000124,10,graphsage_dim_3,0.7776964,-0.1579311192035675,0.1579311192035675,decreases_risk
W0000125,1,median_sent_sats,16.943869530656016,1.9344456195831299,1.9344456195831299,increases_risk
W0000125,2,autoencoder_reconstruction_error,0.67078984,-1.6257529258728027,1.6257529258728027,decreases_risk
W0000125,3,observations_per_tx,1.826086956442344,-1.3339046239852905,1.3339046239852905,decreases_risk
W0000125,4,graphsage_dim_23,0.0769714,-0.6473658084869385,0.6473658084869385,decreases_risk
W0000125,5,isolation_forest_anomaly_score,-0.0668996749077245,-0.5391865372657776,0.5391865372657776,decreases_risk
W0000125,6,avg_outputs_per_tx,1.631578947368421,-0.3983299136161804,0.3983299136161804,decreases_risk
W0000125,7,country_entropy,3.4510758554561867,0.3704022765159607,0.3704022765159607,increases_risk
W0000125,8,avg_sent_sats,17.314532196748043,0.28270968794822693,0.28270968794822693,increases_risk
W0000125,9,graphsage_dim_10,0.08939174,0.21013371646404266,0.21013371646404266,increases_risk
W0000125,10,weighted_out_degree,28.0,-0.17399902641773224,0.17399902641773224,decreases_risk
W0000126,1,median_sent_sats,15.621267766786156,-3.7660114765167236,3.7660114765167236,decreases_risk
W0000126,2,avg_sent_sats,16.74752748893656,-0.8808689117431641,0.8808689117431641,decreases_risk
W0000126,3,graphsage_dim_10,-0.20417562,-0.7167550325393677,0.7167550325393677,decreases_risk
W0000126,4,country_entropy,2.60824728589356,-0.4634798467159271,0.4634798467159271,decreases_risk
W0000126,5,graphsage_dim_23,-0.8365446,0.4443012475967407,0.4443012475967407,increases_risk
W0000126,6,isolation_forest_anomaly_score,-0.0381744539347802,-0.4018830955028534,0.4018830955028534,decreases_risk
W0000126,7,observations_per_tx,1.285714285622449,0.3235943913459778,0.3235943913459778,increases_risk
W0000126,8,weighted_out_degree,21.0,-0.1721685230731964,0.1721685230731964,decreases_risk
W0000126,9,graphsage_dim_6,-0.012191735,-0.15896709263324738,0.15896709263324738,decreases_risk
W0000126,10,graphsage_dim_3,0.3768474,-0.15291491150856018,0.15291491150856018,decreases_risk
W0000127,1,median_sent_sats,16.13376120293572,-3.657637119293213,3.657637119293213,decreases_risk
W0000127,2,avg_sent_sats,16.60233394150132,-0.9121137857437134,0.9121137857437134,decreases_risk
W0000127,3,observations_per_tx,1.84615384608284,-0.7510316371917725,0.7510316371917725,decreases_risk
W0000127,4,isolation_forest_anomaly_score,-0.0616037834697604,-0.475695937871933,0.475695937871933,decreases_risk
W0000127,5,country_entropy,2.951400001014626,-0.39167916774749756,0.39167916774749756,decreases_risk
W0000127,6,graphsage_dim_10,0.48922157,0.300113320350647,0.300113320350647,increases_risk
W0000127,7,deterministic_score,0.4128064516129032,-0.23209691047668457,0.23209691047668457,decreases_risk
W0000127,8,graphsage_dim_6,-0.5793314,0.17827200889587402,0.17827200889587402,increases_risk
W0000127,9,weighted_out_degree,23.0,-0.17010661959648132,0.17010661959648132,decreases_risk
W0000127,10,graphsage_dim_8,0.047080237,-0.1700545847415924,0.1700545847415924,decreases_risk
W0000128,1,median_sent_sats,15.907309370600414,-3.6444709300994873,3.6444709300994873,decreases_risk
W0000128,2,avg_sent_sats,16.339942871489647,-0.9281741976737976,0.9281741976737976,decreases_risk
W0000128,3,autoencoder_reconstruction_error,0.51224524,-0.7742534875869751,0.7742534875869751,decreases_risk
W0000128,4,graphsage_dim_10,-0.21724163,-0.6281216144561768,0.6281216144561768,decreases_risk
W0000128,5,isolation_forest_anomaly_score,-0.0965836582711656,-0.44068005681037903,0.44068005681037903,decreases_risk
W0000128,6,observations_per_tx,1.499999999925,0.36324548721313477,0.36324548721313477,increases_risk
W0000128,7,graphsage_dim_23,0.017813616,-0.3585648536682129,0.3585648536682129,decreases_risk
W0000128,8,country_entropy,3.4345095532567536,0.2873939275741577,0.2873939275741577,increases_risk
W0000128,9,deterministic_score,0.4155806451612903,-0.22263291478157043,0.22263291478157043,decreases_risk
W0000128,10,graphsage_dim_6,-0.4186647,0.17826786637306213,0.17826786637306213,increases_risk
W0000129,1,median_sent_sats,17.011637497978825,1.9545977115631104,1.9545977115631104,increases_risk
W0000129,2,autoencoder_reconstruction_error,0.5350307,-1.4906970262527466,1.4906970262527466,decreases_risk
W0000129,3,observations_per_tx,1.699999999915,-0.975684642791748,0.975684642791748,decreases_risk
W0000129,4,graphsage_dim_10,-0.294754,-0.873967170715332,0.873967170715332,decreases_risk
W0000129,5,isolation_forest_anomaly_score,-0.0544634301957125,-0.5174874663352966,0.5174874663352966,decreases_risk
W0000129,6,graphsage_dim_23,-0.35788894,0.4230231046676636,0.4230231046676636,increases_risk
W0000129,7,country_entropy,3.2857457540097106,0.36919480562210083,0.36919480562210083,increases_risk
W0000129,8,avg_outputs_per_tx,1.6428571428571428,-0.3185732960700989,0.3185732960700989,decreases_risk
W0000129,9,avg_sent_sats,17.62067486447985,0.3119060695171356,0.3119060695171356,increases_risk
W0000129,10,burstiness,1.2228072279234623,-0.21798986196517944,0.21798986196517944,decreases_risk
W0000130,1,median_sent_sats,15.663603179301177,-3.2196578979492188,3.2196578979492188,decreases_risk
W0000130,2,avg_sent_sats,15.993707525782252,-0.8118162155151367,0.8118162155151367,decreases_risk
W0000130,3,autoencoder_reconstruction_error,0.4817042,-0.7631961107254028,0.7631961107254028,decreases_risk
W0000130,4,graphsage_dim_10,-0.19043954,-0.5359906554222107,0.5359906554222107,decreases_risk
W0000130,5,observations_per_tx,1.5714285713537417,-0.5160218477249146,0.5160218477249146,decreases_risk
W0000130,6,isolation_forest_anomaly_score,-0.0894281160899532,-0.5136935114860535,0.5136935114860535,decreases_risk
W0000130,7,country_entropy,2.9387314435628245,-0.33199137449264526,0.33199137449264526,decreases_risk
W0000130,8,deterministic_score,0.4236774193548386,-0.22426997125148773,0.22426997125148773,decreases_risk
W0000130,9,graphsage_dim_23,-0.053601384,0.1865251362323761,0.1865251362323761,increases_risk
W0000130,10,graphsage_dim_8,0.111936614,-0.1778896450996399,0.1778896450996399,decreases_risk
W0000131,1,avg_sent_sats,16.617258101757898,-1.1545357704162598,1.1545357704162598,decreases_risk
W0000131,2,graphsage_dim_10,-0.32587233,-1.1293655633926392,1.1293655633926392,decreases_risk
W0000131,3,median_sent_sats,16.683761074321186,1.0387194156646729,1.0387194156646729,increases_risk
W0000131,4,graphsage_dim_23,0.25623226,-0.5703163743019104,0.5703163743019104,decreases_risk
W0000131,5,country_entropy,2.786967448142028,-0.5490474104881287,0.5490474104881287,decreases_risk
W0000131,6,isolation_forest_anomaly_score,-0.0339052912379598,-0.4276309907436371,0.4276309907436371,decreases_risk
W0000131,7,observations_per_tx,1.26315789467036,0.3792750835418701,0.3792750835418701,increases_risk
W0000131,8,graphsage_dim_3,-0.058595113,-0.3760972023010254,0.3760972023010254,decreases_risk
W0000131,9,avg_outputs_per_tx,1.6122448979591837,-0.2528841197490692,0.2528841197490692,decreases_risk
W0000131,10,asn_entropy,3.125814583693911,-0.19501805305480957,0.19501805305480957,decreases_risk
W0000132,1,median_sent_sats,16.29430167091865,-3.270095109939575,3.270095109939575,decreases_risk
W0000132,2,avg_sent_sats,16.36770416635492,-0.9131854772567749,0.9131854772567749,decreases_risk
W0000132,3,autoencoder_reconstruction_error,0.5708725,-0.8180339336395264,0.8180339336395264,decreases_risk
W0000132,4,isolation_forest_anomaly_score,-0.1001100979591864,-0.48697295784950256,0.48697295784950256,decreases_risk
W0000132,5,graphsage_dim_23,0.14423294,-0.3883892595767975,0.3883892595767975,decreases_risk
W0000132,6,country_entropy,2.667545041560089,-0.37394458055496216,0.37394458055496216,decreases_risk
W0000132,7,observations_per_tx,1.4210526315041552,0.359529972076416,0.359529972076416,increases_risk
W0000132,8,graphsage_dim_10,0.3086809,0.30345630645751953,0.30345630645751953,increases_risk
W0000132,9,deterministic_score,0.4601935483870968,-0.19089876115322113,0.19089876115322113,decreases_risk
W0000132,10,graphsage_dim_8,0.094350375,-0.17326420545578003,0.17326420545578003,decreases_risk
W0000133,1,median_sent_sats,16.136744181168034,-3.8555994033813477,3.8555994033813477,decreases_risk
W0000133,2,country_entropy,2.8417711812166147,-0.530491828918457,0.530491828918457,decreases_risk
W0000133,3,graphsage_dim_23,0.054292805,-0.4100181758403778,0.4100181758403778,decreases_risk
W0000133,4,isolation_forest_anomaly_score,-0.0348042838509479,-0.3738831579685211,0.3738831579685211,decreases_risk
W0000133,5,avg_sent_sats,17.287512351505043,0.37177908420562744,0.37177908420562744,increases_risk
W0000133,6,observations_per_tx,1.3846153845088758,0.35408270359039307,0.35408270359039307,increases_risk
W0000133,7,graphsage_dim_10,0.3114892,0.32016733288764954,0.32016733288764954,increases_risk
W0000133,8,max_sent_sats,18.573503628363607,-0.20143434405326843,0.20143434405326843,decreases_risk
W0000133,9,asn_entropy,2.897326736772171,-0.19605419039726257,0.19605419039726257,decreases_risk
W0000133,10,graphsage_dim_3,0.2260559,-0.1800410896539688,0.1800410896539688,decreases_risk
W0000134,1,median_sent_sats,16.306510481000178,-3.9994583129882812,3.9994583129882812,decreases_risk
W0000134,2,avg_sent_sats,16.689484341705107,-0.9772917032241821,0.9772917032241821,decreases_risk
W0000134,3,observations_per_tx,1.590909090836777,-0.5350090265274048,0.5350090265274048,decreases_risk
W0000134,4,isolation_forest_anomaly_score,-0.0746285142881555,-0.4762124717235565,0.4762124717235565,decreases_risk
W0000134,5,graphsage_dim_23,0.3763688,-0.42140403389930725,0.42140403389930725,decreases_risk
W0000134,6,graphsage_dim_10,0.99004257,0.29483023285865784,0.29483023285865784,increases_risk
W0000134,7,total_bytes_sent,11.37109688857732,-0.1747126281261444,0.1747126281261444,decreases_risk
W0000134,8,autoencoder_reconstruction_error,1.0106207,0.1710810363292694,0.1710810363292694,increases_risk
W0000134,9,graphsage_dim_6,0.40216148,-0.16211655735969543,0.16211655735969543,decreases_risk
W0000134,10,weighted_out_degree,24.0,-0.15212181210517883,0.15212181210517883,decreases_risk
W0000135,1,median_sent_sats,16.06433890370822,-3.218944549560547,3.218944549560547,decreases_risk
W0000135,2,avg_sent_sats,16.277011281364302,-0.7888290286064148,0.7888290286064148,decreases_risk
W0000135,3,autoencoder_reconstruction_error,0.68502325,-0.7339909672737122,0.7339909672737122,decreases_risk
W0000135,4,observations_per_tx,1.7142857142040815,-0.6490828990936279,0.6490828990936279,decreases_risk
W0000135,5,isolation_forest_anomaly_score,-0.0788661658659893,-0.4525850713253021,0.4525850713253021,decreases_risk
W0000135,6,graphsage_dim_23,0.09278401,-0.39721229672431946,0.39721229672431946,decreases_risk
W0000135,7,country_entropy,2.969358397004671,-0.3531152307987213,0.3531152307987213,decreases_risk
W0000135,8,graphsage_dim_10,0.25585002,0.267055869102478,0.267055869102478,increases_risk
W0000135,9,deterministic_score,0.4405161290322581,-0.22825312614440918,0.22825312614440918,decreases_risk
W0000135,10,graphsage_dim_8,0.39872473,-0.1700545847415924,0.1700545847415924,decreases_risk
W0000136,1,median_sent_sats,16.036740140269206,-3.1946535110473633,3.1946535110473633,decreases_risk
W0000136,2,autoencoder_reconstruction_error,0.4916423,-0.8019518852233887,0.8019518852233887,decreases_risk
W0000136,3,graphsage_dim_10,-0.058391243,-0.5969898700714111,0.5969898700714111,decreases_risk
W0000136,4,isolation_forest_anomaly_score,-0.0941091206771379,-0.48636481165885925,0.48636481165885925,decreases_risk
W0000136,5,graphsage_dim_23,0.31402618,-0.43569043278694153,0.43569043278694153,decreases_risk
W0000136,6,country_entropy,2.9148722184639064,-0.42313238978385925,0.42313238978385925,decreases_risk
W0000136,7,observations_per_tx,1.3499999999325,0.37731099128723145,0.37731099128723145,increases_risk
W0000136,8,avg_sent_sats,16.998554746617653,0.28988733887672424,0.28988733887672424,increases_risk
W0000136,9,deterministic_score,0.4121290322580645,-0.2426566332578659,0.2426566332578659,decreases_risk
W0000136,10,max_sent_sats,19.13687635202455,-0.20230700075626373,0.20230700075626373,decreases_risk
W0000137,1,median_sent_sats,16.262514299246238,-3.1822452545166016,3.1822452545166016,decreases_risk
W0000137,2,avg_sent_sats,16.45163564633043,-0.9134394526481628,0.9134394526481628,decreases_risk
W0000137,3,autoencoder_reconstruction_error,0.45542285,-0.7423202395439148,0.7423202395439148,decreases_risk
W0000137,4,graphsage_dim_10,-0.02238017,-0.5917283296585083,0.5917283296585083,decreases_risk
W0000137,5,isolation_forest_anomaly_score,-0.1010429402166989,-0.4868512451648712,0.4868512451648712,decreases_risk
W0000137,6,country_entropy,2.710806477562909,-0.3886953890323639,0.3886953890323639,decreases_risk
W0000137,7,graphsage_dim_23,0.08228919,-0.3583449423313141,0.3583449423313141,decreases_risk
W0000137,8,observations_per_tx,1.3499999999325,0.334689736366272,0.334689736366272,increases_risk
W0000137,9,deterministic_score,0.4368387096774194,-0.20920182764530182,0.20920182764530182,decreases_risk
W0000137,10,graphsage_dim_3,-0.08889137,-0.1676572859287262,0.1676572859287262,decreases_risk
W0000138,1,median_sent_sats,16.099999906109122,-3.3186886310577393,3.3186886310577393,decreases_risk
W0000138,2,avg_sent_sats,16.644323590577127,-0.8151499629020691,0.8151499629020691,decreases_risk
W0000138,3,autoencoder_reconstruction_error,0.5018301,-0.790499210357666,0.790499210357666,decreases_risk
W0000138,4,observations_per_tx,1.599999999936,-0.6003127694129944,0.6003127694129944,decreases_risk
W0000138,5,isolation_forest_anomaly_score,-0.0742600046363973,-0.4758281409740448,0.4758281409740448,decreases_risk
W0000138,6,country_entropy,3.012189999036047,-0.35254374146461487,0.35254374146461487,decreases_risk
W0000138,7,graphsage_dim_23,-0.19866821,0.32327455282211304,0.32327455282211304,increases_risk
W0000138,8,graphsage_dim_10,0.14654978,0.26093780994415283,0.26093780994415283,increases_risk
W0000138,9,deterministic_score,0.4721935483870968,-0.22867494821548462,0.22867494821548462,decreases_risk
W0000138,10,total_bytes_sent,11.561648960250674,-0.1734655201435089,0.1734655201435089,decreases_risk
W0000139,1,median_sent_sats,16.284640744569053,-3.459923267364502,3.459923267364502,decreases_risk
W0000139,2,avg_sent_sats,16.413881389259288,-0.9142841100692749,0.9142841100692749,decreases_risk
W0000139,3,autoencoder_reconstruction_error,0.54609245,-0.7743659019470215,0.7743659019470215,decreases_risk
W0000139,4,graphsage_dim_10,-0.005090438,-0.5432676076889038,0.5432676076889038,decreases_risk
W0000139,5,isolation_forest_anomaly_score,-0.10022245981025,-0.493070513010025,0.493070513010025,decreases_risk
W0000139,6,country_entropy,2.910169399978499,-0.347930371761322,0.347930371761322,decreases_risk
W0000139,7,observations_per_tx,1.4090909090268595,0.3393787145614624,0.3393787145614624,increases_risk
W0000139,8,deterministic_score,0.3606129032258064,-0.22662031650543213,0.22662031650543213,decreases_risk
W0000139,9,graphsage_dim_23,-0.086488105,0.19487838447093964,0.19487838447093964,increases_risk
W0000139,10,graphsage_dim_8,0.11285746,-0.17326420545578003,0.17326420545578003,decreases_risk
W0000140,1,median_sent_sats,15.889816560306931,-3.7420945167541504,3.7420945167541504,decreases_risk
W0000140,2,avg_sent_sats,16.23765538427534,-0.9432744979858398,0.9432744979858398,decreases_risk
W0000140,3,graphsage_dim_10,-0.31426674,-0.7319628000259399,0.7319628000259399,decreases_risk
W0000140,4,isolation_forest_anomaly_score,0.0480994566040671,0.6232579946517944,0.6232579946517944,increases_risk
W0000140,5,graphsage_dim_23,-1.0556906,0.46249836683273315,0.46249836683273315,increases_risk
W0000140,6,country_entropy,2.3627402784989338,-0.4542691111564636,0.4542691111564636,decreases_risk
W0000140,7,observations_per_tx,1.124999999859375,0.31605154275894165,0.31605154275894165,increases_risk
W0000140,8,graphsage_dim_6,-0.66919243,0.17631413042545319,0.17631413042545319,increases_risk
W0000140,9,graphsage_dim_3,0.016560525,-0.1693868190050125,0.1693868190050125,decreases_risk
W0000140,10,total_bytes_sent,10.135432259803409,0.16805845499038696,0.16805845499038696,increases_risk
W0000141,1,median_sent_sats,16.266139119678417,-3.959829092025757,3.959829092025757,decreases_risk
W0000141,2,avg_sent_sats,16.405216648645784,-0.9730462431907654,0.9730462431907654,decreases_risk
W0000141,3,graphsage_dim_10,-0.5728676,-0.634140133857727,0.634140133857727,decreases_risk
W0000141,4,observations_per_tx,1.7857142856505102,-0.5800297260284424,0.5800297260284424,decreases_risk
W0000141,5,graphsage_dim_23,-0.71304184,0.47045570611953735,0.47045570611953735,increases_risk
W0000141,6,isolation_forest_anomaly_score,-0.0272497759825645,-0.3397677540779114,0.3397677540779114,decreases_risk
W0000141,7,country_entropy,3.5011191885631825,0.30249112844467163,0.30249112844467163,increases_risk
W0000141,8,weighted_out_degree,23.0,-0.19445089995861053,0.19445089995861053,decreases_risk
W0000141,9,total_bytes_sent,11.843573631716666,-0.1771523654460907,0.1771523654460907,decreases_risk
W0000141,10,graphsage_dim_6,-0.57375956,0.1758342981338501,0.1758342981338501,increases_risk
W0000142,1,median_sent_sats,15.5013784446175,-3.1101481914520264,3.1101481914520264,decreases_risk
W0000142,2,avg_sent_sats,16.26024663847695,-0.793919563293457,0.793919563293457,decreases_risk
W0000142,3,autoencoder_reconstruction_error,0.6076391,-0.7541795372962952,0.7541795372962952,decreases_risk
W0000142,4,observations_per_tx,1.89473684200554,-0.7046800255775452,0.7046800255775452,decreases_risk
W0000142,5,isolation_forest_anomaly_score,-0.0854696458054005,-0.523890495300293,0.523890495300293,decreases_risk
W0000142,6,country_entropy,2.792838382771735,-0.37233805656433105,0.37233805656433105,decreases_risk
W0000142,7,graphsage_dim_10,0.16490589,0.2750593423843384,0.2750593423843384,increases_risk
W0000142,8,deterministic_score,0.4519999999999999,-0.2233494520187378,0.2233494520187378,decreases_risk
W0000142,9,graphsage_dim_23,-0.040092584,0.1893731653690338,0.1893731653690338,increases_risk
W0000142,10,graphsage_dim_8,-0.051621675,-0.1700545847415924,0.1700545847415924,decreases_risk
W0000143,1,median_sent_sats,15.874868071508429,-3.551335573196411,3.551335573196411,decreases_risk
W0000143,2,avg_sent_sats,16.288633702959647,-0.9582375884056091,0.9582375884056091,decreases_risk
W0000143,3,autoencoder_reconstruction_error,0.75935477,-0.5141828656196594,0.5141828656196594,decreases_risk
W0000143,4,isolation_forest_anomaly_score,-0.0811640115258345,-0.4509402811527252,0.4509402811527252,decreases_risk
W0000143,5,graphsage_dim_23,0.43800056,-0.3960300385951996,0.3960300385951996,decreases_risk
W0000143,6,country_entropy,2.969786130993361,-0.3907659947872162,0.3907659947872162,decreases_risk
W0000143,7,observations_per_tx,1.499999999925,0.3574061393737793,0.3574061393737793,increases_risk
W0000143,8,graphsage_dim_10,0.15007043,0.30257976055145264,0.30257976055145264,increases_risk
W0000143,9,deterministic_score,0.4232580645161292,-0.21234603226184845,0.21234603226184845,decreases_risk
W0000143,10,graphsage_dim_3,0.15779126,-0.18873119354248047,0.18873119354248047,decreases_risk
W0000144,1,median_sent_sats,16.247236695091548,-4.189171314239502,4.189171314239502,decreases_risk
W0000144,2,avg_sent_sats,16.278631688073762,-1.0198307037353516,1.0198307037353516,decreases_risk
W0000144,3,isolation_forest_anomaly_score,-0.0515716001248021,-0.44657281041145325,0.44657281041145325,decreases_risk
W0000144,4,graphsage_dim_23,-0.2114741,0.34263455867767334,0.34263455867767334,increases_risk
W0000144,5,observations_per_tx,1.3999999999533332,0.34091365337371826,0.34091365337371826,increases_risk
W0000144,6,country_entropy,2.9880486735492258,-0.33169034123420715,0.33169034123420715,decreases_risk
W0000144,7,graphsage_dim_10,0.07119991,0.24899886548519135,0.24899886548519135,increases_risk
W0000144,8,weighted_out_degree,20.0,-0.1721685230731964,0.1721685230731964,decreases_risk
W0000144,9,graphsage_dim_6,0.2631295,-0.17023275792598724,0.17023275792598724,decreases_risk
W0000144,10,total_bytes_sent,11.650319388409049,-0.16479678452014923,0.16479678452014923,decreases_risk
W0000145,1,median_sent_sats,16.429917036617134,-3.4301486015319824,3.4301486015319824,decreases_risk
W0000145,2,avg_sent_sats,16.60789205667317,-0.9114019274711609,0.9114019274711609,decreases_risk
W0000145,3,graphsage_dim_10,-0.102195814,-0.6103036403656006,0.6103036403656006,decreases_risk
W0000145,4,autoencoder_reconstruction_error,0.748795,-0.5667135119438171,0.5667135119438171,decreases_risk
W0000145,5,isolation_forest_anomaly_score,-0.0771170568470691,-0.4158984124660492,0.4158984124660492,decreases_risk
W0000145,6,country_entropy,2.824946973800295,-0.40844249725341797,0.40844249725341797,decreases_risk
W0000145,7,graphsage_dim_23,0.87872493,-0.38234004378318787,0.38234004378318787,decreases_risk
W0000145,8,observations_per_tx,1.4347826086332702,0.320595383644104,0.320595383644104,increases_risk
W0000145,9,deterministic_score,0.4630322580645161,-0.2046354115009308,0.2046354115009308,decreases_risk
W0000145,10,graphsage_dim_3,0.12259039,-0.18047702312469482,0.18047702312469482,decreases_risk
W0000146,1,median_sent_sats,15.92951679805605,-3.780480146408081,3.780480146408081,decreases_risk
W0000146,2,avg_sent_sats,16.58316723486141,-0.9285923838615417,0.9285923838615417,decreases_risk
W0000146,3,observations_per_tx,1.629629629569273,-0.7033933997154236,0.7033933997154236,decreases_risk
W0000146,4,isolation_forest_anomaly_score,-0.0499654177370001,-0.4852907061576843,0.4852907061576843,decreases_risk
W0000146,5,graphsage_dim_23,0.20872198,-0.4436856806278229,0.4436856806278229,decreases_risk
W0000146,6,country_entropy,2.988205164502335,-0.41365694999694824,0.41365694999694824,decreases_risk
W0000146,7,graphsage_dim_10,1.2019176,0.28658726811408997,0.28658726811408997,increases_risk
W0000146,8,graphsage_dim_8,0.89706707,-0.1700545847415924,0.1700545847415924,decreases_risk
W0000146,9,graphsage_dim_6,0.6257983,-0.16802774369716644,0.16802774369716644,decreases_risk
W0000146,10,total_bytes_sent,11.717619872615908,-0.16479678452014923,0.16479678452014923,decreases_risk
W0000147,1,median_sent_sats,16.29368098694241,-3.475595474243164,3.475595474243164,decreases_risk
W0000147,2,avg_sent_sats,16.56766573260372,-0.9132925868034363,0.9132925868034363,decreases_risk
W0000147,3,observations_per_tx,1.8461538460118343,-0.6422918438911438,0.6422918438911438,decreases_risk
W0000147,4,graphsage_dim_10,-0.17663184,-0.6161668300628662,0.6161668300628662,decreases_risk
W0000147,5,isolation_forest_anomaly_score,-0.0687255668123951,-0.46988368034362793,0.46988368034362793,decreases_risk
W0000147,6,graphsage_dim_23,0.2860817,-0.4069061577320099,0.4069061577320099,decreases_risk
W0000147,7,country_entropy,2.7755605789184146,-0.3740258812904358,0.3740258812904358,decreases_risk
W0000147,8,graphsage_dim_6,0.30762637,-0.17203858494758606,0.17203858494758606,decreases_risk
W0000147,9,graphsage_dim_3,0.016956866,-0.17115166783332825,0.17115166783332825,decreases_risk
W0000147,10,weighted_out_degree,19.0,-0.16492323577404022,0.16492323577404022,decreases_risk
W0000148,1,median_sent_sats,16.048340882158453,-3.632534980773926,3.632534980773926,decreases_risk
W0000148,2,avg_sent_sats,16.42945234176852,-0.8538732528686523,0.8538732528686523,decreases_risk
W0000148,3,autoencoder_reconstruction_error,0.52766067,-0.7773069143295288,0.7773069143295288,decreases_risk
W0000148,4,isolation_forest_anomaly_score,-0.099442639033761,-0.4953255355358124,0.4953255355358124,decreases_risk
W0000148,5,graphsage_dim_23,0.24606472,-0.37351277470588684,0.37351277470588684,decreases_risk
W0000148,6,country_entropy,2.9441559156605988,-0.35226672887802124,0.35226672887802124,decreases_risk
W0000148,7,graphsage_dim_10,0.31145203,0.30712682008743286,0.30712682008743286,increases_risk
W0000148,8,deterministic_score,0.3882903225806451,-0.20233266055583954,0.20233266055583954,decreases_risk
W0000148,9,observations_per_tx,1.5416666666024306,0.18147337436676025,0.18147337436676025,increases_risk
W0000148,10,graphsage_dim_6,0.43553182,-0.16613489389419556,0.16613489389419556,decreases_risk
W0000149,1,median_sent_sats,15.839140587148693,-3.2645628452301025,3.2645628452301025,decreases_risk
W0000149,2,autoencoder_reconstruction_error,0.63409173,-0.8544936776161194,0.8544936776161194,decreases_risk
W0000149,3,avg_sent_sats,16.300395309785245,-0.825835108757019,0.825835108757019,decreases_risk
W0000149,4,observations_per_tx,1.5789473683379502,-0.5675747990608215,0.5675747990608215,decreases_risk
W0000149,5,isolation_forest_anomaly_score,-0.0914837799302891,-0.4959014058113098,0.4959014058113098,decreases_risk
W0000149,6,graphsage_dim_23,0.040577035,-0.3826805651187897,0.3826805651187897,decreases_risk
W0000149,7,graphsage_dim_10,0.17019317,0.27514412999153137,0.27514412999153137,increases_risk
W0000149,8,country_entropy,3.040863839434868,-0.24927248060703278,0.24927248060703278,decreases_risk
W0000149,9,deterministic_score,0.403774193548387,-0.2011801302433014,0.2011801302433014,decreases_risk
W0000149,10,graphsage_dim_6,-0.34994555,0.18142268061637878,0.18142268061637878,increases_risk
W0000150,1,median_sent_sats,17.12160951406726,2.587064743041992,2.587064743041992,increases_risk
W0000150,2,isolation_forest_anomaly_score,0.0130033374432356,0.7531502842903137,0.7531502842903137,increases_risk
W0000150,3,observations_per_tx,1.49999999990625,0.6229916214942932,0.6229916214942932,increases_risk
W0000150,4,avg_sent_sats,17.200699964889225,0.45423299074172974,0.45423299074172974,increases_risk
W0000150,5,graphsage_dim_23,1.060424,-0.4427230656147003,0.4427230656147003,decreases_risk
W0000150,6,graphsage_dim_10,1.0952615,0.41856056451797485,0.41856056451797485,increases_risk
W0000150,7,country_entropy,3.696039781962855,0.2875322103500366,0.2875322103500366,increases_risk
W0000150,8,autoencoder_reconstruction_error,2.3128965,0.2700403034687042,0.2700403034687042,increases_risk
W0000150,9,graphsage_dim_3,-0.84404254,0.19080567359924316,0.19080567359924316,increases_risk
W0000150,10,graphsage_dim_8,-0.5646325,0.1636125147342682,0.1636125147342682,increases_risk
W0000151,1,median_sent_sats,16.148218711451957,-3.648852586746216,3.648852586746216,decreases_risk
W0000151,2,avg_sent_sats,16.43850257033188,-0.8300203680992126,0.8300203680992126,decreases_risk
W0000151,3,observations_per_tx,1.8095238094376416,-0.7101468443870544,0.7101468443870544,decreases_risk
W0000151,4,isolation_forest_anomaly_score,-0.0570391864904263,-0.48425331711769104,0.48425331711769104,decreases_risk
W0000151,5,graphsage_dim_23,0.45471317,-0.4275093972682953,0.4275093972682953,decreases_risk
W0000151,6,country_entropy,2.896885642417332,-0.38865479826927185,0.38865479826927185,decreases_risk
W0000151,7,graphsage_dim_10,0.7095259,0.27890312671661377,0.27890312671661377,increases_risk
W0000151,8,graphsage_dim_8,0.057892025,-0.1700545847415924,0.1700545847415924,decreases_risk
W0000151,9,total_bytes_sent,11.515063178431776,-0.16479678452014923,0.16479678452014923,decreases_risk
W0000151,10,graphsage_dim_6,0.104387194,-0.15991400182247162,0.15991400182247162,decreases_risk
W0000152,1,median_sent_sats,15.534419187593173,-3.4468395709991455,3.4468395709991455,decreases_risk
W0000152,2,avg_sent_sats,16.379365689448502,-0.8526872396469116,0.8526872396469116,decreases_risk
W0000152,3,observations_per_tx,1.59999999992,-0.6881594061851501,0.6881594061851501,decreases_risk
W0000152,4,graphsage_dim_10,-0.96647805,-0.5917937755584717,0.5917937755584717,decreases_risk
W0000152,5,isolation_forest_anomaly_score,-0.0489792232434819,-0.49377983808517456,0.49377983808517456,decreases_risk
W0000152,6,graphsage_dim_23,0.18071783,-0.419434517621994,0.419434517621994,decreases_risk
W0000152,7,country_entropy,2.824400013921845,-0.4181135594844818,0.4181135594844818,decreases_risk
W0000152,8,avg_outputs_per_tx,1.3714285714285714,-0.19351911544799805,0.19351911544799805,decreases_risk
W0000152,9,graphsage_dim_6,-0.30854523,0.1772024780511856,0.1772024780511856,increases_risk
W0000152,10,total_bytes_sent,11.47107168834584,-0.1760988086462021,0.1760988086462021,decreases_risk
W0000153,1,median_sent_sats,15.93065823042038,-3.454343318939209,3.454343318939209,decreases_risk
W0000153,2,avg_sent_sats,16.758708966082978,-0.832841157913208,0.832841157913208,decreases_risk
W0000153,3,autoencoder_reconstruction_error,0.48680663,-0.8257245421409607,0.8257245421409607,decreases_risk
W0000153,4,isolation_forest_anomaly_score,-0.0857631251074335,-0.46398812532424927,0.46398812532424927,decreases_risk
W0000153,5,country_entropy,2.740815768358743,-0.4188852310180664,0.4188852310180664,decreases_risk
W0000153,6,graphsage_dim_23,-0.29833186,0.34627896547317505,0.34627896547317505,increases_risk
W0000153,7,graphsage_dim_10,0.0745779,0.23588326573371887,0.23588326573371887,increases_risk
W0000153,8,deterministic_score,0.4580967741935485,-0.22728434205055237,0.22728434205055237,decreases_risk
W0000153,9,graphsage_dim_8,0.04741463,-0.1641640067100525,0.1641640067100525,decreases_risk
W0000153,10,total_bytes_sent,11.409718184991233,-0.16354967653751373,0.16354967653751373,decreases_risk
W0000154,1,median_sent_sats,17.4462236256987,2.1200172901153564,2.1200172901153564,increases_risk
W0000154,2,graphsage_dim_10,-0.036112748,-0.91806960105896,0.91806960105896,decreases_risk
W0000154,3,country_entropy,2.8860276044371,-0.6689257025718689,0.6689257025718689,decreases_risk
W0000154,4,graphsage_dim_23,-0.3657939,0.41756778955459595,0.41756778955459595,increases_risk
W0000154,5,isolation_forest_anomaly_score,-0.0277458785953774,-0.4080455005168915,0.4080455005168915,decreases_risk
W0000154,6,observations_per_tx,1.411764705799308,0.39642369747161865,0.39642369747161865,increases_risk
W0000154,7,avg_sent_sats,17.683543078810473,0.37920519709587097,0.37920519709587097,increases_risk
W0000154,8,asn_entropy,3.068421094065505,-0.36944812536239624,0.36944812536239624,decreases_risk
W0000154,9,graphsage_dim_3,0.047822088,-0.2976103127002716,0.2976103127002716,decreases_risk
W0000154,10,max_sent_sats,19.034369571487,-0.2338292896747589,0.2338292896747589,decreases_risk
W0000155,1,median_sent_sats,16.025740859687904,-3.459167242050171,3.459167242050171,decreases_risk
W0000155,2,autoencoder_reconstruction_error,0.46343708,-0.897305965423584,0.897305965423584,decreases_risk
W0000155,3,avg_sent_sats,16.84538007314416,-0.633595883846283,0.633595883846283,decreases_risk
W0000155,4,observations_per_tx,1.611111111021605,-0.6063570380210876,0.6063570380210876,decreases_risk
W0000155,5,graphsage_dim_10,0.006757647,-0.5153130888938904,0.5153130888938904,decreases_risk
W0000155,6,isolation_forest_anomaly_score,-0.0911807958122524,-0.48318248987197876,0.48318248987197876,decreases_risk
W0000155,7,graphsage_dim_23,-0.36107495,0.3484129309654236,0.3484129309654236,increases_risk
W0000155,8,country_entropy,3.1920106254507017,0.3113507032394409,0.3113507032394409,increases_risk
W0000155,9,deterministic_score,0.4168387096774194,-0.23925922811031342,0.23925922811031342,decreases_risk
W0000155,10,weighted_out_degree,22.0,-0.18164946138858795,0.18164946138858795,decreases_risk
W0000156,1,median_sent_sats,15.860658359003423,-3.6359667778015137,3.6359667778015137,decreases_risk
W0000156,2,avg_sent_sats,16.099706515811263,-0.9410511255264282,0.9410511255264282,decreases_risk
W0000156,3,graphsage_dim_10,-0.056167293,-0.635816216468811,0.635816216468811,decreases_risk
W0000156,4,country_entropy,2.6626994640132176,-0.4739692509174347,0.4739692509174347,decreases_risk
W0000156,5,graphsage_dim_23,0.29075062,-0.42556580901145935,0.42556580901145935,decreases_risk
W0000156,6,observations_per_tx,1.4615384614260354,0.33268189430236816,0.33268189430236816,increases_risk
W0000156,7,isolation_forest_anomaly_score,-0.0202479864419783,-0.2854654788970947,0.2854654788970947,decreases_risk
W0000156,8,avg_outputs_per_tx,1.4722222222222223,-0.17715516686439514,0.17715516686439514,decreases_risk
W0000156,9,graphsage_dim_8,0.34002507,-0.17326420545578003,0.17326420545578003,decreases_risk
W0000156,10,graphsage_dim_6,0.122922495,-0.16440054774284363,0.16440054774284363,decreases_risk
W0000157,1,median_sent_sats,16.08973316134938,-3.5867977142333984,3.5867977142333984,decreases_risk
W0000157,2,avg_sent_sats,16.47855249117023,-0.9262527823448181,0.9262527823448181,decreases_risk
W0000157,3,graphsage_dim_10,-0.5366288,-0.6577198505401611,0.6577198505401611,decreases_risk
W0000157,4,isolation_forest_anomaly_score,-0.0520725802073867,-0.4513542652130127,0.4513542652130127,decreases_risk
W0000157,5,autoencoder_reconstruction_error,0.7512989,-0.4076680541038513,0.4076680541038513,decreases_risk
W0000157,6,graphsage_dim_23,0.22634676,-0.40043625235557556,0.40043625235557556,decreases_risk
W0000157,7,observations_per_tx,1.4285714284693878,0.383323609828949,0.383323609828949,increases_risk
W0000157,8,country_entropy,3.010964047443681,-0.37246280908584595,0.37246280908584595,decreases_risk
W0000157,9,graphsage_dim_8,0.15693219,-0.1624341607093811,0.1624341607093811,decreases_risk
W0000157,10,graphsage_dim_6,-0.001965437,-0.15978245437145233,0.15978245437145233,decreases_risk
W0000158,1,median_sent_sats,16.041251323010943,-3.8692915439605713,3.8692915439605713,decreases_risk
W0000158,2,avg_sent_sats,16.450682237821177,-0.9876578450202942,0.9876578450202942,decreases_risk
W0000158,3,graphsage_dim_10,-0.39532405,-0.7103613615036011,0.7103613615036011,decreases_risk
W0000158,4,isolation_forest_anomaly_score,-0.0937593055521014,-0.4501641094684601,0.4501641094684601,decreases_risk
W0000158,5,observations_per_tx,1.39999999993,0.3737572431564331,0.3737572431564331,increases_risk
W0000158,6,graphsage_dim_23,0.49845892,-0.3674570918083191,0.3674570918083191,decreases_risk
W0000158,7,country_entropy,3.424924514070798,0.2914097309112549,0.2914097309112549,increases_risk
W0000158,8,graphsage_dim_6,-0.48094273,0.18069499731063843,0.18069499731063843,increases_risk
W0000158,9,total_bytes_sent,11.353812493313155,-0.1771523654460907,0.1771523654460907,decreases_risk
W0000158,10,weighted_out_degree,22.0,-0.17440417408943176,0.17440417408943176,decreases_risk
W0000159,1,median_sent_sats,16.257267680238524,-3.200814723968506,3.200814723968506,decreases_risk
W0000159,2,avg_sent_sats,16.60010022493249,-0.832046627998352,0.832046627998352,decreases_risk
W0000159,3,autoencoder_reconstruction_error,0.2943184,-0.7463196516036987,0.7463196516036987,decreases_risk
W0000159,4,observations_per_tx,1.7499999999125,-0.6044782996177673,0.6044782996177673,decreases_risk
W0000159,5,isolation_forest_anomaly_score,-0.1054700857406,-0.5127483010292053,0.5127483010292053,decreases_risk
W0000159,6,country_entropy,2.8696239739018266,-0.359258234500885,0.359258234500885,decreases_risk
W0000159,7,graphsage_dim_10,0.02918417,-0.28316736221313477,0.28316736221313477,decreases_risk
W0000159,8,deterministic_score,0.4421290322580645,-0.21893854439258575,0.21893854439258575,decreases_risk
W0000159,9,graphsage_dim_23,-0.040112525,0.1882365345954895,0.1882365345954895,increases_risk
W0000159,10,total_bytes_sent,11.57018442931036,-0.16681082546710968,0.16681082546710968,decreases_risk
W0000160,1,median_sent_sats,16.377574063048893,-3.6997532844543457,3.6997532844543457,decreases_risk
W0000160,2,graphsage_dim_10,-0.4080802,-0.7565925121307373,0.7565925121307373,decreases_risk
W0000160,3,country_entropy,2.835484445975532,-0.4477831721305847,0.4477831721305847,decreases_risk
W0000160,4,graphsage_dim_23,0.24082562,-0.4383656084537506,0.4383656084537506,decreases_risk
W0000160,5,observations_per_tx,1.4374999999101563,0.3763192296028137,0.3763192296028137,increases_risk
W0000160,6,isolation_forest_anomaly_score,-0.0235561704993912,-0.3476330637931824,0.3476330637931824,decreases_risk
W0000160,7,avg_sent_sats,16.949432553094525,0.30846107006073,0.30846107006073,increases_risk
W0000160,8,max_sent_sats,18.72902370029275,-0.2134578377008438,0.2134578377008438,decreases_risk
W0000160,9,avg_outputs_per_tx,1.6046511627906976,-0.200831800699234,0.200831800699234,decreases_risk
W0000160,10,weighted_out_degree,46.0,-0.1645181030035019,0.1645181030035019,decreases_risk
W0000161,1,median_sent_sats,15.45839485183313,-3.3884265422821045,3.3884265422821045,decreases_risk
W0000161,2,autoencoder_reconstruction_error,0.40922192,-0.8193513751029968,0.8193513751029968,decreases_risk
W0000161,3,observations_per_tx,1.6499999999175,-0.6966679096221924,0.6966679096221924,decreases_risk
W0000161,4,avg_sent_sats,16.791191501385054,-0.6778864860534668,0.6778864860534668,decreases_risk
W0000161,5,isolation_forest_anomaly_score,-0.0966106856417713,-0.5186125040054321,0.5186125040054321,decreases_risk
W0000161,6,country_entropy,2.9483439842106334,-0.35790306329727173,0.35790306329727173,decreases_risk
W0000161,7,graphsage_dim_23,-0.21631324,0.3204801082611084,0.3204801082611084,increases_risk
W0000161,8,graphsage_dim_10,0.16797897,0.27179154753685,0.27179154753685,increases_risk
W0000161,9,deterministic_score,0.4173225806451613,-0.21644793450832367,0.21644793450832367,decreases_risk
W0000161,10,graphsage_dim_8,0.2916431,-0.1641640067100525,0.1641640067100525,decreases_risk
W0000162,1,median_sent_sats,15.996805372108517,-3.6134486198425293,3.6134486198425293,decreases_risk
W0000162,2,avg_sent_sats,16.724512360525395,-0.9387673735618591,0.9387673735618591,decreases_risk
W0000162,3,autoencoder_reconstruction_error,0.45240483,-0.8106988072395325,0.8106988072395325,decreases_risk
W0000162,4,isolation_forest_anomaly_score,-0.0946952965719578,-0.4780953824520111,0.4780953824520111,decreases_risk
W0000162,5,country_entropy,2.7409832265499268,-0.38751083612442017,0.38751083612442017,decreases_risk
W0000162,6,observations_per_tx,1.3684210525595568,0.3749852180480957,0.3749852180480957,increases_risk
W0000162,7,graphsage_dim_23,-0.43455222,0.32830822467803955,0.32830822467803955,increases_risk
W0000162,8,graphsage_dim_10,0.35367075,0.31287118792533875,0.31287118792533875,increases_risk
W0000162,9,deterministic_score,0.4016129032258063,-0.22352761030197144,0.22352761030197144,decreases_risk
W0000162,10,graphsage_dim_6,0.10941132,-0.1683231145143509,0.1683231145143509,decreases_risk
W0000163,1,median_sent_sats,16.111031357489964,-3.432523250579834,3.432523250579834,decreases_risk
W0000163,2,autoencoder_reconstruction_error,0.59011334,-0.8353720307350159,0.8353720307350159,decreases_risk
W0000163,3,country_entropy,2.864529786298088,-0.4619620144367218,0.4619620144367218,decreases_risk
W0000163,4,isolation_forest_anomaly_score,-0.0753838225011486,-0.4570046067237854,0.4570046067237854,decreases_risk
W0000163,5,observations_per_tx,1.3888888888117283,0.44166243076324463,0.44166243076324463,increases_risk
W0000163,6,graphsage_dim_23,0.037262805,-0.39318618178367615,0.39318618178367615,decreases_risk
W0000163,7,avg_sent_sats,17.18830135840015,0.3162457346916199,0.3162457346916199,increases_risk
W0000163,8,graphsage_dim_10,0.2913123,0.29375290870666504,0.29375290870666504,increases_risk
W0000163,9,avg_outputs_per_tx,1.4838709677419355,-0.21419325470924377,0.21419325470924377,decreases_risk
W0000163,10,max_sent_sats,18.779614681442787,-0.19932126998901367,0.19932126998901367,decreases_risk
W0000164,1,median_sent_sats,15.996879485098686,-3.396981954574585,3.396981954574585,decreases_risk
W0000164,2,avg_sent_sats,16.426220928863316,-0.9091131687164307,0.9091131687164307,decreases_risk
W0000164,3,autoencoder_reconstruction_error,0.4080234,-0.7739088535308838,0.7739088535308838,decreases_risk
W0000164,4,graphsage_dim_10,-0.087678134,-0.6301192045211792,0.6301192045211792,decreases_risk
W0000164,5,isolation_forest_anomaly_score,-0.1010384310427128,-0.4966036081314087,0.4966036081314087,decreases_risk
W0000164,6,country_entropy,2.788754913993504,-0.36724478006362915,0.36724478006362915,decreases_risk
W0000164,7,observations_per_tx,1.4347826086332702,0.32373297214508057,0.32373297214508057,increases_risk
W0000164,8,graphsage_dim_23,-0.26495188,0.3109700679779053,0.3109700679779053,increases_risk
W0000164,9,deterministic_score,0.373483870967742,-0.23418349027633667,0.23418349027633667,decreases_risk
W0000164,10,graphsage_dim_6,0.13243128,-0.1673702448606491,0.1673702448606491,decreases_risk
W0000165,1,median_sent_sats,16.202598734809236,-3.2043638229370117,3.2043638229370117,decreases_risk
W0000165,2,autoencoder_reconstruction_error,0.409265,-0.7685185670852661,0.7685185670852661,decreases_risk
W0000165,3,graphsage_dim_10,-0.060558178,-0.6274337768554688,0.6274337768554688,decreases_risk
W0000165,4,avg_sent_sats,16.845062664021693,-0.5869854092597961,0.5869854092597961,decreases_risk
W0000165,5,isolation_forest_anomaly_score,-0.0996940418207864,-0.530250608921051,0.530250608921051,decreases_risk
W0000165,6,country_entropy,2.769417619834896,-0.3969583511352539,0.3969583511352539,decreases_risk
W0000165,7,deterministic_score,0.4068064516129033,-0.2388313114643097,0.2388313114643097,decreases_risk
W0000165,8,graphsage_dim_23,-0.0312026,0.19768013060092926,0.19768013060092926,increases_risk
W0000165,9,graphsage_dim_8,-0.04408376,-0.1700545847415924,0.1700545847415924,decreases_risk
W0000165,10,graphsage_dim_6,0.11127774,-0.1673702448606491,0.1673702448606491,decreases_risk
W0000166,1,median_sent_sats,16.66619726158417,1.6173232793807983,1.6173232793807983,increases_risk
W0000166,2,avg_sent_sats,16.803317905834053,-0.7793678045272827,0.7793678045272827,decreases_risk
W0000166,3,isolation_forest_anomaly_score,0.0100924498401244,0.7353746891021729,0.7353746891021729,increases_risk
W0000166,4,observations_per_tx,1.3333333332592592,0.5578922033309937,0.5578922033309937,increases_risk
W0000166,5,graphsage_dim_23,0.64535475,-0.45375654101371765,0.45375654101371765,decreases_risk
W0000166,6,country_entropy,3.549071367119249,0.38810235261917114,0.38810235261917114,increases_risk
W0000166,7,graphsage_dim_10,0.73024213,0.378423810005188,0.378423810005188,increases_risk
W0000166,8,autoencoder_reconstruction_error,2.2541757,0.23899544775485992,0.23899544775485992,increases_risk
W0000166,9,graphsage_dim_6,-0.14096633,0.1765090525150299,0.1765090525150299,increases_risk
W0000166,10,graphsage_dim_8,-0.67550546,0.17012375593185425,0.17012375593185425,increases_risk
W0000167,1,median_sent_sats,16.13893861926502,-3.4600391387939453,3.4600391387939453,decreases_risk
W0000167,2,autoencoder_reconstruction_error,0.555234,-0.9028953313827515,0.9028953313827515,decreases_risk
W0000167,3,isolation_forest_anomaly_score,-0.0923710832798842,-0.5500675439834595,0.5500675439834595,decreases_risk
W0000167,4,observations_per_tx,1.299999999935,0.43685346841812134,0.43685346841812134,increases_risk
W0000167,5,graphsage_dim_23,0.3490796,-0.4115391671657562,0.4115391671657562,decreases_risk
W0000167,6,country_entropy,2.898108801295028,-0.40391427278518677,0.40391427278518677,decreases_risk
W0000167,7,avg_sent_sats,16.92172183107329,0.28022435307502747,0.28022435307502747,increases_risk
W0000167,8,graphsage_dim_10,0.082975715,0.2158917784690857,0.2158917784690857,increases_risk
W0000167,9,deterministic_score,0.4662903225806452,-0.1973901093006134,0.1973901093006134,decreases_risk
W0000167,10,graphsage_dim_8,-0.06070116,-0.1700545847415924,0.1700545847415924,decreases_risk
W0000168,1,median_sent_sats,16.23937169007994,-3.24442195892334,3.24442195892334,decreases_risk
W0000168,2,avg_sent_sats,16.73010375603924,-0.82530277967453,0.82530277967453,decreases_risk
W0000168,3,autoencoder_reconstruction_error,0.58783245,-0.7305108904838562,0.7305108904838562,decreases_risk
W0000168,4,graphsage_dim_10,-0.42329082,-0.6174662113189697,0.6174662113189697,decreases_risk
W0000168,5,isolation_forest_anomaly_score,-0.098743486235925,-0.49695292115211487,0.49695292115211487,decreases_risk
W0000168,6,observations_per_tx,1.5499999999225,-0.48657524585723877,0.48657524585723877,decreases_risk
W0000168,7,graphsage_dim_23,-0.30467555,0.2999112010002136,0.2999112010002136,increases_risk
W0000168,8,country_entropy,3.025485251967631,-0.2776884138584137,0.2776884138584137,decreases_risk
W0000168,9,deterministic_score,0.3404516129032258,-0.21102625131607056,0.21102625131607056,decreases_risk
W0000168,10,weighted_out_degree,24.0,-0.1721685230731964,0.1721685230731964,decreases_risk
W0000169,1,median_sent_sats,16.928529677426205,2.17048978805542,2.17048978805542,increases_risk
W0000169,2,observations_per_tx,1.74999999978125,-1.21926748752594,1.21926748752594,decreases_risk
W0000169,3,isolation_forest_anomaly_score,0.0352816893518116,0.771034300327301,0.771034300327301,increases_risk
W0000169,4,graphsage_dim_23,0.42133012,-0.5429482460021973,0.5429482460021973,decreases_risk
W0000169,5,graphsage_dim_10,0.1795404,0.3481735587120056,0.3481735587120056,increases_risk
W0000169,6,avg_sent_sats,16.953983241460516,0.3442949056625366,0.3442949056625366,increases_risk
W0000169,7,country_entropy,3.324862957617356,0.32757192850112915,0.32757192850112915,increases_risk
W0000169,8,autoencoder_reconstruction_error,2.165286,0.2302512228488922,0.2302512228488922,increases_risk
W0000169,9,graphsage_dim_6,0.72095895,-0.16579504311084747,0.16579504311084747,decreases_risk
W0000169,10,graphsage_dim_3,-0.4766348,0.15924042463302612,0.15924042463302612,increases_risk
W0000170,1,median_sent_sats,15.844500293211505,-3.5462632179260254,3.5462632179260254,decreases_risk
W0000170,2,avg_sent_sats,16.413901400050072,-0.8006911873817444,0.8006911873817444,decreases_risk
W0000170,3,autoencoder_reconstruction_error,0.44738,-0.7718384265899658,0.7718384265899658,decreases_risk
W0000170,4,observations_per_tx,1.6666666665277778,-0.6495341658592224,0.6495341658592224,decreases_risk
W0000170,5,graphsage_dim_10,-0.45577216,-0.5952658653259277,0.5952658653259277,decreases_risk
W0000170,6,isolation_forest_anomaly_score,-0.0771045635952365,-0.39023029804229736,0.39023029804229736,decreases_risk
W0000170,7,country_entropy,3.264334031792409,0.3201351761817932,0.3201351761817932,increases_risk
W0000170,8,graphsage_dim_23,-0.082748234,0.19450099766254425,0.19450099766254425,increases_risk
W0000170,9,total_bytes_sent,10.869101639741372,0.17571774125099182,0.17571774125099182,increases_risk
W0000170,10,graphsage_dim_6,-0.40332997,0.17397603392601013,0.17397603392601013,increases_risk
W0000171,1,median_sent_sats,16.74610871971845,1.407354712486267,1.407354712486267,increases_risk
W0000171,2,observations_per_tx,1.5999999998933334,-1.1216957569122314,1.1216957569122314,decreases_risk
W0000171,3,graphsage_dim_10,-0.6994499,-0.8540912866592407,0.8540912866592407,decreases_risk
W0000171,4,graphsage_dim_23,1.2052095,-0.6936690807342529,0.6936690807342529,decreases_risk
W0000171,5,country_entropy,2.8015004226233424,-0.5178651213645935,0.5178651213645935,decreases_risk
W0000171,6,isolation_forest_anomaly_score,-0.0389532307223686,-0.48635169863700867,0.48635169863700867,decreases_risk
W0000171,7,asn_entropy,2.985087760732172,-0.23198619484901428,0.23198619484901428,decreases_risk
W0000171,8,graphsage_dim_6,-0.31593558,0.1924838423728943,0.1924838423728943,increases_risk
W0000171,9,total_bytes_sent,11.212846872181895,-0.1760988086462021,0.1760988086462021,decreases_risk
W0000171,10,outgoing_tx_count,9.0,-0.17554210126399994,0.17554210126399994,decreases_risk
W0000172,1,median_sent_sats,15.777351633258442,-4.37870979309082,4.37870979309082,decreases_risk
W0000172,2,avg_sent_sats,16.28053308984416,-0.9903324842453003,0.9903324842453003,decreases_risk
W0000172,3,graphsage_dim_23,0.40542912,-0.4256855547428131,0.4256855547428131,decreases_risk
W0000172,4,isolation_forest_anomaly_score,-0.0718582160598437,-0.4223299026489258,0.4223299026489258,decreases_risk
W0000172,5,observations_per_tx,1.4705882352076125,0.3916921019554138,0.3916921019554138,increases_risk
W0000172,6,graphsage_dim_10,0.24944755,0.3325679898262024,0.3325679898262024,increases_risk
W0000172,7,country_entropy,3.111272380112911,0.3194344639778137,0.3194344639778137,increases_risk
W0000172,8,graphsage_dim_6,-0.44944814,0.17646077275276184,0.17646077275276184,increases_risk
W0000172,9,total_bytes_sent,11.209804828829256,-0.1747126281261444,0.1747126281261444,decreases_risk
W0000172,10,autoencoder_reconstruction_error,0.986103,0.16714437305927277,0.16714437305927277,increases_risk
W0000173,1,median_sent_sats,15.457018582678952,-3.433116912841797,3.433116912841797,decreases_risk
W0000173,2,avg_sent_sats,15.927605048180888,-0.8121741414070129,0.8121741414070129,decreases_risk
W0000173,3,observations_per_tx,1.89473684200554,-0.7457991242408752,0.7457991242408752,decreases_risk
W0000173,4,isolation_forest_anomaly_score,-0.0604506550283824,-0.4734584391117096,0.4734584391117096,decreases_risk
W0000173,5,autoencoder_reconstruction_error,0.75146556,-0.45008933544158936,0.45008933544158936,decreases_risk
W0000173,6,graphsage_dim_23,0.12642872,-0.41034790873527527,0.41034790873527527,decreases_risk
W0000173,7,country_entropy,2.9979532992421225,-0.32070374488830566,0.32070374488830566,decreases_risk
W0000173,8,graphsage_dim_10,0.5688111,0.26179835200309753,0.26179835200309753,increases_risk
W0000173,9,deterministic_score,0.4629032258064516,-0.1934192031621933,0.1934192031621933,decreases_risk
W0000173,10,graphsage_dim_8,0.27315938,-0.17326420545578003,0.17326420545578003,decreases_risk
W0000174,1,graphsage_dim_10,-0.13304597,-1.058861255645752,1.058861255645752,decreases_risk
W0000174,2,isolation_forest_anomaly_score,0.0091152738340495,0.8210844397544861,0.8210844397544861,increases_risk
W0000174,3,graphsage_dim_23,0.59156704,-0.5786172747612,0.5786172747612,decreases_risk
W0000174,4,country_entropy,2.9616157143988104,-0.5159282088279724,0.5159282088279724,decreases_risk
W0000174,5,observations_per_tx,1.4285714285034017,0.43598830699920654,0.43598830699920654,increases_risk
W0000174,6,avg_sent_sats,17.080531918477064,0.34602484107017517,0.34602484107017517,increases_risk
W0000174,7,graphsage_dim_3,0.032624587,-0.33510181307792664,0.33510181307792664,decreases_risk
W0000174,8,median_sent_sats,16.564553491010276,-0.25323575735092163,0.25323575735092163,decreases_risk
W0000174,9,avg_outputs_per_tx,1.660377358490566,-0.2121240496635437,0.2121240496635437,decreases_risk
W0000174,10,graphsage_dim_6,0.5729585,-0.19616660475730896,0.19616660475730896,decreases_risk
W0000175,1,median_sent_sats,15.97712994935565,-3.1029345989227295,3.1029345989227295,decreases_risk
W0000175,2,avg_sent_sats,16.551949996248823,-0.8171036243438721,0.8171036243438721,decreases_risk
W0000175,3,autoencoder_reconstruction_error,0.33381832,-0.730195164680481,0.730195164680481,decreases_risk
W0000175,4,observations_per_tx,1.7333333332177778,-0.6188094019889832,0.6188094019889832,decreases_risk
W0000175,5,graphsage_dim_10,-0.25750896,-0.5940952301025391,0.5940952301025391,decreases_risk
W0000175,6,isolation_forest_anomaly_score,-0.1095398240136809,-0.5045939087867737,0.5045939087867737,decreases_risk
W0000175,7,country_entropy,2.856367841934542,-0.3695759177207947,0.3695759177207947,decreases_risk
W0000175,8,graphsage_dim_23,-0.25650203,0.30592697858810425,0.30592697858810425,increases_risk
W0000175,9,deterministic_score,0.3711612903225807,-0.213971346616745,0.213971346616745,decreases_risk
W0000175,10,avg_outputs_per_tx,1.3488372093023255,-0.16949886083602905,0.16949886083602905,decreases_risk
W0000176,1,median_sent_sats,16.14824296931067,-3.4046387672424316,3.4046387672424316,decreases_risk
W0000176,2,autoencoder_reconstruction_error,0.5337354,-0.8256078362464905,0.8256078362464905,decreases_risk
W0000176,3,avg_sent_sats,16.5571681733769,-0.7918534874916077,0.7918534874916077,decreases_risk
W0000176,4,observations_per_tx,1.5714285713163263,-0.6284098625183105,0.6284098625183105,decreases_risk
W0000176,5,isolation_forest_anomaly_score,-0.0951819461344735,-0.4762214422225952,0.4762214422225952,decreases_risk
W0000176,6,graphsage_dim_23,0.34807783,-0.4310241639614105,0.4310241639614105,decreases_risk
W0000176,7,country_entropy,3.321252418935677,0.2826928496360779,0.2826928496360779,increases_risk
W0000176,8,graphsage_dim_10,0.3222428,0.2658051550388336,0.2658051550388336,increases_risk
W0000176,9,deterministic_score,0.4583870967741936,-0.18902064859867096,0.18902064859867096,decreases_risk
W0000176,10,weighted_out_degree,20.0,-0.17440417408943176,0.17440417408943176,decreases_risk
W0000177,1,median_sent_sats,16.243979298992073,-3.398240089416504,3.398240089416504,decreases_risk
W0000177,2,graphsage_dim_10,-0.23848125,-0.6470263004302979,0.6470263004302979,decreases_risk
W0000177,3,avg_sent_sats,16.831663405101207,-0.5835695862770081,0.5835695862770081,decreases_risk
W0000177,4,isolation_forest_anomaly_score,-0.0608687272112908,-0.525810718536377,0.525810718536377,decreases_risk
W0000177,5,country_entropy,2.703384899310292,-0.4500318169593811,0.4500318169593811,decreases_risk
W0000177,6,graphsage_dim_23,0.7442915,-0.419466108083725,0.419466108083725,decreases_risk
W0000177,7,avg_outputs_per_tx,1.6388888888888888,-0.18643590807914734,0.18643590807914734,decreases_risk
W0000177,8,graphsage_dim_3,0.11512485,-0.18423213064670563,0.18423213064670563,decreases_risk
W0000177,9,graphsage_dim_8,0.19315928,-0.18109923601150513,0.18109923601150513,decreases_risk
W0000177,10,graphsage_dim_6,0.98381746,-0.16612987220287323,0.16612987220287323,decreases_risk
W0000178,1,autoencoder_reconstruction_error,0.5036782,-1.1244670152664185,1.1244670152664185,decreases_risk
W0000178,2,avg_sent_sats,16.780236326527273,-0.8830064535140991,0.8830064535140991,decreases_risk
W0000178,3,median_sent_sats,16.47891842076149,-0.8629239797592163,0.8629239797592163,decreases_risk
W0000178,4,graphsage_dim_10,-0.2561159,-0.7308279275894165,0.7308279275894165,decreases_risk
W0000178,5,isolation_forest_anomaly_score,-0.096883465757231,-0.5415830612182617,0.5415830612182617,decreases_risk
W0000178,6,country_entropy,2.807620254869815,-0.47803518176078796,0.47803518176078796,decreases_risk
W0000178,7,graphsage_dim_23,0.28400648,-0.45886901021003723,0.45886901021003723,decreases_risk
W0000178,8,observations_per_tx,1.499999999931818,0.43061214685440063,0.43061214685440063,increases_risk
W0000178,9,deterministic_score,0.3058387096774193,-0.24196362495422363,0.24196362495422363,decreases_risk
W0000178,10,asn_entropy,2.989438436687996,-0.21795672178268433,0.21795672178268433,decreases_risk
W0000179,1,median_sent_sats,15.81551298060763,-3.5078375339508057,3.5078375339508057,decreases_risk
W0000179,2,avg_sent_sats,16.654660575368087,-0.8673992156982422,0.8673992156982422,decreases_risk
W0000179,3,autoencoder_reconstruction_error,0.36904082,-0.7660424709320068,0.7660424709320068,decreases_risk
W0000179,4,observations_per_tx,1.7333333332177778,-0.6539663672447205,0.6539663672447205,decreases_risk
W0000179,5,graphsage_dim_10,-0.0011460464,-0.48284947872161865,0.48284947872161865,decreases_risk
W0000179,6,isolation_forest_anomaly_score,-0.0761971792442064,-0.3962401747703552,0.3962401747703552,decreases_risk
W0000179,7,graphsage_dim_23,-0.16920039,0.35190892219543457,0.35190892219543457,increases_risk
W0000179,8,country_entropy,3.236676010026864,0.32991522550582886,0.32991522550582886,increases_risk
W0000179,9,total_bytes_sent,11.29035674840686,-0.17672666907310486,0.17672666907310486,decreases_risk
W0000179,10,weighted_out_degree,13.0,0.17065800726413727,0.17065800726413727,increases_risk
W0000180,1,median_sent_sats,16.26917152269026,-3.347130537033081,3.347130537033081,decreases_risk
W0000180,2,autoencoder_reconstruction_error,0.6384003,-0.80266273021698,0.80266273021698,decreases_risk
W0000180,3,avg_sent_sats,16.78943072134085,-0.7813134789466858,0.7813134789466858,decreases_risk
W0000180,4,observations_per_tx,1.565217391236295,-0.5766553282737732,0.5766553282737732,decreases_risk
W0000180,5,isolation_forest_anomaly_score,-0.091387266753704,-0.5168455839157104,0.5168455839157104,decreases_risk
W0000180,6,country_entropy,2.9310960705857343,-0.34989529848098755,0.34989529848098755,decreases_risk
W0000180,7,graphsage_dim_10,0.43532854,0.2878878116607666,0.2878878116607666,increases_risk
W0000180,8,deterministic_score,0.4579677419354838,-0.21211352944374084,0.21211352944374084,decreases_risk
W0000180,9,graphsage_dim_6,-0.12974887,0.17671054601669312,0.17671054601669312,increases_risk
W0000180,10,graphsage_dim_8,0.008821629,-0.17326420545578003,0.17326420545578003,decreases_risk
W0000181,1,median_sent_sats,16.36575681418532,-3.323580026626587,3.323580026626587,decreases_risk
W0000181,2,avg_sent_sats,16.683981798150903,-0.8208551406860352,0.8208551406860352,decreases_risk
W0000181,3,autoencoder_reconstruction_error,0.4604651,-0.7742300033569336,0.7742300033569336,decreases_risk
W0000181,4,observations_per_tx,1.8571428570544213,-0.7014679908752441,0.7014679908752441,decreases_risk
W0000181,5,isolation_forest_anomaly_score,-0.0777372687842063,-0.49343258142471313,0.49343258142471313,decreases_risk
W0000181,6,country_entropy,2.8353532193365103,-0.3647656738758087,0.3647656738758087,decreases_risk
W0000181,7,graphsage_dim_23,-0.12236756,0.29386961460113525,0.29386961460113525,increases_risk
W0000181,8,deterministic_score,0.4668064516129031,-0.22300776839256287,0.22300776839256287,decreases_risk
W0000181,9,graphsage_dim_10,0.08079819,0.18661752343177795,0.18661752343177795,increases_risk
W0000181,10,weighted_out_degree,34.0,-0.17010661959648132,0.17010661959648132,decreases_risk
W0000182,1,median_sent_sats,16.668988331550803,1.5679950714111328,1.5679950714111328,increases_risk
W0000182,2,observations_per_tx,1.4615384614260354,0.5771179795265198,0.5771179795265198,increases_risk
W0000182,3,graphsage_dim_23,0.092618205,-0.5465171337127686,0.5465171337127686,decreases_risk
W0000182,4,country_entropy,3.219682834136634,0.515727698802948,0.515727698802948,increases_risk
W0000182,5,avg_sent_sats,17.23824299514044,0.46409618854522705,0.46409618854522705,increases_risk
W0000182,6,graphsage_dim_10,0.17195258,0.4290030300617218,0.4290030300617218,increases_risk
W0000182,7,isolation_forest_anomaly_score,-0.0486489328471257,-0.36647480726242065,0.36647480726242065,decreases_risk
W0000182,8,autoencoder_reconstruction_error,1.2676967,0.2567389905452728,0.2567389905452728,increases_risk
W0000182,9,graphsage_dim_6,-0.08137327,0.1957719624042511,0.1957719624042511,increases_risk
W0000182,10,asn_entropy,3.452168804034967,0.1830858290195465,0.1830858290195465,increases_risk
W0000183,1,median_sent_sats,16.138064734988046,-3.452965021133423,3.452965021133423,decreases_risk
W0000183,2,avg_sent_sats,16.617714016105797,-0.9409316778182983,0.9409316778182983,decreases_risk
W0000183,3,autoencoder_reconstruction_error,0.6120874,-0.7291980385780334,0.7291980385780334,decreases_risk
W0000183,4,graphsage_dim_10,-0.25874317,-0.6725590229034424,0.6725590229034424,decreases_risk
W0000183,5,country_entropy,2.5638218872674567,-0.4382838308811188,0.4382838308811188,decreases_risk
W0000183,6,isolation_forest_anomaly_score,-0.0566277662245065,-0.39115971326828003,0.39115971326828003,decreases_risk
W0000183,7,graphsage_dim_23,-0.33893782,0.3672555685043335,0.3672555685043335,increases_risk
W0000183,8,observations_per_tx,1.3999999999066666,0.3401355743408203,0.3401355743408203,increases_risk
W0000183,9,graphsage_dim_6,-0.43173173,0.17826786637306213,0.17826786637306213,increases_risk
W0000183,10,weighted_out_degree,16.0,0.16460709273815155,0.16460709273815155,increases_risk
W0000184,1,median_sent_sats,16.2095431073156,-3.803016185760498,3.803016185760498,decreases_risk
W0000184,2,avg_sent_sats,16.544489854056145,-0.9569589495658875,0.9569589495658875,decreases_risk
W0000184,3,autoencoder_reconstruction_error,0.5360543,-0.8060480952262878,0.8060480952262878,decreases_risk
W0000184,4,graphsage_dim_10,-0.117225595,-0.5390585064888,0.5390585064888,decreases_risk
W0000184,5,graphsage_dim_23,0.21587749,-0.4018852412700653,0.4018852412700653,decreases_risk
W0000184,6,observations_per_tx,1.285714285622449,0.3779694437980652,0.3779694437980652,increases_risk
W0000184,7,isolation_forest_anomaly_score,-0.0671386656595445,-0.3377852737903595,0.3377852737903595,decreases_risk
W0000184,8,country_entropy,3.288019280279689,0.3349419832229614,0.3349419832229614,increases_risk
W0000184,9,graphsage_dim_3,-0.9465612,0.19211062788963318,0.19211062788963318,increases_risk
W0000184,10,total_bytes_sent,10.82639633671186,0.17571774125099182,0.17571774125099182,increases_risk
W0000185,1,median_sent_sats,16.355220171455592,-3.248502254486084,3.248502254486084,decreases_risk
W0000185,2,avg_sent_sats,16.676224009409257,-0.9537128806114197,0.9537128806114197,decreases_risk
W0000185,3,autoencoder_reconstruction_error,0.33180943,-0.7848861217498779,0.7848861217498779,decreases_risk
W0000185,4,graphsage_dim_10,-0.032743715,-0.6056874990463257,0.6056874990463257,decreases_risk
W0000185,5,isolation_forest_anomaly_score,-0.1052068614813909,-0.4732157289981842,0.4732157289981842,decreases_risk
W0000185,6,country_entropy,2.961625898490169,-0.3835141360759735,0.3835141360759735,decreases_risk
W0000185,7,graphsage_dim_23,0.18132314,-0.36464059352874756,0.36464059352874756,decreases_risk
W0000185,8,observations_per_tx,1.39999999993,0.30636000633239746,0.30636000633239746,increases_risk
W0000185,9,graphsage_dim_3,0.027166009,-0.20816510915756226,0.20816510915756226,decreases_risk
W0000185,10,deterministic_score,0.3421612903225806,-0.1928354948759079,0.1928354948759079,decreases_risk
W0000186,1,median_sent_sats,16.337438227712408,-3.9241487979888916,3.9241487979888916,decreases_risk
W0000186,2,avg_sent_sats,16.83346004485529,-0.7570140361785889,0.7570140361785889,decreases_risk
W0000186,3,observations_per_tx,1.7692307690946745,-0.7484034299850464,0.7484034299850464,decreases_risk
W0000186,4,graphsage_dim_23,0.30054516,-0.49006178975105286,0.49006178975105286,decreases_risk
W0000186,5,isolation_forest_anomaly_score,-0.0383949729153376,-0.38805511593818665,0.38805511593818665,decreases_risk
W0000186,6,country_entropy,3.3205628186623493,0.35264426469802856,0.35264426469802856,increases_risk
W0000186,7,graphsage_dim_10,0.7285389,0.2753308117389679,0.2753308117389679,increases_risk
W0000186,8,graphsage_dim_6,0.31635088,-0.16632628440856934,0.16632628440856934,decreases_risk
W0000186,9,weighted_out_degree,14.0,0.16436661779880524,0.16436661779880524,increases_risk
W0000186,10,graphsage_dim_8,0.2401112,-0.1624341607093811,0.1624341607093811,decreases_risk
W0000187,1,median_sent_sats,15.752260090688376,-3.652846336364746,3.652846336364746,decreases_risk
W0000187,2,autoencoder_reconstruction_error,0.49678415,-0.8755729794502258,0.8755729794502258,decreases_risk
W0000187,3,avg_sent_sats,16.645076516559826,-0.856462299823761,0.856462299823761,decreases_risk
W0000187,4,observations_per_tx,1.565217391236295,-0.5598779916763306,0.5598779916763306,decreases_risk
W0000187,5,isolation_forest_anomaly_score,-0.0900699728581048,-0.4848206043243408,0.4848206043243408,decreases_risk
W0000187,6,graphsage_dim_23,-0.163419,0.3378395438194275,0.3378395438194275,increases_risk
W0000187,7,deterministic_score,0.445258064516129,-0.23542506992816925,0.23542506992816925,decreases_risk
W0000187,8,country_entropy,3.086321365589688,0.20399291813373566,0.20399291813373566,increases_risk
W0000187,9,graphsage_dim_10,0.09651069,0.1997125893831253,0.1997125893831253,increases_risk
W0000187,10,graphsage_dim_6,-0.04289259,0.179589182138443,0.179589182138443,increases_risk
W0000188,1,median_sent_sats,16.105664199669878,-3.9163239002227783,3.9163239002227783,decreases_risk
W0000188,2,avg_sent_sats,16.49712323507905,-0.928691565990448,0.928691565990448,decreases_risk
W0000188,3,isolation_forest_anomaly_score,-0.0789668624935108,-0.4676530361175537,0.4676530361175537,decreases_risk
W0000188,4,observations_per_tx,1.3333333332839503,0.4045878052711487,0.4045878052711487,increases_risk
W0000188,5,country_entropy,2.6991378652735847,-0.3991093039512634,0.3991093039512634,decreases_risk
W0000188,6,graphsage_dim_23,0.51706827,-0.38843443989753723,0.38843443989753723,decreases_risk
W0000188,7,graphsage_dim_10,0.7952829,0.3233965337276459,0.3233965337276459,increases_risk
W0000188,8,deterministic_score,0.3808387096774194,-0.18451626598834991,0.18451626598834991,decreases_risk
W0000188,9,graphsage_dim_6,-0.32595685,0.1727495640516281,0.1727495640516281,increases_risk
W0000188,10,graphsage_dim_8,0.16720721,-0.1700545847415924,0.1700545847415924,decreases_risk
W0000189,1,median_sent_sats,15.8890361976523,-3.211763381958008,3.211763381958008,decreases_risk
W0000189,2,avg_sent_sats,16.11807659577677,-0.8896567225456238,0.8896567225456238,decreases_risk
W0000189,3,autoencoder_reconstruction_error,0.42053676,-0.7035104632377625,0.7035104632377625,decreases_risk
W0000189,4,graphsage_dim_10,-0.011880901,-0.602397084236145,0.602397084236145,decreases_risk
W0000189,5,isolation_forest_anomaly_score,-0.0768677088150431,-0.4496235251426697,0.4496235251426697,decreases_risk
W0000189,6,graphsage_dim_23,0.20308718,-0.38427671790122986,0.38427671790122986,decreases_risk
W0000189,7,country_entropy,2.890538005957304,-0.3708524703979492,0.3708524703979492,decreases_risk
W0000189,8,observations_per_tx,1.499999999925,0.3502953052520752,0.3502953052520752,increases_risk
W0000189,9,deterministic_score,0.4412258064516129,-0.20085132122039795,0.20085132122039795,decreases_risk
W0000189,10,graphsage_dim_8,0.0022243857,-0.1700545847415924,0.1700545847415924,decreases_risk
W0000190,1,median_sent_sats,16.18627645280596,-3.167790412902832,3.167790412902832,decreases_risk
W0000190,2,avg_sent_sats,16.32484678575208,-0.7844131588935852,0.7844131588935852,decreases_risk
W0000190,3,autoencoder_reconstruction_error,0.5004265,-0.6914136409759521,0.6914136409759521,decreases_risk
W0000190,4,observations_per_tx,1.6956521738393195,-0.6026721000671387,0.6026721000671387,decreases_risk
W0000190,5,graphsage_dim_10,-0.018029325,-0.5355809926986694,0.5355809926986694,decreases_risk
W0000190,6,isolation_forest_anomaly_score,-0.0902257017521023,-0.5180495977401733,0.5180495977401733,decreases_risk
W0000190,7,country_entropy,3.013999562533166,-0.34643593430519104,0.34643593430519104,decreases_risk
W0000190,8,deterministic_score,0.4123225806451613,-0.23199032247066498,0.23199032247066498,decreases_risk
W0000190,9,graphsage_dim_23,-0.053605765,0.18340058624744415,0.18340058624744415,increases_risk
W0000190,10,total_bytes_sent,11.53194347080599,-0.17672666907310486,0.17672666907310486,decreases_risk
W0000191,1,median_sent_sats,17.388421990786277,2.2415194511413574,2.2415194511413574,increases_risk
W0000191,2,country_entropy,2.8133965877012383,-0.7690625190734863,0.7690625190734863,decreases_risk
W0000191,3,graphsage_dim_23,-0.80811024,0.5892574787139893,0.5892574787139893,increases_risk
W0000191,4,observations_per_tx,1.3636363635743802,0.4271997809410095,0.4271997809410095,increases_risk
W0000191,5,avg_sent_sats,17.860345759957447,0.3928643465042114,0.3928643465042114,increases_risk
W0000191,6,graphsage_dim_10,0.07538545,0.3390732705593109,0.3390732705593109,increases_risk
W0000191,7,asn_entropy,3.101307710205908,-0.3120683431625366,0.3120683431625366,decreases_risk
W0000191,8,graphsage_dim_3,0.57293576,-0.27934226393699646,0.27934226393699646,decreases_risk
W0000191,9,isolation_forest_anomaly_score,-0.0236496675308893,-0.2461625188589096,0.2461625188589096,decreases_risk
W0000191,10,max_sent_sats,19.455558110288653,-0.20958563685417175,0.20958563685417175,decreases_risk
W0000192,1,median_sent_sats,17.40446215720382,2.450589895248413,2.450589895248413,increases_risk
W0000192,2,isolation_forest_anomaly_score,0.0884934138272524,0.7065563797950745,0.7065563797950745,increases_risk
W0000192,3,graphsage_dim_23,-1.6805997,0.6577785611152649,0.6577785611152649,increases_risk
W0000192,4,observations_per_tx,1.5952380952001135,-0.5462418794631958,0.5462418794631958,decreases_risk
W0000192,5,avg_sent_sats,17.518774804854164,0.40099582076072693,0.40099582076072693,increases_risk
W0000192,6,country_entropy,3.708646062160197,0.3993629217147827,0.3993629217147827,increases_risk
W0000192,7,graphsage_dim_10,0.8893358,0.3699257969856262,0.3699257969856262,increases_risk
W0000192,8,autoencoder_reconstruction_error,1.5019897,0.2430175244808197,0.2430175244808197,increases_risk
W0000192,9,graphsage_dim_7,0.803753,-0.2199563980102539,0.2199563980102539,decreases_risk
W0000192,10,graphsage_dim_8,1.1955782,-0.17534253001213074,0.17534253001213074,decreases_risk
W0000193,1,median_sent_sats,16.360269217455333,-3.832343339920044,3.832343339920044,decreases_risk
W0000193,2,avg_sent_sats,16.32908542340984,-0.9218827486038208,0.9218827486038208,decreases_risk
W0000193,3,graphsage_dim_10,-0.24107549,-0.6501152515411377,0.6501152515411377,decreases_risk
W0000193,4,observations_per_tx,1.88888888881893,-0.5837615132331848,0.5837615132331848,decreases_risk
W0000193,5,isolation_forest_anomaly_score,-0.0609379483456444,-0.4816824495792389,0.4816824495792389,decreases_risk
W0000193,6,graphsage_dim_23,-0.27735648,0.32841169834136963,0.32841169834136963,increases_risk
W0000193,7,country_entropy,3.078681902454296,0.21922670304775238,0.21922670304775238,increases_risk
W0000193,8,total_bytes_sent,11.694221496092442,-0.18601463735103607,0.18601463735103607,decreases_risk
W0000193,9,weighted_out_degree,20.0,-0.1829080581665039,0.1829080581665039,decreases_risk
W0000193,10,graphsage_dim_8,0.4679649,-0.1641640067100525,0.1641640067100525,decreases_risk
W0000194,1,median_sent_sats,15.994740758799638,-3.206838369369507,3.206838369369507,decreases_risk
W0000194,2,avg_sent_sats,16.23327991475059,-0.8958485722541809,0.8958485722541809,decreases_risk
W0000194,3,autoencoder_reconstruction_error,0.45269394,-0.7259587645530701,0.7259587645530701,decreases_risk
W0000194,4,graphsage_dim_10,-0.21319841,-0.628406286239624,0.628406286239624,decreases_risk
W0000194,5,isolation_forest_anomaly_score,-0.1081153062639853,-0.49385392665863037,0.49385392665863037,decreases_risk
W0000194,6,observations_per_tx,1.4090909090268595,0.37069517374038696,0.37069517374038696,increases_risk
W0000194,7,country_entropy,2.873235826376329,-0.36580774188041687,0.36580774188041687,decreases_risk
W0000194,8,graphsage_dim_23,0.55411404,-0.3553875684738159,0.3553875684738159,decreases_risk
W0000194,9,deterministic_score,0.372741935483871,-0.1745491921901703,0.1745491921901703,decreases_risk
W0000194,10,total_bytes_sent,11.204972655676087,-0.16681082546710968,0.16681082546710968,decreases_risk
W0000195,1,median_sent_sats,16.091156375259327,-3.4747393131256104,3.4747393131256104,decreases_risk
W0000195,2,avg_sent_sats,16.481867398906324,-0.8651212453842163,0.8651212453842163,decreases_risk
W0000195,3,isolation_forest_anomaly_score,0.0231640350056772,0.6836763024330139,0.6836763024330139,increases_risk
W0000195,4,graphsage_dim_10,-0.46118414,-0.6291069984436035,0.6291069984436035,decreases_risk
W0000195,5,observations_per_tx,1.8888888886790125,-0.552594780921936,0.552594780921936,decreases_risk
W0000195,6,graphsage_dim_23,-0.62960273,0.46341341733932495,0.46341341733932495,increases_risk
W0000195,7,country_entropy,2.7274111999733024,-0.45116662979125977,0.45116662979125977,decreases_risk
W0000195,8,total_bytes_sent,10.680355284587607,0.16805845499038696,0.16805845499038696,increases_risk
W0000195,9,graphsage_dim_6,-0.1422518,0.16485829651355743,0.16485829651355743,increases_risk
W0000195,10,graphsage_dim_8,0.98891616,-0.1565435826778412,0.1565435826778412,decreases_risk
W0000196,1,autoencoder_reconstruction_error,0.66785985,-1.5986809730529785,1.5986809730529785,decreases_risk
W0000196,2,observations_per_tx,1.620689655116528,-1.0930423736572266,1.0930423736572266,decreases_risk
W0000196,3,median_sent_sats,16.712124349327055,0.9557976126670837,0.9557976126670837,increases_risk
W0000196,4,graphsage_dim_23,0.20109254,-0.6629247069358826,0.6629247069358826,decreases_risk
W0000196,5,country_entropy,2.9038654961300474,-0.616328775882721,0.616328775882721,decreases_risk
W0000196,6,isolation_forest_anomaly_score,-0.0726779343250926,-0.5160416960716248,0.5160416960716248,decreases_risk
W0000196,7,graphsage_dim_10,0.3722574,0.31968778371810913,0.31968778371810913,increases_risk
W0000196,8,avg_sent_sats,17.036540801275102,0.2986907362937927,0.2986907362937927,increases_risk
W0000196,9,graphsage_dim_8,-0.029736295,-0.19965362548828125,0.19965362548828125,decreases_risk
W0000196,10,max_sent_sats,18.6880726180145,-0.17653128504753113,0.17653128504753113,decreases_risk
W0000197,1,median_sent_sats,15.862863085364104,-3.602379322052002,3.602379322052002,decreases_risk
W0000197,2,avg_sent_sats,16.497530275536874,-0.948276698589325,0.948276698589325,decreases_risk
W0000197,3,autoencoder_reconstruction_error,0.3766104,-0.8820915222167969,0.8820915222167969,decreases_risk
W0000197,4,isolation_forest_anomaly_score,-0.1109625526236882,-0.4808145761489868,0.4808145761489868,decreases_risk
W0000197,5,observations_per_tx,1.4666666666177777,0.4049938917160034,0.4049938917160034,increases_risk
W0000197,6,graphsage_dim_23,0.24568239,-0.36526602506637573,0.36526602506637573,decreases_risk
W0000197,7,graphsage_dim_10,0.43565425,0.30568069219589233,0.30568069219589233,increases_risk
W0000197,8,country_entropy,3.025875489734011,-0.24413315951824188,0.24413315951824188,decreases_risk
W0000197,9,deterministic_score,0.3920322580645162,-0.21072570979595184,0.21072570979595184,decreases_risk
W0000197,10,total_bytes_sent,11.503228601991363,-0.1734655201435089,0.1734655201435089,decreases_risk
W0000198,1,autoencoder_reconstruction_error,0.69062465,-1.3323442935943604,1.3323442935943604,decreases_risk
W0000198,2,observations_per_tx,1.6842105262271467,-0.9931151866912842,0.9931151866912842,decreases_risk
W0000198,3,median_sent_sats,16.447219957541993,-0.866266131401062,0.866266131401062,decreases_risk
W0000198,4,avg_sent_sats,16.747144895414117,-0.8311154842376709,0.8311154842376709,decreases_risk
W0000198,5,isolation_forest_anomaly_score,-0.0893102761939789,-0.5428897142410278,0.5428897142410278,decreases_risk
W0000198,6,deterministic_score,0.3399354838709678,-0.4086848199367523,0.4086848199367523,decreases_risk
W0000198,7,graphsage_dim_23,-0.28891307,0.33209019899368286,0.33209019899368286,increases_risk
W0000198,8,country_entropy,3.32333463533804,0.3297562003135681,0.3297562003135681,increases_risk
W0000198,9,graphsage_dim_10,0.31630245,0.27513575553894043,0.27513575553894043,increases_risk
W0000198,10,weighted_out_degree,19.0,-0.19445089995861053,0.19445089995861053,decreases_risk
W0000199,1,median_sent_sats,15.969434956876782,-3.181051731109619,3.181051731109619,decreases_risk
W0000199,2,avg_sent_sats,16.372238343874265,-0.7903801202774048,0.7903801202774048,decreases_risk
W0000199,3,autoencoder_reconstruction_error,0.47059342,-0.7333734035491943,0.7333734035491943,decreases_risk
W0000199,4,observations_per_tx,1.6499999999175,-0.6700519323348999,0.6700519323348999,decreases_risk
W0000199,5,graphsage_dim_10,-0.2913951,-0.5578262805938721,0.5578262805938721,decreases_risk
W0000199,6,isolation_forest_anomaly_score,-0.0885356161124896,-0.48277705907821655,0.48277705907821655,decreases_risk
W0000199,7,graphsage_dim_23,0.14729548,-0.39420178532600403,0.39420178532600403,decreases_risk
W0000199,8,country_entropy,3.1431129686390182,0.2631877660751343,0.2631877660751343,increases_risk
W0000199,9,deterministic_score,0.4514838709677418,-0.1990007907152176,0.1990007907152176,decreases_risk
W0000199,10,total_bytes_sent,11.279605307204458,-0.17672666907310486,0.17672666907310486,decreases_risk
W0000200,1,median_sent_sats,16.169626532119896,-4.206879138946533,4.206879138946533,decreases_risk
W0000200,2,avg_sent_sats,16.664564232700094,-0.9330262541770935,0.9330262541770935,decreases_risk
W0000200,3,graphsage_dim_10,-0.024389418,-0.5961023569107056,0.5961023569107056,decreases_risk
W0000200,4,observations_per_tx,1.6799999999328,-0.5364195704460144,0.5364195704460144,decreases_risk
W0000200,5,graphsage_dim_23,-0.77197707,0.48162978887557983,0.48162978887557983,increases_risk
W0000200,6,country_entropy,3.4958871742511515,0.2898595333099365,0.2898595333099365,increases_risk
W0000200,7,isolation_forest_anomaly_score,-0.024980973311877,-0.2804487943649292,0.2804487943649292,decreases_risk
W0000200,8,weighted_out_degree,21.0,-0.19445089995861053,0.19445089995861053,decreases_risk
W0000200,9,total_bytes_sent,11.676998186707388,-0.18601463735103607,0.18601463735103607,decreases_risk
W0000200,10,graphsage_dim_6,0.46773452,-0.17190490663051605,0.17190490663051605,decreases_risk
W0000201,1,median_sent_sats,16.101406915464924,-3.2531323432922363,3.2531323432922363,decreases_risk
W0000201,2,avg_sent_sats,16.402286018588686,-0.7956821322441101,0.7956821322441101,decreases_risk
W0000201,3,autoencoder_reconstruction_error,0.72368443,-0.654357373714447,0.654357373714447,decreases_risk
W0000201,4,observations_per_tx,1.666666666574074,-0.6345593333244324,0.6345593333244324,decreases_risk
W0000201,5,graphsage_dim_10,-0.5535729,-0.5357832908630371,0.5357832908630371,decreases_risk
W0000201,6,isolation_forest_anomaly_score,-0.1061611015812813,-0.5006991028785706,0.5006991028785706,decreases_risk
W0000201,7,graphsage_dim_23,0.53104424,-0.3887121379375458,0.3887121379375458,decreases_risk
W0000201,8,country_entropy,2.949034256029419,-0.3111388385295868,0.3111388385295868,decreases_risk
W0000201,9,deterministic_score,0.3206451612903226,-0.18390485644340515,0.18390485644340515,decreases_risk
W0000201,10,graphsage_dim_3,-0.025147393,-0.16781361401081085,0.16781361401081085,decreases_risk
W0000202,1,median_sent_sats,16.175086147923242,-3.073552370071411,3.073552370071411,decreases_risk
W0000202,2,autoencoder_reconstruction_error,0.45805836,-0.8046398758888245,0.8046398758888245,decreases_risk
W0000202,3,avg_sent_sats,16.67434615648713,-0.7820391654968262,0.7820391654968262,decreases_risk
W0000202,4,observations_per_tx,1.6249999999322915,-0.6642717123031616,0.6642717123031616,decreases_risk
W0000202,5,isolation_forest_anomaly_score,-0.092683020831996,-0.5153286457061768,0.5153286457061768,decreases_risk
W0000202,6,graphsage_dim_23,0.120306745,-0.41396352648735046,0.41396352648735046,decreases_risk
W0000202,7,country_entropy,2.8407973188879496,-0.3538426458835602,0.3538426458835602,decreases_risk
W0000202,8,graphsage_dim_10,0.23512389,0.28046807646751404,0.28046807646751404,increases_risk
W0000202,9,deterministic_score,0.4350967741935483,-0.20539367198944092,0.20539367198944092,decreases_risk
W0000202,10,graphsage_dim_6,-0.11781755,0.16876232624053955,0.16876232624053955,increases_risk
W0000203,1,autoencoder_reconstruction_error,0.6778338,-1.3514318466186523,1.3514318466186523,decreases_risk
W0000203,2,avg_sent_sats,16.822873608541425,-0.861600399017334,0.861600399017334,decreases_risk
W0000203,3,graphsage_dim_10,-0.22219327,-0.8489758968353271,0.8489758968353271,decreases_risk
W0000203,4,median_sent_sats,16.61359836628773,0.6606490612030029,0.6606490612030029,increases_risk
W0000203,5,isolation_forest_anomaly_score,-0.0937207507029646,-0.5405685305595398,0.5405685305595398,decreases_risk
W0000203,6,graphsage_dim_23,0.122301385,-0.5067868828773499,0.5067868828773499,decreases_risk
W0000203,7,observations_per_tx,1.499999999931818,0.4239213466644287,0.4239213466644287,increases_risk
W0000203,8,deterministic_score,0.4209354838709678,-0.4111459255218506,0.4111459255218506,decreases_risk
W0000203,9,graphsage_dim_3,-0.020634279,-0.25404462218284607,0.25404462218284607,decreases_risk
W0000203,10,country_entropy,3.067651605133773,0.18938030302524567,0.18938030302524567,increases_risk
W0000204,1,median_sent_sats,16.27343545207197,-3.3438363075256348,3.3438363075256348,decreases_risk
W0000204,2,autoencoder_reconstruction_error,0.5182392,-0.7653151154518127,0.7653151154518127,decreases_risk
W0000204,3,avg_sent_sats,16.62722777630183,-0.7033263444900513,0.7033263444900513,decreases_risk
W0000204,4,observations_per_tx,1.6842105262271467,-0.6692460179328918,0.6692460179328918,decreases_risk
W0000204,5,isolation_forest_anomaly_score,-0.0945292628906729,-0.5089349746704102,0.5089349746704102,decreases_risk
W0000204,6,graphsage_dim_23,-0.5415431,0.4513121247291565,0.4513121247291565,increases_risk
W0000204,7,country_entropy,2.799538532571418,-0.3892906904220581,0.3892906904220581,decreases_risk
W0000204,8,graphsage_dim_10,0.14312889,0.2847921550273895,0.2847921550273895,increases_risk
W0000204,9,deterministic_score,0.4225806451612902,-0.21943175792694092,0.21943175792694092,decreases_risk
W0000204,10,graphsage_dim_6,-0.24715021,0.17401093244552612,0.17401093244552612,increases_risk
W0000205,1,median_sent_sats,16.3402278910697,-3.3982434272766113,3.3982434272766113,decreases_risk
W0000205,2,avg_sent_sats,16.55100617541939,-0.8674347400665283,0.8674347400665283,decreases_risk
W0000205,3,autoencoder_reconstruction_error,0.46072173,-0.8121917843818665,0.8121917843818665,decreases_risk
W0000205,4,isolation_forest_anomaly_score,-0.1049115736917673,-0.506365180015564,0.506365180015564,decreases_risk
W0000205,5,country_entropy,2.620325542543215,-0.39771702885627747,0.39771702885627747,decreases_risk
W0000205,6,observations_per_tx,1.5333333332311112,0.3326038420200348,0.3326038420200348,increases_risk
W0000205,7,graphsage_dim_10,0.1965075,0.3135920464992523,0.3135920464992523,increases_risk
W0000205,8,graphsage_dim_23,-0.13547204,0.3131306767463684,0.3131306767463684,increases_risk
W0000205,9,deterministic_score,0.3387419354838711,-0.2196119725704193,0.2196119725704193,decreases_risk
W0000205,10,graphsage_dim_3,-0.016101629,-0.17813295125961304,0.17813295125961304,decreases_risk
W0000206,1,median_sent_sats,15.761993542917772,-3.668617010116577,3.668617010116577,decreases_risk
W0000206,2,autoencoder_reconstruction_error,0.55971646,-0.821935772895813,0.821935772895813,decreases_risk
W0000206,3,avg_sent_sats,16.157280744246453,-0.7707775235176086,0.7707775235176086,decreases_risk
W0000206,4,observations_per_tx,1.6666666665873016,-0.6795383095741272,0.6795383095741272,decreases_risk
W0000206,5,isolation_forest_anomaly_score,-0.1004068331943103,-0.4825651943683624,0.4825651943683624,decreases_risk
W0000206,6,graphsage_dim_23,-0.49240866,0.43257343769073486,0.43257343769073486,increases_risk
W0000206,7,country_entropy,3.4185910043352385,0.2751604914665222,0.2751604914665222,increases_risk
W0000206,8,graphsage_dim_10,0.17020965,0.2741740345954895,0.2741740345954895,increases_risk
W0000206,9,deterministic_score,0.4756129032258064,-0.23155322670936584,0.23155322670936584,decreases_risk
W0000206,10,weighted_out_degree,25.0,-0.18164946138858795,0.18164946138858795,decreases_risk
W0000207,1,median_sent_sats,15.673379111225069,-3.7078588008880615,3.7078588008880615,decreases_risk
W0000207,2,avg_sent_sats,16.143642503459912,-0.9735080003738403,0.9735080003738403,decreases_risk
W0000207,3,graphsage_dim_10,-0.17166428,-0.6436935663223267,0.6436935663223267,decreases_risk
W0000207,4,isolation_forest_anomaly_score,-0.080244393819027,-0.4742846190929413,0.4742846190929413,decreases_risk
W0000207,5,country_entropy,2.8578288758198447,-0.3963460326194763,0.3963460326194763,decreases_risk
W0000207,6,observations_per_tx,1.4090909090268595,0.3524548411369324,0.3524548411369324,increases_risk
W0000207,7,graphsage_dim_23,0.589049,-0.3439989387989044,0.3439989387989044,decreases_risk
W0000207,8,graphsage_dim_3,-0.622131,0.21420380473136902,0.21420380473136902,increases_risk
W0000207,9,graphsage_dim_6,-0.30977347,0.17776121199131012,0.17776121199131012,increases_risk
W0000207,10,deterministic_score,0.4812258064516129,-0.15444621443748474,0.15444621443748474,decreases_risk
W0000208,1,observations_per_tx,1.826086956442344,-0.9753178954124451,0.9753178954124451,decreases_risk
W0000208,2,avg_sent_sats,16.666044215051503,-0.9152227640151978,0.9152227640151978,decreases_risk
W0000208,3,median_sent_sats,16.454223971304252,-0.7511196136474609,0.7511196136474609,decreases_risk
W0000208,4,isolation_forest_anomaly_score,-0.0786096827277648,-0.48096585273742676,0.48096585273742676,decreases_risk
W0000208,5,graphsage_dim_23,-0.40496773,0.4169110059738159,0.4169110059738159,increases_risk
W0000208,6,deterministic_score,0.4442580645161291,-0.4048875570297241,0.4048875570297241,decreases_risk
W0000208,7,country_entropy,3.5009425834769115,0.3604182004928589,0.3604182004928589,increases_risk
W0000208,8,graphsage_dim_10,0.29393262,0.29576611518859863,0.29576611518859863,increases_risk
W0000208,9,autoencoder_reconstruction_error,0.7960625,-0.21188710629940033,0.21188710629940033,decreases_risk
W0000208,10,weighted_out_degree,20.0,-0.18164946138858795,0.18164946138858795,decreases_risk
W0000209,1,median_sent_sats,16.06491468129549,-3.2776241302490234,3.2776241302490234,decreases_risk
W0000209,2,avg_sent_sats,16.512243851247224,-0.9361246228218079,0.9361246228218079,decreases_risk
W0000209,3,autoencoder_reconstruction_error,0.3902502,-0.7895983457565308,0.7895983457565308,decreases_risk
W0000209,4,graphsage_dim_10,0.00063655246,-0.5469895005226135,0.5469895005226135,decreases_risk
W0000209,5,isolation_forest_anomaly_score,-0.1015435274667055,-0.4443092346191406,0.4443092346191406,decreases_risk
W0000209,6,country_entropy,2.995864648336087,-0.39874207973480225,0.39874207973480225,decreases_risk
W0000209,7,graphsage_dim_23,0.17329067,-0.3705275356769562,0.3705275356769562,decreases_risk
W0000209,8,observations_per_tx,1.5238095237369615,0.28622305393218994,0.28622305393218994,increases_risk
W0000209,9,deterministic_score,0.3681612903225806,-0.2014157921075821,0.2014157921075821,decreases_risk
W0000209,10,graphsage_dim_3,0.12937772,-0.17548160254955292,0.17548160254955292,decreases_risk
W0000210,1,median_sent_sats,15.837214135544407,-3.6968517303466797,3.6968517303466797,decreases_risk
W0000210,2,avg_sent_sats,16.403981486141422,-0.9513664245605469,0.9513664245605469,decreases_risk
W0000210,3,autoencoder_reconstruction_error,0.40464976,-0.8284881114959717,0.8284881114959717,decreases_risk
W0000210,4,graphsage_dim_10,-0.14838533,-0.6628990173339844,0.6628990173339844,decreases_risk
W0000210,5,isolation_forest_anomaly_score,-0.0849970197382802,-0.44560912251472473,0.44560912251472473,decreases_risk
W0000210,6,observations_per_tx,1.499999999925,0.3274828791618347,0.3274828791618347,increases_risk
W0000210,7,graphsage_dim_23,-0.21495712,0.3203479051589966,0.3203479051589966,increases_risk
W0000210,8,country_entropy,3.406855850490444,0.2825920581817627,0.2825920581817627,increases_risk
W0000210,9,deterministic_score,0.4145483870967743,-0.23824666440486908,0.23824666440486908,decreases_risk
W0000210,10,weighted_out_degree,27.0,-0.18164946138858795,0.18164946138858795,decreases_risk
W0000211,1,median_sent_sats,16.36233542388723,-3.7844769954681396,3.7844769954681396,decreases_risk
W0000211,2,avg_sent_sats,16.632695602977734,-0.9832130074501038,0.9832130074501038,decreases_risk
W0000211,3,graphsage_dim_10,-0.3837515,-0.7350503206253052,0.7350503206253052,decreases_risk
W0000211,4,isolation_forest_anomaly_score,-0.0750201520096308,-0.44393038749694824,0.44393038749694824,decreases_risk
W0000211,5,graphsage_dim_23,-0.49584782,0.43662017583847046,0.43662017583847046,increases_risk
W0000211,6,country_entropy,2.892091859889595,-0.4358590841293335,0.4358590841293335,decreases_risk
W0000211,7,observations_per_tx,1.249999999921875,0.296697735786438,0.296697735786438,increases_risk
W0000211,8,graphsage_dim_3,0.0140937865,-0.18657433986663818,0.18657433986663818,decreases_risk
W0000211,9,graphsage_dim_6,-0.272232,0.1792726367712021,0.1792726367712021,increases_risk
W0000211,10,total_bytes_sent,10.815187764075905,0.17743118107318878,0.17743118107318878,increases_risk
W0000212,1,median_sent_sats,15.612663290698842,-3.4069015979766846,3.4069015979766846,decreases_risk
W0000212,2,avg_sent_sats,16.462204995030707,-0.9190558791160583,0.9190558791160583,decreases_risk
W0000212,3,autoencoder_reconstruction_error,0.6403112,-0.7706408500671387,0.7706408500671387,decreases_risk
W0000212,4,graphsage_dim_10,-0.085047975,-0.5897647142410278,0.5897647142410278,decreases_risk
W0000212,5,isolation_forest_anomaly_score,-0.1011850501225763,-0.4346944987773895,0.4346944987773895,decreases_risk
W0000212,6,country_entropy,2.9895489455674022,-0.362371027469635,0.362371027469635,decreases_risk
W0000212,7,graphsage_dim_23,0.7992513,-0.3388003706932068,0.3388003706932068,decreases_risk
W0000212,8,observations_per_tx,1.3684210525595568,0.33713626861572266,0.33713626861572266,increases_risk
W0000212,9,graphsage_dim_3,-0.543813,0.1973535120487213,0.1973535120487213,increases_risk
W0000212,10,deterministic_score,0.4025483870967741,-0.19010891020298004,0.19010891020298004,decreases_risk
W0000213,1,median_sent_sats,16.25896393763061,-3.8251700401306152,3.8251700401306152,decreases_risk
W0000213,2,country_entropy,2.8201119644709265,-0.5308288931846619,0.5308288931846619,decreases_risk
W0000213,3,graphsage_dim_23,0.7726871,-0.4815232455730438,0.4815232455730438,decreases_risk
W0000213,4,observations_per_tx,1.49999999985,0.39690136909484863,0.39690136909484863,increases_risk
W0000213,5,avg_sent_sats,17.726154717837034,0.3631031811237335,0.3631031811237335,increases_risk
W0000213,6,graphsage_dim_10,0.31900436,0.3259812593460083,0.3259812593460083,increases_risk
W0000213,7,isolation_forest_anomaly_score,-0.022541887466939,-0.2650313079357147,0.2650313079357147,decreases_risk
W0000213,8,avg_outputs_per_tx,1.542857142857143,-0.2444879114627838,0.2444879114627838,decreases_risk
W0000213,9,graphsage_dim_3,-0.05559787,-0.2209462821483612,0.2209462821483612,decreases_risk
W0000213,10,max_sent_sats,19.59543855612729,-0.1916099190711975,0.1916099190711975,decreases_risk
W0000214,1,median_sent_sats,15.977722391767106,-4.491157054901123,4.491157054901123,decreases_risk
W0000214,2,graphsage_dim_23,-0.6047134,0.4774685502052307,0.4774685502052307,increases_risk
W0000214,3,avg_sent_sats,17.52247571859666,0.39207082986831665,0.39207082986831665,increases_risk
W0000214,4,observations_per_tx,1.5185185184622771,0.3695533871650696,0.3695533871650696,increases_risk
W0000214,5,isolation_forest_anomaly_score,-0.0643180072551493,-0.3598936200141907,0.3598936200141907,decreases_risk
W0000214,6,country_entropy,3.267861509113498,0.35862600803375244,0.35862600803375244,increases_risk
W0000214,7,graphsage_dim_10,0.14008479,0.33426305651664734,0.33426305651664734,increases_risk
W0000214,8,autoencoder_reconstruction_error,0.79693365,-0.19194258749485016,0.19194258749485016,decreases_risk
W0000214,9,weighted_out_degree,15.0,0.18727372586727142,0.18727372586727142,increases_risk
W0000214,10,graphsage_dim_6,-0.14976205,0.17715895175933838,0.17715895175933838,increases_risk
W0000215,1,median_sent_sats,15.83106896369474,-3.3568873405456543,3.3568873405456543,decreases_risk
W0000215,2,avg_sent_sats,16.655430562015137,-0.9190609455108643,0.9190609455108643,decreases_risk
W0000215,3,autoencoder_reconstruction_error,0.59488684,-0.7429311871528625,0.7429311871528625,decreases_risk
W0000215,4,graphsage_dim_10,-0.14113815,-0.6123442649841309,0.6123442649841309,decreases_risk
W0000215,5,isolation_forest_anomaly_score,-0.0944537005707335,-0.4817674160003662,0.4817674160003662,decreases_risk
W0000215,6,country_entropy,2.882401325270469,-0.35624128580093384,0.35624128580093384,decreases_risk
W0000215,7,observations_per_tx,1.4999999999423077,0.2927365303039551,0.2927365303039551,increases_risk
W0000215,8,graphsage_dim_23,-0.10882498,0.2807058095932007,0.2807058095932007,increases_risk
W0000215,9,deterministic_score,0.4453870967741934,-0.19570991396903992,0.19570991396903992,decreases_risk
W0000215,10,graphsage_dim_8,0.08554072,-0.17298895120620728,0.17298895120620728,decreases_risk
W0000216,1,avg_sent_sats,16.679866990944337,-1.1517547369003296,1.1517547369003296,decreases_risk
W0000216,2,median_sent_sats,16.635835198375222,1.0324103832244873,1.0324103832244873,increases_risk
W0000216,3,country_entropy,2.9246119561953123,-0.5716711282730103,0.5716711282730103,decreases_risk
W0000216,4,graphsage_dim_23,0.36462826,-0.5500105023384094,0.5500105023384094,decreases_risk
W0000216,5,graphsage_dim_10,0.034846246,-0.5427165627479553,0.5427165627479553,decreases_risk
W0000216,6,isolation_forest_anomaly_score,-0.0701805755830551,-0.42980507016181946,0.42980507016181946,decreases_risk
W0000216,7,observations_per_tx,1.5333333332311112,0.3456965982913971,0.3456965982913971,increases_risk
W0000216,8,asn_entropy,3.1313461954198107,-0.2733820676803589,0.2733820676803589,decreases_risk
W0000216,9,graphsage_dim_6,0.15032294,-0.21607425808906555,0.21607425808906555,decreases_risk
W0000216,10,graphsage_dim_26,-0.6104964,-0.19065770506858826,0.19065770506858826,decreases_risk
W0000217,1,median_sent_sats,16.269909115911233,-3.258995294570923,3.258995294570923,decreases_risk
W0000217,2,avg_sent_sats,16.300628582469887,-0.8547767400741577,0.8547767400741577,decreases_risk
W0000217,3,graphsage_dim_10,-0.6988205,-0.5957504510879517,0.5957504510879517,decreases_risk
W0000217,4,observations_per_tx,1.5882352940242217,-0.5284523367881775,0.5284523367881775,decreases_risk
W0000217,5,isolation_forest_anomaly_score,-0.099012426382632,-0.4854793846607208,0.4854793846607208,decreases_risk
W0000217,6,graphsage_dim_23,0.2204132,-0.411058634519577,0.411058634519577,decreases_risk
W0000217,7,country_entropy,2.7799500009615423,-0.3900347054004669,0.3900347054004669,decreases_risk
W0000217,8,graphsage_dim_6,-0.23522487,0.17023901641368866,0.17023901641368866,increases_risk
W0000217,9,graphsage_dim_8,0.5247685,-0.1700545847415924,0.1700545847415924,decreases_risk
W0000217,10,deterministic_score,0.3878709677419355,-0.1656748354434967,0.1656748354434967,decreases_risk
W0000218,1,median_sent_sats,15.796973299738497,-3.4519500732421875,3.4519500732421875,decreases_risk
W0000218,2,avg_sent_sats,16.416703256035575,-0.9519418478012085,0.9519418478012085,decreases_risk
W0000218,3,autoencoder_reconstruction_error,0.49749222,-0.8262685537338257,0.8262685537338257,decreases_risk
W0000218,4,isolation_forest_anomaly_score,-0.0971642698341513,-0.4810446500778198,0.4810446500778198,decreases_risk
W0000218,5,country_entropy,2.992117082326244,-0.36654672026634216,0.36654672026634216,decreases_risk
W0000218,6,observations_per_tx,1.4782608695009452,0.3538540005683899,0.3538540005683899,increases_risk
W0000218,7,graphsage_dim_23,-0.2524617,0.3283321261405945,0.3283321261405945,increases_risk
W0000218,8,graphsage_dim_10,0.11587009,0.3157786428928375,0.3157786428928375,increases_risk
W0000218,9,deterministic_score,0.3677096774193549,-0.23635543882846832,0.23635543882846832,decreases_risk
W0000218,10,graphsage_dim_6,-0.42637032,0.1785440444946289,0.1785440444946289,increases_risk
W0000219,1,median_sent_sats,15.816902851625589,-3.4127800464630127,3.4127800464630127,decreases_risk
W0000219,2,autoencoder_reconstruction_error,0.6105832,-0.8009964823722839,0.8009964823722839,decreases_risk
W0000219,3,avg_sent_sats,16.693446504023544,-0.7082751393318176,0.7082751393318176,decreases_risk
W0000219,4,observations_per_tx,1.571428571372449,-0.579563319683075,0.579563319683075,decreases_risk
W0000219,5,isolation_forest_anomaly_score,-0.0738067646723925,-0.46196624636650085,0.46196624636650085,decreases_risk
W0000219,6,graphsage_dim_23,0.23685184,-0.4476151764392853,0.4476151764392853,decreases_risk
W0000219,7,country_entropy,2.954686143069347,-0.36954736709594727,0.36954736709594727,decreases_risk
W0000219,8,graphsage_dim_10,0.7808842,0.2719023823738098,0.2719023823738098,increases_risk
W0000219,9,graphsage_dim_8,0.05310231,-0.1700545847415924,0.1700545847415924,decreases_risk
W0000219,10,total_bytes_sent,11.725889379142592,-0.16354967653751373,0.16354967653751373,decreases_risk
W0000220,1,median_sent_sats,15.958218405609037,-4.153103828430176,4.153103828430176,decreases_risk
W0000220,2,avg_sent_sats,16.810942796512265,-0.7875478267669678,0.7875478267669678,decreases_risk
W0000220,3,graphsage_dim_10,-0.29172808,-0.6595226526260376,0.6595226526260376,decreases_risk
W0000220,4,isolation_forest_anomaly_score,-0.0531326705945895,-0.38315412402153015,0.38315412402153015,decreases_risk
W0000220,5,graphsage_dim_23,-0.108844474,0.35420387983322144,0.35420387983322144,increases_risk
W0000220,6,observations_per_tx,1.4374999999101563,0.3479917645454407,0.3479917645454407,increases_risk
W0000220,7,country_entropy,3.10049593970282,0.3228667974472046,0.3228667974472046,increases_risk
W0000220,8,graphsage_dim_6,-0.48146755,0.17692863941192627,0.17692863941192627,increases_risk
W0000220,9,total_bytes_sent,10.947749246454157,0.15521284937858582,0.15521284937858582,increases_risk
W0000220,10,autoencoder_reconstruction_error,1.2334107,0.1540149748325348,0.1540149748325348,increases_risk
W0000221,1,autoencoder_reconstruction_error,0.39810032,-1.5289433002471924,1.5289433002471924,decreases_risk
W0000221,2,median_sent_sats,16.6663385549773,0.9186229109764099,0.9186229109764099,increases_risk
W0000221,3,isolation_forest_anomaly_score,-0.0982548395230714,-0.6032958626747131,0.6032958626747131,decreases_risk
W0000221,4,country_entropy,2.9742787700294,-0.5904412269592285,0.5904412269592285,decreases_risk
W0000221,5,observations_per_tx,1.4761904761201814,0.5116785764694214,0.5116785764694214,increases_risk
W0000221,6,deterministic_score,0.3818064516129031,-0.4875635802745819,0.4875635802745819,decreases_risk
W0000221,7,graphsage_dim_23,0.053853888,-0.48041656613349915,0.48041656613349915,decreases_risk
W0000221,8,graphsage_dim_10,0.28536868,0.35774996876716614,0.35774996876716614,increases_risk
W0000221,9,avg_sent_sats,17.123237411986242,0.30888670682907104,0.30888670682907104,increases_risk
W0000221,10,max_sent_sats,18.658818021447512,-0.21401403844356537,0.21401403844356537,decreases_risk
W0000222,1,median_sent_sats,15.7671633294123,-4.24441385269165,4.24441385269165,decreases_risk
W0000222,2,avg_sent_sats,16.295003358265337,-0.9791622757911682,0.9791622757911682,decreases_risk
W0000222,3,isolation_forest_anomaly_score,-0.0612380644645942,-0.4378831684589386,0.4378831684589386,decreases_risk
W0000222,4,graphsage_dim_23,0.07150318,-0.4003484547138214,0.4003484547138214,decreases_risk
W0000222,5,graphsage_dim_10,1.0732573,0.3339185416698456,0.3339185416698456,increases_risk
W0000222,6,country_entropy,3.517619811282009,0.2923562526702881,0.2923562526702881,increases_risk
W0000222,7,graphsage_dim_3,0.019120634,-0.1795615404844284,0.1795615404844284,decreases_risk
W0000222,8,observations_per_tx,1.5416666666024306,0.17614811658859253,0.17614811658859253,increases_risk
W0000222,9,total_bytes_sent,11.587569007965994,-0.1747126281261444,0.1747126281261444,decreases_risk
W0000222,10,weighted_out_degree,23.0,-0.17440417408943176,0.17440417408943176,decreases_risk
W0000223,1,median_sent_sats,17.7198953463429,2.045898199081421,2.045898199081421,increases_risk
W0000223,2,graphsage_dim_10,-0.09720675,-0.8514010906219482,0.8514010906219482,decreases_risk
W0000223,3,graphsage_dim_23,0.5416126,-0.5272085666656494,0.5272085666656494,decreases_risk
W0000223,4,isolation_forest_anomaly_score,-0.0620184276323397,-0.5019245743751526,0.5019245743751526,decreases_risk
W0000223,5,country_entropy,2.949075945600288,-0.4850609302520752,0.4850609302520752,decreases_risk
W0000223,6,deterministic_score,0.3779354838709677,-0.4463421702384949,0.4463421702384949,decreases_risk
W0000223,7,observations_per_tx,1.526315789393352,0.40846800804138184,0.40846800804138184,increases_risk
W0000223,8,avg_sent_sats,17.676034172226593,0.3688744604587555,0.3688744604587555,increases_risk
W0000223,9,avg_outputs_per_tx,1.3658536585365857,-0.31325677037239075,0.31325677037239075,decreases_risk
W0000223,10,graphsage_dim_3,0.024062887,-0.2639961838722229,0.2639961838722229,decreases_risk
W0000224,1,median_sent_sats,15.726711168912244,-3.352494716644287,3.352494716644287,decreases_risk
W0000224,2,avg_sent_sats,16.43866021563642,-0.9609808325767517,0.9609808325767517,decreases_risk
W0000224,3,autoencoder_reconstruction_error,0.32824484,-0.8319812417030334,0.8319812417030334,decreases_risk
W0000224,4,graphsage_dim_10,-0.078415506,-0.6191043853759766,0.6191043853759766,decreases_risk
W0000224,5,isolation_forest_anomaly_score,-0.1065296992042413,-0.4952932298183441,0.4952932298183441,decreases_risk
W0000224,6,observations_per_tx,1.4137931033995244,0.3389064073562622,0.3389064073562622,increases_risk
W0000224,7,country_entropy,3.0361906053786294,-0.250590443611145,0.250590443611145,decreases_risk
W0000224,8,deterministic_score,0.4371612903225805,-0.23627869784832,0.23627869784832,decreases_risk
W0000224,9,total_bytes_sent,11.501621818798837,-0.17672666907310486,0.17672666907310486,decreases_risk
W0000224,10,weighted_out_degree,26.0,-0.17010661959648132,0.17010661959648132,decreases_risk
W0000225,1,autoencoder_reconstruction_error,0.28513595,-1.3884201049804688,1.3884201049804688,decreases_risk
W0000225,2,graphsage_dim_10,-0.09381308,-0.7296026945114136,0.7296026945114136,decreases_risk
W0000225,3,country_entropy,2.934610516141392,-0.5914434194564819,0.5914434194564819,decreases_risk
W0000225,4,isolation_forest_anomaly_score,-0.1124989791234691,-0.5612691640853882,0.5612691640853882,decreases_risk
W0000225,5,graphsage_dim_23,0.04212422,-0.5459963083267212,0.5459963083267212,decreases_risk
W0000225,6,observations_per_tx,1.4583333332725694,0.4411318302154541,0.4411318302154541,increases_risk
W0000225,7,deterministic_score,0.4118387096774195,-0.4377848505973816,0.4377848505973816,decreases_risk
W0000225,8,median_sent_sats,16.518639134382884,-0.43006452918052673,0.43006452918052673,decreases_risk
W0000225,9,avg_sent_sats,17.00583909217389,0.32158905267715454,0.32158905267715454,increases_risk
W0000225,10,max_sent_sats,18.548285142850023,-0.1904771775007248,0.1904771775007248,decreases_risk
W0000226,1,median_sent_sats,15.908855744457798,-3.6504297256469727,3.6504297256469727,decreases_risk
W0000226,2,avg_sent_sats,16.69119506767487,-0.9613008499145508,0.9613008499145508,decreases_risk
W0000226,3,autoencoder_reconstruction_error,0.49664915,-0.7827946543693542,0.7827946543693542,decreases_risk
W0000226,4,graphsage_dim_10,-0.19709772,-0.6528638601303101,0.6528638601303101,decreases_risk
W0000226,5,isolation_forest_anomaly_score,-0.1015500798430162,-0.44109949469566345,0.44109949469566345,decreases_risk
W0000226,6,graphsage_dim_23,-0.45023474,0.35263001918792725,0.35263001918792725,increases_risk
W0000226,7,observations_per_tx,1.49999999990625,0.3394092917442322,0.3394092917442322,increases_risk
W0000226,8,country_entropy,3.178925119031815,0.31661325693130493,0.31661325693130493,increases_risk
W0000226,9,deterministic_score,0.3973548387096774,-0.21363508701324463,0.21363508701324463,decreases_risk
W0000226,10,graphsage_dim_6,-0.079384096,0.17166829109191895,0.17166829109191895,increases_risk
W0000227,1,median_sent_sats,15.956384689084423,-3.49090576171875,3.49090576171875,decreases_risk
W0000227,2,autoencoder_reconstruction_error,0.5991961,-0.8674843311309814,0.8674843311309814,decreases_risk
W0000227,3,avg_sent_sats,16.60233215266893,-0.8100146651268005,0.8100146651268005,decreases_risk
W0000227,4,observations_per_tx,1.6086956521039697,-0.6716586351394653,0.6716586351394653,decreases_risk
W0000227,5,isolation_forest_anomaly_score,-0.0943840586756752,-0.5079067349433899,0.5079067349433899,decreases_risk
W0000227,6,graphsage_dim_23,-0.13620068,0.32115858793258667,0.32115858793258667,increases_risk
W0000227,7,country_entropy,3.1212883380736995,0.2958829998970032,0.2958829998970032,increases_risk
W0000227,8,graphsage_dim_10,0.7004923,0.27747565507888794,0.27747565507888794,increases_risk
W0000227,9,deterministic_score,0.387258064516129,-0.2446601241827011,0.2446601241827011,decreases_risk
W0000227,10,total_bytes_sent,11.38131223150161,-0.1734655201435089,0.1734655201435089,decreases_risk
W0000228,1,median_sent_sats,16.110598970940437,-3.1316168308258057,3.1316168308258057,decreases_risk
W0000228,2,avg_sent_sats,16.213997828224837,-0.8081584572792053,0.8081584572792053,decreases_risk
W0000228,3,autoencoder_reconstruction_error,0.55217403,-0.784748911857605,0.784748911857605,decreases_risk
W0000228,4,observations_per_tx,1.5882352940242217,-0.5743821263313293,0.5743821263313293,decreases_risk
W0000228,5,isolation_forest_anomaly_score,-0.0848706803525798,-0.5050686597824097,0.5050686597824097,decreases_risk
W0000228,6,graphsage_dim_23,0.15791571,-0.38564714789390564,0.38564714789390564,decreases_risk
W0000228,7,country_entropy,2.592759955827108,-0.37420690059661865,0.37420690059661865,decreases_risk
W0000228,8,graphsage_dim_10,0.30924138,0.2601051330566406,0.2601051330566406,increases_risk
W0000228,9,deterministic_score,0.3954516129032259,-0.1976410299539566,0.1976410299539566,decreases_risk
W0000228,10,graphsage_dim_8,0.35457635,-0.1778896450996399,0.1778896450996399,decreases_risk
W0000229,1,median_sent_sats,15.615913729200145,-3.3947646617889404,3.3947646617889404,decreases_risk
W0000229,2,avg_sent_sats,16.329143906301777,-0.8130699992179871,0.8130699992179871,decreases_risk
W0000229,3,autoencoder_reconstruction_error,0.6545209,-0.7844924926757812,0.7844924926757812,decreases_risk
W0000229,4,observations_per_tx,1.6190476189705216,-0.6752315163612366,0.6752315163612366,decreases_risk
W0000229,5,isolation_forest_anomaly_score,-0.0932273305586304,-0.5223164558410645,0.5223164558410645,decreases_risk
W0000229,6,graphsage_dim_23,-0.20567602,0.32332807779312134,0.32332807779312134,increases_risk
W0000229,7,graphsage_dim_10,0.17151263,0.2673814594745636,0.2673814594745636,increases_risk
W0000229,8,country_entropy,3.0272694282904085,-0.258408784866333,0.258408784866333,decreases_risk
W0000229,9,deterministic_score,0.367516129032258,-0.22799572348594666,0.22799572348594666,decreases_risk
W0000229,10,total_bytes_sent,11.2542065481421,-0.1734655201435089,0.1734655201435089,decreases_risk
W0000230,1,median_sent_sats,16.28203121655318,-3.74592924118042,3.74592924118042,decreases_risk
W0000230,2,graphsage_dim_10,-0.3200483,-0.7774198055267334,0.7774198055267334,decreases_risk
W0000230,3,country_entropy,2.9511894468399484,-0.45719170570373535,0.45719170570373535,decreases_risk
W0000230,4,isolation_forest_anomaly_score,-0.0151314405380973,0.45092666149139404,0.45092666149139404,increases_risk
W0000230,5,graphsage_dim_23,-0.37272495,0.39249181747436523,0.39249181747436523,increases_risk
W0000230,6,avg_sent_sats,17.24703845049675,0.3698878288269043,0.3698878288269043,increases_risk
W0000230,7,observations_per_tx,1.49999999985,0.3671390414237976,0.3671390414237976,increases_risk
W0000230,8,max_sent_sats,19.186572854217022,-0.1950448453426361,0.1950448453426361,decreases_risk
W0000230,9,avg_outputs_per_tx,1.6451612903225807,-0.18092337250709534,0.18092337250709534,decreases_risk
W0000230,10,graphsage_dim_6,0.22200584,-0.16898395121097565,0.16898395121097565,decreases_risk
W0000231,1,median_sent_sats,16.257149908200805,-3.4176812171936035,3.4176812171936035,decreases_risk
W0000231,2,graphsage_dim_10,-0.14780593,-0.6264824867248535,0.6264824867248535,decreases_risk
W0000231,3,isolation_forest_anomaly_score,-0.0777250775418718,-0.5350996851921082,0.5350996851921082,decreases_risk
W0000231,4,observations_per_tx,1.5624999999023437,-0.5049037933349609,0.5049037933349609,decreases_risk
W0000231,5,country_entropy,2.9317325948008235,-0.42912423610687256,0.42912423610687256,decreases_risk
W0000231,6,graphsage_dim_23,-0.43690512,0.35081398487091064,0.35081398487091064,increases_risk
W0000231,7,avg_sent_sats,17.128084429302437,0.3130154013633728,0.3130154013633728,increases_risk
W0000231,8,deterministic_score,0.408032258064516,-0.22841313481330872,0.22841313481330872,decreases_risk
W0000231,9,graphsage_dim_6,-0.324718,0.1838081032037735,0.1838081032037735,increases_risk
W0000231,10,weighted_out_degree,20.0,-0.1812119334936142,0.1812119334936142,decreases_risk
W0000232,1,median_sent_sats,16.058601346342645,-3.997224807739258,3.997224807739258,decreases_risk
W0000232,2,avg_sent_sats,16.648419197514553,-0.9925537109375,0.9925537109375,decreases_risk
W0000232,3,country_entropy,2.992724698155516,-0.46189454197883606,0.46189454197883606,decreases_risk
W0000232,4,isolation_forest_anomaly_score,-0.0375103317192719,-0.4147738516330719,0.4147738516330719,decreases_risk
W0000232,5,graphsage_dim_23,0.02707529,-0.3792339861392975,0.3792339861392975,decreases_risk
W0000232,6,observations_per_tx,1.3571428570943878,0.3519454598426819,0.3519454598426819,increases_risk
W0000232,7,graphsage_dim_10,0.554571,0.3189666271209717,0.3189666271209717,increases_risk
W0000232,8,avg_outputs_per_tx,1.3846153846153846,-0.1795659363269806,0.1795659363269806,decreases_risk
W0000232,9,graphsage_dim_6,0.41721547,-0.17367281019687653,0.17367281019687653,decreases_risk
W0000232,10,graphsage_dim_3,-0.079999425,-0.16647183895111084,0.16647183895111084,decreases_risk
W0000233,1,median_sent_sats,15.892400409349728,-3.409329891204834,3.409329891204834,decreases_risk
W0000233,2,autoencoder_reconstruction_error,0.3577533,-0.8458203673362732,0.8458203673362732,decreases_risk
W0000233,3,avg_sent_sats,16.647212159913988,-0.8373576402664185,0.8373576402664185,decreases_risk
W0000233,4,observations_per_tx,1.6521739129716446,-0.7445390224456787,0.7445390224456787,decreases_risk
W0000233,5,isolation_forest_anomaly_score,-0.1056253696573999,-0.5123041272163391,0.5123041272163391,decreases_risk
W0000233,6,country_entropy,3.114031026430169,0.29011136293411255,0.29011136293411255,increases_risk
W0000233,7,graphsage_dim_10,0.2660123,0.271490216255188,0.271490216255188,increases_risk
W0000233,8,deterministic_score,0.3803870967741936,-0.22120632231235504,0.22120632231235504,decreases_risk
W0000233,9,graphsage_dim_23,-0.043991417,0.2033686339855194,0.2033686339855194,increases_risk
W0000233,10,total_bytes_sent,11.630859600321587,-0.1734655201435089,0.1734655201435089,decreases_risk
W0000234,1,median_sent_sats,15.823228897050312,-3.3805992603302,3.3805992603302,decreases_risk
W0000234,2,avg_sent_sats,16.10074653833193,-0.8490177989006042,0.8490177989006042,decreases_risk
W0000234,3,autoencoder_reconstruction_error,0.71843225,-0.7493253946304321,0.7493253946304321,decreases_risk
W0000234,4,observations_per_tx,1.5789473683379502,-0.5867456197738647,0.5867456197738647,decreases_risk
W0000234,5,isolation_forest_anomaly_score,-0.0845436356847866,-0.5003217458724976,0.5003217458724976,decreases_risk
W0000234,6,country_entropy,2.7865590382586447,-0.386412113904953,0.386412113904953,decreases_risk
W0000234,7,graphsage_dim_23,-0.11145656,0.2835204005241394,0.2835204005241394,increases_risk
W0000234,8,graphsage_dim_10,0.28242886,0.25549349188804626,0.25549349188804626,increases_risk
W0000234,9,deterministic_score,0.4499354838709678,-0.21911418437957764,0.21911418437957764,decreases_risk
W0000234,10,total_bytes_sent,11.296248460401891,-0.16354967653751373,0.16354967653751373,decreases_risk
W0000235,1,median_sent_sats,15.920884309469928,-3.0241386890411377,3.0241386890411377,decreases_risk
W0000235,2,avg_sent_sats,16.621364669740778,-0.7456438541412354,0.7456438541412354,decreases_risk
W0000235,3,autoencoder_reconstruction_error,0.424559,-0.7193222641944885,0.7193222641944885,decreases_risk
W0000235,4,observations_per_tx,1.699999999915,-0.6628206372261047,0.6628206372261047,decreases_risk
W0000235,5,graphsage_dim_10,-0.21449384,-0.5550270080566406,0.5550270080566406,decreases_risk
W0000235,6,isolation_forest_anomaly_score,-0.0812967751433014,-0.5117758512496948,0.5117758512496948,decreases_risk
W0000235,7,country_entropy,2.894273869771264,-0.37596264481544495,0.37596264481544495,decreases_risk
W0000235,8,deterministic_score,0.4313548387096774,-0.22825652360916138,0.22825652360916138,decreases_risk
W0000235,9,graphsage_dim_23,-0.09116687,0.19409701228141785,0.19409701228141785,increases_risk
W0000235,10,weighted_out_degree,32.0,-0.17010661959648132,0.17010661959648132,decreases_risk
W0000236,1,median_sent_sats,15.747057766336198,-3.669034957885742,3.669034957885742,decreases_risk
W0000236,2,avg_sent_sats,16.382053930023524,-0.9551835656166077,0.9551835656166077,decreases_risk
W0000236,3,graphsage_dim_10,-0.4176678,-0.7477539777755737,0.7477539777755737,decreases_risk
W0000236,4,country_entropy,2.8835917339457304,-0.43372100591659546,0.43372100591659546,decreases_risk
W0000236,5,graphsage_dim_23,1.065414,-0.4188736379146576,0.4188736379146576,decreases_risk
W0000236,6,isolation_forest_anomaly_score,-0.0368662235716101,-0.40546658635139465,0.40546658635139465,decreases_risk
W0000236,7,observations_per_tx,1.4444444443641975,0.3241744637489319,0.3241744637489319,increases_risk
W0000236,8,graphsage_dim_3,0.11154023,-0.18815255165100098,0.18815255165100098,decreases_risk
W0000236,9,avg_outputs_per_tx,1.5833333333333333,-0.17840251326560974,0.17840251326560974,decreases_risk
W0000236,10,graphsage_dim_6,0.2202354,-0.16743773221969604,0.16743773221969604,decreases_risk
W0000237,1,median_sent_sats,15.683603016206735,-3.175084114074707,3.175084114074707,decreases_risk
W0000237,2,autoencoder_reconstruction_error,0.3159857,-0.7523645758628845,0.7523645758628845,decreases_risk
W0000237,3,avg_sent_sats,16.373368410163323,-0.7293848395347595,0.7293848395347595,decreases_risk
W0000237,4,graphsage_dim_10,-0.23560274,-0.5910534858703613,0.5910534858703613,decreases_risk
W0000237,5,observations_per_tx,1.59999999992,-0.5806523561477661,0.5806523561477661,decreases_risk
W0000237,6,isolation_forest_anomaly_score,-0.1029337189301248,-0.5056756734848022,0.5056756734848022,decreases_risk
W0000237,7,country_entropy,2.832059779479236,-0.3858456611633301,0.3858456611633301,decreases_risk
W0000237,8,graphsage_dim_23,-0.26010907,0.30262476205825806,0.30262476205825806,increases_risk
W0000237,9,deterministic_score,0.332258064516129,-0.23135749995708466,0.23135749995708466,decreases_risk
W0000237,10,graphsage_dim_6,-0.26072502,0.17346328496932983,0.17346328496932983,increases_risk
W0000238,1,median_sent_sats,16.073511850125364,-4.192130088806152,4.192130088806152,decreases_risk
W0000238,2,avg_sent_sats,16.388763825506548,-0.9977045059204102,0.9977045059204102,decreases_risk
W0000238,3,observations_per_tx,1.5937499999501954,-0.6118459105491638,0.6118459105491638,decreases_risk
W0000238,4,country_entropy,2.9448438195679896,-0.37421101331710815,0.37421101331710815,decreases_risk
W0000238,5,graphsage_dim_23,-0.33217728,0.316450297832489,0.316450297832489,increases_risk
W0000238,6,graphsage_dim_10,0.38515288,0.2922576069831848,0.2922576069831848,increases_risk
W0000238,7,weighted_out_degree,39.0,-0.17010661959648132,0.17010661959648132,decreases_risk
W0000238,8,graphsage_dim_6,0.8709327,-0.16497310996055603,0.16497310996055603,decreases_risk
W0000238,9,isolation_forest_anomaly_score,-0.0188794938720493,-0.1647184044122696,0.1647184044122696,decreases_risk
W0000238,10,total_bytes_sent,11.93153711074828,-0.15593449771404266,0.15593449771404266,decreases_risk
W0000239,1,median_sent_sats,16.06797424858438,-3.844599485397339,3.844599485397339,decreases_risk
W0000239,2,avg_sent_sats,16.07933434945934,-0.8670557737350464,0.8670557737350464,decreases_risk
W0000239,3,observations_per_tx,1.647058823432526,-0.6694955229759216,0.6694955229759216,decreases_risk
W0000239,4,graphsage_dim_10,0.006319344,-0.48005545139312744,0.48005545139312744,decreases_risk
W0000239,5,isolation_forest_anomaly_score,-0.0750788755086059,-0.461043119430542,0.461043119430542,decreases_risk
W0000239,6,graphsage_dim_23,-0.38164365,0.3337194323539734,0.3337194323539734,increases_risk
W0000239,7,deterministic_score,0.4196129032258065,-0.22402901947498322,0.22402901947498322,decreases_risk
W0000239,8,total_bytes_sent,11.231874690116287,-0.18601463735103607,0.18601463735103607,decreases_risk
W0000239,9,graphsage_dim_6,-0.6701087,0.1758352667093277,0.1758352667093277,increases_risk
W0000239,10,weighted_out_degree,20.0,-0.17010661959648132,0.17010661959648132,decreases_risk
W0000240,1,median_sent_sats,16.172971781815107,-3.518141031265259,3.518141031265259,decreases_risk
W0000240,2,avg_sent_sats,16.42024793557876,-0.835760235786438,0.835760235786438,decreases_risk
W0000240,3,autoencoder_reconstruction_error,0.5136911,-0.7950869202613831,0.7950869202613831,decreases_risk
W0000240,4,observations_per_tx,1.5999999998933334,-0.59126216173172,0.59126216173172,decreases_risk
W0000240,5,graphsage_dim_10,-0.20567279,-0.5589678287506104,0.5589678287506104,decreases_risk
W0000240,6,graphsage_dim_23,-0.4710034,0.4346415400505066,0.4346415400505066,increases_risk
W0000240,7,isolation_forest_anomaly_score,-0.0717562728838354,-0.4321705400943756,0.4321705400943756,decreases_risk
W0000240,8,country_entropy,3.1030315851563937,0.31523066759109497,0.31523066759109497,increases_risk
W0000240,9,graphsage_dim_8,0.341505,-0.17298895120620728,0.17298895120620728,decreases_risk
W0000240,10,graphsage_dim_6,-0.18624073,0.16908538341522217,0.16908538341522217,increases_risk
W0000241,1,median_sent_sats,16.24225511392345,-3.9323768615722656,3.9323768615722656,decreases_risk
W0000241,2,avg_sent_sats,16.50867703779534,-0.9181785583496094,0.9181785583496094,decreases_risk
W0000241,3,autoencoder_reconstruction_error,0.6607763,-0.8885480165481567,0.8885480165481567,decreases_risk
W0000241,4,isolation_forest_anomaly_score,-0.0776559809293804,-0.4410570561885834,0.4410570561885834,decreases_risk
W0000241,5,observations_per_tx,1.4090909090268595,0.3782087564468384,0.3782087564468384,increases_risk
W0000241,6,graphsage_dim_23,-0.2089573,0.33806049823760986,0.33806049823760986,increases_risk
W0000241,7,graphsage_dim_10,0.33264065,0.31907784938812256,0.31907784938812256,increases_risk
W0000241,8,country_entropy,3.2498250455585245,0.3065904974937439,0.3065904974937439,increases_risk
W0000241,9,deterministic_score,0.4552903225806452,-0.22701901197433472,0.22701901197433472,decreases_risk
W0000241,10,weighted_out_degree,27.0,-0.18164946138858795,0.18164946138858795,decreases_risk
W0000242,1,median_sent_sats,16.952028315113736,2.516601085662842,2.516601085662842,increases_risk
W0000242,2,isolation_forest_anomaly_score,0.0197065003492935,0.8012211322784424,0.8012211322784424,increases_risk
W0000242,3,observations_per_tx,1.526315789393352,0.5084435343742371,0.5084435343742371,increases_risk
W0000242,4,avg_sent_sats,17.190329897998158,0.4635781943798065,0.4635781943798065,increases_risk
W0000242,5,graphsage_dim_10,0.3063164,0.4228254556655884,0.4228254556655884,increases_risk
W0000242,6,country_entropy,2.9546840319719427,-0.3976438045501709,0.3976438045501709,decreases_risk
W0000242,7,graphsage_dim_23,0.5183571,-0.3942587673664093,0.3942587673664093,decreases_risk
W0000242,8,graphsage_dim_3,-0.42135155,0.23806732892990112,0.23806732892990112,increases_risk
W0000242,9,autoencoder_reconstruction_error,1.5846834,0.22463689744472504,0.22463689744472504,increases_risk
W0000242,10,graphsage_dim_26,-0.5568969,-0.20915226638317108,0.20915226638317108,decreases_risk
W0000243,1,median_sent_sats,16.215356653941853,-3.2052643299102783,3.2052643299102783,decreases_risk
W0000243,2,avg_sent_sats,16.331246242550765,-0.8400496244430542,0.8400496244430542,decreases_risk
W0000243,3,autoencoder_reconstruction_error,0.41515544,-0.8000627160072327,0.8000627160072327,decreases_risk
W0000243,4,observations_per_tx,1.6363636362892562,-0.5597378015518188,0.5597378015518188,decreases_risk
W0000243,5,isolation_forest_anomaly_score,-0.0999354864539588,-0.5123050808906555,0.5123050808906555,decreases_risk
W0000243,6,country_entropy,2.896509612312497,-0.3734244704246521,0.3734244704246521,decreases_risk
W0000243,7,graphsage_dim_10,0.040096305,-0.27128446102142334,0.27128446102142334,decreases_risk
W0000243,8,deterministic_score,0.4275806451612902,-0.2334994226694107,0.2334994226694107,decreases_risk
W0000243,9,weighted_out_degree,20.0,-0.1829080581665039,0.1829080581665039,decreases_risk
W0000243,10,total_bytes_sent,11.534354220383522,-0.16681082546710968,0.16681082546710968,decreases_risk
W0000244,1,median_sent_sats,16.197576385369842,-3.939488172531128,3.939488172531128,decreases_risk
W0000244,2,autoencoder_reconstruction_error,0.46786684,-0.9396620988845825,0.9396620988845825,decreases_risk
W0000244,3,avg_sent_sats,16.793471899194568,-0.8419937491416931,0.8419937491416931,decreases_risk
W0000244,4,isolation_forest_anomaly_score,-0.1024356674260567,-0.46570640802383423,0.46570640802383423,decreases_risk
W0000244,5,observations_per_tx,1.4999999999375,0.360440731048584,0.360440731048584,increases_risk
W0000244,6,graphsage_dim_10,0.71540284,0.3169969618320465,0.3169969618320465,increases_risk
W0000244,7,country_entropy,3.332333508445066,0.30889588594436646,0.30889588594436646,increases_risk
W0000244,8,deterministic_score,0.4293870967741935,-0.2550949454307556,0.2550949454307556,decreases_risk
W0000244,9,graphsage_dim_23,-0.050694376,0.20508641004562378,0.20508641004562378,increases_risk
W0000244,10,weighted_out_degree,19.0,-0.18164946138858795,0.18164946138858795,decreases_risk
W0000245,1,median_sent_sats,15.618197520730522,-3.862065553665161,3.862065553665161,decreases_risk
W0000245,2,avg_sent_sats,15.789765952463773,-0.8968603610992432,0.8968603610992432,decreases_risk
W0000245,3,country_entropy,2.562421774254573,-0.4597606956958771,0.4597606956958771,decreases_risk
W0000245,4,graphsage_dim_23,0.24729408,-0.44123485684394836,0.44123485684394836,decreases_risk
W0000245,5,graphsage_dim_10,0.21532091,0.31030306220054626,0.31030306220054626,increases_risk
W0000245,6,isolation_forest_anomaly_score,-0.0224429845253739,-0.28843891620635986,0.28843891620635986,decreases_risk
W0000245,7,observations_per_tx,1.5454545453140496,0.20938992500305176,0.20938992500305176,increases_risk
W0000245,8,avg_outputs_per_tx,1.3636363636363635,-0.1822371780872345,0.1822371780872345,decreases_risk
W0000245,9,graphsage_dim_3,0.83307266,-0.17990778386592865,0.17990778386592865,decreases_risk
W0000245,10,total_bytes_sent,10.739132061324618,0.16474267840385437,0.16474267840385437,increases_risk
W0000246,1,median_sent_sats,16.03002043556596,-4.034820556640625,4.034820556640625,decreases_risk
W0000246,2,avg_sent_sats,16.299304305372754,-0.9440227746963501,0.9440227746963501,decreases_risk
W0000246,3,isolation_forest_anomaly_score,-0.0740647708268507,-0.45047786831855774,0.45047786831855774,decreases_risk
W0000246,4,graphsage_dim_23,-0.70612246,0.43805915117263794,0.43805915117263794,increases_risk
W0000246,5,country_entropy,2.891732594800824,-0.40363213419914246,0.40363213419914246,decreases_risk
W0000246,6,observations_per_tx,1.4705882352076125,0.3697458505630493,0.3697458505630493,increases_risk
W0000246,7,graphsage_dim_10,0.26899108,0.32988446950912476,0.32988446950912476,increases_risk
W0000246,8,graphsage_dim_6,0.16736268,-0.1719738245010376,0.1719738245010376,decreases_risk
W0000246,9,graphsage_dim_8,0.31243357,-0.1651538908481598,0.1651538908481598,decreases_risk
W0000246,10,weighted_out_degree,20.0,-0.15936709940433502,0.15936709940433502,decreases_risk
W0000247,1,median_sent_sats,15.649170959449874,-3.1001501083374023,3.1001501083374023,decreases_risk
W0000247,2,avg_sent_sats,16.31293585048632,-0.8215506672859192,0.8215506672859192,decreases_risk
W0000247,3,autoencoder_reconstruction_error,0.32878023,-0.7457873225212097,0.7457873225212097,decreases_risk
W0000247,4,observations_per_tx,1.8461538460118343,-0.610005795955658,0.610005795955658,decreases_risk
W0000247,5,graphsage_dim_10,-0.016472366,-0.5137321949005127,0.5137321949005127,decreases_risk
W0000247,6,isolation_forest_anomaly_score,-0.0995159234082755,-0.5067244172096252,0.5067244172096252,decreases_risk
W0000247,7,country_entropy,2.858893912251748,-0.3676934242248535,0.3676934242248535,decreases_risk
W0000247,8,graphsage_dim_23,-0.18617608,0.32457882165908813,0.32457882165908813,increases_risk
W0000247,9,deterministic_score,0.4765161290322581,-0.2040734440088272,0.2040734440088272,decreases_risk
W0000247,10,weighted_out_degree,19.0,-0.1721685230731964,0.1721685230731964,decreases_risk
W0000248,1,median_sent_sats,15.836298097380904,-3.431586980819702,3.431586980819702,decreases_risk
W0000248,2,avg_sent_sats,16.32414291114274,-0.9423034191131592,0.9423034191131592,decreases_risk
W0000248,3,autoencoder_reconstruction_error,0.3159741,-0.7484918832778931,0.7484918832778931,decreases_risk
W0000248,4,graphsage_dim_10,-0.00093274564,-0.5458971261978149,0.5458971261978149,decreases_risk
W0000248,5,isolation_forest_anomaly_score,-0.0933309158939764,-0.4398628771305084,0.4398628771305084,decreases_risk
W0000248,6,country_entropy,2.6029447911257995,-0.4013857841491699,0.4013857841491699,decreases_risk
W0000248,7,graphsage_dim_23,0.3927853,-0.3639548718929291,0.3639548718929291,decreases_risk
W0000248,8,observations_per_tx,1.411764705799308,0.36180490255355835,0.36180490255355835,increases_risk
W0000248,9,total_bytes_sent,11.210386912841766,-0.16681082546710968,0.16681082546710968,decreases_risk
W0000248,10,graphsage_dim_8,0.15753964,-0.16564378142356873,0.16564378142356873,decreases_risk
W0000249,1,median_sent_sats,16.057434615978934,-3.5101170539855957,3.5101170539855957,decreases_risk
W0000249,2,avg_sent_sats,16.785124280702213,-0.9007738828659058,0.9007738828659058,decreases_risk
W0000249,3,autoencoder_reconstruction_error,0.53447527,-0.7978543043136597,0.7978543043136597,decreases_risk
W0000249,4,graphsage_dim_10,-0.016675144,-0.6191740036010742,0.6191740036010742,decreases_risk
W0000249,5,isolation_forest_anomaly_score,-0.0967684468751076,-0.45097947120666504,0.45097947120666504,decreases_risk
W0000249,6,country_entropy,2.997874411189464,-0.3947835862636566,0.3947835862636566,decreases_risk
W0000249,7,graphsage_dim_23,-0.27417964,0.3322378396987915,0.3322378396987915,increases_risk
W0000249,8,observations_per_tx,1.4814814814266115,0.3044392466545105,0.3044392466545105,increases_risk
W0000249,9,deterministic_score,0.4666129032258064,-0.20872989296913147,0.20872989296913147,decreases_risk
W0000249,10,graphsage_dim_6,-0.326755,0.17690065503120422,0.17690065503120422,increases_risk
W0000250,1,autoencoder_reconstruction_error,0.7259198,-1.2551391124725342,1.2551391124725342,decreases_risk
W0000250,2,median_sent_sats,16.684264946248383,0.9008617401123047,0.9008617401123047,increases_risk
W0000250,3,avg_sent_sats,16.85602838076743,-0.8203757405281067,0.8203757405281067,decreases_risk
W0000250,4,country_entropy,2.5902024244826003,-0.6194869875907898,0.6194869875907898,decreases_risk
W0000250,5,graphsage_dim_23,0.39862663,-0.5721309781074524,0.5721309781074524,decreases_risk
W0000250,6,observations_per_tx,1.4615384614260354,0.4357503652572632,0.4357503652572632,increases_risk
W0000250,7,isolation_forest_anomaly_score,-0.0458306152869663,-0.42062047123908997,0.42062047123908997,decreases_risk
W0000250,8,graphsage_dim_10,0.11517287,0.34698787331581116,0.34698787331581116,increases_risk
W0000250,9,graphsage_dim_3,-0.025759682,-0.3218666613101959,0.3218666613101959,decreases_risk
W0000250,10,asn_entropy,3.0187005988270554,-0.2740932106971741,0.2740932106971741,decreases_risk
W0000251,1,median_sent_sats,16.203368901614496,-3.2411630153656006,3.2411630153656006,decreases_risk
W0000251,2,avg_sent_sats,16.40185188498956,-0.9095701575279236,0.9095701575279236,decreases_risk
W0000251,3,autoencoder_reconstruction_error,0.25010997,-0.7383753061294556,0.7383753061294556,decreases_risk
W0000251,4,graphsage_dim_10,-0.16863817,-0.66721510887146,0.66721510887146,decreases_risk
W0000251,5,isolation_forest_anomaly_score,-0.107825996656804,-0.4861939251422882,0.4861939251422882,decreases_risk
W0000251,6,country_entropy,2.9190199084490778,-0.38393571972846985,0.38393571972846985,decreases_risk
W0000251,7,observations_per_tx,1.4210526315041552,0.3421761393547058,0.3421761393547058,increases_risk
W0000251,8,deterministic_score,0.3549677419354838,-0.2275191694498062,0.2275191694498062,decreases_risk
W0000251,9,graphsage_dim_23,-0.080744,0.18411974608898163,0.18411974608898163,increases_risk
W0000251,10,graphsage_dim_8,-0.01869817,-0.1700545847415924,0.1700545847415924,decreases_risk
W0000252,1,median_sent_sats,16.132088788742617,-3.4570279121398926,3.4570279121398926,decreases_risk
W0000252,2,avg_sent_sats,16.28337713087018,-0.9084556102752686,0.9084556102752686,decreases_risk
W0000252,3,autoencoder_reconstruction_error,0.536516,-0.7929934859275818,0.7929934859275818,decreases_risk
W0000252,4,isolation_forest_anomaly_score,-0.0791207739413832,-0.4588826894760132,0.4588826894760132,decreases_risk
W0000252,5,graphsage_dim_23,0.5016277,-0.38679638504981995,0.38679638504981995,decreases_risk
W0000252,6,country_entropy,2.723692662155464,-0.3768478333950043,0.3768478333950043,decreases_risk
W0000252,7,observations_per_tx,1.27777777770679,0.3675612211227417,0.3675612211227417,increases_risk
W0000252,8,graphsage_dim_10,0.09678843,0.22475923597812653,0.22475923597812653,increases_risk
W0000252,9,graphsage_dim_3,-0.06406923,-0.21761150658130646,0.21761150658130646,decreases_risk
W0000252,10,deterministic_score,0.4713548387096773,-0.19988439977169037,0.19988439977169037,decreases_risk
W0000253,1,median_sent_sats,16.222561426455524,-3.1423563957214355,3.1423563957214355,decreases_risk
W0000253,2,avg_sent_sats,16.57718634598856,-0.8168235421180725,0.8168235421180725,decreases_risk
W0000253,3,autoencoder_reconstruction_error,0.3984081,-0.7877781987190247,0.7877781987190247,decreases_risk
W0000253,4,observations_per_tx,1.7222222221265433,-0.5597304105758667,0.5597304105758667,decreases_risk
W0000253,5,graphsage_dim_10,-0.09265156,-0.5516337752342224,0.5516337752342224,decreases_risk
W0000253,6,isolation_forest_anomaly_score,-0.105341569333748,-0.4975259304046631,0.4975259304046631,decreases_risk
W0000253,7,country_entropy,2.829541082892117,-0.3803398609161377,0.3803398609161377,decreases_risk
W0000253,8,deterministic_score,0.3804193548387096,-0.20557132363319397,0.20557132363319397,decreases_risk
W0000253,9,graphsage_dim_23,-0.04620319,0.19482964277267456,0.19482964277267456,increases_risk
W0000253,10,graphsage_dim_8,-0.003340602,-0.1700545847415924,0.1700545847415924,decreases_risk
W0000254,1,graphsage_dim_10,-0.342148,-1.0991567373275757,1.0991567373275757,decreases_risk
W0000254,2,country_entropy,2.959324402193546,-0.5184684991836548,0.5184684991836548,decreases_risk
W0000254,3,isolation_forest_anomaly_score,-0.0103408970977497,0.47851577401161194,0.47851577401161194,increases_risk
W0000254,4,graphsage_dim_23,-0.12240939,0.4453889727592468,0.4453889727592468,increases_risk
W0000254,5,avg_sent_sats,17.3337310611397,0.4394310414791107,0.4394310414791107,increases_risk
W0000254,6,observations_per_tx,1.4444444443909463,0.4112945795059204,0.4112945795059204,increases_risk
W0000254,7,graphsage_dim_3,0.54423374,-0.20705793797969818,0.20705793797969818,decreases_risk
W0000254,8,max_sent_sats,19.558434434936427,-0.19638413190841675,0.19638413190841675,decreases_risk
W0000254,9,graphsage_dim_26,-0.44288635,-0.1935858279466629,0.1935858279466629,decreases_risk
W0000254,10,graphsage_dim_8,0.51355743,-0.17534253001213074,0.17534253001213074,decreases_risk
W0000255,1,median_sent_sats,15.79865538337267,-3.7768023014068604,3.7768023014068604,decreases_risk
W0000255,2,avg_sent_sats,16.110505720167808,-0.9961990118026733,0.9961990118026733,decreases_risk
W0000255,3,graphsage_dim_10,-0.41559553,-0.7207701206207275,0.7207701206207275,decreases_risk
W0000255,4,isolation_forest_anomaly_score,-0.0948783341106105,-0.4784534275531769,0.4784534275531769,decreases_risk
W0000255,5,graphsage_dim_23,0.5300905,-0.35940948128700256,0.35940948128700256,decreases_risk
W0000255,6,observations_per_tx,1.4736842104487535,0.35889941453933716,0.35889941453933716,increases_risk
W0000255,7,country_entropy,3.1044830413473123,0.30304384231567383,0.30304384231567383,increases_risk
W0000255,8,deterministic_score,0.3408709677419355,-0.18130898475646973,0.18130898475646973,decreases_risk
W0000255,9,graphsage_dim_3,0.37051386,-0.17263509333133698,0.17263509333133698,decreases_risk
W0000255,10,graphsage_dim_6,0.24187501,-0.1662711203098297,0.1662711203098297,decreases_risk
W0000256,1,median_sent_sats,15.868016380983804,-3.235128879547119,3.235128879547119,decreases_risk
W0000256,2,avg_sent_sats,16.443717366124407,-0.8094273805618286,0.8094273805618286,decreases_risk
W0000256,3,autoencoder_reconstruction_error,0.21124762,-0.7650092840194702,0.7650092840194702,decreases_risk
W0000256,4,isolation_forest_anomaly_score,-0.125799765993724,-0.5014955401420593,0.5014955401420593,decreases_risk
W0000256,5,country_entropy,2.8989842822057974,-0.3831140398979187,0.3831140398979187,decreases_risk
W0000256,6,graphsage_dim_23,0.028208397,-0.3449249267578125,0.3449249267578125,decreases_risk
W0000256,7,observations_per_tx,1.5238095237369615,0.3189552426338196,0.3189552426338196,increases_risk
W0000256,8,graphsage_dim_10,0.040142722,-0.3165668249130249,0.3165668249130249,decreases_risk
W0000256,9,deterministic_score,0.2977096774193548,-0.21527710556983948,0.21527710556983948,decreases_risk
W0000256,10,graphsage_dim_6,0.26683387,-0.17023272812366486,0.17023272812366486,decreases_risk
W0000257,1,median_sent_sats,16.153267602001563,-3.3377106189727783,3.3377106189727783,decreases_risk
W0000257,2,avg_sent_sats,16.755483013451837,-0.8369913697242737,0.8369913697242737,decreases_risk
W0000257,3,autoencoder_reconstruction_error,0.5852746,-0.8060473203659058,0.8060473203659058,decreases_risk
W0000257,4,observations_per_tx,1.6153846153224851,-0.6301250457763672,0.6301250457763672,decreases_risk
W0000257,5,isolation_forest_anomaly_score,-0.0930737053136764,-0.5124233365058899,0.5124233365058899,decreases_risk
W0000257,6,country_entropy,2.925611881619399,-0.3621557652950287,0.3621557652950287,decreases_risk
W0000257,7,graphsage_dim_10,0.43991703,0.29044076800346375,0.29044076800346375,increases_risk
W0000257,8,deterministic_score,0.4240967741935486,-0.25082582235336304,0.25082582235336304,decreases_risk
W0000257,9,graphsage_dim_23,-0.038154595,0.20746935904026031,0.20746935904026031,increases_risk
W0000257,10,graphsage_dim_6,-0.16717695,0.17486539483070374,0.17486539483070374,increases_risk
W0000258,1,median_sent_sats,15.826237805422338,-3.669574022293091,3.669574022293091,decreases_risk
W0000258,2,avg_sent_sats,16.601257523759728,-0.9086593985557556,0.9086593985557556,decreases_risk
W0000258,3,autoencoder_reconstruction_error,0.6153114,-0.818472683429718,0.818472683429718,decreases_risk
W0000258,4,graphsage_dim_10,-0.1997807,-0.6483654975891113,0.6483654975891113,decreases_risk
W0000258,5,isolation_forest_anomaly_score,-0.0697867942918728,-0.39836758375167847,0.39836758375167847,decreases_risk
W0000258,6,observations_per_tx,1.4999999999375,0.33412081003189087,0.33412081003189087,increases_risk
W0000258,7,graphsage_dim_23,-0.103621304,0.30313754081726074,0.30313754081726074,increases_risk
W0000258,8,country_entropy,3.323934896284056,0.2859201431274414,0.2859201431274414,increases_risk
W0000258,9,weighted_out_degree,28.0,-0.19445089995861053,0.19445089995861053,decreases_risk
W0000258,10,deterministic_score,0.4803225806451613,-0.1907140016555786,0.1907140016555786,decreases_risk
W0000259,1,median_sent_sats,17.131277730114217,2.409019708633423,2.409019708633423,increases_risk
W0000259,2,isolation_forest_anomaly_score,0.0130885003357973,0.807208240032196,0.807208240032196,increases_risk
W0000259,3,observations_per_tx,1.5333333332311112,0.46367210149765015,0.46367210149765015,increases_risk
W0000259,4,graphsage_dim_10,0.013145793,-0.4343269467353821,0.4343269467353821,decreases_risk
W0000259,5,avg_sent_sats,17.179372133851903,0.43357935547828674,0.43357935547828674,increases_risk
W0000259,6,country_entropy,2.8212448365830625,-0.40363508462905884,0.40363508462905884,decreases_risk
W0000259,7,graphsage_dim_23,0.808398,-0.3780556619167328,0.3780556619167328,decreases_risk
W0000259,8,autoencoder_reconstruction_error,2.3118732,0.2943279445171356,0.2943279445171356,increases_risk
W0000259,9,graphsage_dim_3,-0.40489033,0.22520366311073303,0.22520366311073303,increases_risk
W0000259,10,graphsage_dim_6,0.4974708,-0.18564139306545258,0.18564139306545258,decreases_risk
W0000260,1,autoencoder_reconstruction_error,0.57261133,-1.2264959812164307,1.2264959812164307,decreases_risk
W0000260,2,observations_per_tx,1.6538461537825444,-1.1181286573410034,1.1181286573410034,decreases_risk
W0000260,3,median_sent_sats,16.441892174816108,-0.8764168620109558,0.8764168620109558,decreases_risk
W0000260,4,graphsage_dim_23,0.102026656,-0.6118760108947754,0.6118760108947754,decreases_risk
W0000260,5,isolation_forest_anomaly_score,-0.0692531605531378,-0.5665056109428406,0.5665056109428406,decreases_risk
W0000260,6,country_entropy,2.9871649893773764,-0.4095044434070587,0.4095044434070587,decreases_risk
W0000260,7,graphsage_dim_10,0.5437731,0.27475857734680176,0.27475857734680176,increases_risk
W0000260,8,graphsage_dim_8,0.517088,-0.19965362548828125,0.19965362548828125,decreases_risk
W0000260,9,total_bytes_sent,11.6336729910684,-0.16354967653751373,0.16354967653751373,decreases_risk
W0000260,10,graphsage_dim_6,0.48209596,-0.16190026700496674,0.16190026700496674,decreases_risk
W0000261,1,median_sent_sats,15.843330067017538,-3.2930707931518555,3.2930707931518555,decreases_risk
W0000261,2,autoencoder_reconstruction_error,0.403949,-0.8217298984527588,0.8217298984527588,decreases_risk
W0000261,3,avg_sent_sats,16.42316080056718,-0.8195738196372986,0.8195738196372986,decreases_risk
W0000261,4,observations_per_tx,1.6521739129716446,-0.6486083269119263,0.6486083269119263,decreases_risk
W0000261,5,graphsage_dim_10,-0.018153295,-0.527168333530426,0.527168333530426,decreases_risk
W0000261,6,isolation_forest_anomaly_score,-0.0925464445478005,-0.47866785526275635,0.47866785526275635,decreases_risk
W0000261,7,country_entropy,3.089369145102179,0.29110318422317505,0.29110318422317505,increases_risk
W0000261,8,deterministic_score,0.3991612903225804,-0.23520004749298096,0.23520004749298096,decreases_risk
W0000261,9,graphsage_dim_23,-0.06586617,0.1853284388780594,0.1853284388780594,increases_risk
W0000261,10,weighted_out_degree,19.0,-0.1829080581665039,0.1829080581665039,decreases_risk
W0000262,1,median_sent_sats,15.974103159918226,-3.2789156436920166,3.2789156436920166,decreases_risk
W0000262,2,avg_sent_sats,16.482436340348418,-0.8366472125053406,0.8366472125053406,decreases_risk
W0000262,3,autoencoder_reconstruction_error,0.4414468,-0.82895827293396,0.82895827293396,decreases_risk
W0000262,4,observations_per_tx,1.6538461537825444,-0.7598459720611572,0.7598459720611572,decreases_risk
W0000262,5,isolation_forest_anomaly_score,-0.1070787741065404,-0.4999910891056061,0.4999910891056061,decreases_risk
W0000262,6,graphsage_dim_23,0.08005555,-0.37292441725730896,0.37292441725730896,decreases_risk
W0000262,7,graphsage_dim_10,0.57456416,0.26513731479644775,0.26513731479644775,increases_risk
W0000262,8,deterministic_score,0.456225806451613,-0.23345378041267395,0.23345378041267395,decreases_risk
W0000262,9,total_bytes_sent,11.682263094205888,-0.1734655201435089,0.1734655201435089,decreases_risk
W0000262,10,graphsage_dim_8,0.101348,-0.17326420545578003,0.17326420545578003,decreases_risk
W0000263,1,median_sent_sats,15.785789294994215,-3.0454673767089844,3.0454673767089844,decreases_risk
W0000263,2,autoencoder_reconstruction_error,0.62882805,-0.7567949295043945,0.7567949295043945,decreases_risk
W0000263,3,avg_sent_sats,16.541973261347,-0.7228975296020508,0.7228975296020508,decreases_risk
W0000263,4,observations_per_tx,1.9199999999232,-0.6857529878616333,0.6857529878616333,decreases_risk
W0000263,5,graphsage_dim_10,-0.15010534,-0.5277581214904785,0.5277581214904785,decreases_risk
W0000263,6,isolation_forest_anomaly_score,-0.0799714856331507,-0.5025040507316589,0.5025040507316589,decreases_risk
W0000263,7,graphsage_dim_23,0.14677815,-0.39713534712791443,0.39713534712791443,decreases_risk
W0000263,8,country_entropy,3.0441836477928605,-0.2282688170671463,0.2282688170671463,decreases_risk
W0000263,9,deterministic_score,0.3917419354838711,-0.18335643410682678,0.18335643410682678,decreases_risk
W0000263,10,total_bytes_sent,11.659585301210097,-0.17672666907310486,0.17672666907310486,decreases_risk
W0000264,1,median_sent_sats,16.010698173212244,-3.831509590148926,3.831509590148926,decreases_risk
W0000264,2,avg_sent_sats,16.298760222965807,-0.9728416204452515,0.9728416204452515,decreases_risk
W0000264,3,autoencoder_reconstruction_error,0.68303955,-0.8047770857810974,0.8047770857810974,decreases_risk
W0000264,4,graphsage_dim_10,-0.23277639,-0.6284489631652832,0.6284489631652832,decreases_risk
W0000264,5,observations_per_tx,1.3636363635743802,0.37182360887527466,0.37182360887527466,increases_risk
W0000264,6,isolation_forest_anomaly_score,-0.0735909362854079,-0.3663892149925232,0.3663892149925232,decreases_risk
W0000264,7,country_entropy,3.3685637253687,0.3216201663017273,0.3216201663017273,increases_risk
W0000264,8,graphsage_dim_23,-0.20074743,0.3207562565803528,0.3207562565803528,increases_risk
W0000264,9,graphsage_dim_6,-0.9123482,0.17826786637306213,0.17826786637306213,increases_risk
W0000264,10,weighted_out_degree,17.0,0.13689781725406647,0.13689781725406647,increases_risk
W0000265,1,median_sent_sats,16.780874599276626,2.104724407196045,2.104724407196045,increases_risk
W0000265,2,observations_per_tx,1.3529411763910035,0.623098611831665,0.623098611831665,increases_risk
W0000265,3,graphsage_dim_23,0.6286309,-0.47515562176704407,0.47515562176704407,decreases_risk
W0000265,4,country_entropy,2.6928786371077003,-0.4512932598590851,0.4512932598590851,decreases_risk
W0000265,5,isolation_forest_anomaly_score,-0.0738090887050433,-0.41614463925361633,0.41614463925361633,decreases_risk
W0000265,6,graphsage_dim_3,-0.7342162,0.2928740084171295,0.2928740084171295,increases_risk
W0000265,7,graphsage_dim_10,0.05286216,0.28777530789375305,0.28777530789375305,increases_risk
W0000265,8,asn_entropy,2.897605705633725,-0.2131226658821106,0.2131226658821106,decreases_risk
W0000265,9,graphsage_dim_6,-0.03718318,0.18545134365558624,0.18545134365558624,increases_risk
W0000265,10,graphsage_dim_22,0.42069203,0.17357055842876434,0.17357055842876434,increases_risk
W0000266,1,median_sent_sats,15.90390391234193,-3.891063928604126,3.891063928604126,decreases_risk
W0000266,2,avg_sent_sats,16.127825754332346,-0.9756693840026855,0.9756693840026855,decreases_risk
W0000266,3,graphsage_dim_10,-0.27002168,-0.6885781288146973,0.6885781288146973,decreases_risk
W0000266,4,graphsage_dim_23,0.21194816,-0.4453406035900116,0.4453406035900116,decreases_risk
W0000266,5,isolation_forest_anomaly_score,-0.0545567264285637,-0.42006558179855347,0.42006558179855347,decreases_risk
W0000266,6,observations_per_tx,1.222222222154321,0.3686085343360901,0.3686085343360901,increases_risk
W0000266,7,country_entropy,3.2031330422772166,0.2957995533943176,0.2957995533943176,increases_risk
W0000266,8,graphsage_dim_3,-0.06762281,-0.19568316638469696,0.19568316638469696,decreases_risk
W0000266,9,graphsage_dim_6,-0.33466637,0.17946076393127441,0.17946076393127441,increases_risk
W0000266,10,weighted_out_degree,19.0,-0.17440417408943176,0.17440417408943176,decreases_risk
W0000267,1,median_sent_sats,16.30353637974019,-3.78227162361145,3.78227162361145,decreases_risk
W0000267,2,avg_sent_sats,16.701065534699577,-0.851317822933197,0.851317822933197,decreases_risk
W0000267,3,autoencoder_reconstruction_error,0.44225985,-0.7875933051109314,0.7875933051109314,decreases_risk
W0000267,4,observations_per_tx,1.6538461537825444,-0.739003598690033,0.739003598690033,decreases_risk
W0000267,5,isolation_forest_anomaly_score,-0.0838945626155263,-0.4831872284412384,0.4831872284412384,decreases_risk
W0000267,6,graphsage_dim_23,-0.16570932,0.34550905227661133,0.34550905227661133,increases_risk
W0000267,7,country_entropy,3.288721693236797,0.29553163051605225,0.29553163051605225,increases_risk
W0000267,8,graphsage_dim_10,0.45218393,0.27681729197502136,0.27681729197502136,increases_risk
W0000267,9,weighted_out_degree,24.0,-0.18164946138858795,0.18164946138858795,decreases_risk
W0000267,10,total_bytes_sent,11.775974110580126,-0.1734655201435089,0.1734655201435089,decreases_risk
W0000268,1,median_sent_sats,16.23456422308592,-3.4863901138305664,3.4863901138305664,decreases_risk
W0000268,2,autoencoder_reconstruction_error,0.27585885,-0.8590799570083618,0.8590799570083618,decreases_risk
W0000268,3,avg_sent_sats,16.776266135271392,-0.8318403959274292,0.8318403959274292,decreases_risk
W0000268,4,observations_per_tx,1.6666666665873016,-0.7342512607574463,0.7342512607574463,decreases_risk
W0000268,5,isolation_forest_anomaly_score,-0.1008881749072473,-0.48217177391052246,0.48217177391052246,decreases_risk
W0000268,6,country_entropy,3.3179403380953767,0.29874497652053833,0.29874497652053833,increases_risk
W0000268,7,graphsage_dim_10,0.50129294,0.2918252646923065,0.2918252646923065,increases_risk
W0000268,8,deterministic_score,0.4439677419354839,-0.23868727684020996,0.23868727684020996,decreases_risk
W0000268,9,weighted_out_degree,24.0,-0.18164946138858795,0.18164946138858795,decreases_risk
W0000268,10,total_bytes_sent,11.46271579377725,-0.1734655201435089,0.1734655201435089,decreases_risk
W0000269,1,median_sent_sats,16.26234905681058,-3.429669141769409,3.429669141769409,decreases_risk
W0000269,2,avg_sent_sats,16.37220355163731,-0.8177785873413086,0.8177785873413086,decreases_risk
W0000269,3,autoencoder_reconstruction_error,0.58337545,-0.7827503681182861,0.7827503681182861,decreases_risk
W0000269,4,observations_per_tx,1.7499999999125,-0.702363908290863,0.702363908290863,decreases_risk
W0000269,5,isolation_forest_anomaly_score,-0.0842103889364806,-0.45827698707580566,0.45827698707580566,decreases_risk
W0000269,6,graphsage_dim_23,0.15394588,-0.43176040053367615,0.43176040053367615,decreases_risk
W0000269,7,country_entropy,3.3996346952199854,0.29773616790771484,0.29773616790771484,increases_risk
W0000269,8,graphsage_dim_10,0.3216525,0.2743261158466339,0.2743261158466339,increases_risk
W0000269,9,deterministic_score,0.3985806451612904,-0.19911853969097137,0.19911853969097137,decreases_risk
W0000269,10,graphsage_dim_6,-0.12264175,0.175297349691391,0.175297349691391,increases_risk
W0000270,1,median_sent_sats,15.89191988211556,-3.728375196456909,3.728375196456909,decreases_risk
W0000270,2,autoencoder_reconstruction_error,0.7063418,-0.8719648718833923,0.8719648718833923,decreases_risk
W0000270,3,avg_sent_sats,16.536665954082693,-0.7567543983459473,0.7567543983459473,decreases_risk
W0000270,4,observations_per_tx,1.777777777711934,-0.7442123889923096,0.7442123889923096,decreases_risk
W0000270,5,isolation_forest_anomaly_score,-0.0634032901270471,-0.4311644434928894,0.4311644434928894,decreases_risk
W0000270,6,graphsage_dim_23,-0.17511898,0.3129323720932007,0.3129323720932007,increases_risk
W0000270,7,country_entropy,3.3996380298866704,0.2929975986480713,0.2929975986480713,increases_risk
W0000270,8,graphsage_dim_10,0.2574321,0.2807618975639343,0.2807618975639343,increases_risk
W0000270,9,weighted_out_degree,27.0,-0.18164946138858795,0.18164946138858795,decreases_risk
W0000270,10,total_bytes_sent,11.858244170230371,-0.16460323333740234,0.16460323333740234,decreases_risk
W0000271,1,median_sent_sats,17.189246399592225,2.113524913787842,2.113524913787842,increases_risk
W0000271,2,observations_per_tx,1.7222222221265433,-1.091077446937561,1.091077446937561,decreases_risk
W0000271,3,graphsage_dim_10,-0.23727046,-0.9327174425125122,0.9327174425125122,decreases_risk
W0000271,4,isolation_forest_anomaly_score,-0.0604442641857319,-0.47233304381370544,0.47233304381370544,decreases_risk
W0000271,5,country_entropy,3.316722654442335,0.41118305921554565,0.41118305921554565,increases_risk
W0000271,6,avg_sent_sats,17.386150627825348,0.3886655569076538,0.3886655569076538,increases_risk
W0000271,7,graphsage_dim_23,-0.0030402765,-0.2652635872364044,0.2652635872364044,decreases_risk
W0000271,8,burstiness,1.155086663042676,-0.21911713480949402,0.21911713480949402,decreases_risk
W0000271,9,autoencoder_reconstruction_error,1.3712636,0.21899214386940002,0.21899214386940002,increases_risk
W0000271,10,weighted_out_degree,19.0,-0.20349431037902832,0.20349431037902832,decreases_risk
W0000272,1,median_sent_sats,16.036148230470477,-3.1129214763641357,3.1129214763641357,decreases_risk
W0000272,2,avg_sent_sats,16.19420537466088,-0.8077253699302673,0.8077253699302673,decreases_risk
W0000272,3,autoencoder_reconstruction_error,0.52450013,-0.7059308886528015,0.7059308886528015,decreases_risk
W0000272,4,observations_per_tx,1.6499999999175,-0.6363166570663452,0.6363166570663452,decreases_risk
W0000272,5,graphsage_dim_10,-0.22542459,-0.5711759328842163,0.5711759328842163,decreases_risk
W0000272,6,isolation_forest_anomaly_score,-0.0941111709311365,-0.5168958902359009,0.5168958902359009,decreases_risk
W0000272,7,country_entropy,2.9535867464620083,-0.3572428524494171,0.3572428524494171,decreases_risk
W0000272,8,graphsage_dim_23,-0.096512854,0.2471388727426529,0.2471388727426529,increases_risk
W0000272,9,deterministic_score,0.424,-0.2106238603591919,0.2106238603591919,decreases_risk
W0000272,10,graphsage_dim_6,-0.15217575,0.16908538341522217,0.16908538341522217,increases_risk
W0000273,1,median_sent_sats,16.11085379188175,-3.5080971717834473,3.5080971717834473,decreases_risk
W0000273,2,autoencoder_reconstruction_error,0.4954134,-0.8119555115699768,0.8119555115699768,decreases_risk
W0000273,3,avg_sent_sats,16.710632230098525,-0.7859442830085754,0.7859442830085754,decreases_risk
W0000273,4,graphsage_dim_10,-0.09559151,-0.5407649874687195,0.5407649874687195,decreases_risk
W0000273,5,isolation_forest_anomaly_score,-0.1002868683328005,-0.4907396137714386,0.4907396137714386,decreases_risk
W0000273,6,observations_per_tx,1.5714285713537417,-0.46139422059059143,0.46139422059059143,decreases_risk
W0000273,7,graphsage_dim_23,-0.6569498,0.435899555683136,0.435899555683136,increases_risk
W0000273,8,deterministic_score,0.3635483870967743,-0.21825002133846283,0.21825002133846283,decreases_risk
W0000273,9,graphsage_dim_6,-0.295012,0.17826786637306213,0.17826786637306213,increases_risk
W0000273,10,total_bytes_sent,11.408886298168593,-0.17672666907310486,0.17672666907310486,decreases_risk
W0000274,1,median_sent_sats,16.28518482346744,-3.5678176879882812,3.5678176879882812,decreases_risk
W0000274,2,avg_sent_sats,16.66852845302548,-0.9794827103614807,0.9794827103614807,decreases_risk
W0000274,3,autoencoder_reconstruction_error,0.54074264,-0.8021882772445679,0.8021882772445679,decreases_risk
W0000274,4,country_entropy,2.6659614479285128,-0.4052024185657501,0.4052024185657501,decreases_risk
W0000274,5,isolation_forest_anomaly_score,-0.0774207862592955,-0.3916195333003998,0.3916195333003998,decreases_risk
W0000274,6,observations_per_tx,1.3333333332444444,0.37344062328338623,0.37344062328338623,increases_risk
W0000274,7,graphsage_dim_23,0.4117807,-0.37136110663414,0.37136110663414,decreases_risk
W0000274,8,graphsage_dim_10,0.30573902,0.3115610182285309,0.3115610182285309,increases_risk
W0000274,9,graphsage_dim_3,-0.5440301,0.20038193464279175,0.20038193464279175,increases_risk
W0000274,10,graphsage_dim_6,0.1351712,-0.1683231145143509,0.1683231145143509,decreases_risk
W0000275,1,median_sent_sats,16.031729811019353,-3.4609813690185547,3.4609813690185547,decreases_risk
W0000275,2,avg_sent_sats,16.456458278236102,-0.9101502299308777,0.9101502299308777,decreases_risk
W0000275,3,autoencoder_reconstruction_error,0.48862123,-0.7320051789283752,0.7320051789283752,decreases_risk
W0000275,4,graphsage_dim_10,-0.031204842,-0.6115405559539795,0.6115405559539795,decreases_risk
W0000275,5,country_entropy,2.684771938731434,-0.4308437407016754,0.4308437407016754,decreases_risk
W0000275,6,graphsage_dim_23,0.36530074,-0.4222584664821625,0.4222584664821625,decreases_risk
W0000275,7,isolation_forest_anomaly_score,-0.0624154864248909,-0.39004749059677124,0.39004749059677124,decreases_risk
W0000275,8,observations_per_tx,1.499999999875,0.3267650008201599,0.3267650008201599,increases_risk
W0000275,9,graphsage_dim_3,-0.00085663795,-0.20957064628601074,0.20957064628601074,decreases_risk
W0000275,10,total_bytes_sent,10.849977658141125,0.1670037806034088,0.1670037806034088,increases_risk
W0000276,1,median_sent_sats,16.15765803650417,-3.3709161281585693,3.3709161281585693,decreases_risk
W0000276,2,avg_sent_sats,16.418532269410672,-0.8702585101127625,0.8702585101127625,decreases_risk
W0000276,3,autoencoder_reconstruction_error,0.34109482,-0.8266786932945251,0.8266786932945251,decreases_risk
W0000276,4,isolation_forest_anomaly_score,-0.1016753172333365,-0.4778793454170227,0.4778793454170227,decreases_risk
W0000276,5,graphsage_dim_23,0.19633436,-0.38818684220314026,0.38818684220314026,decreases_risk
W0000276,6,country_entropy,2.836047807552491,-0.3738580346107483,0.3738580346107483,decreases_risk
W0000276,7,graphsage_dim_10,0.14169015,0.3196362257003784,0.3196362257003784,increases_risk
W0000276,8,deterministic_score,0.3725483870967741,-0.21264620125293732,0.21264620125293732,decreases_risk
W0000276,9,graphsage_dim_6,-0.2118126,0.17060747742652893,0.17060747742652893,increases_risk
W0000276,10,observations_per_tx,1.5416666666024306,0.16966843605041504,0.16966843605041504,increases_risk
W0000277,1,median_sent_sats,15.726781494176231,-3.245779275894165,3.245779275894165,decreases_risk
W0000277,2,avg_sent_sats,16.35252238893878,-0.801283597946167,0.801283597946167,decreases_risk
W0000277,3,autoencoder_reconstruction_error,0.37021714,-0.7878425717353821,0.7878425717353821,decreases_risk
W0000277,4,observations_per_tx,1.6249999998984377,-0.6954208612442017,0.6954208612442017,decreases_risk
W0000277,5,isolation_forest_anomaly_score,-0.1015639545845073,-0.5133658647537231,0.5133658647537231,decreases_risk
W0000277,6,country_entropy,2.909346447745378,-0.3441501557826996,0.3441501557826996,decreases_risk
W0000277,7,graphsage_dim_23,-0.192944,0.3242678642272949,0.3242678642272949,increases_risk
W0000277,8,graphsage_dim_10,0.31718138,0.24315311014652252,0.24315311014652252,increases_risk
W0000277,9,deterministic_score,0.435483870967742,-0.2406507432460785,0.2406507432460785,decreases_risk
W0000277,10,weighted_out_degree,21.0,-0.1721685230731964,0.1721685230731964,decreases_risk
W0000278,1,median_sent_sats,15.704657139587283,-3.9653878211975098,3.9653878211975098,decreases_risk
W0000278,2,avg_sent_sats,16.170067285675582,-0.9492365717887878,0.9492365717887878,decreases_risk
W0000278,3,graphsage_dim_10,-0.02924272,-0.6251562833786011,0.6251562833786011,decreases_risk
W0000278,4,autoencoder_reconstruction_error,0.7559228,-0.498584508895874,0.498584508895874,decreases_risk
W0000278,5,isolation_forest_anomaly_score,-0.0695181989067671,-0.4039539396762848,0.4039539396762848,decreases_risk
W0000278,6,observations_per_tx,1.2666666665822222,0.3551139235496521,0.3551139235496521,increases_risk
W0000278,7,graphsage_dim_23,-0.32835934,0.311413049697876,0.311413049697876,increases_risk
W0000278,8,country_entropy,3.33191079483375,0.2867749333381653,0.2867749333381653,increases_risk
W0000278,9,deterministic_score,0.4688387096774193,-0.22380438446998596,0.22380438446998596,decreases_risk
W0000278,10,weighted_out_degree,22.0,-0.18164946138858795,0.18164946138858795,decreases_risk
W0000279,1,median_sent_sats,16.046830986617294,-3.4275565147399902,3.4275565147399902,decreases_risk
W0000279,2,avg_sent_sats,16.439729504970074,-0.8656456470489502,0.8656456470489502,decreases_risk
W0000279,3,autoencoder_reconstruction_error,0.5297102,-0.7509057521820068,0.7509057521820068,decreases_risk
W0000279,4,graphsage_dim_10,-0.35818508,-0.6854541301727295,0.6854541301727295,decreases_risk
W0000279,5,isolation_forest_anomaly_score,-0.1061520224264202,-0.4832671582698822,0.4832671582698822,decreases_risk
W0000279,6,graphsage_dim_23,-0.4323258,0.3304329514503479,0.3304329514503479,increases_risk
W0000279,7,country_entropy,2.9894320440940483,-0.33002516627311707,0.33002516627311707,decreases_risk
W0000279,8,observations_per_tx,1.399999999944,0.317126989364624,0.317126989364624,increases_risk
W0000279,9,deterministic_score,0.4446129032258065,-0.20921900868415833,0.20921900868415833,decreases_risk
W0000279,10,graphsage_dim_6,-0.099830404,0.17115554213523865,0.17115554213523865,increases_risk
W0000280,1,median_sent_sats,15.960686585018763,-3.7201669216156006,3.7201669216156006,decreases_risk
W0000280,2,avg_sent_sats,16.12039552327095,-0.9611692428588867,0.9611692428588867,decreases_risk
W0000280,3,graphsage_dim_10,-0.4809088,-0.7666341066360474,0.7666341066360474,decreases_risk
W0000280,4,isolation_forest_anomaly_score,-0.0596222946567441,-0.441386342048645,0.441386342048645,decreases_risk
W0000280,5,graphsage_dim_23,-0.52356267,0.433549702167511,0.433549702167511,increases_risk
W0000280,6,country_entropy,2.7423475278727927,-0.3995027244091034,0.3995027244091034,decreases_risk
W0000280,7,observations_per_tx,1.294117646982699,0.33205389976501465,0.33205389976501465,increases_risk
W0000280,8,graphsage_dim_6,-0.620393,0.18092946708202362,0.18092946708202362,increases_risk
W0000280,9,graphsage_dim_3,0.12077041,-0.1623305231332779,0.1623305231332779,decreases_risk
W0000280,10,weighted_out_degree,21.0,-0.15936709940433502,0.15936709940433502,decreases_risk
W0000281,1,median_sent_sats,16.008900682060908,-4.099922180175781,4.099922180175781,decreases_risk
W0000281,2,avg_sent_sats,16.737026968929197,-0.9158914089202881,0.9158914089202881,decreases_risk
W0000281,3,graphsage_dim_10,-0.2286298,-0.6621134281158447,0.6621134281158447,decreases_risk
W0000281,4,observations_per_tx,1.6818181817417357,-0.6024007797241211,0.6024007797241211,decreases_risk
W0000281,5,graphsage_dim_23,-0.53742534,0.46884965896606445,0.46884965896606445,increases_risk
W0000281,6,isolation_forest_anomaly_score,-0.050375193111336,-0.38995012640953064,0.38995012640953064,decreases_risk
W0000281,7,country_entropy,3.4606175932010337,0.3407672047615051,0.3407672047615051,increases_risk
W0000281,8,total_bytes_sent,11.480990942939878,-0.18601463735103607,0.18601463735103607,decreases_risk
W0000281,9,weighted_out_degree,15.0,0.17065800726413727,0.17065800726413727,increases_risk
W0000281,10,graphsage_dim_6,-0.06463317,0.16537830233573914,0.16537830233573914,increases_risk
W0000282,1,autoencoder_reconstruction_error,0.7458398,-1.2485672235488892,1.2485672235488892,decreases_risk
W0000282,2,median_sent_sats,16.451356880667436,-0.9640339016914368,0.9640339016914368,decreases_risk
W0000282,3,isolation_forest_anomaly_score,-0.090140581735759,-0.5521135926246643,0.5521135926246643,decreases_risk
W0000282,4,observations_per_tx,1.3684210525595568,0.5432671308517456,0.5432671308517456,increases_risk
W0000282,5,graphsage_dim_23,0.47118348,-0.4790993630886078,0.4790993630886078,decreases_risk
W0000282,6,deterministic_score,0.4365806451612902,-0.4533346891403198,0.4533346891403198,decreases_risk
W0000282,7,graphsage_dim_10,0.6614721,0.3703795373439789,0.3703795373439789,increases_risk
W0000282,8,country_entropy,3.466461223074457,0.358314573764801,0.358314573764801,increases_risk
W0000282,9,avg_sent_sats,16.935834941494928,0.32651105523109436,0.32651105523109436,increases_risk
W0000282,10,avg_outputs_per_tx,1.3478260869565215,-0.2576668858528137,0.2576668858528137,decreases_risk
W0000283,1,median_sent_sats,16.0505389262901,-3.041215419769287,3.041215419769287,decreases_risk
W0000283,2,autoencoder_reconstruction_error,0.39530703,-0.7035049200057983,0.7035049200057983,decreases_risk
W0000283,3,avg_sent_sats,16.77345651731323,-0.7034833431243896,0.7034833431243896,decreases_risk
W0000283,4,observations_per_tx,1.7058823528408305,-0.5892044901847839,0.5892044901847839,decreases_risk
W0000283,5,graphsage_dim_10,-0.24600019,-0.5444211959838867,0.5444211959838867,decreases_risk
W0000283,6,isolation_forest_anomaly_score,-0.1077773630117446,-0.48896050453186035,0.48896050453186035,decreases_risk
W0000283,7,graphsage_dim_23,0.028158478,-0.39943328499794006,0.39943328499794006,decreases_risk
W0000283,8,country_entropy,2.901577885218159,-0.375400185585022,0.375400185585022,decreases_risk
W0000283,9,deterministic_score,0.4144516129032259,-0.2096615880727768,0.2096615880727768,decreases_risk
W0000283,10,graphsage_dim_8,-0.088697985,-0.17326420545578003,0.17326420545578003,decreases_risk
W0000284,1,median_sent_sats,15.676208541646409,-3.3365254402160645,3.3365254402160645,decreases_risk
W0000284,2,avg_sent_sats,16.052974841025282,-0.8177788853645325,0.8177788853645325,decreases_risk
W0000284,3,autoencoder_reconstruction_error,0.68486047,-0.6873536109924316,0.6873536109924316,decreases_risk
W0000284,4,observations_per_tx,1.6249999998984377,-0.5941644310951233,0.5941644310951233,decreases_risk
W0000284,5,graphsage_dim_10,-0.059240486,-0.5184367299079895,0.5184367299079895,decreases_risk
W0000284,6,isolation_forest_anomaly_score,-0.0660821123516741,-0.45898786187171936,0.45898786187171936,decreases_risk
W0000284,7,country_entropy,2.5683127888314123,-0.4029926061630249,0.4029926061630249,decreases_risk
W0000284,8,graphsage_dim_23,-0.12802996,0.32586735486984253,0.32586735486984253,increases_risk
W0000284,9,weighted_out_degree,19.0,-0.1721685230731964,0.1721685230731964,decreases_risk
W0000284,10,graphsage_dim_6,-0.03877543,0.1669445037841797,0.1669445037841797,increases_risk
W0000285,1,median_sent_sats,16.02569737245133,-3.395338535308838,3.395338535308838,decreases_risk
W0000285,2,avg_sent_sats,16.37989616252991,-0.8828813433647156,0.8828813433647156,decreases_risk
W0000285,3,autoencoder_reconstruction_error,0.5103055,-0.7471364736557007,0.7471364736557007,decreases_risk
W0000285,4,graphsage_dim_10,-0.2547921,-0.6423298120498657,0.6423298120498657,decreases_risk
W0000285,5,isolation_forest_anomaly_score,-0.1118585143700046,-0.47339242696762085,0.47339242696762085,decreases_risk
W0000285,6,graphsage_dim_23,-0.5869003,0.40923720598220825,0.40923720598220825,increases_risk
W0000285,7,country_entropy,2.893288532571418,-0.371908575296402,0.371908575296402,decreases_risk
W0000285,8,observations_per_tx,1.5238095237369615,0.32169055938720703,0.32169055938720703,increases_risk
W0000285,9,deterministic_score,0.3466129032258063,-0.22139780223369598,0.22139780223369598,decreases_risk
W0000285,10,graphsage_dim_6,-0.18242572,0.17166787385940552,0.17166787385940552,increases_risk
W0000286,1,median_sent_sats,15.85562677101882,-3.518068790435791,3.518068790435791,decreases_risk
W0000286,2,avg_sent_sats,16.277002906444416,-0.9166605472564697,0.9166605472564697,decreases_risk
W0000286,3,autoencoder_reconstruction_error,0.6151843,-0.7529162168502808,0.7529162168502808,decreases_risk
W0000286,4,graphsage_dim_10,-0.20627598,-0.628569483757019,0.628569483757019,decreases_risk
W0000286,5,isolation_forest_anomaly_score,-0.0896012652670941,-0.44641149044036865,0.44641149044036865,decreases_risk
W0000286,6,graphsage_dim_23,0.16638574,-0.37586379051208496,0.37586379051208496,decreases_risk
W0000286,7,observations_per_tx,1.4799999999408,0.35566002130508423,0.35566002130508423,increases_risk
W0000286,8,country_entropy,3.3654119651139625,0.29932069778442383,0.29932069778442383,increases_risk
W0000286,9,deterministic_score,0.4298709677419356,-0.21634674072265625,0.21634674072265625,decreases_risk
W0000286,10,total_bytes_sent,11.409474236574024,-0.17672666907310486,0.17672666907310486,decreases_risk
W0000287,1,median_sent_sats,16.299182404029185,-3.4535350799560547,3.4535350799560547,decreases_risk
W0000287,2,avg_sent_sats,16.77699844737535,-0.8457946181297302,0.8457946181297302,decreases_risk
W0000287,3,autoencoder_reconstruction_error,0.62693274,-0.8087981939315796,0.8087981939315796,decreases_risk
W0000287,4,observations_per_tx,1.5624999999023437,-0.5477355718612671,0.5477355718612671,decreases_risk
W0000287,5,graphsage_dim_10,-0.11981845,-0.530295729637146,0.530295729637146,decreases_risk
W0000287,6,graphsage_dim_23,0.12455802,-0.4163888990879059,0.4163888990879059,decreases_risk
W0000287,7,isolation_forest_anomaly_score,-0.0806380259957478,-0.4056680202484131,0.4056680202484131,decreases_risk
W0000287,8,country_entropy,3.179057234406545,0.34277069568634033,0.34277069568634033,increases_risk
W0000287,9,deterministic_score,0.4673225806451613,-0.18085741996765137,0.18085741996765137,decreases_risk
W0000287,10,graphsage_dim_6,-0.37159005,0.17826786637306213,0.17826786637306213,increases_risk
W0000288,1,median_sent_sats,15.62574121295793,-3.7219953536987305,3.7219953536987305,decreases_risk
W0000288,2,avg_sent_sats,16.424588888782065,-0.8640095591545105,0.8640095591545105,decreases_risk
W0000288,3,autoencoder_reconstruction_error,0.61420876,-0.7584439516067505,0.7584439516067505,decreases_risk
W0000288,4,country_entropy,2.946830344844093,-0.42251670360565186,0.42251670360565186,decreases_risk
W0000288,5,isolation_forest_anomaly_score,-0.0549585708748099,-0.39979058504104614,0.39979058504104614,decreases_risk
W0000288,6,observations_per_tx,1.3888888888117283,0.37815582752227783,0.37815582752227783,increases_risk
W0000288,7,graphsage_dim_23,-0.26950914,0.36892372369766235,0.36892372369766235,increases_risk
W0000288,8,graphsage_dim_10,0.11836287,0.31750479340553284,0.31750479340553284,increases_risk
W0000288,9,graphsage_dim_6,-0.29202724,0.1776895821094513,0.1776895821094513,increases_risk
W0000288,10,weighted_out_degree,15.0,0.16460709273815155,0.16460709273815155,increases_risk
W0000289,1,median_sent_sats,16.05236511298422,-3.801626205444336,3.801626205444336,decreases_risk
W0000289,2,avg_sent_sats,16.658708968937297,-0.8805731534957886,0.8805731534957886,decreases_risk
W0000289,3,observations_per_tx,1.6153846153224851,-0.6532217264175415,0.6532217264175415,decreases_risk
W0000289,4,isolation_forest_anomaly_score,-0.0412193527523521,-0.4112149178981781,0.4112149178981781,decreases_risk
W0000289,5,graphsage_dim_10,0.034487423,-0.23079633712768555,0.23079633712768555,decreases_risk
W0000289,6,avg_outputs_per_tx,1.4,-0.18400612473487854,0.18400612473487854,decreases_risk
W0000289,7,total_bytes_sent,11.60612432660101,-0.1771523654460907,0.1771523654460907,decreases_risk
W0000289,8,weighted_out_degree,14.0,0.17075519263744354,0.17075519263744354,increases_risk
W0000289,9,graphsage_dim_6,-0.24415722,0.17067204415798187,0.17067204415798187,increases_risk
W0000289,10,autoencoder_reconstruction_error,1.4621602,0.14653663337230682,0.14653663337230682,increases_risk
W0000290,1,median_sent_sats,15.920224056577256,-3.166205644607544,3.166205644607544,decreases_risk
W0000290,2,avg_sent_sats,16.270125614011693,-0.8221039175987244,0.8221039175987244,decreases_risk
W0000290,3,autoencoder_reconstruction_error,0.3404784,-0.6991872787475586,0.6991872787475586,decreases_risk
W0000290,4,observations_per_tx,1.6499999999175,-0.6196931004524231,0.6196931004524231,decreases_risk
W0000290,5,graphsage_dim_10,-0.31071264,-0.6140403747558594,0.6140403747558594,decreases_risk
W0000290,6,isolation_forest_anomaly_score,-0.1013518182780209,-0.4721953868865967,0.4721953868865967,decreases_risk
W0000290,7,country_entropy,2.9461590950124164,-0.37864866852760315,0.37864866852760315,decreases_risk
W0000290,8,graphsage_dim_23,-0.11842321,0.2892172932624817,0.2892172932624817,increases_risk
W0000290,9,deterministic_score,0.4070967741935486,-0.21985621750354767,0.21985621750354767,decreases_risk
W0000290,10,graphsage_dim_6,-0.33371294,0.17397603392601013,0.17397603392601013,increases_risk
W0000291,1,median_sent_sats,16.81710516441707,1.9568569660186768,1.9568569660186768,increases_risk
W0000291,2,observations_per_tx,1.6818181817417357,-1.1440460681915283,1.1440460681915283,decreases_risk
W0000291,3,graphsage_dim_23,0.06306757,-0.6328015923500061,0.6328015923500061,decreases_risk
W0000291,4,isolation_forest_anomaly_score,-0.0574057588043789,-0.5132548213005066,0.5132548213005066,decreases_risk
W0000291,5,country_entropy,3.097837831404651,0.390897274017334,0.390897274017334,increases_risk
W0000291,6,avg_sent_sats,17.024731540029524,0.37685921788215637,0.37685921788215637,increases_risk
W0000291,7,graphsage_dim_10,0.34378818,0.36820366978645325,0.36820366978645325,increases_risk
W0000291,8,autoencoder_reconstruction_error,0.90767354,0.20532578229904175,0.20532578229904175,increases_risk
W0000291,9,graphsage_dim_8,0.22065845,-0.19454357028007507,0.19454357028007507,decreases_risk
W0000291,10,graphsage_dim_3,0.32831988,-0.19067490100860596,0.19067490100860596,decreases_risk
W0000292,1,median_sent_sats,15.607417266352112,-3.1236979961395264,3.1236979961395264,decreases_risk
W0000292,2,autoencoder_reconstruction_error,0.64812857,-0.8360069394111633,0.8360069394111633,decreases_risk
W0000292,3,avg_sent_sats,15.983708177715616,-0.7711082696914673,0.7711082696914673,decreases_risk
W0000292,4,observations_per_tx,1.7391304347069942,-0.7182022929191589,0.7182022929191589,decreases_risk
W0000292,5,isolation_forest_anomaly_score,-0.070705098280858,-0.4748952388763428,0.4748952388763428,decreases_risk
W0000292,6,graphsage_dim_23,0.26775652,-0.40639641880989075,0.40639641880989075,decreases_risk
W0000292,7,country_entropy,3.1125352601820904,0.26564085483551025,0.26564085483551025,increases_risk
W0000292,8,graphsage_dim_10,0.30539516,0.2611144185066223,0.2611144185066223,increases_risk
W0000292,9,deterministic_score,0.4773548387096774,-0.20156317949295044,0.20156317949295044,decreases_risk
W0000292,10,avg_outputs_per_tx,1.4042553191489362,-0.1875312328338623,0.1875312328338623,decreases_risk
W0000293,1,median_sent_sats,16.103154790099648,-4.078495979309082,4.078495979309082,decreases_risk
W0000293,2,avg_sent_sats,16.302125996940074,-0.8973758220672607,0.8973758220672607,decreases_risk
W0000293,3,observations_per_tx,1.571428571372449,-0.538158655166626,0.538158655166626,decreases_risk
W0000293,4,isolation_forest_anomaly_score,-0.0705541736575323,-0.4741298258304596,0.4741298258304596,decreases_risk
W0000293,5,graphsage_dim_23,0.09193869,-0.36874276399612427,0.36874276399612427,decreases_risk
W0000293,6,graphsage_dim_10,0.81024945,0.28996741771698,0.28996741771698,increases_risk
W0000293,7,total_bytes_sent,11.522529201112922,-0.1747126281261444,0.1747126281261444,decreases_risk
W0000293,8,graphsage_dim_6,-0.048350137,0.1711120754480362,0.1711120754480362,increases_risk
W0000293,9,graphsage_dim_8,0.06914292,-0.1700545847415924,0.1700545847415924,decreases_risk
W0000293,10,weighted_out_degree,21.0,-0.15212181210517883,0.15212181210517883,decreases_risk
W0000294,1,autoencoder_reconstruction_error,0.48753154,-1.3330765962600708,1.3330765962600708,decreases_risk
W0000294,2,observations_per_tx,1.6363636362892562,-0.8241884708404541,0.8241884708404541,decreases_risk
W0000294,3,isolation_forest_anomaly_score,-0.0911313771362167,-0.6537978649139404,0.6537978649139404,decreases_risk
W0000294,4,graphsage_dim_23,0.043121368,-0.607389509677887,0.607389509677887,decreases_risk
W0000294,5,country_entropy,2.721653307503401,-0.5583609342575073,0.5583609342575073,decreases_risk
W0000294,6,median_sent_sats,16.525256720111194,-0.4013015627861023,0.4013015627861023,decreases_risk
W0000294,7,graphsage_dim_10,0.035140026,-0.3220646381378174,0.3220646381378174,decreases_risk
W0000294,8,deterministic_score,0.4689032258064516,-0.27265286445617676,0.27265286445617676,decreases_risk
W0000294,9,graphsage_dim_8,0.22815801,-0.1867085099220276,0.1867085099220276,decreases_risk
W0000294,10,weighted_out_degree,21.0,-0.173966646194458,0.173966646194458,decreases_risk
W0000295,1,autoencoder_reconstruction_error,0.48473307,-1.2709386348724365,1.2709386348724365,decreases_risk
W0000295,2,avg_sent_sats,16.79350626190429,-0.9054145216941833,0.9054145216941833,decreases_risk
W0000295,3,observations_per_tx,1.7894736841163434,-0.8619999289512634,0.8619999289512634,decreases_risk
W0000295,4,isolation_forest_anomaly_score,-0.107454382649481,-0.5734856724739075,0.5734856724739075,decreases_risk
W0000295,5,graphsage_dim_23,0.562906,-0.5652666687965393,0.5652666687965393,decreases_risk
W0000295,6,country_entropy,2.950707795604881,-0.49050411581993103,0.49050411581993103,decreases_risk
W0000295,7,median_sent_sats,16.58279941695691,-0.42017677426338196,0.42017677426338196,decreases_risk
W0000295,8,deterministic_score,0.3231612903225807,-0.3624270558357239,0.3624270558357239,decreases_risk
W0000295,9,graphsage_dim_10,0.22424468,0.29655569791793823,0.29655569791793823,increases_risk
W0000295,10,graphsage_dim_3,-0.09365409,-0.1882416307926178,0.1882416307926178,decreases_risk
W0000296,1,median_sent_sats,16.263876573310803,-3.385054349899292,3.385054349899292,decreases_risk
W0000296,2,avg_sent_sats,16.579912803043317,-0.875316321849823,0.875316321849823,decreases_risk
W0000296,3,autoencoder_reconstruction_error,0.4560753,-0.7547793388366699,0.7547793388366699,decreases_risk
W0000296,4,graphsage_dim_10,-0.11245313,-0.6068638563156128,0.6068638563156128,decreases_risk
W0000296,5,isolation_forest_anomaly_score,-0.0902188932317919,-0.4833720624446869,0.4833720624446869,decreases_risk
W0000296,6,country_entropy,2.722936515193532,-0.3975166976451874,0.3975166976451874,decreases_risk
W0000296,7,graphsage_dim_23,-0.51085204,0.3967702388763428,0.3967702388763428,increases_risk
W0000296,8,observations_per_tx,1.3499999999325,0.32742249965667725,0.32742249965667725,increases_risk
W0000296,9,deterministic_score,0.3623870967741935,-0.2100367695093155,0.2100367695093155,decreases_risk
W0000296,10,graphsage_dim_6,0.09527987,-0.1673702448606491,0.1673702448606491,decreases_risk
W0000297,1,median_sent_sats,16.32171242972493,-3.791423797607422,3.791423797607422,decreases_risk
W0000297,2,avg_sent_sats,16.71915436847569,-0.9138486981391907,0.9138486981391907,decreases_risk
W0000297,3,observations_per_tx,1.5937499999501954,-0.6405561566352844,0.6405561566352844,decreases_risk
W0000297,4,graphsage_dim_23,0.36547363,-0.4433912932872772,0.4433912932872772,decreases_risk
W0000297,5,isolation_forest_anomaly_score,-0.0129010018845603,0.4106631577014923,0.4106631577014923,increases_risk
W0000297,6,country_entropy,2.971513762853576,-0.38288944959640503,0.38288944959640503,decreases_risk
W0000297,7,graphsage_dim_10,0.8143518,0.3011338412761688,0.3011338412761688,increases_risk
W0000297,8,graphsage_dim_8,0.0021501482,-0.1700545847415924,0.1700545847415924,decreases_risk
W0000297,9,graphsage_dim_3,-0.40957725,0.16432079672813416,0.16432079672813416,increases_risk
W0000297,10,total_bytes_sent,11.902606659922585,-0.1548735350370407,0.1548735350370407,decreases_risk
W0000298,1,median_sent_sats,16.058447233749078,-3.5471534729003906,3.5471534729003906,decreases_risk
W0000298,2,autoencoder_reconstruction_error,0.5581215,-0.8535448312759399,0.8535448312759399,decreases_risk
W0000298,3,observations_per_tx,1.6799999999328,-0.7432503700256348,0.7432503700256348,decreases_risk
W0000298,4,avg_sent_sats,16.789956326109635,-0.720035195350647,0.720035195350647,decreases_risk
W0000298,5,graphsage_dim_23,0.2309446,-0.4674048125743866,0.4674048125743866,decreases_risk
W0000298,6,isolation_forest_anomaly_score,-0.0544728382032361,-0.43506285548210144,0.43506285548210144,decreases_risk
W0000298,7,country_entropy,3.384237117870276,0.3032844066619873,0.3032844066619873,increases_risk
W0000298,8,graphsage_dim_10,0.4957797,0.2821664810180664,0.2821664810180664,increases_risk
W0000298,9,weighted_out_degree,31.0,-0.17440417408943176,0.17440417408943176,decreases_risk
W0000298,10,total_bytes_sent,11.539460282098378,-0.1734655201435089,0.1734655201435089,decreases_risk
W0000299,1,median_sent_sats,16.96249144012171,2.604081869125366,2.604081869125366,increases_risk
W0000299,2,observations_per_tx,1.4736842104487535,0.6088827848434448,0.6088827848434448,increases_risk
W0000299,3,country_entropy,3.852360819017768,0.46180450916290283,0.46180450916290283,increases_risk
W0000299,4,avg_sent_sats,17.327973001590983,0.4455474615097046,0.4455474615097046,increases_risk
W0000299,5,graphsage_dim_23,-0.09923265,0.4321439266204834,0.4321439266204834,increases_risk
W0000299,6,graphsage_dim_10,0.261047,0.42090457677841187,0.42090457677841187,increases_risk
W0000299,7,isolation_forest_anomaly_score,-0.0482789193127006,-0.4032791554927826,0.4032791554927826,decreases_risk
W0000299,8,autoencoder_reconstruction_error,1.0376959,0.262285977602005,0.262285977602005,increases_risk
W0000299,9,graphsage_dim_6,-0.4067478,0.19725638628005981,0.19725638628005981,increases_risk
W0000299,10,weighted_out_degree,20.0,-0.19069287180900574,0.19069287180900574,decreases_risk
W0000300,1,median_sent_sats,16.71282971006596,1.3623822927474976,1.3623822927474976,increases_risk
W0000300,2,observations_per_tx,1.666666666574074,-1.3095091581344604,1.3095091581344604,decreases_risk
W0000300,3,graphsage_dim_23,0.1640099,-0.6891316175460815,0.6891316175460815,decreases_risk
W0000300,4,country_entropy,3.184183719779189,0.4489660859107971,0.4489660859107971,increases_risk
W0000300,5,isolation_forest_anomaly_score,-0.051488556020123,-0.4486906826496124,0.4486906826496124,decreases_risk
W0000300,6,avg_sent_sats,17.364048509737042,0.3892817497253418,0.3892817497253418,increases_risk
W0000300,7,graphsage_dim_10,0.3765566,0.32827267050743103,0.32827267050743103,increases_risk
W0000300,8,autoencoder_reconstruction_error,0.9610692,0.2266157865524292,0.2266157865524292,increases_risk
W0000300,9,burstiness,1.3266492487221342,-0.1995849758386612,0.1995849758386612,decreases_risk
W0000300,10,avg_outputs_per_tx,1.34375,-0.19599847495555878,0.19599847495555878,decreases_risk
W0000301,1,median_sent_sats,16.01932768991284,-3.603078603744507,3.603078603744507,decreases_risk
W0000301,2,avg_sent_sats,16.186910719972683,-0.8986926674842834,0.8986926674842834,decreases_risk
W0000301,3,observations_per_tx,1.818181818016529,-0.7696301937103271,0.7696301937103271,decreases_risk
W0000301,4,graphsage_dim_23,1.3564456,-0.42358461022377014,0.42358461022377014,decreases_risk
W0000301,5,country_entropy,2.960964047443681,-0.42194119095802307,0.42194119095802307,decreases_risk
W0000301,6,isolation_forest_anomaly_score,-0.0407668640959821,-0.41410958766937256,0.41410958766937256,decreases_risk
W0000301,7,graphsage_dim_10,0.16892433,0.24577035009860992,0.24577035009860992,increases_risk
W0000301,8,graphsage_dim_3,-0.47984278,0.18421095609664917,0.18421095609664917,increases_risk
W0000301,9,graphsage_dim_6,-0.3209928,0.18015386164188385,0.18015386164188385,increases_risk
W0000301,10,graphsage_dim_8,-0.09176472,-0.16564378142356873,0.16564378142356873,decreases_risk
W0000302,1,median_sent_sats,16.226286068663534,-3.647919178009033,3.647919178009033,decreases_risk
W0000302,2,autoencoder_reconstruction_error,0.4714349,-0.861351728439331,0.861351728439331,decreases_risk
W0000302,3,avg_sent_sats,16.560176494213493,-0.7920833230018616,0.7920833230018616,decreases_risk
W0000302,4,observations_per_tx,1.7499999999270834,-0.719595730304718,0.719595730304718,decreases_risk
W0000302,5,isolation_forest_anomaly_score,-0.1069854249381584,-0.4795008897781372,0.4795008897781372,decreases_risk
W0000302,6,graphsage_dim_23,-0.3196358,0.3472970724105835,0.3472970724105835,increases_risk
W0000302,7,country_entropy,3.4173260753892283,0.30178892612457275,0.30178892612457275,increases_risk
W0000302,8,graphsage_dim_10,0.5577024,0.27045124769210815,0.27045124769210815,increases_risk
W0000302,9,deterministic_score,0.4311612903225806,-0.24496808648109436,0.24496808648109436,decreases_risk
W0000302,10,weighted_out_degree,22.0,-0.18164946138858795,0.18164946138858795,decreases_risk
W0000303,1,median_sent_sats,16.35457650373091,-3.2280256748199463,3.2280256748199463,decreases_risk
W0000303,2,avg_sent_sats,16.50518285276029,-0.9230905175209045,0.9230905175209045,decreases_risk
W0000303,3,autoencoder_reconstruction_error,0.4399985,-0.7722489833831787,0.7722489833831787,decreases_risk
W0000303,4,graphsage_dim_10,-0.24835254,-0.6405969858169556,0.6405969858169556,decreases_risk
W0000303,5,isolation_forest_anomaly_score,-0.0856423248613207,-0.4862119257450104,0.4862119257450104,decreases_risk
W0000303,6,graphsage_dim_23,0.2875036,-0.37629449367523193,0.37629449367523193,decreases_risk
W0000303,7,observations_per_tx,1.4999999999375,0.3463885188102722,0.3463885188102722,increases_risk
W0000303,8,country_entropy,3.0169467092928457,-0.2797008156776428,0.2797008156776428,decreases_risk
W0000303,9,deterministic_score,0.4510322580645162,-0.21022163331508636,0.21022163331508636,decreases_risk
W0000303,10,total_bytes_sent,11.318381518150378,-0.17672666907310486,0.17672666907310486,decreases_risk
W0000304,1,median_sent_sats,15.768423416430911,-3.8609039783477783,3.8609039783477783,decreases_risk
W0000304,2,avg_sent_sats,16.371931109880464,-0.9080029726028442,0.9080029726028442,decreases_risk
W0000304,3,autoencoder_reconstruction_error,0.66402996,-0.7991440892219543,0.7991440892219543,decreases_risk
W0000304,4,graphsage_dim_10,-0.09457269,-0.6176806688308716,0.6176806688308716,decreases_risk
W0000304,5,isolation_forest_anomaly_score,-0.0902345156746272,-0.45429727435112,0.45429727435112,decreases_risk
W0000304,6,graphsage_dim_23,-0.5305345,0.4087933301925659,0.4087933301925659,increases_risk
W0000304,7,observations_per_tx,1.370370370319616,0.3572717308998108,0.3572717308998108,increases_risk
W0000304,8,country_entropy,3.152528182808483,0.2842611074447632,0.2842611074447632,increases_risk
W0000304,9,deterministic_score,0.4258709677419355,-0.21655453741550446,0.21655453741550446,decreases_risk
W0000304,10,graphsage_dim_6,-0.37250963,0.17741340398788452,0.17741340398788452,increases_risk
W0000305,1,median_sent_sats,16.188617299935903,-3.4112000465393066,3.4112000465393066,decreases_risk
W0000305,2,avg_sent_sats,16.387923385616936,-0.8231281042098999,0.8231281042098999,decreases_risk
W0000305,3,observations_per_tx,1.7222222221265433,-0.6211264729499817,0.6211264729499817,decreases_risk
W0000305,4,graphsage_dim_10,-0.3660845,-0.6065447330474854,0.6065447330474854,decreases_risk
W0000305,5,isolation_forest_anomaly_score,-0.089505169680008,-0.5121963620185852,0.5121963620185852,decreases_risk
W0000305,6,country_entropy,2.937751955408588,-0.33146992325782776,0.33146992325782776,decreases_risk
W0000305,7,graphsage_dim_23,-0.36084968,0.32601749897003174,0.32601749897003174,increases_risk
W0000305,8,deterministic_score,0.4126774193548387,-0.23140104115009308,0.23140104115009308,decreases_risk
W0000305,9,graphsage_dim_6,-0.34121475,0.177201509475708,0.177201509475708,increases_risk
W0000305,10,total_bytes_sent,11.249363483526032,-0.1760988086462021,0.1760988086462021,decreases_risk
W0000306,1,median_sent_sats,16.342601953305405,-3.4532670974731445,3.4532670974731445,decreases_risk
W0000306,2,autoencoder_reconstruction_error,0.4918044,-0.8517975211143494,0.8517975211143494,decreases_risk
W0000306,3,avg_sent_sats,16.6691549477374,-0.7368554472923279,0.7368554472923279,decreases_risk
W0000306,4,observations_per_tx,1.7499999999125,-0.6751816868782043,0.6751816868782043,decreases_risk
W0000306,5,isolation_forest_anomaly_score,-0.1003178001106759,-0.527797281742096,0.527797281742096,decreases_risk
W0000306,6,graphsage_dim_23,-0.43873304,0.3392818570137024,0.3392818570137024,increases_risk
W0000306,7,graphsage_dim_10,0.1279932,0.27312731742858887,0.27312731742858887,increases_risk
W0000306,8,deterministic_score,0.438516129032258,-0.23279139399528503,0.23279139399528503,decreases_risk
W0000306,9,country_entropy,3.0751463298083337,0.1783444732427597,0.1783444732427597,increases_risk
W0000306,10,graphsage_dim_8,0.19437495,-0.17298895120620728,0.17298895120620728,decreases_risk
W0000307,1,median_sent_sats,16.146218860122257,-4.0233378410339355,4.0233378410339355,decreases_risk
W0000307,2,avg_sent_sats,16.523471280063358,-0.8423024415969849,0.8423024415969849,decreases_risk
W0000307,3,observations_per_tx,1.8064516128449533,-0.6811321973800659,0.6811321973800659,decreases_risk
W0000307,4,isolation_forest_anomaly_score,-0.0436821299314266,-0.4729882776737213,0.4729882776737213,decreases_risk
W0000307,5,graphsage_dim_23,-0.7702773,0.46755868196487427,0.46755868196487427,increases_risk
W0000307,6,country_entropy,2.950714679336325,-0.37041687965393066,0.37041687965393066,decreases_risk
W0000307,7,graphsage_dim_10,0.5978768,0.2921160161495209,0.2921160161495209,increases_risk
W0000307,8,weighted_out_degree,24.0,-0.17010661959648132,0.17010661959648132,decreases_risk
W0000307,9,total_bytes_sent,11.995734257046797,-0.16479678452014923,0.16479678452014923,decreases_risk
W0000307,10,graphsage_dim_8,0.5689039,-0.1641640067100525,0.1641640067100525,decreases_risk
W0000308,1,median_sent_sats,16.42550402426408,-3.67252779006958,3.67252779006958,decreases_risk
W0000308,2,avg_sent_sats,16.787331575755793,-0.9238720536231995,0.9238720536231995,decreases_risk
W0000308,3,autoencoder_reconstruction_error,0.67141914,-0.8397539854049683,0.8397539854049683,decreases_risk
W0000308,4,isolation_forest_anomaly_score,-0.0780496498930675,-0.4214213490486145,0.4214213490486145,decreases_risk
W0000308,5,country_entropy,2.9850877607321724,-0.38485899567604065,0.38485899567604065,decreases_risk
W0000308,6,observations_per_tx,1.411764705799308,0.36709684133529663,0.36709684133529663,increases_risk
W0000308,7,graphsage_dim_23,-0.122690104,0.3061280846595764,0.3061280846595764,increases_risk
W0000308,8,graphsage_dim_10,0.22661358,0.3040223717689514,0.3040223717689514,increases_risk
W0000308,9,deterministic_score,0.472516129032258,-0.18293803930282593,0.18293803930282593,decreases_risk
W0000308,10,graphsage_dim_3,-0.0677699,-0.18123659491539001,0.18123659491539001,decreases_risk
W0000309,1,median_sent_sats,16.216077349984356,-3.1141908168792725,3.1141908168792725,decreases_risk
W0000309,2,avg_sent_sats,16.783302199622085,-0.8535751104354858,0.8535751104354858,decreases_risk
W0000309,3,autoencoder_reconstruction_error,0.42369464,-0.7861652970314026,0.7861652970314026,decreases_risk
W0000309,4,observations_per_tx,1.565217391236295,-0.513741135597229,0.513741135597229,decreases_risk
W0000309,5,isolation_forest_anomaly_score,-0.1051760398611029,-0.5016789436340332,0.5016789436340332,decreases_risk
W0000309,6,graphsage_dim_23,0.081123866,-0.3818906843662262,0.3818906843662262,decreases_risk
W0000309,7,country_entropy,2.944097924600672,-0.3412153124809265,0.3412153124809265,decreases_risk
W0000309,8,graphsage_dim_10,0.022828955,-0.28416550159454346,0.28416550159454346,decreases_risk
W0000309,9,deterministic_score,0.3392258064516128,-0.21348696947097778,0.21348696947097778,decreases_risk
W0000309,10,graphsage_dim_8,0.10369241,-0.1700545847415924,0.1700545847415924,decreases_risk
W0000310,1,median_sent_sats,15.961975441213037,-3.2496795654296875,3.2496795654296875,decreases_risk
W0000310,2,avg_sent_sats,16.46405296298916,-0.8342578411102295,0.8342578411102295,decreases_risk
W0000310,3,autoencoder_reconstruction_error,0.5042705,-0.7477796673774719,0.7477796673774719,decreases_risk
W0000310,4,observations_per_tx,1.7272727271942148,-0.680401086807251,0.680401086807251,decreases_risk
W0000310,5,isolation_forest_anomaly_score,-0.0911250295839002,-0.5232067704200745,0.5232067704200745,decreases_risk
W0000310,6,country_entropy,2.9570741583558915,-0.3515644371509552,0.3515644371509552,decreases_risk
W0000310,7,graphsage_dim_23,-0.21542922,0.32425975799560547,0.32425975799560547,increases_risk
W0000310,8,graphsage_dim_10,0.39278823,0.2808605134487152,0.2808605134487152,increases_risk
W0000310,9,deterministic_score,0.4686774193548386,-0.19438239932060242,0.19438239932060242,decreases_risk
W0000310,10,total_bytes_sent,11.66280991450752,-0.16354967653751373,0.16354967653751373,decreases_risk
W0000311,1,median_sent_sats,15.602930792984688,-3.2268035411834717,3.2268035411834717,decreases_risk
W0000311,2,avg_sent_sats,15.965440411661536,-0.8356607556343079,0.8356607556343079,decreases_risk
W0000311,3,observations_per_tx,1.6499999999175,-0.6136744618415833,0.6136744618415833,decreases_risk
W0000311,4,graphsage_dim_10,-0.04503064,-0.5748504400253296,0.5748504400253296,decreases_risk
W0000311,5,isolation_forest_anomaly_score,-0.0854524349752076,-0.5097907781600952,0.5097907781600952,decreases_risk
W0000311,6,graphsage_dim_23,0.17553715,-0.4022825062274933,0.4022825062274933,decreases_risk
W0000311,7,country_entropy,2.904418375282667,-0.3921714127063751,0.3921714127063751,decreases_risk
W0000311,8,avg_outputs_per_tx,1.4772727272727273,-0.1926974654197693,0.1926974654197693,decreases_risk
W0000311,9,deterministic_score,0.4288387096774193,-0.19001485407352448,0.19001485407352448,decreases_risk
W0000311,10,total_bytes_sent,11.214020652495966,-0.16723652184009552,0.16723652184009552,decreases_risk
W0000312,1,median_sent_sats,16.209769500045905,-3.3738603591918945,3.3738603591918945,decreases_risk
W0000312,2,avg_sent_sats,16.754964787132806,-0.878838300704956,0.878838300704956,decreases_risk
W0000312,3,autoencoder_reconstruction_error,0.60058117,-0.6812089085578918,0.6812089085578918,decreases_risk
W0000312,4,graphsage_dim_10,-0.19845542,-0.5924237966537476,0.5924237966537476,decreases_risk
W0000312,5,isolation_forest_anomaly_score,-0.0911895583535913,-0.4539705216884613,0.4539705216884613,decreases_risk
W0000312,6,country_entropy,3.011732594800824,-0.3811526894569397,0.3811526894569397,decreases_risk
W0000312,7,graphsage_dim_23,0.86769015,-0.3646785616874695,0.3646785616874695,decreases_risk
W0000312,8,observations_per_tx,1.3888888888117283,0.3438687324523926,0.3438687324523926,increases_risk
W0000312,9,deterministic_score,0.3847741935483871,-0.20219513773918152,0.20219513773918152,decreases_risk
W0000312,10,graphsage_dim_6,0.3811909,-0.16518200933933258,0.16518200933933258,decreases_risk
W0000313,1,median_sent_sats,15.607971114706368,-3.687110185623169,3.687110185623169,decreases_risk
W0000313,2,avg_sent_sats,16.152199519474262,-0.8743972182273865,0.8743972182273865,decreases_risk
W0000313,3,observations_per_tx,1.8421052630609416,-0.7474445700645447,0.7474445700645447,decreases_risk
W0000313,4,isolation_forest_anomaly_score,-0.0490191755466578,-0.5040377974510193,0.5040377974510193,decreases_risk
W0000313,5,country_entropy,2.8917961953849893,-0.4025093615055084,0.4025093615055084,decreases_risk
W0000313,6,graphsage_dim_23,0.019078683,-0.3959382474422455,0.3959382474422455,decreases_risk
W0000313,7,graphsage_dim_10,0.9211608,0.2779889702796936,0.2779889702796936,increases_risk
W0000313,8,avg_outputs_per_tx,1.4375,-0.1983548402786255,0.1983548402786255,decreases_risk
W0000313,9,graphsage_dim_8,0.30373523,-0.17326420545578003,0.17326420545578003,decreases_risk
W0000313,10,graphsage_dim_6,0.20206797,-0.16632875800132751,0.16632875800132751,decreases_risk
W0000314,1,median_sent_sats,15.893005205675363,-3.2169454097747803,3.2169454097747803,decreases_risk
W0000314,2,avg_sent_sats,16.56957252738377,-0.8552488684654236,0.8552488684654236,decreases_risk
W0000314,3,autoencoder_reconstruction_error,0.5153342,-0.7220603227615356,0.7220603227615356,decreases_risk
W0000314,4,graphsage_dim_10,-0.15259516,-0.6420270204544067,0.6420270204544067,decreases_risk
W0000314,5,isolation_forest_anomaly_score,-0.0985882270413027,-0.49029475450515747,0.49029475450515747,decreases_risk
W0000314,6,country_entropy,2.65773978299125,-0.3979575037956238,0.3979575037956238,decreases_risk
W0000314,7,observations_per_tx,1.3499999999325,0.33511990308761597,0.33511990308761597,increases_risk
W0000314,8,graphsage_dim_23,-0.19043425,0.32555514574050903,0.32555514574050903,increases_risk
W0000314,9,deterministic_score,0.4186774193548387,-0.2111823856830597,0.2111823856830597,decreases_risk
W0000314,10,graphsage_dim_3,-0.018714957,-0.18467643857002258,0.18467643857002258,decreases_risk
W0000315,1,median_sent_sats,17.46045706376362,1.9582431316375732,1.9582431316375732,increases_risk
W0000315,2,observations_per_tx,1.6874999998945313,-0.9974561333656311,0.9974561333656311,decreases_risk
W0000315,3,country_entropy,2.988946292537981,-0.6233105063438416,0.6233105063438416,decreases_risk
W0000315,4,graphsage_dim_23,-0.49569336,0.5987529158592224,0.5987529158592224,increases_risk
W0000315,5,isolation_forest_anomaly_score,-0.0546775881523483,-0.5733885765075684,0.5733885765075684,decreases_risk
W0000315,6,deterministic_score,0.4146451612903225,-0.45481500029563904,0.45481500029563904,decreases_risk
W0000315,7,avg_outputs_per_tx,1.380952380952381,-0.34839966893196106,0.34839966893196106,decreases_risk
W0000315,8,avg_sent_sats,18.21200743971469,0.3144875168800354,0.3144875168800354,increases_risk
W0000315,9,graphsage_dim_10,0.057035204,0.22265413403511047,0.22265413403511047,increases_risk
W0000315,10,graphsage_dim_3,0.203828,-0.2173798531293869,0.2173798531293869,decreases_risk
W0000316,1,median_sent_sats,16.255341299685583,-4.311437129974365,4.311437129974365,decreases_risk
W0000316,2,avg_sent_sats,16.80169675785124,-0.9989283680915833,0.9989283680915833,decreases_risk
W0000316,3,observations_per_tx,1.3333333332592592,0.3894210457801819,0.3894210457801819,increases_risk
W0000316,4,isolation_forest_anomaly_score,-0.0164254051029434,0.36550650000572205,0.36550650000572205,increases_risk
W0000316,5,graphsage_dim_23,-0.28991342,0.3469585180282593,0.3469585180282593,increases_risk
W0000316,6,graphsage_dim_10,0.09536046,0.2595796287059784,0.2595796287059784,increases_risk
W0000316,7,autoencoder_reconstruction_error,1.3013813,0.18882915377616882,0.18882915377616882,increases_risk
W0000316,8,graphsage_dim_6,0.27487412,-0.17294558882713318,0.17294558882713318,decreases_risk
W0000316,9,country_entropy,3.0354250747848,-0.17265160381793976,0.17265160381793976,decreases_risk
W0000316,10,avg_outputs_per_tx,1.8043478260869563,-0.15805742144584656,0.15805742144584656,decreases_risk
W0000317,1,median_sent_sats,16.4411087903418,-3.758925199508667,3.758925199508667,decreases_risk
W0000317,2,avg_sent_sats,16.634280295573586,-0.9186327457427979,0.9186327457427979,decreases_risk
W0000317,3,autoencoder_reconstruction_error,0.6558488,-0.7929796576499939,0.7929796576499939,decreases_risk
W0000317,4,isolation_forest_anomaly_score,-0.0699789475006494,-0.4234618544578552,0.4234618544578552,decreases_risk
W0000317,5,graphsage_dim_23,0.35599503,-0.39861592650413513,0.39861592650413513,decreases_risk
W0000317,6,observations_per_tx,1.4705882352076125,0.37821149826049805,0.37821149826049805,increases_risk
W0000317,7,country_entropy,3.327210311338979,0.30623823404312134,0.30623823404312134,increases_risk
W0000317,8,graphsage_dim_10,0.05160141,-0.1873120665550232,0.1873120665550232,decreases_risk
W0000317,9,weighted_out_degree,23.0,-0.17440417408943176,0.17440417408943176,decreases_risk
W0000317,10,graphsage_dim_6,0.18770526,-0.1622532457113266,0.1622532457113266,decreases_risk
W0000318,1,median_sent_sats,16.62223309865372,1.2970528602600098,1.2970528602600098,increases_risk
W0000318,2,autoencoder_reconstruction_error,0.6639091,-1.2568992376327515,1.2568992376327515,decreases_risk
W0000318,3,graphsage_dim_23,-0.56168103,0.6134076118469238,0.6134076118469238,increases_risk
W0000318,4,country_entropy,3.521527784112275,0.4609214663505554,0.4609214663505554,increases_risk
W0000318,5,observations_per_tx,1.5384615383431952,0.46029627323150635,0.46029627323150635,increases_risk
W0000318,6,avg_sent_sats,17.021662450513787,0.41020146012306213,0.41020146012306213,increases_risk
W0000318,7,graphsage_dim_10,0.10005923,0.3962894678115845,0.3962894678115845,increases_risk
W0000318,8,isolation_forest_anomaly_score,-0.0668358672573864,-0.35034266114234924,0.35034266114234924,decreases_risk
W0000318,9,weighted_out_degree,15.0,0.18727372586727142,0.18727372586727142,increases_risk
W0000318,10,graphsage_dim_6,-0.36602712,0.18522469699382782,0.18522469699382782,increases_risk
W0000319,1,median_sent_sats,15.686651593283004,-3.595519781112671,3.595519781112671,decreases_risk
W0000319,2,autoencoder_reconstruction_error,0.5004559,-0.7949365973472595,0.7949365973472595,decreases_risk
W0000319,3,avg_sent_sats,16.569657261316827,-0.736011803150177,0.736011803150177,decreases_risk
W0000319,4,observations_per_tx,1.7391304347069942,-0.6401697397232056,0.6401697397232056,decreases_risk
W0000319,5,isolation_forest_anomaly_score,-0.0949609114163784,-0.5213183164596558,0.5213183164596558,decreases_risk
W0000319,6,country_entropy,2.963438317412421,-0.36255931854248047,0.36255931854248047,decreases_risk
W0000319,7,graphsage_dim_23,-0.20685072,0.3317562937736511,0.3317562937736511,increases_risk
W0000319,8,graphsage_dim_10,0.38498285,0.27741265296936035,0.27741265296936035,increases_risk
W0000319,9,weighted_out_degree,23.0,-0.1721685230731964,0.1721685230731964,decreases_risk
W0000319,10,total_bytes_sent,11.488950344920513,-0.16354967653751373,0.16354967653751373,decreases_risk
W0000320,1,median_sent_sats,16.01398185781891,-3.5316243171691895,3.5316243171691895,decreases_risk
W0000320,2,avg_sent_sats,16.418297672524723,-0.9138270020484924,0.9138270020484924,decreases_risk
W0000320,3,observations_per_tx,1.9999999998181817,-0.7271380424499512,0.7271380424499512,decreases_risk
W0000320,4,country_entropy,2.758013820633116,-0.4374907612800598,0.4374907612800598,decreases_risk
W0000320,5,isolation_forest_anomaly_score,-0.0144584526541415,0.39550480246543884,0.39550480246543884,increases_risk
W0000320,6,graphsage_dim_23,0.027948342,-0.3695036470890045,0.3695036470890045,decreases_risk
W0000320,7,graphsage_dim_10,1.0432098,0.27769243717193604,0.27769243717193604,increases_risk
W0000320,8,graphsage_dim_3,-0.695475,0.1806143820285797,0.1806143820285797,increases_risk
W0000320,9,graphsage_dim_6,0.3571912,-0.17372335493564606,0.17372335493564606,decreases_risk
W0000320,10,graphsage_dim_22,1.1345667,0.16272689402103424,0.16272689402103424,increases_risk
W0000321,1,median_sent_sats,16.00047911394027,-3.376458168029785,3.376458168029785,decreases_risk
W0000321,2,avg_sent_sats,16.790076592551138,-0.9068117141723633,0.9068117141723633,decreases_risk
W0000321,3,graphsage_dim_10,-0.30469257,-0.6818808317184448,0.6818808317184448,decreases_risk
W0000321,4,autoencoder_reconstruction_error,0.75803596,-0.49372437596321106,0.49372437596321106,decreases_risk
W0000321,5,isolation_forest_anomaly_score,-0.0855117997880638,-0.43756112456321716,0.43756112456321716,decreases_risk
W0000321,6,country_entropy,2.7543474847814204,-0.40607064962387085,0.40607064962387085,decreases_risk
W0000321,7,graphsage_dim_23,0.19967775,-0.40110889077186584,0.40110889077186584,decreases_risk
W0000321,8,observations_per_tx,1.5384615383431952,0.26619699597358704,0.26619699597358704,increases_risk
W0000321,9,graphsage_dim_3,0.0948921,-0.17017583549022675,0.17017583549022675,decreases_risk
W0000321,10,total_bytes_sent,10.859498872605217,0.1670037806034088,0.1670037806034088,increases_risk
W0000322,1,median_sent_sats,15.835696399801297,-3.3179540634155273,3.3179540634155273,decreases_risk
W0000322,2,avg_sent_sats,16.362011210547504,-0.8623195886611938,0.8623195886611938,decreases_risk
W0000322,3,autoencoder_reconstruction_error,0.4940062,-0.8004360795021057,0.8004360795021057,decreases_risk
W0000322,4,isolation_forest_anomaly_score,-0.0855753641326756,-0.5038346648216248,0.5038346648216248,decreases_risk
W0000322,5,graphsage_dim_23,0.057395916,-0.36468422412872314,0.36468422412872314,decreases_risk
W0000322,6,observations_per_tx,1.5238095237369615,0.3535563349723816,0.3535563349723816,increases_risk
W0000322,7,country_entropy,2.988204882778696,-0.335366815328598,0.335366815328598,decreases_risk
W0000322,8,graphsage_dim_10,0.5555169,0.2976461350917816,0.2976461350917816,increases_risk
W0000322,9,deterministic_score,0.4378709677419355,-0.21854782104492188,0.21854782104492188,decreases_risk
W0000322,10,avg_outputs_per_tx,1.3829787234042554,-0.1709202229976654,0.1709202229976654,decreases_risk
W0000323,1,median_sent_sats,16.00420463157114,-3.7419111728668213,3.7419111728668213,decreases_risk
W0000323,2,avg_sent_sats,16.575728175164976,-0.9102647304534912,0.9102647304534912,decreases_risk
W0000323,3,observations_per_tx,1.7058823528408305,-0.7148520350456238,0.7148520350456238,decreases_risk
W0000323,4,graphsage_dim_23,0.038027883,-0.42346248030662537,0.42346248030662537,decreases_risk
W0000323,5,isolation_forest_anomaly_score,-0.066785455101996,-0.41582807898521423,0.41582807898521423,decreases_risk
W0000323,6,country_entropy,3.2876188986145944,0.32839488983154297,0.32839488983154297,increases_risk
W0000323,7,graphsage_dim_10,0.12996595,0.28270968794822693,0.28270968794822693,increases_risk
W0000323,8,deterministic_score,0.4654516129032257,-0.210549458861351,0.210549458861351,decreases_risk
W0000323,9,weighted_out_degree,25.0,-0.18720561265945435,0.18720561265945435,decreases_risk
W0000323,10,total_bytes_sent,11.210305712154222,-0.1747126281261444,0.1747126281261444,decreases_risk
W0000324,1,median_sent_sats,17.755664686791174,2.4558308124542236,2.4558308124542236,increases_risk
W0000324,2,observations_per_tx,1.4615384614822484,0.5338237285614014,0.5338237285614014,increases_risk
W0000324,3,graphsage_dim_23,-0.29094577,0.4850269556045532,0.4850269556045532,increases_risk
W0000324,4,avg_sent_sats,17.83172241853945,0.4551249146461487,0.4551249146461487,increases_risk
W0000324,5,isolation_forest_anomaly_score,-0.0437403290668286,-0.4288063049316406,0.4288063049316406,decreases_risk
W0000324,6,graphsage_dim_10,0.23524177,0.41772085428237915,0.41772085428237915,increases_risk
W0000324,7,country_entropy,3.39384086233348,0.40492045879364014,0.40492045879364014,increases_risk
W0000324,8,autoencoder_reconstruction_error,0.89234763,0.2128850668668747,0.2128850668668747,increases_risk
W0000324,9,weighted_out_degree,26.0,-0.19069287180900574,0.19069287180900574,decreases_risk
W0000324,10,asn_entropy,3.785438241691279,0.17184939980506897,0.17184939980506897,increases_risk
W0000325,1,median_sent_sats,16.174819167466353,-3.513648509979248,3.513648509979248,decreases_risk
W0000325,2,avg_sent_sats,16.56511327069413,-0.9183284044265747,0.9183284044265747,decreases_risk
W0000325,3,autoencoder_reconstruction_error,0.56731194,-0.8259157538414001,0.8259157538414001,decreases_risk
W0000325,4,isolation_forest_anomaly_score,-0.0979087959079333,-0.4874894618988037,0.4874894618988037,decreases_risk
W0000325,5,observations_per_tx,1.3888888888117283,0.3831214904785156,0.3831214904785156,increases_risk
W0000325,6,graphsage_dim_23,0.28843054,-0.3825041353702545,0.3825041353702545,decreases_risk
W0000325,7,graphsage_dim_10,0.52400196,0.2880067527294159,0.2880067527294159,increases_risk
W0000325,8,country_entropy,3.0268303448440927,-0.2232816070318222,0.2232816070318222,decreases_risk
W0000325,9,deterministic_score,0.3309032258064517,-0.20640921592712402,0.20640921592712402,decreases_risk
W0000325,10,graphsage_dim_3,-0.0037529916,-0.2052120566368103,0.2052120566368103,decreases_risk
W0000326,1,median_sent_sats,16.026013365891846,-3.7629082202911377,3.7629082202911377,decreases_risk
W0000326,2,avg_sent_sats,16.485290799776813,-0.9617122411727905,0.9617122411727905,decreases_risk
W0000326,3,autoencoder_reconstruction_error,0.42021468,-0.7951093316078186,0.7951093316078186,decreases_risk
W0000326,4,graphsage_dim_10,-0.10137833,-0.5973004102706909,0.5973004102706909,decreases_risk
W0000326,5,isolation_forest_anomaly_score,-0.1003982531370835,-0.441432386636734,0.441432386636734,decreases_risk
W0000326,6,graphsage_dim_23,0.12255338,-0.3887668550014496,0.3887668550014496,decreases_risk
W0000326,7,observations_per_tx,1.4642857142334185,0.3635667562484741,0.3635667562484741,increases_risk
W0000326,8,country_entropy,3.4083021602908707,0.30041617155075073,0.30041617155075073,increases_risk
W0000326,9,weighted_out_degree,25.0,-0.18720561265945435,0.18720561265945435,decreases_risk
W0000326,10,total_bytes_sent,11.644181771548022,-0.17672666907310486,0.17672666907310486,decreases_risk
W0000327,1,autoencoder_reconstruction_error,0.38517338,-1.1368650197982788,1.1368650197982788,decreases_risk
W0000327,2,median_sent_sats,16.465718417283483,-0.9039028286933899,0.9039028286933899,decreases_risk
W0000327,3,observations_per_tx,1.6249999998984377,-0.8638110160827637,0.8638110160827637,decreases_risk
W0000327,4,avg_sent_sats,16.593316959626748,-0.8578610420227051,0.8578610420227051,decreases_risk
W0000327,5,isolation_forest_anomaly_score,-0.1041520203742206,-0.5694025158882141,0.5694025158882141,decreases_risk
W0000327,6,country_entropy,2.8281161542992383,-0.4486430883407593,0.4486430883407593,decreases_risk
W0000327,7,deterministic_score,0.3961935483870966,-0.3279259204864502,0.3279259204864502,decreases_risk
W0000327,8,graphsage_dim_10,0.30654195,0.29551592469215393,0.29551592469215393,increases_risk
W0000327,9,graphsage_dim_23,-0.02558123,-0.2397448569536209,0.2397448569536209,decreases_risk
W0000327,10,graphsage_dim_8,0.25206903,-0.1867085099220276,0.1867085099220276,decreases_risk
W0000328,1,autoencoder_reconstruction_error,0.47478968,-1.2509989738464355,1.2509989738464355,decreases_risk
W0000328,2,avg_sent_sats,16.62574894741067,-1.1031359434127808,1.1031359434127808,decreases_risk
W0000328,3,country_entropy,3.011726484076778,-0.4601467251777649,0.4601467251777649,decreases_risk
W0000328,4,observations_per_tx,1.5172413792580262,0.4537871479988098,0.4537871479988098,increases_risk
W0000328,5,graphsage_dim_23,0.06158541,-0.4480380713939667,0.4480380713939667,decreases_risk
W0000328,6,isolation_forest_anomaly_score,-0.0737380126571232,-0.4448421895503998,0.4448421895503998,decreases_risk
W0000328,7,median_sent_sats,16.490023347980124,-0.3801473379135132,0.3801473379135132,decreases_risk
W0000328,8,graphsage_dim_10,0.56320435,0.34719118475914,0.34719118475914,increases_risk
W0000328,9,graphsage_dim_8,-0.020194527,-0.19965362548828125,0.19965362548828125,decreases_risk
W0000328,10,graphsage_dim_6,0.3683893,-0.16859287023544312,0.16859287023544312,decreases_risk
W0000329,1,median_sent_sats,15.968793232627998,-3.8015787601470947,3.8015787601470947,decreases_risk
W0000329,2,avg_sent_sats,16.64320602414127,-1.0116149187088013,1.0116149187088013,decreases_risk
W0000329,3,autoencoder_reconstruction_error,0.7042463,-0.7684893012046814,0.7684893012046814,decreases_risk
W0000329,4,graphsage_dim_10,-0.12771215,-0.6443189382553101,0.6443189382553101,decreases_risk
W0000329,5,graphsage_dim_23,-0.45233533,0.36802107095718384,0.36802107095718384,increases_risk
W0000329,6,isolation_forest_anomaly_score,-0.0165005407564212,0.3520464599132538,0.3520464599132538,increases_risk
W0000329,7,observations_per_tx,1.514285714242449,0.29672783613204956,0.29672783613204956,increases_risk
W0000329,8,country_entropy,3.340048116242448,0.2777731418609619,0.2777731418609619,increases_risk
W0000329,9,total_bytes_sent,11.82491470988622,-0.16680340468883514,0.16680340468883514,decreases_risk
W0000329,10,graphsage_dim_6,0.17206493,-0.16278380155563354,0.16278380155563354,decreases_risk
W0000330,1,median_sent_sats,17.25342075100596,2.4605612754821777,2.4605612754821777,increases_risk
W0000330,2,observations_per_tx,1.7333333332177778,-0.8557213544845581,0.8557213544845581,decreases_risk
W0000330,3,graphsage_dim_23,-0.51664037,0.6548864245414734,0.6548864245414734,increases_risk
W0000330,4,country_entropy,3.158236521779705,0.4692612290382385,0.4692612290382385,increases_risk
W0000330,5,avg_sent_sats,17.884428533850038,0.41707170009613037,0.41707170009613037,increases_risk
W0000330,6,graphsage_dim_10,0.22067823,0.39058852195739746,0.39058852195739746,increases_risk
W0000330,7,isolation_forest_anomaly_score,-0.036582784816387,-0.25179117918014526,0.25179117918014526,decreases_risk
W0000330,8,autoencoder_reconstruction_error,1.6253982,0.25118276476860046,0.25118276476860046,increases_risk
W0000330,9,weighted_out_degree,16.0,0.18727372586727142,0.18727372586727142,increases_risk
W0000330,10,graphsage_dim_6,0.22737025,-0.18113800883293152,0.18113800883293152,decreases_risk
W0000331,1,median_sent_sats,15.872643285734163,-3.895181179046631,3.895181179046631,decreases_risk
W0000331,2,avg_sent_sats,16.410107607013817,-0.9767798781394958,0.9767798781394958,decreases_risk
W0000331,3,isolation_forest_anomaly_score,0.0126634778753886,0.7462553977966309,0.7462553977966309,increases_risk
W0000331,4,graphsage_dim_10,-0.10138848,-0.6795679330825806,0.6795679330825806,decreases_risk
W0000331,5,graphsage_dim_23,0.33969092,-0.4256804287433624,0.4256804287433624,decreases_risk
W0000331,6,observations_per_tx,1.4666666666177777,0.3160197138786316,0.3160197138786316,increases_risk
W0000331,7,country_entropy,3.075765938888139,0.2177693396806717,0.2177693396806717,increases_risk
W0000331,8,total_bytes_sent,11.687567610420311,-0.17609138786792755,0.17609138786792755,decreases_risk
W0000331,9,graphsage_dim_3,-0.014012888,-0.174123615026474,0.174123615026474,decreases_risk
W0000331,10,graphsage_dim_8,0.7425832,-0.1700545847415924,0.1700545847415924,decreases_risk
W0000332,1,median_sent_sats,16.004566081475442,-3.2534992694854736,3.2534992694854736,decreases_risk
W0000332,2,avg_sent_sats,16.28610913371346,-0.9280653595924377,0.9280653595924377,decreases_risk
W0000332,3,autoencoder_reconstruction_error,0.36542892,-0.7300757169723511,0.7300757169723511,decreases_risk
W0000332,4,graphsage_dim_10,-0.36071026,-0.6687982082366943,0.6687982082366943,decreases_risk
W0000332,5,isolation_forest_anomaly_score,-0.102498411212022,-0.47168752551078796,0.47168752551078796,decreases_risk
W0000332,6,country_entropy,2.858317219107783,-0.38986286520957947,0.38986286520957947,decreases_risk
W0000332,7,observations_per_tx,1.3333333332698412,0.33716607093811035,0.33716607093811035,increases_risk
W0000332,8,graphsage_dim_23,-0.21293305,0.3272656202316284,0.3272656202316284,increases_risk
W0000332,9,deterministic_score,0.4110967741935483,-0.22424200177192688,0.22424200177192688,decreases_risk
W0000332,10,graphsage_dim_8,0.40717834,-0.1641640067100525,0.1641640067100525,decreases_risk
W0000333,1,median_sent_sats,16.093830468256776,-3.3446755409240723,3.3446755409240723,decreases_risk
W0000333,2,avg_sent_sats,16.2589722079446,-0.925375759601593,0.925375759601593,decreases_risk
W0000333,3,observations_per_tx,1.642857142739796,-0.6001574993133545,0.6001574993133545,decreases_risk
W0000333,4,graphsage_dim_10,-0.7618255,-0.5951981544494629,0.5951981544494629,decreases_risk
W0000333,5,graphsage_dim_23,0.2594266,-0.47088661789894104,0.47088661789894104,decreases_risk
W0000333,6,country_entropy,2.9246119561953123,-0.41177231073379517,0.41177231073379517,decreases_risk
W0000333,7,isolation_forest_anomaly_score,-0.0091984103096103,0.3800605833530426,0.3800605833530426,increases_risk
W0000333,8,graphsage_dim_6,-0.3143626,0.17448171973228455,0.17448171973228455,increases_risk
W0000333,9,graphsage_dim_8,0.87693805,-0.16564378142356873,0.16564378142356873,decreases_risk
W0000333,10,graphsage_dim_3,0.21189427,-0.15669004619121552,0.15669004619121552,decreases_risk
W0000334,1,median_sent_sats,16.095428787651667,-3.064643144607544,3.064643144607544,decreases_risk
W0000334,2,avg_sent_sats,16.24192921293215,-0.8173019886016846,0.8173019886016846,decreases_risk
W0000334,3,autoencoder_reconstruction_error,0.50722355,-0.6770524978637695,0.6770524978637695,decreases_risk
W0000334,4,observations_per_tx,1.6399999999344,-0.5959298014640808,0.5959298014640808,decreases_risk
W0000334,5,graphsage_dim_10,-0.36817175,-0.5896991491317749,0.5896991491317749,decreases_risk
W0000334,6,isolation_forest_anomaly_score,-0.0909378814542295,-0.49041417241096497,0.49041417241096497,decreases_risk
W0000334,7,graphsage_dim_23,0.23669405,-0.4014070928096771,0.4014070928096771,decreases_risk
W0000334,8,country_entropy,2.903472233536437,-0.3695559501647949,0.3695559501647949,decreases_risk
W0000334,9,deterministic_score,0.4084838709677419,-0.19228248298168182,0.19228248298168182,decreases_risk
W0000334,10,weighted_out_degree,21.0,-0.17566277086734772,0.17566277086734772,decreases_risk
W0000335,1,median_sent_sats,16.363195665261184,-3.4630744457244873,3.4630744457244873,decreases_risk
W0000335,2,avg_sent_sats,16.588335040453902,-0.8237124085426331,0.8237124085426331,decreases_risk
W0000335,3,observations_per_tx,1.9999999999,-0.7243996858596802,0.7243996858596802,decreases_risk
W0000335,4,isolation_forest_anomaly_score,-0.0912362827825041,-0.5110376477241516,0.5110376477241516,decreases_risk
W0000335,5,autoencoder_reconstruction_error,0.7582126,-0.42752978205680847,0.42752978205680847,decreases_risk
W0000335,6,graphsage_dim_23,0.18753748,-0.3963140547275543,0.3963140547275543,decreases_risk
W0000335,7,country_entropy,2.870811917375258,-0.36528536677360535,0.36528536677360535,decreases_risk
W0000335,8,deterministic_score,0.3927096774193547,-0.20594170689582825,0.20594170689582825,decreases_risk
W0000335,9,graphsage_dim_10,0.07685174,0.19214875996112823,0.19214875996112823,increases_risk
W0000335,10,graphsage_dim_6,0.36699507,-0.1648709923028946,0.1648709923028946,decreases_risk
W0000336,1,median_sent_sats,16.011183877165955,-3.218235969543457,3.218235969543457,decreases_risk
W0000336,2,avg_sent_sats,16.085417456279675,-0.8733194470405579,0.8733194470405579,decreases_risk
W0000336,3,autoencoder_reconstruction_error,0.62506956,-0.6947343349456787,0.6947343349456787,decreases_risk
W0000336,4,graphsage_dim_10,-0.19175972,-0.6537162065505981,0.6537162065505981,decreases_risk
W0000336,5,isolation_forest_anomaly_score,-0.0667313560138721,-0.4371660351753235,0.4371660351753235,decreases_risk
W0000336,6,graphsage_dim_23,0.16240045,-0.41006675362586975,0.41006675362586975,decreases_risk
W0000336,7,country_entropy,2.62821707282034,-0.3824571967124939,0.3824571967124939,decreases_risk
W0000336,8,observations_per_tx,1.5384615383431952,0.2942093014717102,0.2942093014717102,increases_risk
W0000336,9,graphsage_dim_6,-0.3625391,0.17416736483573914,0.17416736483573914,increases_risk
W0000336,10,avg_outputs_per_tx,1.3636363636363635,-0.16875725984573364,0.16875725984573364,decreases_risk
W0000337,1,median_sent_sats,16.285014399540895,-3.7089977264404297,3.7089977264404297,decreases_risk
W0000337,2,autoencoder_reconstruction_error,0.40941265,-0.883649468421936,0.883649468421936,decreases_risk
W0000337,3,avg_sent_sats,16.856578165581336,-0.5476406812667847,0.5476406812667847,decreases_risk
W0000337,4,isolation_forest_anomaly_score,-0.1064333885020829,-0.44892317056655884,0.44892317056655884,decreases_risk
W0000337,5,country_entropy,3.184318030078784,0.337629497051239,0.337629497051239,increases_risk
W0000337,6,graphsage_dim_10,0.10095164,0.29974278807640076,0.29974278807640076,increases_risk
W0000337,7,deterministic_score,0.3799354838709678,-0.2510794997215271,0.2510794997215271,decreases_risk
W0000337,8,weighted_out_degree,16.0,0.18189029395580292,0.18189029395580292,increases_risk
W0000337,9,total_bytes_sent,11.44639028516908,-0.1734655201435089,0.1734655201435089,decreases_risk
W0000337,10,graphsage_dim_6,0.11325436,-0.16534842550754547,0.16534842550754547,decreases_risk
W0000338,1,median_sent_sats,16.100573124256,-2.992436408996582,2.992436408996582,decreases_risk
W0000338,2,avg_sent_sats,16.478141814744315,-0.7967643141746521,0.7967643141746521,decreases_risk
W0000338,3,autoencoder_reconstruction_error,0.48405796,-0.7296492457389832,0.7296492457389832,decreases_risk
W0000338,4,observations_per_tx,1.7499999999125,-0.5960628390312195,0.5960628390312195,decreases_risk
W0000338,5,graphsage_dim_10,-0.0607442,-0.5533281564712524,0.5533281564712524,decreases_risk
W0000338,6,isolation_forest_anomaly_score,-0.0872490982189366,-0.51338791847229,0.51338791847229,decreases_risk
W0000338,7,graphsage_dim_23,0.046409428,-0.3763517439365387,0.3763517439365387,decreases_risk
W0000338,8,country_entropy,2.8183003811403022,-0.33871275186538696,0.33871275186538696,decreases_risk
W0000338,9,deterministic_score,0.4688064516129032,-0.1997205764055252,0.1997205764055252,decreases_risk
W0000338,10,avg_outputs_per_tx,1.3703703703703705,-0.18108510971069336,0.18108510971069336,decreases_risk
W0000339,1,median_sent_sats,17.133731303022838,2.235149383544922,2.235149383544922,increases_risk
W0000339,2,graphsage_dim_10,-0.5626773,-1.070414423942566,1.070414423942566,decreases_risk
W0000339,3,isolation_forest_anomaly_score,0.034864382214099,0.7981365323066711,0.7981365323066711,increases_risk
W0000339,4,observations_per_tx,1.3333333332777777,0.47799956798553467,0.47799956798553467,increases_risk
W0000339,5,graphsage_dim_23,0.3282227,-0.41424861550331116,0.41424861550331116,decreases_risk
W0000339,6,avg_sent_sats,17.126230164922003,0.40537258982658386,0.40537258982658386,increases_risk
W0000339,7,country_entropy,2.957348930541885,-0.3511122167110443,0.3511122167110443,decreases_risk
W0000339,8,graphsage_dim_3,0.028409615,-0.3345736861228943,0.3345736861228943,decreases_risk
W0000339,9,autoencoder_reconstruction_error,3.2367375,0.23295480012893677,0.23295480012893677,increases_risk
W0000339,10,graphsage_dim_6,0.61358726,-0.19837842881679535,0.19837842881679535,decreases_risk
W0000340,1,median_sent_sats,15.817529331928668,-3.3383021354675293,3.3383021354675293,decreases_risk
W0000340,2,avg_sent_sats,16.30945595837592,-0.8939051628112793,0.8939051628112793,decreases_risk
W0000340,3,autoencoder_reconstruction_error,0.37064892,-0.735264003276825,0.735264003276825,decreases_risk
W0000340,4,graphsage_dim_10,-0.6097808,-0.6618449687957764,0.6618449687957764,decreases_risk
W0000340,5,isolation_forest_anomaly_score,-0.1028916746497742,-0.487717866897583,0.487717866897583,decreases_risk
W0000340,6,country_entropy,2.865373308147299,-0.3785800039768219,0.3785800039768219,decreases_risk
W0000340,7,graphsage_dim_23,0.2379537,-0.3648791015148163,0.3648791015148163,decreases_risk
W0000340,8,observations_per_tx,1.3181818181219007,0.35042470693588257,0.35042470693588257,increases_risk
W0000340,9,deterministic_score,0.3209677419354839,-0.2013426423072815,0.2013426423072815,decreases_risk
W0000340,10,graphsage_dim_6,-0.2794111,0.17402203381061554,0.17402203381061554,increases_risk
W0000341,1,median_sent_sats,16.156818259308768,-3.858022928237915,3.858022928237915,decreases_risk
W0000341,2,avg_sent_sats,16.68589711061587,-0.8573628067970276,0.8573628067970276,decreases_risk
W0000341,3,autoencoder_reconstruction_error,0.7084101,-0.8329188227653503,0.8329188227653503,decreases_risk
W0000341,4,graphsage_dim_23,0.40099588,-0.4352894723415375,0.4352894723415375,decreases_risk
W0000341,5,isolation_forest_anomaly_score,-0.0625012912993408,-0.41621676087379456,0.41621676087379456,decreases_risk
W0000341,6,observations_per_tx,1.3599999999456,0.38474804162979126,0.38474804162979126,increases_risk
W0000341,7,graphsage_dim_10,0.44429165,0.30615413188934326,0.30615413188934326,increases_risk
W0000341,8,country_entropy,3.4936104506854324,0.28766852617263794,0.28766852617263794,increases_risk
W0000341,9,graphsage_dim_6,-0.27973,0.17531917989253998,0.17531917989253998,increases_risk
W0000341,10,weighted_out_degree,26.0,-0.17440417408943176,0.17440417408943176,decreases_risk
W0000342,1,median_sent_sats,15.835688972448104,-3.6239395141601562,3.6239395141601562,decreases_risk
W0000342,2,avg_sent_sats,16.003433066625668,-0.9239997863769531,0.9239997863769531,decreases_risk
W0000342,3,graphsage_dim_10,-0.50427985,-0.7261370420455933,0.7261370420455933,decreases_risk
W0000342,4,isolation_forest_anomaly_score,-0.0848667624091546,-0.4970685541629791,0.4970685541629791,decreases_risk
W0000342,5,country_entropy,2.8943091372391274,-0.4302959442138672,0.4302959442138672,decreases_risk
W0000342,6,observations_per_tx,1.499999999925,0.3254109025001526,0.3254109025001526,increases_risk
W0000342,7,deterministic_score,0.4541935483870968,-0.20587687194347382,0.20587687194347382,decreases_risk
W0000342,8,graphsage_dim_23,-0.04181415,0.18124434351921082,0.18124434351921082,increases_risk
W0000342,9,total_bytes_sent,11.342184592449067,-0.1760988086462021,0.1760988086462021,decreases_risk
W0000342,10,graphsage_dim_6,0.17796715,-0.1674993634223938,0.1674993634223938,decreases_risk
W0000343,1,median_sent_sats,16.30919680405816,-3.3264410495758057,3.3264410495758057,decreases_risk
W0000343,2,avg_sent_sats,16.442382581827903,-0.8124157786369324,0.8124157786369324,decreases_risk
W0000343,3,autoencoder_reconstruction_error,0.48790616,-0.6973191499710083,0.6973191499710083,decreases_risk
W0000343,4,graphsage_dim_10,-0.54049754,-0.6346540451049805,0.6346540451049805,decreases_risk
W0000343,5,isolation_forest_anomaly_score,-0.0886470490451051,-0.48453906178474426,0.48453906178474426,decreases_risk
W0000343,6,country_entropy,2.824529786298088,-0.37426531314849854,0.37426531314849854,decreases_risk
W0000343,7,graphsage_dim_23,0.43835917,-0.37019282579421997,0.37019282579421997,decreases_risk
W0000343,8,observations_per_tx,1.3157894736149585,0.34172749519348145,0.34172749519348145,increases_risk
W0000343,9,deterministic_score,0.448516129032258,-0.19643734395503998,0.19643734395503998,decreases_risk
W0000343,10,graphsage_dim_3,0.102878466,-0.1765788197517395,0.1765788197517395,decreases_risk
W0000344,1,median_sent_sats,16.266559879236667,-3.6338820457458496,3.6338820457458496,decreases_risk
W0000344,2,avg_sent_sats,16.59733804776258,-0.9261340498924255,0.9261340498924255,decreases_risk
W0000344,3,autoencoder_reconstruction_error,0.31095287,-0.8217194676399231,0.8217194676399231,decreases_risk
W0000344,4,graphsage_dim_10,-0.38037074,-0.6663870811462402,0.6663870811462402,decreases_risk
W0000344,5,isolation_forest_anomaly_score,-0.1101169025135683,-0.4452684223651886,0.4452684223651886,decreases_risk
W0000344,6,graphsage_dim_23,-0.39454556,0.342521071434021,0.342521071434021,increases_risk
W0000344,7,observations_per_tx,1.3913043477655955,0.34050947427749634,0.34050947427749634,increases_risk
W0000344,8,country_entropy,3.433722565571575,0.31250590085983276,0.31250590085983276,increases_risk
W0000344,9,deterministic_score,0.3253225806451614,-0.2084828019142151,0.2084828019142151,decreases_risk
W0000344,10,weighted_out_degree,22.0,-0.18164946138858795,0.18164946138858795,decreases_risk
W0000345,1,median_sent_sats,16.945466465738278,2.5083723068237305,2.5083723068237305,increases_risk
W0000345,2,isolation_forest_anomaly_score,0.0027611688233409,0.7187051773071289,0.7187051773071289,increases_risk
W0000345,3,observations_per_tx,1.4705882352076125,0.627148449420929,0.627148449420929,increases_risk
W0000345,4,avg_sent_sats,16.992166147339876,0.4412620961666107,0.4412620961666107,increases_risk
W0000345,5,graphsage_dim_10,0.69234955,0.4362611174583435,0.4362611174583435,increases_risk
W0000345,6,graphsage_dim_23,0.5532867,-0.4350796043872833,0.4350796043872833,decreases_risk
W0000345,7,country_entropy,3.618171939471839,0.3648998737335205,0.3648998737335205,increases_risk
W0000345,8,autoencoder_reconstruction_error,1.7097645,0.2603909969329834,0.2603909969329834,increases_risk
W0000345,9,graphsage_dim_3,-0.49203974,0.1885177493095398,0.1885177493095398,increases_risk
W0000345,10,graphsage_dim_8,-0.53799635,0.1636125147342682,0.1636125147342682,increases_risk
W0000346,1,median_sent_sats,15.878516649538676,-3.735097885131836,3.735097885131836,decreases_risk
W0000346,2,avg_sent_sats,16.608004469320054,-0.9341936707496643,0.9341936707496643,decreases_risk
W0000346,3,autoencoder_reconstruction_error,0.27100825,-0.8762943744659424,0.8762943744659424,decreases_risk
W0000346,4,isolation_forest_anomaly_score,-0.103242032723977,-0.43019208312034607,0.43019208312034607,decreases_risk
W0000346,5,observations_per_tx,1.2857142856530612,0.41208577156066895,0.41208577156066895,increases_risk
W0000346,6,graphsage_dim_23,0.08930584,-0.37321722507476807,0.37321722507476807,decreases_risk
W0000346,7,graphsage_dim_10,0.2335373,0.31522059440612793,0.31522059440612793,increases_risk
W0000346,8,country_entropy,3.29731203420121,0.30637121200561523,0.30637121200561523,increases_risk
W0000346,9,deterministic_score,0.3997096774193548,-0.23438243567943573,0.23438243567943573,decreases_risk
W0000346,10,graphsage_dim_6,-0.12849692,0.1758560985326767,0.1758560985326767,increases_risk
W0000347,1,autoencoder_reconstruction_error,0.5361149,-1.1710032224655151,1.1710032224655151,decreases_risk
W0000347,2,avg_sent_sats,16.735598420244514,-1.0008575916290283,1.0008575916290283,decreases_risk
W0000347,3,median_sent_sats,16.465801694283634,-0.8417909145355225,0.8417909145355225,decreases_risk
W0000347,4,graphsage_dim_10,-0.25113964,-0.763972282409668,0.763972282409668,decreases_risk
W0000347,5,isolation_forest_anomaly_score,-0.1058762237509276,-0.527606725692749,0.527606725692749,decreases_risk
W0000347,6,observations_per_tx,1.4285714285034017,0.4033272862434387,0.4033272862434387,increases_risk
W0000347,7,country_entropy,3.026617956563645,-0.35528576374053955,0.35528576374053955,decreases_risk
W0000347,8,deterministic_score,0.3819032258064517,-0.3441897928714752,0.3441897928714752,decreases_risk
W0000347,9,graphsage_dim_23,-0.021152068,-0.1987794190645218,0.1987794190645218,decreases_risk
W0000347,10,graphsage_dim_6,-0.3378555,0.19269779324531555,0.19269779324531555,increases_risk
W0000348,1,median_sent_sats,17.034065551371565,2.499871015548706,2.499871015548706,increases_risk
W0000348,2,observations_per_tx,1.3478260868979206,0.543093204498291,0.543093204498291,increases_risk
W0000348,3,deterministic_score,0.4834838709677421,-0.47648629546165466,0.47648629546165466,decreases_risk
W0000348,4,avg_sent_sats,17.011697510014066,0.46345674991607666,0.46345674991607666,increases_risk
W0000348,5,graphsage_dim_23,-0.17492658,0.4084712862968445,0.4084712862968445,increases_risk
W0000348,6,isolation_forest_anomaly_score,-0.0459567327505049,-0.4003385901451111,0.4003385901451111,decreases_risk
W0000348,7,country_entropy,3.849415369923696,0.39224231243133545,0.39224231243133545,increases_risk
W0000348,8,graphsage_dim_10,0.5968907,0.3822479844093323,0.3822479844093323,increases_risk
W0000348,9,autoencoder_reconstruction_error,1.0358484,0.28214895725250244,0.28214895725250244,increases_risk
W0000348,10,graphsage_dim_6,-0.51067907,0.19517603516578674,0.19517603516578674,increases_risk
W0000349,1,median_sent_sats,16.03253814386022,-3.5623180866241455,3.5623180866241455,decreases_risk
W0000349,2,avg_sent_sats,16.28812614786246,-0.9334738850593567,0.9334738850593567,decreases_risk
W0000349,3,autoencoder_reconstruction_error,0.6121499,-0.6988356709480286,0.6988356709480286,decreases_risk
W0000349,4,graphsage_dim_10,-0.12217203,-0.6289278268814087,0.6289278268814087,decreases_risk
W0000349,5,isolation_forest_anomaly_score,-0.0847977114660722,-0.4851973056793213,0.4851973056793213,decreases_risk
W0000349,6,country_entropy,2.9284402671227587,-0.3528357148170471,0.3528357148170471,decreases_risk
W0000349,7,graphsage_dim_23,-0.2113576,0.3234027028083801,0.3234027028083801,increases_risk
W0000349,8,observations_per_tx,1.5357142856594388,0.2701933979988098,0.2701933979988098,increases_risk
W0000349,9,deterministic_score,0.4902903225806452,-0.18893209099769592,0.18893209099769592,decreases_risk
W0000349,10,graphsage_dim_6,-0.27574202,0.1760461926460266,0.1760461926460266,increases_risk
W0000350,1,median_sent_sats,16.1852091041112,-4.011703014373779,4.011703014373779,decreases_risk
W0000350,2,avg_sent_sats,16.466339932652726,-0.9610323905944824,0.9610323905944824,decreases_risk
W0000350,3,observations_per_tx,1.7878787878246098,-0.7291380763053894,0.7291380763053894,decreases_risk
W0000350,4,country_entropy,3.0191844770754783,-0.31731995940208435,0.31731995940208435,decreases_risk
W0000350,5,graphsage_dim_10,0.6707336,0.2860613465309143,0.2860613465309143,increases_risk
W0000350,6,isolation_forest_anomaly_score,-0.0242341720236437,-0.28105124831199646,0.28105124831199646,decreases_risk
W0000350,7,graphsage_dim_23,-0.09427032,0.22236953675746918,0.22236953675746918,increases_risk
W0000350,8,weighted_out_degree,31.0,-0.1829080581665039,0.1829080581665039,decreases_risk
W0000350,9,graphsage_dim_8,0.24377017,-0.1778896450996399,0.1778896450996399,decreases_risk
W0000350,10,total_bytes_sent,11.897364397552272,-0.16585034132003784,0.16585034132003784,decreases_risk
W0000351,1,median_sent_sats,15.911778672979574,-3.7070820331573486,3.7070820331573486,decreases_risk
W0000351,2,avg_sent_sats,16.29583343077986,-0.9285799264907837,0.9285799264907837,decreases_risk
W0000351,3,autoencoder_reconstruction_error,0.7191088,-0.7981234192848206,0.7981234192848206,decreases_risk
W0000351,4,isolation_forest_anomaly_score,-0.0830295355348114,-0.45539623498916626,0.45539623498916626,decreases_risk
W0000351,5,graphsage_dim_23,0.18051383,-0.39083150029182434,0.39083150029182434,decreases_risk
W0000351,6,observations_per_tx,1.5294117646159169,0.36417505145072937,0.36417505145072937,increases_risk
W0000351,7,country_entropy,3.381455459988193,0.31238502264022827,0.31238502264022827,increases_risk
W0000351,8,graphsage_dim_10,0.46433562,0.29134631156921387,0.29134631156921387,increases_risk
W0000351,9,deterministic_score,0.4115483870967741,-0.2103387415409088,0.2103387415409088,decreases_risk
W0000351,10,weighted_out_degree,20.0,-0.17440417408943176,0.17440417408943176,decreases_risk
W0000352,1,median_sent_sats,15.58838481893858,-3.7681548595428467,3.7681548595428467,decreases_risk
W0000352,2,avg_sent_sats,15.828648579837068,-1.018906593322754,1.018906593322754,decreases_risk
W0000352,3,graphsage_dim_10,-0.87046146,-0.7297945022583008,0.7297945022583008,decreases_risk
W0000352,4,isolation_forest_anomaly_score,-0.059797612594559,-0.4483284056186676,0.4483284056186676,decreases_risk
W0000352,5,country_entropy,2.9195540670910853,-0.37988919019699097,0.37988919019699097,decreases_risk
W0000352,6,observations_per_tx,1.499999999931818,0.34161752462387085,0.34161752462387085,increases_risk
W0000352,7,graphsage_dim_23,-0.18645091,0.3290572166442871,0.3290572166442871,increases_risk
W0000352,8,weighted_out_degree,36.0,-0.1721685230731964,0.1721685230731964,decreases_risk
W0000352,9,graphsage_dim_8,0.6952037,-0.1719990372657776,0.1719990372657776,decreases_risk
W0000352,10,graphsage_dim_6,0.3840962,-0.16749826073646545,0.16749826073646545,decreases_risk
W0000353,1,median_sent_sats,15.973806717202628,-3.22593355178833,3.22593355178833,decreases_risk
W0000353,2,avg_sent_sats,16.61476309292284,-0.8724216818809509,0.8724216818809509,decreases_risk
W0000353,3,autoencoder_reconstruction_error,0.29660732,-0.7663576602935791,0.7663576602935791,decreases_risk
W0000353,4,graphsage_dim_10,-0.21358484,-0.6442347764968872,0.6442347764968872,decreases_risk
W0000353,5,isolation_forest_anomaly_score,-0.100192681276912,-0.5020341277122498,0.5020341277122498,decreases_risk
W0000353,6,country_entropy,2.8823675893627523,-0.38362887501716614,0.38362887501716614,decreases_risk
W0000353,7,observations_per_tx,1.499999999925,0.3224394917488098,0.3224394917488098,increases_risk
W0000353,8,graphsage_dim_23,-0.10923162,0.2923769950866699,0.2923769950866699,increases_risk
W0000353,9,deterministic_score,0.4403225806451611,-0.20311011373996735,0.20311011373996735,decreases_risk
W0000353,10,graphsage_dim_3,-0.013154432,-0.18467643857002258,0.18467643857002258,decreases_risk
W0000354,1,autoencoder_reconstruction_error,0.47564727,-1.538788914680481,1.538788914680481,decreases_risk
W0000354,2,median_sent_sats,16.623578266242372,0.8382489085197449,0.8382489085197449,increases_risk
W0000354,3,graphsage_dim_10,-0.06732215,-0.7120765447616577,0.7120765447616577,decreases_risk
W0000354,4,country_entropy,2.921185496588554,-0.6735802292823792,0.6735802292823792,decreases_risk
W0000354,5,isolation_forest_anomaly_score,-0.0945909536939158,-0.614980936050415,0.614980936050415,decreases_risk
W0000354,6,observations_per_tx,1.5555555554691358,-0.5767933130264282,0.5767933130264282,decreases_risk
W0000354,7,deterministic_score,0.4331612903225806,-0.4203222393989563,0.4203222393989563,decreases_risk
W0000354,8,avg_sent_sats,17.10203831633047,0.30630823969841003,0.30630823969841003,increases_risk
W0000354,9,graphsage_dim_3,0.0214144,-0.23013173043727875,0.23013173043727875,decreases_risk
W0000354,10,asn_entropy,3.126717193094393,-0.202306866645813,0.202306866645813,decreases_risk
W0000355,1,median_sent_sats,15.985879164893706,-3.602126359939575,3.602126359939575,decreases_risk
W0000355,2,avg_sent_sats,16.442582344199927,-0.9283724427223206,0.9283724427223206,decreases_risk
W0000355,3,autoencoder_reconstruction_error,0.5555364,-0.7734137177467346,0.7734137177467346,decreases_risk
W0000355,4,graphsage_dim_10,-0.120742485,-0.5919095277786255,0.5919095277786255,decreases_risk
W0000355,5,isolation_forest_anomaly_score,-0.0941718613992625,-0.4456978440284729,0.4456978440284729,decreases_risk
W0000355,6,graphsage_dim_23,0.4737252,-0.3918097913265228,0.3918097913265228,decreases_risk
W0000355,7,observations_per_tx,1.39999999993,0.34547656774520874,0.34547656774520874,increases_risk
W0000355,8,country_entropy,3.2700294357114696,0.2825920581817627,0.2825920581817627,increases_risk
W0000355,9,deterministic_score,0.435774193548387,-0.19665224850177765,0.19665224850177765,decreases_risk
W0000355,10,total_bytes_sent,11.290581593826584,-0.17672666907310486,0.17672666907310486,decreases_risk
W0000356,1,median_sent_sats,15.869122494047096,-3.316774368286133,3.316774368286133,decreases_risk
W0000356,2,avg_sent_sats,16.25372633020461,-0.9168434143066406,0.9168434143066406,decreases_risk
W0000356,3,autoencoder_reconstruction_error,0.3355717,-0.7044643759727478,0.7044643759727478,decreases_risk
W0000356,4,graphsage_dim_10,-0.39203918,-0.667311429977417,0.667311429977417,decreases_risk
W0000356,5,isolation_forest_anomaly_score,-0.1058495063728157,-0.4864841103553772,0.4864841103553772,decreases_risk
W0000356,6,country_entropy,2.8409777618601995,-0.3767583668231964,0.3767583668231964,decreases_risk
W0000356,7,graphsage_dim_23,0.09573656,-0.35736212134361267,0.35736212134361267,decreases_risk
W0000356,8,observations_per_tx,1.4761904761201814,0.35109150409698486,0.35109150409698486,increases_risk
W0000356,9,deterministic_score,0.2826451612903226,-0.19390875101089478,0.19390875101089478,decreases_risk
W0000356,10,graphsage_dim_6,-0.08450336,0.17166829109191895,0.17166829109191895,increases_risk
W0000357,1,median_sent_sats,15.71213697106364,-2.968235731124878,2.968235731124878,decreases_risk
W0000357,2,avg_sent_sats,16.25839931047239,-0.8131195902824402,0.8131195902824402,decreases_risk
W0000357,3,autoencoder_reconstruction_error,0.5477447,-0.6836836338043213,0.6836836338043213,decreases_risk
W0000357,4,graphsage_dim_10,-0.5595659,-0.5852829217910767,0.5852829217910767,decreases_risk
W0000357,5,observations_per_tx,1.6363636362892562,-0.5792106986045837,0.5792106986045837,decreases_risk
W0000357,6,isolation_forest_anomaly_score,-0.1027618468545106,-0.5062402486801147,0.5062402486801147,decreases_risk
W0000357,7,graphsage_dim_23,0.15468395,-0.3975329101085663,0.3975329101085663,decreases_risk
W0000357,8,country_entropy,2.9336133759595127,-0.32542508840560913,0.32542508840560913,decreases_risk
W0000357,9,deterministic_score,0.4695483870967742,-0.18874390423297882,0.18874390423297882,decreases_risk
W0000357,10,graphsage_dim_8,0.40441978,-0.17326420545578003,0.17326420545578003,decreases_risk
W0000358,1,median_sent_sats,16.3828970969309,-3.958873748779297,3.958873748779297,decreases_risk
W0000358,2,observations_per_tx,1.6666666665277778,-0.876008927822113,0.876008927822113,decreases_risk
W0000358,3,isolation_forest_anomaly_score,-0.0819464603176808,-0.559150755405426,0.559150755405426,decreases_risk
W0000358,4,graphsage_dim_23,0.77782613,-0.4316582977771759,0.4316582977771759,decreases_risk
W0000358,5,avg_sent_sats,16.948180397791297,0.34170594811439514,0.34170594811439514,increases_risk
W0000358,6,avg_outputs_per_tx,1.3658536585365857,-0.22531893849372864,0.22531893849372864,decreases_risk
W0000358,7,graphsage_dim_10,0.08502758,0.19904784858226776,0.19904784858226776,increases_risk
W0000358,8,autoencoder_reconstruction_error,0.9281104,0.18144351243972778,0.18144351243972778,increases_risk
W0000358,9,graphsage_dim_8,-0.044237368,-0.18109923601150513,0.18109923601150513,decreases_risk
W0000358,10,graphsage_dim_6,0.47426093,-0.16144883632659912,0.16144883632659912,decreases_risk
W0000359,1,autoencoder_reconstruction_error,0.32863948,-1.189929723739624,1.189929723739624,decreases_risk
W0000359,2,observations_per_tx,1.8124999998867188,-0.8939725756645203,0.8939725756645203,decreases_risk
W0000359,3,avg_sent_sats,16.633683871534203,-0.862155556678772,0.862155556678772,decreases_risk
W0000359,4,graphsage_dim_10,-0.22677541,-0.6970512866973877,0.6970512866973877,decreases_risk
W0000359,5,isolation_forest_anomaly_score,-0.1117819841560803,-0.561120867729187,0.561120867729187,decreases_risk
W0000359,6,graphsage_dim_23,0.08132192,-0.5119794011116028,0.5119794011116028,decreases_risk
W0000359,7,median_sent_sats,16.541923854000927,-0.5011388659477234,0.5011388659477234,decreases_risk
W0000359,8,deterministic_score,0.309516129032258,-0.3914075493812561,0.3914075493812561,decreases_risk
W0000359,9,country_entropy,3.036664850974761,-0.3399776816368103,0.3399776816368103,decreases_risk
W0000359,10,graphsage_dim_3,0.010997415,-0.23231123387813568,0.23231123387813568,decreases_risk
W0000360,1,median_sent_sats,15.822784416987613,-3.295215368270874,3.295215368270874,decreases_risk
W0000360,2,avg_sent_sats,16.277229888127852,-0.8976788520812988,0.8976788520812988,decreases_risk
W0000360,3,autoencoder_reconstruction_error,0.6909154,-0.7393411993980408,0.7393411993980408,decreases_risk
W0000360,4,graphsage_dim_10,-0.2757622,-0.5726420879364014,0.5726420879364014,decreases_risk
W0000360,5,observations_per_tx,1.5882352940242217,-0.4938523769378662,0.4938523769378662,decreases_risk
W0000360,6,isolation_forest_anomaly_score,-0.0494801503470708,-0.4568544328212738,0.4568544328212738,decreases_risk
W0000360,7,country_entropy,2.863102315696228,-0.3929588496685028,0.3929588496685028,decreases_risk
W0000360,8,graphsage_dim_23,-0.38792711,0.3386097550392151,0.3386097550392151,increases_risk
W0000360,9,weighted_out_degree,25.0,-0.1721685230731964,0.1721685230731964,decreases_risk
W0000360,10,graphsage_dim_6,-0.1237735,0.16964411735534668,0.16964411735534668,increases_risk
W0000361,1,median_sent_sats,15.938511045294243,-2.9504716396331787,2.9504716396331787,decreases_risk
W0000361,2,avg_sent_sats,16.360016199214503,-0.7892207503318787,0.7892207503318787,decreases_risk
W0000361,3,autoencoder_reconstruction_error,0.48425734,-0.7480452656745911,0.7480452656745911,decreases_risk
W0000361,4,observations_per_tx,1.7199999999312,-0.6561606526374817,0.6561606526374817,decreases_risk
W0000361,5,isolation_forest_anomaly_score,-0.0915237939533908,-0.5195352435112,0.5195352435112,decreases_risk
W0000361,6,graphsage_dim_23,0.07149004,-0.370572030544281,0.370572030544281,decreases_risk
W0000361,7,country_entropy,3.016560786926575,-0.34581851959228516,0.34581851959228516,decreases_risk
W0000361,8,graphsage_dim_10,0.042971224,-0.2580668032169342,0.2580668032169342,decreases_risk
W0000361,9,deterministic_score,0.4243548387096773,-0.24249319732189178,0.24249319732189178,decreases_risk
W0000361,10,total_bytes_sent,11.758699015344412,-0.17672666907310486,0.17672666907310486,decreases_risk
W0000362,1,median_sent_sats,16.098960485859678,-3.218027353286743,3.218027353286743,decreases_risk
W0000362,2,avg_sent_sats,16.561597299964077,-0.8428448438644409,0.8428448438644409,decreases_risk
W0000362,3,autoencoder_reconstruction_error,0.3988614,-0.744116485118866,0.744116485118866,decreases_risk
W0000362,4,observations_per_tx,1.6086956521039697,-0.5529303550720215,0.5529303550720215,decreases_risk
W0000362,5,graphsage_dim_10,-0.113069095,-0.5295020341873169,0.5295020341873169,decreases_risk
W0000362,6,isolation_forest_anomaly_score,-0.1005642281318932,-0.5118837952613831,0.5118837952613831,decreases_risk
W0000362,7,country_entropy,2.86296064211605,-0.3779505789279938,0.3779505789279938,decreases_risk
W0000362,8,graphsage_dim_8,-0.07617479,-0.1778896450996399,0.1778896450996399,decreases_risk
W0000362,9,weighted_out_degree,26.0,-0.1721685230731964,0.1721685230731964,decreases_risk
W0000362,10,graphsage_dim_6,0.22423533,-0.16159148514270782,0.16159148514270782,decreases_risk
W0000363,1,median_sent_sats,15.840959507533452,-3.5455284118652344,3.5455284118652344,decreases_risk
W0000363,2,avg_sent_sats,16.12431697371942,-0.9245700240135193,0.9245700240135193,decreases_risk
W0000363,3,autoencoder_reconstruction_error,0.35407454,-0.8150299787521362,0.8150299787521362,decreases_risk
W0000363,4,isolation_forest_anomaly_score,-0.1031928742484184,-0.5067013502120972,0.5067013502120972,decreases_risk
W0000363,5,observations_per_tx,1.4782608695009452,0.36852341890335083,0.36852341890335083,increases_risk
W0000363,6,country_entropy,2.9507077956048806,-0.34198543429374695,0.34198543429374695,decreases_risk
W0000363,7,graphsage_dim_10,0.09884173,0.3045215904712677,0.3045215904712677,increases_risk
W0000363,8,deterministic_score,0.4100000000000001,-0.2333509922027588,0.2333509922027588,decreases_risk
W0000363,9,graphsage_dim_23,-0.08944115,0.2049161046743393,0.2049161046743393,increases_risk
W0000363,10,graphsage_dim_3,-0.011654504,-0.18154048919677734,0.18154048919677734,decreases_risk
W0000364,1,median_sent_sats,16.16939979528701,-3.081735849380493,3.081735849380493,decreases_risk
W0000364,2,autoencoder_reconstruction_error,0.4166226,-0.7897076606750488,0.7897076606750488,decreases_risk
W0000364,3,avg_sent_sats,16.233897376968258,-0.7806030511856079,0.7806030511856079,decreases_risk
W0000364,4,observations_per_tx,1.666666666574074,-0.6426677107810974,0.6426677107810974,decreases_risk
W0000364,5,isolation_forest_anomaly_score,-0.1091957050765012,-0.5101484656333923,0.5101484656333923,decreases_risk
W0000364,6,graphsage_dim_10,-0.10597329,-0.506241500377655,0.506241500377655,decreases_risk
W0000364,7,country_entropy,3.001307710205908,-0.3295464813709259,0.3295464813709259,decreases_risk
W0000364,8,deterministic_score,0.3542903225806452,-0.21534882485866547,0.21534882485866547,decreases_risk
W0000364,9,graphsage_dim_6,-0.23566446,0.16694408655166626,0.16694408655166626,increases_risk
W0000364,10,total_bytes_sent,11.366360937388343,-0.16681082546710968,0.16681082546710968,decreases_risk
W0000365,1,median_sent_sats,16.02344782674809,-3.443467378616333,3.443467378616333,decreases_risk
W0000365,2,avg_sent_sats,16.72600735107065,-0.8313928842544556,0.8313928842544556,decreases_risk
W0000365,3,autoencoder_reconstruction_error,0.42660904,-0.8057343363761902,0.8057343363761902,decreases_risk
W0000365,4,isolation_forest_anomaly_score,-0.0987562910511589,-0.5052515864372253,0.5052515864372253,decreases_risk
W0000365,5,country_entropy,2.7773172245667848,-0.39447855949401855,0.39447855949401855,decreases_risk
W0000365,6,graphsage_dim_23,0.12098682,-0.3894290030002594,0.3894290030002594,decreases_risk
W0000365,7,observations_per_tx,1.3749999999427085,0.3736504912376404,0.3736504912376404,increases_risk
W0000365,8,graphsage_dim_10,0.23071265,0.29069486260414124,0.29069486260414124,increases_risk
W0000365,9,graphsage_dim_3,-0.0450107,-0.20859281718730927,0.20859281718730927,decreases_risk
W0000365,10,deterministic_score,0.4018709677419356,-0.19594603776931763,0.19594603776931763,decreases_risk
W0000366,1,median_sent_sats,15.954883069174707,-3.928694725036621,3.928694725036621,decreases_risk
W0000366,2,avg_sent_sats,16.423775314680103,-0.9418173432350159,0.9418173432350159,decreases_risk
W0000366,3,autoencoder_reconstruction_error,0.5111121,-0.8783618211746216,0.8783618211746216,decreases_risk
W0000366,4,isolation_forest_anomaly_score,-0.0815284222793755,-0.46305540204048157,0.46305540204048157,decreases_risk
W0000366,5,observations_per_tx,1.4736842104487535,0.38575178384780884,0.38575178384780884,increases_risk
W0000366,6,graphsage_dim_23,-0.12819494,0.34726107120513916,0.34726107120513916,increases_risk
W0000366,7,graphsage_dim_10,0.15441264,0.30271676182746887,0.30271676182746887,increases_risk
W0000366,8,country_entropy,3.389210228356512,0.28796911239624023,0.28796911239624023,increases_risk
W0000366,9,deterministic_score,0.4345483870967743,-0.23766833543777466,0.23766833543777466,decreases_risk
W0000366,10,weighted_out_degree,23.0,-0.18164946138858795,0.18164946138858795,decreases_risk
W0000367,1,median_sent_sats,15.85731266560976,-3.575183391571045,3.575183391571045,decreases_risk
W0000367,2,avg_sent_sats,16.096803287985345,-0.8212937116622925,0.8212937116622925,decreases_risk
W0000367,3,observations_per_tx,1.764705882249135,-0.7028353214263916,0.7028353214263916,decreases_risk
W0000367,4,isolation_forest_anomaly_score,-0.0833681893831668,-0.5246806144714355,0.5246806144714355,decreases_risk
W0000367,5,graphsage_dim_23,0.34194082,-0.41754719614982605,0.41754719614982605,decreases_risk
W0000367,6,country_entropy,2.719892371591978,-0.3647260069847107,0.3647260069847107,decreases_risk
W0000367,7,graphsage_dim_10,0.06493074,0.19447197020053864,0.19447197020053864,increases_risk
W0000367,8,graphsage_dim_8,0.7861023,-0.17326420545578003,0.17326420545578003,decreases_risk
W0000367,9,deterministic_score,0.4428387096774194,-0.16783899068832397,0.16783899068832397,decreases_risk
W0000367,10,graphsage_dim_6,0.58834255,-0.16573385894298553,0.16573385894298553,decreases_risk
W0000368,1,median_sent_sats,16.045170379138753,-3.0646772384643555,3.0646772384643555,decreases_risk
W0000368,2,autoencoder_reconstruction_error,0.5185238,-0.8397649526596069,0.8397649526596069,decreases_risk
W0000368,3,avg_sent_sats,16.512997082722087,-0.8174042105674744,0.8174042105674744,decreases_risk
W0000368,4,observations_per_tx,1.615384615260355,-0.659531831741333,0.659531831741333,decreases_risk
W0000368,5,isolation_forest_anomaly_score,-0.0955338353079394,-0.5010929703712463,0.5010929703712463,decreases_risk
W0000368,6,graphsage_dim_23,0.37581247,-0.35974937677383423,0.35974937677383423,decreases_risk
W0000368,7,country_entropy,2.4196676073851515,-0.3447185456752777,0.3447185456752777,decreases_risk
W0000368,8,deterministic_score,0.3976451612903224,-0.17730900645256042,0.17730900645256042,decreases_risk
W0000368,9,graphsage_dim_8,0.056602515,-0.1700545847415924,0.1700545847415924,decreases_risk
W0000368,10,graphsage_dim_3,-0.56914306,0.1690220832824707,0.1690220832824707,increases_risk
W0000369,1,avg_sent_sats,16.617272734046924,-1.0484797954559326,1.0484797954559326,decreases_risk
W0000369,2,graphsage_dim_10,-0.40381688,-0.8870970010757446,0.8870970010757446,decreases_risk
W0000369,3,median_sent_sats,16.462281064403342,-0.7179739475250244,0.7179739475250244,decreases_risk
W0000369,4,isolation_forest_anomaly_score,-0.0736729965341227,-0.47677820920944214,0.47677820920944214,decreases_risk
W0000369,5,observations_per_tx,1.3124999999179687,0.4703812003135681,0.4703812003135681,increases_risk
W0000369,6,country_entropy,2.496668122437154,-0.4665642976760864,0.4665642976760864,decreases_risk
W0000369,7,graphsage_dim_23,0.47970635,-0.43964144587516785,0.43964144587516785,decreases_risk
W0000369,8,graphsage_dim_3,-0.5549147,0.2755120098590851,0.2755120098590851,increases_risk
W0000369,9,avg_outputs_per_tx,1.375,-0.22883513569831848,0.22883513569831848,decreases_risk
W0000369,10,graphsage_dim_6,0.10235576,-0.17280970513820648,0.17280970513820648,decreases_risk
W0000370,1,median_sent_sats,15.976917035575656,-3.179069995880127,3.179069995880127,decreases_risk
W0000370,2,avg_sent_sats,16.41041775882197,-0.8012421131134033,0.8012421131134033,decreases_risk
W0000370,3,autoencoder_reconstruction_error,0.3595255,-0.7940181493759155,0.7940181493759155,decreases_risk
W0000370,4,observations_per_tx,1.7619047618208616,-0.6967535614967346,0.6967535614967346,decreases_risk
W0000370,5,isolation_forest_anomaly_score,-0.112501113127486,-0.5157483816146851,0.5157483816146851,decreases_risk
W0000370,6,country_entropy,2.93187686576922,-0.35876166820526123,0.35876166820526123,decreases_risk
W0000370,7,graphsage_dim_10,0.12392894,0.2689993679523468,0.2689993679523468,increases_risk
W0000370,8,deterministic_score,0.3621935483870967,-0.2372101992368698,0.2372101992368698,decreases_risk
W0000370,9,graphsage_dim_8,0.23679164,-0.17326420545578003,0.17326420545578003,decreases_risk
W0000370,10,weighted_out_degree,22.0,-0.1721685230731964,0.1721685230731964,decreases_risk
W0000371,1,median_sent_sats,15.941658427467264,-3.9569759368896484,3.9569759368896484,decreases_risk
W0000371,2,avg_sent_sats,16.385360018492456,-0.9516127109527588,0.9516127109527588,decreases_risk
W0000371,3,autoencoder_reconstruction_error,0.47291294,-0.8865014910697937,0.8865014910697937,decreases_risk
W0000371,4,isolation_forest_anomaly_score,-0.0971049637920807,-0.44667303562164307,0.44667303562164307,decreases_risk
W0000371,5,observations_per_tx,1.4090909090268595,0.39649665355682373,0.39649665355682373,increases_risk
W0000371,6,graphsage_dim_10,0.14768142,0.3228600025177002,0.3228600025177002,increases_risk
W0000371,7,country_entropy,3.225473835811316,0.3157522678375244,0.3157522678375244,increases_risk
W0000371,8,deterministic_score,0.4634838709677419,-0.22566089034080505,0.22566089034080505,decreases_risk
W0000371,9,graphsage_dim_23,-0.06373377,0.19837315380573273,0.19837315380573273,increases_risk
W0000371,10,graphsage_dim_6,-0.074544236,0.17671054601669312,0.17671054601669312,increases_risk
W0000372,1,autoencoder_reconstruction_error,0.5080112,-1.3606730699539185,1.3606730699539185,decreases_risk
W0000372,2,observations_per_tx,1.7333333332177778,-1.0434755086898804,1.0434755086898804,decreases_risk
W0000372,3,avg_sent_sats,16.471468887903427,-0.8852716684341431,0.8852716684341431,decreases_risk
W0000372,4,isolation_forest_anomaly_score,-0.0805345237956644,-0.5138229131698608,0.5138229131698608,decreases_risk
W0000372,5,graphsage_dim_23,-0.31519106,0.428077757358551,0.428077757358551,increases_risk
W0000372,6,deterministic_score,0.4905806451612903,-0.3817385733127594,0.3817385733127594,decreases_risk
W0000372,7,country_entropy,3.2776043927683625,0.3548235297203064,0.3548235297203064,increases_risk
W0000372,8,median_sent_sats,16.5583845764355,-0.2784736454486847,0.2784736454486847,decreases_risk
W0000372,9,graphsage_dim_10,0.0889802,0.21485985815525055,0.21485985815525055,increases_risk
W0000372,10,graphsage_dim_6,-0.37260184,0.17786255478858948,0.17786255478858948,increases_risk
W0000373,1,median_sent_sats,16.425789299463204,-2.9589004516601562,2.9589004516601562,decreases_risk
W0000373,2,autoencoder_reconstruction_error,0.30436343,-0.8385918140411377,0.8385918140411377,decreases_risk
W0000373,3,observations_per_tx,1.6086956521039697,-0.7499480247497559,0.7499480247497559,decreases_risk
W0000373,4,isolation_forest_anomaly_score,-0.1081346700522809,-0.5373560786247253,0.5373560786247253,decreases_risk
W0000373,5,country_entropy,2.847947598380008,-0.4211421608924866,0.4211421608924866,decreases_risk
W0000373,6,graphsage_dim_23,0.30817407,-0.41928383708000183,0.41928383708000183,decreases_risk
W0000373,7,avg_sent_sats,16.86240311640827,-0.40704748034477234,0.40704748034477234,decreases_risk
W0000373,8,graphsage_dim_10,0.16015866,0.2714579105377197,0.2714579105377197,increases_risk
W0000373,9,deterministic_score,0.4164838709677418,-0.21915225684642792,0.21915225684642792,decreases_risk
W0000373,10,graphsage_dim_6,-0.06764282,0.17486539483070374,0.17486539483070374,increases_risk
W0000374,1,median_sent_sats,15.863330490027613,-3.6755595207214355,3.6755595207214355,decreases_risk
W0000374,2,avg_sent_sats,15.990694549642576,-0.8848331570625305,0.8848331570625305,decreases_risk
W0000374,3,observations_per_tx,1.7619047618208616,-0.7011550068855286,0.7011550068855286,decreases_risk
W0000374,4,isolation_forest_anomaly_score,-0.0673283206364157,-0.4996495544910431,0.4996495544910431,decreases_risk
W0000374,5,country_entropy,2.8156454426291537,-0.3473055958747864,0.3473055958747864,decreases_risk
W0000374,6,graphsage_dim_10,0.36226648,0.2803870141506195,0.2803870141506195,increases_risk
W0000374,7,graphsage_dim_23,-0.075223334,0.19814078509807587,0.19814078509807587,increases_risk
W0000374,8,graphsage_dim_8,0.23917757,-0.1778896450996399,0.1778896450996399,decreases_risk
W0000374,9,weighted_out_degree,36.0,-0.1721685230731964,0.1721685230731964,decreases_risk
W0000374,10,graphsage_dim_6,0.2944082,-0.16800731420516968,0.16800731420516968,decreases_risk
W0000375,1,median_sent_sats,15.615949088278196,-2.931917667388916,2.931917667388916,decreases_risk
W0000375,2,avg_sent_sats,16.174991886471183,-0.8057398796081543,0.8057398796081543,decreases_risk
W0000375,3,autoencoder_reconstruction_error,0.42917708,-0.762316882610321,0.762316882610321,decreases_risk
W0000375,4,observations_per_tx,1.6874999998945313,-0.6270774602890015,0.6270774602890015,decreases_risk
W0000375,5,graphsage_dim_10,-0.11589802,-0.5486108064651489,0.5486108064651489,decreases_risk
W0000375,6,isolation_forest_anomaly_score,-0.0889066404398367,-0.5205235481262207,0.5205235481262207,decreases_risk
W0000375,7,country_entropy,3.0161516213719763,-0.3098340630531311,0.3098340630531311,decreases_risk
W0000375,8,deterministic_score,0.4256451612903225,-0.21619732677936554,0.21619732677936554,decreases_risk
W0000375,9,graphsage_dim_8,0.15901779,-0.1778896450996399,0.1778896450996399,decreases_risk
W0000375,10,avg_outputs_per_tx,1.4651162790697674,-0.17558014392852783,0.17558014392852783,decreases_risk
W0000376,1,median_sent_sats,16.187930248094823,-3.5032010078430176,3.5032010078430176,decreases_risk
W0000376,2,avg_sent_sats,16.62293112365648,-0.8801525831222534,0.8801525831222534,decreases_risk
W0000376,3,observations_per_tx,1.6666666665277778,-0.6978087425231934,0.6978087425231934,decreases_risk
W0000376,4,graphsage_dim_23,0.15652482,-0.4698159396648407,0.4698159396648407,decreases_risk
W0000376,5,isolation_forest_anomaly_score,-0.0410967320002288,-0.4105195999145508,0.4105195999145508,decreases_risk
W0000376,6,country_entropy,2.8159614479285136,-0.406810998916626,0.406810998916626,decreases_risk
W0000376,7,graphsage_dim_10,0.14651091,0.2940967082977295,0.2940967082977295,increases_risk
W0000376,8,graphsage_dim_3,-0.0032134429,-0.1831544041633606,0.1831544041633606,decreases_risk
W0000376,9,graphsage_dim_6,-0.4322351,0.1761530339717865,0.1761530339717865,increases_risk
W0000376,10,graphsage_dim_8,0.2103484,-0.1624341607093811,0.1624341607093811,decreases_risk
W0000377,1,median_sent_sats,15.979815802239562,-4.1598381996154785,4.1598381996154785,decreases_risk
W0000377,2,avg_sent_sats,16.669377208652563,-0.9196117520332336,0.9196117520332336,decreases_risk
W0000377,3,autoencoder_reconstruction_error,0.65055776,-0.879216730594635,0.879216730594635,decreases_risk
W0000377,4,observations_per_tx,1.4827586206385257,0.36705082654953003,0.36705082654953003,increases_risk
W0000377,5,graphsage_dim_23,-0.22728406,0.3620631694793701,0.3620631694793701,increases_risk
W0000377,6,isolation_forest_anomaly_score,-0.012345216507226,0.35177376866340637,0.35177376866340637,increases_risk
W0000377,7,graphsage_dim_10,0.29208627,0.3301207721233368,0.3301207721233368,increases_risk
W0000377,8,country_entropy,3.221481522042185,0.2804245948791504,0.2804245948791504,increases_risk
W0000377,9,graphsage_dim_8,0.10623546,-0.1719990372657776,0.1719990372657776,decreases_risk
W0000377,10,graphsage_dim_6,0.28214288,-0.16462118923664093,0.16462118923664093,decreases_risk
W0000378,1,autoencoder_reconstruction_error,0.7272341,-1.073564887046814,1.073564887046814,decreases_risk
W0000378,2,graphsage_dim_10,0.009608326,-0.6633243560791016,0.6633243560791016,decreases_risk
W0000378,3,country_entropy,2.8943774569967515,-0.6102955937385559,0.6102955937385559,decreases_risk
W0000378,4,graphsage_dim_23,0.5739706,-0.5687258839607239,0.5687258839607239,decreases_risk
W0000378,5,observations_per_tx,1.294117646982699,0.44396430253982544,0.44396430253982544,increases_risk
W0000378,6,isolation_forest_anomaly_score,-0.073514204474378,-0.4338472783565521,0.4338472783565521,decreases_risk
W0000378,7,deterministic_score,0.4687096774193548,-0.33567535877227783,0.33567535877227783,decreases_risk
W0000378,8,median_sent_sats,16.552574882252983,-0.2943856120109558,0.2943856120109558,decreases_risk
W0000378,9,avg_sent_sats,16.96156994696532,0.27390623092651367,0.27390623092651367,increases_risk
W0000378,10,asn_entropy,2.9226754683112186,-0.26016518473625183,0.26016518473625183,decreases_risk
W0000379,1,median_sent_sats,16.11429584081504,-3.3340227603912354,3.3340227603912354,decreases_risk
W0000379,2,avg_sent_sats,16.503398077402952,-0.9195299744606018,0.9195299744606018,decreases_risk
W0000379,3,autoencoder_reconstruction_error,0.46741298,-0.7633336186408997,0.7633336186408997,decreases_risk
W0000379,4,graphsage_dim_10,-0.2714373,-0.6289855241775513,0.6289855241775513,decreases_risk
W0000379,5,isolation_forest_anomaly_score,-0.096852917783034,-0.44957196712493896,0.44957196712493896,decreases_risk
W0000379,6,country_entropy,2.6954027410384915,-0.36387643218040466,0.36387643218040466,decreases_risk
W0000379,7,observations_per_tx,1.294117646982699,0.3465232253074646,0.3465232253074646,increases_risk
W0000379,8,graphsage_dim_23,0.46565807,-0.34350091218948364,0.34350091218948364,decreases_risk
W0000379,9,graphsage_dim_3,-0.51185703,0.19844350218772888,0.19844350218772888,increases_risk
W0000379,10,graphsage_dim_6,-0.10844816,0.16878923773765564,0.16878923773765564,increases_risk
W0000380,1,median_sent_sats,15.833974696857783,-3.2283170223236084,3.2283170223236084,decreases_risk
W0000380,2,avg_sent_sats,16.367583659572016,-0.8322136402130127,0.8322136402130127,decreases_risk
W0000380,3,autoencoder_reconstruction_error,0.62244964,-0.7671543955802917,0.7671543955802917,decreases_risk
W0000380,4,observations_per_tx,1.6842105262271467,-0.640869677066803,0.640869677066803,decreases_risk
W0000380,5,graphsage_dim_10,-0.057341084,-0.5429298281669617,0.5429298281669617,decreases_risk
W0000380,6,isolation_forest_anomaly_score,-0.0831432537813152,-0.4988308548927307,0.4988308548927307,decreases_risk
W0000380,7,country_entropy,2.722037998444309,-0.3643532693386078,0.3643532693386078,decreases_risk
W0000380,8,graphsage_dim_23,-0.34673306,0.30649638175964355,0.30649638175964355,increases_risk
W0000380,9,deterministic_score,0.4237741935483869,-0.22447535395622253,0.22447535395622253,decreases_risk
W0000380,10,graphsage_dim_6,-0.6001321,0.17354409396648407,0.17354409396648407,increases_risk
W0000381,1,median_sent_sats,16.270802574785556,-3.637561321258545,3.637561321258545,decreases_risk
W0000381,2,autoencoder_reconstruction_error,0.5212995,-0.8710977435112,0.8710977435112,decreases_risk
W0000381,3,observations_per_tx,1.6060606060119378,-0.6822097897529602,0.6822097897529602,decreases_risk
W0000381,4,isolation_forest_anomaly_score,-0.0069267703251817,0.6687315702438354,0.6687315702438354,increases_risk
W0000381,5,avg_sent_sats,16.857181505479556,-0.4521273672580719,0.4521273672580719,decreases_risk
W0000381,6,graphsage_dim_23,0.01888574,-0.40659525990486145,0.40659525990486145,decreases_risk
W0000381,7,country_entropy,3.438793196050299,0.30035924911499023,0.30035924911499023,increases_risk
W0000381,8,graphsage_dim_10,0.97275126,0.27808240056037903,0.27808240056037903,increases_risk
W0000381,9,graphsage_dim_8,0.5836616,-0.1700545847415924,0.1700545847415924,decreases_risk
W0000381,10,total_bytes_sent,11.890683588496984,-0.1635422706604004,0.1635422706604004,decreases_risk
W0000382,1,median_sent_sats,16.633585122060996,1.6226264238357544,1.6226264238357544,increases_risk
W0000382,2,graphsage_dim_10,-0.11989249,-0.863579511642456,0.863579511642456,decreases_risk
W0000382,3,graphsage_dim_23,-0.2389199,0.5211377739906311,0.5211377739906311,increases_risk
W0000382,4,observations_per_tx,1.3124999999179687,0.47932690382003784,0.47932690382003784,increases_risk
W0000382,5,avg_sent_sats,17.078382138839423,0.4786352813243866,0.4786352813243866,increases_risk
W0000382,6,country_entropy,3.0867276063731715,0.4644700884819031,0.4644700884819031,increases_risk
W0000382,7,isolation_forest_anomaly_score,-0.0609808334875769,-0.3625907897949219,0.3625907897949219,decreases_risk
W0000382,8,autoencoder_reconstruction_error,0.99260217,0.26774537563323975,0.26774537563323975,increases_risk
W0000382,9,graphsage_dim_6,-0.25511858,0.21380002796649933,0.21380002796649933,increases_risk
W0000382,10,total_bytes_sent,10.73070660463555,0.1861451417207718,0.1861451417207718,increases_risk
W0000383,1,median_sent_sats,15.793951855836347,-3.5505597591400146,3.5505597591400146,decreases_risk
W0000383,2,avg_sent_sats,16.02078817789107,-0.9908411502838135,0.9908411502838135,decreases_risk
W0000383,3,graphsage_dim_10,-0.4793384,-0.7048287391662598,0.7048287391662598,decreases_risk
W0000383,4,isolation_forest_anomaly_score,-0.0558939468114997,-0.464480459690094,0.464480459690094,decreases_risk
W0000383,5,country_entropy,2.65749877725057,-0.42389246821403503,0.42389246821403503,decreases_risk
W0000383,6,graphsage_dim_23,0.33500373,-0.40456023812294006,0.40456023812294006,decreases_risk
W0000383,7,observations_per_tx,1.3124999999179687,0.34110456705093384,0.34110456705093384,increases_risk
W0000383,8,avg_outputs_per_tx,1.3777777777777778,-0.17672550678253174,0.17672550678253174,decreases_risk
W0000383,9,graphsage_dim_8,0.19919229,-0.1700545847415924,0.1700545847415924,decreases_risk
W0000383,10,graphsage_dim_6,0.5883911,-0.16576674580574036,0.16576674580574036,decreases_risk
W0000384,1,median_sent_sats,15.86312726939931,-3.4485464096069336,3.4485464096069336,decreases_risk
W0000384,2,avg_sent_sats,16.327015950643805,-0.9492279291152954,0.9492279291152954,decreases_risk
W0000384,3,autoencoder_reconstruction_error,0.37505153,-0.7863259315490723,0.7863259315490723,decreases_risk
W0000384,4,isolation_forest_anomaly_score,-0.0881810166410853,-0.48626023530960083,0.48626023530960083,decreases_risk
W0000384,5,country_entropy,2.800368781646416,-0.39508646726608276,0.39508646726608276,decreases_risk
W0000384,6,observations_per_tx,1.4736842104487535,0.3919801115989685,0.3919801115989685,increases_risk
W0000384,7,graphsage_dim_23,-0.4094839,0.3417024612426758,0.3417024612426758,increases_risk
W0000384,8,graphsage_dim_10,0.07710844,0.23012815415859222,0.23012815415859222,increases_risk
W0000384,9,deterministic_score,0.4531612903225807,-0.22987502813339233,0.22987502813339233,decreases_risk
W0000384,10,weighted_out_degree,21.0,-0.1721685230731964,0.1721685230731964,decreases_risk
W0000385,1,median_sent_sats,16.85656367502449,1.7675803899765015,1.7675803899765015,increases_risk
W0000385,2,graphsage_dim_10,-0.014476608,-0.937580943107605,0.937580943107605,decreases_risk
W0000385,3,country_entropy,2.427963258235975,-0.6355512142181396,0.6355512142181396,decreases_risk
W0000385,4,graphsage_dim_23,0.6213874,-0.602063775062561,0.602063775062561,decreases_risk
W0000385,5,isolation_forest_anomaly_score,-0.0390174828870922,-0.4624849259853363,0.4624849259853363,decreases_risk
W0000385,6,observations_per_tx,1.499999999875,0.4500156044960022,0.4500156044960022,increases_risk
W0000385,7,avg_sent_sats,17.140622717848537,0.39089450240135193,0.39089450240135193,increases_risk
W0000385,8,asn_entropy,2.684771938731434,-0.37667450308799744,0.37667450308799744,decreases_risk
W0000385,9,graphsage_dim_3,-0.079695255,-0.32038843631744385,0.32038843631744385,decreases_risk
W0000385,10,avg_outputs_per_tx,1.6451612903225807,-0.3011452257633209,0.3011452257633209,decreases_risk
W0000386,1,median_sent_sats,16.052220343386438,-2.959566354751587,2.959566354751587,decreases_risk
W0000386,2,avg_sent_sats,16.52321317485657,-0.8080328702926636,0.8080328702926636,decreases_risk
W0000386,3,autoencoder_reconstruction_error,0.24289726,-0.7790383696556091,0.7790383696556091,decreases_risk
W0000386,4,observations_per_tx,1.647058823432526,-0.6243348717689514,0.6243348717689514,decreases_risk
W0000386,5,graphsage_dim_10,-0.09481927,-0.548180341720581,0.548180341720581,decreases_risk
W0000386,6,isolation_forest_anomaly_score,-0.1186949724799284,-0.5132978558540344,0.5132978558540344,decreases_risk
W0000386,7,graphsage_dim_23,0.44655287,-0.39776936173439026,0.39776936173439026,decreases_risk
W0000386,8,country_entropy,2.871797353074988,-0.3600103557109833,0.3600103557109833,decreases_risk
W0000386,9,graphsage_dim_3,-0.04262556,-0.18175655603408813,0.18175655603408813,decreases_risk
W0000386,10,deterministic_score,0.2905161290322581,-0.1780916452407837,0.1780916452407837,decreases_risk
W0000387,1,avg_sent_sats,16.755835181933342,-1.1125656366348267,1.1125656366348267,decreases_risk
W0000387,2,graphsage_dim_23,0.14996824,-0.5984388589859009,0.5984388589859009,decreases_risk
W0000387,3,graphsage_dim_10,0.024353929,-0.5487721562385559,0.5487721562385559,decreases_risk
W0000387,4,observations_per_tx,1.4827586206385257,0.43411892652511597,0.43411892652511597,increases_risk
W0000387,5,isolation_forest_anomaly_score,-0.0132576344776341,0.36872681975364685,0.36872681975364685,increases_risk
W0000387,6,country_entropy,3.375067170514077,0.30196988582611084,0.30196988582611084,increases_risk
W0000387,7,autoencoder_reconstruction_error,0.7671157,-0.29400569200515747,0.29400569200515747,decreases_risk
W0000387,8,median_sent_sats,16.511520970816786,-0.2574242055416107,0.2574242055416107,decreases_risk
W0000387,9,avg_outputs_per_tx,1.5,-0.24627763032913208,0.24627763032913208,decreases_risk
W0000387,10,graphsage_dim_3,0.29900303,-0.20605364441871643,0.20605364441871643,decreases_risk
W0000388,1,median_sent_sats,15.967060762009304,-2.9497594833374023,2.9497594833374023,decreases_risk
W0000388,2,avg_sent_sats,16.570232135494557,-0.8346491456031799,0.8346491456031799,decreases_risk
W0000388,3,autoencoder_reconstruction_error,0.470182,-0.7101368308067322,0.7101368308067322,decreases_risk
W0000388,4,observations_per_tx,1.7391304347069942,-0.6525154709815979,0.6525154709815979,decreases_risk
W0000388,5,graphsage_dim_10,-0.055860803,-0.5442324280738831,0.5442324280738831,decreases_risk
W0000388,6,isolation_forest_anomaly_score,-0.093677870734348,-0.4936828315258026,0.4936828315258026,decreases_risk
W0000388,7,graphsage_dim_23,0.16607729,-0.4024755656719208,0.4024755656719208,decreases_risk
W0000388,8,country_entropy,2.9790022236353773,-0.3627851903438568,0.3627851903438568,decreases_risk
W0000388,9,deterministic_score,0.4546129032258065,-0.20939312875270844,0.20939312875270844,decreases_risk
W0000388,10,graphsage_dim_8,0.10167399,-0.1700545847415924,0.1700545847415924,decreases_risk
W0000389,1,median_sent_sats,15.79069493340572,-3.5840275287628174,3.5840275287628174,decreases_risk
W0000389,2,avg_sent_sats,16.328039475190415,-0.9438043832778931,0.9438043832778931,decreases_risk
W0000389,3,autoencoder_reconstruction_error,0.42247725,-0.8026003241539001,0.8026003241539001,decreases_risk
W0000389,4,isolation_forest_anomaly_score,-0.100705913869585,-0.4915286600589752,0.4915286600589752,decreases_risk
W0000389,5,observations_per_tx,1.4090909090268595,0.42126864194869995,0.42126864194869995,increases_risk
W0000389,6,graphsage_dim_23,0.20913607,-0.3748979866504669,0.3748979866504669,decreases_risk
W0000389,7,graphsage_dim_10,0.10054625,0.30266886949539185,0.30266886949539185,increases_risk
W0000389,8,country_entropy,3.033392106736552,-0.2210649996995926,0.2210649996995926,decreases_risk
W0000389,9,deterministic_score,0.3655806451612903,-0.21464133262634277,0.21464133262634277,decreases_risk
W0000389,10,graphsage_dim_6,-0.095669135,0.17548868060112,0.17548868060112,increases_risk
W0000390,1,median_sent_sats,16.311950278810432,-3.424733877182007,3.424733877182007,decreases_risk
W0000390,2,autoencoder_reconstruction_error,0.46047306,-0.8125748634338379,0.8125748634338379,decreases_risk
W0000390,3,avg_sent_sats,16.560484697456626,-0.8086621761322021,0.8086621761322021,decreases_risk
W0000390,4,observations_per_tx,1.8399999999264,-0.6820574998855591,0.6820574998855591,decreases_risk
W0000390,5,isolation_forest_anomaly_score,-0.0965313587436912,-0.5188934206962585,0.5188934206962585,decreases_risk
W0000390,6,graphsage_dim_23,-0.12196942,0.2959507703781128,0.2959507703781128,increases_risk
W0000390,7,graphsage_dim_10,0.1289912,0.2670121490955353,0.2670121490955353,increases_risk
W0000390,8,deterministic_score,0.4385806451612904,-0.24145905673503876,0.24145905673503876,decreases_risk
W0000390,9,total_bytes_sent,11.63260891591524,-0.1734655201435089,0.1734655201435089,decreases_risk
W0000390,10,weighted_out_degree,21.0,-0.17010661959648132,0.17010661959648132,decreases_risk
W0000391,1,median_sent_sats,15.989172367528347,-3.3013319969177246,3.3013319969177246,decreases_risk
W0000391,2,avg_sent_sats,16.429660810252173,-0.8642978668212891,0.8642978668212891,decreases_risk
W0000391,3,autoencoder_reconstruction_error,0.4419516,-0.7669883370399475,0.7669883370399475,decreases_risk
W0000391,4,graphsage_dim_10,-0.00616486,-0.4936143755912781,0.4936143755912781,decreases_risk
W0000391,5,observations_per_tx,1.5624999999023437,-0.4883621335029602,0.4883621335029602,decreases_risk
W0000391,6,isolation_forest_anomaly_score,-0.0907703294846729,-0.4520058035850525,0.4520058035850525,decreases_risk
W0000391,7,country_entropy,2.9068303448440926,-0.42709848284721375,0.42709848284721375,decreases_risk
W0000391,8,graphsage_dim_23,-0.24942507,0.3285846710205078,0.3285846710205078,increases_risk
W0000391,9,deterministic_score,0.4785483870967741,-0.21117447316646576,0.21117447316646576,decreases_risk
W0000391,10,graphsage_dim_6,-0.2827655,0.17538924515247345,0.17538924515247345,increases_risk
W0000392,1,median_sent_sats,15.949395066102792,-3.809453248977661,3.809453248977661,decreases_risk
W0000392,2,avg_sent_sats,16.563171109366067,-0.9511682987213135,0.9511682987213135,decreases_risk
W0000392,3,autoencoder_reconstruction_error,0.73291737,-0.6982645392417908,0.6982645392417908,decreases_risk
W0000392,4,isolation_forest_anomaly_score,-0.0862001267184299,-0.4559740424156189,0.4559740424156189,decreases_risk
W0000392,5,graphsage_dim_23,0.123430036,-0.3948879539966583,0.3948879539966583,decreases_risk
W0000392,6,observations_per_tx,1.4444444443909463,0.3645087480545044,0.3645087480545044,increases_risk
W0000392,7,country_entropy,3.4246100867855183,0.28157132863998413,0.28157132863998413,increases_risk
W0000392,8,deterministic_score,0.450483870967742,-0.21883341670036316,0.21883341670036316,decreases_risk
W0000392,9,graphsage_dim_10,0.059733227,0.21758219599723816,0.21758219599723816,increases_risk
W0000392,10,graphsage_dim_3,-0.016726464,-0.19689175486564636,0.19689175486564636,decreases_risk
W0000393,1,avg_sent_sats,16.719869263081844,-1.145709753036499,1.145709753036499,decreases_risk
W0000393,2,graphsage_dim_10,-0.29520503,-1.0111976861953735,1.0111976861953735,decreases_risk
W0000393,3,median_sent_sats,16.47654144102311,-0.7801229357719421,0.7801229357719421,decreases_risk
W0000393,4,country_entropy,2.842091859889594,-0.5729193687438965,0.5729193687438965,decreases_risk
W0000393,5,graphsage_dim_23,0.2148045,-0.5657215118408203,0.5657215118408203,decreases_risk
W0000393,6,observations_per_tx,1.3333333332444444,0.42563581466674805,0.42563581466674805,increases_risk
W0000393,7,isolation_forest_anomaly_score,-0.0431839033607812,-0.41354474425315857,0.41354474425315857,decreases_risk
W0000393,8,graphsage_dim_3,0.071768776,-0.3128184974193573,0.3128184974193573,decreases_risk
W0000393,9,asn_entropy,2.960964047443681,-0.2557114064693451,0.2557114064693451,decreases_risk
W0000393,10,graphsage_dim_8,-0.035727233,-0.19203320145606995,0.19203320145606995,decreases_risk
W0000394,1,median_sent_sats,15.940302067403517,-3.1631267070770264,3.1631267070770264,decreases_risk
W0000394,2,autoencoder_reconstruction_error,0.47432688,-0.835105836391449,0.835105836391449,decreases_risk
W0000394,3,observations_per_tx,1.647058823432526,-0.7343496680259705,0.7343496680259705,decreases_risk
W0000394,4,isolation_forest_anomaly_score,-0.1003736375201708,-0.5794546008110046,0.5794546008110046,decreases_risk
W0000394,5,country_entropy,2.8448370851405778,-0.41873687505722046,0.41873687505722046,decreases_risk
W0000394,6,graphsage_dim_23,-0.4530061,0.34589046239852905,0.34589046239852905,increases_risk
W0000394,7,graphsage_dim_10,0.027267255,-0.26345333456993103,0.26345333456993103,decreases_risk
W0000394,8,deterministic_score,0.3298387096774193,-0.22637301683425903,0.22637301683425903,decreases_risk
W0000394,9,weighted_out_degree,23.0,-0.1812119334936142,0.1812119334936142,decreases_risk
W0000394,10,graphsage_dim_6,-0.36411542,0.17998731136322021,0.17998731136322021,increases_risk
W0000395,1,median_sent_sats,16.371584879312902,-3.466792345046997,3.466792345046997,decreases_risk
W0000395,2,observations_per_tx,1.7307692307026628,-0.8117729425430298,0.8117729425430298,decreases_risk
W0000395,3,autoencoder_reconstruction_error,0.5672141,-0.8111453056335449,0.8111453056335449,decreases_risk
W0000395,4,avg_sent_sats,16.83523046959369,-0.6069746017456055,0.6069746017456055,decreases_risk
W0000395,5,isolation_forest_anomaly_score,-0.0737816712637679,-0.4782758951187134,0.4782758951187134,decreases_risk
W0000395,6,graphsage_dim_23,0.045062035,-0.38659176230430603,0.38659176230430603,decreases_risk
W0000395,7,country_entropy,3.334442230332193,0.29343581199645996,0.29343581199645996,increases_risk
W0000395,8,graphsage_dim_10,0.23917437,0.26400676369667053,0.26400676369667053,increases_risk
W0000395,9,avg_outputs_per_tx,1.36,-0.1916472613811493,0.1916472613811493,decreases_risk
W0000395,10,total_bytes_sent,11.772470374172714,-0.1734655201435089,0.1734655201435089,decreases_risk
W0000396,1,median_sent_sats,16.354472850008147,-3.700653076171875,3.700653076171875,decreases_risk
W0000396,2,avg_sent_sats,16.608424932463535,-0.9519349932670593,0.9519349932670593,decreases_risk
W0000396,3,graphsage_dim_10,-0.19897582,-0.6897011995315552,0.6897011995315552,decreases_risk
W0000396,4,isolation_forest_anomaly_score,-0.039477763426464,-0.4381008446216583,0.4381008446216583,decreases_risk
W0000396,5,country_entropy,2.7096909728231853,-0.4158714711666107,0.4158714711666107,decreases_risk
W0000396,6,graphsage_dim_23,-0.31303746,0.3652000427246094,0.3652000427246094,increases_risk
W0000396,7,observations_per_tx,1.499999999875,0.34396231174468994,0.34396231174468994,increases_risk
W0000396,8,total_bytes_sent,10.654243045716386,0.17743118107318878,0.17743118107318878,increases_risk
W0000396,9,graphsage_dim_6,0.27597067,-0.1695699244737625,0.1695699244737625,decreases_risk
W0000396,10,avg_outputs_per_tx,1.5172413793103448,-0.16938233375549316,0.16938233375549316,decreases_risk
W0000397,1,median_sent_sats,16.22845582745673,-3.37933087348938,3.37933087348938,decreases_risk
W0000397,2,avg_sent_sats,16.45672555304229,-0.8959435224533081,0.8959435224533081,decreases_risk
W0000397,3,autoencoder_reconstruction_error,0.5010807,-0.6976293921470642,0.6976293921470642,decreases_risk
W0000397,4,graphsage_dim_10,-0.17144936,-0.6308979988098145,0.6308979988098145,decreases_risk
W0000397,5,country_entropy,2.7221589426775665,-0.4393048882484436,0.4393048882484436,decreases_risk
W0000397,6,isolation_forest_anomaly_score,-0.0807377749018513,-0.43901675939559937,0.43901675939559937,decreases_risk
W0000397,7,graphsage_dim_23,0.32138762,-0.38714054226875305,0.38714054226875305,decreases_risk
W0000397,8,observations_per_tx,1.3684210525595568,0.3304656744003296,0.3304656744003296,increases_risk
W0000397,9,graphsage_dim_6,-0.42379406,0.17453478276729584,0.17453478276729584,increases_risk
W0000397,10,graphsage_dim_3,0.27744138,-0.16531044244766235,0.16531044244766235,decreases_risk
W0000398,1,median_sent_sats,17.170599286989223,2.433136224746704,2.433136224746704,increases_risk
W0000398,2,isolation_forest_anomaly_score,0.123081118988151,0.78619784116745,0.78619784116745,increases_risk
W0000398,3,observations_per_tx,1.52173913036862,0.5303582549095154,0.5303582549095154,increases_risk
W0000398,4,graphsage_dim_10,0.7690639,0.4172624349594116,0.4172624349594116,increases_risk
W0000398,5,avg_sent_sats,17.92787004278333,0.40791139006614685,0.40791139006614685,increases_risk
W0000398,6,country_entropy,3.0751463298083337,0.2874545454978943,0.2874545454978943,increases_risk
W0000398,7,graphsage_dim_23,-0.02757093,0.27664390206336975,0.27664390206336975,increases_risk
W0000398,8,autoencoder_reconstruction_error,5.2765455,0.26125410199165344,0.26125410199165344,increases_risk
W0000398,9,burstiness,1.264257259549035,-0.20483726263046265,0.20483726263046265,decreases_risk
W0000398,10,max_sent_sats,20.450470484047344,-0.1686858981847763,0.1686858981847763,decreases_risk
W0000399,1,median_sent_sats,16.217564534988774,-3.617436647415161,3.617436647415161,decreases_risk
W0000399,2,avg_sent_sats,16.62322309550856,-0.9213622212409973,0.9213622212409973,decreases_risk
W0000399,3,graphsage_dim_10,-0.24879968,-0.6773600578308105,0.6773600578308105,decreases_risk
W0000399,4,country_entropy,2.714113720467497,-0.4332383871078491,0.4332383871078491,decreases_risk
W0000399,5,graphsage_dim_23,0.3456916,-0.41267600655555725,0.41267600655555725,decreases_risk
W0000399,6,isolation_forest_anomaly_score,-0.0718956037797144,-0.39182692766189575,0.39182692766189575,decreases_risk
W0000399,7,autoencoder_reconstruction_error,0.7567353,-0.38762155175209045,0.38762155175209045,decreases_risk
W0000399,8,observations_per_tx,1.294117646982699,0.3365364670753479,0.3365364670753479,increases_risk
W0000399,9,graphsage_dim_6,-0.843849,0.17694585025310516,0.17694585025310516,increases_risk
W0000399,10,total_bytes_sent,10.842224473240114,0.1670037806034088,0.1670037806034088,increases_risk
W0000400,1,median_sent_sats,15.882497803359442,-3.2749907970428467,3.2749907970428467,decreases_risk
W0000400,2,avg_sent_sats,16.59896399092681,-0.868089497089386,0.868089497089386,decreases_risk
W0000400,3,autoencoder_reconstruction_error,0.50905925,-0.7223809957504272,0.7223809957504272,decreases_risk
W0000400,4,graphsage_dim_10,-0.08008452,-0.6649746894836426,0.6649746894836426,decreases_risk
W0000400,5,isolation_forest_anomaly_score,-0.1039065245527588,-0.47896552085876465,0.47896552085876465,decreases_risk
W0000400,6,country_entropy,2.8084788997100603,-0.38375550508499146,0.38375550508499146,decreases_risk
W0000400,7,observations_per_tx,1.4444444443641975,0.343455970287323,0.343455970287323,increases_risk
W0000400,8,deterministic_score,0.380032258064516,-0.2109609842300415,0.2109609842300415,decreases_risk
W0000400,9,graphsage_dim_6,-0.19752234,0.16878965497016907,0.16878965497016907,increases_risk
W0000400,10,weighted_out_degree,22.0,-0.15936709940433502,0.15936709940433502,decreases_risk
W0000401,1,median_sent_sats,15.288108295500528,-3.3467400074005127,3.3467400074005127,decreases_risk
W0000401,2,avg_sent_sats,16.050241979825966,-0.9288350343704224,0.9288350343704224,decreases_risk
W0000401,3,observations_per_tx,1.74999999978125,-0.6441588401794434,0.6441588401794434,decreases_risk
W0000401,4,graphsage_dim_10,-0.090874285,-0.5552222728729248,0.5552222728729248,decreases_risk
W0000401,5,graphsage_dim_23,0.24745047,-0.447194367647171,0.447194367647171,decreases_risk
W0000401,6,country_entropy,2.571520674410184,-0.44421857595443726,0.44421857595443726,decreases_risk
W0000401,7,isolation_forest_anomaly_score,-0.0138423003670694,0.37512820959091187,0.37512820959091187,increases_risk
W0000401,8,total_bytes_sent,10.479004810717251,0.16805845499038696,0.16805845499038696,increases_risk
W0000401,9,graphsage_dim_8,0.6784321,-0.16564378142356873,0.16564378142356873,decreases_risk
W0000401,10,graphsage_dim_6,0.68598145,-0.16320571303367615,0.16320571303367615,decreases_risk
W0000402,1,median_sent_sats,17.495687164419223,1.9594357013702393,1.9594357013702393,increases_risk
W0000402,2,observations_per_tx,1.6785714285114797,-1.1674116849899292,1.1674116849899292,decreases_risk
W0000402,3,country_entropy,2.952410917454136,-0.581169843673706,0.581169843673706,decreases_risk
W0000402,4,isolation_forest_anomaly_score,-0.0659176467133078,-0.5565156936645508,0.5565156936645508,decreases_risk
W0000402,5,graphsage_dim_23,-0.46407828,0.454562783241272,0.454562783241272,increases_risk
W0000402,6,avg_outputs_per_tx,1.3658536585365857,-0.34432998299598694,0.34432998299598694,decreases_risk
W0000402,7,avg_sent_sats,17.48217838590141,0.33696508407592773,0.33696508407592773,increases_risk
W0000402,8,autoencoder_reconstruction_error,0.8007964,-0.30844059586524963,0.30844059586524963,decreases_risk
W0000402,9,graphsage_dim_3,0.023723528,-0.24337656795978546,0.24337656795978546,decreases_risk
W0000402,10,graphsage_dim_10,0.08506557,0.24099062383174896,0.24099062383174896,increases_risk
W0000403,1,median_sent_sats,17.254601923704808,2.4824860095977783,2.4824860095977783,increases_risk
W0000403,2,observations_per_tx,1.4761904761201814,0.5765833854675293,0.5765833854675293,increases_risk
W0000403,3,deterministic_score,0.4337096774193548,-0.5193856358528137,0.5193856358528137,decreases_risk
W0000403,4,graphsage_dim_23,-0.18189687,0.5009574294090271,0.5009574294090271,increases_risk
W0000403,5,avg_sent_sats,17.350937590957887,0.4737222194671631,0.4737222194671631,increases_risk
W0000403,6,country_entropy,3.33160053349399,0.4573468565940857,0.4573468565940857,increases_risk
W0000403,7,isolation_forest_anomaly_score,-0.0663577953742464,-0.3944128453731537,0.3944128453731537,decreases_risk
W0000403,8,graphsage_dim_10,0.062555656,0.32383033633232117,0.32383033633232117,increases_risk
W0000403,9,autoencoder_reconstruction_error,1.0971595,0.2855716645717621,0.2855716645717621,increases_risk
W0000403,10,graphsage_dim_6,-0.81675094,0.20042464137077332,0.20042464137077332,increases_risk
W0000404,1,median_sent_sats,16.176623582136703,-3.17111873626709,3.17111873626709,decreases_risk
W0000404,2,autoencoder_reconstruction_error,0.24951574,-0.7904378175735474,0.7904378175735474,decreases_risk
W0000404,3,avg_sent_sats,16.697675850690704,-0.7502198815345764,0.7502198815345764,decreases_risk
W0000404,4,observations_per_tx,1.6086956521039697,-0.6578601598739624,0.6578601598739624,decreases_risk
W0000404,5,isolation_forest_anomaly_score,-0.0936145988266172,-0.5202483534812927,0.5202483534812927,decreases_risk
W0000404,6,country_entropy,2.787268882222264,-0.3890952169895172,0.3890952169895172,decreases_risk
W0000404,7,graphsage_dim_10,0.101714,0.26600563526153564,0.26600563526153564,increases_risk
W0000404,8,deterministic_score,0.3896129032258064,-0.21158455312252045,0.21158455312252045,decreases_risk
W0000404,9,weighted_out_degree,23.0,-0.1721685230731964,0.1721685230731964,decreases_risk
W0000404,10,graphsage_dim_6,-0.072084144,0.17090319097042084,0.17090319097042084,increases_risk
W0000405,1,median_sent_sats,16.032970457641692,-3.949577808380127,3.949577808380127,decreases_risk
W0000405,2,avg_sent_sats,16.069311331459307,-0.8238523602485657,0.8238523602485657,decreases_risk
W0000405,3,observations_per_tx,1.6923076921775149,-0.6668497323989868,0.6668497323989868,decreases_risk
W0000405,4,graphsage_dim_10,-0.3144331,-0.6081082820892334,0.6081082820892334,decreases_risk
W0000405,5,isolation_forest_anomaly_score,-0.050905618437805,-0.39826786518096924,0.39826786518096924,decreases_risk
W0000405,6,country_entropy,3.326972861459397,0.34129780530929565,0.34129780530929565,increases_risk
W0000405,7,graphsage_dim_23,-0.046434194,0.1993427276611328,0.1993427276611328,increases_risk
W0000405,8,graphsage_dim_6,-0.4836451,0.17636989057064056,0.17636989057064056,increases_risk
W0000405,9,weighted_out_degree,16.0,0.17065800726413727,0.17065800726413727,increases_risk
W0000405,10,total_bytes_sent,10.94318105528876,0.15521284937858582,0.15521284937858582,increases_risk
W0000406,1,median_sent_sats,16.874463562877168,2.3113718032836914,2.3113718032836914,increases_risk
W0000406,2,observations_per_tx,1.7692307690946745,-0.9709604978561401,0.9709604978561401,decreases_risk
W0000406,3,isolation_forest_anomaly_score,0.0249956436403728,0.8549504280090332,0.8549504280090332,increases_risk
W0000406,4,country_entropy,2.559190928864436,-0.44860050082206726,0.44860050082206726,decreases_risk
W0000406,5,avg_sent_sats,16.915101607987186,0.3667559325695038,0.3667559325695038,increases_risk
W0000406,6,graphsage_dim_10,0.05789075,0.2819109559059143,0.2819109559059143,increases_risk
W0000406,7,autoencoder_reconstruction_error,2.4087656,0.2785477936267853,0.2785477936267853,increases_risk
W0000406,8,graphsage_dim_3,-0.07693063,-0.19139280915260315,0.19139280915260315,decreases_risk
W0000406,9,asn_entropy,2.9845008149379963,-0.18369990587234497,0.18369990587234497,decreases_risk
W0000406,10,graphsage_dim_6,0.45100605,-0.17229582369327545,0.17229582369327545,decreases_risk
W0000407,1,median_sent_sats,16.109349615650082,-3.3880739212036133,3.3880739212036133,decreases_risk
W0000407,2,avg_sent_sats,16.5955051932107,-0.8989735245704651,0.8989735245704651,decreases_risk
W0000407,3,autoencoder_reconstruction_error,0.5275101,-0.7055984735488892,0.7055984735488892,decreases_risk
W0000407,4,graphsage_dim_10,-0.18389943,-0.6121840476989746,0.6121840476989746,decreases_risk
W0000407,5,isolation_forest_anomaly_score,-0.0917031678265777,-0.4877750873565674,0.4877750873565674,decreases_risk
W0000407,6,country_entropy,2.941668730210503,-0.36402300000190735,0.36402300000190735,decreases_risk
W0000407,7,graphsage_dim_23,-0.2616916,0.30866336822509766,0.30866336822509766,increases_risk
W0000407,8,observations_per_tx,1.380952380886621,0.29867517948150635,0.29867517948150635,increases_risk
W0000407,9,deterministic_score,0.3401935483870967,-0.22503525018692017,0.22503525018692017,decreases_risk
W0000407,10,weighted_out_degree,19.0,-0.1721685230731964,0.1721685230731964,decreases_risk
W0000408,1,median_sent_sats,17.1975109848736,2.503553628921509,2.503553628921509,increases_risk
W0000408,2,isolation_forest_anomaly_score,0.0627436298582642,0.765771210193634,0.765771210193634,increases_risk
W0000408,3,observations_per_tx,1.4666666665688888,0.579756498336792,0.579756498336792,increases_risk
W0000408,4,avg_sent_sats,17.255633386290754,0.446980744600296,0.446980744600296,increases_risk
W0000408,5,graphsage_dim_23,0.7579514,-0.42205604910850525,0.42205604910850525,decreases_risk
W0000408,6,graphsage_dim_10,0.54473794,0.419852614402771,0.419852614402771,increases_risk
W0000408,7,autoencoder_reconstruction_error,3.4158022,0.26250123977661133,0.26250123977661133,increases_risk
W0000408,8,graphsage_dim_3,-0.48305187,0.21898314356803894,0.21898314356803894,increases_risk
W0000408,9,asn_entropy,2.684513328992568,-0.1953602433204651,0.1953602433204651,decreases_risk
W0000408,10,graphsage_dim_18,-0.8006375,-0.17164179682731628,0.17164179682731628,decreases_risk
W0000409,1,median_sent_sats,16.160213413608332,-3.620582342147827,3.620582342147827,decreases_risk
W0000409,2,avg_sent_sats,16.62070987549722,-0.8304859399795532,0.8304859399795532,decreases_risk
W0000409,3,autoencoder_reconstruction_error,0.7274831,-0.6708397269248962,0.6708397269248962,decreases_risk
W0000409,4,observations_per_tx,1.562499999951172,-0.6232761740684509,0.6232761740684509,decreases_risk
W0000409,5,isolation_forest_anomaly_score,-0.0427692371647579,-0.4606804847717285,0.4606804847717285,decreases_risk
W0000409,6,graphsage_dim_23,0.56764084,-0.42429015040397644,0.42429015040397644,decreases_risk
W0000409,7,graphsage_dim_10,0.2586732,0.2731730043888092,0.2731730043888092,increases_risk
W0000409,8,country_entropy,3.0378628487696906,-0.23739226162433624,0.23739226162433624,decreases_risk
W0000409,9,weighted_out_degree,27.0,-0.17566277086734772,0.17566277086734772,decreases_risk
W0000409,10,total_bytes_sent,11.820189552149731,-0.1734655201435089,0.1734655201435089,decreases_risk
W0000410,1,median_sent_sats,15.88426961958511,-3.5746283531188965,3.5746283531188965,decreases_risk
W0000410,2,avg_sent_sats,16.26635228066259,-0.9211443662643433,0.9211443662643433,decreases_risk
W0000410,3,graphsage_dim_10,-0.22079408,-0.6679093837738037,0.6679093837738037,decreases_risk
W0000410,4,graphsage_dim_23,0.4598143,-0.41247227787971497,0.41247227787971497,decreases_risk
W0000410,5,country_entropy,2.6292163831758786,-0.4090883135795593,0.4090883135795593,decreases_risk
W0000410,6,isolation_forest_anomaly_score,-0.0157352931933161,0.38605040311813354,0.38605040311813354,increases_risk
W0000410,7,observations_per_tx,1.499999999875,0.3435248136520386,0.3435248136520386,increases_risk
W0000410,8,graphsage_dim_3,-0.08130014,-0.1667366623878479,0.1667366623878479,decreases_risk
W0000410,9,avg_outputs_per_tx,1.375,-0.1594695746898651,0.1594695746898651,decreases_risk
W0000410,10,graphsage_dim_8,-0.8103713,0.14026044309139252,0.14026044309139252,increases_risk
W0000411,1,median_sent_sats,16.253971530624046,-3.2403926849365234,3.2403926849365234,decreases_risk
W0000411,2,avg_sent_sats,16.617280637578617,-0.8856059312820435,0.8856059312820435,decreases_risk
W0000411,3,autoencoder_reconstruction_error,0.34335452,-0.723182201385498,0.723182201385498,decreases_risk
W0000411,4,graphsage_dim_10,0.010627158,-0.5263307094573975,0.5263307094573975,decreases_risk
W0000411,5,isolation_forest_anomaly_score,-0.1020359926988532,-0.4432593584060669,0.4432593584060669,decreases_risk
W0000411,6,country_entropy,2.827583115665613,-0.41740620136260986,0.41740620136260986,decreases_risk
W0000411,7,graphsage_dim_23,0.15193883,-0.3797946274280548,0.3797946274280548,decreases_risk
W0000411,8,observations_per_tx,1.5238095237369615,0.30751127004623413,0.30751127004623413,increases_risk
W0000411,9,deterministic_score,0.3854193548387096,-0.2051057070493698,0.2051057070493698,decreases_risk
W0000411,10,graphsage_dim_8,-0.08866948,-0.17326420545578003,0.17326420545578003,decreases_risk
W0000412,1,median_sent_sats,16.056086514894204,-3.3597185611724854,3.3597185611724854,decreases_risk
W0000412,2,autoencoder_reconstruction_error,0.3659463,-0.8492510914802551,0.8492510914802551,decreases_risk
W0000412,3,avg_sent_sats,16.432420089048318,-0.8393880128860474,0.8393880128860474,decreases_risk
W0000412,4,observations_per_tx,1.5555555554691358,-0.5933917164802551,0.5933917164802551,decreases_risk
W0000412,5,isolation_forest_anomaly_score,-0.1021331498796293,-0.46627184748649597,0.46627184748649597,decreases_risk
W0000412,6,graphsage_dim_23,0.1331511,-0.42528095841407776,0.42528095841407776,decreases_risk
W0000412,7,country_entropy,3.283100521409547,0.3138456344604492,0.3138456344604492,increases_risk
W0000412,8,graphsage_dim_10,0.35745972,0.2678305208683014,0.2678305208683014,increases_risk
W0000412,9,deterministic_score,0.411774193548387,-0.215247243642807,0.215247243642807,decreases_risk
W0000412,10,weighted_out_degree,21.0,-0.17440417408943176,0.17440417408943176,decreases_risk
W0000413,1,median_sent_sats,15.812904383283358,-3.0271077156066895,3.0271077156066895,decreases_risk
W0000413,2,avg_sent_sats,16.538545433198756,-0.7290949821472168,0.7290949821472168,decreases_risk
W0000413,3,autoencoder_reconstruction_error,0.48582074,-0.6938626766204834,0.6938626766204834,decreases_risk
W0000413,4,graphsage_dim_10,-0.02918246,-0.5434632301330566,0.5434632301330566,decreases_risk
W0000413,5,isolation_forest_anomaly_score,-0.0778015639063609,-0.4913293123245239,0.4913293123245239,decreases_risk
W0000413,6,observations_per_tx,1.590909090836777,-0.4440653324127197,0.4440653324127197,decreases_risk
W0000413,7,country_entropy,2.9008315450471023,-0.3768776059150696,0.3768776059150696,decreases_risk
W0000413,8,graphsage_dim_23,0.057502978,-0.3739878535270691,0.3739878535270691,decreases_risk
W0000413,9,deterministic_score,0.4711612903225807,-0.21857061982154846,0.21857061982154846,decreases_risk
W0000413,10,avg_outputs_per_tx,1.3636363636363635,-0.1802634298801422,0.1802634298801422,decreases_risk
W0000414,1,median_sent_sats,17.555642059990138,2.4509451389312744,2.4509451389312744,increases_risk
W0000414,2,observations_per_tx,1.7037037036406035,-0.8162657618522644,0.8162657618522644,decreases_risk
W0000414,3,graphsage_dim_23,-1.0123299,0.6519421339035034,0.6519421339035034,increases_risk
W0000414,4,isolation_forest_anomaly_score,-0.0027760770670394,0.5662678480148315,0.5662678480148315,increases_risk
W0000414,5,avg_sent_sats,17.89210956591397,0.42615455389022827,0.42615455389022827,increases_risk
W0000414,6,country_entropy,3.4203237244109737,0.4140772819519043,0.4140772819519043,increases_risk
W0000414,7,graphsage_dim_10,0.8865293,0.39410826563835144,0.39410826563835144,increases_risk
W0000414,8,autoencoder_reconstruction_error,1.5367243,0.2463093101978302,0.2463093101978302,increases_risk
W0000414,9,graphsage_dim_6,0.12889916,-0.16956458985805511,0.16956458985805511,decreases_risk
W0000414,10,graphsage_dim_8,0.5365834,-0.16437584161758423,0.16437584161758423,decreases_risk
W0000415,1,median_sent_sats,16.426671887116544,-3.4503774642944336,3.4503774642944336,decreases_risk
W0000415,2,avg_sent_sats,16.69920960517662,-0.8582413792610168,0.8582413792610168,decreases_risk
W0000415,3,autoencoder_reconstruction_error,0.3461513,-0.8439731001853943,0.8439731001853943,decreases_risk
W0000415,4,observations_per_tx,1.5882352940242217,-0.6143103837966919,0.6143103837966919,decreases_risk
W0000415,5,isolation_forest_anomaly_score,-0.0986580804694564,-0.47507280111312866,0.47507280111312866,decreases_risk
W0000415,6,graphsage_dim_23,0.4217924,-0.4153212606906891,0.4153212606906891,decreases_risk
W0000415,7,country_entropy,3.285242588834276,0.2920271158218384,0.2920271158218384,increases_risk
W0000415,8,graphsage_dim_10,0.24002403,0.2742150127887726,0.2742150127887726,increases_risk
W0000415,9,deterministic_score,0.3947741935483872,-0.21092359721660614,0.21092359721660614,decreases_risk
W0000415,10,weighted_out_degree,23.0,-0.17440417408943176,0.17440417408943176,decreases_risk
W0000416,1,observations_per_tx,1.909090908917356,-1.0288314819335938,1.0288314819335938,decreases_risk
W0000416,2,median_sent_sats,16.6758432663742,0.997802197933197,0.997802197933197,increases_risk
W0000416,3,graphsage_dim_10,-0.3864979,-0.988365888595581,0.988365888595581,decreases_risk
W0000416,4,graphsage_dim_23,0.56564146,-0.7269691228866577,0.7269691228866577,decreases_risk
W0000416,5,country_entropy,2.8744974017625484,-0.6256381869316101,0.6256381869316101,decreases_risk
W0000416,6,isolation_forest_anomaly_score,-0.0521476809618478,-0.5838677287101746,0.5838677287101746,decreases_risk
W0000416,7,avg_outputs_per_tx,1.7142857142857142,-0.32116273045539856,0.32116273045539856,decreases_risk
W0000416,8,avg_sent_sats,17.164339808159284,0.30664095282554626,0.30664095282554626,increases_risk
W0000416,9,asn_entropy,3.0533015685322376,-0.28324076533317566,0.28324076533317566,decreases_risk
W0000416,10,graphsage_dim_3,0.24659546,-0.2576340436935425,0.2576340436935425,decreases_risk
W0000417,1,median_sent_sats,17.40467965693581,1.9424006938934326,1.9424006938934326,increases_risk
W0000417,2,country_entropy,2.9081558119151576,-0.6740421652793884,0.6740421652793884,decreases_risk
W0000417,3,graphsage_dim_23,0.0653174,-0.5274832248687744,0.5274832248687744,decreases_risk
W0000417,4,graphsage_dim_10,0.047780905,-0.5090380907058716,0.5090380907058716,decreases_risk
W0000417,5,isolation_forest_anomaly_score,-0.0701782503945013,-0.47265252470970154,0.47265252470970154,decreases_risk
W0000417,6,deterministic_score,0.4178709677419356,-0.46837830543518066,0.46837830543518066,decreases_risk
W0000417,7,observations_per_tx,1.4499999999275,0.40853339433670044,0.40853339433670044,increases_risk
W0000417,8,graphsage_dim_3,-0.053320866,-0.368139386177063,0.368139386177063,decreases_risk
W0000417,9,avg_outputs_per_tx,1.4054054054054057,-0.3332661986351013,0.3332661986351013,decreases_risk
W0000417,10,asn_entropy,3.0591021481593548,-0.33116310834884644,0.33116310834884644,decreases_risk
W0000418,1,autoencoder_reconstruction_error,0.4406423,-1.375789761543274,1.375789761543274,decreases_risk
W0000418,2,graphsage_dim_10,-0.046627898,-0.792548656463623,0.792548656463623,decreases_risk
W0000418,3,country_entropy,2.7477874802478053,-0.622824490070343,0.622824490070343,decreases_risk
W0000418,4,isolation_forest_anomaly_score,-0.0956420257454183,-0.5610013008117676,0.5610013008117676,decreases_risk
W0000418,5,deterministic_score,0.4245806451612904,-0.4483356773853302,0.4483356773853302,decreases_risk
W0000418,6,graphsage_dim_23,-0.27586383,0.42513924837112427,0.42513924837112427,increases_risk
W0000418,7,observations_per_tx,1.526315789393352,0.3587762713432312,0.3587762713432312,increases_risk
W0000418,8,median_sent_sats,16.567930755975755,-0.30877813696861267,0.30877813696861267,decreases_risk
W0000418,9,avg_sent_sats,16.963289565316764,0.28274738788604736,0.28274738788604736,increases_risk
W0000418,10,max_sent_sats,18.667195238739414,-0.20230700075626373,0.20230700075626373,decreases_risk
W0000419,1,median_sent_sats,16.815422783334924,1.8108829259872437,1.8108829259872437,increases_risk
W0000419,2,observations_per_tx,1.5624999999023437,-0.8957648277282715,0.8957648277282715,decreases_risk
W0000419,3,country_entropy,2.729432036254817,-0.7065939903259277,0.7065939903259277,decreases_risk
W0000419,4,graphsage_dim_23,0.3085268,-0.6668859720230103,0.6668859720230103,decreases_risk
W0000419,5,avg_outputs_per_tx,1.805555555555556,-0.40787574648857117,0.40787574648857117,decreases_risk
W0000419,6,isolation_forest_anomaly_score,-0.0259582719465963,-0.36520010232925415,0.36520010232925415,decreases_risk
W0000419,7,avg_sent_sats,17.325578747519394,0.3503226339817047,0.3503226339817047,increases_risk
W0000419,8,asn_entropy,2.944529786298088,-0.3476637005805969,0.3476637005805969,decreases_risk
W0000419,9,graphsage_dim_10,0.09186362,0.24519185721874237,0.24519185721874237,increases_risk
W0000419,10,std_sent_sats,17.750836313580017,-0.224979430437088,0.224979430437088,decreases_risk
W0000420,1,median_sent_sats,16.151440867908534,-3.317509174346924,3.317509174346924,decreases_risk
W0000420,2,autoencoder_reconstruction_error,0.54085046,-0.8483150601387024,0.8483150601387024,decreases_risk
W0000420,3,avg_sent_sats,16.19980319509916,-0.8338683843612671,0.8338683843612671,decreases_risk
W0000420,4,observations_per_tx,1.6315789472825484,-0.6989412307739258,0.6989412307739258,decreases_risk
W0000420,5,isolation_forest_anomaly_score,-0.1034408729190574,-0.46686306595802307,0.46686306595802307,decreases_risk
W0000420,6,graphsage_dim_23,0.27538913,-0.4240817725658417,0.4240817725658417,decreases_risk
W0000420,7,country_entropy,3.331514313934948,0.28024739027023315,0.28024739027023315,increases_risk
W0000420,8,graphsage_dim_10,0.19770092,0.2617432177066803,0.2617432177066803,increases_risk
W0000420,9,deterministic_score,0.3618064516129032,-0.20642808079719543,0.20642808079719543,decreases_risk
W0000420,10,weighted_out_degree,29.0,-0.17440417408943176,0.17440417408943176,decreases_risk
W0000421,1,median_sent_sats,16.331142158257514,-3.356127977371216,3.356127977371216,decreases_risk
W0000421,2,avg_sent_sats,16.66807328359443,-0.9143574237823486,0.9143574237823486,decreases_risk
W0000421,3,autoencoder_reconstruction_error,0.32798234,-0.7334349155426025,0.7334349155426025,decreases_risk
W0000421,4,isolation_forest_anomaly_score,-0.1014099297236174,-0.49325791001319885,0.49325791001319885,decreases_risk
W0000421,5,graphsage_dim_23,0.17130345,-0.39111676812171936,0.39111676812171936,decreases_risk
W0000421,6,country_entropy,2.8761447934671263,-0.3842929005622864,0.3842929005622864,decreases_risk
W0000421,7,observations_per_tx,1.499999999925,0.38338083028793335,0.38338083028793335,increases_risk
W0000421,8,graphsage_dim_3,-0.0068798214,-0.21761150658130646,0.21761150658130646,decreases_risk
W0000421,9,graphsage_dim_10,0.07430712,0.21559086441993713,0.21559086441993713,increases_risk
W0000421,10,deterministic_score,0.3858709677419355,-0.18483899533748627,0.18483899533748627,decreases_risk
W0000422,1,graphsage_dim_10,-0.08242178,-0.8576111793518066,0.8576111793518066,decreases_risk
W0000422,2,avg_sent_sats,16.834925725271482,-0.8309887051582336,0.8309887051582336,decreases_risk
W0000422,3,graphsage_dim_23,0.16628736,-0.5491573810577393,0.5491573810577393,decreases_risk
W0000422,4,country_entropy,2.881133695325748,-0.5172507762908936,0.5172507762908936,decreases_risk
W0000422,5,observations_per_tx,1.2105263157257615,0.473128080368042,0.473128080368042,increases_risk
W0000422,6,isolation_forest_anomaly_score,-0.0590578494276202,-0.4349226951599121,0.4349226951599121,decreases_risk
W0000422,7,deterministic_score,0.4809354838709677,-0.26400935649871826,0.26400935649871826,decreases_risk
W0000422,8,graphsage_dim_6,-0.34195527,0.21063177287578583,0.21063177287578583,increases_risk
W0000422,9,median_sent_sats,16.523816526355244,-0.20700210332870483,0.20700210332870483,decreases_risk
W0000422,10,asn_entropy,3.114935597546692,-0.17962318658828735,0.17962318658828735,decreases_risk
W0000423,1,median_sent_sats,16.312286611847465,-3.2634449005126953,3.2634449005126953,decreases_risk
W0000423,2,autoencoder_reconstruction_error,0.52768743,-0.7514458894729614,0.7514458894729614,decreases_risk
W0000423,3,avg_sent_sats,16.77669922463131,-0.7384753227233887,0.7384753227233887,decreases_risk
W0000423,4,observations_per_tx,1.8095238094376416,-0.6285998821258545,0.6285998821258545,decreases_risk
W0000423,5,isolation_forest_anomaly_score,-0.0909746258495263,-0.5103368163108826,0.5103368163108826,decreases_risk
W0000423,6,country_entropy,2.907181805494265,-0.3883107304573059,0.3883107304573059,decreases_risk
W0000423,7,graphsage_dim_23,-0.22937784,0.33680403232574463,0.33680403232574463,increases_risk
W0000423,8,graphsage_dim_10,0.18629938,0.28371384739875793,0.28371384739875793,increases_risk
W0000423,9,deterministic_score,0.4240322580645161,-0.21908114850521088,0.21908114850521088,decreases_risk
W0000423,10,graphsage_dim_8,0.51080036,-0.1651538908481598,0.1651538908481598,decreases_risk
W0000424,1,median_sent_sats,15.909423999709531,-3.1917033195495605,3.1917033195495605,decreases_risk
W0000424,2,avg_sent_sats,16.674582539050075,-0.717949390411377,0.717949390411377,decreases_risk
W0000424,3,autoencoder_reconstruction_error,0.6784023,-0.6619783639907837,0.6619783639907837,decreases_risk
W0000424,4,graphsage_dim_10,-0.6630015,-0.6404834985733032,0.6404834985733032,decreases_risk
W0000424,5,isolation_forest_anomaly_score,-0.0831518126087222,-0.48957276344299316,0.48957276344299316,decreases_risk
W0000424,6,graphsage_dim_23,0.5318185,-0.38312938809394836,0.38312938809394836,decreases_risk
W0000424,7,country_entropy,2.891061112072652,-0.3598041832447052,0.3598041832447052,decreases_risk
W0000424,8,observations_per_tx,1.4210526315041552,0.3434406518936157,0.3434406518936157,increases_risk
W0000424,9,graphsage_dim_3,-0.008142233,-0.20806841552257538,0.20806841552257538,decreases_risk
W0000424,10,deterministic_score,0.4491612903225805,-0.17467127740383148,0.17467127740383148,decreases_risk
W0000425,1,median_sent_sats,15.817182026329688,-3.1977391242980957,3.1977391242980957,decreases_risk
W0000425,2,autoencoder_reconstruction_error,0.41819483,-0.7762838006019592,0.7762838006019592,decreases_risk
W0000425,3,avg_sent_sats,16.676481781876642,-0.7269628643989563,0.7269628643989563,decreases_risk
W0000425,4,graphsage_dim_10,-0.13719429,-0.5437182188034058,0.5437182188034058,decreases_risk
W0000425,5,isolation_forest_anomaly_score,-0.0916631414372449,-0.5057106018066406,0.5057106018066406,decreases_risk
W0000425,6,observations_per_tx,1.5862068964970273,-0.46502164006233215,0.46502164006233215,decreases_risk
W0000425,7,country_entropy,2.885277885386176,-0.3936329483985901,0.3936329483985901,decreases_risk
W0000425,8,deterministic_score,0.4501935483870968,-0.19909971952438354,0.19909971952438354,decreases_risk
W0000425,9,graphsage_dim_23,-0.043867845,0.19829048216342926,0.19829048216342926,increases_risk
W0000425,10,weighted_out_degree,22.0,-0.1721685230731964,0.1721685230731964,decreases_risk
W0000426,1,autoencoder_reconstruction_error,0.31416622,-1.4904358386993408,1.4904358386993408,decreases_risk
W0000426,2,avg_sent_sats,16.83845366000809,-0.810883104801178,0.810883104801178,decreases_risk
W0000426,3,isolation_forest_anomaly_score,-0.1068591688295969,-0.5523541569709778,0.5523541569709778,decreases_risk
W0000426,4,deterministic_score,0.4020645161290322,-0.5316963791847229,0.5316963791847229,decreases_risk
W0000426,5,observations_per_tx,1.4090909090268595,0.47263604402542114,0.47263604402542114,increases_risk
W0000426,6,graphsage_dim_23,-0.35344967,0.45435601472854614,0.45435601472854614,increases_risk
W0000426,7,graphsage_dim_10,0.222834,0.38761380314826965,0.38761380314826965,increases_risk
W0000426,8,median_sent_sats,16.514518803515518,-0.3345707952976227,0.3345707952976227,decreases_risk
W0000426,9,country_entropy,3.0724041253481333,0.2044266015291214,0.2044266015291214,increases_risk
W0000426,10,graphsage_dim_3,0.018217057,-0.2031608372926712,0.2031608372926712,decreases_risk
W0000427,1,autoencoder_reconstruction_error,0.6798901,-1.2938846349716187,1.2938846349716187,decreases_risk
W0000427,2,avg_sent_sats,16.71351376830971,-1.0057135820388794,1.0057135820388794,decreases_risk
W0000427,3,isolation_forest_anomaly_score,-0.0867707473064288,-0.522184431552887,0.522184431552887,decreases_risk
W0000427,4,country_entropy,2.949075945600288,-0.47568783164024353,0.47568783164024353,decreases_risk
W0000427,5,observations_per_tx,1.526315789393352,0.4437621831893921,0.4437621831893921,increases_risk
W0000427,6,graphsage_dim_23,0.07701276,-0.43573442101478577,0.43573442101478577,decreases_risk
W0000427,7,median_sent_sats,16.494178634549844,-0.43211492896080017,0.43211492896080017,decreases_risk
W0000427,8,graphsage_dim_10,0.47558495,0.3736729025840759,0.3736729025840759,increases_risk
W0000427,9,deterministic_score,0.3856451612903225,-0.37309324741363525,0.37309324741363525,decreases_risk
W0000427,10,graphsage_dim_3,-0.43927848,0.20106682181358337,0.20106682181358337,increases_risk
W0000428,1,median_sent_sats,15.822797113402068,-3.258659601211548,3.258659601211548,decreases_risk
W0000428,2,avg_sent_sats,16.391786032124738,-0.8511432409286499,0.8511432409286499,decreases_risk
W0000428,3,observations_per_tx,1.7058823528408305,-0.6466565728187561,0.6466565728187561,decreases_risk
W0000428,4,graphsage_dim_10,-0.07469235,-0.5739668607711792,0.5739668607711792,decreases_risk
W0000428,5,isolation_forest_anomaly_score,-0.0648673027824014,-0.451575368642807,0.451575368642807,decreases_risk
W0000428,6,graphsage_dim_23,0.80872774,-0.43291476368904114,0.43291476368904114,decreases_risk
W0000428,7,country_entropy,2.757209475670959,-0.42885202169418335,0.42885202169418335,decreases_risk
W0000428,8,total_bytes_sent,11.354644600996048,-0.1760988086462021,0.1760988086462021,decreases_risk
W0000428,9,graphsage_dim_6,0.12763004,-0.16546215116977692,0.16546215116977692,decreases_risk
W0000428,10,weighted_out_degree,14.0,0.14708344638347626,0.14708344638347626,increases_risk
W0000429,1,median_sent_sats,16.185519412035166,-3.6164112091064453,3.6164112091064453,decreases_risk
W0000429,2,observations_per_tx,1.7894736841163434,-0.6179991960525513,0.6179991960525513,decreases_risk
W0000429,3,graphsage_dim_10,-0.068138346,-0.6004596948623657,0.6004596948623657,decreases_risk
W0000429,4,isolation_forest_anomaly_score,-0.0603527166893484,-0.48792484402656555,0.48792484402656555,decreases_risk
W0000429,5,country_entropy,2.934786921273668,-0.4194168448448181,0.4194168448448181,decreases_risk
W0000429,6,graphsage_dim_23,-0.31404126,0.35040605068206787,0.35040605068206787,increases_risk
W0000429,7,avg_sent_sats,17.10238231141931,0.30143848061561584,0.30143848061561584,increases_risk
W0000429,8,deterministic_score,0.4380000000000001,-0.24217532575130463,0.24217532575130463,decreases_risk
W0000429,9,max_sent_sats,19.06086372441268,-0.17761822044849396,0.17761822044849396,decreases_risk
W0000429,10,total_bytes_sent,11.283939882172383,-0.1760988086462021,0.1760988086462021,decreases_risk
W0000430,1,median_sent_sats,16.164363016498047,-3.091096878051758,3.091096878051758,decreases_risk
W0000430,2,autoencoder_reconstruction_error,0.5206497,-0.8048349618911743,0.8048349618911743,decreases_risk
W0000430,3,avg_sent_sats,16.853224478714697,-0.5708131194114685,0.5708131194114685,decreases_risk
W0000430,4,graphsage_dim_10,0.007911634,-0.5293453335762024,0.5293453335762024,decreases_risk
W0000430,5,observations_per_tx,1.5714285713537417,-0.5043238997459412,0.5043238997459412,decreases_risk
W0000430,6,isolation_forest_anomaly_score,-0.098077587309956,-0.5015381574630737,0.5015381574630737,decreases_risk
W0000430,7,country_entropy,2.8225104667548546,-0.3984847366809845,0.3984847366809845,decreases_risk
W0000430,8,deterministic_score,0.373,-0.24809005856513977,0.24809005856513977,decreases_risk
W0000430,9,graphsage_dim_23,-0.07986818,0.19378578662872314,0.19378578662872314,increases_risk
W0000430,10,graphsage_dim_6,-0.22690578,0.17252273857593536,0.17252273857593536,increases_risk
W0000431,1,avg_sent_sats,16.78441774099698,-1.0750324726104736,1.0750324726104736,decreases_risk
W0000431,2,graphsage_dim_10,-0.36962005,-1.0587304830551147,1.0587304830551147,decreases_risk
W0000431,3,isolation_forest_anomaly_score,0.0081944698838627,0.7818049788475037,0.7818049788475037,increases_risk
W0000431,4,graphsage_dim_23,0.2634439,-0.53995281457901,0.53995281457901,decreases_risk
W0000431,5,observations_per_tx,1.526315789393352,0.35791921615600586,0.35791921615600586,increases_risk
W0000431,6,median_sent_sats,16.5437545516776,-0.28868189454078674,0.28868189454078674,decreases_risk
W0000431,7,graphsage_dim_3,0.03745991,-0.2849024534225464,0.2849024534225464,decreases_risk
W0000431,8,country_entropy,3.031056764603107,-0.2761922776699066,0.2761922776699066,decreases_risk
W0000431,9,graphsage_dim_6,0.2882601,-0.19837842881679535,0.19837842881679535,decreases_risk
W0000431,10,avg_outputs_per_tx,1.6666666666666667,-0.1939375102519989,0.1939375102519989,decreases_risk
W0000432,1,median_sent_sats,15.97025667700874,-3.853635549545288,3.853635549545288,decreases_risk
W0000432,2,avg_sent_sats,16.448131479141452,-0.9242925643920898,0.9242925643920898,decreases_risk
W0000432,3,autoencoder_reconstruction_error,0.5569074,-0.9005805253982544,0.9005805253982544,decreases_risk
W0000432,4,isolation_forest_anomaly_score,-0.0958828923361294,-0.4611732065677643,0.4611732065677643,decreases_risk
W0000432,5,observations_per_tx,1.3749999999427085,0.40481775999069214,0.40481775999069214,increases_risk
W0000432,6,graphsage_dim_10,0.14315872,0.3123278319835663,0.3123278319835663,increases_risk
W0000432,7,country_entropy,3.370725125977025,0.2803795337677002,0.2803795337677002,increases_risk
W0000432,8,deterministic_score,0.3340322580645162,-0.24089157581329346,0.24089157581329346,decreases_risk
W0000432,9,weighted_out_degree,23.0,-0.18164946138858795,0.18164946138858795,decreases_risk
W0000432,10,graphsage_dim_6,-0.62560195,0.18056778609752655,0.18056778609752655,increases_risk
W0000433,1,observations_per_tx,1.5999999998933334,-1.1343344449996948,1.1343344449996948,decreases_risk
W0000433,2,median_sent_sats,16.707946711306864,1.102904200553894,1.102904200553894,increases_risk
W0000433,3,graphsage_dim_10,-0.34595162,-0.9278558492660522,0.9278558492660522,decreases_risk
W0000433,4,graphsage_dim_23,0.3662462,-0.6738919615745544,0.6738919615745544,decreases_risk
W0000433,5,isolation_forest_anomaly_score,-0.0588197027793253,-0.5158525705337524,0.5158525705337524,decreases_risk
W0000433,6,country_entropy,3.197729554388849,0.43393778800964355,0.43393778800964355,increases_risk
W0000433,7,deterministic_score,0.4836774193548386,-0.37261420488357544,0.37261420488357544,decreases_risk
W0000433,8,avg_sent_sats,17.505746486650445,0.34348416328430176,0.34348416328430176,increases_risk
W0000433,9,avg_outputs_per_tx,1.6666666666666667,-0.3290773928165436,0.3290773928165436,decreases_risk
W0000433,10,autoencoder_reconstruction_error,1.3583406,0.20044860243797302,0.20044860243797302,increases_risk
W0000434,1,median_sent_sats,15.817620900007777,-3.241711139678955,3.241711139678955,decreases_risk
W0000434,2,avg_sent_sats,16.280592011682902,-0.8172030448913574,0.8172030448913574,decreases_risk
W0000434,3,autoencoder_reconstruction_error,0.6551492,-0.7843024134635925,0.7843024134635925,decreases_risk
W0000434,4,observations_per_tx,1.611111111021605,-0.6893910765647888,0.6893910765647888,decreases_risk
W0000434,5,isolation_forest_anomaly_score,-0.0847564680029356,-0.5240280032157898,0.5240280032157898,decreases_risk
W0000434,6,country_entropy,2.9211711136765968,-0.34088975191116333,0.34088975191116333,decreases_risk
W0000434,7,graphsage_dim_23,-0.250772,0.32839125394821167,0.32839125394821167,increases_risk
W0000434,8,graphsage_dim_10,0.3011889,0.2708812355995178,0.2708812355995178,increases_risk
W0000434,9,deterministic_score,0.4460322580645161,-0.22930899262428284,0.22930899262428284,decreases_risk
W0000434,10,graphsage_dim_6,-0.14006007,0.1740105152130127,0.1740105152130127,increases_risk
W0000435,1,median_sent_sats,15.596082344468307,-3.3727564811706543,3.3727564811706543,decreases_risk
W0000435,2,autoencoder_reconstruction_error,0.3968706,-0.7911402583122253,0.7911402583122253,decreases_risk
W0000435,3,avg_sent_sats,16.675015187844966,-0.7037855386734009,0.7037855386734009,decreases_risk
W0000435,4,observations_per_tx,1.6999999999433333,-0.6088763475418091,0.6088763475418091,decreases_risk
W0000435,5,isolation_forest_anomaly_score,-0.0720686643033828,-0.47358182072639465,0.47358182072639465,decreases_risk
W0000435,6,country_entropy,3.008516032370837,-0.3338577151298523,0.3338577151298523,decreases_risk
W0000435,7,graphsage_dim_10,0.029381454,-0.2988601326942444,0.2988601326942444,decreases_risk
W0000435,8,graphsage_dim_23,-0.028979372,0.21447284519672394,0.21447284519672394,increases_risk
W0000435,9,weighted_out_degree,25.0,-0.1802705079317093,0.1802705079317093,decreases_risk
W0000435,10,graphsage_dim_8,0.32455444,-0.1700545847415924,0.1700545847415924,decreases_risk
W0000436,1,observations_per_tx,1.6874999998945313,-1.2657324075698853,1.2657324075698853,decreases_risk
W0000436,2,graphsage_dim_23,0.36052188,-0.6888277530670166,0.6888277530670166,decreases_risk
W0000436,3,country_entropy,3.4581533804798728,0.36917299032211304,0.36917299032211304,increases_risk
W0000436,4,graphsage_dim_10,0.87652737,0.3355201780796051,0.3355201780796051,increases_risk
W0000436,5,avg_outputs_per_tx,1.6,-0.3266623616218567,0.3266623616218567,decreases_risk
W0000436,6,isolation_forest_anomaly_score,-0.0224081822512718,-0.29779568314552307,0.29779568314552307,decreases_risk
W0000436,7,avg_sent_sats,16.94004415341299,0.2787277102470398,0.2787277102470398,increases_risk
W0000436,8,autoencoder_reconstruction_error,1.5676681,0.1995205134153366,0.1995205134153366,increases_risk
W0000436,9,graphsage_dim_6,-0.26429084,0.1776885688304901,0.1776885688304901,increases_risk
W0000436,10,weighted_out_degree,39.0,-0.17399902641773224,0.17399902641773224,decreases_risk
W0000437,1,avg_sent_sats,16.74158860886804,-1.1292524337768555,1.1292524337768555,decreases_risk
W0000437,2,graphsage_dim_10,-0.06247567,-0.8925851583480835,0.8925851583480835,decreases_risk
W0000437,3,graphsage_dim_23,0.11308819,-0.5186290740966797,0.5186290740966797,decreases_risk
W0000437,4,isolation_forest_anomaly_score,-0.053197000712195,-0.4530840516090393,0.4530840516090393,decreases_risk
W0000437,5,deterministic_score,0.4663870967741937,-0.385886549949646,0.385886549949646,decreases_risk
W0000437,6,observations_per_tx,1.499999999925,0.3756049871444702,0.3756049871444702,increases_risk
W0000437,7,median_sent_sats,16.540144748046924,-0.3627387583255768,0.3627387583255768,decreases_risk
W0000437,8,country_entropy,3.036452797660028,-0.3387770354747772,0.3387770354747772,decreases_risk
W0000437,9,graphsage_dim_3,0.10347539,-0.28935688734054565,0.28935688734054565,decreases_risk
W0000437,10,graphsage_dim_6,0.41235453,-0.2001282423734665,0.2001282423734665,decreases_risk
W0000438,1,median_sent_sats,16.199677849929863,-3.193260431289673,3.193260431289673,decreases_risk
W0000438,2,avg_sent_sats,16.414904749511958,-0.7748982906341553,0.7748982906341553,decreases_risk
W0000438,3,autoencoder_reconstruction_error,0.6645455,-0.6527837514877319,0.6527837514877319,decreases_risk
W0000438,4,observations_per_tx,1.7333333332177778,-0.632043719291687,0.632043719291687,decreases_risk
W0000438,5,graphsage_dim_10,-0.34104037,-0.5837812423706055,0.5837812423706055,decreases_risk
W0000438,6,isolation_forest_anomaly_score,-0.075880875882583,-0.43189558386802673,0.43189558386802673,decreases_risk
W0000438,7,country_entropy,2.859647262833489,-0.39771223068237305,0.39771223068237305,decreases_risk
W0000438,8,avg_outputs_per_tx,1.4,-0.17072239518165588,0.17072239518165588,decreases_risk
W0000438,9,graphsage_dim_6,0.2152615,-0.15959881246089935,0.15959881246089935,decreases_risk
W0000438,10,graphsage_dim_8,-0.53338486,0.14026044309139252,0.14026044309139252,increases_risk
W0000439,1,median_sent_sats,16.87708146027455,2.2973783016204834,2.2973783016204834,increases_risk
W0000439,2,graphsage_dim_10,-0.78482985,-0.8965358734130859,0.8965358734130859,decreases_risk
W0000439,3,isolation_forest_anomaly_score,-0.0069650519381755,0.7433242201805115,0.7433242201805115,increases_risk
W0000439,4,observations_per_tx,1.49999999985,0.5447111129760742,0.5447111129760742,increases_risk
W0000439,5,avg_sent_sats,16.990715773962748,0.48215383291244507,0.48215383291244507,increases_risk
W0000439,6,graphsage_dim_23,1.1359607,-0.41813787817955017,0.41813787817955017,decreases_risk
W0000439,7,country_entropy,2.528282381065477,-0.34607869386672974,0.34607869386672974,decreases_risk
W0000439,8,autoencoder_reconstruction_error,2.151069,0.2596553862094879,0.2596553862094879,increases_risk
W0000439,9,asn_entropy,2.6616157143988106,-0.22058244049549103,0.22058244049549103,decreases_risk
W0000439,10,graphsage_dim_6,0.68482375,-0.18235595524311066,0.18235595524311066,decreases_risk
W0000440,1,median_sent_sats,16.89552060478209,1.9101455211639404,1.9101455211639404,increases_risk
W0000440,2,observations_per_tx,1.6874999998945313,-1.2364920377731323,1.2364920377731323,decreases_risk
W0000440,3,graphsage_dim_23,0.25221115,-0.7115673422813416,0.7115673422813416,decreases_risk
W0000440,4,country_entropy,2.7799500009615423,-0.6354527473449707,0.6354527473449707,decreases_risk
W0000440,5,isolation_forest_anomaly_score,-0.0415936466177088,-0.5532214641571045,0.5532214641571045,decreases_risk
W0000440,6,avg_sent_sats,17.2977011705575,0.35192909836769104,0.35192909836769104,increases_risk
W0000440,7,asn_entropy,2.93299930663729,-0.345840722322464,0.345840722322464,decreases_risk
W0000440,8,graphsage_dim_10,0.26134086,0.3162636160850525,0.3162636160850525,increases_risk
W0000440,9,graphsage_dim_3,-0.2079431,-0.21917018294334412,0.21917018294334412,decreases_risk
W0000440,10,graphsage_dim_8,0.09252371,-0.20748865604400635,0.20748865604400635,decreases_risk
W0000441,1,median_sent_sats,16.13349083463061,-3.16151762008667,3.16151762008667,decreases_risk
W0000441,2,avg_sent_sats,16.263102435361645,-0.8727753758430481,0.8727753758430481,decreases_risk
W0000441,3,autoencoder_reconstruction_error,0.677504,-0.7846264839172363,0.7846264839172363,decreases_risk
W0000441,4,observations_per_tx,1.9999999998461533,-0.642849862575531,0.642849862575531,decreases_risk
W0000441,5,graphsage_dim_10,0.010093965,-0.47958314418792725,0.47958314418792725,decreases_risk
W0000441,6,isolation_forest_anomaly_score,-0.0690581922798949,-0.4306279122829437,0.4306279122829437,decreases_risk
W0000441,7,graphsage_dim_23,0.0076398402,-0.37411680817604065,0.37411680817604065,decreases_risk
W0000441,8,country_entropy,2.793961832360763,-0.35909461975097656,0.35909461975097656,decreases_risk
W0000441,9,graphsage_dim_3,-0.031653866,-0.18073546886444092,0.18073546886444092,decreases_risk
W0000441,10,total_bytes_sent,11.231066405821236,-0.16681082546710968,0.16681082546710968,decreases_risk
W0000442,1,median_sent_sats,16.335917667992113,-3.4586541652679443,3.4586541652679443,decreases_risk
W0000442,2,avg_sent_sats,16.59983918043947,-0.8622177243232727,0.8622177243232727,decreases_risk
W0000442,3,autoencoder_reconstruction_error,0.434876,-0.7739132046699524,0.7739132046699524,decreases_risk
W0000442,4,graphsage_dim_10,0.0032635182,-0.5706007480621338,0.5706007480621338,decreases_risk
W0000442,5,isolation_forest_anomaly_score,-0.0919559204414238,-0.48749077320098877,0.48749077320098877,decreases_risk
W0000442,6,graphsage_dim_23,0.32771727,-0.38281235098838806,0.38281235098838806,decreases_risk
W0000442,7,observations_per_tx,1.5384615384023668,0.25827983021736145,0.25827983021736145,increases_risk
W0000442,8,deterministic_score,0.4460645161290321,-0.22372660040855408,0.22372660040855408,decreases_risk
W0000442,9,total_bytes_sent,11.52171670849956,-0.17672666907310486,0.17672666907310486,decreases_risk
W0000442,10,avg_outputs_per_tx,1.3636363636363635,-0.1714189648628235,0.1714189648628235,decreases_risk
W0000443,1,median_sent_sats,16.43610550175838,-3.661895751953125,3.661895751953125,decreases_risk
W0000443,2,avg_sent_sats,16.62785686137854,-0.9603533744812012,0.9603533744812012,decreases_risk
W0000443,3,graphsage_dim_10,-0.40418768,-0.7296442985534668,0.7296442985534668,decreases_risk
W0000443,4,isolation_forest_anomaly_score,-0.01717761366336,0.4058513939380646,0.4058513939380646,increases_risk
W0000443,5,graphsage_dim_23,0.94308805,-0.39141353964805603,0.39141353964805603,decreases_risk
W0000443,6,country_entropy,2.7920918598895943,-0.37508445978164673,0.37508445978164673,decreases_risk
W0000443,7,observations_per_tx,1.5384615383431952,0.27233490347862244,0.27233490347862244,increases_risk
W0000443,8,graphsage_dim_3,0.06552349,-0.1784232258796692,0.1784232258796692,decreases_risk
W0000443,9,graphsage_dim_6,0.5360753,-0.16677212715148926,0.16677212715148926,decreases_risk
W0000443,10,graphsage_dim_22,0.4261651,0.12728393077850342,0.12728393077850342,increases_risk
W0000444,1,median_sent_sats,16.11970705195409,-3.3209574222564697,3.3209574222564697,decreases_risk
W0000444,2,avg_sent_sats,16.528098094219445,-0.8490026593208313,0.8490026593208313,decreases_risk
W0000444,3,autoencoder_reconstruction_error,0.45470485,-0.809852659702301,0.809852659702301,decreases_risk
W0000444,4,observations_per_tx,1.5882352940242217,-0.5541872978210449,0.5541872978210449,decreases_risk
W0000444,5,isolation_forest_anomaly_score,-0.071092395075628,-0.4178512990474701,0.4178512990474701,decreases_risk
W0000444,6,country_entropy,2.9560569454861145,-0.4060525894165039,0.4060525894165039,decreases_risk
W0000444,7,graphsage_dim_23,-0.12034725,0.30290549993515015,0.30290549993515015,increases_risk
W0000444,8,graphsage_dim_10,0.20988016,0.2773013114929199,0.2773013114929199,increases_risk
W0000444,9,deterministic_score,0.4471290322580645,-0.22221490740776062,0.22221490740776062,decreases_risk
W0000444,10,graphsage_dim_6,-0.055422135,0.179589182138443,0.179589182138443,increases_risk
W0000445,1,median_sent_sats,15.863639048357063,-2.9466230869293213,2.9466230869293213,decreases_risk
W0000445,2,avg_sent_sats,16.305115155096164,-0.7803934216499329,0.7803934216499329,decreases_risk
W0000445,3,autoencoder_reconstruction_error,0.48299363,-0.7055512070655823,0.7055512070655823,decreases_risk
W0000445,4,observations_per_tx,1.5999999998933334,-0.5722213983535767,0.5722213983535767,decreases_risk
W0000445,5,graphsage_dim_10,-0.14684294,-0.5667675733566284,0.5667675733566284,decreases_risk
W0000445,6,isolation_forest_anomaly_score,-0.0912688316853367,-0.5066693425178528,0.5066693425178528,decreases_risk
W0000445,7,country_entropy,2.6765004226233424,-0.4016880393028259,0.4016880393028259,decreases_risk
W0000445,8,graphsage_dim_23,0.34664652,-0.3985203802585602,0.3985203802585602,decreases_risk
W0000445,9,deterministic_score,0.4529032258064517,-0.18404439091682434,0.18404439091682434,decreases_risk
W0000445,10,graphsage_dim_8,0.2807586,-0.1700545847415924,0.1700545847415924,decreases_risk
W0000446,1,median_sent_sats,15.976821042580596,-3.77787446975708,3.77787446975708,decreases_risk
W0000446,2,avg_sent_sats,16.62568576533518,-0.9227796792984009,0.9227796792984009,decreases_risk
W0000446,3,autoencoder_reconstruction_error,0.56845504,-0.7989891171455383,0.7989891171455383,decreases_risk
W0000446,4,graphsage_dim_10,-0.006003879,-0.60914146900177,0.60914146900177,decreases_risk
W0000446,5,isolation_forest_anomaly_score,-0.0836497765809013,-0.4736200273036957,0.4736200273036957,decreases_risk
W0000446,6,graphsage_dim_23,-0.25753912,0.32866066694259644,0.32866066694259644,increases_risk
W0000446,7,observations_per_tx,1.5357142856594388,0.27937981486320496,0.27937981486320496,increases_risk
W0000446,8,weighted_out_degree,26.0,-0.1829080581665039,0.1829080581665039,decreases_risk
W0000446,9,total_bytes_sent,11.52959574059074,-0.17672666907310486,0.17672666907310486,decreases_risk
W0000446,10,country_entropy,3.082147929601161,0.17276911437511444,0.17276911437511444,increases_risk
W0000447,1,median_sent_sats,16.137427334044347,-3.243039131164551,3.243039131164551,decreases_risk
W0000447,2,avg_sent_sats,16.716933754609844,-0.8089872598648071,0.8089872598648071,decreases_risk
W0000447,3,autoencoder_reconstruction_error,0.3956331,-0.7304792404174805,0.7304792404174805,decreases_risk
W0000447,4,graphsage_dim_10,0.007973196,-0.575770378112793,0.575770378112793,decreases_risk
W0000447,5,isolation_forest_anomaly_score,-0.0830775669783711,-0.4706447124481201,0.4706447124481201,decreases_risk
W0000447,6,graphsage_dim_23,0.102182925,-0.38375917077064514,0.38375917077064514,decreases_risk
W0000447,7,country_entropy,2.681004055360496,-0.38104236125946045,0.38104236125946045,decreases_risk
W0000447,8,observations_per_tx,1.3181818181219007,0.35447055101394653,0.35447055101394653,increases_risk
W0000447,9,deterministic_score,0.4108064516129033,-0.19947434961795807,0.19947434961795807,decreases_risk
W0000447,10,total_bytes_sent,11.314572082463238,-0.16681082546710968,0.16681082546710968,decreases_risk
W0000448,1,median_sent_sats,15.663148501889166,-3.236847400665283,3.236847400665283,decreases_risk
W0000448,2,avg_sent_sats,16.30517929303304,-0.9030531644821167,0.9030531644821167,decreases_risk
W0000448,3,autoencoder_reconstruction_error,0.4197206,-0.7155378460884094,0.7155378460884094,decreases_risk
W0000448,4,graphsage_dim_10,-0.42510572,-0.6722440719604492,0.6722440719604492,decreases_risk
W0000448,5,isolation_forest_anomaly_score,-0.0951475036461358,-0.47599709033966064,0.47599709033966064,decreases_risk
W0000448,6,graphsage_dim_23,0.14791946,-0.3729768395423889,0.3729768395423889,decreases_risk
W0000448,7,country_entropy,2.967974376872575,-0.35292547941207886,0.35292547941207886,decreases_risk
W0000448,8,observations_per_tx,1.3636363635743802,0.32791465520858765,0.32791465520858765,increases_risk
W0000448,9,graphsage_dim_3,-0.07659691,-0.2144755721092224,0.2144755721092224,decreases_risk
W0000448,10,deterministic_score,0.3959677419354838,-0.19354689121246338,0.19354689121246338,decreases_risk
W0000449,1,median_sent_sats,15.727519869629363,-4.236581802368164,4.236581802368164,decreases_risk
W0000449,2,avg_sent_sats,16.293158840883493,-1.0340367555618286,1.0340367555618286,decreases_risk
W0000449,3,graphsage_dim_10,-0.79218894,-0.721671462059021,0.721671462059021,decreases_risk
W0000449,4,graphsage_dim_23,-0.49409878,0.45751506090164185,0.45751506090164185,increases_risk
W0000449,5,observations_per_tx,1.4444444443641975,0.3325166702270508,0.3325166702270508,increases_risk
W0000449,6,country_entropy,3.131351552043208,0.3277033567428589,0.3277033567428589,increases_risk
W0000449,7,isolation_forest_anomaly_score,-0.0381953682067296,-0.32713839411735535,0.32713839411735535,decreases_risk
W0000449,8,graphsage_dim_6,-0.46757877,0.1777602583169937,0.1777602583169937,increases_risk
W0000449,9,weighted_out_degree,16.0,0.17232529819011688,0.17232529819011688,increases_risk
W0000449,10,graphsage_dim_8,0.16080213,-0.16536852717399597,0.16536852717399597,decreases_risk
W0000450,1,median_sent_sats,15.645708383101926,-3.382277250289917,3.382277250289917,decreases_risk
W0000450,2,avg_sent_sats,16.30444094166637,-0.9186629056930542,0.9186629056930542,decreases_risk
W0000450,3,autoencoder_reconstruction_error,0.44292971,-0.7427750825881958,0.7427750825881958,decreases_risk
W0000450,4,graphsage_dim_10,-0.014436673,-0.617372989654541,0.617372989654541,decreases_risk
W0000450,5,isolation_forest_anomaly_score,-0.1048215481809187,-0.48561474680900574,0.48561474680900574,decreases_risk
W0000450,6,country_entropy,2.912189999036048,-0.36101123690605164,0.36101123690605164,decreases_risk
W0000450,7,graphsage_dim_23,-0.32586336,0.3320270776748657,0.3320270776748657,increases_risk
W0000450,8,observations_per_tx,1.5384615384023668,0.27580875158309937,0.27580875158309937,increases_risk
W0000450,9,deterministic_score,0.421483870967742,-0.24070313572883606,0.24070313572883606,decreases_risk
W0000450,10,graphsage_dim_6,-0.10510262,0.17252273857593536,0.17252273857593536,increases_risk
W0000451,1,median_sent_sats,16.10306348191082,-3.208132028579712,3.208132028579712,decreases_risk
W0000451,2,avg_sent_sats,16.37326797427948,-0.8163637518882751,0.8163637518882751,decreases_risk
W0000451,3,autoencoder_reconstruction_error,0.33798015,-0.7516903877258301,0.7516903877258301,decreases_risk
W0000451,4,observations_per_tx,1.736842105171745,-0.7217848300933838,0.7217848300933838,decreases_risk
W0000451,5,isolation_forest_anomaly_score,-0.1019709618082321,-0.49321696162223816,0.49321696162223816,decreases_risk
W0000451,6,graphsage_dim_23,0.06501539,-0.37974223494529724,0.37974223494529724,decreases_risk
W0000451,7,country_entropy,3.006765155618478,-0.35829809308052063,0.35829809308052063,decreases_risk
W0000451,8,graphsage_dim_10,0.14631653,0.2630605399608612,0.2630605399608612,increases_risk
W0000451,9,deterministic_score,0.407483870967742,-0.2379007488489151,0.2379007488489151,decreases_risk
W0000451,10,graphsage_dim_8,0.10235447,-0.17326420545578003,0.17326420545578003,decreases_risk
W0000452,1,median_sent_sats,16.283439312142416,-3.4933552742004395,3.4933552742004395,decreases_risk
W0000452,2,avg_sent_sats,16.43024870710656,-0.8515501618385315,0.8515501618385315,decreases_risk
W0000452,3,autoencoder_reconstruction_error,0.44230282,-0.7941431999206543,0.7941431999206543,decreases_risk
W0000452,4,graphsage_dim_10,-0.21790728,-0.5605243444442749,0.5605243444442749,decreases_risk
W0000452,5,observations_per_tx,1.565217391236295,-0.5132589340209961,0.5132589340209961,decreases_risk
W0000452,6,isolation_forest_anomaly_score,-0.1001945069282529,-0.48564207553863525,0.48564207553863525,decreases_risk
W0000452,7,graphsage_dim_23,-0.13857304,0.32752013206481934,0.32752013206481934,increases_risk
W0000452,8,country_entropy,3.4399997141910106,0.3071650266647339,0.3071650266647339,increases_risk
W0000452,9,deterministic_score,0.4547096774193547,-0.20770302414894104,0.20770302414894104,decreases_risk
W0000452,10,weighted_out_degree,27.0,-0.18164946138858795,0.18164946138858795,decreases_risk
W0000453,1,median_sent_sats,16.318257044020747,-3.2158045768737793,3.2158045768737793,decreases_risk
W0000453,2,avg_sent_sats,16.45841815963734,-0.7905049920082092,0.7905049920082092,decreases_risk
W0000453,3,autoencoder_reconstruction_error,0.7253643,-0.7265290021896362,0.7265290021896362,decreases_risk
W0000453,4,observations_per_tx,1.7599999999296,-0.6128817796707153,0.6128817796707153,decreases_risk
W0000453,5,graphsage_dim_10,-0.022591112,-0.5406244993209839,0.5406244993209839,decreases_risk
W0000453,6,isolation_forest_anomaly_score,-0.0764258987416239,-0.4393804371356964,0.4393804371356964,decreases_risk
W0000453,7,graphsage_dim_23,0.14939708,-0.39910760521888733,0.39910760521888733,decreases_risk
W0000453,8,country_entropy,3.0962707895515047,0.27806031703948975,0.27806031703948975,increases_risk
W0000453,9,deterministic_score,0.4697096774193549,-0.19851599633693695,0.19851599633693695,decreases_risk
W0000453,10,total_bytes_sent,11.664719083395225,-0.17672666907310486,0.17672666907310486,decreases_risk
W0000454,1,median_sent_sats,15.83386707498355,-3.224921703338623,3.224921703338623,decreases_risk
W0000454,2,avg_sent_sats,16.42439430799976,-0.8184175491333008,0.8184175491333008,decreases_risk
W0000454,3,autoencoder_reconstruction_error,0.5749968,-0.7577735781669617,0.7577735781669617,decreases_risk
W0000454,4,observations_per_tx,1.7037037036406035,-0.6821828484535217,0.6821828484535217,decreases_risk
W0000454,5,isolation_forest_anomaly_score,-0.0749854280189555,-0.44512584805488586,0.44512584805488586,decreases_risk
W0000454,6,graphsage_dim_23,0.031296663,-0.38269487023353577,0.38269487023353577,decreases_risk
W0000454,7,country_entropy,3.089219249334948,0.2874293327331543,0.2874293327331543,increases_risk
W0000454,8,graphsage_dim_10,0.04412577,-0.2550060749053955,0.2550060749053955,decreases_risk
W0000454,9,deterministic_score,0.4371290322580646,-0.24292872846126556,0.24292872846126556,decreases_risk
W0000454,10,total_bytes_sent,11.796155140195722,-0.17672666907310486,0.17672666907310486,decreases_risk
W0000455,1,median_sent_sats,16.370505146101255,-3.598984718322754,3.598984718322754,decreases_risk
W0000455,2,autoencoder_reconstruction_error,0.31613573,-0.8251540064811707,0.8251540064811707,decreases_risk
W0000455,3,avg_sent_sats,16.84734892712494,-0.6715371012687683,0.6715371012687683,decreases_risk
W0000455,4,isolation_forest_anomaly_score,-0.0901297361687515,-0.5044270753860474,0.5044270753860474,decreases_risk
W0000455,5,observations_per_tx,1.4999999999464286,0.39067673683166504,0.39067673683166504,increases_risk
W0000455,6,graphsage_dim_23,0.10217637,-0.3890059292316437,0.3890059292316437,decreases_risk
W0000455,7,country_entropy,2.920964744410313,-0.36671048402786255,0.36671048402786255,decreases_risk
W0000455,8,graphsage_dim_10,0.20310183,0.29923635721206665,0.29923635721206665,increases_risk
W0000455,9,graphsage_dim_8,0.06922853,-0.1700545847415924,0.1700545847415924,decreases_risk
W0000455,10,graphsage_dim_6,0.23803921,-0.16534842550754547,0.16534842550754547,decreases_risk
W0000456,1,median_sent_sats,16.32780796569042,-2.966522216796875,2.966522216796875,decreases_risk
W0000456,2,avg_sent_sats,16.473619009410275,-0.8530467748641968,0.8530467748641968,decreases_risk
W0000456,3,autoencoder_reconstruction_error,0.5670294,-0.7062869071960449,0.7062869071960449,decreases_risk
W0000456,4,graphsage_dim_10,-0.060776617,-0.5477166175842285,0.5477166175842285,decreases_risk
W0000456,5,observations_per_tx,1.5555555554691358,-0.46822354197502136,0.46822354197502136,decreases_risk
W0000456,6,isolation_forest_anomaly_score,-0.0865397102125943,-0.452046275138855,0.452046275138855,decreases_risk
W0000456,7,country_entropy,2.736611969014408,-0.42618176341056824,0.42618176341056824,decreases_risk
W0000456,8,graphsage_dim_23,0.09751619,-0.4163071811199188,0.4163071811199188,decreases_risk
W0000456,9,deterministic_score,0.434774193548387,-0.1975024938583374,0.1975024938583374,decreases_risk
W0000456,10,graphsage_dim_6,-0.6359658,0.17316757142543793,0.17316757142543793,increases_risk
W0000457,1,median_sent_sats,15.536266922253622,-3.1601123809814453,3.1601123809814453,decreases_risk
W0000457,2,avg_sent_sats,16.247796835818292,-0.8807872533798218,0.8807872533798218,decreases_risk
W0000457,3,autoencoder_reconstruction_error,0.43097982,-0.6648472547531128,0.6648472547531128,decreases_risk
W0000457,4,graphsage_dim_10,-0.36836508,-0.6268877983093262,0.6268877983093262,decreases_risk
W0000457,5,isolation_forest_anomaly_score,-0.1068167885051083,-0.4947328269481659,0.4947328269481659,decreases_risk
W0000457,6,graphsage_dim_23,0.26552826,-0.37017056345939636,0.37017056345939636,decreases_risk
W0000457,7,country_entropy,2.795243077705817,-0.3677809238433838,0.3677809238433838,decreases_risk
W0000457,8,observations_per_tx,1.4799999999408,0.31966739892959595,0.31966739892959595,increases_risk
W0000457,9,deterministic_score,0.3688387096774194,-0.17921870946884155,0.17921870946884155,decreases_risk
W0000457,10,graphsage_dim_8,0.1064364,-0.1700545847415924,0.1700545847415924,decreases_risk
W0000458,1,median_sent_sats,16.42629612389129,-3.529298782348633,3.529298782348633,decreases_risk
W0000458,2,avg_sent_sats,16.574202080039623,-0.7961945533752441,0.7961945533752441,decreases_risk
W0000458,3,autoencoder_reconstruction_error,0.5674613,-0.7959742546081543,0.7959742546081543,decreases_risk
W0000458,4,observations_per_tx,1.5882352940242217,-0.5485816597938538,0.5485816597938538,decreases_risk
W0000458,5,isolation_forest_anomaly_score,-0.0945647371248863,-0.48587125539779663,0.48587125539779663,decreases_risk
W0000458,6,graphsage_dim_10,0.003492074,-0.47323304414749146,0.47323304414749146,decreases_risk
W0000458,7,country_entropy,3.3245180990447847,0.295728862285614,0.295728862285614,increases_risk
W0000458,8,deterministic_score,0.4092258064516128,-0.21854421496391296,0.21854421496391296,decreases_risk
W0000458,9,graphsage_dim_8,0.05657178,-0.18109923601150513,0.18109923601150513,decreases_risk
W0000458,10,avg_outputs_per_tx,1.368421052631579,-0.17274245619773865,0.17274245619773865,decreases_risk
W0000459,1,median_sent_sats,15.756140936385206,-3.698871374130249,3.698871374130249,decreases_risk
W0000459,2,avg_sent_sats,16.322919976325668,-0.9747664332389832,0.9747664332389832,decreases_risk
W0000459,3,graphsage_dim_10,-0.67689174,-0.7566587924957275,0.7566587924957275,decreases_risk
W0000459,4,isolation_forest_anomaly_score,-0.0020935075298545,0.7071027159690857,0.7071027159690857,increases_risk
W0000459,5,graphsage_dim_23,-0.8322181,0.4403664469718933,0.4403664469718933,increases_risk
W0000459,6,country_entropy,2.528282381065477,-0.42506733536720276,0.42506733536720276,decreases_risk
W0000459,7,observations_per_tx,1.249999999895833,0.30446696281433105,0.30446696281433105,increases_risk
W0000459,8,total_bytes_sent,10.690716886457212,0.16805845499038696,0.16805845499038696,increases_risk
W0000459,9,graphsage_dim_6,-0.049902275,0.16504962742328644,0.16504962742328644,increases_risk
W0000459,10,graphsage_dim_8,0.036471542,-0.15319731831550598,0.15319731831550598,decreases_risk
W0000460,1,median_sent_sats,16.24298325595523,-3.231023073196411,3.231023073196411,decreases_risk
W0000460,2,autoencoder_reconstruction_error,0.35687962,-0.7938955426216125,0.7938955426216125,decreases_risk
W0000460,3,observations_per_tx,1.8095238094376416,-0.7390398979187012,0.7390398979187012,decreases_risk
W0000460,4,isolation_forest_anomaly_score,-0.0981316895717657,-0.5571480989456177,0.5571480989456177,decreases_risk
W0000460,5,avg_sent_sats,16.83004153916303,-0.5445623993873596,0.5445623993873596,decreases_risk
W0000460,6,country_entropy,2.968320907991067,-0.36202552914619446,0.36202552914619446,decreases_risk
W0000460,7,graphsage_dim_10,0.23062472,0.2730405032634735,0.2730405032634735,increases_risk
W0000460,8,deterministic_score,0.4590322580645162,-0.22777412831783295,0.22777412831783295,decreases_risk
W0000460,9,graphsage_dim_23,-0.04472322,0.21148432791233063,0.21148432791233063,increases_risk
W0000460,10,graphsage_dim_8,0.15118553,-0.17326420545578003,0.17326420545578003,decreases_risk
W0000461,1,median_sent_sats,17.76291898891588,2.256014585494995,2.256014585494995,increases_risk
W0000461,2,observations_per_tx,1.6153846153224851,-0.9851333498954773,0.9851333498954773,decreases_risk
W0000461,3,isolation_forest_anomaly_score,0.000786713676781,0.7194536328315735,0.7194536328315735,increases_risk
W0000461,4,country_entropy,3.5967781892264368,0.3835347890853882,0.3835347890853882,increases_risk
W0000461,5,avg_sent_sats,17.99904325451425,0.37592580914497375,0.37592580914497375,increases_risk
W0000461,6,graphsage_dim_10,0.5463103,0.3631303906440735,0.3631303906440735,increases_risk
W0000461,7,graphsage_dim_23,-0.05351001,0.29788750410079956,0.29788750410079956,increases_risk
W0000461,8,autoencoder_reconstruction_error,1.85709,0.2447894662618637,0.2447894662618637,increases_risk
W0000461,9,burstiness,1.45391187943541,-0.2324892282485962,0.2324892282485962,decreases_risk
W0000461,10,graphsage_dim_6,-0.06978234,0.17701265215873718,0.17701265215873718,increases_risk
W0000462,1,median_sent_sats,16.155756494300864,-3.1487393379211426,3.1487393379211426,decreases_risk
W0000462,2,avg_sent_sats,16.505421329889195,-0.9409173130989075,0.9409173130989075,decreases_risk
W0000462,3,autoencoder_reconstruction_error,0.28321177,-0.7123860716819763,0.7123860716819763,decreases_risk
W0000462,4,graphsage_dim_10,-0.3025112,-0.6928094625473022,0.6928094625473022,decreases_risk
W0000462,5,isolation_forest_anomaly_score,-0.1100638334434798,-0.48454031348228455,0.48454031348228455,decreases_risk
W0000462,6,graphsage_dim_23,0.10921236,-0.38014641404151917,0.38014641404151917,decreases_risk
W0000462,7,country_entropy,2.9390341341727613,-0.35588425397872925,0.35588425397872925,decreases_risk
W0000462,8,observations_per_tx,1.4166666666076388,0.3302016854286194,0.3302016854286194,increases_risk
W0000462,9,graphsage_dim_3,-0.05828844,-0.2144755721092224,0.2144755721092224,decreases_risk
W0000462,10,deterministic_score,0.3732258064516129,-0.18084582686424255,0.18084582686424255,decreases_risk
W0000463,1,median_sent_sats,15.746852460703112,-3.534125804901123,3.534125804901123,decreases_risk
W0000463,2,avg_sent_sats,16.204202947167833,-0.9180290699005127,0.9180290699005127,decreases_risk
W0000463,3,graphsage_dim_10,-0.009463549,-0.6290808916091919,0.6290808916091919,decreases_risk
W0000463,4,isolation_forest_anomaly_score,-0.0916760322796937,-0.4809795022010803,0.4809795022010803,decreases_risk
W0000463,5,country_entropy,2.955788532571418,-0.38239115476608276,0.38239115476608276,decreases_risk
W0000463,6,graphsage_dim_23,0.86676294,-0.37453535199165344,0.37453535199165344,decreases_risk
W0000463,7,observations_per_tx,1.4545454544793388,0.3330904245376587,0.3330904245376587,increases_risk
W0000463,8,deterministic_score,0.3783548387096773,-0.1896047443151474,0.1896047443151474,decreases_risk
W0000463,9,graphsage_dim_3,0.122549176,-0.18272462487220764,0.18272462487220764,decreases_risk
W0000463,10,total_bytes_sent,11.408841911426906,-0.1760988086462021,0.1760988086462021,decreases_risk
W0000464,1,median_sent_sats,16.019797361196822,-3.6019294261932373,3.6019294261932373,decreases_risk
W0000464,2,avg_sent_sats,16.352322740873912,-0.9564410448074341,0.9564410448074341,decreases_risk
W0000464,3,autoencoder_reconstruction_error,0.55885804,-0.814728319644928,0.814728319644928,decreases_risk
W0000464,4,isolation_forest_anomaly_score,-0.0626752688049976,-0.4457523226737976,0.4457523226737976,decreases_risk
W0000464,5,country_entropy,2.557436306118481,-0.3873460590839386,0.3873460590839386,decreases_risk
W0000464,6,observations_per_tx,1.4615384614260354,0.37244778871536255,0.37244778871536255,increases_risk
W0000464,7,graphsage_dim_23,-0.26422948,0.3337200880050659,0.3337200880050659,increases_risk
W0000464,8,graphsage_dim_10,0.1382575,0.320966899394989,0.320966899394989,increases_risk
W0000464,9,weighted_out_degree,19.0,-0.1721685230731964,0.1721685230731964,decreases_risk
W0000464,10,graphsage_dim_6,0.37800154,-0.1661338061094284,0.1661338061094284,decreases_risk
W0000465,1,median_sent_sats,16.024704219179096,-3.868767738342285,3.868767738342285,decreases_risk
W0000465,2,avg_sent_sats,16.09686062827351,-0.924248218536377,0.924248218536377,decreases_risk
W0000465,3,autoencoder_reconstruction_error,0.688308,-0.7168526649475098,0.7168526649475098,decreases_risk
W0000465,4,graphsage_dim_23,-0.7048838,0.44696515798568726,0.44696515798568726,increases_risk
W0000465,5,country_entropy,2.8125,-0.4121971130371094,0.4121971130371094,decreases_risk
W0000465,6,observations_per_tx,1.230769230674556,0.3820767402648926,0.3820767402648926,increases_risk
W0000465,7,isolation_forest_anomaly_score,-0.0386978953676802,-0.37705403566360474,0.37705403566360474,decreases_risk
W0000465,8,graphsage_dim_10,0.15811907,0.31951528787612915,0.31951528787612915,increases_risk
W0000465,9,graphsage_dim_6,-0.2794995,0.18056821823120117,0.18056821823120117,increases_risk
W0000465,10,total_bytes_sent,10.60693153857344,0.16334256529808044,0.16334256529808044,increases_risk
W0000466,1,median_sent_sats,16.323022440027373,-3.0613512992858887,3.0613512992858887,decreases_risk
W0000466,2,avg_sent_sats,16.634046063864556,-0.8270483016967773,0.8270483016967773,decreases_risk
W0000466,3,autoencoder_reconstruction_error,0.30477175,-0.7302983403205872,0.7302983403205872,decreases_risk
W0000466,4,graphsage_dim_10,-0.1566174,-0.5328126549720764,0.5328126549720764,decreases_risk
W0000466,5,observations_per_tx,1.5555555554691358,-0.5306827425956726,0.5306827425956726,decreases_risk
W0000466,6,isolation_forest_anomaly_score,-0.1104280787343109,-0.49152177572250366,0.49152177572250366,decreases_risk
W0000466,7,graphsage_dim_23,0.29004765,-0.40312597155570984,0.40312597155570984,decreases_risk
W0000466,8,country_entropy,2.961625898490169,-0.37396812438964844,0.37396812438964844,decreases_risk
W0000466,9,deterministic_score,0.3369354838709678,-0.19161228835582733,0.19161228835582733,decreases_risk
W0000466,10,graphsage_dim_8,0.053591575,-0.17326420545578003,0.17326420545578003,decreases_risk
W0000467,1,median_sent_sats,17.567834337145293,1.7706246376037598,1.7706246376037598,increases_risk
W0000467,2,graphsage_dim_10,-0.08281758,-0.9553059339523315,0.9553059339523315,decreases_risk
W0000467,3,country_entropy,2.601409765557392,-0.7068955302238464,0.7068955302238464,decreases_risk
W0000467,4,graphsage_dim_23,0.14904854,-0.6166282892227173,0.6166282892227173,decreases_risk
W0000467,5,isolation_forest_anomaly_score,0.0152038178180882,0.6114077568054199,0.6114077568054199,increases_risk
W0000467,6,observations_per_tx,1.454545454413223,0.41104018688201904,0.41104018688201904,increases_risk
W0000467,7,asn_entropy,2.788909765557392,-0.3716108798980713,0.3716108798980713,decreases_risk
W0000467,8,graphsage_dim_3,0.024726033,-0.36228495836257935,0.36228495836257935,decreases_risk
W0000467,9,avg_sent_sats,17.76933735419294,0.35503089427948,0.35503089427948,increases_risk
W0000467,10,std_sent_sats,17.81155186371956,-0.20995813608169556,0.20995813608169556,decreases_risk
W0000468,1,median_sent_sats,16.836920032413186,1.6376618146896362,1.6376618146896362,increases_risk
W0000468,2,observations_per_tx,1.6666666665277778,-1.217041254043579,1.217041254043579,decreases_risk
W0000468,3,graphsage_dim_23,0.30039552,-0.6962946057319641,0.6962946057319641,decreases_risk
W0000468,4,country_entropy,2.678217072820339,-0.628279983997345,0.628279983997345,decreases_risk
W0000468,5,isolation_forest_anomaly_score,-0.039819336993162,-0.4599057137966156,0.4599057137966156,decreases_risk
W0000468,6,asn_entropy,2.797089260374426,-0.36653608083724976,0.36653608083724976,decreases_risk
W0000468,7,avg_outputs_per_tx,1.5714285714285714,-0.36377212405204773,0.36377212405204773,decreases_risk
W0000468,8,avg_sent_sats,17.454152230616288,0.31753721833229065,0.31753721833229065,increases_risk
W0000468,9,graphsage_dim_10,0.21985772,0.3041716516017914,0.3041716516017914,increases_risk
W0000468,10,graphsage_dim_8,0.028980643,-0.1867085099220276,0.1867085099220276,decreases_risk
W0000469,1,median_sent_sats,16.06917952885652,-3.3250951766967773,3.3250951766967773,decreases_risk
W0000469,2,avg_sent_sats,16.305688453625706,-0.9046646356582642,0.9046646356582642,decreases_risk
W0000469,3,autoencoder_reconstruction_error,0.47664607,-0.794933021068573,0.794933021068573,decreases_risk
W0000469,4,isolation_forest_anomaly_score,-0.1016022384398798,-0.49213188886642456,0.49213188886642456,decreases_risk
W0000469,5,observations_per_tx,1.3636363635743802,0.3763574957847595,0.3763574957847595,increases_risk
W0000469,6,country_entropy,2.96812170649153,-0.36445024609565735,0.36445024609565735,decreases_risk
W0000469,7,graphsage_dim_23,0.011957158,-0.3608967363834381,0.3608967363834381,decreases_risk
W0000469,8,graphsage_dim_10,0.29738507,0.30161336064338684,0.30161336064338684,increases_risk
W0000469,9,deterministic_score,0.3583870967741936,-0.23210382461547852,0.23210382461547852,decreases_risk
W0000469,10,graphsage_dim_3,0.097520836,-0.18202541768550873,0.18202541768550873,decreases_risk
W0000470,1,median_sent_sats,16.762532330425646,2.295231580734253,2.295231580734253,increases_risk
W0000470,2,graphsage_dim_23,-0.46717492,0.5975368618965149,0.5975368618965149,increases_risk
W0000470,3,observations_per_tx,1.3999999999066666,0.5775225162506104,0.5775225162506104,increases_risk
W0000470,4,country_entropy,3.429329994829369,0.5037124752998352,0.5037124752998352,increases_risk
W0000470,5,avg_sent_sats,17.05867965716135,0.4700395166873932,0.4700395166873932,increases_risk
W0000470,6,graphsage_dim_10,0.49676195,0.42511066794395447,0.42511066794395447,increases_risk
W0000470,7,isolation_forest_anomaly_score,-0.0362334438891251,-0.28194016218185425,0.28194016218185425,decreases_risk
W0000470,8,autoencoder_reconstruction_error,0.9524253,0.2519480288028717,0.2519480288028717,increases_risk
W0000470,9,weighted_out_degree,14.0,0.18727372586727142,0.18727372586727142,increases_risk
W0000470,10,graphsage_dim_6,-0.68562365,0.18693578243255615,0.18693578243255615,increases_risk
W0000471,1,median_sent_sats,15.811240069274085,-3.8826510906219482,3.8826510906219482,decreases_risk
W0000471,2,avg_sent_sats,16.45311046636311,-0.9810266494750977,0.9810266494750977,decreases_risk
W0000471,3,graphsage_dim_10,-0.82569295,-0.7040681838989258,0.7040681838989258,decreases_risk
W0000471,4,isolation_forest_anomaly_score,-0.0519083621413044,-0.4578046202659607,0.4578046202659607,decreases_risk
W0000471,5,graphsage_dim_23,0.036684163,-0.36453524231910706,0.36453524231910706,decreases_risk
W0000471,6,observations_per_tx,1.3076923076420115,0.3493785858154297,0.3493785858154297,increases_risk
W0000471,7,country_entropy,3.0803523764438907,0.20173321664333344,0.20173321664333344,increases_risk
W0000471,8,avg_outputs_per_tx,1.44,-0.18546923995018005,0.18546923995018005,decreases_risk
W0000471,9,graphsage_dim_8,0.1919561,-0.1778896450996399,0.1778896450996399,decreases_risk
W0000471,10,total_bytes_sent,11.352087474843117,-0.1771523654460907,0.1771523654460907,decreases_risk
W0000472,1,median_sent_sats,16.09675270197555,-2.9958534240722656,2.9958534240722656,decreases_risk
W0000472,2,avg_sent_sats,16.237635422388994,-0.7871125340461731,0.7871125340461731,decreases_risk
W0000472,3,autoencoder_reconstruction_error,0.3681557,-0.7014601230621338,0.7014601230621338,decreases_risk
W0000472,4,graphsage_dim_10,-0.28931865,-0.5372772216796875,0.5372772216796875,decreases_risk
W0000472,5,observations_per_tx,1.5624999999023437,-0.48663344979286194,0.48663344979286194,decreases_risk
W0000472,6,isolation_forest_anomaly_score,-0.1065209819410684,-0.47100749611854553,0.47100749611854553,decreases_risk
W0000472,7,country_entropy,2.9996275363413565,-0.3911137282848358,0.3911137282848358,decreases_risk
W0000472,8,graphsage_dim_23,0.044649288,-0.3744722008705139,0.3744722008705139,decreases_risk
W0000472,9,deterministic_score,0.4038709677419354,-0.21961268782615662,0.21961268782615662,decreases_risk
W0000472,10,graphsage_dim_8,-0.031397946,-0.1700545847415924,0.1700545847415924,decreases_risk
W0000473,1,median_sent_sats,15.605489776819905,-3.679213285446167,3.679213285446167,decreases_risk
W0000473,2,avg_sent_sats,16.21263831141463,-0.9994456768035889,0.9994456768035889,decreases_risk
W0000473,3,autoencoder_reconstruction_error,0.6795056,-0.7528864741325378,0.7528864741325378,decreases_risk
W0000473,4,graphsage_dim_10,-0.1111394,-0.5883409976959229,0.5883409976959229,decreases_risk
W0000473,5,isolation_forest_anomaly_score,-0.0893343687800855,-0.4633382260799408,0.4633382260799408,decreases_risk
W0000473,6,observations_per_tx,1.5238095237369615,0.34064972400665283,0.34064972400665283,increases_risk
W0000473,7,graphsage_dim_23,-0.16697635,0.33841216564178467,0.33841216564178467,increases_risk
W0000473,8,country_entropy,3.29520801064106,0.3071456551551819,0.3071456551551819,increases_risk
W0000473,9,deterministic_score,0.4278709677419354,-0.23989614844322205,0.23989614844322205,decreases_risk
W0000473,10,weighted_out_degree,19.0,-0.18164946138858795,0.18164946138858795,decreases_risk
W0000474,1,observations_per_tx,1.647058823432526,-0.9858664274215698,0.9858664274215698,decreases_risk
W0000474,2,median_sent_sats,16.448481510248055,-0.7423081994056702,0.7423081994056702,decreases_risk
W0000474,3,country_entropy,2.9124314788086783,-0.5267865061759949,0.5267865061759949,decreases_risk
W0000474,4,isolation_forest_anomaly_score,-0.0649420402799254,-0.519772469997406,0.519772469997406,decreases_risk
W0000474,5,graphsage_dim_23,-0.40129235,0.4668049216270447,0.4668049216270447,increases_risk
W0000474,6,graphsage_dim_10,0.10290523,0.3338838517665863,0.3338838517665863,increases_risk
W0000474,7,avg_sent_sats,16.935045010966306,0.289590984582901,0.289590984582901,increases_risk
W0000474,8,asn_entropy,3.033054469918741,-0.277554988861084,0.277554988861084,decreases_risk
W0000474,9,autoencoder_reconstruction_error,0.7938083,-0.22611898183822632,0.22611898183822632,decreases_risk
W0000474,10,graphsage_dim_3,0.4834388,-0.1995345950126648,0.1995345950126648,decreases_risk
W0000475,1,median_sent_sats,15.464583713007064,-3.2819807529449463,3.2819807529449463,decreases_risk
W0000475,2,avg_sent_sats,15.71446181504721,-0.8219188451766968,0.8219188451766968,decreases_risk
W0000475,3,observations_per_tx,1.8095238094376416,-0.7013477683067322,0.7013477683067322,decreases_risk
W0000475,4,autoencoder_reconstruction_error,0.72935027,-0.6124770641326904,0.6124770641326904,decreases_risk
W0000475,5,isolation_forest_anomaly_score,-0.0765171743774141,-0.45016762614250183,0.45016762614250183,decreases_risk
W0000475,6,country_entropy,2.91711453578589,-0.39158621430397034,0.39158621430397034,decreases_risk
W0000475,7,graphsage_dim_10,0.27601817,0.26831161975860596,0.26831161975860596,increases_risk
W0000475,8,deterministic_score,0.4599354838709676,-0.21350659430027008,0.21350659430027008,decreases_risk
W0000475,9,graphsage_dim_8,0.1570433,-0.1700545847415924,0.1700545847415924,decreases_risk
W0000475,10,graphsage_dim_6,0.5434505,-0.16796617209911346,0.16796617209911346,decreases_risk
W0000476,1,median_sent_sats,15.996973007514432,-3.2419614791870117,3.2419614791870117,decreases_risk
W0000476,2,autoencoder_reconstruction_error,0.58471024,-0.7712973356246948,0.7712973356246948,decreases_risk
W0000476,3,graphsage_dim_10,-0.14384723,-0.6700645685195923,0.6700645685195923,decreases_risk
W0000476,4,avg_sent_sats,16.847758457032594,-0.6293187141418457,0.6293187141418457,decreases_risk
W0000476,5,isolation_forest_anomaly_score,-0.0958661075629674,-0.4841036796569824,0.4841036796569824,decreases_risk
W0000476,6,country_entropy,2.66918033686673,-0.41025736927986145,0.41025736927986145,decreases_risk
W0000476,7,graphsage_dim_23,-0.40669525,0.329673707485199,0.329673707485199,increases_risk
W0000476,8,observations_per_tx,1.5294117646159169,0.28614285588264465,0.28614285588264465,increases_risk
W0000476,9,deterministic_score,0.4740322580645161,-0.20854471623897552,0.20854471623897552,decreases_risk
W0000476,10,graphsage_dim_8,0.25865212,-0.17298895120620728,0.17298895120620728,decreases_risk
W0000477,1,median_sent_sats,15.775038209391251,-3.663478374481201,3.663478374481201,decreases_risk
W0000477,2,avg_sent_sats,16.154607735143664,-0.9678928852081299,0.9678928852081299,decreases_risk
W0000477,3,graphsage_dim_10,-0.45772168,-0.7216250896453857,0.7216250896453857,decreases_risk
W0000477,4,isolation_forest_anomaly_score,-0.0699769401351985,-0.4834037721157074,0.4834037721157074,decreases_risk
W0000477,5,observations_per_tx,1.4166666666076388,0.3392680287361145,0.3392680287361145,increases_risk
W0000477,6,country_entropy,2.974186480136926,-0.32099679112434387,0.32099679112434387,decreases_risk
W0000477,7,graphsage_dim_23,-0.16586982,0.3007996082305908,0.3007996082305908,increases_risk
W0000477,8,deterministic_score,0.4822903225806452,-0.2106114625930786,0.2106114625930786,decreases_risk
W0000477,9,graphsage_dim_3,0.021082014,-0.18615272641181946,0.18615272641181946,decreases_risk
W0000477,10,graphsage_dim_8,0.34015048,-0.1719990372657776,0.1719990372657776,decreases_risk
W0000478,1,median_sent_sats,16.04407627487985,-3.58831524848938,3.58831524848938,decreases_risk
W0000478,2,autoencoder_reconstruction_error,0.7002673,-0.8187927007675171,0.8187927007675171,decreases_risk
W0000478,3,avg_sent_sats,16.79639258071462,-0.798667848110199,0.798667848110199,decreases_risk
W0000478,4,observations_per_tx,1.5517241378775268,-0.560867190361023,0.560867190361023,decreases_risk
W0000478,5,isolation_forest_anomaly_score,-0.0442874638652557,-0.47134333848953247,0.47134333848953247,decreases_risk
W0000478,6,country_entropy,2.9215160014925705,-0.36977800726890564,0.36977800726890564,decreases_risk
W0000478,7,graphsage_dim_23,-0.3915164,0.35190027952194214,0.35190027952194214,increases_risk
W0000478,8,graphsage_dim_10,0.21130687,0.27236562967300415,0.27236562967300415,increases_risk
W0000478,9,weighted_out_degree,27.0,-0.1829080581665039,0.1829080581665039,decreases_risk
W0000478,10,graphsage_dim_8,0.35808384,-0.17298895120620728,0.17298895120620728,decreases_risk
W0000479,1,median_sent_sats,15.589690916050898,-3.7597432136535645,3.7597432136535645,decreases_risk
W0000479,2,avg_sent_sats,16.215732102114885,-1.0134668350219727,1.0134668350219727,decreases_risk
W0000479,3,graphsage_dim_10,-0.09632847,-0.6673521995544434,0.6673521995544434,decreases_risk
W0000479,4,isolation_forest_anomaly_score,-0.0510669245940757,-0.45727914571762085,0.45727914571762085,decreases_risk
W0000479,5,country_entropy,2.830861512066404,-0.3979658782482147,0.3979658782482147,decreases_risk
W0000479,6,graphsage_dim_23,0.025221627,-0.3572408854961395,0.3572408854961395,decreases_risk
W0000479,7,observations_per_tx,1.499999999931818,0.35114914178848267,0.35114914178848267,increases_risk
W0000479,8,graphsage_dim_3,0.12641084,-0.19089357554912567,0.19089357554912567,decreases_risk
W0000479,9,total_bytes_sent,11.230933837846813,-0.1760988086462021,0.1760988086462021,decreases_risk
W0000479,10,graphsage_dim_8,0.3856315,-0.1700545847415924,0.1700545847415924,decreases_risk
W0000480,1,median_sent_sats,16.165610096983375,-3.658674716949463,3.658674716949463,decreases_risk
W0000480,2,observations_per_tx,1.79999999991,-0.7527901530265808,0.7527901530265808,decreases_risk
W0000480,3,avg_sent_sats,16.806510227177625,-0.6448218822479248,0.6448218822479248,decreases_risk
W0000480,4,isolation_forest_anomaly_score,-0.0291597978948204,-0.4404011368751526,0.4404011368751526,decreases_risk
W0000480,5,country_entropy,2.989168931515068,-0.4005923569202423,0.4005923569202423,decreases_risk
W0000480,6,graphsage_dim_10,0.5661654,0.280386745929718,0.280386745929718,increases_risk
W0000480,7,deterministic_score,0.4813225806451614,-0.2164088934659958,0.2164088934659958,decreases_risk
W0000480,8,avg_outputs_per_tx,1.680851063829787,-0.1913560926914215,0.1913560926914215,decreases_risk
W0000480,9,weighted_out_degree,49.0,-0.1674690693616867,0.1674690693616867,decreases_risk
W0000480,10,total_bytes_sent,11.372927494742688,-0.16479678452014923,0.16479678452014923,decreases_risk
W0000481,1,median_sent_sats,16.09776701734507,-3.855168342590332,3.855168342590332,decreases_risk
W0000481,2,autoencoder_reconstruction_error,0.57873553,-0.8998611569404602,0.8998611569404602,decreases_risk
W0000481,3,avg_sent_sats,16.424805799900117,-0.8735793828964233,0.8735793828964233,decreases_risk
W0000481,4,observations_per_tx,1.5624999999023437,-0.6077473759651184,0.6077473759651184,decreases_risk
W0000481,5,graphsage_dim_23,0.11405118,-0.41924116015434265,0.41924116015434265,decreases_risk
W0000481,6,isolation_forest_anomaly_score,-0.0643221749940534,-0.38919612765312195,0.38919612765312195,decreases_risk
W0000481,7,country_entropy,3.146644113014771,0.2819874882698059,0.2819874882698059,increases_risk
W0000481,8,graphsage_dim_10,0.1952065,0.276778906583786,0.276778906583786,increases_risk
W0000481,9,graphsage_dim_6,-0.30082265,0.1785440444946289,0.1785440444946289,increases_risk
W0000481,10,weighted_out_degree,16.0,0.1548016518354416,0.1548016518354416,increases_risk
W0000482,1,median_sent_sats,15.94100172625434,-3.491821765899658,3.491821765899658,decreases_risk
W0000482,2,avg_sent_sats,16.31864665224442,-0.8467463850975037,0.8467463850975037,decreases_risk
W0000482,3,autoencoder_reconstruction_error,0.6581192,-0.7813465595245361,0.7813465595245361,decreases_risk
W0000482,4,observations_per_tx,1.5599999999376,-0.5402171015739441,0.5402171015739441,decreases_risk
W0000482,5,graphsage_dim_10,-0.2005622,-0.5133460164070129,0.5133460164070129,decreases_risk
W0000482,6,isolation_forest_anomaly_score,-0.080019144072197,-0.46361243724823,0.46361243724823,decreases_risk
W0000482,7,graphsage_dim_23,-0.3168339,0.33460938930511475,0.33460938930511475,increases_risk
W0000482,8,country_entropy,3.4057762702101337,0.28645944595336914,0.28645944595336914,increases_risk
W0000482,9,deterministic_score,0.3981290322580644,-0.22898267209529877,0.22898267209529877,decreases_risk
W0000482,10,weighted_out_degree,21.0,-0.19445089995861053,0.19445089995861053,decreases_risk
W0000483,1,median_sent_sats,16.26561917677287,-4.350080490112305,4.350080490112305,decreases_risk
W0000483,2,avg_sent_sats,16.46734807729272,-0.9970380663871765,0.9970380663871765,decreases_risk
W0000483,3,graphsage_dim_23,-0.38565803,0.40298396348953247,0.40298396348953247,increases_risk
W0000483,4,isolation_forest_anomaly_score,-0.0678548635093582,-0.3739069700241089,0.3739069700241089,decreases_risk
W0000483,5,graphsage_dim_10,0.014611859,-0.3502349853515625,0.3502349853515625,decreases_risk
W0000483,6,country_entropy,3.1503132801442915,0.3332185745239258,0.3332185745239258,increases_risk
W0000483,7,observations_per_tx,1.3571428570459183,0.3305606245994568,0.3305606245994568,increases_risk
W0000483,8,graphsage_dim_6,-0.15710303,0.17246203124523163,0.17246203124523163,increases_risk
W0000483,9,weighted_out_degree,16.0,0.17232529819011688,0.17232529819011688,increases_risk
W0000483,10,graphsage_dim_8,-0.0223433,-0.1641640067100525,0.1641640067100525,decreases_risk
W0000484,1,median_sent_sats,16.111444581551687,-3.4387123584747314,3.4387123584747314,decreases_risk
W0000484,2,avg_sent_sats,16.490785305862474,-0.932680606842041,0.932680606842041,decreases_risk
W0000484,3,autoencoder_reconstruction_error,0.30804667,-0.8053610920906067,0.8053610920906067,decreases_risk
W0000484,4,isolation_forest_anomaly_score,-0.1201356247071701,-0.5052254796028137,0.5052254796028137,decreases_risk
W0000484,5,country_entropy,2.7773172245667848,-0.3887099623680115,0.3887099623680115,decreases_risk
W0000484,6,observations_per_tx,1.4347826086332702,0.3709041476249695,0.3709041476249695,increases_risk
W0000484,7,graphsage_dim_10,0.12845767,0.2967378497123718,0.2967378497123718,increases_risk
W0000484,8,deterministic_score,0.3729354838709676,-0.22246865928173065,0.22246865928173065,decreases_risk
W0000484,9,graphsage_dim_23,-0.030858787,0.2084764987230301,0.2084764987230301,increases_risk
W0000484,10,graphsage_dim_3,-0.04876914,-0.18467643857002258,0.18467643857002258,decreases_risk
W0000485,1,median_sent_sats,16.11489388075814,-3.168480396270752,3.168480396270752,decreases_risk
W0000485,2,avg_sent_sats,16.698560014793237,-0.8921077847480774,0.8921077847480774,decreases_risk
W0000485,3,autoencoder_reconstruction_error,0.6077586,-0.7086445093154907,0.7086445093154907,decreases_risk
W0000485,4,graphsage_dim_10,-0.3112801,-0.6279144287109375,0.6279144287109375,decreases_risk
W0000485,5,isolation_forest_anomaly_score,-0.0866987699140316,-0.4738585650920868,0.4738585650920868,decreases_risk
W0000485,6,graphsage_dim_23,0.4434787,-0.3848896324634552,0.3848896324634552,decreases_risk
W0000485,7,country_entropy,2.9434986044920413,-0.3352895975112915,0.3352895975112915,decreases_risk
W0000485,8,observations_per_tx,1.4782608695009452,0.30693769454956055,0.30693769454956055,increases_risk
W0000485,9,deterministic_score,0.4353870967741937,-0.20838004350662231,0.20838004350662231,decreases_risk
W0000485,10,graphsage_dim_6,-0.41459283,0.17316757142543793,0.17316757142543793,increases_risk
W0000486,1,median_sent_sats,15.383089062951363,-3.858952522277832,3.858952522277832,decreases_risk
W0000486,2,avg_sent_sats,16.10092166483266,-0.8600908517837524,0.8600908517837524,decreases_risk
W0000486,3,observations_per_tx,1.6666666665277778,-0.7057897448539734,0.7057897448539734,decreases_risk
W0000486,4,isolation_forest_anomaly_score,0.0022141274256627,0.6069932579994202,0.6069932579994202,increases_risk
W0000486,5,graphsage_dim_10,-0.28063458,-0.573827862739563,0.573827862739563,decreases_risk
W0000486,6,graphsage_dim_23,-0.58507854,0.4458533525466919,0.4458533525466919,increases_risk
W0000486,7,country_entropy,3.179194573253033,0.3347645401954651,0.3347645401954651,increases_risk
W0000486,8,graphsage_dim_6,-0.855068,0.17688025534152985,0.17688025534152985,increases_risk
W0000486,9,total_bytes_sent,10.770903116628146,0.16238850355148315,0.16238850355148315,increases_risk
W0000486,10,autoencoder_reconstruction_error,1.5777718,0.1487041413784027,0.1487041413784027,increases_risk
W0000487,1,median_sent_sats,17.074959143096454,2.4796957969665527,2.4796957969665527,increases_risk
W0000487,2,observations_per_tx,1.499999999925,0.5616624355316162,0.5616624355316162,increases_risk
W0000487,3,country_entropy,3.4352303920353657,0.509414553642273,0.509414553642273,increases_risk
W0000487,4,deterministic_score,0.4109032258064517,-0.48245543241500854,0.48245543241500854,decreases_risk
W0000487,5,graphsage_dim_23,-0.20075406,0.4710919260978699,0.4710919260978699,increases_risk
W0000487,6,avg_sent_sats,17.327670550455817,0.45230111479759216,0.45230111479759216,increases_risk
W0000487,7,graphsage_dim_10,0.19336143,0.4429619610309601,0.4429619610309601,increases_risk
W0000487,8,isolation_forest_anomaly_score,-0.0792499007111179,-0.39881396293640137,0.39881396293640137,decreases_risk
W0000487,9,autoencoder_reconstruction_error,0.9028799,0.2689431607723236,0.2689431607723236,increases_risk
W0000487,10,graphsage_dim_6,-0.14624636,0.19052332639694214,0.19052332639694214,increases_risk
W0000488,1,median_sent_sats,15.55492495180684,-3.505749464035034,3.505749464035034,decreases_risk
W0000488,2,avg_sent_sats,16.10703893345176,-0.8870553374290466,0.8870553374290466,decreases_risk
W0000488,3,graphsage_dim_10,-0.15995745,-0.6715303659439087,0.6715303659439087,decreases_risk
W0000488,4,autoencoder_reconstruction_error,0.73694366,-0.5120532512664795,0.5120532512664795,decreases_risk
W0000488,5,isolation_forest_anomaly_score,-0.0634261010678177,-0.4550376832485199,0.4550376832485199,decreases_risk
W0000488,6,graphsage_dim_23,0.7249316,-0.395049124956131,0.395049124956131,decreases_risk
W0000488,7,country_entropy,2.913954891071985,-0.36964261531829834,0.36964261531829834,decreases_risk
W0000488,8,observations_per_tx,1.4374999999101563,0.3450969457626343,0.3450969457626343,increases_risk
W0000488,9,avg_outputs_per_tx,1.3658536585365857,-0.16886553168296814,0.16886553168296814,decreases_risk
W0000488,10,graphsage_dim_3,0.39848438,-0.16854310035705566,0.16854310035705566,decreases_risk
W0000489,1,median_sent_sats,16.349692016367374,-3.240391969680786,3.240391969680786,decreases_risk
W0000489,2,autoencoder_reconstruction_error,0.3519707,-0.9519780278205872,0.9519780278205872,decreases_risk
W0000489,3,observations_per_tx,1.8399999999264,-0.7586847543716431,0.7586847543716431,decreases_risk
W0000489,4,isolation_forest_anomaly_score,-0.0998630871145482,-0.5918786525726318,0.5918786525726318,decreases_risk
W0000489,5,graphsage_dim_23,-0.3087844,0.3466219902038574,0.3466219902038574,increases_risk
W0000489,6,country_entropy,3.022225543057771,-0.316631555557251,0.316631555557251,decreases_risk
W0000489,7,graphsage_dim_10,0.2723377,0.2799777090549469,0.2799777090549469,increases_risk
W0000489,8,deterministic_score,0.4596451612903225,-0.24131368100643158,0.24131368100643158,decreases_risk
W0000489,9,total_bytes_sent,11.619265500741555,-0.1734655201435089,0.1734655201435089,decreases_risk
W0000489,10,weighted_out_degree,20.0,-0.1684105098247528,0.1684105098247528,decreases_risk
W0000490,1,median_sent_sats,15.99920236795538,-3.7802700996398926,3.7802700996398926,decreases_risk
W0000490,2,avg_sent_sats,16.158567705856846,-0.9832320213317871,0.9832320213317871,decreases_risk
W0000490,3,graphsage_dim_10,-0.9264087,-0.7140836715698242,0.7140836715698242,decreases_risk
W0000490,4,isolation_forest_anomaly_score,0.0343013632572173,0.7124283313751221,0.7124283313751221,increases_risk
W0000490,5,country_entropy,2.219240704636849,-0.3778504729270935,0.3778504729270935,decreases_risk
W0000490,6,observations_per_tx,1.1111111109876544,0.3269301652908325,0.3269301652908325,increases_risk
W0000490,7,graphsage_dim_23,-0.29033926,0.31327104568481445,0.31327104568481445,increases_risk
W0000490,8,graphsage_dim_6,-0.3362063,0.17631413042545319,0.17631413042545319,increases_risk
W0000490,9,total_bytes_sent,10.12862910651301,0.16805845499038696,0.16805845499038696,increases_risk
W0000490,10,graphsage_dim_3,-0.5320194,0.16466045379638672,0.16466045379638672,increases_risk
W0000491,1,median_sent_sats,16.00329701380127,-3.534329891204834,3.534329891204834,decreases_risk
W0000491,2,avg_sent_sats,16.44202826373798,-0.7713249921798706,0.7713249921798706,decreases_risk
W0000491,3,autoencoder_reconstruction_error,0.5370142,-0.766089141368866,0.766089141368866,decreases_risk
W0000491,4,observations_per_tx,1.7619047618208616,-0.6222575306892395,0.6222575306892395,decreases_risk
W0000491,5,graphsage_dim_10,-0.017582411,-0.538841962814331,0.538841962814331,decreases_risk
W0000491,6,isolation_forest_anomaly_score,-0.107713471691832,-0.47051379084587097,0.47051379084587097,decreases_risk
W0000491,7,graphsage_dim_23,-0.40610197,0.32037830352783203,0.32037830352783203,increases_risk
W0000491,8,country_entropy,3.3442321243111635,0.2958417534828186,0.2958417534828186,increases_risk
W0000491,9,deterministic_score,0.4542258064516128,-0.22666800022125244,0.22666800022125244,decreases_risk
W0000491,10,weighted_out_degree,24.0,-0.19445089995861053,0.19445089995861053,decreases_risk
W0000492,1,median_sent_sats,16.303905450088077,-3.7492284774780273,3.7492284774780273,decreases_risk
W0000492,2,avg_sent_sats,16.52976664134932,-0.8759622573852539,0.8759622573852539,decreases_risk
W0000492,3,observations_per_tx,1.6086956521039697,-0.5883060097694397,0.5883060097694397,decreases_risk
W0000492,4,graphsage_dim_10,-0.024005514,-0.5562646389007568,0.5562646389007568,decreases_risk
W0000492,5,isolation_forest_anomaly_score,-0.0628738681660048,-0.471957266330719,0.471957266330719,decreases_risk
W0000492,6,country_entropy,2.8258466250908216,-0.3960709869861603,0.3960709869861603,decreases_risk
W0000492,7,graphsage_dim_23,-0.34711632,0.33216148614883423,0.33216148614883423,increases_risk
W0000492,8,deterministic_score,0.4789032258064516,-0.18461830914020538,0.18461830914020538,decreases_risk
W0000492,9,graphsage_dim_6,-0.61567533,0.17591510713100433,0.17591510713100433,increases_risk
W0000492,10,total_bytes_sent,11.580855104759962,-0.16723652184009552,0.16723652184009552,decreases_risk
W0000493,1,median_sent_sats,16.13920379824133,-3.4895009994506836,3.4895009994506836,decreases_risk
W0000493,2,autoencoder_reconstruction_error,0.3883087,-0.8359432816505432,0.8359432816505432,decreases_risk
W0000493,3,avg_sent_sats,16.676644424723758,-0.8259586691856384,0.8259586691856384,decreases_risk
W0000493,4,observations_per_tx,1.5555555554979423,-0.593842089176178,0.593842089176178,decreases_risk
W0000493,5,isolation_forest_anomaly_score,-0.1174688191631198,-0.48858582973480225,0.48858582973480225,decreases_risk
W0000493,6,country_entropy,3.403757758611584,0.31097233295440674,0.31097233295440674,increases_risk
W0000493,7,graphsage_dim_10,0.29290077,0.2752645015716553,0.2752645015716553,increases_risk
W0000493,8,deterministic_score,0.3695161290322581,-0.24012120068073273,0.24012120068073273,decreases_risk
W0000493,9,weighted_out_degree,19.0,-0.18164946138858795,0.18164946138858795,decreases_risk
W0000493,10,total_bytes_sent,11.736428951499986,-0.1734655201435089,0.1734655201435089,decreases_risk
W0000494,1,median_sent_sats,16.166099887319767,-3.5125536918640137,3.5125536918640137,decreases_risk
W0000494,2,avg_sent_sats,16.58534911947641,-0.9474478960037231,0.9474478960037231,decreases_risk
W0000494,3,autoencoder_reconstruction_error,0.29906783,-0.8270002603530884,0.8270002603530884,decreases_risk
W0000494,4,isolation_forest_anomaly_score,-0.0817349226775583,-0.4779829978942871,0.4779829978942871,decreases_risk
W0000494,5,country_entropy,2.8843448852662528,-0.37416255474090576,0.37416255474090576,decreases_risk
W0000494,6,observations_per_tx,1.4814814814266115,0.3620792031288147,0.3620792031288147,increases_risk
W0000494,7,graphsage_dim_23,0.014869589,-0.3552762567996979,0.3552762567996979,decreases_risk
W0000494,8,graphsage_dim_10,0.13796812,0.31733742356300354,0.31733742356300354,increases_risk
W0000494,9,graphsage_dim_3,-0.02271986,-0.21551764011383057,0.21551764011383057,decreases_risk
W0000494,10,deterministic_score,0.4823548387096774,-0.20783169567584991,0.20783169567584991,decreases_risk
W0000495,1,median_sent_sats,16.390789001655584,-3.429069995880127,3.429069995880127,decreases_risk
W0000495,2,autoencoder_reconstruction_error,0.39138585,-0.8270003795623779,0.8270003795623779,decreases_risk
W0000495,3,observations_per_tx,1.7916666665920138,-0.7456247210502625,0.7456247210502625,decreases_risk
W0000495,4,avg_sent_sats,16.84054235864607,-0.6245480179786682,0.6245480179786682,decreases_risk
W0000495,5,isolation_forest_anomaly_score,-0.0993875698184556,-0.5134865641593933,0.5134865641593933,decreases_risk
W0000495,6,country_entropy,3.11110403420201,0.2815694808959961,0.2815694808959961,increases_risk
W0000495,7,graphsage_dim_10,0.18480103,0.2742009162902832,0.2742009162902832,increases_risk
W0000495,8,deterministic_score,0.4727419354838711,-0.22771711647510529,0.22771711647510529,decreases_risk
W0000495,9,graphsage_dim_23,-0.070439145,0.19345271587371826,0.19345271587371826,increases_risk
W0000495,10,total_bytes_sent,11.657674948856426,-0.1734655201435089,0.1734655201435089,decreases_risk
W0000496,1,median_sent_sats,16.014029075576367,-4.147074222564697,4.147074222564697,decreases_risk
W0000496,2,avg_sent_sats,16.781630194899105,-0.8910533785820007,0.8910533785820007,decreases_risk
W0000496,3,autoencoder_reconstruction_error,0.4345183,-0.8729326128959656,0.8729326128959656,decreases_risk
W0000496,4,isolation_forest_anomaly_score,-0.0674610331062695,-0.4102049469947815,0.4102049469947815,decreases_risk
W0000496,5,observations_per_tx,1.4516129031789802,0.37706440687179565,0.37706440687179565,increases_risk
W0000496,6,graphsage_dim_23,-0.23846407,0.3577088713645935,0.3577088713645935,increases_risk
W0000496,7,graphsage_dim_10,0.22451238,0.3187721371650696,0.3187721371650696,increases_risk
W0000496,8,country_entropy,3.4884683534267684,0.2868720293045044,0.2868720293045044,increases_risk
W0000496,9,weighted_out_degree,28.0,-0.18164946138858795,0.18164946138858795,decreases_risk
W0000496,10,graphsage_dim_8,0.13989404,-0.1719990372657776,0.1719990372657776,decreases_risk
W0000497,1,median_sent_sats,15.98684793447363,-3.2837722301483154,3.2837722301483154,decreases_risk
W0000497,2,autoencoder_reconstruction_error,0.31252828,-0.8148870468139648,0.8148870468139648,decreases_risk
W0000497,3,observations_per_tx,1.6499999999175,-0.6952028870582581,0.6952028870582581,decreases_risk
W0000497,4,avg_sent_sats,16.690322362499646,-0.6814819574356079,0.6814819574356079,decreases_risk
W0000497,5,isolation_forest_anomaly_score,-0.1129777839939309,-0.5172358155250549,0.5172358155250549,decreases_risk
W0000497,6,country_entropy,3.020387734243413,-0.32940569519996643,0.32940569519996643,decreases_risk
W0000497,7,graphsage_dim_10,0.21623716,0.26975446939468384,0.26975446939468384,increases_risk
W0000497,8,deterministic_score,0.3202903225806452,-0.23048490285873413,0.23048490285873413,decreases_risk
W0000497,9,total_bytes_sent,11.350935807148192,-0.1734655201435089,0.1734655201435089,decreases_risk
W0000497,10,graphsage_dim_8,0.005642265,-0.1700545847415924,0.1700545847415924,decreases_risk
W0000498,1,median_sent_sats,16.310556052188776,-2.94874906539917,2.94874906539917,decreases_risk
W0000498,2,avg_sent_sats,16.751197443229486,-0.8116875886917114,0.8116875886917114,decreases_risk
W0000498,3,autoencoder_reconstruction_error,0.40371644,-0.7345951199531555,0.7345951199531555,decreases_risk
W0000498,4,observations_per_tx,1.666666666574074,-0.6489865779876709,0.6489865779876709,decreases_risk
W0000498,5,isolation_forest_anomaly_score,-0.0995408756481525,-0.5003831386566162,0.5003831386566162,decreases_risk
W0000498,6,graphsage_dim_23,0.23802471,-0.39980724453926086,0.39980724453926086,decreases_risk
W0000498,7,country_entropy,2.955392918503184,-0.3516053855419159,0.3516053855419159,decreases_risk
W0000498,8,graphsage_dim_10,0.012840837,-0.28086382150650024,0.28086382150650024,decreases_risk
W0000498,9,deterministic_score,0.2929354838709677,-0.19809354841709137,0.19809354841709137,decreases_risk
W0000498,10,graphsage_dim_8,0.10001599,-0.1700545847415924,0.1700545847415924,decreases_risk
W0000499,1,median_sent_sats,16.128177804805624,-3.1475799083709717,3.1475799083709717,decreases_risk
W0000499,2,avg_sent_sats,16.562329758032785,-0.8396748304367065,0.8396748304367065,decreases_risk
W0000499,3,observations_per_tx,1.8421052630609416,-0.6830724477767944,0.6830724477767944,decreases_risk
W0000499,4,graphsage_dim_10,-0.79677045,-0.6646503210067749,0.6646503210067749,decreases_risk
W0000499,5,isolation_forest_anomaly_score,-0.0965213411884834,-0.5156082510948181,0.5156082510948181,decreases_risk
W0000499,6,graphsage_dim_23,0.4058828,-0.4249325692653656,0.4249325692653656,decreases_risk
W0000499,7,country_entropy,2.893222844957988,-0.377439022064209,0.377439022064209,decreases_risk
W0000499,8,deterministic_score,0.4226129032258065,-0.19754405319690704,0.19754405319690704,decreases_risk
W0000499,9,graphsage_dim_6,-0.33396953,0.1772024780511856,0.1772024780511856,increases_risk
W0000499,10,total_bytes_sent,11.406953651396789,-0.1760988086462021,0.1760988086462021,decreases_risk
W0000500,1,median_sent_sats,16.349875482019776,-3.53056001663208,3.53056001663208,decreases_risk
W0000500,2,avg_sent_sats,16.678912427132854,-0.8588740229606628,0.8588740229606628,decreases_risk
W0000500,3,autoencoder_reconstruction_error,0.4794511,-0.8475597500801086,0.8475597500801086,decreases_risk
W0000500,4,isolation_forest_anomaly_score,-0.08794130620807,-0.48607903718948364,0.48607903718948364,decreases_risk
W0000500,5,graphsage_dim_23,0.06548061,-0.36724352836608887,0.36724352836608887,decreases_risk
W0000500,6,observations_per_tx,1.4799999999408,0.3651752471923828,0.3651752471923828,increases_risk
W0000500,7,graphsage_dim_10,0.51475793,0.3008868992328644,0.3008868992328644,increases_risk
W0000500,8,deterministic_score,0.4716451612903227,-0.22684448957443237,0.22684448957443237,decreases_risk
W0000500,9,total_bytes_sent,11.634939537154429,-0.1734655201435089,0.1734655201435089,decreases_risk
W0000500,10,graphsage_dim_8,0.18991801,-0.1700545847415924,0.1700545847415924,decreases_risk
