txid,timestamp,input_addresses,output_addresses,input_amounts_sats,output_amounts_sats,total_input_sats,total_output_sats,fee_sats,script_type
e9aa33a71d9bdd19346d1592e64ffa7185f172b8acc498e79740f3ad24364c32,2026-05-30 08:29:02,['W000071'],['W000027'],[391403322],[390951768],391403322,390951768,451554,P2TR
3443e725ad1a129e7d685d2a0f1b5ecb7583f6fe324074c852bc1aba8e5a7630,2026-05-02 07:04:22,['W000213'],"['W000192', 'W000121', 'W000198']",[197522906],"[98254794, 10458875, 88580576]",197522906,197294245,228661,P2WPKH
48a91aea02fc922d2deae73694dda8c45464f880dd1eccf4f387bac85b5819e0,2026-05-13 10:10:22,['W000111'],['W000282'],[383263554],[383039281],383263554,383039281,224273,P2PKH
64cb2d9de75b474be5ceb9b311ba770c8701d8ef43d7fad1d673f134bfc15306,2026-05-04 06:51:07,['W000270'],['W000260'],[65384455],[65334485],65384455,65334485,49970,P2WPKH
69e7a8703ad8ad9cad21942c6d134e48925b6d122a7e7143f4e9b422d2813531,2026-05-18 02:27:29,['W000280'],['W000090'],[375769027],[375371433],375769027,375371433,397594,P2SH
b5b77f51cb5f145117ef0fa75721b44a4cdba66683b9572254b90a57c1f4d3bb,2026-05-13 07:07:54,['W000019'],['W000099'],[3566783],[3564293],3566783,3564293,2490,P2PKH
e5b23ba0a0793b43b1cc0886665281bdd0a75f20a2ecaa48d28b05b50ce858ee,2026-05-05 00:14:57,['W000218'],['W000093'],[57728443],[57690645],57728443,57690645,37798,P2WSH
83fd764624c04d86d30d1828bb25d24ae8ddcef0ff9b22b8d511832585b47975,2026-05-30 11:52:25,['W000225'],['W000035'],[15304471],[15299285],15304471,15299285,5186,P2SH
44ebe4af495c068608ef205b26fec15e1e68d34e83d58c1d9be1d7ab1eb30377,2026-05-02 06:11:28,['W000096'],['W000200'],[261260728],[261092818],261260728,261092818,167910,P2WSH
b75edc2a6e98d96d3ca696742ac084202107a49ec0190d7f1bef420e388e764c,2026-05-04 03:39:34,['W000282'],['W000154'],[499039033],[498785068],499039033,498785068,253965,P2WPKH
fe64c29aa29a66db2b0ed6329c88bf1053fa981b3206de837d3d37defd736c92,2026-05-04 04:36:07,['W000159'],['W000247'],[73085108],[73052192],73085108,73052192,32916,P2WPKH
ac3fa43adf73d59238ebe05b84a6a558706301056b2bf0451b0f75c223b2e403,2026-05-26 04:33:35,['W000146'],['W000129'],[20622109],[20603486],20622109,20603486,18623,P2SH
50f2d7eb69f7007920641dfc541213ef30ddb9492a302dec616f0055a111fb30,2026-05-31 10:41:56,['W000280'],['W000155'],[50550547],[50507870],50550547,50507870,42677,P2PKH
c5f3d3a2e4d807a820dd2793e89b5023ff12fda335fc1138b2a1b675629cf763,2026-05-07 08:21:12,['W000190'],['W000055'],[30023188],[30009106],30023188,30009106,14082,P2PKH
af17e243b0eb164edb65198d99c93172278280c0457fcb84b4f6ff97b3d557b4,2026-05-12 16:28:09,['W000111'],['W000025'],[13273693],[13258999],13273693,13258999,14694,P2WPKH
4c1dfbd6121a895f0a903ff5238f92bf10a1e4f33dd7f944cb0e15f2d6bfd5ff,2026-05-18 14:22:14,['W000284'],['W000198'],[55551645],[55489623],55551645,55489623,62022,P2PKH
bda7edc3bc3cb9d0a2135df6468db146f4ff5a8e85b59190e881ea18b6c2f577,2026-05-03 04:46:56,['W000020'],['W000172'],[154721076],[154648708],154721076,154648708,72368,P2TR
6d812c2861ee50e559b107549b5c27cd98ea2abc46a53825b8a0455d1a351feb,2026-05-29 23:27:00,['W000243'],['W000117'],[130800173],[130647736],130800173,130647736,152437,P2WSH
eb53cf3796c9954ddb7af2e6742746223f829a1e2bfc62821a7bd886deb12555,2026-05-16 05:32:53,['W000089'],['W000274'],[39310688],[39270116],39310688,39270116,40572,P2SH
68d75bda27ffdb92b0938b3ead19245cdc94cec6add2135798792d70e868cca5,2026-05-17 22:23:06,['W000287'],"['W000141', 'W000148']",[7406727],"[2407523, 4993915]",7406727,7401438,5289,P2SH
5227b7f8618266c36ef58548d668c7ba106778a329aff156af76ec5e9197fd54,2026-05-31 23:15:33,['W000120'],"['W000171', 'W000243']",[213532825],"[106455348, 106846724]",213532825,213302072,230753,P2WPKH
fdc54aaca7a36fbe3728716eb50f8db66e661d0c5d99b15c380529c18a39f6c5,2026-05-09 12:48:31,['W000019'],"['W000205', 'W000255']",[7144371],"[6323664, 818485]",7144371,7142149,2222,P2TR
d642434b073963a2a26604c42f96c3e62abbb1d1727b1baae1d564100cd578aa,2026-05-10 08:38:29,['W000058'],['W000236'],[125125318],[124969047],125125318,124969047,156271,P2TR
086c8305bbcd1afb6ddee66d30662849425ee643c0321f2531cb079ee1f49a72,2026-05-29 06:36:57,['W000006'],"['W000122', 'W000033']",[89805195],"[55412557, 34291307]",89805195,89703864,101331,P2WPKH
7a695e330deef5d373917a3d1516ff8b0916b701c1612283cbf9983b410afb54,2026-05-13 00:19:05,['W000042'],['W000272'],[83676561],[83568240],83676561,83568240,108321,P2TR
641481909a5b1a85f5d8d3b8fa3e9b977c77c517697a309d9ce154224a5988c6,2026-05-03 16:49:13,['W000233'],['W000213'],[51808975],[51748466],51808975,51748466,60509,P2WSH
710ba0607a1a922828ec8b08f9e398dcfaf6ef03a136cf70635ed16e875762a7,2026-05-04 08:24:47,['W000242'],['W000210'],[30841406],[30808250],30841406,30808250,33156,P2WSH
fa38f0135e12e935d6fa47b1f6cca73216578849da733a6c6cf5f8d30d01ce2b,2026-05-06 18:13:03,['W000092'],['W000066'],[83569843],[83446646],83569843,83446646,123197,P2WSH
dcf466f4af775f0e44c126647b5fa0051d247cfbff8fbd73ad686e79f515b9a0,2026-05-30 20:26:14,['W000009'],['W000036'],[89912992],[89842616],89912992,89842616,70376,P2SH
42a3d1289b7e182e321527a027a1156a83eff0113023e259cde7435f018fa7ca,2026-05-27 23:36:46,['W000254'],"['W000196', 'W000270']",[30693303],"[20596238, 10060071]",30693303,30656309,36994,P2WSH
2b927aab1bab1c3b299613d620015478c5a1de467e781e1162f18e97ea012fe5,2026-05-05 11:43:42,['W000275'],['W000098'],[16794360],[16771716],16794360,16771716,22644,P2SH
8a5c9d3afe832c0a311de280ddb8e690560840512764189e4af2073b51a3d6b2,2026-05-30 08:10:43,['W000105'],['W000124'],[81986843],[81898424],81986843,81898424,88419,P2WPKH
2370558dead0c8df65156d2a82630669f632dd7f4c3abc07c0b7d83e120a9077,2026-05-16 04:34:50,['W000212'],['W000114'],[73683321],[73647740],73683321,73647740,35581,P2WPKH
61fd898f01073a37fbb714a811ece0e145429d5ae03c64dad849947c8ca9f49d,2026-05-18 02:18:53,['W000087'],['W000281'],[44788551],[44723667],44788551,44723667,64884,P2TR
db14e31db34828011a219d77c71f60af23f6aa3023cb6a8996308a5b192b3ebb,2026-05-01 07:42:14,['W000273'],['W000272'],[122598845],[122442435],122598845,122442435,156410,P2WSH
1fe439792c496d82b3a0cbaf58e191db3687656c6a9047f0cfb93dc7199a16ad,2026-05-09 07:40:34,['W000043'],['W000171'],[114409511],[114248997],114409511,114248997,160514,P2SH
ec7719f74a62a861fbb88781f5e72b2459db3982961335604d50e89ee554236a,2026-05-01 18:14:34,['W000107'],['W000205'],[163647635],[163434635],163647635,163434635,213000,P2WSH
e482b2b1f4a3e46c4b9c28b2f31a92f897529f97156b54dd1f4d0954fc9445fe,2026-05-31 18:48:24,['W000140'],['W000232'],[60266588],[60235076],60266588,60235076,31512,P2TR
5fc14bff1afddcc7ce6b6c998b7527c7e38e78fe5738f3f8b5bfd5fcc2eedfaa,2026-05-14 02:18:02,['W000053'],['W000097'],[43362935],[43348560],43362935,43348560,14375,P2WPKH
5344922efb01c74c495512cb2aad18d0fcb8640276e2a960ca175c28123fff0b,2026-05-19 11:35:05,['W000087'],['W000156'],[32974825],[32948270],32974825,32948270,26555,P2WSH
4678d727a85d691380a8f374f5710198330f041172da3cd9b42139b8df14436a,2026-05-31 02:34:34,['W000195'],['W000169'],[50430310],[50356225],50430310,50356225,74085,P2SH
a0e07f2088cb9c7783c6201d5b6fa2bd4ff0e424a5ecc73dadce897a674552a0,2026-05-27 16:54:43,['W000014'],"['W000238', 'W000109']",[50673019],"[19141881, 31485575]",50673019,50627456,45563,P2WPKH
460022a67c966ffa44ae33eac282e5c5f2f652f00749cfb0bfc5815e6951951c,2026-05-18 10:52:55,['W000275'],['W000044'],[23979703],[23953892],23979703,23953892,25811,P2PKH
0103ee5476608f8a832e8a40346994ed606fcdfe591eba5aae2b5db7179c08d3,2026-05-22 15:22:10,['W000192'],['W000258'],[59018090],[58992165],59018090,58992165,25925,P2SH
58b6da5cbf91e0ea81028c04977176e66b354d6a175e6286f48d1b740c02f33a,2026-05-04 06:15:49,['W000154'],['W000059'],[14892789],[14885384],14892789,14885384,7405,P2SH
60fbacdeab63d8f7f4e8116f2247e2c7282fcc2c50af6eb5ee188a05eafa8ef1,2026-05-14 12:17:42,['W000033'],['W000276'],[25239813],[25211928],25239813,25211928,27885,P2WSH
0ff2b3ba21671d68e11285cd24e9c67f9a014848ee5aa1720a099749e5978a6c,2026-05-07 12:03:37,['W000161'],"['W000060', 'W000094']",[42825658],"[34750492, 8032779]",42825658,42783271,42387,P2WSH
89ee6ca996b4dabb0253f51c877e046ee447ae5b77de167eefec6bf4663aec92,2026-05-20 20:40:33,['W000252'],['W000228'],[49806544],[49774145],49806544,49774145,32399,P2WPKH
6d82f1027394cc1dd5bfcd31ae757298a89dcad8c04e646bb7ae9b224aaf38ed,2026-05-27 07:31:34,['W000022'],['W000227'],[115470030],[115398973],115470030,115398973,71057,P2PKH
db0a63c66082c376e4fdafca99703494b7f2eb62a7ba240307e89b3b2d8dee67,2026-05-11 00:43:45,['W000106'],['W000300'],[39902774],[39843926],39902774,39843926,58848,P2WPKH
d1b0f5e4384d77f440ddc21bd822664bcdb6c5c7e8988118e48e5fa9f981665e,2026-05-31 11:27:17,['W000213'],['W000048'],[30224086],[30201633],30224086,30201633,22453,P2WSH
7b49d88c5a2bbbca6ab90d3ebaabd94f72de4f842ab5bda9257263b862f3d649,2026-05-27 13:39:46,['W000067'],['W000250'],[190836227],[190677921],190836227,190677921,158306,P2PKH
eb3d47fd0240cc71db5aeb15dc1835bc60c30bd6f406975a19f5ef6ce3f0f852,2026-05-03 12:20:11,['W000203'],['W000120'],[45184300],[45144892],45184300,45144892,39408,P2SH
74deb9c44ce772d416f2f607d2735f099cf69451b4b10a0889075ff2c4e99132,2026-05-12 02:44:32,['W000197'],['W000053'],[18436432],[18413790],18436432,18413790,22642,P2SH
e8e06313d10e2704fc602497da57ed7d5b33466f7cfd8ebd73933a0a54e0ba93,2026-05-05 02:09:24,['W000128'],['W000147'],[284777579],[284621939],284777579,284621939,155640,P2TR
583cd19b5bad1781527e8d46150bb8f04d7fe0fc6f9f8521fdce4019b527b0f8,2026-05-01 19:26:40,['W000035'],['W000112'],[158705510],[158511805],158705510,158511805,193705,P2WSH
b047a9197b71d4a78eb6cd46785a2f5bb63fb45890f46b3028357af16c2c7d48,2026-05-12 14:01:57,['W000030'],['W000224'],[9353622],[9349476],9353622,9349476,4146,P2SH
bc218c0c5210f0ca5b0e20cb97cc88db82aef5fec52489527353a7f811125daf,2026-05-14 01:07:59,['W000061'],['W000016'],[34581366],[34541432],34581366,34541432,39934,P2TR
67e77d17705f216bdb130d35023fa2f7c651e7114512b75b7ff671a61f2ecc29,2026-05-03 05:34:20,['W000242'],['W000077'],[154524222],[154400679],154524222,154400679,123543,P2WPKH
aaad60baf27e2964c8042256d7fd20f596c6044700ce019388570c93b259beaa,2026-05-20 11:06:40,['W000036'],['W000146'],[101803543],[101772029],101803543,101772029,31514,P2SH
918a181e808a7587b9e754bb4083fe15ebf461cadaf3c4bca0597ea436b6c5af,2026-05-08 07:25:21,['W000004'],"['W000014', 'W000121']",[71541571],"[1991287, 69528697]",71541571,71519984,21587,P2WSH
2b62ae8f6ed6bf9ce8e32df85af995ad661223663396f771d9c03cec0abc8efe,2026-05-03 03:08:51,['W000119'],"['W000268', 'W000213']",[107701036],"[13730894, 93925480]",107701036,107656374,44662,P2SH
046ea235e980b7756f677a84a6231790092a90415371b1c8ac9c65114a161728,2026-05-12 08:10:36,['W000039'],"['W000071', 'W000057']",[27648379],"[21296970, 6325334]",27648379,27622304,26075,P2SH
462c7bad3448dc8f33e847161a5cb2ebd7ed9f30fdc2a49d3a106efd8c479939,2026-05-08 04:48:35,['W000047'],"['W000204', 'W000264']",[20013952],"[16954203, 3030879]",20013952,19985082,28870,P2WSH
56b60bb96ef6ee666528deffe5b3fbf6d7e72a0a10c7361dad1fe88bd03aae74,2026-05-31 14:20:59,['W000044'],['W000134'],[191881102],[191795325],191881102,191795325,85777,P2WSH
d8566c7ea25bc8c9bba79b4c5b606b690bfde2aa135c3c687f3375cabc26e2a0,2026-05-15 07:49:20,['W000256'],['W000283'],[52965903],[52937336],52965903,52937336,28567,P2TR
ca727e2560e152c5e883c14281cfdd43472563bfc9a8edeb69089e79c7f68f16,2026-05-29 08:23:47,['W000120'],['W000125'],[6951681],[6943222],6951681,6943222,8459,P2SH
13df7d349d1b39ecb6cc305e1f3c7842e9ba37b3598aa7b8c9ec3e823dea489a,2026-05-28 13:21:42,['W000289'],['W000097'],[306510169],[306385019],306510169,306385019,125150,P2SH
f24e83e70ebe32c35d2943698a2fbff182c2132780bd5da5e2df73414b2d3a5a,2026-05-16 17:00:29,['W000031'],"['W000074', 'W000058', 'W000271']",[44344444],"[5887290, 6795599, 31597769]",44344444,44280658,63786,P2WSH
d9e249e8d6d41ac9da87b8859c57e635dfabd2f8b3e8b97cc616a4518d27d5e3,2026-05-30 16:18:38,['W000114'],['W000054'],[108215883],[108100804],108215883,108100804,115079,P2PKH
41bfe3c5d3dbbeb8a216b0945b2cd07a6ea29e5385483fc1e2c35802d4759960,2026-05-19 17:38:57,['W000225'],['W000086'],[202260357],[202108578],202260357,202108578,151779,P2WSH
4e61b6b4bb7e23bf3cf11942de0577144f6cb96d26761e32182ac767dc0e9656,2026-05-27 13:21:18,['W000048'],['W000249'],[108124087],[107976206],108124087,107976206,147881,P2SH
d6faa1c44710d8b56419ecab997067125a559d9e65166ff174d7758593028a3d,2026-05-15 10:29:48,['W000122'],['W000203'],[112915523],[112881132],112915523,112881132,34391,P2PKH
4b92293ea5d7484831a916332a82293be7c9dbb1870dd6ef9b7fc2dda6eb153f,2026-05-15 23:15:27,['W000204'],['W000136'],[11317491],[11309079],11317491,11309079,8412,P2WSH
e4e9469ba56dacffa584b1f7fef9afeec6eb47e80f015784c3faa8bb1ff2cc1f,2026-05-17 16:32:45,['W000278'],['W000117'],[107477123],[107320341],107477123,107320341,156782,P2WSH
4ac27676891942d82d70e9e0dcb2a81bcda6e147d9085c185bc1be212e180c5f,2026-05-09 09:25:06,['W000086'],"['W000100', 'W000065']",[89491658],"[17802320, 71634797]",89491658,89437117,54541,P2PKH
bbd6debc0d5cf61a1098e2caaed936c3db96ed1fbc5e578ac065e184e6a3d5f3,2026-05-06 11:05:38,['W000213'],"['W000052', 'W000055', 'W000290']",[571176226],"[192620960, 230163209, 147958162]",571176226,570742331,433895,P2WSH
fa718a0fb7e5c5ed2f59d382ea78d258ba2848955dbfd982087a4520f840f643,2026-05-17 02:13:06,['W000122'],['W000245'],[35268015],[35216277],35268015,35216277,51738,P2SH
b034ed4de9031c0e1ff459c232d964b7249b5d55641f5908f32ae685480e052b,2026-05-11 06:17:16,['W000209'],['W000266'],[55949276],[55905409],55949276,55905409,43867,P2TR
87a181a743925fa407ffbe76ce5fb9293b026f4419f09f2fccd8bfbf88f4fe55,2026-05-31 20:18:21,['W000064'],['W000252'],[74154861],[74101491],74154861,74101491,53370,P2SH
68dfe39bc47a7a8d904308700f47c8473960f17c8cdfcc650f35e199b41236a6,2026-05-11 00:51:32,['W000138'],['W000264'],[427308408],[427065473],427308408,427065473,242935,P2TR
6201b4667b640bb3bba04397fa9ee599d94dfb6916972e53c7f0a0a645a8ab0b,2026-05-01 08:33:37,['W000262'],"['W000192', 'W000289']",[103239159],"[18914218, 84286061]",103239159,103200279,38880,P2WPKH
08359d8cdf952ba62ee30e7bfc724533551077f7c7b2c264ce22c6a145da9a0d,2026-05-16 12:20:39,['W000072'],['W000256'],[40526487],[40474645],40526487,40474645,51842,P2WPKH
97e45ae9f4d1fb604a82af13bf94f2cc16eed0f5b119f17c170fd9c5c4659e7c,2026-05-05 08:02:30,['W000114'],['W000159'],[16459779],[16449034],16459779,16449034,10745,P2PKH
512cfb311c64c24d31f5193fb6b2855b830b1a8c14e29da69e35e6e5d21b6905,2026-05-28 15:24:11,['W000235'],['W000093'],[147755278],[147655382],147755278,147655382,99896,P2PKH
5085997de53a9b928278b309c99e5e662eb55577c69ec969ccfa098987e69b0c,2026-05-31 18:03:59,['W000220'],['W000246'],[42959114],[42897250],42959114,42897250,61864,P2WPKH
842ea68baa512d5ad35bc1801a2a530897ff82a635b27ef9bde7d35cd7c7acae,2026-05-25 10:25:46,['W000157'],['W000024'],[36355125],[36329481],36355125,36329481,25644,P2SH
1bd13770d7de3e8c431df69ddf45e72c5ca1e458cc3502945221e1f1678a5a65,2026-05-19 05:07:51,['W000131'],['W000025'],[61349417],[61329559],61349417,61329559,19858,P2PKH
3f8943e7f7745aea841a8acf8c6c535d049cb58067f2495d62f05df1e79e3c8d,2026-05-05 21:39:00,['W000267'],['W000071'],[14340117],[14333789],14340117,14333789,6328,P2PKH
d060d0290275d8b7e41a88c5e285380f4f2c6df78c40560da3d27f2e233b59d2,2026-05-05 22:00:43,['W000132'],['W000235'],[49134926],[49069936],49134926,49069936,64990,P2WPKH
716985e0231ec2ab521a64175cb95027020f60c2767706f9cd1a450117c413d5,2026-05-19 02:08:10,['W000176'],['W000207'],[44178455],[44122796],44178455,44122796,55659,P2SH
1b5cbb3280d7b46a11a5bb9a88af5cca837c56c7cc32a3e45ebad849a7e36659,2026-05-04 01:47:30,['W000134'],['W000007'],[177531478],[177324028],177531478,177324028,207450,P2SH
5cf89e1f0ee31756a4b1cf2117141cdc580f101ae475e18fdbbeda555342cc28,2026-05-24 20:48:41,['W000165'],['W000143'],[21581271],[21553636],21581271,21553636,27635,P2PKH
57d8ec67a711b1efc6bd4f30c9dbd80ca4cd707848772f6a435c29e3355c2bcf,2026-05-25 16:15:23,['W000288'],['W000234'],[172140001],[171913951],172140001,171913951,226050,P2WPKH
5769fa3e9a97a05aaf211120d7a1d6f83de7cbf7e9af12f8deced548e25bfbe3,2026-05-27 14:06:20,['W000268'],['W000024'],[230843206],[230574073],230843206,230574073,269133,P2PKH
21d3d3208ab107c252325415e5ee77168c820e53da0fc263229a45ae5c4b300a,2026-05-03 06:10:36,['W000064'],['W000260'],[16281260],[16265567],16281260,16265567,15693,P2WSH
82de65c8c918de85b6276a5d6fb53e097ea21dfff88776de2eccfd5df7e20e36,2026-05-30 05:59:30,['W000263'],['W000282'],[528686154],[528389661],528686154,528389661,296493,P2SH
ca0319787c29f224b983eef052b9ee10f14a973ddb44a1475b5f0913ec4e5365,2026-05-21 12:06:56,['W000007'],['W000014'],[41244236],[41194734],41244236,41194734,49502,P2SH
add20612f31cff7526df6db7d81c10e921b85b3fcbf0bdca43b965bee54b60b6,2026-05-12 12:49:07,['W000262'],['W000148'],[77950330],[77837455],77950330,77837455,112875,P2WPKH
f9fb1ccd8145d52010d0aada916fe7e300c1a7874b8108e36a0d4e7542743ed3,2026-05-15 06:44:30,['W000230'],['W000039'],[29583504],[29573187],29583504,29573187,10317,P2WPKH
d92dedad3b22a69fe9b45329dc8f2ca87fcd00fb5db4c5a84a81ffc401a11cfc,2026-05-04 12:54:44,['W000163'],['W000095'],[61838963],[61780560],61838963,61780560,58403,P2PKH
aace81bfc0cd385a65b5bd4be9d0ad7afe539470d362a0e4c27ca19e2ddcb1ee,2026-05-06 13:39:38,['W000178'],['W000125'],[197512763],[197447654],197512763,197447654,65109,P2TR
cee4e9c18b80524b6c5037a3f3171d2ab44eea32ac5bae63d7cc5285e13eb781,2026-05-31 10:25:47,['W000034'],['W000111'],[153502126],[153303418],153502126,153303418,198708,P2WSH
7b6eb5ebb811f96d77b04733a41cc2860f2d0baa267772a7fe562f05129b6642,2026-05-19 20:05:26,['W000231'],['W000222'],[30993738],[30960584],30993738,30960584,33154,P2TR
abc06b629f3de66bc4739789f02afbed02f75e07a787e00d8cf03f397308ccac,2026-05-02 11:54:24,['W000243'],['W000113'],[21568234],[21554129],21568234,21554129,14105,P2SH
4fb28940c9a8e2d22b7430c3b22b4f6dd1a9899ef23a3264469dd0c3922fe863,2026-05-09 22:22:01,['W000114'],['W000131'],[31670284],[31658716],31670284,31658716,11568,P2TR
f610f367c896c815beacef1877e94a656b2249db508854c19022e84b5da58bd7,2026-05-29 08:36:26,['W000079'],['W000163'],[13241249],[13230347],13241249,13230347,10902,P2WPKH
43d66dd80d74107ecd7ab06b865981a71560b063a0b7f9bfac3d1696b45d0916,2026-05-30 10:46:20,['W000042'],['W000073'],[136732625],[136572250],136732625,136572250,160375,P2PKH
88f765af8f3da1327369a7e0bd0835471e8f5c3f0b318babb33f21d6b586c055,2026-05-25 07:51:02,['W000262'],['W000187'],[61348259],[61257573],61348259,61257573,90686,P2SH
3c06ea7ffdd8ec9268d9937a99898784713c52316a09d1fbe15e3f6e01e0a74d,2026-05-24 16:08:39,['W000119'],['W000191'],[14313610],[14303111],14313610,14303111,10499,P2WSH
8c13a3fcc68cefb56bac9110e19fb93e47a88d084e74bebc853ad2eab2317e53,2026-05-19 06:27:17,['W000115'],['W000182'],[137753641],[137629360],137753641,137629360,124281,P2SH
b0d7c1abbf9e3f85e80e7503138186d116321bfeeaad45d570c34a66cebb9b59,2026-05-21 03:03:35,['W000170'],['W000248'],[102550146],[102416827],102550146,102416827,133319,P2PKH
9944a1e6ae45fc0f581632f00fa0b11a53e3e384ab2cc09db2bae68cbeee6711,2026-05-11 12:20:58,['W000230'],['W000243'],[129250267],[129189358],129250267,129189358,60909,P2TR
d75176a34046efc163bcc297067993c10f4c6e02f29bfbbab700d2cbb507fa42,2026-05-24 02:25:40,['W000020'],['W000274'],[56652355],[56574040],56652355,56574040,78315,P2TR
7343d8097dbe3378fc1e9eca70e857192d8f09134799349d882ffa05e9a12dd5,2026-05-29 14:17:26,['W000051'],['W000132'],[57779656],[57720840],57779656,57720840,58816,P2TR
03221b02304cb808433e29bc7106de4571e108d0b49114acf120981868672870,2026-05-06 04:10:42,['W000080'],['W000131'],[23692488],[23677546],23692488,23677546,14942,P2WSH
01493b127b040030f1f658af604dd14bfc3934cc708f9ea77188ba7fc993a7fa,2026-05-05 20:49:59,['W000110'],['W000175'],[223605937],[223495725],223605937,223495725,110212,P2PKH
4f37cd283a16ed59e015443f2f44c72815552696588fede74370fc4de909569a,2026-05-10 10:53:46,['W000018'],['W000263'],[54421831],[54382012],54421831,54382012,39819,P2PKH
f375b47666032b00087575a044680ca9db5237292b927f83f78e64aee78603a7,2026-05-27 16:19:18,['W000146'],['W000288'],[184973887],[184868165],184973887,184868165,105722,P2SH
e9b164b81b8bfc82373385c8bdab72ede5fe966e65a35541efe8de132de74754,2026-05-17 12:05:20,['W000060'],['W000133'],[94515972],[94432765],94515972,94432765,83207,P2SH
c49197578945a11d3cff396e8a9cf09a3144377a87cd23ee52333bcd54c6ed16,2026-05-16 07:51:10,['W000212'],"['W000266', 'W000276']",[36390572],"[29743195, 6612244]",36390572,36355439,35133,P2SH
3e17f8e910b1a316c9a03d1d8233c9b3eb363e7a69634c78d3e427d5e2d920d1,2026-05-12 09:37:59,['W000124'],['W000106'],[146611077],[146405202],146611077,146405202,205875,P2WSH
ba96f221bbfa0b0c9aa8122ea9a1bbc438190136ae9ade05144a41325b8d1925,2026-05-25 19:30:49,['W000144'],['W000066'],[52131934],[52062470],52131934,52062470,69464,P2SH
a63797c8ce8e9cdc7a32257333e82154365c6448781a4227c4162784df552413,2026-05-25 05:06:33,['W000218'],['W000191'],[37999336],[37943283],37999336,37943283,56053,P2SH
dd34a4b191e7aa2bdedb6856b7b244485c410492568a605c80f37f3660e2126c,2026-05-09 13:45:44,['W000216'],['W000266'],[61349804],[61290015],61349804,61290015,59789,P2TR
5f931088cd98b37dee22d15ad92bf76c6a40960ff239ccafed976a6a026b3980,2026-05-20 23:44:10,['W000063'],['W000103'],[83007082],[82946808],83007082,82946808,60274,P2TR
aea272d794fb2559e0c975d748bd715c749b9be75690c82236fc3ec1c406952e,2026-05-31 15:29:12,['W000300'],['W000037'],[18061265],[18040450],18061265,18040450,20815,P2TR
57ae21023a1b9c9a9697a02e1c5a15c45504ac74091501316c8c09c93f3887b0,2026-05-12 09:21:37,['W000129'],"['W000041', 'W000108']",[27111883],"[12552893, 14549106]",27111883,27101999,9884,P2WSH
b3b527955f654dba66a0318bc5529f8e3bfdc994c335843a76e06b92ee7f1b31,2026-05-07 08:56:56,['W000270'],['W000015'],[17794010],[17778696],17794010,17778696,15314,P2TR
c982a95e0e7b54930b9bd286ac66837a97f73a4e5d9c5bb2b7c7cb99cfb482ab,2026-05-21 00:15:08,['W000134'],['W000006'],[139413472],[139256587],139413472,139256587,156885,P2WSH
d34100650a0975a7703299b060829cb6e099ca64aa62256084b69b65b1b378cf,2026-05-20 03:55:10,['W000128'],['W000201'],[106007494],[105945218],106007494,105945218,62276,P2TR
e329d33ae46044a30c00ba3c1d119ec85921dfc41836bfa06467dc3300714ab9,2026-05-01 22:35:50,['W000078'],['W000275'],[36374522],[36353448],36374522,36353448,21074,P2SH
501aa2acb338f6e5ccd3a6d6afded8f852e3aa9688fe584f46960b1fa0f39d8e,2026-05-17 00:46:03,['W000042'],['W000076'],[13182432],[13165550],13182432,13165550,16882,P2PKH
58b214a117c91e2019fce02efa8519d3dae3569a027cc3da2282bec1df8fc82b,2026-05-23 22:52:54,['W000200'],['W000160'],[264684297],[264524435],264684297,264524435,159862,P2WPKH
64fbc0474cf7c778a7d88e33e16568df23955c92917efd1a728daba06839f90f,2026-05-29 09:13:16,['W000062'],['W000126'],[145656489],[145478067],145656489,145478067,178422,P2SH
39d424ce27e776b4815254c281eee336ce0aa89440ebb27f0e41da317d41b7b9,2026-05-19 08:07:57,['W000184'],['W000129'],[210535049],[210334772],210535049,210334772,200277,P2WSH
d080462fa12ff2d1b2ba161b7dcb2f815d7d7773ba557f22782d1300530b7a3a,2026-05-26 18:49:11,['W000080'],['W000136'],[68165210],[68113756],68165210,68113756,51454,P2SH
22a2a616fb4a189222f5131b85cbc03fa6e9c538d5d60f4f122d440440dd6efa,2026-05-16 15:11:06,['W000057'],['W000035'],[22100698],[22071889],22100698,22071889,28809,P2WSH
c49b707325d3d8eb5940b07133cd13f0b85ab02bb98037f8afff79f0631d3ac9,2026-05-18 21:59:46,['W000030'],['W000138'],[72984218],[72879594],72984218,72879594,104624,P2TR
7211ebcfe48b56aabc68e10f3fe49d65f1fa6aa88857173378451224b3046d36,2026-05-06 02:55:58,['W000184'],['W000220'],[115836037],[115731133],115836037,115731133,104904,P2SH
266a7f608687bf6600311cc940376a25964cdda3fbe475038e62deaa3f550fbe,2026-05-28 08:06:40,['W000280'],['W000283'],[165318838],[165078830],165318838,165078830,240008,P2PKH
b942353f2a62a098b1af51bfc487f358d581cb15d20d66ea45c538a022da7364,2026-05-27 21:03:51,['W000262'],['W000080'],[14419806],[14409129],14419806,14409129,10677,P2TR
790f2c1fe7a83b294a62d02a028abecda1bd24c60c0957ac5e9dd93fc5574416,2026-05-09 09:26:45,['W000250'],['W000049'],[74859557],[74830050],74859557,74830050,29507,P2PKH
83f2adce54098c4d41f421034daf34a44976a6f0da7c8e948ad00bd77756955a,2026-05-15 19:05:54,['W000269'],['W000278'],[69464293],[69439243],69464293,69439243,25050,P2WSH
e988baddd8b218e3fe4c74423cc1d589b40f30a021b9c4aa10ae737c1517685c,2026-05-13 17:54:07,['W000044'],['W000224'],[89451786],[89403686],89451786,89403686,48100,P2WSH
6a038ca781a8d23128534a5b3205a92999351984c0cbba9b8d84b36dae4f12c9,2026-05-15 19:08:22,['W000087'],"['W000228', 'W000075']",[13850030],"[8957514, 4885769]",13850030,13843283,6747,P2PKH
80a0a379fccbb6e80e42d0126f23c3f8a668b0c0bc92af4d4b78121513077457,2026-05-31 05:53:47,['W000073'],['W000194'],[77902655],[77873665],77902655,77873665,28990,P2SH
caa68602bf9c842fbd93eb38601bd9e43283097335041196c46eb381b78f1780,2026-05-29 23:40:45,['W000273'],['W000257'],[89991586],[89928567],89991586,89928567,63019,P2WSH
6602f735849177ddefce606679cfc0978e85266b0f6bbbadf54edae00d1d98ca,2026-05-28 19:28:30,['W000079'],"['W000170', 'W000231']",[57151739],"[25216471, 31863250]",57151739,57079721,72018,P2SH
d1ebc66aae72c8d1b4a69408c1544642b9438e87143aad8de2bbc40e6661faf4,2026-05-08 01:32:46,['W000016'],['W000213'],[185082371],[184819573],185082371,184819573,262798,P2WPKH
7a6fb383afa431b3b410bb750af55b8823b921772cc7d79e87c280bb9621bf66,2026-05-12 05:01:56,['W000014'],['W000246'],[45233791],[45193545],45233791,45193545,40246,P2SH
9b8b90c9d87392bc09e2daa11b3dc52858dfa84ad51792910f63f5b0ba9f5fc3,2026-05-09 14:18:39,['W000225'],['W000252'],[687071493],[686531565],687071493,686531565,539928,P2PKH
86c5e901fb7d62dd7043070d50b26cd5cd05e04fdffb7cdf2527cbaae26f9126,2026-05-10 05:11:30,['W000150'],['W000157'],[101317292],[101212352],101317292,101212352,104940,P2PKH
b1920f9312fe3ece9d2297787e98db3cadf747ffe44de7b1b48dc10697ef7acd,2026-05-13 03:22:01,['W000166'],['W000084'],[79533252],[79448877],79533252,79448877,84375,P2PKH
1667efd17e5d1d9f8935eea4522e64fa79e2f2ee36627dd2a84bd12bb51351df,2026-05-06 16:57:37,['W000068'],"['W000002', 'W000131']",[57100847],"[38506559, 18562298]",57100847,57068857,31990,P2WSH
d57c1a9da43c9f378eca6bfd083f807fbd4a9ce25833f1a68cd3c4df0878e14a,2026-05-09 23:21:15,['W000076'],['W000180'],[317058274],[316944502],317058274,316944502,113772,P2WSH
6902da6e9f7c377921e4f410cd7248812b179c725e50d0687fa8e52286bebf5b,2026-05-19 09:29:46,['W000035'],['W000283'],[12681131],[12672317],12681131,12672317,8814,P2WSH
57b426c0463c71a284775afcf2a768cbc1a6045d3c302c13b8d1f73ecf8e2cc2,2026-05-13 14:31:33,['W000270'],['W000182'],[377329014],[376990441],377329014,376990441,338573,P2SH
f545a319a6f252ece3bd9de5b50e1a13f96c9978ef765b5f988bb3296d98de4a,2026-05-01 07:08:36,['W000059'],['W000300'],[64574348],[64490364],64574348,64490364,83984,P2WSH
a6a4fe94dbfc877beaf6185f5078140472e153e863b839928f6a126000d54462,2026-05-21 02:17:24,['W000029'],['W000155'],[80809991],[80765553],80809991,80765553,44438,P2WPKH
001fb1946e21030526febcd044755fb577f3b952a21c95c67ecf475bbf328aa7,2026-05-15 23:10:25,['W000162'],['W000045'],[55553422],[55522348],55553422,55522348,31074,P2WPKH
4efbb66134325278b592739629d48405c18dd450c610c26a75f1d2d3aa754752,2026-05-10 05:36:45,['W000175'],"['W000270', 'W000159']",[105846667],"[45731057, 59957765]",105846667,105688822,157845,P2SH
59327e1e7963813200d1bbdcbed1faf258aabba3c5ec237d76e47bf85c760d61,2026-05-03 05:45:24,['W000053'],['W000161'],[71521106],[71475907],71521106,71475907,45199,P2WPKH
d8866ae7beeb9c86c13db26f920558db1ec93860d806a50ab5e63ddc14b7b50a,2026-05-14 03:47:54,['W000073'],['W000127'],[26986192],[26963730],26986192,26963730,22462,P2SH
fb8d32afc5e2ddb01475bf0c5a7c5d895836defb5c14dff9402cb19da3f85f17,2026-05-28 13:31:20,['W000068'],['W000241'],[21382440],[21363952],21382440,21363952,18488,P2SH
0484bffbbf564051992b1d87db3389f244d9e43ab902dc0613e922f9a8d9769d,2026-05-02 11:15:36,['W000034'],['W000181'],[42497276],[42453703],42497276,42453703,43573,P2SH
9d468a9ab49c1262543fdf6ebad20847d450efe3e3ac5b997a4be59dec48a56c,2026-05-04 04:57:55,['W000175'],['W000222'],[142207704],[142135505],142207704,142135505,72199,P2PKH
350bf528fd54b44eaed4bb16e5d6ab6b46bd76b20627fbe4650b07cb8a97b691,2026-05-03 23:37:55,['W000047'],['W000001'],[205347430],[205189728],205347430,205189728,157702,P2TR
9e60aa3e4f47ef0163ec4dc17522d86b3e5f5f8039a61075ac161e1dcfb64d3b,2026-05-18 22:10:33,['W000282'],"['W000001', 'W000288']",[143586027],"[16792776, 126675790]",143586027,143468566,117461,P2TR
2d11fe275d4240c8a587aa7bfe7453c14f79056ccc89a281c57a7c992690d3c2,2026-05-07 02:16:31,['W000069'],['W000009'],[29165364],[29140655],29165364,29140655,24709,P2TR
9f05152b28a441b8571510e1b5654ba308d0425dd0af884c7db13aba01e895a1,2026-05-06 11:50:45,['W000247'],"['W000041', 'W000073']",[139995280],"[52503768, 87362669]",139995280,139866437,128843,P2TR
dbc69c7d0c426431894a40e8db48c425dcf73b1219adb608953728ee38d3f65d,2026-05-23 00:59:19,['W000263'],"['W000170', 'W000216']",[38536220],"[13494898, 25017718]",38536220,38512616,23604,P2WSH
3fe4c26fcc98f218940d33d79987bf41e17f791960881a1f2546eb1b586c8348,2026-05-13 05:39:38,['W000068'],['W000142'],[25691677],[25663648],25691677,25663648,28029,P2WPKH
c4e7d63ee3b18ed02ccac8b8c7bf59b4b42a34487bf5305ce28aaaa2868759ca,2026-05-22 08:51:09,['W000086'],['W000178'],[21338868],[21328175],21338868,21328175,10693,P2WSH
c55a15f28ef2fa1230bcc51cbd216d184e2824ba2f605f2c1707b72e3b0c07b2,2026-05-26 19:00:05,['W000182'],"['W000223', 'W000140']",[35119828],"[16098783, 18977926]",35119828,35076709,43119,P2SH
308ff1251e397dd5565cf1c1bbeb6ff441f5c4233382e4978be1502a61ef8735,2026-05-05 17:49:38,['W000269'],['W000229'],[21178345],[21171390],21178345,21171390,6955,P2PKH
a23eb7577aedbe67e7aa55417f1127c02f09f0f1e4679f167ea8254ea3dd900f,2026-05-21 17:28:18,['W000166'],['W000038'],[36700930],[36678547],36700930,36678547,22383,P2WPKH
b2bb4587fdaec93e5e83a852f6560a5e00b0b3ab4a14f06522cd426f383a7517,2026-05-11 14:26:19,['W000055'],"['W000134', 'W000053']",[292592087],"[224985600, 67289482]",292592087,292275082,317005,P2PKH
1c42fbbfa26a5dcd0a1964f2fba4f6a99b29a737f8e93482916868a1cd228c94,2026-05-20 14:35:32,['W000036'],['W000002'],[31623518],[31592506],31623518,31592506,31012,P2WPKH
fb6cf797a4c9944080f6d27c9bbd7c736f7df2b07f9e7590568d1578cc45e027,2026-05-15 01:49:34,['W000104'],['W000021'],[29408543],[29387043],29408543,29387043,21500,P2PKH
0fad9e5c6a26e1ae020f8df196f73f476d78bc84800d05bee1001fbdffb7bce1,2026-05-26 22:05:06,['W000231'],"['W000009', 'W000019']",[39009613],"[30189216, 8798786]",39009613,38988002,21611,P2TR
58d533452786a2605b22409e9c9ecb8f01ae9067b91b38f3587a270c55db9acf,2026-05-29 16:36:51,['W000033'],['W000056'],[11294412],[11280121],11294412,11280121,14291,P2WSH
6afcbab79b6a18df8f5c65e763b4e59fa97357e6c4881c457a7fc12c4ae95f11,2026-05-06 20:40:43,['W000141'],"['W000087', 'W000191']",[72531049],"[16951213, 55549376]",72531049,72500589,30460,P2TR
cb5e23c37cbdc586ec6138f7a1763e97985c8e8b7f535a379db0ffd1643a14a8,2026-05-07 03:50:25,['W000106'],['W000140'],[66060404],[65985756],66060404,65985756,74648,P2TR
e0ab12a81cfcccd44f13499108788eb2e098c3b2d5b87c81693af6e265ab8259,2026-05-31 01:05:42,['W000186'],['W000278'],[59435439],[59397893],59435439,59397893,37546,P2SH
376e92b1c15bab359e7dfc7fdf6290864fe09af619ea8498161328d229bfb4c5,2026-05-17 05:28:53,['W000233'],['W000027'],[134330312],[134173726],134330312,134173726,156586,P2TR
7845e96d137275783789758e47fbc8630e263195aadfebc28978f37d87e87448,2026-05-30 14:02:29,['W000233'],['W000192'],[6268950],[6265549],6268950,6265549,3401,P2SH
33ec9430dc34a9b26aeb94a4d19ce4efb6144c383af6341d5b924f9846c63faf,2026-05-30 07:17:12,['W000081'],['W000089'],[71863939],[71768478],71863939,71768478,95461,P2WSH
31471dc12e03e315d4c524db641d369777471b85aca695825b3638842a9bf627,2026-05-22 01:56:11,['W000114'],"['W000077', 'W000003']",[53833602],"[26263490, 27521390]",53833602,53784880,48722,P2WSH
fdac8785b5cdbc1f3676bdeab0287483b4c131cfd16505f550fa2155e6b5d426,2026-05-15 19:09:37,['W000083'],['W000013'],[239496776],[239308428],239496776,239308428,188348,P2WPKH
e52a419cf034e0533ca1f9055d96ca42ed38552f99559470f3719d1a28c0d7b2,2026-05-03 12:04:29,['W000057'],['W000240'],[72596738],[72526108],72596738,72526108,70630,P2SH
21a3214bc23d6615864d04f6ac86e6cac9eccc96f2a7b44939bfa8420195ecb7,2026-05-17 18:13:05,['W000232'],['W000271'],[165348912],[165120840],165348912,165120840,228072,P2WSH
57e665bbbdb765b1a13c23b47aa948f054c656f6a9e392768abebc766e2a54f1,2026-05-21 09:29:12,['W000228'],['W000097'],[83275138],[83201575],83275138,83201575,73563,P2TR
ea3441788fbf252ae1016e25289ae71ac516808518dd7615331a184cc4be2c22,2026-05-09 20:22:19,['W000090'],['W000079'],[32327036],[32312432],32327036,32312432,14604,P2WPKH
bac052af6d6c514cfa49d01eeb154d782a4ed6b97e7e74e2a104b4a4a38eb4e6,2026-05-28 20:26:27,['W000076'],['W000228'],[41182359],[41163115],41182359,41163115,19244,P2TR
38a4ff8369014311e86eba702ca6ef142f41f73f718357bb3559aa473fe58593,2026-05-14 11:48:31,['W000101'],['W000277'],[396778644],[396471812],396778644,396471812,306832,P2WSH
6e30a796039b3a84aa435a9a4f2f0b8eeb80082913ea9e4e12647913d2bc54e6,2026-05-08 22:49:46,['W000218'],['W000213'],[11523598],[11515948],11523598,11515948,7650,P2TR
70c0ef48776c660e604c6a9f3d7e724fdc6ae24c2f529e33c975bcb862a67339,2026-05-28 03:36:34,['W000238'],['W000002'],[24916961],[24895357],24916961,24895357,21604,P2WPKH
195b1d7fca68fc5620873867a6f1d28f3b79dfb5f5b208f54e221077cecdf118,2026-05-25 21:08:09,['W000009'],['W000085'],[66021962],[65991421],66021962,65991421,30541,P2SH
d255d00ed149c137b348abd51b81c03bfbdc1514f288da721455edbe041f5e49,2026-05-31 11:42:28,['W000094'],['W000086'],[108770865],[108633830],108770865,108633830,137035,P2WPKH
b999260b52b6969a7eb53b7ea8b05597e87287aba1f333a107ca83706308b19c,2026-05-21 06:14:37,['W000236'],"['W000060', 'W000068']",[218978317],"[158085631, 60612296]",218978317,218697927,280390,P2TR
c39f2cc1660533626d76ad754d6eff7e9192dfc34e986e15a484cc095e96ae53,2026-05-24 12:11:52,['W000221'],['W000056'],[82973696],[82942208],82973696,82942208,31488,P2PKH
bceb1189caf76f275afc33b48cf5aa5c26384b07befce249458be0e3a3ed13d3,2026-05-05 19:27:59,['W000008'],['W000100'],[45664915],[45598733],45664915,45598733,66182,P2SH
668813440b5919586eca6bfedd60bcf267a0e21cd86418df0e0f2c1d2714cbc4,2026-05-06 08:31:39,['W000267'],['W000185'],[112689739],[112589169],112689739,112589169,100570,P2WSH
7f377f9e1ecd4d86cf205173d2126419bfe9db8007cce38016dcf0064f5e99c6,2026-05-06 18:53:55,['W000074'],"['W000053', 'W000088', 'W000034']",[39509251],"[20992054, 6374228, 12091381]",39509251,39457663,51588,P2WSH
dea63be912b7345a4d3c1af2b5fcb2dab95bbd3857339a7f05c5be41acac76de,2026-05-02 10:37:49,['W000051'],['W000035'],[52476345],[52417832],52476345,52417832,58513,P2SH
b0fee2017181a7f526715ad1d447381392f596b8bb5a3907d810a35243ee9db1,2026-05-27 07:59:10,['W000176'],['W000278'],[274804132],[274431457],274804132,274431457,372675,P2PKH
296a5decca5ef20278f1d75dac84bc79dd9d5942381396214a240df943e24f75,2026-05-07 12:41:24,['W000160'],['W000251'],[161214262],[161033308],161214262,161033308,180954,P2TR
e9f6761576745b14f9359b3c5625e8b632db47d74fe30858988727dffb660db6,2026-05-16 13:23:22,['W000032'],['W000024'],[22003752],[21996441],22003752,21996441,7311,P2WPKH
a814aa91d5e55c8b9addd7d58bd7bfbc11036e1894349406a7ee13e4536b6b35,2026-05-29 18:20:57,['W000044'],"['W000034', 'W000158']",[25680426],"[1924249, 23728203]",25680426,25652452,27974,P2WSH
b2bd4f4ee7f560363c91dbbc1cd7b1a151ec847d8b84ad1c52774fc2288a72f0,2026-05-24 16:58:44,['W000052'],['W000256'],[55688213],[55651491],55688213,55651491,36722,P2WSH
e120141e92dab84c00c285f17e41ab7695ed53dce6d68a765adf4b11e11e3def,2026-05-29 01:38:38,['W000049'],['W000141'],[56908965],[56835639],56908965,56835639,73326,P2TR
0473af969ea0a0493145dc47d6c2004356d55d6eda92141795c8fa0e429535cf,2026-05-31 23:14:17,['W000273'],['W000223'],[21795033],[21784560],21795033,21784560,10473,P2WPKH
85ace3d8da7bcdfd9a35f27f69c93519f429c05fe16aff54363bc91857128a24,2026-05-20 16:52:05,['W000123'],['W000099'],[33178831],[33143121],33178831,33143121,35710,P2PKH
b885b11045211758315fd97d7773985d4abb9d57b347a1dc52f4bddd9567d195,2026-05-24 14:02:48,['W000011'],['W000044'],[32531475],[32505827],32531475,32505827,25648,P2WPKH
663662dfe07af1a1889f0b36464df745ce4ec04b5703817de2df1227357ad520,2026-05-12 10:53:16,['W000217'],['W000055'],[50090207],[50043114],50090207,50043114,47093,P2PKH
9be13e0f4e0d2292c925d68a9720682dc2c5b6a3f1b8aed96ba82cac1726a795,2026-05-22 11:26:11,['W000199'],['W000203'],[113809524],[113650297],113809524,113650297,159227,P2WPKH
947a069438f436473af17db70fadac208a104a4302dbb487e83c55a969caaddd,2026-05-25 13:55:20,['W000034'],['W000282'],[107185713],[107071063],107185713,107071063,114650,P2SH
672c27696f04d5606a13d094e52b757a54916c5b1625bda1a8113400274feb2e,2026-05-29 20:04:44,['W000211'],['W000164'],[26985675],[26955318],26985675,26955318,30357,P2WPKH
68e7a9aedf20430baa8cb4b6319b5e2d6a0e5b615a883ddece5a8acc10b6a225,2026-05-28 02:44:04,['W000118'],"['W000238', 'W000102']",[3240144],"[1910750, 1326088]",3240144,3236838,3306,P2SH
f9d5a58d8bb56caf4330d21cc451461090f2662e0b46b86e31548fda3c8923f4,2026-05-21 22:30:39,['W000106'],['W000146'],[85090576],[85062111],85090576,85062111,28465,P2WPKH
0215afbb89cd5a60cac85e373b38f27a8b80bd8e21070b68b08d0135f187e64f,2026-05-19 14:48:16,['W000217'],['W000132'],[9785762],[9777297],9785762,9777297,8465,P2WPKH
4353dc587501316c274ab582fd8db0a1f7cad52c228b091d880cf7a5759d2292,2026-05-05 08:26:50,['W000163'],['W000223'],[25447142],[25424264],25447142,25424264,22878,P2WPKH
70ba569e2b33a610cd2cb2139791e27f3c1845839f00b7c259aa573bab84302c,2026-05-08 08:14:10,['W000285'],['W000226'],[13759090],[13754289],13759090,13754289,4801,P2WPKH
95d0a51fe8c4ea36e55f7902db5e00f530bd9e1499fd47b767d9adb90abf2150,2026-05-25 16:43:20,['W000140'],['W000109'],[61578391],[61541728],61578391,61541728,36663,P2WSH
236f2241fe020140ecac729934a832ea9d72c71198552bebbc2694f952a5b14d,2026-05-02 09:38:28,['W000042'],['W000247'],[9920837],[9913939],9920837,9913939,6898,P2PKH
cd1e974c12124deba990c993132a52367abe77affca7e137129c2fdbf2c308ac,2026-05-11 02:35:49,['W000084'],['W000208'],[13136368],[13127721],13136368,13127721,8647,P2WSH
4680602e0ad758a23ad5e220d4f05efeaed2c11183a425e4c6292244c85aea4a,2026-05-31 14:48:09,['W000219'],['W000264'],[32066762],[32029682],32066762,32029682,37080,P2WSH
4716789108c064bdf263762d2cc102861bdab27cac38b195d10f991bce7dc3c9,2026-05-15 08:15:39,['W000299'],['W000040'],[246597931],[246495993],246597931,246495993,101938,P2TR
4065b5835e3aecf7c45a4bdade1a3f96da9303750fa1fa3f72fe1938f1543750,2026-05-10 02:05:39,['W000109'],['W000134'],[55071993],[55012132],55071993,55012132,59861,P2WSH
84aefba53174bc162697899731c5d8f908b02db18f28624a7e8d8b279eed74a2,2026-05-05 04:18:22,['W000155'],['W000076'],[50152442],[50092935],50152442,50092935,59507,P2WSH
1d754f90a82339585e8e9be682852036ee1c00835fd4b151f051f23683f47f40,2026-05-01 09:10:27,['W000053'],['W000223'],[156339129],[156285283],156339129,156285283,53846,P2WSH
f6b20d2442411c7e64b91de8b8a36dae1e7d79bbfa0ec2a956f1dd60af182f17,2026-05-23 18:42:17,['W000177'],['W000261'],[30294573],[30268455],30294573,30268455,26118,P2WPKH
676efa315d01a00733dbd293a6b1b71928ae5d80f28db0e496e14adbd7622b1a,2026-05-12 09:28:02,['W000108'],['W000010'],[42241349],[42186709],42241349,42186709,54640,P2TR
544c6e64b3edde9e65dee19642b84aee993c2b6a15359614e2084bb103a81f2e,2026-05-03 06:22:54,['W000286'],['W000078'],[62401747],[62323197],62401747,62323197,78550,P2PKH
638b5a00cfbafd4392e89b5ae48833fcd2d56bcc8752986ae1b43af8af7c0fb6,2026-05-17 05:50:45,['W000071'],['W000105'],[49949493],[49884470],49949493,49884470,65023,P2WSH
6f0ab8c79829272ebe611bce4261737c39b58d8c27dac49aaaf8f697d90f00be,2026-05-26 17:05:14,['W000216'],['W000071'],[133932495],[133739337],133932495,133739337,193158,P2TR
b145082761d3176b50ef5f8117903657daf44697688bccdf5ae44b5e4945c76e,2026-05-21 08:31:33,['W000206'],['W000156'],[95048107],[94916917],95048107,94916917,131190,P2TR
43b1260d2882caa3425cc7ec97a45e45caa80a0fb7080faf0cf425279ffd0cb0,2026-05-11 09:01:07,['W000048'],['W000161'],[60943657],[60860263],60943657,60860263,83394,P2TR
7ff0fdd2c5ead14cd6b2a674c0fd35d0504af03b4cb3d44069d61d433582150b,2026-05-07 01:20:38,['W000230'],['W000003'],[168351823],[168130711],168351823,168130711,221112,P2SH
1f5c70ada1f7a750c153edce6b93a57b9740b80631de8cda652cb57ce4c498ef,2026-05-21 00:04:35,['W000042'],['W000219'],[199397209],[199175443],199397209,199175443,221766,P2WSH
56dc183b809b5d3dabac5ac18da8e1139239f9538d1d316740ef15af954bc2f9,2026-05-24 12:47:29,['W000235'],['W000264'],[107543199],[107506728],107543199,107506728,36471,P2SH
99d85c0d95604ec90490fff0c3748588d2d6d702d5315d136fbd95c2255c3565,2026-05-19 00:47:27,['W000157'],"['W000156', 'W000151']",[46504618],"[27101970, 19385982]",46504618,46487952,16666,P2WPKH
88e309cffae66781ea705a7b144090e60c8e325d501f9d0846deb56d2154150a,2026-05-07 17:23:24,['W000259'],['W000231'],[82979594],[82875059],82979594,82875059,104535,P2TR
073032cf7f15528552a91d388f19830e735a39b93666f19063135f71858eca74,2026-05-28 05:39:50,['W000064'],['W000279'],[65907881],[65828748],65907881,65828748,79133,P2TR
b1d2c70ef0dc329f416388f78d4fb557f6342cfb78fd60bfbfea243e9ef13d87,2026-05-21 03:26:09,['W000013'],['W000164'],[49828879],[49803876],49828879,49803876,25003,P2SH
efce73b20e08f34a36ddd22065e877f13b965f661779c73f2429a1f3330c3b0f,2026-05-16 12:52:31,['W000073'],"['W000134', 'W000194']",[20980679],"[6795651, 14165929]",20980679,20961580,19099,P2TR
fc3520ea79b681f1693b68585323beea172029910a0b4f0f12097e5bfe38f624,2026-05-01 21:41:49,['W000138'],['W000052'],[22549529],[22527388],22549529,22527388,22141,P2WSH
f7890b7c4bbeac4c809f5d840f231283bb86fd49b3523f74700ac231393cd679,2026-05-03 00:41:28,['W000001'],['W000150'],[70213015],[70168924],70213015,70168924,44091,P2WPKH
0db4c2f237e7ae44d825791a4d08abe96fa5d4e2194a2260b5201f08b840996f,2026-05-11 05:39:29,['W000259'],"['W000163', 'W000176']",[95428711],"[46250618, 49125345]",95428711,95375963,52748,P2TR
fd6ea4ef8572bd9aa28f3fa3a92dba3c1fe9997af6e07b509308e236acc8447a,2026-05-09 14:26:14,['W000005'],['W000191'],[204528621],[204281120],204528621,204281120,247501,P2WPKH
a0f5cbbfb363c763f7347118b6f211f708388d52ffef6b6f788487faa5728577,2026-05-09 06:37:12,['W000283'],['W000298'],[110696831],[110646587],110696831,110646587,50244,P2PKH
288c2423540297b9bbbcf82f713581f28f6f4cf9b1a5ba84de53040bb8719652,2026-05-20 18:02:41,['W000141'],"['W000240', 'W000255', 'W000187']",[61014102],"[3842914, 22742049, 34371854]",61014102,60956817,57285,P2WPKH
2a7247c22adde7504a9c37ec4734b075aea5add0e599482cccf347683b8773a1,2026-05-31 09:20:12,['W000050'],['W000223'],[212236723],[211958989],212236723,211958989,277734,P2SH
71ae78656517ea982dfc00e86d83e2ea5622cf54c8eca24dcdcaad538fa5e024,2026-05-31 08:35:02,['W000229'],['W000044'],[8679134],[8675885],8679134,8675885,3249,P2WSH
3aa8b3e4f66363d637abd2765dbd555621f1d9bc793620753f5008b9b9c16540,2026-05-23 01:02:15,['W000265'],['W000099'],[148849750],[148691250],148849750,148691250,158500,P2WPKH
356aca82477cd60953ab2f2007c3b936a8ae57f3f4683e80760abf933db906fa,2026-05-08 03:44:38,['W000241'],['W000176'],[57074741],[57022887],57074741,57022887,51854,P2TR
e42d306ffbc4038f2186ff1d92a209dc69f7c845c8894d65f7da8f1ddd3de1b4,2026-05-29 01:53:50,['W000290'],"['W000154', 'W000215']",[43932118],"[3442609, 40464763]",43932118,43907372,24746,P2PKH
6f8efa2a80f66681749ba5ab62018ac064d107f6ed886c297c6e02eb1abfab8d,2026-05-20 10:23:52,['W000095'],['W000004'],[39448922],[39430347],39448922,39430347,18575,P2WSH
3b267dc403d7d001d7f4aea5e120f9ba45cc8e3c2e635725b5f07ec2d5c3015b,2026-05-27 22:02:42,['W000126'],['W000012'],[24360696],[24349376],24360696,24349376,11320,P2PKH
941f85acc07a4fb011e6e6d435a8d9615cecdd2767d5f805e5b489fb34e3f201,2026-05-06 18:03:17,['W000074'],['W000099'],[23489055],[23469901],23489055,23469901,19154,P2SH
f5532bd6effc2f09e86fe692d30439e897676469309ac923c30a24d4792aaf34,2026-05-25 17:12:45,['W000192'],['W000239'],[8366966],[8357271],8366966,8357271,9695,P2WSH
2d9fe545513753ff1b0b4da2fecc46d0d4f87662f627a0a205a2021a402a91d2,2026-05-19 07:20:00,['W000300'],['W000192'],[37569523],[37538213],37569523,37538213,31310,P2WPKH
c62e24b239e07004c4a816059b4099d736999d58e27ac09d6bf430802a153372,2026-05-16 09:21:20,['W000140'],['W000092'],[44863641],[44834327],44863641,44834327,29314,P2TR
d16bc3077a496b8d523db57d51eb8004dbcfb68996adf0926dbad9d6ecc39186,2026-05-14 07:46:27,['W000098'],['W000071'],[43527366],[43489654],43527366,43489654,37712,P2TR
bf06e89afc9b593b20de3f8451c78851beb8f284dfefb93d76bf33710e13d092,2026-05-17 12:53:49,['W000044'],['W000098'],[6773274],[6767585],6773274,6767585,5689,P2TR
c70857a42b1c0c33addc4c45539d8df32e8d556814ca4f1d1d110a45f8019618,2026-05-28 13:59:25,['W000201'],['W000202'],[16593359],[16577041],16593359,16577041,16318,P2WSH
a3c84453fe81c80a7c475ae27981aca87c825a52ac25f0efd0f1874ae721be90,2026-05-10 23:52:54,['W000120'],"['W000036', 'W000234', 'W000030']",[19898536],"[10656092, 5656318, 3559372]",19898536,19871782,26754,P2WPKH
d020213aee95a13af67146c027c9cb8d5bfc5f67f0fe9af41401960cd83b3f78,2026-05-28 15:11:59,['W000252'],['W000021'],[108171874],[108094408],108171874,108094408,77466,P2WPKH
3c0bb7d62988acf59d872c623f8442048750306eb6aaeb93dfcf3053d5f04f68,2026-05-09 21:43:41,['W000299'],['W000023'],[19020916],[18999277],19020916,18999277,21639,P2SH
9f2084ea70854be849bbbe3451e2d84deaaec61d36c961eb376a84321f515d92,2026-05-20 09:16:01,['W000100'],['W000006'],[11978770],[11964415],11978770,11964415,14355,P2WSH
eddac7d13222e507f83ad13258974fdfdb8b6c4e2f295f8a51d118fdff956f9a,2026-05-08 10:50:10,['W000226'],['W000111'],[56405569],[56333719],56405569,56333719,71850,P2PKH
77783911702163449b11aa63ae8722c0d13df761381e4af6afeb804c4f4d9768,2026-05-12 13:55:10,['W000103'],['W000217'],[285718234],[285359284],285718234,285359284,358950,P2SH
ef94557c2e56284afdf3e42835f3b12e7881d425e05b6372761126961022e15d,2026-05-20 12:31:35,['W000162'],['W000236'],[13225654],[13215831],13225654,13215831,9823,P2PKH
fdd6ea7a1f1d1ea4c211320833f852d75abfa407d8728d2793382e2d992354d6,2026-05-17 06:25:33,['W000010'],['W000231'],[30394651],[30359833],30394651,30359833,34818,P2PKH
3890876f6f32c078e2c0cd53bf29039d9dceec1039a8f05bbf5e2168fc0447a2,2026-05-19 04:21:05,['W000256'],['W000078'],[29415540],[29385605],29415540,29385605,29935,P2WSH
fbf161ae5353a56cbabd82175a87ac382ec5d28b583885067ba1137e59aebdc5,2026-05-17 01:57:28,['W000176'],['W000278'],[94016682],[93952190],94016682,93952190,64492,P2WSH
7780935fbf95173991ab05c9c2fc16e2917f6a4b351faad706617f3e1c2b5a19,2026-05-21 16:36:19,['W000240'],['W000102'],[31441096],[31409916],31441096,31409916,31180,P2SH
5851cef8f09199c7d8e9fd930f2adc3a63163e3d3da24fe2f8dcd0f69b9bc708,2026-05-24 09:34:17,['W000011'],['W000220'],[312312530],[312122410],312312530,312122410,190120,P2WSH
3d20d4b422abab6d5db4eb66e17e6f247f4ffe3ad715ab1e454c4af9f4b95eb2,2026-05-25 07:21:27,['W000192'],['W000214'],[37993705],[37963670],37993705,37963670,30035,P2PKH
c4464b7a2363a768e2bf991576a25c485632fce6d984cde292c8e2a6818536a3,2026-05-08 04:17:51,['W000134'],['W000076'],[21463579],[21456823],21463579,21456823,6756,P2PKH
2287eaee6d0fac2db38d93d4d60392c6983aaac4d8bebf7fde5c1e531a21c388,2026-05-07 22:16:23,['W000138'],['W000205'],[16869639],[16853952],16869639,16853952,15687,P2WPKH
db83100b32b527187265f0a74f8b29da9e957d656e4c4e9c8be5c958f14e56c0,2026-05-10 00:17:02,['W000103'],['W000094'],[120089189],[119994253],120089189,119994253,94936,P2TR
883611e1c3b50252db4bc73f6f76e495be862ea86ba4f22c4781dc762f1dc3e1,2026-05-01 08:25:10,['W000022'],['W000269'],[126501966],[126423661],126501966,126423661,78305,P2WSH
e8296332e1ebb129e6bb89cc2509b8076c88da6fbdf6b35dd14949c3cb226fcd,2026-05-20 08:15:09,['W000194'],['W000183'],[22134655],[22112027],22134655,22112027,22628,P2TR
85bb73ef2c6c71bbe1a06dcf088b692aa5f6aeac864b329af5e2b2daee290bb8,2026-05-31 18:24:14,['W000185'],['W000167'],[83865202],[83760140],83865202,83760140,105062,P2WPKH
e4021291772f4395f2057d6a091d7fc470a03362eef77fe06a1ae0ae5631a00f,2026-05-22 15:57:42,['W000060'],['W000278'],[33879659],[33865208],33879659,33865208,14451,P2PKH
3fb3bbe1bcce75f171a35d4c68579d82033d80db797858b2efa7c3f5982d595a,2026-05-05 09:22:20,['W000171'],['W000034'],[87872286],[87776971],87872286,87776971,95315,P2TR
b2fb88c13fce25c23cff64a356677bf541c9ebcb88e52b12358ddc39ada72fdc,2026-05-19 10:57:33,['W000001'],['W000276'],[23296893],[23267609],23296893,23267609,29284,P2SH
b3bb2c99e6bfdc8e211275918c879d9c5631a7dc62ca0336fe03da1ef79b595d,2026-05-23 03:01:38,['W000076'],['W000075'],[31609412],[31562118],31609412,31562118,47294,P2TR
57879526f9d64fcdee396bf4016e7a59f5a08c5aa58ef65dff35e732aeb4d056,2026-05-09 16:34:25,['W000250'],['W000154'],[66384146],[66303871],66384146,66303871,80275,P2WSH
24fe032f302ad55d1b4d7db3b54e4bcfea193369f0ab5c1528f0fc141a1a18f4,2026-05-10 11:57:16,['W000005'],['W000054'],[27970247],[27949922],27970247,27949922,20325,P2WSH
fe3c33e12984b3a7f4931ba139ea41b7d04082ea4f62b1f2f5198738925d9f65,2026-05-14 08:38:59,['W000228'],['W000060'],[14406701],[14398491],14406701,14398491,8210,P2TR
d174eb6f041f19a7e944af120110da3dd3f77235a03021e24f42e6185f5195ff,2026-05-04 02:29:08,['W000266'],['W000277'],[298196190],[297761177],298196190,297761177,435013,P2PKH
c12c39481f2a491b2ab78b625ec05a895cdf4ac16535f15ec0536dd039ec7ee8,2026-05-21 12:53:25,['W000001'],['W000025'],[294565106],[294319467],294565106,294319467,245639,P2TR
e7201ee51591a1067e333bb22b08383e6cadb7a67668be80c46bf8d80c429a14,2026-05-10 03:07:18,['W000073'],['W000069'],[68536841],[68456316],68536841,68456316,80525,P2WSH
3510856ca781145114e31d20c60c20a7055f3ff59e7391355f9e63bb02c1ad6d,2026-05-04 10:12:21,['W000138'],"['W000099', 'W000192']",[77218057],"[21672364, 55446400]",77218057,77118764,99293,P2WPKH
784fc9989b3a6601cb529d385bbb933346740619b2f532dc4c9359c1b9074f2a,2026-05-14 06:49:17,['W000006'],['W000195'],[15595277],[15575228],15595277,15575228,20049,P2WSH
a3b3c61f3620f887db39aeb0d8ab84bca5916075f96316c53843e2560e470cb3,2026-05-24 03:35:03,['W000066'],['W000264'],[151943337],[151888116],151943337,151888116,55221,P2WPKH
d8b59e3ff26ecb7c83fc3dafeac14622fcd7d47d4f62daef9dc4591e9054ef26,2026-05-15 19:34:08,['W000045'],['W000162'],[260155078],[259782058],260155078,259782058,373020,P2SH
db03fccc6706a225f3d05a685c9b5bfb0035afac7a012898acd7fb4a80fff3f0,2026-05-01 16:11:41,['W000098'],"['W000004', 'W000219']",[214165396],"[112870573, 100986202]",214165396,213856775,308621,P2TR
d6d3a17681de723d19e4846c9d8322fa3acfdba7d65ba72c2642ba425bc47bee,2026-05-19 09:40:38,['W000088'],['W000175'],[146832603],[146737445],146832603,146737445,95158,P2WSH
d30076a5dd7c7f08c97983bce5f710f0e97704d8ae513dfefa5e6aaeee005546,2026-05-30 23:43:45,['W000250'],['W000004'],[73544691],[73491764],73544691,73491764,52927,P2SH
d987c7c979fb6c385cf6ca4c1340317f95177192b283a65ab1c7a738da696f68,2026-05-24 15:52:34,['W000004'],['W000130'],[24866832],[24832749],24866832,24832749,34083,P2TR
f60b961ee7d17e899f53137ac73bfc82bd0f1ad492a9cce354eecbf2cf589203,2026-05-21 10:36:41,['W000251'],['W000066'],[17067200],[17047212],17067200,17047212,19988,P2WSH
1134bc67721d8c7f7c144b197ed030408bbbf45d6c06ab45317aa3d66a465242,2026-05-22 02:01:45,['W000246'],['W000250'],[16527340],[16512243],16527340,16512243,15097,P2SH
9d7946b92242b3256aff931e0fb0b7697f6cfe1071d16026ab49852f3974b823,2026-05-10 03:48:55,['W000077'],['W000068'],[41821275],[41787335],41821275,41787335,33940,P2TR
5dd0f88c9a19be9418069d798cdbf6f213584cf2da55a12f73e6bae50d4a222f,2026-05-21 16:24:51,['W000246'],['W000219'],[76612571],[76502893],76612571,76502893,109678,P2WSH
46597ed31496e8f9069f390cbaad879cd84fdc0cd2939efcf99ce6e6a5036845,2026-05-09 23:21:15,['W000130'],"['W000188', 'W000173']",[34938026],"[9857370, 25055058]",34938026,34912428,25598,P2WPKH
e9593827bc0ee81144020db6af1c0663eea2917968e9f23a8f063a234c0d9ca0,2026-05-15 15:14:43,['W000243'],"['W000104', 'W000275']",[78461616],"[53714163, 24639969]",78461616,78354132,107484,P2TR
a223521b0541787ebe7eb4a2d835d9ee00a0fad32379831754cad72d37b7e05d,2026-05-20 07:06:49,['W000254'],['W000039'],[5514466],[5510160],5514466,5510160,4306,P2WPKH
2c724427810eecb0d9f0a84321abc90dd87d7be82cf3485aff52c890c29946e8,2026-05-15 17:29:54,['W000113'],['W000139'],[56865488],[56828514],56865488,56828514,36974,P2SH
a4d76ac8cb49aa2fcc38cef5448db2e3608668ba217c88133de8f5c13d13462e,2026-05-05 00:59:19,['W000282'],['W000069'],[36290839],[36252693],36290839,36252693,38146,P2PKH
ac369a88ebc76ec1a0d206127426c7d02def6ab318a5066bbaa9e3a13e2df7c7,2026-05-31 09:36:37,['W000283'],['W000227'],[29844805],[29805116],29844805,29805116,39689,P2WSH
bac6e31c0e3924839494a1485a6dff30780c5e25bc1fc7d944bb947e848ce6b4,2026-05-16 01:21:46,['W000084'],"['W000203', 'W000098']",[71217279],"[14859750, 56303348]",71217279,71163098,54181,P2PKH
c32ee1757d6550ba8060efb33d04ad270d4393360bba0387c90e5b52badfa40e,2026-05-27 07:54:25,['W000174'],['W000044'],[21426508],[21399113],21426508,21399113,27395,P2WPKH
646c52cd77523c329e7f656e2cd54a376c692e7c298b17c2c9e0c804780fb893,2026-05-05 23:29:53,['W000262'],"['W000213', 'W000073']",[25525583],"[14260162, 11229532]",25525583,25489694,35889,P2WSH
04193a7340c2d4fee7bc2deb0dd55a7a921c9c971b9e43ec9e961c1af285b429,2026-05-03 02:30:09,['W000078'],['W000273'],[39335826],[39294535],39335826,39294535,41291,P2WPKH
9c21acf6096bf9a673c0351443b57cda2a3a5256179c17f2e9220451cc166964,2026-05-09 19:53:47,['W000198'],"['W000219', 'W000248']",[105731345],"[74653841, 30944011]",105731345,105597852,133493,P2SH
956168c2895871da628559d92de05c5d349d6997e7ae3360f3e61674e2fa92fb,2026-05-29 04:52:19,['W000216'],['W000113'],[79695245],[79636679],79695245,79636679,58566,P2WSH
64eb9c7931d058f5b32ab41e8fc7678c41425edbdacc60619942ded136856125,2026-05-11 05:31:36,['W000115'],['W000071'],[6031252],[6024405],6031252,6024405,6847,P2WSH
8202c2c87fdf13c7704bc028953686f00e56f3dff1ebf272fd65315920a2e11f,2026-05-18 17:32:25,['W000073'],['W000007'],[98892875],[98807460],98892875,98807460,85415,P2SH
34d69ddaa53c129135d267f5d47859d481d5129fed7fe0c6728a94053300921d,2026-05-21 13:33:14,['W000233'],['W000133'],[249954360],[249599990],249954360,249599990,354370,P2WPKH
fc64b719ccb73aa891e40bfd4d16c7cfa89ae8619a62d420d9b4f70b581de3aa,2026-05-19 00:48:12,['W000218'],['W000056'],[20632378],[20625494],20632378,20625494,6884,P2WPKH
6c7de5986347de99935b3b980a7025593b0a50d2be42a58e3014e073d57b8929,2026-05-12 16:00:38,['W000138'],['W000300'],[77390171],[77362492],77390171,77362492,27679,P2PKH
e257876f7421ea17921620002a4cb95abfd539563acffb6a35dc78577389f032,2026-05-17 02:00:49,['W000209'],"['W000259', 'W000052']",[51634484],"[22943952, 28638711]",51634484,51582663,51821,P2PKH
81857c9bdef9f29765cc0eb9925a60279f432cacf75dd385d3fcc4c85c54a1af,2026-05-12 14:35:02,['W000107'],"['W000039', 'W000079']",[118049306],"[59538550, 58348538]",118049306,117887088,162218,P2WSH
b605986f4883596310218e31c8bdeb45e6e19c365b5170867c75f2527ffa03fb,2026-05-09 16:46:01,['W000236'],['W000244'],[16652814],[16636453],16652814,16636453,16361,P2PKH
9b4f811b41890a7750e91477cd3bb0aebb6b2b5a813dbde6f41bc1bf0aab854b,2026-05-21 01:24:22,['W000260'],['W000022'],[106184269],[106063252],106184269,106063252,121017,P2TR
313e07fab2ef8a30fd6d0eb61294d3982185d6055a23b674daa5eef5df336ef7,2026-05-23 10:35:36,['W000048'],['W000241'],[648203743],[647869058],648203743,647869058,334685,P2PKH
01f673c9964c4be6ce040553732d1a42227f6db1a1ea97b59cc52fcda92cff2e,2026-05-23 01:37:21,['W000020'],['W000242'],[26454884],[26422370],26454884,26422370,32514,P2PKH
9e294533494baa71e559f6cc6817b15edb3886eca23086ffe7884098fd3d6ebe,2026-05-04 08:41:33,['W000141'],"['W000233', 'W000216']",[60975345],"[57246071, 3704218]",60975345,60950289,25056,P2WSH
b2276a056eae68bf4ed1fb661c7f9a84d9471c89cc7355f47c8c459e3c4f82e8,2026-05-28 16:28:02,['W000200'],['W000289'],[171689425],[171510900],171689425,171510900,178525,P2WPKH
def659c58e2cb80cf786772a17addf9259e88475fd0470e5b1e7c14ab0612fc3,2026-05-07 02:28:16,['W000231'],['W000050'],[10233663],[10225957],10233663,10225957,7706,P2WPKH
6e0ac3d42929fa9936bdf3fd07bbefe8763ec11e267f1d6eb813ade6178ba8e8,2026-05-06 12:05:50,['W000091'],['W000193'],[14512597],[14503280],14512597,14503280,9317,P2WSH
5a78e34ebc1a6ebf3584cccfc20d37f6e2d98f7571cb2647c5151ff40be14903,2026-05-31 18:06:37,['W000228'],['W000149'],[128630394],[128532983],128630394,128532983,97411,P2SH
6e72337071f79b6276159f5beb41316202e87fa6baed169caea289f41c00a0b8,2026-05-13 23:47:14,['W000136'],"['W000124', 'W000003']",[163747844],"[47523509, 116010002]",163747844,163533511,214333,P2TR
16f0eec31aa14f19a8bbd4d3ccc51c4aba341512237110d4d150e39556085704,2026-05-31 21:18:44,['W000200'],"['W000089', 'W000208']",[234445487],"[28799489, 205350267]",234445487,234149756,295731,P2TR
07ba6c7fd5e5700f206e5e1fb1a0d96a9b80b8acecf63151943671f3718832f4,2026-05-26 23:48:22,['W000126'],['W000195'],[209893481],[209672479],209893481,209672479,221002,P2TR
06a06408452c869c47aee37bd0e05cad8a3fe251dfcb185b74b2a8e55eccc2ab,2026-05-21 02:02:52,['W000038'],['W000041'],[25971840],[25935741],25971840,25935741,36099,P2SH
58987c6a0b775a58999e2776f93f786b4cbe8fb6d5b41118c19f4309fb2ad5a7,2026-05-08 16:32:08,['W000268'],"['W000099', 'W000016']",[67772109],"[25211982, 42530461]",67772109,67742443,29666,P2SH
1e7a8b758360a00d242174a947bc2968334d72d80bfff1b952b1d0f69044093a,2026-05-23 16:08:43,['W000254'],"['W000099', 'W000129']",[10180578],"[4244452, 5931815]",10180578,10176267,4311,P2TR
b0a231d8da5803637580c20d72052e4bc2c7077599c328390a978c54e7171e92,2026-05-30 11:33:02,['W000197'],['W000299'],[5096818],[5094267],5096818,5094267,2551,P2PKH
98bb46ebbc9ea8d4901f63a059f97a03537cf2bed4ccb208fa82d63f03a52e7d,2026-05-01 12:42:02,['W000169'],"['W000165', 'W000120', 'W000289']",[18773106],"[4629163, 2190872, 11941176]",18773106,18761211,11895,P2TR
dfe769d72e52df57c9f921a8c48ae93d64c7383539a64508a53ca4eddefa044c,2026-05-07 00:34:42,['W000232'],['W000168'],[62292951],[62226149],62292951,62226149,66802,P2TR
77384448985ba3c0891c568efa08a40303c7e5e9abe0ec976f624a43a325137a,2026-05-20 10:26:05,['W000041'],['W000025'],[30620469],[30587727],30620469,30587727,32742,P2PKH
5b68f482990e8eb8ac560c7e89caeeab57988ceb444cb319ca1a90a5d96d6c5e,2026-05-10 06:43:01,['W000189'],['W000277'],[140583415],[140533142],140583415,140533142,50273,P2WPKH
b146094d85efa0e997548013207d68d5eda93776e0cfb3cfa8347133e7c54b7d,2026-05-29 01:17:04,['W000245'],['W000144'],[17099853],[17079001],17099853,17079001,20852,P2PKH
23e3146973bbdec5d42695b95d67662227f4a1f5902dc2d1c7c9f4fa987f5881,2026-05-16 03:18:10,['W000233'],['W000260'],[179028046],[178864029],179028046,178864029,164017,P2WSH
11a2abdc724217d1dd43328b24ec9fc65a2917d5360980208693be6ffbcbbe7b,2026-05-06 04:51:57,['W000057'],['W000237'],[89170466],[89134720],89170466,89134720,35746,P2WSH
2bb9383627e6d9c739e2ba656f33172b5a05b6346362346e848a7b4260bce265,2026-05-26 04:14:03,['W000222'],['W000026'],[17322926],[17312004],17322926,17312004,10922,P2TR
08b6a7cc1aed8beb37ae64b421d1864482ce1d86a4ed7fede98abf524bf69ac1,2026-05-29 22:45:19,['W000148'],['W000049'],[135558291],[135489932],135558291,135489932,68359,P2PKH
b3e979939cff2f3ca5d70256e5df6d34a2d22cb09e65074838a8a5aac31d45f8,2026-05-04 17:41:05,['W000088'],['W000182'],[50449711],[50400234],50449711,50400234,49477,P2WPKH
34c3923ccaa625fa6a534bd58873999c6d965d453eec187902eac843bc6b2be8,2026-05-27 11:48:14,['W000132'],['W000130'],[25580017],[25546038],25580017,25546038,33979,P2TR
977a8831c857d8e5f9fea1be92442dedf3a62dd51f2343e05f3f86dde5b2103b,2026-05-05 08:00:42,['W000100'],"['W000195', 'W000056']",[7046885],"[1978302, 5063520]",7046885,7041822,5063,P2WPKH
68ab74066d37cc15d1e595a12be7349b0b519d3b58a1956c520531c461bfb980,2026-05-28 12:12:34,['W000178'],['W000005'],[55768418],[55716675],55768418,55716675,51743,P2WPKH
d62262bf0833b6a3e52803a8a168a4742175720fcf9f481970f56eb1a4c76cf0,2026-05-01 05:55:50,['W000221'],['W000001'],[62147169],[62075338],62147169,62075338,71831,P2SH
ab81e1752c666dc9ecbd876d7b905f73638be82ac03c064e014450a57ca1e8d5,2026-05-05 18:20:23,['W000134'],"['W000161', 'W000089']",[76498362],"[31416914, 45035548]",76498362,76452462,45900,P2WSH
7ef019c48fab844dc1fd6eb5935d517b068e69dcb9a1c01e1fed7255850a0324,2026-05-22 05:01:01,['W000050'],['W000228'],[114894888],[114795843],114894888,114795843,99045,P2WSH
34842faf36d477de2e4e863f8d721f5e02d158357423df16528c385d7dbb2218,2026-05-29 04:07:28,['W000263'],['W000280'],[8014438],[8003620],8014438,8003620,10818,P2WSH
a212c7b6fa055ef8f56bdb9fb4ccb75eb7ed9980996a655c4a929893ec6e70ff,2026-05-06 21:29:27,['W000262'],['W000028'],[117002250],[116947999],117002250,116947999,54251,P2SH
25e907485f6ac2351a6cba93d36535df8f04ed3ec0b665e345f0c96100a61474,2026-05-06 00:42:39,['W000243'],['W000260'],[46919900],[46878589],46919900,46878589,41311,P2SH
3628fa5804fd5b0022fd747ea0a8c9b95e0a57e0741d076d1ed9f6c54afff22e,2026-05-15 01:13:57,['W000052'],['W000142'],[27931731],[27896085],27931731,27896085,35646,P2SH
9d356af826ae6c59e69846945f0e1bec8b31427e66fc02c21d4fa3dd329b76a6,2026-05-07 18:18:01,['W000240'],"['W000235', 'W000142']",[53448887],"[30633075, 22774724]",53448887,53407799,41088,P2PKH
173bee8beb11cee478eeb593323e98d601760c7eeb4cd70bb43c5c5478d2719d,2026-05-28 23:08:02,['W000260'],['W000271'],[14676575],[14666042],14676575,14666042,10533,P2TR
5322e4171508cab8289aa0e0641e2fb60488b1a957da07a3bcfb1663ef14871f,2026-05-22 19:43:00,['W000194'],['W000286'],[27987826],[27971857],27987826,27971857,15969,P2SH
c276fbfcf75e4fa3e3dbaaca9d42dacf9abb8e4688b8a6c9779037c886aeda43,2026-05-25 07:31:58,['W000181'],['W000288'],[46094983],[46076833],46094983,46076833,18150,P2TR
1463da11f53ecf65b91d78e04d31460e659c892d5e372a2b38373921a2a530cd,2026-05-19 22:52:47,['W000184'],['W000081'],[148796451],[148696060],148796451,148696060,100391,P2TR
945d9b79086ee579052e3adcf26df9e8fd807987e3e38bd80bf9aeea4a348037,2026-05-07 18:16:58,['W000105'],['W000170'],[120074685],[119908359],120074685,119908359,166326,P2PKH
bda06bfcf2f4d685ff3eb82a01ce56d4a8f56ef168441f98bc735d8f24077f22,2026-05-15 17:30:28,['W000117'],['W000029'],[14558460],[14541201],14558460,14541201,17259,P2TR
e14ab02d62ac4817f1ac8142c63b8403477a9e12d3ad01a5c097d1624af27772,2026-05-30 21:17:16,['W000189'],['W000176'],[47467963],[47453151],47467963,47453151,14812,P2WSH
89dec6dad78aebddc398bdb66ba3c1aad29d3fa717b5d420dc2216c04c4b1c1e,2026-05-27 09:23:37,['W000106'],['W000184'],[47782864],[47751747],47782864,47751747,31117,P2SH
ef6556152e68e13402ca2ad9afae187d82aebbd351f028085f4ced76a4eada13,2026-05-07 21:23:48,['W000019'],"['W000227', 'W000234']",[126913897],"[33763083, 92965759]",126913897,126728842,185055,P2PKH
1c9b608030d31b92c4dc2469a103da7316fbbe5103954ea8f7fff31a22f9e9b1,2026-05-26 20:23:53,['W000027'],['W000180'],[116665242],[116516810],116665242,116516810,148432,P2TR
d47768fd8b62b6f8916511968bfd376fec381cd41ab363d75675921d70bde3d8,2026-05-27 08:24:47,['W000152'],['W000204'],[18051076],[18028713],18051076,18028713,22363,P2TR
207244e1a6d54c02fad43a472e10eabde52d6079dca94bf64101603daf3f4886,2026-05-03 20:15:22,['W000041'],"['W000284', 'W000162', 'W000033']",[52229675],"[15365867, 29301797, 7532089]",52229675,52199753,29922,P2SH
ac6ae378766540f51eaaaf7025c97ca24a19efe37422f1caf2e94ae011f4a6ea,2026-05-03 22:51:07,['W000133'],"['W000009', 'W000182']",[57332655],"[33502247, 23778332]",57332655,57280579,52076,P2PKH
b42d5057359c4d6871c9d15cd99f929a49a282e5c218293887d223ce44f4fb47,2026-05-07 22:41:58,['W000013'],['W000186'],[36151247],[36099516],36151247,36099516,51731,P2WPKH
6eade0ac0a9c595ced1531fe4ed01b79d347d999e48758e2bc3dfc831fba0fa3,2026-05-11 10:20:24,['W000194'],['W000017'],[81902729],[81784281],81902729,81784281,118448,P2SH
c8f36d4ac5b63341fe8f22b73f3bdef8eb31ffaeea83ad1a86aa4e7190bde601,2026-05-16 06:47:15,['W000060'],['W000229'],[39243613],[39201074],39243613,39201074,42539,P2TR
4903d53dc843064740c8a7bd5db7fe4fc02543f4ad0b1791df671681976e117f,2026-05-14 22:14:43,['W000175'],['W000042'],[38073145],[38032820],38073145,38032820,40325,P2SH
5460ce50946392d4630b3bedc170e0488eb0cce05367c3905cf5e5296bff5eff,2026-05-02 15:42:03,['W000221'],['W000086'],[161975885],[161880365],161975885,161880365,95520,P2WPKH
422d004d92db0b2de94eb1398b4d2643043e7b48f145707c7e30b6de9709c883,2026-05-22 03:36:56,['W000149'],['W000069'],[245317867],[244968548],245317867,244968548,349319,P2PKH
ada06d7b5a5c67e33ae4e218cdc0d09d04073ecfaf5ef6a5364b7197a3742287,2026-05-14 20:20:55,['W000166'],['W000092'],[107969692],[107896571],107969692,107896571,73121,P2WPKH
ce092e185a3d4c47772fdb571ef750449ea4e67abccc4a4287cd675278297f8c,2026-05-12 05:55:13,['W000143'],['W000106'],[63020303],[62933143],63020303,62933143,87160,P2TR
a3a11d94a65888c67af77e2a443cbac5fe5e3ac1a879fb237e6b5e93d8103d16,2026-05-06 07:42:38,['W000062'],['W000223'],[51485298],[51424651],51485298,51424651,60647,P2PKH
d6940eb500875b2f3acdbecc8d1b69a3410ee14a6efe29d6b41c3ad14d792f50,2026-05-16 06:46:48,['W000020'],['W000268'],[8115302],[8106771],8115302,8106771,8531,P2PKH
cb3c54d49fe37e6dfb4275d370e3d2a99b3025cc11e0e5c8626aa5dc2e9c9f23,2026-05-07 09:32:55,['W000102'],['W000046'],[9892295],[9888867],9892295,9888867,3428,P2WPKH
a03dc3bf237187452c862fdd8419a4eef2402f1a425d5a09dc3eba41010f1cdb,2026-05-24 13:08:08,['W000251'],['W000201'],[78056908],[78022966],78056908,78022966,33942,P2WPKH
ba38908cc2bc879b05403135763a99094537c511f6e0075fbf224a8a9c529236,2026-05-24 17:55:46,['W000211'],['W000015'],[29534173],[29510818],29534173,29510818,23355,P2TR
cc8ff86b9a756b58da8736213502ffc67668ad2c4b997f8b9b94e8ac80a56148,2026-05-24 13:39:17,['W000113'],['W000024'],[32881554],[32850540],32881554,32850540,31014,P2PKH
fbf7dbe57c7ba5155b17ea62026d9c85d8b70054ebda8e72997bbeac3226c7f5,2026-05-12 03:11:38,['W000149'],['W000193'],[41021153],[41007071],41021153,41007071,14082,P2PKH
4e1cbe57c66279fa9f87ef069805e3b8e39b75d626d525318ca1c1d20a9e4aa4,2026-05-19 08:14:06,['W000206'],"['W000139', 'W000044', 'W000040']",[109445220],"[75042388, 21035715, 13237639]",109445220,109315742,129478,P2WSH
7ecf49baab63c3ad91055a5ff79a04e7a16c8f37f7c22579f65a341ea1d52a52,2026-05-13 19:53:48,['W000242'],['W000220'],[75174812],[75106560],75174812,75106560,68252,P2WSH
f608effa08e1e42d8d00b009cf992e791cd7c5f20ca57d9c2f9e8ece6dca330f,2026-05-22 16:53:31,['W000190'],['W000056'],[86917590],[86881566],86917590,86881566,36024,P2SH
7fdeef5b92a00b7e0a16a8f1e889587b457202e51e43edff9e53e1b286c0e52e,2026-05-24 22:52:24,['W000130'],['W000174'],[136753800],[136599477],136753800,136599477,154323,P2TR
88189640ad4a7402be03c139022e53cd79de148b8173e1a300a66c0fd83f080b,2026-05-09 01:38:00,['W000102'],['W000059'],[13309416],[13297643],13309416,13297643,11773,P2TR
0f629db1432a317125ab4ef39d7ef3ec1a7d0715db4ab64911eded21976ac740,2026-05-07 20:52:47,['W000149'],['W000105'],[32130972],[32085236],32130972,32085236,45736,P2SH
c7c4553e7de6afc92b82aa568b28fba8e7ac9820295e7d840b7fa95f73a45a0e,2026-05-27 02:30:09,['W000235'],['W000032'],[87040349],[86955834],87040349,86955834,84515,P2SH
45ce1011b1031867495e16add4dc8f24673f9548241644d1a8787fb52d1507ef,2026-05-04 18:15:58,['W000079'],['W000145'],[14686536],[14671780],14686536,14671780,14756,P2WSH
cede5d9f6547162f8bfeb412ec8d74e75a2a6ea953a27c33fada7719b621af56,2026-05-21 15:38:00,['W000242'],['W000258'],[99366167],[99252145],99366167,99252145,114022,P2WPKH
538c0dcf86146bee4136d4e7d2c8cbc4a7e2b2e94de3e602a3203cf0d916f9b9,2026-05-24 19:00:01,['W000129'],['W000287'],[377897635],[377396374],377897635,377396374,501261,P2WPKH
13bd535cac84f07d520f3cc24825ca373d7d32298bbf90bb92d8e49496834220,2026-05-13 07:39:07,['W000258'],"['W000140', 'W000018']",[111857615],"[55545027, 56245066]",111857615,111790093,67522,P2PKH
52bce71d5d1aed30a564e4606fd2db91a117a748fed7dc98e75690fc0eb06717,2026-05-21 08:50:14,['W000062'],['W000032'],[5716269],[5710061],5716269,5710061,6208,P2PKH
9ee92016688f1aee5f42d524313943d74fa3599cefc1fa30507c5be0d1e5a18d,2026-05-22 12:35:49,['W000023'],['W000103'],[100544775],[100477069],100544775,100477069,67706,P2TR
789c7818fba30db13732bac0cbe89b6271b8e440dd762cbed73c463fbe5b1d99,2026-05-05 04:41:01,['W000096'],['W000011'],[463240429],[462845555],463240429,462845555,394874,P2SH
3401ce68f985c0f3d300f5e3090b262549891bfa21e03a57d62e42c76f82195a,2026-05-13 20:13:02,['W000048'],['W000188'],[27101334],[27070860],27101334,27070860,30474,P2SH
12368333568467ebff90ae3e602a0d85180ec074af54bc606179d14a5516636f,2026-05-24 01:39:34,['W000072'],['W000167'],[40473033],[40445235],40473033,40445235,27798,P2PKH
e0783e4ffa74741fb23f173fe9bead2eee486a192111da33952b2fbfb40325cb,2026-05-08 21:36:44,['W000240'],['W000012'],[43860097],[43808468],43860097,43808468,51629,P2WSH
828d7f0f179f8ec23aba1c455ba1734199bb8c340a3583c0b453e72c862a237f,2026-05-21 10:29:03,['W000219'],['W000206'],[63545292],[63458622],63545292,63458622,86670,P2TR
2982d23871705a1256557481fa1a27d692d2547edb76e3bec71e8b59862891b0,2026-05-01 00:58:56,['W000076'],['W000090'],[36813953],[36783624],36813953,36783624,30329,P2SH
181855c204a3310e29aa03958dffb82ec21f5da668e6cf42423c4884e6b27f84,2026-05-19 06:24:41,['W000238'],['W000050'],[46511999],[46454887],46511999,46454887,57112,P2WPKH
66fa010b45946eadecd5a1a1ff8db5b4292bdd8a3dfb608534e7f25aa179f828,2026-05-30 15:21:41,['W000204'],"['W000118', 'W000071']",[54118366],"[11611138, 42466051]",54118366,54077189,41177,P2SH
9696bce581d96a9aefaee7b8e13ff8fbb4852ae5c78254e45dc8b3972f6c7cb6,2026-05-05 00:16:59,['W000178'],['W000052'],[94292250],[94227865],94292250,94227865,64385,P2TR
1961b27047abd2125998713c0efcf6993b3a949f4ca60dbb33ea9eb7b9cea60d,2026-05-25 08:56:38,['W000191'],['W000172'],[24697598],[24664396],24697598,24664396,33202,P2PKH
2e73e3e437c6bd1bc8dee9308d6876aba1c948954b1915c9584a4a40a4e7f665,2026-05-21 15:58:45,['W000173'],['W000013'],[59899550],[59849467],59899550,59849467,50083,P2WPKH
eed9c3c535aed38b4b1b981093e58c2e5ef5668f0ac8d9805d10350079f576dc,2026-05-30 23:08:16,['W000125'],"['W000270', 'W000300']",[50887009],"[9862000, 40950093]",50887009,50812093,74916,P2PKH
6fc3140c9e2281396027da454d42e10528c261440687e948d8157ccdc49c972c,2026-05-11 10:44:13,['W000224'],['W000096'],[18013009],[17992946],18013009,17992946,20063,P2WPKH
459e769eae9d3055b3aa3430e7eb778815b7fe761a49747a8d5c739c3390611a,2026-05-11 21:56:23,['W000010'],['W000115'],[20642461],[20621706],20642461,20621706,20755,P2TR
1f65df327673bfe8b9d7b589a7a3333c3cdcb80ff9a0d6ddb3357f2dbb7e30ce,2026-05-25 05:20:51,['W000108'],['W000088'],[75816850],[75736662],75816850,75736662,80188,P2TR
8e7d8f68a5dfc874b6619ad7b6cd5edeaff1e84e904bbf87d15904af2b170924,2026-05-28 00:17:56,['W000252'],"['W000193', 'W000277']",[12154037],"[2390833, 9756374]",12154037,12147207,6830,P2PKH
c0e5d32ed3fbb71dcae027eb69232006fbd37f85f8d9db599d1f21fec22502a7,2026-05-31 14:19:27,['W000055'],['W000164'],[53653037],[53605082],53653037,53605082,47955,P2WSH
f88e27c7509d575f112a7651cd282581d0ad8554bc3961d6ed026c164dfb6455,2026-05-21 07:19:09,['W000211'],['W000015'],[73415283],[73340438],73415283,73340438,74845,P2WSH
935eceff52f0fb64ad36653177205efc8faacf73869433e57174da883f147de1,2026-05-23 05:20:21,['W000189'],['W000123'],[157061721],[156975587],157061721,156975587,86134,P2WSH
2443040ab67107effb82ec2c93566ed3d2faefb46c752be24848b21399282266,2026-05-21 05:56:40,['W000134'],"['W000277', 'W000062']",[159976535],"[8202072, 151634169]",159976535,159836241,140294,P2PKH
a9ac7225552515325cfc5b02a547d94c0513d6a133966e08eec24e2c7f3c59ba,2026-05-17 11:56:09,['W000073'],['W000109'],[32186959],[32142573],32186959,32142573,44386,P2WSH
c7c07a7819de7fde3e8cff73a8447fb5890507e71d09d715eee8c4e94c193fa9,2026-05-08 04:27:37,['W000268'],['W000190'],[79295427],[79217625],79295427,79217625,77802,P2WPKH
8d0130037423c9fe233bb2a36fd291b5f4200471c8128d8fbb67869766bde55b,2026-05-02 08:37:40,['W000109'],['W000076'],[71899253],[71842668],71899253,71842668,56585,P2TR
f59d5aba740d91e57e39650e1d8c70ccf0c84c5e9772629a4a37692b49d66bcf,2026-05-09 12:20:27,['W000248'],"['W000008', 'W000034']",[35958902],"[25124246, 10795821]",35958902,35920067,38835,P2WPKH
fe2c01f449be469d26f81af5169e36c334a7fce473443a09992fdf0e27cc82a8,2026-05-12 02:02:07,['W000234'],['W000137'],[58222179],[58140613],58222179,58140613,81566,P2SH
7e9f2b0968d27e88cfb8c1a683168b7ba151b88927b0dffc752f8e80d61bce35,2026-05-10 12:51:09,['W000245'],['W000043'],[55002153],[54953494],55002153,54953494,48659,P2TR
f10873885277ffb303b8a8d407cd75060d5d6378fdd2507beb4660fc869618df,2026-05-20 18:23:10,['W000139'],['W000091'],[30517549],[30497421],30517549,30497421,20128,P2TR
672296835b48a2dbe40221265321879dad87ae4f0f21ebfca69324e9e0b449ac,2026-05-05 14:10:46,['W000227'],['W000277'],[102892025],[102834832],102892025,102834832,57193,P2TR
ac17452e1810e3ed640b9e43a65d7bbc816dc741a364d19055d30cd261f87dbc,2026-05-29 21:29:34,['W000214'],['W000135'],[38756237],[38730369],38756237,38730369,25868,P2WPKH
2dcb9157553b1ae9f6da847c88d449e9102269ae4beef3147a3241457c2c1c2b,2026-05-01 22:41:43,['W000104'],['W000133'],[30993834],[30970314],30993834,30970314,23520,P2TR
0f698afab06ef80f5e6701c1c38e366c7545a2cd3a1f42bc6f21856eabf549ab,2026-05-03 17:22:41,['W000176'],['W000191'],[48421306],[48387922],48421306,48387922,33384,P2WSH
08505f0727a89391205ba01bb0b668339aa381e708b7a9b27cd61471efab05e7,2026-05-28 00:34:21,['W000272'],['W000012'],[491988318],[491627457],491988318,491627457,360861,P2WSH
8fbdb83a15bae47a01c18d7e42bc1438a21ef22885f736f00b76575aee5e9fcf,2026-05-27 03:45:30,['W000252'],['W000171'],[136463302],[136335284],136463302,136335284,128018,P2TR
64a24410fc890b05ff38d09479f8ca8829afcebf920f2fa592b345a41c198615,2026-05-28 21:37:05,['W000151'],"['W000010', 'W000005']",[23542453],"[6492968, 17023366]",23542453,23516334,26119,P2WPKH
c954f72a651a502140aea7a4bb8decca552ac72706e6b8c691e4853247f6917f,2026-05-11 03:16:41,['W000104'],['W000219'],[52386173],[52319255],52386173,52319255,66918,P2PKH
9914706058a2e1b03b658745b10450953074264e71c2682b6bff536723ce35ad,2026-05-11 05:02:57,['W000047'],['W000132'],[66536949],[66452841],66536949,66452841,84108,P2WSH
38a82048bbd2ee0194ff8ef0e81c024a833a8d207417657683d36ae47168762c,2026-05-14 08:04:02,['W000166'],['W000128'],[58262884],[58241128],58262884,58241128,21756,P2SH
fe66ee2f25e7add46778aa96d4928b3463b010e3238cc8fdaec9f795a6335092,2026-05-25 03:41:38,['W000105'],['W000193'],[141219493],[141120937],141219493,141120937,98556,P2WSH
263934790600bd25fdf300b627be9afa0df2cab1090af56d763fa67fb21ed4cf,2026-05-01 17:24:16,['W000179'],"['W000048', 'W000216']",[4950500],"[2717967, 2230250]",4950500,4948217,2283,P2TR
afe9f1bd71dd1ec219a2013d12080edd8ea408e69f833a89b36c153b02bbe280,2026-05-24 22:09:20,['W000300'],['W000113'],[59454892],[59431192],59454892,59431192,23700,P2PKH
40d08bc2b24ea3910319c1da753bffaedd45d2c30286503ab6ab1c71fda6df5b,2026-05-21 11:41:24,['W000192'],['W000018'],[485967753],[485706558],485967753,485706558,261195,P2SH
bbff2ebb50f3359225b21bd8def4abdddb8aca02855d89a26e23698309cfe385,2026-05-10 02:44:33,['W000208'],['W000110'],[50021988],[49990216],50021988,49990216,31772,P2TR
03b794e6d6008869681cec1113e513de8b856421f77cd739ea9be644419254af,2026-05-17 14:53:44,['W000266'],['W000188'],[50101213],[50072528],50101213,50072528,28685,P2WSH
d90d9d41e7bd22cb00339f64fe2abb481ea7596b7ef81626c23e46f88be723b4,2026-05-11 18:28:56,['W000009'],['W000183'],[69886962],[69798883],69886962,69798883,88079,P2WPKH
de2fa7456c52e5f8af05c53b613be79b1ce8e146f7d08e2a632a928ccedcb41e,2026-05-10 19:34:32,['W000143'],['W000207'],[57955781],[57933188],57955781,57933188,22593,P2TR
9f2f3185aec4a87160e3f17bd803da541d7e289ce3a65320fb762d5ab572572c,2026-05-18 00:15:14,['W000037'],"['W000073', 'W000207']",[44334492],"[737004, 43577948]",44334492,44314952,19540,P2WPKH
476538971111bfec11599b2dce6f40ad6cd7bf01aeedc7c7c75fc4b46ead132f,2026-05-24 15:45:01,['W000150'],['W000053'],[53966238],[53908728],53966238,53908728,57510,P2WPKH
dd904e093c145c8f5a2edd66f7ab8e544e413548c8136845c4c531be52c413e7,2026-05-24 16:24:01,['W000288'],['W000298'],[39561227],[39547360],39561227,39547360,13867,P2PKH
c393862fb95e54a1b8fd280f8f7255f27104b4b308ecd5aa1d10c626a002756d,2026-05-17 20:38:20,['W000226'],['W000269'],[16069163],[16049348],16069163,16049348,19815,P2PKH
7d70a0757c6045986151271e5b854220e0e4bea0be7979e8a6cffbdbbfc0a282,2026-05-08 19:06:12,['W000108'],['W000282'],[158813278],[158604651],158813278,158604651,208627,P2PKH
c2acd7bca9b00edb55eceae05d6eda76a6e0b4844d7d5f136bac5bd30a66ed53,2026-05-18 00:28:17,['W000173'],['W000187'],[40823762],[40777212],40823762,40777212,46550,P2TR
34017d0938fbb2132bfa773785a87f86b7c6df2d7012cba7875f619a5732569c,2026-05-22 11:35:30,['W000021'],['W000142'],[93633996],[93533108],93633996,93533108,100888,P2SH
cf44be9bc5c8a2b274629e2e13367cb8b8140945dfaab98d71e336daf15423ae,2026-05-10 00:46:23,['W000266'],['W000199'],[263860087],[263527077],263860087,263527077,333010,P2WSH
1b786f304a4dbf1126f4eceb3471aa3edfe2a77b3ccae2b678c9a76ab08b2c1f,2026-05-05 16:34:19,['W000260'],['W000276'],[10979615],[10966867],10979615,10966867,12748,P2TR
046c3f827f567128368bc073d44d9969174654147bc709a4eebd0932994cf4c2,2026-05-04 02:18:19,['W000182'],['W000142'],[574991634],[574521869],574991634,574521869,469765,P2SH
709935105104bcb6333043da9f11a197416315654ec7357fd86abea7d9a314de,2026-05-27 04:41:39,['W000162'],"['W000028', 'W000185']",[99916644],"[10705257, 89131809]",99916644,99837066,79578,P2SH
13aa1e5dbcad105054f868934cba78b69304d613e5a9dcd00a107cbcc0b2fd46,2026-05-16 02:34:08,['W000182'],['W000222'],[193380651],[193276085],193380651,193276085,104566,P2WPKH
1a6f8c300c24e16775a9babdd98fdb476eec92405826fbd4b9172fa79e830d8d,2026-05-16 20:49:08,['W000197'],['W000299'],[134228341],[134085552],134228341,134085552,142789,P2WSH
435e01ab360c747330fa8ac142ec4a5ff88b80c84fc07fb77cf1213d28e22a7d,2026-05-22 14:35:11,['W000016'],['W000277'],[112958598],[112857254],112958598,112857254,101344,P2TR
f250ca493d6df85f28670cb80f470ee59625204ac57164e2631421b98c1980f9,2026-05-29 16:43:12,['W000051'],['W000047'],[85874001],[85775878],85874001,85775878,98123,P2TR
0993873633a950f8bef3cb090393cd616683fb648094d9d62a27d423581d72fb,2026-05-19 07:18:53,['W000043'],['W000166'],[70905500],[70818640],70905500,70818640,86860,P2PKH
7b0adb7e2999333baac6f904baa034b960bdb423505b410a1621c15d64af6514,2026-05-15 16:57:27,['W000198'],"['W000027', 'W000224', 'W000262']",[57771479],"[7213310, 34597080, 15912060]",57771479,57722450,49029,P2SH
e2d722c222f4b680ae3047198a2b46d6a0b4f5a954b43d34e5248ccd6962d21d,2026-05-12 02:04:20,['W000191'],"['W000207', 'W000023']",[13312531],"[5041309, 8256359]",13312531,13297668,14863,P2WPKH
55445627150a2b2ea62f329372ee675f9001ae0a793cb4f296850251a0678f4b,2026-05-04 10:10:00,['W000059'],"['W000035', 'W000095']",[64077000],"[31211168, 32775052]",64077000,63986220,90780,P2WSH
94d7bc424797e291f9d5f466539f47b0eef606b6d2f8038500268fca8e04bb07,2026-05-12 02:23:26,['W000020'],['W000096'],[14742188],[14735240],14742188,14735240,6948,P2TR
a1e59afca7b10429ab22b3b17770e269ed514e1e44ac8f44ac7dd34817533562,2026-05-17 23:54:58,['W000237'],['W000029'],[43330242],[43305532],43330242,43305532,24710,P2SH
2c14a18b76b9f523228a60779eb1ede53f808d49380c8354aa5c4192586f456b,2026-05-03 18:04:32,['W000058'],['W000211'],[61039201],[60952565],61039201,60952565,86636,P2WPKH
e391afc00e3e93cca031358273e1db5dbb35de96a4651ceb232fb6135e0dd7f7,2026-05-31 12:00:24,['W000019'],['W000039'],[50167777],[50115640],50167777,50115640,52137,P2WSH
30dae18ca01919e6854ee7d0e31aaef23d59d6c820a9fd97869a31e6f4158866,2026-05-11 20:47:32,['W000074'],"['W000091', 'W000200', 'W000133']",[143138358],"[88167950, 42335934, 12512532]",143138358,143016416,121942,P2TR
0a2e8f209309735e1b9cd4737854e7f0f25b5a7c625f746262e90d592d913d46,2026-05-12 22:37:08,['W000112'],['W000300'],[125588784],[125421133],125588784,125421133,167651,P2WSH
55ec2bdcfa6d0f1eee2dfb0e37f1a0698a4ac5b3a3ac334afd0d62ef99906597,2026-05-03 11:17:10,['W000103'],['W000284'],[440731932],[440504348],440731932,440504348,227584,P2WSH
50cb00cf79a992c6e44cb53bdd557cb2627da6bb5a742e825d55d4e10322e2bb,2026-05-05 17:05:18,['W000034'],['W000005'],[44894659],[44870254],44894659,44870254,24405,P2SH
7abf27a0396c0f85a396fc51c046941b7bfa58b069305834ec0447680172156c,2026-05-15 01:34:22,['W000156'],['W000289'],[31895769],[31880143],31895769,31880143,15626,P2TR
a57aa7cc8c9ba9dbd1b02b477988ce3a6754aa931dfd6ead3363cba45e0b5fcc,2026-05-29 09:26:51,['W000300'],['W000011'],[169750138],[169685181],169750138,169685181,64957,P2SH
9ac9f4379c16ef38de754c53a8383f87030552660b1b96994641e11f39ebaee6,2026-05-01 18:35:22,['W000214'],['W000130'],[27235207],[27211035],27235207,27211035,24172,P2SH
c8d00274d33bfe1788be0150e83a0ece5cf85f1bb59865cd3011a7881a553efb,2026-05-07 08:13:05,['W000006'],['W000196'],[20859698],[20835997],20859698,20835997,23701,P2WPKH
8d99cf8c3c75b3cd0cbf64ad934f91240f497c77f9b97fa10b3d6d4424638e8a,2026-05-08 11:25:48,['W000300'],['W000045'],[275458731],[275167516],275458731,275167516,291215,P2WPKH
7cac8c4af0719d004986614eb69412264efcea9efd2faed1da1f1345267d424d,2026-05-12 07:33:10,['W000108'],['W000041'],[31459756],[31442870],31459756,31442870,16886,P2WSH
33e103762f79e4bd1a610d471212c854a11a6fc4949d07f7f04df9cb2a2424f3,2026-05-10 03:16:01,['W000096'],['W000118'],[11772067],[11762712],11772067,11762712,9355,P2WPKH
17c74426537d3768aa79a75f02343b7dfc382512209da9b4f5a95364660e60de,2026-05-04 01:08:50,['W000253'],['W000031'],[158954194],[158904220],158954194,158904220,49974,P2PKH
fbf8db4de3d5c974f3385720ca20034cf5da3c743131618d1bb8f2f7a09c9b6d,2026-05-24 07:45:48,['W000190'],['W000252'],[14081391],[14070244],14081391,14070244,11147,P2WSH
82cba2de1a41125148b876857f629bb89f1c5edd769cd73694cb71ec5c5db16c,2026-05-31 16:33:29,['W000077'],['W000008'],[33126200],[33092693],33126200,33092693,33507,P2SH
e71c4fb66e7f3a5dcdd4041b54594d0027363bec66b697cfd1d3f03ebe5ccc74,2026-05-15 17:37:44,['W000282'],['W000098'],[51226851],[51181525],51226851,51181525,45326,P2PKH
378136d45cd49c3f686365c5f7d5e8f21b1658b61cda9dccbfd898bfa4aff789,2026-05-24 19:28:54,['W000007'],"['W000083', 'W000175']",[113003836],"[19089674, 93862710]",113003836,112952384,51452,P2WPKH
5eb5cfe34a27b8927731e9bfe3494b5c09e3318de6abe2941e7f96787becc96c,2026-05-14 14:50:33,['W000285'],"['W000100', 'W000066']",[239037635],"[171880587, 66852040]",239037635,238732627,305008,P2SH
6de53e16e45e37d52ff6cd6ad48867abbf1f4a2e01cf69198bf33dd58f2301aa,2026-05-26 16:36:14,['W000252'],['W000137'],[15638679],[15628804],15638679,15628804,9875,P2SH
b0187da34a721c7eb5bfee7eb925cafa7ccf5456319cc61c4b18916797a87cca,2026-05-16 12:52:06,['W000249'],"['W000276', 'W000103']",[298007719],"[86125364, 211530675]",298007719,297656039,351680,P2SH
083264c3fa0e92bc816cb432108ed4bcc138c01458502b829223b3c797a9fd52,2026-05-21 10:59:37,['W000041'],['W000230'],[93651940],[93611736],93651940,93611736,40204,P2WPKH
28ddda172ac8aaa4620434d308bbada492864c15e06d491fafdc7ebef49b7f94,2026-05-31 12:42:37,['W000223'],['W000203'],[14301984],[14292839],14301984,14292839,9145,P2TR
50da51db3c00c9535cc27e1d3e47e931c61d7fb64a6db82a3398deacf10885dd,2026-05-27 11:06:02,['W000032'],['W000204'],[107954293],[107863806],107954293,107863806,90487,P2PKH
70505fc82413191351a31f48046a311001d684a52aa3f86ba4ee1c562a7f48a1,2026-05-16 16:15:51,['W000199'],['W000204'],[56536802],[56515231],56536802,56515231,21571,P2SH
dad36f87e7e521e1897b19afc79b7c176172b40bd9e83342d170e68ce2b94776,2026-05-25 19:13:04,['W000199'],['W000104'],[94986617],[94913368],94986617,94913368,73249,P2WPKH
35bec63b28e3c325cfd77133ac6846383c8263ac76e42ed2b83a006b1414c3ff,2026-05-03 15:20:34,['W000118'],['W000131'],[134806357],[134649448],134806357,134649448,156909,P2WSH
6f8ae0e00c887bb029ffef3ad2a49ea8d134cf9775e80af011914cf30d6d94ee,2026-05-01 00:18:55,['W000016'],['W000006'],[33231366],[33217520],33231366,33217520,13846,P2WPKH
2bc149347456661b22da8f9a643827d97a3a66905b358ee0d7aa9b605c78baa1,2026-05-01 16:42:43,['W000058'],['W000122'],[29924998],[29906323],29924998,29906323,18675,P2TR
84d756a07c592bb896923064b436bf18c675c93f60998e47cfb1637132031f9d,2026-05-10 03:07:01,['W000121'],['W000001'],[122120407],[122012180],122120407,122012180,108227,P2SH
98a4f424155616435262409aa445f1219e599ca80d151cbde815916e87c43190,2026-05-27 17:59:22,['W000277'],['W000178'],[37586713],[37540829],37586713,37540829,45884,P2SH
dc4ae33e56b1a2911c52e1847eeb6d2e9738a67938b17370bda7d711f2514ea5,2026-05-27 04:13:38,['W000085'],"['W000177', 'W000261']",[23037133],"[5007426, 18018939]",23037133,23026365,10768,P2SH
f23475f52ace0183518dbf2175b6b8441a97124834b32f05bef25133545f519b,2026-05-12 00:13:14,['W000172'],['W000167'],[404646642],[404271234],404646642,404271234,375408,P2WSH
a82d6fcfc346516b4ebf9206cc2e3da7dc5ae5f79b1629074db5e242962a6d19,2026-05-25 00:57:11,['W000074'],['W000158'],[28653487],[28622946],28653487,28622946,30541,P2SH
ca91d4ae464df049ff8d3558add1af9b855b9ddf52bc132d07eb749efc9552af,2026-05-22 23:18:59,['W000061'],['W000185'],[70960755],[70902977],70960755,70902977,57778,P2TR
8deed376a2a9be9b2426e11e6a0fb51066c4d012e9b501f6f6794c5946e4c7ee,2026-05-21 12:28:59,['W000180'],"['W000253', 'W000014']",[87080069],"[45772775, 41255528]",87080069,87028303,51766,P2PKH
da5d85ebdd1858de4280a361b4be9a2e0d652324d446c7b51f29570bfeda5177,2026-05-05 14:37:44,['W000006'],['W000016'],[216928071],[216791474],216928071,216791474,136597,P2TR
f47077343fe749ecaa44d9e826dd368973a505187754a57b574c32b165816ed4,2026-05-24 14:31:09,['W000128'],['W000091'],[25725420],[25710642],25725420,25710642,14778,P2WSH
93bfba76d5b56f13c50e6e7f3c2afe971253ba27dcf52884900037db214506c4,2026-05-31 19:37:58,['W000279'],['W000243'],[14248862],[14243473],14248862,14243473,5389,P2WPKH
78c3a482744e0abc6e35ecb788a77a06d172192f959a15f0b538c2be0522d3bc,2026-05-28 04:03:31,['W000021'],['W000155'],[6152387],[6146775],6152387,6146775,5612,P2PKH
2d4db3752602410067162b94ea62c5db516dcade12fbedd7e29e704d6376d9a1,2026-05-09 08:52:53,['W000199'],['W000279'],[392407613],[392064953],392407613,392064953,342660,P2PKH
07551c53b9ce9f302867721aadf2d0fd6f7f80a403561a3b5e572c48d3d91e55,2026-05-20 03:46:33,['W000015'],['W000193'],[37833084],[37799972],37833084,37799972,33112,P2TR
d4a2b503a56376a093250a99d6f1e3083c90528ffa90d295a3d634ecd856f131,2026-05-20 02:11:22,['W000144'],['W000176'],[26348473],[26313523],26348473,26313523,34950,P2WSH
ed90303f0ae24be9d8f29c954f1bf427fd382c8c838c6187b297d5d2a6727117,2026-05-17 22:02:50,['W000157'],['W000173'],[56504198],[56441839],56504198,56441839,62359,P2SH
27a0fba537de3d11c31e2d493c162d56efb9ceecb6ea93e143f03f8b9d1a5a83,2026-05-19 04:54:18,['W000126'],['W000140'],[215206043],[214984988],215206043,214984988,221055,P2WPKH
2db99d2556eda45da622f07b962d8bf890d21d0ff82b9aec280e6414378083b0,2026-05-22 05:20:33,['W000199'],['W000072'],[25525551],[25516637],25525551,25516637,8914,P2PKH
267c3cedd5542808279f1c77bed6a95ed1f276fd84ef05bae5f3ddc13adf7e0a,2026-05-12 11:22:55,['W000078'],['W000164'],[106927891],[106869747],106927891,106869747,58144,P2TR
fc0e57a404e73e7257ccc8bb787ec811758aa3511477307f941876de22409b66,2026-05-01 03:41:29,['W000123'],['W000224'],[77570909],[77526026],77570909,77526026,44883,P2PKH
5a8f7929dbb6ca377b9abce7896c51caf368e26fca6f0d197cbf5556eae8d601,2026-05-16 15:15:01,['W000011'],['W000200'],[240233493],[240139123],240233493,240139123,94370,P2WSH
726449cc40552611a5fadb8da365481792c188d9006855c7b8c657592a57993b,2026-05-30 03:33:29,['W000241'],"['W000290', 'W000125']",[77117738],"[4103768, 72937933]",77117738,77041701,76037,P2WPKH
dc2804f7a2fe23df977b1fb6cb417b8b77b49073c9d3157f21c12e5491b7667d,2026-05-13 14:45:28,['W000246'],['W000113'],[318653184],[318234129],318653184,318234129,419055,P2WSH
91037c46e6ae07ef2ed1a71069461f4de0032d8b86749115b74bc19bfabe84c0,2026-05-14 12:29:30,['W000096'],['W000161'],[308672733],[308473364],308672733,308473364,199369,P2WSH
7a37f55ca474ead57f45eb8535b70a156defa5c14943d23a0229abbc687681b6,2026-05-09 16:27:41,['W000079'],['W000005'],[37456408],[37422657],37456408,37422657,33751,P2PKH
d77cde855f79aec7aed91ef0ca44cefbb89e685e0ad79c7497a49507b6b2a3a0,2026-05-12 22:21:53,['W000233'],['W000057'],[89431990],[89397963],89431990,89397963,34027,P2WSH
bba6a833e552c31e83566129ae885462394d79efd5e60556753d8ef9be92e594,2026-05-26 05:26:35,['W000182'],['W000209'],[137046661],[136864456],137046661,136864456,182205,P2SH
e9b0e712d2f42e572bf62c012b34ef57df1b75ad0f42c36c1501c74575da3b13,2026-05-15 15:49:22,['W000203'],['W000009'],[29163094],[29123466],29163094,29123466,39628,P2WSH
f036f6c306eb0994716e77dec7f51ab7f7ebb91ab6904fd4e4cc03231b297d9c,2026-05-04 19:01:13,['W000151'],"['W000284', 'W000246', 'W000021']",[50023885],"[28913485, 15890676, 5204054]",50023885,50008215,15670,P2PKH
6d8d4b4b53f020ea04858a19257b1e42be635432d0bf9a8e5a59569158441175,2026-05-30 18:06:38,['W000236'],['W000168'],[38439543],[38387257],38439543,38387257,52286,P2WSH
bb63aac819060a9bbff2eab55346c0ac62e899575b1a5597b9f1a4181d51176f,2026-05-03 03:16:45,['W000156'],['W000069'],[16440191],[16417836],16440191,16417836,22355,P2WSH
26929081664440e956ed8d594566f90da041a020ccc837dc251bdaed6d6354a2,2026-05-09 00:56:33,['W000253'],['W000236'],[133627751],[133451268],133627751,133451268,176483,P2WPKH
f6449aa5fb9a87775d9afd47eeae4886292775c413dc601e00811ace1f060eaf,2026-05-11 23:32:26,['W000012'],['W000141'],[30993611],[30947444],30993611,30947444,46167,P2PKH
d87843e585795d1070cb619299c91e1b453a853f3b99ec7e41c7341b2e84b9fc,2026-05-05 18:52:26,['W000278'],['W000212'],[111519156],[111453249],111519156,111453249,65907,P2TR
8a251243a314d37f70d6abb555e7173af9f5a910e252da4659c403a746bb4de4,2026-05-17 04:53:19,['W000190'],['W000121'],[179010794],[178774618],179010794,178774618,236176,P2WPKH
154017821470d5ecfa80df503e51eaf82fd4ca14592705a19f5e2ae31fc117bc,2026-05-01 09:53:29,['W000077'],['W000254'],[276381626],[276298020],276381626,276298020,83606,P2SH
ea1e399156501a95bf0f29cd54fd615cf8bdfeeb6dbe8c09e198490218248f42,2026-05-10 07:59:07,['W000088'],['W000253'],[11053077],[11048811],11053077,11048811,4266,P2TR
937f180ef20bdce0f1fce9f1ba424e2d13d2fb36ce9a5fbe5f41b141e266594b,2026-05-20 02:20:11,['W000174'],['W000244'],[129825324],[129684570],129825324,129684570,140754,P2WSH
1bf42f9c03ae3c91399e1a78f0488478751a7a49a2f120d2e9b7ed06ce6fff7f,2026-05-03 20:26:47,['W000061'],['W000231'],[31062541],[31026435],31062541,31026435,36106,P2WSH
46726a1c80cd6fd59ec74e172aae7d28b8965bd33af3477d92bbbb177a700879,2026-05-16 16:59:51,['W000231'],['W000168'],[246004616],[245708964],246004616,245708964,295652,P2SH
b4bf8c807b3f94ccec39599d453d883c552018d8f8f63a33dff8ae2f6853ed9b,2026-05-25 21:26:13,['W000254'],"['W000093', 'W000214']",[40233705],"[39892725, 323860]",40233705,40216585,17120,P2TR
3833cd004e57b43e56c020a93742e9d7d0ccb12000f601ad5a56cfda9e53eeb1,2026-05-23 02:03:29,['W000281'],['W000234'],[17176510],[17161577],17176510,17161577,14933,P2WSH
3a1b7d416e1957399cabff9c4f7a940d7621ab33baae31025ba91387f2943600,2026-05-20 03:59:23,['W000136'],['W000021'],[187768185],[187708173],187768185,187708173,60012,P2WPKH
dce382024edc671332c8818a35c85765259aad1a6d8977d67c92379226f52f17,2026-05-01 16:33:26,['W000220'],['W000126'],[17445143],[17436522],17445143,17436522,8621,P2WSH
0a79440a32cf6771d19da3420ae1da83637688ba50338394957049c130359561,2026-05-12 15:05:51,['W000034'],['W000140'],[54276272],[54225171],54276272,54225171,51101,P2TR
d87a991ce52412a52875a5ee1d196666b03d49f6f4d760fd8511d5049ee10802,2026-05-24 05:42:52,['W000180'],['W000201'],[145768889],[145688012],145768889,145688012,80877,P2SH
9fbcb7d6534488eb8dc5c9b91adc3380dc1c72c99b7e0cf78af74ba1bde0940e,2026-05-22 23:40:39,['W000097'],['W000183'],[42744875],[42682318],42744875,42682318,62557,P2WSH
c4f921560bf99813b2d7f3793c2ee51a3500d971ef22dda67ddb80da2ee58df9,2026-05-27 20:58:24,['W000283'],['W000175'],[207503458],[207236485],207503458,207236485,266973,P2WPKH
12cf92626d48de28aa000ca3c921529ea108f4f3be2c705c2a632aee12eb36c0,2026-05-04 15:30:41,['W000256'],['W000154'],[45763220],[45710402],45763220,45710402,52818,P2SH
e36fabaea2cb8795f3d8b79c6ca6493fb5fc4ad1fe90ee6ee9541f75a5a0298e,2026-05-03 09:10:51,['W000142'],['W000283'],[135746099],[135559531],135746099,135559531,186568,P2PKH
b492be979d832b4810354bbe3140b89ac6fa83c247b1a7b9c4efba02c53168e2,2026-05-08 17:01:24,['W000288'],"['W000127', 'W000042']",[43379440],"[6125175, 37198970]",43379440,43324145,55295,P2WSH
9c286eea70df231e0a9b56e8aa0047f6b3f1ea5b8bce58e2e1482cb35a46e96a,2026-05-24 21:58:55,['W000281'],['W000221'],[11922263],[11914499],11922263,11914499,7764,P2SH
514ef2c322ac5f5eeabea44673e636a5480b973d24363ed5e8a75992c57798a2,2026-05-07 10:18:49,['W000021'],['W000025'],[182873295],[182757745],182873295,182757745,115550,P2PKH
1916a26a8c63812f6e29b3071188e8bcf7754fbd88b6d9c2218031a7534a99d9,2026-05-10 18:49:17,['W000075'],['W000182'],[12466603],[12455534],12466603,12455534,11069,P2WPKH
114161b45f2c63d9532c49cb21ed56b72d8b0d98d7ba7cfbe9cffd942e164931,2026-05-21 01:39:03,['W000057'],"['W000074', 'W000147']",[26194171],"[15453175, 10731086]",26194171,26184261,9910,P2WSH
e9ef42720e84b94adb1b479caf8a1dd0f43e1f23747207334219dace0c505791,2026-05-08 18:56:50,['W000246'],['W000069'],[59995600],[59931389],59995600,59931389,64211,P2SH
51aa34a15483b6b08ceb61fd19660ae2ec6ce446c38097a1c26ccdab7b09e52e,2026-05-01 23:39:02,['W000033'],['W000056'],[32425740],[32378749],32425740,32378749,46991,P2TR
405f6f05c1ddbaa47a818416ce5fd7e8dd5a4b64b5eeb2e2c0b77414317f86b7,2026-05-01 01:42:05,['W000247'],['W000056'],[232264623],[231970690],232264623,231970690,293933,P2TR
67f63c26758aee8cf9a397ff958c4e32d5e79a95957f6f9d8678e0e1ea80413a,2026-05-12 01:08:49,['W000221'],"['W000009', 'W000040']",[26392043],"[10923617, 15438943]",26392043,26362560,29483,P2TR
0a9bdad0791e302360dcecd6155cbf0dd86478e4f7747a4eaedb54ae28b86b5e,2026-05-03 03:27:44,['W000244'],['W000279'],[5628597],[5621390],5628597,5621390,7207,P2SH
33fc2b99ae88acfec7e56e4f8831679bda22df7ab7d99633d594ef69df55b988,2026-05-22 23:01:57,['W000285'],['W000050'],[86133601],[86031536],86133601,86031536,102065,P2SH
f4d36280c39b089d18e83eb0bfd424f67588cc162e01783ce53377d873f29578,2026-05-10 21:52:04,['W000188'],['W000154'],[161433538],[161293337],161433538,161293337,140201,P2PKH
a0f5fb5f47335bb072241377be000733b85dc82a7e2b2f23c93db78ca21c8952,2026-05-08 15:22:51,['W000273'],['W000230'],[43109325],[43080060],43109325,43080060,29265,P2TR
86b396ddc3b7bcfa363be64c7b19c73c1250c6957ae3da6342f3323de3751d5a,2026-05-27 04:00:36,['W000119'],['W000125'],[239974449],[239881098],239974449,239881098,93351,P2TR
88c8963bbf8e1db424cdf993de8f1386fb099f7dd64f327037f7f3b35a5510aa,2026-05-21 11:48:29,['W000280'],['W000165'],[50565667],[50548680],50565667,50548680,16987,P2PKH
6660dc0f2b7082d113643c7a360ea12c581d8100e7c0269f5127c2ea82fdc044,2026-05-08 06:30:02,['W000181'],['W000059'],[149586442],[149494751],149586442,149494751,91691,P2PKH
869bbaec2dd20759d0b7c294d4e72e0581fe762bc289f20df3f47a539209f038,2026-05-23 18:16:41,['W000021'],['W000024'],[31753089],[31740184],31753089,31740184,12905,P2TR
65cfd5c8282c38adf9cc5b33d52562773250a3ec4405e32b22949ca326adeb9f,2026-05-16 14:44:17,['W000190'],['W000188'],[38778436],[38741091],38778436,38741091,37345,P2PKH
3924486983968f349f7be57bd8cba561128969d7c0df3032fc481a01a8b4f6d6,2026-05-31 07:28:35,['W000270'],['W000034'],[24887031],[24857510],24887031,24857510,29521,P2WPKH
593f59edd0a13e49731806f1d7eca4e4b22102d162a1b3b77492bcf5eacc015a,2026-05-20 09:41:39,['W000138'],['W000034'],[21034472],[21014993],21034472,21014993,19479,P2WPKH
ace669fe02380d3ff1c5318f6af2ecf141723182fb591827c740eb3e2fd15930,2026-05-06 01:16:37,['W000159'],"['W000129', 'W000043']",[51553343],"[31861426, 19666759]",51553343,51528185,25158,P2WPKH
2f84fdb788f06fc18398e7a6734abf4689bf6b518bdfe938f6bf4970d3f6f6d4,2026-05-05 02:34:26,['W000241'],['W000211'],[99183179],[99061537],99183179,99061537,121642,P2PKH
fbcc6d1138660d2a530f8a9fc18d9e795f2cc4fb11850b0c71b7de3504228902,2026-05-29 12:02:46,['W000162'],['W000114'],[52776648],[52726339],52776648,52726339,50309,P2TR
4b9bfa5d874ae131ef24c47e1c77c4cd39a48b754cb3add60aa60617f2f13b58,2026-05-20 17:46:40,['W000018'],['W000044'],[359039182],[358504320],359039182,358504320,534862,P2PKH
20c13c475c399f53a5d9c60ec71c6d6bb63e734555c8aafe353ff399ba28c126,2026-05-29 22:28:27,['W000062'],"['W000214', 'W000002']",[428879661],"[186413579, 242159455]",428879661,428573034,306627,P2PKH
5ff3b0fdc3a0ad8f94183c46bd11bc72ada998871be8bdbc9ab659bd73dd4377,2026-05-11 23:07:38,['W000119'],['W000246'],[39559854],[39538743],39559854,39538743,21111,P2SH
c9de9d312570809e243fbfb14b079752b3a8b7c42b42415505bdebbe8b0851f3,2026-05-15 06:28:28,['W000067'],['W000210'],[47513323],[47470996],47513323,47470996,42327,P2WSH
b718e4330b0575ece2caa5caa82543806e7bcbcd482c37c2a52ab687db8bcdf4,2026-05-19 18:03:13,['W000079'],['W000110'],[23108905],[23092106],23108905,23092106,16799,P2WSH
119437fa5dae503c45dec59200e67ec3f71c9a27cf47aa5aaef3e5a1bb2d4b4b,2026-05-15 02:20:29,['W000021'],"['W000285', 'W000003']",[110850282],"[60671697, 50047340]",110850282,110719037,131245,P2TR
f3f2d8d0dd1060502af722a743bafd81d40d7ab36287faaba993e0c111b2d2c3,2026-05-01 21:02:04,['W000025'],['W000298'],[62600584],[62568149],62600584,62568149,32435,P2PKH
732ba746afa14696893638855ad04b10beaf17c4113d7a3da1ad97e54079fc2a,2026-05-05 08:27:18,['W000268'],"['W000188', 'W000197', 'W000300']",[27141694],"[693882, 16322995, 10098127]",27141694,27115004,26690,P2SH
b29170a75b79e93827995f5e39b9e117dcbe33b24bb759ba6e033c0509d6bbcb,2026-05-20 19:08:37,['W000012'],"['W000244', 'W000081']",[48931003],"[2218956, 46671416]",48931003,48890372,40631,P2SH
54dbd7b0243853da1a60f6c55a03d09fd1faf36bb733aea548a4de6f019d1d75,2026-05-27 15:55:30,['W000076'],['W000185'],[63899031],[63819776],63899031,63819776,79255,P2WSH
9879a4b53106764ff3de300516626e5660e60d35ede5dc599b9efc185c597442,2026-05-13 23:07:56,['W000205'],['W000124'],[117734477],[117610709],117734477,117610709,123768,P2PKH
eef98494713d6efca5089d0a87696da6fc31bdf8db11db8a2303b4f700a78f84,2026-05-03 16:15:19,['W000060'],['W000200'],[58944542],[58883578],58944542,58883578,60964,P2PKH
7fd5bbfa5f3b819df01279ef022d6b4bd9485b27cae567e5883fe26728e62167,2026-05-03 10:36:10,['W000189'],['W000144'],[42817908],[42768361],42817908,42768361,49547,P2WSH
b4965f9fe59fdc43aa7f103d0bd1cfe789f3538ca23c4fc22c0f9fcb96722970,2026-05-19 15:56:37,['W000025'],"['W000298', 'W000036']",[103447673],"[45180268, 58170140]",103447673,103350408,97265,P2PKH
bad492ec5eb08822bd550dcc42d58c495892714538ec4a35137adc55e152b3c7,2026-05-20 11:33:45,['W000056'],['W000041'],[57817625],[57753238],57817625,57753238,64387,P2PKH
d76333bd7880ff82d5038e4620364c3b7159f8d9c134f3c0c57d4c056d289a19,2026-05-25 01:35:18,['W000280'],['W000177'],[42958546],[42930363],42958546,42930363,28183,P2WPKH
c91bc3e4458bc835c6da7ba05403a52f89a450fa781dc020504b6460d0b9aeec,2026-05-05 22:23:26,['W000204'],['W000056'],[129426598],[129358782],129426598,129358782,67816,P2PKH
eafc1fa914ffb12c9cf56f44f563fa5a9451b5ad15f448d390198cec9016ef3e,2026-05-28 19:02:02,['W000280'],['W000252'],[264704766],[264490031],264704766,264490031,214735,P2SH
9f3252d6b44250efa517a103858326a17cf187e61decdba1f8054ef2e4903870,2026-05-03 23:10:25,['W000207'],['W000256'],[27953920],[27916682],27953920,27916682,37238,P2PKH
b84a6815f519ebb8b64478d27f3b9c6b4431ec703a087162eaa773076fb3eaa0,2026-05-04 12:45:49,['W000300'],['W000298'],[41751416],[41710958],41751416,41710958,40458,P2TR
fc494c3f9294203a8e5f90ebfd43dca54b136e89a94ad2dbd1f4dc9d23df56e7,2026-05-05 01:53:00,['W000146'],['W000281'],[83954336],[83859104],83954336,83859104,95232,P2WSH
835269d000c85646dd5f44c1f0561061b35d7b07ebb1bca295809b38de87701f,2026-05-30 21:12:21,['W000232'],['W000040'],[54092148],[54020291],54092148,54020291,71857,P2TR
b74cf748144458d5f0b4dbe20520c04b2a8232997c4988c4e1eb493ab76271e5,2026-05-26 10:57:17,['W000001'],['W000097'],[247836608],[247682159],247836608,247682159,154449,P2PKH
4a8a8478813ee4bcbd491f3ebff8a6af75888eb4932d7899020a403aa6dfe8e4,2026-05-09 20:41:35,['W000269'],['W000202'],[26930125],[26916046],26930125,26916046,14079,P2SH
33c007a853f2e3114a5c2ea257afec47d733d024e6a3623b13e7f5e55d407021,2026-05-08 23:33:53,['W000134'],['W000169'],[6209905],[6206717],6209905,6206717,3188,P2WPKH
d30a97d7e3891d716c6717f50a6b0663b607cff862b39dc92f0e38da224a766c,2026-05-11 20:27:31,['W000259'],['W000201'],[46270122],[46241647],46270122,46241647,28475,P2WSH
0c86ff330c8d8db4537c4f374b050f5edc3cc45d2876827666248e25d8b592f5,2026-05-25 20:53:04,['W000039'],"['W000059', 'W000248']",[64816809],"[35088641, 29682775]",64816809,64771416,45393,P2SH
5d55e03cb0f7f220841b835cce12f61a781830f5a7ca2b181f31a21aab75cf8a,2026-05-16 21:52:30,['W000104'],['W000089'],[8027844],[8018425],8027844,8018425,9419,P2TR
07f672a3426a946c23d1ec488a6fb85288b585f54468ae339b8566484531bdea,2026-05-02 17:00:06,['W000182'],['W000198'],[11474986],[11463212],11474986,11463212,11774,P2SH
7a371bc7b2bb40545c85410b90097db27c3be2dd8001b67b9d347575e5fa76fd,2026-05-07 15:26:29,['W000170'],['W000221'],[2387546],[2385640],2387546,2385640,1906,P2WSH
69d2dc6c69f1fd9556f13a8182f5ed56346c47f388749ccff691311f1d6c0ff3,2026-05-29 13:26:38,['W000217'],"['W000163', 'W000148']",[32867671],"[29035622, 3784025]",32867671,32819647,48024,P2WSH
9a6681aa1947d643055d7dfdf826d5f2f2683bfec664526dcac9251bcbf7ef8e,2026-05-12 11:27:02,['W000068'],['W000060'],[39850017],[39811496],39850017,39811496,38521,P2SH
e23bac23f74e51d13b9e6eda63e107588385aeb0da0d9f15e73f625c71204ce6,2026-05-11 18:44:54,['W000217'],['W000227'],[94412854],[94369832],94412854,94369832,43022,P2TR
d23f3e3d0930db632a3ffcf2484ade71e165ffc4fc047d54942e689ea30a16c0,2026-05-10 05:51:34,['W000033'],['W000075'],[361942244],[361793441],361942244,361793441,148803,P2WSH
0ab2318a79d9005072e86cdbc0b02249fe9bbaf006af8cdc9c6423180d8cd406,2026-05-02 04:13:28,['W000273'],"['W000207', 'W000266']",[151325031],"[51465032, 99727424]",151325031,151192456,132575,P2WPKH
7b1c842eba0b47019fd6b5eff55f67b26e526534ab889c9e48e4e4073387182b,2026-05-05 23:07:47,['W000201'],['W000227'],[19038173],[19014478],19038173,19014478,23695,P2SH
15da5c016cc76d21e9c3dc9f1af6ddc4fc971b1ecc17e5b09079de1aabb60528,2026-05-05 21:27:07,['W000219'],['W000039'],[78274458],[78166749],78274458,78166749,107709,P2WPKH
9813e8f5ebe0faf6549d6f77683587117c4929e770abee2904aab33ebf544785,2026-05-09 18:15:06,['W000229'],['W000225'],[48190302],[48123738],48190302,48123738,66564,P2WSH
d42ec1d636f26c0d7ffc97c5d418e643d7ef482fec204634175f056fd9b13d8b,2026-05-08 05:52:36,['W000015'],['W000052'],[22109144],[22087973],22109144,22087973,21171,P2SH
a6cf0e549b2008a45d99ab24bbf230bf2066414297a46285ff7eedc88ef045c9,2026-05-02 23:06:48,['W000104'],['W000156'],[24587225],[24554617],24587225,24554617,32608,P2TR
fc960b34196da683bd30de0f3681a9bf01c04d2c6fb2e4632f958b63cc080289,2026-05-29 00:28:23,['W000086'],['W000180'],[72108438],[72030236],72108438,72030236,78202,P2TR
6404dda5f9028950b96fae1ab9000d28e2642430109af21b458c2ca935ec53b2,2026-05-03 08:24:33,['W000078'],['W000060'],[33237352],[33189087],33237352,33189087,48265,P2WSH
0192855687c31521468878477bc9bd83adb532fadd6f4bf9dc83709e0072b629,2026-05-03 00:45:36,['W000062'],['W000017'],[41955843],[41904995],41955843,41904995,50848,P2SH
f465368fefdfbe1c38815dd2e8d97b1a87144daf6677b13bf0244d77bf68851a,2026-05-23 02:30:48,['W000155'],['W000054'],[27570406],[27539537],27570406,27539537,30869,P2TR
27a1fd1b9e44bc8c92a3495dde5ea6291fb85ede50904a126865c2a5d677deea,2026-05-19 11:18:34,['W000034'],['W000001'],[113988165],[113906745],113988165,113906745,81420,P2TR
3e98b95cb1c718fad2f1a506f32b4f5e47e235152a3c94d824974eed5590f7fb,2026-05-27 04:43:31,['W000188'],['W000067'],[42576152],[42534895],42576152,42534895,41257,P2WPKH
06befaaa0727076120c7f4871eaac77b23aa48d659a4ce6952ef728cca7d6358,2026-05-13 16:09:32,['W000082'],['W000004'],[10383450],[10379605],10383450,10379605,3845,P2PKH
478c929ea69c1c306a9e1ea9a4f6f50dc470eb2e90b61c8efc27c47a7d489ffb,2026-05-24 06:44:28,['W000055'],['W000130'],[47779552],[47721119],47779552,47721119,58433,P2TR
70b822eeed0e64557946d0f2c66321c25fa57e15d3d0b967fadb90b524a3b924,2026-05-21 13:46:08,['W000265'],['W000007'],[68292633],[68263344],68292633,68263344,29289,P2TR
91a7614b02eacd501d70e999ec4d7cd97fee484c3db200b0d7008de60fe424e9,2026-05-18 12:44:11,['W000272'],"['W000252', 'W000154']",[21947557],"[19483210, 2457304]",21947557,21940514,7043,P2WSH
b64d6f4aedb90532a8a41b47f72eac17b49af0a8e618630cb9268883d1a8df82,2026-05-20 02:36:19,['W000224'],['W000041'],[40794220],[40747741],40794220,40747741,46479,P2WSH
79f8c05ac2c08465fc45892b6d79636cbfe35b6a08ff58f8f45f076666140239,2026-05-06 15:42:30,['W000026'],['W000250'],[74177502],[74088576],74177502,74088576,88926,P2WPKH
5fb42ec49b74341d0d567713cbc7c19ad6492e981cdd3bb5b0f3977298912dc4,2026-05-30 10:10:05,['W000271'],"['W000115', 'W000034']",[16626217],"[11005907, 5607697]",16626217,16613604,12613,P2TR
2a61a16ba1a775332a018bf4f0a7d871c05e4fcb6d1fed405cb644a5a680b53b,2026-05-28 17:17:02,['W000137'],['W000090'],[117880294],[117708136],117880294,117708136,172158,P2TR
02eeadabf586e563a68ebad881e6d4be00d3c54e567570c9c2e829ca70a121a4,2026-05-23 16:24:26,['W000027'],['W000278'],[107282771],[107165521],107282771,107165521,117250,P2PKH
f8d5d94204de8edb9992f51cb46ad10dd28d41e177aaafd6cf95eb9bbfa327c2,2026-05-25 16:06:58,['W000016'],['W000038'],[137827587],[137711599],137827587,137711599,115988,P2WPKH
9049dcf17744d3b83dfaa79ea783c86e301dd436d1b70ea422d70bfc67eeecf0,2026-05-21 07:55:22,['W000243'],['W000048'],[104967407],[104925194],104967407,104925194,42213,P2TR
11c5c95777402ce8895dce83aa1260da317cbfa8dc840a81c1f009513027391f,2026-05-13 23:14:03,['W000023'],['W000119'],[98286324],[98206887],98286324,98206887,79437,P2WPKH
ceb404a494e17012afc8a858bc84a0f38e1dd21bda4f532e905018636868bc3b,2026-05-15 05:11:41,['W000024'],"['W000146', 'W000194']",[41162509],"[24180925, 16967970]",41162509,41148895,13614,P2WSH
8eab1b3255249b58d53ec778181c007940bc5416398da1753f0e33cf89671b84,2026-05-18 06:16:14,['W000125'],['W000210'],[21570686],[21539362],21570686,21539362,31324,P2SH
fc9ff0a1a3d4eb8bc8c22f397a498d81910026eac21a4f5fd238d1ed1ad2cc6f,2026-05-05 07:54:15,['W000154'],['W000058'],[108934894],[108815783],108934894,108815783,119111,P2TR
3c7ebc2c51acc54eb61918d9104043fe1f9f81e4f0082be76057a0860ccb4b18,2026-05-13 01:40:10,['W000023'],"['W000166', 'W000286']",[61779284],"[59820024, 1873263]",61779284,61693287,85997,P2WPKH
3a9ec60a623331955803c5498e0e9beea5ea8de1726fa04ac4ff6e6726983ea0,2026-05-14 06:46:01,['W000015'],['W000215'],[49787543],[49719041],49787543,49719041,68502,P2PKH
f4ae20e517bee6f27fe57aab1ef8acde53ed37193f988329c10a727723b63dc8,2026-05-31 05:19:13,['W000095'],"['W000194', 'W000137']",[69947205],"[26977806, 42889955]",69947205,69867761,79444,P2TR
36cc8e2f8075db748edbaab9bd02d8aeb3757eb841264f28947093d24f1a68bf,2026-05-18 12:57:49,['W000127'],['W000197'],[15729975],[15724089],15729975,15724089,5886,P2TR
1ffbb90cc3e6e36c6a3c19d84cd77f04e32b14b2819d22ab9058f8be7f1ed31c,2026-05-19 09:32:49,['W000249'],['W000013'],[85983785],[85927169],85983785,85927169,56616,P2TR
bcc57b839679b6d5a2bc8302e11707ca984b5bdcc6add9a824faabc0df4f3e1a,2026-05-25 03:38:00,['W000211'],['W000225'],[114540222],[114438507],114540222,114438507,101715,P2WSH
aa4bd85455b7b4d74bab2afd392727bffecce24b8296e81448733323f57c3266,2026-05-18 22:31:59,['W000133'],['W000197'],[23203245],[23193266],23203245,23193266,9979,P2WPKH
dee2ff009ef6f42e18b48ffdcc1312cd7d119f94e9c0fa5f0851655d9c870849,2026-05-09 18:55:53,['W000232'],['W000246'],[104119363],[104048645],104119363,104048645,70718,P2PKH
c8fdc281ee94673206d2db4f50892d93a850d6e769862c71f353389e83a117b9,2026-05-26 21:27:59,['W000265'],['W000031'],[61795283],[61741062],61795283,61741062,54221,P2WSH
eaf18b1cf057450399a263b7e340882cd71d3d45eb6eae0bde73d90a47c4c54f,2026-05-07 13:10:53,['W000210'],['W000085'],[79032677],[78921761],79032677,78921761,110916,P2PKH
57229d84d787dfba6c2e3266199f2e32ed06606e733bd0011fe5f52da9c05b9a,2026-05-23 09:20:30,['W000284'],['W000087'],[41695694],[41676786],41695694,41676786,18908,P2TR
ada9132ab8c9b0b70dcbe1aee3c5bb27497ceca8800783320c372a476aa296e7,2026-05-17 10:25:36,['W000075'],['W000040'],[7073370],[7066688],7073370,7066688,6682,P2WSH
e1773e6d8d7a94e7be74cbded35eaa16b4bc7567052d494a8a4432e661ac623b,2026-05-02 11:46:26,['W000099'],['W000286'],[74575576],[74521557],74575576,74521557,54019,P2PKH
63b3fbe9321b47b2f7fa42573c5fb01523ded49351543f2da0eec8bee1d00604,2026-05-30 13:23:51,['W000118'],['W000281'],[58344426],[58303747],58344426,58303747,40679,P2SH
64707decc3d76756db0e7a39def85340aab64d12ce9629c01aa003016c282821,2026-05-21 18:04:14,['W000028'],['W000109'],[107252326],[107129470],107252326,107129470,122856,P2TR
cffa2b7ab51047651e882bef374b1632758aa38e1ce151bf94d26a9b3d824ff4,2026-05-30 01:42:40,['W000032'],['W000163'],[54330561],[54296383],54330561,54296383,34178,P2WSH
c1db60f144a42b57fb0330f9b18d61a2abbc4c485b0a678bfcf5d697a60b89e4,2026-05-07 10:01:31,['W000105'],['W000117'],[64439450],[64358848],64439450,64358848,80602,P2SH
3d723be215e9090d89024a7231ab0fe1cb21a2040a9cd69a8874ababee9590da,2026-05-08 01:45:33,['W000063'],['W000060'],[95161982],[95128260],95161982,95128260,33722,P2PKH
55ce3e6b69c28c0d89b0377b2fc038dedecde8bb341706ed063c60cd4eaa2a0a,2026-05-03 23:53:58,['W000121'],"['W000150', 'W000165']",[105476510],"[42521664, 62917209]",105476510,105438873,37637,P2WSH
eacf1ffce0e3477f225e2a7164eeba41e304cda3e5897779b5e3cc140c40893c,2026-05-14 12:59:51,['W000169'],['W000226'],[144545251],[144426277],144545251,144426277,118974,P2WSH
829949f6ae0b2b5ba390c4e5925414db908ba9db0593606db2560115cb3c96f6,2026-05-14 16:46:41,['W000001'],['W000279'],[36494190],[36449415],36494190,36449415,44775,P2WSH
cfe4acb478db22ef1ff8b8a3eba1c376ac73a070ac42385fbdf6218ac0f7c1d6,2026-05-19 08:18:34,['W000274'],['W000298'],[74091846],[74022678],74091846,74022678,69168,P2TR
6a61809ac2ba738a885fe8e83afbfba078c78deb877f9eae0b0d46e510e7f89c,2026-05-02 01:57:16,['W000045'],"['W000185', 'W000234', 'W000269']",[115627115],"[4285067, 88289670, 22940919]",115627115,115515656,111459,P2PKH
1c8a935f5e0e00d3a41eff0b448dd816d749c6035e775b709179592a397c5160,2026-05-23 04:20:53,['W000149'],['W000071'],[51022315],[51001096],51022315,51001096,21219,P2TR
51eb45a1e3b9555391a3b92398c09b35edd8a998d8a5b43f8365d0197025f8e9,2026-05-18 18:56:06,['W000137'],"['W000054', 'W000285']",[38812722],"[4829501, 33951312]",38812722,38780813,31909,P2TR
6021eb4807e0c4ea18716e41e70037be090306e139fdbe3adb2058e233ccecca,2026-05-03 13:33:51,['W000236'],['W000070'],[3774348],[3772478],3774348,3772478,1870,P2TR
c0333bf2dc5df325426d5adddc18bb647037fdc9f48cd25710c8e862b4d61cf2,2026-05-13 17:02:22,['W000232'],['W000070'],[322740739],[322641498],322740739,322641498,99241,P2PKH
75ffd5b5b28e8d505f29028fbd30636e630814eb1df8c7a4674de2dd7f9d6448,2026-05-22 09:19:23,['W000028'],['W000071'],[14909039],[14904484],14909039,14904484,4555,P2WSH
cb0d6e7967fe5e96b1fbc4b3a07c3c020fb62eae9ed760b5af026540084c23d9,2026-05-07 09:12:52,['W000132'],['W000243'],[129076584],[128941146],129076584,128941146,135438,P2TR
bdc7e757cb700367e50d2aea0d577914536bfa08ff4288cda4e6f8eb7bbf4f55,2026-05-17 03:08:45,['W000024'],"['W000208', 'W000115', 'W000095']",[116758010],"[38629063, 53866098, 24168881]",116758010,116664042,93968,P2PKH
6b411be4afe7f16ae65fde1fa4495e8f90efad6f44b181465d385588b9b5b488,2026-05-27 07:24:29,['W000258'],['W000156'],[172597851],[172345366],172597851,172345366,252485,P2WPKH
492107ebd407a17c6b14d658296e530f3b7257193df1f49e9955230dac737b17,2026-05-18 16:20:58,['W000204'],['W000298'],[77451431],[77418238],77451431,77418238,33193,P2WSH
56db2b761eeac3c5aa894b4294c36e080fd30de18a05e4de27e4fac7c3bce519,2026-05-14 00:18:00,['W000043'],"['W000044', 'W000071']",[225059658],"[166916049, 57985007]",225059658,224901056,158602,P2SH
ebe630c54d62c6f57b1df6e19b4530c73335f2c7758fe635e13d32880b80e6d0,2026-05-12 04:40:04,['W000034'],['W000203'],[17173992],[17152913],17173992,17152913,21079,P2PKH
a964c47c750bda607571b7dea7e8fd9a6c64f008b69b891117ac4f9269b26876,2026-05-27 08:21:44,['W000154'],['W000049'],[29557284],[29535678],29557284,29535678,21606,P2SH
cb5d82a046fa18928c87471b27569464dc0b265e27058ddfcd517bc2d5e8c029,2026-05-04 13:51:08,['W000280'],['W000225'],[56516664],[56432153],56516664,56432153,84511,P2TR
c10969c4b744e431bca476525a360de78fe6f03cd9b772f805e4642d7f9e00b7,2026-05-01 03:14:16,['W000202'],['W000081'],[20735961],[20724453],20735961,20724453,11508,P2WSH
5ee7f5b6930b069d7c67d399aaa4284d0802bc9696b9db7b3874b85405559b64,2026-05-28 19:13:23,['W000077'],['W000115'],[5193799],[5188681],5193799,5188681,5118,P2WSH
160e4d233d0f12c8ae7eff0fdfdaa073bf178c83c5210de1875dea80e1df5690,2026-05-19 15:25:22,['W000202'],['W000004'],[19339630],[19326075],19339630,19326075,13555,P2TR
04230133a92bd31fff160a6daafc9d55a10196ae9aee931cc47bbbfd924ffb97,2026-05-23 05:06:40,['W000190'],['W000096'],[14586508],[14569969],14586508,14569969,16539,P2SH
b4b995ba2b74f62a51cd8490c4d3105801ebc46b8f154d72a9dcb4880faf2c50,2026-05-21 22:40:28,['W000087'],['W000089'],[60187843],[60117583],60187843,60117583,70260,P2WPKH
6707ded2f7e7ffc892d1ab471f61604d41e3589c1fe8c71f57189d1f458885b3,2026-05-29 13:42:00,['W000161'],['W000242'],[8708394],[8705317],8708394,8705317,3077,P2PKH
2d8a9c0cb2a10a13a6f47daa9e6c80a63b1ccccbbc81db118856f8acb58e0e9c,2026-05-24 03:28:46,['W000084'],['W000092'],[71533263],[71500192],71533263,71500192,33071,P2SH
a2785b86584acea30fa6583ced40c031a619e744db09ea0a5f3834902649fb53,2026-05-31 10:51:38,['W000007'],['W000108'],[183931516],[183827996],183931516,183827996,103520,P2SH
db9749be4b34ff30d49ab60470523dafeaf5237211083cf918687d7fa104d5c9,2026-05-21 06:55:19,['W000172'],"['W000210', 'W000130']",[153554907],"[75262517, 78161636]",153554907,153424153,130754,P2WSH
e544df6c9433839fec113f004c8b63fdcae489930e13d7f1dcc0bcdacb41d6f2,2026-05-06 19:01:53,['W000015'],['W000279'],[45480802],[45415917],45480802,45415917,64885,P2WSH
e0786396855e634bcccd4a7060499cbe800f642aa7f143a482c5c591b95c9864,2026-05-02 23:16:42,['W000197'],['W000203'],[56757391],[56700778],56757391,56700778,56613,P2WPKH
4643d2b79320a781b799cc95c57dc9774cca8e32f447f50acbccf829e5b163f4,2026-05-17 16:32:39,['W000005'],['W000194'],[29986898],[29973056],29986898,29973056,13842,P2PKH
32d9c257941765caa1bd81b19f7817e32bdd042d50789c5432ece7ca604a4388,2026-05-26 21:55:23,['W000253'],"['W000051', 'W000209']",[24472447],"[21846075, 2599707]",24472447,24445782,26665,P2TR
933fca83de743e1498deb7bf5ce0d46e0082c7a25d48e57c3afcaae89ab19690,2026-05-18 16:52:18,['W000273'],['W000134'],[28217882],[28196758],28217882,28196758,21124,P2WPKH
ea527326840e3b03265ce90eee14df6f4d685fb4e110008b75c4c6eab48e61cc,2026-05-19 18:29:26,['W000258'],['W000033'],[14751944],[14741442],14751944,14741442,10502,P2WPKH
166f3234bdca00625dc22e189af3845fb1e08f4527a77a7d1561ca39f9b8cd94,2026-05-16 16:26:04,['W000191'],['W000205'],[28073182],[28064304],28073182,28064304,8878,P2WPKH
c03fb88ca0b02dccd024413af0085865606975711e12683ccfde22f2bb395761,2026-05-22 23:33:22,['W000298'],['W000235'],[62634810],[62554241],62634810,62554241,80569,P2SH
98cc0cb828847c41abcddd4f83da123435ac56bac0f8b0f81d8beb6e4f2dec91,2026-05-22 00:25:05,['W000259'],['W000133'],[17531475],[17525193],17531475,17525193,6282,P2WSH
e154bfaebd975a7c0757364bea8a0fe40d3e635db13588e42d81447c6604092e,2026-05-10 11:10:02,['W000240'],['W000143'],[373615102],[373189062],373615102,373189062,426040,P2SH
e2cd972bfd6ce31bc5b113d78cb1454c8fcd9b5cd5a2a75a04107bc97aeb70b7,2026-05-09 15:35:46,['W000066'],['W000097'],[24739802],[24719751],24739802,24719751,20051,P2TR
9e93fac46c8eff791730e24f2dfc58a451761881384dd476fab5c595eff1f0ad,2026-05-26 03:37:38,['W000201'],"['W000014', 'W000096', 'W000250']",[124292655],"[64683077, 37025745, 22410886]",124292655,124119708,172947,P2SH
9063abf10e039088b2d2231f000b43a532507c488bbc3c4b6f86db717993e70f,2026-05-07 06:31:55,['W000117'],['W000045'],[87656309],[87534566],87656309,87534566,121743,P2TR
aa15b899ff9d2f8eba751635b963252f3c355f02c09c1d7b047094e6cc168f8e,2026-05-19 12:03:07,['W000020'],['W000253'],[18840860],[18830183],18840860,18830183,10677,P2TR
00ba72f07c5591958fa54d2ac76578dbe8148138c5ee010b506f4c787b7b0ee9,2026-05-16 17:51:02,['W000227'],['W000068'],[6742700],[6734574],6742700,6734574,8126,P2WPKH
eeee7777b29ffb09788c0bff22fff78d5d00e87d2cc39cd3d727307fb2fd094c,2026-05-03 09:26:56,['W000200'],['W000247'],[139040521],[138910117],139040521,138910117,130404,P2WPKH
ab8427464f5835f0c9d58cc1077a1abbbefd5a06dcda2e4cedf10b30572706a6,2026-05-28 06:24:36,['W000166'],['W000037'],[25300913],[25277878],25300913,25277878,23035,P2WPKH
0ef03b0d4356b405fad16688fec08598c464e37b0dda3872233665763cf97305,2026-05-05 04:45:14,['W000220'],"['W000138', 'W000037']",[83767033],"[72120413, 11563567]",83767033,83683980,83053,P2WSH
04c704a5858c43701633911301907adf0d20a55584e97c8514f2aab1c7d9863c,2026-05-01 21:09:29,['W000130'],['W000082'],[82854166],[82819756],82854166,82819756,34410,P2PKH
84ca16ed675f6fad9f137965823ded81611e849a417906f6798411f112a6e1c2,2026-05-20 17:00:17,['W000019'],['W000269'],[53056036],[53025392],53056036,53025392,30644,P2TR
5e9ffc8919c5c12ea080e9568fd1791579f53450b190663b1eccbcbd24e6ccd0,2026-05-06 14:19:13,['W000047'],['W000160'],[230516497],[230382842],230516497,230382842,133655,P2SH
da9e1d1e14b4f8f218e2800a44cfebfdf965ae98762758556149852a8fbfa4e9,2026-05-27 10:41:10,['W000223'],['W000153'],[83559484],[83492324],83559484,83492324,67160,P2SH
d235aa97273507bb7769ca8d04501841f56bb71316df3469a74743d47278b6ec,2026-05-11 19:30:39,['W000165'],['W000191'],[93217470],[93177187],93217470,93177187,40283,P2TR
1e89c0f980338e52a5e841161b3ebfecacf9bdf71e29926f12991f6fab6c4e97,2026-05-17 00:57:09,['W000135'],"['W000151', 'W000114']",[32924395],"[24535254, 8355085]",32924395,32890339,34056,P2WSH
2cc4ddfab0a1bb88f3817a9808c998af5a2ea644cb51ccd1ea8fbdd6bd0445eb,2026-05-11 21:35:41,['W000025'],['W000258'],[39728636],[39669600],39728636,39669600,59036,P2TR
a537899f19403482d45fbc6cf60fcd33ea49ea1e7fe3f2fc6b6163442e83e79c,2026-05-03 02:30:30,['W000246'],['W000267'],[40913629],[40883163],40913629,40883163,30466,P2WSH
56c4b0b0ece3d144645893509b193fd8bc8eaf2dfc8ac72cc0dce37f18368193,2026-05-08 04:52:37,['W000115'],['W000015'],[38954420],[38927153],38954420,38927153,27267,P2WSH
ba19df7a8eccb4e8413e1a0fd9d6cfbd2dc8d77b8cff911b54ca6f493b0a3a34,2026-05-04 19:54:12,['W000112'],"['W000135', 'W000186']",[65769727],"[33229205, 32503327]",65769727,65732532,37195,P2PKH
e7aa085f672ff11f1edc4b273c142b8567df1f7e0a809b4038e51f8720adcbc9,2026-05-10 11:04:41,['W000159'],['W000094'],[31142043],[31124031],31142043,31124031,18012,P2WSH
bd88e55eb722f566a57280c7cf8c7f8355adecdbae6f7480f03e0cc2b3528cc5,2026-05-10 03:24:46,['W000020'],['W000165'],[22490610],[22458298],22490610,22458298,32312,P2SH
94f9210c9e2b6f31516a4fac86c2a605da7feed1d364975998bf197da7a5f7b7,2026-05-07 11:30:41,['W000267'],"['W000120', 'W000005']",[26901539],"[8964730, 17922140]",26901539,26886870,14669,P2PKH
41aa57d7e331f320a3ef5baf45f6fe20b19df06289f88f2baa38c6a0648e8617,2026-05-18 17:29:20,['W000006'],"['W000074', 'W000246']",[80403554],"[65470736, 14891952]",80403554,80362688,40866,P2WPKH
de330cdfeef80365d0b3aad473b681f91f184ed89d29f4d6d9436004c5a13f62,2026-05-07 09:34:11,['W000024'],"['W000236', 'W000036']",[47761940],"[14871477, 32873148]",47761940,47744625,17315,P2WPKH
c11f813b7efc9a176068ffa726543298dfd75dcae18bc7f0b34cbd7f125575f8,2026-05-19 18:05:32,['W000185'],['W000117'],[115875498],[115775499],115875498,115775499,99999,P2SH
278b6383227c847b89abaadbc0bbda54d7685d34bc3f0cbe2e45df539fae6d5b,2026-05-26 21:53:40,['W000145'],['W000261'],[84036654],[83948194],84036654,83948194,88460,P2WSH
9668b59b8820e5ab4a5ef45ea07a78623e616b14b7a64fb9feddd0b13fb178ea,2026-05-30 19:35:02,['W000026'],['W000039'],[55622705],[55559724],55622705,55559724,62981,P2SH
bc1e3d8bca272b6ec928e9caada7df1e5c5d3f39ba98f06256f8847ea32fc8c6,2026-05-18 12:15:54,['W000149'],['W000058'],[38594200],[38555246],38594200,38555246,38954,P2WSH
f49eb3a3ff14edae5498fb91b608fad6e6f9603f4797e859f5175cb8d6a86910,2026-05-23 13:19:38,['W000011'],['W000006'],[272609574],[272303918],272609574,272303918,305656,P2PKH
794efb39c3a1a17079f71bfdfa6e292a4792901efe05971281ec402e82141a9c,2026-05-24 00:26:33,['W000164'],['W000185'],[57878311],[57836688],57878311,57836688,41623,P2PKH
e21b8c451c7ab24fdfdc433da3802d4e4b4e58a1bb986031bd31960eab7d4d80,2026-05-12 20:42:15,['W000238'],['W000079'],[78415771],[78329758],78415771,78329758,86013,P2SH
3a8a5219e529503185d68bedfaa96f3c05b1e86211ced91d2d0e8b0fe36c28b7,2026-05-10 10:38:45,['W000105'],['W000116'],[154262318],[154109803],154262318,154109803,152515,P2SH
4ac8bb1b8b6983da7827339bb144fdac6899a5c95009e65567c3175e7088f086,2026-05-19 21:45:27,['W000159'],"['W000069', 'W000001']",[15898518],"[5625566, 10250394]",15898518,15875960,22558,P2WSH
cfe82568d62f5955c2901ed6e0e935b5206d06ad4c08528d20596d75d7d16e23,2026-05-20 09:12:47,['W000160'],['W000061'],[96381069],[96331303],96381069,96331303,49766,P2TR
065c2b6415e8931913215be989a6e5732c587cb2f5e7aa9035776b8ccd20e609,2026-05-06 11:23:02,['W000145'],['W000263'],[319176575],[319046333],319176575,319046333,130242,P2TR
4ee8ff8f1619362d68216631af468e4fc4d7ca8beebdda3893b3f2096a971418,2026-05-06 09:12:01,['W000282'],['W000113'],[154620608],[154443185],154620608,154443185,177423,P2PKH
18f512b13122d4f4680da4453ea367e59d992f58c239d515eab76244c70e4a5b,2026-05-31 16:06:36,['W000024'],['W000140'],[20987910],[20958058],20987910,20958058,29852,P2TR
2092477720fe2627b102f5a8eddf52e04e5b5a5fb6bcedc8a47b032e73612b05,2026-05-10 21:29:54,['W000110'],['W000210'],[42290962],[42231939],42290962,42231939,59023,P2WSH
3ae62412dced74e2766c4203380193f1355f2d41d0fdbb53317d5d77c6ae0b4d,2026-05-10 05:13:00,['W000080'],['W000082'],[29813915],[29780893],29813915,29780893,33022,P2TR
4c0ba3ed678a1567b17d9fd2c837790d6fb44dfa950c5553163c39b977806051,2026-05-24 22:23:46,['W000198'],['W000218'],[294590653],[294500058],294590653,294500058,90595,P2TR
2444ac1115dfda1c6e56868380883bef4dd74850df35e799501996a4736e3621,2026-05-23 08:41:22,['W000258'],['W000181'],[243269599],[243124528],243269599,243124528,145071,P2WPKH
2bc5bf86d6bb60123e2208ebccba8cbdc203757a55d69c04b6c2dd17592c966d,2026-05-15 22:54:06,['W000260'],['W000084'],[38048724],[38008624],38048724,38008624,40100,P2PKH
8ba4fcd1d9814a901faf21cdeaa4efa86ba519ff47efbca8d7aa6d0239253762,2026-05-29 15:42:33,['W000156'],['W000226'],[62656307],[62595913],62656307,62595913,60394,P2TR
b330783a9dd116faafa670dc3969c8c961ff2f6f6ccbd3c31ad88e5c7f6a69e7,2026-05-20 22:47:43,['W000237'],['W000235'],[57849124],[57791401],57849124,57791401,57723,P2TR
cf58b7f79ba17da5e7a30f24442b1e05162eaac35b3f2d4696d328b918b69293,2026-05-27 10:13:48,['W000092'],"['W000185', 'W000268']",[23911949],"[11584714, 12304121]",23911949,23888835,23114,P2PKH
f18f8880e89930f88f82f96d9dac154c2c78e2ffe50d0ecc0037d3ca5fadb34a,2026-05-11 07:59:34,['W000024'],['W000208'],[111169689],[111084658],111169689,111084658,85031,P2PKH
09c33af7093c5f51c1f089b5ff6585265e5b0cbfa3aa6b6cf134858cf09ca68c,2026-05-06 17:50:49,['W000272'],['W000213'],[26165560],[26150460],26165560,26150460,15100,P2WPKH
6110c9c358e2cee1a37772d6cdd1d252903b037d31c5ea16f1f32a309842debc,2026-05-16 17:01:47,['W000177'],['W000225'],[129284540],[129218100],129284540,129218100,66440,P2SH
f2a68b85459e8d4cd64c9806e5c016089609c986829341fa1900e16d6f187eaa,2026-05-19 20:58:55,['W000156'],['W000168'],[42057675],[42040194],42057675,42040194,17481,P2SH
651e658a7cd12a52b98a3094018065c2b358a925f8bc099bfcaaf1e69f5f5510,2026-05-29 22:18:40,['W000029'],['W000129'],[36394896],[36343392],36394896,36343392,51504,P2WSH
1cd8a4e24ac1ed6c2b1ed2fce8285e14f6fedb9babaffb25dedb1a90fbc6632f,2026-05-27 23:25:12,['W000165'],['W000166'],[64332180],[64299733],64332180,64299733,32447,P2WPKH
0471e33773fdc6b5a9843a8b69a8ea723b767f818fbff474750945e52a78cc58,2026-05-03 15:46:32,['W000173'],"['W000272', 'W000025']",[29850261],"[17792791, 12038871]",29850261,29831662,18599,P2SH
f199fd51115c02ead83112f0034bbd9df638f5ea1feb12ff4a656fe259ca010c,2026-05-21 10:49:58,['W000043'],['W000104'],[17525756],[17511516],17525756,17511516,14240,P2PKH
2dd287e630db456e04157bcd358cf369ab281a63ec76e6b3f9bec61dcf353f14,2026-05-22 14:39:39,['W000157'],['W000109'],[48586165],[48541745],48586165,48541745,44420,P2PKH
3da69d00cb8c7c36fa1aa79859063a0fe7434c0193cf946055d34929ad0ef6bd,2026-05-19 09:27:01,['W000084'],['W000205'],[63829228],[63747759],63829228,63747759,81469,P2SH
a999ec6e6329222e6595a808c6d677af25124f226af3f11c188061e6423c7662,2026-05-03 08:11:07,['W000273'],['W000117'],[70775524],[70740387],70775524,70740387,35137,P2PKH
386abc8b7fa94624a026db1b40c0c2cd5432031222318d198cdb7f5a231a51df,2026-05-31 01:28:56,['W000235'],['W000225'],[21063473],[21048345],21063473,21048345,15128,P2TR
f2c66135e7d35c089b0b983bb6908b432e2343f5df7730231d1ce862842182df,2026-05-01 16:45:50,['W000169'],['W000135'],[597978032],[597252889],597978032,597252889,725143,P2SH
bcf0454181a9edfad8c10926b3e2e98f626b47c1ed8f62b4daafe9fa2381eb92,2026-05-04 23:26:20,['W000126'],['W000253'],[160136021],[159946186],160136021,159946186,189835,P2TR
919ef07d9faff534eec613e9e7c13ac7595ba6ea46d15351f462250b101ae99b,2026-05-11 17:29:47,['W000192'],['W000161'],[125929538],[125821539],125929538,125821539,107999,P2PKH
252887f82c3dfcf8a26e1ff3a034c3ec372c51110c25473271cb5dbda6ec85ed,2026-05-16 07:10:31,['W000179'],['W000220'],[81692605],[81597792],81692605,81597792,94813,P2PKH
e0d74de23d09d14d597774bfeee038b970b4fe5f40e39b0b8ed9dd2b4a963b92,2026-05-10 23:35:23,['W000195'],['W000072'],[112239454],[112172738],112239454,112172738,66716,P2WPKH
9780117cf5ced7245c11011e1afd36e806b4d4236aadb3537fe677198538f687,2026-05-12 22:58:20,['W000045'],['W000194'],[22047056],[22019546],22047056,22019546,27510,P2PKH
11c18a2d893c96c6651ed96b1b3fd7f65043ae656dc7a49ad3ab90cba77a4647,2026-05-09 19:42:30,['W000234'],['W000082'],[68154515],[68100549],68154515,68100549,53966,P2WPKH
8cc4ccce6f5bf936b2b194a82888619ca21c49d666720e7dac9096a39212bcb6,2026-05-20 21:12:44,['W000136'],"['W000064', 'W000020']",[15010456],"[10447167, 4558637]",15010456,15005804,4652,P2SH
0495bb14385a3e892febf0d95a6ca1964c8d828c3d0f7af0e060d396fa58eb2c,2026-05-06 15:13:07,['W000271'],['W000118'],[132669098],[132563744],132669098,132563744,105354,P2PKH
8f6577703d63dca1e10039c2332dc44d1f7421600ebe58bf2f3b875b16133ae8,2026-05-14 02:07:58,['W000164'],['W000122'],[95183083],[95140447],95183083,95140447,42636,P2WPKH
79cb209510ece53247aa3ffb57e9903c1cfbf7c2e0b75d808334305c9958d03e,2026-05-15 19:25:43,['W000107'],['W000269'],[214066222],[213888157],214066222,213888157,178065,P2WPKH
f749b8b98e30adce4218155c75fd3abe1cd41e1afa50ed9f8d94208883f51289,2026-05-30 08:55:33,['W000007'],['W000059'],[181651755],[181406886],181651755,181406886,244869,P2PKH
b39fe0c82c9e6c22a798b330904e375c97ab2cd6191812bee13211b62e4295ef,2026-05-23 10:03:55,['W000069'],['W000145'],[173151774],[173079112],173151774,173079112,72662,P2SH
c3e2cab5ab49e6ac0ae691e47adc86c335158ef140bf4dd027a4d7525465bdbe,2026-05-08 00:00:11,['W000142'],['W000240'],[62040940],[61957889],62040940,61957889,83051,P2TR
6a48704441d513a62c12967ed25f82282b7cbe9a65389e598d9d779ab6d5ad23,2026-05-09 08:51:01,['W000215'],['W000275'],[23688631],[23670681],23688631,23670681,17950,P2PKH
8e4103732c25083e8064fc968f4aa774b278ffcfcca1a91274ae6c1eae4f59bd,2026-05-28 17:32:39,['W000185'],['W000280'],[64796392],[64752617],64796392,64752617,43775,P2PKH
20324eb36f234674e5db989f0f345cd8150b0e0c84c2e295df476638841ac535,2026-05-02 16:19:13,['W000232'],['W000048'],[12797601],[12782348],12797601,12782348,15253,P2WSH
0a5ec608646190ab8f0379d3e8dbeff3c091f8f8e39a4f24c1fbe1d2253930e9,2026-05-28 15:29:29,['W000086'],['W000036'],[51226669],[51186279],51226669,51186279,40390,P2SH
ad6cc06dbcb3afdc4093a9a7c8b75b55d60d4e3ed3a397931dbae6519fd4af28,2026-05-09 18:58:40,['W000110'],"['W000140', 'W000043']",[74172582],"[53707916, 20408963]",74172582,74116879,55703,P2PKH
45d8cab89f5063d14e9168c5c9bca7589eb8772e529f204800cc433b1c8155b4,2026-05-07 09:06:27,['W000055'],['W000058'],[126944962],[126824544],126944962,126824544,120418,P2WSH
a95391c428fd954710976fc84d264d8b8328b6146f45ff25beddea3f62f1badc,2026-05-03 20:29:32,['W000005'],['W000139'],[36648771],[36618500],36648771,36618500,30271,P2TR
945f01e2284afafa098d9d8f5c254057609a19b85b74d64b42edd52838727b96,2026-05-03 02:48:42,['W000026'],['W000272'],[103398154],[103269682],103398154,103269682,128472,P2SH
101bdf7a7b328e9185d3841144e74e99a03db64368a0f140faecc75e556b7ac4,2026-05-16 23:08:31,['W000001'],['W000113'],[68601821],[68543913],68601821,68543913,57908,P2TR
91343ed55a337332c80d85c5712f8d89cb25b2ddf2f9a01767a33e17d173f7c6,2026-05-06 18:46:27,['W000208'],['W000012'],[133178743],[133018455],133178743,133018455,160288,P2SH
666cb92758d3737a1771e53a99b9a67bfbb399cb2d4d248500267396aa8ca6cf,2026-05-19 20:17:28,['W000005'],['W000174'],[225924857],[225751752],225924857,225751752,173105,P2PKH
77872c9367369e440d8196fb44e4b34a6a3cde7881112705d8f7b612cb7c7238,2026-05-17 00:09:31,['W000257'],['W000159'],[193237984],[193095834],193237984,193095834,142150,P2WPKH
56e243213628ea1fab992665b0ced54ca6f693c9f80155ace9fbce5bcf1b0c0c,2026-05-22 10:31:14,['W000076'],['W000049'],[348678884],[348286111],348678884,348286111,392773,P2SH
76e2c074b7d156e218a9d3bbb807cefe4c67a69d95addfee27831f09a5eff665,2026-05-16 18:22:29,['W000070'],['W000185'],[72593642],[72541859],72593642,72541859,51783,P2WSH
8539beb04bee22a0645ec439de11fca98181381e41163505a2d7436b4f631278,2026-05-21 07:47:21,['W000036'],['W000169'],[724023829],[723753770],724023829,723753770,270059,P2TR
fa5d4810bfac3c29be29c7c0e8ea9a6b8a40ec83037c4c27566d7e8818d73d69,2026-05-05 08:32:39,['W000090'],['W000066'],[65185322],[65114542],65185322,65114542,70780,P2WPKH
ebf309ad55c7f665c5077687204ef632586a43853cb6d50253fb133a4dfee48e,2026-05-31 18:40:43,['W000154'],['W000013'],[28993199],[28962725],28993199,28962725,30474,P2SH
bb6b801826c93a37ca1174e0656e38bad08561688342ed50060fe90116d90d9b,2026-05-23 06:35:45,['W000094'],['W000002'],[65499698],[65406562],65499698,65406562,93136,P2WSH
3595f611e622e5f978a619a6bc9e889d99f312e1d0a6c77c388f71de7be7f104,2026-05-31 06:28:58,['W000151'],['W000082'],[79523325],[79460078],79523325,79460078,63247,P2PKH
3644261169ac9784b4e7658e897fdeb0c3a331c4c2e6190900a1c65762b57dae,2026-05-15 21:57:31,['W000215'],['W000194'],[248282999],[247972955],248282999,247972955,310044,P2WSH
f19370b868cee090eabfc5fc2b3f993b54964647f9bb69f85a96aaf126472335,2026-05-07 00:08:59,['W000052'],['W000102'],[57017902],[57000625],57017902,57000625,17277,P2WSH
bfc7a22301070b0df7e65d0741634c9ec9c1bfeb637ab569717236e9e40c6f05,2026-05-29 11:32:21,['W000215'],['W000208'],[15036237],[15029952],15036237,15029952,6285,P2PKH
1bf937765eed321f22475fffaf4ba7c68d6303fdaf4223fc023a8e5405557645,2026-05-02 10:08:44,['W000061'],['W000027'],[16013527],[15992893],16013527,15992893,20634,P2SH
bb9129b2fd7878e3b182c7d59b441721202cc8fd10a0406eb0c7d0381889abd3,2026-05-27 22:21:38,['W000213'],"['W000054', 'W000199', 'W000080']",[135490591],"[8446283, 84137988, 42849655]",135490591,135433926,56665,P2WPKH
89e6d33325a85e1a2de778cae465b60b6eeb91684b5dbedb6efcbcb77e70aa97,2026-05-23 22:33:30,['W000086'],['W000229'],[54218900],[54163679],54218900,54163679,55221,P2PKH
5cc975e1f44b3a193b4091ccc1d3201bfca6927a6b4222a4f6f761dba998bde8,2026-05-29 22:03:58,['W000197'],['W000253'],[155444288],[155390134],155444288,155390134,54154,P2WSH
89e58f1d89b40564b3e309489821c0317a83b6281cb2f2f224f1b38599d69420,2026-05-25 07:07:34,['W000017'],['W000133'],[90574721],[90524367],90574721,90524367,50354,P2WSH
b054855ecd193808eaf2131b95d6b874c49a6824330a2fa1d70dfef5b13b1343,2026-05-23 03:09:13,['W000133'],['W000243'],[90613268],[90559346],90613268,90559346,53922,P2WPKH
507b92db632f8bb418c4bc8ebc030d39ec186da28cab069230c70d0c07e210b8,2026-05-08 14:22:59,['W000145'],['W000058'],[266020645],[265767874],266020645,265767874,252771,P2WPKH
783b47fe9b6d818ad3338aef86f3346a7346fd395ab716dbe7af40dee521a9ee,2026-05-12 02:22:36,['W000024'],"['W000038', 'W000195']",[56454550],"[33061160, 23329148]",56454550,56390308,64242,P2WSH
6ecb8cfd76250e3e2b7f32635d442e26c1bab57a981be579ee14023a1f395492,2026-05-08 13:08:00,['W000252'],['W000218'],[112533669],[112454406],112533669,112454406,79263,P2PKH
14b081e4b5c5820a6d7f389cacd8387ba053084d7b3edf0bdf6b1b1b0e311312,2026-05-17 13:43:13,['W000186'],['W000194'],[321638111],[321363358],321638111,321363358,274753,P2SH
8c06d2c4443ad8017b3eb1b4fff014f90cefb9bfb6d334eb955bb161f5650762,2026-05-02 18:44:00,['W000184'],['W000053'],[156089131],[155900944],156089131,155900944,188187,P2WSH
d329dcbb6768089825ed1c3f7f720ad37983530c1fa232163bc14447d60891b4,2026-05-23 06:47:44,['W000093'],['W000083'],[70177083],[70098324],70177083,70098324,78759,P2WSH
f1720cae2c132b821f9493d9a6cc91ec0600a8d5e160a89c5b4533b1303dd132,2026-05-07 17:12:17,['W000184'],['W000112'],[185084972],[184894546],185084972,184894546,190426,P2WSH
d2a2976c27819779855d383bb894022196c64000fa3f1a48f2f52ac9b47b8e5e,2026-05-29 01:04:53,['W000215'],['W000168'],[83552918],[83496343],83552918,83496343,56575,P2WPKH
1ea06cca6ad09f9091f65dcf43d71f9fdbe0ca6bfb18c9511683e4632b7278f1,2026-05-08 03:27:24,['W000093'],['W000208'],[96924488],[96888475],96924488,96888475,36013,P2SH
1f3fbf832d462a4be31856c87ba0f562df706fc8885a56f3b71efd2baf4f62a3,2026-05-21 12:45:15,['W000085'],['W000152'],[44454011],[44409889],44454011,44409889,44122,P2SH
7369df520f8e454a2c296273b79ebbabea48da3d503f0052ff2d6fe08af47ea2,2026-05-13 22:04:36,['W000095'],['W000139'],[55100050],[55026105],55100050,55026105,73945,P2WSH
ba61742744dadd3ada1a4c0a208886ef49ca4de49eb47f5190a1b9604b5327d7,2026-05-02 14:19:44,['W000150'],['W000107'],[39489664],[39470240],39489664,39470240,19424,P2WPKH
fc801e4daf3c11560840e0eb45d67496fe818b1b230279ea44bc7843bd1c57e1,2026-05-08 16:05:15,['W000253'],['W000045'],[15425380],[15414310],15425380,15414310,11070,P2PKH
71dcd5a381ec0468d9044f16177567c5df8780bf2698fbdf2f3fb831d9e4a96e,2026-05-27 20:15:02,['W000156'],['W000106'],[73065289],[73041319],73065289,73041319,23970,P2PKH
84be2928537d6ccd51f0a1faaff4726f3796b121bf41965dd3bd8e3f885185d0,2026-05-10 00:54:16,['W000040'],"['W000155', 'W000123']",[75804973],"[10090355, 65676108]",75804973,75766463,38510,P2SH
f2789c51355bc7a4c908508aab09bce0107d000df9cb85958f228ead01c775b4,2026-05-19 04:01:14,['W000170'],['W000031'],[26792044],[26762050],26792044,26762050,29994,P2PKH
1ab060817cc00f26a45242df79edf59f3f9c9eed698ab7aa9d2e820421f9e1dd,2026-05-01 08:26:17,['W000276'],['W000290'],[145632989],[145567223],145632989,145567223,65766,P2WPKH
962705cdaf092659459d10fb28b9cf2c0de49323f65a45e5189d7c1b6d712bd3,2026-05-14 11:43:29,['W000082'],['W000008'],[37236000],[37199523],37236000,37199523,36477,P2WSH
764f53b861f310525fc2f6e63c77bb36be5c192fc36af64caa402ce0cd234035,2026-05-12 06:26:18,['W000206'],"['W000141', 'W000244']",[22172684],"[13577282, 8578558]",22172684,22155840,16844,P2SH
de511ac44d9e352fc1a88c11486a878e9a927e2a6cff5a4159520d0ce6d57f3c,2026-05-06 03:22:34,['W000033'],['W000119'],[141440796],[141362741],141440796,141362741,78055,P2SH
822e2464f3d0371f806978cdda294a0ab8f2f548275468c6efcf24a975ab3c55,2026-05-23 15:05:23,['W000065'],['W000130'],[107050299],[106987833],107050299,106987833,62466,P2WPKH
62800b95e1c866d3d8738e1bb66adb680b0e642820aec7c3315887f2e36c07e9,2026-05-31 18:43:07,['W000196'],['W000102'],[182603277],[182470863],182603277,182470863,132414,P2WPKH
59e05b29075fd1f5b5df4c00269a1292a449f8758f7741066919a8581e1af3a3,2026-05-26 14:20:21,['W000272'],['W000279'],[183454021],[183225393],183454021,183225393,228628,P2PKH
3c68f860448c298db35f1a6888e08f141bada9ecef7d552d5d066b1095477ba5,2026-05-29 10:16:33,['W000201'],['W000089'],[25825447],[25812018],25825447,25812018,13429,P2WSH
e7555f26eeb3cb1d86a53b1197fd07cf064555061c17515a993cc8752c4360bd,2026-05-09 05:30:48,['W000084'],['W000142'],[10143119],[10130484],10143119,10130484,12635,P2TR
dcd2c76c916714c3a9c1fde0360d24732a5ecbbfbdeadadaf2e746b58d90445c,2026-05-01 21:51:37,['W000119'],['W000026'],[82889418],[82788657],82889418,82788657,100761,P2TR
0e1fd5793df2d9dc0725ef0b6f7e064f396170be3db90de7542ae41c3bea739c,2026-05-21 09:11:10,['W000011'],"['W000075', 'W000238']",[53923108],"[42164239, 11682937]",53923108,53847176,75932,P2WSH
23ef60a7c82760363b5f914e6265addf2da6abd79d58ed26f006ede8b25ac933,2026-05-28 18:56:39,['W000167'],['W000089'],[22853560],[22828631],22853560,22828631,24929,P2SH
c36ce116189ada77de3a5c1f6b259987d5acac94ffa35648f5a391a26ea1956a,2026-05-07 15:52:09,['W000103'],['W000201'],[4050876],[4046021],4050876,4046021,4855,P2WSH
1bfd87ea6b3471df205f35eafe9cdf9bc1e3634b89b291b5f142d508be7655f6,2026-05-01 23:02:13,['W000045'],['W000298'],[24581967],[24566126],24581967,24566126,15841,P2SH
d8196f8b11fa63a2db258b2bb3bdfe131c9c88458627c830d57960ef3e531889,2026-05-25 07:41:15,['W000200'],['W000231'],[111768437],[111716557],111768437,111716557,51880,P2TR
d95e3702e56757ff7e3135fae50c4f61be767e7e15939cae9ef88799638e493e,2026-05-01 03:44:35,['W000174'],['W000173'],[81330060],[81288643],81330060,81288643,41417,P2WSH
f7ee386c0889175d0bfa7d3cff7343b020f45eadf6a4da23fbc8083573568a34,2026-05-11 18:47:56,['W000234'],['W000269'],[30434680],[30411848],30434680,30411848,22832,P2TR
318e13516ea74893ee68b5cec0ab9d73cb6818e6b1233495914402cde5080b7b,2026-05-27 20:49:08,['W000035'],['W000154'],[36770958],[36718521],36770958,36718521,52437,P2SH
b2385a794f2e892be13f22292f66dc5d663daeeb8d2b75078bbfc6a1be8dae10,2026-05-12 01:30:55,['W000127'],['W000219'],[62672508],[62605227],62672508,62605227,67281,P2SH
d212cbc620d8994ba72b3254be9721e2e606c1d455f4daf20b8eeac25b0a24ae,2026-05-11 14:01:24,['W000258'],['W000024'],[26341008],[26323476],26341008,26323476,17532,P2SH
f5fe8dbe9702f1eb41a7ada02102aae54f46e442b882176754b294202f91830c,2026-05-22 11:52:41,['W000016'],['W000107'],[2091471637],[2089653145],2091471637,2089653145,1818492,P2TR
9bd33d70a9d1a9141c1c16aef5f3407a4edd2a57213754b0ff7a46a36ab1fad4,2026-05-20 16:07:17,['W000150'],['W000106'],[146674858],[146459691],146674858,146459691,215167,P2PKH
88ce8bdb26e00206c79d031a6da446eee452368568b1a74a5a18ad01ce038b2b,2026-05-01 02:19:14,['W000189'],['W000273'],[106636545],[106515316],106636545,106515316,121229,P2PKH
c98f819a7b4cb01e244efd9c0ad6c63820fb1f772f0a5860f3c2935b51124ea5,2026-05-16 22:48:32,['W000001'],['W000231'],[87094316],[86966045],87094316,86966045,128271,P2WSH
00506831e5b875e04afaea84b4560dc981cc9b04b01cdcbb89131cb9a61ed0f9,2026-05-08 17:38:15,['W000206'],['W000214'],[76506426],[76406131],76506426,76406131,100295,P2WPKH
724d3b1f5067ff4c378ded41d6026b712d6b3f1aafd6e78c8339d9b86d17801d,2026-05-27 04:57:20,['W000002'],['W000059'],[48135672],[48098594],48135672,48098594,37078,P2PKH
4c008d001792a78530ae90d9494c90891f30cc27c1fe30131d1e39802d78275e,2026-05-13 20:14:15,['W000144'],['W000168'],[135151766],[135057051],135151766,135057051,94715,P2TR
57a6ca19349e63a517d898a89d29c39610b6412de16c523ddc13feaa116e043f,2026-05-29 23:10:18,['W000010'],['W000081'],[227402756],[227184090],227402756,227184090,218666,P2WPKH
26a949cf66824e5d770f8e60a43d094468ed09eea3d7fd826b8df8148e043680,2026-05-18 05:26:29,['W000114'],['W000219'],[10738543],[10725145],10738543,10725145,13398,P2WPKH
9e7f856febcf75a95564bf7eb8817cdb7d375f83f468f5a8c628b532c7e68970,2026-05-26 03:14:47,['W000190'],['W000206'],[14874273],[14858657],14874273,14858657,15616,P2TR
cf650f7d5c1548b64c517bffcfad6c0649245faa0ee25f841b747e67a6b7e31a,2026-05-03 10:50:02,['W000132'],['W000270'],[43930944],[43910975],43930944,43910975,19969,P2WSH
d484068f0c6cbef7c48bba21e2cc56f4b14d631082922104dac9575b43e98538,2026-05-22 21:22:58,['W000096'],['W000224'],[34149395],[34102466],34149395,34102466,46929,P2SH
d808707224ce717cd48d08adcf0c1203fce39e33c73c933cea1f600121705f46,2026-05-30 22:47:12,['W000035'],"['W000158', 'W000118']",[131858633],"[115488064, 16298713]",131858633,131786777,71856,P2TR
cea9f6a9fd083ed0d3c6bab3c6f468412af7bbc98818dfe5b327411e17fe901f,2026-05-12 08:05:05,['W000173'],['W000016'],[70262261],[70188707],70262261,70188707,73554,P2WPKH
f5fce82b632cb361af484d4542037a71d6b93ba42f5e12029eb65df3ace2d156,2026-05-20 20:33:58,['W000052'],['W000172'],[175991549],[175873363],175991549,175873363,118186,P2WPKH
6b2e926a26c83f443d328088182c5e191da863a40e7a67132ead0f87a3050ad1,2026-05-04 00:21:47,['W000116'],"['W000092', 'W000024', 'W000076']",[442299777],"[39964516, 111632939, 290312597]",442299777,441910052,389725,P2SH
d9a191a83410029d0d98959c0b5636749be46749b94a8cf87f82996ff6b024a0,2026-05-14 03:39:37,['W000253'],['W000228'],[152896667],[152792964],152896667,152792964,103703,P2PKH
7f7a7bf7112aafa247debeab2dfb0275992264e1734c28583c7428b0b8c84bae,2026-05-24 11:06:36,['W000123'],"['W000086', 'W000277']",[65073987],"[27940656, 37110917]",65073987,65051573,22414,P2PKH
60db2114f16cf84f0c7ceca94afb21d899a2ca6ad99a06bd3e1017e13508dfda,2026-05-13 15:35:18,['W000139'],['W000202'],[86067861],[86037198],86067861,86037198,30663,P2WSH
fa0e560a74dfb6dee74a4725f33fa20b9033f00bc2565e3bfa93f5b1b2ccde5c,2026-05-01 21:24:30,['W000128'],['W000281'],[71233906],[71146806],71233906,71146806,87100,P2PKH
c7afbf26a2c9ae36537bf6d661580d76b592249f87483e832ea2e8447536546c,2026-05-14 17:07:06,['W000224'],['W000106'],[33270930],[33253369],33270930,33253369,17561,P2WSH
d26a8ec783d6426d9406ca9caaa3a0870d6c2a5ff362de7bfb86e83d610b78a2,2026-05-03 01:35:10,['W000087'],['W000061'],[88795083],[88674067],88795083,88674067,121016,P2WPKH
f73e168ede6053f51af18c5b507b9082587c4fda1d50e03882594a855e74c673,2026-05-28 05:28:09,['W000025'],['W000206'],[14129092],[14118016],14129092,14118016,11076,P2WPKH
1448511b4e83fdfba888baae06c064556eb140dec7b4b0a9ab1eef9ec08aa7b3,2026-05-14 05:38:41,['W000187'],['W000030'],[409034351],[408460787],409034351,408460787,573564,P2SH
bec359523fdc8ae9d4ceaf3fa1197699a69e0e3b6987b4860f40db029dab3d00,2026-05-21 10:45:43,['W000249'],['W000209'],[18442351],[18416395],18442351,18416395,25956,P2WPKH
62ddb528d36038f685c86ab41aa833eacb76192dd7ffe9dddfe174dd1f7053dd,2026-05-03 00:23:09,['W000203'],['W000224'],[127756885],[127582559],127756885,127582559,174326,P2PKH
c96155aaef5a73156bd137f4de971536d1a4c7523549dae3132be81bff0a5d2c,2026-05-10 17:03:10,['W000236'],['W000300'],[46382681],[46336792],46382681,46336792,45889,P2SH
eb5af42959e8e1e7b7c73385610646f3ca88175baa3725a010c6f4572a8c8e85,2026-05-16 23:45:10,['W000116'],['W000009'],[73644953],[73592118],73644953,73592118,52835,P2WPKH
34f91a3c395bece8dc536b384ec2d64a822247e6b9233e6b0e483a797ad33601,2026-05-20 18:39:24,['W000195'],['W000211'],[16103101],[16090096],16103101,16090096,13005,P2WSH
a1b5d6c54a7a6d06fc2d84983e8bab74ab7bd9fe60411f2aef42be21292ccda8,2026-05-04 07:03:10,['W000226'],['W000047'],[27231045],[27211542],27231045,27211542,19503,P2WSH
8ab124f8f4c76cb39c5a2bffa6ad9bcf9fb9af4352d330f1ef121b2cab5a471e,2026-05-28 12:47:53,['W000136'],"['W000137', 'W000189']",[11714544],"[5209010, 6501255]",11714544,11710265,4279,P2WSH
c7458f4c5d55df606a5037e907f080dc48948d6714450a489c17753a2feaad9d,2026-05-20 05:21:34,['W000281'],"['W000192', 'W000240']",[9899006],"[8330772, 1558826]",9899006,9889598,9408,P2SH
2d9b901209ac4c30bb5ffdf3b2f21be1a01745ef4e78e2f728a96648bdb6a90d,2026-05-07 23:22:18,['W000246'],['W000069'],[42307951],[42248472],42307951,42248472,59479,P2WPKH
90c41e5f387e3cd8275b52a63f81f1704bc3696b4a90b7f8d33fb03ef476df80,2026-05-22 07:49:01,['W000243'],"['W000082', 'W000115']",[70110160],"[62595274, 7445458]",70110160,70040732,69428,P2WPKH
4f9da3e9ab165945decdbc0ce406a021afd12f4cc99f8db1a345e08d497258a8,2026-05-07 17:07:52,['W000109'],"['W000255', 'W000037']",[89289836],"[1647819, 87579722]",89289836,89227541,62295,P2WPKH
2f4e56de9bb085bcc338d03c1622b3b31911795f16d59506388cd9691638425b,2026-05-07 00:50:23,['W000016'],['W000203'],[33418715],[33368872],33418715,33368872,49843,P2SH
63582f8bd6bdc42149610723d84bba003e791f9ef92f673d33771db756f69009,2026-05-20 12:08:29,['W000153'],['W000015'],[196468802],[196397517],196468802,196397517,71285,P2WSH
551fe1d613737727471b1eb27bf7acdd8c56926d5f9f42a1c540bef26f3f6402,2026-05-23 22:59:16,['W000153'],['W000068'],[149305696],[149176115],149305696,149176115,129581,P2WPKH
008893cae0a0dfa3100ca40fd7f0e0d5088115cc7691264d9d1c86e39ed90bb5,2026-05-13 17:41:08,['W000211'],['W000145'],[68491942],[68462807],68491942,68462807,29135,P2SH
bf8e9ddabafdf7f69e9ba382caf21357e9dc22c063d3389bb5df57db66976eab,2026-05-22 04:34:51,['W000152'],['W000068'],[26571094],[26540210],26571094,26540210,30884,P2TR
10281843df69a1fd00591ab591b369bebc7358b9ba9dd17d0b12679dd11d616e,2026-05-31 22:07:46,['W000083'],['W000238'],[206164417],[205910996],206164417,205910996,253421,P2TR
b8e14be51c12d3c791a08942701e8b392a5be62fe3fbe797733a4a0451a8c9ae,2026-05-19 15:52:52,['W000040'],"['W000104', 'W000132']",[66543976],"[28775158, 37702944]",66543976,66478102,65874,P2TR
1b0b1c1c5604b343e9c969428290bad58fe34ee65645c1eb1e9951c74f0f84b7,2026-05-03 11:03:51,['W000279'],['W000073'],[41356652],[41323467],41356652,41323467,33185,P2WPKH
690b74ce2ab383b2a39c908efb748a4fe9138d25a19aeb639fec4cef3d30c805,2026-05-21 22:05:49,['W000141'],['W000199'],[63749534],[63668571],63749534,63668571,80963,P2SH
abc0a52a5f73fd04b74ced12a2d2ea1618e7a72a34b7c1f8d8725f1a805ba8e0,2026-05-15 16:28:50,['W000134'],['W000264'],[72126905],[72035881],72126905,72035881,91024,P2SH
481d50963ba7021d6270130ec0c89b058905b8df6782742ca62b050ac7386d0e,2026-05-03 04:41:15,['W000171'],['W000278'],[76715634],[76623879],76715634,76623879,91755,P2SH
7ed2628b95facce8cc7ec1abc7837f8b34f6d036fb68dedc475ebc6e558169df,2026-05-17 08:12:31,['W000079'],['W000187'],[39044594],[38990040],39044594,38990040,54554,P2WSH
0332cb1032c6476b2cad3046c7ebfd541ceeb5fc8714b551597fbc0d125378f9,2026-05-17 08:22:47,['W000281'],['W000222'],[36942128],[36895518],36942128,36895518,46610,P2PKH
2040fad5524e20da91600910e6e5465561d40517176083eaa7a817624cd8a764,2026-05-18 14:25:46,['W000188'],"['W000059', 'W000159']",[167262257],"[81805384, 85255233]",167262257,167060617,201640,P2SH
7f8d29521ba574d66b35da0bf0855f40f4aa1f36e4aa330e4a5c2380107550ef,2026-05-27 15:12:26,['W000193'],['W000085'],[35018987],[34999666],35018987,34999666,19321,P2WSH
29310dcf87c54019a70080507fb1444ce9def12bc91f4b9cbb2affaed8c9f65b,2026-05-26 17:03:53,['W000047'],['W000152'],[68679320],[68581777],68679320,68581777,97543,P2SH
53c54b20b13d99f26583930b6e9458657686177149f27d320dd75aedbc124cd1,2026-05-16 08:35:03,['W000140'],['W000279'],[87076110],[87020671],87076110,87020671,55439,P2WSH
682911db376c6019a471a6b9b5db51a863f92844a35da3c42c761096b7da4088,2026-05-27 10:33:31,['W000277'],['W000021'],[584107421],[583684942],584107421,583684942,422479,P2PKH
1273f66610fe22fa3696a0c23b151d49e76052ae338f328a204f7003ce7fbeec,2026-05-25 12:58:57,['W000135'],['W000106'],[84603671],[84537823],84603671,84537823,65848,P2SH
8e6f1e5aaac623dbf1812021bc565825d9d92cf8cd99be73760f9bf8b6bf6a1f,2026-05-08 12:13:21,['W000298'],['W000277'],[62247361],[62221345],62247361,62221345,26016,P2SH
d1ebd3ddc572aa755dfd5eee54cce161c514e58fb3527c8f7ce1ddb138991cfe,2026-05-19 19:36:45,['W000284'],['W000119'],[73582814],[73507100],73582814,73507100,75714,P2WSH
ffd5fa4e7f03e1104810c5cf9e0578dfa685854942585d60abeaf18d60f1860a,2026-05-10 06:32:29,['W000174'],['W000230'],[10479263],[10466488],10479263,10466488,12775,P2SH
bb2d6d93fe2852cdd83ef1f122c408afdbd827eb1bdc234b6b9052034966779b,2026-05-26 11:26:00,['W000245'],['W000114'],[59430162],[59390141],59430162,59390141,40021,P2TR
2ae46e1b005583a1256d28a8f9c296e6347d3a8146abbf14057c58db315e36cc,2026-05-03 09:20:41,['W000102'],['W000229'],[9314085],[9304566],9314085,9304566,9519,P2PKH
0699fa01aab3df3799dce809dd2168118729a6b729d9076dc622e8eae010a815,2026-05-21 16:44:08,['W000263'],['W000211'],[24793243],[24783830],24793243,24783830,9413,P2SH
6b0ba7d9dde73e39414588520118012d3e9f827b0111edfc91572f714810e38d,2026-05-22 23:47:24,['W000083'],['W000076'],[81448422],[81348336],81448422,81348336,100086,P2SH
81759e9f6680d628926f1ee3048bd8a8afb0ef13973bf1b0bdba61813bad859a,2026-05-04 08:21:31,['W000282'],['W000131'],[70099430],[69998762],70099430,69998762,100668,P2SH
d8f2a29a214a9be5466cf6798b69ea97365e113b75935a4719a8fad8c8621ae2,2026-05-04 23:55:21,['W000250'],['W000059'],[43268910],[43209326],43268910,43209326,59584,P2PKH
82cf8b2dd73618bf9422b73c511edd9e0c4792bb282a0bbfb348c73c865c1df0,2026-05-02 06:05:40,['W000066'],['W000065'],[63418578],[63325650],63418578,63325650,92928,P2PKH
ef075b858a4c4df194e3ea4377380a70d09b8068a83268cb401d5647265c850b,2026-05-21 02:11:06,['W000223'],"['W000001', 'W000072']",[161551302],"[31079637, 130269384]",161551302,161349021,202281,P2SH
6756dcc028752673afdca242f222969dc30543bbffe2f7e75d61d1343104a572,2026-05-14 09:39:15,['W000207'],['W000151'],[18798182],[18782747],18798182,18782747,15435,P2WPKH
da011212fc06d40503db5921ba922f82fd283a1cfe75bb846233c59f6aad8280,2026-05-28 13:18:55,['W000183'],['W000197'],[346099435],[345730068],346099435,345730068,369367,P2WSH
77a2a3af1cdc489494ba20c0b15acc867ad7db677150401854fb98bceb87776d,2026-05-09 16:26:03,['W000172'],['W000107'],[33800005],[33770352],33800005,33770352,29653,P2SH
12e8c8a94b09aacc060dde2c6cbe88b5bd550958ce426640ea104f3bc8b3b8d4,2026-05-15 04:40:59,['W000102'],['W000048'],[6502897],[6496912],6502897,6496912,5985,P2TR
3cec6f8522fb695136641a80bb80e2d89a751dc6e6e50dafd039999d831a1a4b,2026-05-22 03:19:55,['W000218'],['W000100'],[10770435],[10766432],10770435,10766432,4003,P2TR
c0bf34ab9203eb1030d959bccde550f7329a7e253ed1dce0f05618120ba01e02,2026-05-31 15:31:34,['W000054'],"['W000008', 'W000250']",[97506934],"[6685799, 90713325]",97506934,97399124,107810,P2TR
5ffb650e34bb8825495f9d149cd793e5b77f4591b8abe52d3df014872a27cf04,2026-05-21 18:26:20,['W000102'],['W000037'],[43808190],[43794405],43808190,43794405,13785,P2PKH
0016b05644ce8e77ab5820923c6f3b8602765c796508033c107f44b91c2ed60a,2026-05-07 16:54:16,['W000087'],['W000049'],[12921232],[12916187],12921232,12916187,5045,P2WPKH
6ece3beadeaae8d1f0fab49ba287ae2fe998b338fab75ddf6ce44bce63a634b8,2026-05-07 15:11:08,['W000143'],['W000165'],[7704375],[7700771],7704375,7700771,3604,P2PKH
460a149732b9e8006b002441caca6c1477851f3d7af1c09e97ec8ea0641a61f5,2026-05-12 01:26:06,['W000090'],['W000266'],[108536007],[108459746],108536007,108459746,76261,P2WSH
e9c1a99d415d36d0bb22ddcb1934d1f4b188c0bf26929e1f4954469812129030,2026-05-01 05:47:53,['W000089'],['W000264'],[45317526],[45264250],45317526,45264250,53276,P2TR
9fce73cad4ab0173c1c59f589fda2a700d4d50f95e6a5fc0691322313dc47f2f,2026-05-12 06:21:42,['W000183'],['W000048'],[39025929],[38996851],39025929,38996851,29078,P2WPKH
9f9073e3a2e33d7805643dd89c4ce73ca380f3e27fe5f1a40a772e763884c2a9,2026-05-06 02:35:51,['W000137'],['W000191'],[25601842],[25589269],25601842,25589269,12573,P2WSH
eba93e696902c4ec22229285ad24ecedf0fd1305b4efcca4a65e33886fa0290d,2026-05-24 01:12:23,['W000042'],['W000236'],[437049272],[436527464],437049272,436527464,521808,P2TR
3513e2b85661a5a23c70bc71fb4dd2b0069530f397dd57bcfaaea130ed87447d,2026-05-21 01:07:54,['W000052'],"['W000077', 'W000153', 'W000298']",[50293571],"[15742118, 18617543, 15885847]",50293571,50245508,48063,P2PKH
379351854025b007aea926b4eba77cd303683eed6fdf9b707a537a85919d2d87,2026-05-12 21:15:46,['W000012'],['W000108'],[52260599],[52196318],52260599,52196318,64281,P2PKH
b1958bf82c4d86bb7686d054fdacc56adae79f255cf943fe1da39c0ac384d80d,2026-05-09 22:18:35,['W000166'],['W000074'],[85548012],[85445288],85548012,85445288,102724,P2SH
03972909ed09f6ee457593d9d5244c8a9127386106027b3ccbf35963a3b78c41,2026-05-06 07:58:11,['W000093'],['W000198'],[122631992],[122528761],122631992,122528761,103231,P2PKH
90b7c3160118df49daf4d1b02452adaba3298c08c9e5ccda112ca654b69e3655,2026-05-12 23:39:27,['W000298'],['W000018'],[86707390],[86580236],86707390,86580236,127154,P2SH
51ce81aa5f5ad2f707da950a7acfa28e1829452d5c956b4365fe8d7b8fb5faf8,2026-05-05 07:14:21,['W000032'],"['W000224', 'W000254']",[74676509],"[63940300, 10704511]",74676509,74644811,31698,P2PKH
81da092bbc6d21076a88fe2bd5fdb3c90f848ea5032d50ebdc46ef6666a41c4a,2026-05-20 14:55:30,['W000279'],"['W000038', 'W000021']",[37265588],"[16291171, 20940792]",37265588,37231963,33625,P2WPKH
baf6755789eac384925094276694659e930735b456e654b88f6142b11c16936f,2026-05-24 13:50:20,['W000052'],"['W000197', 'W000031', 'W000041']",[33969733],"[4203496, 24104558, 5643202]",33969733,33951256,18477,P2SH
6d9df86df389ae62a9c31a5b5f3be5ffac54237847be3834611e4cead44bb93d,2026-05-06 18:54:51,['W000068'],['W000237'],[123128532],[122953608],123128532,122953608,174924,P2PKH
ab61419b5728872a3e6afd9f60653bbc2ac8d50e59334da62d99ff3d8099b309,2026-05-08 08:48:13,['W000061'],['W000025'],[23714830],[23698282],23714830,23698282,16548,P2WSH
e7c11b2b2c8a6f6f6390b15264e6afedf4dd482774cebf43f134a891b1f2721d,2026-05-16 03:22:32,['W000039'],['W000188'],[13525561],[13513931],13525561,13513931,11630,P2TR
41d50ffd12935db6737ff0cb0e9754dfb0b73e1cd95171d24e4c91038539e85b,2026-05-18 22:12:02,['W000055'],['W000176'],[48973461],[48946534],48973461,48946534,26927,P2WPKH
aeff4ac12518cb916d9493de44396e0af8a37218ba3c9ee8a81185acf1bd1dda,2026-05-18 19:32:14,['W000014'],['W000005'],[45663648],[45599483],45663648,45599483,64165,P2PKH
73aa57f43cfe6af2947b7ca15660a7012b3dcc3b2024ad96dcaacd8319ce2ab2,2026-05-01 05:59:52,['W000002'],"['W000212', 'W000211']",[57988274],"[29806812, 28157087]",57988274,57963899,24375,P2SH
d7d01559038a4399b2f47c85e063c4a1f458a4777f7b8343e453604b707c35d6,2026-05-07 19:07:11,['W000118'],['W000076'],[15712384],[15702434],15712384,15702434,9950,P2WPKH
4ce404337a346fbe04cd30af7f3d08ac4bc387426303c5dc76eea3b29c5ebf8d,2026-05-22 12:07:41,['W000075'],['W000273'],[399001930],[398743728],399001930,398743728,258202,P2WPKH
27da41ee007d4638eee717311901d7580ce3e90c6e2af98aa337a0779d7d71da,2026-05-14 23:26:27,['W000241'],['W000233'],[13372406],[13364812],13372406,13364812,7594,P2WSH
acf9434cf4274056d274686b334242871ff12946bfeab73e836777b74b29e5c4,2026-05-27 19:46:00,['W000166'],"['W000254', 'W000192']",[75034744],"[49639030, 25356405]",75034744,74995435,39309,P2PKH
6759c13b01a4c53a51061939a1daffce22ccb0fd2530eff74afb68951e086e22,2026-05-12 08:04:48,['W000232'],['W000191'],[50011595],[49969936],50011595,49969936,41659,P2PKH
06cd7799e784d3a63e43cfd49dbfeb850788ecc342ca5422b6d9a01626a1b81d,2026-05-15 08:35:11,['W000138'],['W000257'],[127659087],[127619388],127659087,127619388,39699,P2WPKH
b2487082d6d604d06b6af7b7f576a3a4ce17d9b91a9ea15a05405800c51b7a52,2026-05-23 01:22:42,['W000065'],['W000171'],[46805497],[46765701],46805497,46765701,39796,P2TR
448dbeb607aae686fb6299a749d0902eff53cee18ca2f2c7cc7afa0d63ebd966,2026-05-31 03:01:52,['W000174'],['W000150'],[137524507],[137396550],137524507,137396550,127957,P2SH
54215239427d7b97870de397557c984d44f2f375ef3de20b6571ee7762ce1bdd,2026-05-05 19:35:11,['W000249'],['W000081'],[139095735],[138986027],139095735,138986027,109708,P2TR
acad60d4f153dd17854d0b09a2aeac4b16d24bcef3ab5daef4756ee2f4fdfdeb,2026-05-15 15:56:14,['W000273'],['W000004'],[9713028],[9702620],9713028,9702620,10408,P2SH
eee42599372249e8b435af08bdb34c8a00afcfea3763a0ad7a04a559edf73aca,2026-05-25 22:59:47,['W000189'],['W000159'],[129744132],[129683923],129744132,129683923,60209,P2SH
9d0978479b73d5b808180abd3edd7b7c16c776428c8530bd5857144be2b15649,2026-05-06 17:47:39,['W000152'],"['W000182', 'W000101']",[142616533],"[21503982, 120903070]",142616533,142407052,209481,P2WSH
9bae18824e9b055a86b91ceff7fea65ffc95e08d7cea027b2678a8865ad4f67c,2026-05-02 06:52:40,['W000082'],['W000166'],[56034860],[55969544],56034860,55969544,65316,P2PKH
48604d7795294a53b4868229c44567603e10e72f68caf87dba2a5cd6a786b07e,2026-05-31 13:04:14,['W000245'],['W000105'],[38138248],[38121173],38138248,38121173,17075,P2WPKH
1ba81d41b5662350e0b76c143309a9625f75b8a1013fd13b8e73f1852621f3e4,2026-05-25 04:11:20,['W000043'],['W000161'],[163894285],[163733053],163894285,163733053,161232,P2TR
9141b15ffc3d4b9af488bd184270bdde6e94e73f3976adddbd2bb7853304112e,2026-05-24 19:55:36,['W000284'],['W000255'],[43123595],[43064317],43123595,43064317,59278,P2TR
d8e630776167dc416f277ef56cc85c8acae2c3d29aa7f23f4287329bddf20cc8,2026-05-22 14:35:53,['W000113'],['W000190'],[29061696],[29019421],29061696,29019421,42275,P2SH
6165fc257df110698af72f2579ee51289da41e972da99299c1d8ddfa058d366e,2026-05-08 23:52:26,['W000143'],['W000149'],[417136860],[416698629],417136860,416698629,438231,P2WPKH
f25335f44241ccc9633668c9e467ce01ecedb125c2e11ed81ba12493b992c236,2026-05-03 15:11:24,['W000216'],['W000231'],[230149646],[229865837],230149646,229865837,283809,P2WPKH
a0e7c7ccbef31541c64ee889330cc15cf19722f0ae400d275590afe59bb084d4,2026-05-08 03:40:06,['W000101'],['W000254'],[547884946],[547531972],547884946,547531972,352974,P2WPKH
df2df3e5c3b083f20f9ba8c0aaf63cfd2fda70edd91d0a2a08c549bb12695740,2026-05-10 21:13:29,['W000118'],['W000273'],[23529377],[23500460],23529377,23500460,28917,P2SH
cbe953bed1aa02128aa49e497a183aad7de9fc8358254e8b6502a18eea7fa0b9,2026-05-13 06:54:52,['W000279'],['W000109'],[45109792],[45044997],45109792,45044997,64795,P2TR
20d3f04d9de630af5e4b1e7d9b25e2cdfa3a3f742121574734ab55a3bf389ee9,2026-05-08 01:36:10,['W000134'],['W000048'],[18118246],[18111127],18118246,18111127,7119,P2WPKH
421cc4ff15cf041477509dcfb89dd559c64026e0c1b360ada377b00c975573a1,2026-05-14 21:01:45,['W000131'],['W000032'],[30661276],[30637914],30661276,30637914,23362,P2TR
6a60ff967198e45b6ef0c9974576c062873bbd0a7dfb1a01a6be59b62a457fda,2026-05-24 04:06:30,['W000159'],['W000182'],[58702416],[58677542],58702416,58677542,24874,P2WSH
62e235a7a9255ecbdb559a66b1cfbdce02e2f8204d83bcb0030ebe260d860f00,2026-05-30 12:36:09,['W000020'],['W000238'],[236525214],[236304646],236525214,236304646,220568,P2TR
efff0a34b933e32b14573ef17e84dfc0792dd53474efea4d1f9ce2942ed9d8a0,2026-05-06 11:26:52,['W000044'],['W000242'],[136298124],[136148633],136298124,136148633,149491,P2SH
d7127e6769fd8d3f4ec723af3ca3b507c8fe2ebfaf706fd889ac511f7389375c,2026-05-29 13:08:32,['W000179'],['W000227'],[116149507],[115977041],116149507,115977041,172466,P2TR
66c8e6acf263ff28e5899a10fb20e3793cd8be028a3d206775527e07a1a8a760,2026-05-27 04:28:36,['W000138'],"['W000221', 'W000282']",[41468920],"[40166869, 1282066]",41468920,41448935,19985,P2TR
ab4649ab75619245251f2380e942fbf5b0a4b12c2feda643978f489c3e8ac494,2026-05-16 08:55:50,['W000036'],['W000032'],[29366801],[29342963],29366801,29342963,23838,P2SH
9e1c649efe92cd85be763d7d5b3440f87c1f9b9a038df70c40f67c32ae644d02,2026-05-24 11:38:41,['W000244'],['W000060'],[34872460],[34834695],34872460,34834695,37765,P2WSH
3742231efa55c6227ef5501034ddf0028ddc2deae4831f4afe4432cc281b7353,2026-05-17 22:22:48,['W000248'],['W000229'],[1003760003],[1002333048],1003760003,1002333048,1426955,P2TR
f7955e025b5126b04ed544828d14be3b2a3612c17d52a963b406bb1e933868ab,2026-05-02 23:24:34,['W000194'],['W000121'],[4742937],[4740648],4742937,4740648,2289,P2WPKH
4a10e10bb4d0b682ce7f177af4605d20b5facad73e280fb0c899c407351899bc,2026-05-18 13:34:51,['W000146'],['W000125'],[30901668],[30868646],30901668,30868646,33022,P2PKH
c0697f740fb335365818b91ada17de254d2de46bbde801bdc5908023c9d3494e,2026-05-17 07:46:33,['W000234'],['W000105'],[28797648],[28776632],28797648,28776632,21016,P2PKH
14ccbda335fd07ff4b999fd85e75f480ba0d2e3fba3490801e57923535b2ab7e,2026-05-05 10:44:38,['W000254'],['W000209'],[48618029],[48580525],48618029,48580525,37504,P2WPKH
7eb2801c50e117471016b74c2b61350ea52084d0da27c10eeca330b390ad6e96,2026-05-03 09:49:21,['W000045'],"['W000195', 'W000009', 'W000165']",[113710066],"[55667467, 12868107, 45010155]",113710066,113545729,164337,P2SH
2d17fe8209d487cb8e6fe6d4d26d240139d4d692aaadad9b62d7242a5eec9ea3,2026-05-03 19:49:20,['W000030'],['W000027'],[59609797],[59560200],59609797,59560200,49597,P2PKH
a234d56e95ebc1caa4e14d3d73fa4d6be624a38897d0b860624e5c5e1717c2da,2026-05-03 09:31:08,['W000135'],['W000215'],[46807044],[46763020],46807044,46763020,44024,P2PKH
dfc440d67a7ab1d16eb94fa0115b4d0f476071e69a9460f02c3c6884b337a0b5,2026-05-27 15:01:32,['W000109'],['W000127'],[55538081],[55502078],55538081,55502078,36003,P2SH
c7e9feee45a67cbe42243d5b9998280c321a4eda6538a5d82402647c393408cf,2026-05-06 00:59:20,['W000208'],['W000220'],[43160863],[43127295],43160863,43127295,33568,P2SH
de9a438993a6355150366ddea0dc5c0922701b272789f141e12cf943a8a7dfeb,2026-05-08 20:07:13,['W000236'],"['W000089', 'W000082']",[21490893],"[21012943, 456807]",21490893,21469750,21143,P2SH
009389a3bbed2ee45e8fc5f3fbe5f05b6a3c8b49e65f374b2863fddd56686830,2026-05-15 03:32:42,['W000124'],['W000298'],[58577462],[58526130],58577462,58526130,51332,P2SH
ab6c8efa1434ede34d50445b9582e891e6312d59f15bc7429b5261bd796e8482,2026-05-02 10:10:03,['W000038'],"['W000150', 'W000065']",[104713276],"[56531525, 48089665]",104713276,104621190,92086,P2TR
ce199ccce3ee1bbb5516d3cf640c11b1b379e5ef196e532fbcff07d133cc5038,2026-05-04 21:31:53,['W000059'],['W000221'],[46079416],[46051111],46079416,46051111,28305,P2TR
e27a9ae26ac89e64505b2faf5ee85bfc0a6bdbf0bbc85161aa8643b4a970ff1b,2026-05-05 22:27:37,['W000077'],['W000007'],[13259372],[13247544],13259372,13247544,11828,P2SH
2f8aedacecd6948f3d4d319b33637d40d25247bb47038d7460b427fe18039ba9,2026-05-03 00:45:22,['W000007'],['W000257'],[66484801],[66402188],66484801,66402188,82613,P2WSH
37fa4cd678755c6e9b35924c8d8b6af5714a76913988522e72fff167888d3559,2026-05-20 19:21:44,['W000254'],"['W000195', 'W000279', 'W000253']",[117757333],"[51842106, 30446340, 35386885]",117757333,117675331,82002,P2PKH
9c54e9c34a39b21613d24e81e87b284dcbb1b6cc2a6e4dce1b1f513cc0f2a2bf,2026-05-15 09:38:59,['W000288'],['W000118'],[280566384],[280336036],280566384,280336036,230348,P2WSH
e98c2699f4875fc7b86ac69101a6e05bc4f232297cc578ebc959b3ace1fed08c,2026-05-12 19:56:05,['W000082'],['W000211'],[175370767],[175265162],175370767,175265162,105605,P2SH
37ae444b7fb77fece8436ad9994322a24c8f4e68c3fd7340d3fb89716e0c2fc0,2026-05-10 13:36:27,['W000144'],['W000101'],[81693392],[81579971],81693392,81579971,113421,P2TR
5f9824b0f7279032908a5fb941deb91d434d7a147a97b5401a8ec3ee917e2b00,2026-05-28 03:23:32,['W000180'],['W000020'],[154036344],[153806684],154036344,153806684,229660,P2PKH
53065bfdee44d31546f686f2b7e9202ec27a056107d508857d6351732bdda547,2026-05-11 20:44:32,['W000252'],['W000170'],[80169648],[80090174],80169648,80090174,79474,P2WPKH
bbb03886e4ec18f0e3e27dd6237260c0da3640c9a7198bab41f0d8851813d6b4,2026-05-06 09:20:07,['W000027'],['W000272'],[8594494],[8588387],8594494,8588387,6107,P2PKH
0c43f1aa4d9519943756ad916f958420cec745a5dbc0b98099a6b9f74948a53a,2026-05-10 16:46:46,['W000127'],['W000199'],[360728658],[360203442],360728658,360203442,525216,P2SH
a78ca46847be5d839ac91fe630d0b7b4f1004b9590a48f76529199ba6f0137d8,2026-05-20 01:00:36,['W000082'],['W000031'],[48693042],[48664382],48693042,48664382,28660,P2SH
b166eca7c1de98a072bbd0e8328c9cef7851a675f283dc106dc7fffd52cada8e,2026-05-14 14:41:10,['W000118'],['W000273'],[236311402],[236142915],236311402,236142915,168487,P2PKH
c3ee055565bae7116e0a20d13cd34562af34feb0d61b1604bd7633fa73a38061,2026-05-23 15:34:47,['W000095'],['W000033'],[21186167],[21163828],21186167,21163828,22339,P2SH
6be283b566eeb3f7c1008614c8e01a713dc03ef842659f18dbd8fa73c5d20263,2026-05-29 09:52:20,['W000248'],['W000055'],[34912066],[34861847],34912066,34861847,50219,P2WSH
8a01b6f822a918c4453af0eb73368443c46a954eb50c246e01c920bb97aac03a,2026-05-30 19:48:32,['W000043'],['W000252'],[15454267],[15439432],15454267,15439432,14835,P2WSH
063c120e78de652aa64323a0fcbefcb72d33b104e2e7af8a304a682ae92b6992,2026-05-28 10:07:58,['W000264'],['W000250'],[30209127],[30197129],30209127,30197129,11998,P2SH
f755d33250f8e3f02a7211b51e10a0ac86eadc622075ce432f1032ef62c83b57,2026-05-28 04:59:05,['W000254'],['W000110'],[100416925],[100366303],100416925,100366303,50622,P2WPKH
e19c6a0bef5678769dd7d4ea2e027c1dad802a2b5fa8e0e5ba2fb64cfe97fe79,2026-05-20 19:27:20,['W000236'],['W000153'],[94148054],[94030692],94148054,94030692,117362,P2TR
f280f1548501f0ef63c3ea5b05c3604e26bb77e73cc8dee26eae62099938ef4c,2026-05-12 20:56:29,['W000144'],['W000052'],[55453264],[55401000],55453264,55401000,52264,P2TR
86efca8a706fd188c05ef49bc0276d5ba2912d7116fee2eceb18f3fdc555967c,2026-05-31 22:21:45,['W000211'],['W000005'],[20767745],[20745353],20767745,20745353,22392,P2WSH
96a73b9ee742d2b766ae4e541bf565565cd47e5243a18feb0f3d03a90a6669d8,2026-05-09 22:35:37,['W000024'],"['W000068', 'W000043']",[13701792],"[13439607, 250565]",13701792,13690172,11620,P2WSH
4a680a35013978a5373ab58f9c5d92b5836b120e073c52e6db59848043366f4d,2026-05-01 07:28:46,['W000271'],['W000057'],[248987054],[248673765],248987054,248673765,313289,P2WPKH
78cd18b0cf4edb4264ee37a28c36d303ea9e9c24332b57470e402c8483c26bd5,2026-05-30 03:05:49,['W000096'],['W000257'],[16324492],[16317316],16324492,16317316,7176,P2TR
3481087f8127a897789dcb01333c3a5f29742f99405a3a167edd818a6a519c1d,2026-05-27 09:41:33,['W000113'],"['W000192', 'W000188']",[51920504],"[27142788, 24715571]",51920504,51858359,62145,P2PKH
eb3f70c02a3a3ec84acbabc2bf678fe494083d12e19b38687f5ec618a541d0e1,2026-05-23 04:32:07,['W000214'],['W000090'],[67108101],[67069708],67108101,67069708,38393,P2TR
7ad351ea4a2c1e0d0e12a1e9c6c21e06a72c592648501cdd31f5e1da870a63d7,2026-05-02 01:27:14,['W000111'],['W000288'],[94846960],[94793479],94846960,94793479,53481,P2TR
2342d559875705b8cb6bb9bd110bcef6a5c693925f3623b0028c5aa18e6f0173,2026-05-24 10:12:59,['W000030'],['W000116'],[36179686],[36136582],36179686,36136582,43104,P2SH
6e9579ea7f41624e0110173f98e2e07a4ea81e517c96f450ca531d7b4898b798,2026-05-01 23:47:37,['W000045'],['W000207'],[312764555],[312473377],312764555,312473377,291178,P2TR
54c02c1562a7054526cb9a73c24a8ddbebb8a2128b78b554953fe7c12668f8c9,2026-05-24 19:16:43,['W000064'],"['W000211', 'W000173', 'W000215']",[22264715],"[9145037, 11341274, 1745144]",22264715,22231455,33260,P2PKH
4523d1e4ca14179531f59e6bd5a42d72fd952b55265af4ba940769d07d938c22,2026-05-18 02:34:28,['W000230'],['W000213'],[10696740],[10687267],10696740,10687267,9473,P2TR
177abf1fff84f5508a89657f10756c3ef09a9d625e0cce69812f3543e965b7f8,2026-05-21 16:20:50,['W000253'],['W000088'],[26658791],[26637307],26658791,26637307,21484,P2PKH
174f37aceb48a01ea9b48d658d110bbac2e6b82ffa29558ec3e1f8124a12ca66,2026-05-17 14:09:48,['W000216'],"['W000121', 'W000282']",[93356435],"[52326668, 40934123]",93356435,93260791,95644,P2SH
de37c35b75288ad52482c45c4faa57cb2ae95b99ab5ffadb49d48a3806c127fe,2026-05-31 13:14:46,['W000131'],['W000217'],[30781166],[30746216],30781166,30746216,34950,P2WSH
da278ff0ce168be30dbf74df4c004ace88552c2075f5c1a088d96d32f6a46547,2026-05-16 05:46:47,['W000200'],['W000027'],[71435736],[71363059],71435736,71363059,72677,P2TR
619c9cf35cfec96c0bdec08076f46bf28fc3a87b0d6a0840c216849668a4925f,2026-05-24 11:15:57,['W000097'],['W000048'],[38608969],[38587389],38608969,38587389,21580,P2TR
f5bf9651a014e7da163fa738a6dea8f12ac6b0d5834ee8d2044dcf4661b5aadc,2026-05-01 13:03:17,['W000093'],['W000088'],[159466859],[159287298],159466859,159287298,179561,P2TR
c8e0aa34de94162d0bf81768aa945a7b21ddb1d6fcad1ffb9cd0c5107b8bfdd0,2026-05-27 19:59:48,['W000139'],['W000016'],[26624142],[26604403],26624142,26604403,19739,P2TR
1dd977f3cf470b59e141f5087c1b57e7026474e6df925b4d076f50971af3b079,2026-05-14 07:11:30,['W000005'],['W000147'],[13711378],[13697063],13711378,13697063,14315,P2PKH
066ed9b9bdb6dd034d760306fc791f906656784832752601b30f4000b9a25bbd,2026-05-19 17:11:26,['W000039'],['W000037'],[31256679],[31225037],31256679,31225037,31642,P2SH
4011a2d18add7a4d2bafa630e3399fef5cce52f023ff2b432a492c4b5475c3b5,2026-05-28 15:55:13,['W000178'],['W000277'],[32502649],[32468517],32502649,32468517,34132,P2TR
475f0cde287e9e62a263495ac78caf7aefb42ad1d2f32690a0c87100b9212a47,2026-05-10 06:53:55,['W000104'],['W000266'],[58175481],[58125034],58175481,58125034,50447,P2PKH
090745146a6d863b76cb4e606f81a093651ed4afdfe26731cc6c7430bb6a60d6,2026-05-17 16:14:10,['W000011'],['W000106'],[11118116],[11112605],11118116,11112605,5511,P2TR
8315664044780c0fcbaa37d026706807f81b194f93824e1fed60a32d71b972d7,2026-05-11 04:07:09,['W000166'],['W000242'],[47199598],[47155814],47199598,47155814,43784,P2PKH
25da8701b7bf8a2dc6350453f359f3c22a7021a2787baaab2ea4d274f1a35d0c,2026-05-21 20:38:10,['W000231'],['W000133'],[45704186],[45689255],45704186,45689255,14931,P2WSH
37360522595c5264f0f6d7cf300d24a9379957b7d817a5cc5819e4e0f21769a9,2026-05-20 00:55:59,['W000246'],['W000215'],[49080323],[49033629],49080323,49033629,46694,P2TR
34def549ccf4f7f4ba257bc428b8ceffd6614fd5318e30c7c1b3c51cfc1560d0,2026-05-11 01:44:24,['W000189'],['W000224'],[74072143],[74021104],74072143,74021104,51039,P2PKH
255934969b6199d0f51d5a6da308929b263d06ee98d966212eea1720ffd92c19,2026-05-15 14:17:50,['W000018'],['W000171'],[232024830],[231836102],232024830,231836102,188728,P2SH
5e1cab26d137c20ca3c7d28e12731a4737bf8888177983281f0feefcfe7553a8,2026-05-19 16:58:47,['W000101'],['W000181'],[9302593],[9290312],9302593,9290312,12281,P2SH
9169f037118c7ce8e5fb68d228de40f90b95cf393d5a8b01bf91b95df80d0178,2026-05-03 08:49:27,['W000111'],['W000214'],[93012965],[92961479],93012965,92961479,51486,P2TR
c331e08be989defc1bb488f99408574abc077150da670806e77cdea6ba372dc6,2026-05-07 00:30:27,['W000229'],['W000183'],[29207068],[29167106],29207068,29167106,39962,P2WSH
6384e1add2a51e9a10dedddcc580cc5b0eade95774e9b821404f62c6e4afd94d,2026-05-07 17:10:28,['W000182'],['W000230'],[457721498],[457055622],457721498,457055622,665876,P2SH
8f0f5b01f4233d9ae188888faabd40d14ff80218886b2a39418b265d0e32b969,2026-05-21 10:47:32,['W000240'],['W000158'],[69832464],[69784943],69832464,69784943,47521,P2WSH
ec99a1e4fa79ed5b83f6a4e05da01cfb2116d61338c539ebe8fd78cd2bc0ca5e,2026-05-13 18:52:24,['W000176'],['W000171'],[84643895],[84525686],84643895,84525686,118209,P2SH
6a0c9dbff8d694ae7d8e285d47ef9ac68396c88720f6d1593bde85b119785bb6,2026-05-27 14:01:18,['W000053'],['W000164'],[56790664],[56746246],56790664,56746246,44418,P2PKH
3ad16ecf2b5a4f333ce45b96b4b5397dd6afdefafde8b8fd7171bf0d250b41aa,2026-05-01 00:04:11,['W000144'],['W000212'],[36615699],[36580656],36615699,36580656,35043,P2SH
60b96de5c9bdd160daa1f84f5434dc1e9b6297f26f54a4555b21cf1904158cf3,2026-05-14 09:49:37,['W000085'],['W000120'],[123170164],[123130649],123170164,123130649,39515,P2WPKH
324fb0e74a70ed97bf98d74d558c2d6e4a705f22f57fc9fffcd8aaa9b7c3b840,2026-05-23 00:41:43,['W000257'],['W000134'],[34239353],[34221358],34239353,34221358,17995,P2TR
f70e794fc7364c01d56b946e8477689f4444d7ed45f7b8f4b2c4ced1616fd313,2026-05-27 01:57:56,['W000209'],['W000256'],[49574120],[49504597],49574120,49504597,69523,P2PKH
8b163bfe84708db9a651d1fb985a6d12b60d807ae189ad262bcc9f45fc57cf8d,2026-05-31 22:58:08,['W000086'],['W000252'],[69394959],[69306785],69394959,69306785,88174,P2TR
99453df5d446bab2dc70d479592f795d62f3be04dac0bbc180edaeb55379466c,2026-05-17 18:08:33,['W000092'],['W000050'],[74184516],[74113501],74184516,74113501,71015,P2PKH
2b286f7b06fab38f4ad0443860df2cf993b47ef841080ceb00b85b7796b77f6d,2026-05-05 23:45:59,['W000190'],['W000124'],[470498584],[470066661],470498584,470066661,431923,P2SH
67a3695085411b769ab75ed05de566dc5c2b477b291efe94b24c88f285e39dd8,2026-05-18 07:11:15,['W000186'],['W000028'],[159719758],[159516889],159719758,159516889,202869,P2WPKH
202bbcf9ff02c7087af1b368eed60f49a9f79cf729c86297ab19dcbe0dc3a43b,2026-05-16 19:16:38,['W000156'],['W000287'],[95772230],[95696769],95772230,95696769,75461,P2TR
094b96fd9a392fca3ab87c0684842ef4ecdee0a71a188a17f0df7ca0ab62562a,2026-05-26 13:20:33,['W000068'],['W000130'],[49899859],[49875791],49899859,49875791,24068,P2PKH
cb839ce56da15ef6412e645bf78e5145601a02161b7699f8cd73e92a66e02ccc,2026-05-17 18:15:36,['W000299'],['W000181'],[54046728],[54027326],54046728,54027326,19402,P2SH
2e4f12d76fc295b9166c6c9188cc43048ec1abd133864268e92df7ea30cf6da0,2026-05-28 00:22:14,['W000238'],"['W000075', 'W000180']",[21212522],"[2519585, 18669343]",21212522,21188928,23594,P2TR
a27eda103563aec42b697919db99ac83ec2e4a93822cbdebf248cd508d43b87a,2026-05-09 10:08:42,['W000094'],['W000216'],[152393258],[152220885],152393258,152220885,172373,P2TR
eed36545b7ac19617bd43c2713f72aa09d2b2ba98711dd2e6bb71cd9ea0d1931,2026-05-21 22:38:06,['W000069'],['W000288'],[55091958],[55017249],55091958,55017249,74709,P2WPKH
d1cc9a53f2a5ec0337984c22ca7de429258f6f0e792ccd10149bbd3d8438664f,2026-05-22 17:02:42,['W000041'],['W000111'],[52970017],[52907707],52970017,52907707,62310,P2TR
b06d657c96f91c13e4452f5cc95338605a0ab3aa959b8c3603daf5bd7e60cd8d,2026-05-28 08:21:33,['W000025'],"['W000121', 'W000159']",[45625237],"[8446047, 37139539]",45625237,45585586,39651,P2PKH
a3c745ccbab2a8104c3b5323190a41d50dceb0d158eaf87035698671e29e494e,2026-05-31 10:15:45,['W000271'],['W000212'],[138766987],[138626611],138766987,138626611,140376,P2SH
435d0dc3f5772dd2a3f681eaa90b755ce49b1302005632ca11204571ffa9cb11,2026-05-19 03:10:42,['W000108'],['W000263'],[61809998],[61721576],61809998,61721576,88422,P2WSH
85fec9e1d274b4e6ceb2b9fd7c46a81d741e0585bfcd9844e161ef7410b17c9f,2026-05-24 06:48:34,['W000138'],['W000168'],[154088943],[153976629],154088943,153976629,112314,P2SH
516eae5f85585c448261591bdf6722c052c73c0c3a7d1935bf06103c58af61f5,2026-05-04 02:59:47,['W000150'],"['W000199', 'W000081']",[43337668],"[6940365, 36352120]",43337668,43292485,45183,P2WSH
79468060c718c513a3df4b54717f439808350b83710b1d8e8c6a11c627ea1ce8,2026-05-06 10:00:52,['W000207'],['W000220'],[12126612],[12114742],12126612,12114742,11870,P2SH
0e9343219b69806bd424906748818df6adf0754271ee8fa5aa0b360a15af2891,2026-05-08 00:27:07,['W000065'],['W000279'],[113103822],[113047172],113103822,113047172,56650,P2WSH
282a4fe1dec2342384ef7d59211171bbdf9f14009e77c08176a78de2752ce493,2026-05-04 11:52:25,['W000171'],['W000226'],[120520993],[120426952],120520993,120426952,94041,P2WSH
ed3ef8c9ae7b0c8c2781315258a35c9196850d235d90e87291cea0ce8996a67f,2026-05-30 20:35:24,['W000224'],['W000137'],[32366744],[32332599],32366744,32332599,34145,P2SH
ffc181f4a49fe55a72e433244840a893650c1ce12e59d77b170d315d7beb9dcf,2026-05-18 08:25:14,['W000165'],['W000112'],[118442215],[118358332],118442215,118358332,83883,P2WPKH
be40ff9d297b3ab214cbb3281dee6e7494628c5f2b45a5073d79e7d27d288cda,2026-05-25 20:31:17,['W000137'],['W000204'],[55589709],[55526540],55589709,55526540,63169,P2PKH
09cd60897287e5f2d36f25055a1d6f0cd798cc32c69aad0e78d8f27a17d3eb41,2026-05-15 21:28:11,['W000085'],['W000052'],[48227354],[48168941],48227354,48168941,58413,P2SH
09ecc34befde3ae1f27d6d0da85b7519f96ae23a79a6be8e7d0e7bed15d0b8a1,2026-05-18 13:20:48,['W000167'],['W000135'],[139440357],[139361269],139440357,139361269,79088,P2WSH
713faf530ccb13d773c0ccd61e49fd6cd14e95f9c4339d649181dbed51eb9f00,2026-05-12 16:46:29,['W000153'],['W000179'],[16521719],[16503599],16521719,16503599,18120,P2PKH
fba066525be861aca6197fb3d731a1c6e2aaf581ed9e304cc287f70648c1c1c9,2026-05-07 11:31:45,['W000089'],['W000189'],[49609295],[49581122],49609295,49581122,28173,P2WPKH
bb0307a2cca8ee02b3dff452eca0a2fa37f3901fdf0de92adf6983bba27f3994,2026-05-12 13:02:32,['W000075'],['W000192'],[45982470],[45925319],45982470,45925319,57151,P2WPKH
2baac6a2a105c8da79f1925d8d6d21fe55780d095fc5505c178e096a765638bf,2026-05-31 11:45:15,['W000061'],['W000212'],[28740540],[28698729],28740540,28698729,41811,P2WPKH
9f2388dffc76a28c31fa26c87604a7d8fd426116794ae168b03979777e3377c7,2026-05-24 22:02:13,['W000251'],['W000126'],[37332067],[37297653],37332067,37297653,34414,P2SH
f3853fc23b3a0e2d937c7ce477e436fa157c5cd807b7995e794936b0eecb4d44,2026-05-19 14:28:51,['W000236'],['W000139'],[71540581],[71438064],71540581,71438064,102517,P2WPKH
2507050246554e3ad574ef907de88fcc0c39e5cc69e434c5a14b941d8bc0e5d1,2026-05-12 15:47:53,['W000189'],['W000183'],[120565651],[120463732],120565651,120463732,101919,P2SH
ffbe64a42048a102462e5d28dfed76a3fe05cfb47258f188117d4e605e969ef5,2026-05-03 06:54:30,['W000240'],"['W000159', 'W000085']",[56804880],"[29280306, 27449519]",56804880,56729825,75055,P2SH
4e0ad1c55fbf9a574772b9278a9aa96f186bb023c5b6cbb7e578979d83f05957,2026-05-28 05:17:09,['W000079'],['W000264'],[13662509],[13642901],13662509,13642901,19608,P2PKH
6345b89a794a171f5d0957f2c61d90502d2a10e20e24e04cc0c3e37afaccabda,2026-05-29 10:15:04,['W000251'],['W000281'],[167647856],[167506730],167647856,167506730,141126,P2WPKH
6cbe7397cc6a0d6b519f8c71a0d4bdff029d0d04aa61a3539488abee1bd0b46c,2026-05-06 07:25:53,['W000267'],['W000274'],[196852914],[196743347],196852914,196743347,109567,P2WSH
f9d51e51a74a93872a4bef484e7608e9d69c7275b54a6d07fa7a10aed52f573f,2026-05-25 21:40:40,['W000155'],['W000276'],[109599341],[109532244],109599341,109532244,67097,P2SH
95b8ea6fd0a638978083ea4453ee692b959bd837e930856c24f6eaad64b36b52,2026-05-09 23:03:21,['W000227'],['W000107'],[53442379],[53362768],53442379,53362768,79611,P2WSH
0ba6ef1cc7aa1c5bbdbe0d0d58d858483b1fe65837d6b417ba84cf1a492a69c4,2026-05-24 10:28:47,['W000034'],['W000096'],[245104191],[244876670],245104191,244876670,227521,P2TR
efd0ed02dd8e5e1c7fe4fb735b253133623ce4d8a743861c8cd6405d3bbb56c2,2026-05-19 19:01:50,['W000153'],['W000207'],[26024084],[25997138],26024084,25997138,26946,P2WSH
f7f28584433e0bdf379fcee8e993f795b85a5ac60ec0a1f6b9fd716401a3a2e9,2026-05-19 03:27:58,['W000287'],['W000097'],[38985739],[38929390],38985739,38929390,56349,P2WSH
778e44573e7dc67817a96ed2c3f505016e7c229d89972c08810ba913f789a835,2026-05-09 08:14:44,['W000206'],['W000058'],[36298840],[36268110],36298840,36268110,30730,P2WPKH
e33083de45e74857c7f935b98f445cfa3130385f950fa375dcacb25b5c261b8f,2026-05-24 07:15:41,['W000160'],['W000130'],[44924032],[44903972],44924032,44903972,20060,P2SH
525f6cb9176573d745d421c4255f029c3e74bd397ed964b5772252cbca75447b,2026-05-28 11:44:32,['W000007'],"['W000175', 'W000234']",[12572901],"[1085241, 11477691]",12572901,12562932,9969,P2WSH
3fefb5e3ea4c321975290469b10a084b5fa0d9aab705552c1325f3458eb8e5fb,2026-05-11 03:18:32,['W000123'],['W000288'],[10263385],[10254672],10263385,10254672,8713,P2WSH
5962ae414911a37c6c918d154925e987d6136e4ad290dedd6286e2efba4ad593,2026-05-12 11:20:57,['W000023'],['W000092'],[8566399],[8560403],8566399,8560403,5996,P2WSH
52259af50ff0726a0ea2d7c34d100a1fcf92fbc40c3f2274c641be9871c135f2,2026-05-27 06:46:41,['W000048'],"['W000200', 'W000011']",[178377075],"[68241293, 109928554]",178377075,178169847,207228,P2WPKH
c41ee894f58cd22ddeff9282924ab2f483425b573e97c5d3bc146eeb16b239b2,2026-05-18 01:03:12,['W000215'],['W000077'],[57591461],[57526974],57591461,57526974,64487,P2SH
e24d52a92dcfbb1ee617ee4bfd59af4b563010126de8044aceb463c9f8277cb2,2026-05-11 14:33:07,['W000266'],['W000210'],[145995873],[145797351],145995873,145797351,198522,P2WSH
e763d6457dae6c8792948692bfba3fb98e88e6b1c4e43d5d7bbacbd3ff3fa248,2026-05-11 19:36:19,['W000255'],['W000095'],[47628807],[47582861],47628807,47582861,45946,P2WSH
f6e3621632de3386a0d9816317630e4db3db167475d5b6c7159d841410e122f0,2026-05-07 22:43:14,['W000111'],['W000119'],[30233453],[30198684],30233453,30198684,34769,P2PKH
a64f76fa14212838345d13920b73751bdbcec1e844a4445cffe77ce339c5d4b4,2026-05-27 02:26:57,['W000201'],['W000157'],[12881563],[12864797],12881563,12864797,16766,P2PKH
e7d2d57d0e8282a1b84ddb9d12639bddf77cfbdae987f2c95e35150efc186169,2026-05-07 22:48:29,['W000272'],['W000166'],[27360256],[27320181],27360256,27320181,40075,P2WPKH
aa87e416a2314a2b355e04998c3cc99ca398f573db173ca9284f4887022f1ea1,2026-05-05 12:23:16,['W000167'],['W000214'],[230730214],[230504322],230730214,230504322,225892,P2WSH
3c0528401a938cd34417dee579099280b2589cd24a5a893df0bbdca193960399,2026-05-09 20:55:14,['W000278'],['W000004'],[48898801],[48873640],48898801,48873640,25161,P2WSH
8ea4fe7df42716c3a4bda313cac259b0ab6bc4e53aae7bc1ab4fc4766dbbff4d,2026-05-18 12:25:24,['W000153'],['W000140'],[20252354],[20230274],20252354,20230274,22080,P2PKH
8900739e238c233ca11d13f711b2f9c383fe3c42da77d477dd7799fd03ef2ab8,2026-05-20 16:44:14,['W000300'],['W000142'],[160545977],[160441490],160545977,160441490,104487,P2TR
3c6aa896bb2f45739157668aa8b982db1065e0f92d3fcdfc3160d46a3f7edd00,2026-05-26 19:16:17,['W000176'],['W000052'],[75864226],[75775705],75864226,75775705,88521,P2TR
792d993f99e4fa0fc0155c5d20d9d58a6d70fa100c7188cf3df11dff984433b6,2026-05-28 07:11:11,['W000080'],['W000182'],[22822094],[22802925],22822094,22802925,19169,P2PKH
5e031c8e97a574e5b51e37be6fd0d16382c86ced24babe568c8add68cfcbebab,2026-05-16 15:59:20,['W000064'],['W000229'],[10339164],[10331916],10339164,10331916,7248,P2WSH
aa4880c7025e1e6bbfdb62eb581a38c955aed411d53a50eff1b959249fd5f1b5,2026-05-19 17:06:55,['W000067'],['W000041'],[62745417],[62703977],62745417,62703977,41440,P2TR
77d856916268231bcf0d261c06ed0483275e45a0ae92ee25ca5fee9607394074,2026-05-08 23:59:43,['W000193'],['W000173'],[123203964],[123071261],123203964,123071261,132703,P2SH
04233fd72e9f74eba4586a2b31ede98aecda20b1b124e952e917cd784f4f4efa,2026-05-14 23:31:31,['W000086'],['W000071'],[21945877],[21933478],21945877,21933478,12399,P2TR
a36af8a8a4ebb6ca677cb0747169c573405528685216fd10f55f0a70831f55b1,2026-05-09 20:22:14,['W000203'],['W000034'],[30141434],[30131975],30141434,30131975,9459,P2PKH
51a108d5df90d0924449f536730a0518d21b9fbe58ab04564124e5627854fc2f,2026-05-29 21:22:29,['W000011'],['W000087'],[15373595],[15355542],15373595,15355542,18053,P2SH
8c435823924ca5df112d4838c9982c53c174db84d2510b740e947dc3cb5136fb,2026-05-15 14:14:26,['W000233'],['W000160'],[30255512],[30219658],30255512,30219658,35854,P2WPKH
2ac69665592bfb7e7c383f1e2e8833db54475cfef96a3439d09a11242e81317a,2026-05-22 00:19:39,['W000227'],"['W000138', 'W000116']",[72014555],"[68670588, 3298410]",72014555,71968998,45557,P2SH
8ac5d4bf3890557d468e342c429e5a70c96ad8f2fbf8cbbf5f45713d8ebbc17e,2026-05-14 11:00:04,['W000175'],['W000107'],[45455861],[45400870],45455861,45400870,54991,P2WPKH
8cee9f551a27d244cb60b6647ffe102debe789c40b75d247af6b5f9645d0336a,2026-05-18 07:20:47,['W000167'],['W000257'],[9710926],[9704827],9710926,9704827,6099,P2SH
c7e7a052bd9154ccf86b08b497747d68788f1618c310c9cf25e38ecb291c045f,2026-05-16 13:41:29,['W000120'],['W000250'],[85253946],[85144246],85253946,85144246,109700,P2WPKH
62598ecb2b51329cde8d9616206329b11c1bd7f67e59c7333e330aa648275a88,2026-05-21 23:35:57,['W000119'],['W000265'],[69839872],[69817458],69839872,69817458,22414,P2WSH
8f5469e37643e65e7d4bcbe29435d9c83fd870d0a412a72ca88d7d66224354e5,2026-05-04 13:14:05,['W000161'],['W000029'],[26628998],[26599675],26628998,26599675,29323,P2WSH
b66b488bdf63e30ef1fe32f7079dd324382567120e21e427eda118a71c440cf6,2026-05-29 18:43:57,['W000020'],['W000042'],[43702881],[43658310],43702881,43658310,44571,P2WSH
c58a6c3771c888845d336b4956339d64a921b70b699f2f098ea6a395a75b99d4,2026-05-25 16:09:40,['W000243'],['W000181'],[37334197],[37294875],37334197,37294875,39322,P2TR
88c4dad7b8ad10d56696a33d0ab2eb0bfee6ce67ec6cc8bc598b277b82e57a8b,2026-05-31 16:39:07,['W000099'],['W000182'],[49294789],[49237148],49294789,49237148,57641,P2PKH
a39f16d319c3eea1e15d338bcec5817d676e3680483362e017b5812e01e64822,2026-05-17 19:54:38,['W000146'],['W000105'],[13231137],[13222985],13231137,13222985,8152,P2PKH
c39d762720e9aa2d60d54d5eb1379f8d12b9206e0ea073ce1d48cd0239277cda,2026-05-11 01:26:18,['W000156'],['W000046'],[63061444],[62997987],63061444,62997987,63457,P2SH
cd3d1a6796100e85bfc54367dea88696742c4bdfb3430dd78cca4f8cc4f8418a,2026-05-24 03:31:58,['W000247'],['W000010'],[79074395],[79005028],79074395,79005028,69367,P2TR
144560c4a8921d1043c17676f4364dab63c23d3ac1fa09de2dd9981690100c86,2026-05-15 01:57:31,['W000173'],['W000030'],[230760722],[230457050],230760722,230457050,303672,P2WSH
653dca3858a8c3873c84fda04c7bc4e228804e1599d5ff1ba79a24716e7531f2,2026-05-29 04:03:19,['W000041'],"['W000082', 'W000159']",[65940723],"[27355198, 38509256]",65940723,65864454,76269,P2PKH
d8ffbd866102ecbfdb67019bd3d5302e5eb1fab457564252cff622fa7481f2a3,2026-05-26 08:01:17,['W000194'],['W000173'],[66696461],[66673463],66696461,66673463,22998,P2SH
4435c78ffaafa36e0f2a7d1a5b5326fab48f47f3c7cac3ad40e550a7fe299bd6,2026-05-13 17:42:42,['W000053'],"['W000086', 'W000261']",[14819754],"[5979824, 8833444]",14819754,14813268,6486,P2SH
85906b62ab6736f0bfc8861ef998b414e233e2db3cc0005b62bad94d47b1493c,2026-05-15 16:56:24,['W000080'],['W000083'],[114343483],[114235540],114343483,114235540,107943,P2WSH
702e329e6e13630ad4f3b8031cfd3fb926dc12b537269316c54a0655771cc124,2026-05-26 21:00:20,['W000017'],['W000196'],[138585953],[138413333],138585953,138413333,172620,P2TR
844c85397f1d4fa48138f2a895dbd0a62b266e4c617a87fb5bee6cbbfd48cdd1,2026-05-19 08:49:38,['W000074'],['W000211'],[72462482],[72356500],72462482,72356500,105982,P2SH
6a66efad715c5c19ccff6b502395362de917b7eeee111a2bb20bda463386a914,2026-05-17 14:13:58,['W000044'],['W000120'],[11057413],[11045226],11057413,11045226,12187,P2WPKH
10c863407c32635552ca5b1d2e4a284005a73d94cb72d3cd4da0c80d7327468a,2026-05-14 04:37:50,['W000162'],"['W000079', 'W000236']",[126572597],"[114786973, 11713860]",126572597,126500833,71764,P2WSH
dc38dceb4f3acf7ab3683705688dd1c68a1f4fb6b2a3c49675ba57bfb6e19e39,2026-05-01 05:01:04,['W000198'],['W000220'],[119759120],[119622189],119759120,119622189,136931,P2TR
6c012f824f87b815a32c97718b438fcbddca30bbfc53a33fac88a963a87a9ab2,2026-05-17 03:08:33,['W000152'],['W000049'],[24291034],[24283126],24291034,24283126,7908,P2WPKH
bc89d70c910163a40f049b720e1c46d2ba7dab7b9a2a234da0e65240e6db30ba,2026-05-26 02:04:27,['W000036'],['W000128'],[51989932],[51924554],51989932,51924554,65378,P2PKH
e618c80b9f1985abeed421fe321fab61766d46682fb00bfb5e261f1f8acce137,2026-05-22 13:28:25,['W000271'],['W000038'],[47264106],[47193624],47264106,47193624,70482,P2WPKH
559d12ee737804f882d76163015c8f372fd99633e79f606b50c530c31c36e105,2026-05-11 05:58:04,['W000120'],['W000029'],[19901535],[19886377],19901535,19886377,15158,P2WSH
67e4a132b066ac4b6effa745e3fda3cf6416267fd1b73376a2379f5a24d1d498,2026-05-28 13:40:50,['W000156'],['W000080'],[27358188],[27323954],27358188,27323954,34234,P2TR
da285440d88de3ed057363c93c072cb3cd675cb8d72680fcf9a8cf6d8fb5bd94,2026-05-05 11:45:26,['W000134'],['W000124'],[31972765],[31944696],31972765,31944696,28069,P2TR
73fb8a2ae5d374353cb4e0359fbda1c2fb08d200a9174290f4ff4e7c1c99e4ee,2026-05-16 12:09:46,['W000237'],['W000061'],[131503751],[131325920],131503751,131325920,177831,P2WPKH
380a282f68acdb69631352186fc66147c24b7d243d403ea3314d7afce57086ae,2026-05-01 05:42:42,['W000119'],['W000123'],[35935399],[35893385],35935399,35893385,42014,P2WSH
820a20eb7a7362916dfbca9a5fb4a973ce642403ccbd390d836c285d988e9b54,2026-05-01 08:15:29,['W000025'],['W000058'],[162119528],[161988380],162119528,161988380,131148,P2WSH
d7a355da37811177e729e336af68845e9db088ac7813e57242c7cf6ae7edbc23,2026-05-24 04:59:36,['W000066'],['W000113'],[19864353],[19846624],19864353,19846624,17729,P2WSH
8a9e846862282127b21517ff421bbf2fbd513fefbba25f0cd0ebbef8a90de0de,2026-05-11 08:32:21,['W000042'],['W000205'],[103350452],[103241352],103350452,103241352,109100,P2SH
3cdab49c24ab74ce93c841dd2e54978acbcb4ccb6dc0cc205f8d92bcedd878cc,2026-05-16 09:10:24,['W000034'],['W000238'],[47669924],[47610916],47669924,47610916,59008,P2PKH
f53aba537081533f0359f629b6ddc068d05d56b5b18aeb179b623393624452e4,2026-05-09 11:39:44,['W000195'],"['W000124', 'W000238']",[83229932],"[54840591, 28270860]",83229932,83111451,118481,P2WPKH
7cd3a08df6573564295ac181160c6c35b3aaa64dcc36b9bdca19a12ce7fd2eb5,2026-05-25 15:02:32,['W000058'],['W000061'],[19791206],[19771924],19791206,19771924,19282,P2WSH
0df2a3fce53e54a1566f91fd8d1ec37880eff136b8826475515be5ec9ac86c09,2026-05-13 22:25:58,['W000200'],"['W000241', 'W000087']",[26557649],"[13289532, 13237050]",26557649,26526582,31067,P2SH
6db9833a2076901a06d939fed92beb5983612812066b3056e1429006e8aa486d,2026-05-17 19:25:05,['W000035'],['W000076'],[27263829],[27253544],27263829,27253544,10285,P2SH
33d10551969d0ee3f5079d25d57ef3e64dd9033b42ddd5f09ab8ebaef8e1abce,2026-05-06 00:28:53,['W000083'],['W000286'],[4875918],[4869795],4875918,4869795,6123,P2TR
07803aef5dbece8efa1b9626df04ba610fcd4894563c0195779f1ac5e70f46e3,2026-05-25 19:40:48,['W000239'],['W000088'],[47869895],[47845668],47869895,47845668,24227,P2WSH
065f1f0da772244a3d48f3d32814f39a42cd948355dceef4981cb4e2e7c451f0,2026-05-13 07:12:50,['W000036'],['W000084'],[56366880],[56307409],56366880,56307409,59471,P2WPKH
16354580d012a5290fff3b4128e0821ba1cab7df4b4249be7d6235f366ed3c36,2026-05-07 06:05:15,['W000220'],['W000107'],[22323329],[22302463],22323329,22302463,20866,P2PKH
452a4c6d58830a5e0a79e608daf5a8511c5c6cca5f2fdc9feae17e4a00d5dd35,2026-05-30 10:12:34,['W000058'],['W000204'],[26788316],[26760600],26788316,26760600,27716,P2TR
952c47116c80c09f21a00eba0fa212162b4b7b3608859c4425ff4c182e82a125,2026-05-19 21:50:27,['W000051'],['W000137'],[93784535],[93694241],93784535,93694241,90294,P2PKH
28fb23d212296d04a02870c4d598afd3c0cad227f176b1023b868bf45229256d,2026-05-29 11:08:44,['W000067'],['W000061'],[35546323],[35509415],35546323,35509415,36908,P2WSH
2599174aea94458ac21df75bd5d55d763f441c9f1959c7d0e258dfe093d66ef0,2026-05-16 17:55:36,['W000258'],['W000099'],[83498433],[83377730],83498433,83377730,120703,P2WPKH
e9a13dfdede9bf321efbf77326425195761169febc5243b5731648afb6e6dc1a,2026-05-25 14:09:52,['W000223'],['W000239'],[46383856],[46367694],46383856,46367694,16162,P2PKH
c405998027ba0b553603a6976d8425c138d3707a06a2aa6ce39c3dd837b621a3,2026-05-15 07:43:09,['W000187'],['W000167'],[103630519],[103544102],103630519,103544102,86417,P2TR
7fa0ca25471b2dfbe0e89ab35549ef4d78eb87078011346c9fd36718edc83061,2026-05-07 22:22:09,['W000227'],['W000167'],[218561321],[218495606],218561321,218495606,65715,P2TR
01f286a84a0f0673b8c7532b9e0ac785074fa0416abb2e83182fc24f0c07c9eb,2026-05-03 22:49:22,['W000004'],"['W000102', 'W000141']",[41082185],"[19186651, 21839427]",41082185,41026078,56107,P2TR
01b2913b4ad65c2a749e96ae3532b9bb860362b99aecf9f87e82b95e46fe0178,2026-05-11 16:41:57,['W000109'],['W000250'],[688888463],[688075123],688888463,688075123,813340,P2TR
650cbcd0c75ce36c8d926e510faaa50801dc3c530587118756f9cc5a0731acca,2026-05-12 12:22:18,['W000255'],['W000153'],[118625766],[118496306],118625766,118496306,129460,P2WPKH
1f8295e168fe1dc9f22c8c12afa4f471f1b1c0b5f87ef812460725403348057b,2026-05-17 16:02:35,['W000146'],['W000154'],[3093745],[3091552],3093745,3091552,2193,P2TR
52b8cd2ebd056df70c4c248ea45ba38c16abab8b27c3dea5cae18e38f5cd06bc,2026-05-22 20:48:00,['W000260'],['W000255'],[25069183],[25050279],25069183,25050279,18904,P2TR
27ef75b234456bf9b590f2885e31736c68d5cbfeafe8760698df94ae4b34111a,2026-05-31 09:49:47,['W000002'],['W000275'],[16342245],[16323311],16342245,16323311,18934,P2TR
7be5b5866e2dc53f4597282f53262f170ce5fe8f7752b194cd480485c2180247,2026-05-03 02:21:09,['W000096'],['W000071'],[44537999],[44487528],44537999,44487528,50471,P2WPKH
1728ef9a4a1641c131e2dc41d2342cea952b5c2bd3af93cd0772fa42e3c08d93,2026-05-14 00:03:15,['W000247'],['W000150'],[43649766],[43623942],43649766,43623942,25824,P2WPKH
20b79e6f52437da9023cfdcb10a9bb5c2d2d7bb368be81cf5f11861516f131a5,2026-05-31 19:40:27,['W000076'],['W000008'],[133204320],[133147836],133204320,133147836,56484,P2SH
2bd8721c313b5fc4691bcbf4833eaf77d6c85786e042cefa24dbeb6ee6bc1013,2026-05-03 11:29:00,['W000065'],"['W000110', 'W000172']",[44126127],"[20749623, 23320799]",44126127,44070422,55705,P2WPKH
753ea1078f5a52012e5240a97d2c05e259dd11aab93c39782275061235c18c8e,2026-05-02 17:12:14,['W000015'],['W000127'],[44401251],[44337418],44401251,44337418,63833,P2WSH
67fa16ebeec7506e3a35d6b4b2e4931dc9ed87385403b13fd14d7161696fd35c,2026-05-06 01:22:56,['W000235'],['W000020'],[8318149],[8308454],8318149,8308454,9695,P2WPKH
bded9339021d0458edc7bec8b14c177739d85a2045be464ba767ff800a2e4fb5,2026-05-08 22:35:45,['W000059'],"['W000038', 'W000284', 'W000101']",[221531497],"[26406302, 57330242, 137520291]",221531497,221256835,274662,P2TR
00bdc31615db8eb61321de7c9088e44729e101798ba0efc0ac0e0e4e03e4e546,2026-05-28 03:32:42,['W000065'],"['W000263', 'W000121']",[86215885],"[76978080, 9179294]",86215885,86157374,58511,P2TR
4e1f2bd4301a6bedf84eb648265d705082dcec9db5673710d68bb00b85345219,2026-05-07 16:01:45,['W000139'],['W000007'],[162129945],[161955481],162129945,161955481,174464,P2WPKH
596ce99b393d2ce83089d954e1162e507f553a65437b8e933c9f29ae82f83ddd,2026-05-01 04:11:54,['W000140'],['W000247'],[40076094],[40059916],40076094,40059916,16178,P2TR
261076a03a05510474481bb738e696e24f7e1aa1516f043e41c048c5fdb4350b,2026-05-20 11:15:41,['W000037'],['W000133'],[6796125],[6786408],6796125,6786408,9717,P2PKH
ea9e95ad33a925fd9a8fbb7fbeb6e2569809ba3b3fec465826b9a2728c65f0d9,2026-05-07 11:34:51,['W000286'],['W000122'],[5219972],[5214793],5219972,5214793,5179,P2PKH
4191eeb3dc470c31237a64cb2e6d5eed37911c11fde4a769d9f6c21be852e571,2026-05-18 19:36:29,['W000088'],"['W000053', 'W000029']",[50330103],"[17402485, 32853631]",50330103,50256116,73987,P2TR
73175f157e3a336ce3b29274383c17c0b4590c968faf92a381e518088dfde2cc,2026-05-04 06:29:45,['W000047'],"['W000001', 'W000027', 'W000242']",[68707987],"[1878656, 59157469, 7638998]",68707987,68675123,32864,P2WPKH
78fccbcf3bb01fb36ccd2600a3b26b8c799c77adf92cf5d5750443868d317b00,2026-05-16 14:19:52,['W000232'],['W000131'],[103528028],[103412715],103528028,103412715,115313,P2TR
bfbaeb131ee257be87f420201fb41a45d51772b49b8dfec1fd829e08b20e7588,2026-05-02 21:50:43,['W000188'],['W000097'],[132997270],[132847772],132997270,132847772,149498,P2WSH
8411a3846a06becbf797f4f01df7b9bbab72b9040cb3e3ccd93572dc96f865af,2026-05-14 08:26:09,['W000140'],['W000018'],[62404119],[62347707],62404119,62347707,56412,P2SH
33dba8b5e1d9a2f43fc58fe3077c0fe4c8c98142b7219d963dd1808294c8dc2b,2026-05-19 03:36:28,['W000125'],['W000227'],[96719084],[96609814],96719084,96609814,109270,P2PKH
44c653e530901d5be1c8baa35af7656a144db80ced6041645dc06304f05cc158,2026-05-04 16:58:56,['W000125'],['W000212'],[7178572],[7172508],7178572,7172508,6064,P2SH
cfba485b0184ca0ca8a00dc07e485165b452e6fc61a22bf9d724024b85149d70,2026-05-07 12:25:09,['W000005'],['W000171'],[8097056],[8086177],8097056,8086177,10879,P2WSH
7cd39863c31ba241fd4330b03d21d827c1279a57b292651afbe768bffe6512ac,2026-05-01 05:43:55,['W000151'],['W000235'],[260301195],[260010014],260301195,260010014,291181,P2SH
5884e97c66353c7c5a2f4f6adf61221358b284fab6b9c4080bc1694793193c72,2026-05-31 04:05:37,['W000093'],['W000221'],[88134492],[88045687],88134492,88045687,88805,P2TR
398a63a030db4583e5cca6236a8c71bc6897b385e8aea8a180e74d096d38f35c,2026-05-14 11:28:05,['W000003'],['W000071'],[146035070],[145918368],146035070,145918368,116702,P2PKH
e2de8b93eb5a85a80daa0872090652e4a846237959e2fd6fa0238048e8f6f209,2026-05-15 07:14:26,['W000246'],['W000217'],[172160977],[171906622],172160977,171906622,254355,P2WSH
578f11aa3e8e8ea683e758f9a1db0bfb7d838ad68c378120260b3769d389563a,2026-05-16 08:15:05,['W000119'],['W000018'],[28084245],[28067689],28084245,28067689,16556,P2PKH
9401a0f0ef2e4addee98d9a14b48d2fd4e2e942eb183613ce2907cf2c7cfce00,2026-05-23 03:56:26,['W000181'],['W000033'],[103058884],[102960739],103058884,102960739,98145,P2PKH
7dfc6955da8e178cbf4e5fa63b0310d4c4b80b9076ad0483249c542867d916ed,2026-05-31 05:21:41,['W000262'],['W000206'],[39227443],[39211914],39227443,39211914,15529,P2PKH
e31690d430194aa2d38f69313486c03179f67f9ac649a3e47f7e25e070bfc6b0,2026-05-29 08:24:32,['W000022'],"['W000163', 'W000141']",[5098493],"[3252325, 1841354]",5098493,5093679,4814,P2SH
8cdb8c3cfa70d457777ba1d722729e7b5fbf803d4335f5b114e3e943b680342a,2026-05-05 10:13:18,['W000086'],['W000082'],[137709033],[137581302],137709033,137581302,127731,P2WPKH
150b5bc876833ad04a1eaa38c8bccd9543f64d9342b628ebe65b751b49a44f4e,2026-05-28 05:39:24,['W000116'],['W000041'],[18590101],[18570298],18590101,18570298,19803,P2WPKH
a0a05134d2e6f950d1b557e85999579c711cf943622bb1042289c43d72f46292,2026-05-03 17:10:07,['W000131'],['W000175'],[67155641],[67059621],67155641,67059621,96020,P2WSH
fa446dea96569baf7f991ccc888508eb33fe852f81801a449e6eb38ff56981de,2026-05-02 21:03:45,['W000151'],"['W000246', 'W000287']",[223759734],"[129824586, 93696809]",223759734,223521395,238339,P2WPKH
ddfe680e1f884072237ca8c77667dd9eb2f6f977c4ad3fb96d41cda658983a43,2026-05-27 10:13:44,['W000170'],['W000240'],[181241469],[180993277],181241469,180993277,248192,P2SH
19c401d00a054120e0533ab640046e38d511a1fbdff5a5c0bf315a9a97b4476c,2026-05-05 10:09:34,['W000193'],['W000127'],[29529190],[29492867],29529190,29492867,36323,P2PKH
dbe56fe3053ed56ff39a5474759cc97b98cf14114bc5e84c982061339eeb51ed,2026-05-23 06:03:22,['W000011'],['W000232'],[54286915],[54210306],54286915,54210306,76609,P2WPKH
2bbf5db6e0a9cf4b536882c3e19ebd6d3df7a4766fad0d59a6b25c7f9718f917,2026-05-22 12:15:39,['W000059'],"['W000148', 'W000039']",[80967694],"[57010129, 23861466]",80967694,80871595,96099,P2WPKH
8ca802ce22df8bfabf41e8bbd73f1a537c31069e4ff7ef26f1daff1a43ad3718,2026-05-10 22:16:14,['W000021'],['W000244'],[158582485],[158496379],158582485,158496379,86106,P2TR
49235533bd4cbd0f4755bdcbde22645e1e69dbf3283cf46aced1bcf32865dfdc,2026-05-09 09:24:39,['W000103'],"['W000225', 'W000121']",[6676850],"[4650906, 2023218]",6676850,6674124,2726,P2PKH
7891d84b95c29bdbe686deb8f0055693b2d44fb3bb45466be84e145c2969cf21,2026-05-01 09:30:30,['W000045'],['W000060'],[29958640],[29940234],29958640,29940234,18406,P2TR
207cca6ac3c50003011f6781ee440fda5545c75094fb7d5d8270cc6ec1635d13,2026-05-15 02:17:13,['W000066'],['W000060'],[338205734],[338070351],338205734,338070351,135383,P2SH
28f731158ebdc17a1ad3b7990a55a4fe2ca82b268043cc6b318d3f51a4f86e76,2026-05-06 16:20:05,['W000056'],['W000019'],[54406226],[54364276],54406226,54364276,41950,P2TR
a476906c3bd5ad5b41193529402c42ec1a929ecbe89d754f0b3fa9fa8f4f06de,2026-05-04 08:37:45,['W000248'],['W000112'],[56452773],[56380753],56452773,56380753,72020,P2PKH
ffdb08b0ecf11498e693f9e7ed1460ee1b4752504c5cea7ad1de2d022d5f1c56,2026-05-24 22:29:40,['W000040'],['W000267'],[47682147],[47641878],47682147,47641878,40269,P2SH
673a55eb16dc446b7b1688ce0854f8ce2393213d80edabf59eb91bb1042635e2,2026-05-25 03:35:11,['W000258'],['W000048'],[350649223],[350411291],350649223,350411291,237932,P2WSH
9e1f875c2823ef61f21cb66ccaeeec156880e47f5dca3c1933390870f8dd1da7,2026-05-30 08:24:19,['W000126'],['W000071'],[79782938],[79708940],79782938,79708940,73998,P2PKH
10ec53cdda576eac9d61d0b21d49366605706a40dc04069cca7575549364f153,2026-05-11 11:04:01,['W000016'],['W000209'],[30999019],[30956922],30999019,30956922,42097,P2TR
434fb8ecfa9bfd3321154c7406344d979e27bb766e0ec56001ffbede27273bd6,2026-05-27 07:10:19,['W000073'],['W000174'],[119287700],[119221629],119287700,119221629,66071,P2PKH
89e332ba1e558de69c8a10e0b33e04635382c61d59f23e0d954c16954f78dfab,2026-05-27 14:14:17,['W000251'],['W000290'],[127859349],[127818384],127859349,127818384,40965,P2WPKH
6058d2bf9b030a4251860823fc1de83d051d7f57261f24a0a1836e7412674aba,2026-05-24 06:47:01,['W000137'],['W000119'],[50116103],[50094715],50116103,50094715,21388,P2WPKH
02183f1364ba6174fec4daefca373c13eeebded8e0422f571b7a11f9ce382cf2,2026-05-25 21:32:16,['W000053'],['W000139'],[35201400],[35160986],35201400,35160986,40414,P2SH
e4fbfcd658c58144a9478f6046e4b3a1788126fb1de629c8bc2e2af3db485005,2026-05-04 16:41:44,['W000046'],['W000087'],[30222855],[30201466],30222855,30201466,21389,P2WPKH
c79cc7565077f1f8c52bf40862b1503a5a65e0f2c29589cd74837b7dd99babcf,2026-05-25 06:20:46,['W000232'],['W000137'],[117713063],[117639230],117713063,117639230,73833,P2WPKH
f411aa479758d62d458933596c42c5db6b27d895c53734165a96a205e2e02602,2026-05-22 14:29:12,['W000107'],['W000273'],[28947837],[28906420],28947837,28906420,41417,P2WPKH
24445a85845f0b115707bf770b2cb9c953f5ea581e59fff75474d09f20f5e262,2026-05-02 15:31:36,['W000008'],['W000090'],[23163765],[23148342],23163765,23148342,15423,P2SH
241749e634c5834ac51a4c367a023049d04e1458ec2efe40c2aa172a64e6598f,2026-05-21 03:24:01,['W000035'],['W000230'],[27689838],[27672076],27689838,27672076,17762,P2WPKH
890aea1b70d8f8140ee0d8100e17fa363e797cbdff3d101994a75dca3945a4a9,2026-05-22 14:24:40,['W000007'],['W000054'],[19011433],[18988901],19011433,18988901,22532,P2SH
9059d93e06c83ecb4a960fd0af8c76517b2b08e9b93c66fd259e0faffa94742c,2026-05-20 16:18:21,['W000252'],['W000286'],[27283886],[27246717],27283886,27246717,37169,P2WSH
5191db9a79d056b20433caad59de67b99be71a01796f5a285561c359cd8efa0a,2026-05-02 19:42:46,['W000268'],['W000002'],[49355913],[49334043],49355913,49334043,21870,P2WPKH
45aa2e38629c5e83851dc16cbc4ff414b68d954a76e9eab28aae2b9dbf40ae1f,2026-05-09 08:55:57,['W000155'],['W000252'],[9528698],[9515352],9528698,9515352,13346,P2WPKH
dfb06b9dd81b137268481236e5648df42b05bcad693c2d8f3a2a60a9af68596d,2026-05-09 09:04:20,['W000172'],"['W000081', 'W000045']",[276807261],"[43836094, 232637354]",276807261,276473448,333813,P2WSH
1b8f285f11c22bbd908b0bffd5c5a8425038645120f1d26b1ee551084efc8550,2026-05-27 15:59:49,['W000111'],['W000186'],[49166754],[49120758],49166754,49120758,45996,P2PKH
458edcfcccf1ed73e18742399891d68ff30975cda64d9d4bdecdf5cc569ab808,2026-05-29 03:47:46,['W000116'],"['W000018', 'W000265']",[22984856],"[13941155, 9023244]",22984856,22964399,20457,P2WPKH
f5576a7abf626b1ff778b9404c539136ecdf6c131b892f46ed3589266d3a855d,2026-05-20 04:10:14,['W000163'],['W000220'],[49772074],[49726692],49772074,49726692,45382,P2TR
b5762a26fc3e375651c397ec81d1aa146f93ccea5626c3c7d9a5fec394b943fe,2026-05-22 05:40:54,['W000092'],['W000030'],[37145887],[37124818],37145887,37124818,21069,P2PKH
c1d89809dd7b45c6187b711217c3e3b3ced0966b254dd7767be1d93d3b8f1ddc,2026-05-08 04:59:53,['W000140'],['W000247'],[45551058],[45511036],45551058,45511036,40022,P2TR
9d164382b505f16492323085ecf6e8daffac9be3648f892aef87f0ca39ffb868,2026-05-24 21:52:55,['W000223'],['W000133'],[14049603],[14042702],14049603,14042702,6901,P2TR
6620e2abc27c985486aac2c56c965d5bada6b3190de62580f19158f555915b77,2026-05-12 07:33:18,['W000118'],['W000028'],[21032796],[21021327],21032796,21021327,11469,P2WSH
27d77f8146a831d9bc62d5fbc137349fe408f8e457972c866ebe9f44e2a10cb6,2026-05-26 21:25:37,['W000144'],['W000043'],[10098043],[10091750],10098043,10091750,6293,P2SH
c4c724b537b3ff0256b5b9578fcf842c6b6b3a667cb54b2d45eb7908358bd86e,2026-05-05 15:41:02,['W000189'],['W000278'],[148685628],[148589393],148685628,148589393,96235,P2WPKH
229952f814f6e783c673a2025070af53a63c7cb41ee3ab048e4582105257aceb,2026-05-26 13:02:09,['W000285'],"['W000020', 'W000114', 'W000234']",[100950002],"[43107323, 41826941, 15901457]",100950002,100835721,114281,P2PKH
59513bb36954571400d87302a562617e5ddac3a26f46ff4912a54c87199521dd,2026-05-20 13:50:47,['W000235'],['W000153'],[59816603],[59757870],59816603,59757870,58733,P2TR
8e1a29bf14cb2307c365b84e2fdb1c3464b2e84fa9f5f8b448fd3d882f06dc5b,2026-05-16 18:56:55,['W000181'],['W000207'],[13728430],[13713165],13728430,13713165,15265,P2WSH
ef8efdd060476558d6dde302807bdfcfe3e620b0639756fd9d3df1006d42f9f3,2026-05-22 03:22:14,['W000189'],['W000242'],[11490758],[11477130],11490758,11477130,13628,P2PKH
db35ac6b5bf925a01013c6543e2e0e7f232a42f646c9ac56658e99cc731b0a55,2026-05-23 09:20:31,['W000105'],['W000096'],[6639644],[6634051],6639644,6634051,5593,P2TR
e4aecd201fd5d32afb5b7e685e2717d142b8f81a19089957079a33057c0b3455,2026-05-08 11:42:59,['W000212'],['W000231'],[165674368],[165492563],165674368,165492563,181805,P2TR
6db9a2c9ef12954ed4106adb63a2820573beda8d78c18c388e17d0949a95ad4e,2026-05-05 16:41:44,['W000213'],"['W000188', 'W000288', 'W000056']",[15654116],"[4120607, 4537387, 6983249]",15654116,15641243,12873,P2TR
dd5efe8233c80e05ceda84a77b06172b8b942067a07f294428e08a806cfb0f45,2026-05-25 07:54:33,['W000016'],['W000201'],[13638556],[13627223],13638556,13627223,11333,P2WPKH
a72beef7b88bed47cf7faec40683c041bcf6ee12e42e198327f55eb4f190cdb1,2026-05-08 15:47:00,['W000166'],['W000123'],[235557136],[235259708],235557136,235259708,297428,P2SH
7c5dbb38663403b5aaa7e7fc3e5800e0a40970b7d036bb5cf9ce443dae87e0c8,2026-05-05 22:58:54,['W000183'],['W000121'],[57213051],[57181499],57213051,57181499,31552,P2WPKH
2c56c176d810e9384b3acc79676a9de960e69c1cd3ec89cfdb25e89ba63d1228,2026-05-22 10:08:50,['W000142'],['W000063'],[538781746],[538505404],538781746,538505404,276342,P2WPKH
aab6f655f13cbe52615d54986192ce3473021fd14265285a8ae9fd0a24117116,2026-05-07 08:39:06,['W000279'],['W000206'],[52521308],[52495005],52521308,52495005,26303,P2WPKH
48aa42d98dca4d7c0b890efde07d03c6687e5769727024c8c0e9d2d83c1e43ae,2026-05-31 08:43:41,['W000192'],['W000183'],[30185280],[30146865],30185280,30146865,38415,P2SH
064a19c78aff03f8585fd2f16d193d831e01e206e021fe317d44ccd4cc3dd2b9,2026-05-11 01:47:47,['W000072'],['W000101'],[34569854],[34536147],34569854,34536147,33707,P2WPKH
979777b6daff4c8bbfa7e7db347e9b0af24df611859d38d6d4ff4a179782b26d,2026-05-19 16:58:23,['W000080'],['W000132'],[58071552],[57990150],58071552,57990150,81402,P2SH
691f71ec26194fb21c7dfbc1eb16dd63420d0e21f4a0b0b66bfde51727df2c73,2026-05-06 17:20:23,['W000284'],['W000033'],[119676221],[119516313],119676221,119516313,159908,P2SH
11ce53afd3609ccf183b4d2a3ca57ef9c769e29cd9adf45aeb3088cc4086c510,2026-05-21 20:02:37,['W000078'],['W000147'],[126693903],[126551369],126693903,126551369,142534,P2TR
4b3e4aa19c5dbdf54180ba85ad5ca2ae10fc018dd67930989c57c3fa5701f33a,2026-05-21 11:53:23,['W000004'],['W000209'],[552328556],[551995057],552328556,551995057,333499,P2WSH
feff1f1f61ba9ea9486729931b0597b3ff79b8a8b45b5bae26893bd4664ef886,2026-05-01 13:27:44,['W000171'],['W000258'],[100188413],[100086928],100188413,100086928,101485,P2SH
a39430bb8c9fa18e1a4832b5ffa0095a06e0f00a6ccbbfe04647da0eb98312c0,2026-05-21 22:14:34,['W000092'],['W000275'],[29880306],[29839856],29880306,29839856,40450,P2WPKH
572f162156646e5891749fcfef1067f03314adb4b4237ebba948e2eb443dad39,2026-05-29 06:36:13,['W000008'],['W000200'],[123133463],[123037565],123133463,123037565,95898,P2PKH
c1bff15ffaf78371520ada7e9848d1c1f63a6da7057e8526635c2e7f97a2d517,2026-05-03 04:12:06,['W000081'],"['W000256', 'W000068']",[8821503],"[3095197, 5721762]",8821503,8816959,4544,P2SH
3e4f0d26773ec7c79a7c17befe4ef629ad5876e987996df0717578d6bea91879,2026-05-05 06:07:38,['W000097'],['W000265'],[121766753],[121708390],121766753,121708390,58363,P2PKH
ed30824af4a2daa226f031359823d753f48431f5f67e380bb1ced62b59662339,2026-05-02 12:04:52,['W000276'],"['W000249', 'W000263']",[12637008],"[2830125, 9790311]",12637008,12620436,16572,P2WSH
291f1646373f90b96fdc87e7b088098460fd3666904d0f0ad5423358f1e55f08,2026-05-01 18:03:00,['W000022'],['W000299'],[12290834],[12282076],12290834,12282076,8758,P2WSH
1df965c6d2d13a17ed3c5f1d19986e10c97c8f7a06f70cfde1f7623482dbd5f4,2026-05-11 08:24:14,['W000154'],['W000274'],[24830211],[24803711],24830211,24803711,26500,P2SH
68a8acc7e73b139b1aa099cfe086cd0cf15b4a136ea409ecaeadfe9df73745f5,2026-05-26 20:08:51,['W000066'],['W000255'],[18670430],[18663059],18670430,18663059,7371,P2SH
5628753a1682db59969971e90e258cbeeaeea3597314c4b0077811e15062ad8d,2026-05-19 00:43:58,['W000070'],['W000049'],[80046060],[79997368],80046060,79997368,48692,P2WPKH
dacc2d5b0402a6101018d0b339ec9818a6d643bfff78e11517f7afb19fcf8f09,2026-05-23 09:31:27,['W000160'],['W000105'],[17182752],[17175604],17182752,17175604,7148,P2PKH
14f1421d4d35adb6e4d441d6df51855493d7b7f8681a6af6b6d0c50f3863c309,2026-05-02 05:18:09,['W000024'],['W000156'],[29456448],[29421493],29456448,29421493,34955,P2TR
c5615f1a6577ccb90d624f02a7911141700b6ef1483a8afae6dc92a7be9989fc,2026-05-03 14:33:01,['W000067'],['W000080'],[55865510],[55814228],55865510,55814228,51282,P2WSH
91e5dcc01ef02f4a7922087922664591c41ac44f082d11c92a1585c5b5d8c0ef,2026-05-22 07:26:21,['W000008'],['W000107'],[235417113],[235215599],235417113,235215599,201514,P2WSH
274e6c2d0234f5d67b343fdf89ac5316ef3424975f343b778bf354aa0ef4c910,2026-05-01 04:20:52,['W000231'],['W000072'],[123485117],[123346206],123485117,123346206,138911,P2TR
839f9831155c16bfb781b3118b243bb41a935f43df19a207b97ed8f44bb17c0b,2026-05-22 09:03:40,['W000069'],['W000112'],[62527658],[62454732],62527658,62454732,72926,P2WPKH
1f8c6862e11d19226a41297c8aaa292b52a6eeed598797d2c8e2be45f5a115d1,2026-05-12 05:50:55,['W000049'],['W000131'],[89372188],[89258360],89372188,89258360,113828,P2WPKH
e79e6bf7998d128d9fc8f8c66a8733a43a41ce974f16bca31437f231ef9be2f6,2026-05-15 21:35:56,['W000287'],['W000116'],[120217599],[120169537],120217599,120169537,48062,P2WSH
c7b1a66674a39dcb841e207bb2cf182c679b26fb94c007ba8bcfb9521cc32e93,2026-05-28 20:32:06,['W000102'],"['W000108', 'W000211']",[10032767],"[7386792, 2637080]",10032767,10023872,8895,P2WSH
eeaf30431ddcbb2f4d0902a85b8c719ac238b98fd16d32270397f16de66e694b,2026-05-05 08:02:26,['W000249'],['W000038'],[72630312],[72524859],72630312,72524859,105453,P2TR
2ce09e000d2d59dd47c94b4f09e3626dcf7204c24f06d0b4121056c6e3ae4ee0,2026-05-18 15:17:52,['W000015'],['W000040'],[8677236],[8671428],8677236,8671428,5808,P2SH
a9c1febf31702e6d8a208a5e00d2f963efcf20901c945d5a8a19e4dec090c838,2026-05-26 11:10:24,['W000202'],"['W000129', 'W000237']",[97230990],"[66268567, 30871378]",97230990,97139945,91045,P2PKH
c60688948fb09f85ce078762f38c008c535d440348384eb55e744421ac4b0004,2026-05-15 19:59:40,['W000115'],['W000030'],[17985372],[17958806],17985372,17958806,26566,P2WPKH
f78ebfc84064e768bb473a031a99b976620765da98e0cf53875235fbca9c07cf,2026-05-25 05:32:14,['W000106'],['W000094'],[703578509],[703009446],703578509,703009446,569063,P2WPKH
86abb1057bda3ee33261627e0eab073f390772710e14a79185c6149099094c96,2026-05-24 05:53:59,['W000151'],"['W000100', 'W000212']",[15021553],"[4806583, 10201581]",15021553,15008164,13389,P2WSH
65ccebd251505fcbb33863663fd0747bfb9592c20dd14a5284bdf0593eb6c1bd,2026-05-22 11:41:17,['W000041'],"['W000124', 'W000142', 'W000228']",[127461730],"[4758722, 73763701, 48833359]",127461730,127355782,105948,P2SH
d886b6577920b89a55517f5e04f8404a4583b2efc9d0ddd1f8ca60b0f427104c,2026-05-26 11:38:33,['W000004'],['W000274'],[9075995],[9066952],9075995,9066952,9043,P2SH
df6bde39bd283ff8e5fd32326704e5f411058e3cbe433dae77351d48701a9a46,2026-05-06 00:25:22,['W000024'],['W000210'],[41731891],[41697744],41731891,41697744,34147,P2SH
18cb025b4fe8c0b6a8c8f84e9b3cfec515095296cbb9fb2e4794fc1058f45208,2026-05-11 14:28:00,['W000070'],"['W000102', 'W000244']",[28444813],"[2000102, 26403583]",28444813,28403685,41128,P2TR
ae755fb30a78de2a3b6e7af936a2759391c9d1e267cccbd3286b297d1a4ab21b,2026-05-29 22:46:06,['W000168'],['W000154'],[202268756],[202082256],202268756,202082256,186500,P2SH
51a2676e014866c80168e203559582e843208d29bac73cf7e3724c551ee56940,2026-05-26 15:17:12,['W000108'],['W000012'],[205045670],[204976356],205045670,204976356,69314,P2WSH
4351c266369211437abfd0eda3e00f33308239208b50079e406a6c2b01dc4a49,2026-05-07 04:24:13,['W000097'],['W000131'],[29422937],[29380217],29422937,29380217,42720,P2PKH
6d439cce65ba667c2a4577ab3f128aabf22853f5ed2da989236979474b80cb01,2026-05-31 11:38:10,['W000208'],['W000187'],[44721202],[44679466],44721202,44679466,41736,P2TR
5d1490749eefb9672edb35719889981d3a3ce556c874cae725d75b86c1288aed,2026-05-31 02:34:29,['W000067'],['W000265'],[18422167],[18411228],18422167,18411228,10939,P2WSH
cb525ed077156650bbee8c284d1cddf7f792040b22184d317c9d55a987afa70d,2026-05-13 23:15:13,['W000022'],['W000163'],[71389215],[71354562],71389215,71354562,34653,P2TR
3c89b45db3cc2cb5f3688f4e47f6fbaebf164cb78ce0c67ec23f2e825360ac1c,2026-05-10 12:09:45,['W000113'],['W000085'],[185848122],[185733327],185848122,185733327,114795,P2PKH
5fbfa5ec95ad0ac5c47a7bdfd7f7da025b6d07d0e6bff3ad75ad2a62a4ca2008,2026-05-15 04:26:41,['W000066'],['W000274'],[166240679],[166077774],166240679,166077774,162905,P2PKH
68cd44d16dab0c457820248af659e764afddbe5110ae9f5d7664b9286e5a54db,2026-05-24 14:15:13,['W000075'],['W000098'],[44826869],[44766726],44826869,44766726,60143,P2PKH
b153b4ae84aa0bc3032b94ecebbf7ef0f4ef1efa8959b89cb2be56410a1e486a,2026-05-17 10:19:12,['W000022'],['W000264'],[19350621],[19325196],19350621,19325196,25425,P2WPKH
eda4fdaef2af7d23dc819735826df4ad684ff33e72f44a9f076470220d2131e5,2026-05-20 18:26:52,['W000149'],['W000172'],[6422009],[6415449],6422009,6415449,6560,P2SH
d97c939b937f6199b7a34f21b9893626641ec657da4a455af7138a190c487b3a,2026-05-19 01:31:56,['W000093'],['W000061'],[13960976],[13944447],13960976,13944447,16529,P2SH
4166887b34357d6cb9f1faaaf4e0851fe492bd05e55e76dda40513f3b83a8477,2026-05-27 13:47:22,['W000159'],['W000215'],[54095887],[54051331],54095887,54051331,44556,P2SH
df52775b0530cfd73263d7e4a9034c293601f21e021528676d29db605b126bb9,2026-05-09 04:36:53,['W000231'],['W000135'],[152470500],[152281637],152470500,152281637,188863,P2SH
ea20aa0f879e34c5dcd474550575024c5953ad26085e019839db14809dc8b021,2026-05-06 00:15:31,['W000255'],"['W000026', 'W000029']",[37297770],"[19146562, 18100287]",37297770,37246849,50921,P2WPKH
a4633d6bdc156b272c7226baa6db479e85963f301fc473f121e4ba5dc59cbeef,2026-05-25 16:59:54,['W000028'],['W000184'],[113514308],[113467769],113514308,113467769,46539,P2TR
37fff1889f0baaaa4242ca797cfdb8a18a6bb2939fe70aaa894a6698c486c3c6,2026-05-29 07:19:36,['W000119'],['W000286'],[50101881],[50028801],50101881,50028801,73080,P2PKH
2f0532bc5fecfc90c93eb9a08cd2c39625e87b557fc50c0832479688982b6b75,2026-05-18 22:24:36,['W000105'],['W000083'],[48808198],[48753379],48808198,48753379,54819,P2SH
9f8ec88af4d93cc487ed99e8eaf0561af4dc0805fd4b3195a97fcb231796cf7a,2026-05-04 01:08:54,['W000287'],['W000109'],[66085256],[66057553],66085256,66057553,27703,P2WSH
fa3d3ac2ef0f5419c756467b1ab47305cb0aa67ea4325cfdc69e277f1683c391,2026-05-10 00:13:58,['W000151'],"['W000224', 'W000150']",[57997580],"[30560519, 27360628]",57997580,57921147,76433,P2WPKH
7463e54a82a6cf31bffcc05dc207b12219f4a0586fbb8b6a99be7e8747035f4d,2026-05-30 13:59:01,['W000298'],['W000199'],[62005699],[61958524],62005699,61958524,47175,P2TR
94bc6f05f3c39241ab3544cfe9745fff5d02da193ac43a20fc9afc84a33040ee,2026-05-01 11:55:36,['W000079'],['W000006'],[126730412],[126633012],126730412,126633012,97400,P2TR
a435e90102dffcb657985aa094a4e971099296e5ea303a7d43c79e80c6711b6a,2026-05-03 14:01:18,['W000199'],['W000033'],[25864806],[25829633],25864806,25829633,35173,P2TR
a0a8b45e4fa1da70ad1341948907421945a6d04605c431dad47b960ae5be0eca,2026-05-20 09:19:41,['W000191'],['W000237'],[51005453],[50969505],51005453,50969505,35948,P2SH
f1df26f12e02aa3996c3cc38371f40e57f30f881773daddec1984bdccadfe095,2026-05-23 15:58:07,['W000019'],['W000056'],[25147951],[25116276],25147951,25116276,31675,P2SH
65f78fc5552b00a910b9626a93a666b3c9e8fb7ba37976307fa88be292dc6781,2026-05-03 11:04:49,['W000128'],['W000048'],[75950922],[75854817],75950922,75854817,96105,P2WSH
291309a57a44dadcb21a678b0e8c8d56be2ddceacef9ccea5e1556daf7fc0b36,2026-05-21 13:11:48,['W000211'],['W000105'],[20041238],[20016482],20041238,20016482,24756,P2SH
593081f5585b9b6ed2ea7a92522309fda352b609c5c21a6b350e88e357af34f4,2026-05-02 20:27:35,['W000187'],"['W000042', 'W000272', 'W000137']",[4398152],"[1012709, 1989206, 1393008]",4398152,4394923,3229,P2TR
59cb80aece8ccdcffdd374018b6bf83381fd47c70adf6bb136e15f5af157a9e3,2026-05-15 01:47:42,['W000111'],['W000259'],[53623073],[53599039],53623073,53599039,24034,P2PKH
6761fa491522c8f5f76083c08b51f8f460e462f0e478c59cbc8f70d3664866f1,2026-05-13 02:00:07,['W000045'],"['W000212', 'W000181']",[44286128],"[36392952, 7831832]",44286128,44224784,61344,P2WPKH
0475582ce96e48c237f4c6d054f11ab32c73f749712639fff783c8768e68e9ab,2026-05-03 15:04:35,['W000124'],['W000244'],[97174383],[97144331],97174383,97144331,30052,P2WPKH
ea2158a0a001e66d2a454b984042f9ed29f940a75eb22a93da9553464913572c,2026-05-09 17:58:52,['W000124'],['W000097'],[69452896],[69430669],69452896,69430669,22227,P2WPKH
343be1fe714ed6a6d475ded1d36abbb1bd6da4bbde5e1c5cf73551bf2228996f,2026-05-20 05:18:32,['W000136'],"['W000173', 'W000171', 'W000057']",[58985636],"[8880533, 8360437, 41676708]",58985636,58917678,67958,P2TR
ced0442d92976ada1c709bed4afbfe0252cf27270b273db05c02cacab158d760,2026-05-21 05:25:46,['W000104'],['W000004'],[18553559],[18543685],18553559,18543685,9874,P2PKH
bb3c32f052101eeb0aa7a7e3819ffcbdc58ff8ef14d38b0815408a51e910258d,2026-05-01 12:29:39,['W000139'],['W000057'],[135108193],[134978198],135108193,134978198,129995,P2SH
79e1e0e78e11c5e80469b381e0b4cc4a72c87c9eeefd0c1ef7fc93a067ee0f4d,2026-05-02 18:53:12,['W000182'],['W000254'],[162271813],[162176596],162271813,162176596,95217,P2PKH
4171d894f3717933c1e07cf7ce4d9cc943c76a94772d9be32e46ec893f31df57,2026-05-04 13:47:32,['W000250'],['W000193'],[27382477],[27347429],27382477,27347429,35048,P2WPKH
613a8ee181f7d0e3d5bfaf52a58329a00478dbba1272074cf501816ca04eea3a,2026-05-21 15:36:07,['W000076'],['W000095'],[49192137],[49175841],49192137,49175841,16296,P2SH
8716d6b7d7c4ca5e74b40cc9491316f0fa368297e76a0a15c32340118b2bde90,2026-05-20 17:16:34,['W000087'],['W000178'],[102351878],[102216634],102351878,102216634,135244,P2PKH
343b8026b50e66d5b058c1ac9ce7a99ce7b03abf0825b46b11d8d132d7e7cadd,2026-05-28 07:51:42,['W000058'],"['W000087', 'W000078']",[26069766],"[14624522, 11408212]",26069766,26032734,37032,P2WSH
91092a1ff356ce732a77767de0e6989bf26cb2a43da01b12f119869821d9e5e5,2026-05-23 22:56:57,['W000097'],['W000062'],[78033800],[77985843],78033800,77985843,47957,P2WSH
1823687a633bab2268d51df6940afc1ddf61c5d40a4060d3b699df29885d4158,2026-05-18 00:33:27,['W000075'],['W000042'],[67524804],[67470046],67524804,67470046,54758,P2TR
468cb25851090eb38225650a81b959c622a4fd432f8da24c2a286b3c39ee197f,2026-05-12 14:25:35,['W000020'],['W000041'],[21416182],[21401510],21416182,21401510,14672,P2WSH
8a58a9ef00579461ad30f7a1d84e8551624486b99e7a32c5c9baa62affa1f18b,2026-05-30 00:58:48,['W000142'],['W000253'],[22110110],[22099295],22110110,22099295,10815,P2TR
881259582ed28d36026cff63e1f9f4b9572c871837d53a0dd8aa40cb6453e0bd,2026-05-23 08:02:37,['W000262'],['W000005'],[172289220],[172160309],172289220,172160309,128911,P2PKH
07e90f4818c5ea2d7aad480d62bda377c919ffb939a5e7c9d18b6d292fea766f,2026-05-13 00:30:56,['W000258'],"['W000040', 'W000036']",[96992242],"[78144214, 18714187]",96992242,96858401,133841,P2WSH
85d9f9987558f22f3d15422ea3e20c380ceffb2b44cd48a9b344a4c255df90f2,2026-05-21 06:39:43,['W000096'],"['W000133', 'W000102']",[32094944],"[16616806, 15438046]",32094944,32054852,40092,P2PKH
77096d3f59c86f60df0b6e8ebbff8e2a895e6719eee001fbfacf50c0c70396c5,2026-05-01 18:13:25,['W000154'],['W000251'],[174205311],[174080133],174205311,174080133,125178,P2TR
0480b703d104842295c9599cb97e6c6c788e6edfb0946ab1c0f1a403e4ef1d2b,2026-05-08 13:18:52,['W000126'],['W000166'],[27594080],[27583234],27594080,27583234,10846,P2PKH
07d53b2b1d3632488fa7de3027ef3377826b0a729831833c920353acd01cfae2,2026-05-08 20:00:41,['W000197'],['W000172'],[165973990],[165742550],165973990,165742550,231440,P2PKH
44011fe2d6bf85c66017b480d81acb8ec0cb63b857d6f91f7f609807c601dd19,2026-05-05 01:07:17,['W000228'],"['W000118', 'W000142']",[6349248],"[4102843, 2238152]",6349248,6340995,8253,P2WPKH
a92e47e70f4bc155ff4f89a6b667f3ae5806e56c3db30fdbfe22ec7680acac21,2026-05-31 16:48:26,['W000044'],['W000001'],[135686011],[135590279],135686011,135590279,95732,P2PKH
f09e6dee09979c8e81743a7eb43045f395d292b8e206ad1a67f2cd9444ee3a1c,2026-05-07 19:40:09,['W000266'],['W000035'],[35564871],[35530647],35564871,35530647,34224,P2WSH
a74846d9f85df5464c2a5a788ba1219a55f0b1908c43ef4188cae376d210833e,2026-05-09 06:16:43,['W000044'],['W000061'],[70860132],[70796037],70860132,70796037,64095,P2WPKH
87828546ee4e629dce8932dff2146ac45b1767954879d41886eef08d98d36257,2026-05-09 04:12:36,['W000212'],['W000003'],[24070757],[24037477],24070757,24037477,33280,P2WPKH
5b8d46810543443688d1531f0749aae09e0409a9e54e4a5bbe0791507a7a578f,2026-05-23 04:30:57,['W000168'],"['W000053', 'W000215']",[37341156],"[10566413, 26754965]",37341156,37321378,19778,P2SH
38fbf1a19622514723650ca3b64a06febc06cf4a01867ef3c3d7292b06161ab3,2026-05-01 14:24:42,['W000065'],['W000130'],[2395064],[2392536],2395064,2392536,2528,P2SH
e07af97651d47b0a01162b2958d09e3fc05804a7496e805630b878b0994f5642,2026-05-19 16:24:01,['W000016'],['W000070'],[124897542],[124720140],124897542,124720140,177402,P2TR
6f5a8ce5a2caacb0e706441e984fd97ab55d59a99898620b772d2b4c8b8c9ef0,2026-05-04 15:25:35,['W000021'],"['W000093', 'W000151']",[28846790],"[19624253, 9184305]",28846790,28808558,38232,P2PKH
a8f79c67b75a25c4aa26f7366b6ba8f0cd216c0b4d8afa4186c2b4d15d229170,2026-05-17 19:31:59,['W000149'],"['W000225', 'W000274']",[64316400],"[42410614, 21828417]",64316400,64239031,77369,P2SH
5cefd38d5033d738c97ad35f49091b039105901437a871117baf59ac822fd204,2026-05-12 06:35:23,['W000181'],"['W000235', 'W000119']",[8447980],"[6485916, 1951211]",8447980,8437127,10853,P2WSH
d3c45bfdca450692411146f408d08ed622ef60abd44b8750c0186877159f9a16,2026-05-23 18:45:15,['W000002'],['W000193'],[80689281],[80645920],80689281,80645920,43361,P2WPKH
6da2084c990ce8ead0822362443b68c70ae7b87b2af5ed00cab3552859f0d8c0,2026-05-04 13:00:13,['W000132'],['W000185'],[38707948],[38680699],38707948,38680699,27249,P2SH
a9336a2c28bcebf2d62e722906f9b4553b9731058dcd8519828f5ad69ab61e6c,2026-05-06 07:50:57,['W000051'],['W000212'],[58247786],[58173927],58247786,58173927,73859,P2WSH
7f6e9ec1913af38654c59fc34249b3174d5c7063ddc89687bc5e0a767a4683da,2026-05-24 20:19:54,['W000122'],['W000073'],[24121623],[24100294],24121623,24100294,21329,P2TR
16c4d5e848f2ed9354ef2c24f9661097b3fe69c84b940e795689a98b3a9be0bf,2026-05-22 10:12:29,['W000033'],"['W000271', 'W000300']",[118103402],"[71202558, 46760293]",118103402,117962851,140551,P2WPKH
bac8943bd6986d7d183bf29afe2fe2454d0514fabbc89ec40a1ed83c416856fd,2026-05-05 06:09:14,['W000157'],['W000106'],[53813341],[53749928],53813341,53749928,63413,P2WPKH
af398024b948a3fba107b19ff3652fcb4226b1068911bdfeda01043db06d2547,2026-05-05 11:58:46,['W000020'],"['W000068', 'W000036']",[59093539],"[2469678, 56599947]",59093539,59069625,23914,P2PKH
d4b146a363761d1d44de2312bae6ba900855ad106c04311737ec87c8d663c1af,2026-05-14 16:01:41,['W000298'],['W000245'],[28655664],[28624915],28655664,28624915,30749,P2WSH
ddee7a9a9796137195561c8d7e758dca92552e2ebf618767d24f3413cf976e42,2026-05-01 02:15:54,['W000034'],['W000151'],[38985097],[38959205],38985097,38959205,25892,P2PKH
236ad9f31f63af0acc4b1be2f1aa921c3c6e506c0485d25d966b500f9acb5496,2026-05-27 21:08:14,['W000233'],['W000245'],[125212765],[125163714],125212765,125163714,49051,P2SH
0fe1a9287814ecec6fbf5c5c551526ae0e332b51337351d0938d88804847999b,2026-05-06 16:12:32,['W000130'],['W000258'],[44098715],[44046509],44098715,44046509,52206,P2WSH
ed42aaedc3bc67eb41cb397895020481a39990bd3cd3c4ff7f9d14cb2ca7abc7,2026-05-31 02:08:18,['W000099'],"['W000055', 'W000278']",[75245162],"[60875837, 14314093]",75245162,75189930,55232,P2WPKH
5576cb6ea7faca18663f4fa8946f29d54c967c683e73503f11bad7511744934d,2026-05-20 22:21:29,['W000117'],['W000217'],[36887091],[36873583],36887091,36873583,13508,P2WPKH
9639fac08cfab144bde4f3a15a62fee69d3c93813ea74c831c6274d2e53050f2,2026-05-23 17:14:27,['W000258'],['W000277'],[377079364],[376525078],377079364,376525078,554286,P2PKH
617f5decaa41ee0c88106d4f35b145710c58c1da3e99bebbfa2308819bd86517,2026-05-15 07:45:09,['W000207'],['W000229'],[37548693],[37533158],37548693,37533158,15535,P2PKH
c9e5ebebf694d718f70b7c65490b115a0f09987414c0c43c327b9e0b73f1ca9d,2026-05-15 04:36:21,['W000154'],['W000256'],[20584539],[20576335],20584539,20576335,8204,P2PKH
3f02be22ed88134191cb57c1eb726267c831582761e8f58deaedf762fadf0b59,2026-05-11 21:07:44,['W000015'],['W000070'],[32774008],[32741905],32774008,32741905,32103,P2TR
9ee1411d3a5a7e6c0b149f915da9e707184cce9a90690df540f13ba16b0b4082,2026-05-20 14:37:41,['W000083'],['W000012'],[23504800],[23492343],23504800,23492343,12457,P2PKH
5166e4791260521b404e43a9da4b212b2132b8dcc9eb88ff5fff279c24724fb8,2026-05-09 01:27:48,['W000238'],['W000042'],[185896500],[185786740],185896500,185786740,109760,P2WSH
dcb60d161135b7a3f8248e1ec8ea5d9caa4f2002a970202a86596bbd13172843,2026-05-19 10:39:54,['W000071'],['W000081'],[31623086],[31589427],31623086,31589427,33659,P2PKH
c0dfd663f917663bcd4c82e3a70d225d434f1a1aa1efe14c87f336d90622a388,2026-05-09 13:40:46,['W000039'],"['W000160', 'W000137']",[148352948],"[59360346, 88802776]",148352948,148163122,189826,P2TR
2db9c10c87ce127e765b6c366a1165331e3e95c5471106cbaa67f2a034618159,2026-05-07 21:03:23,['W000212'],['W000044'],[80491191],[80424681],80491191,80424681,66510,P2WPKH
c42e1e3f249353812b72d19094e33e6ec4d509f1ef25bd16abeeb576359d5bcc,2026-05-10 07:07:05,['W000069'],['W000286'],[40965453],[40919064],40965453,40919064,46389,P2WPKH
49d4289fb0965ca32e6636e670fdbd9726c691ad57cabfc65e978162508eb3fd,2026-05-11 06:47:11,['W000185'],['W000151'],[162038563],[161894218],162038563,161894218,144345,P2WSH
eb401ebd2c1757c2c7bfb02451ab8576ed48d5a0050442258e27a3263f5ff4eb,2026-05-14 16:55:01,['W000028'],['W000005'],[37359314],[37330615],37359314,37330615,28699,P2TR
dff3e7e8caf285092cc9da51b29fe0cb3f66708f7dccb014c9083bc7fa5cdce1,2026-05-03 02:42:30,['W000048'],['W000031'],[10046831],[10038508],10046831,10038508,8323,P2SH
c3f6379bc18dabc0a86676a84db3ce111b520cb438086a0e46ea8559fd22a70e,2026-05-13 23:35:14,['W000080'],['W000185'],[31531047],[31511577],31531047,31511577,19470,P2WSH
4b16c719278ff370d1f836ae4e200d0b1153ff18b425d0d107f68ae8561d70d8,2026-05-09 09:54:35,['W000230'],['W000056'],[53343994],[53276716],53343994,53276716,67278,P2WSH
1da0c1a4dc2194262c0349ece5447934fab9e76cd4b2e3a80268540e8b724899,2026-05-24 02:20:37,['W000199'],['W000211'],[135994408],[135793927],135994408,135793927,200481,P2WPKH
124fbff80c6b133c18103750c296e1110e87ed9c177e64fe3f34351fb9be42bb,2026-05-01 18:32:03,['W000180'],['W000070'],[351413145],[351239434],351413145,351239434,173711,P2WSH
649cac3396a7802782bcdaebc6428e576a1c3ea78a388d28102fbea7ff9b2b95,2026-05-14 05:57:37,['W000094'],['W000109'],[40200339],[40148726],40200339,40148726,51613,P2WSH
898fd0494a3355363a00a1eed03661a852af060e830907cb2c2b55bd3ca2f25e,2026-05-06 19:27:11,['W000022'],['W000196'],[28246053],[28229059],28246053,28229059,16994,P2TR
9c6f0db073effd9dc3c7098bc5cd8a8bcc7969ce0d8b5decae9846b8c28c31a9,2026-05-01 05:00:41,['W000287'],['W000100'],[13013576],[12994241],13013576,12994241,19335,P2PKH
6b4ed8a667c92693b08c5579ed408f1ec6228f28bad7d0eeac0898ca769eaa49,2026-05-26 02:34:29,['W000175'],['W000082'],[109655561],[109542853],109655561,109542853,112708,P2PKH
8d4bb758f0605f5aa4dd21ecde49cbff40e374cd6dd7c309f2d62b558fafc809,2026-05-12 21:48:28,['W000166'],['W000020'],[27070612],[27033030],27070612,27033030,37582,P2TR
1b6618f3031e13f886b3f64cb71f3b594881b76f3ebd569b267a38bf587be140,2026-05-30 08:53:10,['W000145'],"['W000240', 'W000174']",[83992978],"[28351340, 55571719]",83992978,83923059,69919,P2TR
3f4c84b815d0c6f024a62ecd8f55051ecaf5c30063e69ee17870bab5fc1a1b7b,2026-05-28 21:58:14,['W000050'],['W000023'],[7264231],[7258645],7264231,7258645,5586,P2TR
d3dd38e38627354d440e90273226bf845630119498a14d78ec955c6b9221813d,2026-05-07 12:30:35,['W000021'],['W000285'],[19154587],[19128001],19154587,19128001,26586,P2SH
d30a7601f4ce696050706a755df50040a4115edbf6a39ee5141b043ffde961a8,2026-05-21 16:01:43,['W000194'],['W000018'],[22161843],[22140205],22161843,22140205,21638,P2WPKH
6509b40fd6ca9116aa8e8caf978a5289e18cca88f61d8c04bc5006ff28baceb7,2026-05-11 12:23:16,['W000233'],['W000038'],[161111434],[160979743],161111434,160979743,131691,P2WPKH
d3d92f9ce05ac1ea5085acc514bf6e66d5a18fbbfe45ecd0ff150c9cbe867319,2026-05-24 10:07:17,['W000103'],['W000035'],[19026228],[18999974],19026228,18999974,26254,P2TR
46c9e8c53eb9a4210765d9ff701e675cae8ee489f6c8be316f75f2bbb6f1ad41,2026-05-09 23:03:51,['W000038'],['W000129'],[27354249],[27320188],27354249,27320188,34061,P2PKH
58bcefe9535239ec5a1f1b2c6eda0cb9a51c2cf979b1fc1b2a734afbfe6779ed,2026-05-10 19:33:43,['W000138'],['W000126'],[147728421],[147579811],147728421,147579811,148610,P2WPKH
be387032217aa30df8a74d3f42598fa5aca3122ebe85f03279fb99e7dee03715,2026-05-02 12:34:05,['W000027'],['W000042'],[199051930],[198945165],199051930,198945165,106765,P2TR
ce58bf3545e8ed4954cc11a693a95e4b69d39181f57b34b4132494964d5999c9,2026-05-19 04:30:22,['W000257'],['W000063'],[60304671],[60264320],60304671,60264320,40351,P2WPKH
37f0213a5000732d570834ecd078ac0c0f17973ef2f2b1feb5148b2417a6f39c,2026-05-09 09:42:01,['W000215'],['W000133'],[85420110],[85373476],85420110,85373476,46634,P2SH
86432f341c6bcfc18208f467be6437d8f84dab8f51d6ecd1045f3027f4db479f,2026-05-24 10:42:34,['W000037'],"['W000138', 'W000058', 'W000239']",[76580655],"[18845372, 24937434, 32720739]",76580655,76503545,77110,P2SH
408d11ea20290f4062c5ebc7d9e66e4911c13e6884debd58da68f38509bdbe68,2026-05-28 06:56:20,['W000181'],['W000258'],[111962655],[111810772],111962655,111810772,151883,P2SH
b54f46162c8f2efeb8750dadf586631324b4c8b6ef5e0954595b95774623ad76,2026-05-07 23:17:45,['W000240'],['W000142'],[47789764],[47741311],47789764,47741311,48453,P2TR
a1f21e506f569fd4acb5a2ab37143c9eca98dccd8be8d7abe6aa82066fb05a0a,2026-05-28 12:13:08,['W000123'],['W000011'],[32853645],[32824150],32853645,32824150,29495,P2WPKH
29e23dbb74e9e1173d161dbfd568e4ea9c7b8e19ce1ebbc0f596a872f654492e,2026-05-26 09:40:05,['W000109'],['W000233'],[21003152],[20980299],21003152,20980299,22853,P2WPKH
7eb9bd2e2e377e47d06c28304a39155e6c378dc946636157e6c5f351ed5b70d2,2026-05-03 05:29:21,['W000063'],['W000057'],[47466831],[47435132],47466831,47435132,31699,P2WSH
520d3927aef08d304d9fad4b2144f2024e44e3335e62f0f84ac3c6050eb198ac,2026-05-29 15:13:50,['W000235'],['W000248'],[121393819],[121344224],121393819,121344224,49595,P2PKH
6c18e95ff5b8476105d494c8b0516d203f7d92859231aa376b534e7b74e222b5,2026-05-27 05:10:35,['W000233'],['W000066'],[39723956],[39669183],39723956,39669183,54773,P2WSH
729583c88d4a9ab96f55de8a166c75d26eb3d64cc40d4db4795ba385b8d33766,2026-05-26 08:05:06,['W000080'],['W000068'],[43580696],[43517710],43580696,43517710,62986,P2PKH
5129b9a3136813388a2df52c916485d6f923e6543d1f4f8e20f762e48f67cf45,2026-05-14 06:49:49,['W000082'],['W000146'],[65825141],[65766858],65825141,65766858,58283,P2WPKH
a5e9f47af8dea85741d488bf2f64b561a480438c8542e93232b388b86466100b,2026-05-13 20:44:43,['W000139'],['W000104'],[11548152],[11541423],11548152,11541423,6729,P2WPKH
cac6e3350d191eac99c40b7e1d9b2d99c666ee79343b82a75bcdf0a5dbc7dd9b,2026-05-04 03:34:51,['W000225'],['W000183'],[51512127],[51439387],51512127,51439387,72740,P2WPKH
d45ec568cb0fabb944b0d47f0b4316c9a6123450b6e772f7317b234961e5d969,2026-05-23 11:03:04,['W000027'],"['W000179', 'W000032']",[27105262],"[6771860, 20305146]",27105262,27077006,28256,P2TR
5d4423ff601a6ac353c46c2e360fcd281769e96a134730bd02caf61ed6b3a990,2026-05-11 17:32:19,['W000231'],"['W000057', 'W000076']",[191542154],"[125895078, 65517198]",191542154,191412276,129878,P2PKH
41afe7e5c578c6912d4c340f94639c1a5b15a6a5ee6772857d41d8c2115cf11e,2026-05-13 23:07:50,['W000149'],['W000083'],[159549452],[159483800],159549452,159483800,65652,P2SH
d40fc0571f61e936b9bd79a93f9657027eb7103e81c61ac0c1f06d1e00d4efaf,2026-05-23 10:03:14,['W000261'],['W000260'],[163018723],[162852134],163018723,162852134,166589,P2SH
dc7954c94c6654612b0e57631f0cdb0efd6fad5403ec2bb10349711059fdea70,2026-05-17 14:34:58,['W000264'],['W000218'],[89885923],[89828358],89885923,89828358,57565,P2WPKH
43ccbbbdf0f0120e69994b65dd8e51186df3be378c2b438c4eb95874c8158e77,2026-05-09 22:09:17,['W000147'],['W000213'],[225192269],[225107131],225192269,225107131,85138,P2WPKH
88f4713670c579b26497207904347bb8a64d0411b64ff816e512983199f74bbc,2026-05-06 06:05:29,['W000256'],['W000198'],[14616275],[14604728],14616275,14604728,11547,P2WSH
872cd9f1d6a80714a7501f3ba6429084f8acc946ad40b99d0879f3ea2ce36847,2026-05-16 19:53:47,['W000048'],['W000175'],[2709245],[2706959],2709245,2706959,2286,P2SH
c5c203e18386deea56fdc3e1dda1fbccefacd433f61a0d06c2ad27f144b4fb66,2026-05-27 11:06:52,['W000040'],['W000251'],[12325337],[12312471],12325337,12312471,12866,P2SH
6225a4ab7764c290f8852c3142b3ba8ed31332f4fec9501996b1c78dcd83f057,2026-05-29 17:19:10,['W000169'],['W000281'],[25371735],[25355171],25371735,25355171,16564,P2WSH
7b6ea6a6999545bf1145d7b6d96d6f2f3b73acbddac3bac08a037e5869060731,2026-05-01 05:40:42,['W000290'],['W000108'],[64988755],[64941497],64988755,64941497,47258,P2PKH
52ae1dd21bcfcd7c87ded62048fa7cd8d30b64133c800450ce07cfc903f5cb0c,2026-05-28 10:55:53,['W000075'],['W000074'],[17186354],[17168164],17186354,17168164,18190,P2WPKH
089ff0eb894b4d5e2ea50f88154449e2067d2688ded7af24b6516eef82aa9be3,2026-05-20 07:25:16,['W000054'],['W000052'],[172580938],[172511160],172580938,172511160,69778,P2PKH
f2c4b3ebbdb8f8b144cfc563210c26cd190d7f231082b51ee13ca5c17a2c4e3c,2026-05-31 04:11:48,['W000166'],['W000045'],[26326287],[26287587],26326287,26287587,38700,P2SH
f0e0bf8392a7b96f8c2984240f83489cb167cacb0cbbc44f75e4c7c0f6b5293e,2026-05-21 10:18:00,['W000035'],['W000106'],[60874229],[60809827],60874229,60809827,64402,P2TR
c1ae21f1c947414a507f2fd0460ec19219b72a41f12252ee29de15ed6c95555b,2026-05-10 11:00:49,['W000125'],['W000204'],[123997589],[123846111],123997589,123846111,151478,P2TR
7257a476d30f2d180e74a710be8e5897c34839e666cdad354d569b7875417ad2,2026-05-02 16:44:10,['W000058'],['W000180'],[355531586],[355142029],355531586,355142029,389557,P2WSH
794e0e8cbe097d6a19a6ad9b20342e023f7b6b2c68505e0d8936ebc75c9b5959,2026-05-13 11:38:05,['W000112'],['W000263'],[212911089],[212767345],212911089,212767345,143744,P2WSH
488e09d3ae019a362084993ee07a658712b1169e974e3db982d84ca85e6ba8fe,2026-05-07 19:50:51,['W000273'],"['W000131', 'W000028']",[22499194],"[22058719, 410478]",22499194,22469197,29997,P2TR
7605406f31bc501700fb52403ee724e6977444cdfee0743643cae5e806bcb1e0,2026-05-07 17:45:05,['W000180'],['W000232'],[42792523],[42734289],42792523,42734289,58234,P2PKH
a213b0eee5b9e02aa4580cb859fdea8e7dee7d3006e2d12717b344e68aa4badf,2026-05-24 23:40:36,['W000014'],['W000044'],[36767039],[36712453],36767039,36712453,54586,P2WSH
f4dca9acef7d5bc44f53aa1bf5504b87292fd2d8f9f29100be4b11d637eecc1b,2026-05-21 23:40:40,['W000227'],['W000009'],[67376959],[67339871],67376959,67339871,37088,P2PKH
e3c07f204fbc07494099e0aa785f688c60994821a8c6a57877dbcef4b355d9e0,2026-05-16 15:34:01,['W000164'],"['W000258', 'W000165']",[27324087],"[23965751, 3342510]",27324087,27308261,15826,P2WSH
3e3ad20cadfb6434a1e29b0c3732e5aae7385171dac47db261b01270d2d5ca48,2026-05-14 05:36:14,['W000151'],['W000263'],[30934359],[30906610],30934359,30906610,27749,P2SH
7943b687c9986303dda224647c2c65bee94e783eb66f1231dff884f8f2e606b7,2026-05-10 09:11:04,['W000131'],['W000101'],[186324501],[186135225],186324501,186135225,189276,P2WPKH
dfbc2102e679b122fe0865910b6bf7eec12a827ea300e05f9c6de77342709c8b,2026-05-23 08:58:25,['W000026'],['W000141'],[191919347],[191761445],191919347,191761445,157902,P2TR
0681f59d8784cd7d38893115f1a97559834daba8b8ca688ce75fb88a1840a4eb,2026-05-07 00:48:59,['W000052'],"['W000142', 'W000173']",[116327513],"[59772870, 56461662]",116327513,116234532,92981,P2PKH
531747516e243a64c5da5f78195f43c80597d356c25b912c9ea7f6d53b8de82a,2026-05-22 20:06:49,['W000217'],['W000039'],[259554397],[259227816],259554397,259227816,326581,P2SH
db6b05f2cf6184a5b8e9c7caa3d01c426e72ac21004efd79e6b005274cc9362e,2026-05-23 08:27:42,['W000070'],['W000099'],[93312149],[93218309],93312149,93218309,93840,P2SH
e007bf1d6c6cafb9acfca18dcece00c34c0c62e9acff956c6fdf0311144c2722,2026-05-31 12:23:45,['W000174'],['W000009'],[24061659],[24033829],24061659,24033829,27830,P2TR
604f239a24f826069028d3e5ce6a9b0ef21c009e53bb7f4454df62e9dbc690b9,2026-05-23 00:55:04,['W000208'],['W000080'],[58135176],[58059803],58135176,58059803,75373,P2WPKH
e9e85894e9ef7c642a0d70e06d2fb463b64b7060c25fd5daa35c91af9e15d3c4,2026-05-13 17:01:22,['W000069'],['W000205'],[90986565],[90939938],90986565,90939938,46627,P2WSH
6c4d7dec840df9b8c37a593f19642f1ae95b6f1c9b4f5e1bccb6a6dbbc7d229f,2026-05-14 03:36:56,['W000149'],"['W000044', 'W000040']",[21941247],"[10403601, 11504955]",21941247,21908556,32691,P2WPKH
b4d747a487b89f8daa340c60e119d5ac7ca4dae664f98dcc819d43a51f5ccd79,2026-05-25 13:08:41,['W000057'],"['W000039', 'W000084']",[78284545],"[27946396, 50254384]",78284545,78200780,83765,P2SH
f7ab2dfe6ba4a30d38f36180ab97f28b656094858f9b03f0bd3b50567eb81fc7,2026-05-19 04:30:26,['W000299'],['W000185'],[39032715],[38983678],39032715,38983678,49037,P2SH
d5a0fe2e3bbefd38ed4e16c4b81b8c84df2710f1bbb8f20fd643244def0f6aad,2026-05-12 14:00:11,['W000245'],['W000197'],[176973269],[176905097],176973269,176905097,68172,P2WPKH
363639ae8769fdc43cc10239e41fd8614505d29dec5c456c344140bb8d5d8586,2026-05-16 00:36:25,['W000053'],"['W000077', 'W000033']",[66039539],"[62324558, 3664599]",66039539,65989157,50382,P2PKH
6cc4f3a402b14f9d69572809f36ff40479258d25129e536b675e19a228a8c730,2026-05-04 22:50:02,['W000213'],"['W000027', 'W000096']",[221817684],"[125530374, 96076726]",221817684,221607100,210584,P2TR
246a287059ad6d93a64f50901539af2522691276f44f47724940f804f56b9302,2026-05-19 01:19:29,['W000019'],['W000204'],[196176234],[195998439],196176234,195998439,177795,P2WPKH
f087dbb17230557628ff29135ae5e993ef16bc79915246a0177ac126b708dc5e,2026-05-09 05:34:29,['W000127'],['W000275'],[8898773],[8891224],8898773,8891224,7549,P2WPKH
f02634a707d2beddc2cb1f48fe81ee5c78e79257edae325d04d3461b2ca5c65f,2026-05-24 04:44:51,['W000241'],['W000275'],[118895679],[118793090],118895679,118793090,102589,P2PKH
ad3205b471866d3ddbf4245716826beaea1aa263750ad18b513be553a7da8757,2026-05-12 03:50:09,['W000299'],['W000122'],[14297481],[14284086],14297481,14284086,13395,P2TR
ce4d93af86af9d7bf6f7bc6d7a1fb43889091ffcaf2f844025006ce41d2a7037,2026-05-14 20:52:44,['W000054'],['W000068'],[136790959],[136692628],136790959,136692628,98331,P2TR
b3b6c1fed150ccb897f4cffa2cdb1f44ce0ff1cf247586cfb552ce43e2790133,2026-05-29 16:13:36,['W000170'],['W000230'],[113063252],[112924396],113063252,112924396,138856,P2WPKH
50509e4f3678bbe4a6814445d703c8997ed733d0b01fa75b6c25b21795b06dd8,2026-05-09 06:41:05,['W000170'],"['W000284', 'W000149']",[31062611],"[11926489, 19102214]",31062611,31028703,33908,P2WPKH
6682afe9f9d1f013e8678c1c45851fbad65a87f7018f664e95217275ecadae51,2026-05-11 03:31:56,['W000204'],['W000290'],[76179749],[76125867],76179749,76125867,53882,P2PKH
c25cf758f3c4f66ccd2c038fc720a209cf5b85572d04bf04cac4635632572b7c,2026-05-10 19:00:59,['W000247'],['W000127'],[26455815],[26443725],26455815,26443725,12090,P2WSH
85b3fa4f76b6a944e55c729c86cd99799226f65cd9ebe46a32d2f5a353f6af88,2026-05-20 18:54:28,['W000040'],['W000257'],[55130060],[55070473],55130060,55070473,59587,P2WPKH
e80d98a12b04849ed73664605ad719389ba4c923aaca5bcc12abbf29dc70f18c,2026-05-13 03:02:21,['W000215'],['W000222'],[31631941],[31620619],31631941,31620619,11322,P2SH
b173a2a4af585089021677dc2477aee50e96ebdb95da13152ed3c23c1b9a11d1,2026-05-23 12:20:22,['W000233'],['W000214'],[39002624],[38981187],39002624,38981187,21437,P2TR
fa60cdb1e1e96310dcc26d79ec9ca8a6b04799cecf44039f7e8da84130aa3826,2026-05-03 09:27:27,['W000276'],['W000070'],[28860379],[28844595],28860379,28844595,15784,P2PKH
f0be52805158d4047e5c8970ede8e7272cd579f30225a0446b763ddfb0bace91,2026-05-15 09:58:34,['W000157'],['W000246'],[54693027],[54613667],54693027,54613667,79360,P2TR
0c213992de32070363b08bf2804fc7285bdfac000fbb46836ef03a1866e33f55,2026-05-28 12:21:10,['W000168'],['W000087'],[23578405],[23556980],23578405,23556980,21425,P2SH
cf80128c367989e7fa1d4639bf4e864302714d9374790450ad2a69306422bc5c,2026-05-29 17:25:40,['W000154'],['W000185'],[208328210],[208120121],208328210,208120121,208089,P2TR
207a29649996a663755ec2df269083560f3ef29b10091431ef0661f0926e8084,2026-05-02 11:09:11,['W000133'],['W000191'],[109368901],[109302539],109368901,109302539,66362,P2PKH
62fcf2f6767b2e525b0d5c83bee14df4b26e75b443e649623ef2250ec6cdaaf1,2026-05-03 02:40:01,['W000117'],['W000074'],[104032429],[103897771],104032429,103897771,134658,P2WSH
fe38108ee1e79facf1278b063c8a8182eabe747a6e1c71368e9b4b8cfa7b850f,2026-05-17 23:50:17,['W000247'],['W000091'],[51123290],[51064296],51123290,51064296,58994,P2SH
5c106b311bf52da32599277cbf32f4cb161c0aa05400bcd14998bb968bc3abe8,2026-05-21 05:08:28,['W000042'],['W000214'],[69148285],[69080603],69148285,69080603,67682,P2WSH
1083003674eb0d13ad64c006532aef5bbf11d31f90548cf555be44347ee12a3b,2026-05-04 11:35:46,['W000113'],['W000173'],[43550568],[43488843],43550568,43488843,61725,P2TR
b2c12c71c26400885d22e8bfe8184d09cfecb0dbac22521d58a9e3418858ec1e,2026-05-10 14:54:58,['W000044'],['W000116'],[71080820],[71044106],71080820,71044106,36714,P2WPKH
1f1559c41e0ff9709320fd93016abc5c832c928805aabd6e857a98a7a92ffb89,2026-05-19 22:54:39,['W000105'],"['W000047', 'W000259']",[142048921],"[4453737, 137490724]",142048921,141944461,104460,P2WPKH
48b3275f8d0955fecb3b84f4b2977c37183f9f032dea02ba286fc046c8b0f132,2026-05-11 00:06:23,['W000181'],['W000193'],[26266424],[26242128],26266424,26242128,24296,P2PKH
bde06a2c6577653a39320a33bb9b6e9bb2d38e4a09da8344b762b1cb2dc33999,2026-05-07 04:30:10,['W000158'],['W000090'],[98640310],[98586214],98640310,98586214,54096,P2WPKH
0eb6fd8cce04440f8e1a333d47acac34531b1edef7c8183a4501855118c07ed0,2026-05-27 05:11:43,['W000002'],['W000221'],[383841411],[383493386],383841411,383493386,348025,P2WSH
15ae7217748f7ca8261f9eef3c6d783dee381f69e2283041c728b2d2eba52ad2,2026-05-09 12:06:26,['W000260'],['W000127'],[29493059],[29477096],29493059,29477096,15963,P2WSH
8029aa07105e49d0aefb17a729857a820dbe9697c8fa7b302ac044f557b35dfd,2026-05-21 02:59:12,['W000232'],['W000176'],[105057806],[104968956],105057806,104968956,88850,P2PKH
7439cea3a96cc57e3b333e7a8d85fcb0ce4e7a5485ec7f208e237d7c60771678,2026-05-16 22:09:17,['W000062'],['W000241'],[48394360],[48356615],48394360,48356615,37745,P2PKH
100259db87598b92abf392ed70ea4bf071a6d37753e8672168d8546e6847200b,2026-05-28 13:10:54,['W000168'],['W000290'],[81436161],[81356739],81436161,81356739,79422,P2TR
fcff3dee92788db2981809cdba011e9dfb76f2f8cff1fe410b185e6608db247c,2026-05-29 20:27:13,['W000178'],['W000229'],[54674461],[54615336],54674461,54615336,59125,P2WPKH
9bfdfafce71355a3778c9a0793609251b13276927cad0017b463433f1777eea1,2026-05-06 03:35:13,['W000288'],['W000118'],[33351031],[33301195],33351031,33301195,49836,P2WSH
eee1e1d598620f1622e8682514971fcde26de4cb499ced07334651fbe141db94,2026-05-29 01:13:57,['W000219'],['W000246'],[44844324],[44820144],44844324,44820144,24180,P2WSH
b44eb67f27f8d88bb4ade8e8eebce8dc194eb5536904433a766f155ace7fa035,2026-05-23 07:56:22,['W000052'],['W000179'],[18159182],[18135452],18159182,18135452,23730,P2SH
20dfd9643019d77a4364ff02ce3eb0dcda6c24977257662eac547175098567f6,2026-05-13 04:44:10,['W000003'],['W000176'],[28769823],[28744098],28769823,28744098,25725,P2SH
2b64420e09d8999f7f1eda0bb0c049488d1de62dbf403c98a429a6fd494fa6e5,2026-05-28 08:35:02,['W000168'],['W000157'],[36286925],[36242573],36286925,36242573,44352,P2PKH
951e688f86f6d5a7ba624feb78480672b92b34c787d87dab7ed459a0b44ee524,2026-05-28 18:57:30,['W000119'],['W000017'],[60337001],[60280444],60337001,60280444,56557,P2TR
9e1dc1f7a1787ded3b7a3f8244c47edf81e4107ccfaedea1c3a7e1471eb95f7f,2026-05-29 01:12:47,['W000151'],"['W000145', 'W000033', 'W000093']",[32470689],"[22385057, 1380073, 8666192]",32470689,32431322,39367,P2SH
8528c5ae27329e89868b886bec8097214be3010104649c4dfcdadb20e7376d9b,2026-05-10 19:21:41,['W000159'],['W000109'],[102842239],[102745516],102842239,102745516,96723,P2WPKH
3b352c0fb4fcbe8fde48a46d66f59c8a28e4a8cfb216a2e5770f0dbe320157a2,2026-05-06 22:36:57,['W000179'],"['W000288', 'W000041']",[58711916],"[52326126, 6362704]",58711916,58688830,23086,P2WSH
918b4598f5a2f94fa306e204bbfbad6f33591977481e77884f2cb4816a49460d,2026-05-02 14:52:41,['W000117'],['W000080'],[1141187107],[1140475259],1141187107,1140475259,711848,P2WPKH
82dcb2521a804aa3b177c7996a8c115ce4f293d066ce146aa378129b8c2f2a85,2026-05-29 20:47:53,['W000087'],['W000243'],[76227868],[76199133],76227868,76199133,28735,P2WSH
6333b559e3167fd679d6b6ec2f374286a101c029f373dc28f1e747935f17ffa0,2026-05-09 15:01:59,['W000182'],['W000154'],[190881007],[190701921],190881007,190701921,179086,P2WPKH
30d117c07b2397ba4560631fcf6cbee3156b7643a2a2b0e9388c7539507eca24,2026-05-04 14:52:39,['W000164'],['W000217'],[54378435],[54335126],54378435,54335126,43309,P2TR
aa1c8e7f8452d087b7d41ecd08f736bbf56ec239b3077104d08101b17aa6efe0,2026-05-12 16:50:15,['W000106'],['W000078'],[19047806],[19035717],19047806,19035717,12089,P2WPKH
9ba207a120e3890803967a1c2ee8cba8e6c7d9b0cd2dd368bbd3eb2d5627ffbe,2026-05-26 23:48:11,['W000279'],['W000104'],[203099328],[202910365],203099328,202910365,188963,P2WSH
0b417e4a8e1f1739e4c3e6c5163eb705370bb6ec96e29462f0c196adba78b833,2026-05-11 03:38:23,['W000285'],"['W000241', 'W000288']",[349417981],"[153564278, 195708632]",349417981,349272910,145071,P2SH
c3cbc5662162668bc7674e4ea720d777754b964fe0dbaa5e5e828c6f33ef6e76,2026-05-17 22:03:08,['W000124'],['W000130'],[55150963],[55078607],55150963,55078607,72356,P2TR
395bba2d56fcb1ee58b5d79db0c21a4e44ed42086c81589725dc219d1ba3b35e,2026-05-15 23:15:20,['W000229'],['W000281'],[173395350],[173221772],173395350,173221772,173578,P2WSH
65a21853f5913a5cab0c1a3478f48dbeb9d8b7a0e54be03839629c0ebd8f5121,2026-05-19 17:38:47,['W000150'],"['W000108', 'W000154']",[52468325],"[39582237, 12857069]",52468325,52439306,29019,P2TR
05e128a2853432653bff7e8ccd07d8584f808c8a51acbb712c88475273d9f7e6,2026-05-11 08:42:31,['W000202'],"['W000104', 'W000125']",[42244185],"[30444901, 11760547]",42244185,42205448,38737,P2PKH
50e1d53d9ff2f02248c6b2a085b026d3843b4796ccc2ae2cc47d7276b4566c71,2026-05-31 15:58:13,['W000047'],['W000132'],[482212681],[482048014],482212681,482048014,164667,P2PKH
a860b0362d770a9936d54ab19868bd194ab0e782c8514c7efcdaa3839e18cc81,2026-05-04 12:19:04,['W000149'],['W000275'],[94113220],[94067791],94113220,94067791,45429,P2TR
1fe5ab5e960849ed6cdf855ec0360f49bf3fc384bf90bbbbf2ae86014ec713df,2026-05-03 02:59:00,['W000031'],"['W000004', 'W000153']",[44908942],"[13434763, 31425132]",44908942,44859895,49047,P2SH
64d20aeae64761f3b74957fab3cd4cf73f9a73fb0ee94c581066a64efd4d343b,2026-05-21 21:39:16,['W000179'],['W000091'],[161825054],[161665385],161825054,161665385,159669,P2WPKH
c721279d88f3742c70302d1794f9cec57b565dcf22f59b799a4303cb0c88796d,2026-05-30 22:19:36,['W000265'],['W000087'],[17213161],[17190636],17213161,17190636,22525,P2WSH
cd2f7bbd1265ea4b5fbd8059e5f566806b9798704eb28e723b18b5cc7c5244c1,2026-05-15 05:01:41,['W000092'],['W000261'],[19949871],[19940566],19949871,19940566,9305,P2WSH
b1f2bbdfcabf4facc9ea26c96584f103f0ca6d4d676ec93393bb4f88e696c7bc,2026-05-12 05:55:52,['W000152'],['W000127'],[302370495],[302010601],302370495,302010601,359894,P2SH
a150e827845162092b4b386d6ecd87fbf6205a5135e0c5854f738dbee8072bd1,2026-05-12 06:15:46,['W000247'],['W000182'],[20510131],[20483231],20510131,20483231,26900,P2TR
e8996f16d2af533f084b0922f0f4dd9e6b747d90b8cfbea8584b5dc892a41b58,2026-05-12 22:22:06,['W000066'],['W000024'],[62687703],[62612181],62687703,62612181,75522,P2WPKH
5ffa9e14680408600ae734ffcf22836a83fbcd9d8467dad72e827527bb449bee,2026-05-23 21:31:48,['W000064'],['W000006'],[36324526],[36273729],36324526,36273729,50797,P2TR
8826b552f912d06f852c3abad7cca45b741a21c1a2177d959412bd23f8f920dd,2026-05-01 05:43:22,['W000227'],['W000202'],[43281169],[43254509],43281169,43254509,26660,P2SH
99b91891e1b95dde6dcf504827edba9ada1fa59a997b4f5ae083c46b39582b05,2026-05-26 21:32:50,['W000145'],['W000111'],[95817027],[95772561],95817027,95772561,44466,P2TR
dcb38dfe422dd29eb3cd167f469373eb0b1b70c1a18978119f47e70600374e56,2026-05-05 18:55:56,['W000219'],['W000242'],[56300082],[56239446],56300082,56239446,60636,P2PKH
b1709c950eda5f939f2dcc25cd7086edb1988119c587686a4a48f0b9fce31394,2026-05-31 07:09:02,['W000184'],['W000189'],[7650740],[7643654],7650740,7643654,7086,P2TR
9b156caf26d711281ecac1d786b1db939fa1d3974a9687572996341c8d11ff5c,2026-05-10 19:00:12,['W000231'],['W000019'],[22704252],[22670661],22704252,22670661,33591,P2WSH
d19a66b4709ce6045f4e6e48c5defa6f71375d93fb13c02a5fea2c7269f7c2b9,2026-05-10 17:40:54,['W000129'],['W000242'],[91991477],[91906600],91991477,91906600,84877,P2PKH
ff0fc9503822c50d0d9ee5994ec80832b4485d86a432980031f8799af86528ac,2026-05-04 07:38:19,['W000218'],"['W000052', 'W000199']",[30018685],"[13345954, 16636234]",30018685,29982188,36497,P2PKH
5ca1338f1cfd147964d4c20f7770e71a58dd926b2fba9837667ac4849683bb96,2026-05-24 03:48:58,['W000082'],['W000035'],[66464094],[66434770],66464094,66434770,29324,P2WSH
52d6662c3fd2e31f9afd089257c6cc076980a234bdd3f0a13e5145f4e3a3842d,2026-05-11 09:54:57,['W000234'],"['W000105', 'W000064']",[59978015],"[57392110, 2532426]",59978015,59924536,53479,P2PKH
8a90a7c54db3eb532a69f3cdf54a61f6ad10ab607442b08c7ed40a22cbbe4ef1,2026-05-08 17:08:23,['W000211'],['W000083'],[16466772],[16447029],16466772,16447029,19743,P2WPKH
54485d578e9d84fccebc596c8f592470a2cc1b05e595624296fb5f1c3319593e,2026-05-29 23:02:24,['W000246'],['W000211'],[22143015],[22124539],22143015,22124539,18476,P2WPKH
40b6d8a564683cd4cf2a14695a3da99b37f317c90f44410ecc21c0658a345b4f,2026-05-21 21:10:39,['W000254'],['W000100'],[95912143],[95881066],95912143,95881066,31077,P2PKH
94dddc66431a070b50c7092775cd9e5fc2b4ddfdf373e9651088a40c4591bf23,2026-05-08 04:02:08,['W000246'],['W000001'],[275580031],[275463433],275580031,275463433,116598,P2WSH
6dfe447b7beee14ebf7745d27318af3202492e13bba7018056f71df693000a84,2026-05-25 20:11:52,['W000281'],['W000250'],[180239553],[180002030],180239553,180002030,237523,P2WSH
a65ef3ad5d42837e3e557a4b96a0324ac1a1ac76d3c38c95163a02eae4a4a7ec,2026-05-25 18:30:48,['W000159'],"['W000140', 'W000249']",[20047432],"[9027817, 10989813]",20047432,20017630,29802,P2TR
de4780cf4e8f418c890539eb6e05ce7aa2ea44a2f69b5c858e85b17164ae49de,2026-05-09 23:17:17,['W000202'],['W000016'],[816961215],[815867987],816961215,815867987,1093228,P2SH
8a1abad9405f99ab293a8240855dd6a16ade58bfeb9e4290bb283f487e359b48,2026-05-31 19:44:27,['W000092'],"['W000059', 'W000212', 'W000298']",[33190573],"[16465312, 14286409, 2410321]",33190573,33162042,28531,P2PKH
2419fdfe56fb25c9ab7cc282672a1b70cc961e2288ca9d9fcd682f88f138cf7c,2026-05-06 08:24:29,['W000162'],"['W000006', 'W000180']",[15024924],"[11250943, 3764258]",15024924,15015201,9723,P2SH
59527a735ed3f7e778159fa3197cf0d7383bd28cab8f7826da0ab27d6e9c0c10,2026-05-04 01:17:37,['W000188'],['W000230'],[102912681],[102823194],102912681,102823194,89487,P2TR
f51f23d4825f08cc47213539fcf96f8e19336eb3b0050023dd12fae49262f7d6,2026-05-04 05:03:20,['W000253'],['W000082'],[46026112],[46008055],46026112,46008055,18057,P2SH
2f958c6a779a65ba2c3010702bd97ed144212abb09314979ed0534dcfdec1e36,2026-05-04 12:14:15,['W000286'],['W000023'],[176081624],[175976766],176081624,175976766,104858,P2WPKH
49fdebd8c783e74716e458d482dd9ec89b1e4321f180ec776689173d92145950,2026-05-26 07:14:12,['W000010'],['W000279'],[193625445],[193356133],193625445,193356133,269312,P2TR
d0232e2456885b37c235352f10e02238083d38f74361a8d65b68b9c21cfe3f68,2026-05-03 08:11:08,['W000174'],['W000114'],[27669699],[27647051],27669699,27647051,22648,P2TR
1e25b082948e610fbc75d5f7facc3d64887ca51af674484a6c4552523c683214,2026-05-07 15:43:45,['W000039'],['W000150'],[29590674],[29555974],29590674,29555974,34700,P2TR
71bb6cce347215eb3b9144b32e83ca8a18c78b854059134dc910b29a8c249514,2026-05-29 09:19:38,['W000165'],['W000089'],[13123859],[13116393],13123859,13116393,7466,P2WPKH
7db4d902f78c308a5bf2b861c7a62bb520258fff746016bda5bd56de6229e2eb,2026-05-12 09:56:08,['W000257'],['W000203'],[36059330],[36025650],36059330,36025650,33680,P2SH
ee986b8033fabe301030f30291d9dabb54d4a79df3b528c44dd0726b3f504afd,2026-05-11 13:29:15,['W000299'],['W000186'],[53885413],[53821018],53885413,53821018,64395,P2WPKH
c24042cc873aecbf636e9efaad0f0af22360d32c77dca5e63355371d15df5e3f,2026-05-25 23:58:11,['W000272'],['W000281'],[20409356],[20388215],20409356,20388215,21141,P2SH
ac11ef13a28d05786d50cad067c703560dc5c7b9f9ea103d05d6cbd1e17fc42f,2026-05-05 00:35:39,['W000090'],['W000120'],[8493600],[8481214],8493600,8481214,12386,P2WSH
d5b05d82ab1edc436df5bcf793e3850ea94855cfd28abfec910adc495b0f12e0,2026-05-07 07:23:45,['W000289'],['W000010'],[21386426],[21373147],21386426,21373147,13279,P2SH
6712eb3ba3181e5ca031f515cdee82c83b2287503cb7495e12036b7520aaf933,2026-05-07 00:06:59,['W000271'],['W000219'],[457820261],[457155670],457820261,457155670,664591,P2WPKH
8af60f040c58e21687ad063bf2d7f1836f98cb88ffc26a714e3301c88665d33a,2026-05-20 03:22:12,['W000010'],['W000281'],[43717153],[43670235],43717153,43670235,46918,P2SH
35cface05d0483b795d5739e6759a25460cdaeb68218fba3e55e110d03ffbbce,2026-05-09 19:24:50,['W000234'],['W000186'],[45603183],[45553474],45603183,45553474,49709,P2TR
c1a36142b34b0f4dd923ab2161e723b316c89c4c29fa99a3b07f22b897a7bf35,2026-05-26 22:25:24,['W000251'],['W000260'],[130325607],[130169517],130325607,130169517,156090,P2WPKH
936097202fafec7881cb390616df831c4f62a1a43e2d40a88b878d3200a5c9e9,2026-05-12 17:11:22,['W000067'],['W000028'],[35779097],[35742944],35779097,35742944,36153,P2WPKH
9e0396c55bf2e2b0d981a89a2d1818955651c09ad10196eb395d76ba49558cd2,2026-05-21 02:39:13,['W000041'],['W000168'],[77422861],[77334203],77422861,77334203,88658,P2PKH
6c86de871cb8bab4075e7e11ee2d12480b1e8863ae0e97b78359cdffcff4de5f,2026-05-23 08:40:06,['W000110'],['W000218'],[8368396],[8360027],8368396,8360027,8369,P2WPKH
b34ab08ed7b2fe98f4b47038da07a818eafa5ef003e6402327bada4bab54209b,2026-05-03 03:15:17,['W000282'],['W000064'],[99996849],[99916906],99996849,99916906,79943,P2PKH
11b0803d22b36d1298d5209a60a40e6affa1ac028e8d47794dd6adc2ee8ecb4d,2026-05-22 14:49:03,['W000051'],['W000008'],[147530257],[147326628],147530257,147326628,203629,P2WPKH
4d87991a6c944e864169041d0890e7eb91dba3fc021c67f916b1380079d67699,2026-05-13 10:17:01,['W000106'],['W000122'],[48311757],[48271507],48311757,48271507,40250,P2WPKH
0caafe65d1981f4c8683c1e3568f17a2f2b3e104413d55c7548bb751e2b2a5ea,2026-05-29 15:44:11,['W000225'],['W000132'],[265730187],[265518793],265730187,265518793,211394,P2TR
3755a3f292c3c31eec2eb4d7641ea2b4b5ad9a1743388c23eebf7eeaf2107bc7,2026-05-05 08:58:36,['W000236'],['W000088'],[34542932],[34505359],34542932,34505359,37573,P2SH
760c0082b533a3688a2245bc7df07e562bb1cee5043f8d6dc08adff69ae707ff,2026-05-19 10:27:01,['W000251'],['W000006'],[46744157],[46693046],46744157,46693046,51111,P2SH
90c087446f9527116685b659a7eee43de6e926806c6061fc43f742e1f2137ff0,2026-05-05 06:43:21,['W000134'],['W000105'],[120232971],[120114213],120232971,120114213,118758,P2SH
5ea490734d667ee688460cf83286f46a005cbd5540ce177356c6ee94a1c013b5,2026-05-03 14:42:04,['W000184'],['W000201'],[26595588],[26556810],26595588,26556810,38778,P2PKH
27468be2ff81c456ad04621abc83308c3d3ed71decc305dc2c09cfd9ddb46a19,2026-05-18 17:07:41,['W000082'],['W000085'],[177234704],[177098042],177234704,177098042,136662,P2WSH
3a89f3d2a21b20ff1d3373749d6f57f63dfd11248797d811a7a630d90e4ca2fe,2026-05-09 20:12:59,['W000197'],['W000050'],[19197795],[19191818],19197795,19191818,5977,P2SH
3d480b02c8259a9489b1b551e80087e330bbab90d81d6f2f232218abf769b9b0,2026-05-04 16:14:46,['W000185'],['W000043'],[225254374],[225114921],225254374,225114921,139453,P2WPKH
86143a6e5d53d6921d3137c2c6e27f020524261380efaea9b883b04a7c417cad,2026-05-18 21:27:06,['W000186'],"['W000281', 'W000166']",[81553867],"[56384338, 25144501]",81553867,81528839,25028,P2SH
3ff9a4798c56d36667e8e56c88e567b9b6e4b8f3ee135287a17e989b5fd86275,2026-05-06 01:01:02,['W000192'],['W000100'],[3885909],[3882485],3885909,3882485,3424,P2SH
d90140c38bf0c6f8bdc48eb40d779700222ae072c4525cbad4873909e3d744d1,2026-05-03 09:24:56,['W000270'],['W000278'],[51223744],[51162266],51223744,51162266,61478,P2WPKH
81bbd53d6569bce194d274d4b00f50b436d2daf0ce9a9e36455d7f7110a8eab6,2026-05-10 09:51:53,['W000197'],['W000152'],[46410079],[46379429],46410079,46379429,30650,P2WSH
033b55fdf68a9bf7a194d42b2eecc0c3f8e3893a4bf19be91460bd0300a132f5,2026-05-27 16:06:54,['W000256'],['W000161'],[21453832],[21447296],21453832,21447296,6536,P2WSH
a5a9b8889fa1ef90f5a56569f9d953f5a5815ceaf53d14d88644afb6e50a9781,2026-05-22 07:34:10,['W000153'],['W000119'],[42862666],[42822693],42862666,42822693,39973,P2TR
b7a382cf6eb4384d8b2d56aeb9e292a731be4c1a427cb0d69dc7f23256272833,2026-05-24 05:56:58,['W000129'],['W000249'],[26559782],[26544731],26559782,26544731,15051,P2WPKH
1e4eef358b69a1db239b977e4b76f3354ebf1e86f7b86b841c9fa6fb5adb52cc,2026-05-07 03:46:15,['W000096'],['W000021'],[65493846],[65473232],65493846,65473232,20614,P2WPKH
73c2d4b8e5133525b6f8ee0a546f540ca78b05de4611291fcdac2f8acc2d9593,2026-05-28 18:01:24,['W000115'],['W000095'],[38707012],[38690609],38707012,38690609,16403,P2SH
6dbfe39204f68a92e1b8d9e23567e132be5b1da2544ab16ee4b8e13a9b437799,2026-05-16 05:34:00,['W000278'],['W000203'],[9338498],[9329810],9338498,9329810,8688,P2TR
19ca35e3ef218df315dfef5d29672e413f297c58f387cc36272d7cbfff5f8365,2026-05-13 00:25:03,['W000025'],['W000242'],[50250293],[50220309],50250293,50220309,29984,P2WSH
19b4f30bcb66fec09d1fed7e34ce506cf63f1bb80116a8879ada36e785837807,2026-05-04 23:10:32,['W000009'],"['W000120', 'W000095']",[80234704],"[37267002, 42928387]",80234704,80195389,39315,P2WPKH
1406152ed578d1c22c5d0953542fa3d087d453378b044e4e659602801930f688,2026-05-04 06:51:43,['W000235'],['W000105'],[152793618],[152717602],152793618,152717602,76016,P2WPKH
48a3a10ef6597010335da3e5d7b7cf6abeeeee6c28e4ed279c18c06af7a751f5,2026-05-18 16:45:01,['W000101'],['W000175'],[82269587],[82158975],82269587,82158975,110612,P2WPKH
51b1f99aec0741da66b2dd1b8f306e3adb400833e2d9f74f05cd4f8710439a40,2026-05-02 08:43:53,['W000094'],['W000268'],[150673658],[150489070],150673658,150489070,184588,P2PKH
8e1d49a9bc9ede8fd3eed02df3f68025a49331834e9052a553da8d0be76d4f1f,2026-05-10 07:56:52,['W000290'],['W000271'],[41865561],[41818665],41865561,41818665,46896,P2TR
d6eff65ce258496c83b3d1d6cb0623f359e788a2776f2a6d37312af5c2647cc0,2026-05-22 19:00:33,['W000125'],['W000169'],[8129395],[8119570],8129395,8119570,9825,P2WSH
1d36414b80ccdab3f4843c90ce3783f199a5e61a34ba10a18ecf868007fe08cb,2026-05-02 06:02:55,['W000277'],"['W000167', 'W000271']",[50242517],"[22478948, 27701217]",50242517,50180165,62352,P2SH
8f32fe3c844f7a54b0cfe967d3704bf33bdc9cc83a7cf6d8bd9a9b1814e1b276,2026-05-29 03:34:42,['W000126'],['W000196'],[35263792],[35226333],35263792,35226333,37459,P2WSH
2544ca8551539b10caa530140d53ce565a2d5aeeea8ae3ff67eb28e8e3c88837,2026-05-31 09:34:04,['W000245'],['W000020'],[189861627],[189662543],189861627,189662543,199084,P2WPKH
38e20b5185754edad1b4c5ebe71292b1ddc099d1943559411ffef432b49aca6d,2026-05-25 18:10:41,['W000050'],['W000270'],[85837991],[85722504],85837991,85722504,115487,P2SH
238d801a5facbc87e514a4bbcc26e06a1caced2348b359e6daa4be8f49726073,2026-05-22 05:45:34,['W000027'],['W000231'],[18862562],[18834979],18862562,18834979,27583,P2WSH
8c873c0a97d28d755902760954af587fe3a18f05389d6984fada5df6dd278ae9,2026-05-18 17:03:46,['W000028'],['W000131'],[44181355],[44159895],44181355,44159895,21460,P2WPKH
c97ba8112fbfbd1a0b7b55e85f815d98533b3cb8910dc7279829d957ed400939,2026-05-25 04:24:42,['W000159'],['W000188'],[74817974],[74753669],74817974,74753669,64305,P2SH
c826263e3724117445ba61093e8c566776628f20b0d7eb66d3e697aaa06ce6fc,2026-05-22 17:43:18,['W000045'],['W000137'],[33445944],[33424515],33445944,33424515,21429,P2WPKH
9bd197e9123c21495df8213b802aae13fb7c3c249322f4ec194ac0056a196137,2026-05-30 06:28:35,['W000097'],['W000100'],[48719754],[48686871],48719754,48686871,32883,P2SH
20c88dd6ab9b45cceb0614e0be0e0075833a15ccca3c1bee17afee9e3d7e0a8f,2026-05-08 12:29:51,['W000167'],['W000199'],[24906937],[24877950],24906937,24877950,28987,P2PKH
3409e473162aa652af43ee47a0e5195a7ef9bf5c1c46b6602d0d9008aae16546,2026-05-25 18:50:17,['W000141'],['W000089'],[102554630],[102475710],102554630,102475710,78920,P2SH
df5ea8ae18f553f54a65456224ac0648d1eccd40ffa31fbeafe2af588d415bc9,2026-05-22 16:58:31,['W000220'],['W000224'],[151780456],[151578300],151780456,151578300,202156,P2TR
6e3e04da914cc6e4e9379327255cf5b4c0a821ac5b52e66b3d23dca5ad921618,2026-05-04 12:57:44,['W000104'],['W000179'],[99375908],[99256626],99375908,99256626,119282,P2WSH
a5a59afa32dc9e6ede4af948773cc0a19b7407d648c6689dee83ca59445a5ff2,2026-05-22 20:30:10,['W000008'],['W000156'],[78755041],[78656236],78755041,78656236,98805,P2PKH
4ed4a9f759ef4b35a730c0a9aaf611b9a44bc294caca462c92604804e53797e1,2026-05-29 23:32:44,['W000114'],['W000189'],[19176958],[19158241],19176958,19158241,18717,P2TR
a33114139a29e5b80b82c3888d1b72973bb28ebe30b079f79588e8a77fdc4980,2026-05-21 16:41:01,['W000007'],['W000095'],[24645753],[24637240],24645753,24637240,8513,P2SH
c2442c06601b702f4737e7727e5e4595943b426531142bb05166c76b6a082afa,2026-05-31 23:42:21,['W000282'],"['W000075', 'W000219']",[99044839],"[76070975, 22936418]",99044839,99007393,37446,P2TR
f382e4b84af54ad307b60f344f0f254a3705605e7364c8c606e46bcba0ac9903,2026-05-28 09:29:36,['W000245'],['W000095'],[164531205],[164472050],164531205,164472050,59155,P2TR
95b59282dd7d02c3ede1e378b8e7763b7bb2655923ba41ddbbe61cff6f9dce52,2026-05-05 00:25:08,['W000144'],['W000010'],[136683221],[136503535],136683221,136503535,179686,P2WSH
e1e2815cd4f71afdc8441ed4fea45752759a80b4905e4568f283d8379cd16ac4,2026-05-31 06:39:52,['W000268'],['W000088'],[32128100],[32112576],32128100,32112576,15524,P2SH
99ed63cd90c257f77ae2ffe37819ab96eb48c0bbc27094aa3144a8fe5e8595b7,2026-05-24 18:04:45,['W000189'],['W000044'],[55154602],[55120301],55154602,55120301,34301,P2TR
64775ada7fd1340bfd99b7295ed338b03519462bb62dab0798ce2cb805c5ccd3,2026-05-17 07:40:48,['W000279'],['W000253'],[321323781],[321206481],321323781,321206481,117300,P2SH
4abcda75361cda7c1689c4281105c6323d120315855564ff5ccdf34a1073c212,2026-05-10 08:47:54,['W000108'],['W000193'],[109082005],[109042898],109082005,109042898,39107,P2WPKH
4c059a050676048ecc2b05b155807c154ffdc50942d4591164ba82fdc262e30c,2026-05-05 14:05:23,['W000150'],['W000283'],[87164341],[87105094],87164341,87105094,59247,P2WPKH
6c4cf11fb7a0132717b35808b0a6ae6303da6a2131e9643ca1db399ff251b52c,2026-05-21 06:04:05,['W000116'],"['W000045', 'W000243']",[103523211],"[32402234, 71008904]",103523211,103411138,112073,P2PKH
8f2abc04cc7a054ef2c0e6ef253b4d5d4ba1b5862858f1c810a3d7898e89dbd6,2026-05-14 23:01:05,['W000042'],['W000023'],[42518694],[42499382],42518694,42499382,19312,P2WSH
3ee7b9d77ad7f0bfdca8150ddc734f0571ce0421dbccae110b6b9624c0dcf79c,2026-05-20 11:15:01,['W000284'],['W000051'],[58299846],[58275807],58299846,58275807,24039,P2WPKH
0cfd9ea2069151c56712877ce7dfe12c2808e59d0e96a986abfb7b3ec075a26d,2026-05-11 12:37:45,['W000039'],"['W000106', 'W000229']",[23805165],"[14860713, 8925819]",23805165,23786532,18633,P2WPKH
a6bfbca1183ec5435632d3b3946d291086d2c262cf11fcc227069539674d606e,2026-05-06 22:25:36,['W000047'],['W000046'],[47565690],[47544951],47565690,47544951,20739,P2SH
23aac85d35550c42ab7dbef2078f2a0056073798aec4e2d95a6c0e25eb80f6fd,2026-05-12 20:44:08,['W000163'],['W000196'],[11810698],[11806253],11810698,11806253,4445,P2PKH
96125d0a12799701e651e71a8e0b6799e29135c0b081ee1435660593df491160,2026-05-04 15:31:18,['W000063'],['W000145'],[6288100],[6280876],6288100,6280876,7224,P2PKH
9feda621dfe4ec6812da9bc7c8c97fda8e243ebc630d66f37877097444a4b49f,2026-05-07 03:08:43,['W000038'],['W000218'],[135933128],[135876396],135933128,135876396,56732,P2WPKH
59745dea266898f5de0c37e553b1e8282e7eeaead18068ee6beb59da6825fe24,2026-05-21 21:09:32,['W000018'],['W000149'],[13581760],[13563265],13581760,13563265,18495,P2SH
67f4ff59918de7d991b456c3e053152887744283c837f2ff5f97c0a3bcc5811e,2026-05-06 04:03:20,['W000166'],['W000143'],[96424854],[96368374],96424854,96368374,56480,P2SH
f46deca66bd5f54d18146f8f57964a36aeea012ab38ea501c8c907a5abb8edb3,2026-05-24 11:32:11,['W000164'],['W000290'],[35091875],[35070034],35091875,35070034,21841,P2PKH
e43041d1cef30c405ee7de1e6c1c8e7d7b42c0b7e0367cd953e6b8ab4b757aaa,2026-05-26 18:14:15,['W000137'],['W000079'],[37809630],[37764667],37809630,37764667,44963,P2TR
a8e06801ae94c31875f9685337d05d1a6efcbfc91d507909da1727e236679de9,2026-05-24 16:31:25,['W000263'],['W000014'],[61665374],[61642884],61665374,61642884,22490,P2TR
86497e3d773cbdb593364f14a429ea524d7bfa7c5120d80f201fc64f95383900,2026-05-08 18:38:07,['W000108'],['W000042'],[23308402],[23301345],23308402,23301345,7057,P2SH
b4b6ed5e69807ac6cf460b1bfaeec1bb199ab2fad5d5d16801b89aecc6a8b8d1,2026-05-10 03:46:07,['W000074'],"['W000253', 'W000121', 'W000252']",[128002605],"[83773378, 40885785, 3211466]",128002605,127870629,131976,P2SH
e4ef0407e47c5c33a29a18f3d33f2e8598a5223b223322b94adf3d1b70299fc3,2026-05-07 23:09:33,['W000176'],['W000169'],[819710752],[819106656],819710752,819106656,604096,P2TR
b4b315563ba2be41a0fbc2b591aebc8a7c77bc2847e4da4fa9e540920a11e124,2026-05-07 04:44:03,['W000077'],['W000166'],[7883932],[7875365],7883932,7875365,8567,P2PKH
ce40f5efa99abc18d94ef330ca27fd04237bf95b397c00a0ff7c25f7b5d293cc,2026-05-06 00:41:17,['W000088'],"['W000065', 'W000094', 'W000118']",[90066522],"[15135459, 41700626, 33110457]",90066522,89946542,119980,P2WSH
8f7fc7d60e8038596c235bf2de44ade299452393127fd96c2d4822bf777c0ff3,2026-05-30 23:10:21,['W000108'],['W000192'],[25593950],[25577009],25593950,25577009,16941,P2TR
e3939c60aa23d8bead23b3b84c0dba74235bcf458cae7bceb911d115f0e9c0b7,2026-05-13 03:30:45,['W000137'],['W000158'],[119624135],[119518157],119624135,119518157,105978,P2PKH
c7ad7a29dbbec87ed99968b591c84b6cb200f5e6054463da96275800f9044818,2026-05-27 18:51:29,['W000052'],['W000015'],[262836310],[262684178],262836310,262684178,152132,P2WPKH
4352e8f8b5c1bef66d2d3f0d262693f136ef2eb6f6e789fdaec2cf3449e2e155,2026-05-02 14:49:17,['W000229'],['W000196'],[34950552],[34931127],34950552,34931127,19425,P2SH
845c9037c609b70cbc0a30869488b2ab3d1360f9fbb9f51d49f4d4af667a175d,2026-05-24 18:58:41,['W000106'],['W000098'],[36126492],[36073494],36126492,36073494,52998,P2PKH
68e3245d36b847708352f79f7a8bfde846f196a2ec15373f0ad5eb0afc85ab0d,2026-05-09 20:38:30,['W000139'],['W000154'],[17432247],[17421917],17432247,17421917,10330,P2WPKH
bf94d532a4609ca00cf82546ac9fd1274a4117446e6f172c7a9f5dc1084632bc,2026-05-22 09:59:07,['W000062'],['W000232'],[32489805],[32479174],32489805,32479174,10631,P2SH
33a3ee4f596347c3b720bf347b7ef1b6f19a8e8f59fc345ba63999a64ebbc7f0,2026-05-13 19:02:46,['W000151'],['W000163'],[707889890],[706893260],707889890,706893260,996630,P2WPKH
68fededbf5dfd7c2cb31eb227ca5fc719e784764777bd605cdd0a8b634020c96,2026-05-04 11:22:00,['W000115'],"['W000041', 'W000157']",[155204719],"[18390489, 136650320]",155204719,155040809,163910,P2PKH
0998b438da348c062b1d28cd6b91f4e1461a6aaf084797528e9e6f5c115d653f,2026-05-02 22:50:12,['W000151'],"['W000213', 'W000131']",[124842593],"[49935856, 74837666]",124842593,124773522,69071,P2TR
358d60be2325771573fdd80d003ce744ff34f09494c42c054aef8cb83ab65a4e,2026-05-07 12:45:49,['W000162'],['W000043'],[323122114],[322738835],323122114,322738835,383279,P2PKH
8030ec92107ecab183a0ca7d2c01b82571468db7acd64e0a1359eccdaff8998e,2026-05-18 20:54:32,['W000290'],['W000012'],[42713401],[42656096],42713401,42656096,57305,P2PKH
51bcc7e82c25a4d635f3f1eb52002596e4ff04563c44e78f5ae81b456a524095,2026-05-20 12:21:52,['W000242'],['W000186'],[32656844],[32610970],32656844,32610970,45874,P2WPKH
abdc28c68b5c586cb96f6cc4829d41f990645d319c9cf3c76375b8620097aece,2026-05-25 16:25:55,['W000035'],['W000125'],[294272764],[293913484],294272764,293913484,359280,P2TR
ddf63bf1b2eeecd7a98284a5872b8f2d4e349875765af3fa8a3acd244f876f7c,2026-05-20 16:03:56,['W000121'],"['W000080', 'W000150']",[109327575],"[105758145, 3452141]",109327575,109210286,117289,P2WSH
bb9fa83ca6cf0f1ed2fb7eb82fa00f4ab486400b98a39d5e23c5d3aa67dee878,2026-05-06 22:51:42,['W000217'],['W000277'],[66530219],[66475729],66530219,66475729,54490,P2WSH
b35fbe2ad384e3de4475baada2668646b439cef2c6236840320b0f86c89f2f6b,2026-05-29 00:05:50,['W000108'],['W000224'],[213391143],[213191167],213391143,213191167,199976,P2WPKH
3f2cb338dd8d6baab119392476d9040007841ef29f7508ea225b123771883547,2026-05-06 09:18:16,['W000140'],['W000232'],[187949967],[187674975],187949967,187674975,274992,P2PKH
ec6e8a40a63d1c5355acfe54b21b89ec72632a9cf65e241a8ddd3da45b5ae79b,2026-05-16 17:13:06,['W000068'],['W000112'],[38970862],[38946587],38970862,38946587,24275,P2WPKH
3044ca1222cec031dfb4240e78e5c9c9ec7decfe15f22b4e71e3ba35c563234c,2026-05-24 01:11:06,['W000200'],['W000261'],[227227095],[227000486],227227095,227000486,226609,P2WPKH
10d888398bce93570f91ac2496367972015000dce8ba8b74edf65cd15aaabfba,2026-05-23 13:23:45,['W000223'],['W000157'],[37630867],[37610703],37630867,37610703,20164,P2WPKH
63762ace4d51c8faeeb143c24b968f342578c4ba4a4e03dbe031ffccdb6940dc,2026-05-19 21:54:23,['W000099'],"['W000221', 'W000172']",[54382528],"[49203799, 5155947]",54382528,54359746,22782,P2TR
463166cb60514fc809750badde0d146ed8914b660c425279ae96a39da5f9cca4,2026-05-31 06:27:03,['W000145'],['W000002'],[18505259],[18479553],18505259,18479553,25706,P2TR
728b0d92c8bbcbeeb77f39c11c10d2681356fe2682e574b13e4a4198a94bab14,2026-05-04 23:39:50,['W000075'],['W000098'],[220950904],[220621393],220950904,220621393,329511,P2TR
296bcfee4082e783c854d7e22fc3b17755fa613e70eb3cc260b82069436edb75,2026-05-24 09:11:15,['W000183'],"['W000147', 'W000082']",[57468224],"[34470088, 22964254]",57468224,57434342,33882,P2TR
11f52b7524f558fb3157a8e124cb6a99b79766697af54e4a7e98acbbccb43f51,2026-05-03 06:16:23,['W000169'],['W000219'],[42088553],[42041806],42088553,42041806,46747,P2TR
245d9e09f7e1a17c79d39ba5424b85b9a48be1787a091d04a880aa5ec11120ef,2026-05-29 20:39:29,['W000041'],['W000225'],[46060692],[46003294],46060692,46003294,57398,P2WSH
370eafd1dc4b81b49612df5cb83006e196747f54c4b9cd065514ae0b1fba7f04,2026-05-16 05:14:57,['W000094'],['W000146'],[19482754],[19475736],19482754,19475736,7018,P2PKH
4194cfe93657c99b51f67887548569298f86e3c18dc6fbe18eb11bcf3ba778f4,2026-05-13 01:30:58,['W000234'],['W000093'],[48584576],[48533835],48584576,48533835,50741,P2SH
ecd5f668c76ab7f3700624c04e4fbaef457a14cbfa21a79f1b277a688a53ceb3,2026-05-16 16:40:16,['W000262'],['W000203'],[53760463],[53713553],53760463,53713553,46910,P2PKH
b6fc98d97ffaf24da512764fc55ce4fb0f4942d19ff3cb73a7615be36c4ac4dd,2026-05-11 08:14:59,['W000121'],['W000248'],[246528734],[246195994],246528734,246195994,332740,P2PKH
1ef414ea45e6b0f1130190b7090360c6ea3b869b8e36873095a29f4bd6b9ca24,2026-05-20 13:21:57,['W000028'],['W000162'],[32569948],[32549361],32569948,32549361,20587,P2WSH
d6e47a04f300f913c42b1b3fb01f42cea4631ba3da2f7898557588f3b091ad75,2026-05-24 09:28:34,['W000208'],['W000098'],[301852328],[301400749],301852328,301400749,451579,P2TR
f0ec8d4d6810a767e924ddbd6347ae712651d3543e461ef14a3de665e1deb777,2026-05-17 23:42:24,['W000005'],['W000088'],[21425012],[21408641],21425012,21408641,16371,P2WPKH
e8c4ab40dca23becbe09beb8cd716bade224f2e20b1715004f9dc02ac1a6bd94,2026-05-28 13:12:41,['W000256'],['W000170'],[35001549],[34970388],35001549,34970388,31161,P2TR
739c88cd65d382e81dbd8ce7860863a789e41a5d0e35f5c2bf5191f96fb1b7e6,2026-05-31 07:09:55,['W000134'],['W000209'],[55223415],[55160462],55223415,55160462,62953,P2PKH
cbe42cf496d8bd3a806fb5fa6b33f57d66bc56ad7bf23c1206af9568839dd4e5,2026-05-30 23:21:03,['W000228'],['W000131'],[72086529],[72026385],72086529,72026385,60144,P2WSH
9dca0414ebae6bcddcf0e9fa803a90c9cfd386cbd53260cfc2d740c2bc22a79b,2026-05-28 23:59:56,['W000242'],['W000116'],[89878597],[89772124],89878597,89772124,106473,P2PKH
1890c3f132f8a23b863058dd2886ec9e7ee9fc75268eff2988b7ce4ae1389f13,2026-05-27 01:30:56,['W000004'],['W000231'],[257035752],[256658243],257035752,256658243,377509,P2WPKH
3cf3a132d54c2b5ea3a20970ba5597d9ec1e2e05a701e9a9a9ce6ea879f1850f,2026-05-13 13:41:33,['W000106'],['W000078'],[28005977],[27985358],28005977,27985358,20619,P2WSH
a67b0c9c7d30e949eceb3de9268884255b5c05150abd8c9847e84a72f18ef6da,2026-05-17 18:17:41,['W000138'],['W000240'],[151739588],[151513989],151739588,151513989,225599,P2TR
52645478c1a2e8be4138a569fb20d01c244561145f3b25c574fdf848a0ee61be,2026-05-20 14:01:55,['W000087'],['W000205'],[106149432],[105999497],106149432,105999497,149935,P2TR
77127909a7798fb3c142110acf33a28e849643f0d2179592de170f02fb4c5aea,2026-05-10 08:42:03,['W000198'],['W000185'],[53735030],[53679007],53735030,53679007,56023,P2SH
f9eca4cd1b6efedf8d3a681debece0e5499d8a693f4347f2cebe6d5163aa6dcd,2026-05-10 22:01:54,['W000287'],['W000050'],[170855687],[170621540],170855687,170621540,234147,P2PKH
f99cd16f01b725d9ce360b5e581a67284a5e03b8e312ea5617082eb7ab7d19e8,2026-05-01 06:46:33,['W000142'],['W000116'],[96455771],[96426683],96455771,96426683,29088,P2TR
be91f17f1c57415455b60f8ec75be73cc27ca7db8555b550cd748703ed07b001,2026-05-23 16:39:06,['W000027'],"['W000285', 'W000126']",[12430830],"[6864891, 5553604]",12430830,12418495,12335,P2SH
04eb3815f97e593b7872636ab5261bc16f71255c740e9efcb18a9ad2b331afa6,2026-05-15 12:06:23,['W000247'],['W000279'],[54632540],[54595994],54632540,54595994,36546,P2WSH
286390e84698c4b3fdc82ef7a364315c5072c05724986fc9042a21c1686ad8ff,2026-05-07 19:09:10,['W000275'],['W000164'],[20097561],[20089317],20097561,20089317,8244,P2WSH
248ecc15d433aae8b13384bf97d9e7f0920d42e45bd8098ca7e5004471c5dcf3,2026-05-02 01:42:30,['W000002'],['W000023'],[41560991],[41537737],41560991,41537737,23254,P2SH
6f9b79c52f2da33873ebe99cd6f111a1399aa2d84bfa425f092f09b800df0c31,2026-05-10 21:16:30,['W000025'],['W000028'],[45305655],[45287663],45305655,45287663,17992,P2WPKH
f6f0e563679a077e98acf679546cc820a6d77259d465677e326454f5a410358a,2026-05-28 13:10:34,['W000114'],"['W000201', 'W000149']",[161407400],"[88657672, 72569987]",161407400,161227659,179741,P2SH
46261584cee20d7668ad4503379961bd4caedb2fde0606e60d17e156b54606a1,2026-05-30 23:17:14,['W000282'],['W000211'],[110474401],[110424194],110474401,110424194,50207,P2PKH
5d0a84eca776488d163224ba3e54fc0e5246738e71c5c080423f7da8dc8f5c0f,2026-05-01 04:44:19,['W000075'],['W000080'],[50283474],[50253597],50283474,50253597,29877,P2TR
063791ab6440624a08a80d5a05cb3515a8466136ad716d19f0cba55f650933d1,2026-05-21 01:33:35,['W000258'],['W000106'],[273434729],[273286665],273434729,273286665,148064,P2PKH
e91716f4499551eb30bacbeb50ce58f7662f39629dc96c530434b27b1a71b4cb,2026-05-23 08:23:53,['W000271'],"['W000090', 'W000259']",[73112591],"[71021694, 2067755]",73112591,73089449,23142,P2WSH
46b56ce03073e3df251a86c039c71c4493ea8a467c6fbf5201faf4a2b6e975d2,2026-05-19 07:44:27,['W000166'],['W000012'],[32313127],[32298231],32313127,32298231,14896,P2WPKH
5c1f1de50faafaec6e60b1372fdad2e677e5b98fa965b8a83775b1b9d3e6fddb,2026-05-28 03:00:28,['W000003'],['W000179'],[149633310],[149489486],149633310,149489486,143824,P2PKH
53b69babd9ef08b311840c965e7b724479d2ff0924aca607f19e6fb9856001f4,2026-05-03 21:45:53,['W000094'],['W000036'],[91584137],[91474490],91584137,91474490,109647,P2WSH
b48c51be8f24f81d966e6cdd22359f6fb2fa687f3d82721c5121edbeb952b471,2026-05-12 17:01:51,['W000225'],['W000215'],[65504030],[65458154],65504030,65458154,45876,P2WPKH
56f654607b89dcdf0462a01c1bbb7455ce1409be30e46f49e19101fe0145026c,2026-05-17 10:03:20,['W000199'],"['W000139', 'W000248']",[73958553],"[41090967, 32771287]",73958553,73862254,96299,P2WSH
935144766ea336b080681ac7317c14cf3321a5f83934d98da31ed2c1acb4c732,2026-05-02 13:18:47,['W000271'],['W000008'],[195946105],[195827817],195946105,195827817,118288,P2PKH
bdea0164bb28271e7d5853d87ac8061370ae4c195a0740db4a94fa7dcdfb2d7f,2026-05-20 12:14:53,['W000233'],['W000092'],[63949131],[63854537],63949131,63854537,94594,P2WSH
758c1ce0a16337d692036e13249cbbdaf2e9be83d89515334595e116f36e84ef,2026-05-22 06:38:54,['W000120'],['W000271'],[27694804],[27658769],27694804,27658769,36035,P2TR
9f3477b6cc1d283b0ea150f9877afa28f7701e9753b0f18a129680ef728bf298,2026-05-29 03:18:32,['W000083'],['W000248'],[28214486],[28204252],28214486,28204252,10234,P2PKH
08d9dd13011124cf0be91c6edaf73664ee68cb2d73935140481ccfc62204ebcb,2026-05-01 07:24:14,['W000025'],['W000222'],[18848419],[18835778],18848419,18835778,12641,P2WPKH
aa69fdcc76118cda5ff3993db6c821ae51fa39f1b7e504677560ff94e855360c,2026-05-09 18:45:40,['W000067'],['W000283'],[350309657],[350180814],350309657,350180814,128843,P2SH
ed65f2ae8a30a499e9436843b853a53fd2634ea853239ca5876ea7ee94b510bd,2026-05-04 04:34:31,['W000061'],['W000048'],[35229419],[35180458],35229419,35180458,48961,P2WPKH
bf3a514a5d6dfe060d7bad1ef2874249eb937fefd88b51f32d2f85e3ef0c7740,2026-05-17 16:02:43,['W000184'],['W000289'],[60692514],[60669985],60692514,60669985,22529,P2PKH
8d1b8ad631f34147b87206f76be501c448b82dce59eeeb4938d6e377f69de23d,2026-05-08 01:29:46,['W000159'],['W000235'],[143281001],[143087030],143281001,143087030,193971,P2PKH
6aedfaa31058b48a02b6784d278954ac3ef7f6d15ebf1e2ac2dac3e76ca9ea65,2026-05-05 23:44:27,['W000289'],['W000210'],[25505595],[25497277],25505595,25497277,8318,P2TR
e4b22792fcbed9668e6884729269c6921bff6ac3427a9ab262604206ea256d6e,2026-05-07 08:46:57,['W000063'],['W000066'],[47584562],[47514921],47584562,47514921,69641,P2PKH
ae95bfab1fd37fa87083eec5ea614c9ee40358ebd4bdd35ac0ee158b3e4bdfc6,2026-05-08 03:43:05,['W000115'],['W000137'],[14383864],[14370675],14383864,14370675,13189,P2PKH
d2b95a8c492332df033feaf7cb091427f923291e92a7bb366f83e01b9c79679b,2026-05-04 13:25:44,['W000052'],['W000159'],[75792175],[75740394],75792175,75740394,51781,P2WPKH
990327b7ade1255888172bdd2391e71f9964b26a3bc08d4f5357ffc911cde050,2026-05-31 04:21:06,['W000190'],"['W000011', 'W000207']",[177476117],"[92781802, 84602886]",177476117,177384688,91429,P2WPKH
1c6bdf5d3acbc9365f93d8b908f37be3d0a241c96e6949620cd09c01d3b420e5,2026-05-24 08:42:45,['W000263'],['W000124'],[14728728],[14718498],14728728,14718498,10230,P2SH
8cdfacc563531c9c4cc83e97564cd95ff92aaeff0865edc5462a814fc39f8e8d,2026-05-20 09:45:58,['W000076'],['W000010'],[40827276],[40806898],40827276,40806898,20378,P2WPKH
6a35f13501399fbc2e009b91d02ee9b4ad0be1ff430eb3fd727964e215836f53,2026-05-11 08:21:15,['W000153'],['W000170'],[72960646],[72905536],72960646,72905536,55110,P2PKH
ad8ec8630e05433d7e12e93227c72e76c94261b329558ea938a0749b7fd54eef,2026-05-03 17:42:43,['W000003'],['W000066'],[163574523],[163353779],163574523,163353779,220744,P2WSH
bb09a50a18c98ed25d21d8e5eb76b8df39c781b47fbb7044b76c9755b9f9ed99,2026-05-20 04:28:02,['W000264'],['W000244'],[42151766],[42130850],42151766,42130850,20916,P2WPKH
3af00559c764e4e5131b1e8d979f9c7a1ac9c54418cf19c9f14b69121778408f,2026-05-09 12:50:03,['W000135'],['W000004'],[86953095],[86838965],86953095,86838965,114130,P2WSH
8a050be5a828adb334f33aa032bb67fcae60e293bac9b8da3c16327b7c0d5851,2026-05-10 07:06:12,['W000046'],['W000224'],[48946561],[48907546],48946561,48907546,39015,P2PKH
a3deeda3ac5720a57981e648d4b45b05a3fcad6106a5b60c8b3ae73eced3d397,2026-05-01 01:10:31,['W000095'],['W000192'],[35025510],[34997381],35025510,34997381,28129,P2WSH
c2cf84b7d5be3bd605f5d56022d6ea6ba41d4b02eb2290aef76793e4aa073cbb,2026-05-22 00:44:19,['W000267'],['W000011'],[656367416],[656127568],656367416,656127568,239848,P2WPKH
dc5f6760d93500e4bd49aa9a450e69e97d3d7210508bc5681f16f628888c8fbc,2026-05-16 15:07:52,['W000105'],['W000153'],[14900058],[14886144],14900058,14886144,13914,P2WSH
726b611d9622d587d2ac20f7620f887b8267dc7b41a048fbce7c7eaf00180b21,2026-05-17 02:24:45,['W000031'],['W000237'],[114320703],[114225625],114320703,114225625,95078,P2WSH
e4ebf1cb74dab40199c452bb3d953635dca272d2c8f344f8415b7dde5233aab3,2026-05-23 18:31:51,['W000232'],['W000278'],[55161009],[55114325],55161009,55114325,46684,P2TR
2fe069503a2a60fe83f4750c86e2ce713ff3e70349b1fd5a0f59b0b7218b28ba,2026-05-17 03:54:52,['W000182'],['W000100'],[21498148],[21490006],21498148,21490006,8142,P2WPKH
c4650af5d29417b947c695b21121c0c01554812a3f98324a8254b8dba60ea6da,2026-05-03 17:10:15,['W000298'],['W000086'],[213011230],[212715660],213011230,212715660,295570,P2WSH
db01d4e0973e71bf4756cb37c5c6ed39811ca18a83e6628335728b5d0daed7d1,2026-05-14 09:17:35,['W000226'],['W000156'],[48790151],[48730433],48790151,48730433,59718,P2TR
f2635600bd3fe9cccb9497dcbe25d5d1b1f947956c7a32d6c9fdad2a47ffb977,2026-05-26 08:54:55,['W000038'],"['W000151', 'W000159']",[171585116],"[137540494, 33971975]",171585116,171512469,72647,P2WSH
9f004e91e7a4d4bdf40525060768e1c805573eae182cb019aab369dd2df40c26,2026-05-13 09:01:57,['W000246'],['W000166'],[95111920],[95057082],95111920,95057082,54838,P2SH
6fe04276ef586691ff58e50cbec52692d0190ca23e3a34732dd77897b7e8daf0,2026-05-05 21:08:17,['W000139'],['W000179'],[24446778],[24437017],24446778,24437017,9761,P2SH
fd424a8f96cfdd5c59bf2d0513eed1da9b1af991eb7f5da6233c50b81ba0efd7,2026-05-26 19:14:48,['W000168'],['W000085'],[49326195],[49267513],49326195,49267513,58682,P2WPKH
4ae75924828d97bb531479d53f9a6d6974ad1552a2326e8b667d194b01731258,2026-05-11 05:30:28,['W000280'],['W000186'],[25579814],[25553422],25579814,25553422,26392,P2SH
4aa6f671c99b196f4d1e6f810d32e953ead71793a6abb6807259f5766922a361,2026-05-13 04:34:14,['W000075'],['W000106'],[100995568],[100857910],100995568,100857910,137658,P2WPKH
fcd94534ee10ccd51004676401e08b88c1bcc4e2604992276e9e0f6265785786,2026-05-16 19:27:47,['W000167'],['W000023'],[58634862],[58556907],58634862,58556907,77955,P2TR
e6760602413d1fb246569411e59e70c7e61955b24a94f5effd5edd4c4b61ff63,2026-05-21 18:23:31,['W000081'],['W000261'],[35710057],[35663931],35710057,35663931,46126,P2SH
aa8320ca84c80f44590f73346cbe34db09ed53b65b9b2552c882db612e423eb9,2026-05-18 23:11:19,['W000102'],['W000232'],[25668494],[25631926],25668494,25631926,36568,P2WSH
58298f631b3f898721f1738d1e2a110e1b7b004b0c79bf60ac229eb0c7ff63f9,2026-05-22 08:08:55,['W000276'],['W000269'],[189942989],[189672884],189942989,189672884,270105,P2TR
fe0258b2c1f82d2f048e6ab2136f105c159d0d3b7261406b66cd12ef2ac75b13,2026-05-19 21:07:33,['W000139'],['W000172'],[10466096],[10451159],10466096,10451159,14937,P2SH
da7a5ee54399ef905e46f41f37b18d98de7dd90d163108024dcaa18f7ad7cfb8,2026-05-11 04:19:01,['W000266'],['W000039'],[130082445],[129929641],130082445,129929641,152804,P2TR
9cd69495866dada3b7bbcc1d5edf920b126e61933970a5bb2fb82162203f05f6,2026-05-04 10:15:31,['W000196'],['W000266'],[37612460],[37565295],37612460,37565295,47165,P2PKH
725cb3572465aa0d2e3746d260d39d7e7692b55c6cfa2d2e5a99da68ab4d748e,2026-05-27 13:26:12,['W000271'],['W000001'],[53633922],[53611926],53633922,53611926,21996,P2PKH
654887a0b3ad084599b742446ac93ce8e29a04731b460212bfaecfe024b603a5,2026-05-07 12:30:24,['W000058'],['W000090'],[33716177],[33671523],33716177,33671523,44654,P2SH
1ff918bb665484199d3bef2e77a651edc43a5f553b382909058adda4af53f725,2026-05-09 13:43:35,['W000061'],['W000286'],[52836503],[52760187],52836503,52760187,76316,P2SH
85783b7d8722bd5497d01b0425d93be810c32b0ca6e345bc01e7715745a42e8a,2026-05-12 20:51:38,['W000072'],['W000163'],[67318834],[67249278],67318834,67249278,69556,P2SH
1e763bb41a4e8d3a851db0ad9c342d9870ba294e2532c30f639024445e1ff7e5,2026-05-05 08:11:40,['W000284'],"['W000053', 'W000005']",[72825581],"[15373637, 57389925]",72825581,72763562,62019,P2SH
c7a61c0b2efbdad037f1ec8981c45055d00a02914650848b2a2deed418e6a8e3,2026-05-02 13:16:11,['W000091'],['W000298'],[110024039],[109949874],110024039,109949874,74165,P2PKH
3227c8378a7f662db749723b5b59e029fc6a7979e1abbb76dc74987fdc79164c,2026-05-31 17:13:43,['W000145'],['W000284'],[148631509],[148522280],148631509,148522280,109229,P2PKH
adb078c74c157b3666bee912cd38ad38d0333efea7b6c9ffaf8db2f2d7291872,2026-05-02 17:21:19,['W000186'],['W000174'],[21567682],[21550968],21567682,21550968,16714,P2SH
89812b3b455ad6650fbc988816a3513086dbf15b005d1a2a6789f83b45340586,2026-05-12 14:17:29,['W000122'],['W000114'],[119751376],[119646400],119751376,119646400,104976,P2SH
1991901d0fb9aa9d7c10a51a70687dc0931f8c94df1d13050e77c11bc7d770ff,2026-05-18 12:06:21,['W000023'],['W000160'],[44403479],[44370831],44403479,44370831,32648,P2PKH
a7c95a7342ac6a20043f688650ba2325ed518caab2ec6251e4360e86c249fbaa,2026-05-01 02:33:08,['W000049'],['W000180'],[14938320],[14926562],14938320,14926562,11758,P2PKH
9bad83ce914b2c6a0d7987551e0cefcd592924fea0347183f7f673adf1dbb3ff,2026-05-05 13:41:07,['W000201'],['W000265'],[71697727],[71646469],71697727,71646469,51258,P2TR
0be5990a63d0e10d1febba9639d6a55c80562f305804b5f76401bd7119795c66,2026-05-15 08:06:45,['W000046'],['W000075'],[222534967],[222284955],222534967,222284955,250012,P2TR
f17e1dd55685947a1aa595279cce75233a448f14fb891ee96cbcc0507d01c711,2026-05-03 09:57:06,['W000075'],['W000010'],[38262816],[38209496],38262816,38209496,53320,P2WPKH
4e9e7bdead735ae1634ef9e8d1fb7572baf9be035601c12fc6fde9eaf81d16f0,2026-05-13 16:10:10,['W000166'],['W000269'],[86875497],[86805822],86875497,86805822,69675,P2WSH
324d1b43a2fc24a7d6ec5dea3d201cd3b03064088014049522f0097cc15ca6c5,2026-05-04 21:30:40,['W000097'],['W000048'],[47473472],[47407533],47473472,47407533,65939,P2WPKH
fa428721de0db0b2ed7891ce41fcc84dded708800fef6ddc38e1215fdc2776c0,2026-05-27 16:03:22,['W000138'],['W000285'],[23408280],[23380390],23408280,23380390,27890,P2TR
0485f9a8db9aa94701a2deb55f8db39f0d8a0f05ebcd707ce6a31376f25514f1,2026-05-23 12:03:32,['W000285'],['W000170'],[286671919],[286329744],286671919,286329744,342175,P2PKH
390d55607b10e3195db9c0f9b11035acbb113a9691127e1a9987585bfe995f6b,2026-05-12 13:46:34,['W000271'],['W000079'],[32049747],[32004025],32049747,32004025,45722,P2TR
2eeb4b9da9d86b38b8f2aa55e9640a154291f66ff3484c43f45b5be0c8425ea4,2026-05-11 15:31:08,['W000008'],['W000279'],[63524609],[63472715],63524609,63472715,51894,P2WSH
1dfb6fb865eabc26928b0ed807ab47eba217625bfe36a77ed904860fb3ea9ae5,2026-05-02 16:46:56,['W000182'],"['W000151', 'W000157']",[20923529],"[8875028, 12018530]",20923529,20893558,29971,P2PKH
69ed2f81af10fe911a813011554fc3d852b0af881b699e92591e13cf692f6c85,2026-05-19 02:10:42,['W000212'],['W000162'],[72035354],[71998179],72035354,71998179,37175,P2WSH
b47b45cb9b80bb6d25cda498aa48700e23638ae8f2c5fb34299261aa9670f9e0,2026-05-20 20:36:06,['W000208'],['W000056'],[158069110],[157985424],158069110,157985424,83686,P2WSH
cd6dc3dd348d6ebccf66f2be96c7337ecc05cc9bbf647166d7ec41e4264538cc,2026-05-02 14:54:21,['W000182'],['W000045'],[66210604],[66169446],66210604,66169446,41158,P2SH
f20f45100d60917cdfc30fbcb5c19ef8e182a2386a0aa6f535553be4e4275707,2026-05-04 15:27:50,['W000097'],['W000248'],[396206211],[395890489],396206211,395890489,315722,P2PKH
e6dc16db2d48aff68bb5f31cdfbf617f6f9ccd2b82ca83bc1573a6f36704389c,2026-05-17 16:34:01,['W000160'],['W000167'],[50034935],[50016070],50034935,50016070,18865,P2PKH
e477967be4c9ea647154c1c7266d75ebbb79a5a685a559eef52e32c493da897e,2026-05-11 20:30:17,['W000281'],['W000064'],[19812846],[19797283],19812846,19797283,15563,P2WSH
3a14596d2e5a442f94c1773d3fe7ffc00b8265ad68c1c3bef4e8596046ac1c37,2026-05-10 23:06:17,['W000135'],['W000281'],[40899579],[40883472],40899579,40883472,16107,P2TR
1161e9eaa3aae7fbde3e3910396c6368f95ed26d8528715db5cb23dc1c542f39,2026-05-01 07:52:13,['W000118'],['W000270'],[108643775],[108600634],108643775,108600634,43141,P2WPKH
d7b5279a2cd133fb67d33d064304b1a9234b548d9fd4488443a6fac63191dfe0,2026-05-25 11:01:53,['W000274'],['W000090'],[15876570],[15859392],15876570,15859392,17178,P2SH
dfd5a0809a64b83a188a8ae72525b727dad1c399f216902c5a3aaa2b7eb81784,2026-05-01 04:25:41,['W000174'],['W000128'],[73716030],[73646936],73716030,73646936,69094,P2SH
f59924b3753791621206fd5affeaa1f45bed464fe3ab26d9bdd2875ac8c64bfd,2026-05-13 03:11:12,['W000163'],['W000217'],[94488061],[94454869],94488061,94454869,33192,P2SH
111ee6b01dd61242cb7f41b0a496832c647eed9f2887021c63631aab01d13223,2026-05-02 19:34:56,['W000044'],['W000040'],[244271463],[244111753],244271463,244111753,159710,P2PKH
b6a256c10de6b33043d49cb2ea123af2d6518c7fd10526c9c11c872f9983d368,2026-05-10 00:29:43,['W000110'],['W000280'],[103832953],[103686341],103832953,103686341,146612,P2SH
e4bdbd7209ad5f18fa032599b391f634c306fd02573b6b4fd3d7659eb4b140e5,2026-05-20 18:56:02,['W000286'],['W000026'],[31049690],[31024992],31049690,31024992,24698,P2TR
656feb772e376f9b5041739cfdeab00c5ab4a907e712cfccbb97fbbc98a25dce,2026-05-25 14:55:56,['W000140'],['W000177'],[53160779],[53121726],53160779,53121726,39053,P2SH
5d0215c7eaf6bf562eebf42d473fc064089c230b0aa5f7b7db21b5d2535af931,2026-05-15 03:46:54,['W000160'],['W000298'],[136319289],[136272254],136319289,136272254,47035,P2SH
51c9bc2eb87864d2a04b4ea399921ce6d01c39ba503bb062e87e42a176cf070d,2026-05-24 06:31:42,['W000265'],['W000171'],[190304050],[190038431],190304050,190038431,265619,P2PKH
27e35bc994a0c70ba816245fbff18008673069b5b9becfcb95daf08e73a4997f,2026-05-25 21:06:52,['W000193'],['W000008'],[62196518],[62133557],62196518,62133557,62961,P2PKH
a105898c751e5a75e40f42736abf39c36028e9c58786bad678bbc0171058b767,2026-05-29 13:07:52,['W000149'],['W000022'],[38613724],[38577979],38613724,38577979,35745,P2SH
2d6ead5ef8ca1d74d36ac2622d686f1347867e354fa2f45312d9115d44413329,2026-05-28 18:42:46,['W000208'],['W000015'],[160900651],[160724950],160900651,160724950,175701,P2SH
ffd72fc67de92232c9a93a06de6a746e144ca21d7575174c5ae4f7121b8dcf52,2026-05-25 18:30:08,['W000044'],['W000119'],[183305856],[183193045],183305856,183193045,112811,P2PKH
2a4cc17305d86b133beb8ac095a27d9c86b76b1668a033e944d1b4aedb5536ab,2026-05-31 13:35:32,['W000159'],['W000224'],[65187983],[65107302],65187983,65107302,80681,P2PKH
0709832b6950e0689e09ca97e1ed539a3c470e044277af66c8bed3ba49ff2b54,2026-05-28 08:49:23,['W000124'],['W000029'],[125233813],[125164942],125233813,125164942,68871,P2PKH
a8f126e2c01c6003b839993e53ebf4e5b1d52763cc77eb5a7d2b937d77779377,2026-05-30 10:48:31,['W000016'],"['W000245', 'W000096']",[39082691],"[20880051, 18184766]",39082691,39064817,17874,P2SH
ac704e423a460181eff339048cf3b3373f82596898b99c79ddcc81af8da4ac16,2026-05-18 23:25:07,['W000056'],"['W000027', 'W000147']",[17820332],"[7801914, 10000109]",17820332,17802023,18309,P2TR
95df6480f138134b45ab9bd70d02ec37bd9a2e50a553ffd3b2fd0480154dccb4,2026-05-29 14:38:47,['W000216'],['W000169'],[163752035],[163696994],163752035,163696994,55041,P2TR
481e30f3c19ca3051d00ef2882a713bbb4ae66a672cd0f83b83581205fa04372,2026-05-19 18:45:00,['W000250'],['W000281'],[72383750],[72309700],72383750,72309700,74050,P2PKH
fefde5a311319e2ad2c00648d71e21d2e373f59a55290b3a0cbf797a09aecdf2,2026-05-10 01:00:21,['W000235'],['W000071'],[42793971],[42752339],42793971,42752339,41632,P2PKH
6a30b8ecfd810dd33763302bdcf73a171703d1fdc7eea47e743a995a11970fa4,2026-05-30 15:48:34,['W000064'],['W000004'],[23242148],[23228806],23242148,23228806,13342,P2WSH
828189e9d0244fc83c75e54161c1887a22b3b1ab6a741c52c61100a86d635d40,2026-05-20 02:40:54,['W000232'],['W000246'],[94034775],[93914659],94034775,93914659,120116,P2PKH
b6d2b1fc5b301c1f69be62f5d5c89d45d8657c1f8108a2e2d6bde23a8837590b,2026-05-12 17:42:21,['W000006'],['W000211'],[7716635],[7711513],7716635,7711513,5122,P2TR
dd593b27dc84f025089b51b6ccd127fa3da6f0f72a4b3ec90b2ac0aa753b84ec,2026-05-14 01:26:09,['W000128'],['W000290'],[74701893],[74645393],74701893,74645393,56500,P2PKH
b3e25f93e3ea64a1a5f5feed95173a8f14898017aba8b1bb0733e08d87ff7f07,2026-05-20 09:19:09,['W000269'],['W000215'],[61358703],[61275755],61358703,61275755,82948,P2SH
b90df0173948943806fc8ef4ae2a113c04428d2473c88e56d51b7757f8ecf62a,2026-05-23 10:27:59,['W000217'],['W000048'],[76596120],[76504870],76596120,76504870,91250,P2SH
7a9b863011a9eef9c4187e9cac16d8a4f9b696c4e42c3f264b80c8db32487c87,2026-05-19 08:38:30,['W000043'],"['W000091', 'W000188', 'W000028']",[88018628],"[7446893, 51165717, 29372959]",88018628,87985569,33059,P2WSH
552aca11949b6cb92382744c37708eaf60e7ede15e6baa78defba94734ec3fe7,2026-05-20 23:16:10,['W000233'],['W000224'],[14515295],[14494508],14515295,14494508,20787,P2TR
8e4d67342661de96ab5f03d242631657f997161400bef449fbf1727e501ba5a2,2026-05-31 13:31:32,['W000221'],['W000274'],[98097258],[98009382],98097258,98009382,87876,P2TR
853dcd71f7cc5738d5d261be4c73df087cab8c3fe4765cfdfd7bde9a24ce09be,2026-05-13 15:25:49,['W000027'],['W000163'],[120802011],[120757152],120802011,120757152,44859,P2TR
45bffa25d9ddbed1b982a9d652fb65d2932b0918d12d512fafaa2c0c431eb053,2026-05-12 13:45:27,['W000001'],['W000163'],[58658715],[58599170],58658715,58599170,59545,P2WPKH
fd20020737b587e338e069b5743f7a4882de2db47331c16fba0ee92a1f473631,2026-05-28 21:54:46,['W000182'],"['W000025', 'W000243']",[69991604],"[45051282, 24870457]",69991604,69921739,69865,P2PKH
6ddeb1ffd4340365bcf45d19ddf1611a88199abd68ef144f2364192551d245db,2026-05-25 12:21:20,['W000155'],['W000192'],[45517418],[45465996],45517418,45465996,51422,P2SH
12b2fe3e69b5dd9619160d3aefcafbb3c92e710de753befa2c2f0e035cc57d73,2026-05-27 13:14:14,['W000226'],['W000096'],[171847254],[171725565],171847254,171725565,121689,P2SH
ca09cd63bbec8b8298f11cc556bc0254caac473b158e129855942382c01cee34,2026-05-20 14:56:29,['W000010'],['W000151'],[36636157],[36597016],36636157,36597016,39141,P2PKH
7aaa7367a970578cd328b1bb98ce7db0291b9bd9a5f49d95cc31713833d606e1,2026-05-07 09:58:29,['W000018'],['W000066'],[16688309],[16682362],16688309,16682362,5947,P2WSH
286a9b84cf66c0628573e35dfb03e7f497c8630e800e88decead581c34d7c98e,2026-05-03 00:16:23,['W000077'],['W000132'],[11742658],[11732319],11742658,11732319,10339,P2TR
bdbf08cea289c9f1d8d5746722233e486e455b3e3171a2f8a3286c40af6bf2b5,2026-05-31 00:28:14,['W000130'],"['W000223', 'W000043']",[31128229],"[21591547, 9509089]",31128229,31100636,27593,P2TR
69c3ac7b8cfd4942b057f2900d351ff7e6c88f9de09408ce1b9a8015dfb3178b,2026-05-01 06:01:06,['W000039'],['W000042'],[85876882],[85834802],85876882,85834802,42080,P2TR
6d841ae2942cf908087d8db5af1659faa8257e930b0233597a7d2daed6f5c393,2026-05-02 19:54:16,['W000282'],['W000152'],[24537896],[24505468],24537896,24505468,32428,P2WPKH
a343679eb6ecb11dd1a3e89838bb6fe42bd1a3333f844dfc14a423436463452e,2026-05-12 12:00:19,['W000252'],"['W000272', 'W000274']",[118226640],"[97117523, 21068066]",118226640,118185589,41051,P2WSH
ebe767ac49112e6119f692f1f410c3f4c741a8974e8058c6fea89023a8158afb,2026-05-23 01:34:50,['W000187'],['W000116'],[114143467],[114065366],114143467,114065366,78101,P2TR
9ad65aa6d25bfd6e72030220b6fc22192d4cebe2d04c63b3ffb1620494ffe4dc,2026-05-15 00:43:26,['W000162'],['W000109'],[60634118],[60615772],60634118,60615772,18346,P2SH
c333e889df6a3bd1ea5147216484f8754516bc1ae982a76ba05c48f37cc41c95,2026-05-21 14:26:48,['W000108'],['W000176'],[15480304],[15457340],15480304,15457340,22964,P2SH
1907d8a213d63823c5dd70bd8d1516a0011b9c5f84cb038410f617f1620df53d,2026-05-27 09:54:08,['W000028'],['W000134'],[1878407688],[1877814837],1878407688,1877814837,592851,P2TR
34a30a6b5141e8dac97794006fd73672fab3502481878c563a6bf0d1214ce8d5,2026-05-16 11:08:55,['W000238'],"['W000065', 'W000048']",[17101663],"[16958041, 126904]",17101663,17084945,16718,P2PKH
003aaf564e8dcc123b75e642e5591c828d3bd83776db8286cf49e88a7ed0ed2f,2026-05-22 22:09:05,['W000059'],"['W000004', 'W000204']",[63020809],"[22795888, 40143136]",63020809,62939024,81785,P2PKH
859ebe53758ef850f3c7d3f0239544c5e62308383872ba4bcd381427a9f3c652,2026-05-10 00:23:36,['W000176'],['W000237'],[49279486],[49226851],49279486,49226851,52635,P2WSH
55c3f67a2ff6d3f4c4672ec7a82745582932b6fb47b2170c8f3bfab853345893,2026-05-04 17:20:03,['W000180'],['W000050'],[153825976],[153769131],153825976,153769131,56845,P2WPKH
658d0679b6334f46d7f2e333242002a286597d9919db4c4c5e6b1a930d59d83a,2026-05-25 12:30:46,['W000150'],['W000065'],[341021098],[340741021],341021098,340741021,280077,P2TR
6ec26c1b78aa941a193dfdcd8145259814f5a35cbf6864e5fabb571863d94b09,2026-05-22 02:56:59,['W000271'],['W000268'],[61194088],[61154848],61194088,61154848,39240,P2SH
e11253fd3fe71dd8e5f9087ade6e0be256dde60095346eb559026a97cfcc82b9,2026-05-12 17:16:00,['W000011'],['W000148'],[58157678],[58112955],58157678,58112955,44723,P2SH
cda72c25d486a982ffcca6bf22e7338f3505c11e09a5ecf20f50970afb7e99ec,2026-05-10 23:41:44,['W000115'],['W000096'],[43016378],[42956420],43016378,42956420,59958,P2WSH
697c0628540ca34f94bf71f1ada0280aa77858a43d9ad1520c0597de8d602ed7,2026-05-09 20:10:03,['W000067'],['W000207'],[62156082],[62093226],62156082,62093226,62856,P2PKH
1f0d15078f6416952e9279cc255b1b2b69b6867906c9b5c941fd464a75a65bc7,2026-05-13 15:33:48,['W000233'],['W000168'],[149582031],[149365736],149582031,149365736,216295,P2WSH
878e5e7a2ba450632d2725bac998129c13c9c23a01354e60c6ae57965793f309,2026-05-30 10:47:44,['W000147'],['W000066'],[167045874],[166888166],167045874,166888166,157708,P2WSH
8de7c5b574a389405a57070965d2ea3e378c6f338d9d2bcc7bef4731bd878ec5,2026-05-06 04:14:08,['W000135'],"['W000056', 'W000017', 'W000052']",[12473064],"[3786525, 4271071, 4401541]",12473064,12459137,13927,P2PKH
f8a82c8156b823e56f965d4233faa3b1dbfd388168500438de4c12335218afc0,2026-05-30 04:53:05,['W000003'],['W000051'],[86857009],[86829492],86857009,86829492,27517,P2TR
3d9e9f100f445ac7aabe541aa2337f937b3bec3b99826fec9aebeb129b67b7b6,2026-05-23 13:16:44,['W000216'],['W000065'],[264383304],[264262906],264383304,264262906,120398,P2PKH
5796c059148a9d5fef4d07babf986b555ad7038dbddce226a7c0f4a1dfc6ff35,2026-05-18 17:19:15,['W000279'],['W000062'],[54537997],[54499896],54537997,54499896,38101,P2SH
ff13c21f413efb797d93cb049de14a868960e9c16083bf7ca7f62d09dffd0877,2026-05-01 11:44:42,['W000233'],['W000279'],[60806893],[60737019],60806893,60737019,69874,P2WSH
bb5f840e3094fe99f62804485cc74cfb8b50fc403de1305e0564c7a0b7a7c833,2026-05-08 12:13:11,['W000287'],['W000171'],[84092372],[83996155],84092372,83996155,96217,P2WSH
fc83315159e3e51d8f32e0134db590caaed193ab99b28693f8a132bfcc9134e2,2026-05-13 17:53:11,['W000205'],['W000266'],[101593963],[101490353],101593963,101490353,103610,P2WPKH
b56db058a51b77b7e9fa2a60d3a13553680b326cf2b950db3b62f1213348c72a,2026-05-21 19:21:01,['W000240'],['W000081'],[79466547],[79384048],79466547,79384048,82499,P2PKH
d7b8a48c76b55876e8d1b41f8d24657aca9132b05b57a9a3930ac6e938558825,2026-05-25 22:03:53,['W000144'],['W000266'],[14539873],[14534763],14539873,14534763,5110,P2PKH
b15368ce936568f41262fcef64b160f8a5edb08d89b7779972231cd8a4eb3747,2026-05-04 21:35:43,['W000299'],"['W000147', 'W000108']",[271692221],"[76209514, 195289096]",271692221,271498610,193611,P2WPKH
a4113c1ca3c8246269a9ada99318874256c805ba6bfb2f1194dc4257d76e9b37,2026-05-17 11:30:00,['W000288'],['W000109'],[46251824],[46203500],46251824,46203500,48324,P2WPKH
09272702f38f826ce91e8e3deb41bc4fef9c9e73a0e71c73db680206e54effa9,2026-05-14 01:46:29,['W000218'],['W000185'],[153903201],[153702332],153903201,153702332,200869,P2TR
fe2f4193948170fe99caf1910b95d5f7da159f0495963433fe4e4b92c1cb8401,2026-05-27 01:10:52,['W000016'],"['W000050', 'W000031']",[46192641],"[22248838, 23925483]",46192641,46174321,18320,P2PKH
b3bddbdb556e5aa63fc4bd4a632e48c901164d623bd918bc679df45ac3eb69ea,2026-05-17 20:20:14,['W000072'],['W000213'],[321818533],[321712538],321818533,321712538,105995,P2WSH
8308ed4cc7adfbbb3a095009b520e535b4a25520f026f545d01aaad41836ef07,2026-05-11 21:10:12,['W000024'],['W000177'],[35064399],[35043838],35064399,35043838,20561,P2WSH
d7a4dd292fa83bf2662eb352ed1d352ed52d3913f2fe2b8b22c993554fb130e4,2026-05-16 23:14:37,['W000198'],['W000248'],[37360173],[37322490],37360173,37322490,37683,P2PKH
f4d5bd14dc756aae00b91a0928bdeada5c79f75e9c4e0dc1095820a82c99a4cb,2026-05-10 06:28:33,['W000127'],"['W000078', 'W000149']",[9414294],"[4874600, 4530998]",9414294,9405598,8696,P2PKH
e4cede8bf69268c5621085ac231bf168f0297ce6264cefd54c8eabe6c25a0f95,2026-05-30 08:14:36,['W000106'],"['W000158', 'W000247']",[60810842],"[10478340, 50268151]",60810842,60746491,64351,P2PKH
b0a8a1eedced1f710230a649fdc3c59dc4a8df35473dc47f5f1a9d37de15bc16,2026-05-10 04:15:40,['W000042'],['W000214'],[67581667],[67493496],67581667,67493496,88171,P2PKH
32be0b3d49a049599d222321a958b38086fd93c55d16b5b9799a32448cfdd60f,2026-05-28 19:51:22,['W000165'],['W000049'],[77902427],[77832689],77902427,77832689,69738,P2SH
c8037c5ad8a5df991a173257d388e84c0bf77174422ab582a81ebbcc0b05a43a,2026-05-16 11:57:31,['W000256'],['W000053'],[162040785],[161972206],162040785,161972206,68579,P2WPKH
45c58ce2e651456fa7e739cccc1f1764bc380fddb0ff46322b0f4c98cde5b8a2,2026-05-01 03:21:13,['W000249'],['W000152'],[35943703],[35925094],35943703,35925094,18609,P2WSH
255ec1becdaeda51b58b00ee12e302c1c2e8eacd06f0f5329b924d06f841fed7,2026-05-02 19:57:28,['W000088'],['W000186'],[19709155],[19683034],19709155,19683034,26121,P2PKH
de41879e4aaae162ba90987a58d9a6d353892ccf24c032e06b222a79e06c2dae,2026-05-09 05:26:58,['W000199'],['W000073'],[22899153],[22885236],22899153,22885236,13917,P2WPKH
a3b82c21cae750ce2c95067e0f29dce5a199389ad68e7c79812a7aeb3d170905,2026-05-18 15:50:48,['W000085'],['W000027'],[55636200],[55566452],55636200,55566452,69748,P2SH
9861df9185f365d5c92d3f07050beae48c2594df1a0f47dd39e5466db9aa287b,2026-05-28 00:25:14,['W000134'],"['W000290', 'W000226']",[10933088],"[5367118, 5551221]",10933088,10918339,14749,P2WPKH
2a436fc6cd56c1674d6afe36297b93d05c28bf3cb26a2103fcdb68385f80f35c,2026-05-01 01:07:44,['W000148'],['W000129'],[22144059],[22115964],22144059,22115964,28095,P2PKH
f7f6e6732289cdc36699b9c9b796144f2b61496a11236c122fc1b44c1e98941b,2026-05-26 23:12:44,['W000204'],['W000256'],[81248673],[81220191],81248673,81220191,28482,P2SH
553fccd9561f34e2dbc96546fd4d362f048520b93edbc0fbb1837fa2f6151cf3,2026-05-12 18:09:35,['W000175'],['W000047'],[185467087],[185363308],185467087,185363308,103779,P2TR
e44edba3a8113d7deb93e78e6d6d48de7b9e2574f6000e237d522a6548e231e3,2026-05-09 07:00:26,['W000148'],['W000077'],[34669573],[34658040],34669573,34658040,11533,P2SH
765857525de3b9dc1d70a67ea4833bf9ae61742ce433c52744c95dc7254b1801,2026-05-31 21:14:51,['W000249'],"['W000095', 'W000144']",[13966886],"[11662816, 2284803]",13966886,13947619,19267,P2TR
363815840ef8a66e334547fa0c9f41f8c610b7e56e0229acb872610814c95ac1,2026-05-21 12:54:52,['W000241'],['W000084'],[47360216],[47321609],47360216,47321609,38607,P2TR
5be82e9333c1cdc548aad9764a6d8510cd35841f0e96ae3380da89239e97354b,2026-05-08 19:07:46,['W000272'],['W000101'],[63099119],[63009938],63099119,63009938,89181,P2SH
549946bf6814a898f208b049efe949d4a1c1cae96396e4349399afee7fe47bbb,2026-05-28 22:15:07,['W000117'],"['W000180', 'W000018']",[124946885],"[72839945, 52027724]",124946885,124867669,79216,P2WPKH
51966c8be90ea63e1e05f08fd6ed01ab0f49046373d975ecde1c27f913f6e15f,2026-05-18 13:04:17,['W000300'],['W000261'],[91593394],[91551726],91593394,91551726,41668,P2SH
8086844d28548745584daf417ccfea6455ac91b3cabbd7b621a4b1c5764efb02,2026-05-23 03:43:19,['W000146'],['W000181'],[12023034],[12008752],12023034,12008752,14282,P2WSH
7ef8e6f0803bab202842ff8131fc443169b8e4e9097c5533e6ccdc5114783626,2026-05-04 00:21:06,['W000189'],['W000212'],[23239654],[23214285],23239654,23214285,25369,P2WSH
c1b21751d34ad0ab12a3ff082895757bb0b4601987a4b90c1c94e5c03779ad1c,2026-05-02 03:20:07,['W000221'],['W000116'],[18088817],[18076914],18088817,18076914,11903,P2PKH
0cd4e84fa47299ebf847f96709c69063daf4f3bb679d1e1738c4168641960f0e,2026-05-26 21:34:06,['W000127'],['W000016'],[372109904],[371664516],372109904,371664516,445388,P2SH
9269d8eeca5b362859b542d373cef89af540760f3dd85650079593e01a2a6a5e,2026-05-25 13:50:20,['W000212'],['W000120'],[109291964],[109163209],109291964,109163209,128755,P2PKH
9da11bb1c2f3885d0a06cec3997ab86d7b100d1f509a366fb5e264da732be8d3,2026-05-06 11:02:15,['W000261'],['W000011'],[41592628],[41534356],41592628,41534356,58272,P2SH
1a3c82cc50b4fca4e6bfd762b09fef171f674a0b8bcd6cb496cc10b23f83d1db,2026-05-17 21:28:04,['W000190'],['W000112'],[53669316],[53652223],53669316,53652223,17093,P2WSH
0eac2deb2e07701da1b948a9e11d05ee6b18a4ce55e1289e9c004d98edbb7b85,2026-05-02 00:29:22,['W000298'],['W000137'],[44535181],[44492968],44535181,44492968,42213,P2PKH
d9abf97008440cc495e5ca058629a05ae38c0b1448fa9078ce0b69b517bab736,2026-05-18 22:49:50,['W000099'],['W000019'],[33006969],[32996655],33006969,32996655,10314,P2WPKH
2e6d5b41c289e9f85e3adf6ef1f0ef9d045b75930ea7647ee7388e881183709e,2026-05-09 13:59:09,['W000154'],"['W000282', 'W000266']",[35374491],"[27203612, 8146785]",35374491,35350397,24094,P2SH
917042699715de33f13146247788944d573b221459e2da4908cfacc014721d74,2026-05-29 21:19:13,['W000259'],['W000232'],[105033691],[104978898],105033691,104978898,54793,P2TR
0456a3b28547b30e64ab8a546b99967a37c07e8f7fb3366247b8bf80807eece9,2026-05-17 01:22:56,['W000023'],['W000220'],[32493346],[32455921],32493346,32455921,37425,P2TR
611e970c9bc725e33e0f12545d4d373d53af51483b3ce6b7ced15b7f382c79c0,2026-05-10 04:13:51,['W000010'],['W000254'],[46748253],[46708675],46748253,46708675,39578,P2TR
a6ea75feccb45e127634320dab7f3de5b3dc9616ba5e01bc817e29b6b4a568b3,2026-05-11 15:07:56,['W000098'],['W000050'],[248339293],[248211064],248339293,248211064,128229,P2SH
f5b2aa20736964914110a491ee055f63c0b3be4e831c7167f9f1ef236f60a904,2026-05-06 08:34:21,['W000045'],['W000140'],[142873896],[142677042],142873896,142677042,196854,P2SH
2137ea55e2ac07a3f1d7f2091fa3858626c2b2fd9607475bc75225ae0f34a036,2026-05-01 23:04:08,['W000270'],['W000019'],[73440884],[73363707],73440884,73363707,77177,P2SH
37fe9830ea0fa901ebce019df2ae9ffb5e827ad53e174c1a8dcee0ff90e488d1,2026-05-11 06:02:43,['W000214'],['W000191'],[67331061],[67249269],67331061,67249269,81792,P2TR
e57eec3a9635017ef5ded70e86e9087d437572c9980f7266912cd3278e25881a,2026-05-22 03:20:24,['W000225'],['W000012'],[120509411],[120380464],120509411,120380464,128947,P2SH
40d011c205b0195c928b57130ba0e0c55c3f77059554480757e2e008f2c24a08,2026-05-28 03:13:17,['W000202'],['W000031'],[21526135],[21497713],21526135,21497713,28422,P2WSH
6ed0a73138ac3e3539b5f5ac2f8cbe6080639cc96f331235f8defd0093113332,2026-05-30 01:15:09,['W000070'],['W000267'],[82190779],[82117540],82190779,82117540,73239,P2PKH
3e911211efe2768def3b19180b7bfe2da4877abebe74c3b84f1ce5a349a31f65,2026-05-01 11:13:07,['W000013'],['W000179'],[57872002],[57846740],57872002,57846740,25262,P2WSH
e88d27121943da23c04e91c9b0eaa5f3985cf91746293afc5efea25e4de146ac,2026-05-29 15:22:38,['W000148'],['W000206'],[112669077],[112542059],112669077,112542059,127018,P2WSH
b88cd22fe1392f0be6f0846308f2b8eee1e76773b67887fa2bdc51443927a515,2026-05-01 22:31:04,['W000093'],['W000156'],[164991381],[164913747],164991381,164913747,77634,P2PKH
a9594b96e217b4ab8570a5f0922035ebe8a9e11971a895e43e75f9c9550b5a7c,2026-05-09 13:19:02,['W000120'],['W000212'],[7508104],[7499258],7508104,7499258,8846,P2SH
32733f5d046e1f03324846dc348900d818edee4d22860e4681df7c84f59467e5,2026-05-28 18:55:28,['W000009'],['W000148'],[38571070],[38545826],38571070,38545826,25244,P2PKH
f730da65d42d46c293fa44bfe2c1554a1c5e4d44ba951843327ee10394615fcc,2026-05-05 07:15:18,['W000011'],['W000220'],[212018762],[211782741],212018762,211782741,236021,P2WPKH
2add37aab62992a865aac5f353a5dda2b47e02d3542f98f52252cb89dd5065a3,2026-05-31 11:37:08,['W000154'],['W000174'],[70251187],[70167181],70251187,70167181,84006,P2WSH
1b8d400e07a1110e89f5b05f0b0073b253a653b09b0e23d8d23d3971e4c7d651,2026-05-17 01:20:29,['W000116'],"['W000115', 'W000040', 'W000178']",[79803369],"[31727928, 40888364, 7103957]",79803369,79720249,83120,P2WPKH
5c406cbd285979b075e2fd03b1c248f8e9fb1434ce87d73ff6bc4b5efe4af0ea,2026-05-16 11:20:45,['W000037'],"['W000078', 'W000130', 'W000179']",[34624817],"[10888561, 12290722, 11430658]",34624817,34609941,14876,P2WSH
0c9a47f21d461a7c33e006ac399801375deeae6244b8307960a3951b4691a088,2026-05-10 17:00:58,['W000183'],['W000031'],[206113946],[205941494],206113946,205941494,172452,P2WPKH
9adef1efa887c163902c0741b55c58835561c05f47c1511cfb896d849c7d48f4,2026-05-20 01:14:59,['W000232'],['W000200'],[34657059],[34612103],34657059,34612103,44956,P2SH
5eaf688d69381e0e594eb6b05fdd136cc7a686c82691f82e417d443b65fc6286,2026-05-21 05:20:44,['W000155'],['W000039'],[49801942],[49742504],49801942,49742504,59438,P2WSH
d5f58782ea11d7570c4dfb69813c71179940268b0c7ce1d97d7f62183aeb613a,2026-05-05 04:09:51,['W000194'],['W000031'],[20690233],[20661559],20690233,20661559,28674,P2WPKH
5cf01cc692a43d34d3f82d6c570cfcfb02b04ab87e918f9c04d54df52ea63f3d,2026-05-06 13:22:42,['W000099'],['W000004'],[166747362],[166533569],166747362,166533569,213793,P2WSH
c366e81417fab827f266b4b431579f94d0e6116c98520efbaacb1872b84c211a,2026-05-13 13:07:30,['W000008'],['W000158'],[26342946],[26327556],26342946,26327556,15390,P2WPKH
737c7c9c0a292fa96b3e7d593f2ebd95fa4dc682b7cec958040b14e06b168f59,2026-05-18 09:09:34,['W000259'],['W000103'],[10741397],[10728218],10741397,10728218,13179,P2TR
f7f62e468bb049eaa8f088140baa20ca43603ee77392121639d64a2ed3d2ef15,2026-05-04 01:08:28,['W000181'],['W000267'],[15688107],[15679171],15688107,15679171,8936,P2SH
792424c281231b2688ce62892c9267e0777b548d3b24763d5f1ec424ae321edf,2026-05-30 20:51:56,['W000133'],['W000276'],[106491411],[106410235],106491411,106410235,81176,P2TR
72334dcb7968f82eec077cc1c9296deb40a69524205aa0eb11f0fd4b93e62d79,2026-05-18 00:53:22,['W000229'],['W000100'],[28625935],[28613136],28625935,28613136,12799,P2WSH
58cbb24d487f58a453948c8273bc6c72aea1a180f00fbbe6a427d7c241471f24,2026-05-15 03:55:45,['W000011'],['W000112'],[305061149],[304813991],305061149,304813991,247158,P2PKH
2ebb01bd4ba0185e0c5b70880c1026d45fe7467f48e3e1047bddac93a09cd83d,2026-05-13 12:09:52,['W000253'],['W000284'],[51229749],[51190256],51229749,51190256,39493,P2WSH
9ce1f6cae1d26e80b5f293195a6d76e9dedb52345bff7f7760beb1b9ac8bc6bc,2026-05-04 09:46:04,['W000115'],['W000124'],[34812444],[34767231],34812444,34767231,45213,P2PKH
ad086484166d9c57d2b0e31fd045663b9abc2807141479d630c78e1e805e6503,2026-05-05 11:16:46,['W000001'],['W000015'],[45004231],[44958018],45004231,44958018,46213,P2PKH
a8401125fa3b9e07fd2618e22337641378fc6165a44d9c179dd9810bc67f9e31,2026-05-17 22:21:30,['W000166'],"['W000115', 'W000186']",[14171232],"[11401505, 2751611]",14171232,14153116,18116,P2PKH
0ad1d652960764a2da95e6dbea9380e220687454944f916eb079b2139b9d86cd,2026-05-28 17:04:41,['W000230'],['W000120'],[13087789],[13078057],13087789,13078057,9732,P2SH
15955a3b92442af28b9ee400bfb106959dc1070075e97b85876815d2765b913f,2026-05-30 21:46:57,['W000262'],['W000118'],[45878373],[45810493],45878373,45810493,67880,P2WPKH
b2be43453bf30cc733625f7ca3dac9b5fc4c67a947bdf0190dd5fd7046fc314a,2026-05-30 19:36:03,['W000090'],['W000136'],[118965830],[118861143],118965830,118861143,104687,P2SH
6671df2ea529158e692176db29325b4a876c956469a709de12b909d76dff4536,2026-05-06 02:09:51,['W000189'],"['W000190', 'W000179']",[244548121],"[106823395, 137361539]",244548121,244184934,363187,P2PKH
8170177ea87a1968cefb0ce1d34283a3f6ecfa3c892c3792b42206f65550f1ca,2026-05-06 18:04:07,['W000141'],['W000215'],[35929288],[35913348],35929288,35913348,15940,P2WPKH
9f74501c2eac4fa60b31591540501e7df427de0a22ad469698caf8c7d435f54d,2026-05-24 19:00:49,['W000214'],"['W000300', 'W000066', 'W000010']",[188470896],"[122372025, 61938038, 3900508]",188470896,188210571,260325,P2PKH
94501e9f2e874c1b91ba625245e17c2da9b03c0753592baeb391a7ed64f36dd0,2026-05-30 12:05:32,['W000253'],['W000031'],[30249848],[30239722],30249848,30239722,10126,P2SH
72d1b580d1e2642c0ecb27130092f5a1b8345da7462953c20af7b72d7c2be627,2026-05-18 07:05:34,['W000050'],['W000300'],[86744432],[86625531],86744432,86625531,118901,P2WSH
07d8b1c6c2ddff8ca5f02e488b6aa2ef72fb895622f0bb8680967bedd079f487,2026-05-25 15:07:04,['W000171'],['W000195'],[64546180],[64479870],64546180,64479870,66310,P2SH
8247a39814e56c4363f3e345e91743a7f52f134b1be46f05499c3ac2c5f2b54b,2026-05-18 21:00:33,['W000283'],['W000210'],[81922546],[81829951],81922546,81829951,92595,P2WSH
086700dc76d841bde7ed0fc5e782cca784f9857ded27b76ffa8b841b78d7a809,2026-05-24 23:51:44,['W000018'],['W000143'],[61611282],[61539291],61611282,61539291,71991,P2SH
3d2e94e09d51b9e330425a96f62e97dc7a48701a9498b9e434c98f699e3335b1,2026-05-08 02:13:40,['W000166'],['W000222'],[22952609],[22919256],22952609,22919256,33353,P2TR
234cc50d912ed242d16a367b249513d9202f88d28239d58d733b0be664b958fe,2026-05-25 02:10:34,['W000221'],['W000050'],[161284605],[161187739],161284605,161187739,96866,P2PKH
f502da5f34cb2509e8fe6fdd85ff36c35fc87e9dace462baa7f41c116ee53c1d,2026-05-31 22:17:22,['W000031'],['W000086'],[93278803],[93203834],93278803,93203834,74969,P2TR
3f1cbea7546a9fdc9c336a5a2433ef6ef870b1d33cb6ee00a3f3134dcecd3c28,2026-05-09 12:08:28,['W000259'],['W000250'],[18453921],[18437038],18453921,18437038,16883,P2TR
d36ef614a1fb5074d2c057913c5025e36ff3573b6630d3088cc5a69b31ecea25,2026-05-05 03:56:45,['W000014'],['W000253'],[28876045],[28838529],28876045,28838529,37516,P2WPKH
197a546adcdae284c188a377f05c6fd7f89b841e285607e60f514cbf802b289c,2026-05-17 07:38:41,['W000047'],['W000190'],[19851202],[19841899],19851202,19841899,9303,P2PKH
4e3f05de5d48b71cb0e47bd38bc1398e3d418031f0c2580444877c45b302eb90,2026-05-16 06:15:16,['W000055'],['W000126'],[84208102],[84097856],84208102,84097856,110246,P2TR
60996a806a568872c8ae807f1c44a490dacfd45931df91ab30593d4c801ba785,2026-05-07 17:21:26,['W000144'],['W000113'],[27139384],[27125221],27139384,27125221,14163,P2WPKH
c183b42f695e3e2b022eeb14bccfe3d5300a02bcb52e5eda37aa62f1d200f6ad,2026-05-24 00:32:57,['W000013'],"['W000066', 'W000220']",[18590599],"[8859612, 9704517]",18590599,18564129,26470,P2SH
50c3b22966416a498012035f66a176c69cc6a9c0d22bbc57365af6529e036a05,2026-05-28 09:57:58,['W000211'],['W000021'],[19317900],[19300535],19317900,19300535,17365,P2PKH
667c04863afd410dca4f57eab9171963a15291115d9d9224400f381fba3b6cd3,2026-05-07 05:48:51,['W000190'],"['W000115', 'W000121']",[900635103],"[778576102, 120915343]",900635103,899491445,1143658,P2SH
abd87323c346797dbecd6f970b927064265ab085bb5956762bec7c06f6a502e6,2026-05-21 01:32:59,['W000250'],['W000059'],[214810331],[214717548],214810331,214717548,92783,P2WPKH
f903afa1c72fd247d54b8ebe1fd729f00e9bd536fed866514a9adcdf92576592,2026-05-01 12:11:25,['W000094'],['W000067'],[104165044],[104043632],104165044,104043632,121412,P2WPKH
2a74f72dbdb9e848bd8337a0a79fa36592ef47970384fba78373414fa8c6af98,2026-05-18 07:54:25,['W000236'],['W000035'],[53896692],[53876614],53896692,53876614,20078,P2WSH
081441eb7887492b221524f4c1707915afc366f22daeb5a45b6d846fe6babb21,2026-05-03 12:46:15,['W000147'],"['W000236', 'W000060']",[14055388],"[10628490, 3410204]",14055388,14038694,16694,P2WSH
acfdec2aa55a7cc2cfcea89ecb071b2aa034e78124361457305d038124ee42f5,2026-05-07 02:07:59,['W000237'],"['W000125', 'W000053']",[252472100],"[62472471, 189798037]",252472100,252270508,201592,P2WPKH
5183a28cedee1be9c5484dc85511bfdc806404333995691f98d2e4052ec9d060,2026-05-29 23:45:22,['W000234'],['W000016'],[154878415],[154665903],154878415,154665903,212512,P2PKH
a6c32a28448d33c5c5d073bd47be65bd2c52d8dac5068ac81ec09a8804507ba3,2026-05-23 20:28:14,['W000089'],"['W000091', 'W000056']",[99843906],"[45904911, 53826293]",99843906,99731204,112702,P2WPKH
c4a11cb7fd3bae3bcdb8da0691a7895ac9ce174dad9b9f42c785c29f2346b1c1,2026-05-08 13:46:05,['W000207'],['W000080'],[312081135],[311929669],312081135,311929669,151466,P2SH
8a8f2b63a556f89586057adc90d099ab1e4539d94f775ea7c796f139ee4da984,2026-05-08 20:39:53,['W000193'],"['W000032', 'W000055', 'W000143']",[60342654],"[24256650, 12459581, 23595993]",60342654,60312224,30430,P2PKH
f06955496bce99f40d995a55d1cde8754dc1840132023fed5ff10759480dd3f5,2026-05-19 04:18:16,['W000001'],['W000179'],[34972235],[34923333],34972235,34923333,48902,P2TR
a019385c21fb3718086f769c8ed851d8a582a6aad1aec4d7053e28d88cf4e85b,2026-05-02 07:45:07,['W000018'],['W000089'],[51104975],[51080826],51104975,51080826,24149,P2SH
ee7ded7dc7502958098ba936dad4f2304609e745a8606f8217339d7484cbd6d7,2026-05-09 15:32:41,['W000092'],['W000148'],[5055058],[5050767],5055058,5050767,4291,P2SH
a52703b5265bd916093d51e9d9068d1543256da20d1d6f842b6280d754e94d64,2026-05-11 08:39:28,['W000258'],['W000266'],[25263191],[25239556],25263191,25239556,23635,P2WPKH
fe86171fe46df127c282ec0a23c893dce8e58dd994d7d5bb0e484e32d5de38a8,2026-05-12 18:07:48,['W000096'],['W000283'],[89772155],[89715196],89772155,89715196,56959,P2PKH
60a20d1d1c39b90dd9ae0a25f6bb0d1a1e47af71d8481a5b4b2e71dde2fedf59,2026-05-03 16:53:07,['W000068'],['W000154'],[75668581],[75617562],75668581,75617562,51019,P2WSH
d6bbef7f4ffeaa02d25a771a7fe477852e517a52429a2b1f85c609913de1bfce,2026-05-17 00:39:05,['W000006'],"['W000088', 'W000123']",[219273528],"[146988145, 72217073]",219273528,219205218,68310,P2TR
ae7ad246b0ddedf43018426c0ad0cf22762af3606551928750b3883dd45716aa,2026-05-25 16:39:19,['W000173'],['W000179'],[69216116],[69161678],69216116,69161678,54438,P2WPKH
d37542a87a035b5572316665d2f0e71431178c5019cfd7d25b31457a6922c2b6,2026-05-13 13:00:14,['W000187'],"['W000268', 'W000121']",[51461437],"[24632407, 26752019]",51461437,51384426,77011,P2WPKH
19114c85474ed7ac5da98574282c659b24e37d7c12accbb8bb2e80866bd03e68,2026-05-19 13:41:43,['W000266'],['W000012'],[51830983],[51813864],51830983,51813864,17119,P2SH
1faf2c54155ce0c3e0dba2d38dc185800bf96f661bb0f5d761457c6842410d58,2026-05-01 06:40:21,['W000080'],['W000122'],[177625418],[177426716],177625418,177426716,198702,P2SH
c904f066efb370b094294d0e9a377f101a0e604afbb875c7e606d2850cde1e5c,2026-05-28 16:46:16,['W000168'],['W000257'],[444054226],[443532587],444054226,443532587,521639,P2SH
a170591c4a75cd419cc7ffc38512986432333297fa387765330cc1e1b42f81ca,2026-05-25 07:55:03,['W000014'],['W000261'],[66377644],[66341175],66377644,66341175,36469,P2WSH
e59b4950a0f48fb39e29d9e5ff958eb9b1a7cdb165ea32c951baab1bf9a5cc80,2026-05-19 22:02:35,['W000251'],['W000069'],[173355647],[173117321],173355647,173117321,238326,P2PKH
9bee9f9a330bf4da285c22c11aca7160f9c4cf3a1b6918afe8a10fe75cf94937,2026-05-13 07:28:05,['W000186'],['W000204'],[23571110],[23552100],23571110,23552100,19010,P2TR
5bdc5c0fe804e98efaf2c92db25f49e2f1fbdf3661231327bb99bd8f6418f48a,2026-05-17 13:19:27,['W000238'],['W000077'],[89408106],[89374235],89408106,89374235,33871,P2PKH
83afcdc49dca74cbbbb2b657c1f1945aed51802da7cfe14ba3815c01d87fb176,2026-05-20 09:35:06,['W000169'],['W000212'],[220734869],[220578531],220734869,220578531,156338,P2PKH
c5924d2e64047b0b42075c93d868f7ed469b25e94a5d7c006a3a6250aca2ee26,2026-05-14 08:05:38,['W000157'],['W000179'],[433716872],[433584400],433716872,433584400,132472,P2WPKH
f4dadfed825434b7df56f0262ec4af62cf9ab4d31fd027227de15bd008e5927c,2026-05-23 17:09:50,['W000241'],['W000140'],[29992340],[29972491],29992340,29972491,19849,P2PKH
f2a0056c48e666f4df972d543dac74b12e1dc102387ef4cd58f01cb3619cc107,2026-05-16 20:35:24,['W000052'],['W000189'],[70288125],[70204999],70288125,70204999,83126,P2SH
282efafb49bc598a864ca7eed49d6458c4d7f2c710b0d56960b01551c34178c9,2026-05-11 22:20:43,['W000034'],['W000041'],[2868549],[2866790],2868549,2866790,1759,P2PKH
397e86689582e841a6c7b8278f8c56051adc3953c7147680ea517544fa05aa04,2026-05-08 03:24:09,['W000017'],['W000278'],[97000991],[96891836],97000991,96891836,109155,P2SH
be3d96c7fe7707dbe3fe1a160e049681eea5f4641a00c2de9f7322889c352508,2026-05-21 17:44:51,['W000091'],['W000152'],[75672391],[75627096],75672391,75627096,45295,P2WSH
3dd65a9315ae47a87c7c573474850c359cd6ed5a2363957a99ad386481e8dcf9,2026-05-04 23:13:40,['W000221'],['W000006'],[37128720],[37096013],37128720,37096013,32707,P2SH
374334e96b13c0807221f972c829c7c38dced2d90065487623aba415989c69f3,2026-05-09 10:49:03,['W000056'],['W000272'],[230936429],[230676635],230936429,230676635,259794,P2TR
6b661d39b926a0e129abdc997eb9dfc87cca34c0aaf521b719c4574c8441108f,2026-05-24 20:31:17,['W000133'],['W000060'],[68054664],[67962626],68054664,67962626,92038,P2WSH
19f47f27e645369ffddfabdf3b8ff80dc6351a498bca8cdd839fbb19520f9e4d,2026-05-03 08:55:46,['W000117'],['W000240'],[19403357],[19387291],19403357,19387291,16066,P2TR
052a82555f8b38bb146d6befba94d0adbd8c7b7242d03c7a6ebee8b74026f6ba,2026-05-25 17:33:19,['W000170'],['W000083'],[54140891],[54114997],54140891,54114997,25894,P2TR
fb3c5a68b94d13620b7a5d8232e9cd97b4c39f8e3e427d300311e280b43134e9,2026-05-23 15:05:21,['W000210'],['W000186'],[62147002],[62117319],62147002,62117319,29683,P2WPKH
134116257a6ad3eea3630221faec4a7e62aeb43cbdd781a69cbaa602959d776f,2026-05-17 20:23:48,['W000100'],['W000191'],[143151449],[143022175],143151449,143022175,129274,P2SH
70e5344f2067e4beddc78ee35e9303a1f1bfa29f81b9b498dd118d4ed6b09b2e,2026-05-22 16:24:46,['W000105'],['W000155'],[42650462],[42607993],42650462,42607993,42469,P2WSH
13d70fd22d9d8328f67a44559d14b546b97bfc2378772f7e3c066ad48cf6f0b0,2026-05-24 12:55:58,['W000239'],"['W000011', 'W000103']",[3191322],"[2620653, 566018]",3191322,3186671,4651,P2WSH
0c1ce6397c7bfc3c73017dd963c517896b50b9bdb540a32292caf0dcec975617,2026-05-24 16:10:18,['W000087'],['W000118'],[7518797],[7516165],7518797,7516165,2632,P2PKH
ecc771c6347e03dc02dfd59aebdee90647d7a932e7600c5d9fedfe0dd1f66b69,2026-05-13 11:05:40,['W000229'],['W000029'],[37824797],[37801991],37824797,37801991,22806,P2WSH
6ee68f4ef0381354dd7b34972a728a752663ccc76e50eeb76fcf08b9f31de923,2026-05-10 11:52:03,['W000108'],['W000127'],[153306665],[153197637],153306665,153197637,109028,P2TR
1d5ac3840863b600eef19953cc8e678ba4f8454368e414c2c56ed3f769794a34,2026-05-02 23:56:04,['W000061'],['W000026'],[26405746],[26389493],26405746,26389493,16253,P2TR
d316bf5226f8a22417e8ca7e2f3938397114c90f115bf03c19f564b4c73849ac,2026-05-06 09:21:36,['W000281'],['W000078'],[114292186],[114245278],114292186,114245278,46908,P2WSH
eb2981987afe99522d650d5b4b2b4ce2b214e710e14e024ee260de1e9e1bc0b0,2026-05-02 07:46:31,['W000279'],['W000032'],[309196066],[308765727],309196066,308765727,430339,P2SH
27b7200e90e7603527cfd734464075200017180a97674b538823963f049ff30a,2026-05-17 22:14:28,['W000150'],"['W000233', 'W000095']",[65670935],"[42100553, 23537872]",65670935,65638425,32510,P2PKH
33f1f605ac97a09de83ddd8316c12a515c429e7923b0306bb64d302b2a7f8512,2026-05-07 17:17:38,['W000267'],"['W000124', 'W000175']",[18889048],"[9572443, 9306109]",18889048,18878552,10496,P2TR
8af1d6bc03b6b2e30f553c3e8159b0a4f0c9680b78067b669cec4116ac07c271,2026-05-19 23:47:34,['W000267'],['W000088'],[20474212],[20449912],20474212,20449912,24300,P2PKH
84ff49384a1ce686a49b5618389d99029e416dc29bb07a1b21b18a9481593f1f,2026-05-01 04:33:34,['W000229'],['W000188'],[543815327],[543209394],543815327,543209394,605933,P2SH
fee33c8178f45c55a3866a8715a34ed9c4eab3f2d123a49eb7e70730b3a1d3a2,2026-05-02 06:21:17,['W000107'],['W000142'],[78621718],[78504987],78621718,78504987,116731,P2TR
acb5e35ed325ca301c5f8851dc4b30a288234d0d730c7a3551dafcffe4ecb3a9,2026-05-24 23:24:03,['W000219'],['W000109'],[24186428],[24166492],24186428,24166492,19936,P2TR
9b8c9703a4df523354e01bf6ba0917b477d2e9a2ea461a1f5bcc4403e3cc811e,2026-05-18 16:34:54,['W000178'],['W000190'],[51367093],[51294049],51367093,51294049,73044,P2WPKH
94eb27a4f02baaf2fc0f65188311268e518cc8faa5fb8f360171e8c4c6d0eee7,2026-05-22 22:26:45,['W000285'],"['W000090', 'W000179']",[113850097],"[43809911, 69946333]",113850097,113756244,93853,P2TR
6da883aef60c7db0bfb9e9546b7b42c944d7f3dae6d047a785d54d0dca25ea4f,2026-05-23 12:33:05,['W000212'],"['W000173', 'W000035']",[9619335],"[2816466, 6795218]",9619335,9611684,7651,P2WSH
54a88cdefc4c1b12f1003377590e990c855874975d5359a500ad3bde4dd92526,2026-05-15 12:49:52,['W000204'],['W000004'],[129216540],[129056487],129216540,129056487,160053,P2SH
682ca745e9c71f6c1c3be891afaf4792355e147c5f28013fc0ab8aa820e228c0,2026-05-30 19:59:44,['W000081'],['W000057'],[4775459],[4773027],4775459,4773027,2432,P2WPKH
2fd1958ba193dcab7b0a297c9d2d20581c48542eb06bd7e99c68a205ba3da9d5,2026-05-05 17:38:53,['W000068'],['W000170'],[11998424],[11984313],11998424,11984313,14111,P2TR
ba04e351549a93f94eb1c7f5eeb79f706840161dab15e372aeb796d111583ccf,2026-05-16 14:47:59,['W000041'],['W000023'],[179944331],[179863896],179944331,179863896,80435,P2WPKH
d99da1ff75d0bae079b294deedee4e40704357b9178922ebd52ee76db52b5fac,2026-05-31 00:32:53,['W000232'],"['W000138', 'W000032']",[77910652],"[36874719, 40979126]",77910652,77853845,56807,P2WPKH
cf0dcee8c239b7572c212d16b4cac38d6bda8b2d75df4026b8fc514abf08925d,2026-05-16 17:59:24,['W000169'],"['W000160', 'W000062']",[4702470],"[1453211, 3245763]",4702470,4698974,3496,P2WSH
5811ea01073a1a3e0b2939595a50319641b51ca0adcfd2c908de54dc102729bd,2026-05-29 11:51:32,['W000142'],['W000188'],[109757365],[109610872],109757365,109610872,146493,P2SH
cfa4d562b9cc2fde540e93d17211d12a477dbac1d494662a79e0d8ae9103bd10,2026-05-29 07:16:29,['W000068'],"['W000214', 'W000057']",[144030339],"[129223986, 14687967]",144030339,143911953,118386,P2PKH
638c10778b56cf240be44e623d607b4d5d3193b1dad6ad155cb5745db4a9b85a,2026-05-18 17:46:05,['W000197'],['W000172'],[253707971],[253552290],253707971,253552290,155681,P2SH
e3244d13631af9178b435125cbd581770b3f7089db0ea4f926d2a0da63fc0f64,2026-05-27 05:51:31,['W000243'],"['W000272', 'W000256']",[62907844],"[34441035, 28396546]",62907844,62837581,70263,P2PKH
aa47af3e81b1b3013494af7c835d5d7dee7875dcbc134843f075bf76f4e4e29b,2026-05-04 22:59:53,['W000227'],['W000240'],[17512257],[17501961],17512257,17501961,10296,P2TR
64a51c7fedc485b694459beb6127ae35f78908bffa8f21aee0170740740821f1,2026-05-30 07:23:23,['W000252'],['W000289'],[79719170],[79618608],79719170,79618608,100562,P2SH
44a8ebd313d0db9335b105752427925066e567b841386cdf82539092cf9a5bf6,2026-05-02 16:40:48,['W000115'],"['W000031', 'W000176']",[114347956],"[53354479, 60871475]",114347956,114225954,122002,P2WSH
7e113126d8c10f240f1442d878262ce8f22d13e03a7506d0780f2005b9d1b0ba,2026-05-31 11:52:18,['W000172'],['W000251'],[97640451],[97590575],97640451,97590575,49876,P2PKH
5c6d3aa15aebcb9f5bae2cb41c870e3882966d6a268edff1e8b8c9984ab6648d,2026-05-11 08:15:41,['W000200'],['W000066'],[7009691],[7007220],7009691,7007220,2471,P2PKH
de924ad3b05ccdc823f68d6d5db7f58b4d48fb23db82afabae40cfc90de85e3e,2026-05-28 08:25:54,['W000043'],['W000262'],[34630228],[34589284],34630228,34589284,40944,P2WSH
27bed6a178bd15d373040551bca3d9bddad2e6a0c2c5b7f6badef11e3760b5bc,2026-05-22 17:41:16,['W000185'],['W000300'],[26709055],[26691394],26709055,26691394,17661,P2WPKH
14127509ae42a953cb397ad46a34e82fd97c2c0376576b43063be16e0709edf9,2026-05-07 12:51:21,['W000262'],['W000275'],[88147092],[88027060],88147092,88027060,120032,P2TR
62f0c9c04e9d2e8e149d1e6ebd0fd910a5dc2434e2c5d5f2e5a970dd8518f61e,2026-05-11 20:45:26,['W000224'],['W000257'],[32428672],[32400075],32428672,32400075,28597,P2SH
9fb3b063e5a3496f64016b9f414afaa749d7d46a15402a39926353b04abee43e,2026-05-26 14:03:50,['W000108'],['W000051'],[18885717],[18859343],18885717,18859343,26374,P2PKH
fdb7476a5dd0e8cd645a97725252cfa2e97733e5dc168dec3925f9e5f8edafb9,2026-05-12 11:12:08,['W000083'],['W000287'],[106184518],[106125938],106184518,106125938,58580,P2WPKH
71b9938b08cfaed6fabd6475504605b425766a8958c27868fea11ab8bf2d43b9,2026-05-28 00:41:15,['W000268'],"['W000290', 'W000265', 'W000048']",[103203943],"[48743983, 32706073, 21661386]",103203943,103111442,92501,P2TR
21ca997cd1c05d15832c05362f801edfaa0f708abfb6d1f715860a3664e28c37,2026-05-07 04:41:09,['W000007'],['W000298'],[79169429],[79072034],79169429,79072034,97395,P2PKH
99cd10a34c0a75dc28eeafdb626c8349e075d9f417fadce0d1f54c329da7fb5b,2026-05-24 07:22:55,['W000258'],['W000015'],[19401753],[19374175],19401753,19374175,27578,P2PKH
1521d338ae09798597383036597c36c3d9c68af46243c3c1bcd2e31a2809f591,2026-05-15 02:53:54,['W000185'],['W000020'],[45791620],[45758339],45791620,45758339,33281,P2TR
c8456b56f6760bd4f07e9916e529c943450f55a241840dc18977631a095489b7,2026-05-22 05:48:51,['W000200'],['W000065'],[25023585],[25005031],25023585,25005031,18554,P2PKH
b591f826e0da19303b795da1f77ca4b4e872c0a1650c21d5d148fa2b882316fe,2026-05-22 21:29:11,['W000047'],['W000189'],[55246298],[55168343],55246298,55168343,77955,P2PKH
ff319492a2d3d78d8e32672da25f3ae01efbdade1988a19b589442e42f5137d4,2026-05-29 22:06:11,['W000267'],"['W000106', 'W000045']",[15437885],"[980749, 14451819]",15437885,15432568,5317,P2WSH
cc2378a7d3ac73fb6bbfac0ef5219df3f7f10029d2a84707ea49ec39974e8787,2026-05-18 04:19:26,['W000028'],['W000175'],[29409325],[29370681],29409325,29370681,38644,P2SH
ecf6b40bf1347c907713af080ea42a07aec4d5b52bfc88b7219fd07d6e333691,2026-05-09 01:33:00,['W000074'],['W000023'],[17848130],[17834932],17848130,17834932,13198,P2TR
099b7cc559cc8771633878abef57bb28505700c8eb0aae578785c85cbe82cb0a,2026-05-04 08:30:04,['W000056'],['W000064'],[9817111],[9807063],9817111,9807063,10048,P2SH
29d8d90153dfbfc9903519da70b424db8c406aefc6aa16a093ebb3df4e4424f7,2026-05-27 14:32:07,['W000014'],['W000264'],[23232074],[23197616],23232074,23197616,34458,P2SH
931c27d613b97e5805834af9039a62c78baccd5f5239e44511b6720ee8b0fa55,2026-05-17 23:07:42,['W000150'],"['W000030', 'W000157']",[21061421],"[9412031, 11630053]",21061421,21042084,19337,P2TR
cc0877bdad7b0e238f9525e11fa14023ac5f7bec1bc87490806d2f40b81c98e6,2026-05-26 08:41:05,['W000134'],['W000056'],[50274731],[50222431],50274731,50222431,52300,P2SH
be5140959495392c41a28c82435f923bb58cfb590a68459866f2847860285d77,2026-05-04 13:54:43,['W000287'],['W000180'],[52988375],[52936698],52988375,52936698,51677,P2SH
a5fd00dc9d84685347e715124b44cc0bd19647c9053781255cdf50ba5575bdf9,2026-05-08 11:03:57,['W000269'],"['W000137', 'W000021']",[20818512],"[7053720, 13757849]",20818512,20811569,6943,P2WSH
e66e0dd364a65bb7171928197c19f42ac68688b7700ad3ed42abe0a772a813b4,2026-05-31 22:07:33,['W000055'],"['W000075', 'W000231']",[39365302],"[14141778, 25209677]",39365302,39351455,13847,P2WSH
dc92f4274932eefde61c3d51d9a6720e23f29ce56e7b6405bcbef0946198de7f,2026-05-07 10:06:00,['W000190'],['W000205'],[12396127],[12391014],12396127,12391014,5113,P2TR
5669eb0edad67076ef39280041e2bf70f83cadcdce536004df8d3812b6aa048c,2026-05-07 19:39:24,['W000068'],['W000088'],[116781921],[116741024],116781921,116741024,40897,P2PKH
2cd1c5e59d2d8983d522a63673303b56c9f8923e845e7023e30b9e4be2ca670c,2026-05-19 13:05:47,['W000238'],['W000267'],[30029199],[29986313],30029199,29986313,42886,P2WSH
1fc8cfbdc1d529369d4f4293295670844a38e97edc9686da6a8862066a6b37c4,2026-05-06 21:36:27,['W000222'],['W000056'],[111003299],[110890733],111003299,110890733,112566,P2WPKH
f77cac44fc31b782c9b36ae41fec90e6ee13d4171a1c06cbd17fbd3021b25cbf,2026-05-09 06:47:51,['W000151'],"['W000071', 'W000216']",[30104849],"[15851890, 14225750]",30104849,30077640,27209,P2WSH
ba0567fb65b166fbf44d9407bfcd068955f132dfb4456a2c80dc73c0004479de,2026-05-06 03:20:37,['W000269'],['W000218'],[55657426],[55606648],55657426,55606648,50778,P2WSH
cd286ff9f9b213be497dc328506fb6aa0a4693b55a9298c824276bba3c2fa303,2026-05-20 00:01:22,['W000230'],['W000224'],[23669100],[23637886],23669100,23637886,31214,P2WPKH
f4af3d424d6114712d157cd2c7037eadf6755cb772a9a141491b0d2687bcd146,2026-05-06 09:37:40,['W000177'],['W000086'],[42028330],[41989440],42028330,41989440,38890,P2WSH
7caf6b5e472a0dcbaf46d971710eb0dc1a429b753d5decdc180fd9cffef15ca0,2026-05-25 06:05:55,['W000157'],['W000149'],[35292429],[35251346],35292429,35251346,41083,P2SH
18cf80d57579564a2fc6aad4dd000ce02e73ec662599f6631d692f3e1be6675c,2026-05-11 10:35:06,['W000070'],"['W000158', 'W000172']",[90021760],"[68378064, 21510193]",90021760,89888257,133503,P2TR
e9cc890cf07bf31a0431316361f33537f4f5b5dfc19e54b1a365691b6856f0c6,2026-05-10 19:09:15,['W000120'],['W000205'],[9312201],[9304024],9312201,9304024,8177,P2PKH
85359683665e4e53233362951f38cf809ebd73507eebab8f2c3f3d547c201729,2026-05-11 06:50:21,['W000036'],['W000141'],[37624724],[37598182],37624724,37598182,26542,P2TR
e24cbabf28102028afbbf0c5a6f1753c75aa7835e09af8e2ada9e6041a415ca3,2026-05-29 01:42:27,['W000136'],['W000019'],[15563344],[15546026],15563344,15546026,17318,P2WPKH
36a3e873fbb1735e6f16eff40d432a1696f73c8abed1e35822b3139a9e1f5375,2026-05-10 14:18:12,['W000085'],['W000229'],[48432855],[48400344],48432855,48400344,32511,P2PKH
61cfca9389dbb1abf41c81760789f487f6c0861b4e3b75bcd8f19efc8baaab5c,2026-05-21 23:10:10,['W000150'],['W000114'],[17171255],[17151051],17171255,17151051,20204,P2PKH
8823f09cba0ef5640188b158704a58357ad1e2a8f0178dfc2de9ecb33a81c602,2026-05-28 01:42:17,['W000150'],['W000174'],[16032841],[16012186],16032841,16012186,20655,P2WPKH
840d0803f4ea9346fcfa213bf63ba52062e62b3b5b0b5da62605516004d69a57,2026-05-26 13:42:12,['W000165'],['W000192'],[8598924],[8591803],8598924,8591803,7121,P2TR
b622dad7ae9c5bf6f39a6f756ca3263a2b40527cc9bef0993bc65be2fbd2f774,2026-05-02 13:53:56,['W000066'],['W000181'],[395827798],[395297537],395827798,395297537,530261,P2WPKH
be57b7d961c0ab84e9ec740020a9067c378c4d8633407945ac8c00b48a702264,2026-05-02 13:13:25,['W000063'],['W000049'],[88679295],[88600492],88679295,88600492,78803,P2SH
a57ab0416564c6f9aff10593b0228be679ac8cef68da40ac0e768672da573bb7,2026-05-27 14:02:43,['W000244'],['W000036'],[141886061],[141727571],141886061,141727571,158490,P2PKH
bc72bb820433e880e68d35b94844e0f72a90c2fde575c942ab29b365b4a610c0,2026-05-14 14:56:50,['W000102'],['W000105'],[174279669],[174092678],174279669,174092678,186991,P2TR
057b50ea05cc9c242047da9e0751145d292bac0cba5aa907f772007d03da9611,2026-05-18 04:06:36,['W000019'],['W000194'],[77033735],[76918479],77033735,76918479,115256,P2TR
a643520d367b5fe6ecf85dc985feab31aca01fe204abf11112f5e6fb0be95b08,2026-05-05 01:37:40,['W000045'],"['W000279', 'W000164', 'W000161']",[92331084],"[20113423, 36656663, 35460580]",92331084,92230666,100418,P2PKH
62f58209c4a2eb8642929dcccd3914ce5cc8bff687122651dec96d89a0bd4269,2026-05-21 18:07:15,['W000182'],['W000103'],[79718239],[79617842],79718239,79617842,100397,P2TR
08e23a160bb4b54fea3b4cd063a93a438c44dc4abe04bb9fdf311e947f01d18a,2026-05-23 18:16:54,['W000149'],['W000152'],[469485578],[469226441],469485578,469226441,259137,P2WSH
1114b94bdac7837792b7e25a937ec3f7ee95400f3a48993e6f49f57e33d549cd,2026-05-18 03:29:34,['W000238'],['W000195'],[52479858],[52412015],52479858,52412015,67843,P2WPKH
a6a02a06725100491da6c4955880b0d720d7e7114ee0b1c441fc16746cf270fe,2026-05-08 04:24:45,['W000219'],['W000025'],[38588842],[38570971],38588842,38570971,17871,P2WPKH
26281f50b81f6d1e2bc8df3346c4bec7fbab4b8a97557a0021379455f8d4249b,2026-05-26 06:17:37,['W000146'],['W000108'],[12719684],[12715787],12719684,12715787,3897,P2PKH
93d7d70b21324ba447136bf2b61981c224d6e4e9caa22f892a63e06aed37f3a4,2026-05-30 15:06:40,['W000274'],['W000066'],[18309160],[18282683],18309160,18282683,26477,P2WSH
93c6bb88016a75a1d80e2a64083de461f2aff9853471fd0bdc305a836ab4bf19,2026-05-26 03:53:58,['W000116'],['W000208'],[155898544],[155674402],155898544,155674402,224142,P2SH
59ea79b0849e7e4d71a65b79e34f6cc40a048928da7ddb70f639d9bdf77574d9,2026-05-18 22:57:29,['W000033'],['W000267'],[154680308],[154517701],154680308,154517701,162607,P2WPKH
825e21cfd399f9b18fe03e9bfd0b1798494f18a8538fddcf826e397800a6159a,2026-05-12 08:56:54,['W000171'],['W000104'],[38090483],[38058677],38090483,38058677,31806,P2WPKH
dbf1eb5b7980b20d640bf5db30a755a778d6621a916873ec05c14e5ca3f74ae6,2026-05-02 22:35:13,['W000180'],['W000034'],[42233415],[42201821],42233415,42201821,31594,P2TR
641977abbad10f9acc1feabf63790dd120c7deb7b508be27cae92d1b2e9e787b,2026-05-24 06:26:50,['W000252'],['W000158'],[18244402],[18220630],18244402,18220630,23772,P2SH
5fa2624fb469e927e25bb547a5d9caa3b46766ff80a8c15c335c0d5bf3a9c317,2026-05-18 19:13:06,['W000216'],['W000022'],[334968626],[334782115],334968626,334782115,186511,P2WSH
bdac1ee86bd3aeb930a317751529400bf09684f8bfff8221271b7ce4c5c25679,2026-05-03 16:02:38,['W000007'],['W000142'],[16612386],[16593764],16612386,16593764,18622,P2WSH
cce5e90c7a0b988e880906df28c85a84bebee5cc70036d8cdc51bcda6bb21f80,2026-05-18 11:00:32,['W000050'],['W000258'],[246114406],[245829068],246114406,245829068,285338,P2TR
4bae6ef23ca648adb64f9bfa8179fb5818446caf35c9d10bb490c730f0127c2e,2026-05-30 17:11:21,['W000028'],"['W000092', 'W000117']",[95318326],"[3529512, 91661816]",95318326,95191328,126998,P2SH
54d40e0b6f4161e049f9ec0e4be5685f6a842005e358d44813fc9135c11b2d3b,2026-05-07 18:53:27,['W000134'],['W000141'],[51407344],[51378597],51407344,51378597,28747,P2SH
9301ad4f7c95ff47a60e4248c6f4924d68c2ae9f943cd0ae4ae67f2c3d82b126,2026-05-27 05:04:42,['W000139'],['W000299'],[7282253],[7273316],7282253,7273316,8937,P2SH
e98cceda626f02aa2ccfd81c7ec4051b31c6b89f94e6db1b6e439d14fda67f62,2026-05-15 13:33:00,['W000165'],['W000035'],[397867315],[397481318],397867315,397481318,385997,P2TR
8ff658d6b133168f4150229731c2ca74fd615593ceeaafab3ee12e1bb08e0a00,2026-05-14 13:50:09,['W000054'],"['W000232', 'W000017']",[9395348],"[3112698, 6271682]",9395348,9384380,10968,P2SH
d482caf35aa9551e98e0257574c1fba550c7c99642673e127b28754697a995b3,2026-05-05 18:48:52,['W000018'],['W000255'],[64115413],[64089493],64115413,64089493,25920,P2WSH
53e5d09c0491e1012f559ebf7f653ec4251548b15b54c35758ff85562641644a,2026-05-29 11:39:00,['W000200'],['W000216'],[24882348],[24872140],24882348,24872140,10208,P2WPKH
72bbc91f72ee43bcab98f08b54c2161ded9c994383e50faa9f3e0a9626941adf,2026-05-22 18:36:20,['W000237'],['W000239'],[337536545],[337235738],337536545,337235738,300807,P2WSH
b587a2016ee605925ee59e4dc5911098ab48dc623ffe8f9f0de383d7520449ea,2026-05-15 20:36:49,['W000173'],['W000260'],[8929219],[8921176],8929219,8921176,8043,P2PKH
40ed3e408703a6141f557549268e56eae9f57a44d43a4ab8465bd8522280b644,2026-05-30 04:16:36,['W000262'],['W000140'],[65425029],[65348741],65425029,65348741,76288,P2SH
1b4f7c49c8d6eec29c73623764101d7b25ba2d052c932211a6eab99e67c748a0,2026-05-14 22:19:02,['W000168'],['W000199'],[133722082],[133562058],133722082,133562058,160024,P2WSH
7ba4923a744a65bc874979ffb8a2fe3c153d64ffd9859aed63c4afcf4e4a8b03,2026-05-01 03:31:21,['W000300'],['W000162'],[24747238],[24736903],24747238,24736903,10335,P2TR
e9e097dccd47a60449fd18403f30363c897556f6dc5078def7657e3e9b49e3d8,2026-05-10 18:41:18,['W000285'],"['W000258', 'W000031', 'W000247']",[24500496],"[9120493, 6727541, 8622830]",24500496,24470864,29632,P2WPKH
0392413858b35234f733a3c09be327a599b9d94396a0a1e0957e4de1d4fb7277,2026-05-21 20:29:14,['W000284'],['W000283'],[107553684],[107502104],107553684,107502104,51580,P2TR
0736e666a14f539ef36ad58bdd35be4b9c2f077078e13c8aeedede403e67813b,2026-05-12 07:16:59,['W000185'],['W000269'],[37580973],[37561739],37580973,37561739,19234,P2TR
7d18a1a55798317bee994c9055dcb13079a60035d47591017845289d53881de2,2026-05-22 19:43:57,['W000207'],['W000229'],[173234036],[173042643],173234036,173042643,191393,P2SH
47f72f3d1a6fe9784ec65f95e34c72163be228a04ed2b8d78a4a63197f3cf718,2026-05-11 13:03:56,['W000017'],['W000250'],[16828691],[16820810],16828691,16820810,7881,P2PKH
5557b4a0f235df50c52621b02c755c3337f7bdd3ced749acad0448b6f824043e,2026-05-30 09:38:08,['W000057'],['W000211'],[83907266],[83879936],83907266,83879936,27330,P2SH
bbe3335ef2e8b535980368925a08f76bd91811996a7a47353d10a4d29ec6aac9,2026-05-20 06:14:03,['W000268'],['W000239'],[546740997],[546232744],546740997,546232744,508253,P2PKH
ac7660d48049dc99a36882d2f343b297d2316b55e162adac5e3d48131bb0c7a7,2026-05-11 20:22:59,['W000177'],['W000251'],[40869269],[40845491],40869269,40845491,23778,P2WSH
48de6181f7fa7f07b76cfcf533631332e596ab5ff928700a7c05906d06392323,2026-05-12 17:54:09,['W000122'],"['W000006', 'W000076']",[59420718],"[54911069, 4430782]",59420718,59341851,78867,P2WSH
4243bafcdd5f14fb9f6374e8a22a7e13f59cb8578701e34e21e0d1e506cc0f18,2026-05-26 00:51:33,['W000037'],['W000256'],[173150919],[173022937],173150919,173022937,127982,P2WPKH
256554fba2b0d90d4f06d59335525dd9dc826ea1be98509fc052a18511f01501,2026-05-27 00:34:55,['W000159'],['W000043'],[62723462],[62674386],62723462,62674386,49076,P2TR
b3d1f8ec1750599a4677941fcab99b15b02b303144326505a834d97e41426f2a,2026-05-17 22:52:42,['W000223'],['W000034'],[13876810],[13857603],13876810,13857603,19207,P2PKH
e5958cdba699e83598af4002a3627a8139a3feb4722f442f3d329fc7121111b4,2026-05-14 08:51:30,['W000161'],"['W000267', 'W000298']",[43334697],"[41949620, 1331474]",43334697,43281094,53603,P2SH
28c9915b8506a182f14c080db80a6bf394e79e8e3d10512c2dfa9ebe046d4dfa,2026-05-06 04:28:18,['W000300'],['W000210'],[77546091],[77492496],77546091,77492496,53595,P2TR
b1ff9e04fcc5545221fb7e6877eb29be6a0af332ae5d4f901de8d362a4d62ee9,2026-05-23 06:50:19,['W000036'],['W000097'],[428087008],[427469075],428087008,427469075,617933,P2WPKH
5094da6ca04f916607a25a1240178298c09cc8029083f4f497dadfa89895a446,2026-05-20 01:17:30,['W000004'],['W000160'],[27257058],[27220783],27257058,27220783,36275,P2SH
3304d05d2425e7f150622908318113ab53fc932b963cb00de95f7cefa0370bb3,2026-05-17 22:30:22,['W000011'],['W000186'],[125419420],[125300850],125419420,125300850,118570,P2TR
1a7be30916d3e5d4518a46c172efef7fc32d721cce2870b60d96e56a031fe524,2026-05-01 21:17:48,['W000064'],"['W000218', 'W000141']",[56533224],"[35155107, 21344119]",56533224,56499226,33998,P2SH
09dba1b9bcf078425b9aa8e0b78c100ba52eb6db7b47b73db3e1fcab8afa6349,2026-05-22 20:18:32,['W000099'],"['W000284', 'W000056']",[232978901],"[96694008, 135941510]",232978901,232635518,343383,P2SH
a54926bd6d8e1b413cb72651d4f4d584a4446a5852ea772d083df2035a685826,2026-05-13 19:53:45,['W000079'],['W000208'],[23609128],[23574892],23609128,23574892,34236,P2TR
6299dd15a22fdf865077052c9f40edf2226560ab23888a61ffeff280a0f9bd5c,2026-05-28 04:14:04,['W000026'],"['W000234', 'W000142']",[108637658],"[37653868, 70823458]",108637658,108477326,160332,P2PKH
3505adf30d596cbb2e5c39eeb8645fa12437cf897f165818a8807b8bf2248a67,2026-05-23 01:06:58,['W000048'],['W000210'],[178213091],[178076034],178213091,178076034,137057,P2TR
3a5a4fada76b679a215e66854920f4124985134747bbc55930b1c83f0758b017,2026-05-25 02:12:35,['W000218'],['W000181'],[72299497],[72253379],72299497,72253379,46118,P2SH
a6c960f0ed6fd4fb31114be9da38280d53db5b6f7785ab46e4c7c24d1365ebd9,2026-05-05 16:39:24,['W000160'],['W000083'],[59229049],[59173078],59229049,59173078,55971,P2PKH
aa40f6fc29b4b841f44518dfba252dd4d48f6fa9b022c3d1b0688667b5cd7e4d,2026-05-06 12:26:59,['W000056'],"['W000003', 'W000085']",[50893471],"[20429568, 30388905]",50893471,50818473,74998,P2TR
271947de943805c7998d342c88ffd6ebcbf15bb2e16787227cc5988feede4d6f,2026-05-10 13:33:18,['W000062'],['W000162'],[155460706],[155330599],155460706,155330599,130107,P2WSH
2c41f257454606dcf55826d22edaa7852ffa44345f650f87fe7cae715315c34b,2026-05-20 18:34:10,['W000175'],['W000029'],[35788387],[35766376],35788387,35766376,22011,P2WPKH
6ed0329b23b9497952d4a58596943591b022a2151fa3ea2c56b8665b7156a9eb,2026-05-18 22:04:02,['W000067'],['W000223'],[18665677],[18641153],18665677,18641153,24524,P2PKH
0b4b4b3ec81a316df4b897f8c84920c27bcdeb4abf5e2ef4cde6c1bf3c07ff7d,2026-05-18 10:44:46,['W000196'],['W000142'],[39217817],[39159286],39217817,39159286,58531,P2WPKH
a41d7d7c6ddecfbc87865e6a76ba3dc298a135b7359f5cf5b21a933bbb5d3d78,2026-05-04 11:32:21,['W000252'],['W000008'],[85331453],[85240079],85331453,85240079,91374,P2WPKH
a45b7e2971ccf08a43aef5cc4fb0a4a2511baba36221730aa17487d7243ae99f,2026-05-29 20:57:14,['W000202'],['W000266'],[21639417],[21609947],21639417,21609947,29470,P2WSH
f3e34c67a2168e6e689820687dcd8943415762a4baca0b42fe84a80cb99e7449,2026-05-16 03:11:31,['W000198'],"['W000002', 'W000121']",[87987321],"[14882246, 73013779]",87987321,87896025,91296,P2TR
f72322feb3e26cd20824d482485df433dc8169a0ef6db2afcadf06d604089f95,2026-05-23 04:25:06,['W000094'],['W000256'],[26453475],[26437231],26453475,26437231,16244,P2SH
82a9286e19d439f5dbf75bfab9fa89aa97298d13416d83e2f66f07b9f005f3d1,2026-05-08 23:25:45,['W000215'],['W000188'],[36977176],[36927869],36977176,36927869,49307,P2TR
9194e11968240cd56b691cfcc64f0cc8da84a4df707a7492a0a4971a3ed730a3,2026-05-21 10:16:43,['W000031'],['W000014'],[92303450],[92247486],92303450,92247486,55964,P2PKH
791665178ec21fcdcff20756dc241946cde24c9ee3ba58093d7584d7e139004b,2026-05-15 00:10:01,['W000089'],['W000022'],[42069374],[42048310],42069374,42048310,21064,P2TR
a213936a8a14167ec6fb0e310c252e5fb1f228966128290cb00ea32413d0fc84,2026-05-08 13:17:53,['W000167'],['W000249'],[25133975],[25107655],25133975,25107655,26320,P2WSH
f75957cb2f8cc15f0165cd855330f66ec0d28123f5a5ebc4b6516412f46a3d34,2026-05-10 19:10:11,['W000275'],['W000252'],[43916962],[43899556],43916962,43899556,17406,P2PKH
51689a0be0da2031238b0734c77e57eaa7d77375abb18f0a4816b52b3c0e03da,2026-05-15 00:09:11,['W000170'],['W000234'],[28311087],[28281584],28311087,28281584,29503,P2TR
d09faaff3bbf4cf2c251b2bde28ff1574a23e639f1ab3bdb97afde9a2a9a266c,2026-05-17 11:41:22,['W000089'],"['W000182', 'W000033']",[51171818],"[24264940, 26833464]",51171818,51098404,73414,P2PKH
19a345be264ef74bc4b6cf464e69a3919ab23905b0ac69573f849c33d1183246,2026-05-01 20:01:19,['W000280'],['W000040'],[201269213],[201171809],201269213,201171809,97404,P2WPKH
6a621d38518d8e6db766026745e2e39570bb34bf593ed4f4f28b6758dddc2022,2026-05-15 07:40:03,['W000136'],"['W000055', 'W000174']",[73164698],"[32577255, 40517771]",73164698,73095026,69672,P2WSH
cc0e195a7c374bf7d9bd82b6fb46347ffbe1e13d518bb6373c9841d8367b7e8e,2026-05-10 00:56:31,['W000101'],"['W000203', 'W000098']",[14442296],"[13621210, 813156]",14442296,14434366,7930,P2WSH
59723273de68ab254a2b12be891e746c299602416603e92ee682bc5d0d19fe7b,2026-05-18 04:26:54,['W000151'],['W000234'],[120452288],[120361089],120452288,120361089,91199,P2SH
d9c99ea1e0166ec9629741fcc05d16d1bffda14a699b85ed274c669897a84395,2026-05-24 09:13:28,['W000288'],['W000300'],[71760487],[71652969],71760487,71652969,107518,P2PKH
f4da53a0f95099efa35f630fe0088fb3a86830379bd8233efc1950767ddadd2b,2026-05-11 13:41:25,['W000232'],['W000105'],[12011511],[12002116],12011511,12002116,9395,P2WSH
b20ecae9faf668be7e4160b770c58221257bbe10e9c06127687bf23821af3bf2,2026-05-18 15:41:49,['W000149'],['W000041'],[15712161],[15706596],15712161,15706596,5565,P2SH
6e86a7409c44a0f0a903c022de15168516f5b7595b9096de0960ddc1dbb7ed0f,2026-05-30 14:29:50,['W000232'],['W000170'],[131792829],[131723505],131792829,131723505,69324,P2WPKH
ebcc0182247e5708d5095f288c1d849f04065b75b048296d729ed7cb76decfaa,2026-05-14 05:31:39,['W000025'],['W000061'],[11420851],[11413426],11420851,11413426,7425,P2WPKH
845e25aecda3b7b5dd93caf71d39ed8a5ef9a80d0f4e8b377fdeac0da6a01de9,2026-05-13 23:00:32,['W000113'],['W000092'],[38633192],[38620995],38633192,38620995,12197,P2WPKH
e8e409f63923723e6d8d66ca215b75c0e1201dd5638151e4aadce96d0f816558,2026-05-25 10:10:13,['W000091'],['W000051'],[63017504],[62939362],63017504,62939362,78142,P2WSH
4076f6372ca6834d66d3b89868cb84422accfe1e3d585419dff6ea4c386c8aa9,2026-05-29 11:48:35,['W000008'],['W000128'],[3574934],[3572497],3574934,3572497,2437,P2PKH
f669d9b392a628eefc57a5a08c3104521c04e21a256315d0aacc08b830b42fd2,2026-05-24 05:36:24,['W000177'],['W000093'],[91576149],[91544778],91576149,91544778,31371,P2PKH
22e29976519b7e42d90d97ba64c0da09cc63ad4da680447c04d747a95ceb5434,2026-05-13 04:55:46,['W000035'],['W000122'],[16074616],[16050757],16074616,16050757,23859,P2WPKH
bc2a9a8a7359d75ed8921f3434f40f9a201b1dd600ffc7c59c8c87f6085bc946,2026-05-17 15:10:40,['W000101'],['W000196'],[48679798],[48613691],48679798,48613691,66107,P2SH
99cd64bf05bbabd2a1e799385ce2dcc80d028120602c323efeb266349395e2b4,2026-05-16 18:48:29,['W000111'],['W000263'],[163892963],[163755912],163892963,163755912,137051,P2TR
7bd423d5fa51368f5babfcecb5dd7418151867808dce73f0acf41664db995f36,2026-05-06 18:58:37,['W000255'],['W000199'],[40354583],[40326813],40354583,40326813,27770,P2PKH
bb4716ba799fdd898cb498f27df3330e22a29cf1f826024459ecdc8fdca5ac91,2026-05-28 17:24:24,['W000059'],['W000179'],[81234319],[81193657],81234319,81193657,40662,P2SH
be56d82bbe7d1693d5a7da2ad69d39335aa018442ee531577beeb36e1b5100f8,2026-05-30 16:06:07,['W000222'],['W000157'],[37003321],[36965762],37003321,36965762,37559,P2WSH
374c8ed4781108e221479c99434188f2e7da78d213d5b1f7c4333eedffaebc63,2026-05-05 14:15:24,['W000232'],['W000214'],[100352346],[100313750],100352346,100313750,38596,P2TR
94c68866cb06252d36cc5c17c31c31125fb7f41f356b6e7e40ce7d3913fe55cc,2026-05-02 10:04:39,['W000215'],['W000095'],[49886194],[49824614],49886194,49824614,61580,P2PKH
e32ecb30f82a215836b41209631c67a8a685a8cfe1ef685990069e0eee8c46b3,2026-05-03 15:54:02,['W000114'],['W000249'],[578510392],[578282447],578510392,578282447,227945,P2PKH
dac39258bd789a9ad349f2a8412d47ed619593801241e70bd4c3b89519abab83,2026-05-07 18:17:27,['W000079'],['W000080'],[25511030],[25496510],25511030,25496510,14520,P2TR
a43f74702fa3beecd877758a891311d6f67951962d9b8afb0447a4a7667ef7f1,2026-05-20 00:07:53,['W000004'],['W000152'],[14435105],[14416088],14435105,14416088,19017,P2WSH
2e18296ec9129ff808840ac0c70ed8cf263a0f36e5dd37e0172b1ec0db9c254f,2026-05-08 12:50:59,['W000012'],['W000035'],[22087168],[22072624],22087168,22072624,14544,P2TR
7e53ae0f6c379e77f4009d86b9209d20e28dc9b8b4763f5605aef5f8c53fcbbb,2026-05-12 12:50:34,['W000112'],['W000150'],[289766822],[289436227],289766822,289436227,330595,P2WSH
5ce8882060d4cfc90b6ee8648f84ef684efb639b5a380524015b6616aaa2e771,2026-05-14 17:34:11,['W000123'],['W000088'],[32217204],[32185949],32217204,32185949,31255,P2PKH
a448e5641308f50b12797c7b7b95720016383143f7e4044a1b3e78f7e31b80ff,2026-05-14 06:04:37,['W000030'],['W000271'],[74939865],[74899775],74939865,74899775,40090,P2PKH
930f5f9c08d18c94697b1c80debcbc5c145b5acf45eefa1c9786f5b040f0d61a,2026-05-24 22:27:59,['W000265'],['W000061'],[26333534],[26312661],26333534,26312661,20873,P2TR
43d5eae600845555cbe4ce3f80d9a8bb226c5ebd1cdb432ac8d1ffd9a8e7f11d,2026-05-17 10:18:15,['W000267'],['W000175'],[410959653],[410796313],410959653,410796313,163340,P2PKH
4c0bccd49c3623d13c9a7f5cf0ed0ed8501ccc16c354e801c900a74296accb63,2026-05-25 17:27:40,['W000084'],['W000008'],[19811594],[19785464],19811594,19785464,26130,P2SH
f736e89c9352ca67ed55819df4c6f7f0c4ab26ae50de2b8b35c8c9eba91fb782,2026-05-20 06:35:19,['W000288'],['W000238'],[65370671],[65314306],65370671,65314306,56365,P2WSH
7aab61ad5454530a9782d34ecdc554c7757de6b0c9205dfbe6ec36b6df3f2c86,2026-05-01 01:57:03,['W000285'],"['W000085', 'W000049', 'W000111']",[26698143],"[3929394, 12801671, 9958399]",26698143,26689464,8679,P2WPKH
da8ddcc8bea605c068c76fb6f9bebfb243ceb0b4ba53670a3b6749c1aed8ebd2,2026-05-29 03:19:52,['W000009'],['W000048'],[77342008],[77295906],77342008,77295906,46102,P2WPKH
b91464e19776a068af58b8f12dc647be182e62d85696e9e8cb1178e1e7798741,2026-05-04 10:10:45,['W000245'],['W000055'],[28505636],[28467845],28505636,28467845,37791,P2WPKH
d14f341f6b5f17a7dfe2ecb5494335c552b6331ce75584bf8edb3bb752a986ed,2026-05-13 10:22:11,['W000029'],['W000227'],[51244082],[51180713],51244082,51180713,63369,P2WSH
007398eea5d95072ca7fc25430c0ad3d554ed53a67e20ca19904d71b4354bf87,2026-05-24 03:49:28,['W000081'],['W000015'],[148265124],[148177449],148265124,148177449,87675,P2WSH
1929521c1f40605949d32f5e671d2c867082fa5ee30d42b7b8cfe13fa977d695,2026-05-19 20:22:22,['W000178'],['W000143'],[16671955],[16657800],16671955,16657800,14155,P2WPKH
17b9663e53231d1e5bd73b1ec672dd7c003c38f27e1bcefcab1d274036c81342,2026-05-18 19:50:40,['W000299'],['W000096'],[7718727],[7712147],7718727,7712147,6580,P2PKH
bbcbfab4ca39dbe6235089d9dc7bafbe92df5e44580f507ac941e0bd939036be,2026-05-13 06:36:50,['W000105'],['W000075'],[13523230],[13510407],13523230,13510407,12823,P2SH
91a7b2eda48c9c488b84913936904f46741057994057a4c7fffe9532129b053d,2026-05-27 21:37:31,['W000159'],['W000299'],[33396563],[33372440],33396563,33372440,24123,P2TR
87a1961c29740b9eeab75234c54e12a62530d2e9e4900c7ff2208c9f9cbf0d54,2026-05-26 07:48:22,['W000216'],"['W000273', 'W000278']",[31014823],"[26003196, 4986952]",31014823,30990148,24675,P2SH
e414e2702676612a087f947b7980d6d61fc2de4b04989b5604cdd860a815dcfa,2026-05-31 21:36:45,['W000136'],['W000133'],[39224075],[39210640],39224075,39210640,13435,P2PKH
a32079062cfafa7fbebf648c1c22637fabdb88fc2117e9fa1ce9063dcd6bc442,2026-05-22 10:51:19,['W000265'],"['W000189', 'W000013']",[11819111],"[1467688, 10334816]",11819111,11802504,16607,P2PKH
ebbbc75d6c291a9fa1f434a0492b2694143c738296c2e00b75ec18c1151f3f0d,2026-05-15 05:19:18,['W000200'],['W000245'],[63324814],[63241934],63324814,63241934,82880,P2SH
d140b329f3f2679be74367ec7d219c81aafa4a54bcfcf2b1a5c30831e125efc9,2026-05-16 11:05:12,['W000152'],['W000258'],[72547275],[72516656],72547275,72516656,30619,P2WSH
d4e8c9149c123240ecedd1d25284cfd8b798634f8a53ddd6968d35951df4c399,2026-05-22 15:31:46,['W000215'],['W000010'],[67221365],[67183825],67221365,67183825,37540,P2WPKH
f64bd4ab56f815836b5022ea47e610c9c7f43b2759a0869a93483cbb606c37ba,2026-05-17 19:38:33,['W000233'],['W000176'],[40967597],[40940666],40967597,40940666,26931,P2PKH
4b9b9ad0cb9dd839451aebf648440ada76d297a0af5d843b281904c05da80c0f,2026-05-19 02:31:48,['W000223'],['W000096'],[29445675],[29429347],29445675,29429347,16328,P2PKH
0617a248eb231187c6c3083abf097ebb62b1ac9af170918d5621968cbbffbadd,2026-05-01 05:36:12,['W000111'],['W000144'],[65830474],[65792759],65830474,65792759,37715,P2WSH
135839f87fbd22d7aa116747f8daccb688a7e5b7d942592f024fd87a94a6b2e8,2026-05-10 00:58:54,['W000142'],['W000152'],[58932023],[58871607],58932023,58871607,60416,P2TR
37593fb66d47dcd39db85fc76708f4edb6d51f385c2500b8c5e7b270a262df29,2026-05-20 03:35:57,['W000154'],['W000092'],[26693431],[26668185],26693431,26668185,25246,P2SH
2ea26799cb6c7a9ff90627a92ba3e37c0c6d784036bd1fe884d2137d210a6077,2026-05-05 04:45:36,['W000282'],['W000272'],[45316041],[45286968],45316041,45286968,29073,P2WSH
1cbeb40a8b635ef8659641696b75e0d4ac2cdeff0fd757bf28e2fe3a78ca249d,2026-05-14 17:23:55,['W000090'],"['W000171', 'W000016']",[333190048],"[140940519, 192079425]",333190048,333019944,170104,P2PKH
28eb9c830ae2f9d09a9ae60a26666712bcaea72c4a556a04cdd5df1939c7ab61,2026-05-12 07:08:04,['W000044'],['W000152'],[426944744],[426752437],426944744,426752437,192307,P2TR
3161701d3b6dcf2e41ce3f8c9e1afe38746ef414408971cf19551d0de9285ef1,2026-05-23 11:33:57,['W000019'],['W000173'],[9795039],[9791186],9795039,9791186,3853,P2SH
2cd3607a04418093abe4c35ae592cc7028cf6462c2d8748ae5990779a9b5f01e,2026-05-16 09:31:34,['W000059'],['W000073'],[87455869],[87424365],87455869,87424365,31504,P2SH
f40a2361a14b5f8f4d847696285d5991fcc80b3d37bd1187c5ecce7f3ee08d92,2026-05-30 10:32:09,['W000035'],['W000034'],[86587603],[86501347],86587603,86501347,86256,P2WPKH
d1aa436f1128fb757c486843a7bb2cd930f6e50f70a882b7ddb9a4c0d8f1edb9,2026-05-24 00:28:00,['W000055'],"['W000099', 'W000240']",[186491099],"[82548263, 103760680]",186491099,186308943,182156,P2TR
cdb2fa8d0fac535c35b1cb779066c7abd6a1d850621765486c7889b62b2893c1,2026-05-21 15:57:46,['W000149'],['W000171'],[57723638],[57671708],57723638,57671708,51930,P2WPKH
dd633f8c33b0e7bccf464a56b68b4a36c122222bfb2aa77d095adef0b3b53f7b,2026-05-23 06:13:42,['W000157'],['W000299'],[202155579],[202060185],202155579,202060185,95394,P2PKH
12bc88c6f3c124acbe129cee85e35312af5d1147e7a4cc8c450d69d507087d2e,2026-05-09 00:26:13,['W000118'],['W000001'],[43950839],[43898051],43950839,43898051,52788,P2SH
1d4ab99ee8d5f200361d98d1b8a0c75d244e6489fe2b74d2fbf7d01195c85892,2026-05-12 15:25:36,['W000083'],['W000133'],[138445076],[138390646],138445076,138390646,54430,P2PKH
f9b9d7fd11b54c792a08fd7d7770593d7dff32580b1e76f6614f893051de7be5,2026-05-03 16:13:31,['W000183'],['W000277'],[13978432],[13961456],13978432,13961456,16976,P2TR
ad5e60c81b95029c147ab4068191db1aabe3af16b813759b4c95ebf3f4dbc811,2026-05-30 22:33:55,['W000087'],['W000011'],[49579333],[49536654],49579333,49536654,42679,P2WSH
bffd09fd9362207eb98cd4eac06b25dcb264a8e46e13c31f1fbba8df96aa9d54,2026-05-16 19:40:39,['W000225'],['W000119'],[151036517],[150846136],151036517,150846136,190381,P2WSH
fdf451d5c0dcf15d0dd0d92dd73b475d23ba463e0b4f20cd2784f6f143b2c684,2026-05-21 17:59:07,['W000271'],['W000263'],[29357536],[29348216],29357536,29348216,9320,P2WPKH
170c0ae44be50c779d45ef1b7191b7f69baa411944568a4b2ee4a1e1ce653ba3,2026-05-31 18:28:57,['W000037'],['W000096'],[7562656],[7555702],7562656,7555702,6954,P2TR
9a61f352192d13f02b59132013aabbe2297adadcf4d29a2d93868644193cb4e9,2026-05-31 14:49:35,['W000060'],['W000209'],[245748888],[245381731],245748888,245381731,367157,P2SH
f54f5260591575e4aa8c6f98975f3d393ab1226171fe047160bbe87f512d2e89,2026-05-01 06:15:22,['W000023'],"['W000021', 'W000277']",[135643395],"[81828482, 53752856]",135643395,135581338,62057,P2SH
8047571d0f16e5a1ba0589b4517b903deef1ba230ecfe6e69798b78f268c377a,2026-05-23 14:40:47,['W000181'],"['W000052', 'W000063']",[120391050],"[58184656, 62123441]",120391050,120308097,82953,P2WSH
13df1816f267918857e9de966006aeaf8344106394c7344be8551047d5366f81,2026-05-23 11:27:14,['W000032'],"['W000180', 'W000081']",[116493375],"[48010584, 68334103]",116493375,116344687,148688,P2WPKH
cba462c111d3c401343734ef9d4cd657469b809fa033ed9d7d21c379342a965c,2026-05-06 07:51:23,['W000109'],['W000229'],[25765326],[25754579],25765326,25754579,10747,P2WSH
f462f385a76a94fb465ddc63d3f013aee5d29df4fb5d1c416576243873e3cef5,2026-05-08 23:34:47,['W000073'],['W000122'],[36042699],[36011528],36042699,36011528,31171,P2WSH
da3a06d9b574d1074dabcc7f9c4dfce2974a0ee9e5c80d13f90d4deb6c45ecbc,2026-05-08 21:32:04,['W000138'],['W000123'],[93122012],[93037286],93122012,93037286,84726,P2TR
2db2def04b540c5aca6c8640005855690920f7db7c4991da08ab5fe160a0482d,2026-05-01 21:58:42,['W000258'],['W000256'],[122946328],[122878169],122946328,122878169,68159,P2TR
389b32b3d4841f42ac6a3ab40c0cbba800fb917c7214d413cd080ec2a6e980ab,2026-05-10 14:43:59,['W000278'],['W000260'],[444497912],[444270170],444497912,444270170,227742,P2SH
44182d256a62677a507c5960f36512e4450782826f15de69755ae69b3a303937,2026-05-24 15:34:33,['W000020'],['W000218'],[36725941],[36711269],36725941,36711269,14672,P2WSH
97425bc3f7fd8d25cb0711cc3490501e668f737d788c1de0d253e5af63039fde,2026-05-21 07:28:19,['W000001'],['W000013'],[28997978],[28988907],28997978,28988907,9071,P2WPKH
53cc3bae384d32e82aa95d3b92c4798b1df245c894f211ddc44f935a5c7d60a8,2026-05-16 04:55:07,['W000258'],['W000113'],[14583967],[14573961],14583967,14573961,10006,P2SH
9faf11fde8b40605556fe856ad528810163b02bff368f56f88543e96c8fc3991,2026-05-06 19:54:00,['W000244'],['W000203'],[67748037],[67662790],67748037,67662790,85247,P2WSH
850d6fa4cade7440aa62b03f1b40a3fca3d01aea66e2546df363e30b20e8be98,2026-05-10 14:51:41,['W000180'],['W000284'],[123122444],[123047986],123122444,123047986,74458,P2WPKH
8a1e2c317c6e5b578ae5057b0caf1e48af1c440054a8a05ae2327e97029354ef,2026-05-25 02:41:53,['W000097'],['W000258'],[10801940],[10797585],10801940,10797585,4355,P2WSH
b963de520a21cd9a15a8b95a902d1630afcb8a3660e3ad42376c3ee1549a9230,2026-05-06 02:53:54,['W000243'],['W000034'],[51044679],[51027634],51044679,51027634,17045,P2PKH
a720ef7786fafff92e77f9faf7456e26b6a40a3836b2f0af9c68ba4b2c373635,2026-05-04 20:50:40,['W000048'],['W000128'],[66947837],[66858309],66947837,66858309,89528,P2PKH
0be05ee73b6ebb990595173312d02317b0db8153dda9085655c750f2f2d892f4,2026-05-19 07:43:25,['W000039'],['W000160'],[38423814],[38377966],38423814,38377966,45848,P2SH
ee3381687fa428e576d9ec0e49992a0ee6b1d0ac8017f7fb791584ffd47fdae3,2026-05-11 19:33:28,['W000268'],['W000193'],[41688507],[41657061],41688507,41657061,31446,P2PKH
b3e74e0a8965bd47199438915dc3c572c6b0965a3d0790c1c47373913fb02bbf,2026-05-02 07:14:22,['W000258'],['W000218'],[96014094],[95878562],96014094,95878562,135532,P2WSH
1b8d4fea143311428c08c2ed13765254557714fd1987a1c928ca2ff31a8adafb,2026-05-11 20:57:06,['W000290'],['W000240'],[279762547],[279532917],279762547,279532917,229630,P2TR
75751ea0f26f482458401ef6a7cabd2aa11e268b754f3d81750d116b982b6c6e,2026-05-01 03:31:09,['W000185'],['W000237'],[21979302],[21959153],21979302,21959153,20149,P2WSH
1f8299c7e1b0370b3105b6a6d0196f4d734ae4ca8824d9019b540fbfa55d6ce2,2026-05-30 04:28:00,['W000006'],['W000044'],[41352274],[41308872],41352274,41308872,43402,P2TR
59080a2a135853137cb75ba289a3f5109dde3d8292fc1651376e3a9701b319c5,2026-05-08 16:29:51,['W000151'],['W000195'],[31413149],[31367011],31413149,31367011,46138,P2PKH
2644086ab7d29bdacf957509cf30d94eb4d464786b364d5633b90a29ff497752,2026-05-12 23:18:02,['W000074'],['W000205'],[51002155],[50982165],51002155,50982165,19990,P2WSH
93120b8e15c983c15d7b3ec51a94157d3b9c6d68f390eb499e740550e13ff65f,2026-05-04 19:28:14,['W000265'],['W000283'],[12681014],[12672444],12681014,12672444,8570,P2SH
cd14aae188260f11a798e45d149c9a144cc043513ed830a2ab21fb0edd72aee3,2026-05-09 21:32:54,['W000127'],['W000176'],[46659420],[46603653],46659420,46603653,55767,P2PKH
15591924069180ef35fe485fce04c3ed5b5e7a960d2b16a161de49b7e8026bc3,2026-05-17 03:42:34,['W000010'],['W000152'],[33448797],[33404757],33448797,33404757,44040,P2PKH
abf0685c006c56500468db4f6cdcc5af990232f10475cf89999ea21b5b3ee22f,2026-05-25 15:01:03,['W000051'],['W000108'],[30451314],[30407530],30451314,30407530,43784,P2WPKH
4e85140db17828a2b9532f657bd42686842dcf37d5f53680d20a2f08054c1a24,2026-05-05 18:33:32,['W000105'],['W000235'],[99013463],[98892755],99013463,98892755,120708,P2WPKH
55e766cb3a517abe8425e49339352096415f9234157539743054abbc799e0ebd,2026-05-30 09:39:57,['W000049'],"['W000110', 'W000124']",[80428489],"[30879452, 49512644]",80428489,80392096,36393,P2TR
d3387f2d29a20d2c0cd19091c294bc97457d14ad1ef20e2dfebdfecca41ea35b,2026-05-12 14:26:27,['W000273'],['W000088'],[35989692],[35957580],35989692,35957580,32112,P2WSH
463b4e2937fba0a59b898b2804335597beed287137c1804929f38761d2b3ad54,2026-05-16 02:27:14,['W000182'],['W000012'],[327079792],[326756175],327079792,326756175,323617,P2PKH
89e2da1027f1ca2599844ebadf3435d1eed7ff7585d0d092cc61cfe405432a7e,2026-05-27 00:40:30,['W000066'],['W000199'],[79758264],[79698408],79758264,79698408,59856,P2TR
3bee20833ba3b1686becdf7bea73667bc6ef58cded75b14599e917c68f8c0241,2026-05-17 12:36:04,['W000129'],['W000177'],[66262454],[66222048],66262454,66222048,40406,P2WPKH
6d32b34d5bc0d8d9bc793fae0dbaa8aaf5f5c4474176e21473ca671707b46303,2026-05-09 20:38:05,['W000180'],['W000127'],[82489426],[82389965],82489426,82389965,99461,P2WPKH
abcffeb913aa7bd0cce2251a7d91d4979a3f9157bd798c961078bca74d5e9209,2026-05-21 18:34:54,['W000217'],['W000001'],[15983888],[15973325],15983888,15973325,10563,P2WSH
0826c4852d80f30822d8188dad475e1e80bc611fa5d3133d882bab3494c60837,2026-05-27 16:15:59,['W000069'],['W000288'],[175532583],[175344827],175532583,175344827,187756,P2PKH
730053e56f708420dc4f0cb2010098c3a5c7fc0b8bacf44281babc18ed3034b8,2026-05-29 04:57:59,['W000067'],['W000006'],[19163846],[19138690],19163846,19138690,25156,P2WSH
812e63aed3eeded47b29f9738aee777487814437e25c529169ae381d8ad7fc30,2026-05-03 09:20:56,['W000195'],['W000076'],[128477144],[128334588],128477144,128334588,142556,P2TR
d589ee855b55e882e8e0017b22fdbf04efe486c9b1f17284a84a8668e6785def,2026-05-28 19:03:18,['W000234'],"['W000149', 'W000144']",[49057738],"[10300978, 38718157]",49057738,49019135,38603,P2TR
9e42c4ffb3f9cc099360f137992f1434cb50b4c6c59bbe278e8d5286c130c4b3,2026-05-16 08:16:09,['W000219'],['W000268'],[83094034],[82970808],83094034,82970808,123226,P2WSH
bb62c98face09921330c8be0e65db634ca106e7ac625a4614a5aadd4ee922336,2026-05-04 23:12:43,['W000155'],['W000256'],[12152924],[12138462],12152924,12138462,14462,P2PKH
b6921eb7455918a8b502bd9bee54e8a82f51a13b8868beed04ebc2ae1ee33861,2026-05-10 19:20:29,['W000137'],['W000175'],[87457065],[87363061],87457065,87363061,94004,P2WSH
ef39032ec8cd0c715001b740d92524a188895d79ffb161707e04bcedb609ddde,2026-05-15 18:04:07,['W000075'],['W000060'],[64875615],[64836162],64875615,64836162,39453,P2PKH
d29c30504dbcd55bde68d7b4549bd17b2243d8c2e5ac8c2bfd170bb5445e9004,2026-05-01 00:42:51,['W000048'],['W000030'],[13549729],[13541214],13549729,13541214,8515,P2WPKH
aef459714a099291fc17563d6220704175189a634a320885052898ff3841795c,2026-05-25 07:13:26,['W000170'],['W000034'],[6996312],[6986632],6996312,6986632,9680,P2PKH
116dc6c9ee64847de5bb31d0bd7e4d918c69744fd3d6b8444cd88d09e99600c6,2026-05-10 03:16:36,['W000098'],['W000242'],[103850267],[103783214],103850267,103783214,67053,P2SH
4b97210af5d95eb814873d199d630e84b592363f8c47aba9b1495928babe721a,2026-05-03 22:07:07,['W000193'],['W000054'],[44013646],[43968472],44013646,43968472,45174,P2PKH
eafe3bfe39493521ea3d9268df41cfb0e6ff964ffd7d86639d22be7650cd0057,2026-05-13 10:21:39,['W000290'],"['W000131', 'W000237']",[55246673],"[23591139, 31577803]",55246673,55168942,77731,P2TR
6de3e2a42b63dfbab9e6bc93b2d71a8ecef34f920c9a2f8f28e370d6686350b2,2026-05-09 09:19:44,['W000168'],['W000273'],[64526342],[64458822],64526342,64458822,67520,P2PKH
f2938332ad0969558a94647bc09f9aec85651d46b36ee20568c2a7dce1613624,2026-05-16 02:24:32,['W000065'],['W000241'],[42800236],[42774353],42800236,42774353,25883,P2SH
d511dd9d08e7f93e2678ade7e056f477462eb8a437520abc35b8e16859073cf2,2026-05-22 09:09:07,['W000298'],['W000181'],[16766357],[16743180],16766357,16743180,23177,P2PKH
0efa45e0505adf8302f1a184287e1e7f5857d761a922ed4d75b2f025ec398361,2026-05-23 05:00:41,['W000207'],['W000206'],[55992816],[55956029],55992816,55956029,36787,P2PKH
fde5c6d2202dab4ac76e88002bd263cf98e144fc8022a802c8a8a8dc039b574b,2026-05-18 21:38:49,['W000030'],['W000226'],[63488104],[63408305],63488104,63408305,79799,P2WSH
935e675160751b8065b927fe2f1efa269c0aba3345a69d639ce59a96797a64a0,2026-05-21 08:46:32,['W000001'],['W000231'],[20868780],[20841537],20868780,20841537,27243,P2SH
90ccfa99ac6badab4e520d0f2bf54f24a01bd6330a1e22f4776e2d0b91a87562,2026-05-09 01:29:13,['W000167'],['W000115'],[170230991],[170020413],170230991,170020413,210578,P2PKH
2410fdd521ffdfd564f83a93f356bce167615b30d08968787e9a83d2de11f4a3,2026-05-09 15:02:30,['W000285'],['W000055'],[117039907],[116971538],117039907,116971538,68369,P2WSH
628420cf5c487a8d06fed6d7da033eb415daf7d14ef016e17f09e23f9bff1993,2026-05-03 06:55:42,['W000107'],"['W000083', 'W000050']",[118849880],"[18702582, 100089403]",118849880,118791985,57895,P2PKH
79be54afba242c3819ab6afaaa11e00402a525899db957a632457dbef6d65230,2026-05-10 11:13:39,['W000149'],['W000040'],[47905200],[47875529],47905200,47875529,29671,P2WPKH
b762b8022e9de7cafb4bf1c776ac77640b8b210fdee3d62243f197e75fdd37d1,2026-05-24 13:39:29,['W000063'],['W000023'],[100482053],[100333801],100482053,100333801,148252,P2WSH
407a2733c78e2333d36bce2ea39f46a696cbb66bd1a5f058bbb79100d53f2c03,2026-05-18 06:17:51,['W000044'],['W000233'],[66452536],[66407344],66452536,66407344,45192,P2TR
8fc98df1cf7c183909b5b7f6de45b9095661ea6a8634173ec6dca7f65a500b9f,2026-05-07 02:25:52,['W000025'],['W000061'],[94688915],[94562439],94688915,94562439,126476,P2SH
e25f27f1bd2bd90f355326a7bd48b170ca385c9bfa58054b463e85eb455d4063,2026-05-19 18:57:46,['W000214'],['W000178'],[25093418],[25079550],25093418,25079550,13868,P2SH
894a1ec8a11db31f6befab9e62a2df217665ec64774801dc9bca36a8492aa192,2026-05-23 23:13:17,['W000205'],['W000110'],[1667036293],[1665402294],1667036293,1665402294,1633999,P2WPKH
92b5b1cb06b062ca5f01da72c65d1003ed7953f4e219a6d3318b3d5452a014c5,2026-05-04 16:48:07,['W000208'],['W000262'],[7131227],[7124313],7131227,7124313,6914,P2SH
fd23b9fdac94bbd659bb50dbc4f573c5b90ea33a8563c9152438bfbdc05abb1d,2026-05-16 22:48:43,['W000042'],['W000092'],[18505372],[18494120],18505372,18494120,11252,P2WSH
01fcfb24e1975984272b0d575396005797301be9e70ed995f9bd237aac8c1f71,2026-05-07 10:08:50,['W000109'],['W000182'],[38077916],[38025537],38077916,38025537,52379,P2TR
c1f02d43f3a816862872d33ecfe40ddbd0d284e391e976d9c4cab6bdf25781c7,2026-05-28 06:21:16,['W000014'],['W000111'],[20227249],[20212840],20227249,20212840,14409,P2SH
991f4a84334ab3f08aadafddd8082ea581f9546288ee122ac88f54af7df82e61,2026-05-17 11:48:32,['W000006'],"['W000262', 'W000062']",[23188805],"[5191348, 17963532]",23188805,23154880,33925,P2WPKH
bd3f2874a4db15a4005eca4d9bb059580b87b8c4074c6a41167fc906321c28a0,2026-05-15 19:22:28,['W000138'],['W000211'],[20112074],[20104359],20112074,20104359,7715,P2WPKH
52f8adaa4e0d31c570d991a851ffde430011df422db9ef141b076125ed476f5f,2026-05-28 04:15:52,['W000052'],['W000028'],[21297823],[21290826],21297823,21290826,6997,P2TR
69db566b416d0e4e50ad338e5d745eea1743da95f6dcf549330737fff92edc71,2026-05-22 18:23:05,['W000149'],['W000010'],[126841203],[126728913],126841203,126728913,112290,P2WPKH
a004645e6b14a58016e5a1b41016206fa27eff576668356bbfc257dc3bbc968b,2026-05-18 16:22:28,['W000171'],"['W000027', 'W000061']",[27859532],"[8766686, 19060122]",27859532,27826808,32724,P2WSH
d1972119d4ef9c3088783457b370670d55272f4936dcd08a8a43f4a6382a8c6f,2026-05-11 05:17:07,['W000045'],['W000095'],[9643573],[9629658],9643573,9629658,13915,P2WSH
829d96ffa19d26e671b524a35030e15fa982d745eb4095dbc84c27d526e77ac9,2026-05-16 09:34:38,['W000001'],['W000147'],[79130582],[79059090],79130582,79059090,71492,P2TR
f3cf43d1a0ca3df085119c37b27574d51fba05ad3badd423f726d02aaf92f77d,2026-05-14 20:09:42,['W000160'],['W000017'],[23248061],[23238208],23248061,23238208,9853,P2WPKH
58d2ae400bcd037f0978ceb4589de9f8fb6bae6598009581da14b1f95dfb91f9,2026-05-03 04:31:27,['W000179'],['W000151'],[368059952],[367547739],368059952,367547739,512213,P2WSH
507ec25892582cb09c2eaabb044ed7f8d12f9543fea72e089084d4e73b1554f5,2026-05-09 06:49:52,['W000152'],['W000230'],[60270626],[60230320],60270626,60230320,40306,P2PKH
253abcc5973ccfa954128faca9b0fe1a195c76d05075657283b3ef3ec4366bc0,2026-05-27 22:14:33,['W000269'],['W000008'],[29473011],[29456044],29473011,29456044,16967,P2TR
bfbc830e103c80dcd61363de8d965e19c8a0f4743b64a4ddc4a5b945e7ae3517,2026-05-17 07:36:54,['W000124'],['W000145'],[122512104],[122445069],122512104,122445069,67035,P2WSH
733816ab688d9f32021743bb093bf726bd5730ddba7e025023d46e690f768f1e,2026-05-29 12:40:01,['W000191'],"['W000071', 'W000160']",[12984838],"[8062934, 4910363]",12984838,12973297,11541,P2SH
bab8c8b361991e774b3f8fa7032f2cc0f6b49570f702527c051bab7ae8ae07fd,2026-05-14 02:24:35,['W000040'],['W000047'],[14573287],[14556669],14573287,14556669,16618,P2PKH
363ace9e846de14781a96fd281f949ff272988628c14e9756b030e4032ab6869,2026-05-19 10:00:00,['W000201'],['W000291'],[34091691],[34074394],34091691,34074394,17297,P2WPKH
c7ee014c5fc1991bfed32080836bcd1d0ca871c75e72e078b1fc5ec4a38b1702,2026-05-19 10:07:00,['W000202'],['W000291'],[86983300],[86950864],86983300,86950864,32436,P2SH
31fe33850bcf6ff08ef4c2b933ba503d05008849732a2e42fb9fbee38333762b,2026-05-19 10:14:00,['W000203'],['W000291'],[57323674],[57292163],57323674,57292163,31511,P2WPKH
288b6b752a732c3d6266dad092157a0f1248dc84ba1d9845f3a5cd595e3a658f,2026-05-19 10:21:00,['W000204'],['W000291'],[99112513],[98967467],99112513,98967467,145046,P2WPKH
182deff585a324fb57f4ae4a2b607f440904eafcc5653c0a00c34fd20fc69f32,2026-05-19 10:28:00,['W000205'],['W000291'],[27185096],[27176491],27185096,27176491,8605,P2SH
bb46537eec0a0cd1978fac86222fb64b3ba099ff4fe198758f18071d21546f24,2026-05-19 10:35:00,['W000206'],['W000291'],[67982976],[67895719],67982976,67895719,87257,P2SH
9e11aec79aac5d32005ca4bc8a8fc3ad07161ccad97a0997eff61923e1268c46,2026-05-19 10:52:00,['W000291'],"['W000210', 'W000211']",[300000000],"[192769916, 107094399]",300000000,299864315,135685,P2TR
5b2edce51ab8afdc36afd98c8702077130c475cb487b9602ffd51d8536ccfafd,2026-05-19 10:55:00,['W000210'],['W000212'],[180000000],[179871537],180000000,179871537,128463,P2WPKH
bbc4196c022216641c74b749feeb2232f0dd40388f34815a064aa9865c74d26e,2026-05-19 10:59:00,['W000211'],['W000213'],[100000000],[99876006],100000000,99876006,123994,P2WSH
970ecb55653b02d222f98244efc63eb7bcaaafb97ee61e3fa00e33dc2673148c,2026-05-23 15:00:00,['W000190'],['W000292'],[420000000],[419160000],420000000,419160000,840000,P2WSH
81631f3d6ca997b4a693f6e8ea4ab774b71f91e85eb6bb2f045b31853c84a1ff,2026-05-23 15:01:15,['W000292'],['W000293'],[419160000],[418321680],419160000,418321680,838320,P2PKH
df500d921ee94c0dfc9fa0737f2f2138dd763ab176906c34f00a7b96ee485578,2026-05-23 15:02:30,['W000293'],['W000294'],[418321680],[417485037],418321680,417485037,836643,P2WSH
dfb88b2729b6e5df822c20e06ad8eb13b8af59209f08d29a2285831d2ddfc08c,2026-05-23 15:03:45,['W000294'],['W000295'],[417485037],[416650067],417485037,416650067,834970,P2PKH
ca72fe31bb9e7eb5f46de3b5626ce29f76cdfc2ae1c305aeb33f4f4c19cb9304,2026-05-23 15:05:00,['W000295'],['W000296'],[416650067],[415816767],416650067,415816767,833300,P2SH
e8c0184c9137664dc38db3304654dee9e438db6f4cce4d99b9322d53df765c91,2026-05-23 15:08:45,['W000296'],"['W000214', 'W000215']",[415816767],"[207672815, 207672815]",415816767,415345630,471137,P2TR
6aa437b1e482eb973d093969355f081f34c6ba923f31bd9a1dca36493b6fc333,2026-05-26 20:00:00,"['W000120', 'W000121', 'W000122', 'W000123', 'W000124']","['W000125', 'W000126', 'W000127', 'W000128', 'W000129']","[80000000, 85000000, 90000000, 95000000, 100000000]","[89914104, 89914104, 89914104, 89914104, 89914108]",450000000,449570524,429476,P2WSH
4d7372a4d6750e202935fa362c265f40155463198c6eebae298736832cfdc997,2026-05-26 20:02:00,['W000125'],"['W000230', 'W000231']",[79220823],"[39984041, 39184361]",79220823,79168402,52421,P2SH
6243c7c21454a81864aa2fd7f1b92905fafe2466fe41b1e8d3bc79e29cd12892,2026-05-26 20:03:00,['W000126'],"['W000230', 'W000231']",[78238832],"[39484513, 38694823]",78238832,78179336,59496,P2SH
619cbfecd4f29c6d5b5084407a08d34ed17da9c20a22f726cc54588410c610f5,2026-05-26 20:04:00,['W000127'],"['W000230', 'W000231']",[77402815],"[39038543, 38257773]",77402815,77296316,106499,P2PKH
16342fc8354212c0b69acb19c6095f6fb6d9e4f2c285c6a2faecf6a0a4def239,2026-05-26 20:05:00,['W000128'],"['W000230', 'W000231']",[77731645],"[39235255, 38450551]",77731645,77685806,45839,P2TR
4d16fe82eced7d7a68afc923493ee3c0a777bd2c434a90fdb810f7455de25f84,2026-05-28 09:30:00,['W000270'],['W000240'],[35000000],[34969561],35000000,34969561,30439,P2WPKH
67cf84e28f7e6ae472620916861e8320057dfda119c2ce0d015e51075762b570,2026-05-28 09:30:01,['W000271'],['W000241'],[36000000],[35975730],36000000,35975730,24270,P2WSH
4ca8e75b49fbb3ecc2f9b6b97a126d7053d286fc9aead5f50b9f535f3f65b208,2026-05-28 09:30:02,['W000272'],['W000242'],[37000000],[36948409],37000000,36948409,51591,P2TR
d4c5c0ad8e265d1ecd856083fd88e2cdb6cbbf3b809912cda79099f5d42589ef,2026-05-28 09:30:00,['W000273'],['W000243'],[38000000],[37971941],38000000,37971941,28059,P2WSH
7ff6a952b4ef30741535f01a978c0773b6097dc4d932c1dc44558d05d8a88412,2026-05-28 09:30:01,['W000274'],['W000244'],[39000000],[38986987],39000000,38986987,13013,P2PKH
