wallet_id,rank,feature,feature_value,shap_value,direction
W0000001,1,median_sent_sats,7661585.0,1.9919586181640625,increases_risk
W0000001,2,graphsage_dim_10,-0.5489529967308044,-0.9758778810501099,decreases_risk
W0000001,3,isolation_forest_anomaly_score,0.47099961396327283,0.8020104169845581,increases_risk
W0000001,4,graphsage_dim_23,0.3512478470802307,-0.5391829609870911,decreases_risk
W0000001,5,country_entropy,2.988726251836517,-0.49044257402420044,decreases_risk
W0000002,1,median_sent_sats,6970376.0,2.1816835403442383,increases_risk
W0000002,2,observations_per_tx,1.6153846153846154,-0.9207722544670105,decreases_risk
W0000002,3,isolation_forest_anomaly_score,0.4651204848560282,0.8170971870422363,increases_risk
W0000002,4,graphsage_dim_23,0.14562156796455383,-0.6980021595954895,decreases_risk
W0000002,5,graphsage_dim_10,0.19739773869514465,0.3639598488807678,increases_risk
W0000003,1,median_sent_sats,8186397.0,2.1357178688049316,increases_risk
W0000003,2,graphsage_dim_10,-0.033861927688121796,-0.8280149698257446,decreases_risk
W0000003,3,isolation_forest_anomaly_score,0.21228240537124476,0.7537362575531006,increases_risk
W0000003,4,country_entropy,2.7938539870355066,-0.6080100536346436,decreases_risk
W0000003,5,graphsage_dim_23,0.22679364681243896,-0.6038215160369873,decreases_risk
W0000004,1,median_sent_sats,6897405.0,2.1741652488708496,increases_risk
W0000004,2,graphsage_dim_10,-0.21560612320899963,-0.8967888355255127,decreases_risk
W0000004,3,isolation_forest_anomaly_score,0.40806879609422964,0.7513821125030518,increases_risk
W0000004,4,observations_per_tx,1.55,-0.70046067237854,decreases_risk
W0000004,5,graphsage_dim_23,0.25504595041275024,-0.6970992088317871,decreases_risk
W0000005,1,median_sent_sats,7752186.0,1.8837945461273193,increases_risk
W0000005,2,observations_per_tx,1.625,-0.8626968860626221,decreases_risk
W0000005,3,isolation_forest_anomaly_score,0.4019916606990772,0.7870983481407166,increases_risk
W0000005,4,graphsage_dim_23,0.6815496683120728,-0.6879412531852722,decreases_risk
W0000005,5,graphsage_dim_10,-0.1392144113779068,-0.6347545385360718,decreases_risk
W0000006,1,median_sent_sats,8213586.5,2.0324807167053223,increases_risk
W0000006,2,observations_per_tx,1.7391304347826086,-1.1171207427978516,decreases_risk
W0000006,3,isolation_forest_anomaly_score,0.24502015367004903,0.7753086686134338,increases_risk
W0000006,4,graphsage_dim_23,0.046583570539951324,-0.6518434286117554,decreases_risk
W0000006,5,country_entropy,2.9270025079038544,-0.5330063700675964,decreases_risk
W0000007,1,median_sent_sats,7881613.0,1.9026570320129395,increases_risk
W0000007,2,observations_per_tx,1.8,-0.9392868280410767,decreases_risk
W0000007,3,isolation_forest_anomaly_score,0.15743038686157285,0.8480789065361023,increases_risk
W0000007,4,graphsage_dim_23,0.30490779876708984,-0.6908206939697266,decreases_risk
W0000007,5,country_entropy,2.8192291401313194,-0.6003276705741882,decreases_risk
W0000008,1,median_sent_sats,7403107.0,2.2201621532440186,increases_risk
W0000008,2,isolation_forest_anomaly_score,0.22359752695488733,0.6863293051719666,increases_risk
W0000008,3,deterministic_score,0.44989830508474593,-0.5574687719345093,decreases_risk
W0000008,4,graphsage_dim_23,0.08871562033891678,-0.5425600409507751,decreases_risk
W0000008,5,observations_per_tx,1.48,0.5152903199195862,increases_risk
W0000009,1,median_sent_sats,10417028.0,2.0701606273651123,increases_risk
W0000009,2,isolation_forest_anomaly_score,0.31247235302759024,0.7519996166229248,increases_risk
W0000009,3,country_entropy,2.7264097655573916,-0.6122602224349976,decreases_risk
W0000009,4,graphsage_dim_23,0.4321783781051636,-0.5595827698707581,decreases_risk
W0000009,5,observations_per_tx,1.2307692307692308,0.5149997472763062,increases_risk
W0000010,1,median_sent_sats,6238961.0,2.1513772010803223,increases_risk
W0000010,2,isolation_forest_anomaly_score,0.27337106026088875,0.7789836525917053,increases_risk
W0000010,3,graphsage_dim_23,0.5234272480010986,-0.5880151391029358,decreases_risk
W0000010,4,deterministic_score,0.41708474576271193,-0.5229120850563049,decreases_risk
W0000010,5,observations_per_tx,1.3703703703703705,0.5213785171508789,increases_risk
W0000011,1,median_sent_sats,7583336.5,2.1410770416259766,increases_risk
W0000011,2,isolation_forest_anomaly_score,0.528055649535247,0.6511030197143555,increases_risk
W0000011,3,country_entropy,2.869910023274066,-0.619686484336853,decreases_risk
W0000011,4,graphsage_dim_23,0.3911435604095459,-0.612676739692688,decreases_risk
W0000011,5,observations_per_tx,1.2,0.4815032482147217,increases_risk
W0000012,1,median_sent_sats,11721586.0,2.334888458251953,increases_risk
W0000012,2,isolation_forest_anomaly_score,0.42290441833012016,0.7141674160957336,increases_risk
W0000012,3,observations_per_tx,1.35,0.5068821310997009,increases_risk
W0000012,4,graphsage_dim_23,-0.11951844394207001,0.46403729915618896,increases_risk
W0000012,5,graphsage_dim_10,0.39717546105384827,0.44679054617881775,increases_risk
W0000013,1,median_sent_sats,5037059.0,1.9317817687988281,increases_risk
W0000013,2,observations_per_tx,1.7142857142857142,-0.9915435314178467,decreases_risk
W0000013,3,isolation_forest_anomaly_score,0.14555249838407758,0.7080811858177185,increases_risk
W0000013,4,graphsage_dim_10,-0.21252228319644928,-0.6941070556640625,decreases_risk
W0000013,5,graphsage_dim_23,0.07309048622846603,-0.6400847434997559,decreases_risk
W0000014,1,median_sent_sats,7245389.0,2.004124402999878,increases_risk
W0000014,2,graphsage_dim_10,-0.3669595420360565,-1.0933064222335815,decreases_risk
W0000014,3,isolation_forest_anomaly_score,0.3404616021526007,0.6723488569259644,increases_risk
W0000014,4,country_entropy,2.453652820771537,-0.6246175765991211,decreases_risk
W0000014,5,graphsage_dim_23,-0.14996196329593658,0.4668010175228119,increases_risk
W0000015,1,median_sent_sats,9260091.0,2.058561086654663,increases_risk
W0000015,2,isolation_forest_anomaly_score,0.267348859629168,0.7619724869728088,increases_risk
W0000015,3,country_entropy,2.690787998444309,-0.6198702454566956,decreases_risk
W0000015,4,observations_per_tx,1.4545454545454546,0.5333731770515442,increases_risk
W0000015,5,graphsage_dim_23,0.11734415590763092,-0.5323776602745056,decreases_risk
W0000016,1,median_sent_sats,6424141.0,2.2480673789978027,increases_risk
W0000016,2,isolation_forest_anomaly_score,0.2403110927833355,0.6927258372306824,increases_risk
W0000016,3,graphsage_dim_23,-0.23976705968379974,0.5114264488220215,increases_risk
W0000016,4,graphsage_dim_10,0.03892897441983223,-0.491877019405365,decreases_risk
W0000016,5,avg_sent_sats,8084254.588235294,0.41625291109085083,increases_risk
W0000017,1,median_sent_sats,7055931.5,2.0651473999023438,increases_risk
W0000017,2,observations_per_tx,1.5789473684210527,-0.8057658672332764,decreases_risk
W0000017,3,graphsage_dim_10,-0.27773240208625793,-0.7664700746536255,decreases_risk
W0000017,4,graphsage_dim_23,0.24470870196819305,-0.6946067810058594,decreases_risk
W0000017,5,isolation_forest_anomaly_score,0.25292228963521957,0.6856735348701477,increases_risk
W0000018,1,median_sent_sats,9760291.5,2.024223566055298,increases_risk
W0000018,2,isolation_forest_anomaly_score,0.535636403099226,0.8128194808959961,increases_risk
W0000018,3,observations_per_tx,1.5714285714285714,-0.6678369641304016,decreases_risk
W0000018,4,graphsage_dim_23,0.41161784529685974,-0.6468988060951233,decreases_risk
W0000018,5,country_entropy,2.9461590950124164,-0.5206418633460999,decreases_risk
W0000019,1,median_sent_sats,21024769.0,2.1391208171844482,increases_risk
W0000019,2,observations_per_tx,1.8333333333333333,-0.9704031944274902,decreases_risk
W0000019,3,isolation_forest_anomaly_score,0.49689117345620804,0.6985562443733215,increases_risk
W0000019,4,country_entropy,2.923283716158978,-0.5333230495452881,decreases_risk
W0000019,5,graphsage_dim_23,-0.2815006375312805,0.4542468786239624,increases_risk
W0000020,1,median_sent_sats,14111983.0,2.141211748123169,increases_risk
W0000020,2,observations_per_tx,1.7058823529411764,-1.17446768283844,decreases_risk
W0000020,3,isolation_forest_anomaly_score,0.41457643529281074,0.7801302671432495,increases_risk
W0000020,4,deterministic_score,0.4032203389830511,-0.5104458928108215,decreases_risk
W0000020,5,graphsage_dim_23,-0.22966450452804565,0.41929349303245544,increases_risk
W0000021,1,median_sent_sats,4798886.0,1.9365813732147217,increases_risk
W0000021,2,graphsage_dim_10,-0.5623093843460083,-0.9678100347518921,decreases_risk
W0000021,3,isolation_forest_anomaly_score,0.38004285322815023,0.8281592130661011,increases_risk
W0000021,4,country_entropy,2.832059779479236,-0.566350519657135,decreases_risk
W0000021,5,graphsage_dim_23,0.8334789276123047,-0.5471455454826355,decreases_risk
W0000022,1,median_sent_sats,13973570.0,1.8726675510406494,increases_risk
W0000022,2,graphsage_dim_10,-0.3558262586593628,-0.9497419595718384,decreases_risk
W0000022,3,isolation_forest_anomaly_score,0.4089566215087481,0.8306660652160645,increases_risk
W0000022,4,observations_per_tx,1.565217391304348,-0.6917250752449036,decreases_risk
W0000022,5,graphsage_dim_23,0.6387062668800354,-0.673130214214325,decreases_risk
W0000023,1,median_sent_sats,9438646.0,2.3231143951416016,increases_risk
W0000023,2,observations_per_tx,1.6428571428571428,-0.9666458964347839,decreases_risk
W0000023,3,isolation_forest_anomaly_score,0.15006541335427637,0.6161841154098511,increases_risk
W0000023,4,country_entropy,3.4403405361477173,0.4227675795555115,increases_risk
W0000023,5,avg_sent_sats,15366315.19047619,0.40650784969329834,increases_risk
W0000024,1,median_sent_sats,7855186.0,2.2524755001068115,increases_risk
W0000024,2,graphsage_dim_10,-0.06972578167915344,-0.9792782068252563,decreases_risk
W0000024,3,isolation_forest_anomaly_score,0.447237310465351,0.6008836627006531,increases_risk
W0000024,4,graphsage_dim_23,0.16832654178142548,-0.5126199722290039,decreases_risk
W0000024,5,observations_per_tx,1.3333333333333333,0.4711214303970337,increases_risk
W0000025,1,median_sent_sats,9171985.0,1.979140043258667,increases_risk
W0000025,2,graphsage_dim_10,-0.11979468166828156,-0.8270775079727173,decreases_risk
W0000025,3,isolation_forest_anomaly_score,0.24160017769207054,0.7499801516532898,increases_risk
W0000025,4,graphsage_dim_23,0.30240628123283386,-0.6531034708023071,decreases_risk
W0000025,5,country_entropy,2.8578288758198447,-0.6529067158699036,decreases_risk
W0000026,1,median_sent_sats,6734195.0,2.1148195266723633,increases_risk
W0000026,2,country_entropy,2.692227245585081,-0.7335079908370972,decreases_risk
W0000026,3,isolation_forest_anomaly_score,0.1527991114361107,0.7276893854141235,increases_risk
W0000026,4,graphsage_dim_23,-0.3607482314109802,0.5221783518791199,increases_risk
W0000026,5,observations_per_tx,1.411764705882353,0.4736587405204773,increases_risk
W0000027,1,median_sent_sats,6624222.5,1.9772870540618896,increases_risk
W0000027,2,observations_per_tx,1.6363636363636365,-0.9048827290534973,decreases_risk
W0000027,3,isolation_forest_anomaly_score,0.18488997709106736,0.7482957243919373,increases_risk
W0000027,4,graphsage_dim_23,0.12549693882465363,-0.7008485794067383,decreases_risk
W0000027,5,country_entropy,2.7908201612786527,-0.5961385369300842,decreases_risk
W0000028,1,median_sent_sats,8317294.0,2.042786121368408,increases_risk
W0000028,2,observations_per_tx,1.8823529411764706,-1.075914740562439,decreases_risk
W0000028,3,isolation_forest_anomaly_score,0.393613654873223,0.8832530975341797,increases_risk
W0000028,4,deterministic_score,0.44745762711864384,-0.5381134152412415,decreases_risk
W0000028,5,country_entropy,2.964614648336087,-0.45612606406211853,decreases_risk
W0000029,1,median_sent_sats,10257764.5,2.0061817169189453,increases_risk
W0000029,2,graphsage_dim_10,-0.14021852612495422,-1.0325928926467896,decreases_risk
W0000029,3,isolation_forest_anomaly_score,0.16880879716691732,0.7805598378181458,increases_risk
W0000029,4,country_entropy,2.8803922791489263,-0.633796215057373,decreases_risk
W0000029,5,graphsage_dim_23,0.27013352513313293,-0.6105346083641052,decreases_risk
W0000030,1,median_sent_sats,8220097.0,2.048327922821045,increases_risk
W0000030,2,observations_per_tx,1.608695652173913,-0.8172498345375061,decreases_risk
W0000030,3,isolation_forest_anomaly_score,0.17458442365792715,0.7463762760162354,increases_risk
W0000030,4,country_entropy,2.803366392737775,-0.641857385635376,decreases_risk
W0000030,5,deterministic_score,0.4029491525423729,-0.51772141456604,decreases_risk
W0000031,1,median_sent_sats,18323622.5,2.0348944664001465,increases_risk
W0000031,2,country_entropy,2.731497497099659,-0.7151045799255371,decreases_risk
W0000031,3,isolation_forest_anomaly_score,0.3614608765830719,0.7063916921615601,increases_risk
W0000031,4,graphsage_dim_23,0.39484310150146484,-0.6295436024665833,decreases_risk
W0000031,5,observations_per_tx,1.5,0.5072968006134033,increases_risk
W0000032,1,median_sent_sats,10433425.0,2.0858561992645264,increases_risk
W0000032,2,isolation_forest_anomaly_score,0.1313042193882017,0.8098682761192322,increases_risk
W0000032,3,graphsage_dim_23,0.21271532773971558,-0.5773115158081055,decreases_risk
W0000032,4,observations_per_tx,1.411764705882353,0.521061897277832,increases_risk
W0000032,5,country_entropy,2.9591479170272446,-0.5096826553344727,decreases_risk
W0000033,1,median_sent_sats,9235951.0,2.0040111541748047,increases_risk
W0000033,2,observations_per_tx,1.7142857142857142,-1.0394666194915771,decreases_risk
W0000033,3,isolation_forest_anomaly_score,0.13178866956920943,0.8030489087104797,increases_risk
W0000033,4,country_entropy,2.9336133759595127,-0.5700740218162537,decreases_risk
W0000033,5,deterministic_score,0.41857627118644064,-0.5176538825035095,decreases_risk
W0000034,1,median_sent_sats,5534474.0,1.9942619800567627,increases_risk
W0000034,2,isolation_forest_anomaly_score,0.08683080869683646,0.7847838997840881,increases_risk
W0000034,3,observations_per_tx,1.5714285714285714,-0.7418939471244812,decreases_risk
W0000034,4,graphsage_dim_23,0.02648400142788887,-0.6521363854408264,decreases_risk
W0000034,5,country_entropy,2.7983419458789642,-0.6468570232391357,decreases_risk
W0000035,1,median_sent_sats,11888612.0,1.8681859970092773,increases_risk
W0000035,2,observations_per_tx,1.619047619047619,-0.9327367544174194,decreases_risk
W0000035,3,isolation_forest_anomaly_score,0.1643292014731892,0.7994933724403381,increases_risk
W0000035,4,graphsage_dim_10,-0.03798660263419151,-0.7739560604095459,decreases_risk
W0000035,5,graphsage_dim_23,0.37761861085891724,-0.6708114743232727,decreases_risk
W0000036,1,median_sent_sats,9927862.0,1.9639205932617188,increases_risk
W0000036,2,observations_per_tx,1.75,-0.9486812353134155,decreases_risk
W0000036,3,isolation_forest_anomaly_score,0.17434275486063466,0.769058883190155,increases_risk
W0000036,4,graphsage_dim_10,-0.14077578485012054,-0.7683295011520386,decreases_risk
W0000036,5,deterministic_score,0.4553220338983049,-0.407258003950119,decreases_risk
W0000037,1,median_sent_sats,9781039.0,1.9968178272247314,increases_risk
W0000037,2,graphsage_dim_10,-0.05696675553917885,-0.9083956480026245,decreases_risk
W0000037,3,isolation_forest_anomaly_score,0.1483865506166543,0.7173301577568054,increases_risk
W0000037,4,graphsage_dim_23,0.139649897813797,-0.620685338973999,decreases_risk
W0000037,5,country_entropy,2.8772209228566727,-0.5815988779067993,decreases_risk
W0000038,1,median_sent_sats,8270634.5,1.900597095489502,increases_risk
W0000038,2,observations_per_tx,1.619047619047619,-0.8783385157585144,decreases_risk
W0000038,3,isolation_forest_anomaly_score,0.10753552935145505,0.857404351234436,increases_risk
W0000038,4,country_entropy,2.9588132219366794,-0.6138540506362915,decreases_risk
W0000038,5,deterministic_score,0.31254237288135583,-0.38794296979904175,decreases_risk
W0000039,1,median_sent_sats,6374290.0,1.9961731433868408,increases_risk
W0000039,2,graphsage_dim_10,-0.418016642332077,-0.9831253290176392,decreases_risk
W0000039,3,isolation_forest_anomaly_score,0.32447208456200227,0.6642558574676514,increases_risk
W0000039,4,graphsage_dim_23,0.3195819854736328,-0.6043475270271301,decreases_risk
W0000039,5,country_entropy,2.456564762130954,-0.5405491590499878,decreases_risk
W0000040,1,median_sent_sats,8896758.0,2.047555446624756,increases_risk
W0000040,2,observations_per_tx,1.6875,-1.0652412176132202,decreases_risk
W0000040,3,graphsage_dim_10,-0.4491989016532898,-1.017920970916748,decreases_risk
W0000040,4,graphsage_dim_23,0.3712695240974426,-0.7480288147926331,decreases_risk
W0000040,5,isolation_forest_anomaly_score,0.4733037415699014,0.6389327049255371,increases_risk
W0000041,1,median_sent_sats,9432805.0,2.0766944885253906,increases_risk
W0000041,2,isolation_forest_anomaly_score,0.16718706223774504,0.7171890735626221,increases_risk
W0000041,3,country_entropy,2.766318095750438,-0.6301870942115784,decreases_risk
W0000041,4,graphsage_dim_23,-0.31189125776290894,0.4888072609901428,increases_risk
W0000041,5,deterministic_score,0.42437288135593215,-0.4470699727535248,decreases_risk
W0000042,1,median_sent_sats,8325651.0,2.1479830741882324,increases_risk
W0000042,2,observations_per_tx,1.6923076923076923,-0.9845117926597595,decreases_risk
W0000042,3,isolation_forest_anomaly_score,0.22211136386485497,0.7446097731590271,increases_risk
W0000042,4,country_entropy,2.714049516558326,-0.6705422401428223,decreases_risk
W0000042,5,graphsage_dim_23,-0.169760063290596,0.5162667632102966,increases_risk
W0000043,1,median_sent_sats,7054456.0,2.040661573410034,increases_risk
W0000043,2,observations_per_tx,1.8235294117647058,-1.1507192850112915,decreases_risk
W0000043,3,isolation_forest_anomaly_score,0.14948348678176704,0.777925968170166,increases_risk
W0000043,4,graphsage_dim_23,0.1449986845254898,-0.7105364203453064,decreases_risk
W0000043,5,country_entropy,3.021216501862947,-0.421121746301651,decreases_risk
W0000044,1,median_sent_sats,4547010.0,1.7856636047363281,increases_risk
W0000044,2,graphsage_dim_10,-0.4864448606967926,-0.8700273036956787,decreases_risk
W0000044,3,observations_per_tx,1.625,-0.807935357093811,decreases_risk
W0000044,4,isolation_forest_anomaly_score,0.27814655837819857,0.7886279225349426,increases_risk
W0000044,5,graphsage_dim_23,0.1780547797679901,-0.7126298546791077,decreases_risk
W0000045,1,median_sent_sats,7662292.5,2.0099940299987793,increases_risk
W0000045,2,graphsage_dim_10,-0.029811158776283264,-0.8479175567626953,decreases_risk
W0000045,3,isolation_forest_anomaly_score,0.1450202451996877,0.7307356595993042,increases_risk
W0000045,4,country_entropy,2.917478709594816,-0.6006591320037842,decreases_risk
W0000045,5,deterministic_score,0.4057966101694914,-0.49124619364738464,decreases_risk
W0000046,1,median_sent_sats,9961305.5,2.060873031616211,increases_risk
W0000046,2,observations_per_tx,1.894736842105263,-1.2440965175628662,decreases_risk
W0000046,3,isolation_forest_anomaly_score,0.1753948042253517,0.7018967866897583,increases_risk
W0000046,4,graphsage_dim_23,0.208592027425766,-0.6692973971366882,decreases_risk
W0000046,5,deterministic_score,0.41979661016949166,-0.5069112777709961,decreases_risk
W0000047,1,median_sent_sats,8520318.0,2.0338094234466553,increases_risk
W0000047,2,graphsage_dim_10,-0.2368048131465912,-0.915236234664917,decreases_risk
W0000047,3,isolation_forest_anomaly_score,0.21018343716726928,0.7214663624763489,increases_risk
W0000047,4,country_entropy,2.7385372452744563,-0.6320635676383972,decreases_risk
W0000047,5,graphsage_dim_23,-0.19289225339889526,0.4607747197151184,increases_risk
W0000048,1,median_sent_sats,7416438.0,2.045156717300415,increases_risk
W0000048,2,observations_per_tx,1.625,-0.9427458643913269,decreases_risk
W0000048,3,isolation_forest_anomaly_score,0.16122314998738607,0.8089239597320557,increases_risk
W0000048,4,country_entropy,2.6159931053905816,-0.688987672328949,decreases_risk
W0000048,5,graphsage_dim_23,-0.19270184636116028,0.49190738797187805,increases_risk
W0000049,1,median_sent_sats,6221090.0,1.911055088043213,increases_risk
W0000049,2,graphsage_dim_10,-0.3310890793800354,-0.8506762981414795,decreases_risk
W0000049,3,isolation_forest_anomaly_score,0.45800906120040674,0.8275064826011658,increases_risk
W0000049,4,observations_per_tx,1.619047619047619,-0.8081358075141907,decreases_risk
W0000049,5,graphsage_dim_23,0.31294360756874084,-0.5925092697143555,decreases_risk
W0000050,1,median_sent_sats,11997832.0,2.071634292602539,increases_risk
W0000050,2,isolation_forest_anomaly_score,0.27448504812400243,0.7931503653526306,increases_risk
W0000050,3,graphsage_dim_23,0.26617997884750366,-0.6156238317489624,decreases_risk
W0000050,4,country_entropy,2.751998763667425,-0.6081012487411499,decreases_risk
W0000050,5,observations_per_tx,1.4666666666666666,0.4913256764411926,increases_risk
W0000051,1,median_sent_sats,13194054.0,2.2961339950561523,increases_risk
W0000051,2,isolation_forest_anomaly_score,0.06192783537610724,0.7411698698997498,increases_risk
W0000051,3,observations_per_tx,1.380952380952381,0.5261425375938416,increases_risk
W0000051,4,graphsage_dim_10,0.16206040978431702,0.452357679605484,increases_risk
W0000051,5,country_entropy,3.1170545019808213,0.4084548354148865,increases_risk
W0000052,1,median_sent_sats,11746884.0,1.9973738193511963,increases_risk
W0000052,2,observations_per_tx,1.6521739130434783,-1.0374137163162231,decreases_risk
W0000052,3,isolation_forest_anomaly_score,0.16102796839334887,0.7549766302108765,increases_risk
W0000052,4,country_entropy,2.8419894575681703,-0.5900196433067322,decreases_risk
W0000052,5,avg_sent_sats,16225844.8,0.38694000244140625,increases_risk
W0000053,1,median_sent_sats,10459511.5,1.9346206188201904,increases_risk
W0000053,2,graphsage_dim_10,-0.32348397374153137,-0.9567834138870239,decreases_risk
W0000053,3,isolation_forest_anomaly_score,0.22857539934272775,0.7798057198524475,increases_risk
W0000053,4,country_entropy,2.8334776660726364,-0.5840847492218018,decreases_risk
W0000053,5,graphsage_dim_23,0.06821382790803909,-0.537278413772583,decreases_risk
W0000054,1,median_sent_sats,11446027.0,2.2744979858398438,increases_risk
W0000054,2,observations_per_tx,1.65,-0.9671980142593384,decreases_risk
W0000054,3,isolation_forest_anomaly_score,0.2716085363013664,0.7508045434951782,increases_risk
W0000054,4,country_entropy,2.9075050193978367,-0.5738813281059265,decreases_risk
W0000054,5,avg_sent_sats,18158078.384615384,0.3921782970428467,increases_risk
W0000055,1,median_sent_sats,10578634.0,1.9800384044647217,increases_risk
W0000055,2,graphsage_dim_10,-0.37744206190109253,-1.1337031126022339,decreases_risk
W0000055,3,isolation_forest_anomaly_score,0.18230145833788292,0.7485693097114563,increases_risk
W0000055,4,graphsage_dim_23,0.5617965459823608,-0.6227850317955017,decreases_risk
W0000055,5,country_entropy,2.9895489455674022,-0.6017679572105408,decreases_risk
W0000056,1,median_sent_sats,12433194.0,2.352015972137451,increases_risk
W0000056,2,observations_per_tx,1.64,-0.8597554564476013,decreases_risk
W0000056,3,graphsage_dim_23,-0.9717808961868286,0.6712744235992432,increases_risk
W0000056,4,isolation_forest_anomaly_score,0.4002570254384914,0.6676234006881714,increases_risk
W0000056,5,country_entropy,3.7321497091843283,0.4184314012527466,increases_risk
W0000057,1,median_sent_sats,9900468.0,2.026268720626831,increases_risk
W0000057,2,isolation_forest_anomaly_score,0.19326202549812477,0.8100495934486389,increases_risk
W0000057,3,graphsage_dim_10,0.003808286041021347,-0.7110635042190552,decreases_risk
W0000057,4,country_entropy,2.773695131143149,-0.6429992914199829,decreases_risk
W0000057,5,graphsage_dim_23,-0.35342615842819214,0.4654091000556946,increases_risk
W0000058,1,median_sent_sats,6375582.0,2.069291830062866,increases_risk
W0000058,2,isolation_forest_anomaly_score,0.5027764156467799,0.6982758641242981,increases_risk
W0000058,3,country_entropy,2.6616157143988106,-0.6719114184379578,decreases_risk
W0000058,4,graphsage_dim_23,0.15923522412776947,-0.5930368900299072,decreases_risk
W0000058,5,observations_per_tx,1.3636363636363635,0.5343784093856812,increases_risk
W0000059,1,median_sent_sats,8884843.5,2.0078799724578857,increases_risk
W0000059,2,observations_per_tx,1.75,-0.9648226499557495,decreases_risk
W0000059,3,isolation_forest_anomaly_score,0.13031564946919239,0.7837408185005188,increases_risk
W0000059,4,country_entropy,3.0057927159187146,-0.5799160003662109,decreases_risk
W0000059,5,deterministic_score,0.3695932203389831,-0.488198846578598,decreases_risk
W0000060,1,median_sent_sats,7419346.0,1.868727684020996,increases_risk
W0000060,2,graphsage_dim_10,-0.34807705879211426,-0.9745440483093262,decreases_risk
W0000060,3,isolation_forest_anomaly_score,0.251015750214729,0.7737671136856079,increases_risk
W0000060,4,graphsage_dim_23,0.30242764949798584,-0.6004001498222351,decreases_risk
W0000060,5,country_entropy,2.894273869771264,-0.5597274303436279,decreases_risk
W0000061,1,median_sent_sats,6522959.0,2.0828075408935547,increases_risk
W0000061,2,graphsage_dim_10,-0.2141079604625702,-0.8256814479827881,decreases_risk
W0000061,3,isolation_forest_anomaly_score,0.1991256930133588,0.6441850662231445,increases_risk
W0000061,4,graphsage_dim_23,0.41043826937675476,-0.5405682325363159,decreases_risk
W0000061,5,observations_per_tx,1.391304347826087,0.5162774920463562,increases_risk
W0000062,1,median_sent_sats,12794520.0,2.3584718704223633,increases_risk
W0000062,2,observations_per_tx,1.5862068965517242,-0.7736947536468506,decreases_risk
W0000062,3,isolation_forest_anomaly_score,0.4419111554536015,0.732292652130127,increases_risk
W0000062,4,graphsage_dim_23,-0.16560325026512146,0.5065820217132568,increases_risk
W0000062,5,avg_sent_sats,14714369.444444444,0.4244391620159149,increases_risk
W0000063,1,median_sent_sats,10452194.0,1.9319729804992676,increases_risk
W0000063,2,observations_per_tx,1.6363636363636365,-0.9409937262535095,decreases_risk
W0000063,3,isolation_forest_anomaly_score,0.1483417605485039,0.8507411479949951,increases_risk
W0000063,4,graphsage_dim_23,0.2793492078781128,-0.6292765736579895,decreases_risk
W0000063,5,graphsage_dim_10,0.009846661239862442,-0.6044169664382935,decreases_risk
W0000064,1,median_sent_sats,10872095.0,2.1140637397766113,increases_risk
W0000064,2,isolation_forest_anomaly_score,0.26467959970325594,0.7869298458099365,increases_risk
W0000064,3,country_entropy,2.788308822454333,-0.6307192444801331,decreases_risk
W0000064,4,observations_per_tx,1.4615384615384615,0.47349005937576294,increases_risk
W0000064,5,graphsage_dim_10,0.21737593412399292,0.44750142097473145,increases_risk
W0000065,1,median_sent_sats,4923798.0,2.055142402648926,increases_risk
W0000065,2,isolation_forest_anomaly_score,0.2648408140224221,0.7602012753486633,increases_risk
W0000065,3,country_entropy,2.6875,-0.6843779683113098,decreases_risk
W0000065,4,graphsage_dim_23,0.039902325719594955,-0.5622723698616028,decreases_risk
W0000065,5,observations_per_tx,1.4545454545454546,0.5080360770225525,increases_risk
W0000066,1,median_sent_sats,8657879.0,1.9591774940490723,increases_risk
W0000066,2,observations_per_tx,1.8125,-0.9585652351379395,decreases_risk
W0000066,3,isolation_forest_anomaly_score,0.200358585624285,0.8533681631088257,increases_risk
W0000066,4,country_entropy,3.010634247451883,-0.56168532371521,decreases_risk
W0000066,5,graphsage_dim_23,-0.15903061628341675,0.47807133197784424,increases_risk
W0000067,1,median_sent_sats,9236581.0,1.9542357921600342,increases_risk
W0000067,2,isolation_forest_anomaly_score,0.17739751276232762,0.8298960328102112,increases_risk
W0000067,3,observations_per_tx,1.5555555555555556,-0.8264908790588379,decreases_risk
W0000067,4,graphsage_dim_23,0.1603783369064331,-0.6094420552253723,decreases_risk
W0000067,5,country_entropy,2.7927770945095265,-0.5500912666320801,decreases_risk
W0000068,1,median_sent_sats,9044203.5,2.1302177906036377,increases_risk
W0000068,2,isolation_forest_anomaly_score,0.14708156208027456,0.758445680141449,increases_risk
W0000068,3,country_entropy,2.61907978760712,-0.6408703923225403,decreases_risk
W0000068,4,observations_per_tx,1.4375,0.4652627110481262,increases_risk
W0000068,5,avg_sent_sats,11772568.727272727,0.39266422390937805,increases_risk
W0000069,1,median_sent_sats,8842952.0,1.9537630081176758,increases_risk
W0000069,2,observations_per_tx,1.7037037037037037,-0.9740260243415833,decreases_risk
W0000069,3,graphsage_dim_10,-0.1486656218767166,-0.7968032360076904,decreases_risk
W0000069,4,isolation_forest_anomaly_score,0.2278261086683313,0.7462100386619568,increases_risk
W0000069,5,graphsage_dim_23,0.22609864175319672,-0.6721749901771545,decreases_risk
W0000070,1,median_sent_sats,6143845.0,2.2255806922912598,increases_risk
W0000070,2,graphsage_dim_10,-0.14775605499744415,-0.9294412136077881,decreases_risk
W0000070,3,isolation_forest_anomaly_score,0.2970034982196682,0.6713722348213196,increases_risk
W0000070,4,graphsage_dim_23,0.10853362828493118,-0.5901411771774292,decreases_risk
W0000070,5,observations_per_tx,1.3888888888888888,0.49363332986831665,increases_risk
W0000071,1,median_sent_sats,14580965.5,2.022155284881592,increases_risk
W0000071,2,isolation_forest_anomaly_score,0.20588498469037975,0.8229066133499146,increases_risk
W0000071,3,country_entropy,2.705968569835566,-0.5753710269927979,decreases_risk
W0000071,4,observations_per_tx,1.5217391304347827,0.535650372505188,increases_risk
W0000071,5,graphsage_dim_23,0.32986700534820557,-0.5195205211639404,decreases_risk
W0000072,1,median_sent_sats,7544825.5,2.1177964210510254,increases_risk
W0000072,2,observations_per_tx,1.6153846153846154,-0.9523233771324158,decreases_risk
W0000072,3,isolation_forest_anomaly_score,0.29107336680978635,0.8130666613578796,increases_risk
W0000072,4,country_entropy,2.9072660390523093,-0.538220226764679,decreases_risk
W0000072,5,avg_sent_sats,11182430.277777778,0.39215755462646484,increases_risk
W0000073,1,median_sent_sats,10671788.0,2.4285831451416016,increases_risk
W0000073,2,observations_per_tx,1.5909090909090908,-0.6814683079719543,decreases_risk
W0000073,3,isolation_forest_anomaly_score,0.23722336855599535,0.619192898273468,increases_risk
W0000073,4,graphsage_dim_23,-0.2050459086894989,0.508898913860321,increases_risk
W0000073,5,country_entropy,3.323966472423381,0.4529789686203003,increases_risk
W0000074,1,median_sent_sats,9204519.5,2.2022063732147217,increases_risk
W0000074,2,observations_per_tx,1.7727272727272727,-0.8642086386680603,decreases_risk
W0000074,3,isolation_forest_anomaly_score,0.24176765767656272,0.7806167006492615,increases_risk
W0000074,4,country_entropy,2.9727496701465888,-0.5579118132591248,decreases_risk
W0000074,5,graphsage_dim_23,-0.23000375926494598,0.49306926131248474,increases_risk
W0000075,1,median_sent_sats,5276847.5,2.1818413734436035,increases_risk
W0000075,2,isolation_forest_anomaly_score,0.13104775259064827,0.8438031673431396,increases_risk
W0000075,3,observations_per_tx,1.5925925925925926,-0.837472140789032,decreases_risk
W0000075,4,graphsage_dim_23,0.27138593792915344,-0.7328882217407227,decreases_risk
W0000075,5,avg_sent_sats,13607054.894736841,0.38617080450057983,increases_risk
W0000076,1,median_sent_sats,10357950.0,2.175300121307373,increases_risk
W0000076,2,observations_per_tx,1.75,-0.9488330483436584,decreases_risk
W0000076,3,isolation_forest_anomaly_score,0.2792706180379907,0.721001148223877,increases_risk
W0000076,4,country_entropy,3.014041912081807,-0.49950748682022095,decreases_risk
W0000076,5,graphsage_dim_23,-0.4242960810661316,0.4870835244655609,increases_risk
W0000077,1,median_sent_sats,14173038.5,1.9754257202148438,increases_risk
W0000077,2,graphsage_dim_10,-0.036231134086847305,-0.9051893949508667,decreases_risk
W0000077,3,isolation_forest_anomaly_score,0.17996702353937277,0.7829392552375793,increases_risk
W0000077,4,country_entropy,2.917669495766062,-0.582859218120575,decreases_risk
W0000077,5,graphsage_dim_23,0.3752821087837219,-0.5377033948898315,decreases_risk
W0000078,1,median_sent_sats,8105361.0,2.007018804550171,increases_risk
W0000078,2,observations_per_tx,1.5517241379310345,-0.754925012588501,decreases_risk
W0000078,3,isolation_forest_anomaly_score,0.197647207278292,0.7201651334762573,increases_risk
W0000078,4,graphsage_dim_23,0.2484065592288971,-0.6808297634124756,decreases_risk
W0000078,5,country_entropy,3.0183733742007473,-0.5163929462432861,decreases_risk
W0000079,1,median_sent_sats,7986960.0,2.3139379024505615,increases_risk
W0000079,2,graphsage_dim_10,0.010503992438316345,-0.7564539909362793,decreases_risk
W0000079,3,isolation_forest_anomaly_score,0.22528775155350445,0.6657112836837769,increases_risk
W0000079,4,observations_per_tx,1.4736842105263157,0.46568000316619873,increases_risk
W0000079,5,avg_sent_sats,12119348.965517242,0.42386433482170105,increases_risk
W0000080,1,median_sent_sats,7275662.5,1.85206937789917,increases_risk
W0000080,2,observations_per_tx,1.7692307692307692,-0.893478274345398,decreases_risk
W0000080,3,graphsage_dim_10,-0.7771470546722412,-0.8437862396240234,decreases_risk
W0000080,4,isolation_forest_anomaly_score,0.596942049904287,0.7738564610481262,increases_risk
W0000080,5,graphsage_dim_23,0.08638861030340195,-0.636323094367981,decreases_risk
W0000081,1,median_sent_sats,5863712.0,2.2012898921966553,increases_risk
W0000081,2,isolation_forest_anomaly_score,0.3455165410377872,0.6819721460342407,increases_risk
W0000081,3,graphsage_dim_23,0.2871988117694855,-0.6609340906143188,decreases_risk
W0000081,4,observations_per_tx,1.1,0.5846759080886841,increases_risk
W0000081,5,country_entropy,3.208987300258799,0.41310495138168335,increases_risk
W0000082,1,median_sent_sats,4928414.5,2.1386051177978516,increases_risk
W0000082,2,graphsage_dim_10,-0.3024779260158539,-1.0729976892471313,decreases_risk
W0000082,3,isolation_forest_anomaly_score,0.24308759283432546,0.7426674365997314,increases_risk
W0000082,4,country_entropy,2.9837692608027537,-0.5293616652488708,decreases_risk
W0000082,5,graphsage_dim_23,-0.11949168145656586,0.45792701840400696,increases_risk
W0000083,1,median_sent_sats,10077797.0,1.9700496196746826,increases_risk
W0000083,2,isolation_forest_anomaly_score,0.15356999899537105,0.7020441293716431,increases_risk
W0000083,3,country_entropy,2.9294014572307967,-0.6233029961585999,decreases_risk
W0000083,4,graphsage_dim_10,0.018376093357801437,-0.47762811183929443,decreases_risk
W0000083,5,deterministic_score,0.4133559322033899,-0.4277481138706207,decreases_risk
W0000084,1,median_sent_sats,9767598.0,1.9636223316192627,increases_risk
W0000084,2,isolation_forest_anomaly_score,0.15661213230735027,0.7111907005310059,increases_risk
W0000084,3,country_entropy,2.8111449111175286,-0.6313403844833374,decreases_risk
W0000084,4,graphsage_dim_23,0.21520563960075378,-0.5754203796386719,decreases_risk
W0000084,5,graphsage_dim_10,0.04793192073702812,-0.4642167091369629,decreases_risk
W0000085,1,median_sent_sats,15266683.0,1.9611804485321045,increases_risk
W0000085,2,observations_per_tx,1.6521739130434783,-1.0587878227233887,decreases_risk
W0000085,3,isolation_forest_anomaly_score,0.22379277756263438,0.8678751587867737,increases_risk
W0000085,4,graphsage_dim_23,0.0884956642985344,-0.6308377385139465,decreases_risk
W0000085,5,country_entropy,3.002512233097378,-0.499833345413208,decreases_risk
W0000086,1,median_sent_sats,8836360.0,2.1946468353271484,increases_risk
W0000086,2,observations_per_tx,1.8571428571428572,-1.0294227600097656,decreases_risk
W0000086,3,graphsage_dim_10,-0.05211879312992096,-0.7655892372131348,decreases_risk
W0000086,4,isolation_forest_anomaly_score,0.1852027770796575,0.7042813301086426,increases_risk
W0000086,5,graphsage_dim_23,-0.42067742347717285,0.4752090573310852,increases_risk
W0000087,1,median_sent_sats,7649436.0,2.3542768955230713,increases_risk
W0000087,2,isolation_forest_anomaly_score,0.24310994473104375,0.5549628138542175,increases_risk
W0000087,3,avg_sent_sats,13223702.789473685,0.4472011923789978,increases_risk
W0000087,4,country_entropy,3.202358000932091,0.4405243992805481,increases_risk
W0000087,5,observations_per_tx,1.5384615384615385,0.43066027760505676,increases_risk
W0000088,1,median_sent_sats,6968302.0,1.9719345569610596,increases_risk
W0000088,2,graphsage_dim_10,-0.33347997069358826,-0.9903016090393066,decreases_risk
W0000088,3,isolation_forest_anomaly_score,0.2926630963688357,0.773914635181427,increases_risk
W0000088,4,country_entropy,2.684771938731434,-0.6778165102005005,decreases_risk
W0000088,5,graphsage_dim_23,0.024169864133000374,-0.5428816676139832,decreases_risk
W0000089,1,median_sent_sats,17116155.0,2.0996456146240234,increases_risk
W0000089,2,isolation_forest_anomaly_score,0.15450456386032385,0.7470837831497192,increases_risk
W0000089,3,country_entropy,2.8346533382421324,-0.7055986523628235,decreases_risk
W0000089,4,observations_per_tx,1.5909090909090908,-0.6984661817550659,decreases_risk
W0000089,5,graphsage_dim_23,0.094912588596344,-0.6477906107902527,decreases_risk
W0000090,1,median_sent_sats,7510056.0,2.002150058746338,increases_risk
W0000090,2,observations_per_tx,1.7142857142857142,-0.9230772256851196,decreases_risk
W0000090,3,isolation_forest_anomaly_score,0.15674609208716028,0.6932844519615173,increases_risk
W0000090,4,country_entropy,2.896509612312497,-0.6275262236595154,decreases_risk
W0000090,5,deterministic_score,0.4872203389830508,-0.4530010521411896,decreases_risk
W0000091,1,median_sent_sats,10838329.0,2.2599685192108154,increases_risk
W0000091,2,observations_per_tx,1.7096774193548387,-1.083534836769104,decreases_risk
W0000091,3,isolation_forest_anomaly_score,0.24264832640095668,0.7500243782997131,increases_risk
W0000091,4,avg_sent_sats,16966921.041666668,0.40726834535598755,increases_risk
W0000091,5,graphsage_dim_10,0.30300775170326233,0.3348570764064789,increases_risk
W0000092,1,median_sent_sats,8542434.0,2.1275386810302734,increases_risk
W0000092,2,isolation_forest_anomaly_score,0.23880136679059094,0.7959687113761902,increases_risk
W0000092,3,country_entropy,2.840863839434868,-0.5860213041305542,decreases_risk
W0000092,4,graphsage_dim_23,0.13044913113117218,-0.5568053126335144,decreases_risk
W0000092,5,observations_per_tx,1.5,0.48462146520614624,increases_risk
W0000093,1,median_sent_sats,4496623.0,1.9716010093688965,increases_risk
W0000093,2,isolation_forest_anomaly_score,0.21840759908927376,0.8091133832931519,increases_risk
W0000093,3,graphsage_dim_10,-0.17535166442394257,-0.7698450088500977,decreases_risk
W0000093,4,observations_per_tx,1.5909090909090908,-0.6362746953964233,decreases_risk
W0000093,5,country_entropy,2.785705359888581,-0.6291176676750183,decreases_risk
W0000094,1,median_sent_sats,8165603.0,2.0116331577301025,increases_risk
W0000094,2,graphsage_dim_10,-0.011554554104804993,-0.8888998031616211,decreases_risk
W0000094,3,isolation_forest_anomaly_score,0.34942952439588726,0.7947303652763367,increases_risk
W0000094,4,graphsage_dim_23,0.45771774649620056,-0.5797710418701172,decreases_risk
W0000094,5,country_entropy,2.9809692661104847,-0.5234944224357605,decreases_risk
W0000095,1,median_sent_sats,5638208.0,1.8978931903839111,increases_risk
W0000095,2,observations_per_tx,1.8,-1.0267536640167236,decreases_risk
W0000095,3,isolation_forest_anomaly_score,0.12254594513429395,0.8052507638931274,increases_risk
W0000095,4,graphsage_dim_23,0.09164037555456161,-0.6745897531509399,decreases_risk
W0000095,5,country_entropy,2.7387652739393338,-0.652138888835907,decreases_risk
W0000096,1,median_sent_sats,7647171.0,1.956711769104004,increases_risk
W0000096,2,isolation_forest_anomaly_score,0.09482871845355667,0.8807895183563232,increases_risk
W0000096,3,observations_per_tx,1.7894736842105263,-0.8755173683166504,decreases_risk
W0000096,4,country_entropy,2.826157186745538,-0.5968866944313049,decreases_risk
W0000096,5,deterministic_score,0.35393220338983045,-0.4697249233722687,decreases_risk
W0000097,1,median_sent_sats,8868293.5,1.8839492797851562,increases_risk
W0000097,2,isolation_forest_anomaly_score,0.12205096900343326,0.8542038202285767,increases_risk
W0000097,3,observations_per_tx,1.55,-0.688367486000061,decreases_risk
W0000097,4,graphsage_dim_23,0.23520253598690033,-0.6587501764297485,decreases_risk
W0000097,5,country_entropy,2.909762640997142,-0.6423516273498535,decreases_risk
W0000098,1,median_sent_sats,3441265.0,2.1963016986846924,increases_risk
W0000098,2,graphsage_dim_10,-0.5082069039344788,-1.0159778594970703,decreases_risk
W0000098,3,isolation_forest_anomaly_score,0.49455129118038244,0.713908314704895,increases_risk
W0000098,4,observations_per_tx,1.375,0.5188575983047485,increases_risk
W0000098,5,graphsage_dim_23,0.0655052587389946,-0.48164960741996765,decreases_risk
W0000099,1,median_sent_sats,5791159.0,2.210820436477661,increases_risk
W0000099,2,observations_per_tx,1.6666666666666667,-1.2330960035324097,decreases_risk
W0000099,3,isolation_forest_anomaly_score,0.13733354681853682,0.7540505528450012,increases_risk
W0000099,4,graphsage_dim_23,0.146224245429039,-0.6913142800331116,decreases_risk
W0000099,5,avg_sent_sats,16868110.310344826,0.3749481439590454,increases_risk
W0000100,1,median_sent_sats,7819278.5,1.9857518672943115,increases_risk
W0000100,2,graphsage_dim_10,-0.13949012756347656,-0.9581282138824463,decreases_risk
W0000100,3,country_entropy,2.6084227224837924,-0.6923383474349976,decreases_risk
W0000100,4,isolation_forest_anomaly_score,0.0717138502533583,0.6503625512123108,increases_risk
W0000100,5,graphsage_dim_23,0.07892557978630066,-0.5851559638977051,decreases_risk
W0000101,1,median_sent_sats,10493487.0,2.3116626739501953,increases_risk
W0000101,2,observations_per_tx,2.076923076923077,-0.9571024775505066,decreases_risk
W0000101,3,isolation_forest_anomaly_score,0.47316123358189566,0.6900546550750732,increases_risk
W0000101,4,graphsage_dim_23,-0.4680267870426178,0.6693065166473389,increases_risk
W0000101,5,avg_sent_sats,19439144.222222224,0.3971295654773712,increases_risk
W0000102,1,median_sent_sats,5510761.0,2.0257935523986816,increases_risk
W0000102,2,graphsage_dim_10,-0.33895623683929443,-0.9866405725479126,decreases_risk
W0000102,3,isolation_forest_anomaly_score,0.19488141732640807,0.7159372568130493,increases_risk
W0000102,4,country_entropy,2.9103900340664133,-0.5571405291557312,decreases_risk
W0000102,5,graphsage_dim_23,0.5461164712905884,-0.5561113357543945,decreases_risk
W0000103,1,median_sent_sats,10336356.0,2.217075824737549,increases_risk
W0000103,2,isolation_forest_anomaly_score,0.09149300701786822,0.7313496470451355,increases_risk
W0000103,3,observations_per_tx,1.375,0.5961966514587402,increases_risk
W0000103,4,graphsage_dim_23,0.2740495502948761,-0.5680503845214844,decreases_risk
W0000103,5,deterministic_score,0.44261016949152554,-0.43982887268066406,decreases_risk
W0000104,1,median_sent_sats,14896488.0,2.162412643432617,increases_risk
W0000104,2,graphsage_dim_10,-0.22353175282478333,-0.9200992584228516,decreases_risk
W0000104,3,observations_per_tx,1.625,-0.8656613826751709,decreases_risk
W0000104,4,isolation_forest_anomaly_score,0.2866722580203376,0.6482834219932556,increases_risk
W0000104,5,graphsage_dim_23,-0.46269410848617554,0.47360125184059143,increases_risk
W0000105,1,median_sent_sats,4953830.0,1.8694372177124023,increases_risk
W0000105,2,observations_per_tx,1.9333333333333333,-0.8610287308692932,decreases_risk
W0000105,3,isolation_forest_anomaly_score,0.2900258178041002,0.7971349954605103,increases_risk
W0000105,4,graphsage_dim_10,-0.013053707778453827,-0.6779898405075073,decreases_risk
W0000105,5,graphsage_dim_23,0.4723457396030426,-0.6571375131607056,decreases_risk
W0000106,1,median_sent_sats,12110866.0,2.1918976306915283,increases_risk
W0000106,2,observations_per_tx,1.6956521739130435,-1.0094605684280396,decreases_risk
W0000106,3,graphsage_dim_10,-0.24182285368442535,-0.8950458765029907,decreases_risk
W0000106,4,isolation_forest_anomaly_score,0.14153062547259698,0.6851508021354675,increases_risk
W0000106,5,graphsage_dim_23,-0.36345985531806946,0.49051719903945923,increases_risk
W0000107,1,median_sent_sats,7302167.0,2.345200300216675,increases_risk
W0000107,2,isolation_forest_anomaly_score,0.30961105449751825,0.7005523443222046,increases_risk
W0000107,3,graphsage_dim_23,0.25174760818481445,-0.6422141194343567,decreases_risk
W0000107,4,observations_per_tx,1.5,0.543167233467102,increases_risk
W0000107,5,country_entropy,3.2536651719243213,0.42870593070983887,increases_risk
W0000108,1,median_sent_sats,8568698.0,2.2440176010131836,increases_risk
W0000108,2,isolation_forest_anomaly_score,0.3186632590488261,0.7758215069770813,increases_risk
W0000108,3,graphsage_dim_23,0.26202189922332764,-0.5969411730766296,decreases_risk
W0000108,4,graphsage_dim_10,0.028950925916433334,-0.5321557521820068,decreases_risk
W0000108,5,observations_per_tx,1.4444444444444444,0.49653762578964233,increases_risk
W0000109,1,median_sent_sats,8343307.0,2.0977208614349365,increases_risk
W0000109,2,graphsage_dim_10,-0.057345595210790634,-0.8401663303375244,decreases_risk
W0000109,3,isolation_forest_anomaly_score,0.22423350914083484,0.7316668629646301,increases_risk
W0000109,4,country_entropy,2.992328503668103,-0.5691089034080505,decreases_risk
W0000109,5,graphsage_dim_23,0.0858665406703949,-0.527404248714447,decreases_risk
W0000110,1,median_sent_sats,8800381.0,2.1252145767211914,increases_risk
W0000110,2,observations_per_tx,1.6818181818181819,-1.0927252769470215,decreases_risk
W0000110,3,isolation_forest_anomaly_score,0.1865807139804534,0.7368382215499878,increases_risk
W0000110,4,deterministic_score,0.4233898305084745,-0.45261669158935547,decreases_risk
W0000110,5,avg_sent_sats,18675603.76190476,0.37959083914756775,increases_risk
W0000111,1,median_sent_sats,6272959.0,1.8895933628082275,increases_risk
W0000111,2,graphsage_dim_10,-0.2969515323638916,-1.0130603313446045,decreases_risk
W0000111,3,isolation_forest_anomaly_score,0.1350584919675928,0.7801986336708069,increases_risk
W0000111,4,country_entropy,2.826818746201619,-0.6405986547470093,decreases_risk
W0000111,5,graphsage_dim_23,0.34530818462371826,-0.5968674421310425,decreases_risk
W0000112,1,median_sent_sats,7520310.0,1.9316060543060303,increases_risk
W0000112,2,observations_per_tx,1.625,-0.9832812547683716,decreases_risk
W0000112,3,isolation_forest_anomaly_score,0.7311342015751223,0.8679952621459961,increases_risk
W0000112,4,graphsage_dim_23,0.016608640551567078,-0.6298173069953918,decreases_risk
W0000112,5,country_entropy,2.8469404381715986,-0.5376370549201965,decreases_risk
W0000113,1,median_sent_sats,7975926.5,1.8603403568267822,increases_risk
W0000113,2,observations_per_tx,1.8888888888888888,-0.9619637727737427,decreases_risk
W0000113,3,isolation_forest_anomaly_score,0.4007449510771761,0.7842856049537659,increases_risk
W0000113,4,graphsage_dim_23,0.12071405351161957,-0.7386636137962341,decreases_risk
W0000113,5,country_entropy,2.6223587963054835,-0.610836386680603,decreases_risk
W0000114,1,median_sent_sats,10035804.0,2.178467035293579,increases_risk
W0000114,2,observations_per_tx,1.5833333333333333,-0.8457873463630676,decreases_risk
W0000114,3,graphsage_dim_23,0.013728652149438858,-0.6916970014572144,decreases_risk
W0000114,4,isolation_forest_anomaly_score,0.3027834698345906,0.6302489042282104,increases_risk
W0000114,5,country_entropy,3.273508664600234,0.4366834759712219,increases_risk
W0000115,1,median_sent_sats,7654182.5,1.9955990314483643,increases_risk
W0000115,2,graphsage_dim_10,-0.2604379653930664,-0.976778507232666,decreases_risk
W0000115,3,isolation_forest_anomaly_score,0.09627967651295255,0.8013641834259033,increases_risk
W0000115,4,country_entropy,2.871258696099276,-0.6167152523994446,decreases_risk
W0000115,5,graphsage_dim_23,0.11823605746030807,-0.5625985860824585,decreases_risk
W0000116,1,median_sent_sats,6525806.0,1.8918406963348389,increases_risk
W0000116,2,observations_per_tx,1.625,-1.0119775533676147,decreases_risk
W0000116,3,isolation_forest_anomaly_score,0.28949399827441247,0.8460891842842102,increases_risk
W0000116,4,graphsage_dim_23,0.26940831542015076,-0.671337902545929,decreases_risk
W0000116,5,country_entropy,2.799082019600643,-0.5614518523216248,decreases_risk
W0000117,1,median_sent_sats,14518350.0,1.9164538383483887,increases_risk
W0000117,2,observations_per_tx,1.6538461538461537,-0.9612648487091064,decreases_risk
W0000117,3,isolation_forest_anomaly_score,0.3249698088683617,0.8317831754684448,increases_risk
W0000117,4,graphsage_dim_23,0.28006067872047424,-0.6468988060951233,decreases_risk
W0000117,5,country_entropy,2.8941417335634227,-0.5859527587890625,decreases_risk
W0000118,1,median_sent_sats,11306362.0,1.896559238433838,increases_risk
W0000118,2,observations_per_tx,1.6,-1.1641662120819092,decreases_risk
W0000118,3,isolation_forest_anomaly_score,0.156753137386621,0.8794902563095093,increases_risk
W0000118,4,graphsage_dim_23,0.6257508397102356,-0.6875962615013123,decreases_risk
W0000118,5,country_entropy,2.927694271103767,-0.5674180388450623,decreases_risk
W0000119,1,median_sent_sats,11326607.0,1.9354321956634521,increases_risk
W0000119,2,observations_per_tx,1.6,-0.9918978214263916,decreases_risk
W0000119,3,isolation_forest_anomaly_score,0.06551102941638343,0.7810971736907959,increases_risk
W0000119,4,graphsage_dim_23,0.13012373447418213,-0.6483784317970276,decreases_risk
W0000119,5,country_entropy,2.953634114808694,-0.6160997748374939,decreases_risk
W0000120,1,median_sent_sats,5609264.0,2.0631375312805176,increases_risk
W0000120,2,graphsage_dim_10,-0.4890154302120209,-0.9239346981048584,decreases_risk
W0000120,3,isolation_forest_anomaly_score,0.2735325045808763,0.7095258235931396,increases_risk
W0000120,4,graphsage_dim_23,0.45119136571884155,-0.5590463280677795,decreases_risk
W0000120,5,country_entropy,3.004720439354874,-0.519169807434082,decreases_risk
W0000121,1,median_sent_sats,6380880.0,2.188063621520996,increases_risk
W0000121,2,isolation_forest_anomaly_score,0.3455102478935863,0.739668071269989,increases_risk
W0000121,3,graphsage_dim_23,0.03417176753282547,-0.5551624894142151,decreases_risk
W0000121,4,observations_per_tx,1.48,0.48269617557525635,increases_risk
W0000121,5,deterministic_score,0.47684745762711844,-0.44123518466949463,decreases_risk
W0000122,1,median_sent_sats,8651933.0,1.8454949855804443,increases_risk
W0000122,2,graphsage_dim_10,-0.6753952503204346,-0.8623631000518799,decreases_risk
W0000122,3,isolation_forest_anomaly_score,0.313565972415459,0.8272246718406677,increases_risk
W0000122,4,observations_per_tx,1.5909090909090908,-0.7872448563575745,decreases_risk
W0000122,5,graphsage_dim_23,0.47627758979797363,-0.6692375540733337,decreases_risk
W0000123,1,median_sent_sats,9196608.5,1.9865384101867676,increases_risk
W0000123,2,observations_per_tx,1.8076923076923077,-1.0229741334915161,decreases_risk
W0000123,3,isolation_forest_anomaly_score,0.24428228861156986,0.8161302804946899,increases_risk
W0000123,4,graphsage_dim_23,0.28995001316070557,-0.6843212246894836,decreases_risk
W0000123,5,deterministic_score,0.4105423728813558,-0.45610761642456055,decreases_risk
W0000124,1,median_sent_sats,6252624.5,2.058215856552124,increases_risk
W0000124,2,isolation_forest_anomaly_score,0.41263231128327826,0.7601775527000427,increases_risk
W0000124,3,country_entropy,2.675104514549948,-0.6621442437171936,decreases_risk
W0000124,4,graphsage_dim_23,0.3185860216617584,-0.6311911344528198,decreases_risk
W0000124,5,observations_per_tx,1.3846153846153846,0.5216240286827087,increases_risk
W0000125,1,median_sent_sats,11005229.0,2.1730668544769287,increases_risk
W0000125,2,observations_per_tx,1.826086956521739,-1.1762652397155762,decreases_risk
W0000125,3,isolation_forest_anomaly_score,0.17934828942182635,0.8323298096656799,increases_risk
W0000125,4,graphsage_dim_23,0.24234186112880707,-0.7269359230995178,decreases_risk
W0000125,5,country_entropy,3.4510758554561867,0.39569419622421265,increases_risk
W0000126,1,median_sent_sats,6566635.0,2.042202949523926,increases_risk
W0000126,2,isolation_forest_anomaly_score,0.21224834664009973,0.7930657863616943,increases_risk
W0000126,3,country_entropy,2.60824728589356,-0.686912477016449,decreases_risk
W0000126,4,graphsage_dim_23,0.047554612159729004,-0.5206059217453003,decreases_risk
W0000126,5,observations_per_tx,1.2857142857142858,0.4896785020828247,increases_risk
W0000127,1,median_sent_sats,8695357.0,2.053096055984497,increases_risk
W0000127,2,observations_per_tx,1.8461538461538463,-1.0805978775024414,decreases_risk
W0000127,3,isolation_forest_anomaly_score,0.1301131865303874,0.735931396484375,increases_risk
W0000127,4,deterministic_score,0.4002033898305084,-0.541149377822876,decreases_risk
W0000127,5,country_entropy,2.951400001014626,-0.5372000336647034,decreases_risk
W0000128,1,median_sent_sats,9270787.0,2.2466893196105957,increases_risk
W0000128,2,isolation_forest_anomaly_score,0.14238226150981959,0.663680911064148,increases_risk
W0000128,3,observations_per_tx,1.5,0.48313575983047485,increases_risk
W0000128,4,deterministic_score,0.41294915254237285,-0.48062482476234436,decreases_risk
W0000128,5,graphsage_dim_10,0.047235313802957535,-0.4457198977470398,decreases_risk
W0000129,1,median_sent_sats,7422559.0,2.2052927017211914,increases_risk
W0000129,2,observations_per_tx,1.7,-0.8218340277671814,decreases_risk
W0000129,3,isolation_forest_anomaly_score,0.3682521766690898,0.7653949856758118,increases_risk
W0000129,4,country_entropy,3.2857457540097106,0.38752180337905884,increases_risk
W0000129,5,avg_sent_sats,13045227.551724138,0.35881054401397705,increases_risk
W0000130,1,median_sent_sats,12407010.0,1.920720100402832,increases_risk
W0000130,2,observations_per_tx,1.5714285714285714,-0.8825482130050659,decreases_risk
W0000130,3,isolation_forest_anomaly_score,0.1410312843595415,0.8319557905197144,increases_risk
W0000130,4,graphsage_dim_23,0.2448570281267166,-0.6692250967025757,decreases_risk
W0000130,5,country_entropy,2.9387314435628245,-0.5491605401039124,decreases_risk
W0000131,1,median_sent_sats,10213283.0,1.9984776973724365,increases_risk
W0000131,2,graphsage_dim_10,-0.38948023319244385,-1.168106198310852,decreases_risk
W0000131,3,isolation_forest_anomaly_score,0.3164069027526587,0.7713926434516907,increases_risk
W0000131,4,country_entropy,2.7869674481420277,-0.5961010456085205,decreases_risk
W0000131,5,graphsage_dim_23,0.45882266759872437,-0.5422554612159729,decreases_risk
W0000132,1,median_sent_sats,10618096.5,1.9739172458648682,increases_risk
W0000132,2,graphsage_dim_10,-0.005319550633430481,-0.8361395597457886,decreases_risk
W0000132,3,isolation_forest_anomaly_score,0.03797913487639715,0.7769061923027039,increases_risk
W0000132,4,country_entropy,2.667545041560089,-0.6537946462631226,decreases_risk
W0000132,5,graphsage_dim_23,0.5160646438598633,-0.5636981725692749,decreases_risk
W0000133,1,median_sent_sats,13503309.0,2.2491071224212646,increases_risk
W0000133,2,isolation_forest_anomaly_score,0.2002966317329986,0.6866035461425781,increases_risk
W0000133,3,country_entropy,2.8417711812166147,-0.5954684019088745,decreases_risk
W0000133,4,observations_per_tx,1.3846153846153846,0.4990401864051819,increases_risk
W0000133,5,graphsage_dim_23,-0.19055666029453278,0.46076318621635437,increases_risk
W0000134,1,median_sent_sats,9358083.5,2.1928725242614746,increases_risk
W0000134,2,isolation_forest_anomaly_score,0.46018802695312266,0.8318504691123962,increases_risk
W0000134,3,observations_per_tx,1.5909090909090908,-0.7503475546836853,decreases_risk
W0000134,4,graphsage_dim_23,0.34163379669189453,-0.6698389649391174,decreases_risk
W0000134,5,avg_sent_sats,13449367.029411765,0.3735576272010803,increases_risk
W0000135,1,median_sent_sats,9576279.0,2.007202625274658,increases_risk
W0000135,2,observations_per_tx,1.7142857142857142,-0.9376680254936218,decreases_risk
W0000135,3,isolation_forest_anomaly_score,0.3441341044594416,0.7248535752296448,increases_risk
W0000135,4,country_entropy,2.969358397004671,-0.5793753266334534,decreases_risk
W0000135,5,graphsage_dim_23,-0.16370366513729095,0.477947860956192,increases_risk
W0000136,1,median_sent_sats,6880462.0,2.035203695297241,increases_risk
W0000136,2,graphsage_dim_10,-0.015715517103672028,-0.825299859046936,decreases_risk
W0000136,3,isolation_forest_anomaly_score,0.21340760127541458,0.7385566234588623,increases_risk
W0000136,4,country_entropy,2.9148722184639064,-0.5542839765548706,decreases_risk
W0000136,5,deterministic_score,0.43122033898305095,-0.5187656283378601,decreases_risk
W0000137,1,median_sent_sats,12049309.5,1.9819505214691162,increases_risk
W0000137,2,graphsage_dim_10,-0.01320609450340271,-0.8547943830490112,decreases_risk
W0000137,3,isolation_forest_anomaly_score,0.16989097907399164,0.7909179329872131,increases_risk
W0000137,4,country_entropy,2.710806477562909,-0.6062241196632385,decreases_risk
W0000137,5,graphsage_dim_23,0.5336238741874695,-0.5443923473358154,decreases_risk
W0000138,1,median_sent_sats,7806438.0,1.9740004539489746,increases_risk
W0000138,2,observations_per_tx,1.6,-1.0673598051071167,decreases_risk
W0000138,3,isolation_forest_anomaly_score,0.20596918101256978,0.7808714509010315,increases_risk
W0000138,4,graphsage_dim_23,0.055415961891412735,-0.628661036491394,decreases_risk
W0000138,5,country_entropy,3.012189999036047,-0.5402631163597107,decreases_risk
W0000139,1,median_sent_sats,8315914.0,2.021336555480957,increases_risk
W0000139,2,isolation_forest_anomaly_score,0.0320490934456068,0.8054254651069641,increases_risk
W0000139,3,graphsage_dim_10,6.370898336172104e-05,-0.6662386655807495,decreases_risk
W0000139,4,country_entropy,2.910169399978499,-0.5946855545043945,decreases_risk
W0000139,5,graphsage_dim_23,0.13653339445590973,-0.5530096888542175,decreases_risk
W0000140,1,median_sent_sats,9804534.5,1.980391025543213,increases_risk
W0000140,2,isolation_forest_anomaly_score,0.5203679903935886,0.6980891227722168,increases_risk
W0000140,3,country_entropy,2.3627402784989338,-0.6313437819480896,decreases_risk
W0000140,4,graphsage_dim_23,0.2616344392299652,-0.6202611923217773,decreases_risk
W0000140,5,observations_per_tx,1.125,0.517830491065979,increases_risk
W0000141,1,median_sent_sats,10723499.0,2.2437267303466797,increases_risk
W0000141,2,observations_per_tx,1.7857142857142858,-0.9405689239501953,decreases_risk
W0000141,3,graphsage_dim_10,-0.2504364550113678,-0.8081636428833008,decreases_risk
W0000141,4,isolation_forest_anomaly_score,0.3105909946339428,0.6994264125823975,increases_risk
W0000141,5,graphsage_dim_23,-0.16736170649528503,0.492988258600235,increases_risk
W0000142,1,median_sent_sats,4391412.0,1.880573034286499,increases_risk
W0000142,2,graphsage_dim_10,-0.3685585856437683,-0.9644885063171387,decreases_risk
W0000142,3,observations_per_tx,1.894736842105263,-0.841912031173706,decreases_risk
W0000142,4,isolation_forest_anomaly_score,0.29013775864977787,0.8166133761405945,increases_risk
W0000142,5,graphsage_dim_23,0.6460140347480774,-0.646274745464325,decreases_risk
W0000143,1,median_sent_sats,9582088.0,2.0697407722473145,increases_risk
W0000143,2,isolation_forest_anomaly_score,0.3739688677677595,0.7406760454177856,increases_risk
W0000143,3,graphsage_dim_23,0.5136350989341736,-0.5865998268127441,decreases_risk
W0000143,4,country_entropy,2.969786130993361,-0.5620381832122803,decreases_risk
W0000143,5,observations_per_tx,1.5,0.5177181959152222,increases_risk
W0000144,1,median_sent_sats,8078546.0,2.201277494430542,increases_risk
W0000144,2,isolation_forest_anomaly_score,0.22570504252046208,0.7433738112449646,increases_risk
W0000144,3,graphsage_dim_23,0.37766265869140625,-0.5968969464302063,decreases_risk
W0000144,4,country_entropy,2.9880486735492258,-0.569078803062439,decreases_risk
W0000144,5,observations_per_tx,1.4,0.4915488362312317,increases_risk
W0000145,1,median_sent_sats,7204240.0,2.0813512802124023,increases_risk
W0000145,2,isolation_forest_anomaly_score,0.28409097945215733,0.7580971717834473,increases_risk
W0000145,3,graphsage_dim_23,0.5991550087928772,-0.6007271409034729,decreases_risk
W0000145,4,country_entropy,2.824946973800295,-0.5954391360282898,decreases_risk
W0000145,5,observations_per_tx,1.434782608695652,0.5446042418479919,increases_risk
W0000146,1,median_sent_sats,7093732.5,2.1381053924560547,increases_risk
W0000146,2,observations_per_tx,1.6296296296296295,-0.9916335940361023,decreases_risk
W0000146,3,isolation_forest_anomaly_score,0.2636281982578158,0.7676809430122375,increases_risk
W0000146,4,graphsage_dim_23,0.3977690637111664,-0.7328882217407227,decreases_risk
W0000146,5,country_entropy,2.988205164502335,-0.5826038122177124,decreases_risk
W0000147,1,median_sent_sats,12860266.0,1.9320669174194336,increases_risk
W0000147,2,observations_per_tx,1.8461538461538463,-0.931774377822876,decreases_risk
W0000147,3,isolation_forest_anomaly_score,0.2545443309181541,0.8703694343566895,increases_risk
W0000147,4,graphsage_dim_10,-0.09797121584415436,-0.770065188407898,decreases_risk
W0000147,5,graphsage_dim_23,0.4601967930793762,-0.6838743686676025,decreases_risk
W0000148,1,median_sent_sats,6915284.5,2.089979887008667,increases_risk
W0000148,2,isolation_forest_anomaly_score,0.3592986057062342,0.8255672454833984,increases_risk
W0000148,3,graphsage_dim_23,0.09467093646526337,-0.5660020112991333,decreases_risk
W0000148,4,country_entropy,2.9441559156605988,-0.4835846424102783,decreases_risk
W0000148,5,deterministic_score,0.41071186440677965,-0.4176202714443207,decreases_risk
W0000149,1,median_sent_sats,12564037.5,1.9788975715637207,increases_risk
W0000149,2,isolation_forest_anomaly_score,0.1229876905077677,0.7583649158477783,increases_risk
W0000149,3,observations_per_tx,1.5789473684210527,-0.7505028247833252,decreases_risk
W0000149,4,graphsage_dim_23,0.11245745420455933,-0.7030038833618164,decreases_risk
W0000149,5,deterministic_score,0.43277966101694915,-0.39522552490234375,decreases_risk
W0000150,1,median_sent_sats,10417686.5,2.4379563331604004,increases_risk
W0000150,2,isolation_forest_anomaly_score,0.393000981288808,0.702509880065918,increases_risk
W0000150,3,graphsage_dim_23,0.22209960222244263,-0.5549042224884033,decreases_risk
W0000150,4,observations_per_tx,1.5,0.5360739231109619,increases_risk
W0000150,5,avg_sent_sats,14050154.041666666,0.4035765826702118,increases_risk
W0000151,1,median_sent_sats,8515230.0,2.060293436050415,increases_risk
W0000151,2,observations_per_tx,1.8095238095238095,-1.094687819480896,decreases_risk
W0000151,3,isolation_forest_anomaly_score,0.534821666565537,0.7903477549552917,increases_risk
W0000151,4,graphsage_dim_23,0.030174225568771362,-0.6261525750160217,decreases_risk
W0000151,5,country_entropy,2.896885642417332,-0.5422582030296326,decreases_risk
W0000152,1,median_sent_sats,5830810.5,1.8625245094299316,increases_risk
W0000152,2,isolation_forest_anomaly_score,0.6948587592621294,0.8401974439620972,increases_risk
W0000152,3,observations_per_tx,1.6,-0.8319408297538757,decreases_risk
W0000152,4,graphsage_dim_10,-1.7534531354904175,-0.7483965158462524,decreases_risk
W0000152,5,graphsage_dim_23,0.23237907886505127,-0.6678974628448486,decreases_risk
W0000153,1,median_sent_sats,11690023.0,2.119610071182251,increases_risk
W0000153,2,isolation_forest_anomaly_score,0.09835850489658926,0.7047077417373657,increases_risk
W0000153,3,country_entropy,2.740815768358743,-0.6812416315078735,decreases_risk
W0000153,4,deterministic_score,0.435491525423729,-0.5550141334533691,decreases_risk
W0000153,5,graphsage_dim_10,0.10343186557292938,0.430767685174942,increases_risk
W0000154,1,median_sent_sats,8288911.0,2.258157730102539,increases_risk
W0000154,2,isolation_forest_anomaly_score,0.3118517441541444,0.7606850266456604,increases_risk
W0000154,3,country_entropy,2.8860276044371,-0.5898405313491821,decreases_risk
W0000154,4,graphsage_dim_23,-0.3144006133079529,0.4810839891433716,increases_risk
W0000154,5,observations_per_tx,1.411764705882353,0.4565333127975464,increases_risk
W0000155,1,median_sent_sats,9755455.0,2.245452642440796,increases_risk
W0000155,2,observations_per_tx,1.6111111111111112,-0.942258358001709,decreases_risk
W0000155,3,isolation_forest_anomaly_score,0.1932249518444461,0.7032601237297058,increases_risk
W0000155,4,deterministic_score,0.41277966101694913,-0.4978286921977997,decreases_risk
W0000155,5,graphsage_dim_23,-0.3690967857837677,0.4969522953033447,increases_risk
W0000156,1,median_sent_sats,5529581.0,2.0700430870056152,increases_risk
W0000156,2,isolation_forest_anomaly_score,0.19730445646500128,0.7469949722290039,increases_risk
W0000156,3,country_entropy,2.6626994640132176,-0.5776430368423462,decreases_risk
W0000156,4,observations_per_tx,1.4615384615384615,0.5335295796394348,increases_risk
W0000156,5,graphsage_dim_23,0.052687183022499084,-0.5294967293739319,decreases_risk
W0000157,1,median_sent_sats,6104781.0,2.067528486251831,increases_risk
W0000157,2,isolation_forest_anomaly_score,0.27246592702505035,0.8075011968612671,increases_risk
W0000157,3,country_entropy,3.010964047443681,-0.5986297130584717,decreases_risk
W0000157,4,graphsage_dim_23,0.4941209554672241,-0.5912566781044006,decreases_risk
W0000157,5,observations_per_tx,1.4285714285714286,0.5433256030082703,increases_risk
W0000158,1,median_sent_sats,8232718.0,2.0899531841278076,increases_risk
W0000158,2,graphsage_dim_10,-0.07319730520248413,-0.800973653793335,decreases_risk
W0000158,3,isolation_forest_anomaly_score,0.3022758940647907,0.7159227132797241,increases_risk
W0000158,4,graphsage_dim_23,0.14577913284301758,-0.5756438970565796,decreases_risk
W0000158,5,observations_per_tx,1.4,0.48137420415878296,increases_risk
W0000159,1,median_sent_sats,8391593.0,1.936669111251831,increases_risk
W0000159,2,observations_per_tx,1.75,-1.1017248630523682,decreases_risk
W0000159,3,isolation_forest_anomaly_score,0.15295041315985203,0.8678988814353943,increases_risk
W0000159,4,graphsage_dim_23,0.40024518966674805,-0.6671212911605835,decreases_risk
W0000159,5,country_entropy,2.8696239739018266,-0.5498477220535278,decreases_risk
W0000160,1,median_sent_sats,8613395.5,2.0808632373809814,increases_risk
W0000160,2,graphsage_dim_10,-0.23719245195388794,-0.9093608856201172,decreases_risk
W0000160,3,isolation_forest_anomaly_score,0.19586843670958787,0.7270921468734741,increases_risk
W0000160,4,country_entropy,2.835484445975532,-0.5506154894828796,decreases_risk
W0000160,5,graphsage_dim_23,-0.09861235320568085,0.40366071462631226,increases_risk
W0000161,1,median_sent_sats,8348631.0,1.945803165435791,increases_risk
W0000161,2,observations_per_tx,1.65,-1.0015456676483154,decreases_risk
W0000161,3,isolation_forest_anomaly_score,0.27897311113644296,0.7760886549949646,increases_risk
W0000161,4,graphsage_dim_23,0.024848297238349915,-0.6621272563934326,decreases_risk
W0000161,5,country_entropy,2.9483439842106334,-0.5033984780311584,decreases_risk
W0000162,1,median_sent_sats,4856482.0,1.9714524745941162,increases_risk
W0000162,2,isolation_forest_anomaly_score,0.16980373060163056,0.7812538743019104,increases_risk
W0000162,3,country_entropy,2.7409832265499268,-0.667214572429657,decreases_risk
W0000162,4,graphsage_dim_10,0.03962600231170654,-0.4245169162750244,decreases_risk
W0000162,5,observations_per_tx,1.368421052631579,0.41234779357910156,increases_risk
W0000163,1,median_sent_sats,4092180.0,2.114881992340088,increases_risk
W0000163,2,isolation_forest_anomaly_score,0.11383599151671742,0.7187745571136475,increases_risk
W0000163,3,country_entropy,2.8645297862980876,-0.6302886009216309,decreases_risk
W0000163,4,observations_per_tx,1.3888888888888888,0.5380349159240723,increases_risk
W0000163,5,graphsage_dim_23,0.05156567692756653,-0.5005359649658203,decreases_risk
W0000164,1,median_sent_sats,6030179.0,2.124011278152466,increases_risk
W0000164,2,isolation_forest_anomaly_score,0.02276134501768079,0.7144851684570312,increases_risk
W0000164,3,country_entropy,2.788754913993504,-0.6646763682365417,decreases_risk
W0000164,4,deterministic_score,0.37589830508474575,-0.48595747351646423,decreases_risk
W0000164,5,observations_per_tx,1.434782608695652,0.4847049117088318,increases_risk
W0000165,1,median_sent_sats,7100141.0,1.9624764919281006,increases_risk
W0000165,2,isolation_forest_anomaly_score,0.018503717334144687,0.8470087647438049,increases_risk
W0000165,3,graphsage_dim_10,-0.02216532453894615,-0.8373991250991821,decreases_risk
W0000165,4,country_entropy,2.7694176198348956,-0.6586613059043884,decreases_risk
W0000165,5,deterministic_score,0.4319661016949152,-0.5009058117866516,decreases_risk
W0000166,1,median_sent_sats,6248647.5,2.312272310256958,increases_risk
W0000166,2,isolation_forest_anomaly_score,0.47283889933121304,0.7386985421180725,increases_risk
W0000166,3,observations_per_tx,1.3333333333333333,0.582587718963623,increases_risk
W0000166,4,graphsage_dim_23,0.10444080829620361,-0.5581538081169128,decreases_risk
W0000166,5,avg_sent_sats,9212550.75,0.3873511254787445,increases_risk
W0000167,1,median_sent_sats,8083475.0,1.962479591369629,increases_risk
W0000167,2,isolation_forest_anomaly_score,0.10724350170247199,0.8154940009117126,increases_risk
W0000167,3,graphsage_dim_23,0.2564241290092468,-0.5725895762443542,decreases_risk
W0000167,4,country_entropy,2.898108801295028,-0.5473675727844238,decreases_risk
W0000167,5,observations_per_tx,1.3,0.4551677703857422,increases_risk
W0000168,1,median_sent_sats,10462888.0,2.038628101348877,increases_risk
W0000168,2,graphsage_dim_10,-0.05682381987571716,-0.7852621078491211,decreases_risk
W0000168,3,isolation_forest_anomaly_score,0.10184226952337316,0.7498160600662231,increases_risk
W0000168,4,graphsage_dim_23,0.09807092696428299,-0.6587501764297485,decreases_risk
W0000168,5,observations_per_tx,1.55,-0.5919693112373352,decreases_risk
W0000169,1,median_sent_sats,7235431.0,2.2332422733306885,increases_risk
W0000169,2,observations_per_tx,1.75,-1.012628436088562,decreases_risk
W0000169,3,isolation_forest_anomaly_score,0.3165761522436741,0.7312960624694824,increases_risk
W0000169,4,graphsage_dim_23,-0.15252962708473206,0.5099784135818481,increases_risk
W0000169,5,avg_sent_sats,11074469.0,0.4126129746437073,increases_risk
W0000170,1,median_sent_sats,11300500.5,2.131924629211426,increases_risk
W0000170,2,observations_per_tx,1.6666666666666667,-1.1523678302764893,decreases_risk
W0000170,3,graphsage_dim_23,0.11708159744739532,-0.7313026785850525,decreases_risk
W0000170,4,isolation_forest_anomaly_score,0.3449176496027123,0.7019827961921692,increases_risk
W0000170,5,country_entropy,3.2643340317924086,0.42708462476730347,increases_risk
W0000171,1,median_sent_sats,10840578.0,1.8790709972381592,increases_risk
W0000171,2,graphsage_dim_10,-0.4677393138408661,-0.8751586675643921,decreases_risk
W0000171,3,observations_per_tx,1.6,-0.7607018947601318,decreases_risk
W0000171,4,isolation_forest_anomaly_score,0.36597853564211213,0.6978813409805298,increases_risk
W0000171,5,graphsage_dim_23,0.4688335657119751,-0.6977255940437317,decreases_risk
W0000172,1,median_sent_sats,17205407.0,2.3785245418548584,increases_risk
W0000172,2,isolation_forest_anomaly_score,0.3511486623235516,0.7613773941993713,increases_risk
W0000172,3,graphsage_dim_23,0.45819753408432007,-0.5803182125091553,decreases_risk
W0000172,4,observations_per_tx,1.4705882352941178,0.564507246017456,increases_risk
W0000172,5,graphsage_dim_10,0.616814374923706,0.4106460213661194,increases_risk
W0000173,1,median_sent_sats,12889128.5,1.9159235954284668,increases_risk
W0000173,2,observations_per_tx,1.894736842105263,-1.0759000778198242,decreases_risk
W0000173,3,isolation_forest_anomaly_score,0.14198962965176987,0.8099128603935242,increases_risk
W0000173,4,graphsage_dim_23,0.06890754401683807,-0.6513728499412537,decreases_risk
W0000173,5,graphsage_dim_10,0.012141380459070206,-0.5315238833427429,decreases_risk
W0000174,1,median_sent_sats,7766616.0,2.1730856895446777,increases_risk
W0000174,2,isolation_forest_anomaly_score,0.28974867773884727,0.7383774518966675,increases_risk
W0000174,3,graphsage_dim_23,0.21651360392570496,-0.6133211255073547,decreases_risk
W0000174,4,country_entropy,2.9616157143988104,-0.5128512978553772,decreases_risk
W0000174,5,observations_per_tx,1.4285714285714286,0.4818952679634094,increases_risk
W0000175,1,median_sent_sats,8547247.0,1.9237024784088135,increases_risk
W0000175,2,observations_per_tx,1.7333333333333334,-1.1060760021209717,decreases_risk
W0000175,3,isolation_forest_anomaly_score,0.17188992696406735,0.8574556708335876,increases_risk
W0000175,4,graphsage_dim_23,0.2413206696510315,-0.6674050092697144,decreases_risk
W0000175,5,country_entropy,2.856367841934542,-0.5773190259933472,decreases_risk
W0000176,1,median_sent_sats,9425202.0,2.231759786605835,increases_risk
W0000176,2,observations_per_tx,1.5714285714285714,-0.8233800530433655,decreases_risk
W0000176,3,isolation_forest_anomaly_score,0.48608407425942546,0.7662070393562317,increases_risk
W0000176,4,graphsage_dim_23,0.3877389430999756,-0.6716597676277161,decreases_risk
W0000176,5,country_entropy,3.321252418935677,0.3855002522468567,increases_risk
W0000177,1,median_sent_sats,3938957.0,1.9341814517974854,increases_risk
W0000177,2,graphsage_dim_10,-0.4213182330131531,-0.970718502998352,decreases_risk
W0000177,3,isolation_forest_anomaly_score,0.28150742170954157,0.8647743463516235,increases_risk
W0000177,4,graphsage_dim_23,0.26551881432533264,-0.5949012041091919,decreases_risk
W0000177,5,country_entropy,2.7033848993102914,-0.5477209687232971,decreases_risk
W0000178,1,median_sent_sats,10315060.0,1.9860920906066895,increases_risk
W0000178,2,graphsage_dim_10,-0.2500359117984772,-0.9877105951309204,decreases_risk
W0000178,3,isolation_forest_anomaly_score,0.27458435703388184,0.7807621955871582,increases_risk
W0000178,4,graphsage_dim_23,0.6980136632919312,-0.5596209764480591,decreases_risk
W0000178,5,country_entropy,2.807620254869815,-0.5269842147827148,decreases_risk
W0000179,1,median_sent_sats,6957774.0,2.2524263858795166,increases_risk
W0000179,2,observations_per_tx,1.7333333333333334,-1.166651964187622,decreases_risk
W0000179,3,isolation_forest_anomaly_score,0.13606918219258723,0.7210534811019897,increases_risk
W0000179,4,country_entropy,3.236676010026864,0.4187241196632385,increases_risk
W0000179,5,avg_sent_sats,10814005.157894736,0.3906359076499939,increases_risk
W0000180,1,median_sent_sats,9670159.0,2.0537092685699463,increases_risk
W0000180,2,isolation_forest_anomaly_score,0.37379062907458926,0.7632954120635986,increases_risk
W0000180,3,graphsage_dim_23,0.3530323803424835,-0.7047251462936401,decreases_risk
W0000180,4,observations_per_tx,1.565217391304348,-0.688478946685791,decreases_risk
W0000180,5,country_entropy,2.9310960705857343,-0.5190706849098206,decreases_risk
W0000181,1,median_sent_sats,12728294.0,2.192770004272461,increases_risk
W0000181,2,observations_per_tx,1.8571428571428572,-1.1401574611663818,decreases_risk
W0000181,3,isolation_forest_anomaly_score,0.2522348880700753,0.8306887149810791,increases_risk
W0000181,4,country_entropy,2.8353532193365103,-0.5636765360832214,decreases_risk
W0000181,5,graphsage_dim_23,-0.34893935918807983,0.4562358558177948,increases_risk
W0000182,1,median_sent_sats,13379910.0,2.363136053085327,increases_risk
W0000182,2,isolation_forest_anomaly_score,0.30500614594067654,0.6225588917732239,increases_risk
W0000182,3,observations_per_tx,1.4615384615384615,0.5739545226097107,increases_risk
W0000182,4,graphsage_dim_10,0.23658086359500885,0.462502121925354,increases_risk
W0000182,5,graphsage_dim_23,-0.1638980209827423,0.4507470726966858,increases_risk
W0000183,1,median_sent_sats,12386213.5,2.097277879714966,increases_risk
W0000183,2,country_entropy,2.5638218872674567,-0.7196166515350342,decreases_risk
W0000183,3,isolation_forest_anomaly_score,0.4120546005975384,0.6306199431419373,increases_risk
W0000183,4,graphsage_dim_23,-0.6840978860855103,0.6058297753334045,increases_risk
W0000183,5,graphsage_dim_10,0.4133967161178589,0.45156043767929077,increases_risk
W0000184,1,median_sent_sats,6729667.0,2.189183473587036,increases_risk
W0000184,2,graphsage_dim_10,-0.06461663544178009,-0.855255126953125,decreases_risk
W0000184,3,isolation_forest_anomaly_score,0.15178483524369046,0.6413091421127319,increases_risk
W0000184,4,graphsage_dim_23,0.15427017211914062,-0.6172295808792114,decreases_risk
W0000184,5,observations_per_tx,1.2857142857142858,0.47740381956100464,increases_risk
W0000185,1,median_sent_sats,8113709.5,2.0249087810516357,increases_risk
W0000185,2,isolation_forest_anomaly_score,0.21892934097797978,0.789860725402832,increases_risk
W0000185,3,country_entropy,2.961625898490169,-0.5586320161819458,decreases_risk
W0000185,4,graphsage_dim_23,0.2530221939086914,-0.5300971269607544,decreases_risk
W0000185,5,observations_per_tx,1.4,0.4973360300064087,increases_risk
W0000186,1,median_sent_sats,7170740.0,2.3028178215026855,increases_risk
W0000186,2,observations_per_tx,1.7692307692307692,-1.0264712572097778,decreases_risk
W0000186,3,isolation_forest_anomaly_score,0.37959266207554365,0.7296143770217896,increases_risk
W0000186,4,country_entropy,3.3205628186623493,0.4236728549003601,increases_risk
W0000186,5,avg_sent_sats,16614751.857142856,0.3952135145664215,increases_risk
W0000187,1,median_sent_sats,8654857.0,2.227104902267456,increases_risk
W0000187,2,isolation_forest_anomaly_score,0.15185362873319008,0.6998380422592163,increases_risk
W0000187,3,observations_per_tx,1.565217391304348,-0.6916904449462891,decreases_risk
W0000187,4,deterministic_score,0.4590847457627119,-0.46277859807014465,decreases_risk
W0000187,5,avg_sent_sats,17312402.10526316,0.4092622995376587,increases_risk
W0000188,1,median_sent_sats,7917389.0,1.9995503425598145,increases_risk
W0000188,2,isolation_forest_anomaly_score,0.057254839038537786,0.8063217401504517,increases_risk
W0000188,3,country_entropy,2.6991378652735847,-0.6439345479011536,decreases_risk
W0000188,4,graphsage_dim_23,0.38717055320739746,-0.5686566829681396,decreases_risk
W0000188,5,graphsage_dim_10,0.013493379577994347,-0.47848159074783325,decreases_risk
W0000189,1,median_sent_sats,7711067.0,1.9738905429840088,increases_risk
W0000189,2,graphsage_dim_10,-0.18022343516349792,-0.9243878126144409,decreases_risk
W0000189,3,isolation_forest_anomaly_score,0.23413151432747759,0.7343964576721191,increases_risk
W0000189,4,country_entropy,2.8905380059573034,-0.642048180103302,decreases_risk
W0000189,5,observations_per_tx,1.5,0.40581727027893066,increases_risk
W0000190,1,median_sent_sats,5945623.0,1.9047470092773438,increases_risk
W0000190,2,observations_per_tx,1.6956521739130435,-0.8702412247657776,decreases_risk
W0000190,3,isolation_forest_anomaly_score,0.3218117558245547,0.7713838815689087,increases_risk
W0000190,4,graphsage_dim_10,-0.1473313421010971,-0.7283415794372559,decreases_risk
W0000190,5,graphsage_dim_23,0.5708906650543213,-0.661142110824585,decreases_risk
W0000191,1,median_sent_sats,17410331.5,2.1724555492401123,increases_risk
W0000191,2,isolation_forest_anomaly_score,0.5654157602467171,0.6393651366233826,increases_risk
W0000191,3,country_entropy,2.8133965877012383,-0.6270089745521545,decreases_risk
W0000191,4,graphsage_dim_23,-0.8140683174133301,0.5644909739494324,increases_risk
W0000191,5,graphsage_dim_10,0.19348040223121643,0.4516448378562927,increases_risk
W0000192,1,median_sent_sats,10567726.0,2.4066150188446045,increases_risk
W0000192,2,observations_per_tx,1.5952380952380953,-0.8171147108078003,decreases_risk
W0000192,3,isolation_forest_anomaly_score,0.4940543988975332,0.7031143307685852,increases_risk
W0000192,4,graphsage_dim_23,-0.4643653631210327,0.5401303172111511,increases_risk
W0000192,5,country_entropy,3.708646062160197,0.40186887979507446,increases_risk
W0000193,1,median_sent_sats,7809694.5,2.1657443046569824,increases_risk
W0000193,2,observations_per_tx,1.8888888888888888,-0.993125855922699,decreases_risk
W0000193,3,isolation_forest_anomaly_score,0.2278570502130456,0.7733475565910339,increases_risk
W0000193,4,graphsage_dim_10,0.01266496255993843,-0.6683787107467651,decreases_risk
W0000193,5,avg_sent_sats,13095250.866666667,0.4098230004310608,increases_risk
W0000194,1,median_sent_sats,7942077.0,1.9432168006896973,increases_risk
W0000194,2,graphsage_dim_10,-0.39051827788352966,-1.041866421699524,decreases_risk
W0000194,3,isolation_forest_anomaly_score,0.2635767137058289,0.788711667060852,increases_risk
W0000194,4,country_entropy,2.873235826376329,-0.5677555799484253,decreases_risk
W0000194,5,graphsage_dim_23,0.4720526933670044,-0.5337705016136169,decreases_risk
W0000195,1,median_sent_sats,7845189.0,1.9142470359802246,increases_risk
W0000195,2,graphsage_dim_10,-0.10481691360473633,-0.8058211803436279,decreases_risk
W0000195,3,isolation_forest_anomaly_score,0.6971901256391244,0.7719207406044006,increases_risk
W0000195,4,observations_per_tx,1.8888888888888888,-0.7364940643310547,decreases_risk
W0000195,5,graphsage_dim_23,-0.5298433899879456,0.639024555683136,increases_risk
W0000196,1,median_sent_sats,10563641.0,2.02150297164917,increases_risk
W0000196,2,observations_per_tx,1.6206896551724137,-0.9815587997436523,decreases_risk
W0000196,3,isolation_forest_anomaly_score,0.16240158707643926,0.813049852848053,increases_risk
W0000196,4,graphsage_dim_23,0.28530529141426086,-0.7128790616989136,decreases_risk
W0000196,5,country_entropy,2.9038654961300474,-0.6309265494346619,decreases_risk
W0000197,1,median_sent_sats,7863533.0,2.1527085304260254,increases_risk
W0000197,2,isolation_forest_anomaly_score,0.13759278871099068,0.7798949480056763,increases_risk
W0000197,3,observations_per_tx,1.4666666666666666,0.5425276756286621,increases_risk
W0000197,4,graphsage_dim_23,0.07689762115478516,-0.5291353464126587,decreases_risk
W0000197,5,deterministic_score,0.3985762711864408,-0.49464690685272217,decreases_risk
W0000198,1,median_sent_sats,8177513.0,2.186140298843384,increases_risk
W0000198,2,observations_per_tx,1.6842105263157894,-1.069575548171997,decreases_risk
W0000198,3,isolation_forest_anomaly_score,0.43490508230527947,0.758965015411377,increases_risk
W0000198,4,deterministic_score,0.3987118644067797,-0.5229156017303467,decreases_risk
W0000198,5,country_entropy,3.32333463533804,0.39448481798171997,increases_risk
W0000199,1,median_sent_sats,6917016.0,2.1758453845977783,increases_risk
W0000199,2,observations_per_tx,1.65,-1.0899112224578857,decreases_risk
W0000199,3,isolation_forest_anomaly_score,0.2387964806857601,0.7124766111373901,increases_risk
W0000199,4,graphsage_dim_23,0.32844462990760803,-0.656072199344635,decreases_risk
W0000199,5,country_entropy,3.1431129686390182,0.3832017183303833,increases_risk
W0000200,1,median_sent_sats,11196323.5,2.3089852333068848,increases_risk
W0000200,2,observations_per_tx,1.68,-1.075915813446045,decreases_risk
W0000200,3,isolation_forest_anomaly_score,0.32271986107961526,0.7255113124847412,increases_risk
W0000200,4,graphsage_dim_23,-0.23346558213233948,0.46819859743118286,increases_risk
W0000200,5,avg_sent_sats,19163836.94736842,0.4102930426597595,increases_risk
W0000201,1,median_sent_sats,7625943.0,1.8769259452819824,increases_risk
W0000201,2,observations_per_tx,1.6666666666666667,-0.8926066160202026,decreases_risk
W0000201,3,isolation_forest_anomaly_score,0.6971361252613913,0.8432356119155884,increases_risk
W0000201,4,graphsage_dim_10,-0.20488904416561127,-0.7463110685348511,decreases_risk
W0000201,5,graphsage_dim_23,1.0392512083053589,-0.6360473036766052,decreases_risk
W0000202,1,median_sent_sats,13390080.0,2.034242630004883,increases_risk
W0000202,2,observations_per_tx,1.625,-0.9360896348953247,decreases_risk
W0000202,3,isolation_forest_anomaly_score,0.20403057741347919,0.8754991888999939,increases_risk
W0000202,4,country_entropy,2.8407973188879496,-0.5832887291908264,decreases_risk
W0000202,5,graphsage_dim_23,-0.12363824248313904,0.4656223952770233,increases_risk
W0000203,1,median_sent_sats,9771561.0,2.137941360473633,increases_risk
W0000203,2,isolation_forest_anomaly_score,0.14133178381661782,0.8143547773361206,increases_risk
W0000203,3,graphsage_dim_10,-0.021041743457317352,-0.7997349500656128,decreases_risk
W0000203,4,deterministic_score,0.4184406779661016,-0.49537351727485657,decreases_risk
W0000203,5,graphsage_dim_23,-0.2581070363521576,0.4539618492126465,increases_risk
W0000204,1,median_sent_sats,11896558.0,1.8858606815338135,increases_risk
W0000204,2,observations_per_tx,1.6842105263157894,-0.7963777780532837,decreases_risk
W0000204,3,graphsage_dim_10,-0.1358237862586975,-0.7667931318283081,decreases_risk
W0000204,4,isolation_forest_anomaly_score,0.07536030462855015,0.7664386630058289,increases_risk
W0000204,5,graphsage_dim_23,0.061598267406225204,-0.6543012857437134,decreases_risk
W0000205,1,median_sent_sats,8167354.0,1.9368762969970703,increases_risk
W0000205,2,graphsage_dim_10,-0.013343576341867447,-0.8176831007003784,decreases_risk
W0000205,3,isolation_forest_anomaly_score,0.1703754645051736,0.7819023728370667,increases_risk
W0000205,4,country_entropy,2.620325542543215,-0.6141583919525146,decreases_risk
W0000205,5,graphsage_dim_23,0.3492967486381531,-0.5062476396560669,decreases_risk
W0000206,1,median_sent_sats,5888751.0,2.2263400554656982,increases_risk
W0000206,2,observations_per_tx,1.6666666666666667,-1.0628621578216553,decreases_risk
W0000206,3,isolation_forest_anomaly_score,0.14874765304999493,0.8004677295684814,increases_risk
W0000206,4,graphsage_dim_23,-0.3364986777305603,0.4577758014202118,increases_risk
W0000206,5,country_entropy,3.4185910043352385,0.3987482190132141,increases_risk
W0000207,1,median_sent_sats,5522576.0,1.9585740566253662,increases_risk
W0000207,2,graphsage_dim_10,-0.5790825486183167,-1.0085562467575073,decreases_risk
W0000207,3,isolation_forest_anomaly_score,0.5035832651536478,0.7828205227851868,increases_risk
W0000207,4,country_entropy,2.8578288758198447,-0.611309826374054,decreases_risk
W0000207,5,graphsage_dim_23,1.1294156312942505,-0.5679303407669067,decreases_risk
W0000208,1,median_sent_sats,12535966.0,2.0259287357330322,increases_risk
W0000208,2,observations_per_tx,1.826086956521739,-0.9591705203056335,decreases_risk
W0000208,3,graphsage_dim_10,-0.3620871603488922,-0.8467639684677124,decreases_risk
W0000208,4,isolation_forest_anomaly_score,0.36753328652070094,0.6876980662345886,increases_risk
W0000208,5,graphsage_dim_23,-0.43387800455093384,0.49675729870796204,increases_risk
W0000209,1,median_sent_sats,7576840.0,2.003568649291992,increases_risk
W0000209,2,graphsage_dim_10,-0.1354450136423111,-0.8829232454299927,decreases_risk
W0000209,3,isolation_forest_anomaly_score,0.2008878127392124,0.7155494093894958,increases_risk
W0000209,4,country_entropy,2.995864648336087,-0.5720540881156921,decreases_risk
W0000209,5,graphsage_dim_23,0.4786127209663391,-0.5470251441001892,decreases_risk
W0000210,1,median_sent_sats,13418599.0,2.355581283569336,increases_risk
W0000210,2,isolation_forest_anomaly_score,0.13951798603833399,0.6433567404747009,increases_risk
W0000210,3,deterministic_score,0.4215254237288137,-0.5623589754104614,decreases_risk
W0000210,4,observations_per_tx,1.5,0.5304953455924988,increases_risk
W0000210,5,graphsage_dim_23,-0.21390171349048615,0.49136772751808167,increases_risk
W0000211,1,median_sent_sats,7709914.0,2.087224245071411,increases_risk
W0000211,2,graphsage_dim_10,-0.3700443506240845,-0.9695425033569336,decreases_risk
W0000211,3,isolation_forest_anomaly_score,0.2139268688434024,0.7289266586303711,increases_risk
W0000211,4,country_entropy,2.892091859889595,-0.5736707448959351,decreases_risk
W0000211,5,graphsage_dim_23,-0.31841957569122314,0.49764522910118103,increases_risk
W0000212,1,median_sent_sats,10000480.0,2.0784056186676025,increases_risk
W0000212,2,graphsage_dim_10,-0.10401888191699982,-0.815447211265564,decreases_risk
W0000212,3,isolation_forest_anomaly_score,0.39341190151667993,0.7482888698577881,increases_risk
W0000212,4,country_entropy,2.9895489455674022,-0.5115110874176025,decreases_risk
W0000212,5,graphsage_dim_23,0.9092435836791992,-0.4814361035823822,decreases_risk
W0000213,1,median_sent_sats,6816703.5,2.2150518894195557,increases_risk
W0000213,2,isolation_forest_anomaly_score,0.6452351655094108,0.7102037072181702,increases_risk
W0000213,3,graphsage_dim_23,0.600570797920227,-0.5597516298294067,decreases_risk
W0000213,4,observations_per_tx,1.5,0.5407751202583313,increases_risk
W0000213,5,country_entropy,2.8201119644709265,-0.45762309432029724,decreases_risk
W0000214,1,median_sent_sats,15211799.5,2.4340388774871826,increases_risk
W0000214,2,graphsage_dim_23,-0.5249979496002197,0.6143547296524048,increases_risk
W0000214,3,isolation_forest_anomaly_score,0.3468528300274012,0.554858922958374,increases_risk
W0000214,4,observations_per_tx,1.5185185185185186,0.45925450325012207,increases_risk
W0000214,5,country_entropy,3.267861509113498,0.447532057762146,increases_risk
W0000215,1,median_sent_sats,7454538.0,1.9606945514678955,increases_risk
W0000215,2,graphsage_dim_10,-0.5614622235298157,-0.9967902898788452,decreases_risk
W0000215,3,isolation_forest_anomaly_score,0.3119110838278374,0.7846160531044006,increases_risk
W0000215,4,graphsage_dim_23,0.2548303008079529,-0.5618994832038879,decreases_risk
W0000215,5,country_entropy,2.882401325270469,-0.5480344295501709,decreases_risk
W0000216,1,median_sent_sats,9122156.0,2.0059072971343994,increases_risk
W0000216,2,graphsage_dim_10,-0.07889637351036072,-0.9763891696929932,decreases_risk
W0000216,3,isolation_forest_anomaly_score,0.37199582776348594,0.7139294743537903,increases_risk
W0000216,4,country_entropy,2.9246119561953123,-0.6023367047309875,decreases_risk
W0000216,5,graphsage_dim_23,-0.21911929547786713,0.4995515048503876,increases_risk
W0000217,1,median_sent_sats,11595859.5,1.9395301342010498,increases_risk
W0000217,2,graphsage_dim_10,-0.6010663509368896,-0.9817682504653931,decreases_risk
W0000217,3,isolation_forest_anomaly_score,0.4690283231407947,0.7544691562652588,increases_risk
W0000217,4,country_entropy,2.7799500009615423,-0.6199489235877991,decreases_risk
W0000217,5,observations_per_tx,1.588235294117647,-0.47509533166885376,decreases_risk
W0000218,1,median_sent_sats,7841001.0,1.9918622970581055,increases_risk
W0000218,2,graphsage_dim_10,-0.13836291432380676,-0.9055516719818115,decreases_risk
W0000218,3,isolation_forest_anomaly_score,0.27879338971126855,0.7116806507110596,increases_risk
W0000218,4,graphsage_dim_23,0.2844574749469757,-0.5580551624298096,decreases_risk
W0000218,5,country_entropy,2.992117082326244,-0.49027538299560547,decreases_risk
W0000219,1,median_sent_sats,6893052.0,2.154400110244751,increases_risk
W0000219,2,isolation_forest_anomaly_score,0.2628278667482077,0.8127877116203308,increases_risk
W0000219,3,graphsage_dim_23,0.4866761863231659,-0.7328882217407227,decreases_risk
W0000219,4,observations_per_tx,1.5714285714285714,-0.7301019430160522,decreases_risk
W0000219,5,country_entropy,2.954686143069347,-0.5341911911964417,decreases_risk
W0000220,1,median_sent_sats,7430020.5,2.0846073627471924,increases_risk
W0000220,2,graphsage_dim_10,-0.49448347091674805,-0.9981619119644165,decreases_risk
W0000220,3,isolation_forest_anomaly_score,0.45122235890681994,0.6521440744400024,increases_risk
W0000220,4,graphsage_dim_23,0.02859063446521759,-0.563166081905365,decreases_risk
W0000220,5,observations_per_tx,1.4375,0.4485493302345276,increases_risk
W0000221,1,median_sent_sats,8214977.0,2.121565341949463,increases_risk
W0000221,2,isolation_forest_anomaly_score,0.02316521991637943,0.7270796298980713,increases_risk
W0000221,3,graphsage_dim_23,0.10791540890932083,-0.5445358157157898,decreases_risk
W0000221,4,observations_per_tx,1.4761904761904763,0.5293322205543518,increases_risk
W0000221,5,country_entropy,2.9742787700294,-0.5274068713188171,decreases_risk
W0000222,1,median_sent_sats,10650856.0,2.397634506225586,increases_risk
W0000222,2,isolation_forest_anomaly_score,0.28024653593184434,0.7670798897743225,increases_risk
W0000222,3,graphsage_dim_23,-0.18616317212581635,0.5380796790122986,increases_risk
W0000222,4,avg_sent_sats,14000593.931034483,0.3946179747581482,increases_risk
W0000222,5,graphsage_dim_10,0.5903750061988831,0.38303670287132263,increases_risk
W0000223,1,median_sent_sats,9919989.5,1.9917232990264893,increases_risk
W0000223,2,graphsage_dim_10,-0.014036407694220543,-0.8491033315658569,decreases_risk
W0000223,3,isolation_forest_anomaly_score,0.4073679095575006,0.7740247845649719,increases_risk
W0000223,4,graphsage_dim_23,0.8910068869590759,-0.5474694967269897,decreases_risk
W0000223,5,country_entropy,2.949075945600288,-0.4970038831233978,decreases_risk
W0000224,1,median_sent_sats,7714250.5,2.2165966033935547,increases_risk
W0000224,2,isolation_forest_anomaly_score,0.15673897371945866,0.7499715089797974,increases_risk
W0000224,3,deterministic_score,0.4456949152542372,-0.5541142225265503,decreases_risk
W0000224,4,observations_per_tx,1.4137931034482758,0.5429499745368958,increases_risk
W0000224,5,avg_sent_sats,17120547.454545453,0.4274276793003082,increases_risk
W0000225,1,median_sent_sats,9581896.0,2.1563961505889893,increases_risk
W0000225,2,isolation_forest_anomaly_score,0.165272046195866,0.7136518955230713,increases_risk
W0000225,3,country_entropy,2.9346105161413916,-0.6069970726966858,decreases_risk
W0000225,4,observations_per_tx,1.4583333333333333,0.5109641551971436,increases_risk
W0000225,5,graphsage_dim_23,-0.19669580459594727,0.4932207465171814,increases_risk
W0000226,1,median_sent_sats,8729297.0,2.257802724838257,increases_risk
W0000226,2,graphsage_dim_10,-0.006035789847373962,-0.7948740720748901,decreases_risk
W0000226,3,isolation_forest_anomaly_score,0.23901457657897818,0.7096970081329346,increases_risk
W0000226,4,graphsage_dim_23,-0.42063313722610474,0.47731971740722656,increases_risk
W0000226,5,observations_per_tx,1.5,0.4642629623413086,increases_risk
W0000227,1,median_sent_sats,4499904.5,2.0920310020446777,increases_risk
W0000227,2,observations_per_tx,1.608695652173913,-0.9945921897888184,decreases_risk
W0000227,3,isolation_forest_anomaly_score,0.008232670577823953,0.7622795701026917,increases_risk
W0000227,4,graphsage_dim_23,0.021850891411304474,-0.6621272563934326,decreases_risk
W0000227,5,deterministic_score,0.40871186440677976,-0.5252970457077026,decreases_risk
W0000228,1,median_sent_sats,5951330.0,1.879399061203003,increases_risk
W0000228,2,isolation_forest_anomaly_score,0.06357665989853056,0.8474316596984863,increases_risk
W0000228,3,observations_per_tx,1.588235294117647,-0.67522132396698,decreases_risk
W0000228,4,graphsage_dim_23,0.23701024055480957,-0.6587501764297485,decreases_risk
W0000228,5,country_entropy,2.592759955827108,-0.590399444103241,decreases_risk
W0000229,1,median_sent_sats,7684889.0,1.9518225193023682,increases_risk
W0000229,2,observations_per_tx,1.619047619047619,-1.0019840002059937,decreases_risk
W0000229,3,isolation_forest_anomaly_score,0.18327236944463454,0.8321863412857056,increases_risk
W0000229,4,graphsage_dim_23,0.2266840934753418,-0.6664000749588013,decreases_risk
W0000229,5,deterministic_score,0.3824745762711864,-0.39491361379623413,decreases_risk
W0000230,1,median_sent_sats,8048140.0,2.1508915424346924,increases_risk
W0000230,2,isolation_forest_anomaly_score,0.5089625939067388,0.7932276725769043,increases_risk
W0000230,3,observations_per_tx,1.5,0.5267964005470276,increases_risk
W0000230,4,country_entropy,2.9511894468399484,-0.5151105523109436,decreases_risk
W0000230,5,graphsage_dim_23,-0.3883166015148163,0.446053683757782,increases_risk
W0000231,1,median_sent_sats,11387432.5,2.0146396160125732,increases_risk
W0000231,2,isolation_forest_anomaly_score,0.15615394005921346,0.764689028263092,increases_risk
W0000231,3,observations_per_tx,1.5625,-0.629761278629303,decreases_risk
W0000231,4,country_entropy,2.9317325948008235,-0.5657494068145752,decreases_risk
W0000231,5,graphsage_dim_23,-0.42088159918785095,0.4718549847602844,increases_risk
W0000232,1,median_sent_sats,3991399.0,2.109232187271118,increases_risk
W0000232,2,graphsage_dim_10,-0.27374258637428284,-0.9566231966018677,decreases_risk
W0000232,3,isolation_forest_anomaly_score,0.23925653436686534,0.7530191540718079,increases_risk
W0000232,4,graphsage_dim_23,0.1831633448600769,-0.5865513682365417,decreases_risk
W0000232,5,country_entropy,2.9927246981555156,-0.5298564434051514,decreases_risk
W0000233,1,median_sent_sats,9240508.0,2.126483678817749,increases_risk
W0000233,2,observations_per_tx,1.6521739130434783,-1.060863971710205,decreases_risk
W0000233,3,isolation_forest_anomaly_score,0.08755776682353533,0.8232955932617188,increases_risk
W0000233,4,deterministic_score,0.4006101694915256,-0.45949456095695496,decreases_risk
W0000233,5,graphsage_dim_23,-0.10405054688453674,0.41223037242889404,increases_risk
W0000234,1,median_sent_sats,7255599.5,1.903343677520752,increases_risk
W0000234,2,isolation_forest_anomaly_score,0.10603096203049722,0.8370348215103149,increases_risk
W0000234,3,observations_per_tx,1.5789473684210527,-0.8279022574424744,decreases_risk
W0000234,4,graphsage_dim_23,0.08875533938407898,-0.6679385304450989,decreases_risk
W0000234,5,country_entropy,2.7865590382586447,-0.6663413643836975,decreases_risk
W0000235,1,median_sent_sats,9858645.5,1.9837977886199951,increases_risk
W0000235,2,observations_per_tx,1.7,-1.0280251502990723,decreases_risk
W0000235,3,isolation_forest_anomaly_score,0.30230144894979705,0.8038738965988159,increases_risk
W0000235,4,graphsage_dim_23,0.0567181296646595,-0.6447482705116272,decreases_risk
W0000235,5,country_entropy,2.894273869771264,-0.5636327862739563,decreases_risk
W0000236,1,median_sent_sats,5047863.0,1.99407958984375,increases_risk
W0000236,2,graphsage_dim_10,-0.16533422470092773,-0.9742745161056519,decreases_risk
W0000236,3,isolation_forest_anomaly_score,0.15536232711750497,0.758689284324646,increases_risk
W0000236,4,country_entropy,2.8835917339457304,-0.6342600584030151,decreases_risk
W0000236,5,observations_per_tx,1.4444444444444444,0.4496685266494751,increases_risk
W0000237,1,median_sent_sats,6668865.5,1.9422335624694824,increases_risk
W0000237,2,observations_per_tx,1.6,-0.7843436598777771,decreases_risk
W0000237,3,isolation_forest_anomaly_score,0.11280405276106187,0.77432781457901,increases_risk
W0000237,4,country_entropy,2.832059779479236,-0.6620230078697205,decreases_risk
W0000237,5,deterministic_score,0.3194237288135594,-0.4926343262195587,decreases_risk
W0000238,1,median_sent_sats,6720593.0,2.141352415084839,increases_risk
W0000238,2,observations_per_tx,1.59375,-0.7921226620674133,decreases_risk
W0000238,3,isolation_forest_anomaly_score,0.3036888991157731,0.7832443714141846,increases_risk
W0000238,4,graphsage_dim_23,0.14537060260772705,-0.7328882217407227,decreases_risk
W0000238,5,country_entropy,2.9448438195679896,-0.5666553378105164,decreases_risk
W0000239,1,median_sent_sats,4317801.5,1.975386142730713,increases_risk
W0000239,2,observations_per_tx,1.6470588235294117,-1.0692955255508423,decreases_risk
W0000239,3,graphsage_dim_10,-0.7486497759819031,-0.8348278999328613,decreases_risk
W0000239,4,isolation_forest_anomaly_score,0.3510142246847574,0.7789493203163147,increases_risk
W0000239,5,graphsage_dim_23,0.025373850017786026,-0.6682952642440796,decreases_risk
W0000240,1,median_sent_sats,11062582.0,2.1175830364227295,increases_risk
W0000240,2,graphsage_dim_10,-0.22561605274677277,-0.9510709047317505,decreases_risk
W0000240,3,observations_per_tx,1.6,-0.7264060974121094,decreases_risk
W0000240,4,isolation_forest_anomaly_score,0.15379978143762785,0.6855603456497192,increases_risk
W0000240,5,graphsage_dim_23,-0.3020443916320801,0.5077874660491943,increases_risk
W0000241,1,median_sent_sats,13403047.0,2.4251832962036133,increases_risk
W0000241,2,isolation_forest_anomaly_score,0.2298232169560036,0.7245199084281921,increases_risk
W0000241,3,observations_per_tx,1.4090909090909092,0.5497989654541016,increases_risk
W0000241,4,graphsage_dim_10,0.1408253014087677,0.44877514243125916,increases_risk
W0000241,5,country_entropy,3.2498250455585245,0.43078410625457764,increases_risk
W0000242,1,median_sent_sats,6501354.5,2.228797674179077,increases_risk
W0000242,2,isolation_forest_anomaly_score,0.24387014807837581,0.807865560054779,increases_risk
W0000242,3,country_entropy,2.9546840319719427,-0.5708755254745483,decreases_risk
W0000242,4,observations_per_tx,1.5263157894736843,0.4386783242225647,increases_risk
W0000242,5,graphsage_dim_10,0.1874772012233734,0.4333092272281647,increases_risk
W0000243,1,median_sent_sats,14897899.5,1.980313777923584,increases_risk
W0000243,2,observations_per_tx,1.6363636363636365,-1.083906888961792,decreases_risk
W0000243,3,isolation_forest_anomaly_score,0.13691536687168004,0.8297349810600281,increases_risk
W0000243,4,graphsage_dim_23,0.05934156849980354,-0.6393181085586548,decreases_risk
W0000243,5,country_entropy,2.896509612312497,-0.6126322746276855,decreases_risk
W0000244,1,median_sent_sats,11091498.0,2.2980077266693115,increases_risk
W0000244,2,isolation_forest_anomaly_score,0.12754217051820116,0.6560277938842773,increases_risk
W0000244,3,deterministic_score,0.439322033898305,-0.5541142225265503,decreases_risk
W0000244,4,observations_per_tx,1.5,0.5191723108291626,increases_risk
W0000244,5,country_entropy,3.332333508445066,0.43618810176849365,increases_risk
W0000245,1,median_sent_sats,3134994.0,2.1109695434570312,increases_risk
W0000245,2,isolation_forest_anomaly_score,0.1458835489488559,0.7929507493972778,increases_risk
W0000245,3,country_entropy,2.562421774254573,-0.6769165396690369,decreases_risk
W0000245,4,graphsage_dim_23,-0.5254104137420654,0.6126459836959839,increases_risk
W0000245,5,graphsage_dim_10,0.316028892993927,0.3985019028186798,increases_risk
W0000246,1,median_sent_sats,8284800.5,1.982973337173462,increases_risk
W0000246,2,isolation_forest_anomaly_score,0.36010785539157775,0.796815037727356,increases_risk
W0000246,3,graphsage_dim_10,-0.06480804085731506,-0.7187225818634033,decreases_risk
W0000246,4,graphsage_dim_23,0.06883762031793594,-0.552527129650116,decreases_risk
W0000246,5,country_entropy,2.891732594800824,-0.5198705792427063,decreases_risk
W0000247,1,median_sent_sats,13214967.5,1.948596477508545,increases_risk
W0000247,2,observations_per_tx,1.8461538461538463,-1.1442075967788696,decreases_risk
W0000247,3,isolation_forest_anomaly_score,0.07754772091157192,0.8647152185440063,increases_risk
W0000247,4,graphsage_dim_23,0.2651048004627228,-0.6594347357749939,decreases_risk
W0000247,5,country_entropy,2.858893912251748,-0.543608546257019,decreases_risk
W0000248,1,median_sent_sats,6399980.0,2.116870880126953,increases_risk
W0000248,2,isolation_forest_anomaly_score,0.047155608980553265,0.7224641442298889,increases_risk
W0000248,3,country_entropy,2.6029447911257995,-0.7122427225112915,decreases_risk
W0000248,4,graphsage_dim_23,0.04594389349222183,-0.585975170135498,decreases_risk
W0000248,5,observations_per_tx,1.411764705882353,0.5076378583908081,increases_risk
W0000249,1,median_sent_sats,12218238.0,2.1154186725616455,increases_risk
W0000249,2,graphsage_dim_10,-0.24278560280799866,-0.9358006715774536,decreases_risk
W0000249,3,isolation_forest_anomaly_score,0.1166431615437521,0.6378341317176819,increases_risk
W0000249,4,country_entropy,2.997874411189464,-0.6027505397796631,decreases_risk
W0000249,5,graphsage_dim_23,-0.1679956465959549,0.4805406630039215,increases_risk
W0000250,1,median_sent_sats,9507474.5,1.9212424755096436,increases_risk
W0000250,2,graphsage_dim_10,-0.25917041301727295,-0.9178211688995361,decreases_risk
W0000250,3,isolation_forest_anomaly_score,0.18860061698671204,0.7106536030769348,increases_risk
W0000250,4,graphsage_dim_23,0.5633029937744141,-0.6229307651519775,decreases_risk
W0000250,5,country_entropy,2.5902024244826003,-0.6080566644668579,decreases_risk
W0000251,1,median_sent_sats,7919421.5,1.915414810180664,increases_risk
W0000251,2,graphsage_dim_10,-0.333699107170105,-1.0926176309585571,decreases_risk
W0000251,3,isolation_forest_anomaly_score,0.12491061001867543,0.774258017539978,increases_risk
W0000251,4,country_entropy,2.9190199084490778,-0.6144383549690247,decreases_risk
W0000251,5,graphsage_dim_23,0.24285486340522766,-0.5391829609870911,decreases_risk
W0000252,1,median_sent_sats,7727587.5,2.04126238822937,increases_risk
W0000252,2,isolation_forest_anomaly_score,0.1085686955953763,0.7449502944946289,increases_risk
W0000252,3,country_entropy,2.723692662155464,-0.6017258763313293,decreases_risk
W0000252,4,graphsage_dim_23,0.41454464197158813,-0.5896943211555481,decreases_risk
W0000252,5,observations_per_tx,1.2777777777777777,0.5152508616447449,increases_risk
W0000253,1,median_sent_sats,11893244.0,1.928931474685669,increases_risk
W0000253,2,observations_per_tx,1.7222222222222223,-0.8950856328010559,decreases_risk
W0000253,3,isolation_forest_anomaly_score,0.23102211179695886,0.7632473111152649,increases_risk
W0000253,4,graphsage_dim_10,-0.1633569747209549,-0.7085113525390625,decreases_risk
W0000253,5,graphsage_dim_23,0.18695944547653198,-0.6609055399894714,decreases_risk
W0000254,1,median_sent_sats,9344141.0,2.255154609680176,increases_risk
W0000254,2,isolation_forest_anomaly_score,0.4212584948563556,0.7772653102874756,increases_risk
W0000254,3,country_entropy,2.959324402193546,-0.5700218677520752,decreases_risk
W0000254,4,graphsage_dim_23,-0.43125924468040466,0.5011225342750549,increases_risk
W0000254,5,observations_per_tx,1.4444444444444444,0.4790669083595276,increases_risk
W0000255,1,median_sent_sats,7392284.0,2.1036760807037354,increases_risk
W0000255,2,isolation_forest_anomaly_score,0.20888523967797268,0.769925057888031,increases_risk
W0000255,3,graphsage_dim_10,0.00604904443025589,-0.7458895444869995,decreases_risk
W0000255,4,graphsage_dim_23,0.5286968946456909,-0.5686566829681396,decreases_risk
W0000255,5,observations_per_tx,1.4736842105263157,0.4934673309326172,increases_risk
W0000256,1,median_sent_sats,7189855.0,2.028273105621338,increases_risk
W0000256,2,graphsage_dim_10,-0.20432108640670776,-0.9637942314147949,decreases_risk
W0000256,3,isolation_forest_anomaly_score,0.2528384908865676,0.779314398765564,increases_risk
W0000256,4,graphsage_dim_23,0.19449926912784576,-0.5137020349502563,decreases_risk
W0000256,5,country_entropy,2.8989842822057974,-0.5018035769462585,decreases_risk
W0000257,1,median_sent_sats,12282222.0,1.9916555881500244,increases_risk
W0000257,2,isolation_forest_anomaly_score,0.2583034423867435,0.758151650428772,increases_risk
W0000257,3,observations_per_tx,1.6153846153846154,-0.7547710537910461,decreases_risk
W0000257,4,graphsage_dim_23,0.4350394904613495,-0.6829851269721985,decreases_risk
W0000257,5,country_entropy,2.925611881619399,-0.6012733578681946,decreases_risk
W0000258,1,median_sent_sats,12711702.0,2.4943687915802,increases_risk
W0000258,2,isolation_forest_anomaly_score,0.144889470906178,0.6484131813049316,increases_risk
W0000258,3,graphsage_dim_23,-0.4324265718460083,0.5107312202453613,increases_risk
W0000258,4,observations_per_tx,1.5,0.4645487070083618,increases_risk
W0000258,5,country_entropy,3.3239348962840554,0.4332704544067383,increases_risk
W0000259,1,median_sent_sats,5933427.0,2.078460454940796,increases_risk
W0000259,2,graphsage_dim_10,-0.1285114884376526,-1.0041394233703613,decreases_risk
W0000259,3,isolation_forest_anomaly_score,0.21191710607964764,0.7179588079452515,increases_risk
W0000259,4,country_entropy,2.8212448365830625,-0.5892670154571533,decreases_risk
W0000259,5,graphsage_dim_23,0.20820119976997375,-0.5494524836540222,decreases_risk
W0000260,1,median_sent_sats,12794070.5,2.083590269088745,increases_risk
W0000260,2,observations_per_tx,1.6538461538461537,-1.1600360870361328,decreases_risk
W0000260,3,isolation_forest_anomaly_score,0.17402057015575578,0.8794902563095093,increases_risk
W0000260,4,graphsage_dim_23,0.09377285838127136,-0.6464271545410156,decreases_risk
W0000260,5,country_entropy,2.9871649893773764,-0.5259845852851868,decreases_risk
W0000261,1,median_sent_sats,6600603.0,2.083087205886841,increases_risk
W0000261,2,observations_per_tx,1.6521739130434783,-0.9664561152458191,decreases_risk
W0000261,3,graphsage_dim_10,-0.1282259076833725,-0.7741197347640991,decreases_risk
W0000261,4,isolation_forest_anomaly_score,0.23419571687745888,0.7191275358200073,increases_risk
W0000261,5,deterministic_score,0.38369491525423727,-0.43410828709602356,decreases_risk
W0000262,1,median_sent_sats,6975321.0,2.153632879257202,increases_risk
W0000262,2,observations_per_tx,1.6538461538461537,-1.0588449239730835,decreases_risk
W0000262,3,isolation_forest_anomaly_score,0.0740017892354079,0.8473338484764099,increases_risk
W0000262,4,deterministic_score,0.4714576271186439,-0.4896564781665802,decreases_risk
W0000262,5,graphsage_dim_23,-0.2478885054588318,0.4574342668056488,increases_risk
W0000263,1,median_sent_sats,7879848.0,1.9768526554107666,increases_risk
W0000263,2,observations_per_tx,1.92,-1.1706007719039917,decreases_risk
W0000263,3,isolation_forest_anomaly_score,0.23388455232826977,0.7781020998954773,increases_risk
W0000263,4,graphsage_dim_23,0.16252517700195312,-0.6303309798240662,decreases_risk
W0000263,5,deterministic_score,0.40606779661016956,-0.4107173681259155,decreases_risk
W0000264,1,median_sent_sats,6576734.5,2.28377103805542,increases_risk
W0000264,2,graphsage_dim_10,-0.05577604100108147,-0.8633038997650146,decreases_risk
W0000264,3,isolation_forest_anomaly_score,0.24913505649825474,0.5774824619293213,increases_risk
W0000264,4,observations_per_tx,1.3636363636363635,0.4702250361442566,increases_risk
W0000264,5,avg_sent_sats,12099374.722222222,0.44037723541259766,increases_risk
W0000265,1,median_sent_sats,8362211.0,1.9893858432769775,increases_risk
W0000265,2,graphsage_dim_10,-0.08266358822584152,-0.90642249584198,decreases_risk
W0000265,3,isolation_forest_anomaly_score,0.3667633803529473,0.7056576013565063,increases_risk
W0000265,4,country_entropy,2.6928786371077003,-0.624225378036499,decreases_risk
W0000265,5,graphsage_dim_23,0.07536953687667847,-0.5341749787330627,decreases_risk
W0000266,1,median_sent_sats,9332355.0,2.3216254711151123,increases_risk
W0000266,2,isolation_forest_anomaly_score,0.1916736220801568,0.7255979776382446,increases_risk
W0000266,3,observations_per_tx,1.2222222222222223,0.5498571395874023,increases_risk
W0000266,4,avg_sent_sats,11257971.055555556,0.40980657935142517,increases_risk
W0000266,5,country_entropy,3.2031330422772166,0.3997538089752197,increases_risk
W0000267,1,median_sent_sats,6767896.0,2.2590091228485107,increases_risk
W0000267,2,observations_per_tx,1.6538461538461537,-0.901517927646637,decreases_risk
W0000267,3,isolation_forest_anomaly_score,0.19869270461477706,0.721261203289032,increases_risk
W0000267,4,graphsage_dim_10,-0.05559157580137253,-0.7138735055923462,decreases_risk
W0000267,5,graphsage_dim_23,-0.39116454124450684,0.4977419078350067,increases_risk
W0000268,1,median_sent_sats,11691357.0,2.2500557899475098,increases_risk
W0000268,2,observations_per_tx,1.6666666666666667,-1.0140740871429443,decreases_risk
W0000268,3,isolation_forest_anomaly_score,0.18209059929334337,0.7197383642196655,increases_risk
W0000268,4,deterministic_score,0.4287118644067796,-0.568668782711029,decreases_risk
W0000268,5,graphsage_dim_23,-0.1600102037191391,0.45376941561698914,increases_risk
W0000269,1,median_sent_sats,12611151.5,2.0814096927642822,increases_risk
W0000269,2,observations_per_tx,1.75,-1.1952533721923828,decreases_risk
W0000269,3,graphsage_dim_23,0.07563063502311707,-0.6965213418006897,decreases_risk
W0000269,4,isolation_forest_anomaly_score,0.17962543578634238,0.6863375902175903,increases_risk
W0000269,5,deterministic_score,0.4213559322033898,-0.5107672214508057,decreases_risk
W0000270,1,median_sent_sats,10745254.0,2.278411388397217,increases_risk
W0000270,2,observations_per_tx,1.7777777777777777,-1.1684367656707764,decreases_risk
W0000270,3,isolation_forest_anomaly_score,0.2956533901986079,0.802255392074585,increases_risk
W0000270,4,graphsage_dim_23,-0.145950049161911,0.4772416055202484,increases_risk
W0000270,5,country_entropy,3.3996380298866704,0.3934972882270813,increases_risk
W0000271,1,median_sent_sats,13513721.0,2.1527671813964844,increases_risk
W0000271,2,observations_per_tx,1.7222222222222223,-1.0186759233474731,decreases_risk
W0000271,3,isolation_forest_anomaly_score,0.3103953248572906,0.7000654339790344,increases_risk
W0000271,4,avg_sent_sats,20131905.42105263,0.4038330912590027,increases_risk
W0000271,5,country_entropy,3.316722654442335,0.3836468458175659,increases_risk
W0000272,1,median_sent_sats,9151425.0,1.920194149017334,increases_risk
W0000272,2,observations_per_tx,1.65,-1.1190983057022095,decreases_risk
W0000272,3,isolation_forest_anomaly_score,0.0797996671456499,0.8688582181930542,increases_risk
W0000272,4,graphsage_dim_23,0.2632909417152405,-0.7030038833618164,decreases_risk
W0000272,5,country_entropy,2.9535867464620083,-0.5699488520622253,decreases_risk
W0000273,1,median_sent_sats,9596221.0,2.037898540496826,increases_risk
W0000273,2,isolation_forest_anomaly_score,0.3179153383841101,0.8064376711845398,increases_risk
W0000273,3,observations_per_tx,1.5714285714285714,-0.7553519606590271,decreases_risk
W0000273,4,graphsage_dim_23,0.012742459774017334,-0.6344711780548096,decreases_risk
W0000273,5,deterministic_score,0.37433898305084756,-0.4057099223136902,decreases_risk
W0000274,1,median_sent_sats,11053691.0,2.0093042850494385,increases_risk
W0000274,2,graphsage_dim_10,0.010463513433933258,-0.7938284873962402,decreases_risk
W0000274,3,isolation_forest_anomaly_score,0.09190634062752634,0.7028204798698425,increases_risk
W0000274,4,country_entropy,2.6659614479285128,-0.6612148284912109,decreases_risk
W0000274,5,graphsage_dim_23,0.22842471301555634,-0.623491644859314,decreases_risk
W0000275,1,median_sent_sats,10729607.5,2.1037161350250244,increases_risk
W0000275,2,country_entropy,2.684771938731434,-0.7005529999732971,decreases_risk
W0000275,3,isolation_forest_anomaly_score,0.19135083560857236,0.6770002245903015,increases_risk
W0000275,4,observations_per_tx,1.5,0.4835814833641052,increases_risk
W0000275,5,graphsage_dim_23,-0.11957542598247528,0.48209860920906067,increases_risk
W0000276,1,median_sent_sats,9497532.5,1.9449141025543213,increases_risk
W0000276,2,graphsage_dim_10,-0.1879393458366394,-0.8187748193740845,decreases_risk
W0000276,3,isolation_forest_anomaly_score,0.3432681618131552,0.7662143707275391,increases_risk
W0000276,4,country_entropy,2.836047807552491,-0.6385838985443115,decreases_risk
W0000276,5,graphsage_dim_23,0.7640570998191833,-0.5494863986968994,decreases_risk
W0000277,1,median_sent_sats,7534641.0,2.032254457473755,increases_risk
W0000277,2,observations_per_tx,1.625,-1.0247331857681274,decreases_risk
W0000277,3,isolation_forest_anomaly_score,0.14407705061997034,0.872647762298584,increases_risk
W0000277,4,country_entropy,2.909346447745378,-0.6179497838020325,decreases_risk
W0000277,5,graphsage_dim_23,-0.19645199179649353,0.4841083586215973,increases_risk
W0000278,1,median_sent_sats,7613011.5,2.289593458175659,increases_risk
W0000278,2,graphsage_dim_10,-0.031817734241485596,-0.8919843435287476,decreases_risk
W0000278,3,isolation_forest_anomaly_score,0.16488456401489904,0.6785740852355957,increases_risk
W0000278,4,graphsage_dim_23,-0.4326590895652771,0.48110049962997437,increases_risk
W0000278,5,observations_per_tx,1.2666666666666666,0.4686846137046814,increases_risk
W0000279,1,median_sent_sats,6711899.0,2.167309284210205,increases_risk
W0000279,2,isolation_forest_anomaly_score,0.19349813786903203,0.7171120047569275,increases_risk
W0000279,3,country_entropy,2.9894320440940483,-0.5089191198348999,decreases_risk
W0000279,4,observations_per_tx,1.4,0.5024101734161377,increases_risk
W0000279,5,deterministic_score,0.47237288135593214,-0.47695305943489075,decreases_risk
W0000280,1,median_sent_sats,10663751.0,2.0256102085113525,increases_risk
W0000280,2,graphsage_dim_10,-0.006429098546504974,-0.8032810688018799,decreases_risk
W0000280,3,isolation_forest_anomaly_score,0.2513710701879621,0.7190699577331543,increases_risk
W0000280,4,country_entropy,2.7423475278727927,-0.6380490064620972,decreases_risk
W0000280,5,graphsage_dim_23,-0.1807604283094406,0.4844094514846802,increases_risk
W0000281,1,median_sent_sats,6148749.0,2.135633707046509,increases_risk
W0000281,2,observations_per_tx,1.6818181818181819,-1.0945630073547363,decreases_risk
W0000281,3,graphsage_dim_10,-0.14753760397434235,-0.7905046939849854,decreases_risk
W0000281,4,graphsage_dim_23,0.14689987897872925,-0.6918840408325195,decreases_risk
W0000281,5,isolation_forest_anomaly_score,0.2825371468259754,0.6189631223678589,increases_risk
W0000282,1,median_sent_sats,11495991.5,2.344118595123291,increases_risk
W0000282,2,isolation_forest_anomaly_score,0.21225900573342682,0.717136025428772,increases_risk
W0000282,3,observations_per_tx,1.368421052631579,0.5499118566513062,increases_risk
W0000282,4,graphsage_dim_23,0.03131001070141792,-0.545866847038269,decreases_risk
W0000282,5,graphsage_dim_10,0.24837881326675415,0.43199044466018677,increases_risk
W0000283,1,median_sent_sats,9703857.0,1.8985700607299805,increases_risk
W0000283,2,observations_per_tx,1.7058823529411764,-0.8595712184906006,decreases_risk
W0000283,3,isolation_forest_anomaly_score,0.16982276274595287,0.7756650447845459,increases_risk
W0000283,4,country_entropy,2.901577885218159,-0.6338040232658386,decreases_risk
W0000283,5,deterministic_score,0.39596610169491514,-0.414912611246109,decreases_risk
W0000284,1,median_sent_sats,7665128.5,2.0350606441497803,increases_risk
W0000284,2,graphsage_dim_10,-0.10678914934396744,-0.7614763975143433,decreases_risk
W0000284,3,isolation_forest_anomaly_score,0.25038282979817317,0.7565441727638245,increases_risk
W0000284,4,observations_per_tx,1.625,-0.7101480960845947,decreases_risk
W0000284,5,country_entropy,2.5683127888314123,-0.6252409815788269,decreases_risk
W0000285,1,median_sent_sats,10522830.5,1.9170398712158203,increases_risk
W0000285,2,graphsage_dim_10,-0.23789478838443756,-0.9456660747528076,decreases_risk
W0000285,3,isolation_forest_anomaly_score,0.1678290866241522,0.7996764779090881,increases_risk
W0000285,4,country_entropy,2.893288532571418,-0.6374662518501282,decreases_risk
W0000285,5,graphsage_dim_23,0.5634613633155823,-0.5986212491989136,decreases_risk
W0000286,1,median_sent_sats,7956849.5,2.290680408477783,increases_risk
W0000286,2,isolation_forest_anomaly_score,0.1893215399451329,0.7444681525230408,increases_risk
W0000286,3,deterministic_score,0.42101694915254245,-0.5846695899963379,decreases_risk
W0000286,4,observations_per_tx,1.48,0.5303730368614197,increases_risk
W0000286,5,graphsage_dim_23,-0.10461154580116272,0.42112821340560913,increases_risk
W0000287,1,median_sent_sats,8889189.0,2.1474595069885254,increases_risk
W0000287,2,graphsage_dim_10,-0.36489495635032654,-0.9809997081756592,decreases_risk
W0000287,3,graphsage_dim_23,0.15172305703163147,-0.7234846353530884,decreases_risk
W0000287,4,observations_per_tx,1.5625,-0.6559072732925415,decreases_risk
W0000287,5,isolation_forest_anomaly_score,0.2231603926791249,0.6071419715881348,increases_risk
W0000288,1,median_sent_sats,8510665.5,2.1628496646881104,increases_risk
W0000288,2,isolation_forest_anomaly_score,0.21807321055409212,0.6732593774795532,increases_risk
W0000288,3,country_entropy,2.946830344844093,-0.6437122821807861,decreases_risk
W0000288,4,graphsage_dim_23,-0.09826454520225525,0.46008700132369995,increases_risk
W0000288,5,observations_per_tx,1.3888888888888888,0.4564617872238159,increases_risk
W0000289,1,median_sent_sats,6243225.0,2.110323190689087,increases_risk
W0000289,2,observations_per_tx,1.6153846153846154,-1.1038480997085571,decreases_risk
W0000289,3,isolation_forest_anomaly_score,0.38011608389669327,0.7504453063011169,increases_risk
W0000289,4,graphsage_dim_23,0.5746904611587524,-0.7037133574485779,decreases_risk
W0000289,5,avg_sent_sats,19443143.76470588,0.36151430010795593,increases_risk
W0000290,1,median_sent_sats,7019263.0,1.8540022373199463,increases_risk
W0000290,2,observations_per_tx,1.65,-0.9880887269973755,decreases_risk
W0000290,3,graphsage_dim_10,-0.2827708125114441,-0.8057307004928589,decreases_risk
W0000290,4,isolation_forest_anomaly_score,0.19732429714304922,0.7118332982063293,increases_risk
W0000290,5,graphsage_dim_23,0.09004710614681244,-0.6724360585212708,decreases_risk
W0000291,1,median_sent_sats,9842023.5,2.10947585105896,increases_risk
W0000291,2,observations_per_tx,1.6818181818181819,-0.8892361521720886,decreases_risk
W0000291,3,graphsage_dim_10,-0.2546534538269043,-0.8164175748825073,decreases_risk
W0000291,4,isolation_forest_anomaly_score,0.1459186291840462,0.8156633377075195,increases_risk
W0000291,5,graphsage_dim_23,-0.1109088659286499,0.41857773065567017,increases_risk
W0000292,1,median_sent_sats,7608932.5,2.041874885559082,increases_risk
W0000292,2,observations_per_tx,1.7391304347826086,-1.1746209859848022,decreases_risk
W0000292,3,isolation_forest_anomaly_score,0.21430432034598268,0.8378280997276306,increases_risk
W0000292,4,graphsage_dim_23,0.2332831621170044,-0.636451780796051,decreases_risk
W0000292,5,deterministic_score,0.45715254237288133,-0.442217081785202,decreases_risk
W0000293,1,median_sent_sats,7786424.0,2.254504919052124,increases_risk
W0000293,2,isolation_forest_anomaly_score,0.22669912496840738,0.7915886044502258,increases_risk
W0000293,3,observations_per_tx,1.5714285714285714,-0.6728954315185547,decreases_risk
W0000293,4,avg_sent_sats,9839568.566666666,0.4087069034576416,increases_risk
W0000293,5,graphsage_dim_10,0.06908975541591644,0.26471543312072754,increases_risk
W0000294,1,median_sent_sats,15754076.5,2.0141654014587402,increases_risk
W0000294,2,observations_per_tx,1.6363636363636365,-0.9125837087631226,decreases_risk
W0000294,3,isolation_forest_anomaly_score,0.09420866598031619,0.7966386675834656,increases_risk
W0000294,4,country_entropy,2.721653307503401,-0.6632769703865051,decreases_risk
W0000294,5,avg_sent_sats,20033130.269230768,0.3900763988494873,increases_risk
W0000295,1,median_sent_sats,6949699.0,1.8678534030914307,increases_risk
W0000295,2,observations_per_tx,1.7894736842105263,-0.9475321173667908,decreases_risk
W0000295,3,isolation_forest_anomaly_score,0.1447334215083137,0.8366879820823669,increases_risk
W0000295,4,graphsage_dim_10,-0.10097895562648773,-0.6755613088607788,decreases_risk
W0000295,5,graphsage_dim_23,0.3204621970653534,-0.6490734219551086,decreases_risk
W0000296,1,median_sent_sats,6658420.0,1.9999451637268066,increases_risk
W0000296,2,graphsage_dim_10,-0.26638996601104736,-0.8998590707778931,decreases_risk
W0000296,3,isolation_forest_anomaly_score,0.049923667689598994,0.7189011573791504,increases_risk
W0000296,4,country_entropy,2.7229365151935316,-0.6527518630027771,decreases_risk
W0000296,5,graphsage_dim_23,-0.377416729927063,0.46478793025016785,increases_risk
W0000297,1,median_sent_sats,10037499.0,2.1824941635131836,increases_risk
W0000297,2,observations_per_tx,1.59375,-0.8422946929931641,decreases_risk
W0000297,3,graphsage_dim_23,0.5704548358917236,-0.7328882217407227,decreases_risk
W0000297,4,isolation_forest_anomaly_score,0.2330610895009272,0.726982593536377,increases_risk
W0000297,5,country_entropy,2.9715137628535753,-0.5463137626647949,decreases_risk
W0000298,1,median_sent_sats,13653972.5,2.216902732849121,increases_risk
W0000298,2,observations_per_tx,1.68,-1.1231063604354858,decreases_risk
W0000298,3,graphsage_dim_23,0.09994110465049744,-0.7451081871986389,decreases_risk
W0000298,4,isolation_forest_anomaly_score,0.3031049640429877,0.7133634090423584,increases_risk
W0000298,5,country_entropy,3.384237117870276,0.3710126280784607,increases_risk
W0000299,1,median_sent_sats,7092010.0,2.279529094696045,increases_risk
W0000299,2,isolation_forest_anomaly_score,0.38770363282223785,0.65433669090271,increases_risk
W0000299,3,graphsage_dim_23,0.023073434829711914,-0.525336742401123,decreases_risk
W0000299,4,observations_per_tx,1.4736842105263157,0.5166058540344238,increases_risk
W0000299,5,graphsage_dim_10,0.03339926525950432,-0.4557585120201111,decreases_risk
W0000300,1,median_sent_sats,6486211.5,2.139958381652832,increases_risk
W0000300,2,observations_per_tx,1.6666666666666667,-1.1443068981170654,decreases_risk
W0000300,3,graphsage_dim_23,0.2586739659309387,-0.689286470413208,decreases_risk
W0000300,4,isolation_forest_anomaly_score,0.28537299616781375,0.6565299034118652,increases_risk
W0000300,5,country_entropy,3.184183719779189,0.4047463536262512,increases_risk
W0000301,1,median_sent_sats,8288090.0,1.9343345165252686,increases_risk
W0000301,2,observations_per_tx,1.8181818181818181,-1.0296146869659424,decreases_risk
W0000301,3,isolation_forest_anomaly_score,0.5960107311289877,0.788058876991272,increases_risk
W0000301,4,graphsage_dim_23,1.1137537956237793,-0.6997397541999817,decreases_risk
W0000301,5,country_entropy,2.960964047443681,-0.5320143103599548,decreases_risk
W0000302,1,median_sent_sats,11283074.0,2.2140297889709473,increases_risk
W0000302,2,observations_per_tx,1.75,-1.084060788154602,decreases_risk
W0000302,3,isolation_forest_anomaly_score,0.1984858297050176,0.6751907467842102,increases_risk
W0000302,4,deterministic_score,0.44457627118644055,-0.5405087471008301,decreases_risk
W0000302,5,graphsage_dim_23,-0.2786228358745575,0.4543193578720093,increases_risk
W0000303,1,median_sent_sats,8363893.5,1.9863085746765137,increases_risk
W0000303,2,graphsage_dim_10,-0.45907464623451233,-1.0616189241409302,decreases_risk
W0000303,3,isolation_forest_anomaly_score,0.32617915710473455,0.7954050302505493,increases_risk
W0000303,4,graphsage_dim_23,0.52703857421875,-0.5571861267089844,decreases_risk
W0000303,5,observations_per_tx,1.5,0.4972063899040222,increases_risk
W0000304,1,median_sent_sats,7199263.5,2.324803113937378,increases_risk
W0000304,2,isolation_forest_anomaly_score,0.22392456902558877,0.6369580030441284,increases_risk
W0000304,3,observations_per_tx,1.3703703703703705,0.5538525581359863,increases_risk
W0000304,4,graphsage_dim_23,-0.2710103392601013,0.4464898109436035,increases_risk
W0000304,5,avg_sent_sats,10282082.863636363,0.4073299467563629,increases_risk
W0000305,1,median_sent_sats,10563975.5,1.9316537380218506,increases_risk
W0000305,2,observations_per_tx,1.7222222222222223,-0.9449719190597534,decreases_risk
W0000305,3,isolation_forest_anomaly_score,0.09478127159547423,0.7877472043037415,increases_risk
W0000305,4,country_entropy,2.9377519554085874,-0.5767404437065125,decreases_risk
W0000305,5,deterministic_score,0.384779661016949,-0.5188387632369995,decreases_risk
W0000306,1,median_sent_sats,9323032.0,2.089883804321289,increases_risk
W0000306,2,observations_per_tx,1.75,-1.109504222869873,decreases_risk
W0000306,3,isolation_forest_anomaly_score,0.11607641927566548,0.886796236038208,increases_risk
W0000306,4,deterministic_score,0.436813559322034,-0.5176538825035095,decreases_risk
W0000306,5,graphsage_dim_23,-0.2854294180870056,0.47807133197784424,increases_risk
W0000307,1,median_sent_sats,6594985.5,2.1891329288482666,increases_risk
W0000307,2,observations_per_tx,1.8064516129032258,-0.9861416816711426,decreases_risk
W0000307,3,isolation_forest_anomaly_score,0.2817094125593549,0.7679564952850342,increases_risk
W0000307,4,country_entropy,2.950714679336325,-0.5501059889793396,decreases_risk
W0000307,5,graphsage_dim_23,-0.40987250208854675,0.4890993535518646,increases_risk
W0000308,1,median_sent_sats,7402487.0,2.1255669593811035,increases_risk
W0000308,2,isolation_forest_anomaly_score,0.10397582519304116,0.6746988296508789,increases_risk
W0000308,3,graphsage_dim_23,0.18421009182929993,-0.6182516813278198,decreases_risk
W0000308,4,country_entropy,2.9850877607321724,-0.6174325942993164,decreases_risk
W0000308,5,observations_per_tx,1.411764705882353,0.5162307024002075,increases_risk
W0000309,1,median_sent_sats,9238028.0,2.0688424110412598,increases_risk
W0000309,2,isolation_forest_anomaly_score,0.13037901228698445,0.8528936505317688,increases_risk
W0000309,3,observations_per_tx,1.565217391304348,-0.7259030938148499,decreases_risk
W0000309,4,country_entropy,2.9440979246006718,-0.6077953577041626,decreases_risk
W0000309,5,deterministic_score,0.34132203389830507,-0.5359119176864624,decreases_risk
W0000310,1,median_sent_sats,6917658.5,1.9057703018188477,increases_risk
W0000310,2,observations_per_tx,1.7272727272727273,-1.0314853191375732,decreases_risk
W0000310,3,isolation_forest_anomaly_score,0.2131820993095911,0.7746457457542419,increases_risk
W0000310,4,graphsage_dim_23,0.09070894122123718,-0.6621272563934326,decreases_risk
W0000310,5,country_entropy,2.9570741583558915,-0.4915122091770172,decreases_risk
W0000311,1,median_sent_sats,10760419.0,2.124471426010132,increases_risk
W0000311,2,observations_per_tx,1.65,-1.1712098121643066,decreases_risk
W0000311,3,isolation_forest_anomaly_score,0.23524464517721122,0.8292638659477234,increases_risk
W0000311,4,graphsage_dim_23,0.7134080529212952,-0.630738377571106,decreases_risk
W0000311,5,country_entropy,2.904418375282667,-0.5071669816970825,decreases_risk
W0000312,1,median_sent_sats,5186508.0,1.9716837406158447,increases_risk
W0000312,2,graphsage_dim_10,-0.7341529726982117,-0.9887728691101074,decreases_risk
W0000312,3,isolation_forest_anomaly_score,0.3166624408682923,0.7357829213142395,increases_risk
W0000312,4,country_entropy,3.0117325948008236,-0.5593032240867615,decreases_risk
W0000312,5,graphsage_dim_23,0.20336361229419708,-0.540343165397644,decreases_risk
W0000313,1,median_sent_sats,8626001.5,2.140691041946411,increases_risk
W0000313,2,observations_per_tx,1.8421052631578947,-0.9969105124473572,decreases_risk
W0000313,3,isolation_forest_anomaly_score,0.19271414461191494,0.876560628414154,increases_risk
W0000313,4,country_entropy,2.8917961953849893,-0.5939375162124634,decreases_risk
W0000313,5,avg_sent_sats,13032873.409090908,0.36743950843811035,increases_risk
W0000314,1,median_sent_sats,5101322.0,1.9009509086608887,increases_risk
W0000314,2,graphsage_dim_10,-0.25820523500442505,-0.9480960369110107,decreases_risk
W0000314,3,isolation_forest_anomaly_score,0.21916293790272723,0.7820027470588684,increases_risk
W0000314,4,country_entropy,2.65773978299125,-0.6231117248535156,decreases_risk
W0000314,5,graphsage_dim_23,0.03827214241027832,-0.5634159445762634,decreases_risk
W0000315,1,median_sent_sats,8741914.0,2.026834011077881,increases_risk
W0000315,2,observations_per_tx,1.6875,-0.9244741797447205,decreases_risk
W0000315,3,isolation_forest_anomaly_score,0.45791386312188287,0.8550275564193726,increases_risk
W0000315,4,country_entropy,2.988946292537981,-0.5081639885902405,decreases_risk
W0000315,5,graphsage_dim_23,-0.16274748742580414,0.45893338322639465,increases_risk
W0000316,1,median_sent_sats,9173665.5,2.086772918701172,increases_risk
W0000316,2,isolation_forest_anomaly_score,0.2827422725706349,0.7748841643333435,increases_risk
W0000316,3,graphsage_dim_23,0.07371649146080017,-0.5330811142921448,decreases_risk
W0000316,4,observations_per_tx,1.3333333333333333,0.5287931561470032,increases_risk
W0000316,5,graphsage_dim_10,0.030584700405597687,-0.5036200284957886,decreases_risk
W0000317,1,median_sent_sats,9521040.0,2.263572931289673,increases_risk
W0000317,2,graphsage_dim_10,-0.05268683657050133,-0.8852400779724121,decreases_risk
W0000317,3,isolation_forest_anomaly_score,0.16580257298789858,0.7416732907295227,increases_risk
W0000317,4,graphsage_dim_23,0.2351665496826172,-0.6086533069610596,decreases_risk
W0000317,5,observations_per_tx,1.4705882352941178,0.5043061971664429,increases_risk
W0000318,1,median_sent_sats,8823872.0,2.3856770992279053,increases_risk
W0000318,2,graphsage_dim_23,0.059579700231552124,-0.584275484085083,decreases_risk
W0000318,3,isolation_forest_anomaly_score,0.4968736796422384,0.5736303329467773,increases_risk
W0000318,4,avg_sent_sats,11653742.588235294,0.4263562560081482,increases_risk
W0000318,5,graphsage_dim_10,0.20994913578033447,0.42472490668296814,increases_risk
W0000319,1,median_sent_sats,10320910.0,2.1196982860565186,increases_risk
W0000319,2,observations_per_tx,1.7391304347826086,-1.1585986614227295,decreases_risk
W0000319,3,isolation_forest_anomaly_score,0.17895113097188053,0.7470312118530273,increases_risk
W0000319,4,graphsage_dim_23,0.05226053297519684,-0.6121690273284912,decreases_risk
W0000319,5,country_entropy,2.963438317412421,-0.47159501910209656,decreases_risk
W0000320,1,median_sent_sats,3274698.0,1.892310619354248,increases_risk
W0000320,2,observations_per_tx,2.0,-0.7964277863502502,decreases_risk
W0000320,3,isolation_forest_anomaly_score,0.3591181027560444,0.7570695877075195,increases_risk
W0000320,4,graphsage_dim_10,-0.11692610383033752,-0.7254400253295898,decreases_risk
W0000320,5,country_entropy,2.7580138206331157,-0.5944079160690308,decreases_risk
W0000321,1,median_sent_sats,8506780.0,2.033649206161499,increases_risk
W0000321,2,graphsage_dim_10,-0.2061026692390442,-0.9968447685241699,decreases_risk
W0000321,3,isolation_forest_anomaly_score,0.2513674106351206,0.6892147064208984,increases_risk
W0000321,4,graphsage_dim_23,0.4541172683238983,-0.6165285110473633,decreases_risk
W0000321,5,country_entropy,2.7543474847814204,-0.5970092415809631,decreases_risk
W0000322,1,median_sent_sats,12314350.5,2.139221429824829,increases_risk
W0000322,2,isolation_forest_anomaly_score,0.026933283313499756,0.8372799754142761,increases_risk
W0000322,3,graphsage_dim_23,0.20581559836864471,-0.5467150807380676,decreases_risk
W0000322,4,country_entropy,2.988204882778696,-0.5353120565414429,decreases_risk
W0000322,5,observations_per_tx,1.5238095238095237,0.4816253185272217,increases_risk
W0000323,1,median_sent_sats,10403385.5,2.263808012008667,increases_risk
W0000323,2,observations_per_tx,1.7058823529411764,-1.0123435258865356,decreases_risk
W0000323,3,isolation_forest_anomaly_score,0.14660230565454335,0.7579815983772278,increases_risk
W0000323,4,graphsage_dim_23,-0.7470394968986511,0.6386083364486694,increases_risk
W0000323,5,country_entropy,3.2876188986145944,0.3994563817977905,increases_risk
W0000324,1,median_sent_sats,3905237.5,2.34448504447937,increases_risk
W0000324,2,isolation_forest_anomaly_score,0.5112706201614152,0.7209847569465637,increases_risk
W0000324,3,graphsage_dim_23,0.7123364210128784,-0.6401103734970093,decreases_risk
W0000324,4,observations_per_tx,1.4615384615384615,0.4912266135215759,increases_risk
W0000324,5,graphsage_dim_10,0.1545778214931488,0.4296719431877136,increases_risk
W0000325,1,median_sent_sats,7391531.5,2.0552663803100586,increases_risk
W0000325,2,isolation_forest_anomaly_score,0.7163354581723956,0.79632169008255,increases_risk
W0000325,3,graphsage_dim_23,0.6943166851997375,-0.5417442917823792,decreases_risk
W0000325,4,observations_per_tx,1.3888888888888888,0.49420541524887085,increases_risk
W0000325,5,graphsage_dim_10,0.21808786690235138,0.39050599932670593,increases_risk
W0000326,1,median_sent_sats,12501758.0,2.1949915885925293,increases_risk
W0000326,2,graphsage_dim_10,-0.4409473240375519,-0.9999358654022217,decreases_risk
W0000326,3,isolation_forest_anomaly_score,0.41967849107205835,0.7213594317436218,increases_risk
W0000326,4,graphsage_dim_23,0.38730940222740173,-0.6473151445388794,decreases_risk
W0000326,5,observations_per_tx,1.4642857142857142,0.47674810886383057,increases_risk
W0000327,1,median_sent_sats,9914280.5,1.953519344329834,increases_risk
W0000327,2,isolation_forest_anomaly_score,0.19037080193030187,0.7429218292236328,increases_risk
W0000327,3,observations_per_tx,1.625,-0.739276111125946,decreases_risk
W0000327,4,graphsage_dim_10,-0.20358029007911682,-0.7102265357971191,decreases_risk
W0000327,5,country_entropy,2.8281161542992383,-0.6293924450874329,decreases_risk
W0000328,1,median_sent_sats,7065861.5,2.2435336112976074,increases_risk
W0000328,2,isolation_forest_anomaly_score,0.1150576778073692,0.7175770401954651,increases_risk
W0000328,3,country_entropy,3.011726484076778,-0.590526282787323,decreases_risk
W0000328,4,graphsage_dim_23,-0.19223810732364655,0.49800392985343933,increases_risk
W0000328,5,observations_per_tx,1.5172413793103448,0.45988142490386963,increases_risk
W0000329,1,median_sent_sats,8073258.0,2.3321495056152344,increases_risk
W0000329,2,graphsage_dim_10,-0.017732853069901466,-0.8659560680389404,decreases_risk
W0000329,3,isolation_forest_anomaly_score,0.27493625726774207,0.7296789884567261,increases_risk
W0000329,4,graphsage_dim_23,-0.10165278613567352,0.47873765230178833,increases_risk
W0000329,5,observations_per_tx,1.5142857142857142,0.47526437044143677,increases_risk
W0000330,1,median_sent_sats,6424870.0,2.300692319869995,increases_risk
W0000330,2,observations_per_tx,1.7333333333333334,-0.8878633379936218,decreases_risk
W0000330,3,graphsage_dim_23,-0.5082094073295593,0.688136875629425,increases_risk
W0000330,4,isolation_forest_anomaly_score,0.3513787939954691,0.6404464840888977,increases_risk
W0000330,5,country_entropy,3.158236521779705,0.40911442041397095,increases_risk
W0000331,1,median_sent_sats,6073750.0,2.217005729675293,increases_risk
W0000331,2,graphsage_dim_10,-0.05447663366794586,-0.8920221328735352,decreases_risk
W0000331,3,isolation_forest_anomaly_score,0.3456084219846315,0.7522743344306946,increases_risk
W0000331,4,graphsage_dim_23,0.1553971767425537,-0.6267518997192383,decreases_risk
W0000331,5,observations_per_tx,1.4666666666666666,0.4324454069137573,increases_risk
W0000332,1,median_sent_sats,8571682.0,1.8812525272369385,increases_risk
W0000332,2,graphsage_dim_10,-0.28236323595046997,-0.9957888126373291,decreases_risk
W0000332,3,isolation_forest_anomaly_score,0.24069192853497878,0.7131606936454773,increases_risk
W0000332,4,country_entropy,2.858317219107783,-0.635582447052002,decreases_risk
W0000332,5,graphsage_dim_23,0.5976127982139587,-0.582617461681366,decreases_risk
W0000333,1,median_sent_sats,11264566.5,1.789975881576538,increases_risk
W0000333,2,graphsage_dim_10,-0.2921382188796997,-0.9342325925827026,decreases_risk
W0000333,3,observations_per_tx,1.6428571428571428,-0.7348432540893555,decreases_risk
W0000333,4,graphsage_dim_23,0.5264999866485596,-0.7300088405609131,decreases_risk
W0000333,5,isolation_forest_anomaly_score,0.36744077096691363,0.7122898101806641,increases_risk
W0000334,1,median_sent_sats,7513599.0,1.9540786743164062,increases_risk
W0000334,2,observations_per_tx,1.64,-0.8811345100402832,decreases_risk
W0000334,3,isolation_forest_anomaly_score,0.16831858873602157,0.8172419667243958,increases_risk
W0000334,4,graphsage_dim_10,-0.09932388365268707,-0.7292340993881226,decreases_risk
W0000334,5,graphsage_dim_23,0.514385461807251,-0.6587501764297485,decreases_risk
W0000335,1,median_sent_sats,8356132.5,2.004284381866455,increases_risk
W0000335,2,observations_per_tx,2.0,-0.9309042692184448,decreases_risk
W0000335,3,isolation_forest_anomaly_score,0.21637208946001252,0.8659523129463196,increases_risk
W0000335,4,country_entropy,2.870811917375258,-0.5578281879425049,decreases_risk
W0000335,5,deterministic_score,0.4379322033898305,-0.508023738861084,decreases_risk
W0000336,1,median_sent_sats,11098800.0,1.9364609718322754,increases_risk
W0000336,2,graphsage_dim_10,-0.05135722458362579,-0.9640834331512451,decreases_risk
W0000336,3,isolation_forest_anomaly_score,0.10664428794874314,0.7915496826171875,increases_risk
W0000336,4,country_entropy,2.6282170728203393,-0.6824496388435364,decreases_risk
W0000336,5,graphsage_dim_23,0.11751101911067963,-0.6620391011238098,decreases_risk
W0000337,1,median_sent_sats,6545237.5,2.2512598037719727,increases_risk
W0000337,2,isolation_forest_anomaly_score,0.17904582257765045,0.6640886664390564,increases_risk
W0000337,3,graphsage_dim_23,0.1597323715686798,-0.5889033675193787,decreases_risk
W0000337,4,deterministic_score,0.3844406779661017,-0.47052252292633057,decreases_risk
W0000337,5,avg_sent_sats,14890072.208333334,0.4024488925933838,increases_risk
W0000338,1,median_sent_sats,9881015.0,2.01865816116333,increases_risk
W0000338,2,observations_per_tx,1.75,-1.0940134525299072,decreases_risk
W0000338,3,isolation_forest_anomaly_score,0.1265357505925021,0.8599887490272522,increases_risk
W0000338,4,graphsage_dim_23,0.15130728483200073,-0.6688794493675232,decreases_risk
W0000338,5,country_entropy,2.8183003811403022,-0.5460893511772156,decreases_risk
W0000339,1,median_sent_sats,8597222.0,1.990591049194336,increases_risk
W0000339,2,graphsage_dim_10,-0.06131003424525261,-0.8483729362487793,decreases_risk
W0000339,3,isolation_forest_anomaly_score,0.4353708095637976,0.7699528336524963,increases_risk
W0000339,4,graphsage_dim_23,0.29726362228393555,-0.5851920247077942,decreases_risk
W0000339,5,country_entropy,2.957348930541885,-0.5392512083053589,decreases_risk
W0000340,1,median_sent_sats,7137242.0,1.9835944175720215,increases_risk
W0000340,2,graphsage_dim_10,-0.2829785943031311,-0.9462120532989502,decreases_risk
W0000340,3,isolation_forest_anomaly_score,0.10140481987456229,0.8063217401504517,increases_risk
W0000340,4,country_entropy,2.865373308147299,-0.5915656685829163,decreases_risk
W0000340,5,graphsage_dim_23,0.14176438748836517,-0.5476328730583191,decreases_risk
W0000341,1,median_sent_sats,8004811.0,2.3685998916625977,increases_risk
W0000341,2,isolation_forest_anomaly_score,0.21104498096213498,0.6639992594718933,increases_risk
W0000341,3,graphsage_dim_23,0.21975886821746826,-0.638590931892395,decreases_risk
W0000341,4,observations_per_tx,1.36,0.5580617189407349,increases_risk
W0000341,5,graphsage_dim_10,0.1185150295495987,0.413637638092041,increases_risk
W0000342,1,median_sent_sats,3255899.0,1.8906166553497314,increases_risk
W0000342,2,graphsage_dim_10,-0.6025394201278687,-0.9850935935974121,decreases_risk
W0000342,3,isolation_forest_anomaly_score,0.4717497866098166,0.792875349521637,increases_risk
W0000342,4,graphsage_dim_23,0.8449190258979797,-0.5847212076187134,decreases_risk
W0000342,5,country_entropy,2.8943091372391274,-0.5359947085380554,decreases_risk
W0000343,1,median_sent_sats,9984525.5,1.965998888015747,increases_risk
W0000343,2,graphsage_dim_10,-0.12193882465362549,-0.8215066194534302,decreases_risk
W0000343,3,isolation_forest_anomaly_score,0.3081404455926525,0.7828442454338074,increases_risk
W0000343,4,country_entropy,2.8245297862980876,-0.5717584490776062,decreases_risk
W0000343,5,graphsage_dim_23,0.5877071619033813,-0.5533078908920288,decreases_risk
W0000344,1,median_sent_sats,9846195.0,2.2069458961486816,increases_risk
W0000344,2,graphsage_dim_10,-0.01482589915394783,-0.7742612361907959,decreases_risk
W0000344,3,isolation_forest_anomaly_score,0.1724925895052679,0.6366966962814331,increases_risk
W0000344,4,graphsage_dim_23,0.03367694094777107,-0.5365362763404846,decreases_risk
W0000344,5,observations_per_tx,1.391304347826087,0.5008487105369568,increases_risk
W0000345,1,median_sent_sats,8694487.0,2.3389906883239746,increases_risk
W0000345,2,isolation_forest_anomaly_score,0.4366040288510473,0.6777909994125366,increases_risk
W0000345,3,graphsage_dim_23,0.3475986123085022,-0.5581538081169128,decreases_risk
W0000345,4,observations_per_tx,1.4705882352941178,0.5313810110092163,increases_risk
W0000345,5,graphsage_dim_10,0.46843937039375305,0.44145333766937256,increases_risk
W0000346,1,median_sent_sats,9164520.0,2.329702615737915,increases_risk
W0000346,2,isolation_forest_anomaly_score,0.10755818196035871,0.7287223935127258,increases_risk
W0000346,3,observations_per_tx,1.2857142857142858,0.5553368926048279,increases_risk
W0000346,4,deterministic_score,0.39267796610169486,-0.5527291297912598,decreases_risk
W0000346,5,graphsage_dim_23,-0.17336638271808624,0.47278934717178345,increases_risk
W0000347,1,median_sent_sats,8425498.0,1.9138376712799072,increases_risk
W0000347,2,graphsage_dim_10,-0.31255561113357544,-0.972378134727478,decreases_risk
W0000347,3,isolation_forest_anomaly_score,0.15746937491228452,0.7892332673072815,increases_risk
W0000347,4,graphsage_dim_23,0.24008587002754211,-0.573451817035675,decreases_risk
W0000347,5,observations_per_tx,1.4285714285714286,0.47753506898880005,increases_risk
W0000348,1,median_sent_sats,10648511.0,2.4479353427886963,increases_risk
W0000348,2,isolation_forest_anomaly_score,0.4453189433384369,0.6453938484191895,increases_risk
W0000348,3,observations_per_tx,1.3478260869565217,0.5428944230079651,increases_risk
W0000348,4,graphsage_dim_23,-0.2206372767686844,0.45856720209121704,increases_risk
W0000348,5,graphsage_dim_10,0.518315851688385,0.42538389563560486,increases_risk
W0000349,1,median_sent_sats,5917206.0,2.164759635925293,increases_risk
W0000349,2,graphsage_dim_10,-0.13849616050720215,-0.8489727973937988,decreases_risk
W0000349,3,isolation_forest_anomaly_score,0.22904460821514194,0.7131214141845703,increases_risk
W0000349,4,country_entropy,2.9284402671227587,-0.5866883993148804,decreases_risk
W0000349,5,graphsage_dim_23,-0.2688503563404083,0.487491637468338,increases_risk
W0000350,1,median_sent_sats,9277193.0,2.1692638397216797,increases_risk
W0000350,2,observations_per_tx,1.7878787878787878,-1.1232422590255737,decreases_risk
W0000350,3,isolation_forest_anomaly_score,0.25602800116573976,0.7978141903877258,increases_risk
W0000350,4,graphsage_dim_23,0.009077709168195724,-0.6221599578857422,decreases_risk
W0000350,5,country_entropy,3.0191844770754783,-0.41462597250938416,decreases_risk
W0000351,1,median_sent_sats,5435589.5,2.2044732570648193,increases_risk
W0000351,2,isolation_forest_anomaly_score,0.14774641985969994,0.7518529295921326,increases_risk
W0000351,3,graphsage_dim_23,0.04095623269677162,-0.565832793712616,decreases_risk
W0000351,4,observations_per_tx,1.5294117647058822,0.5100468397140503,increases_risk
W0000351,5,deterministic_score,0.4656271186440677,-0.42052340507507324,decreases_risk
W0000352,1,median_sent_sats,11058742.0,2.321392297744751,increases_risk
W0000352,2,isolation_forest_anomaly_score,0.20710469934492926,0.7167690992355347,increases_risk
W0000352,3,country_entropy,2.9195540670910853,-0.6254203915596008,decreases_risk
W0000352,4,graphsage_dim_23,-0.7637773752212524,0.5791745185852051,increases_risk
W0000352,5,observations_per_tx,1.5,0.44960689544677734,increases_risk
W0000353,1,median_sent_sats,8079827.0,2.0067944526672363,increases_risk
W0000353,2,graphsage_dim_10,-0.15583881735801697,-0.9925482273101807,decreases_risk
W0000353,3,isolation_forest_anomaly_score,0.1762094376877158,0.7660718560218811,increases_risk
W0000353,4,country_entropy,2.8823675893627523,-0.6203762888908386,decreases_risk
W0000353,5,graphsage_dim_23,0.34502923488616943,-0.6038215160369873,decreases_risk
W0000354,1,median_sent_sats,15130204.0,1.9634010791778564,increases_risk
W0000354,2,graphsage_dim_10,-0.022615160793066025,-0.7368897199630737,decreases_risk
W0000354,3,isolation_forest_anomaly_score,0.19101885252510642,0.6955763697624207,increases_risk
W0000354,4,graphsage_dim_23,0.22199618816375732,-0.6588867902755737,decreases_risk
W0000354,5,observations_per_tx,1.5555555555555556,-0.649490237236023,decreases_risk
W0000355,1,median_sent_sats,7083321.0,2.27262544631958,increases_risk
W0000355,2,isolation_forest_anomaly_score,0.23901253001588374,0.6598016619682312,increases_risk
W0000355,3,graphsage_dim_23,0.19099625945091248,-0.6055590510368347,decreases_risk
W0000355,4,observations_per_tx,1.4,0.553280770778656,increases_risk
W0000355,5,deterministic_score,0.4482372881355933,-0.4268360733985901,decreases_risk
W0000356,1,median_sent_sats,7945740.0,2.0132853984832764,increases_risk
W0000356,2,isolation_forest_anomaly_score,0.3324250245568453,0.7929736971855164,increases_risk
W0000356,3,graphsage_dim_10,-0.09777684509754181,-0.776076078414917,decreases_risk
W0000356,4,country_entropy,2.8409777618601995,-0.5946951508522034,decreases_risk
W0000356,5,graphsage_dim_23,0.6829204559326172,-0.5309341549873352,decreases_risk
W0000357,1,median_sent_sats,7247207.0,1.8880088329315186,increases_risk
W0000357,2,graphsage_dim_10,-0.625684380531311,-0.8883363008499146,decreases_risk
W0000357,3,observations_per_tx,1.6363636363636365,-0.833427906036377,decreases_risk
W0000357,4,isolation_forest_anomaly_score,0.3056208341493074,0.7501594424247742,increases_risk
W0000357,5,graphsage_dim_23,0.03272896260023117,-0.6599888801574707,decreases_risk
W0000358,1,median_sent_sats,6496203.5,2.085648775100708,increases_risk
W0000358,2,observations_per_tx,1.6666666666666667,-1.1469790935516357,decreases_risk
W0000358,3,isolation_forest_anomaly_score,0.3265633906471702,0.7742399573326111,increases_risk
W0000358,4,graphsage_dim_23,0.42034024000167847,-0.6735697984695435,decreases_risk
W0000358,5,avg_sent_sats,12161104.291666666,0.358272910118103,increases_risk
W0000359,1,median_sent_sats,6211367.0,1.828080177307129,increases_risk
W0000359,2,observations_per_tx,1.8125,-0.9824082851409912,decreases_risk
W0000359,3,graphsage_dim_10,-0.18198683857917786,-0.8499776124954224,decreases_risk
W0000359,4,isolation_forest_anomaly_score,0.21993119232501845,0.8336811661720276,increases_risk
W0000359,5,graphsage_dim_23,0.4578733444213867,-0.631916344165802,decreases_risk
W0000360,1,median_sent_sats,9101955.5,1.8651273250579834,increases_risk
W0000360,2,graphsage_dim_10,-0.25903886556625366,-0.8916420936584473,decreases_risk
W0000360,3,isolation_forest_anomaly_score,0.17174985002568188,0.8549431562423706,increases_risk
W0000360,4,country_entropy,2.863102315696228,-0.6555190086364746,decreases_risk
W0000360,5,observations_per_tx,1.588235294117647,-0.5176782608032227,decreases_risk
W0000361,1,median_sent_sats,7240244.0,1.9194257259368896,increases_risk
W0000361,2,observations_per_tx,1.72,-1.1039024591445923,decreases_risk
W0000361,3,isolation_forest_anomaly_score,0.09274702153053727,0.8781344890594482,increases_risk
W0000361,4,graphsage_dim_23,0.14378497004508972,-0.6908206939697266,decreases_risk
W0000361,5,country_entropy,3.016560786926575,-0.5474379062652588,decreases_risk
W0000362,1,median_sent_sats,13646081.0,2.0866212844848633,increases_risk
W0000362,2,observations_per_tx,1.608695652173913,-0.9917346835136414,decreases_risk
W0000362,3,isolation_forest_anomaly_score,0.15660709830688613,0.7428586483001709,increases_risk
W0000362,4,graphsage_dim_23,0.10021762549877167,-0.6805368065834045,decreases_risk
W0000362,5,country_entropy,2.86296064211605,-0.6317467093467712,decreases_risk
W0000363,1,median_sent_sats,6974969.0,2.059828042984009,increases_risk
W0000363,2,isolation_forest_anomaly_score,0.19445238990227465,0.7438737154006958,increases_risk
W0000363,3,country_entropy,2.9507077956048806,-0.6051070094108582,decreases_risk
W0000363,4,graphsage_dim_23,0.15232959389686584,-0.6007271409034729,decreases_risk
W0000363,5,observations_per_tx,1.4782608695652173,0.5256388783454895,increases_risk
W0000364,1,median_sent_sats,12820589.0,1.9339241981506348,increases_risk
W0000364,2,observations_per_tx,1.6666666666666667,-1.15574049949646,decreases_risk
W0000364,3,isolation_forest_anomaly_score,0.037184105165053105,0.8663015365600586,increases_risk
W0000364,4,graphsage_dim_23,0.22313688695430756,-0.6325188875198364,decreases_risk
W0000364,5,country_entropy,3.001307710205908,-0.5754039883613586,decreases_risk
W0000365,1,median_sent_sats,6732578.0,2.1473588943481445,increases_risk
W0000365,2,isolation_forest_anomaly_score,0.11439442796285704,0.7824755907058716,increases_risk
W0000365,3,country_entropy,2.7773172245667848,-0.6755126118659973,decreases_risk
W0000365,4,observations_per_tx,1.375,0.4999595284461975,increases_risk
W0000365,5,deterministic_score,0.42949152542372887,-0.46523991227149963,decreases_risk
W0000366,1,median_sent_sats,12362505.0,2.2165234088897705,increases_risk
W0000366,2,isolation_forest_anomaly_score,0.2507124595025345,0.7410846948623657,increases_risk
W0000366,3,observations_per_tx,1.4736842105263157,0.5851434469223022,increases_risk
W0000366,4,deterministic_score,0.44437288135593206,-0.48668166995048523,decreases_risk
W0000366,5,avg_sent_sats,17344775.277777776,0.4157480299472809,increases_risk
W0000367,1,median_sent_sats,4147854.0,1.92899489402771,increases_risk
W0000367,2,observations_per_tx,1.7647058823529411,-0.9538747072219849,decreases_risk
W0000367,3,isolation_forest_anomaly_score,0.432490934916374,0.8760342597961426,increases_risk
W0000367,4,graphsage_dim_23,0.4422186613082886,-0.6824276447296143,decreases_risk
W0000367,5,country_entropy,2.719892371591978,-0.5514896512031555,decreases_risk
W0000368,1,median_sent_sats,7706497.0,1.917372465133667,increases_risk
W0000368,2,observations_per_tx,1.6153846153846154,-1.0020766258239746,decreases_risk
W0000368,3,isolation_forest_anomaly_score,0.15726059868086384,0.8470734357833862,increases_risk
W0000368,4,graphsage_dim_23,0.22748109698295593,-0.6379085183143616,decreases_risk
W0000368,5,country_entropy,2.4196676073851515,-0.5695104002952576,decreases_risk
W0000369,1,median_sent_sats,7293195.0,2.080321788787842,increases_risk
W0000369,2,graphsage_dim_10,-0.06297051161527634,-0.8242297172546387,decreases_risk
W0000369,3,isolation_forest_anomaly_score,0.15192732124848962,0.8231884837150574,increases_risk
W0000369,4,country_entropy,2.496668122437154,-0.6319406628608704,decreases_risk
W0000369,5,observations_per_tx,1.3125,0.469487726688385,increases_risk
W0000370,1,median_sent_sats,12411284.0,2.009719133377075,increases_risk
W0000370,2,observations_per_tx,1.7619047619047619,-1.1406097412109375,decreases_risk
W0000370,3,isolation_forest_anomaly_score,0.1591038731774449,0.7857807278633118,increases_risk
W0000370,4,graphsage_dim_23,0.0931905210018158,-0.6344950795173645,decreases_risk
W0000370,5,country_entropy,2.9318768657692202,-0.5208615064620972,decreases_risk
W0000371,1,median_sent_sats,10697306.0,2.35133695602417,increases_risk
W0000371,2,isolation_forest_anomaly_score,0.16861962641505046,0.6474805474281311,increases_risk
W0000371,3,graphsage_dim_23,0.2128826379776001,-0.5931399464607239,decreases_risk
W0000371,4,observations_per_tx,1.4090909090909092,0.5871854424476624,increases_risk
W0000371,5,graphsage_dim_10,0.12256735563278198,0.43030214309692383,increases_risk
W0000372,1,median_sent_sats,8658445.0,2.2916791439056396,increases_risk
W0000372,2,observations_per_tx,1.7333333333333334,-1.0689022541046143,decreases_risk
W0000372,3,isolation_forest_anomaly_score,0.256271747105148,0.6233569383621216,increases_risk
W0000372,4,graphsage_dim_23,-0.14261755347251892,0.5055773258209229,increases_risk
W0000372,5,country_entropy,3.2776043927683625,0.4279084801673889,increases_risk
W0000373,1,median_sent_sats,12238281.5,1.9005017280578613,increases_risk
W0000373,2,observations_per_tx,1.608695652173913,-1.0444653034210205,decreases_risk
W0000373,3,isolation_forest_anomaly_score,0.15227631348991988,0.8655908107757568,increases_risk
W0000373,4,graphsage_dim_23,0.1685575693845749,-0.6908206939697266,decreases_risk
W0000373,5,country_entropy,2.8479475983800073,-0.6072728633880615,decreases_risk
W0000374,1,median_sent_sats,5430217.0,1.9849169254302979,increases_risk
W0000374,2,observations_per_tx,1.7619047619047619,-1.1009197235107422,decreases_risk
W0000374,3,isolation_forest_anomaly_score,0.05942720177387972,0.795432448387146,increases_risk
W0000374,4,graphsage_dim_23,0.058025337755680084,-0.650177001953125,decreases_risk
W0000374,5,country_entropy,2.8156454426291537,-0.6225265860557556,decreases_risk
W0000375,1,median_sent_sats,11365332.0,1.9469752311706543,increases_risk
W0000375,2,isolation_forest_anomaly_score,0.1260564649805188,0.8566761612892151,increases_risk
W0000375,3,observations_per_tx,1.6875,-0.8544464111328125,decreases_risk
W0000375,4,country_entropy,3.0161516213719763,-0.5525983572006226,decreases_risk
W0000375,5,graphsage_dim_23,-0.26640239357948303,0.45958206057548523,increases_risk
W0000376,1,median_sent_sats,13693381.0,1.9994642734527588,increases_risk
W0000376,2,observations_per_tx,1.6666666666666667,-1.13987398147583,decreases_risk
W0000376,3,graphsage_dim_23,0.18252527713775635,-0.7116051316261292,decreases_risk
W0000376,4,isolation_forest_anomaly_score,0.16057994782087115,0.7088862061500549,increases_risk
W0000376,5,country_entropy,2.8159614479285136,-0.5451598763465881,decreases_risk
W0000377,1,median_sent_sats,10442763.0,2.4726624488830566,increases_risk
W0000377,2,isolation_forest_anomaly_score,0.24787072348351147,0.7306725382804871,increases_risk
W0000377,3,graphsage_dim_23,-0.5227711200714111,0.6202251315116882,increases_risk
W0000377,4,observations_per_tx,1.4827586206896552,0.4664139151573181,increases_risk
W0000377,5,graphsage_dim_10,0.2870239317417145,0.42942631244659424,increases_risk
W0000378,1,median_sent_sats,16116253.0,2.1071650981903076,increases_risk
W0000378,2,graphsage_dim_10,-0.11245875805616379,-0.873602032661438,decreases_risk
W0000378,3,isolation_forest_anomaly_score,0.20408440837661568,0.7563889026641846,increases_risk
W0000378,4,graphsage_dim_23,0.7422711849212646,-0.5532386302947998,decreases_risk
W0000378,5,country_entropy,2.8943774569967515,-0.5515540838241577,decreases_risk
W0000379,1,median_sent_sats,7613810.5,1.990553379058838,increases_risk
W0000379,2,isolation_forest_anomaly_score,0.10830402132290351,0.7604625225067139,increases_risk
W0000379,3,country_entropy,2.6954027410384915,-0.671546220779419,decreases_risk
W0000379,4,graphsage_dim_23,0.21446706354618073,-0.6160047054290771,decreases_risk
W0000379,5,graphsage_dim_10,0.04274899512529373,-0.4858558773994446,decreases_risk
W0000380,1,median_sent_sats,9978706.0,1.9568283557891846,increases_risk
W0000380,2,observations_per_tx,1.6842105263157894,-0.9927391409873962,decreases_risk
W0000380,3,isolation_forest_anomaly_score,0.18470035471779822,0.7565876841545105,increases_risk
W0000380,4,country_entropy,2.722037998444309,-0.6047102808952332,decreases_risk
W0000380,5,graphsage_dim_23,-0.34977081418037415,0.48196110129356384,increases_risk
W0000381,1,median_sent_sats,7714997.0,2.309725522994995,increases_risk
W0000381,2,observations_per_tx,1.606060606060606,-1.087902545928955,decreases_risk
W0000381,3,isolation_forest_anomaly_score,0.2810046421082075,0.7631040811538696,increases_risk
W0000381,4,country_entropy,3.438793196050299,0.406932532787323,increases_risk
W0000381,5,avg_sent_sats,17433035.594594594,0.3734569549560547,increases_risk
W0000382,1,median_sent_sats,9136435.5,2.2506520748138428,increases_risk
W0000382,2,graphsage_dim_10,-0.3277701139450073,-1.13530695438385,decreases_risk
W0000382,3,isolation_forest_anomaly_score,0.32129033297690557,0.6511867642402649,increases_risk
W0000382,4,graphsage_dim_23,-0.2735488712787628,0.4873323440551758,increases_risk
W0000382,5,observations_per_tx,1.3125,0.41757887601852417,increases_risk
W0000383,1,median_sent_sats,5401951.0,2.055145740509033,increases_risk
W0000383,2,graphsage_dim_10,-0.951865017414093,-0.974657416343689,decreases_risk
W0000383,3,isolation_forest_anomaly_score,0.4006304313113125,0.7807384729385376,increases_risk
W0000383,4,graphsage_dim_23,0.9445774555206299,-0.6341400146484375,decreases_risk
W0000383,5,country_entropy,2.65749877725057,-0.5752047896385193,decreases_risk
W0000384,1,median_sent_sats,6758954.0,1.8644487857818604,increases_risk
W0000384,2,graphsage_dim_10,-0.1460859477519989,-0.9147722721099854,decreases_risk
W0000384,3,isolation_forest_anomaly_score,0.10580371735029204,0.7919976115226746,increases_risk
W0000384,4,country_entropy,2.8003687816464162,-0.6548162698745728,decreases_risk
W0000384,5,graphsage_dim_23,0.29903894662857056,-0.5947120785713196,decreases_risk
W0000385,1,median_sent_sats,14963054.0,1.9507050514221191,increases_risk
W0000385,2,graphsage_dim_10,-0.11110038310289383,-0.9456164836883545,decreases_risk
W0000385,3,isolation_forest_anomaly_score,0.22801222117920483,0.7372926473617554,increases_risk
W0000385,4,country_entropy,2.427963258235975,-0.6013970971107483,decreases_risk
W0000385,5,graphsage_dim_23,0.5507910847663879,-0.5447891354560852,decreases_risk
W0000386,1,median_sent_sats,10134856.0,1.845639944076538,increases_risk
W0000386,2,graphsage_dim_10,-0.3752312958240509,-0.9486055374145508,decreases_risk
W0000386,3,observations_per_tx,1.6470588235294117,-0.8840842247009277,decreases_risk
W0000386,4,isolation_forest_anomaly_score,0.2936300447940028,0.8649632930755615,increases_risk
W0000386,5,graphsage_dim_23,0.6596564054489136,-0.5969932079315186,decreases_risk
W0000387,1,median_sent_sats,10879532.5,2.438587188720703,increases_risk
W0000387,2,isolation_forest_anomaly_score,0.28006133799320987,0.6490062475204468,increases_risk
W0000387,3,observations_per_tx,1.4827586206896552,0.5538171529769897,increases_risk
W0000387,4,graphsage_dim_23,-0.38008469343185425,0.5310090780258179,increases_risk
W0000387,5,graphsage_dim_10,0.25024858117103577,0.44550177454948425,increases_risk
W0000388,1,median_sent_sats,8255978.5,1.8337061405181885,increases_risk
W0000388,2,graphsage_dim_10,-0.24893403053283691,-0.8339543342590332,decreases_risk
W0000388,3,isolation_forest_anomaly_score,0.33952809502762626,0.8276392817497253,increases_risk
W0000388,4,observations_per_tx,1.7391304347826086,-0.7917701005935669,decreases_risk
W0000388,5,graphsage_dim_23,0.3638259172439575,-0.6737728118896484,decreases_risk
W0000389,1,median_sent_sats,4233388.5,2.0833446979522705,increases_risk
W0000389,2,isolation_forest_anomaly_score,0.32285461291020223,0.8031600117683411,increases_risk
W0000389,3,graphsage_dim_10,-0.05026445537805557,-0.7212870121002197,decreases_risk
W0000389,4,graphsage_dim_23,0.30882206559181213,-0.5586656928062439,decreases_risk
W0000389,5,observations_per_tx,1.4090909090909092,0.4805280566215515,increases_risk
W0000390,1,median_sent_sats,10905167.5,2.032686233520508,increases_risk
W0000390,2,observations_per_tx,1.84,-1.204743504524231,decreases_risk
W0000390,3,isolation_forest_anomaly_score,0.1762466018765706,0.8110557198524475,increases_risk
W0000390,4,graphsage_dim_23,0.01956014335155487,-0.6216134428977966,decreases_risk
W0000390,5,deterministic_score,0.4412542372881357,-0.5312266945838928,decreases_risk
W0000391,1,median_sent_sats,7608409.0,1.9210951328277588,increases_risk
W0000391,2,graphsage_dim_10,-0.20661182701587677,-0.7507743835449219,decreases_risk
W0000391,3,isolation_forest_anomaly_score,0.19693994063066111,0.7225801348686218,increases_risk
W0000391,4,country_entropy,2.9068303448440926,-0.6758467555046082,decreases_risk
W0000391,5,observations_per_tx,1.5625,-0.6192833185195923,decreases_risk
W0000392,1,median_sent_sats,7243686.0,2.2420079708099365,increases_risk
W0000392,2,isolation_forest_anomaly_score,0.3135183615578795,0.7210508584976196,increases_risk
W0000392,3,graphsage_dim_23,0.3445262610912323,-0.6072911024093628,decreases_risk
W0000392,4,observations_per_tx,1.4444444444444444,0.5823968052864075,increases_risk
W0000392,5,deterministic_score,0.43762711864406795,-0.49785006046295166,decreases_risk
W0000393,1,median_sent_sats,10987269.5,2.0402045249938965,increases_risk
W0000393,2,graphsage_dim_10,-0.25003349781036377,-1.0234622955322266,decreases_risk
W0000393,3,isolation_forest_anomaly_score,0.2565660986755238,0.6809378862380981,increases_risk
W0000393,4,graphsage_dim_23,0.8715031147003174,-0.5922353863716125,decreases_risk
W0000393,5,country_entropy,2.842091859889594,-0.556067943572998,decreases_risk
W0000394,1,median_sent_sats,6565794.5,1.9343512058258057,increases_risk
W0000394,2,observations_per_tx,1.6470588235294117,-0.9090970158576965,decreases_risk
W0000394,3,isolation_forest_anomaly_score,0.09565762208622075,0.8462613821029663,increases_risk
W0000394,4,graphsage_dim_10,-0.03458148241043091,-0.7921206951141357,decreases_risk
W0000394,5,country_entropy,2.8448370851405778,-0.588456928730011,decreases_risk
W0000395,1,median_sent_sats,16774892.0,2.2689921855926514,increases_risk
W0000395,2,observations_per_tx,1.7307692307692308,-1.2330212593078613,decreases_risk
W0000395,3,isolation_forest_anomaly_score,0.23491400644364835,0.7946269512176514,increases_risk
W0000395,4,graphsage_dim_23,-0.4339181184768677,0.5126907229423523,increases_risk
W0000395,5,country_entropy,3.3344422303321926,0.3900585174560547,increases_risk
W0000396,1,median_sent_sats,10600420.0,2.008298873901367,increases_risk
W0000396,2,graphsage_dim_10,-0.12449485063552856,-0.8538318872451782,decreases_risk
W0000396,3,isolation_forest_anomaly_score,0.41584391148295774,0.6992741227149963,increases_risk
W0000396,4,country_entropy,2.7096909728231853,-0.6562808156013489,decreases_risk
W0000396,5,graphsage_dim_23,0.2046731859445572,-0.6289442181587219,decreases_risk
W0000397,1,median_sent_sats,8621253.0,2.0068154335021973,increases_risk
W0000397,2,graphsage_dim_10,-0.3091137111186981,-0.9995348453521729,decreases_risk
W0000397,3,country_entropy,2.7221589426775665,-0.671435534954071,decreases_risk
W0000397,4,isolation_forest_anomaly_score,0.26541836688060616,0.6403967142105103,increases_risk
W0000397,5,graphsage_dim_23,0.3003499507904053,-0.6132524609565735,decreases_risk
W0000398,1,median_sent_sats,17809294.0,2.254938840866089,increases_risk
W0000398,2,graphsage_dim_10,-0.3466087281703949,-1.0038976669311523,decreases_risk
W0000398,3,isolation_forest_anomaly_score,1.0,0.6988256573677063,increases_risk
W0000398,4,graphsage_dim_23,-0.2150234431028366,0.46881103515625,increases_risk
W0000398,5,avg_sent_sats,26869890.35483871,0.42020973563194275,increases_risk
W0000399,1,median_sent_sats,9611282.5,2.1437880992889404,increases_risk
W0000399,2,country_entropy,2.714113720467497,-0.7362114191055298,decreases_risk
W0000399,3,isolation_forest_anomaly_score,0.016543067431563308,0.6877282857894897,increases_risk
W0000399,4,graphsage_dim_23,-0.15575696527957916,0.5331165194511414,increases_risk
W0000399,5,observations_per_tx,1.2941176470588236,0.49975037574768066,increases_risk
W0000400,1,median_sent_sats,8951963.0,2.0343921184539795,increases_risk
W0000400,2,isolation_forest_anomaly_score,0.17612686028989732,0.8209329843521118,increases_risk
W0000400,3,country_entropy,2.8084788997100603,-0.6467443704605103,decreases_risk
W0000400,4,observations_per_tx,1.4444444444444444,0.5074996948242188,increases_risk
W0000400,5,deterministic_score,0.4055593220338983,-0.4489077627658844,decreases_risk
W0000401,1,median_sent_sats,5870175.0,1.8202922344207764,increases_risk
W0000401,2,graphsage_dim_10,-0.2429201900959015,-0.8829991817474365,decreases_risk
W0000401,3,observations_per_tx,1.75,-0.8748860955238342,decreases_risk
W0000401,4,isolation_forest_anomaly_score,0.41275618437736683,0.7710856795310974,increases_risk
W0000401,5,graphsage_dim_23,0.21395418047904968,-0.7126298546791077,decreases_risk
W0000402,1,median_sent_sats,8780041.5,1.9710087776184082,increases_risk
W0000402,2,observations_per_tx,1.6785714285714286,-1.0923959016799927,decreases_risk
W0000402,3,isolation_forest_anomaly_score,0.2617949967888451,0.7700151801109314,increases_risk
W0000402,4,graphsage_dim_23,0.3400801122188568,-0.7115054726600647,decreases_risk
W0000402,5,country_entropy,2.9524109174541353,-0.5199253559112549,decreases_risk
W0000403,1,median_sent_sats,12451616.5,2.3754043579101562,increases_risk
W0000403,2,isolation_forest_anomaly_score,0.3240214195570259,0.6324755549430847,increases_risk
W0000403,3,observations_per_tx,1.4761904761904763,0.53042072057724,increases_risk
W0000403,4,deterministic_score,0.4533220338983051,-0.49657872319221497,decreases_risk
W0000403,5,graphsage_dim_23,-0.16639363765716553,0.4725141227245331,increases_risk
W0000404,1,median_sent_sats,10142130.0,1.8536412715911865,increases_risk
W0000404,2,observations_per_tx,1.608695652173913,-0.8667334318161011,decreases_risk
W0000404,3,isolation_forest_anomaly_score,0.24384722239593382,0.787373960018158,increases_risk
W0000404,4,graphsage_dim_23,0.36445119976997375,-0.6821658611297607,decreases_risk
W0000404,5,graphsage_dim_10,-0.01588168367743492,-0.652450680732727,decreases_risk
W0000405,1,median_sent_sats,7944869.0,2.1238551139831543,increases_risk
W0000405,2,observations_per_tx,1.6923076923076923,-1.0443755388259888,decreases_risk
W0000405,3,graphsage_dim_23,0.20413513481616974,-0.7263907790184021,decreases_risk
W0000405,4,isolation_forest_anomaly_score,0.35549737084116007,0.6440300941467285,increases_risk
W0000405,5,country_entropy,3.326972861459397,0.40251368284225464,increases_risk
W0000406,1,median_sent_sats,8083061.0,2.0103647708892822,increases_risk
W0000406,2,graphsage_dim_10,-0.2473832070827484,-0.8819857835769653,decreases_risk
W0000406,3,isolation_forest_anomaly_score,0.20651466073397706,0.8460066914558411,increases_risk
W0000406,4,observations_per_tx,1.7692307692307692,-0.8292701244354248,decreases_risk
W0000406,5,country_entropy,2.559190928864436,-0.5157955884933472,decreases_risk
W0000407,1,median_sent_sats,6840296.0,1.9407672882080078,increases_risk
W0000407,2,graphsage_dim_10,-0.26012828946113586,-0.9562320709228516,decreases_risk
W0000407,3,isolation_forest_anomaly_score,0.14970743044698165,0.7907772660255432,increases_risk
W0000407,4,country_entropy,2.941668730210503,-0.5720983147621155,decreases_risk
W0000407,5,graphsage_dim_23,0.19882191717624664,-0.5686566829681396,decreases_risk
W0000408,1,median_sent_sats,14690923.5,2.2431447505950928,increases_risk
W0000408,2,isolation_forest_anomaly_score,0.4061433002158189,0.7522964477539062,increases_risk
W0000408,3,observations_per_tx,1.4666666666666666,0.5182206630706787,increases_risk
W0000408,4,graphsage_dim_10,0.35624122619628906,0.42997413873672485,increases_risk
W0000408,5,avg_sent_sats,22799213.583333332,0.3848413825035095,increases_risk
W0000409,1,median_sent_sats,10848522.0,2.2261903285980225,increases_risk
W0000409,2,isolation_forest_anomaly_score,0.3282979875896038,0.818204939365387,increases_risk
W0000409,3,observations_per_tx,1.5625,-0.7971579432487488,decreases_risk
W0000409,4,graphsage_dim_23,0.6727297306060791,-0.6889665126800537,decreases_risk
W0000409,5,avg_sent_sats,21454763.9,0.37191399931907654,increases_risk
W0000410,1,median_sent_sats,4020978.0,1.9594202041625977,increases_risk
W0000410,2,graphsage_dim_10,-0.3143334984779358,-0.93409264087677,decreases_risk
W0000410,3,isolation_forest_anomaly_score,0.42997075814105234,0.7529954314231873,increases_risk
W0000410,4,graphsage_dim_23,0.6484144330024719,-0.5875436067581177,decreases_risk
W0000410,5,country_entropy,2.6292163831758786,-0.5485475063323975,decreases_risk
W0000411,1,median_sent_sats,8276474.0,1.9115054607391357,increases_risk
W0000411,2,graphsage_dim_10,-0.1447317898273468,-0.9081016778945923,decreases_risk
W0000411,3,isolation_forest_anomaly_score,0.10905123120673743,0.7365904450416565,increases_risk
W0000411,4,country_entropy,2.827583115665613,-0.6371274590492249,decreases_risk
W0000411,5,graphsage_dim_23,0.14245188236236572,-0.5602635741233826,decreases_risk
W0000412,1,median_sent_sats,9795093.0,2.2140772342681885,increases_risk
W0000412,2,observations_per_tx,1.5555555555555556,-0.8019384741783142,decreases_risk
W0000412,3,isolation_forest_anomaly_score,0.14932996167439028,0.7423686981201172,increases_risk
W0000412,4,deterministic_score,0.4354915254237288,-0.5381669402122498,decreases_risk
W0000412,5,graphsage_dim_23,-0.20849677920341492,0.449636846780777,increases_risk
W0000413,1,median_sent_sats,6257297.0,1.9723992347717285,increases_risk
W0000413,2,isolation_forest_anomaly_score,0.14274358990316405,0.8560178279876709,increases_risk
W0000413,3,observations_per_tx,1.5909090909090908,-0.7467373013496399,decreases_risk
W0000413,4,graphsage_dim_23,0.027653217315673828,-0.6521363854408264,decreases_risk
W0000413,5,country_entropy,2.9008315450471023,-0.5643377304077148,decreases_risk
W0000414,1,median_sent_sats,8151998.0,2.3965516090393066,increases_risk
W0000414,2,observations_per_tx,1.7037037037037037,-0.9490083456039429,decreases_risk
W0000414,3,graphsage_dim_23,-0.7517158389091492,0.669187605381012,increases_risk
W0000414,4,isolation_forest_anomaly_score,0.5037179494906814,0.5770925879478455,increases_risk
W0000414,5,country_entropy,3.4203237244109737,0.4041016101837158,increases_risk
W0000415,1,median_sent_sats,6880841.0,2.152871608734131,increases_risk
W0000415,2,observations_per_tx,1.588235294117647,-0.8991603255271912,decreases_risk
W0000415,3,isolation_forest_anomaly_score,0.17923223107707453,0.7583267092704773,increases_risk
W0000415,4,graphsage_dim_23,0.3582611680030823,-0.7016770839691162,decreases_risk
W0000415,5,deterministic_score,0.4316949152542372,-0.5077123641967773,decreases_risk
W0000416,1,median_sent_sats,9309822.0,1.9186341762542725,increases_risk
W0000416,2,observations_per_tx,1.9090909090909092,-0.9725927114486694,decreases_risk
W0000416,3,isolation_forest_anomaly_score,0.22744743195983486,0.8681044578552246,increases_risk
W0000416,4,graphsage_dim_23,0.4539777934551239,-0.714192807674408,decreases_risk
W0000416,5,country_entropy,2.8744974017625484,-0.5433549284934998,decreases_risk
W0000417,1,median_sent_sats,8641485.5,1.9466314315795898,increases_risk
W0000417,2,graphsage_dim_10,-0.0427209809422493,-0.7964465618133545,decreases_risk
W0000417,3,isolation_forest_anomaly_score,0.443751754688387,0.7161267399787903,increases_risk
W0000417,4,graphsage_dim_23,0.16771140694618225,-0.5830366611480713,decreases_risk
W0000417,5,country_entropy,2.9081558119151576,-0.5421084761619568,decreases_risk
W0000418,1,median_sent_sats,8625680.0,1.9811325073242188,increases_risk
W0000418,2,graphsage_dim_10,-0.12590554356575012,-0.8347513675689697,decreases_risk
W0000418,3,isolation_forest_anomaly_score,0.11866866261307174,0.7087565660476685,increases_risk
W0000418,4,country_entropy,2.7477874802478053,-0.6348434686660767,decreases_risk
W0000418,5,graphsage_dim_23,0.056338243186473846,-0.5545492172241211,decreases_risk
W0000419,1,median_sent_sats,7136252.0,2.0826807022094727,increases_risk
W0000419,2,isolation_forest_anomaly_score,0.31167320844049096,0.7786972522735596,increases_risk
W0000419,3,country_entropy,2.7294320362548175,-0.7136366963386536,decreases_risk
W0000419,4,observations_per_tx,1.5625,-0.6374911069869995,decreases_risk
W0000419,5,graphsage_dim_23,-0.16321730613708496,0.46634167432785034,increases_risk
W0000420,1,median_sent_sats,9921788.0,2.1202540397644043,increases_risk
W0000420,2,observations_per_tx,1.631578947368421,-1.0276830196380615,decreases_risk
W0000420,3,isolation_forest_anomaly_score,0.08432088512857594,0.7815250158309937,increases_risk
W0000420,4,graphsage_dim_23,0.18628229200839996,-0.6822277903556824,decreases_risk
W0000420,5,deterministic_score,0.37386440677966104,-0.4602603316307068,decreases_risk
W0000421,1,median_sent_sats,9600162.0,2.000157117843628,increases_risk
W0000421,2,isolation_forest_anomaly_score,0.21000753347802648,0.8039569854736328,increases_risk
W0000421,3,country_entropy,2.8761447934671263,-0.5782341957092285,decreases_risk
W0000421,4,graphsage_dim_23,0.03331600874662399,-0.5525509715080261,decreases_risk
W0000421,5,observations_per_tx,1.5,0.4735085368156433,increases_risk
W0000422,1,median_sent_sats,9886556.0,2.004737138748169,increases_risk
W0000422,2,graphsage_dim_10,-0.17195512354373932,-1.0068717002868652,decreases_risk
W0000422,3,isolation_forest_anomaly_score,0.23495838606981279,0.7227450013160706,increases_risk
W0000422,4,country_entropy,2.8811336953257474,-0.6327779293060303,decreases_risk
W0000422,5,graphsage_dim_23,-0.4388555884361267,0.46622708439826965,increases_risk
W0000423,1,median_sent_sats,7247318.0,1.8276984691619873,increases_risk
W0000423,2,observations_per_tx,1.8095238095238095,-0.9030431509017944,decreases_risk
W0000423,3,isolation_forest_anomaly_score,0.20930391974049822,0.7662356495857239,increases_risk
W0000423,4,graphsage_dim_10,-0.2738957107067108,-0.7491154670715332,decreases_risk
W0000423,5,graphsage_dim_23,0.24639111757278442,-0.661142110824585,decreases_risk
W0000424,1,median_sent_sats,10881167.0,2.0975329875946045,increases_risk
W0000424,2,isolation_forest_anomaly_score,0.4048148247125697,0.7936416268348694,increases_risk
W0000424,3,observations_per_tx,1.4210526315789473,0.5684689283370972,increases_risk
W0000424,4,graphsage_dim_23,0.5183739066123962,-0.551186203956604,decreases_risk
W0000424,5,country_entropy,2.891061112072652,-0.5364294648170471,decreases_risk
W0000425,1,median_sent_sats,8118398.0,1.9870209693908691,increases_risk
W0000425,2,isolation_forest_anomaly_score,0.16832270715419495,0.8095155358314514,increases_risk
W0000425,3,country_entropy,2.8852778853861762,-0.6555308103561401,decreases_risk
W0000425,4,observations_per_tx,1.5862068965517242,-0.652931809425354,decreases_risk
W0000425,5,deterministic_score,0.44376271186440686,-0.44496139883995056,decreases_risk
W0000426,1,median_sent_sats,15001567.0,2.3220314979553223,increases_risk
W0000426,2,isolation_forest_anomaly_score,0.1795428331159512,0.6724992394447327,increases_risk
W0000426,3,deterministic_score,0.44108474576271195,-0.5643554329872131,decreases_risk
W0000426,4,observations_per_tx,1.4090909090909092,0.5505184531211853,increases_risk
W0000426,5,graphsage_dim_10,0.4664093852043152,0.45121297240257263,increases_risk
W0000427,1,median_sent_sats,14744739.0,2.04237961769104,increases_risk
W0000427,2,isolation_forest_anomaly_score,0.3398195346661319,0.780460000038147,increases_risk
W0000427,3,graphsage_dim_23,0.39093124866485596,-0.571099042892456,decreases_risk
W0000427,4,country_entropy,2.949075945600288,-0.5676031708717346,decreases_risk
W0000427,5,observations_per_tx,1.5263157894736843,0.464741587638855,increases_risk
W0000428,1,median_sent_sats,4308982.0,1.910367727279663,increases_risk
W0000428,2,observations_per_tx,1.7058823529411764,-0.948032021522522,decreases_risk
W0000428,3,isolation_forest_anomaly_score,0.25693506445053593,0.7712731957435608,increases_risk
W0000428,4,graphsage_dim_10,-0.03205496817827225,-0.7034938335418701,decreases_risk
W0000428,5,graphsage_dim_23,0.02264232188463211,-0.6323567628860474,decreases_risk
W0000429,1,median_sent_sats,8959394.0,1.9175090789794922,increases_risk
W0000429,2,observations_per_tx,1.7894736842105263,-0.9202287197113037,decreases_risk
W0000429,3,isolation_forest_anomaly_score,0.17574056274386352,0.7771413326263428,increases_risk
W0000429,4,graphsage_dim_10,-0.11494676768779755,-0.667168140411377,decreases_risk
W0000429,5,country_entropy,2.934786921273668,-0.5004026293754578,decreases_risk
W0000430,1,median_sent_sats,14633829.5,1.9878332614898682,increases_risk
W0000430,2,observations_per_tx,1.5714285714285714,-0.8064587712287903,decreases_risk
W0000430,3,isolation_forest_anomaly_score,0.1821618576251124,0.7731349468231201,increases_risk
W0000430,4,country_entropy,2.8225104667548546,-0.6496132612228394,decreases_risk
W0000430,5,graphsage_dim_23,0.25783973932266235,-0.6479591727256775,decreases_risk
W0000431,1,median_sent_sats,8458228.0,2.091754674911499,increases_risk
W0000431,2,isolation_forest_anomaly_score,0.17254451984296038,0.8063454627990723,increases_risk
W0000431,3,graphsage_dim_10,0.01057707890868187,-0.7200508117675781,decreases_risk
W0000431,4,graphsage_dim_23,0.08158852159976959,-0.5651372075080872,decreases_risk
W0000431,5,avg_sent_sats,12951972.205882354,0.40509292483329773,increases_risk
W0000432,1,median_sent_sats,8669950.0,2.2117221355438232,increases_risk
W0000432,2,isolation_forest_anomaly_score,0.15356816926594352,0.7402085661888123,increases_risk
W0000432,3,graphsage_dim_10,-0.0031400006264448166,-0.6686015129089355,decreases_risk
W0000432,4,graphsage_dim_23,0.08081242442131042,-0.5320013165473938,decreases_risk
W0000432,5,observations_per_tx,1.375,0.506420910358429,increases_risk
W0000433,1,median_sent_sats,7188304.0,2.0595788955688477,increases_risk
W0000433,2,observations_per_tx,1.6,-0.9091398119926453,decreases_risk
W0000433,3,isolation_forest_anomaly_score,0.34554792666452927,0.7714317440986633,increases_risk
W0000433,4,graphsage_dim_23,0.44822371006011963,-0.6527212262153625,decreases_risk
W0000433,5,graphsage_dim_10,0.007879827171564102,-0.632250189781189,decreases_risk
W0000434,1,median_sent_sats,10321207.0,2.027501344680786,increases_risk
W0000434,2,observations_per_tx,1.6111111111111112,-0.9811848402023315,decreases_risk
W0000434,3,isolation_forest_anomaly_score,0.11839238704246968,0.788886308670044,increases_risk
W0000434,4,country_entropy,2.9211711136765968,-0.6413892507553101,decreases_risk
W0000434,5,graphsage_dim_23,-0.24068817496299744,0.4725208282470703,increases_risk
W0000435,1,median_sent_sats,8000858.0,2.0781733989715576,increases_risk
W0000435,2,observations_per_tx,1.7,-1.0329464673995972,decreases_risk
W0000435,3,isolation_forest_anomaly_score,0.10121899907467458,0.8030450344085693,increases_risk
W0000435,4,graphsage_dim_23,0.05011134594678879,-0.6556261777877808,decreases_risk
W0000435,5,country_entropy,3.008516032370837,-0.5146234631538391,decreases_risk
W0000436,1,median_sent_sats,11559652.5,2.3281607627868652,increases_risk
W0000436,2,observations_per_tx,1.6875,-1.1237107515335083,decreases_risk
W0000436,3,isolation_forest_anomaly_score,0.2800030188549202,0.7384682893753052,increases_risk
W0000436,4,graphsage_dim_23,-0.20026825368404388,0.45125770568847656,increases_risk
W0000436,5,avg_sent_sats,12691974.1,0.38847678899765015,increases_risk
W0000437,1,median_sent_sats,7704228.0,2.035186767578125,increases_risk
W0000437,2,graphsage_dim_10,-0.22627951204776764,-1.0068230628967285,decreases_risk
W0000437,3,isolation_forest_anomaly_score,0.14204838978774414,0.706207811832428,increases_risk
W0000437,4,graphsage_dim_23,0.16106471419334412,-0.5920723080635071,decreases_risk
W0000437,5,observations_per_tx,1.5,0.4516063332557678,increases_risk
W0000438,1,median_sent_sats,5131372.5,1.7975132465362549,increases_risk
W0000438,2,observations_per_tx,1.7333333333333334,-0.9688920378684998,decreases_risk
W0000438,3,graphsage_dim_10,-0.9572703838348389,-0.8687702417373657,decreases_risk
W0000438,4,isolation_forest_anomaly_score,0.3441009521770385,0.79050213098526,increases_risk
W0000438,5,graphsage_dim_23,0.39703595638275146,-0.6506357789039612,decreases_risk
W0000439,1,median_sent_sats,6814958.0,1.9561269283294678,increases_risk
W0000439,2,graphsage_dim_10,-0.7704355716705322,-1.0244730710983276,decreases_risk
W0000439,3,isolation_forest_anomaly_score,0.24383192385829022,0.7812101244926453,increases_risk
W0000439,4,graphsage_dim_23,0.5717505812644958,-0.6251043677330017,decreases_risk
W0000439,5,country_entropy,2.528282381065477,-0.5937824249267578,decreases_risk
W0000440,1,median_sent_sats,10109808.0,1.9418399333953857,increases_risk
W0000440,2,observations_per_tx,1.6875,-0.8913748860359192,decreases_risk
W0000440,3,isolation_forest_anomaly_score,0.6759423720967177,0.7397104501724243,increases_risk
W0000440,4,graphsage_dim_23,0.10466723144054413,-0.7234691381454468,decreases_risk
W0000440,5,country_entropy,2.7799500009615423,-0.5653899908065796,decreases_risk
W0000441,1,median_sent_sats,7911006.0,2.0344808101654053,increases_risk
W0000441,2,observations_per_tx,2.0,-0.8752320408821106,decreases_risk
W0000441,3,isolation_forest_anomaly_score,0.16213885995603783,0.8074375987052917,increases_risk
W0000441,4,country_entropy,2.793961832360763,-0.6405974626541138,decreases_risk
W0000441,5,graphsage_dim_23,-0.18285320699214935,0.49970898032188416,increases_risk
W0000442,1,median_sent_sats,6371147.0,2.067392587661743,increases_risk
W0000442,2,graphsage_dim_10,-0.34169548749923706,-1.1293996572494507,decreases_risk
W0000442,3,isolation_forest_anomaly_score,0.2619906190394984,0.7682888507843018,increases_risk
W0000442,4,graphsage_dim_23,0.3334372043609619,-0.5867644548416138,decreases_risk
W0000442,5,deterministic_score,0.4423050847457627,-0.45297712087631226,decreases_risk
W0000443,1,median_sent_sats,9327505.0,1.975266456604004,increases_risk
W0000443,2,graphsage_dim_10,-0.41103866696357727,-1.0380463600158691,decreases_risk
W0000443,3,isolation_forest_anomaly_score,0.3160729451479226,0.8281592130661011,increases_risk
W0000443,4,graphsage_dim_23,0.6303114891052246,-0.5645827054977417,decreases_risk
W0000443,5,country_entropy,2.7920918598895943,-0.5107567310333252,decreases_risk
W0000444,1,median_sent_sats,6404967.0,2.025297164916992,increases_risk
W0000444,2,isolation_forest_anomaly_score,0.20577598551731902,0.7719299793243408,increases_risk
W0000444,3,graphsage_dim_10,-0.11577203869819641,-0.7701823711395264,decreases_risk
W0000444,4,observations_per_tx,1.588235294117647,-0.6599564552307129,decreases_risk
W0000444,5,country_entropy,2.9560569454861145,-0.5949161648750305,decreases_risk
W0000445,1,median_sent_sats,7658057.5,1.9677376747131348,increases_risk
W0000445,2,observations_per_tx,1.6,-0.8666496276855469,decreases_risk
W0000445,3,isolation_forest_anomaly_score,0.07735830901443508,0.8099365830421448,increases_risk
W0000445,4,graphsage_dim_23,0.13599584996700287,-0.6825605630874634,decreases_risk
W0000445,5,country_entropy,2.6765004226233424,-0.6542790532112122,decreases_risk
W0000446,1,median_sent_sats,11736977.0,2.3741095066070557,increases_risk
W0000446,2,isolation_forest_anomaly_score,0.3243615959603444,0.6993548274040222,increases_risk
W0000446,3,avg_sent_sats,26021039.51724138,0.4342721402645111,increases_risk
W0000446,4,graphsage_dim_10,0.16167359054088593,0.41058436036109924,increases_risk
W0000446,5,observations_per_tx,1.5357142857142858,0.3950842320919037,increases_risk
W0000447,1,median_sent_sats,7821923.5,2.0051822662353516,increases_risk
W0000447,2,isolation_forest_anomaly_score,0.15035442531792886,0.7051560878753662,increases_risk
W0000447,3,country_entropy,2.681004055360496,-0.6130139827728271,decreases_risk
W0000447,4,graphsage_dim_10,0.025347992777824402,-0.4478915333747864,decreases_risk
W0000447,5,deterministic_score,0.4353220338983051,-0.40988829731941223,decreases_risk
W0000448,1,median_sent_sats,6578585.0,2.0706961154937744,increases_risk
W0000448,2,isolation_forest_anomaly_score,0.15580233314400427,0.7564632296562195,increases_risk
W0000448,3,country_entropy,2.967974376872575,-0.6051070094108582,decreases_risk
W0000448,4,observations_per_tx,1.3636363636363635,0.4884257912635803,increases_risk
W0000448,5,deterministic_score,0.43145762711864405,-0.47465965151786804,decreases_risk
W0000449,1,median_sent_sats,4583461.0,2.1932523250579834,increases_risk
W0000449,2,graphsage_dim_10,-0.5848385095596313,-1.1043986082077026,decreases_risk
W0000449,3,isolation_forest_anomaly_score,0.19213504962898076,0.6467303037643433,increases_risk
W0000449,4,graphsage_dim_23,-0.10512523353099823,0.5037882328033447,increases_risk
W0000449,5,observations_per_tx,1.4444444444444444,0.44684237241744995,increases_risk
W0000450,1,median_sent_sats,6984922.0,2.041996717453003,increases_risk
W0000450,2,isolation_forest_anomaly_score,0.07186646521417273,0.7197933793067932,increases_risk
W0000450,3,country_entropy,2.9121899990360474,-0.6350007057189941,decreases_risk
W0000450,4,graphsage_dim_23,0.14094537496566772,-0.6054102778434753,decreases_risk
W0000450,5,deterministic_score,0.4252542372881357,-0.5229120850563049,decreases_risk
W0000451,1,median_sent_sats,7870075.0,2.0149948596954346,increases_risk
W0000451,2,observations_per_tx,1.736842105263158,-0.9931154847145081,decreases_risk
W0000451,3,isolation_forest_anomaly_score,0.002578989697879619,0.7922212481498718,increases_risk
W0000451,4,country_entropy,3.006765155618478,-0.5844800472259521,decreases_risk
W0000451,5,deterministic_score,0.4190508474576271,-0.49681520462036133,decreases_risk
W0000452,1,median_sent_sats,11650752.0,2.1379640102386475,increases_risk
W0000452,2,isolation_forest_anomaly_score,0.17332695578331347,0.7817168831825256,increases_risk
W0000452,3,observations_per_tx,1.565217391304348,-0.7678213119506836,decreases_risk
W0000452,4,graphsage_dim_10,-0.01700541377067566,-0.7467936277389526,decreases_risk
W0000452,5,graphsage_dim_23,0.11376012861728668,-0.6827811002731323,decreases_risk
W0000453,1,median_sent_sats,7588060.0,1.963388442993164,increases_risk
W0000453,2,observations_per_tx,1.76,-0.8743276596069336,decreases_risk
W0000453,3,graphsage_dim_10,-0.33406147360801697,-0.8479706048965454,decreases_risk
W0000453,4,isolation_forest_anomaly_score,0.3537605246209182,0.7722533345222473,increases_risk
W0000453,5,graphsage_dim_23,0.38138842582702637,-0.6647868156433105,decreases_risk
W0000454,1,median_sent_sats,6393938.5,2.089426279067993,increases_risk
W0000454,2,observations_per_tx,1.7037037037037037,-1.128906488418579,decreases_risk
W0000454,3,isolation_forest_anomaly_score,0.27254853631151943,0.7936053276062012,increases_risk
W0000454,4,graphsage_dim_23,0.4817022383213043,-0.6929760575294495,decreases_risk
W0000454,5,deterministic_score,0.4372881355932205,-0.4986664652824402,decreases_risk
W0000455,1,median_sent_sats,8050218.0,2.2018349170684814,increases_risk
W0000455,2,isolation_forest_anomaly_score,0.07590046314283094,0.8246617317199707,increases_risk
W0000455,3,country_entropy,2.9209647444103135,-0.5752331614494324,decreases_risk
W0000455,4,observations_per_tx,1.5,0.5666971206665039,increases_risk
W0000455,5,graphsage_dim_23,0.1143161877989769,-0.5605319738388062,decreases_risk
W0000456,1,median_sent_sats,10850445.0,1.911513090133667,increases_risk
W0000456,2,graphsage_dim_10,-0.1810694932937622,-0.7876228094100952,decreases_risk
W0000456,3,country_entropy,2.7366119690144073,-0.6815970540046692,decreases_risk
W0000456,4,observations_per_tx,1.5555555555555556,-0.6717121601104736,decreases_risk
W0000456,5,isolation_forest_anomaly_score,0.19149198133504497,0.6577205657958984,increases_risk
W0000457,1,median_sent_sats,4321439.5,2.0448224544525146,increases_risk
W0000457,2,isolation_forest_anomaly_score,0.1900410807481958,0.7905840873718262,increases_risk
W0000457,3,graphsage_dim_10,-0.10920005291700363,-0.7848972082138062,decreases_risk
W0000457,4,country_entropy,2.795243077705817,-0.5483877062797546,decreases_risk
W0000457,5,graphsage_dim_23,0.08496545255184174,-0.4875452220439911,decreases_risk
W0000458,1,median_sent_sats,7224468.0,2.130432367324829,increases_risk
W0000458,2,observations_per_tx,1.588235294117647,-0.908103346824646,decreases_risk
W0000458,3,isolation_forest_anomaly_score,0.2624125431832939,0.7535446882247925,increases_risk
W0000458,4,graphsage_dim_23,0.23103594779968262,-0.6446292996406555,decreases_risk
W0000458,5,avg_sent_sats,12750355.636363637,0.3826269805431366,increases_risk
W0000459,1,median_sent_sats,8084215.5,1.9059805870056152,increases_risk
W0000459,2,graphsage_dim_10,-0.4277494549751282,-0.9664371013641357,decreases_risk
W0000459,3,isolation_forest_anomaly_score,0.3219372537234888,0.7292158603668213,increases_risk
W0000459,4,country_entropy,2.528282381065477,-0.5972613096237183,decreases_risk
W0000459,5,avg_sent_sats,10834595.5,0.3889423906803131,increases_risk
W0000460,1,median_sent_sats,10226273.0,1.9925034046173096,increases_risk
W0000460,2,observations_per_tx,1.8095238095238095,-0.8580405712127686,decreases_risk
W0000460,3,isolation_forest_anomaly_score,0.16724569308829484,0.7977159023284912,increases_risk
W0000460,4,graphsage_dim_10,-0.048659875988960266,-0.7252415418624878,decreases_risk
W0000460,5,country_entropy,2.968320907991067,-0.5366793870925903,decreases_risk
W0000461,1,median_sent_sats,8611740.5,2.2312722206115723,increases_risk
W0000461,2,observations_per_tx,1.6153846153846154,-0.8765802979469299,decreases_risk
W0000461,3,isolation_forest_anomaly_score,0.6279010461643689,0.7569543719291687,increases_risk
W0000461,4,country_entropy,3.5967781892264368,0.4129266142845154,increases_risk
W0000461,5,graphsage_dim_10,0.16596665978431702,0.389970988035202,increases_risk
W0000462,1,median_sent_sats,8990091.0,2.001509428024292,increases_risk
W0000462,2,graphsage_dim_10,-0.11020957678556442,-0.8467538356781006,decreases_risk
W0000462,3,isolation_forest_anomaly_score,0.20610487432205538,0.8042773008346558,increases_risk
W0000462,4,country_entropy,2.9390341341727613,-0.5811558365821838,decreases_risk
W0000462,5,graphsage_dim_23,0.300525039434433,-0.5586656928062439,decreases_risk
W0000463,1,median_sent_sats,9174968.5,2.0549938678741455,increases_risk
W0000463,2,graphsage_dim_10,-0.011896921321749687,-0.7925459146499634,decreases_risk
W0000463,3,isolation_forest_anomaly_score,0.480755242983968,0.7223906517028809,increases_risk
W0000463,4,graphsage_dim_23,1.1204135417938232,-0.5337705016136169,decreases_risk
W0000463,5,country_entropy,2.955788532571418,-0.49561938643455505,decreases_risk
W0000464,1,median_sent_sats,13465438.5,2.112591505050659,increases_risk
W0000464,2,isolation_forest_anomaly_score,0.1431302418875664,0.7431040406227112,increases_risk
W0000464,3,country_entropy,2.557436306118481,-0.6696913242340088,decreases_risk
W0000464,4,observations_per_tx,1.4615384615384615,0.49758535623550415,increases_risk
W0000464,5,graphsage_dim_10,0.5111425518989563,0.4536094069480896,increases_risk
W0000465,1,median_sent_sats,5018118.5,2.13572359085083,increases_risk
W0000465,2,isolation_forest_anomaly_score,0.18979675422033315,0.6796579957008362,increases_risk
W0000465,3,country_entropy,2.8125,-0.6738669276237488,decreases_risk
W0000465,4,observations_per_tx,1.2307692307692308,0.4716922640800476,increases_risk
W0000465,5,graphsage_dim_10,0.33338662981987,0.4319845736026764,increases_risk
W0000466,1,median_sent_sats,6512665.5,1.9520606994628906,increases_risk
W0000466,2,isolation_forest_anomaly_score,0.12113527121631229,0.8223337531089783,increases_risk
W0000466,3,observations_per_tx,1.5555555555555556,-0.7546205520629883,decreases_risk
W0000466,4,graphsage_dim_23,0.1461111307144165,-0.6302687525749207,decreases_risk
W0000466,5,country_entropy,2.961625898490169,-0.5493261814117432,decreases_risk
W0000467,1,median_sent_sats,26216258.0,1.8642303943634033,increases_risk
W0000467,2,graphsage_dim_10,-0.05200059711933136,-0.958574652671814,decreases_risk
W0000467,3,country_entropy,2.6014097655573916,-0.6751707792282104,decreases_risk
W0000467,4,isolation_forest_anomaly_score,0.4325138567439417,0.6619437336921692,increases_risk
W0000467,5,graphsage_dim_23,0.2013252079486847,-0.5975702404975891,decreases_risk
W0000468,1,median_sent_sats,4493683.0,1.8266866207122803,increases_risk
W0000468,2,graphsage_dim_10,-0.140475332736969,-0.8189769983291626,decreases_risk
W0000468,3,isolation_forest_anomaly_score,0.21891397538529134,0.8035158514976501,increases_risk
W0000468,4,observations_per_tx,1.6666666666666667,-0.7997040748596191,decreases_risk
W0000468,5,country_entropy,2.678217072820339,-0.5898049473762512,decreases_risk
W0000469,1,median_sent_sats,12178700.5,2.0631580352783203,increases_risk
W0000469,2,isolation_forest_anomaly_score,0.2381417344978385,0.8130797147750854,increases_risk
W0000469,3,graphsage_dim_23,0.2695994973182678,-0.5673205852508545,decreases_risk
W0000469,4,country_entropy,2.96812170649153,-0.5609908103942871,decreases_risk
W0000469,5,observations_per_tx,1.3636363636363635,0.5230876803398132,increases_risk
W0000470,1,median_sent_sats,10268383.0,2.285581588745117,increases_risk
W0000470,2,graphsage_dim_10,-0.06140807643532753,-0.8514360189437866,decreases_risk
W0000470,3,isolation_forest_anomaly_score,0.2688614027836984,0.5947980880737305,increases_risk
W0000470,4,graphsage_dim_23,0.07375834137201309,-0.5308379530906677,decreases_risk
W0000470,5,observations_per_tx,1.4,0.5303280353546143,increases_risk
W0000471,1,median_sent_sats,8942648.0,2.2122232913970947,increases_risk
W0000471,2,isolation_forest_anomaly_score,0.14519683014141938,0.8010881543159485,increases_risk
W0000471,3,graphsage_dim_10,-0.11246606707572937,-0.7602057456970215,decreases_risk
W0000471,4,graphsage_dim_23,0.05291951820254326,-0.5316928029060364,decreases_risk
W0000471,5,observations_per_tx,1.3076923076923077,0.5127476453781128,increases_risk
W0000472,1,median_sent_sats,7654925.0,1.9015469551086426,increases_risk
W0000472,2,observations_per_tx,1.5625,-0.8313400149345398,decreases_risk
W0000472,3,isolation_forest_anomaly_score,0.21158518174814034,0.7822099328041077,increases_risk
W0000472,4,graphsage_dim_10,-0.3273386061191559,-0.7644838094711304,decreases_risk
W0000472,5,graphsage_dim_23,0.285394549369812,-0.6508917808532715,decreases_risk
W0000473,1,median_sent_sats,4976498.0,2.1400654315948486,increases_risk
W0000473,2,graphsage_dim_10,-0.22180528938770294,-0.900315523147583,decreases_risk
W0000473,3,isolation_forest_anomaly_score,0.26494269440540186,0.6637685298919678,increases_risk
W0000473,4,graphsage_dim_23,0.06117189675569534,-0.5771967768669128,decreases_risk
W0000473,5,observations_per_tx,1.5238095238095237,0.4622064232826233,increases_risk
W0000474,1,median_sent_sats,10376845.0,2.1678884029388428,increases_risk
W0000474,2,observations_per_tx,1.6470588235294117,-0.8395192623138428,decreases_risk
W0000474,3,isolation_forest_anomaly_score,0.23353898407711604,0.6689875721931458,increases_risk
W0000474,4,graphsage_dim_23,-0.5343525409698486,0.6272273063659668,increases_risk
W0000474,5,country_entropy,2.9124314788086783,-0.5135646462440491,decreases_risk
W0000475,1,median_sent_sats,7790242.0,2.0043983459472656,increases_risk
W0000475,2,observations_per_tx,1.8095238095238095,-1.1721136569976807,decreases_risk
W0000475,3,isolation_forest_anomaly_score,0.16720275098910387,0.8210082650184631,increases_risk
W0000475,4,graphsage_dim_23,0.1776813268661499,-0.7049021124839783,decreases_risk
W0000475,5,country_entropy,2.91711453578589,-0.5557959079742432,decreases_risk
W0000476,1,median_sent_sats,8823581.0,2.044588088989258,increases_risk
W0000476,2,graphsage_dim_10,-0.11438903212547302,-0.8995401859283447,decreases_risk
W0000476,3,isolation_forest_anomaly_score,0.21356413255752416,0.7670203447341919,increases_risk
W0000476,4,country_entropy,2.66918033686673,-0.6415033936500549,decreases_risk
W0000476,5,graphsage_dim_23,-0.4601120948791504,0.49768930673599243,increases_risk
W0000477,1,median_sent_sats,5809841.0,2.0092077255249023,increases_risk
W0000477,2,graphsage_dim_10,-0.07673481851816177,-0.9249222278594971,decreases_risk
W0000477,3,isolation_forest_anomaly_score,0.13662864206243108,0.7916828393936157,increases_risk
W0000477,4,graphsage_dim_23,0.23099926114082336,-0.5920723080635071,decreases_risk
W0000477,5,country_entropy,2.974186480136926,-0.5866109132766724,decreases_risk
W0000478,1,median_sent_sats,11139778.0,2.132380247116089,increases_risk
W0000478,2,isolation_forest_anomaly_score,0.2707688112501183,0.8410642147064209,increases_risk
W0000478,3,graphsage_dim_10,-0.11530329287052155,-0.8381582498550415,decreases_risk
W0000478,4,country_entropy,2.9215160014925705,-0.5818423628807068,decreases_risk
W0000478,5,observations_per_tx,1.5517241379310345,-0.5732341408729553,decreases_risk
W0000479,1,median_sent_sats,6828868.5,2.211850881576538,increases_risk
W0000479,2,isolation_forest_anomaly_score,0.10208629990063467,0.8160429000854492,increases_risk
W0000479,3,country_entropy,2.830861512066404,-0.6534414887428284,decreases_risk
W0000479,4,graphsage_dim_23,-0.17359408736228943,0.5162540674209595,increases_risk
W0000479,5,observations_per_tx,1.5,0.4568459987640381,increases_risk
W0000480,1,median_sent_sats,7754022.0,2.0870330333709717,increases_risk
W0000480,2,observations_per_tx,1.8,-0.9741896986961365,decreases_risk
W0000480,3,isolation_forest_anomaly_score,0.19723779236017147,0.8545260429382324,increases_risk
W0000480,4,country_entropy,2.989168931515068,-0.5509634613990784,decreases_risk
W0000480,5,deterministic_score,0.45847457627118643,-0.4998977482318878,decreases_risk
W0000481,1,median_sent_sats,6782992.0,2.3419058322906494,increases_risk
W0000481,2,observations_per_tx,1.5625,-0.712898850440979,decreases_risk
W0000481,3,isolation_forest_anomaly_score,0.17812772015592382,0.6467621922492981,increases_risk
W0000481,4,country_entropy,3.146644113014771,0.4277312755584717,increases_risk
W0000481,5,avg_sent_sats,15128416.11764706,0.40896838903427124,increases_risk
W0000482,1,median_sent_sats,7470653.5,2.089078664779663,increases_risk
W0000482,2,observations_per_tx,1.56,-0.7627530097961426,decreases_risk
W0000482,3,graphsage_dim_10,-0.17738232016563416,-0.7230758666992188,decreases_risk
W0000482,4,isolation_forest_anomaly_score,0.20637733584932472,0.7049253582954407,increases_risk
W0000482,5,graphsage_dim_23,0.3489830493927002,-0.6830952763557434,decreases_risk
W0000483,1,median_sent_sats,9238521.5,2.2709403038024902,increases_risk
W0000483,2,graphsage_dim_10,-0.05086870491504669,-0.9666910171508789,decreases_risk
W0000483,3,graphsage_dim_23,0.1626422107219696,-0.6504190564155579,decreases_risk
W0000483,4,isolation_forest_anomaly_score,0.24476734485388663,0.5897020101547241,increases_risk
W0000483,5,observations_per_tx,1.3571428571428572,0.43186408281326294,increases_risk
W0000484,1,median_sent_sats,9504156.0,2.0053882598876953,increases_risk
W0000484,2,isolation_forest_anomaly_score,1.4659701563779493e-08,0.796815037727356,increases_risk
W0000484,3,graphsage_dim_10,-0.00646325945854187,-0.6829251050949097,decreases_risk
W0000484,4,country_entropy,2.7773172245667848,-0.6196441054344177,decreases_risk
W0000484,5,graphsage_dim_23,0.08719053864479065,-0.5132835507392883,decreases_risk
W0000485,1,median_sent_sats,8050936.0,1.991373062133789,increases_risk
W0000485,2,graphsage_dim_10,-0.15670432150363922,-0.9493646621704102,decreases_risk
W0000485,3,isolation_forest_anomaly_score,0.2998098706510829,0.7237346172332764,increases_risk
W0000485,4,graphsage_dim_23,0.5661787390708923,-0.5820814371109009,decreases_risk
W0000485,5,country_entropy,2.9434986044920413,-0.5392999053001404,decreases_risk
W0000486,1,median_sent_sats,4933940.0,2.1846864223480225,increases_risk
W0000486,2,observations_per_tx,1.6666666666666667,-1.1018791198730469,decreases_risk
W0000486,3,isolation_forest_anomaly_score,0.5107779077431345,0.7149376273155212,increases_risk
W0000486,4,graphsage_dim_23,-0.305300772190094,0.4650678336620331,increases_risk
W0000486,5,country_entropy,3.179194573253033,0.405703604221344,increases_risk
W0000487,1,median_sent_sats,8259225.0,2.2754158973693848,increases_risk
W0000487,2,isolation_forest_anomaly_score,0.29531821533147307,0.648345410823822,increases_risk
W0000487,3,graphsage_dim_23,0.011047255247831345,-0.603664755821228,decreases_risk
W0000487,4,observations_per_tx,1.5,0.5149290561676025,increases_risk
W0000487,5,deterministic_score,0.41481355932203395,-0.49862581491470337,decreases_risk
W0000488,1,median_sent_sats,10929610.0,2.1312191486358643,increases_risk
W0000488,2,isolation_forest_anomaly_score,0.17347590223677345,0.7825536727905273,increases_risk
W0000488,3,country_entropy,2.9139548910719846,-0.6033414602279663,decreases_risk
W0000488,4,graphsage_dim_23,0.28829315304756165,-0.5972185730934143,decreases_risk
W0000488,5,observations_per_tx,1.4375,0.539692223072052,increases_risk
W0000489,1,median_sent_sats,10628028.0,1.9432437419891357,increases_risk
W0000489,2,observations_per_tx,1.84,-1.100967288017273,decreases_risk
W0000489,3,isolation_forest_anomaly_score,0.2495825107022419,0.8432377576828003,increases_risk
W0000489,4,graphsage_dim_23,0.07918138802051544,-0.6621272563934326,decreases_risk
W0000489,5,deterministic_score,0.4230508474576271,-0.5226542353630066,decreases_risk
W0000490,1,median_sent_sats,14263136.5,1.8937315940856934,increases_risk
W0000490,2,graphsage_dim_10,-0.5583895444869995,-0.9693313837051392,decreases_risk
W0000490,3,isolation_forest_anomaly_score,0.4539924865010495,0.7190936803817749,increases_risk
W0000490,4,country_entropy,2.219240704636849,-0.6603116393089294,decreases_risk
W0000490,5,graphsage_dim_23,-0.4253494143486023,0.5077513456344604,increases_risk
W0000491,1,median_sent_sats,9217737.5,2.2070980072021484,increases_risk
W0000491,2,observations_per_tx,1.7619047619047619,-1.1553866863250732,decreases_risk
W0000491,3,isolation_forest_anomaly_score,0.21892322867589797,0.7651575803756714,increases_risk
W0000491,4,graphsage_dim_23,-0.2706797122955322,0.49294593930244446,increases_risk
W0000491,5,deterministic_score,0.48745762711864393,-0.4485320746898651,decreases_risk
W0000492,1,median_sent_sats,6073887.0,2.0624446868896484,increases_risk
W0000492,2,observations_per_tx,1.608695652173913,-0.8494049906730652,decreases_risk
W0000492,3,isolation_forest_anomaly_score,0.37048775841481196,0.7450274229049683,increases_risk
W0000492,4,country_entropy,2.8258466250908216,-0.6308701634407043,decreases_risk
W0000492,5,graphsage_dim_23,-0.10922056436538696,0.4463687837123871,increases_risk
W0000493,1,median_sent_sats,9502425.0,2.1516759395599365,increases_risk
W0000493,2,observations_per_tx,1.5555555555555556,-0.7906671166419983,decreases_risk
W0000493,3,isolation_forest_anomaly_score,0.2228886450402099,0.7766505479812622,increases_risk
W0000493,4,deterministic_score,0.4080677966101695,-0.5623589754104614,decreases_risk
W0000493,5,graphsage_dim_23,-0.18115954101085663,0.5030519962310791,increases_risk
W0000494,1,median_sent_sats,7962479.0,2.0973055362701416,increases_risk
W0000494,2,isolation_forest_anomaly_score,0.04999427189041816,0.739844024181366,increases_risk
W0000494,3,country_entropy,2.8843448852662528,-0.6254094839096069,decreases_risk
W0000494,4,graphsage_dim_23,0.10159651190042496,-0.5812444090843201,decreases_risk
W0000494,5,observations_per_tx,1.4814814814814814,0.5169021487236023,increases_risk
W0000495,1,median_sent_sats,12026097.0,2.1833744049072266,increases_risk
W0000495,2,observations_per_tx,1.7916666666666667,-1.0098775625228882,decreases_risk
W0000495,3,isolation_forest_anomaly_score,0.20599990698455972,0.8124297261238098,increases_risk
W0000495,4,deterministic_score,0.4802372881355933,-0.4470968544483185,decreases_risk
W0000495,5,avg_sent_sats,14854511.74074074,0.3945448696613312,increases_risk
W0000496,1,median_sent_sats,11428697.0,2.491513729095459,increases_risk
W0000496,2,isolation_forest_anomaly_score,0.14181081117492167,0.6630417108535767,increases_risk
W0000496,3,observations_per_tx,1.4516129032258065,0.5613090395927429,increases_risk
W0000496,4,graphsage_dim_23,-0.37027299404144287,0.5289813876152039,increases_risk
W0000496,5,avg_sent_sats,19367763.827586208,0.4263528287410736,increases_risk
W0000497,1,median_sent_sats,4764201.5,2.000033140182495,increases_risk
W0000497,2,observations_per_tx,1.65,-1.1265674829483032,decreases_risk
W0000497,3,isolation_forest_anomaly_score,0.15219112149844705,0.8382985591888428,increases_risk
W0000497,4,graphsage_dim_23,0.16879737377166748,-0.633938729763031,decreases_risk
W0000497,5,country_entropy,3.020387734243413,-0.4807186424732208,decreases_risk
W0000498,1,median_sent_sats,9157502.0,1.891618251800537,increases_risk
W0000498,2,observations_per_tx,1.6666666666666667,-0.9264305830001831,decreases_risk
W0000498,3,isolation_forest_anomaly_score,0.1312689882986432,0.8297926783561707,increases_risk
W0000498,4,graphsage_dim_23,0.19491234421730042,-0.6587501764297485,decreases_risk
W0000498,5,graphsage_dim_10,0.004019545391201973,-0.6063473224639893,decreases_risk
W0000499,1,median_sent_sats,15478916.0,1.9033255577087402,increases_risk
W0000499,2,observations_per_tx,1.8421052631578947,-1.039347529411316,decreases_risk
W0000499,3,isolation_forest_anomaly_score,0.2025575352908915,0.8549013137817383,increases_risk
W0000499,4,graphsage_dim_23,0.31903889775276184,-0.6687780618667603,decreases_risk
W0000499,5,country_entropy,2.8932228449579873,-0.559418797492981,decreases_risk
W0000500,1,median_sent_sats,5166524.0,2.157620429992676,increases_risk
W0000500,2,isolation_forest_anomaly_score,0.27020037372276895,0.7954016923904419,increases_risk
W0000500,3,graphsage_dim_23,0.5015989542007446,-0.6007271409034729,decreases_risk
W0000500,4,observations_per_tx,1.48,0.5007675290107727,increases_risk
W0000500,5,deterministic_score,0.47271186440677976,-0.4176809787750244,decreases_risk
