wallet_id,deterministic_score,deterministic_feature_count,deterministic_evidence
W000001,0.5144278606965172,67,"[{""feature"": ""unique_asns"", ""value"": 16.0, ""empirical_anomaly_score"": 0.993333, ""median"": 8.0, ""mad"": 2.0}, {""feature"": ""asn_entropy"", ""value"": 3.4305946180235427, ""empirical_anomaly_score"": 0.993333, ""median"": 2.375, ""mad"": 0.25}, {""feature"": ""total_bytes_received"", ""value"": 57365.0, ""empirical_anomaly_score"": 0.96, ""median"": 27443.5, ""mad"": 7628.0}, {""feature"": ""unique_dst_ips"", ""value"": 13.0, ""empirical_anomaly_score"": 0.956667, ""median"": 7.0, ""mad"": 2.0}, {""feature"": ""unique_src_ips"", ""value"": 3.0, ""empirical_anomaly_score"": 0.953333, ""median"": 1.0, ""mad"": 0.0}]"
W000002,0.3904975124378109,67,"[{""feature"": ""country_entropy"", ""value"": 2.2806390622295662, ""empirical_anomaly_score"": 0.993333, ""median"": 1.6804820237218405, ""mad"": 0.2119586677656532}, {""feature"": ""unique_src_ips"", ""value"": 3.0, ""empirical_anomaly_score"": 0.953333, ""median"": 1.0, ""mad"": 0.0}, {""feature"": ""unique_network_types"", ""value"": 5.0, ""empirical_anomaly_score"": 0.953333, ""median"": 3.0, ""mad"": 1.0}, {""feature"": ""std_latency_ms"", ""value"": 50.46851918346157, ""empirical_anomaly_score"": 0.926667, ""median"": 27.157299680854067, ""mad"": 6.180389164041724}, {""feature"": ""asn_entropy"", ""value"": 3.0, ""empirical_anomaly_score"": 0.866667, ""median"": 2.375, ""mad"": 0.25}]"
W000003,0.42383084577114427,67,"[{""feature"": ""avg_network_tx_time_difference"", ""value"": 2.8461538461538463, ""empirical_anomaly_score"": 0.946667, ""median"": 2.0, ""mad"": 0.33333333333333326}, {""feature"": ""observations_per_tx"", ""value"": 1.8571428571428572, ""empirical_anomaly_score"": 0.94, ""median"": 1.3333333333333333, ""mad"": 0.12470862470862476}, {""feature"": ""median_received_sats"", ""value"": 146035070.0, ""empirical_anomaly_score"": 0.926667, ""median"": 54845191.75, ""mad"": 14310899.0}, {""feature"": ""min_inter_tx_seconds"", ""value"": 42051.0, ""empirical_anomaly_score"": 0.926667, ""median"": 7857.0, ""mad"": 5137.5}, {""feature"": ""median_latency_ms"", ""value"": 42.0, ""empirical_anomaly_score"": 0.923333, ""median"": 59.25, ""mad"": 7.25}]"
W000004,0.4576616915422886,67,"[{""feature"": ""pagerank"", ""value"": 0.005874588842183376, ""empirical_anomaly_score"": 0.966667, ""median"": 0.0031838564235762224, ""mad"": 0.0007468073772566048}, {""feature"": ""in_degree"", ""value"": 14, ""empirical_anomaly_score"": 0.926667, ""median"": 9.0, ""mad"": 2.0}, {""feature"": ""outgoing_tx_count"", ""value"": 14.0, ""empirical_anomaly_score"": 0.923333, ""median"": 9.0, ""mad"": 2.0}, {""feature"": ""weighted_in_degree"", ""value"": 14.0, ""empirical_anomaly_score"": 0.916667, ""median"": 9.0, ""mad"": 2.0}, {""feature"": ""median_latency_ms"", ""value"": 43.0, ""empirical_anomaly_score"": 0.906667, ""median"": 59.25, ""mad"": 7.25}]"
W000005,0.36094527363184087,67,"[{""feature"": ""unique_countries"", ""value"": 6.0, ""empirical_anomaly_score"": 0.936667, ""median"": 4.0, ""mad"": 1.0}, {""feature"": ""last_seen"", ""value"": 1780266105000000, ""empirical_anomaly_score"": 0.93, ""median"": 1780159499500000.0, ""mad"": 85878500000.0}, {""feature"": ""total_bytes_sent"", ""value"": 48281.0, ""empirical_anomaly_score"": 0.9, ""median"": 26209.0, ""mad"": 6955.5}, {""feature"": ""unique_src_ports"", ""value"": 17.0, ""empirical_anomaly_score"": 0.88, ""median"": 10.0, ""mad"": 2.0}, {""feature"": ""observation_count"", ""value"": 17.0, ""empirical_anomaly_score"": 0.88, ""median"": 10.0, ""mad"": 2.0}]"
W000006,0.4124378109452737,67,"[{""feature"": ""first_seen"", ""value"": 1777594735000000, ""empirical_anomaly_score"": 0.97, ""median"": 1777705462000000.0, ""mad"": 87469000000.0}, {""feature"": ""median_latency_ms"", ""value"": 81.0, ""empirical_anomaly_score"": 0.92, ""median"": 59.25, ""mad"": 7.25}, {""feature"": ""mean_latency_ms"", ""value"": 84.0, ""empirical_anomaly_score"": 0.913333, ""median"": 65.55, ""mad"": 6.928571428571427}, {""feature"": ""min_network_tx_time_difference"", ""value"": 1.0, ""empirical_anomaly_score"": 0.85, ""median"": 0.0, ""mad"": 0.0}, {""feature"": ""degree"", ""value"": 24, ""empirical_anomaly_score"": 0.85, ""median"": 17.0, ""mad"": 3.0}]"
W000007,0.42661691542288555,67,"[{""feature"": ""burstiness"", ""value"": 0.16006319098740748, ""empirical_anomaly_score"": 0.926667, ""median"": -0.028558963606097724, ""mad"": 0.06469384018309376}, {""feature"": ""pagerank"", ""value"": 0.001652198583834337, ""empirical_anomaly_score"": 0.913333, ""median"": 0.0031838564235762224, ""mad"": 0.0007468073772566048}, {""feature"": ""median_sent_sats"", ""value"": 98807460.0, ""empirical_anomaly_score"": 0.9, ""median"": 47216227.0, ""mad"": 12436673.0}, {""feature"": ""max_outputs_per_tx"", ""value"": 1.0, ""empirical_anomaly_score"": 0.88, ""median"": 2.0, ""mad"": 0.0}, {""feature"": ""avg_outputs_per_tx"", ""value"": 1.0, ""empirical_anomaly_score"": 0.88, ""median"": 1.3125, ""mad"": 0.13068181818181812}]"
W000008,0.33920398009950253,67,"[{""feature"": ""unique_countries"", ""value"": 6.0, ""empirical_anomaly_score"": 0.936667, ""median"": 4.0, ""mad"": 1.0}, {""feature"": ""total_bytes_received"", ""value"": 49398.0, ""empirical_anomaly_score"": 0.913333, ""median"": 27443.5, ""mad"": 7628.0}, {""feature"": ""country_entropy"", ""value"": 2.085584193372715, ""empirical_anomaly_score"": 0.88, ""median"": 1.6804820237218405, ""mad"": 0.2119586677656532}, {""feature"": ""unique_src_ports"", ""value"": 16.0, ""empirical_anomaly_score"": 0.84, ""median"": 10.0, ""mad"": 2.0}, {""feature"": ""observation_count"", ""value"": 16.0, ""empirical_anomaly_score"": 0.84, ""median"": 10.0, ""mad"": 2.0}]"
W000009,0.3944278606965174,67,"[{""feature"": ""unique_network_types"", ""value"": 5.0, ""empirical_anomaly_score"": 0.953333, ""median"": 3.0, ""mad"": 1.0}, {""feature"": ""avg_sent_sats"", ""value"": 34523680.666666664, ""empirical_anomaly_score"": 0.906667, ""median"": 69916518.99545455, ""mad"": 18204736.1}, {""feature"": ""std_sent_sats"", ""value"": 21843703.90412883, ""empirical_anomaly_score"": 0.906667, ""median"": 62620235.30358499, ""mad"": 25332748.176178508}, {""feature"": ""max_sent_sats"", ""value"": 73592118.0, ""empirical_anomaly_score"": 0.893333, ""median"": 196370893.0, ""mad"": 80988886.0}, {""feature"": ""std_latency_ms"", ""value"": 46.114346650830555, ""empirical_anomaly_score"": 0.88, ""median"": 27.157299680854067, ""mad"": 6.180389164041724}]"
W000010,0.3135820895522389,67,"[{""feature"": ""observations_per_tx"", ""value"": 1.0, ""empirical_anomaly_score"": 0.896667, ""median"": 1.3333333333333333, ""mad"": 0.12470862470862476}, {""feature"": ""country_entropy"", ""value"": 0.9864267287308424, ""empirical_anomaly_score"": 0.893333, ""median"": 1.6804820237218405, ""mad"": 0.2119586677656532}, {""feature"": ""min_network_tx_time_difference"", ""value"": 1.0, ""empirical_anomaly_score"": 0.85, ""median"": 0.0, ""mad"": 0.0}, {""feature"": ""avg_network_tx_time_difference"", ""value"": 2.5555555555555554, ""empirical_anomaly_score"": 0.77, ""median"": 2.0, ""mad"": 0.33333333333333326}, {""feature"": ""unique_countries"", ""value"": 3.0, ""empirical_anomaly_score"": 0.74, ""median"": 4.0, ""mad"": 1.0}]"
W000011,0.48407960199004957,67,"[{""feature"": ""total_received_sats"", ""value"": 1693045815.0, ""empirical_anomaly_score"": 0.953333, ""median"": 599711820.5, ""mad"": 223846575.0}, {""feature"": ""total_sent_sats"", ""value"": 1617884473.0, ""empirical_anomaly_score"": 0.953333, ""median"": 649067921.5, ""mad"": 231164563.0}, {""feature"": ""clustering_coefficient"", ""value"": 0.10526315789473684, ""empirical_anomaly_score"": 0.946667, ""median"": 0.05514051166225079, ""mad"": 0.0137987012987013}, {""feature"": ""max_sent_sats"", ""value"": 656127568.0, ""empirical_anomaly_score"": 0.92, ""median"": 196370893.0, ""mad"": 80988886.0}, {""feature"": ""std_sent_sats"", ""value"": 226008730.91576907, ""empirical_anomaly_score"": 0.913333, ""median"": 62620235.30358499, ""mad"": 25332748.176178508}]"
W000012,0.48487562189054734,67,"[{""feature"": ""in_out_ratio"", ""value"": 0.10317999246490693, ""empirical_anomaly_score"": 0.98, ""median"": 0.9459241289194119, ""mad"": 0.42671851574922676}, {""feature"": ""total_sent_sats"", ""value"": 1495177285.0, ""empirical_anomaly_score"": 0.946667, ""median"": 649067921.5, ""mad"": 231164563.0}, {""feature"": ""total_received_sats"", ""value"": 154272381.0, ""empirical_anomaly_score"": 0.946667, ""median"": 599711820.5, ""mad"": 223846575.0}, {""feature"": ""max_received_sats"", ""value"": 52260599.0, ""empirical_anomaly_score"": 0.946667, ""median"": 196990782.5, ""mad"": 81473984.0}, {""feature"": ""std_received_sats"", ""value"": 14420682.9548403, ""empirical_anomaly_score"": 0.92, ""median"": 64972630.65674827, ""mad"": 28418197.62883212}]"
W000013,0.5223880597014924,67,"[{""feature"": ""avg_inter_tx_seconds"", ""value"": 290984.0, ""empirical_anomaly_score"": 0.993333, ""median"": 153303.0358974359, ""mad"": 25534.33560503825}, {""feature"": ""transaction_velocity"", ""value"": 3.818461190687842e-06, ""empirical_anomaly_score"": 0.98, ""median"": 6.95631189636602e-06, ""mad"": 1.0534693895728903e-06}, {""feature"": ""std_inter_tx_seconds"", ""value"": 274814.95757463784, ""empirical_anomaly_score"": 0.953333, ""median"": 145117.80484766472, ""mad"": 30005.163051601456}, {""feature"": ""max_received_sats"", ""value"": 57872002.0, ""empirical_anomaly_score"": 0.933333, ""median"": 196990782.5, ""mad"": 81473984.0}, {""feature"": ""community_id"", ""value"": 4, ""empirical_anomaly_score"": 0.92, ""median"": 1.5, ""mad"": 1.5}]"
W000014,0.45388059701492534,67,"[{""feature"": ""max_received_sats"", ""value"": 66377644.0, ""empirical_anomaly_score"": 0.926667, ""median"": 196990782.5, ""mad"": 81473984.0}, {""feature"": ""std_received_sats"", ""value"": 15466068.451562047, ""empirical_anomaly_score"": 0.906667, ""median"": 64972630.65674827, ""mad"": 28418197.62883212}, {""feature"": ""avg_received_sats"", ""value"": 39631313.625, ""empirical_anomaly_score"": 0.886667, ""median"": 80830302.69444445, ""mad"": 23241519.925}, {""feature"": ""avg_outputs_per_tx"", ""value"": 1.6666666666666667, ""empirical_anomaly_score"": 0.88, ""median"": 1.3125, ""mad"": 0.13068181818181812}, {""feature"": ""min_network_tx_time_difference"", ""value"": 1.0, ""empirical_anomaly_score"": 0.85, ""median"": 0.0, ""mad"": 0.0}]"
W000015,0.4325373134328358,67,"[{""feature"": ""avg_network_tx_time_difference"", ""value"": 3.1, ""empirical_anomaly_score"": 0.986667, ""median"": 2.0, ""mad"": 0.33333333333333326}, {""feature"": ""country_entropy"", ""value"": 0.6098403047164004, ""empirical_anomaly_score"": 0.966667, ""median"": 1.6804820237218405, ""mad"": 0.2119586677656532}, {""feature"": ""max_received_sats"", ""value"": 49787543.0, ""empirical_anomaly_score"": 0.96, ""median"": 196990782.5, ""mad"": 81473984.0}, {""feature"": ""avg_received_sats"", ""value"": 34437581.14285714, ""empirical_anomaly_score"": 0.953333, ""median"": 80830302.69444445, ""mad"": 23241519.925}, {""feature"": ""std_received_sats"", ""value"": 14644290.31202102, ""empirical_anomaly_score"": 0.913333, ""median"": 64972630.65674827, ""mad"": 28418197.62883212}]"
W000016,0.49825870646766157,67,"[{""feature"": ""total_received_sats"", ""value"": 2848800723.0, ""empirical_anomaly_score"": 1.0, ""median"": 599711820.5, ""mad"": 223846575.0}, {""feature"": ""max_received_sats"", ""value"": 2091471637.0, ""empirical_anomaly_score"": 1.0, ""median"": 196990782.5, ""mad"": 81473984.0}, {""feature"": ""std_received_sats"", ""value"": 610336472.7189332, ""empirical_anomaly_score"": 0.993333, ""median"": 64972630.65674827, ""mad"": 28418197.62883212}, {""feature"": ""total_sent_sats"", ""value"": 1924934308.0, ""empirical_anomaly_score"": 0.986667, ""median"": 649067921.5, ""mad"": 231164563.0}, {""feature"": ""first_seen"", ""value"": 1777594735000000, ""empirical_anomaly_score"": 0.97, ""median"": 1777705462000000.0, ""mad"": 87469000000.0}]"
W000017,0.5171144278606964,67,"[{""feature"": ""betweenness_centrality"", ""value"": 0.0012380754309788773, ""empirical_anomaly_score"": 0.96, ""median"": 0.006049457042989186, ""mad"": 0.002196104480818523}, {""feature"": ""avg_inter_tx_seconds"", ""value"": 247279.33333333334, ""empirical_anomaly_score"": 0.94, ""median"": 153303.0358974359, ""mad"": 25534.33560503825}, {""feature"": ""std_inter_tx_seconds"", ""value"": 265650.32612628205, ""empirical_anomaly_score"": 0.926667, ""median"": 145117.80484766472, ""mad"": 30005.163051601456}, {""feature"": ""transaction_velocity"", ""value"": 4.4933440095187e-06, ""empirical_anomaly_score"": 0.926667, ""median"": 6.95631189636602e-06, ""mad"": 1.0534693895728903e-06}, {""feature"": ""two_hop_neighbor_count"", ""value"": 20, ""empirical_anomaly_score"": 0.92, ""median"": 62.0, ""mad"": 14.0}]"
W000018,0.27910447761194035,67,"[{""feature"": ""std_sent_sats"", ""value"": 157307466.66791835, ""empirical_anomaly_score"": 0.84, ""median"": 62620235.30358499, ""mad"": 25332748.176178508}, {""feature"": ""max_sent_sats"", ""value"": 485706558.0, ""empirical_anomaly_score"": 0.826667, ""median"": 196370893.0, ""mad"": 80988886.0}, {""feature"": ""std_latency_ms"", ""value"": 18.340219092574557, ""empirical_anomaly_score"": 0.72, ""median"": 27.157299680854067, ""mad"": 6.180389164041724}, {""feature"": ""shared_asn_wallet_count"", ""value"": 53.0, ""empirical_anomaly_score"": 0.676667, ""median"": 49.0, ""mad"": 4.0}, {""feature"": ""shared_ip_wallet_count"", ""value"": 53.0, ""empirical_anomaly_score"": 0.676667, ""median"": 49.0, ""mad"": 4.0}]"
W000019,0.34019900497512445,67,"[{""feature"": ""avg_sent_sats"", ""value"": 34623351.833333336, ""empirical_anomaly_score"": 0.9, ""median"": 69916518.99545455, ""mad"": 18204736.1}, {""feature"": ""max_sent_sats"", ""value"": 73363707.0, ""empirical_anomaly_score"": 0.9, ""median"": 196370893.0, ""mad"": 80988886.0}, {""feature"": ""total_sent_sats"", ""value"": 207740111.0, ""empirical_anomaly_score"": 0.866667, ""median"": 649067921.5, ""mad"": 231164563.0}, {""feature"": ""burstiness"", ""value"": -0.18018639747424392, ""empirical_anomaly_score"": 0.86, ""median"": -0.028558963606097724, ""mad"": 0.06469384018309376}, {""feature"": ""std_sent_sats"", ""value"": 24766447.979351915, ""empirical_anomaly_score"": 0.846667, ""median"": 62620235.30358499, ""mad"": 25332748.176178508}]"
W000020,0.4459701492537315,67,"[{""feature"": ""burstiness"", ""value"": -0.2195588088755708, ""empirical_anomaly_score"": 0.933333, ""median"": -0.028558963606097724, ""mad"": 0.06469384018309376}, {""feature"": ""std_inter_tx_seconds"", ""value"": 86620.06641575195, ""empirical_anomaly_score"": 0.913333, ""median"": 145117.80484766472, ""mad"": 30005.163051601456}, {""feature"": ""unique_dst_ips"", ""value"": 12.0, ""empirical_anomaly_score"": 0.906667, ""median"": 7.0, ""mad"": 2.0}, {""feature"": ""unique_asns"", ""value"": 13.0, ""empirical_anomaly_score"": 0.9, ""median"": 8.0, ""mad"": 2.0}, {""feature"": ""two_hop_neighbor_count"", ""value"": 104, ""empirical_anomaly_score"": 0.886667, ""median"": 62.0, ""mad"": 14.0}]"
W000021,0.42935323383084584,67,"[{""feature"": ""asn_entropy"", ""value"": 3.3494839817876882, ""empirical_anomaly_score"": 0.986667, ""median"": 2.375, ""mad"": 0.25}, {""feature"": ""country_entropy"", ""value"": 2.2201755214643453, ""empirical_anomaly_score"": 0.98, ""median"": 1.6804820237218405, ""mad"": 0.2119586677656532}, {""feature"": ""unique_src_ips"", ""value"": 3.0, ""empirical_anomaly_score"": 0.953333, ""median"": 1.0, ""mad"": 0.0}, {""feature"": ""unique_asns"", ""value"": 14.0, ""empirical_anomaly_score"": 0.943333, ""median"": 8.0, ""mad"": 2.0}, {""feature"": ""unique_countries"", ""value"": 6.0, ""empirical_anomaly_score"": 0.936667, ""median"": 4.0, ""mad"": 1.0}]"
W000022,0.591094527363184,67,"[{""feature"": ""country_entropy"", ""value"": 0.6500224216483541, ""empirical_anomaly_score"": 0.96, ""median"": 1.6804820237218405, ""mad"": 0.2119586677656532}, {""feature"": ""total_bytes_sent"", ""value"": 5728.0, ""empirical_anomaly_score"": 0.94, ""median"": 26209.0, ""mad"": 6955.5}, {""feature"": ""observation_count"", ""value"": 3.0, ""empirical_anomaly_score"": 0.933333, ""median"": 10.0, ""mad"": 2.0}, {""feature"": ""unique_src_ports"", ""value"": 3.0, ""empirical_anomaly_score"": 0.933333, ""median"": 10.0, ""mad"": 2.0}, {""feature"": ""avg_inter_tx_seconds"", ""value"": 243616.2, ""empirical_anomaly_score"": 0.92, ""median"": 153303.0358974359, ""mad"": 25534.33560503825}]"
W000023,0.35233830845771136,67,"[{""feature"": ""rapid_hop_count"", ""value"": 9.0, ""empirical_anomaly_score"": 0.936667, ""median"": 4.0, ""mad"": 1.0}, {""feature"": ""total_bytes_sent"", ""value"": 46748.0, ""empirical_anomaly_score"": 0.866667, ""median"": 26209.0, ""mad"": 6955.5}, {""feature"": ""country_entropy"", ""value"": 2.0611458867154226, ""empirical_anomaly_score"": 0.846667, ""median"": 1.6804820237218405, ""mad"": 0.2119586677656532}, {""feature"": ""total_bytes_received"", ""value"": 41643.0, ""empirical_anomaly_score"": 0.78, ""median"": 27443.5, ""mad"": 7628.0}, {""feature"": ""avg_network_tx_time_difference"", ""value"": 1.4285714285714286, ""empirical_anomaly_score"": 0.753333, ""median"": 2.0, ""mad"": 0.33333333333333326}]"
W000024,0.41298507462686557,67,"[{""feature"": ""asn_entropy"", ""value"": 3.1185077804617447, ""empirical_anomaly_score"": 0.966667, ""median"": 2.375, ""mad"": 0.25}, {""feature"": ""weighted_out_degree"", ""value"": 16.0, ""empirical_anomaly_score"": 0.916667, ""median"": 8.0, ""mad"": 2.0}, {""feature"": ""out_degree"", ""value"": 15, ""empirical_anomaly_score"": 0.903333, ""median"": 8.0, ""mad"": 2.0}, {""feature"": ""country_entropy"", ""value"": 2.0922718656836103, ""empirical_anomaly_score"": 0.886667, ""median"": 1.6804820237218405, ""mad"": 0.2119586677656532}, {""feature"": ""two_hop_neighbor_count"", ""value"": 100, ""empirical_anomaly_score"": 0.856667, ""median"": 62.0, ""mad"": 14.0}]"
W000025,0.37004975124378103,67,"[{""feature"": ""unique_countries"", ""value"": 6.0, ""empirical_anomaly_score"": 0.936667, ""median"": 4.0, ""mad"": 1.0}, {""feature"": ""burstiness"", ""value"": 0.10296816147174621, ""empirical_anomaly_score"": 0.806667, ""median"": -0.028558963606097724, ""mad"": 0.06469384018309376}, {""feature"": ""tx_count"", ""value"": 11.0, ""empirical_anomaly_score"": 0.793333, ""median"": 8.0, ""mad"": 2.0}, {""feature"": ""incoming_tx_count"", ""value"": 11.0, ""empirical_anomaly_score"": 0.793333, ""median"": 8.0, ""mad"": 2.0}, {""feature"": ""median_inter_tx_seconds"", ""value"": 66568.0, ""empirical_anomaly_score"": 0.786667, ""median"": 110529.75, ""mad"": 26467.25}]"
W000026,0.45542288557213934,67,"[{""feature"": ""std_inter_tx_seconds"", ""value"": 364563.95901374804, ""empirical_anomaly_score"": 0.993333, ""median"": 145117.80484766472, ""mad"": 30005.163051601456}, {""feature"": ""avg_inter_tx_seconds"", ""value"": 277489.44444444444, ""empirical_anomaly_score"": 0.98, ""median"": 153303.0358974359, ""mad"": 25534.33560503825}, {""feature"": ""median_inter_tx_seconds"", ""value"": 223343.0, ""empirical_anomaly_score"": 0.973333, ""median"": 110529.75, ""mad"": 26467.25}, {""feature"": ""transaction_velocity"", ""value"": 4.004156314254196e-06, ""empirical_anomaly_score"": 0.966667, ""median"": 6.95631189636602e-06, ""mad"": 1.0534693895728903e-06}, {""feature"": ""total_sent_sats"", ""value"": 176661708.0, ""empirical_anomaly_score"": 0.913333, ""median"": 649067921.5, ""mad"": 231164563.0}]"
W000027,0.37970149253731333,67,"[{""feature"": ""outbound_ratio"", ""value"": 0.6032830624562774, ""empirical_anomaly_score"": 0.94, ""median"": 0.49578352067974074, ""mad"": 0.036769728818191294}, {""feature"": ""std_latency_ms"", ""value"": 50.39202377962271, ""empirical_anomaly_score"": 0.92, ""median"": 27.157299680854067, ""mad"": 6.180389164041724}, {""feature"": ""inbound_ratio"", ""value"": 0.39671693754372267, ""empirical_anomaly_score"": 0.913333, ""median"": 0.5012310997322463, ""mad"": 0.03701682209852983}, {""feature"": ""observations_per_tx"", ""value"": 1.7142857142857142, ""empirical_anomaly_score"": 0.883333, ""median"": 1.3333333333333333, ""mad"": 0.12470862470862476}, {""feature"": ""pagerank"", ""value"": 0.005267935617138393, ""empirical_anomaly_score"": 0.853333, ""median"": 0.0031838564235762224, ""mad"": 0.0007468073772566048}]"
W000028,0.3829850746268656,67,"[{""feature"": ""max_received_sats"", ""value"": 1878407688.0, ""empirical_anomaly_score"": 0.993333, ""median"": 196990782.5, ""mad"": 81473984.0}, {""feature"": ""std_received_sats"", ""value"": 607479164.8538998, ""empirical_anomaly_score"": 0.986667, ""median"": 64972630.65674827, ""mad"": 28418197.62883212}, {""feature"": ""total_received_sats"", ""value"": 2352921629.0, ""empirical_anomaly_score"": 0.986667, ""median"": 599711820.5, ""mad"": 223846575.0}, {""feature"": ""avg_received_sats"", ""value"": 261435736.55555555, ""empirical_anomaly_score"": 0.946667, ""median"": 80830302.69444445, ""mad"": 23241519.925}, {""feature"": ""in_out_ratio"", ""value"": 5.343949982214479, ""empirical_anomaly_score"": 0.933333, ""median"": 0.9459241289194119, ""mad"": 0.42671851574922676}]"
W000029,0.4739800995024875,67,"[{""feature"": ""two_hop_neighbor_count"", ""value"": 22, ""empirical_anomaly_score"": 0.91, ""median"": 62.0, ""mad"": 14.0}, {""feature"": ""out_degree"", ""value"": 3, ""empirical_anomaly_score"": 0.906667, ""median"": 8.0, ""mad"": 2.0}, {""feature"": ""weighted_out_degree"", ""value"": 3.0, ""empirical_anomaly_score"": 0.906667, ""median"": 8.0, ""mad"": 2.0}, {""feature"": ""total_received_sats"", ""value"": 168448969.0, ""empirical_anomaly_score"": 0.9, ""median"": 599711820.5, ""mad"": 223846575.0}, {""feature"": ""observations_per_tx"", ""value"": 1.0, ""empirical_anomaly_score"": 0.896667, ""median"": 1.3333333333333333, ""mad"": 0.12470862470862476}]"
W000030,0.46796019900497515,67,"[{""feature"": ""first_seen"", ""value"": 1777596171000000, ""empirical_anomaly_score"": 0.956667, ""median"": 1777705462000000.0, ""mad"": 87469000000.0}, {""feature"": ""median_sent_sats"", ""value"": 17958806.0, ""empirical_anomaly_score"": 0.953333, ""median"": 47216227.0, ""mad"": 12436673.0}, {""feature"": ""last_seen"", ""value"": 1779617579000000, ""empirical_anomaly_score"": 0.9, ""median"": 1780159499500000.0, ""mad"": 85878500000.0}, {""feature"": ""std_latency_ms"", ""value"": 46.90515330529691, ""empirical_anomaly_score"": 0.893333, ""median"": 27.157299680854067, ""mad"": 6.180389164041724}, {""feature"": ""max_received_sats"", ""value"": 74939865.0, ""empirical_anomaly_score"": 0.88, ""median"": 196990782.5, ""mad"": 81473984.0}]"
W000031,0.4024875621890548,67,"[{""feature"": ""unique_src_ips"", ""value"": 3.0, ""empirical_anomaly_score"": 0.953333, ""median"": 1.0, ""mad"": 0.0}, {""feature"": ""last_seen"", ""value"": 1780265842000000, ""empirical_anomaly_score"": 0.92, ""median"": 1780159499500000.0, ""mad"": 85878500000.0}, {""feature"": ""outgoing_tx_count"", ""value"": 13.0, ""empirical_anomaly_score"": 0.846667, ""median"": 9.0, ""mad"": 2.0}, {""feature"": ""weighted_in_degree"", ""value"": 13.0, ""empirical_anomaly_score"": 0.833333, ""median"": 9.0, ""mad"": 2.0}, {""feature"": ""country_entropy"", ""value"": 1.9894908719265076, ""empirical_anomaly_score"": 0.78, ""median"": 1.6804820237218405, ""mad"": 0.2119586677656532}]"
W000032,0.4118407960199004,67,"[{""feature"": ""median_inter_tx_seconds"", ""value"": 203084.0, ""empirical_anomaly_score"": 0.933333, ""median"": 110529.75, ""mad"": 26467.25}, {""feature"": ""avg_network_tx_time_difference"", ""value"": 1.1428571428571428, ""empirical_anomaly_score"": 0.873333, ""median"": 2.0, ""mad"": 0.33333333333333326}, {""feature"": ""asn_entropy"", ""value"": 1.7695459925589747, ""empirical_anomaly_score"": 0.846667, ""median"": 2.375, ""mad"": 0.25}, {""feature"": ""mean_latency_ms"", ""value"": 79.28571428571429, ""empirical_anomaly_score"": 0.826667, ""median"": 65.55, ""mad"": 6.928571428571427}, {""feature"": ""transaction_velocity"", ""value"": 5.2428191525829755e-06, ""empirical_anomaly_score"": 0.74, ""median"": 6.95631189636602e-06, ""mad"": 1.0534693895728903e-06}]"
W000033,0.36258706467661683,67,"[{""feature"": ""avg_outputs_per_tx"", ""value"": 1.7, ""empirical_anomaly_score"": 0.916667, ""median"": 1.3125, ""mad"": 0.13068181818181812}, {""feature"": ""median_latency_ms"", ""value"": 78.0, ""empirical_anomaly_score"": 0.89, ""median"": 59.25, ""mad"": 7.25}, {""feature"": ""avg_sent_sats"", ""value"": 35791348.7, ""empirical_anomaly_score"": 0.866667, ""median"": 69916518.99545455, ""mad"": 18204736.1}, {""feature"": ""median_received_sats"", ""value"": 118103402.0, ""empirical_anomaly_score"": 0.866667, ""median"": 54845191.75, ""mad"": 14310899.0}, {""feature"": ""median_sent_sats"", ""value"": 23496730.5, ""empirical_anomaly_score"": 0.853333, ""median"": 47216227.0, ""mad"": 12436673.0}]"
W000034,0.49850746268656704,67,"[{""feature"": ""avg_sent_sats"", ""value"": 30367356.46153846, ""empirical_anomaly_score"": 0.933333, ""median"": 69916518.99545455, ""mad"": 18204736.1}, {""feature"": ""total_bytes_received"", ""value"": 50943.0, ""empirical_anomaly_score"": 0.926667, ""median"": 27443.5, ""mad"": 7628.0}, {""feature"": ""unique_dst_ips"", ""value"": 12.0, ""empirical_anomaly_score"": 0.906667, ""median"": 7.0, ""mad"": 2.0}, {""feature"": ""unique_asns"", ""value"": 13.0, ""empirical_anomaly_score"": 0.9, ""median"": 8.0, ""mad"": 2.0}, {""feature"": ""median_sent_sats"", ""value"": 21014993.0, ""empirical_anomaly_score"": 0.893333, ""median"": 47216227.0, ""mad"": 12436673.0}]"
W000035,0.4282587064676617,67,"[{""feature"": ""rapid_hop_count"", ""value"": 10.0, ""empirical_anomaly_score"": 0.973333, ""median"": 4.0, ""mad"": 1.0}, {""feature"": ""observation_count"", ""value"": 20.0, ""empirical_anomaly_score"": 0.953333, ""median"": 10.0, ""mad"": 2.0}, {""feature"": ""unique_src_ports"", ""value"": 20.0, ""empirical_anomaly_score"": 0.953333, ""median"": 10.0, ""mad"": 2.0}, {""feature"": ""total_bytes_received"", ""value"": 52638.0, ""empirical_anomaly_score"": 0.94, ""median"": 27443.5, ""mad"": 7628.0}, {""feature"": ""total_bytes_sent"", ""value"": 53071.0, ""empirical_anomaly_score"": 0.926667, ""median"": 26209.0, ""mad"": 6955.5}]"
W000036,0.34019900497512434,67,"[{""feature"": ""max_received_sats"", ""value"": 724023829.0, ""empirical_anomaly_score"": 0.946667, ""median"": 196990782.5, ""mad"": 81473984.0}, {""feature"": ""std_received_sats"", ""value"": 256408611.60378143, ""empirical_anomaly_score"": 0.94, ""median"": 64972630.65674827, ""mad"": 28418197.62883212}, {""feature"": ""burstiness"", ""value"": -0.20843199106863392, ""empirical_anomaly_score"": 0.92, ""median"": -0.028558963606097724, ""mad"": 0.06469384018309376}, {""feature"": ""total_received_sats"", ""value"": 1460886235.0, ""empirical_anomaly_score"": 0.893333, ""median"": 599711820.5, ""mad"": 223846575.0}, {""feature"": ""avg_received_sats"", ""value"": 182610779.375, ""empirical_anomaly_score"": 0.88, ""median"": 80830302.69444445, ""mad"": 23241519.925}]"
W000037,0.4427363184079601,67,"[{""feature"": ""min_network_tx_time_difference"", ""value"": 2.0, ""empirical_anomaly_score"": 0.98, ""median"": 0.0, ""mad"": 0.0}, {""feature"": ""rapid_hop_count"", ""value"": 0.0, ""empirical_anomaly_score"": 0.966667, ""median"": 4.0, ""mad"": 1.0}, {""feature"": ""avg_sent_sats"", ""value"": 36246843.166666664, ""empirical_anomaly_score"": 0.86, ""median"": 69916518.99545455, ""mad"": 18204736.1}, {""feature"": ""total_sent_sats"", ""value"": 217481059.0, ""empirical_anomaly_score"": 0.846667, ""median"": 649067921.5, ""mad"": 231164563.0}, {""feature"": ""max_sent_sats"", ""value"": 87579722.0, ""empirical_anomaly_score"": 0.826667, ""median"": 196370893.0, ""mad"": 80988886.0}]"
W000038,0.37462686567164166,67,"[{""feature"": ""clustering_coefficient"", ""value"": 0.09523809523809523, ""empirical_anomaly_score"": 0.903333, ""median"": 0.05514051166225079, ""mad"": 0.0137987012987013}, {""feature"": ""min_inter_tx_seconds"", ""value"": 40042.0, ""empirical_anomaly_score"": 0.9, ""median"": 7857.0, ""mad"": 5137.5}, {""feature"": ""last_seen"", ""value"": 1779785695000000, ""empirical_anomaly_score"": 0.82, ""median"": 1780159499500000.0, ""mad"": 85878500000.0}, {""feature"": ""median_received_sats"", ""value"": 104713276.0, ""empirical_anomaly_score"": 0.806667, ""median"": 54845191.75, ""mad"": 14310899.0}, {""feature"": ""mean_latency_ms"", ""value"": 52.5, ""empirical_anomaly_score"": 0.776667, ""median"": 65.55, ""mad"": 6.928571428571427}]"
W000039,0.3577114427860696,67,"[{""feature"": ""weighted_degree"", ""value"": 24.0, ""empirical_anomaly_score"": 0.81, ""median"": 17.5, ""mad"": 3.5}, {""feature"": ""median_received_sats"", ""value"": 31256679.0, ""empirical_anomaly_score"": 0.806667, ""median"": 54845191.75, ""mad"": 14310899.0}, {""feature"": ""active_duration_seconds"", ""value"": 2613558.0, ""empirical_anomaly_score"": 0.793333, ""median"": 2407787.5, ""mad"": 132459.5}, {""feature"": ""degree"", ""value"": 23, ""empirical_anomaly_score"": 0.773333, ""median"": 17.0, ""mad"": 3.0}, {""feature"": ""avg_received_sats"", ""value"": 51477434.55555555, ""empirical_anomaly_score"": 0.766667, ""median"": 80830302.69444445, ""mad"": 23241519.925}]"
W000040,0.3612437810945275,67,"[{""feature"": ""in_out_ratio"", ""value"": 0.2808713878427289, ""empirical_anomaly_score"": 0.886667, ""median"": 0.9459241289194119, ""mad"": 0.42671851574922676}, {""feature"": ""max_received_sats"", ""value"": 75804973.0, ""empirical_anomaly_score"": 0.873333, ""median"": 196990782.5, ""mad"": 81473984.0}, {""feature"": ""avg_network_tx_time_difference"", ""value"": 1.1428571428571428, ""empirical_anomaly_score"": 0.873333, ""median"": 2.0, ""mad"": 0.33333333333333326}, {""feature"": ""avg_received_sats"", ""value"": 45343296.666666664, ""empirical_anomaly_score"": 0.826667, ""median"": 80830302.69444445, ""mad"": 23241519.925}, {""feature"": ""std_received_sats"", ""value"": 26516457.68986644, ""empirical_anomaly_score"": 0.8, ""median"": 64972630.65674827, ""mad"": 28418197.62883212}]"
W000041,0.5084577114427861,67,"[{""feature"": ""degree"", ""value"": 28, ""empirical_anomaly_score"": 0.976667, ""median"": 17.0, ""mad"": 3.0}, {""feature"": ""weighted_degree"", ""value"": 28.0, ""empirical_anomaly_score"": 0.973333, ""median"": 17.5, ""mad"": 3.5}, {""feature"": ""avg_sent_sats"", ""value"": 26612986.92857143, ""empirical_anomaly_score"": 0.966667, ""median"": 69916518.99545455, ""mad"": 18204736.1}, {""feature"": ""betweenness_centrality"", ""value"": 0.015109014701637093, ""empirical_anomaly_score"": 0.96, ""median"": 0.006049457042989186, ""mad"": 0.002196104480818523}, {""feature"": ""max_sent_sats"", ""value"": 62703977.0, ""empirical_anomaly_score"": 0.96, ""median"": 196370893.0, ""mad"": 80988886.0}]"
W000042,0.3649751243781094,67,"[{""feature"": ""unique_countries"", ""value"": 6.0, ""empirical_anomaly_score"": 0.936667, ""median"": 4.0, ""mad"": 1.0}, {""feature"": ""incoming_tx_count"", ""value"": 11.0, ""empirical_anomaly_score"": 0.793333, ""median"": 8.0, ""mad"": 2.0}, {""feature"": ""tx_count"", ""value"": 11.0, ""empirical_anomaly_score"": 0.793333, ""median"": 8.0, ""mad"": 2.0}, {""feature"": ""total_received_sats"", ""value"": 1181063406.0, ""empirical_anomaly_score"": 0.793333, ""median"": 599711820.5, ""mad"": 223846575.0}, {""feature"": ""total_bytes_received"", ""value"": 42789.0, ""empirical_anomaly_score"": 0.793333, ""median"": 27443.5, ""mad"": 7628.0}]"
W000043,0.28094527363184074,67,"[{""feature"": ""median_sent_sats"", ""value"": 20408963.0, ""empirical_anomaly_score"": 0.906667, ""median"": 47216227.0, ""mad"": 12436673.0}, {""feature"": ""first_seen"", ""value"": 1777911286000000, ""empirical_anomaly_score"": 0.733333, ""median"": 1777705462000000.0, ""mad"": 87469000000.0}, {""feature"": ""two_hop_neighbor_count"", ""value"": 86, ""empirical_anomaly_score"": 0.703333, ""median"": 62.0, ""mad"": 14.0}, {""feature"": ""unique_src_ips"", ""value"": 2.0, ""empirical_anomaly_score"": 0.64, ""median"": 1.0, ""mad"": 0.0}, {""feature"": ""std_sent_sats"", ""value"": 114188458.34252433, ""empirical_anomaly_score"": 0.633333, ""median"": 62620235.30358499, ""mad"": 25332748.176178508}]"
W000044,0.5388059701492537,67,"[{""feature"": ""unique_dst_ips"", ""value"": 14.0, ""empirical_anomaly_score"": 0.99, ""median"": 7.0, ""mad"": 2.0}, {""feature"": ""unique_asns"", ""value"": 15.0, ""empirical_anomaly_score"": 0.976667, ""median"": 8.0, ""mad"": 2.0}, {""feature"": ""rapid_hop_count"", ""value"": 10.0, ""empirical_anomaly_score"": 0.973333, ""median"": 4.0, ""mad"": 1.0}, {""feature"": ""unique_network_types"", ""value"": 5.0, ""empirical_anomaly_score"": 0.953333, ""median"": 3.0, ""mad"": 1.0}, {""feature"": ""betweenness_centrality"", ""value"": 0.014115260461887276, ""empirical_anomaly_score"": 0.953333, ""median"": 0.006049457042989186, ""mad"": 0.002196104480818523}]"
W000045,0.4136318407960199,67,"[{""feature"": ""out_degree"", ""value"": 19, ""empirical_anomaly_score"": 0.99, ""median"": 8.0, ""mad"": 2.0}, {""feature"": ""weighted_out_degree"", ""value"": 19.0, ""empirical_anomaly_score"": 0.99, ""median"": 8.0, ""mad"": 2.0}, {""feature"": ""degree"", ""value"": 28, ""empirical_anomaly_score"": 0.976667, ""median"": 17.0, ""mad"": 3.0}, {""feature"": ""weighted_degree"", ""value"": 28.0, ""empirical_anomaly_score"": 0.973333, ""median"": 17.5, ""mad"": 3.5}, {""feature"": ""two_hop_neighbor_count"", ""value"": 107, ""empirical_anomaly_score"": 0.906667, ""median"": 62.0, ""mad"": 14.0}]"
W000046,0.6913432835820894,67,"[{""feature"": ""clustering_coefficient"", ""value"": 0.13333333333333333, ""empirical_anomaly_score"": 0.996667, ""median"": 0.05514051166225079, ""mad"": 0.0137987012987013}, {""feature"": ""last_seen"", ""value"": 1778832405000000, ""empirical_anomaly_score"": 0.986667, ""median"": 1780159499500000.0, ""mad"": 85878500000.0}, {""feature"": ""outbound_ratio"", ""value"": 0.6342504313084536, ""empirical_anomaly_score"": 0.98, ""median"": 0.49578352067974074, ""mad"": 0.036769728818191294}, {""feature"": ""betweenness_centrality"", ""value"": 0.0005540349451252795, ""empirical_anomaly_score"": 0.98, ""median"": 0.006049457042989186, ""mad"": 0.002196104480818523}, {""feature"": ""total_sent_sats"", ""value"": 120431805.0, ""empirical_anomaly_score"": 0.98, ""median"": 649067921.5, ""mad"": 231164563.0}]"
W000047,0.43905472636815923,67,"[{""feature"": ""avg_network_tx_time_difference"", ""value"": 0.9, ""empirical_anomaly_score"": 0.953333, ""median"": 2.0, ""mad"": 0.33333333333333326}, {""feature"": ""burstiness"", ""value"": -0.24198018676461006, ""empirical_anomaly_score"": 0.94, ""median"": -0.028558963606097724, ""mad"": 0.06469384018309376}, {""feature"": ""rapid_hop_count"", ""value"": 9.0, ""empirical_anomaly_score"": 0.936667, ""median"": 4.0, ""mad"": 1.0}, {""feature"": ""in_out_ratio"", ""value"": 3.9849807380635336, ""empirical_anomaly_score"": 0.913333, ""median"": 0.9459241289194119, ""mad"": 0.42671851574922676}, {""feature"": ""median_inter_tx_seconds"", ""value"": 184532.0, ""empirical_anomaly_score"": 0.88, ""median"": 110529.75, ""mad"": 26467.25}]"
W000048,0.5570646766169155,67,"[{""feature"": ""outgoing_tx_count"", ""value"": 16.0, ""empirical_anomaly_score"": 0.983333, ""median"": 9.0, ""mad"": 2.0}, {""feature"": ""weighted_in_degree"", ""value"": 16.0, ""empirical_anomaly_score"": 0.983333, ""median"": 9.0, ""mad"": 2.0}, {""feature"": ""in_degree"", ""value"": 15, ""empirical_anomaly_score"": 0.97, ""median"": 9.0, ""mad"": 2.0}, {""feature"": ""unique_dst_ips"", ""value"": 13.0, ""empirical_anomaly_score"": 0.956667, ""median"": 7.0, ""mad"": 2.0}, {""feature"": ""first_seen"", ""value"": 1777596171000000, ""empirical_anomaly_score"": 0.956667, ""median"": 1777705462000000.0, ""mad"": 87469000000.0}]"
W000049,0.468457711442786,67,"[{""feature"": ""country_entropy"", ""value"": 2.1352130207431887, ""empirical_anomaly_score"": 0.92, ""median"": 1.6804820237218405, ""mad"": 0.2119586677656532}, {""feature"": ""inbound_ratio"", ""value"": 0.5994177725735103, ""empirical_anomaly_score"": 0.913333, ""median"": 0.5012310997322463, ""mad"": 0.03701682209852983}, {""feature"": ""in_out_ratio"", ""value"": 0.27318025640981813, ""empirical_anomaly_score"": 0.893333, ""median"": 0.9459241289194119, ""mad"": 0.42671851574922676}, {""feature"": ""outbound_ratio"", ""value"": 0.40058222742648975, ""empirical_anomaly_score"": 0.886667, ""median"": 0.49578352067974074, ""mad"": 0.036769728818191294}, {""feature"": ""first_seen"", ""value"": 1777600623000000, ""empirical_anomaly_score"": 0.883333, ""median"": 1777705462000000.0, ""mad"": 87469000000.0}]"
W000050,0.33597014925373136,67,"[{""feature"": ""median_sent_sats"", ""value"": 86031536.0, ""empirical_anomaly_score"": 0.84, ""median"": 47216227.0, ""mad"": 12436673.0}, {""feature"": ""total_sent_sats"", ""value"": 1092145414.0, ""empirical_anomaly_score"": 0.806667, ""median"": 649067921.5, ""mad"": 231164563.0}, {""feature"": ""median_received_sats"", ""value"": 100819660.0, ""empirical_anomaly_score"": 0.773333, ""median"": 54845191.75, ""mad"": 14310899.0}, {""feature"": ""country_entropy"", ""value"": 1.134969974603941, ""empirical_anomaly_score"": 0.773333, ""median"": 1.6804820237218405, ""mad"": 0.2119586677656532}, {""feature"": ""unique_countries"", ""value"": 3.0, ""empirical_anomaly_score"": 0.74, ""median"": 4.0, ""mad"": 1.0}]"
W000051,0.47218905472636824,67,"[{""feature"": ""std_inter_tx_seconds"", ""value"": 335583.1149076051, ""empirical_anomaly_score"": 0.986667, ""median"": 145117.80484766472, ""mad"": 30005.163051601456}, {""feature"": ""burstiness"", ""value"": 0.21230099655327123, ""empirical_anomaly_score"": 0.96, ""median"": -0.028558963606097724, ""mad"": 0.06469384018309376}, {""feature"": ""total_bytes_sent"", ""value"": 5549.0, ""empirical_anomaly_score"": 0.946667, ""median"": 26209.0, ""mad"": 6955.5}, {""feature"": ""inbound_ratio"", ""value"": 0.6039540361144815, ""empirical_anomaly_score"": 0.933333, ""median"": 0.5012310997322463, ""mad"": 0.03701682209852983}, {""feature"": ""outbound_ratio"", ""value"": 0.39604596388551855, ""empirical_anomaly_score"": 0.906667, ""median"": 0.49578352067974074, ""mad"": 0.036769728818191294}]"
W000052,0.4751741293532338,67,"[{""feature"": ""weighted_degree"", ""value"": 29.0, ""empirical_anomaly_score"": 0.99, ""median"": 17.5, ""mad"": 3.5}, {""feature"": ""betweenness_centrality"", ""value"": 0.016589527771572125, ""empirical_anomaly_score"": 0.98, ""median"": 0.006049457042989186, ""mad"": 0.002196104480818523}, {""feature"": ""degree"", ""value"": 28, ""empirical_anomaly_score"": 0.976667, ""median"": 17.0, ""mad"": 3.0}, {""feature"": ""two_hop_neighbor_count"", ""value"": 114, ""empirical_anomaly_score"": 0.956667, ""median"": 62.0, ""mad"": 14.0}, {""feature"": ""weighted_out_degree"", ""value"": 17.0, ""empirical_anomaly_score"": 0.95, ""median"": 8.0, ""mad"": 2.0}]"
W000053,0.35004975124378107,67,"[{""feature"": ""avg_outputs_per_tx"", ""value"": 1.7, ""empirical_anomaly_score"": 0.916667, ""median"": 1.3125, ""mad"": 0.13068181818181812}, {""feature"": ""clustering_coefficient"", ""value"": 0.023391812865497075, ""empirical_anomaly_score"": 0.86, ""median"": 0.05514051166225079, ""mad"": 0.0137987012987013}, {""feature"": ""min_inter_tx_seconds"", ""value"": 26044.0, ""empirical_anomaly_score"": 0.786667, ""median"": 7857.0, ""mad"": 5137.5}, {""feature"": ""last_seen"", ""value"": 1779890478000000, ""empirical_anomaly_score"": 0.766667, ""median"": 1780159499500000.0, ""mad"": 85878500000.0}, {""feature"": ""community_size"", ""value"": 76, ""empirical_anomaly_score"": 0.75, ""median"": 72.0, ""mad"": 4.0}]"
W000054,0.4910945273631842,67,"[{""feature"": ""shared_ip_wallet_count"", ""value"": 41.0, ""empirical_anomaly_score"": 0.963333, ""median"": 49.0, ""mad"": 4.0}, {""feature"": ""shared_asn_wallet_count"", ""value"": 41.0, ""empirical_anomaly_score"": 0.963333, ""median"": 49.0, ""mad"": 4.0}, {""feature"": ""median_inter_tx_seconds"", ""value"": 217692.0, ""empirical_anomaly_score"": 0.96, ""median"": 110529.75, ""mad"": 26467.25}, {""feature"": ""avg_inter_tx_seconds"", ""value"": 239546.7, ""empirical_anomaly_score"": 0.913333, ""median"": 153303.0358974359, ""mad"": 25534.33560503825}, {""feature"": ""avg_sent_sats"", ""value"": 34260488.571428575, ""empirical_anomaly_score"": 0.913333, ""median"": 69916518.99545455, ""mad"": 18204736.1}]"
W000055,0.33950248756218904,67,"[{""feature"": ""std_latency_ms"", ""value"": 14.668181739927943, ""empirical_anomaly_score"": 0.906667, ""median"": 27.157299680854067, ""mad"": 6.180389164041724}, {""feature"": ""last_seen"", ""value"": 1780265253000000, ""empirical_anomaly_score"": 0.896667, ""median"": 1780159499500000.0, ""mad"": 85878500000.0}, {""feature"": ""clustering_coefficient"", ""value"": 0.017543859649122806, ""empirical_anomaly_score"": 0.893333, ""median"": 0.05514051166225079, ""mad"": 0.0137987012987013}, {""feature"": ""avg_outputs_per_tx"", ""value"": 1.6666666666666667, ""empirical_anomaly_score"": 0.88, ""median"": 1.3125, ""mad"": 0.13068181818181812}, {""feature"": ""community_size"", ""value"": 76, ""empirical_anomaly_score"": 0.75, ""median"": 72.0, ""mad"": 4.0}]"
W000056,0.46427860696517403,67,"[{""feature"": ""outgoing_tx_count"", ""value"": 17.0, ""empirical_anomaly_score"": 1.0, ""median"": 9.0, ""mad"": 2.0}, {""feature"": ""weighted_in_degree"", ""value"": 17.0, ""empirical_anomaly_score"": 1.0, ""median"": 9.0, ""mad"": 2.0}, {""feature"": ""in_degree"", ""value"": 16, ""empirical_anomaly_score"": 0.993333, ""median"": 9.0, ""mad"": 2.0}, {""feature"": ""pagerank"", ""value"": 0.006380586773925418, ""empirical_anomaly_score"": 0.986667, ""median"": 0.0031838564235762224, ""mad"": 0.0007468073772566048}, {""feature"": ""median_latency_ms"", ""value"": 89.0, ""empirical_anomaly_score"": 0.98, ""median"": 59.25, ""mad"": 7.25}]"
W000057,0.3106965174129353,67,"[{""feature"": ""outbound_ratio"", ""value"": 0.6048792931518285, ""empirical_anomaly_score"": 0.946667, ""median"": 0.49578352067974074, ""mad"": 0.036769728818191294}, {""feature"": ""inbound_ratio"", ""value"": 0.3951207068481714, ""empirical_anomaly_score"": 0.92, ""median"": 0.5012310997322463, ""mad"": 0.03701682209852983}, {""feature"": ""std_latency_ms"", ""value"": 46.65904699698298, ""empirical_anomaly_score"": 0.886667, ""median"": 27.157299680854067, ""mad"": 6.180389164041724}, {""feature"": ""max_received_sats"", ""value"": 89170466.0, ""empirical_anomaly_score"": 0.833333, ""median"": 196990782.5, ""mad"": 81473984.0}, {""feature"": ""std_received_sats"", ""value"": 29898631.192636393, ""empirical_anomaly_score"": 0.746667, ""median"": 64972630.65674827, ""mad"": 28418197.62883212}]"
W000058,0.3445273631840796,67,"[{""feature"": ""shared_ip_wallet_count"", ""value"": 42.0, ""empirical_anomaly_score"": 0.92, ""median"": 49.0, ""mad"": 4.0}, {""feature"": ""shared_asn_wallet_count"", ""value"": 42.0, ""empirical_anomaly_score"": 0.92, ""median"": 49.0, ""mad"": 4.0}, {""feature"": ""observations_per_tx"", ""value"": 1.6666666666666667, ""empirical_anomaly_score"": 0.85, ""median"": 1.3333333333333333, ""mad"": 0.12470862470862476}, {""feature"": ""asn_entropy"", ""value"": 1.8192407046368488, ""empirical_anomaly_score"": 0.833333, ""median"": 2.375, ""mad"": 0.25}, {""feature"": ""std_latency_ms"", ""value"": 16.601539419918595, ""empirical_anomaly_score"": 0.826667, ""median"": 27.157299680854067, ""mad"": 6.180389164041724}]"
W000059,0.35034825870646763,67,"[{""feature"": ""unique_network_types"", ""value"": 5.0, ""empirical_anomaly_score"": 0.953333, ""median"": 3.0, ""mad"": 1.0}, {""feature"": ""active_duration_seconds"", ""value"": 2637351.0, ""empirical_anomaly_score"": 0.906667, ""median"": 2407787.5, ""mad"": 132459.5}, {""feature"": ""asn_entropy"", ""value"": 1.9447167900528528, ""empirical_anomaly_score"": 0.82, ""median"": 2.375, ""mad"": 0.25}, {""feature"": ""last_seen"", ""value"": 1780256667000000, ""empirical_anomaly_score"": 0.816667, ""median"": 1780159499500000.0, ""mad"": 85878500000.0}, {""feature"": ""out_degree"", ""value"": 13, ""empirical_anomaly_score"": 0.78, ""median"": 8.0, ""mad"": 2.0}]"
W000060,0.3565671641791045,67,"[{""feature"": ""pagerank"", ""value"": 0.005748967887170672, ""empirical_anomaly_score"": 0.96, ""median"": 0.0031838564235762224, ""mad"": 0.0007468073772566048}, {""feature"": ""active_duration_seconds"", ""value"": 2611145.0, ""empirical_anomaly_score"": 0.786667, ""median"": 2407787.5, ""mad"": 132459.5}, {""feature"": ""in_degree"", ""value"": 12, ""empirical_anomaly_score"": 0.743333, ""median"": 9.0, ""mad"": 2.0}, {""feature"": ""outgoing_tx_count"", ""value"": 12.0, ""empirical_anomaly_score"": 0.73, ""median"": 9.0, ""mad"": 2.0}, {""feature"": ""two_hop_neighbor_count"", ""value"": 37, ""empirical_anomaly_score"": 0.72, ""median"": 62.0, ""mad"": 14.0}]"
W000061,0.3288557213930349,67,"[{""feature"": ""std_latency_ms"", ""value"": 53.050185883012915, ""empirical_anomaly_score"": 0.973333, ""median"": 27.157299680854067, ""mad"": 6.180389164041724}, {""feature"": ""avg_received_sats"", ""value"": 35505025.222222224, ""empirical_anomaly_score"": 0.94, ""median"": 80830302.69444445, ""mad"": 23241519.925}, {""feature"": ""max_received_sats"", ""value"": 70960755.0, ""empirical_anomaly_score"": 0.906667, ""median"": 196990782.5, ""mad"": 81473984.0}, {""feature"": ""std_received_sats"", ""value"": 16679463.481555138, ""empirical_anomaly_score"": 0.886667, ""median"": 64972630.65674827, ""mad"": 28418197.62883212}, {""feature"": ""median_received_sats"", ""value"": 31062541.0, ""empirical_anomaly_score"": 0.82, ""median"": 54845191.75, ""mad"": 14310899.0}]"
W000062,0.40497512437810956,67,"[{""feature"": ""mean_latency_ms"", ""value"": 87.42857142857143, ""empirical_anomaly_score"": 0.966667, ""median"": 65.55, ""mad"": 6.928571428571427}, {""feature"": ""pagerank"", ""value"": 0.0018488376876371936, ""empirical_anomaly_score"": 0.873333, ""median"": 0.0031838564235762224, ""mad"": 0.0007468073772566048}, {""feature"": ""median_latency_ms"", ""value"": 77.0, ""empirical_anomaly_score"": 0.863333, ""median"": 59.25, ""mad"": 7.25}, {""feature"": ""in_out_ratio"", ""value"": 2.9805155290042795, ""empirical_anomaly_score"": 0.846667, ""median"": 0.9459241289194119, ""mad"": 0.42671851574922676}, {""feature"": ""avg_outputs_per_tx"", ""value"": 1.6, ""empirical_anomaly_score"": 0.806667, ""median"": 1.3125, ""mad"": 0.13068181818181812}]"
W000063,0.5453233830845771,67,"[{""feature"": ""min_inter_tx_seconds"", ""value"": 58556.0, ""empirical_anomaly_score"": 0.98, ""median"": 7857.0, ""mad"": 5137.5}, {""feature"": ""std_inter_tx_seconds"", ""value"": 286001.717191426, ""empirical_anomaly_score"": 0.973333, ""median"": 145117.80484766472, ""mad"": 30005.163051601456}, {""feature"": ""std_sent_sats"", ""value"": 275577504.3516558, ""empirical_anomaly_score"": 0.953333, ""median"": 62620235.30358499, ""mad"": 25332748.176178508}, {""feature"": ""avg_sent_sats"", ""value"": 220297721.66666666, ""empirical_anomaly_score"": 0.94, ""median"": 69916518.99545455, ""mad"": 18204736.1}, {""feature"": ""outgoing_tx_count"", ""value"": 3.0, ""empirical_anomaly_score"": 0.93, ""median"": 9.0, ""mad"": 2.0}]"
W000064,0.4860696517412932,67,"[{""feature"": ""median_sent_sats"", ""value"": 10447167.0, ""empirical_anomaly_score"": 0.986667, ""median"": 47216227.0, ""mad"": 12436673.0}, {""feature"": ""total_sent_sats"", ""value"": 142500845.0, ""empirical_anomaly_score"": 0.973333, ""median"": 649067921.5, ""mad"": 231164563.0}, {""feature"": ""avg_sent_sats"", ""value"": 28500169.0, ""empirical_anomaly_score"": 0.953333, ""median"": 69916518.99545455, ""mad"": 18204736.1}, {""feature"": ""avg_received_sats"", ""value"": 38130972.375, ""empirical_anomaly_score"": 0.906667, ""median"": 80830302.69444445, ""mad"": 23241519.925}, {""feature"": ""max_received_sats"", ""value"": 74154861.0, ""empirical_anomaly_score"": 0.886667, ""median"": 196990782.5, ""mad"": 81473984.0}]"
W000065,0.467860696517413,67,"[{""feature"": ""inbound_ratio"", ""value"": 0.7009516256938937, ""empirical_anomaly_score"": 1.0, ""median"": 0.5012310997322463, ""mad"": 0.03701682209852983}, {""feature"": ""min_network_tx_time_difference"", ""value"": 2.0, ""empirical_anomaly_score"": 0.98, ""median"": 0.0, ""mad"": 0.0}, {""feature"": ""outbound_ratio"", ""value"": 0.29904837430610626, ""empirical_anomaly_score"": 0.973333, ""median"": 0.49578352067974074, ""mad"": 0.036769728818191294}, {""feature"": ""rapid_hop_count"", ""value"": 0.0, ""empirical_anomaly_score"": 0.966667, ""median"": 4.0, ""mad"": 1.0}, {""feature"": ""total_bytes_sent"", ""value"": 3771.0, ""empirical_anomaly_score"": 0.966667, ""median"": 26209.0, ""mad"": 6955.5}]"
W000066,0.43567164179104484,67,"[{""feature"": ""pagerank"", ""value"": 0.005676494244198198, ""empirical_anomaly_score"": 0.94, ""median"": 0.0031838564235762224, ""mad"": 0.0007468073772566048}, {""feature"": ""in_degree"", ""value"": 14, ""empirical_anomaly_score"": 0.926667, ""median"": 9.0, ""mad"": 2.0}, {""feature"": ""outgoing_tx_count"", ""value"": 14.0, ""empirical_anomaly_score"": 0.923333, ""median"": 9.0, ""mad"": 2.0}, {""feature"": ""weighted_in_degree"", ""value"": 14.0, ""empirical_anomaly_score"": 0.916667, ""median"": 9.0, ""mad"": 2.0}, {""feature"": ""total_bytes_received"", ""value"": 48585.0, ""empirical_anomaly_score"": 0.893333, ""median"": 27443.5, ""mad"": 7628.0}]"
W000067,0.5125373134328358,67,"[{""feature"": ""total_sent_sats"", ""value"": 146578527.0, ""empirical_anomaly_score"": 0.96, ""median"": 649067921.5, ""mad"": 231164563.0}, {""feature"": ""outgoing_tx_count"", ""value"": 2.0, ""empirical_anomaly_score"": 0.95, ""median"": 9.0, ""mad"": 2.0}, {""feature"": ""in_degree"", ""value"": 2, ""empirical_anomaly_score"": 0.95, ""median"": 9.0, ""mad"": 2.0}, {""feature"": ""weighted_in_degree"", ""value"": 2.0, ""empirical_anomaly_score"": 0.95, ""median"": 9.0, ""mad"": 2.0}, {""feature"": ""in_out_ratio"", ""value"": 6.119609361335716, ""empirical_anomaly_score"": 0.946667, ""median"": 0.9459241289194119, ""mad"": 0.42671851574922676}]"
W000068,0.4607960199004975,67,"[{""feature"": ""avg_network_tx_time_difference"", ""value"": 2.769230769230769, ""empirical_anomaly_score"": 0.906667, ""median"": 2.0, ""mad"": 0.33333333333333326}, {""feature"": ""min_network_tx_time_difference"", ""value"": 1.0, ""empirical_anomaly_score"": 0.85, ""median"": 0.0, ""mad"": 0.0}, {""feature"": ""std_inter_tx_seconds"", ""value"": 94428.0832425982, ""empirical_anomaly_score"": 0.84, ""median"": 145117.80484766472, ""mad"": 30005.163051601456}, {""feature"": ""transaction_velocity"", ""value"": 9.302478047259247e-06, ""empirical_anomaly_score"": 0.833333, ""median"": 6.95631189636602e-06, ""mad"": 1.0534693895728903e-06}, {""feature"": ""avg_inter_tx_seconds"", ""value"": 112873.15, ""empirical_anomaly_score"": 0.806667, ""median"": 153303.0358974359, ""mad"": 25534.33560503825}]"
W000069,0.33676616915422897,67,"[{""feature"": ""clustering_coefficient"", ""value"": 0.01282051282051282, ""empirical_anomaly_score"": 0.916667, ""median"": 0.05514051166225079, ""mad"": 0.0137987012987013}, {""feature"": ""median_latency_ms"", ""value"": 45.0, ""empirical_anomaly_score"": 0.876667, ""median"": 59.25, ""mad"": 7.25}, {""feature"": ""min_network_tx_time_difference"", ""value"": 1.0, ""empirical_anomaly_score"": 0.85, ""median"": 0.0, ""mad"": 0.0}, {""feature"": ""two_hop_neighbor_count"", ""value"": 34, ""empirical_anomaly_score"": 0.78, ""median"": 62.0, ""mad"": 14.0}, {""feature"": ""country_entropy"", ""value"": 1.9887513942845323, ""empirical_anomaly_score"": 0.773333, ""median"": 1.6804820237218405, ""mad"": 0.2119586677656532}]"
W000070,0.41537313432835826,67,"[{""feature"": ""max_outputs_per_tx"", ""value"": 1.0, ""empirical_anomaly_score"": 0.88, ""median"": 2.0, ""mad"": 0.0}, {""feature"": ""avg_outputs_per_tx"", ""value"": 1.0, ""empirical_anomaly_score"": 0.88, ""median"": 1.3125, ""mad"": 0.13068181818181812}, {""feature"": ""avg_sent_sats"", ""value"": 143993341.66666666, ""empirical_anomaly_score"": 0.866667, ""median"": 69916518.99545455, ""mad"": 18204736.1}, {""feature"": ""avg_inter_tx_seconds"", ""value"": 222126.0, ""empirical_anomaly_score"": 0.853333, ""median"": 153303.0358974359, ""mad"": 25534.33560503825}, {""feature"": ""avg_network_tx_time_difference"", ""value"": 1.2, ""empirical_anomaly_score"": 0.85, ""median"": 2.0, ""mad"": 0.33333333333333326}]"
W000071,0.4012437810945274,67,"[{""feature"": ""in_degree"", ""value"": 16, ""empirical_anomaly_score"": 0.993333, ""median"": 9.0, ""mad"": 2.0}, {""feature"": ""outgoing_tx_count"", ""value"": 16.0, ""empirical_anomaly_score"": 0.983333, ""median"": 9.0, ""mad"": 2.0}, {""feature"": ""weighted_in_degree"", ""value"": 16.0, ""empirical_anomaly_score"": 0.983333, ""median"": 9.0, ""mad"": 2.0}, {""feature"": ""inbound_ratio"", ""value"": 0.598813043188335, ""empirical_anomaly_score"": 0.906667, ""median"": 0.5012310997322463, ""mad"": 0.03701682209852983}, {""feature"": ""weighted_out_degree"", ""value"": 3.0, ""empirical_anomaly_score"": 0.906667, ""median"": 8.0, ""mad"": 2.0}]"
W000072,0.5529850746268659,67,"[{""feature"": ""community_id"", ""value"": 5, ""empirical_anomaly_score"": 0.983333, ""median"": 1.5, ""mad"": 1.5}, {""feature"": ""community_size"", ""value"": 4, ""empirical_anomaly_score"": 0.976667, ""median"": 72.0, ""mad"": 4.0}, {""feature"": ""median_sent_sats"", ""value"": 117759472.0, ""empirical_anomaly_score"": 0.953333, ""median"": 47216227.0, ""mad"": 12436673.0}, {""feature"": ""outbound_ratio"", ""value"": 0.6070288484275242, ""empirical_anomaly_score"": 0.953333, ""median"": 0.49578352067974074, ""mad"": 0.036769728818191294}, {""feature"": ""betweenness_centrality"", ""value"": 0.0018577447289969853, ""empirical_anomaly_score"": 0.933333, ""median"": 0.006049457042989186, ""mad"": 0.002196104480818523}]"
W000073,0.3160696517412935,67,"[{""feature"": ""clustering_coefficient"", ""value"": 0.11428571428571428, ""empirical_anomaly_score"": 0.97, ""median"": 0.05514051166225079, ""mad"": 0.0137987012987013}, {""feature"": ""outbound_ratio"", ""value"": 0.6138226122271375, ""empirical_anomaly_score"": 0.966667, ""median"": 0.49578352067974074, ""mad"": 0.036769728818191294}, {""feature"": ""inbound_ratio"", ""value"": 0.3861773877728624, ""empirical_anomaly_score"": 0.94, ""median"": 0.5012310997322463, ""mad"": 0.03701682209852983}, {""feature"": ""std_latency_ms"", ""value"": 42.43177530525391, ""empirical_anomaly_score"": 0.8, ""median"": 27.157299680854067, ""mad"": 6.180389164041724}, {""feature"": ""avg_network_tx_time_difference"", ""value"": 1.4, ""empirical_anomaly_score"": 0.783333, ""median"": 2.0, ""mad"": 0.33333333333333326}]"
W000074,0.45910447761194045,67,"[{""feature"": ""std_latency_ms"", ""value"": 50.61243965290596, ""empirical_anomaly_score"": 0.933333, ""median"": 27.157299680854067, ""mad"": 6.180389164041724}, {""feature"": ""avg_outputs_per_tx"", ""value"": 1.6666666666666667, ""empirical_anomaly_score"": 0.88, ""median"": 1.3125, ""mad"": 0.13068181818181812}, {""feature"": ""out_degree"", ""value"": 14, ""empirical_anomaly_score"": 0.85, ""median"": 8.0, ""mad"": 2.0}, {""feature"": ""weighted_out_degree"", ""value"": 14.0, ""empirical_anomaly_score"": 0.846667, ""median"": 8.0, ""mad"": 2.0}, {""feature"": ""burstiness"", ""value"": -0.17199612592520827, ""empirical_anomaly_score"": 0.833333, ""median"": -0.028558963606097724, ""mad"": 0.06469384018309376}]"
W000075,0.38179104477611936,67,"[{""feature"": ""last_seen"", ""value"": 1780270941000000, ""empirical_anomaly_score"": 0.993333, ""median"": 1780159499500000.0, ""mad"": 85878500000.0}, {""feature"": ""std_latency_ms"", ""value"": 71.2661009376628, ""empirical_anomaly_score"": 0.993333, ""median"": 27.157299680854067, ""mad"": 6.180389164041724}, {""feature"": ""active_duration_seconds"", ""value"": 2660282.0, ""empirical_anomaly_score"": 0.973333, ""median"": 2407787.5, ""mad"": 132459.5}, {""feature"": ""tx_count"", ""value"": 12.0, ""empirical_anomaly_score"": 0.863333, ""median"": 8.0, ""mad"": 2.0}, {""feature"": ""incoming_tx_count"", ""value"": 12.0, ""empirical_anomaly_score"": 0.863333, ""median"": 8.0, ""mad"": 2.0}]"
W000076,0.38144278606965176,67,"[{""feature"": ""active_duration_seconds"", ""value"": 2659291.0, ""empirical_anomaly_score"": 0.966667, ""median"": 2407787.5, ""mad"": 132459.5}, {""feature"": ""first_seen"", ""value"": 1777597136000000, ""empirical_anomaly_score"": 0.943333, ""median"": 1777705462000000.0, ""mad"": 87469000000.0}, {""feature"": ""asn_entropy"", ""value"": 2.959147917027245, ""empirical_anomaly_score"": 0.833333, ""median"": 2.375, ""mad"": 0.25}, {""feature"": ""last_seen"", ""value"": 1780256427000000, ""empirical_anomaly_score"": 0.796667, ""median"": 1780159499500000.0, ""mad"": 85878500000.0}, {""feature"": ""unique_network_types"", ""value"": 2.0, ""empirical_anomaly_score"": 0.733333, ""median"": 3.0, ""mad"": 1.0}]"
W000077,0.3684577114427862,67,"[{""feature"": ""median_received_sats"", ""value"": 13259372.0, ""empirical_anomaly_score"": 0.973333, ""median"": 54845191.75, ""mad"": 14310899.0}, {""feature"": ""active_duration_seconds"", ""value"": 2616000.0, ""empirical_anomaly_score"": 0.8, ""median"": 2407787.5, ""mad"": 132459.5}, {""feature"": ""unique_dst_ips"", ""value"": 10.0, ""empirical_anomaly_score"": 0.766667, ""median"": 7.0, ""mad"": 2.0}, {""feature"": ""avg_outputs_per_tx"", ""value"": 1.5714285714285714, ""empirical_anomaly_score"": 0.763333, ""median"": 1.3125, ""mad"": 0.13068181818181812}, {""feature"": ""inbound_ratio"", ""value"": 0.5765792927322385, ""empirical_anomaly_score"": 0.753333, ""median"": 0.5012310997322463, ""mad"": 0.03701682209852983}]"
W000078,0.489601990049751,67,"[{""feature"": ""mean_latency_ms"", ""value"": 100.0, ""empirical_anomaly_score"": 1.0, ""median"": 65.55, ""mad"": 6.928571428571427}, {""feature"": ""median_latency_ms"", ""value"": 88.0, ""empirical_anomaly_score"": 0.973333, ""median"": 59.25, ""mad"": 7.25}, {""feature"": ""median_inter_tx_seconds"", ""value"": 209877.0, ""empirical_anomaly_score"": 0.94, ""median"": 110529.75, ""mad"": 26467.25}, {""feature"": ""std_latency_ms"", ""value"": 47.98610910114162, ""empirical_anomaly_score"": 0.913333, ""median"": 27.157299680854067, ""mad"": 6.180389164041724}, {""feature"": ""avg_sent_sats"", ""value"": 35018316.0, ""empirical_anomaly_score"": 0.893333, ""median"": 69916518.99545455, ""mad"": 18204736.1}]"
W000079,0.40582089552238804,67,"[{""feature"": ""median_received_sats"", ""value"": 24560079.0, ""empirical_anomaly_score"": 0.933333, ""median"": 54845191.75, ""mad"": 14310899.0}, {""feature"": ""avg_received_sats"", ""value"": 37420251.0, ""empirical_anomaly_score"": 0.913333, ""median"": 80830302.69444445, ""mad"": 23241519.925}, {""feature"": ""rapid_hop_count"", ""value"": 8.0, ""empirical_anomaly_score"": 0.9, ""median"": 4.0, ""mad"": 1.0}, {""feature"": ""total_bytes_sent"", ""value"": 47195.0, ""empirical_anomaly_score"": 0.886667, ""median"": 26209.0, ""mad"": 6955.5}, {""feature"": ""observations_per_tx"", ""value"": 1.6666666666666667, ""empirical_anomaly_score"": 0.85, ""median"": 1.3333333333333333, ""mad"": 0.12470862470862476}]"
W000080,0.38194029850746275,67,"[{""feature"": ""max_sent_sats"", ""value"": 1140475259.0, ""empirical_anomaly_score"": 0.98, ""median"": 196370893.0, ""mad"": 80988886.0}, {""feature"": ""total_sent_sats"", ""value"": 1832369949.0, ""empirical_anomaly_score"": 0.973333, ""median"": 649067921.5, ""mad"": 231164563.0}, {""feature"": ""std_sent_sats"", ""value"": 347349125.7169853, ""empirical_anomaly_score"": 0.973333, ""median"": 62620235.30358499, ""mad"": 25332748.176178508}, {""feature"": ""avg_sent_sats"", ""value"": 183236994.9, ""empirical_anomaly_score"": 0.913333, ""median"": 69916518.99545455, ""mad"": 18204736.1}, {""feature"": ""in_out_ratio"", ""value"": 0.3108793086848424, ""empirical_anomaly_score"": 0.853333, ""median"": 0.9459241289194119, ""mad"": 0.42671851574922676}]"
W000081,0.4223383084577115,67,"[{""feature"": ""unique_network_types"", ""value"": 5.0, ""empirical_anomaly_score"": 0.953333, ""median"": 3.0, ""mad"": 1.0}, {""feature"": ""burstiness"", ""value"": 0.12882963742152553, ""empirical_anomaly_score"": 0.873333, ""median"": -0.028558963606097724, ""mad"": 0.06469384018309376}, {""feature"": ""clustering_coefficient"", ""value"": 0.025, ""empirical_anomaly_score"": 0.846667, ""median"": 0.05514051166225079, ""mad"": 0.0137987012987013}, {""feature"": ""std_inter_tx_seconds"", ""value"": 237488.03894081915, ""empirical_anomaly_score"": 0.846667, ""median"": 145117.80484766472, ""mad"": 30005.163051601456}, {""feature"": ""in_out_ratio"", ""value"": 0.3200874049954495, ""empirical_anomaly_score"": 0.84, ""median"": 0.9459241289194119, ""mad"": 0.42671851574922676}]"
W000082,0.3736318407960199,67,"[{""feature"": ""avg_network_tx_time_difference"", ""value"": 1.0, ""empirical_anomaly_score"": 0.926667, ""median"": 2.0, ""mad"": 0.33333333333333326}, {""feature"": ""outbound_ratio"", ""value"": 0.5842644447479852, ""empirical_anomaly_score"": 0.88, ""median"": 0.49578352067974074, ""mad"": 0.036769728818191294}, {""feature"": ""inbound_ratio"", ""value"": 0.4157355552520148, ""empirical_anomaly_score"": 0.853333, ""median"": 0.5012310997322463, ""mad"": 0.03701682209852983}, {""feature"": ""burstiness"", ""value"": -0.16701654355296464, ""empirical_anomaly_score"": 0.826667, ""median"": -0.028558963606097724, ""mad"": 0.06469384018309376}, {""feature"": ""std_latency_ms"", ""value"": 43.42700498428095, ""empirical_anomaly_score"": 0.82, ""median"": 27.157299680854067, ""mad"": 6.180389164041724}]"
W000083,0.2999004975124378,67,"[{""feature"": ""last_seen"", ""value"": 1780265266000000, ""empirical_anomaly_score"": 0.91, ""median"": 1780159499500000.0, ""mad"": 85878500000.0}, {""feature"": ""burstiness"", ""value"": -0.19561365759108798, ""empirical_anomaly_score"": 0.886667, ""median"": -0.028558963606097724, ""mad"": 0.06469384018309376}, {""feature"": ""community_size"", ""value"": 76, ""empirical_anomaly_score"": 0.75, ""median"": 72.0, ""mad"": 4.0}, {""feature"": ""community_id"", ""value"": 0, ""empirical_anomaly_score"": 0.743333, ""median"": 1.5, ""mad"": 1.5}, {""feature"": ""median_received_sats"", ""value"": 93816470.0, ""empirical_anomaly_score"": 0.7, ""median"": 54845191.75, ""mad"": 14310899.0}]"
W000084,0.5144776119402984,67,"[{""feature"": ""first_seen"", ""value"": 1778304648000000, ""empirical_anomaly_score"": 0.946667, ""median"": 1777705462000000.0, ""mad"": 87469000000.0}, {""feature"": ""std_sent_sats"", ""value"": 15548026.600062797, ""empirical_anomaly_score"": 0.933333, ""median"": 62620235.30358499, ""mad"": 25332748.176178508}, {""feature"": ""active_duration_seconds"", ""value"": 1425412.0, ""empirical_anomaly_score"": 0.926667, ""median"": 2407787.5, ""mad"": 132459.5}, {""feature"": ""max_received_sats"", ""value"": 71533263.0, ""empirical_anomaly_score"": 0.9, ""median"": 196990782.5, ""mad"": 81473984.0}, {""feature"": ""total_bytes_sent"", ""value"": 9770.0, ""empirical_anomaly_score"": 0.886667, ""median"": 26209.0, ""mad"": 6955.5}]"
W000085,0.48537313432835816,67,"[{""feature"": ""min_network_tx_time_difference"", ""value"": 2.0, ""empirical_anomaly_score"": 0.98, ""median"": 0.0, ""mad"": 0.0}, {""feature"": ""rapid_hop_count"", ""value"": 0.0, ""empirical_anomaly_score"": 0.966667, ""median"": 4.0, ""mad"": 1.0}, {""feature"": ""avg_network_tx_time_difference"", ""value"": 3.0, ""empirical_anomaly_score"": 0.966667, ""median"": 2.0, ""mad"": 0.33333333333333326}, {""feature"": ""inbound_ratio"", ""value"": 0.6073277378499271, ""empirical_anomaly_score"": 0.953333, ""median"": 0.5012310997322463, ""mad"": 0.03701682209852983}, {""feature"": ""unique_network_types"", ""value"": 1.0, ""empirical_anomaly_score"": 0.93, ""median"": 3.0, ""mad"": 1.0}]"
W000086,0.31616915422885566,67,"[{""feature"": ""last_seen"", ""value"": 1780268288000000, ""empirical_anomaly_score"": 0.943333, ""median"": 1780159499500000.0, ""mad"": 85878500000.0}, {""feature"": ""median_sent_sats"", ""value"": 100918832.0, ""empirical_anomaly_score"": 0.92, ""median"": 47216227.0, ""mad"": 12436673.0}, {""feature"": ""asn_entropy"", ""value"": 2.9298186888916957, ""empirical_anomaly_score"": 0.826667, ""median"": 2.375, ""mad"": 0.25}, {""feature"": ""community_size"", ""value"": 76, ""empirical_anomaly_score"": 0.75, ""median"": 72.0, ""mad"": 4.0}, {""feature"": ""community_id"", ""value"": 0, ""empirical_anomaly_score"": 0.743333, ""median"": 1.5, ""mad"": 1.5}]"
W000087,0.46089552238805964,67,"[{""feature"": ""avg_sent_sats"", ""value"": 21599274.375, ""empirical_anomaly_score"": 0.98, ""median"": 69916518.99545455, ""mad"": 18204736.1}, {""feature"": ""max_sent_sats"", ""value"": 41676786.0, ""empirical_anomaly_score"": 0.98, ""median"": 196370893.0, ""mad"": 80988886.0}, {""feature"": ""rapid_hop_count"", ""value"": 10.0, ""empirical_anomaly_score"": 0.973333, ""median"": 4.0, ""mad"": 1.0}, {""feature"": ""median_sent_sats"", ""value"": 17070924.5, ""empirical_anomaly_score"": 0.96, ""median"": 47216227.0, ""mad"": 12436673.0}, {""feature"": ""total_bytes_received"", ""value"": 55786.0, ""empirical_anomaly_score"": 0.953333, ""median"": 27443.5, ""mad"": 7628.0}]"
W000088,0.39855721393034815,67,"[{""feature"": ""outbound_ratio"", ""value"": 0.6143964595461566, ""empirical_anomaly_score"": 0.973333, ""median"": 0.49578352067974074, ""mad"": 0.036769728818191294}, {""feature"": ""min_inter_tx_seconds"", ""value"": 50649.0, ""empirical_anomaly_score"": 0.953333, ""median"": 7857.0, ""mad"": 5137.5}, {""feature"": ""inbound_ratio"", ""value"": 0.38560354045384343, ""empirical_anomaly_score"": 0.946667, ""median"": 0.5012310997322463, ""mad"": 0.03701682209852983}, {""feature"": ""observations_per_tx"", ""value"": 1.8333333333333333, ""empirical_anomaly_score"": 0.923333, ""median"": 1.3333333333333333, ""mad"": 0.12470862470862476}, {""feature"": ""in_degree"", ""value"": 13, ""empirical_anomaly_score"": 0.853333, ""median"": 9.0, ""mad"": 2.0}]"
W000089,0.43243781094527345,67,"[{""feature"": ""outbound_ratio"", ""value"": 0.6373711603224819, ""empirical_anomaly_score"": 0.993333, ""median"": 0.49578352067974074, ""mad"": 0.036769728818191294}, {""feature"": ""inbound_ratio"", ""value"": 0.36262883967751813, ""empirical_anomaly_score"": 0.966667, ""median"": 0.5012310997322463, ""mad"": 0.03701682209852983}, {""feature"": ""active_duration_seconds"", ""value"": 2647851.0, ""empirical_anomaly_score"": 0.94, ""median"": 2407787.5, ""mad"": 132459.5}, {""feature"": ""last_seen"", ""value"": 1780262324000000, ""empirical_anomaly_score"": 0.866667, ""median"": 1780159499500000.0, ""mad"": 85878500000.0}, {""feature"": ""std_received_sats"", ""value"": 22630076.21209205, ""empirical_anomaly_score"": 0.833333, ""median"": 64972630.65674827, ""mad"": 28418197.62883212}]"
W000090,0.39457711442786086,67,"[{""feature"": ""pagerank"", ""value"": 0.0064689766071236955, ""empirical_anomaly_score"": 1.0, ""median"": 0.0031838564235762224, ""mad"": 0.0007468073772566048}, {""feature"": ""std_latency_ms"", ""value"": 10.740628990478681, ""empirical_anomaly_score"": 0.96, ""median"": 27.157299680854067, ""mad"": 6.180389164041724}, {""feature"": ""first_seen"", ""value"": 1777597136000000, ""empirical_anomaly_score"": 0.943333, ""median"": 1777705462000000.0, ""mad"": 87469000000.0}, {""feature"": ""clustering_coefficient"", ""value"": 0.10294117647058823, ""empirical_anomaly_score"": 0.936667, ""median"": 0.05514051166225079, ""mad"": 0.0137987012987013}, {""feature"": ""burstiness"", ""value"": -0.20073306405904243, ""empirical_anomaly_score"": 0.913333, ""median"": -0.028558963606097724, ""mad"": 0.06469384018309376}]"
W000091,0.5348756218905473,67,"[{""feature"": ""min_network_tx_time_difference"", ""value"": 2.0, ""empirical_anomaly_score"": 0.98, ""median"": 0.0, ""mad"": 0.0}, {""feature"": ""rapid_hop_count"", ""value"": 0.0, ""empirical_anomaly_score"": 0.966667, ""median"": 4.0, ""mad"": 1.0}, {""feature"": ""mean_latency_ms"", ""value"": 87.0, ""empirical_anomaly_score"": 0.95, ""median"": 65.55, ""mad"": 6.928571428571427}, {""feature"": ""avg_outputs_per_tx"", ""value"": 1.7142857142857142, ""empirical_anomaly_score"": 0.93, ""median"": 1.3125, ""mad"": 0.13068181818181812}, {""feature"": ""median_latency_ms"", ""value"": 82.0, ""empirical_anomaly_score"": 0.926667, ""median"": 59.25, ""mad"": 7.25}]"
W000092,0.36174129353233836,67,"[{""feature"": ""burstiness"", ""value"": -0.20965917769506148, ""empirical_anomaly_score"": 0.926667, ""median"": -0.028558963606097724, ""mad"": 0.06469384018309376}, {""feature"": ""avg_received_sats"", ""value"": 38361000.375, ""empirical_anomaly_score"": 0.9, ""median"": 80830302.69444445, ""mad"": 23241519.925}, {""feature"": ""std_inter_tx_seconds"", ""value"": 92337.20203517012, ""empirical_anomaly_score"": 0.853333, ""median"": 145117.80484766472, ""mad"": 30005.163051601456}, {""feature"": ""max_received_sats"", ""value"": 83569843.0, ""empirical_anomaly_score"": 0.846667, ""median"": 196990782.5, ""mad"": 81473984.0}, {""feature"": ""median_latency_ms"", ""value"": 47.0, ""empirical_anomaly_score"": 0.83, ""median"": 59.25, ""mad"": 7.25}]"
W000093,0.3733830845771145,67,"[{""feature"": ""min_inter_tx_seconds"", ""value"": 31762.0, ""empirical_anomaly_score"": 0.86, ""median"": 7857.0, ""mad"": 5137.5}, {""feature"": ""country_entropy"", ""value"": 2.0524212838293647, ""empirical_anomaly_score"": 0.82, ""median"": 1.6804820237218405, ""mad"": 0.2119586677656532}, {""feature"": ""avg_outputs_per_tx"", ""value"": 1.5714285714285714, ""empirical_anomaly_score"": 0.763333, ""median"": 1.3125, ""mad"": 0.13068181818181812}, {""feature"": ""community_size"", ""value"": 76, ""empirical_anomaly_score"": 0.75, ""median"": 72.0, ""mad"": 4.0}, {""feature"": ""community_id"", ""value"": 0, ""empirical_anomaly_score"": 0.743333, ""median"": 1.5, ""mad"": 1.5}]"
W000094,0.4637313432835821,67,"[{""feature"": ""std_sent_sats"", ""value"": 294957659.9694018, ""empirical_anomaly_score"": 0.966667, ""median"": 62620235.30358499, ""mad"": 25332748.176178508}, {""feature"": ""max_sent_sats"", ""value"": 703009446.0, ""empirical_anomaly_score"": 0.94, ""median"": 196370893.0, ""mad"": 80988886.0}, {""feature"": ""country_entropy"", ""value"": 2.1258145836939115, ""empirical_anomaly_score"": 0.913333, ""median"": 1.6804820237218405, ""mad"": 0.2119586677656532}, {""feature"": ""avg_sent_sats"", ""value"": 180772227.0, ""empirical_anomaly_score"": 0.9, ""median"": 69916518.99545455, ""mad"": 18204736.1}, {""feature"": ""avg_outputs_per_tx"", ""value"": 1.6, ""empirical_anomaly_score"": 0.806667, ""median"": 1.3125, ""mad"": 0.13068181818181812}]"
W000095,0.38079601990049744,67,"[{""feature"": ""active_duration_seconds"", ""value"": 2664260.0, ""empirical_anomaly_score"": 0.986667, ""median"": 2407787.5, ""mad"": 132459.5}, {""feature"": ""first_seen"", ""value"": 1777597831000000, ""empirical_anomaly_score"": 0.916667, ""median"": 1777705462000000.0, ""mad"": 87469000000.0}, {""feature"": ""max_received_sats"", ""value"": 69947205.0, ""empirical_anomaly_score"": 0.913333, ""median"": 196990782.5, ""mad"": 81473984.0}, {""feature"": ""total_received_sats"", ""value"": 220707854.0, ""empirical_anomaly_score"": 0.886667, ""median"": 599711820.5, ""mad"": 223846575.0}, {""feature"": ""std_received_sats"", ""value"": 18828788.48818701, ""empirical_anomaly_score"": 0.866667, ""median"": 64972630.65674827, ""mad"": 28418197.62883212}]"
W000096,0.44213930348258706,67,"[{""feature"": ""median_sent_sats"", ""value"": 18184766.0, ""empirical_anomaly_score"": 0.946667, ""median"": 47216227.0, ""mad"": 12436673.0}, {""feature"": ""asn_entropy"", ""value"": 3.0449127332389447, ""empirical_anomaly_score"": 0.913333, ""median"": 2.375, ""mad"": 0.25}, {""feature"": ""std_inter_tx_seconds"", ""value"": 90038.99527634932, ""empirical_anomaly_score"": 0.88, ""median"": 145117.80484766472, ""mad"": 30005.163051601456}, {""feature"": ""country_entropy"", ""value"": 2.0773238024297203, ""empirical_anomaly_score"": 0.86, ""median"": 1.6804820237218405, ""mad"": 0.2119586677656532}, {""feature"": ""in_degree"", ""value"": 13, ""empirical_anomaly_score"": 0.853333, ""median"": 9.0, ""mad"": 2.0}]"
W000097,0.409054726368159,67,"[{""feature"": ""total_sent_sats"", ""value"": 1374013970.0, ""empirical_anomaly_score"": 0.926667, ""median"": 649067921.5, ""mad"": 231164563.0}, {""feature"": ""avg_outputs_per_tx"", ""value"": 1.0, ""empirical_anomaly_score"": 0.88, ""median"": 1.3125, ""mad"": 0.13068181818181812}, {""feature"": ""max_outputs_per_tx"", ""value"": 1.0, ""empirical_anomaly_score"": 0.88, ""median"": 2.0, ""mad"": 0.0}, {""feature"": ""avg_sent_sats"", ""value"": 152668218.8888889, ""empirical_anomaly_score"": 0.873333, ""median"": 69916518.99545455, ""mad"": 18204736.1}, {""feature"": ""total_bytes_sent"", ""value"": 46230.0, ""empirical_anomaly_score"": 0.86, ""median"": 26209.0, ""mad"": 6955.5}]"
W000098,0.405721393034826,67,"[{""feature"": ""median_latency_ms"", ""value"": 36.0, ""empirical_anomaly_score"": 0.953333, ""median"": 59.25, ""mad"": 7.25}, {""feature"": ""median_received_sats"", ""value"": 159007831.5, ""empirical_anomaly_score"": 0.94, ""median"": 54845191.75, ""mad"": 14310899.0}, {""feature"": ""observations_per_tx"", ""value"": 1.0, ""empirical_anomaly_score"": 0.896667, ""median"": 1.3333333333333333, ""mad"": 0.12470862470862476}, {""feature"": ""last_seen"", ""value"": 1779649121000000, ""empirical_anomaly_score"": 0.88, ""median"": 1780159499500000.0, ""mad"": 85878500000.0}, {""feature"": ""rapid_hop_count"", ""value"": 1.0, ""empirical_anomaly_score"": 0.863333, ""median"": 4.0, ""mad"": 1.0}]"
W000099,0.3451741293532338,67,"[{""feature"": ""min_network_tx_time_difference"", ""value"": 1.0, ""empirical_anomaly_score"": 0.85, ""median"": 0.0, ""mad"": 0.0}, {""feature"": ""outbound_ratio"", ""value"": 0.5808334875582549, ""empirical_anomaly_score"": 0.84, ""median"": 0.49578352067974074, ""mad"": 0.036769728818191294}, {""feature"": ""inbound_ratio"", ""value"": 0.419166512441745, ""empirical_anomaly_score"": 0.813333, ""median"": 0.5012310997322463, ""mad"": 0.03701682209852983}, {""feature"": ""asn_entropy"", ""value"": 2.8647869792568113, ""empirical_anomaly_score"": 0.753333, ""median"": 2.375, ""mad"": 0.25}, {""feature"": ""median_sent_sats"", ""value"": 29177551.5, ""empirical_anomaly_score"": 0.713333, ""median"": 47216227.0, ""mad"": 12436673.0}]"
W000100,0.4505970149253731,67,"[{""feature"": ""median_received_sats"", ""value"": 11978770.0, ""empirical_anomaly_score"": 0.98, ""median"": 54845191.75, ""mad"": 14310899.0}, {""feature"": ""total_received_sats"", ""value"": 162177104.0, ""empirical_anomaly_score"": 0.926667, ""median"": 599711820.5, ""mad"": 223846575.0}, {""feature"": ""clustering_coefficient"", ""value"": 0.09523809523809523, ""empirical_anomaly_score"": 0.903333, ""median"": 0.05514051166225079, ""mad"": 0.0137987012987013}, {""feature"": ""incoming_tx_count"", ""value"": 3.0, ""empirical_anomaly_score"": 0.89, ""median"": 8.0, ""mad"": 2.0}, {""feature"": ""tx_count"", ""value"": 3.0, ""empirical_anomaly_score"": 0.89, ""median"": 8.0, ""mad"": 2.0}]"
W000101,0.6032835820895521,67,"[{""feature"": ""community_id"", ""value"": 5, ""empirical_anomaly_score"": 0.983333, ""median"": 1.5, ""mad"": 1.5}, {""feature"": ""community_size"", ""value"": 4, ""empirical_anomaly_score"": 0.976667, ""median"": 72.0, ""mad"": 4.0}, {""feature"": ""last_seen"", ""value"": 1779209927000000, ""empirical_anomaly_score"": 0.973333, ""median"": 1780159499500000.0, ""mad"": 85878500000.0}, {""feature"": ""transaction_velocity"", ""value"": 1.0711722552103603e-05, ""empirical_anomaly_score"": 0.946667, ""median"": 6.95631189636602e-06, ""mad"": 1.0534693895728903e-06}, {""feature"": ""mean_latency_ms"", ""value"": 46.333333333333336, ""empirical_anomaly_score"": 0.933333, ""median"": 65.55, ""mad"": 6.928571428571427}]"
W000102,0.4164676616915423,67,"[{""feature"": ""median_received_sats"", ""value"": 11671091.5, ""empirical_anomaly_score"": 0.986667, ""median"": 54845191.75, ""mad"": 14310899.0}, {""feature"": ""avg_received_sats"", ""value"": 36600976.625, ""empirical_anomaly_score"": 0.933333, ""median"": 80830302.69444445, ""mad"": 23241519.925}, {""feature"": ""median_sent_sats"", ""value"": 19186651.0, ""empirical_anomaly_score"": 0.933333, ""median"": 47216227.0, ""mad"": 12436673.0}, {""feature"": ""mean_latency_ms"", ""value"": 51.333333333333336, ""empirical_anomaly_score"": 0.826667, ""median"": 65.55, ""mad"": 6.928571428571427}, {""feature"": ""median_inter_tx_seconds"", ""value"": 172004.5, ""empirical_anomaly_score"": 0.826667, ""median"": 110529.75, ""mad"": 26467.25}]"
W000103,0.42776119402985086,67,"[{""feature"": ""last_seen"", ""value"": 1779627358000000, ""empirical_anomaly_score"": 0.893333, ""median"": 1780159499500000.0, ""mad"": 85878500000.0}, {""feature"": ""active_duration_seconds"", ""value"": 1820328.0, ""empirical_anomaly_score"": 0.866667, ""median"": 2407787.5, ""mad"": 132459.5}, {""feature"": ""burstiness"", ""value"": -0.178396803206182, ""empirical_anomaly_score"": 0.846667, ""median"": -0.028558963606097724, ""mad"": 0.06469384018309376}, {""feature"": ""std_received_sats"", ""value"": 180411909.33363873, ""empirical_anomaly_score"": 0.833333, ""median"": 64972630.65674827, ""mad"": 28418197.62883212}, {""feature"": ""avg_received_sats"", ""value"": 146048884.83333334, ""empirical_anomaly_score"": 0.813333, ""median"": 80830302.69444445, ""mad"": 23241519.925}]"
W000104,0.3438805970149254,67,"[{""feature"": ""unique_countries"", ""value"": 6.0, ""empirical_anomaly_score"": 0.936667, ""median"": 4.0, ""mad"": 1.0}, {""feature"": ""clustering_coefficient"", ""value"": 0.09166666666666666, ""empirical_anomaly_score"": 0.883333, ""median"": 0.05514051166225079, ""mad"": 0.0137987012987013}, {""feature"": ""avg_received_sats"", ""value"": 40188570.875, ""empirical_anomaly_score"": 0.88, ""median"": 80830302.69444445, ""mad"": 23241519.925}, {""feature"": ""observations_per_tx"", ""value"": 1.6666666666666667, ""empirical_anomaly_score"": 0.85, ""median"": 1.3333333333333333, ""mad"": 0.12470862470862476}, {""feature"": ""total_bytes_sent"", ""value"": 45477.0, ""empirical_anomaly_score"": 0.833333, ""median"": 26209.0, ""mad"": 6955.5}]"
W000105,0.5295024875621892,67,"[{""feature"": ""rapid_hop_count"", ""value"": 11.0, ""empirical_anomaly_score"": 0.993333, ""median"": 4.0, ""mad"": 1.0}, {""feature"": ""unique_dst_ips"", ""value"": 14.0, ""empirical_anomaly_score"": 0.99, ""median"": 7.0, ""mad"": 2.0}, {""feature"": ""total_bytes_sent"", ""value"": 66126.0, ""empirical_anomaly_score"": 0.986667, ""median"": 26209.0, ""mad"": 6955.5}, {""feature"": ""unique_src_ports"", ""value"": 23.0, ""empirical_anomaly_score"": 0.983333, ""median"": 10.0, ""mad"": 2.0}, {""feature"": ""observation_count"", ""value"": 23.0, ""empirical_anomaly_score"": 0.983333, ""median"": 10.0, ""mad"": 2.0}]"
W000106,0.48855721393034807,67,"[{""feature"": ""transaction_velocity"", ""value"": 1.0611195641843543e-05, ""empirical_anomaly_score"": 0.94, ""median"": 6.95631189636602e-06, ""mad"": 1.0534693895728903e-06}, {""feature"": ""max_received_sats"", ""value"": 703578509.0, ""empirical_anomaly_score"": 0.933333, ""median"": 196990782.5, ""mad"": 81473984.0}, {""feature"": ""avg_inter_tx_seconds"", ""value"": 98523.72727272728, ""empirical_anomaly_score"": 0.933333, ""median"": 153303.0358974359, ""mad"": 25534.33560503825}, {""feature"": ""median_inter_tx_seconds"", ""value"": 42539.5, ""empirical_anomaly_score"": 0.926667, ""median"": 110529.75, ""mad"": 26467.25}, {""feature"": ""avg_network_tx_time_difference"", ""value"": 2.7857142857142856, ""empirical_anomaly_score"": 0.916667, ""median"": 2.0, ""mad"": 0.33333333333333326}]"
W000107,0.42547263681592035,67,"[{""feature"": ""std_sent_sats"", ""value"": 766319645.3431668, ""empirical_anomaly_score"": 1.0, ""median"": 62620235.30358499, ""mad"": 25332748.176178508}, {""feature"": ""max_sent_sats"", ""value"": 2089653145.0, ""empirical_anomaly_score"": 1.0, ""median"": 196370893.0, ""mad"": 80988886.0}, {""feature"": ""total_sent_sats"", ""value"": 2519175437.0, ""empirical_anomaly_score"": 1.0, ""median"": 649067921.5, ""mad"": 231164563.0}, {""feature"": ""mean_latency_ms"", ""value"": 32.166666666666664, ""empirical_anomaly_score"": 0.973333, ""median"": 65.55, ""mad"": 6.928571428571427}, {""feature"": ""median_latency_ms"", ""value"": 29.0, ""empirical_anomaly_score"": 0.973333, ""median"": 59.25, ""mad"": 7.25}]"
W000108,0.4345771144278607,67,"[{""feature"": ""tx_count"", ""value"": 13.0, ""empirical_anomaly_score"": 0.92, ""median"": 8.0, ""mad"": 2.0}, {""feature"": ""incoming_tx_count"", ""value"": 13.0, ""empirical_anomaly_score"": 0.92, ""median"": 8.0, ""mad"": 2.0}, {""feature"": ""asn_entropy"", ""value"": 3.020244207153756, ""empirical_anomaly_score"": 0.893333, ""median"": 2.375, ""mad"": 0.25}, {""feature"": ""country_entropy"", ""value"": 2.0925953339024312, ""empirical_anomaly_score"": 0.893333, ""median"": 1.6804820237218405, ""mad"": 0.2119586677656532}, {""feature"": ""median_inter_tx_seconds"", ""value"": 52085.0, ""empirical_anomaly_score"": 0.886667, ""median"": 110529.75, ""mad"": 26467.25}]"
W000109,0.4449751243781095,67,"[{""feature"": ""asn_entropy"", ""value"": 3.135821824148035, ""empirical_anomaly_score"": 0.973333, ""median"": 2.375, ""mad"": 0.25}, {""feature"": ""max_received_sats"", ""value"": 688888463.0, ""empirical_anomaly_score"": 0.926667, ""median"": 196990782.5, ""mad"": 81473984.0}, {""feature"": ""std_received_sats"", ""value"": 226696503.67083815, ""empirical_anomaly_score"": 0.92, ""median"": 64972630.65674827, ""mad"": 28418197.62883212}, {""feature"": ""std_inter_tx_seconds"", ""value"": 89899.30264113606, ""empirical_anomaly_score"": 0.886667, ""median"": 145117.80484766472, ""mad"": 30005.163051601456}, {""feature"": ""unique_asns"", ""value"": 12.0, ""empirical_anomaly_score"": 0.846667, ""median"": 8.0, ""mad"": 2.0}]"
W000110,0.4377611940298508,67,"[{""feature"": ""std_sent_sats"", ""value"": 662178543.217011, ""empirical_anomaly_score"": 0.986667, ""median"": 62620235.30358499, ""mad"": 25332748.176178508}, {""feature"": ""max_sent_sats"", ""value"": 1665402294.0, ""empirical_anomaly_score"": 0.986667, ""median"": 196370893.0, ""mad"": 80988886.0}, {""feature"": ""total_sent_sats"", ""value"": 1890479994.0, ""empirical_anomaly_score"": 0.98, ""median"": 649067921.5, ""mad"": 231164563.0}, {""feature"": ""std_latency_ms"", ""value"": 50.972681759098045, ""empirical_anomaly_score"": 0.953333, ""median"": 27.157299680854067, ""mad"": 6.180389164041724}, {""feature"": ""avg_sent_sats"", ""value"": 315079999.0, ""empirical_anomaly_score"": 0.953333, ""median"": 69916518.99545455, ""mad"": 18204736.1}]"
W000111,0.35293532338308453,67,"[{""feature"": ""first_seen"", ""value"": 1777600623000000, ""empirical_anomaly_score"": 0.883333, ""median"": 1777705462000000.0, ""mad"": 87469000000.0}, {""feature"": ""active_duration_seconds"", ""value"": 2622524.0, ""empirical_anomaly_score"": 0.846667, ""median"": 2407787.5, ""mad"": 132459.5}, {""feature"": ""clustering_coefficient"", ""value"": 0.08571428571428572, ""empirical_anomaly_score"": 0.78, ""median"": 0.05514051166225079, ""mad"": 0.0137987012987013}, {""feature"": ""pagerank"", ""value"": 0.0021198348594753938, ""empirical_anomaly_score"": 0.773333, ""median"": 0.0031838564235762224, ""mad"": 0.0007468073772566048}, {""feature"": ""community_size"", ""value"": 76, ""empirical_anomaly_score"": 0.75, ""median"": 72.0, ""mad"": 4.0}]"
W000112,0.46034825870646773,67,"[{""feature"": ""last_seen"", ""value"": 1779440620000000, ""empirical_anomaly_score"": 0.966667, ""median"": 1780159499500000.0, ""mad"": 85878500000.0}, {""feature"": ""median_received_sats"", ""value"": 169249936.5, ""empirical_anomaly_score"": 0.96, ""median"": 54845191.75, ""mad"": 14310899.0}, {""feature"": ""active_duration_seconds"", ""value"": 1777020.0, ""empirical_anomaly_score"": 0.9, ""median"": 2407787.5, ""mad"": 132459.5}, {""feature"": ""max_outputs_per_tx"", ""value"": 1.0, ""empirical_anomaly_score"": 0.88, ""median"": 2.0, ""mad"": 0.0}, {""feature"": ""avg_outputs_per_tx"", ""value"": 1.0, ""empirical_anomaly_score"": 0.88, ""median"": 1.3125, ""mad"": 0.13068181818181812}]"
W000113,0.3641293532338309,67,"[{""feature"": ""unique_network_types"", ""value"": 1.0, ""empirical_anomaly_score"": 0.93, ""median"": 3.0, ""mad"": 1.0}, {""feature"": ""observations_per_tx"", ""value"": 1.75, ""empirical_anomaly_score"": 0.896667, ""median"": 1.3333333333333333, ""mad"": 0.12470862470862476}, {""feature"": ""max_outputs_per_tx"", ""value"": 1.0, ""empirical_anomaly_score"": 0.88, ""median"": 2.0, ""mad"": 0.0}, {""feature"": ""avg_outputs_per_tx"", ""value"": 1.0, ""empirical_anomaly_score"": 0.88, ""median"": 1.3125, ""mad"": 0.13068181818181812}, {""feature"": ""asn_entropy"", ""value"": 2.9677201004744993, ""empirical_anomaly_score"": 0.86, ""median"": 2.375, ""mad"": 0.25}]"
W000114,0.3117910447761194,67,"[{""feature"": ""max_received_sats"", ""value"": 578510392.0, ""empirical_anomaly_score"": 0.886667, ""median"": 196990782.5, ""mad"": 81473984.0}, {""feature"": ""std_received_sats"", ""value"": 191624339.9527063, ""empirical_anomaly_score"": 0.866667, ""median"": 64972630.65674827, ""mad"": 28418197.62883212}, {""feature"": ""min_network_tx_time_difference"", ""value"": 1.0, ""empirical_anomaly_score"": 0.85, ""median"": 0.0, ""mad"": 0.0}, {""feature"": ""shared_ip_wallet_count"", ""value"": 43.0, ""empirical_anomaly_score"": 0.846667, ""median"": 49.0, ""mad"": 4.0}, {""feature"": ""shared_asn_wallet_count"", ""value"": 43.0, ""empirical_anomaly_score"": 0.846667, ""median"": 49.0, ""mad"": 4.0}]"
W000115,0.48074626865671644,67,"[{""feature"": ""avg_outputs_per_tx"", ""value"": 1.8888888888888888, ""empirical_anomaly_score"": 0.976667, ""median"": 1.3125, ""mad"": 0.13068181818181812}, {""feature"": ""max_sent_sats"", ""value"": 778576102.0, ""empirical_anomaly_score"": 0.953333, ""median"": 196370893.0, ""mad"": 80988886.0}, {""feature"": ""unique_src_ips"", ""value"": 3.0, ""empirical_anomaly_score"": 0.953333, ""median"": 1.0, ""mad"": 0.0}, {""feature"": ""std_sent_sats"", ""value"": 251937229.67665997, ""empirical_anomaly_score"": 0.94, ""median"": 62620235.30358499, ""mad"": 25332748.176178508}, {""feature"": ""mean_latency_ms"", ""value"": 47.333333333333336, ""empirical_anomaly_score"": 0.926667, ""median"": 65.55, ""mad"": 6.928571428571427}]"
W000116,0.3665671641791045,67,"[{""feature"": ""two_hop_neighbor_count"", ""value"": 107, ""empirical_anomaly_score"": 0.906667, ""median"": 62.0, ""mad"": 14.0}, {""feature"": ""inbound_ratio"", ""value"": 0.592412359444392, ""empirical_anomaly_score"": 0.88, ""median"": 0.5012310997322463, ""mad"": 0.03701682209852983}, {""feature"": ""median_sent_sats"", ""value"": 89772124.0, ""empirical_anomaly_score"": 0.853333, ""median"": 47216227.0, ""mad"": 12436673.0}, {""feature"": ""outbound_ratio"", ""value"": 0.40758764055560803, ""empirical_anomaly_score"": 0.853333, ""median"": 0.49578352067974074, ""mad"": 0.036769728818191294}, {""feature"": ""out_degree"", ""value"": 13, ""empirical_anomaly_score"": 0.78, ""median"": 8.0, ""mad"": 2.0}]"
W000117,0.4183582089552238,67,"[{""feature"": ""max_received_sats"", ""value"": 1141187107.0, ""empirical_anomaly_score"": 0.98, ""median"": 196990782.5, ""mad"": 81473984.0}, {""feature"": ""std_received_sats"", ""value"": 409174240.537376, ""empirical_anomaly_score"": 0.973333, ""median"": 64972630.65674827, ""mad"": 28418197.62883212}, {""feature"": ""total_received_sats"", ""value"": 1528671638.0, ""empirical_anomaly_score"": 0.926667, ""median"": 599711820.5, ""mad"": 223846575.0}, {""feature"": ""avg_received_sats"", ""value"": 218381662.57142857, ""empirical_anomaly_score"": 0.926667, ""median"": 80830302.69444445, ""mad"": 23241519.925}, {""feature"": ""median_sent_sats"", ""value"": 99491078.5, ""empirical_anomaly_score"": 0.906667, ""median"": 47216227.0, ""mad"": 12436673.0}]"
W000118,0.3622885572139302,67,"[{""feature"": ""country_entropy"", ""value"": 2.1808329872054406, ""empirical_anomaly_score"": 0.966667, ""median"": 1.6804820237218405, ""mad"": 0.2119586677656532}, {""feature"": ""unique_countries"", ""value"": 6.0, ""empirical_anomaly_score"": 0.936667, ""median"": 4.0, ""mad"": 1.0}, {""feature"": ""burstiness"", ""value"": 0.1254570507348642, ""empirical_anomaly_score"": 0.86, ""median"": -0.028558963606097724, ""mad"": 0.06469384018309376}, {""feature"": ""median_sent_sats"", ""value"": 24704585.0, ""empirical_anomaly_score"": 0.82, ""median"": 47216227.0, ""mad"": 12436673.0}, {""feature"": ""rapid_hop_count"", ""value"": 7.0, ""empirical_anomaly_score"": 0.816667, ""median"": 4.0, ""mad"": 1.0}]"
W000119,0.41014925373134326,67,"[{""feature"": ""unique_network_types"", ""value"": 5.0, ""empirical_anomaly_score"": 0.953333, ""median"": 3.0, ""mad"": 1.0}, {""feature"": ""mean_latency_ms"", ""value"": 48.285714285714285, ""empirical_anomaly_score"": 0.92, ""median"": 65.55, ""mad"": 6.928571428571427}, {""feature"": ""burstiness"", ""value"": -0.1877536789192785, ""empirical_anomaly_score"": 0.88, ""median"": -0.028558963606097724, ""mad"": 0.06469384018309376}, {""feature"": ""std_inter_tx_seconds"", ""value"": 92130.43331890614, ""empirical_anomaly_score"": 0.866667, ""median"": 145117.80484766472, ""mad"": 30005.163051601456}, {""feature"": ""std_latency_ms"", ""value"": 15.58810479144309, ""empirical_anomaly_score"": 0.86, ""median"": 27.157299680854067, ""mad"": 6.180389164041724}]"
W000120,0.466865671641791,67,"[{""feature"": ""max_inputs_per_tx"", ""value"": 5.0, ""empirical_anomaly_score"": 0.986667, ""median"": 1.0, ""mad"": 0.0}, {""feature"": ""median_sent_sats"", ""value"": 13078057.0, ""empirical_anomaly_score"": 0.973333, ""median"": 47216227.0, ""mad"": 12436673.0}, {""feature"": ""avg_inputs_per_tx"", ""value"": 1.4444444444444444, ""empirical_anomaly_score"": 0.973333, ""median"": 1.0, ""mad"": 0.0}, {""feature"": ""last_seen"", ""value"": 1780269333000000, ""empirical_anomaly_score"": 0.973333, ""median"": 1780159499500000.0, ""mad"": 85878500000.0}, {""feature"": ""median_received_sats"", ""value"": 19901535.0, ""empirical_anomaly_score"": 0.953333, ""median"": 54845191.75, ""mad"": 14310899.0}]"
W000121,0.42930348258706463,67,"[{""feature"": ""avg_inputs_per_tx"", ""value"": 1.8, ""empirical_anomaly_score"": 1.0, ""median"": 1.0, ""mad"": 0.0}, {""feature"": ""avg_outputs_per_tx"", ""value"": 1.9230769230769231, ""empirical_anomaly_score"": 0.993333, ""median"": 1.3125, ""mad"": 0.13068181818181812}, {""feature"": ""max_inputs_per_tx"", ""value"": 5.0, ""empirical_anomaly_score"": 0.986667, ""median"": 1.0, ""mad"": 0.0}, {""feature"": ""std_latency_ms"", ""value"": 55.51451261707258, ""empirical_anomaly_score"": 0.98, ""median"": 27.157299680854067, ""mad"": 6.180389164041724}, {""feature"": ""community_id"", ""value"": 4, ""empirical_anomaly_score"": 0.92, ""median"": 1.5, ""mad"": 1.5}]"
W000122,0.33223880597014926,67,"[{""feature"": ""avg_inputs_per_tx"", ""value"": 1.6666666666666667, ""empirical_anomaly_score"": 0.993333, ""median"": 1.0, ""mad"": 0.0}, {""feature"": ""max_inputs_per_tx"", ""value"": 5.0, ""empirical_anomaly_score"": 0.986667, ""median"": 1.0, ""mad"": 0.0}, {""feature"": ""clustering_coefficient"", ""value"": 0.032679738562091505, ""empirical_anomaly_score"": 0.72, ""median"": 0.05514051166225079, ""mad"": 0.0137987012987013}, {""feature"": ""avg_outputs_per_tx"", ""value"": 1.1111111111111112, ""empirical_anomaly_score"": 0.67, ""median"": 1.3125, ""mad"": 0.13068181818181812}, {""feature"": ""inbound_ratio"", ""value"": 0.5553340449579304, ""empirical_anomaly_score"": 0.646667, ""median"": 0.5012310997322463, ""mad"": 0.03701682209852983}]"
W000123,0.4270149253731343,67,"[{""feature"": ""avg_inputs_per_tx"", ""value"": 1.5714285714285714, ""empirical_anomaly_score"": 0.986667, ""median"": 1.0, ""mad"": 0.0}, {""feature"": ""max_inputs_per_tx"", ""value"": 5.0, ""empirical_anomaly_score"": 0.986667, ""median"": 1.0, ""mad"": 0.0}, {""feature"": ""unique_countries"", ""value"": 6.0, ""empirical_anomaly_score"": 0.936667, ""median"": 4.0, ""mad"": 1.0}, {""feature"": ""pagerank"", ""value"": 0.0017300021968143365, ""empirical_anomaly_score"": 0.893333, ""median"": 0.0031838564235762224, ""mad"": 0.0007468073772566048}, {""feature"": ""country_entropy"", ""value"": 2.077819531114783, ""empirical_anomaly_score"": 0.866667, ""median"": 1.6804820237218405, ""mad"": 0.2119586677656532}]"
W000124,0.42134328358208967,67,"[{""feature"": ""max_inputs_per_tx"", ""value"": 5.0, ""empirical_anomaly_score"": 0.986667, ""median"": 1.0, ""mad"": 0.0}, {""feature"": ""avg_inputs_per_tx"", ""value"": 1.5, ""empirical_anomaly_score"": 0.98, ""median"": 1.0, ""mad"": 0.0}, {""feature"": ""inbound_ratio"", ""value"": 0.6045423900219113, ""empirical_anomaly_score"": 0.94, ""median"": 0.5012310997322463, ""mad"": 0.03701682209852983}, {""feature"": ""outbound_ratio"", ""value"": 0.39545760997808865, ""empirical_anomaly_score"": 0.913333, ""median"": 0.49578352067974074, ""mad"": 0.036769728818191294}, {""feature"": ""max_sent_sats"", ""value"": 470066661.0, ""empirical_anomaly_score"": 0.813333, ""median"": 196370893.0, ""mad"": 80988886.0}]"
W000125,0.4329850746268656,67,"[{""feature"": ""max_outputs_per_tx"", ""value"": 5.0, ""empirical_anomaly_score"": 0.986667, ""median"": 2.0, ""mad"": 0.0}, {""feature"": ""mean_latency_ms"", ""value"": 97.57142857142857, ""empirical_anomaly_score"": 0.986667, ""median"": 65.55, ""mad"": 6.928571428571427}, {""feature"": ""country_entropy"", ""value"": 2.217021885879718, ""empirical_anomaly_score"": 0.973333, ""median"": 1.6804820237218405, ""mad"": 0.2119586677656532}, {""feature"": ""median_latency_ms"", ""value"": 86.0, ""empirical_anomaly_score"": 0.966667, ""median"": 59.25, ""mad"": 7.25}, {""feature"": ""avg_outputs_per_tx"", ""value"": 1.7777777777777777, ""empirical_anomaly_score"": 0.956667, ""median"": 1.3125, ""mad"": 0.13068181818181812}]"
W000126,0.3256716417910449,67,"[{""feature"": ""max_outputs_per_tx"", ""value"": 5.0, ""empirical_anomaly_score"": 0.986667, ""median"": 2.0, ""mad"": 0.0}, {""feature"": ""min_inter_tx_seconds"", ""value"": 180.0, ""empirical_anomaly_score"": 0.936667, ""median"": 7857.0, ""mad"": 5137.5}, {""feature"": ""avg_outputs_per_tx"", ""value"": 1.7142857142857142, ""empirical_anomaly_score"": 0.93, ""median"": 1.3125, ""mad"": 0.13068181818181812}, {""feature"": ""observations_per_tx"", ""value"": 1.6666666666666667, ""empirical_anomaly_score"": 0.85, ""median"": 1.3333333333333333, ""mad"": 0.12470862470862476}, {""feature"": ""median_sent_sats"", ""value"": 84097856.0, ""empirical_anomaly_score"": 0.82, ""median"": 47216227.0, ""mad"": 12436673.0}]"
W000127,0.4826368159203981,67,"[{""feature"": ""max_outputs_per_tx"", ""value"": 5.0, ""empirical_anomaly_score"": 0.986667, ""median"": 2.0, ""mad"": 0.0}, {""feature"": ""in_degree"", ""value"": 15, ""empirical_anomaly_score"": 0.97, ""median"": 9.0, ""mad"": 2.0}, {""feature"": ""burstiness"", ""value"": 0.21557745434339284, ""empirical_anomaly_score"": 0.966667, ""median"": -0.028558963606097724, ""mad"": 0.06469384018309376}, {""feature"": ""weighted_in_degree"", ""value"": 15.0, ""empirical_anomaly_score"": 0.956667, ""median"": 9.0, ""mad"": 2.0}, {""feature"": ""median_inter_tx_seconds"", ""value"": 31419.0, ""empirical_anomaly_score"": 0.946667, ""median"": 110529.75, ""mad"": 26467.25}]"
W000128,0.382089552238806,67,"[{""feature"": ""max_outputs_per_tx"", ""value"": 5.0, ""empirical_anomaly_score"": 0.986667, ""median"": 2.0, ""mad"": 0.0}, {""feature"": ""min_inter_tx_seconds"", ""value"": 300.0, ""empirical_anomaly_score"": 0.893333, ""median"": 7857.0, ""mad"": 5137.5}, {""feature"": ""observations_per_tx"", ""value"": 1.7142857142857142, ""empirical_anomaly_score"": 0.883333, ""median"": 1.3333333333333333, ""mad"": 0.12470862470862476}, {""feature"": ""avg_outputs_per_tx"", ""value"": 1.6666666666666667, ""empirical_anomaly_score"": 0.88, ""median"": 1.3125, ""mad"": 0.13068181818181812}, {""feature"": ""std_inter_tx_seconds"", ""value"": 236243.0242227463, ""empirical_anomaly_score"": 0.84, ""median"": 145117.80484766472, ""mad"": 30005.163051601456}]"
W000129,0.44427860696517407,67,"[{""feature"": ""max_outputs_per_tx"", ""value"": 5.0, ""empirical_anomaly_score"": 0.986667, ""median"": 2.0, ""mad"": 0.0}, {""feature"": ""avg_outputs_per_tx"", ""value"": 1.7777777777777777, ""empirical_anomaly_score"": 0.956667, ""median"": 1.3125, ""mad"": 0.13068181818181812}, {""feature"": ""first_seen"", ""value"": 1777597664000000, ""empirical_anomaly_score"": 0.93, ""median"": 1777705462000000.0, ""mad"": 87469000000.0}, {""feature"": ""in_degree"", ""value"": 13, ""empirical_anomaly_score"": 0.853333, ""median"": 9.0, ""mad"": 2.0}, {""feature"": ""total_bytes_sent"", ""value"": 11577.0, ""empirical_anomaly_score"": 0.846667, ""median"": 26209.0, ""mad"": 6955.5}]"
W000130,0.3740298507462689,67,"[{""feature"": ""avg_sent_sats"", ""value"": 43182003.45454545, ""empirical_anomaly_score"": 0.753333, ""median"": 69916518.99545455, ""mad"": 18204736.1}, {""feature"": ""std_sent_sats"", ""value"": 30042485.691572826, ""empirical_anomaly_score"": 0.746667, ""median"": 62620235.30358499, ""mad"": 25332748.176178508}, {""feature"": ""observations_per_tx"", ""value"": 1.5555555555555556, ""empirical_anomaly_score"": 0.72, ""median"": 1.3333333333333333, ""mad"": 0.12470862470862476}, {""feature"": ""max_sent_sats"", ""value"": 106987833.0, ""empirical_anomaly_score"": 0.713333, ""median"": 196370893.0, ""mad"": 80988886.0}, {""feature"": ""unique_src_ports"", ""value"": 14.0, ""empirical_anomaly_score"": 0.68, ""median"": 10.0, ""mad"": 2.0}]"
W000131,0.384278606965174,67,"[{""feature"": ""burstiness"", ""value"": 0.22867645011602933, ""empirical_anomaly_score"": 0.986667, ""median"": -0.028558963606097724, ""mad"": 0.06469384018309376}, {""feature"": ""in_degree"", ""value"": 13, ""empirical_anomaly_score"": 0.853333, ""median"": 9.0, ""mad"": 2.0}, {""feature"": ""median_inter_tx_seconds"", ""value"": 59422.0, ""empirical_anomaly_score"": 0.846667, ""median"": 110529.75, ""mad"": 26467.25}, {""feature"": ""mean_latency_ms"", ""value"": 79.6, ""empirical_anomaly_score"": 0.846667, ""median"": 65.55, ""mad"": 6.928571428571427}, {""feature"": ""outgoing_tx_count"", ""value"": 13.0, ""empirical_anomaly_score"": 0.846667, ""median"": 9.0, ""mad"": 2.0}]"
W000132,0.5046766169154228,67,"[{""feature"": ""total_bytes_received"", ""value"": 8320.0, ""empirical_anomaly_score"": 0.92, ""median"": 27443.5, ""mad"": 7628.0}, {""feature"": ""observations_per_tx"", ""value"": 1.0, ""empirical_anomaly_score"": 0.896667, ""median"": 1.3333333333333333, ""mad"": 0.12470862470862476}, {""feature"": ""total_bytes_sent"", ""value"": 8917.0, ""empirical_anomaly_score"": 0.893333, ""median"": 26209.0, ""mad"": 6955.5}, {""feature"": ""unique_src_ports"", ""value"": 4.0, ""empirical_anomaly_score"": 0.886667, ""median"": 10.0, ""mad"": 2.0}, {""feature"": ""observation_count"", ""value"": 4.0, ""empirical_anomaly_score"": 0.886667, ""median"": 10.0, ""mad"": 2.0}]"
W000133,0.38427860696517413,67,"[{""feature"": ""outbound_ratio"", ""value"": 0.6357111278703872, ""empirical_anomaly_score"": 0.986667, ""median"": 0.49578352067974074, ""mad"": 0.036769728818191294}, {""feature"": ""inbound_ratio"", ""value"": 0.36428887212961275, ""empirical_anomaly_score"": 0.96, ""median"": 0.5012310997322463, ""mad"": 0.03701682209852983}, {""feature"": ""std_latency_ms"", ""value"": 13.576941236277534, ""empirical_anomaly_score"": 0.94, ""median"": 27.157299680854067, ""mad"": 6.180389164041724}, {""feature"": ""last_seen"", ""value"": 1780263405000000, ""empirical_anomaly_score"": 0.883333, ""median"": 1780159499500000.0, ""mad"": 85878500000.0}, {""feature"": ""in_degree"", ""value"": 13, ""empirical_anomaly_score"": 0.853333, ""median"": 9.0, ""mad"": 2.0}]"
W000134,0.4007960199004975,67,"[{""feature"": ""std_sent_sats"", ""value"": 681030734.8019737, ""empirical_anomaly_score"": 0.993333, ""median"": 62620235.30358499, ""mad"": 25332748.176178508}, {""feature"": ""max_sent_sats"", ""value"": 1877814837.0, ""empirical_anomaly_score"": 0.993333, ""median"": 196370893.0, ""mad"": 80988886.0}, {""feature"": ""total_sent_sats"", ""value"": 2418821661.0, ""empirical_anomaly_score"": 0.993333, ""median"": 649067921.5, ""mad"": 231164563.0}, {""feature"": ""two_hop_neighbor_count"", ""value"": 117, ""empirical_anomaly_score"": 0.97, ""median"": 62.0, ""mad"": 14.0}, {""feature"": ""out_degree"", ""value"": 17, ""empirical_anomaly_score"": 0.96, ""median"": 8.0, ""mad"": 2.0}]"
W000135,0.48194029850746256,67,"[{""feature"": ""median_sent_sats"", ""value"": 139361269.0, ""empirical_anomaly_score"": 0.96, ""median"": 47216227.0, ""mad"": 12436673.0}, {""feature"": ""std_sent_sats"", ""value"": 233065380.9578545, ""empirical_anomaly_score"": 0.926667, ""median"": 62620235.30358499, ""mad"": 25332748.176178508}, {""feature"": ""avg_inter_tx_seconds"", ""value"": 243622.4, ""empirical_anomaly_score"": 0.926667, ""median"": 153303.0358974359, ""mad"": 25534.33560503825}, {""feature"": ""transaction_velocity"", ""value"": 4.5151841538380705e-06, ""empirical_anomaly_score"": 0.92, ""median"": 6.95631189636602e-06, ""mad"": 1.0534693895728903e-06}, {""feature"": ""avg_sent_sats"", ""value"": 192171073.8, ""empirical_anomaly_score"": 0.92, ""median"": 69916518.99545455, ""mad"": 18204736.1}]"
W000136,0.4719900497512437,67,"[{""feature"": ""avg_network_tx_time_difference"", ""value"": 4.0, ""empirical_anomaly_score"": 1.0, ""median"": 2.0, ""mad"": 0.33333333333333326}, {""feature"": ""min_network_tx_time_difference"", ""value"": 4.0, ""empirical_anomaly_score"": 1.0, ""median"": 0.0, ""mad"": 0.0}, {""feature"": ""rapid_hop_count"", ""value"": 0.0, ""empirical_anomaly_score"": 0.966667, ""median"": 4.0, ""mad"": 1.0}, {""feature"": ""first_seen"", ""value"": 1778716034000000, ""empirical_anomaly_score"": 0.953333, ""median"": 1777705462000000.0, ""mad"": 87469000000.0}, {""feature"": ""in_degree"", ""value"": 3, ""empirical_anomaly_score"": 0.93, ""median"": 9.0, ""mad"": 2.0}]"
W000137,0.3670149253731343,67,"[{""feature"": ""in_degree"", ""value"": 13, ""empirical_anomaly_score"": 0.853333, ""median"": 9.0, ""mad"": 2.0}, {""feature"": ""outgoing_tx_count"", ""value"": 13.0, ""empirical_anomaly_score"": 0.846667, ""median"": 9.0, ""mad"": 2.0}, {""feature"": ""weighted_in_degree"", ""value"": 13.0, ""empirical_anomaly_score"": 0.833333, ""median"": 9.0, ""mad"": 2.0}, {""feature"": ""rapid_hop_count"", ""value"": 7.0, ""empirical_anomaly_score"": 0.816667, ""median"": 4.0, ""mad"": 1.0}, {""feature"": ""avg_sent_sats"", ""value"": 42697854.92307692, ""empirical_anomaly_score"": 0.766667, ""median"": 69916518.99545455, ""mad"": 18204736.1}]"
W000138,0.5079601990049752,67,"[{""feature"": ""avg_outputs_per_tx"", ""value"": 2.0, ""empirical_anomaly_score"": 1.0, ""median"": 1.3125, ""mad"": 0.13068181818181812}, {""feature"": ""two_hop_neighbor_count"", ""value"": 117, ""empirical_anomaly_score"": 0.97, ""median"": 62.0, ""mad"": 14.0}, {""feature"": ""std_latency_ms"", ""value"": 52.486562906274266, ""empirical_anomaly_score"": 0.966667, ""median"": 27.157299680854067, ""mad"": 6.180389164041724}, {""feature"": ""tx_count"", ""value"": 14.0, ""empirical_anomaly_score"": 0.956667, ""median"": 8.0, ""mad"": 2.0}, {""feature"": ""incoming_tx_count"", ""value"": 14.0, ""empirical_anomaly_score"": 0.956667, ""median"": 8.0, ""mad"": 2.0}]"
W000139,0.3843283582089552,67,"[{""feature"": ""inbound_ratio"", ""value"": 0.6273082668531291, ""empirical_anomaly_score"": 0.98, ""median"": 0.5012310997322463, ""mad"": 0.03701682209852983}, {""feature"": ""outbound_ratio"", ""value"": 0.37269173314687093, ""empirical_anomaly_score"": 0.953333, ""median"": 0.49578352067974074, ""mad"": 0.036769728818191294}, {""feature"": ""unique_countries"", ""value"": 6.0, ""empirical_anomaly_score"": 0.936667, ""median"": 4.0, ""mad"": 1.0}, {""feature"": ""std_sent_sats"", ""value"": 16191534.254897239, ""empirical_anomaly_score"": 0.926667, ""median"": 62620235.30358499, ""mad"": 25332748.176178508}, {""feature"": ""median_received_sats"", ""value"": 25535460.0, ""empirical_anomaly_score"": 0.906667, ""median"": 54845191.75, ""mad"": 14310899.0}]"
W000140,0.3341293532338308,67,"[{""feature"": ""active_duration_seconds"", ""value"": 2644590.0, ""empirical_anomaly_score"": 0.926667, ""median"": 2407787.5, ""mad"": 132459.5}, {""feature"": ""median_latency_ms"", ""value"": 75.0, ""empirical_anomaly_score"": 0.823333, ""median"": 59.25, ""mad"": 7.25}, {""feature"": ""last_seen"", ""value"": 1780253304000000, ""empirical_anomaly_score"": 0.776667, ""median"": 1780159499500000.0, ""mad"": 85878500000.0}, {""feature"": ""first_seen"", ""value"": 1777608714000000, ""empirical_anomaly_score"": 0.753333, ""median"": 1777705462000000.0, ""mad"": 87469000000.0}, {""feature"": ""in_degree"", ""value"": 12, ""empirical_anomaly_score"": 0.743333, ""median"": 9.0, ""mad"": 2.0}]"
W000141,0.35338308457711465,67,"[{""feature"": ""std_received_sats"", ""value"": 21625075.67625624, ""empirical_anomaly_score"": 0.846667, ""median"": 64972630.65674827, ""mad"": 28418197.62883212}, {""feature"": ""median_latency_ms"", ""value"": 75.0, ""empirical_anomaly_score"": 0.823333, ""median"": 59.25, ""mad"": 7.25}, {""feature"": ""median_sent_sats"", ""value"": 26393435.5, ""empirical_anomaly_score"": 0.786667, ""median"": 47216227.0, ""mad"": 12436673.0}, {""feature"": ""avg_sent_sats"", ""value"": 42953101.2, ""empirical_anomaly_score"": 0.76, ""median"": 69916518.99545455, ""mad"": 18204736.1}, {""feature"": ""betweenness_centrality"", ""value"": 0.010625721378134044, ""empirical_anomaly_score"": 0.746667, ""median"": 0.006049457042989186, ""mad"": 0.002196104480818523}]"
W000142,0.4859701492537314,67,"[{""feature"": ""outgoing_tx_count"", ""value"": 15.0, ""empirical_anomaly_score"": 0.96, ""median"": 9.0, ""mad"": 2.0}, {""feature"": ""weighted_in_degree"", ""value"": 15.0, ""empirical_anomaly_score"": 0.956667, ""median"": 9.0, ""mad"": 2.0}, {""feature"": ""pagerank"", ""value"": 0.005741465739053408, ""empirical_anomaly_score"": 0.953333, ""median"": 0.0031838564235762224, ""mad"": 0.0007468073772566048}, {""feature"": ""unique_src_ips"", ""value"": 3.0, ""empirical_anomaly_score"": 0.953333, ""median"": 1.0, ""mad"": 0.0}, {""feature"": ""country_entropy"", ""value"": 2.1516634398569803, ""empirical_anomaly_score"": 0.94, ""median"": 1.6804820237218405, ""mad"": 0.2119586677656532}]"
W000143,0.4569651741293532,67,"[{""feature"": ""active_duration_seconds"", ""value"": 1626504.0, ""empirical_anomaly_score"": 0.913333, ""median"": 2407787.5, ""mad"": 132459.5}, {""feature"": ""degree"", ""value"": 10, ""empirical_anomaly_score"": 0.9, ""median"": 17.0, ""mad"": 3.0}, {""feature"": ""weighted_degree"", ""value"": 10.0, ""empirical_anomaly_score"": 0.9, ""median"": 17.5, ""mad"": 3.5}, {""feature"": ""betweenness_centrality"", ""value"": 0.0021603499063637646, ""empirical_anomaly_score"": 0.873333, ""median"": 0.006049457042989186, ""mad"": 0.002196104480818523}, {""feature"": ""first_seen"", ""value"": 1778040200000000, ""empirical_anomaly_score"": 0.866667, ""median"": 1777705462000000.0, ""mad"": 87469000000.0}]"
W000144,0.46905472636815915,67,"[{""feature"": ""active_duration_seconds"", ""value"": 2668240.0, ""empirical_anomaly_score"": 1.0, ""median"": 2407787.5, ""mad"": 132459.5}, {""feature"": ""first_seen"", ""value"": 1777593851000000, ""empirical_anomaly_score"": 0.983333, ""median"": 1777705462000000.0, ""mad"": 87469000000.0}, {""feature"": ""total_sent_sats"", ""value"": 166643081.0, ""empirical_anomaly_score"": 0.946667, ""median"": 649067921.5, ""mad"": 231164563.0}, {""feature"": ""pagerank"", ""value"": 0.001525032023322873, ""empirical_anomaly_score"": 0.933333, ""median"": 0.0031838564235762224, ""mad"": 0.0007468073772566048}, {""feature"": ""max_sent_sats"", ""value"": 65792759.0, ""empirical_anomaly_score"": 0.933333, ""median"": 196370893.0, ""mad"": 80988886.0}]"
W000145,0.41278606965174136,67,"[{""feature"": ""median_latency_ms"", ""value"": 77.0, ""empirical_anomaly_score"": 0.863333, ""median"": 59.25, ""mad"": 7.25}, {""feature"": ""avg_received_sats"", ""value"": 145168663.85714287, ""empirical_anomaly_score"": 0.806667, ""median"": 80830302.69444445, ""mad"": 23241519.925}, {""feature"": ""outbound_ratio"", ""value"": 0.5759634835831734, ""empirical_anomaly_score"": 0.806667, ""median"": 0.49578352067974074, ""mad"": 0.036769728818191294}, {""feature"": ""inbound_ratio"", ""value"": 0.4240365164168266, ""empirical_anomaly_score"": 0.78, ""median"": 0.5012310997322463, ""mad"": 0.03701682209852983}, {""feature"": ""median_inter_tx_seconds"", ""value"": 165810.5, ""empirical_anomaly_score"": 0.76, ""median"": 110529.75, ""mad"": 26467.25}]"
W000146,0.42880597014925376,67,"[{""feature"": ""median_received_sats"", ""value"": 16926623.0, ""empirical_anomaly_score"": 0.966667, ""median"": 54845191.75, ""mad"": 14310899.0}, {""feature"": ""unique_src_ips"", ""value"": 3.0, ""empirical_anomaly_score"": 0.953333, ""median"": 1.0, ""mad"": 0.0}, {""feature"": ""asn_entropy"", ""value"": 3.1037016960573482, ""empirical_anomaly_score"": 0.953333, ""median"": 2.375, ""mad"": 0.25}, {""feature"": ""country_entropy"", ""value"": 2.147730922119161, ""empirical_anomaly_score"": 0.933333, ""median"": 1.6804820237218405, ""mad"": 0.2119586677656532}, {""feature"": ""outbound_ratio"", ""value"": 0.5833426391215336, ""empirical_anomaly_score"": 0.873333, ""median"": 0.49578352067974074, ""mad"": 0.036769728818191294}]"
W000147,0.5501990049751245,67,"[{""feature"": ""country_entropy"", ""value"": -0.0, ""empirical_anomaly_score"": 0.983333, ""median"": 1.6804820237218405, ""mad"": 0.2119586677656532}, {""feature"": ""unique_countries"", ""value"": 1.0, ""empirical_anomaly_score"": 0.973333, ""median"": 4.0, ""mad"": 1.0}, {""feature"": ""observation_count"", ""value"": 2.0, ""empirical_anomaly_score"": 0.963333, ""median"": 10.0, ""mad"": 2.0}, {""feature"": ""unique_src_ports"", ""value"": 2.0, ""empirical_anomaly_score"": 0.963333, ""median"": 10.0, ""mad"": 2.0}, {""feature"": ""total_bytes_sent"", ""value"": 5476.0, ""empirical_anomaly_score"": 0.953333, ""median"": 26209.0, ""mad"": 6955.5}]"
W000148,0.5240796019900497,67,"[{""feature"": ""avg_inter_tx_seconds"", ""value"": 249705.5, ""empirical_anomaly_score"": 0.946667, ""median"": 153303.0358974359, ""mad"": 25534.33560503825}, {""feature"": ""transaction_velocity"", ""value"": 4.405189313010726e-06, ""empirical_anomaly_score"": 0.933333, ""median"": 6.95631189636602e-06, ""mad"": 1.0534693895728903e-06}, {""feature"": ""first_seen"", ""value"": 1777597664000000, ""empirical_anomaly_score"": 0.93, ""median"": 1777705462000000.0, ""mad"": 87469000000.0}, {""feature"": ""avg_network_tx_time_difference"", ""value"": 1.0, ""empirical_anomaly_score"": 0.926667, ""median"": 2.0, ""mad"": 0.33333333333333326}, {""feature"": ""betweenness_centrality"", ""value"": 0.002077333860945108, ""empirical_anomaly_score"": 0.906667, ""median"": 0.006049457042989186, ""mad"": 0.002196104480818523}]"
W000149,0.4831343283582089,67,"[{""feature"": ""tx_count"", ""value"": 16.0, ""empirical_anomaly_score"": 0.986667, ""median"": 8.0, ""mad"": 2.0}, {""feature"": ""incoming_tx_count"", ""value"": 16.0, ""empirical_anomaly_score"": 0.986667, ""median"": 8.0, ""mad"": 2.0}, {""feature"": ""weighted_out_degree"", ""value"": 18.0, ""empirical_anomaly_score"": 0.973333, ""median"": 8.0, ""mad"": 2.0}, {""feature"": ""out_degree"", ""value"": 17, ""empirical_anomaly_score"": 0.96, ""median"": 8.0, ""mad"": 2.0}, {""feature"": ""weighted_degree"", ""value"": 26.0, ""empirical_anomaly_score"": 0.92, ""median"": 17.5, ""mad"": 3.5}]"
W000150,0.4267661691542289,67,"[{""feature"": ""two_hop_neighbor_count"", ""value"": 111, ""empirical_anomaly_score"": 0.946667, ""median"": 62.0, ""mad"": 14.0}, {""feature"": ""unique_countries"", ""value"": 6.0, ""empirical_anomaly_score"": 0.936667, ""median"": 4.0, ""mad"": 1.0}, {""feature"": ""total_bytes_sent"", ""value"": 53308.0, ""empirical_anomaly_score"": 0.933333, ""median"": 26209.0, ""mad"": 6955.5}, {""feature"": ""min_inter_tx_seconds"", ""value"": 201.0, ""empirical_anomaly_score"": 0.92, ""median"": 7857.0, ""mad"": 5137.5}, {""feature"": ""outbound_ratio"", ""value"": 0.601283598587816, ""empirical_anomaly_score"": 0.92, ""median"": 0.49578352067974074, ""mad"": 0.036769728818191294}]"
W000151,0.4861691542288556,67,"[{""feature"": ""degree"", ""value"": 33, ""empirical_anomaly_score"": 1.0, ""median"": 17.0, ""mad"": 3.0}, {""feature"": ""weighted_degree"", ""value"": 34.0, ""empirical_anomaly_score"": 1.0, ""median"": 17.5, ""mad"": 3.5}, {""feature"": ""two_hop_neighbor_count"", ""value"": 128, ""empirical_anomaly_score"": 1.0, ""median"": 62.0, ""mad"": 14.0}, {""feature"": ""weighted_out_degree"", ""value"": 24.0, ""empirical_anomaly_score"": 1.0, ""median"": 8.0, ""mad"": 2.0}, {""feature"": ""out_degree"", ""value"": 23, ""empirical_anomaly_score"": 1.0, ""median"": 8.0, ""mad"": 2.0}]"
W000152,0.40611940298507465,67,"[{""feature"": ""country_entropy"", ""value"": 2.297718626155277, ""empirical_anomaly_score"": 1.0, ""median"": 1.6804820237218405, ""mad"": 0.2119586677656532}, {""feature"": ""unique_countries"", ""value"": 6.0, ""empirical_anomaly_score"": 0.936667, ""median"": 4.0, ""mad"": 1.0}, {""feature"": ""total_sent_sats"", ""value"": 1298100083.0, ""empirical_anomaly_score"": 0.893333, ""median"": 649067921.5, ""mad"": 231164563.0}, {""feature"": ""max_outputs_per_tx"", ""value"": 1.0, ""empirical_anomaly_score"": 0.88, ""median"": 2.0, ""mad"": 0.0}, {""feature"": ""avg_outputs_per_tx"", ""value"": 1.0, ""empirical_anomaly_score"": 0.88, ""median"": 1.3125, ""mad"": 0.13068181818181812}]"
W000153,0.41248756218905486,67,"[{""feature"": ""rapid_hop_count"", ""value"": 9.0, ""empirical_anomaly_score"": 0.936667, ""median"": 4.0, ""mad"": 1.0}, {""feature"": ""shared_asn_wallet_count"", ""value"": 43.0, ""empirical_anomaly_score"": 0.846667, ""median"": 49.0, ""mad"": 4.0}, {""feature"": ""shared_ip_wallet_count"", ""value"": 43.0, ""empirical_anomaly_score"": 0.846667, ""median"": 49.0, ""mad"": 4.0}, {""feature"": ""asn_entropy"", ""value"": 2.96265904868606, ""empirical_anomaly_score"": 0.843333, ""median"": 2.375, ""mad"": 0.25}, {""feature"": ""clustering_coefficient"", ""value"": 0.08791208791208792, ""empirical_anomaly_score"": 0.8, ""median"": 0.05514051166225079, ""mad"": 0.0137987012987013}]"
W000154,0.48855721393034807,67,"[{""feature"": ""median_latency_ms"", ""value"": 42.0, ""empirical_anomaly_score"": 0.923333, ""median"": 59.25, ""mad"": 7.25}, {""feature"": ""degree"", ""value"": 25, ""empirical_anomaly_score"": 0.916667, ""median"": 17.0, ""mad"": 3.0}, {""feature"": ""total_sent_sats"", ""value"": 1316483389.0, ""empirical_anomaly_score"": 0.906667, ""median"": 649067921.5, ""mad"": 231164563.0}, {""feature"": ""burstiness"", ""value"": 0.13520912063850415, ""empirical_anomaly_score"": 0.893333, ""median"": -0.028558963606097724, ""mad"": 0.06469384018309376}, {""feature"": ""weighted_degree"", ""value"": 25.0, ""empirical_anomaly_score"": 0.876667, ""median"": 17.5, ""mad"": 3.5}]"
W000155,0.46069651741293544,67,"[{""feature"": ""std_inter_tx_seconds"", ""value"": 274258.6221876584, ""empirical_anomaly_score"": 0.946667, ""median"": 145117.80484766472, ""mad"": 30005.163051601456}, {""feature"": ""median_latency_ms"", ""value"": 84.5, ""empirical_anomaly_score"": 0.946667, ""median"": 59.25, ""mad"": 7.25}, {""feature"": ""burstiness"", ""value"": 0.13744526267530047, ""empirical_anomaly_score"": 0.906667, ""median"": -0.028558963606097724, ""mad"": 0.06469384018309376}, {""feature"": ""total_sent_sats"", ""value"": 190118546.0, ""empirical_anomaly_score"": 0.906667, ""median"": 649067921.5, ""mad"": 231164563.0}, {""feature"": ""max_sent_sats"", ""value"": 80765553.0, ""empirical_anomaly_score"": 0.86, ""median"": 196370893.0, ""mad"": 80988886.0}]"
W000156,0.3006467661691542,67,"[{""feature"": ""rapid_hop_count"", ""value"": 1.0, ""empirical_anomaly_score"": 0.863333, ""median"": 4.0, ""mad"": 1.0}, {""feature"": ""avg_network_tx_time_difference"", ""value"": 2.6666666666666665, ""empirical_anomaly_score"": 0.85, ""median"": 2.0, ""mad"": 0.33333333333333326}, {""feature"": ""std_received_sats"", ""value"": 26642369.83258269, ""empirical_anomaly_score"": 0.793333, ""median"": 64972630.65674827, ""mad"": 28418197.62883212}, {""feature"": ""max_received_sats"", ""value"": 95772230.0, ""empirical_anomaly_score"": 0.78, ""median"": 196990782.5, ""mad"": 81473984.0}, {""feature"": ""avg_received_sats"", ""value"": 51538386.625, ""empirical_anomaly_score"": 0.76, ""median"": 80830302.69444445, ""mad"": 23241519.925}]"
W000157,0.32273631840796024,67,"[{""feature"": ""clustering_coefficient"", ""value"": 0.10294117647058823, ""empirical_anomaly_score"": 0.936667, ""median"": 0.05514051166225079, ""mad"": 0.0137987012987013}, {""feature"": ""two_hop_neighbor_count"", ""value"": 99, ""empirical_anomaly_score"": 0.84, ""median"": 62.0, ""mad"": 14.0}, {""feature"": ""median_latency_ms"", ""value"": 47.0, ""empirical_anomaly_score"": 0.83, ""median"": 59.25, ""mad"": 7.25}, {""feature"": ""in_out_ratio"", ""value"": 2.512029304423377, ""empirical_anomaly_score"": 0.773333, ""median"": 0.9459241289194119, ""mad"": 0.42671851574922676}, {""feature"": ""mean_latency_ms"", ""value"": 53.3, ""empirical_anomaly_score"": 0.76, ""median"": 65.55, ""mad"": 6.928571428571427}]"
W000158,0.5828358208955221,67,"[{""feature"": ""clustering_coefficient"", ""value"": 0.13333333333333333, ""empirical_anomaly_score"": 0.996667, ""median"": 0.05514051166225079, ""mad"": 0.0137987012987013}, {""feature"": ""betweenness_centrality"", ""value"": 0.00053581644681706, ""empirical_anomaly_score"": 0.986667, ""median"": 0.006049457042989186, ""mad"": 0.002196104480818523}, {""feature"": ""total_received_sats"", ""value"": 98640310.0, ""empirical_anomaly_score"": 0.98, ""median"": 599711820.5, ""mad"": 223846575.0}, {""feature"": ""min_network_tx_time_difference"", ""value"": 2.0, ""empirical_anomaly_score"": 0.98, ""median"": 0.0, ""mad"": 0.0}, {""feature"": ""out_degree"", ""value"": 1, ""empirical_anomaly_score"": 0.973333, ""median"": 8.0, ""mad"": 2.0}]"
W000159,0.45751243781094525,67,"[{""feature"": ""tx_count"", ""value"": 13.0, ""empirical_anomaly_score"": 0.92, ""median"": 8.0, ""mad"": 2.0}, {""feature"": ""incoming_tx_count"", ""value"": 13.0, ""empirical_anomaly_score"": 0.92, ""median"": 8.0, ""mad"": 2.0}, {""feature"": ""weighted_degree"", ""value"": 26.0, ""empirical_anomaly_score"": 0.92, ""median"": 17.5, ""mad"": 3.5}, {""feature"": ""total_bytes_received"", ""value"": 50077.0, ""empirical_anomaly_score"": 0.92, ""median"": 27443.5, ""mad"": 7628.0}, {""feature"": ""weighted_out_degree"", ""value"": 16.0, ""empirical_anomaly_score"": 0.916667, ""median"": 8.0, ""mad"": 2.0}]"
W000160,0.36736318407960195,67,"[{""feature"": ""observations_per_tx"", ""value"": 1.0, ""empirical_anomaly_score"": 0.896667, ""median"": 1.3333333333333333, ""mad"": 0.12470862470862476}, {""feature"": ""std_latency_ms"", ""value"": 15.757537878742351, ""empirical_anomaly_score"": 0.853333, ""median"": 27.157299680854067, ""mad"": 6.180389164041724}, {""feature"": ""first_seen"", ""value"": 1777999164000000, ""empirical_anomaly_score"": 0.833333, ""median"": 1777705462000000.0, ""mad"": 87469000000.0}, {""feature"": ""min_inter_tx_seconds"", ""value"": 27432.0, ""empirical_anomaly_score"": 0.826667, ""median"": 7857.0, ""mad"": 5137.5}, {""feature"": ""outbound_ratio"", ""value"": 0.5675969882979045, ""empirical_anomaly_score"": 0.766667, ""median"": 0.49578352067974074, ""mad"": 0.036769728818191294}]"
W000161,0.4797512437810944,67,"[{""feature"": ""max_received_sats"", ""value"": 43334697.0, ""empirical_anomaly_score"": 0.98, ""median"": 196990782.5, ""mad"": 81473984.0}, {""feature"": ""avg_received_sats"", ""value"": 30374436.75, ""empirical_anomaly_score"": 0.966667, ""median"": 80830302.69444445, ""mad"": 23241519.925}, {""feature"": ""total_received_sats"", ""value"": 121497747.0, ""empirical_anomaly_score"": 0.966667, ""median"": 599711820.5, ""mad"": 223846575.0}, {""feature"": ""in_out_ratio"", ""value"": 0.14840526679366942, ""empirical_anomaly_score"": 0.96, ""median"": 0.9459241289194119, ""mad"": 0.42671851574922676}, {""feature"": ""country_entropy"", ""value"": 0.9463729359854419, ""empirical_anomaly_score"": 0.906667, ""median"": 1.6804820237218405, ""mad"": 0.2119586677656532}]"
W000162,0.42273631840796033,67,"[{""feature"": ""clustering_coefficient"", ""value"": 0.12087912087912088, ""empirical_anomaly_score"": 0.98, ""median"": 0.05514051166225079, ""mad"": 0.0137987012987013}, {""feature"": ""inbound_ratio"", ""value"": 0.6239030944283495, ""empirical_anomaly_score"": 0.973333, ""median"": 0.5012310997322463, ""mad"": 0.03701682209852983}, {""feature"": ""outbound_ratio"", ""value"": 0.3760969055716505, ""empirical_anomaly_score"": 0.946667, ""median"": 0.49578352067974074, ""mad"": 0.036769728818191294}, {""feature"": ""shared_ip_wallet_count"", ""value"": 42.0, ""empirical_anomaly_score"": 0.92, ""median"": 49.0, ""mad"": 4.0}, {""feature"": ""shared_asn_wallet_count"", ""value"": 42.0, ""empirical_anomaly_score"": 0.92, ""median"": 49.0, ""mad"": 4.0}]"
W000163,0.5004477611940299,67,"[{""feature"": ""burstiness"", ""value"": 0.23767762188956473, ""empirical_anomaly_score"": 0.993333, ""median"": -0.028558963606097724, ""mad"": 0.06469384018309376}, {""feature"": ""community_id"", ""value"": 5, ""empirical_anomaly_score"": 0.983333, ""median"": 1.5, ""mad"": 1.5}, {""feature"": ""community_size"", ""value"": 4, ""empirical_anomaly_score"": 0.976667, ""median"": 72.0, ""mad"": 4.0}, {""feature"": ""unique_network_types"", ""value"": 5.0, ""empirical_anomaly_score"": 0.953333, ""median"": 3.0, ""mad"": 1.0}, {""feature"": ""max_sent_sats"", ""value"": 706893260.0, ""empirical_anomaly_score"": 0.946667, ""median"": 196370893.0, ""mad"": 80988886.0}]"
W000164,0.45477611940298507,67,"[{""feature"": ""burstiness"", ""value"": -0.280284097154048, ""empirical_anomaly_score"": 0.973333, ""median"": -0.028558963606097724, ""mad"": 0.06469384018309376}, {""feature"": ""median_inter_tx_seconds"", ""value"": 221163.0, ""empirical_anomaly_score"": 0.966667, ""median"": 110529.75, ""mad"": 26467.25}, {""feature"": ""community_id"", ""value"": 4, ""empirical_anomaly_score"": 0.92, ""median"": 1.5, ""mad"": 1.5}, {""feature"": ""community_size"", ""value"": 15, ""empirical_anomaly_score"": 0.913333, ""median"": 72.0, ""mad"": 4.0}, {""feature"": ""min_inter_tx_seconds"", ""value"": 38701.0, ""empirical_anomaly_score"": 0.886667, ""median"": 7857.0, ""mad"": 5137.5}]"
W000165,0.46945273631840784,67,"[{""feature"": ""burstiness"", ""value"": -0.28298909098389624, ""empirical_anomaly_score"": 0.98, ""median"": -0.028558963606097724, ""mad"": 0.06469384018309376}, {""feature"": ""avg_outputs_per_tx"", ""value"": 1.8571428571428572, ""empirical_anomaly_score"": 0.966667, ""median"": 1.3125, ""mad"": 0.13068181818181812}, {""feature"": ""avg_sent_sats"", ""value"": 28086683.714285713, ""empirical_anomaly_score"": 0.96, ""median"": 69916518.99545455, ""mad"": 18204736.1}, {""feature"": ""max_sent_sats"", ""value"": 62917209.0, ""empirical_anomaly_score"": 0.953333, ""median"": 196370893.0, ""mad"": 80988886.0}, {""feature"": ""min_inter_tx_seconds"", ""value"": 48496.0, ""empirical_anomaly_score"": 0.946667, ""median"": 7857.0, ""mad"": 5137.5}]"
W000166,0.46766169154228854,67,"[{""feature"": ""tx_count"", ""value"": 16.0, ""empirical_anomaly_score"": 0.986667, ""median"": 8.0, ""mad"": 2.0}, {""feature"": ""incoming_tx_count"", ""value"": 16.0, ""empirical_anomaly_score"": 0.986667, ""median"": 8.0, ""mad"": 2.0}, {""feature"": ""out_degree"", ""value"": 18, ""empirical_anomaly_score"": 0.98, ""median"": 8.0, ""mad"": 2.0}, {""feature"": ""two_hop_neighbor_count"", ""value"": 121, ""empirical_anomaly_score"": 0.98, ""median"": 62.0, ""mad"": 14.0}, {""feature"": ""weighted_out_degree"", ""value"": 18.0, ""empirical_anomaly_score"": 0.973333, ""median"": 8.0, ""mad"": 2.0}]"
W000167,0.36228855721393044,67,"[{""feature"": ""inbound_ratio"", ""value"": 0.6119336714654098, ""empirical_anomaly_score"": 0.966667, ""median"": 0.5012310997322463, ""mad"": 0.03701682209852983}, {""feature"": ""outbound_ratio"", ""value"": 0.3880663285345902, ""empirical_anomaly_score"": 0.94, ""median"": 0.49578352067974074, ""mad"": 0.036769728818191294}, {""feature"": ""shared_ip_wallet_count"", ""value"": 42.0, ""empirical_anomaly_score"": 0.92, ""median"": 49.0, ""mad"": 4.0}, {""feature"": ""shared_asn_wallet_count"", ""value"": 42.0, ""empirical_anomaly_score"": 0.92, ""median"": 49.0, ""mad"": 4.0}, {""feature"": ""mean_latency_ms"", ""value"": 50.27272727272727, ""empirical_anomaly_score"": 0.873333, ""median"": 65.55, ""mad"": 6.928571428571427}]"
W000168,0.4332835820895524,67,"[{""feature"": ""first_seen"", ""value"": 1778114082000000, ""empirical_anomaly_score"": 0.913333, ""median"": 1777705462000000.0, ""mad"": 87469000000.0}, {""feature"": ""country_entropy"", ""value"": 2.1125853906355427, ""empirical_anomaly_score"": 0.903333, ""median"": 1.6804820237218405, ""mad"": 0.2119586677656532}, {""feature"": ""avg_outputs_per_tx"", ""value"": 1.0, ""empirical_anomaly_score"": 0.88, ""median"": 1.3125, ""mad"": 0.13068181818181812}, {""feature"": ""max_outputs_per_tx"", ""value"": 1.0, ""empirical_anomaly_score"": 0.88, ""median"": 2.0, ""mad"": 0.0}, {""feature"": ""median_sent_sats"", ""value"": 83496343.0, ""empirical_anomaly_score"": 0.806667, ""median"": 47216227.0, ""mad"": 12436673.0}]"
W000169,0.4473134328358208,67,"[{""feature"": ""std_sent_sats"", ""value"": 374515773.59784037, ""empirical_anomaly_score"": 0.98, ""median"": 62620235.30358499, ""mad"": 25332748.176178508}, {""feature"": ""total_sent_sats"", ""value"": 1771239932.0, ""empirical_anomaly_score"": 0.966667, ""median"": 649067921.5, ""mad"": 231164563.0}, {""feature"": ""max_sent_sats"", ""value"": 819106656.0, ""empirical_anomaly_score"": 0.966667, ""median"": 196370893.0, ""mad"": 80988886.0}, {""feature"": ""avg_sent_sats"", ""value"": 295206655.3333333, ""empirical_anomaly_score"": 0.946667, ""median"": 69916518.99545455, ""mad"": 18204736.1}, {""feature"": ""median_sent_sats"", ""value"": 107026609.5, ""empirical_anomaly_score"": 0.94, ""median"": 47216227.0, ""mad"": 12436673.0}]"
W000170,0.39805970149253733,67,"[{""feature"": ""observation_count"", ""value"": 18.0, ""empirical_anomaly_score"": 0.91, ""median"": 10.0, ""mad"": 2.0}, {""feature"": ""unique_src_ports"", ""value"": 18.0, ""empirical_anomaly_score"": 0.91, ""median"": 10.0, ""mad"": 2.0}, {""feature"": ""total_bytes_received"", ""value"": 49256.0, ""empirical_anomaly_score"": 0.9, ""median"": 27443.5, ""mad"": 7628.0}, {""feature"": ""std_inter_tx_seconds"", ""value"": 92307.19848694009, ""empirical_anomaly_score"": 0.86, ""median"": 145117.80484766472, ""mad"": 30005.163051601456}, {""feature"": ""first_seen"", ""value"": 1778002733000000, ""empirical_anomaly_score"": 0.84, ""median"": 1777705462000000.0, ""mad"": 87469000000.0}]"
W000171,0.3828358208955223,67,"[{""feature"": ""min_inter_tx_seconds"", ""value"": 70043.0, ""empirical_anomaly_score"": 0.986667, ""median"": 7857.0, ""mad"": 5137.5}, {""feature"": ""last_seen"", ""value"": 1780269333000000, ""empirical_anomaly_score"": 0.973333, ""median"": 1780159499500000.0, ""mad"": 85878500000.0}, {""feature"": ""burstiness"", ""value"": -0.24762199967320025, ""empirical_anomaly_score"": 0.953333, ""median"": -0.028558963606097724, ""mad"": 0.06469384018309376}, {""feature"": ""std_inter_tx_seconds"", ""value"": 88020.7572244711, ""empirical_anomaly_score"": 0.893333, ""median"": 145117.80484766472, ""mad"": 30005.163051601456}, {""feature"": ""median_sent_sats"", ""value"": 95490517.0, ""empirical_anomaly_score"": 0.88, ""median"": 47216227.0, ""mad"": 12436673.0}]"
W000172,0.33800995024875613,67,"[{""feature"": ""median_received_sats"", ""value"": 153554907.0, ""empirical_anomaly_score"": 0.933333, ""median"": 54845191.75, ""mad"": 14310899.0}, {""feature"": ""std_latency_ms"", ""value"": 14.071642090072897, ""empirical_anomaly_score"": 0.92, ""median"": 27.157299680854067, ""mad"": 6.180389164041724}, {""feature"": ""avg_received_sats"", ""value"": 193289853.2, ""empirical_anomaly_score"": 0.906667, ""median"": 80830302.69444445, ""mad"": 23241519.925}, {""feature"": ""clustering_coefficient"", ""value"": 0.025, ""empirical_anomaly_score"": 0.846667, ""median"": 0.05514051166225079, ""mad"": 0.0137987012987013}, {""feature"": ""median_inter_tx_seconds"", ""value"": 61518.5, ""empirical_anomaly_score"": 0.84, ""median"": 110529.75, ""mad"": 26467.25}]"
W000173,0.34233830845771146,67,"[{""feature"": ""burstiness"", ""value"": -0.2616509034209761, ""empirical_anomaly_score"": 0.966667, ""median"": -0.028558963606097724, ""mad"": 0.06469384018309376}, {""feature"": ""std_inter_tx_seconds"", ""value"": 74888.15772306333, ""empirical_anomaly_score"": 0.946667, ""median"": 145117.80484766472, ""mad"": 30005.163051601456}, {""feature"": ""avg_outputs_per_tx"", ""value"": 1.6363636363636365, ""empirical_anomaly_score"": 0.843333, ""median"": 1.3125, ""mad"": 0.13068181818181812}, {""feature"": ""last_seen"", ""value"": 1779782477000000, ""empirical_anomaly_score"": 0.826667, ""median"": 1780159499500000.0, ""mad"": 85878500000.0}, {""feature"": ""first_seen"", ""value"": 1777607075000000, ""empirical_anomaly_score"": 0.763333, ""median"": 1777705462000000.0, ""mad"": 87469000000.0}]"
W000174,0.2865174129353233,67,"[{""feature"": ""active_duration_seconds"", ""value"": 2623150.0, ""empirical_anomaly_score"": 0.853333, ""median"": 2407787.5, ""mad"": 132459.5}, {""feature"": ""mean_latency_ms"", ""value"": 51.55555555555556, ""empirical_anomaly_score"": 0.82, ""median"": 65.55, ""mad"": 6.928571428571427}, {""feature"": ""median_inter_tx_seconds"", ""value"": 65322.0, ""empirical_anomaly_score"": 0.8, ""median"": 110529.75, ""mad"": 26467.25}, {""feature"": ""first_seen"", ""value"": 1777607075000000, ""empirical_anomaly_score"": 0.763333, ""median"": 1777705462000000.0, ""mad"": 87469000000.0}, {""feature"": ""std_latency_ms"", ""value"": 17.671383018252357, ""empirical_anomaly_score"": 0.76, ""median"": 27.157299680854067, ""mad"": 6.180389164041724}]"
W000175,0.42298507462686563,67,"[{""feature"": ""std_inter_tx_seconds"", ""value"": 79987.25245187919, ""empirical_anomaly_score"": 0.933333, ""median"": 145117.80484766472, ""mad"": 30005.163051601456}, {""feature"": ""total_sent_sats"", ""value"": 1361179325.0, ""empirical_anomaly_score"": 0.92, ""median"": 649067921.5, ""mad"": 231164563.0}, {""feature"": ""min_inter_tx_seconds"", ""value"": 40479.0, ""empirical_anomaly_score"": 0.913333, ""median"": 7857.0, ""mad"": 5137.5}, {""feature"": ""burstiness"", ""value"": -0.19571183159003444, ""empirical_anomaly_score"": 0.893333, ""median"": -0.028558963606097724, ""mad"": 0.06469384018309376}, {""feature"": ""outbound_ratio"", ""value"": 0.5849623692698661, ""empirical_anomaly_score"": 0.886667, ""median"": 0.49578352067974074, ""mad"": 0.036769728818191294}]"
W000176,0.3423383084577114,67,"[{""feature"": ""max_received_sats"", ""value"": 819710752.0, ""empirical_anomaly_score"": 0.96, ""median"": 196990782.5, ""mad"": 81473984.0}, {""feature"": ""std_received_sats"", ""value"": 266745478.52151737, ""empirical_anomaly_score"": 0.953333, ""median"": 64972630.65674827, ""mad"": 28418197.62883212}, {""feature"": ""total_received_sats"", ""value"": 1490918934.0, ""empirical_anomaly_score"": 0.906667, ""median"": 599711820.5, ""mad"": 223846575.0}, {""feature"": ""avg_received_sats"", ""value"": 186364866.75, ""empirical_anomaly_score"": 0.9, ""median"": 80830302.69444445, ""mad"": 23241519.925}, {""feature"": ""std_sent_sats"", ""value"": 23338151.914418772, ""empirical_anomaly_score"": 0.88, ""median"": 62620235.30358499, ""mad"": 25332748.176178508}]"
W000177,0.5797014925373133,67,"[{""feature"": ""outbound_ratio"", ""value"": 0.602256446991404, ""empirical_anomaly_score"": 0.926667, ""median"": 0.49578352067974074, ""mad"": 0.036769728818191294}, {""feature"": ""max_sent_sats"", ""value"": 66222048.0, ""empirical_anomaly_score"": 0.926667, ""median"": 196370893.0, ""mad"": 80988886.0}, {""feature"": ""inbound_ratio"", ""value"": 0.397743553008596, ""empirical_anomaly_score"": 0.9, ""median"": 0.5012310997322463, ""mad"": 0.03701682209852983}, {""feature"": ""weighted_degree"", ""value"": 10.0, ""empirical_anomaly_score"": 0.9, ""median"": 17.5, ""mad"": 3.5}, {""feature"": ""betweenness_centrality"", ""value"": 0.002081669009354754, ""empirical_anomaly_score"": 0.9, ""median"": 0.006049457042989186, ""mad"": 0.002196104480818523}]"
W000178,0.41507462686567176,67,"[{""feature"": ""std_inter_tx_seconds"", ""value"": 265783.15488543385, ""empirical_anomaly_score"": 0.933333, ""median"": 145117.80484766472, ""mad"": 30005.163051601456}, {""feature"": ""shared_asn_wallet_count"", ""value"": 42.0, ""empirical_anomaly_score"": 0.92, ""median"": 49.0, ""mad"": 4.0}, {""feature"": ""shared_ip_wallet_count"", ""value"": 42.0, ""empirical_anomaly_score"": 0.92, ""median"": 49.0, ""mad"": 4.0}, {""feature"": ""burstiness"", ""value"": 0.153338652875258, ""empirical_anomaly_score"": 0.92, ""median"": -0.028558963606097724, ""mad"": 0.06469384018309376}, {""feature"": ""total_sent_sats"", ""value"": 193269145.0, ""empirical_anomaly_score"": 0.9, ""median"": 649067921.5, ""mad"": 231164563.0}]"
W000179,0.4140298507462688,67,"[{""feature"": ""in_degree"", ""value"": 14, ""empirical_anomaly_score"": 0.926667, ""median"": 9.0, ""mad"": 2.0}, {""feature"": ""outgoing_tx_count"", ""value"": 14.0, ""empirical_anomaly_score"": 0.923333, ""median"": 9.0, ""mad"": 2.0}, {""feature"": ""shared_asn_wallet_count"", ""value"": 42.0, ""empirical_anomaly_score"": 0.92, ""median"": 49.0, ""mad"": 4.0}, {""feature"": ""shared_ip_wallet_count"", ""value"": 42.0, ""empirical_anomaly_score"": 0.92, ""median"": 49.0, ""mad"": 4.0}, {""feature"": ""weighted_in_degree"", ""value"": 14.0, ""empirical_anomaly_score"": 0.916667, ""median"": 9.0, ""mad"": 2.0}]"
W000180,0.3867661691542288,67,"[{""feature"": ""burstiness"", ""value"": 0.22547355999688903, ""empirical_anomaly_score"": 0.973333, ""median"": -0.028558963606097724, ""mad"": 0.06469384018309376}, {""feature"": ""median_received_sats"", ""value"": 123122444.0, ""empirical_anomaly_score"": 0.88, ""median"": 54845191.75, ""mad"": 14310899.0}, {""feature"": ""first_seen"", ""value"": 1777602788000000, ""empirical_anomaly_score"": 0.84, ""median"": 1777705462000000.0, ""mad"": 87469000000.0}, {""feature"": ""total_received_sats"", ""value"": 1182762231.0, ""empirical_anomaly_score"": 0.8, ""median"": 599711820.5, ""mad"": 223846575.0}, {""feature"": ""total_sent_sats"", ""value"": 1071780967.0, ""empirical_anomaly_score"": 0.766667, ""median"": 649067921.5, ""mad"": 231164563.0}]"
W000181,0.3875124378109453,67,"[{""feature"": ""min_inter_tx_seconds"", ""value"": 787.0, ""empirical_anomaly_score"": 0.82, ""median"": 7857.0, ""mad"": 5137.5}, {""feature"": ""rapid_hop_count"", ""value"": 7.0, ""empirical_anomaly_score"": 0.816667, ""median"": 4.0, ""mad"": 1.0}, {""feature"": ""two_hop_neighbor_count"", ""value"": 95, ""empirical_anomaly_score"": 0.81, ""median"": 62.0, ""mad"": 14.0}, {""feature"": ""community_size"", ""value"": 76, ""empirical_anomaly_score"": 0.75, ""median"": 72.0, ""mad"": 4.0}, {""feature"": ""community_id"", ""value"": 0, ""empirical_anomaly_score"": 0.743333, ""median"": 1.5, ""mad"": 1.5}]"
W000182,0.5735323383084576,67,"[{""feature"": ""degree"", ""value"": 29, ""empirical_anomaly_score"": 0.993333, ""median"": 17.0, ""mad"": 3.0}, {""feature"": ""weighted_degree"", ""value"": 29.0, ""empirical_anomaly_score"": 0.99, ""median"": 17.5, ""mad"": 3.5}, {""feature"": ""two_hop_neighbor_count"", ""value"": 122, ""empirical_anomaly_score"": 0.986667, ""median"": 62.0, ""mad"": 14.0}, {""feature"": ""betweenness_centrality"", ""value"": 0.01693818176809315, ""empirical_anomaly_score"": 0.986667, ""median"": 0.006049457042989186, ""mad"": 0.002196104480818523}, {""feature"": ""total_received_sats"", ""value"": 2348309994.0, ""empirical_anomaly_score"": 0.98, ""median"": 599711820.5, ""mad"": 223846575.0}]"
W000183,0.5218407960199005,67,"[{""feature"": ""avg_network_tx_time_difference"", ""value"": 3.0, ""empirical_anomaly_score"": 0.966667, ""median"": 2.0, ""mad"": 0.33333333333333326}, {""feature"": ""inbound_ratio"", ""value"": 0.6111162704309064, ""empirical_anomaly_score"": 0.96, ""median"": 0.5012310997322463, ""mad"": 0.03701682209852983}, {""feature"": ""country_entropy"", ""value"": 0.7219280948873623, ""empirical_anomaly_score"": 0.953333, ""median"": 1.6804820237218405, ""mad"": 0.2119586677656532}, {""feature"": ""outbound_ratio"", ""value"": 0.3888837295690936, ""empirical_anomaly_score"": 0.933333, ""median"": 0.49578352067974074, ""mad"": 0.036769728818191294}, {""feature"": ""total_bytes_sent"", ""value"": 8375.0, ""empirical_anomaly_score"": 0.913333, ""median"": 26209.0, ""mad"": 6955.5}]"
W000184,0.4524875621890546,67,"[{""feature"": ""pagerank"", ""value"": 0.0010959731439608462, ""empirical_anomaly_score"": 0.973333, ""median"": 0.0031838564235762224, ""mad"": 0.0007468073772566048}, {""feature"": ""avg_inter_tx_seconds"", ""value"": 273766.8888888889, ""empirical_anomaly_score"": 0.966667, ""median"": 153303.0358974359, ""mad"": 25534.33560503825}, {""feature"": ""clustering_coefficient"", ""value"": 0.0, ""empirical_anomaly_score"": 0.963333, ""median"": 0.05514051166225079, ""mad"": 0.0137987012987013}, {""feature"": ""min_inter_tx_seconds"", ""value"": 53090.0, ""empirical_anomaly_score"": 0.96, ""median"": 7857.0, ""mad"": 5137.5}, {""feature"": ""total_sent_sats"", ""value"": 161219516.0, ""empirical_anomaly_score"": 0.953333, ""median"": 649067921.5, ""mad"": 231164563.0}]"
W000185,0.48930348258706463,67,"[{""feature"": ""rapid_hop_count"", ""value"": 10.0, ""empirical_anomaly_score"": 0.973333, ""median"": 4.0, ""mad"": 1.0}, {""feature"": ""total_bytes_received"", ""value"": 59909.0, ""empirical_anomaly_score"": 0.973333, ""median"": 27443.5, ""mad"": 7628.0}, {""feature"": ""observation_count"", ""value"": 21.0, ""empirical_anomaly_score"": 0.97, ""median"": 10.0, ""mad"": 2.0}, {""feature"": ""unique_src_ports"", ""value"": 21.0, ""empirical_anomaly_score"": 0.97, ""median"": 10.0, ""mad"": 2.0}, {""feature"": ""total_bytes_sent"", ""value"": 58189.0, ""empirical_anomaly_score"": 0.96, ""median"": 26209.0, ""mad"": 6955.5}]"
W000186,0.3682089552238807,67,"[{""feature"": ""community_id"", ""value"": 4, ""empirical_anomaly_score"": 0.92, ""median"": 1.5, ""mad"": 1.5}, {""feature"": ""community_size"", ""value"": 15, ""empirical_anomaly_score"": 0.913333, ""median"": 72.0, ""mad"": 4.0}, {""feature"": ""pagerank"", ""value"": 0.00528878984354349, ""empirical_anomaly_score"": 0.866667, ""median"": 0.0031838564235762224, ""mad"": 0.0007468073772566048}, {""feature"": ""min_inter_tx_seconds"", ""value"": 532.0, ""empirical_anomaly_score"": 0.84, ""median"": 7857.0, ""mad"": 5137.5}, {""feature"": ""clustering_coefficient"", ""value"": 0.029411764705882353, ""empirical_anomaly_score"": 0.76, ""median"": 0.05514051166225079, ""mad"": 0.0137987012987013}]"
W000187,0.5077611940298506,67,"[{""feature"": ""avg_inter_tx_seconds"", ""value"": 274870.55555555556, ""empirical_anomaly_score"": 0.973333, ""median"": 153303.0358974359, ""mad"": 25534.33560503825}, {""feature"": ""min_inter_tx_seconds"", ""value"": 58546.0, ""empirical_anomaly_score"": 0.973333, ""median"": 7857.0, ""mad"": 5137.5}, {""feature"": ""max_sent_sats"", ""value"": 61257573.0, ""empirical_anomaly_score"": 0.966667, ""median"": 196370893.0, ""mad"": 80988886.0}, {""feature"": ""std_inter_tx_seconds"", ""value"": 282001.38076262636, ""empirical_anomaly_score"": 0.966667, ""median"": 145117.80484766472, ""mad"": 30005.163051601456}, {""feature"": ""transaction_velocity"", ""value"": 4.042306782788666e-06, ""empirical_anomaly_score"": 0.96, ""median"": 6.95631189636602e-06, ""mad"": 1.0534693895728903e-06}]"
W000188,0.39412935323383086,67,"[{""feature"": ""clustering_coefficient"", ""value"": 0.09803921568627451, ""empirical_anomaly_score"": 0.913333, ""median"": 0.05514051166225079, ""mad"": 0.0137987012987013}, {""feature"": ""median_received_sats"", ""value"": 132997270.0, ""empirical_anomaly_score"": 0.906667, ""median"": 54845191.75, ""mad"": 14310899.0}, {""feature"": ""max_sent_sats"", ""value"": 543209394.0, ""empirical_anomaly_score"": 0.86, ""median"": 196370893.0, ""mad"": 80988886.0}, {""feature"": ""in_degree"", ""value"": 13, ""empirical_anomaly_score"": 0.853333, ""median"": 9.0, ""mad"": 2.0}, {""feature"": ""outgoing_tx_count"", ""value"": 13.0, ""empirical_anomaly_score"": 0.846667, ""median"": 9.0, ""mad"": 2.0}]"
W000189,0.5212437810945275,67,"[{""feature"": ""in_out_ratio"", ""value"": 6.208446136842373, ""empirical_anomaly_score"": 0.953333, ""median"": 0.9459241289194119, ""mad"": 0.42671851574922676}, {""feature"": ""avg_sent_sats"", ""value"": 29960757.42857143, ""empirical_anomaly_score"": 0.94, ""median"": 69916518.99545455, ""mad"": 18204736.1}, {""feature"": ""median_sent_sats"", ""value"": 19158241.0, ""empirical_anomaly_score"": 0.94, ""median"": 47216227.0, ""mad"": 12436673.0}, {""feature"": ""tx_count"", ""value"": 13.0, ""empirical_anomaly_score"": 0.92, ""median"": 8.0, ""mad"": 2.0}, {""feature"": ""incoming_tx_count"", ""value"": 13.0, ""empirical_anomaly_score"": 0.92, ""median"": 8.0, ""mad"": 2.0}]"
W000190,0.5182587064676618,67,"[{""feature"": ""betweenness_centrality"", ""value"": 0.020482507265762905, ""empirical_anomaly_score"": 1.0, ""median"": 0.006049457042989186, ""mad"": 0.002196104480818523}, {""feature"": ""total_received_sats"", ""value"": 2412947427.0, ""empirical_anomaly_score"": 0.993333, ""median"": 599711820.5, ""mad"": 223846575.0}, {""feature"": ""in_out_ratio"", ""value"": 8.431089698339974, ""empirical_anomaly_score"": 0.986667, ""median"": 0.9459241289194119, ""mad"": 0.42671851574922676}, {""feature"": ""max_received_sats"", ""value"": 900635103.0, ""empirical_anomaly_score"": 0.966667, ""median"": 196990782.5, ""mad"": 81473984.0}, {""feature"": ""asn_entropy"", ""value"": 3.118078209349709, ""empirical_anomaly_score"": 0.96, ""median"": 2.375, ""mad"": 0.25}]"
W000191,0.37611940298507457,67,"[{""feature"": ""avg_received_sats"", ""value"": 26014720.4, ""empirical_anomaly_score"": 0.98, ""median"": 80830302.69444445, ""mad"": 23241519.925}, {""feature"": ""total_received_sats"", ""value"": 130073602.0, ""empirical_anomaly_score"": 0.96, ""median"": 599711820.5, ""mad"": 223846575.0}, {""feature"": ""max_received_sats"", ""value"": 51005453.0, ""empirical_anomaly_score"": 0.953333, ""median"": 196990782.5, ""mad"": 81473984.0}, {""feature"": ""in_out_ratio"", ""value"": 0.15324859160851034, ""empirical_anomaly_score"": 0.953333, ""median"": 0.9459241289194119, ""mad"": 0.42671851574922676}, {""feature"": ""median_received_sats"", ""value"": 24697598.0, ""empirical_anomaly_score"": 0.926667, ""median"": 54845191.75, ""mad"": 14310899.0}]"
W000192,0.49094527363184065,67,"[{""feature"": ""inbound_ratio"", ""value"": 0.6030623918336218, ""empirical_anomaly_score"": 0.926667, ""median"": 0.5012310997322463, ""mad"": 0.03701682209852983}, {""feature"": ""avg_sent_sats"", ""value"": 33677434.384615384, ""empirical_anomaly_score"": 0.92, ""median"": 69916518.99545455, ""mad"": 18204736.1}, {""feature"": ""first_seen"", ""value"": 1777597831000000, ""empirical_anomaly_score"": 0.916667, ""median"": 1777705462000000.0, ""mad"": 87469000000.0}, {""feature"": ""outbound_ratio"", ""value"": 0.39693760816637824, ""empirical_anomaly_score"": 0.9, ""median"": 0.49578352067974074, ""mad"": 0.036769728818191294}, {""feature"": ""in_degree"", ""value"": 13, ""empirical_anomaly_score"": 0.853333, ""median"": 9.0, ""mad"": 2.0}]"
W000193,0.35373134328358213,67,"[{""feature"": ""inbound_ratio"", ""value"": 0.5907419965023734, ""empirical_anomaly_score"": 0.866667, ""median"": 0.5012310997322463, ""mad"": 0.03701682209852983}, {""feature"": ""outbound_ratio"", ""value"": 0.4092580034976266, ""empirical_anomaly_score"": 0.84, ""median"": 0.49578352067974074, ""mad"": 0.036769728818191294}, {""feature"": ""burstiness"", ""value"": 0.10651136709206639, ""empirical_anomaly_score"": 0.82, ""median"": -0.028558963606097724, ""mad"": 0.06469384018309376}, {""feature"": ""rapid_hop_count"", ""value"": 7.0, ""empirical_anomaly_score"": 0.816667, ""median"": 4.0, ""mad"": 1.0}, {""feature"": ""community_size"", ""value"": 76, ""empirical_anomaly_score"": 0.75, ""median"": 72.0, ""mad"": 4.0}]"
W000194,0.34502487562189055,67,"[{""feature"": ""avg_received_sats"", ""value"": 35188097.71428572, ""empirical_anomaly_score"": 0.946667, ""median"": 80830302.69444445, ""mad"": 23241519.925}, {""feature"": ""median_received_sats"", ""value"": 22161843.0, ""empirical_anomaly_score"": 0.94, ""median"": 54845191.75, ""mad"": 14310899.0}, {""feature"": ""community_id"", ""value"": 4, ""empirical_anomaly_score"": 0.92, ""median"": 1.5, ""mad"": 1.5}, {""feature"": ""community_size"", ""value"": 15, ""empirical_anomaly_score"": 0.913333, ""median"": 72.0, ""mad"": 4.0}, {""feature"": ""std_latency_ms"", ""value"": 45.96870916419366, ""empirical_anomaly_score"": 0.873333, ""median"": 27.157299680854067, ""mad"": 6.180389164041724}]"
W000195,0.33751243781094525,67,"[{""feature"": ""avg_outputs_per_tx"", ""value"": 1.6666666666666667, ""empirical_anomaly_score"": 0.88, ""median"": 1.3125, ""mad"": 0.13068181818181812}, {""feature"": ""burstiness"", ""value"": -0.1596790426355554, ""empirical_anomaly_score"": 0.806667, ""median"": -0.028558963606097724, ""mad"": 0.06469384018309376}, {""feature"": ""median_inter_tx_seconds"", ""value"": 166281.0, ""empirical_anomaly_score"": 0.773333, ""median"": 110529.75, ""mad"": 26467.25}, {""feature"": ""median_latency_ms"", ""value"": 73.0, ""empirical_anomaly_score"": 0.756667, ""median"": 59.25, ""mad"": 7.25}, {""feature"": ""asn_entropy"", ""value"": 1.9669171866886992, ""empirical_anomaly_score"": 0.746667, ""median"": 2.375, ""mad"": 0.25}]"
W000196,0.4400995024875622,67,"[{""feature"": ""std_latency_ms"", ""value"": 52.30848667069023, ""empirical_anomaly_score"": 0.96, ""median"": 27.157299680854067, ""mad"": 6.180389164041724}, {""feature"": ""avg_inter_tx_seconds"", ""value"": 251963.0, ""empirical_anomaly_score"": 0.953333, ""median"": 153303.0358974359, ""mad"": 25534.33560503825}, {""feature"": ""transaction_velocity"", ""value"": 4.365720363704195e-06, ""empirical_anomaly_score"": 0.94, ""median"": 6.95631189636602e-06, ""mad"": 1.0534693895728903e-06}, {""feature"": ""min_inter_tx_seconds"", ""value"": 45954.0, ""empirical_anomaly_score"": 0.94, ""median"": 7857.0, ""mad"": 5137.5}, {""feature"": ""two_hop_neighbor_count"", ""value"": 22, ""empirical_anomaly_score"": 0.91, ""median"": 62.0, ""mad"": 14.0}]"
W000197,0.3729850746268656,67,"[{""feature"": ""median_sent_sats"", ""value"": 19758130.5, ""empirical_anomaly_score"": 0.92, ""median"": 47216227.0, ""mad"": 12436673.0}, {""feature"": ""avg_outputs_per_tx"", ""value"": 1.6666666666666667, ""empirical_anomaly_score"": 0.88, ""median"": 1.3125, ""mad"": 0.13068181818181812}, {""feature"": ""clustering_coefficient"", ""value"": 0.02564102564102564, ""empirical_anomaly_score"": 0.82, ""median"": 0.05514051166225079, ""mad"": 0.0137987012987013}, {""feature"": ""rapid_hop_count"", ""value"": 7.0, ""empirical_anomaly_score"": 0.816667, ""median"": 4.0, ""mad"": 1.0}, {""feature"": ""std_sent_sats"", ""value"": 138148216.20015684, ""empirical_anomaly_score"": 0.746667, ""median"": 62620235.30358499, ""mad"": 25332748.176178508}]"
W000198,0.47487562189054733,67,"[{""feature"": ""unique_src_ips"", ""value"": 3.0, ""empirical_anomaly_score"": 0.953333, ""median"": 1.0, ""mad"": 0.0}, {""feature"": ""avg_network_tx_time_difference"", ""value"": 1.0, ""empirical_anomaly_score"": 0.926667, ""median"": 2.0, ""mad"": 0.33333333333333326}, {""feature"": ""inbound_ratio"", ""value"": 0.6002964833777144, ""empirical_anomaly_score"": 0.92, ""median"": 0.5012310997322463, ""mad"": 0.03701682209852983}, {""feature"": ""outbound_ratio"", ""value"": 0.39970351662228565, ""empirical_anomaly_score"": 0.893333, ""median"": 0.49578352067974074, ""mad"": 0.036769728818191294}, {""feature"": ""last_seen"", ""value"": 1779661426000000, ""empirical_anomaly_score"": 0.866667, ""median"": 1780159499500000.0, ""mad"": 85878500000.0}]"
W000199,0.3905472636815921,67,"[{""feature"": ""shared_ip_wallet_count"", ""value"": 43.0, ""empirical_anomaly_score"": 0.846667, ""median"": 49.0, ""mad"": 4.0}, {""feature"": ""shared_asn_wallet_count"", ""value"": 43.0, ""empirical_anomaly_score"": 0.846667, ""median"": 49.0, ""mad"": 4.0}, {""feature"": ""total_sent_sats"", ""value"": 1135537430.0, ""empirical_anomaly_score"": 0.833333, ""median"": 649067921.5, ""mad"": 231164563.0}, {""feature"": ""pagerank"", ""value"": 0.004934424170246537, ""empirical_anomaly_score"": 0.8, ""median"": 0.0031838564235762224, ""mad"": 0.0007468073772566048}, {""feature"": ""unique_network_types"", ""value"": 2.0, ""empirical_anomaly_score"": 0.733333, ""median"": 3.0, ""mad"": 1.0}]"
W000200,0.4327860696517414,67,"[{""feature"": ""std_latency_ms"", ""value"": 14.983020693134915, ""empirical_anomaly_score"": 0.9, ""median"": 27.157299680854067, ""mad"": 6.180389164041724}, {""feature"": ""last_seen"", ""value"": 1780262324000000, ""empirical_anomaly_score"": 0.866667, ""median"": 1780159499500000.0, ""mad"": 85878500000.0}, {""feature"": ""total_received_sats"", ""value"": 1367089085.0, ""empirical_anomaly_score"": 0.866667, ""median"": 599711820.5, ""mad"": 223846575.0}, {""feature"": ""incoming_tx_count"", ""value"": 12.0, ""empirical_anomaly_score"": 0.863333, ""median"": 8.0, ""mad"": 2.0}, {""feature"": ""tx_count"", ""value"": 12.0, ""empirical_anomaly_score"": 0.863333, ""median"": 8.0, ""mad"": 2.0}]"
W000201,0.3622388059701492,67,"[{""feature"": ""unique_src_ips"", ""value"": 3.0, ""empirical_anomaly_score"": 0.953333, ""median"": 1.0, ""mad"": 0.0}, {""feature"": ""asn_entropy"", ""value"": 3.0937305831096555, ""empirical_anomaly_score"": 0.946667, ""median"": 2.375, ""mad"": 0.25}, {""feature"": ""country_entropy"", ""value"": 2.1125853906355427, ""empirical_anomaly_score"": 0.903333, ""median"": 1.6804820237218405, ""mad"": 0.2119586677656532}, {""feature"": ""median_received_sats"", ""value"": 25825447.0, ""empirical_anomaly_score"": 0.9, ""median"": 54845191.75, ""mad"": 14310899.0}, {""feature"": ""avg_received_sats"", ""value"": 43488659.28571428, ""empirical_anomaly_score"": 0.846667, ""median"": 80830302.69444445, ""mad"": 23241519.925}]"
W000202,0.5608955223880596,67,"[{""feature"": ""clustering_coefficient"", ""value"": 0.13186813186813187, ""empirical_anomaly_score"": 0.986667, ""median"": 0.05514051166225079, ""mad"": 0.0137987012987013}, {""feature"": ""in_out_ratio"", ""value"": 6.520601766611477, ""empirical_anomaly_score"": 0.966667, ""median"": 0.9459241289194119, ""mad"": 0.42671851574922676}, {""feature"": ""std_received_sats"", ""value"": 274979276.8872638, ""empirical_anomaly_score"": 0.96, ""median"": 64972630.65674827, ""mad"": 28418197.62883212}, {""feature"": ""max_received_sats"", ""value"": 816961215.0, ""empirical_anomaly_score"": 0.953333, ""median"": 196990782.5, ""mad"": 81473984.0}, {""feature"": ""total_sent_sats"", ""value"": 172784794.0, ""empirical_anomaly_score"": 0.94, ""median"": 649067921.5, ""mad"": 231164563.0}]"
W000203,0.443134328358209,67,"[{""feature"": ""inbound_ratio"", ""value"": 0.606549008168028, ""empirical_anomaly_score"": 0.946667, ""median"": 0.5012310997322463, ""mad"": 0.03701682209852983}, {""feature"": ""median_inter_tx_seconds"", ""value"": 41499.0, ""empirical_anomaly_score"": 0.933333, ""median"": 110529.75, ""mad"": 26467.25}, {""feature"": ""outbound_ratio"", ""value"": 0.393450991831972, ""empirical_anomaly_score"": 0.92, ""median"": 0.49578352067974074, ""mad"": 0.036769728818191294}, {""feature"": ""pagerank"", ""value"": 0.005528753033151154, ""empirical_anomaly_score"": 0.92, ""median"": 0.0031838564235762224, ""mad"": 0.0007468073772566048}, {""feature"": ""observations_per_tx"", ""value"": 1.0, ""empirical_anomaly_score"": 0.896667, ""median"": 1.3333333333333333, ""mad"": 0.12470862470862476}]"
W000204,0.33024875621890565,67,"[{""feature"": ""observations_per_tx"", ""value"": 1.0, ""empirical_anomaly_score"": 0.896667, ""median"": 1.3333333333333333, ""mad"": 0.12470862470862476}, {""feature"": ""first_seen"", ""value"": 1778019806000000, ""empirical_anomaly_score"": 0.853333, ""median"": 1777705462000000.0, ""mad"": 87469000000.0}, {""feature"": ""std_inter_tx_seconds"", ""value"": 97633.05230284767, ""empirical_anomaly_score"": 0.78, ""median"": 145117.80484766472, ""mad"": 30005.163051601456}, {""feature"": ""total_bytes_received"", ""value"": 13791.0, ""empirical_anomaly_score"": 0.773333, ""median"": 27443.5, ""mad"": 7628.0}, {""feature"": ""observation_count"", ""value"": 6.0, ""empirical_anomaly_score"": 0.736667, ""median"": 10.0, ""mad"": 2.0}]"
W000205,0.4579104477611941,67,"[{""feature"": ""avg_received_sats"", ""value"": 478387457.25, ""empirical_anomaly_score"": 1.0, ""median"": 80830302.69444445, ""mad"": 23241519.925}, {""feature"": ""std_received_sats"", ""value"": 793413203.6124552, ""empirical_anomaly_score"": 1.0, ""median"": 64972630.65674827, ""mad"": 28418197.62883212}, {""feature"": ""max_received_sats"", ""value"": 1667036293.0, ""empirical_anomaly_score"": 0.986667, ""median"": 196990782.5, ""mad"": 81473984.0}, {""feature"": ""total_received_sats"", ""value"": 1913549829.0, ""empirical_anomaly_score"": 0.966667, ""median"": 599711820.5, ""mad"": 223846575.0}, {""feature"": ""clustering_coefficient"", ""value"": 0.009523809523809525, ""empirical_anomaly_score"": 0.926667, ""median"": 0.05514051166225079, ""mad"": 0.0137987012987013}]"
W000206,0.4122388059701493,67,"[{""feature"": ""first_seen"", ""value"": 1778143146000000, ""empirical_anomaly_score"": 0.926667, ""median"": 1777705462000000.0, ""mad"": 87469000000.0}, {""feature"": ""rapid_hop_count"", ""value"": 8.0, ""empirical_anomaly_score"": 0.9, ""median"": 4.0, ""mad"": 1.0}, {""feature"": ""avg_outputs_per_tx"", ""value"": 1.0, ""empirical_anomaly_score"": 0.88, ""median"": 1.3125, ""mad"": 0.13068181818181812}, {""feature"": ""max_outputs_per_tx"", ""value"": 1.0, ""empirical_anomaly_score"": 0.88, ""median"": 2.0, ""mad"": 0.0}, {""feature"": ""observations_per_tx"", ""value"": 1.625, ""empirical_anomaly_score"": 0.803333, ""median"": 1.3333333333333333, ""mad"": 0.12470862470862476}]"
W000207,0.29507462686567165,67,"[{""feature"": ""unique_network_types"", ""value"": 5.0, ""empirical_anomaly_score"": 0.953333, ""median"": 3.0, ""mad"": 1.0}, {""feature"": ""median_latency_ms"", ""value"": 44.5, ""empirical_anomaly_score"": 0.89, ""median"": 59.25, ""mad"": 7.25}, {""feature"": ""community_size"", ""value"": 76, ""empirical_anomaly_score"": 0.75, ""median"": 72.0, ""mad"": 4.0}, {""feature"": ""community_id"", ""value"": 0, ""empirical_anomaly_score"": 0.743333, ""median"": 1.5, ""mad"": 1.5}, {""feature"": ""mean_latency_ms"", ""value"": 54.25, ""empirical_anomaly_score"": 0.706667, ""median"": 65.55, ""mad"": 6.928571428571427}]"
W000208,0.2831840796019901,67,"[{""feature"": ""burstiness"", ""value"": -0.25616370267211286, ""empirical_anomaly_score"": 0.96, ""median"": -0.028558963606097724, ""mad"": 0.06469384018309376}, {""feature"": ""std_inter_tx_seconds"", ""value"": 86936.2697637135, ""empirical_anomaly_score"": 0.906667, ""median"": 145117.80484766472, ""mad"": 30005.163051601456}, {""feature"": ""last_seen"", ""value"": 1780262324000000, ""empirical_anomaly_score"": 0.866667, ""median"": 1780159499500000.0, ""mad"": 85878500000.0}, {""feature"": ""first_seen"", ""value"": 1777913287000000, ""empirical_anomaly_score"": 0.746667, ""median"": 1777705462000000.0, ""mad"": 87469000000.0}, {""feature"": ""min_inter_tx_seconds"", ""value"": 19425.0, ""empirical_anomaly_score"": 0.706667, ""median"": 7857.0, ""mad"": 5137.5}]"
W000209,0.5589552238805972,67,"[{""feature"": ""in_out_ratio"", ""value"": 0.1441874602457878, ""empirical_anomaly_score"": 0.973333, ""median"": 0.9459241289194119, ""mad"": 0.42671851574922676}, {""feature"": ""shared_asn_wallet_count"", ""value"": 41.0, ""empirical_anomaly_score"": 0.963333, ""median"": 49.0, ""mad"": 4.0}, {""feature"": ""shared_ip_wallet_count"", ""value"": 41.0, ""empirical_anomaly_score"": 0.963333, ""median"": 49.0, ""mad"": 4.0}, {""feature"": ""country_entropy"", ""value"": 2.1709505944546685, ""empirical_anomaly_score"": 0.96, ""median"": 1.6804820237218405, ""mad"": 0.2119586677656532}, {""feature"": ""median_inter_tx_seconds"", ""value"": 211823.5, ""empirical_anomaly_score"": 0.946667, ""median"": 110529.75, ""mad"": 26467.25}]"
W000210,0.45661691542288557,67,"[{""feature"": ""pagerank"", ""value"": 0.006421127018848127, ""empirical_anomaly_score"": 0.993333, ""median"": 0.0031838564235762224, ""mad"": 0.0007468073772566048}, {""feature"": ""median_latency_ms"", ""value"": 91.0, ""empirical_anomaly_score"": 0.99, ""median"": 59.25, ""mad"": 7.25}, {""feature"": ""min_inter_tx_seconds"", ""value"": 180.0, ""empirical_anomaly_score"": 0.936667, ""median"": 7857.0, ""mad"": 5137.5}, {""feature"": ""last_seen"", ""value"": 1779548721000000, ""empirical_anomaly_score"": 0.926667, ""median"": 1780159499500000.0, ""mad"": 85878500000.0}, {""feature"": ""weighted_out_degree"", ""value"": 3.0, ""empirical_anomaly_score"": 0.906667, ""median"": 8.0, ""mad"": 2.0}]"
W000211,0.5222885572139303,67,"[{""feature"": ""in_degree"", ""value"": 16, ""empirical_anomaly_score"": 0.993333, ""median"": 9.0, ""mad"": 2.0}, {""feature"": ""outgoing_tx_count"", ""value"": 16.0, ""empirical_anomaly_score"": 0.983333, ""median"": 9.0, ""mad"": 2.0}, {""feature"": ""weighted_in_degree"", ""value"": 16.0, ""empirical_anomaly_score"": 0.983333, ""median"": 9.0, ""mad"": 2.0}, {""feature"": ""unique_asns"", ""value"": 15.0, ""empirical_anomaly_score"": 0.976667, ""median"": 8.0, ""mad"": 2.0}, {""feature"": ""pagerank"", ""value"": 0.005905517916317926, ""empirical_anomaly_score"": 0.973333, ""median"": 0.0031838564235762224, ""mad"": 0.0007468073772566048}]"
W000212,0.49278606965174127,67,"[{""feature"": ""first_seen"", ""value"": 1777593851000000, ""empirical_anomaly_score"": 0.983333, ""median"": 1777705462000000.0, ""mad"": 87469000000.0}, {""feature"": ""active_duration_seconds"", ""value"": 2662816.0, ""empirical_anomaly_score"": 0.98, ""median"": 2407787.5, ""mad"": 132459.5}, {""feature"": ""pagerank"", ""value"": 0.005955102193015323, ""empirical_anomaly_score"": 0.98, ""median"": 0.0031838564235762224, ""mad"": 0.0007468073772566048}, {""feature"": ""unique_asns"", ""value"": 15.0, ""empirical_anomaly_score"": 0.976667, ""median"": 8.0, ""mad"": 2.0}, {""feature"": ""observation_count"", ""value"": 21.0, ""empirical_anomaly_score"": 0.97, ""median"": 10.0, ""mad"": 2.0}]"
W000213,0.5360199004975125,67,"[{""feature"": ""country_entropy"", ""value"": 2.251514821724133, ""empirical_anomaly_score"": 0.986667, ""median"": 1.6804820237218405, ""mad"": 0.2119586677656532}, {""feature"": ""unique_network_types"", ""value"": 5.0, ""empirical_anomaly_score"": 0.953333, ""median"": 3.0, ""mad"": 1.0}, {""feature"": ""median_received_sats"", ""value"": 166506748.5, ""empirical_anomaly_score"": 0.946667, ""median"": 54845191.75, ""mad"": 14310899.0}, {""feature"": ""degree"", ""value"": 26, ""empirical_anomaly_score"": 0.946667, ""median"": 17.0, ""mad"": 3.0}, {""feature"": ""burstiness"", ""value"": 0.17831247970416295, ""empirical_anomaly_score"": 0.946667, ""median"": -0.028558963606097724, ""mad"": 0.06469384018309376}]"
W000214,0.307910447761194,67,"[{""feature"": ""betweenness_centrality"", ""value"": 0.01365712361931287, ""empirical_anomaly_score"": 0.94, ""median"": 0.006049457042989186, ""mad"": 0.002196104480818523}, {""feature"": ""observations_per_tx"", ""value"": 1.8333333333333333, ""empirical_anomaly_score"": 0.923333, ""median"": 1.3333333333333333, ""mad"": 0.12470862470862476}, {""feature"": ""total_sent_sats"", ""value"": 1237338878.0, ""empirical_anomaly_score"": 0.873333, ""median"": 649067921.5, ""mad"": 231164563.0}, {""feature"": ""in_out_ratio"", ""value"": 0.33458491231534715, ""empirical_anomaly_score"": 0.826667, ""median"": 0.9459241289194119, ""mad"": 0.42671851574922676}, {""feature"": ""median_sent_sats"", ""value"": 84683805.0, ""empirical_anomaly_score"": 0.826667, ""median"": 47216227.0, ""mad"": 12436673.0}]"
W000215,0.3848756218905473,67,"[{""feature"": ""betweenness_centrality"", ""value"": 0.015350422057349608, ""empirical_anomaly_score"": 0.966667, ""median"": 0.006049457042989186, ""mad"": 0.002196104480818523}, {""feature"": ""community_id"", ""value"": 4, ""empirical_anomaly_score"": 0.92, ""median"": 1.5, ""mad"": 1.5}, {""feature"": ""community_size"", ""value"": 15, ""empirical_anomaly_score"": 0.913333, ""median"": 72.0, ""mad"": 4.0}, {""feature"": ""std_inter_tx_seconds"", ""value"": 91711.88368437778, ""empirical_anomaly_score"": 0.873333, ""median"": 145117.80484766472, ""mad"": 30005.163051601456}, {""feature"": ""clustering_coefficient"", ""value"": 0.02631578947368421, ""empirical_anomaly_score"": 0.793333, ""median"": 0.05514051166225079, ""mad"": 0.0137987012987013}]"
W000216,0.4270646766169153,67,"[{""feature"": ""in_out_ratio"", ""value"": 6.265336716657288, ""empirical_anomaly_score"": 0.96, ""median"": 0.9459241289194119, ""mad"": 0.42671851574922676}, {""feature"": ""median_sent_sats"", ""value"": 19548945.0, ""empirical_anomaly_score"": 0.926667, ""median"": 47216227.0, ""mad"": 12436673.0}, {""feature"": ""median_received_sats"", ""value"": 133932495.0, ""empirical_anomaly_score"": 0.913333, ""median"": 54845191.75, ""mad"": 14310899.0}, {""feature"": ""avg_outputs_per_tx"", ""value"": 1.6666666666666667, ""empirical_anomaly_score"": 0.88, ""median"": 1.3125, ""mad"": 0.13068181818181812}, {""feature"": ""total_received_sats"", ""value"": 1392602413.0, ""empirical_anomaly_score"": 0.873333, ""median"": 599711820.5, ""mad"": 223846575.0}]"
W000217,0.3072139303482587,67,"[{""feature"": ""community_id"", ""value"": 5, ""empirical_anomaly_score"": 0.983333, ""median"": 1.5, ""mad"": 1.5}, {""feature"": ""community_size"", ""value"": 4, ""empirical_anomaly_score"": 0.976667, ""median"": 72.0, ""mad"": 4.0}, {""feature"": ""max_outputs_per_tx"", ""value"": 1.0, ""empirical_anomaly_score"": 0.88, ""median"": 2.0, ""mad"": 0.0}, {""feature"": ""avg_outputs_per_tx"", ""value"": 1.0, ""empirical_anomaly_score"": 0.88, ""median"": 1.3125, ""mad"": 0.13068181818181812}, {""feature"": ""median_sent_sats"", ""value"": 74394997.5, ""empirical_anomaly_score"": 0.733333, ""median"": 47216227.0, ""mad"": 12436673.0}]"
W000218,0.3787064676616916,67,"[{""feature"": ""avg_network_tx_time_difference"", ""value"": 3.125, ""empirical_anomaly_score"": 0.993333, ""median"": 2.0, ""mad"": 0.33333333333333326}, {""feature"": ""clustering_coefficient"", ""value"": 0.0915032679738562, ""empirical_anomaly_score"": 0.866667, ""median"": 0.05514051166225079, ""mad"": 0.0137987012987013}, {""feature"": ""rapid_hop_count"", ""value"": 1.0, ""empirical_anomaly_score"": 0.863333, ""median"": 4.0, ""mad"": 1.0}, {""feature"": ""median_sent_sats"", ""value"": 89828358.0, ""empirical_anomaly_score"": 0.86, ""median"": 47216227.0, ""mad"": 12436673.0}, {""feature"": ""last_seen"", ""value"": 1779685593000000, ""empirical_anomaly_score"": 0.853333, ""median"": 1780159499500000.0, ""mad"": 85878500000.0}]"
W000219,0.38149253731343286,67,"[{""feature"": ""last_seen"", ""value"": 1780270941000000, ""empirical_anomaly_score"": 0.993333, ""median"": 1780159499500000.0, ""mad"": 85878500000.0}, {""feature"": ""asn_entropy"", ""value"": 3.16823289333881, ""empirical_anomaly_score"": 0.98, ""median"": 2.375, ""mad"": 0.25}, {""feature"": ""unique_src_ips"", ""value"": 3.0, ""empirical_anomaly_score"": 0.953333, ""median"": 1.0, ""mad"": 0.0}, {""feature"": ""mean_latency_ms"", ""value"": 84.45454545454545, ""empirical_anomaly_score"": 0.933333, ""median"": 65.55, ""mad"": 6.928571428571427}, {""feature"": ""std_received_sats"", ""value"": 21407477.554365087, ""empirical_anomaly_score"": 0.853333, ""median"": 64972630.65674827, ""mad"": 28418197.62883212}]"
W000220,0.4902985074626866,67,"[{""feature"": ""active_duration_seconds"", ""value"": 2638975.0, ""empirical_anomaly_score"": 0.913333, ""median"": 2407787.5, ""mad"": 132459.5}, {""feature"": ""observations_per_tx"", ""value"": 1.0, ""empirical_anomaly_score"": 0.896667, ""median"": 1.3333333333333333, ""mad"": 0.12470862470862476}, {""feature"": ""avg_network_tx_time_difference"", ""value"": 2.75, ""empirical_anomaly_score"": 0.89, ""median"": 2.0, ""mad"": 0.33333333333333326}, {""feature"": ""rapid_hop_count"", ""value"": 1.0, ""empirical_anomaly_score"": 0.863333, ""median"": 4.0, ""mad"": 1.0}, {""feature"": ""in_out_ratio"", ""value"": 0.299386203070938, ""empirical_anomaly_score"": 0.86, ""median"": 0.9459241289194119, ""mad"": 0.42671851574922676}]"
W000221,0.3438308457711444,67,"[{""feature"": ""unique_countries"", ""value"": 6.0, ""empirical_anomaly_score"": 0.936667, ""median"": 4.0, ""mad"": 1.0}, {""feature"": ""min_network_tx_time_difference"", ""value"": 1.0, ""empirical_anomaly_score"": 0.85, ""median"": 0.0, ""mad"": 0.0}, {""feature"": ""active_duration_seconds"", ""value"": 2619342.0, ""empirical_anomaly_score"": 0.826667, ""median"": 2407787.5, ""mad"": 132459.5}, {""feature"": ""country_entropy"", ""value"": 2.0272925846688996, ""empirical_anomaly_score"": 0.793333, ""median"": 1.6804820237218405, ""mad"": 0.2119586677656532}, {""feature"": ""community_size"", ""value"": 76, ""empirical_anomaly_score"": 0.75, ""median"": 72.0, ""mad"": 4.0}]"
W000222,0.48766169154228844,67,"[{""feature"": ""median_inter_tx_seconds"", ""value"": 250421.0, ""empirical_anomaly_score"": 1.0, ""median"": 110529.75, ""mad"": 26467.25}, {""feature"": ""min_inter_tx_seconds"", ""value"": 103033.0, ""empirical_anomaly_score"": 1.0, ""median"": 7857.0, ""mad"": 5137.5}, {""feature"": ""burstiness"", ""value"": -0.30998702512731274, ""empirical_anomaly_score"": 0.986667, ""median"": -0.028558963606097724, ""mad"": 0.06469384018309376}, {""feature"": ""avg_inter_tx_seconds"", ""value"": 281879.22222222225, ""empirical_anomaly_score"": 0.986667, ""median"": 153303.0358974359, ""mad"": 25534.33560503825}, {""feature"": ""transaction_velocity"", ""value"": 3.941798555961517e-06, ""empirical_anomaly_score"": 0.973333, ""median"": 6.95631189636602e-06, ""mad"": 1.0534693895728903e-06}]"
W000223,0.3653731343283581,67,"[{""feature"": ""last_seen"", ""value"": 1780269257000000, ""empirical_anomaly_score"": 0.956667, ""median"": 1780159499500000.0, ""mad"": 85878500000.0}, {""feature"": ""unique_network_types"", ""value"": 5.0, ""empirical_anomaly_score"": 0.953333, ""median"": 3.0, ""mad"": 1.0}, {""feature"": ""burstiness"", ""value"": 0.17468111013135587, ""empirical_anomaly_score"": 0.94, ""median"": -0.028558963606097724, ""mad"": 0.06469384018309376}, {""feature"": ""active_duration_seconds"", ""value"": 2642630.0, ""empirical_anomaly_score"": 0.92, ""median"": 2407787.5, ""mad"": 132459.5}, {""feature"": ""std_inter_tx_seconds"", ""value"": 250751.36250752644, ""empirical_anomaly_score"": 0.873333, ""median"": 145117.80484766472, ""mad"": 30005.163051601456}]"
W000224,0.47278606965174125,67,"[{""feature"": ""max_received_sats"", ""value"": 40794220.0, ""empirical_anomaly_score"": 0.986667, ""median"": 196990782.5, ""mad"": 81473984.0}, {""feature"": ""in_degree"", ""value"": 15, ""empirical_anomaly_score"": 0.97, ""median"": 9.0, ""mad"": 2.0}, {""feature"": ""in_out_ratio"", ""value"": 0.14827371088896815, ""empirical_anomaly_score"": 0.966667, ""median"": 0.9459241289194119, ""mad"": 0.42671851574922676}, {""feature"": ""avg_received_sats"", ""value"": 31374715.0, ""empirical_anomaly_score"": 0.96, ""median"": 80830302.69444445, ""mad"": 23241519.925}, {""feature"": ""outgoing_tx_count"", ""value"": 15.0, ""empirical_anomaly_score"": 0.96, ""median"": 9.0, ""mad"": 2.0}]"
W000225,0.3582587064676617,67,"[{""feature"": ""total_received_sats"", ""value"": 1558928593.0, ""empirical_anomaly_score"": 0.933333, ""median"": 599711820.5, ""mad"": 223846575.0}, {""feature"": ""max_received_sats"", ""value"": 687071493.0, ""empirical_anomaly_score"": 0.92, ""median"": 196990782.5, ""mad"": 81473984.0}, {""feature"": ""median_received_sats"", ""value"": 135772964.0, ""empirical_anomaly_score"": 0.92, ""median"": 54845191.75, ""mad"": 14310899.0}, {""feature"": ""avg_received_sats"", ""value"": 194866074.125, ""empirical_anomaly_score"": 0.913333, ""median"": 80830302.69444445, ""mad"": 23241519.925}, {""feature"": ""std_received_sats"", ""value"": 215247292.21622032, ""empirical_anomaly_score"": 0.913333, ""median"": 64972630.65674827, ""mad"": 28418197.62883212}]"
W000226,0.3908457711442785,67,"[{""feature"": ""std_inter_tx_seconds"", ""value"": 250431.73383004442, ""empirical_anomaly_score"": 0.866667, ""median"": 145117.80484766472, ""mad"": 30005.163051601456}, {""feature"": ""weighted_degree"", ""value"": 11.0, ""empirical_anomaly_score"": 0.85, ""median"": 17.5, ""mad"": 3.5}, {""feature"": ""degree"", ""value"": 11, ""empirical_anomaly_score"": 0.846667, ""median"": 17.0, ""mad"": 3.0}, {""feature"": ""avg_inter_tx_seconds"", ""value"": 219116.3, ""empirical_anomaly_score"": 0.84, ""median"": 153303.0358974359, ""mad"": 25534.33560503825}, {""feature"": ""transaction_velocity"", ""value"": 5.0201650904108915e-06, ""empirical_anomaly_score"": 0.806667, ""median"": 6.95631189636602e-06, ""mad"": 1.0534693895728903e-06}]"
W000227,0.41308457711442803,67,"[{""feature"": ""median_latency_ms"", ""value"": 91.0, ""empirical_anomaly_score"": 0.99, ""median"": 59.25, ""mad"": 7.25}, {""feature"": ""mean_latency_ms"", ""value"": 92.25, ""empirical_anomaly_score"": 0.973333, ""median"": 65.55, ""mad"": 6.928571428571427}, {""feature"": ""observations_per_tx"", ""value"": 1.0, ""empirical_anomaly_score"": 0.896667, ""median"": 1.3333333333333333, ""mad"": 0.12470862470862476}, {""feature"": ""total_bytes_received"", ""value"": 9202.0, ""empirical_anomaly_score"": 0.893333, ""median"": 27443.5, ""mad"": 7628.0}, {""feature"": ""observation_count"", ""value"": 4.0, ""empirical_anomaly_score"": 0.886667, ""median"": 10.0, ""mad"": 2.0}]"
W000228,0.5755721393034827,67,"[{""feature"": ""median_latency_ms"", ""value"": 94.0, ""empirical_anomaly_score"": 1.0, ""median"": 59.25, ""mad"": 7.25}, {""feature"": ""inbound_ratio"", ""value"": 0.6432781897699182, ""empirical_anomaly_score"": 0.986667, ""median"": 0.5012310997322463, ""mad"": 0.03701682209852983}, {""feature"": ""avg_network_tx_time_difference"", ""value"": 0.0, ""empirical_anomaly_score"": 0.983333, ""median"": 2.0, ""mad"": 0.33333333333333326}, {""feature"": ""mean_latency_ms"", ""value"": 94.0, ""empirical_anomaly_score"": 0.98, ""median"": 65.55, ""mad"": 6.928571428571427}, {""feature"": ""total_bytes_sent"", ""value"": 3752.0, ""empirical_anomaly_score"": 0.973333, ""median"": 26209.0, ""mad"": 6955.5}]"
W000229,0.4418407960199004,67,"[{""feature"": ""max_sent_sats"", ""value"": 1002333048.0, ""empirical_anomaly_score"": 0.973333, ""median"": 196370893.0, ""mad"": 80988886.0}, {""feature"": ""std_sent_sats"", ""value"": 280177007.59634, ""empirical_anomaly_score"": 0.96, ""median"": 62620235.30358499, ""mad"": 25332748.176178508}, {""feature"": ""total_sent_sats"", ""value"": 1484777552.0, ""empirical_anomaly_score"": 0.94, ""median"": 649067921.5, ""mad"": 231164563.0}, {""feature"": ""pagerank"", ""value"": 0.005522858294315886, ""empirical_anomaly_score"": 0.913333, ""median"": 0.0031838564235762224, ""mad"": 0.0007468073772566048}, {""feature"": ""max_received_sats"", ""value"": 543815327.0, ""empirical_anomaly_score"": 0.846667, ""median"": 196990782.5, ""mad"": 81473984.0}]"
W000230,0.40796019900497515,67,"[{""feature"": ""min_inter_tx_seconds"", ""value"": 60.0, ""empirical_anomaly_score"": 0.983333, ""median"": 7857.0, ""mad"": 5137.5}, {""feature"": ""unique_network_types"", ""value"": 5.0, ""empirical_anomaly_score"": 0.953333, ""median"": 3.0, ""mad"": 1.0}, {""feature"": ""unique_countries"", ""value"": 6.0, ""empirical_anomaly_score"": 0.936667, ""median"": 4.0, ""mad"": 1.0}, {""feature"": ""clustering_coefficient"", ""value"": 0.09941520467836257, ""empirical_anomaly_score"": 0.92, ""median"": 0.05514051166225079, ""mad"": 0.0137987012987013}, {""feature"": ""median_received_sats"", ""value"": 29583504.0, ""empirical_anomaly_score"": 0.84, ""median"": 54845191.75, ""mad"": 14310899.0}]"
W000231,0.5381094527363183,67,"[{""feature"": ""total_bytes_sent"", ""value"": 70100.0, ""empirical_anomaly_score"": 0.993333, ""median"": 26209.0, ""mad"": 6955.5}, {""feature"": ""total_bytes_received"", ""value"": 65380.0, ""empirical_anomaly_score"": 0.986667, ""median"": 27443.5, ""mad"": 7628.0}, {""feature"": ""outgoing_tx_count"", ""value"": 16.0, ""empirical_anomaly_score"": 0.983333, ""median"": 9.0, ""mad"": 2.0}, {""feature"": ""weighted_in_degree"", ""value"": 16.0, ""empirical_anomaly_score"": 0.983333, ""median"": 9.0, ""mad"": 2.0}, {""feature"": ""unique_src_ports"", ""value"": 23.0, ""empirical_anomaly_score"": 0.983333, ""median"": 10.0, ""mad"": 2.0}]"
W000232,0.4975621890547265,67,"[{""feature"": ""tx_count"", ""value"": 17.0, ""empirical_anomaly_score"": 1.0, ""median"": 8.0, ""mad"": 2.0}, {""feature"": ""incoming_tx_count"", ""value"": 17.0, ""empirical_anomaly_score"": 1.0, ""median"": 8.0, ""mad"": 2.0}, {""feature"": ""weighted_out_degree"", ""value"": 18.0, ""empirical_anomaly_score"": 0.973333, ""median"": 8.0, ""mad"": 2.0}, {""feature"": ""out_degree"", ""value"": 17, ""empirical_anomaly_score"": 0.96, ""median"": 8.0, ""mad"": 2.0}, {""feature"": ""two_hop_neighbor_count"", ""value"": 114, ""empirical_anomaly_score"": 0.956667, ""median"": 62.0, ""mad"": 14.0}]"
W000233,0.4591044776119403,67,"[{""feature"": ""tx_count"", ""value"": 16.0, ""empirical_anomaly_score"": 0.986667, ""median"": 8.0, ""mad"": 2.0}, {""feature"": ""incoming_tx_count"", ""value"": 16.0, ""empirical_anomaly_score"": 0.986667, ""median"": 8.0, ""mad"": 2.0}, {""feature"": ""in_out_ratio"", ""value"": 7.176194304222659, ""empirical_anomaly_score"": 0.98, ""median"": 0.9459241289194119, ""mad"": 0.42671851574922676}, {""feature"": ""unique_network_types"", ""value"": 5.0, ""empirical_anomaly_score"": 0.953333, ""median"": 3.0, ""mad"": 1.0}, {""feature"": ""out_degree"", ""value"": 16, ""empirical_anomaly_score"": 0.933333, ""median"": 8.0, ""mad"": 2.0}]"
W000234,0.31865671641791055,67,"[{""feature"": ""avg_outputs_per_tx"", ""value"": 1.9, ""empirical_anomaly_score"": 0.986667, ""median"": 1.3125, ""mad"": 0.13068181818181812}, {""feature"": ""median_latency_ms"", ""value"": 78.0, ""empirical_anomaly_score"": 0.89, ""median"": 59.25, ""mad"": 7.25}, {""feature"": ""min_inter_tx_seconds"", ""value"": 1060.0, ""empirical_anomaly_score"": 0.76, ""median"": 7857.0, ""mad"": 5137.5}, {""feature"": ""two_hop_neighbor_count"", ""value"": 85, ""empirical_anomaly_score"": 0.68, ""median"": 62.0, ""mad"": 14.0}, {""feature"": ""asn_entropy"", ""value"": 2.077819531114783, ""empirical_anomaly_score"": 0.676667, ""median"": 2.375, ""mad"": 0.25}]"
W000235,0.3279601990049751,67,"[{""feature"": ""std_latency_ms"", ""value"": 12.679817734406823, ""empirical_anomaly_score"": 0.946667, ""median"": 27.157299680854067, ""mad"": 6.180389164041724}, {""feature"": ""outbound_ratio"", ""value"": 0.5999512630980424, ""empirical_anomaly_score"": 0.913333, ""median"": 0.49578352067974074, ""mad"": 0.036769728818191294}, {""feature"": ""mean_latency_ms"", ""value"": 49.44444444444444, ""empirical_anomaly_score"": 0.893333, ""median"": 65.55, ""mad"": 6.928571428571427}, {""feature"": ""inbound_ratio"", ""value"": 0.4000487369019576, ""empirical_anomaly_score"": 0.886667, ""median"": 0.5012310997322463, ""mad"": 0.03701682209852983}, {""feature"": ""observations_per_tx"", ""value"": 1.125, ""empirical_anomaly_score"": 0.75, ""median"": 1.3333333333333333, ""mad"": 0.12470862470862476}]"
W000236,0.4807960199004976,67,"[{""feature"": ""median_sent_sats"", ""value"": 14871477.0, ""empirical_anomaly_score"": 0.966667, ""median"": 47216227.0, ""mad"": 12436673.0}, {""feature"": ""avg_network_tx_time_difference"", ""value"": 3.0, ""empirical_anomaly_score"": 0.966667, ""median"": 2.0, ""mad"": 0.33333333333333326}, {""feature"": ""outbound_ratio"", ""value"": 0.6119087367835281, ""empirical_anomaly_score"": 0.96, ""median"": 0.49578352067974074, ""mad"": 0.036769728818191294}, {""feature"": ""total_bytes_received"", ""value"": 6974.0, ""empirical_anomaly_score"": 0.953333, ""median"": 27443.5, ""mad"": 7628.0}, {""feature"": ""mean_latency_ms"", ""value"": 87.0, ""empirical_anomaly_score"": 0.95, ""median"": 65.55, ""mad"": 6.928571428571427}]"
W000237,0.4638308457711442,67,"[{""feature"": ""median_latency_ms"", ""value"": 35.5, ""empirical_anomaly_score"": 0.96, ""median"": 59.25, ""mad"": 7.25}, {""feature"": ""mean_latency_ms"", ""value"": 44.666666666666664, ""empirical_anomaly_score"": 0.953333, ""median"": 65.55, ""mad"": 6.928571428571427}, {""feature"": ""outbound_ratio"", ""value"": 0.5923149015932521, ""empirical_anomaly_score"": 0.906667, ""median"": 0.49578352067974074, ""mad"": 0.036769728818191294}, {""feature"": ""median_received_sats"", ""value"": 131503751.0, ""empirical_anomaly_score"": 0.893333, ""median"": 54845191.75, ""mad"": 14310899.0}, {""feature"": ""inbound_ratio"", ""value"": 0.4076850984067479, ""empirical_anomaly_score"": 0.88, ""median"": 0.5012310997322463, ""mad"": 0.03701682209852983}]"
W000238,0.45208955223880604,67,"[{""feature"": ""mean_latency_ms"", ""value"": 39.0, ""empirical_anomaly_score"": 0.966667, ""median"": 65.55, ""mad"": 6.928571428571427}, {""feature"": ""median_latency_ms"", ""value"": 34.5, ""empirical_anomaly_score"": 0.966667, ""median"": 59.25, ""mad"": 7.25}, {""feature"": ""first_seen"", ""value"": 1778290068000000, ""empirical_anomaly_score"": 0.94, ""median"": 1777705462000000.0, ""mad"": 87469000000.0}, {""feature"": ""total_bytes_received"", ""value"": 7951.0, ""empirical_anomaly_score"": 0.933333, ""median"": 27443.5, ""mad"": 7628.0}, {""feature"": ""shared_ip_wallet_count"", ""value"": 42.0, ""empirical_anomaly_score"": 0.92, ""median"": 49.0, ""mad"": 4.0}]"
W000239,0.6446766169154228,67,"[{""feature"": ""total_received_sats"", ""value"": 51061217.0, ""empirical_anomaly_score"": 0.986667, ""median"": 599711820.5, ""mad"": 223846575.0}, {""feature"": ""in_out_ratio"", ""value"": 0.052590865121008745, ""empirical_anomaly_score"": 0.986667, ""median"": 0.9459241289194119, ""mad"": 0.42671851574922676}, {""feature"": ""avg_received_sats"", ""value"": 25530608.5, ""empirical_anomaly_score"": 0.986667, ""median"": 80830302.69444445, ""mad"": 23241519.925}, {""feature"": ""max_received_sats"", ""value"": 47869895.0, ""empirical_anomaly_score"": 0.966667, ""median"": 196990782.5, ""mad"": 81473984.0}, {""feature"": ""first_seen"", ""value"": 1779257643000000, ""empirical_anomaly_score"": 0.966667, ""median"": 1777705462000000.0, ""mad"": 87469000000.0}]"
W000240,0.4376119402985074,67,"[{""feature"": ""asn_entropy"", ""value"": 2.9675302800290506, ""empirical_anomaly_score"": 0.853333, ""median"": 2.375, ""mad"": 0.25}, {""feature"": ""observation_count"", ""value"": 15.0, ""empirical_anomaly_score"": 0.783333, ""median"": 10.0, ""mad"": 2.0}, {""feature"": ""unique_src_ports"", ""value"": 15.0, ""empirical_anomaly_score"": 0.783333, ""median"": 10.0, ""mad"": 2.0}, {""feature"": ""unique_dst_ips"", ""value"": 10.0, ""empirical_anomaly_score"": 0.766667, ""median"": 7.0, ""mad"": 2.0}, {""feature"": ""community_size"", ""value"": 76, ""empirical_anomaly_score"": 0.75, ""median"": 72.0, ""mad"": 4.0}]"
W000241,0.34800995024875625,67,"[{""feature"": ""std_latency_ms"", ""value"": 63.91286682237425, ""empirical_anomaly_score"": 0.986667, ""median"": 27.157299680854067, ""mad"": 6.180389164041724}, {""feature"": ""std_sent_sats"", ""value"": 229810450.29022047, ""empirical_anomaly_score"": 0.92, ""median"": 62620235.30358499, ""mad"": 25332748.176178508}, {""feature"": ""max_sent_sats"", ""value"": 647869058.0, ""empirical_anomaly_score"": 0.913333, ""median"": 196370893.0, ""mad"": 80988886.0}, {""feature"": ""mean_latency_ms"", ""value"": 83.63636363636364, ""empirical_anomaly_score"": 0.9, ""median"": 65.55, ""mad"": 6.928571428571427}, {""feature"": ""avg_sent_sats"", ""value"": 137599074.0, ""empirical_anomaly_score"": 0.86, ""median"": 69916518.99545455, ""mad"": 18204736.1}]"
W000242,0.37557213930348254,67,"[{""feature"": ""country_entropy"", ""value"": 0.8886865525783176, ""empirical_anomaly_score"": 0.92, ""median"": 1.6804820237218405, ""mad"": 0.2119586677656532}, {""feature"": ""clustering_coefficient"", ""value"": 0.08823529411764706, ""empirical_anomaly_score"": 0.816667, ""median"": 0.05514051166225079, ""mad"": 0.0137987012987013}, {""feature"": ""unique_countries"", ""value"": 3.0, ""empirical_anomaly_score"": 0.74, ""median"": 4.0, ""mad"": 1.0}, {""feature"": ""unique_network_types"", ""value"": 2.0, ""empirical_anomaly_score"": 0.733333, ""median"": 3.0, ""mad"": 1.0}, {""feature"": ""outbound_ratio"", ""value"": 0.5587043362473224, ""empirical_anomaly_score"": 0.726667, ""median"": 0.49578352067974074, ""mad"": 0.036769728818191294}]"
W000243,0.346318407960199,67,"[{""feature"": ""last_seen"", ""value"": 1780269333000000, ""empirical_anomaly_score"": 0.973333, ""median"": 1780159499500000.0, ""mad"": 85878500000.0}, {""feature"": ""median_latency_ms"", ""value"": 46.5, ""empirical_anomaly_score"": 0.85, ""median"": 59.25, ""mad"": 7.25}, {""feature"": ""inbound_ratio"", ""value"": 0.5869083894162264, ""empirical_anomaly_score"": 0.84, ""median"": 0.5012310997322463, ""mad"": 0.03701682209852983}, {""feature"": ""outbound_ratio"", ""value"": 0.4130916105837736, ""empirical_anomaly_score"": 0.813333, ""median"": 0.49578352067974074, ""mad"": 0.036769728818191294}, {""feature"": ""observations_per_tx"", ""value"": 1.6, ""empirical_anomaly_score"": 0.783333, ""median"": 1.3333333333333333, ""mad"": 0.12470862470862476}]"
W000244,0.40363184079601977,67,"[{""feature"": ""avg_network_tx_time_difference"", ""value"": 2.8, ""empirical_anomaly_score"": 0.93, ""median"": 2.0, ""mad"": 0.33333333333333326}, {""feature"": ""mean_latency_ms"", ""value"": 49.2, ""empirical_anomaly_score"": 0.9, ""median"": 65.55, ""mad"": 6.928571428571427}, {""feature"": ""std_latency_ms"", ""value"": 15.295605759679985, ""empirical_anomaly_score"": 0.893333, ""median"": 27.157299680854067, ""mad"": 6.180389164041724}, {""feature"": ""two_hop_neighbor_count"", ""value"": 27, ""empirical_anomaly_score"": 0.846667, ""median"": 62.0, ""mad"": 14.0}, {""feature"": ""total_received_sats"", ""value"": 250135155.0, ""empirical_anomaly_score"": 0.833333, ""median"": 599711820.5, ""mad"": 223846575.0}]"
W000245,0.43731343283582097,67,"[{""feature"": ""avg_network_tx_time_difference"", ""value"": 2.7142857142857144, ""empirical_anomaly_score"": 0.873333, ""median"": 2.0, ""mad"": 0.33333333333333326}, {""feature"": ""rapid_hop_count"", ""value"": 1.0, ""empirical_anomaly_score"": 0.863333, ""median"": 4.0, ""mad"": 1.0}, {""feature"": ""pagerank"", ""value"": 0.0018976787925879747, ""empirical_anomaly_score"": 0.846667, ""median"": 0.0031838564235762224, ""mad"": 0.0007468073772566048}, {""feature"": ""std_inter_tx_seconds"", ""value"": 235899.80564771304, ""empirical_anomaly_score"": 0.833333, ""median"": 145117.80484766472, ""mad"": 30005.163051601456}, {""feature"": ""clustering_coefficient"", ""value"": 0.02564102564102564, ""empirical_anomaly_score"": 0.82, ""median"": 0.05514051166225079, ""mad"": 0.0137987012987013}]"
W000246,0.3574626865671643,67,"[{""feature"": ""unique_countries"", ""value"": 6.0, ""empirical_anomaly_score"": 0.936667, ""median"": 4.0, ""mad"": 1.0}, {""feature"": ""asn_entropy"", ""value"": 1.834962500721156, ""empirical_anomaly_score"": 0.826667, ""median"": 2.375, ""mad"": 0.25}, {""feature"": ""tx_count"", ""value"": 11.0, ""empirical_anomaly_score"": 0.793333, ""median"": 8.0, ""mad"": 2.0}, {""feature"": ""incoming_tx_count"", ""value"": 11.0, ""empirical_anomaly_score"": 0.793333, ""median"": 8.0, ""mad"": 2.0}, {""feature"": ""total_received_sats"", ""value"": 1169086541.0, ""empirical_anomaly_score"": 0.773333, ""median"": 599711820.5, ""mad"": 223846575.0}]"
W000247,0.3158208955223882,67,"[{""feature"": ""clustering_coefficient"", ""value"": 0.11428571428571428, ""empirical_anomaly_score"": 0.97, ""median"": 0.05514051166225079, ""mad"": 0.0137987012987013}, {""feature"": ""first_seen"", ""value"": 1777599725000000, ""empirical_anomaly_score"": 0.903333, ""median"": 1777705462000000.0, ""mad"": 87469000000.0}, {""feature"": ""min_inter_tx_seconds"", ""value"": 1181.0, ""empirical_anomaly_score"": 0.753333, ""median"": 7857.0, ""mad"": 5137.5}, {""feature"": ""betweenness_centrality"", ""value"": 0.0031496466925946317, ""empirical_anomaly_score"": 0.713333, ""median"": 0.006049457042989186, ""mad"": 0.002196104480818523}, {""feature"": ""pagerank"", ""value"": 0.002296043061756234, ""empirical_anomaly_score"": 0.64, ""median"": 0.0031838564235762224, ""mad"": 0.0007468073772566048}]"
W000248,0.49119402985074634,67,"[{""feature"": ""std_received_sats"", ""value"": 480761668.32853854, ""empirical_anomaly_score"": 0.98, ""median"": 64972630.65674827, ""mad"": 28418197.62883212}, {""feature"": ""max_received_sats"", ""value"": 1003760003.0, ""empirical_anomaly_score"": 0.973333, ""median"": 196990782.5, ""mad"": 81473984.0}, {""feature"": ""avg_network_tx_time_difference"", ""value"": 0.25, ""empirical_anomaly_score"": 0.966667, ""median"": 2.0, ""mad"": 0.33333333333333326}, {""feature"": ""avg_received_sats"", ""value"": 282770936.0, ""empirical_anomaly_score"": 0.953333, ""median"": 80830302.69444445, ""mad"": 23241519.925}, {""feature"": ""mean_latency_ms"", ""value"": 45.5, ""empirical_anomaly_score"": 0.946667, ""median"": 65.55, ""mad"": 6.928571428571427}]"
W000249,0.42238805970149246,67,"[{""feature"": ""active_duration_seconds"", ""value"": 2656418.0, ""empirical_anomaly_score"": 0.96, ""median"": 2407787.5, ""mad"": 132459.5}, {""feature"": ""min_inter_tx_seconds"", ""value"": 41565.0, ""empirical_anomaly_score"": 0.92, ""median"": 7857.0, ""mad"": 5137.5}, {""feature"": ""std_sent_sats"", ""value"": 225099981.61749598, ""empirical_anomaly_score"": 0.906667, ""median"": 62620235.30358499, ""mad"": 25332748.176178508}, {""feature"": ""max_sent_sats"", ""value"": 578282447.0, ""empirical_anomaly_score"": 0.893333, ""median"": 196370893.0, ""mad"": 80988886.0}, {""feature"": ""avg_inter_tx_seconds"", ""value"": 221368.16666666666, ""empirical_anomaly_score"": 0.846667, ""median"": 153303.0358974359, ""mad"": 25534.33560503825}]"
W000250,0.39114427860696527,67,"[{""feature"": ""inbound_ratio"", ""value"": 0.6519473808857408, ""empirical_anomaly_score"": 0.993333, ""median"": 0.5012310997322463, ""mad"": 0.03701682209852983}, {""feature"": ""outbound_ratio"", ""value"": 0.3480526191142593, ""empirical_anomaly_score"": 0.966667, ""median"": 0.49578352067974074, ""mad"": 0.036769728818191294}, {""feature"": ""country_entropy"", ""value"": 0.8030717273241024, ""empirical_anomaly_score"": 0.946667, ""median"": 1.6804820237218405, ""mad"": 0.2119586677656532}, {""feature"": ""max_sent_sats"", ""value"": 688075123.0, ""empirical_anomaly_score"": 0.933333, ""median"": 196370893.0, ""mad"": 80988886.0}, {""feature"": ""total_sent_sats"", ""value"": 1413079327.0, ""empirical_anomaly_score"": 0.933333, ""median"": 649067921.5, ""mad"": 231164563.0}]"
W000251,0.37656716417910446,67,"[{""feature"": ""clustering_coefficient"", ""value"": 0.01282051282051282, ""empirical_anomaly_score"": 0.916667, ""median"": 0.05514051166225079, ""mad"": 0.0137987012987013}, {""feature"": ""median_sent_sats"", ""value"": 97590575.0, ""empirical_anomaly_score"": 0.886667, ""median"": 47216227.0, ""mad"": 12436673.0}, {""feature"": ""avg_outputs_per_tx"", ""value"": 1.0, ""empirical_anomaly_score"": 0.88, ""median"": 1.3125, ""mad"": 0.13068181818181812}, {""feature"": ""max_outputs_per_tx"", ""value"": 1.0, ""empirical_anomaly_score"": 0.88, ""median"": 2.0, ""mad"": 0.0}, {""feature"": ""avg_inter_tx_seconds"", ""value"": 214094.41666666666, ""empirical_anomaly_score"": 0.806667, ""median"": 153303.0358974359, ""mad"": 25534.33560503825}]"
W000252,0.4385074626865672,67,"[{""feature"": ""last_seen"", ""value"": 1780268288000000, ""empirical_anomaly_score"": 0.943333, ""median"": 1780159499500000.0, ""mad"": 85878500000.0}, {""feature"": ""max_sent_sats"", ""value"": 686531565.0, ""empirical_anomaly_score"": 0.926667, ""median"": 196370893.0, ""mad"": 80988886.0}, {""feature"": ""std_sent_sats"", ""value"": 213543439.6315213, ""empirical_anomaly_score"": 0.9, ""median"": 62620235.30358499, ""mad"": 25332748.176178508}, {""feature"": ""median_inter_tx_seconds"", ""value"": 55444.0, ""empirical_anomaly_score"": 0.873333, ""median"": 110529.75, ""mad"": 26467.25}, {""feature"": ""tx_count"", ""value"": 12.0, ""empirical_anomaly_score"": 0.863333, ""median"": 8.0, ""mad"": 2.0}]"
W000253,0.33407960199004993,67,"[{""feature"": ""clustering_coefficient"", ""value"": 0.0915032679738562, ""empirical_anomaly_score"": 0.866667, ""median"": 0.05514051166225079, ""mad"": 0.0137987012987013}, {""feature"": ""median_inter_tx_seconds"", ""value"": 63907.5, ""empirical_anomaly_score"": 0.82, ""median"": 110529.75, ""mad"": 26467.25}, {""feature"": ""community_id"", ""value"": 3, ""empirical_anomaly_score"": 0.67, ""median"": 1.5, ""mad"": 1.5}, {""feature"": ""community_size"", ""value"": 60, ""empirical_anomaly_score"": 0.663333, ""median"": 72.0, ""mad"": 4.0}, {""feature"": ""avg_outputs_per_tx"", ""value"": 1.5, ""empirical_anomaly_score"": 0.643333, ""median"": 1.3125, ""mad"": 0.13068181818181812}]"
W000254,0.4291044776119404,67,"[{""feature"": ""median_sent_sats"", ""value"": 105907813.0, ""empirical_anomaly_score"": 0.933333, ""median"": 47216227.0, ""mad"": 12436673.0}, {""feature"": ""shared_asn_wallet_count"", ""value"": 42.0, ""empirical_anomaly_score"": 0.92, ""median"": 49.0, ""mad"": 4.0}, {""feature"": ""shared_ip_wallet_count"", ""value"": 42.0, ""empirical_anomaly_score"": 0.92, ""median"": 49.0, ""mad"": 4.0}, {""feature"": ""avg_sent_sats"", ""value"": 182176467.33333334, ""empirical_anomaly_score"": 0.906667, ""median"": 69916518.99545455, ""mad"": 18204736.1}, {""feature"": ""std_sent_sats"", ""value"": 203992074.93591687, ""empirical_anomaly_score"": 0.886667, ""median"": 62620235.30358499, ""mad"": 25332748.176178508}]"
W000255,0.5512935323383086,67,"[{""feature"": ""avg_sent_sats"", ""value"": 25153643.0, ""empirical_anomaly_score"": 0.973333, ""median"": 69916518.99545455, ""mad"": 18204736.1}, {""feature"": ""max_sent_sats"", ""value"": 64089493.0, ""empirical_anomaly_score"": 0.94, ""median"": 196370893.0, ""mad"": 80988886.0}, {""feature"": ""total_sent_sats"", ""value"": 176075501.0, ""empirical_anomaly_score"": 0.926667, ""median"": 649067921.5, ""mad"": 231164563.0}, {""feature"": ""shared_ip_wallet_count"", ""value"": 42.0, ""empirical_anomaly_score"": 0.92, ""median"": 49.0, ""mad"": 4.0}, {""feature"": ""shared_asn_wallet_count"", ""value"": 42.0, ""empirical_anomaly_score"": 0.92, ""median"": 49.0, ""mad"": 4.0}]"
W000256,0.4265174129353234,67,"[{""feature"": ""burstiness"", ""value"": 0.17462114479095173, ""empirical_anomaly_score"": 0.933333, ""median"": -0.028558963606097724, ""mad"": 0.06469384018309376}, {""feature"": ""std_latency_ms"", ""value"": 15.33180036930114, ""empirical_anomaly_score"": 0.886667, ""median"": 27.157299680854067, ""mad"": 6.180389164041724}, {""feature"": ""mean_latency_ms"", ""value"": 51.30769230769231, ""empirical_anomaly_score"": 0.833333, ""median"": 65.55, ""mad"": 6.928571428571427}, {""feature"": ""observations_per_tx"", ""value"": 1.625, ""empirical_anomaly_score"": 0.803333, ""median"": 1.3333333333333333, ""mad"": 0.12470862470862476}, {""feature"": ""pagerank"", ""value"": 0.00488223659319863, ""empirical_anomaly_score"": 0.78, ""median"": 0.0031838564235762224, ""mad"": 0.0007468073772566048}]"
W000257,0.45557213930348267,67,"[{""feature"": ""clustering_coefficient"", ""value"": 0.10606060606060606, ""empirical_anomaly_score"": 0.956667, ""median"": 0.05514051166225079, ""mad"": 0.0137987012987013}, {""feature"": ""max_outputs_per_tx"", ""value"": 1.0, ""empirical_anomaly_score"": 0.88, ""median"": 2.0, ""mad"": 0.0}, {""feature"": ""avg_outputs_per_tx"", ""value"": 1.0, ""empirical_anomaly_score"": 0.88, ""median"": 1.3125, ""mad"": 0.13068181818181812}, {""feature"": ""shared_ip_wallet_count"", ""value"": 43.0, ""empirical_anomaly_score"": 0.846667, ""median"": 49.0, ""mad"": 4.0}, {""feature"": ""shared_asn_wallet_count"", ""value"": 43.0, ""empirical_anomaly_score"": 0.846667, ""median"": 49.0, ""mad"": 4.0}]"
W000258,0.5116417910447761,67,"[{""feature"": ""degree"", ""value"": 28, ""empirical_anomaly_score"": 0.976667, ""median"": 17.0, ""mad"": 3.0}, {""feature"": ""incoming_tx_count"", ""value"": 15.0, ""empirical_anomaly_score"": 0.973333, ""median"": 8.0, ""mad"": 2.0}, {""feature"": ""tx_count"", ""value"": 15.0, ""empirical_anomaly_score"": 0.973333, ""median"": 8.0, ""mad"": 2.0}, {""feature"": ""total_received_sats"", ""value"": 2028681341.0, ""empirical_anomaly_score"": 0.973333, ""median"": 599711820.5, ""mad"": 223846575.0}, {""feature"": ""weighted_degree"", ""value"": 28.0, ""empirical_anomaly_score"": 0.973333, ""median"": 17.5, ""mad"": 3.5}]"
W000259,0.4342288557213929,67,"[{""feature"": ""min_inter_tx_seconds"", ""value"": 53282.0, ""empirical_anomaly_score"": 0.966667, ""median"": 7857.0, ""mad"": 5137.5}, {""feature"": ""avg_outputs_per_tx"", ""value"": 1.75, ""empirical_anomaly_score"": 0.943333, ""median"": 1.3125, ""mad"": 0.13068181818181812}, {""feature"": ""first_seen"", ""value"": 1778174604000000, ""empirical_anomaly_score"": 0.933333, ""median"": 1777705462000000.0, ""mad"": 87469000000.0}, {""feature"": ""weighted_in_degree"", ""value"": 4.0, ""empirical_anomaly_score"": 0.896667, ""median"": 9.0, ""mad"": 2.0}, {""feature"": ""outgoing_tx_count"", ""value"": 4.0, ""empirical_anomaly_score"": 0.896667, ""median"": 9.0, ""mad"": 2.0}]"
W000260,0.42298507462686574,67,"[{""feature"": ""std_latency_ms"", ""value"": 50.88579012222996, ""empirical_anomaly_score"": 0.946667, ""median"": 27.157299680854067, ""mad"": 6.180389164041724}, {""feature"": ""in_out_ratio"", ""value"": 0.2130418278125972, ""empirical_anomaly_score"": 0.926667, ""median"": 0.9459241289194119, ""mad"": 0.42671851574922676}, {""feature"": ""avg_received_sats"", ""value"": 37408570.833333336, ""empirical_anomaly_score"": 0.92, ""median"": 80830302.69444445, ""mad"": 23241519.925}, {""feature"": ""median_sent_sats"", ""value"": 97752001.0, ""empirical_anomaly_score"": 0.893333, ""median"": 47216227.0, ""mad"": 12436673.0}, {""feature"": ""median_received_sats"", ""value"": 27281121.0, ""empirical_anomaly_score"": 0.886667, ""median"": 54845191.75, ""mad"": 14310899.0}]"
W000261,0.4744776119402985,67,"[{""feature"": ""out_degree"", ""value"": 2, ""empirical_anomaly_score"": 0.946667, ""median"": 8.0, ""mad"": 2.0}, {""feature"": ""weighted_out_degree"", ""value"": 2.0, ""empirical_anomaly_score"": 0.946667, ""median"": 8.0, ""mad"": 2.0}, {""feature"": ""two_hop_neighbor_count"", ""value"": 18, ""empirical_anomaly_score"": 0.94, ""median"": 62.0, ""mad"": 14.0}, {""feature"": ""tx_count"", ""value"": 2.0, ""empirical_anomaly_score"": 0.936667, ""median"": 8.0, ""mad"": 2.0}, {""feature"": ""incoming_tx_count"", ""value"": 2.0, ""empirical_anomaly_score"": 0.936667, ""median"": 8.0, ""mad"": 2.0}]"
W000262,0.46482587064676606,67,"[{""feature"": ""in_out_ratio"", ""value"": 13.757628320547916, ""empirical_anomaly_score"": 1.0, ""median"": 0.9459241289194119, ""mad"": 0.42671851574922676}, {""feature"": ""total_sent_sats"", ""value"": 62817005.0, ""empirical_anomaly_score"": 0.986667, ""median"": 649067921.5, ""mad"": 231164563.0}, {""feature"": ""max_sent_sats"", ""value"": 34589284.0, ""empirical_anomaly_score"": 0.986667, ""median"": 196370893.0, ""mad"": 80988886.0}, {""feature"": ""avg_sent_sats"", ""value"": 15704251.25, ""empirical_anomaly_score"": 0.986667, ""median"": 69916518.99545455, ""mad"": 18204736.1}, {""feature"": ""median_sent_sats"", ""value"": 11518186.5, ""empirical_anomaly_score"": 0.98, ""median"": 47216227.0, ""mad"": 12436673.0}]"
W000263,0.3756218905472637,67,"[{""feature"": ""burstiness"", ""value"": -0.20033153892833142, ""empirical_anomaly_score"": 0.906667, ""median"": -0.028558963606097724, ""mad"": 0.06469384018309376}, {""feature"": ""std_received_sats"", ""value"": 204662798.87413707, ""empirical_anomaly_score"": 0.893333, ""median"": 64972630.65674827, ""mad"": 28418197.62883212}, {""feature"": ""clustering_coefficient"", ""value"": 0.09166666666666666, ""empirical_anomaly_score"": 0.883333, ""median"": 0.05514051166225079, ""mad"": 0.0137987012987013}, {""feature"": ""max_received_sats"", ""value"": 528686154.0, ""empirical_anomaly_score"": 0.833333, ""median"": 196990782.5, ""mad"": 81473984.0}, {""feature"": ""inbound_ratio"", ""value"": 0.5790572792362768, ""empirical_anomaly_score"": 0.786667, ""median"": 0.5012310997322463, ""mad"": 0.03701682209852983}]"
W000264,0.45985074626865663,67,"[{""feature"": ""median_inter_tx_seconds"", ""value"": 233880.5, ""empirical_anomaly_score"": 0.986667, ""median"": 110529.75, ""mad"": 26467.25}, {""feature"": ""unique_network_types"", ""value"": 5.0, ""empirical_anomaly_score"": 0.953333, ""median"": 3.0, ""mad"": 1.0}, {""feature"": ""in_out_ratio"", ""value"": 0.1812840481447947, ""empirical_anomaly_score"": 0.946667, ""median"": 0.9459241289194119, ""mad"": 0.42671851574922676}, {""feature"": ""betweenness_centrality"", ""value"": 0.0018127397394391421, ""empirical_anomaly_score"": 0.94, ""median"": 0.006049457042989186, ""mad"": 0.002196104480818523}, {""feature"": ""two_hop_neighbor_count"", ""value"": 19, ""empirical_anomaly_score"": 0.93, ""median"": 62.0, ""mad"": 14.0}]"
W000265,0.3963184079601989,67,"[{""feature"": ""burstiness"", ""value"": 0.35377254418767057, ""empirical_anomaly_score"": 1.0, ""median"": -0.028558963606097724, ""mad"": 0.06469384018309376}, {""feature"": ""std_inter_tx_seconds"", ""value"": 366117.5034385328, ""empirical_anomaly_score"": 1.0, ""median"": 145117.80484766472, ""mad"": 30005.163051601456}, {""feature"": ""country_entropy"", ""value"": 0.8112781244591328, ""empirical_anomaly_score"": 0.933333, ""median"": 1.6804820237218405, ""mad"": 0.2119586677656532}, {""feature"": ""unique_countries"", ""value"": 2.0, ""empirical_anomaly_score"": 0.906667, ""median"": 4.0, ""mad"": 1.0}, {""feature"": ""pagerank"", ""value"": 0.001850276049583989, ""empirical_anomaly_score"": 0.866667, ""median"": 0.0031838564235762224, ""mad"": 0.0007468073772566048}]"
W000266,0.3767661691542289,67,"[{""feature"": ""pagerank"", ""value"": 0.005664133334309029, ""empirical_anomaly_score"": 0.933333, ""median"": 0.0031838564235762224, ""mad"": 0.0007468073772566048}, {""feature"": ""median_received_sats"", ""value"": 130082445.0, ""empirical_anomaly_score"": 0.886667, ""median"": 54845191.75, ""mad"": 14310899.0}, {""feature"": ""total_bytes_received"", ""value"": 43926.0, ""empirical_anomaly_score"": 0.82, ""median"": 27443.5, ""mad"": 7628.0}, {""feature"": ""min_inter_tx_seconds"", ""value"": 805.0, ""empirical_anomaly_score"": 0.813333, ""median"": 7857.0, ""mad"": 5137.5}, {""feature"": ""avg_received_sats"", ""value"": 139375951.7142857, ""empirical_anomaly_score"": 0.78, ""median"": 80830302.69444445, ""mad"": 23241519.925}]"
W000267,0.3746766169154228,67,"[{""feature"": ""std_received_sats"", ""value"": 226949154.8329472, ""empirical_anomaly_score"": 0.926667, ""median"": 64972630.65674827, ""mad"": 28418197.62883212}, {""feature"": ""max_received_sats"", ""value"": 656367416.0, ""empirical_anomaly_score"": 0.913333, ""median"": 196990782.5, ""mad"": 81473984.0}, {""feature"": ""in_out_ratio"", ""value"": 3.5683148098370383, ""empirical_anomaly_score"": 0.906667, ""median"": 0.9459241289194119, ""mad"": 0.42671851574922676}, {""feature"": ""avg_network_tx_time_difference"", ""value"": 1.1111111111111112, ""empirical_anomaly_score"": 0.9, ""median"": 2.0, ""mad"": 0.33333333333333326}, {""feature"": ""total_received_sats"", ""value"": 1472912523.0, ""empirical_anomaly_score"": 0.9, ""median"": 599711820.5, ""mad"": 223846575.0}]"
W000268,0.46084577114427866,67,"[{""feature"": ""unique_src_ips"", ""value"": 3.0, ""empirical_anomaly_score"": 0.953333, ""median"": 1.0, ""mad"": 0.0}, {""feature"": ""mean_latency_ms"", ""value"": 50.125, ""empirical_anomaly_score"": 0.88, ""median"": 65.55, ""mad"": 6.928571428571427}, {""feature"": ""in_out_ratio"", ""value"": 3.3339186167294623, ""empirical_anomaly_score"": 0.873333, ""median"": 0.9459241289194119, ""mad"": 0.42671851574922676}, {""feature"": ""two_hop_neighbor_count"", ""value"": 102, ""empirical_anomaly_score"": 0.87, ""median"": 62.0, ""mad"": 14.0}, {""feature"": ""inbound_ratio"", ""value"": 0.5885957291142714, ""empirical_anomaly_score"": 0.86, ""median"": 0.5012310997322463, ""mad"": 0.03701682209852983}]"
W000269,0.29736318407960205,67,"[{""feature"": ""unique_network_types"", ""value"": 5.0, ""empirical_anomaly_score"": 0.953333, ""median"": 3.0, ""mad"": 1.0}, {""feature"": ""max_received_sats"", ""value"": 69464293.0, ""empirical_anomaly_score"": 0.92, ""median"": 196990782.5, ""mad"": 81473984.0}, {""feature"": ""avg_received_sats"", ""value"": 40697202.14285714, ""empirical_anomaly_score"": 0.866667, ""median"": 80830302.69444445, ""mad"": 23241519.925}, {""feature"": ""std_received_sats"", ""value"": 20695870.83509018, ""empirical_anomaly_score"": 0.86, ""median"": 64972630.65674827, ""mad"": 28418197.62883212}, {""feature"": ""median_received_sats"", ""value"": 29473011.0, ""empirical_anomaly_score"": 0.853333, ""median"": 54845191.75, ""mad"": 14310899.0}]"
W000270,0.502636815920398,67,"[{""feature"": ""observations_per_tx"", ""value"": 3.0, ""empirical_anomaly_score"": 0.973333, ""median"": 1.3333333333333333, ""mad"": 0.12470862470862476}, {""feature"": ""total_bytes_received"", ""value"": 59489.0, ""empirical_anomaly_score"": 0.966667, ""median"": 27443.5, ""mad"": 7628.0}, {""feature"": ""std_inter_tx_seconds"", ""value"": 281578.26889253216, ""empirical_anomaly_score"": 0.96, ""median"": 145117.80484766472, ""mad"": 30005.163051601456}, {""feature"": ""unique_dst_ips"", ""value"": 1.0, ""empirical_anomaly_score"": 0.946667, ""median"": 7.0, ""mad"": 2.0}, {""feature"": ""unique_asns"", ""value"": 2.0, ""empirical_anomaly_score"": 0.943333, ""median"": 8.0, ""mad"": 2.0}]"
W000271,0.5064179104477609,67,"[{""feature"": ""observations_per_tx"", ""value"": 3.0, ""empirical_anomaly_score"": 0.973333, ""median"": 1.3333333333333333, ""mad"": 0.12470862470862476}, {""feature"": ""total_bytes_sent"", ""value"": 56103.0, ""empirical_anomaly_score"": 0.953333, ""median"": 26209.0, ""mad"": 6955.5}, {""feature"": ""total_bytes_received"", ""value"": 54336.0, ""empirical_anomaly_score"": 0.946667, ""median"": 27443.5, ""mad"": 7628.0}, {""feature"": ""unique_dst_ips"", ""value"": 1.0, ""empirical_anomaly_score"": 0.946667, ""median"": 7.0, ""mad"": 2.0}, {""feature"": ""unique_asns"", ""value"": 2.0, ""empirical_anomaly_score"": 0.943333, ""median"": 8.0, ""mad"": 2.0}]"
W000272,0.45293532338308456,67,"[{""feature"": ""total_bytes_received"", ""value"": 68612.0, ""empirical_anomaly_score"": 0.993333, ""median"": 27443.5, ""mad"": 7628.0}, {""feature"": ""unique_src_ports"", ""value"": 24.0, ""empirical_anomaly_score"": 0.993333, ""median"": 10.0, ""mad"": 2.0}, {""feature"": ""observation_count"", ""value"": 24.0, ""empirical_anomaly_score"": 0.993333, ""median"": 10.0, ""mad"": 2.0}, {""feature"": ""total_bytes_sent"", ""value"": 65764.0, ""empirical_anomaly_score"": 0.98, ""median"": 26209.0, ""mad"": 6955.5}, {""feature"": ""observations_per_tx"", ""value"": 3.0, ""empirical_anomaly_score"": 0.973333, ""median"": 1.3333333333333333, ""mad"": 0.12470862470862476}]"
W000273,0.48049751243781086,67,"[{""feature"": ""total_bytes_sent"", ""value"": 98132.0, ""empirical_anomaly_score"": 1.0, ""median"": 26209.0, ""mad"": 6955.5}, {""feature"": ""total_bytes_received"", ""value"": 94618.0, ""empirical_anomaly_score"": 1.0, ""median"": 27443.5, ""mad"": 7628.0}, {""feature"": ""observation_count"", ""value"": 36.0, ""empirical_anomaly_score"": 1.0, ""median"": 10.0, ""mad"": 2.0}, {""feature"": ""rapid_hop_count"", ""value"": 17.0, ""empirical_anomaly_score"": 1.0, ""median"": 4.0, ""mad"": 1.0}, {""feature"": ""unique_src_ports"", ""value"": 36.0, ""empirical_anomaly_score"": 1.0, ""median"": 10.0, ""mad"": 2.0}]"
W000274,0.5176119402985075,67,"[{""feature"": ""min_inter_tx_seconds"", ""value"": 80692.0, ""empirical_anomaly_score"": 0.993333, ""median"": 7857.0, ""mad"": 5137.5}, {""feature"": ""observations_per_tx"", ""value"": 3.0, ""empirical_anomaly_score"": 0.973333, ""median"": 1.3333333333333333, ""mad"": 0.12470862470862476}, {""feature"": ""total_received_sats"", ""value"": 147277576.0, ""empirical_anomaly_score"": 0.953333, ""median"": 599711820.5, ""mad"": 223846575.0}, {""feature"": ""unique_dst_ips"", ""value"": 1.0, ""empirical_anomaly_score"": 0.946667, ""median"": 7.0, ""mad"": 2.0}, {""feature"": ""unique_asns"", ""value"": 2.0, ""empirical_anomaly_score"": 0.943333, ""median"": 8.0, ""mad"": 2.0}]"
W000275,0.46442786069651737,67,"[{""feature"": ""total_received_sats"", ""value"": 104788586.0, ""empirical_anomaly_score"": 0.973333, ""median"": 599711820.5, ""mad"": 223846575.0}, {""feature"": ""max_received_sats"", ""value"": 43916962.0, ""empirical_anomaly_score"": 0.973333, ""median"": 196990782.5, ""mad"": 81473984.0}, {""feature"": ""avg_received_sats"", ""value"": 26197146.5, ""empirical_anomaly_score"": 0.973333, ""median"": 80830302.69444445, ""mad"": 23241519.925}, {""feature"": ""median_received_sats"", ""value"": 22038632.0, ""empirical_anomaly_score"": 0.946667, ""median"": 54845191.75, ""mad"": 14310899.0}, {""feature"": ""std_received_sats"", ""value"": 12172732.564576795, ""empirical_anomaly_score"": 0.926667, ""median"": 64972630.65674827, ""mad"": 28418197.62883212}]"
W000276,0.5307960199004975,67,"[{""feature"": ""median_inter_tx_seconds"", ""value"": 223747.0, ""empirical_anomaly_score"": 0.98, ""median"": 110529.75, ""mad"": 26467.25}, {""feature"": ""total_bytes_received"", ""value"": 4835.0, ""empirical_anomaly_score"": 0.966667, ""median"": 27443.5, ""mad"": 7628.0}, {""feature"": ""unique_src_ports"", ""value"": 2.0, ""empirical_anomaly_score"": 0.963333, ""median"": 10.0, ""mad"": 2.0}, {""feature"": ""clustering_coefficient"", ""value"": 0.0, ""empirical_anomaly_score"": 0.963333, ""median"": 0.05514051166225079, ""mad"": 0.0137987012987013}, {""feature"": ""observation_count"", ""value"": 2.0, ""empirical_anomaly_score"": 0.963333, ""median"": 10.0, ""mad"": 2.0}]"
W000277,0.408457711442786,67,"[{""feature"": ""std_received_sats"", ""value"": 311944650.3710332, ""empirical_anomaly_score"": 0.966667, ""median"": 64972630.65674827, ""mad"": 28418197.62883212}, {""feature"": ""total_sent_sats"", ""value"": 1710932561.0, ""empirical_anomaly_score"": 0.96, ""median"": 649067921.5, ""mad"": 231164563.0}, {""feature"": ""avg_received_sats"", ""value"": 223978883.66666666, ""empirical_anomaly_score"": 0.933333, ""median"": 80830302.69444445, ""mad"": 23241519.925}, {""feature"": ""in_degree"", ""value"": 14, ""empirical_anomaly_score"": 0.926667, ""median"": 9.0, ""mad"": 2.0}, {""feature"": ""outgoing_tx_count"", ""value"": 14.0, ""empirical_anomaly_score"": 0.923333, ""median"": 9.0, ""mad"": 2.0}]"
W000278,0.3564179104477612,67,"[{""feature"": ""pagerank"", ""value"": 0.0053872355626881484, ""empirical_anomaly_score"": 0.893333, ""median"": 0.0031838564235762224, ""mad"": 0.0007468073772566048}, {""feature"": ""outgoing_tx_count"", ""value"": 13.0, ""empirical_anomaly_score"": 0.846667, ""median"": 9.0, ""mad"": 2.0}, {""feature"": ""weighted_in_degree"", ""value"": 13.0, ""empirical_anomaly_score"": 0.833333, ""median"": 9.0, ""mad"": 2.0}, {""feature"": ""median_received_sats"", ""value"": 107477123.0, ""empirical_anomaly_score"": 0.833333, ""median"": 54845191.75, ""mad"": 14310899.0}, {""feature"": ""std_received_sats"", ""value"": 173107827.2697965, ""empirical_anomaly_score"": 0.813333, ""median"": 64972630.65674827, ""mad"": 28418197.62883212}]"
W000279,0.46398009950248753,67,"[{""feature"": ""in_degree"", ""value"": 14, ""empirical_anomaly_score"": 0.926667, ""median"": 9.0, ""mad"": 2.0}, {""feature"": ""outgoing_tx_count"", ""value"": 14.0, ""empirical_anomaly_score"": 0.923333, ""median"": 9.0, ""mad"": 2.0}, {""feature"": ""weighted_in_degree"", ""value"": 14.0, ""empirical_anomaly_score"": 0.916667, ""median"": 9.0, ""mad"": 2.0}, {""feature"": ""total_sent_sats"", ""value"": 1351395283.0, ""empirical_anomaly_score"": 0.913333, ""median"": 649067921.5, ""mad"": 231164563.0}, {""feature"": ""unique_dst_ips"", ""value"": 11.0, ""empirical_anomaly_score"": 0.856667, ""median"": 7.0, ""mad"": 2.0}]"
W000280,0.4995024875621892,67,"[{""feature"": ""median_inter_tx_seconds"", ""value"": 236989.0, ""empirical_anomaly_score"": 0.993333, ""median"": 110529.75, ""mad"": 26467.25}, {""feature"": ""in_out_ratio"", ""value"": 6.98943019297757, ""empirical_anomaly_score"": 0.973333, ""median"": 0.9459241289194119, ""mad"": 0.42671851574922676}, {""feature"": ""outbound_ratio"", ""value"": 0.6028515097301836, ""empirical_anomaly_score"": 0.933333, ""median"": 0.49578352067974074, ""mad"": 0.036769728818191294}, {""feature"": ""in_degree"", ""value"": 3, ""empirical_anomaly_score"": 0.93, ""median"": 9.0, ""mad"": 2.0}, {""feature"": ""weighted_in_degree"", ""value"": 3.0, ""empirical_anomaly_score"": 0.93, ""median"": 9.0, ""mad"": 2.0}]"
W000281,0.41233830845771147,67,"[{""feature"": ""median_received_sats"", ""value"": 19812846.0, ""empirical_anomaly_score"": 0.96, ""median"": 54845191.75, ""mad"": 14310899.0}, {""feature"": ""unique_network_types"", ""value"": 5.0, ""empirical_anomaly_score"": 0.953333, ""median"": 3.0, ""mad"": 1.0}, {""feature"": ""asn_entropy"", ""value"": 2.96265904868606, ""empirical_anomaly_score"": 0.843333, ""median"": 2.375, ""mad"": 0.25}, {""feature"": ""total_bytes_sent"", ""value"": 43819.0, ""empirical_anomaly_score"": 0.8, ""median"": 26209.0, ""mad"": 6955.5}, {""feature"": ""clustering_coefficient"", ""value"": 0.029239766081871343, ""empirical_anomaly_score"": 0.773333, ""median"": 0.05514051166225079, ""mad"": 0.0137987012987013}]"
W000282,0.46278606965174135,67,"[{""feature"": ""last_seen"", ""value"": 1780270941000000, ""empirical_anomaly_score"": 0.993333, ""median"": 1780159499500000.0, ""mad"": 85878500000.0}, {""feature"": ""median_sent_sats"", ""value"": 107071063.0, ""empirical_anomaly_score"": 0.946667, ""median"": 47216227.0, ""mad"": 12436673.0}, {""feature"": ""std_latency_ms"", ""value"": 50.6340747304572, ""empirical_anomaly_score"": 0.94, ""median"": 27.157299680854067, ""mad"": 6.180389164041724}, {""feature"": ""clustering_coefficient"", ""value"": 0.0935672514619883, ""empirical_anomaly_score"": 0.893333, ""median"": 0.05514051166225079, ""mad"": 0.0137987012987013}, {""feature"": ""avg_sent_sats"", ""value"": 178074922.42857143, ""empirical_anomaly_score"": 0.886667, ""median"": 69916518.99545455, ""mad"": 18204736.1}]"
W000283,0.44815920398009956,67,"[{""feature"": ""median_inter_tx_seconds"", ""value"": 217230.0, ""empirical_anomaly_score"": 0.953333, ""median"": 110529.75, ""mad"": 26467.25}, {""feature"": ""min_inter_tx_seconds"", ""value"": 40096.0, ""empirical_anomaly_score"": 0.906667, ""median"": 7857.0, ""mad"": 5137.5}, {""feature"": ""observations_per_tx"", ""value"": 1.8, ""empirical_anomaly_score"": 0.906667, ""median"": 1.3333333333333333, ""mad"": 0.12470862470862476}, {""feature"": ""avg_outputs_per_tx"", ""value"": 1.0, ""empirical_anomaly_score"": 0.88, ""median"": 1.3125, ""mad"": 0.13068181818181812}, {""feature"": ""max_outputs_per_tx"", ""value"": 1.0, ""empirical_anomaly_score"": 0.88, ""median"": 2.0, ""mad"": 0.0}]"
W000284,0.35104477611940293,67,"[{""feature"": ""avg_outputs_per_tx"", ""value"": 1.8888888888888888, ""empirical_anomaly_score"": 0.976667, ""median"": 1.3125, ""mad"": 0.13068181818181812}, {""feature"": ""mean_latency_ms"", ""value"": 79.58333333333333, ""empirical_anomaly_score"": 0.84, ""median"": 65.55, ""mad"": 6.928571428571427}, {""feature"": ""min_inter_tx_seconds"", ""value"": 29120.0, ""empirical_anomaly_score"": 0.833333, ""median"": 7857.0, ""mad"": 5137.5}, {""feature"": ""observations_per_tx"", ""value"": 1.0909090909090908, ""empirical_anomaly_score"": 0.81, ""median"": 1.3333333333333333, ""mad"": 0.12470862470862476}, {""feature"": ""max_sent_sats"", ""value"": 440504348.0, ""empirical_anomaly_score"": 0.773333, ""median"": 196370893.0, ""mad"": 80988886.0}]"
W000285,0.5661194029850746,67,"[{""feature"": ""in_out_ratio"", ""value"": 9.43120730102694, ""empirical_anomaly_score"": 0.993333, ""median"": 0.9459241289194119, ""mad"": 0.42671851574922676}, {""feature"": ""two_hop_neighbor_count"", ""value"": 126, ""empirical_anomaly_score"": 0.993333, ""median"": 62.0, ""mad"": 14.0}, {""feature"": ""out_degree"", ""value"": 19, ""empirical_anomaly_score"": 0.99, ""median"": 8.0, ""mad"": 2.0}, {""feature"": ""weighted_out_degree"", ""value"": 19.0, ""empirical_anomaly_score"": 0.99, ""median"": 8.0, ""mad"": 2.0}, {""feature"": ""max_sent_sats"", ""value"": 60671697.0, ""empirical_anomaly_score"": 0.973333, ""median"": 196370893.0, ""mad"": 80988886.0}]"
W000286,0.42398009950248755,67,"[{""feature"": ""avg_sent_sats"", ""value"": 35023905.125, ""empirical_anomaly_score"": 0.886667, ""median"": 69916518.99545455, ""mad"": 18204736.1}, {""feature"": ""max_sent_sats"", ""value"": 74521557.0, ""empirical_anomaly_score"": 0.886667, ""median"": 196370893.0, ""mad"": 80988886.0}, {""feature"": ""std_sent_sats"", ""value"": 24648939.314729832, ""empirical_anomaly_score"": 0.853333, ""median"": 62620235.30358499, ""mad"": 25332748.176178508}, {""feature"": ""median_latency_ms"", ""value"": 76.5, ""empirical_anomaly_score"": 0.846667, ""median"": 59.25, ""mad"": 7.25}, {""feature"": ""out_degree"", ""value"": 4, ""empirical_anomaly_score"": 0.826667, ""median"": 8.0, ""mad"": 2.0}]"
W000287,0.49189054726368153,67,"[{""feature"": ""std_latency_ms"", ""value"": 95.48193546425418, ""empirical_anomaly_score"": 1.0, ""median"": 27.157299680854067, ""mad"": 6.180389164041724}, {""feature"": ""mean_latency_ms"", ""value"": 98.0, ""empirical_anomaly_score"": 0.993333, ""median"": 65.55, ""mad"": 6.928571428571427}, {""feature"": ""min_inter_tx_seconds"", ""value"": 45949.0, ""empirical_anomaly_score"": 0.933333, ""median"": 7857.0, ""mad"": 5137.5}, {""feature"": ""median_sent_sats"", ""value"": 100911353.5, ""empirical_anomaly_score"": 0.913333, ""median"": 47216227.0, ""mad"": 12436673.0}, {""feature"": ""outgoing_tx_count"", ""value"": 4.0, ""empirical_anomaly_score"": 0.896667, ""median"": 9.0, ""mad"": 2.0}]"
W000288,0.35422885572139295,67,"[{""feature"": ""unique_src_ips"", ""value"": 3.0, ""empirical_anomaly_score"": 0.953333, ""median"": 1.0, ""mad"": 0.0}, {""feature"": ""min_inter_tx_seconds"", ""value"": 199.0, ""empirical_anomaly_score"": 0.926667, ""median"": 7857.0, ""mad"": 5137.5}, {""feature"": ""rapid_hop_count"", ""value"": 8.0, ""empirical_anomaly_score"": 0.9, ""median"": 4.0, ""mad"": 1.0}, {""feature"": ""asn_entropy"", ""value"": 3.008694969562842, ""empirical_anomaly_score"": 0.873333, ""median"": 2.375, ""mad"": 0.25}, {""feature"": ""avg_network_tx_time_difference"", ""value"": 1.2, ""empirical_anomaly_score"": 0.85, ""median"": 2.0, ""mad"": 0.33333333333333326}]"
W000289,0.4851243781094526,67,"[{""feature"": ""avg_inter_tx_seconds"", ""value"": 312673.25, ""empirical_anomaly_score"": 1.0, ""median"": 153303.0358974359, ""mad"": 25534.33560503825}, {""feature"": ""transaction_velocity"", ""value"": 3.598005265880596e-06, ""empirical_anomaly_score"": 0.986667, ""median"": 6.95631189636602e-06, ""mad"": 1.0534693895728903e-06}, {""feature"": ""std_inter_tx_seconds"", ""value"": 334691.69455346727, ""empirical_anomaly_score"": 0.98, ""median"": 145117.80484766472, ""mad"": 30005.163051601456}, {""feature"": ""betweenness_centrality"", ""value"": 0.0008778514196649144, ""empirical_anomaly_score"": 0.966667, ""median"": 0.006049457042989186, ""mad"": 0.002196104480818523}, {""feature"": ""clustering_coefficient"", ""value"": 0.0, ""empirical_anomaly_score"": 0.963333, ""median"": 0.05514051166225079, ""mad"": 0.0137987012987013}]"
W000290,0.3924875621890546,67,"[{""feature"": ""country_entropy"", ""value"": 2.1559681021459074, ""empirical_anomaly_score"": 0.946667, ""median"": 1.6804820237218405, ""mad"": 0.2119586677656532}, {""feature"": ""asn_entropy"", ""value"": 3.0391486719030705, ""empirical_anomaly_score"": 0.906667, ""median"": 2.375, ""mad"": 0.25}, {""feature"": ""avg_outputs_per_tx"", ""value"": 1.6, ""empirical_anomaly_score"": 0.806667, ""median"": 1.3125, ""mad"": 0.13068181818181812}, {""feature"": ""min_inter_tx_seconds"", ""value"": 961.0, ""empirical_anomaly_score"": 0.78, ""median"": 7857.0, ""mad"": 5137.5}, {""feature"": ""median_inter_tx_seconds"", ""value"": 70504.0, ""empirical_anomaly_score"": 0.766667, ""median"": 110529.75, ""mad"": 26467.25}]"
W000291,0.6504477611940297,67,"[{""feature"": ""outbound_ratio"", ""value"": 0.6389414589926684, ""empirical_anomaly_score"": 1.0, ""median"": 0.49578352067974074, ""mad"": 0.036769728818191294}, {""feature"": ""burstiness"", ""value"": -0.3595678077497599, ""empirical_anomaly_score"": 0.993333, ""median"": -0.028558963606097724, ""mad"": 0.06469384018309376}, {""feature"": ""last_seen"", ""value"": 1779187920000000, ""empirical_anomaly_score"": 0.98, ""median"": 1780159499500000.0, ""mad"": 85878500000.0}, {""feature"": ""observations_per_tx"", ""value"": 3.0, ""empirical_anomaly_score"": 0.973333, ""median"": 1.3333333333333333, ""mad"": 0.12470862470862476}, {""feature"": ""betweenness_centrality"", ""value"": 0.0008718132308074445, ""empirical_anomaly_score"": 0.973333, ""median"": 0.006049457042989186, ""mad"": 0.002196104480818523}]"
W000292,0.8116915422885574,67,"[{""feature"": ""median_sent_sats"", ""value"": 419160000.0, ""empirical_anomaly_score"": 1.0, ""median"": 47216227.0, ""mad"": 12436673.0}, {""feature"": ""avg_sent_sats"", ""value"": 419160000.0, ""empirical_anomaly_score"": 1.0, ""median"": 69916518.99545455, ""mad"": 18204736.1}, {""feature"": ""median_received_sats"", ""value"": 419160000.0, ""empirical_anomaly_score"": 1.0, ""median"": 54845191.75, ""mad"": 14310899.0}, {""feature"": ""avg_received_sats"", ""value"": 419160000.0, ""empirical_anomaly_score"": 0.993333, ""median"": 80830302.69444445, ""mad"": 23241519.925}, {""feature"": ""transaction_velocity"", ""value"": 0.02666666666666667, ""empirical_anomaly_score"": 0.99, ""median"": 6.95631189636602e-06, ""mad"": 1.0534693895728903e-06}]"
W000293,0.73363184079602,67,"[{""feature"": ""median_sent_sats"", ""value"": 418321680.0, ""empirical_anomaly_score"": 0.993333, ""median"": 47216227.0, ""mad"": 12436673.0}, {""feature"": ""avg_sent_sats"", ""value"": 418321680.0, ""empirical_anomaly_score"": 0.993333, ""median"": 69916518.99545455, ""mad"": 18204736.1}, {""feature"": ""median_received_sats"", ""value"": 418321680.0, ""empirical_anomaly_score"": 0.993333, ""median"": 54845191.75, ""mad"": 14310899.0}, {""feature"": ""transaction_velocity"", ""value"": 0.02666666666666667, ""empirical_anomaly_score"": 0.99, ""median"": 6.95631189636602e-06, ""mad"": 1.0534693895728903e-06}, {""feature"": ""avg_received_sats"", ""value"": 418321680.0, ""empirical_anomaly_score"": 0.986667, ""median"": 80830302.69444445, ""mad"": 23241519.925}]"
W000294,0.70089552238806,67,"[{""feature"": ""transaction_velocity"", ""value"": 0.02666666666666667, ""empirical_anomaly_score"": 0.99, ""median"": 6.95631189636602e-06, ""mad"": 1.0534693895728903e-06}, {""feature"": ""median_received_sats"", ""value"": 417485037.0, ""empirical_anomaly_score"": 0.986667, ""median"": 54845191.75, ""mad"": 14310899.0}, {""feature"": ""median_sent_sats"", ""value"": 417485037.0, ""empirical_anomaly_score"": 0.986667, ""median"": 47216227.0, ""mad"": 12436673.0}, {""feature"": ""first_seen"", ""value"": 1779548550000000, ""empirical_anomaly_score"": 0.986667, ""median"": 1777705462000000.0, ""mad"": 87469000000.0}, {""feature"": ""avg_sent_sats"", ""value"": 417485037.0, ""empirical_anomaly_score"": 0.986667, ""median"": 69916518.99545455, ""mad"": 18204736.1}]"
W000295,0.8091044776119406,67,"[{""feature"": ""first_seen"", ""value"": 1779548625000000, ""empirical_anomaly_score"": 0.993333, ""median"": 1777705462000000.0, ""mad"": 87469000000.0}, {""feature"": ""transaction_velocity"", ""value"": 0.02666666666666667, ""empirical_anomaly_score"": 0.99, ""median"": 6.95631189636602e-06, ""mad"": 1.0534693895728903e-06}, {""feature"": ""unique_src_ips"", ""value"": 0.0, ""empirical_anomaly_score"": 0.986667, ""median"": 1.0, ""mad"": 0.0}, {""feature"": ""observations_per_tx"", ""value"": 0.0, ""empirical_anomaly_score"": 0.986667, ""median"": 1.3333333333333333, ""mad"": 0.12470862470862476}, {""feature"": ""shared_asn_wallet_count"", ""value"": 0.0, ""empirical_anomaly_score"": 0.986667, ""median"": 49.0, ""mad"": 4.0}]"
W000296,0.7426865671641792,67,"[{""feature"": ""first_seen"", ""value"": 1779548700000000, ""empirical_anomaly_score"": 1.0, ""median"": 1777705462000000.0, ""mad"": 87469000000.0}, {""feature"": ""std_sent_sats"", ""value"": 0.0, ""empirical_anomaly_score"": 0.976667, ""median"": 62620235.30358499, ""mad"": 25332748.176178508}, {""feature"": ""std_inter_tx_seconds"", ""value"": 0.0, ""empirical_anomaly_score"": 0.976667, ""median"": 145117.80484766472, ""mad"": 30005.163051601456}, {""feature"": ""weighted_in_degree"", ""value"": 1.0, ""empirical_anomaly_score"": 0.973333, ""median"": 9.0, ""mad"": 2.0}, {""feature"": ""observations_per_tx"", ""value"": 3.0, ""empirical_anomaly_score"": 0.973333, ""median"": 1.3333333333333333, ""mad"": 0.12470862470862476}]"
W000297,0.9649751243781088,67,"[{""feature"": ""community_id"", ""value"": 6, ""empirical_anomaly_score"": 1.0, ""median"": 1.5, ""mad"": 1.5}, {""feature"": ""incoming_tx_count"", ""value"": 0.0, ""empirical_anomaly_score"": 0.993333, ""median"": 8.0, ""mad"": 2.0}, {""feature"": ""tx_count"", ""value"": 0.0, ""empirical_anomaly_score"": 0.993333, ""median"": 8.0, ""mad"": 2.0}, {""feature"": ""total_received_sats"", ""value"": 0.0, ""empirical_anomaly_score"": 0.993333, ""median"": 599711820.5, ""mad"": 223846575.0}, {""feature"": ""avg_received_sats"", ""value"": 0.0, ""empirical_anomaly_score"": 0.993333, ""median"": 80830302.69444445, ""mad"": 23241519.925}]"
W000298,0.4696019900497514,67,"[{""feature"": ""unique_asns"", ""value"": 18.0, ""empirical_anomaly_score"": 1.0, ""median"": 8.0, ""mad"": 2.0}, {""feature"": ""asn_entropy"", ""value"": 3.4464393446710155, ""empirical_anomaly_score"": 1.0, ""median"": 2.375, ""mad"": 0.25}, {""feature"": ""unique_dst_ips"", ""value"": 16.0, ""empirical_anomaly_score"": 1.0, ""median"": 7.0, ""mad"": 2.0}, {""feature"": ""total_bytes_sent"", ""value"": 64463.0, ""empirical_anomaly_score"": 0.966667, ""median"": 26209.0, ""mad"": 6955.5}, {""feature"": ""outgoing_tx_count"", ""value"": 15.0, ""empirical_anomaly_score"": 0.96, ""median"": 9.0, ""mad"": 2.0}]"
W000299,0.4694029850746269,67,"[{""feature"": ""clustering_coefficient"", ""value"": 0.0, ""empirical_anomaly_score"": 0.963333, ""median"": 0.05514051166225079, ""mad"": 0.0137987012987013}, {""feature"": ""community_id"", ""value"": 4, ""empirical_anomaly_score"": 0.92, ""median"": 1.5, ""mad"": 1.5}, {""feature"": ""community_size"", ""value"": 15, ""empirical_anomaly_score"": 0.913333, ""median"": 72.0, ""mad"": 4.0}, {""feature"": ""mean_latency_ms"", ""value"": 48.875, ""empirical_anomaly_score"": 0.913333, ""median"": 65.55, ""mad"": 6.928571428571427}, {""feature"": ""avg_network_tx_time_difference"", ""value"": 2.75, ""empirical_anomaly_score"": 0.89, ""median"": 2.0, ""mad"": 0.33333333333333326}]"
W000300,0.5049253731343283,67,"[{""feature"": ""total_bytes_sent"", ""value"": 65166.0, ""empirical_anomaly_score"": 0.973333, ""median"": 26209.0, ""mad"": 6955.5}, {""feature"": ""observation_count"", ""value"": 19.0, ""empirical_anomaly_score"": 0.933333, ""median"": 10.0, ""mad"": 2.0}, {""feature"": ""unique_src_ports"", ""value"": 19.0, ""empirical_anomaly_score"": 0.933333, ""median"": 10.0, ""mad"": 2.0}, {""feature"": ""unique_dst_ips"", ""value"": 12.0, ""empirical_anomaly_score"": 0.906667, ""median"": 7.0, ""mad"": 2.0}, {""feature"": ""active_duration_seconds"", ""value"": 2635071.0, ""empirical_anomaly_score"": 0.9, ""median"": 2407787.5, ""mad"": 132459.5}]"
