source_wallet_id,target_wallet_id,transaction_count,total_amount_sats,first_seen,last_seen
W0000001,W0000049,1,23455792,2026-02-09 03:13:38,2026-02-09 03:13:38
W0000001,W0000104,1,6221244,2026-02-28 12:04:38,2026-02-28 12:04:38
W0000001,W0000144,1,14090334,2026-01-13 11:33:19,2026-01-13 11:33:19
W0000001,W0000151,1,2618924,2026-04-11 11:25:21,2026-04-11 11:25:21
W0000001,W0000238,2,28245493,2026-01-11 03:58:52,2026-03-21 22:14:08
W0000001,W0000279,1,2905657,2026-03-19 10:39:04,2026-03-19 10:39:04
W0000001,W0000280,1,3751584,2026-05-22 13:00:44,2026-05-22 13:00:44
W0000001,W0000325,1,6073547,2026-03-13 16:10:40,2026-03-13 16:10:40
W0000001,W0000343,1,9719701,2026-03-27 00:00:14,2026-03-27 00:00:14
W0000001,W0000344,1,5987783,2026-01-07 11:43:14,2026-01-07 11:43:14
W0000001,W0000349,1,10325881,2026-03-17 19:17:24,2026-03-17 19:17:24
W0000001,W0000364,1,10054245,2026-04-22 20:45:54,2026-04-22 20:45:54
W0000001,W0000365,1,7152831,2026-05-04 07:03:33,2026-05-04 07:03:33
W0000001,W0000380,1,72116228,2026-01-28 04:07:43,2026-01-28 04:07:43
W0000001,W0000387,1,6904418,2026-02-08 14:16:45,2026-02-08 14:16:45
W0000001,W0000401,2,9589394,2026-03-19 17:56:05,2026-06-06 01:59:10
W0000001,W0000431,1,10352351,2026-03-31 04:54:07,2026-03-31 04:54:07
W0000002,W0000075,1,17430848,2026-01-02 01:44:01,2026-01-02 01:44:01
W0000002,W0000112,1,5201362,2026-06-12 01:54:49,2026-06-12 01:54:49
W0000002,W0000118,1,3651486,2026-03-07 11:32:28,2026-03-07 11:32:28
W0000002,W0000138,1,26407233,2026-06-16 17:20:46,2026-06-16 17:20:46
W0000002,W0000154,1,14293271,2026-05-20 15:13:14,2026-05-20 15:13:14
W0000002,W0000160,1,39366006,2026-04-14 05:52:33,2026-04-14 05:52:33
W0000002,W0000171,1,2707366,2026-06-27 10:33:40,2026-06-27 10:33:40
W0000002,W0000172,1,26199644,2026-06-24 11:17:59,2026-06-24 11:17:59
W0000002,W0000213,1,22055591,2026-03-14 03:50:44,2026-03-14 03:50:44
W0000002,W0000221,2,32318479,2026-05-08 11:43:29,2026-05-11 14:32:20
W0000002,W0000226,1,7649443,2026-02-10 10:51:21,2026-02-10 10:51:21
W0000002,W0000232,1,16645308,2026-05-20 05:41:19,2026-05-20 05:41:19
W0000002,W0000258,1,14245991,2026-04-17 08:41:35,2026-04-17 08:41:35
W0000002,W0000268,1,3828322,2026-01-31 03:31:09,2026-01-31 03:31:09
W0000002,W0000286,1,1178337,2026-05-13 02:41:59,2026-05-13 02:41:59
W0000002,W0000298,1,2298132,2026-03-24 06:34:22,2026-03-24 06:34:22
W0000002,W0000324,1,62378133,2026-05-09 07:50:53,2026-05-09 07:50:53
W0000002,W0000339,1,33051274,2026-04-06 05:21:11,2026-04-06 05:21:11
W0000002,W0000353,1,2369712,2026-01-10 17:00:37,2026-01-10 17:00:37
W0000002,W0000356,1,10790980,2026-03-31 13:51:22,2026-03-31 13:51:22
W0000002,W0000419,1,7180634,2026-03-05 23:13:37,2026-03-05 23:13:37
W0000002,W0000431,1,2837893,2026-03-13 19:42:38,2026-03-13 19:42:38
W0000002,W0000450,1,7452026,2026-04-08 04:54:01,2026-04-08 04:54:01
W0000002,W0000465,1,13844376,2026-01-09 03:33:42,2026-01-09 03:33:42
W0000002,W0000491,1,6843559,2026-01-14 18:52:28,2026-01-14 18:52:28
W0000002,W0000492,1,183616,2026-03-04 13:29:03,2026-03-04 13:29:03
W0000002,W0000493,1,1189014,2026-06-28 23:21:37,2026-06-28 23:21:37
W0000003,W0000051,1,28532706,2026-02-24 17:12:32,2026-02-24 17:12:32
W0000003,W0000072,1,29835410,2026-06-10 06:50:07,2026-06-10 06:50:07
W0000003,W0000080,1,26601863,2026-06-28 16:24:42,2026-06-28 16:24:42
W0000003,W0000099,1,1547733,2026-03-06 21:57:10,2026-03-06 21:57:10
W0000003,W0000107,1,4750455,2026-04-04 10:43:39,2026-04-04 10:43:39
W0000003,W0000177,1,5643615,2026-04-20 04:38:01,2026-04-20 04:38:01
W0000003,W0000180,1,61120912,2026-04-19 14:14:57,2026-04-19 14:14:57
W0000003,W0000181,1,50119103,2026-01-07 19:39:36,2026-01-07 19:39:36
W0000003,W0000194,1,27786352,2026-02-22 15:19:16,2026-02-22 15:19:16
W0000003,W0000203,1,66608009,2026-05-27 09:13:28,2026-05-27 09:13:28
W0000003,W0000294,1,22967026,2026-03-23 02:48:11,2026-03-23 02:48:11
W0000003,W0000297,1,2289100,2026-03-29 10:24:29,2026-03-29 10:24:29
W0000003,W0000378,1,3751000,2026-02-23 22:15:04,2026-02-23 22:15:04
W0000003,W0000382,1,3106459,2026-02-22 12:50:09,2026-02-22 12:50:09
W0000003,W0000389,1,2117301,2026-03-22 05:02:34,2026-03-22 05:02:34
W0000003,W0000402,2,18648965,2026-01-01 09:10:35,2026-02-19 15:31:43
W0000003,W0000406,1,2892536,2026-01-23 21:07:15,2026-01-23 21:07:15
W0000003,W0000428,1,10925217,2026-05-29 01:03:42,2026-05-29 01:03:42
W0000003,W0000459,1,2260925,2026-04-11 08:06:58,2026-04-11 08:06:58
W0000003,W0000478,1,16271043,2026-04-07 00:19:08,2026-04-07 00:19:08
W0000003,W0000493,1,26218882,2026-06-19 07:53:16,2026-06-19 07:53:16
W0000003,W0000499,1,24079655,2026-05-14 02:14:21,2026-05-14 02:14:21
W0000004,W0000005,1,45027314,2026-01-26 17:04:05,2026-01-26 17:04:05
W0000004,W0000013,1,46294988,2026-06-19 11:22:31,2026-06-19 11:22:31
W0000004,W0000017,1,23465122,2026-01-28 15:38:28,2026-01-28 15:38:28
W0000004,W0000048,1,35416286,2026-03-20 07:35:36,2026-03-20 07:35:36
W0000004,W0000050,1,22377277,2026-01-10 11:11:11,2026-01-10 11:11:11
W0000004,W0000053,1,45027314,2026-01-26 17:04:05,2026-01-26 17:04:05
W0000004,W0000068,1,7156442,2026-06-07 05:58:32,2026-06-07 05:58:32
W0000004,W0000085,2,46695609,2026-05-11 16:17:46,2026-06-08 22:15:11
W0000004,W0000088,1,1791641,2026-05-06 15:24:04,2026-05-06 15:24:04
W0000004,W0000093,1,8392234,2026-05-11 16:17:46,2026-05-11 16:17:46
W0000004,W0000095,1,7156442,2026-06-07 05:58:32,2026-06-07 05:58:32
W0000004,W0000097,1,5973293,2026-05-25 21:02:27,2026-05-25 21:02:27
W0000004,W0000109,2,82573440,2026-04-12 03:01:36,2026-06-17 15:52:30
W0000004,W0000111,1,27534530,2026-06-04 11:59:29,2026-06-04 11:59:29
W0000004,W0000132,1,11982551,2026-05-07 04:07:14,2026-05-07 04:07:14
W0000004,W0000136,1,4555319,2026-05-18 16:41:31,2026-05-18 16:41:31
W0000004,W0000148,1,12339469,2026-01-29 01:27:27,2026-01-29 01:27:27
W0000004,W0000188,1,20968820,2026-01-17 19:48:55,2026-01-17 19:48:55
W0000004,W0000231,1,11087226,2026-06-04 04:04:34,2026-06-04 04:04:34
W0000004,W0000242,1,8392234,2026-05-11 16:17:46,2026-05-11 16:17:46
W0000004,W0000255,1,8392234,2026-05-11 16:17:46,2026-05-11 16:17:46
W0000004,W0000263,1,49981829,2026-06-01 13:42:07,2026-06-01 13:42:07
W0000004,W0000282,1,1019518,2026-05-10 14:09:24,2026-05-10 14:09:24
W0000004,W0000294,1,46294988,2026-06-19 11:22:31,2026-06-19 11:22:31
W0000004,W0000299,1,17797992,2026-03-31 21:20:00,2026-03-31 21:20:00
W0000004,W0000305,1,7156442,2026-06-07 05:58:32,2026-06-07 05:58:32
W0000004,W0000314,1,9508846,2026-04-27 00:17:54,2026-04-27 00:17:54
W0000004,W0000319,1,28426013,2026-06-17 10:08:07,2026-06-17 10:08:07
W0000004,W0000335,1,10087291,2026-02-25 02:17:05,2026-02-25 02:17:05
W0000004,W0000337,1,17797992,2026-03-31 21:20:00,2026-03-31 21:20:00
W0000004,W0000341,1,46294988,2026-06-19 11:22:31,2026-06-19 11:22:31
W0000004,W0000342,1,27859615,2026-04-12 03:01:36,2026-04-12 03:01:36
W0000004,W0000355,1,32030445,2026-02-05 04:58:48,2026-02-05 04:58:48
W0000004,W0000382,1,5023402,2026-02-17 09:17:21,2026-02-17 09:17:21
W0000004,W0000385,1,15404609,2026-06-28 03:52:59,2026-06-28 03:52:59
W0000004,W0000386,1,11982551,2026-05-07 04:07:14,2026-05-07 04:07:14
W0000004,W0000397,1,5973293,2026-05-25 21:02:27,2026-05-25 21:02:27
W0000004,W0000402,1,38303375,2026-06-08 22:15:11,2026-06-08 22:15:11
W0000004,W0000409,1,35416286,2026-03-20 07:35:36,2026-03-20 07:35:36
W0000004,W0000415,1,5023402,2026-02-17 09:17:21,2026-02-17 09:17:21
W0000004,W0000455,1,11982551,2026-05-07 04:07:14,2026-05-07 04:07:14
W0000004,W0000460,1,4555319,2026-05-18 16:41:31,2026-05-18 16:41:31
W0000004,W0000472,1,45027314,2026-01-26 17:04:05,2026-01-26 17:04:05
W0000004,W0000487,1,9508846,2026-04-27 00:17:54,2026-04-27 00:17:54
W0000004,W0000489,1,27534530,2026-06-04 11:59:29,2026-06-04 11:59:29
W0000004,W0000492,1,1791641,2026-05-06 15:24:04,2026-05-06 15:24:04
W0000005,W0000098,1,2950110,2026-04-25 23:13:02,2026-04-25 23:13:02
W0000005,W0000112,1,2045841,2026-05-06 17:38:40,2026-05-06 17:38:40
W0000005,W0000144,1,1042215,2026-01-19 04:09:43,2026-01-19 04:09:43
W0000005,W0000171,1,27154890,2026-06-10 10:31:52,2026-06-10 10:31:52
W0000005,W0000174,1,19463866,2026-02-06 22:16:02,2026-02-06 22:16:02
W0000005,W0000178,1,2000858,2026-05-29 11:48:24,2026-05-29 11:48:24
W0000005,W0000220,1,1151156,2026-06-16 03:16:00,2026-06-16 03:16:00
W0000005,W0000233,1,19510774,2026-01-03 19:44:09,2026-01-03 19:44:09
W0000005,W0000329,1,37547573,2026-04-28 18:54:44,2026-04-28 18:54:44
W0000005,W0000341,1,10610551,2026-06-16 19:19:47,2026-06-16 19:19:47
W0000005,W0000357,1,1124980,2026-01-03 06:33:43,2026-01-03 06:33:43
W0000005,W0000376,1,28167609,2026-03-29 02:24:29,2026-03-29 02:24:29
W0000005,W0000406,1,4758839,2026-04-08 19:57:39,2026-04-08 19:57:39
W0000005,W0000410,1,18295958,2026-02-15 17:34:16,2026-02-15 17:34:16
W0000005,W0000473,1,47119733,2026-03-06 19:25:10,2026-03-06 19:25:10
W0000006,W0000015,1,36740670,2026-03-08 06:31:22,2026-03-08 06:31:22
W0000006,W0000043,1,132390613,2026-02-17 21:51:18,2026-02-17 21:51:18
W0000006,W0000107,1,1797460,2026-04-03 20:44:08,2026-04-03 20:44:08
W0000006,W0000150,1,15951265,2026-05-07 16:16:16,2026-05-07 16:16:16
W0000006,W0000154,1,15951265,2026-05-07 16:16:16,2026-05-07 16:16:16
W0000006,W0000186,1,100286371,2026-01-15 12:41:42,2026-01-15 12:41:42
W0000006,W0000226,1,16366554,2026-03-24 07:29:12,2026-03-24 07:29:12
W0000006,W0000239,1,5822647,2026-02-22 16:42:28,2026-02-22 16:42:28
W0000006,W0000304,1,26502973,2026-02-05 08:09:51,2026-02-05 08:09:51
W0000006,W0000331,1,1822454,2026-05-07 05:35:16,2026-05-07 05:35:16
W0000006,W0000337,1,67380680,2026-01-23 05:23:42,2026-01-23 05:23:42
W0000006,W0000338,1,48658841,2026-01-12 07:13:08,2026-01-12 07:13:08
W0000006,W0000341,1,52979976,2026-03-09 03:31:18,2026-03-09 03:31:18
W0000006,W0000351,1,1797460,2026-04-03 20:44:08,2026-04-03 20:44:08
W0000006,W0000360,1,1822454,2026-05-07 05:35:16,2026-05-07 05:35:16
W0000006,W0000407,1,1701146,2026-05-28 09:13:00,2026-05-28 09:13:00
W0000006,W0000437,1,18514644,2026-04-23 06:06:15,2026-04-23 06:06:15
W0000006,W0000455,1,43128344,2026-02-21 19:29:43,2026-02-21 19:29:43
W0000006,W0000469,1,36740670,2026-03-08 06:31:22,2026-03-08 06:31:22
W0000007,W0000006,1,36943149,2026-04-20 03:09:56,2026-04-20 03:09:56
W0000007,W0000009,1,8022076,2026-03-09 05:23:21,2026-03-09 05:23:21
W0000007,W0000138,1,35974437,2026-06-15 08:21:41,2026-06-15 08:21:41
W0000007,W0000156,1,4708105,2026-06-23 02:05:47,2026-06-23 02:05:47
W0000007,W0000175,1,13539765,2026-06-17 10:42:56,2026-06-17 10:42:56
W0000007,W0000192,1,12560758,2026-04-06 19:27:47,2026-04-06 19:27:47
W0000007,W0000200,1,22371933,2026-05-21 18:01:01,2026-05-21 18:01:01
W0000007,W0000235,1,8483722,2026-05-10 03:47:41,2026-05-10 03:47:41
W0000007,W0000241,1,65815837,2026-02-06 11:45:31,2026-02-06 11:45:31
W0000007,W0000252,1,10631068,2026-05-05 17:37:52,2026-05-05 17:37:52
W0000007,W0000254,1,3294040,2026-01-03 18:58:29,2026-01-03 18:58:29
W0000007,W0000260,1,2053437,2026-04-14 04:19:31,2026-04-14 04:19:31
W0000007,W0000293,1,8500457,2026-05-31 09:52:07,2026-05-31 09:52:07
W0000007,W0000313,1,28348100,2026-06-27 11:32:11,2026-06-27 11:32:11
W0000007,W0000317,1,3874410,2026-01-25 02:08:37,2026-01-25 02:08:37
W0000007,W0000319,1,15596092,2026-04-07 23:46:38,2026-04-07 23:46:38
W0000007,W0000342,1,3832581,2026-04-14 00:23:56,2026-04-14 00:23:56
W0000007,W0000379,1,2823752,2026-03-17 14:03:59,2026-03-17 14:03:59
W0000007,W0000398,1,56282636,2026-01-01 17:00:30,2026-01-01 17:00:30
W0000007,W0000423,1,32516942,2026-03-26 04:21:55,2026-03-26 04:21:55
W0000007,W0000429,1,9710398,2026-05-29 09:33:43,2026-05-29 09:33:43
W0000007,W0000432,1,12135864,2026-02-12 19:58:51,2026-02-12 19:58:51
W0000007,W0000441,1,7993676,2026-04-24 02:48:51,2026-04-24 02:48:51
W0000007,W0000461,1,3992475,2026-01-01 14:00:02,2026-01-01 14:00:02
W0000007,W0000496,1,19345254,2026-01-25 08:38:20,2026-01-25 08:38:20
W0000008,W0000037,1,33549133,2026-05-10 16:21:10,2026-05-10 16:21:10
W0000008,W0000041,1,12120928,2026-05-19 12:24:24,2026-05-19 12:24:24
W0000008,W0000048,2,10302002,2026-01-12 10:52:13,2026-06-08 22:17:13
W0000008,W0000055,1,10766392,2026-02-11 01:22:25,2026-02-11 01:22:25
W0000008,W0000125,1,23693078,2026-05-29 19:27:28,2026-05-29 19:27:28
W0000008,W0000127,2,64847226,2026-02-07 01:42:22,2026-03-28 01:46:56
W0000008,W0000156,1,7684073,2026-04-18 16:31:17,2026-04-18 16:31:17
W0000008,W0000189,1,8900071,2026-03-30 03:00:39,2026-03-30 03:00:39
W0000008,W0000208,1,9246562,2026-05-10 15:48:43,2026-05-10 15:48:43
W0000008,W0000214,1,11550811,2026-04-12 19:02:01,2026-04-12 19:02:01
W0000008,W0000220,1,2134140,2026-02-04 16:04:31,2026-02-04 16:04:31
W0000008,W0000224,1,24683349,2026-06-30 06:07:15,2026-06-30 06:07:15
W0000008,W0000278,1,7830829,2026-01-21 08:52:25,2026-01-21 08:52:25
W0000008,W0000322,1,59539052,2026-06-10 09:13:58,2026-06-10 09:13:58
W0000008,W0000331,1,36442388,2026-03-02 20:24:23,2026-03-02 20:24:23
W0000008,W0000333,1,3573281,2026-04-28 08:47:38,2026-04-28 08:47:38
W0000008,W0000382,1,19495232,2026-01-20 14:35:15,2026-01-20 14:35:15
W0000008,W0000386,1,9594589,2026-02-28 02:36:00,2026-02-28 02:36:00
W0000008,W0000454,1,9887849,2026-06-15 17:41:18,2026-06-15 17:41:18
W0000009,W0000018,1,21640613,2026-06-19 12:51:06,2026-06-19 12:51:06
W0000009,W0000030,1,4121776,2026-05-21 00:09:33,2026-05-21 00:09:33
W0000009,W0000036,2,20653220,2026-03-10 22:10:53,2026-04-23 23:35:01
W0000009,W0000039,1,2265930,2026-03-29 11:09:21,2026-03-29 11:09:21
W0000009,W0000064,1,18923095,2026-05-22 19:20:02,2026-05-22 19:20:02
W0000009,W0000078,1,26055678,2026-02-08 09:36:43,2026-02-08 09:36:43
W0000009,W0000079,1,13633778,2026-02-07 11:55:44,2026-02-07 11:55:44
W0000009,W0000121,1,4697680,2026-05-13 18:32:37,2026-05-13 18:32:37
W0000009,W0000173,1,47532964,2026-03-06 21:28:29,2026-03-06 21:28:29
W0000009,W0000248,1,10251557,2026-01-25 08:28:52,2026-01-25 08:28:52
W0000009,W0000253,1,13390859,2026-02-20 05:38:22,2026-02-20 05:38:22
W0000009,W0000285,1,4818251,2026-04-04 03:00:32,2026-04-04 03:00:32
W0000009,W0000296,1,42829584,2026-04-09 13:31:44,2026-04-09 13:31:44
W0000009,W0000318,1,12487424,2026-05-20 11:39:21,2026-05-20 11:39:21
W0000009,W0000342,1,38856322,2026-02-02 00:46:45,2026-02-02 00:46:45
W0000009,W0000359,1,17042254,2026-06-06 13:00:49,2026-06-06 13:00:49
W0000009,W0000383,1,37515416,2026-04-27 16:33:58,2026-04-27 16:33:58
W0000009,W0000444,1,5550595,2026-01-15 00:19:18,2026-01-15 00:19:18
W0000009,W0000465,1,9837582,2026-01-18 10:31:11,2026-01-18 10:31:11
W0000010,W0000032,1,32701692,2026-02-03 13:24:24,2026-02-03 13:24:24
W0000010,W0000068,1,3522676,2026-02-14 10:31:34,2026-02-14 10:31:34
W0000010,W0000072,1,15627752,2026-03-18 08:36:28,2026-03-18 08:36:28
W0000010,W0000115,1,8029871,2026-02-25 21:23:28,2026-02-25 21:23:28
W0000010,W0000188,1,7927349,2026-01-07 06:48:48,2026-01-07 06:48:48
W0000010,W0000222,1,6693217,2026-04-01 02:00:57,2026-04-01 02:00:57
W0000010,W0000264,1,9178134,2026-06-13 02:57:37,2026-06-13 02:57:37
W0000010,W0000302,1,23969505,2026-01-03 05:16:09,2026-01-03 05:16:09
W0000010,W0000322,1,46886521,2026-02-13 22:28:28,2026-02-13 22:28:28
W0000010,W0000323,1,4837783,2026-01-13 04:39:43,2026-01-13 04:39:43
W0000010,W0000365,2,22523575,2026-02-13 19:01:17,2026-04-12 15:28:10
W0000010,W0000384,1,74748359,2026-03-05 14:08:20,2026-03-05 14:08:20
W0000010,W0000407,1,2121142,2026-05-26 13:47:05,2026-05-26 13:47:05
W0000010,W0000414,1,836571,2026-03-28 10:42:48,2026-03-28 10:42:48
W0000010,W0000447,1,9466214,2026-02-14 01:31:08,2026-02-14 01:31:08
W0000010,W0000481,1,6794971,2026-02-10 13:02:34,2026-02-10 13:02:34
W0000010,W0000485,1,2883508,2026-01-11 18:07:27,2026-01-11 18:07:27
W0000011,W0000010,1,108827793,2026-03-10 05:23:47,2026-03-10 05:23:47
W0000011,W0000058,1,3361024,2026-05-31 14:20:28,2026-05-31 14:20:28
W0000011,W0000223,1,28408852,2026-05-10 19:09:55,2026-05-10 19:09:55
W0000011,W0000299,1,7976731,2026-02-22 00:57:30,2026-02-22 00:57:30
W0000011,W0000311,1,15066521,2026-01-19 13:19:34,2026-01-19 13:19:34
W0000011,W0000349,1,34291574,2026-02-08 15:12:43,2026-02-08 15:12:43
W0000011,W0000370,1,9570550,2026-03-30 21:37:50,2026-03-30 21:37:50
W0000011,W0000409,1,11936481,2026-03-18 10:57:11,2026-03-18 10:57:11
W0000011,W0000472,1,15066521,2026-01-19 13:19:34,2026-01-19 13:19:34
W0000012,W0000085,1,31174699,2026-01-09 02:36:36,2026-01-09 02:36:36
W0000012,W0000099,1,72428161,2026-02-27 15:55:07,2026-02-27 15:55:07
W0000012,W0000127,1,3008777,2026-06-21 21:04:11,2026-06-21 21:04:11
W0000012,W0000133,1,54072039,2026-04-14 02:54:29,2026-04-14 02:54:29
W0000012,W0000141,1,40085694,2026-05-11 17:51:26,2026-05-11 17:51:26
W0000012,W0000147,1,13010135,2026-04-06 07:05:34,2026-04-06 07:05:34
W0000012,W0000161,1,85068115,2026-03-21 09:24:06,2026-03-21 09:24:06
W0000012,W0000191,1,33349881,2026-05-11 01:11:21,2026-05-11 01:11:21
W0000012,W0000197,1,23910102,2026-01-09 15:54:07,2026-01-09 15:54:07
W0000012,W0000221,1,23008590,2026-05-11 23:40:12,2026-05-11 23:40:12
W0000012,W0000230,1,17165423,2026-03-06 02:25:20,2026-03-06 02:25:20
W0000012,W0000240,1,44678914,2026-06-04 22:31:10,2026-06-04 22:31:10
W0000012,W0000268,1,10932449,2026-01-02 09:57:41,2026-01-02 09:57:41
W0000012,W0000277,1,89101933,2026-04-25 02:38:07,2026-04-25 02:38:07
W0000012,W0000296,1,96952534,2026-03-23 05:50:04,2026-03-23 05:50:04
W0000012,W0000318,1,37392216,2026-06-18 06:01:32,2026-06-18 06:01:32
W0000012,W0000331,1,56071038,2026-01-29 23:29:05,2026-01-29 23:29:05
W0000012,W0000334,1,12986835,2026-01-16 00:34:35,2026-01-16 00:34:35
W0000012,W0000409,1,45956874,2026-02-20 05:35:01,2026-02-20 05:35:01
W0000012,W0000464,1,43619843,2026-05-17 10:20:40,2026-05-17 10:20:40
W0000012,W0000481,1,2448697,2026-02-02 07:55:06,2026-02-02 07:55:06
W0000013,W0000012,1,4958879,2026-02-13 11:03:17,2026-02-13 11:03:17
W0000013,W0000036,1,11870995,2026-05-12 16:42:43,2026-05-12 16:42:43
W0000013,W0000054,1,33303454,2026-06-26 17:03:48,2026-06-26 17:03:48
W0000013,W0000068,1,33469533,2026-05-04 04:48:45,2026-05-04 04:48:45
W0000013,W0000101,1,13769292,2026-05-16 06:57:16,2026-05-16 06:57:16
W0000013,W0000142,1,10828977,2026-01-05 16:07:20,2026-01-05 16:07:20
W0000013,W0000161,1,2640734,2026-06-29 04:05:51,2026-06-29 04:05:51
W0000013,W0000170,1,2465693,2026-05-07 04:24:25,2026-05-07 04:24:25
W0000013,W0000184,1,17616165,2026-02-02 00:56:27,2026-02-02 00:56:27
W0000013,W0000191,1,35858008,2026-02-24 08:34:35,2026-02-24 08:34:35
W0000013,W0000203,1,20018949,2026-02-27 02:40:37,2026-02-27 02:40:37
W0000013,W0000224,1,1988627,2026-04-14 05:51:46,2026-04-14 05:51:46
W0000013,W0000286,1,542402,2026-02-24 04:44:35,2026-02-24 04:44:35
W0000013,W0000319,1,4199255,2026-02-15 09:37:24,2026-02-15 09:37:24
W0000013,W0000397,1,11308233,2026-01-07 13:25:01,2026-01-07 13:25:01
W0000013,W0000406,1,17574759,2026-06-05 06:55:05,2026-06-05 06:55:05
W0000013,W0000432,1,30980579,2026-03-11 09:34:28,2026-03-11 09:34:28
W0000014,W0000006,1,6781314,2026-01-23 08:08:12,2026-01-23 08:08:12
W0000014,W0000133,1,30145224,2026-06-07 06:38:50,2026-06-07 06:38:50
W0000014,W0000146,1,39768204,2026-04-21 21:49:21,2026-04-21 21:49:21
W0000014,W0000210,1,26029652,2026-06-30 02:58:53,2026-06-30 02:58:53
W0000014,W0000338,1,2833740,2026-02-21 22:23:48,2026-02-21 22:23:48
W0000014,W0000367,1,7517395,2026-04-07 05:56:21,2026-04-07 05:56:21
W0000014,W0000392,1,5560161,2026-03-12 23:04:20,2026-03-12 23:04:20
W0000014,W0000465,1,33830865,2026-06-28 07:32:48,2026-06-28 07:32:48
W0000015,W0000007,1,24838393,2026-01-29 20:30:48,2026-01-29 20:30:48
W0000015,W0000014,1,5752574,2026-03-23 17:37:22,2026-03-23 17:37:22
W0000015,W0000042,1,3965755,2026-03-02 18:05:10,2026-03-02 18:05:10
W0000015,W0000058,1,10424779,2026-05-31 15:51:01,2026-05-31 15:51:01
W0000015,W0000067,1,11168207,2026-03-09 17:53:01,2026-03-09 17:53:01
W0000015,W0000072,1,6199256,2026-03-10 04:32:36,2026-03-10 04:32:36
W0000015,W0000078,1,11878326,2026-03-29 03:43:35,2026-03-29 03:43:35
W0000015,W0000092,1,8623508,2026-01-15 21:27:29,2026-01-15 21:27:29
W0000015,W0000093,1,1236840,2026-03-08 18:38:03,2026-03-08 18:38:03
W0000015,W0000114,1,19050247,2026-04-28 03:49:16,2026-04-28 03:49:16
W0000015,W0000167,1,16760218,2026-01-31 02:29:45,2026-01-31 02:29:45
W0000015,W0000181,1,30060390,2026-01-26 09:05:11,2026-01-26 09:05:11
W0000015,W0000192,1,4115348,2026-01-17 04:15:37,2026-01-17 04:15:37
W0000015,W0000211,1,1369004,2026-06-05 22:54:46,2026-06-05 22:54:46
W0000015,W0000226,1,13060642,2026-01-03 18:42:58,2026-01-03 18:42:58
W0000015,W0000250,1,65339430,2026-05-30 19:02:07,2026-05-30 19:02:07
W0000015,W0000298,1,59719601,2026-02-22 00:17:44,2026-02-22 00:17:44
W0000015,W0000302,1,77725315,2026-03-06 23:57:09,2026-03-06 23:57:09
W0000015,W0000344,1,42456784,2026-04-16 09:09:25,2026-04-16 09:09:25
W0000015,W0000373,1,16237060,2026-05-23 20:35:56,2026-05-23 20:35:56
W0000015,W0000470,1,8762157,2026-06-28 15:56:59,2026-06-28 15:56:59
W0000016,W0000104,1,44350222,2026-05-01 15:38:02,2026-05-01 15:38:02
W0000016,W0000114,1,25229299,2026-02-23 08:54:26,2026-02-23 08:54:26
W0000016,W0000161,1,6424141,2026-04-06 15:49:01,2026-04-06 15:49:01
W0000016,W0000255,1,12311744,2026-03-06 10:15:14,2026-03-06 10:15:14
W0000016,W0000282,1,22739140,2026-05-05 18:05:55,2026-05-05 18:05:55
W0000016,W0000305,1,15087431,2026-01-26 10:31:34,2026-01-26 10:31:34
W0000016,W0000309,1,10444837,2026-01-12 20:24:42,2026-01-12 20:24:42
W0000016,W0000332,1,10864301,2026-06-27 06:16:40,2026-06-27 06:16:40
W0000016,W0000349,1,1652309,2026-05-30 06:49:38,2026-05-30 06:49:38
W0000016,W0000353,1,13887591,2026-04-07 06:02:50,2026-04-07 06:02:50
W0000016,W0000370,1,27432865,2026-02-28 16:05:16,2026-02-28 16:05:16
W0000016,W0000487,1,23610637,2026-01-30 11:00:40,2026-01-30 11:00:40
W0000017,W0000013,1,12793109,2026-04-26 11:13:21,2026-04-26 11:13:21
W0000017,W0000050,1,3517590,2026-05-06 06:26:49,2026-05-06 06:26:49
W0000017,W0000060,1,145413,2026-06-23 03:16:25,2026-06-23 03:16:25
W0000017,W0000136,1,33023976,2026-06-30 06:59:24,2026-06-30 06:59:24
W0000017,W0000158,1,270667,2026-05-21 16:55:10,2026-05-21 16:55:10
W0000017,W0000196,1,9898063,2026-04-03 10:20:40,2026-04-03 10:20:40
W0000017,W0000205,1,7779930,2026-05-19 11:35:20,2026-05-19 11:35:20
W0000017,W0000228,1,12436883,2026-02-26 14:48:05,2026-02-26 14:48:05
W0000017,W0000358,1,60903843,2026-01-06 11:40:39,2026-01-06 11:40:39
W0000017,W0000403,1,21855789,2026-04-25 19:26:21,2026-04-25 19:26:21
W0000017,W0000436,1,26784226,2026-01-26 22:48:18,2026-01-26 22:48:18
W0000017,W0000470,1,48735872,2026-03-18 00:05:29,2026-03-18 00:05:29
W0000017,W0000492,1,2396145,2026-04-27 07:48:05,2026-04-27 07:48:05
W0000018,W0000014,1,24853055,2026-05-17 11:49:32,2026-05-17 11:49:32
W0000018,W0000019,1,22630753,2026-01-12 03:34:40,2026-01-12 03:34:40
W0000018,W0000103,1,13978279,2026-03-09 03:50:21,2026-03-09 03:50:21
W0000018,W0000150,1,6411748,2026-05-06 07:58:34,2026-05-06 07:58:34
W0000018,W0000153,1,34004062,2026-01-16 23:04:39,2026-01-16 23:04:39
W0000018,W0000157,1,1107542,2026-06-30 04:58:35,2026-06-30 04:58:35
W0000018,W0000173,1,14215169,2026-02-15 21:55:00,2026-02-15 21:55:00
W0000018,W0000192,1,2149801,2026-05-21 23:16:37,2026-05-21 23:16:37
W0000018,W0000195,1,1636593,2026-02-14 17:14:34,2026-02-14 17:14:34
W0000018,W0000199,1,5652657,2026-05-26 17:07:20,2026-05-26 17:07:20
W0000018,W0000246,1,7083198,2026-05-09 10:30:02,2026-05-09 10:30:02
W0000018,W0000254,1,29655336,2026-03-27 02:49:00,2026-03-27 02:49:00
W0000018,W0000259,1,35246549,2026-05-30 19:38:48,2026-05-30 19:38:48
W0000018,W0000279,1,24388642,2026-04-02 13:28:39,2026-04-02 13:28:39
W0000018,W0000326,1,6779256,2026-04-18 21:01:56,2026-04-18 21:01:56
W0000018,W0000345,1,4477617,2026-03-27 00:30:45,2026-03-27 00:30:45
W0000018,W0000381,1,90082111,2026-03-12 03:25:40,2026-03-12 03:25:40
W0000018,W0000431,1,7176566,2026-04-12 17:29:02,2026-04-12 17:29:02
W0000018,W0000445,1,2831734,2026-05-31 04:35:11,2026-05-31 04:35:11
W0000018,W0000450,1,11925532,2026-05-02 01:49:40,2026-05-02 01:49:40
W0000018,W0000452,1,9647029,2026-05-15 22:06:32,2026-05-15 22:06:32
W0000018,W0000457,1,18639830,2026-02-21 22:28:06,2026-02-21 22:28:06
W0000018,W0000481,1,5580196,2026-03-13 16:07:36,2026-03-13 16:07:36
W0000018,W0000497,2,73100948,2026-05-23 18:01:25,2026-06-09 04:19:03
W0000019,W0000014,1,16867514,2026-03-03 05:49:45,2026-03-03 05:49:45
W0000019,W0000024,1,20163134,2026-01-11 08:53:12,2026-01-11 08:53:12
W0000019,W0000026,1,23898624,2026-03-17 14:16:56,2026-03-17 14:16:56
W0000019,W0000038,1,18019253,2026-04-27 03:34:11,2026-04-27 03:34:11
W0000019,W0000068,1,18230296,2026-05-02 13:54:31,2026-05-02 13:54:31
W0000019,W0000131,1,14158855,2026-01-27 13:04:23,2026-01-27 13:04:23
W0000019,W0000190,1,19974565,2026-03-31 05:12:27,2026-03-31 05:12:27
W0000019,W0000330,1,290282304,2026-01-01 16:34:49,2026-01-01 16:34:49
W0000019,W0000346,1,7633165,2026-02-11 09:39:50,2026-02-11 09:39:50
W0000019,W0000350,1,10613248,2026-02-11 04:24:55,2026-02-11 04:24:55
W0000019,W0000456,1,10904353,2026-02-21 18:10:52,2026-02-21 18:10:52
W0000019,W0000476,2,216778072,2026-01-31 01:16:11,2026-03-11 22:37:34
W0000020,W0000041,1,3171209,2026-04-18 19:00:51,2026-04-18 19:00:51
W0000020,W0000083,1,15391752,2026-03-02 08:23:43,2026-03-02 08:23:43
W0000020,W0000103,1,30136033,2026-02-17 15:37:01,2026-02-17 15:37:01
W0000020,W0000105,1,67281954,2026-01-25 21:16:14,2026-01-25 21:16:14
W0000020,W0000138,1,2815279,2026-03-06 01:07:23,2026-03-06 01:07:23
W0000020,W0000155,1,36669727,2026-03-18 19:43:49,2026-03-18 19:43:49
W0000020,W0000212,1,3387168,2026-05-07 19:18:00,2026-05-07 19:18:00
W0000020,W0000233,1,11423792,2026-06-20 10:41:26,2026-06-20 10:41:26
W0000020,W0000236,1,2171527,2026-05-25 00:52:24,2026-05-25 00:52:24
W0000020,W0000312,1,9998822,2026-06-08 03:46:33,2026-06-08 03:46:33
W0000020,W0000329,1,15441951,2026-04-14 20:02:18,2026-04-14 20:02:18
W0000020,W0000390,1,24530442,2026-04-03 05:03:46,2026-04-03 05:03:46
W0000020,W0000406,1,14972312,2026-03-25 12:13:06,2026-03-25 12:13:06
W0000020,W0000412,1,23556466,2026-01-25 12:51:29,2026-01-25 12:51:29
W0000020,W0000414,1,128824,2026-06-03 21:27:25,2026-06-03 21:27:25
W0000020,W0000461,1,19245485,2026-01-08 13:32:02,2026-01-08 13:32:02
W0000020,W0000488,1,1473426,2026-02-19 20:30:50,2026-02-19 20:30:50
W0000020,W0000500,1,1816721,2026-05-08 11:14:56,2026-05-08 11:14:56
W0000021,W0000047,1,16105517,2026-01-21 18:34:44,2026-01-21 18:34:44
W0000021,W0000060,1,1377472,2026-03-18 04:32:02,2026-03-18 04:32:02
W0000021,W0000077,1,25665431,2026-02-20 03:34:37,2026-02-20 03:34:37
W0000021,W0000081,1,1630926,2026-02-23 03:56:45,2026-02-23 03:56:45
W0000021,W0000098,2,32302065,2026-04-25 02:20:18,2026-06-22 06:47:30
W0000021,W0000107,1,1231430,2026-01-18 01:16:30,2026-01-18 01:16:30
W0000021,W0000109,1,28619647,2026-05-10 12:08:05,2026-05-10 12:08:05
W0000021,W0000113,1,2343321,2026-01-24 10:21:15,2026-01-24 10:21:15
W0000021,W0000117,2,16918135,2026-03-18 10:58:05,2026-04-25 03:43:16
W0000021,W0000142,1,9597772,2026-02-10 04:25:49,2026-02-10 04:25:49
W0000021,W0000160,1,5953615,2026-01-08 13:29:02,2026-01-08 13:29:02
W0000021,W0000212,1,25855124,2026-01-09 04:51:48,2026-01-09 04:51:48
W0000021,W0000282,1,9164463,2026-04-17 22:23:48,2026-04-17 22:23:48
W0000021,W0000292,1,4476030,2026-01-22 15:18:39,2026-01-22 15:18:39
W0000021,W0000312,1,4772009,2026-04-24 11:05:33,2026-04-24 11:05:33
W0000021,W0000321,1,8589306,2026-04-18 13:36:40,2026-04-18 13:36:40
W0000021,W0000407,1,36706593,2026-04-29 22:11:03,2026-04-29 22:11:03
W0000021,W0000425,1,8169106,2026-05-22 04:32:25,2026-05-22 04:32:25
W0000021,W0000432,1,3027934,2026-03-25 11:13:37,2026-03-25 11:13:37
W0000021,W0000474,1,9612836,2026-05-09 21:26:20,2026-05-09 21:26:20
W0000022,W0000012,1,22775526,2026-01-17 04:49:09,2026-01-17 04:49:09
W0000022,W0000016,1,16616075,2026-03-25 02:13:00,2026-03-25 02:13:00
W0000022,W0000034,1,4149543,2026-04-02 01:59:43,2026-04-02 01:59:43
W0000022,W0000049,1,6265973,2026-05-29 00:40:43,2026-05-29 00:40:43
W0000022,W0000054,1,13466185,2026-03-31 16:49:30,2026-03-31 16:49:30
W0000022,W0000076,1,18781574,2026-03-13 09:04:18,2026-03-13 09:04:18
W0000022,W0000100,1,32561161,2026-05-29 06:56:14,2026-05-29 06:56:14
W0000022,W0000109,1,7888268,2026-05-16 23:12:10,2026-05-16 23:12:10
W0000022,W0000112,1,48501289,2026-02-25 00:44:42,2026-02-25 00:44:42
W0000022,W0000115,1,39569804,2026-03-24 12:14:38,2026-03-24 12:14:38
W0000022,W0000196,1,7858278,2026-05-27 21:57:59,2026-05-27 21:57:59
W0000022,W0000202,1,12686949,2026-06-19 19:28:18,2026-06-19 19:28:18
W0000022,W0000227,1,16183574,2026-03-24 13:21:52,2026-03-24 13:21:52
W0000022,W0000243,1,66775532,2026-05-08 04:55:18,2026-05-08 04:55:18
W0000022,W0000271,1,15755328,2026-03-18 02:32:48,2026-03-18 02:32:48
W0000022,W0000274,1,6491313,2026-06-13 22:26:24,2026-06-13 22:26:24
W0000022,W0000291,1,11500625,2026-04-08 13:21:40,2026-04-08 13:21:40
W0000022,W0000297,1,3493139,2026-03-23 17:28:52,2026-03-23 17:28:52
W0000022,W0000313,1,1551219,2026-05-20 18:53:39,2026-05-20 18:53:39
W0000022,W0000319,1,27453113,2026-05-06 13:23:03,2026-05-06 13:23:03
W0000022,W0000353,1,4298406,2026-02-23 23:06:35,2026-02-23 23:06:35
W0000022,W0000431,1,13390016,2026-01-04 19:57:56,2026-01-04 19:57:56
W0000022,W0000463,1,21089707,2026-06-27 15:25:02,2026-06-27 15:25:02
W0000023,W0000047,1,5188715,2026-01-17 04:57:30,2026-01-17 04:57:30
W0000023,W0000079,1,9202484,2026-02-09 01:09:40,2026-02-09 01:09:40
W0000023,W0000103,1,79403502,2026-02-03 19:34:55,2026-02-03 19:34:55
W0000023,W0000166,1,10499285,2026-01-19 07:54:54,2026-01-19 07:54:54
W0000023,W0000188,1,32111004,2026-03-26 09:43:00,2026-03-26 09:43:00
W0000023,W0000192,1,47015879,2026-03-03 23:00:55,2026-03-03 23:00:55
W0000023,W0000206,1,3640395,2026-06-27 02:42:32,2026-06-27 02:42:32
W0000023,W0000224,1,77043449,2026-03-16 13:52:47,2026-03-16 13:52:47
W0000023,W0000275,1,3658959,2026-06-19 16:26:50,2026-06-19 16:26:50
W0000023,W0000343,1,70724010,2026-06-01 22:06:44,2026-06-01 22:06:44
W0000023,W0000348,1,21182168,2026-03-28 06:06:57,2026-03-28 06:06:57
W0000023,W0000384,1,29563605,2026-04-28 11:23:14,2026-04-28 11:23:14
W0000023,W0000455,1,4266772,2026-01-19 23:20:45,2026-01-19 23:20:45
W0000023,W0000462,1,36554971,2026-03-24 03:18:08,2026-03-24 03:18:08
W0000023,W0000485,1,32933028,2026-01-26 18:30:53,2026-01-26 18:30:53
W0000024,W0000001,1,41697198,2026-05-07 08:21:31,2026-05-07 08:21:31
W0000024,W0000003,1,29964602,2026-04-24 21:33:22,2026-04-24 21:33:22
W0000024,W0000015,1,38437926,2026-03-19 02:49:23,2026-03-19 02:49:23
W0000024,W0000019,1,25645846,2026-03-05 17:39:27,2026-03-05 17:39:27
W0000024,W0000051,1,17343803,2026-05-12 21:52:16,2026-05-12 21:52:16
W0000024,W0000078,1,20040342,2026-02-13 03:35:41,2026-02-13 03:35:41
W0000024,W0000088,1,41697198,2026-05-07 08:21:31,2026-05-07 08:21:31
W0000024,W0000120,1,17343803,2026-05-12 21:52:16,2026-05-12 21:52:16
W0000024,W0000126,1,28818326,2026-05-13 00:53:31,2026-05-13 00:53:31
W0000024,W0000127,1,7552635,2026-01-27 06:40:04,2026-01-27 06:40:04
W0000024,W0000137,1,18380483,2026-02-12 04:15:47,2026-02-12 04:15:47
W0000024,W0000166,1,7552635,2026-01-27 06:40:04,2026-01-27 06:40:04
W0000024,W0000173,1,25645846,2026-03-05 17:39:27,2026-03-05 17:39:27
W0000024,W0000196,1,19306352,2026-04-16 14:41:08,2026-04-16 14:41:08
W0000024,W0000206,1,28019310,2026-01-29 11:42:13,2026-01-29 11:42:13
W0000024,W0000222,1,18380483,2026-02-12 04:15:47,2026-02-12 04:15:47
W0000024,W0000232,1,33720376,2026-05-18 18:04:21,2026-05-18 18:04:21
W0000024,W0000259,1,29299460,2026-02-26 06:44:11,2026-02-26 06:44:11
W0000024,W0000262,1,28019310,2026-01-29 11:42:13,2026-01-29 11:42:13
W0000024,W0000317,1,41697198,2026-05-07 08:21:31,2026-05-07 08:21:31
W0000024,W0000324,1,1368142,2026-06-21 16:13:58,2026-06-21 16:13:58
W0000024,W0000336,1,20040342,2026-02-13 03:35:41,2026-02-13 03:35:41
W0000024,W0000340,1,2027514,2026-04-01 16:56:23,2026-04-01 16:56:23
W0000024,W0000342,1,17343803,2026-05-12 21:52:16,2026-05-12 21:52:16
W0000024,W0000369,1,41697198,2026-05-07 08:21:31,2026-05-07 08:21:31
W0000024,W0000383,1,20040342,2026-02-13 03:35:41,2026-02-13 03:35:41
W0000024,W0000386,1,38437926,2026-03-19 02:49:23,2026-03-19 02:49:23
W0000024,W0000389,1,1368142,2026-06-21 16:13:58,2026-06-21 16:13:58
W0000024,W0000394,1,19306352,2026-04-16 14:41:08,2026-04-16 14:41:08
W0000024,W0000401,1,33720376,2026-05-18 18:04:21,2026-05-18 18:04:21
W0000024,W0000447,1,28818326,2026-05-13 00:53:31,2026-05-13 00:53:31
W0000024,W0000466,1,18380483,2026-02-12 04:15:47,2026-02-12 04:15:47
W0000024,W0000473,1,2027514,2026-04-01 16:56:23,2026-04-01 16:56:23
W0000024,W0000476,1,19306352,2026-04-16 14:41:08,2026-04-16 14:41:08
W0000024,W0000477,1,29299460,2026-02-26 06:44:11,2026-02-26 06:44:11
W0000024,W0000491,1,29964602,2026-04-24 21:33:22,2026-04-24 21:33:22
W0000024,W0000496,1,28818326,2026-05-13 00:53:31,2026-05-13 00:53:31
W0000025,W0000051,1,6701077,2026-03-22 07:22:33,2026-03-22 07:22:33
W0000025,W0000056,1,16312931,2026-05-26 01:18:27,2026-05-26 01:18:27
W0000025,W0000067,1,1348334,2026-04-17 09:42:45,2026-04-17 09:42:45
W0000025,W0000072,1,14063904,2026-04-09 11:48:05,2026-04-09 11:48:05
W0000025,W0000185,1,32835365,2026-03-11 07:56:42,2026-03-11 07:56:42
W0000025,W0000203,1,11982396,2026-06-05 03:06:29,2026-06-05 03:06:29
W0000025,W0000222,1,4686623,2026-06-12 01:11:47,2026-06-12 01:11:47
W0000025,W0000273,1,9645005,2026-01-15 22:02:17,2026-01-15 22:02:17
W0000025,W0000327,1,5900356,2026-05-18 10:29:47,2026-05-18 10:29:47
W0000025,W0000359,1,3829750,2026-02-21 02:28:41,2026-02-21 02:28:41
W0000025,W0000383,1,4546447,2026-03-04 02:40:18,2026-03-04 02:40:18
W0000025,W0000407,1,13278486,2026-06-24 04:37:20,2026-06-24 04:37:20
W0000025,W0000420,1,9391167,2026-02-18 02:10:33,2026-02-18 02:10:33
W0000025,W0000451,1,7886982,2026-01-31 06:48:54,2026-01-31 06:48:54
W0000025,W0000479,1,11002801,2026-03-23 15:03:42,2026-03-23 15:03:42
W0000025,W0000485,1,25235178,2026-03-01 07:44:51,2026-03-01 07:44:51
W0000026,W0000015,1,24130332,2026-04-02 00:28:10,2026-04-02 00:28:10
W0000026,W0000018,1,4705549,2026-06-15 04:36:43,2026-06-15 04:36:43
W0000026,W0000027,1,23881265,2026-06-04 14:07:26,2026-06-04 14:07:26
W0000026,W0000078,1,7080237,2026-03-29 02:51:51,2026-03-29 02:51:51
W0000026,W0000092,1,8572820,2026-01-30 11:22:08,2026-01-30 11:22:08
W0000026,W0000135,1,4080126,2026-02-03 18:16:56,2026-02-03 18:16:56
W0000026,W0000203,1,2633155,2026-01-28 02:30:45,2026-01-28 02:30:45
W0000026,W0000213,1,7579617,2026-02-15 01:48:27,2026-02-15 01:48:27
W0000026,W0000240,1,14915802,2026-04-30 22:38:11,2026-04-30 22:38:11
W0000026,W0000242,1,5440628,2026-04-03 00:50:21,2026-04-03 00:50:21
W0000026,W0000293,1,24954838,2026-04-04 23:00:38,2026-04-04 23:00:38
W0000026,W0000295,1,13840202,2026-05-31 16:05:50,2026-05-31 16:05:50
W0000026,W0000309,1,2658238,2026-06-11 09:00:39,2026-06-11 09:00:39
W0000026,W0000311,1,16401727,2026-06-21 17:10:25,2026-06-21 17:10:25
W0000026,W0000314,1,922038,2026-05-09 13:07:30,2026-05-09 13:07:30
W0000026,W0000330,1,5547138,2026-04-25 11:58:15,2026-04-25 11:58:15
W0000026,W0000354,1,10175091,2026-05-05 19:01:58,2026-05-05 19:01:58
W0000026,W0000371,1,1026189,2026-01-24 10:26:26,2026-01-24 10:26:26
W0000026,W0000398,1,62141555,2026-02-12 19:57:30,2026-02-12 19:57:30
W0000026,W0000402,1,668533,2026-05-21 22:53:37,2026-05-21 22:53:37
W0000026,W0000406,1,4145045,2026-01-02 10:34:50,2026-01-02 10:34:50
W0000026,W0000422,1,29611040,2026-03-30 13:58:27,2026-03-30 13:58:27
W0000026,W0000485,1,35817492,2026-02-02 23:01:53,2026-02-02 23:01:53
W0000026,W0000488,1,12096664,2026-03-03 14:49:52,2026-03-03 14:49:52
W0000027,W0000015,1,5184917,2026-03-15 13:55:32,2026-03-15 13:55:32
W0000027,W0000102,1,1482794,2026-03-10 02:49:06,2026-03-10 02:49:06
W0000027,W0000103,1,24081361,2026-01-09 19:25:29,2026-01-09 19:25:29
W0000027,W0000122,1,4177751,2026-03-10 19:09:55,2026-03-10 19:09:55
W0000027,W0000135,1,26490179,2026-01-03 18:02:30,2026-01-03 18:02:30
W0000027,W0000155,1,6438353,2026-02-20 00:42:00,2026-02-20 00:42:00
W0000027,W0000177,1,2794634,2026-06-27 16:41:39,2026-06-27 16:41:39
W0000027,W0000222,1,19691570,2026-03-16 08:30:30,2026-03-16 08:30:30
W0000027,W0000232,1,1940870,2026-06-16 03:27:58,2026-06-16 03:27:58
W0000027,W0000253,1,12663773,2026-05-17 02:46:04,2026-05-17 02:46:04
W0000027,W0000282,1,1513967,2026-04-17 16:30:59,2026-04-17 16:30:59
W0000027,W0000283,1,8620789,2026-02-25 22:18:47,2026-02-25 22:18:47
W0000027,W0000301,1,5104602,2026-03-27 03:04:55,2026-03-27 03:04:55
W0000027,W0000308,1,26315113,2026-03-26 01:28:03,2026-03-26 01:28:03
W0000027,W0000309,1,5391049,2026-04-03 02:51:14,2026-04-03 02:51:14
W0000027,W0000328,1,17783747,2026-03-10 02:43:00,2026-03-10 02:43:00
W0000027,W0000359,1,2662117,2026-01-09 05:34:27,2026-01-09 05:34:27
W0000027,W0000378,1,42838392,2026-02-03 16:03:02,2026-02-03 16:03:02
W0000027,W0000398,1,4716017,2026-03-17 23:02:40,2026-03-17 23:02:40
W0000028,W0000057,1,9776244,2026-04-28 01:49:30,2026-04-28 01:49:30
W0000028,W0000077,1,6280241,2026-03-24 15:51:04,2026-03-24 15:51:04
W0000028,W0000090,1,11983406,2026-02-21 12:26:29,2026-02-21 12:26:29
W0000028,W0000102,1,4544222,2026-05-05 09:12:06,2026-05-05 09:12:06
W0000028,W0000112,1,4426055,2026-03-03 04:27:51,2026-03-03 04:27:51
W0000028,W0000130,1,5247977,2026-06-18 17:08:03,2026-06-18 17:08:03
W0000028,W0000134,1,7042972,2026-03-18 04:35:28,2026-03-18 04:35:28
W0000028,W0000143,1,2283969,2026-06-28 10:02:32,2026-06-28 10:02:32
W0000028,W0000151,1,509154,2026-03-17 14:23:32,2026-03-17 14:23:32
W0000028,W0000209,1,21078826,2026-04-02 20:39:46,2026-04-02 20:39:46
W0000028,W0000212,1,16010447,2026-05-01 18:07:57,2026-05-01 18:07:57
W0000028,W0000229,1,30332006,2026-05-17 20:05:01,2026-05-17 20:05:01
W0000028,W0000277,1,7807099,2026-04-03 03:32:42,2026-04-03 03:32:42
W0000028,W0000300,1,15058110,2026-02-18 01:30:49,2026-02-18 01:30:49
W0000028,W0000324,1,33744632,2026-03-23 02:04:11,2026-03-23 02:04:11
W0000028,W0000325,1,14540448,2026-04-29 02:36:16,2026-04-29 02:36:16
W0000028,W0000334,1,15875803,2026-01-17 12:10:04,2026-01-17 12:10:04
W0000028,W0000376,2,37028284,2026-01-08 08:26:02,2026-06-01 17:54:44
W0000028,W0000381,1,27442139,2026-06-06 15:06:54,2026-06-06 15:06:54
W0000028,W0000402,1,7644778,2026-05-28 07:27:38,2026-05-28 07:27:38
W0000028,W0000409,1,15808886,2026-06-13 20:18:27,2026-06-13 20:18:27
W0000028,W0000417,1,3785488,2026-02-28 23:58:34,2026-02-28 23:58:34
W0000028,W0000495,1,4179267,2026-05-30 01:52:22,2026-05-30 01:52:22
W0000029,W0000002,1,7859220,2026-02-25 09:16:01,2026-02-25 09:16:01
W0000029,W0000003,1,6363792,2026-03-22 23:10:38,2026-03-22 23:10:38
W0000029,W0000036,1,16409136,2026-06-13 05:59:50,2026-06-13 05:59:50
W0000029,W0000059,1,8360687,2026-05-20 13:50:41,2026-05-20 13:50:41
W0000029,W0000076,1,3565888,2026-03-22 00:18:01,2026-03-22 00:18:01
W0000029,W0000090,1,7084825,2026-01-11 09:46:31,2026-01-11 09:46:31
W0000029,W0000109,1,38354485,2026-04-09 08:18:41,2026-04-09 08:18:41
W0000029,W0000115,1,2346456,2026-05-24 01:19:06,2026-05-24 01:19:06
W0000029,W0000148,1,2346456,2026-05-24 01:19:06,2026-05-24 01:19:06
W0000029,W0000162,1,4891738,2026-04-16 15:36:46,2026-04-16 15:36:46
W0000029,W0000197,1,9493399,2026-02-21 06:08:04,2026-02-21 06:08:04
W0000029,W0000210,1,16409136,2026-06-13 05:59:50,2026-06-13 05:59:50
W0000029,W0000232,1,38354485,2026-04-09 08:18:41,2026-04-09 08:18:41
W0000029,W0000251,1,9493399,2026-02-21 06:08:04,2026-02-21 06:08:04
W0000029,W0000257,1,13145771,2026-01-07 04:35:01,2026-01-07 04:35:01
W0000029,W0000336,1,28338261,2026-06-11 07:04:55,2026-06-11 07:04:55
W0000029,W0000362,1,14795030,2026-01-13 19:56:15,2026-01-13 19:56:15
W0000029,W0000373,1,17724898,2026-04-18 19:18:47,2026-04-18 19:18:47
W0000029,W0000382,1,20012474,2026-02-10 10:41:31,2026-02-10 10:41:31
W0000029,W0000389,1,28338261,2026-06-11 07:04:55,2026-06-11 07:04:55
W0000029,W0000439,1,8260037,2026-06-12 17:25:49,2026-06-12 17:25:49
W0000029,W0000471,1,6563215,2026-01-07 19:55:09,2026-01-07 19:55:09
W0000029,W0000480,1,42711442,2026-05-23 11:29:17,2026-05-23 11:29:17
W0000029,W0000484,1,7371587,2026-01-02 21:30:50,2026-01-02 21:30:50
W0000030,W0000041,1,19894916,2026-06-21 23:39:24,2026-06-21 23:39:24
W0000030,W0000049,1,11872769,2026-05-14 02:53:15,2026-05-14 02:53:15
W0000030,W0000056,1,59669195,2026-05-03 01:48:20,2026-05-03 01:48:20
W0000030,W0000132,1,21375904,2026-02-09 11:53:32,2026-02-09 11:53:32
W0000030,W0000138,2,31493893,2026-01-29 10:34:37,2026-05-21 00:11:10
W0000030,W0000153,1,7484458,2026-01-07 02:06:17,2026-01-07 02:06:17
W0000030,W0000180,1,30642900,2026-01-06 22:04:00,2026-01-06 22:04:00
W0000030,W0000228,1,5402405,2026-05-01 20:56:41,2026-05-01 20:56:41
W0000030,W0000263,1,5483352,2026-03-25 01:43:34,2026-03-25 01:43:34
W0000030,W0000270,1,7564241,2026-02-22 01:41:51,2026-02-22 01:41:51
W0000030,W0000274,1,69314434,2026-02-18 13:20:33,2026-02-18 13:20:33
W0000030,W0000335,1,2995863,2026-01-03 10:05:59,2026-01-03 10:05:59
W0000030,W0000338,1,7093463,2026-05-24 01:14:19,2026-05-24 01:14:19
W0000030,W0000349,1,2538375,2026-05-31 00:27:47,2026-05-31 00:27:47
W0000030,W0000412,1,2494763,2026-03-20 11:14:06,2026-03-20 11:14:06
W0000030,W0000422,1,6609407,2026-03-07 13:01:18,2026-03-07 13:01:18
W0000030,W0000427,1,10250815,2026-05-12 00:07:11,2026-05-12 00:07:11
W0000030,W0000448,1,10410333,2026-04-08 05:35:07,2026-04-08 05:35:07
W0000030,W0000459,1,2611090,2026-06-03 22:38:43,2026-06-03 22:38:43
W0000030,W0000491,1,86110760,2026-06-30 19:14:33,2026-06-30 19:14:33
W0000031,W0000008,1,7086621,2026-05-17 17:02:32,2026-05-17 17:02:32
W0000031,W0000017,1,3515972,2026-06-18 05:56:23,2026-06-18 05:56:23
W0000031,W0000030,1,17693957,2026-03-05 19:34:59,2026-03-05 19:34:59
W0000031,W0000034,1,27307868,2026-02-10 04:50:13,2026-02-10 04:50:13
W0000031,W0000053,1,2573552,2026-06-22 07:25:20,2026-06-22 07:25:20
W0000031,W0000058,1,22264134,2026-02-02 19:31:20,2026-02-02 19:31:20
W0000031,W0000120,1,12662882,2026-05-15 11:29:22,2026-05-15 11:29:22
W0000031,W0000141,1,10603568,2026-03-26 13:12:44,2026-03-26 13:12:44
W0000031,W0000205,1,68601821,2026-05-03 01:21:06,2026-05-03 01:21:06
W0000031,W0000328,1,8468347,2026-04-11 03:30:07,2026-04-11 03:30:07
W0000031,W0000355,1,3659829,2026-04-01 03:40:47,2026-04-01 03:40:47
W0000031,W0000384,1,4195714,2026-04-11 17:58:16,2026-04-11 17:58:16
W0000031,W0000418,1,76370915,2026-03-27 13:13:39,2026-03-27 13:13:39
W0000031,W0000442,1,7410144,2026-06-07 18:19:10,2026-06-07 18:19:10
W0000031,W0000445,1,9364336,2026-05-17 04:53:04,2026-05-17 04:53:04
W0000031,W0000456,1,41828413,2026-04-06 10:57:25,2026-04-06 10:57:25
W0000032,W0000013,1,95707093,2026-03-29 11:50:26,2026-03-29 11:50:26
W0000032,W0000019,1,30094538,2026-05-05 13:26:49,2026-05-05 13:26:49
W0000032,W0000026,1,7126709,2026-02-03 16:18:40,2026-02-03 16:18:40
W0000032,W0000060,1,5304118,2026-03-27 17:40:18,2026-03-27 17:40:18
W0000032,W0000082,1,1009750,2026-06-04 00:53:45,2026-06-04 00:53:45
W0000032,W0000119,1,28973700,2026-04-08 15:51:54,2026-04-08 15:51:54
W0000032,W0000127,1,3280586,2026-04-05 16:21:59,2026-04-05 16:21:59
W0000032,W0000146,1,7950163,2026-04-03 21:45:07,2026-04-03 21:45:07
W0000032,W0000148,1,13067568,2026-06-12 18:03:03,2026-06-12 18:03:03
W0000032,W0000163,1,16748414,2026-05-17 12:34:44,2026-05-17 12:34:44
W0000032,W0000215,1,2914624,2026-01-21 10:23:25,2026-01-21 10:23:25
W0000032,W0000238,1,8507289,2026-05-27 05:22:01,2026-05-27 05:22:01
W0000032,W0000316,1,15235097,2026-04-03 11:13:42,2026-04-03 11:13:42
W0000032,W0000369,1,1702138,2026-03-04 04:37:02,2026-03-04 04:37:02
W0000032,W0000378,1,10360396,2026-06-05 05:57:43,2026-06-05 05:57:43
W0000032,W0000381,1,18117778,2026-06-26 05:42:54,2026-06-26 05:42:54
W0000032,W0000436,1,64153248,2026-06-09 01:27:58,2026-06-09 01:27:58
W0000032,W0000440,1,86083682,2026-01-02 01:18:21,2026-01-02 01:18:21
W0000032,W0000449,1,4372335,2026-05-24 11:21:26,2026-05-24 11:21:26
W0000032,W0000479,1,2971043,2026-03-28 00:11:04,2026-03-28 00:11:04
W0000033,W0000046,1,9817605,2026-02-14 20:33:04,2026-02-14 20:33:04
W0000033,W0000098,1,22047106,2026-03-05 20:30:42,2026-03-05 20:30:42
W0000033,W0000113,1,7225992,2026-02-11 05:49:32,2026-02-11 05:49:32
W0000033,W0000159,1,12018561,2026-06-23 08:40:14,2026-06-23 08:40:14
W0000033,W0000190,1,2392475,2026-03-15 02:54:59,2026-03-15 02:54:59
W0000033,W0000243,1,4252663,2026-04-17 02:48:38,2026-04-17 02:48:38
W0000033,W0000264,1,10296380,2026-01-30 10:15:07,2026-01-30 10:15:07
W0000033,W0000281,1,3081710,2026-05-09 22:35:51,2026-05-09 22:35:51
W0000033,W0000290,1,8425188,2026-01-23 14:27:13,2026-01-23 14:27:13
W0000033,W0000295,1,5920251,2026-04-05 01:36:47,2026-04-05 01:36:47
W0000033,W0000331,1,4398863,2026-05-02 10:26:18,2026-05-02 10:26:18
W0000033,W0000383,1,5429368,2026-04-30 22:09:43,2026-04-30 22:09:43
W0000033,W0000404,1,4417012,2026-06-21 02:17:53,2026-06-21 02:17:53
W0000033,W0000435,1,8814583,2026-06-09 22:46:12,2026-06-09 22:46:12
W0000033,W0000439,1,15274025,2026-01-04 11:07:49,2026-01-04 11:07:49
W0000033,W0000450,1,24017630,2026-02-24 16:12:17,2026-02-24 16:12:17
W0000033,W0000451,1,11310750,2026-04-02 09:41:22,2026-04-02 09:41:22
W0000034,W0000004,1,14140531,2026-04-19 02:17:28,2026-04-19 02:17:28
W0000034,W0000014,1,8539977,2026-01-12 20:57:41,2026-01-12 20:57:41
W0000034,W0000016,1,9382418,2026-06-19 02:26:40,2026-06-19 02:26:40
W0000034,W0000037,1,35106125,2026-01-11 02:50:08,2026-01-11 02:50:08
W0000034,W0000063,1,20493451,2026-02-15 17:53:01,2026-02-15 17:53:01
W0000034,W0000096,1,10418617,2026-05-25 06:46:30,2026-05-25 06:46:30
W0000034,W0000104,1,80582327,2026-04-06 11:20:19,2026-04-06 11:20:19
W0000034,W0000107,1,9931095,2026-03-28 01:24:11,2026-03-28 01:24:11
W0000034,W0000114,1,9573630,2026-04-16 15:50:37,2026-04-16 15:50:37
W0000034,W0000134,1,5847075,2026-01-25 23:40:36,2026-01-25 23:40:36
W0000034,W0000143,1,17444021,2026-03-23 12:17:43,2026-03-23 12:17:43
W0000034,W0000144,1,9970585,2026-02-06 12:54:14,2026-02-06 12:54:14
W0000034,W0000177,1,11015939,2026-06-16 06:37:51,2026-06-16 06:37:51
W0000034,W0000181,1,12826476,2026-06-14 05:33:23,2026-06-14 05:33:23
W0000034,W0000183,1,22170004,2026-04-03 19:05:33,2026-04-03 19:05:33
W0000034,W0000201,1,7696829,2026-05-13 02:40:43,2026-05-13 02:40:43
W0000034,W0000210,1,7503452,2026-06-16 23:00:57,2026-06-16 23:00:57
W0000034,W0000219,1,11174517,2026-04-23 06:12:44,2026-04-23 06:12:44
W0000034,W0000222,1,11243278,2026-02-10 12:27:51,2026-02-10 12:27:51
W0000034,W0000245,1,5455423,2026-06-18 13:12:13,2026-06-18 13:12:13
W0000034,W0000247,1,21954196,2026-01-07 20:57:21,2026-01-07 20:57:21
W0000034,W0000275,1,24810412,2026-03-17 08:48:04,2026-03-17 08:48:04
W0000034,W0000332,1,9463661,2026-01-26 00:12:43,2026-01-26 00:12:43
W0000034,W0000346,1,12972616,2026-06-13 09:59:36,2026-06-13 09:59:36
W0000034,W0000469,1,9041927,2026-04-11 22:27:36,2026-04-11 22:27:36
W0000035,W0000023,1,2987996,2026-03-21 15:43:36,2026-03-21 15:43:36
W0000035,W0000062,1,10079695,2026-04-16 20:35:43,2026-04-16 20:35:43
W0000035,W0000075,2,142377910,2026-01-03 13:51:12,2026-04-24 22:54:11
W0000035,W0000106,1,4685710,2026-03-26 09:23:52,2026-03-26 09:23:52
W0000035,W0000151,1,12012815,2026-05-27 13:36:05,2026-05-27 13:36:05
W0000035,W0000154,1,6606311,2026-01-17 22:02:43,2026-01-17 22:02:43
W0000035,W0000178,1,27863135,2026-02-24 03:33:16,2026-02-24 03:33:16
W0000035,W0000212,1,13968024,2026-04-27 06:55:56,2026-04-27 06:55:56
W0000035,W0000219,1,4895066,2026-04-22 21:09:45,2026-04-22 21:09:45
W0000035,W0000221,1,8323871,2026-01-18 01:46:25,2026-01-18 01:46:25
W0000035,W0000238,1,31725830,2026-05-26 04:50:30,2026-05-26 04:50:30
W0000035,W0000266,1,4006958,2026-03-04 19:28:12,2026-03-04 19:28:12
W0000035,W0000270,1,1056775,2026-05-28 22:49:16,2026-05-28 22:49:16
W0000035,W0000313,1,7133989,2026-03-29 04:04:46,2026-03-29 04:04:46
W0000035,W0000332,1,1908023,2026-04-02 14:31:30,2026-04-02 14:31:30
W0000035,W0000368,1,14689793,2026-01-29 01:13:07,2026-01-29 01:13:07
W0000035,W0000380,1,40093269,2026-04-20 03:51:46,2026-04-20 03:51:46
W0000035,W0000389,1,3033051,2026-03-19 04:46:53,2026-03-19 04:46:53
W0000035,W0000398,1,8559913,2026-03-07 00:53:07,2026-03-07 00:53:07
W0000035,W0000402,1,8918043,2026-06-08 02:18:53,2026-06-08 02:18:53
W0000035,W0000404,1,62036015,2026-01-01 05:58:14,2026-01-01 05:58:14
W0000035,W0000450,1,18589738,2026-04-29 04:07:15,2026-04-29 04:07:15
W0000035,W0000455,1,54231149,2026-03-28 21:31:09,2026-03-28 21:31:09
W0000035,W0000456,1,8526022,2026-03-22 14:17:04,2026-03-22 14:17:04
W0000036,W0000053,1,8892183,2026-05-04 15:45:33,2026-05-04 15:45:33
W0000036,W0000058,1,11013644,2026-06-16 16:04:05,2026-06-16 16:04:05
W0000036,W0000059,1,76224499,2026-03-14 23:09:54,2026-03-14 23:09:54
W0000036,W0000062,1,11706611,2026-03-17 02:12:04,2026-03-17 02:12:04
W0000036,W0000115,1,74496569,2026-03-17 11:06:17,2026-03-17 11:06:17
W0000036,W0000128,1,6265690,2026-01-05 22:09:15,2026-01-05 22:09:15
W0000036,W0000148,1,56274232,2026-05-30 07:40:10,2026-05-30 07:40:10
W0000036,W0000167,1,38888587,2026-06-23 10:44:42,2026-06-23 10:44:42
W0000036,W0000172,1,11013644,2026-06-16 16:04:05,2026-06-16 16:04:05
W0000036,W0000209,1,6265690,2026-01-05 22:09:15,2026-01-05 22:09:15
W0000036,W0000215,1,24353818,2026-05-23 08:13:27,2026-05-23 08:13:27
W0000036,W0000244,1,48717978,2026-02-26 15:08:52,2026-02-26 15:08:52
W0000036,W0000257,1,12487391,2026-01-01 14:36:32,2026-01-01 14:36:32
W0000036,W0000358,1,2517460,2026-06-05 14:21:51,2026-06-05 14:21:51
W0000036,W0000398,1,56093136,2026-05-04 14:22:22,2026-05-04 14:22:22
W0000037,W0000062,1,12058463,2026-04-06 21:51:52,2026-04-06 21:51:52
W0000037,W0000121,1,13514923,2026-01-24 15:29:46,2026-01-24 15:29:46
W0000037,W0000133,1,106955309,2026-01-16 05:32:56,2026-01-16 05:32:56
W0000037,W0000146,1,2814060,2026-06-29 05:47:20,2026-06-29 05:47:20
W0000037,W0000172,1,2271163,2026-03-27 04:10:50,2026-03-27 04:10:50
W0000037,W0000185,1,6444699,2026-06-21 11:21:41,2026-06-21 11:21:41
W0000037,W0000195,1,7199039,2026-04-29 07:58:41,2026-04-29 07:58:41
W0000037,W0000219,1,46536610,2026-05-22 09:35:50,2026-05-22 09:35:50
W0000037,W0000222,1,22300276,2026-06-29 10:47:44,2026-06-29 10:47:44
W0000037,W0000281,1,3001247,2026-02-08 04:26:17,2026-02-08 04:26:17
W0000037,W0000293,1,23809446,2026-01-31 07:39:30,2026-01-31 07:39:30
W0000037,W0000331,1,10814584,2026-05-16 21:26:15,2026-05-16 21:26:15
W0000037,W0000354,1,14702770,2026-04-19 00:37:16,2026-04-19 00:37:16
W0000037,W0000355,1,26352278,2026-01-07 08:27:32,2026-01-07 08:27:32
W0000037,W0000368,1,31829432,2026-01-31 01:04:05,2026-01-31 01:04:05
W0000037,W0000381,1,3256320,2026-03-31 06:36:36,2026-03-31 06:36:36
W0000037,W0000417,1,9507174,2026-01-21 01:56:27,2026-01-21 01:56:27
W0000037,W0000456,1,12098231,2026-05-22 11:03:10,2026-05-22 11:03:10
W0000037,W0000498,2,41329443,2026-04-19 22:17:03,2026-06-15 00:44:32
W0000038,W0000035,1,47617770,2026-02-08 08:01:57,2026-02-08 08:01:57
W0000038,W0000108,2,33450453,2026-01-06 16:55:32,2026-03-24 05:04:42
W0000038,W0000131,1,8978880,2026-03-07 16:12:04,2026-03-07 16:12:04
W0000038,W0000186,1,7359806,2026-03-03 00:59:54,2026-03-03 00:59:54
W0000038,W0000263,1,18718273,2026-06-20 05:04:19,2026-06-20 05:04:19
W0000038,W0000276,1,45597297,2026-05-31 08:56:13,2026-05-31 08:56:13
W0000038,W0000374,1,1917049,2026-03-28 13:57:39,2026-03-28 13:57:39
W0000038,W0000377,1,6525718,2026-06-21 12:27:59,2026-06-21 12:27:59
W0000038,W0000408,1,3017343,2026-01-14 16:17:02,2026-01-14 16:17:02
W0000038,W0000415,2,81910618,2026-04-06 07:13:38,2026-05-30 01:52:31
W0000038,W0000439,1,30952902,2026-04-06 03:39:35,2026-04-06 03:39:35
W0000038,W0000445,1,17913988,2026-03-17 08:44:34,2026-03-17 08:44:34
W0000038,W0000447,1,4327747,2026-01-09 16:40:07,2026-01-09 16:40:07
W0000038,W0000455,1,2371060,2026-02-07 18:08:01,2026-02-07 18:08:01
W0000038,W0000492,1,3401997,2026-04-17 01:30:34,2026-04-17 01:30:34
W0000038,W0000500,1,4391524,2026-04-12 05:08:06,2026-04-12 05:08:06
W0000039,W0000002,1,35899410,2026-04-26 00:29:14,2026-04-26 00:29:14
W0000039,W0000024,1,5854574,2026-01-14 23:13:51,2026-01-14 23:13:51
W0000039,W0000094,1,3822021,2026-02-26 08:17:23,2026-02-26 08:17:23
W0000039,W0000099,1,49349838,2026-02-27 19:03:41,2026-02-27 19:03:41
W0000039,W0000134,1,5085939,2026-06-05 09:14:31,2026-06-05 09:14:31
W0000039,W0000160,1,14616403,2026-04-06 22:09:57,2026-04-06 22:09:57
W0000039,W0000249,1,7767036,2026-04-01 14:59:07,2026-04-01 14:59:07
W0000039,W0000258,1,9534612,2026-06-15 12:50:15,2026-06-15 12:50:15
W0000039,W0000276,1,2853432,2026-02-21 11:42:44,2026-02-21 11:42:44
W0000039,W0000301,1,12858656,2026-01-17 21:35:36,2026-01-17 21:35:36
W0000039,W0000326,1,30398774,2026-03-21 15:43:17,2026-03-21 15:43:17
W0000039,W0000334,1,4672482,2026-01-23 18:38:56,2026-01-23 18:38:56
W0000039,W0000362,1,1234541,2026-06-02 00:12:40,2026-06-02 00:12:40
W0000039,W0000364,1,17076010,2026-02-24 05:48:23,2026-02-24 05:48:23
W0000039,W0000373,1,12201709,2026-01-07 13:22:45,2026-01-07 13:22:45
W0000039,W0000388,1,22125521,2026-02-06 03:07:05,2026-02-06 03:07:05
W0000039,W0000441,1,9306030,2026-06-16 13:54:11,2026-06-16 13:54:11
W0000040,W0000009,1,89975208,2026-03-02 12:02:15,2026-03-02 12:02:15
W0000040,W0000012,1,32413436,2026-02-15 23:19:24,2026-02-15 23:19:24
W0000040,W0000231,1,34235292,2026-01-19 01:27:18,2026-01-19 01:27:18
W0000040,W0000241,1,35276176,2026-06-19 05:15:50,2026-06-19 05:15:50
W0000040,W0000298,1,111046432,2026-01-11 05:56:45,2026-01-11 05:56:45
W0000040,W0000344,1,16575056,2026-04-16 00:10:00,2026-04-16 00:10:00
W0000040,W0000356,1,32413436,2026-02-15 23:19:24,2026-02-15 23:19:24
W0000040,W0000395,1,10057079,2026-06-24 22:21:43,2026-06-24 22:21:43
W0000040,W0000413,1,10057079,2026-06-24 22:21:43,2026-06-24 22:21:43
W0000040,W0000420,1,13943008,2026-04-14 16:24:10,2026-04-14 16:24:10
W0000040,W0000440,1,10202521,2026-04-24 05:16:56,2026-04-24 05:16:56
W0000041,W0000011,1,52954930,2026-01-31 21:58:35,2026-01-31 21:58:35
W0000041,W0000042,1,23811344,2026-04-27 21:15:39,2026-04-27 21:15:39
W0000041,W0000053,1,65152755,2026-05-09 18:33:42,2026-05-09 18:33:42
W0000041,W0000070,1,6530565,2026-01-24 09:34:37,2026-01-24 09:34:37
W0000041,W0000093,1,3806906,2026-02-13 15:35:52,2026-02-13 15:35:52
W0000041,W0000154,1,4752206,2026-05-15 12:13:22,2026-05-15 12:13:22
W0000041,W0000186,1,16796356,2026-02-02 13:50:47,2026-02-02 13:50:47
W0000041,W0000188,1,8135545,2026-05-18 02:04:28,2026-05-18 02:04:28
W0000041,W0000191,1,14427927,2026-02-03 15:13:27,2026-02-03 15:13:27
W0000041,W0000198,1,4742107,2026-02-19 16:04:58,2026-02-19 16:04:58
W0000041,W0000250,1,16961982,2026-05-28 16:39:46,2026-05-28 16:39:46
W0000041,W0000297,1,10156503,2026-05-26 00:25:59,2026-05-26 00:25:59
W0000041,W0000310,1,3158587,2026-02-15 16:24:46,2026-02-15 16:24:46
W0000041,W0000312,1,1689745,2026-02-10 18:26:21,2026-02-10 18:26:21
W0000041,W0000315,1,23891817,2026-03-06 15:17:53,2026-03-06 15:17:53
W0000041,W0000328,2,35901377,2026-03-24 01:07:55,2026-04-30 08:33:07
W0000041,W0000365,1,15243203,2026-01-04 08:37:46,2026-01-04 08:37:46
W0000041,W0000397,1,9548672,2026-03-22 15:27:47,2026-03-22 15:27:47
W0000041,W0000439,1,5051900,2026-04-08 11:57:44,2026-04-08 11:57:44
W0000041,W0000463,1,1932596,2026-03-08 19:14:58,2026-03-08 19:14:58
W0000041,W0000473,1,18518158,2026-03-09 13:28:20,2026-03-09 13:28:20
W0000042,W0000011,1,3374388,2026-03-12 17:53:57,2026-03-12 17:53:57
W0000042,W0000039,1,11811452,2026-03-21 07:49:47,2026-03-21 07:49:47
W0000042,W0000120,1,17291703,2026-05-14 22:24:10,2026-05-14 22:24:10
W0000042,W0000125,1,30575207,2026-04-22 22:58:31,2026-04-22 22:58:31
W0000042,W0000161,1,5619575,2026-05-20 19:02:47,2026-05-20 19:02:47
W0000042,W0000173,1,9525473,2026-01-10 07:18:19,2026-01-10 07:18:19
W0000042,W0000180,1,2200196,2026-05-18 22:30:42,2026-05-18 22:30:42
W0000042,W0000184,1,11983896,2026-01-20 00:08:52,2026-01-20 00:08:52
W0000042,W0000207,1,21405923,2026-02-15 07:31:05,2026-02-15 07:31:05
W0000042,W0000233,1,21591319,2026-03-25 16:10:35,2026-03-25 16:10:35
W0000042,W0000260,1,30575207,2026-04-22 22:58:31,2026-04-22 22:58:31
W0000042,W0000262,1,21591319,2026-03-25 16:10:35,2026-03-25 16:10:35
W0000042,W0000270,1,4210530,2026-06-04 14:10:39,2026-06-04 14:10:39
W0000042,W0000312,1,11359871,2026-03-19 19:51:08,2026-03-19 19:51:08
W0000042,W0000326,1,11359871,2026-03-19 19:51:08,2026-03-19 19:51:08
W0000042,W0000336,1,7029635,2026-06-19 05:48:24,2026-06-19 05:48:24
W0000042,W0000383,1,1884693,2026-04-14 11:18:28,2026-04-14 11:18:28
W0000042,W0000389,1,2200196,2026-05-18 22:30:42,2026-05-18 22:30:42
W0000042,W0000410,1,4210530,2026-06-04 14:10:39,2026-06-04 14:10:39
W0000042,W0000423,1,9525473,2026-01-10 07:18:19,2026-01-10 07:18:19
W0000042,W0000440,1,30575207,2026-04-22 22:58:31,2026-04-22 22:58:31
W0000042,W0000441,1,4089275,2026-01-11 13:09:57,2026-01-11 13:09:57
W0000042,W0000446,1,1884693,2026-04-14 11:18:28,2026-04-14 11:18:28
W0000042,W0000449,1,1884693,2026-04-14 11:18:28,2026-04-14 11:18:28
W0000042,W0000456,2,14700547,2026-02-11 18:08:32,2026-06-22 11:10:57
W0000042,W0000463,1,1353775,2026-05-22 07:55:07,2026-05-22 07:55:07
W0000043,W0000007,1,38718520,2026-06-03 17:24:22,2026-06-03 17:24:22
W0000043,W0000015,1,68639428,2026-04-22 04:59:49,2026-04-22 04:59:49
W0000043,W0000019,1,3521970,2026-01-12 00:05:13,2026-01-12 00:05:13
W0000043,W0000058,1,6417895,2026-05-01 11:57:34,2026-05-01 11:57:34
W0000043,W0000095,1,29864675,2026-06-21 23:18:29,2026-06-21 23:18:29
W0000043,W0000097,1,3521970,2026-01-12 00:05:13,2026-01-12 00:05:13
W0000043,W0000108,1,61641092,2026-01-15 09:55:01,2026-01-15 09:55:01
W0000043,W0000129,1,2182739,2026-02-18 06:08:22,2026-02-18 06:08:22
W0000043,W0000145,1,1701949,2026-05-14 11:11:56,2026-05-14 11:11:56
W0000043,W0000205,1,29864675,2026-06-21 23:18:29,2026-06-21 23:18:29
W0000043,W0000282,1,15756298,2026-01-17 12:29:48,2026-01-17 12:29:48
W0000043,W0000300,1,11532078,2026-05-20 01:24:07,2026-05-20 01:24:07
W0000043,W0000309,1,38718520,2026-06-03 17:24:22,2026-06-03 17:24:22
W0000043,W0000401,1,2182739,2026-02-18 06:08:22,2026-02-18 06:08:22
W0000043,W0000408,1,47047181,2026-02-25 15:06:34,2026-02-25 15:06:34
W0000043,W0000415,1,47208072,2026-01-16 17:46:54,2026-01-16 17:46:54
W0000043,W0000426,1,2272406,2026-03-07 06:53:09,2026-03-07 06:53:09
W0000043,W0000439,1,26739792,2026-02-19 23:26:31,2026-02-19 23:26:31
W0000043,W0000451,1,2272406,2026-03-07 06:53:09,2026-03-07 06:53:09
W0000043,W0000486,1,47047181,2026-02-25 15:06:34,2026-02-25 15:06:34
W0000043,W0000491,1,129904610,2026-04-14 12:55:09,2026-04-14 12:55:09
W0000044,W0000001,1,8403460,2026-02-02 03:05:22,2026-02-02 03:05:22
W0000044,W0000152,1,2784831,2026-05-12 09:27:12,2026-05-12 09:27:12
W0000044,W0000183,1,25054111,2026-02-14 15:33:34,2026-02-14 15:33:34
W0000044,W0000186,1,20167381,2026-04-13 03:36:52,2026-04-13 03:36:52
W0000044,W0000207,1,28820730,2026-02-08 15:45:24,2026-02-08 15:45:24
W0000044,W0000271,1,32003553,2026-02-17 19:13:45,2026-02-17 19:13:45
W0000044,W0000286,1,13014024,2026-04-18 23:54:51,2026-04-18 23:54:51
W0000044,W0000303,1,23224157,2026-05-16 11:20:03,2026-05-16 11:20:03
W0000044,W0000380,1,36814961,2026-05-31 17:51:03,2026-05-31 17:51:03
W0000044,W0000435,1,1289409,2026-05-12 21:27:42,2026-05-12 21:27:42
W0000044,W0000461,1,14052100,2026-01-01 17:47:48,2026-01-01 17:47:48
W0000045,W0000016,1,12405832,2026-03-03 17:31:33,2026-03-03 17:31:33
W0000045,W0000063,1,7938765,2026-04-10 17:08:34,2026-04-10 17:08:34
W0000045,W0000068,1,15992421,2026-05-29 07:50:06,2026-05-29 07:50:06
W0000045,W0000070,1,16565912,2026-03-08 01:54:03,2026-03-08 01:54:03
W0000045,W0000091,1,1864627,2026-01-15 09:03:29,2026-01-15 09:03:29
W0000045,W0000140,1,22952223,2026-06-26 09:23:43,2026-06-26 09:23:43
W0000045,W0000170,1,26251255,2026-06-08 15:49:42,2026-06-08 15:49:42
W0000045,W0000186,1,822516,2026-04-07 13:17:42,2026-04-07 13:17:42
W0000045,W0000189,1,8389048,2026-03-26 19:17:23,2026-03-26 19:17:23
W0000045,W0000201,1,7882762,2026-05-28 15:49:18,2026-05-28 15:49:18
W0000045,W0000228,1,3134530,2026-06-23 14:00:39,2026-06-23 14:00:39
W0000045,W0000252,1,10080250,2026-03-13 06:57:40,2026-03-13 06:57:40
W0000045,W0000268,1,4259991,2026-06-26 03:20:29,2026-06-26 03:20:29
W0000045,W0000322,1,69331926,2026-05-31 10:59:26,2026-05-31 10:59:26
W0000045,W0000328,1,2098390,2026-02-19 02:01:48,2026-02-19 02:01:48
W0000045,W0000392,1,1802388,2026-01-09 17:39:41,2026-01-09 17:39:41
W0000045,W0000446,1,5308361,2026-03-23 11:42:59,2026-03-23 11:42:59
W0000045,W0000500,1,23686293,2026-06-29 21:27:30,2026-06-29 21:27:30
W0000046,W0000091,1,11524140,2026-02-21 00:00:39,2026-02-21 00:00:39
W0000046,W0000115,1,13187010,2026-04-29 06:16:48,2026-04-29 06:16:48
W0000046,W0000158,1,113710171,2026-06-26 02:41:48,2026-06-26 02:41:48
W0000046,W0000269,1,16393713,2026-04-17 17:28:52,2026-04-17 17:28:52
W0000046,W0000303,1,1065905,2026-05-11 09:32:17,2026-05-11 09:32:17
W0000046,W0000314,1,2343145,2026-02-28 11:15:36,2026-02-28 11:15:36
W0000046,W0000317,1,17502030,2026-01-21 03:09:42,2026-01-21 03:09:42
W0000046,W0000319,1,19025083,2026-03-03 10:01:42,2026-03-03 10:01:42
W0000046,W0000355,1,28741343,2026-02-24 09:46:10,2026-02-24 09:46:10
W0000046,W0000378,1,30895036,2026-03-20 22:45:51,2026-03-20 22:45:51
W0000046,W0000392,1,12995282,2026-05-13 23:54:11,2026-05-13 23:54:11
W0000046,W0000400,1,30799379,2026-02-03 08:01:03,2026-02-03 08:01:03
W0000046,W0000415,1,5397504,2026-01-31 00:53:25,2026-01-31 00:53:25
W0000046,W0000437,1,11359569,2026-02-13 23:28:28,2026-02-13 23:28:28
W0000046,W0000463,1,8571182,2026-02-13 14:29:44,2026-02-13 14:29:44
W0000046,W0000494,1,6437788,2026-06-02 23:50:12,2026-06-02 23:50:12
W0000046,W0000495,1,12041119,2026-04-07 16:16:40,2026-04-07 16:16:40
W0000047,W0000001,1,7745638,2026-01-16 03:13:14,2026-01-16 03:13:14
W0000047,W0000039,1,3468569,2026-01-20 16:02:52,2026-01-20 16:02:52
W0000047,W0000061,1,6724047,2026-06-04 03:12:21,2026-06-04 03:12:21
W0000047,W0000072,1,2620462,2026-03-16 18:40:48,2026-03-16 18:40:48
W0000047,W0000076,1,11764460,2026-04-01 19:50:22,2026-04-01 19:50:22
W0000047,W0000081,1,5899240,2026-06-20 09:50:17,2026-06-20 09:50:17
W0000047,W0000144,1,2386570,2026-06-01 12:08:05,2026-06-01 12:08:05
W0000047,W0000153,1,11866381,2026-01-18 02:40:26,2026-01-18 02:40:26
W0000047,W0000192,1,3908572,2026-04-29 12:45:21,2026-04-29 12:45:21
W0000047,W0000193,1,4694299,2026-06-04 13:33:33,2026-06-04 13:33:33
W0000047,W0000209,1,20540037,2026-06-25 13:21:37,2026-06-25 13:21:37
W0000047,W0000218,1,2891385,2026-04-16 16:57:37,2026-04-16 16:57:37
W0000047,W0000221,1,2406866,2026-04-14 06:38:27,2026-04-14 06:38:27
W0000047,W0000269,1,258259,2026-03-01 22:42:58,2026-03-01 22:42:58
W0000047,W0000309,1,98098666,2026-03-10 22:07:30,2026-03-10 22:07:30
W0000047,W0000316,1,22216854,2026-02-02 00:06:33,2026-02-02 00:06:33
W0000047,W0000347,1,1434847,2026-04-22 16:37:19,2026-04-22 16:37:19
W0000047,W0000398,1,18028757,2026-03-20 15:04:28,2026-03-20 15:04:28
W0000047,W0000429,1,36899829,2026-01-31 03:22:24,2026-01-31 03:22:24
W0000047,W0000438,1,1240301,2026-05-02 11:06:12,2026-05-02 11:06:12
W0000047,W0000476,1,36567480,2026-06-29 22:31:21,2026-06-29 22:31:21
W0000047,W0000495,1,21145239,2026-03-01 03:31:45,2026-03-01 03:31:45
W0000048,W0000021,1,3860380,2026-05-26 02:11:31,2026-05-26 02:11:31
W0000048,W0000077,1,1792808,2026-05-30 01:24:00,2026-05-30 01:24:00
W0000048,W0000213,1,6447732,2026-01-27 17:34:25,2026-01-27 17:34:25
W0000048,W0000232,1,1944244,2026-01-06 09:24:40,2026-01-06 09:24:40
W0000048,W0000237,1,6279490,2026-06-17 10:51:08,2026-06-17 10:51:08
W0000048,W0000287,1,2817776,2026-05-11 19:17:02,2026-05-11 19:17:02
W0000048,W0000292,1,32168427,2026-01-25 02:32:10,2026-01-25 02:32:10
W0000048,W0000303,1,6528555,2026-03-26 12:11:48,2026-03-26 12:11:48
W0000048,W0000306,1,10349264,2026-06-12 05:31:18,2026-06-12 05:31:18
W0000048,W0000441,1,4337143,2026-01-30 21:42:59,2026-01-30 21:42:59
W0000048,W0000466,1,54155877,2026-02-27 08:38:46,2026-02-27 08:38:46
W0000048,W0000468,1,4669000,2026-04-27 19:50:45,2026-04-27 19:50:45
W0000048,W0000471,1,16775819,2026-04-08 05:53:46,2026-04-08 05:53:46
W0000048,W0000478,1,4076450,2026-06-14 04:30:08,2026-06-14 04:30:08
W0000048,W0000479,1,43375722,2026-06-14 17:25:48,2026-06-14 17:25:48
W0000049,W0000014,1,2152003,2026-05-25 01:36:15,2026-05-25 01:36:15
W0000049,W0000017,1,5924651,2026-05-05 00:42:02,2026-05-05 00:42:02
W0000049,W0000019,1,65015009,2026-01-01 16:25:45,2026-01-01 16:25:45
W0000049,W0000024,1,6143818,2026-05-29 17:22:12,2026-05-29 17:22:12
W0000049,W0000028,1,35336413,2026-03-27 10:43:27,2026-03-27 10:43:27
W0000049,W0000108,1,26134452,2026-04-06 02:41:12,2026-04-06 02:41:12
W0000049,W0000120,1,2018899,2026-06-18 16:02:43,2026-06-18 16:02:43
W0000049,W0000150,1,5032848,2026-03-19 18:41:55,2026-03-19 18:41:55
W0000049,W0000161,1,17841839,2026-05-07 06:08:40,2026-05-07 06:08:40
W0000049,W0000179,1,3727131,2026-01-07 20:12:03,2026-01-07 20:12:03
W0000049,W0000231,1,9528888,2026-04-30 18:13:44,2026-04-30 18:13:44
W0000049,W0000235,1,12035298,2026-06-26 00:43:57,2026-06-26 00:43:57
W0000049,W0000286,1,11059728,2026-01-07 09:53:16,2026-01-07 09:53:16
W0000049,W0000298,1,16877933,2026-01-12 18:49:17,2026-01-12 18:49:17
W0000049,W0000310,1,31583519,2026-02-06 19:35:49,2026-02-06 19:35:49
W0000049,W0000347,1,20148522,2026-05-20 01:20:45,2026-05-20 01:20:45
W0000049,W0000371,1,4601451,2026-03-25 22:35:46,2026-03-25 22:35:46
W0000049,W0000378,1,11504829,2026-03-17 20:49:21,2026-03-17 20:49:21
W0000049,W0000395,1,18197522,2026-06-22 12:16:59,2026-06-22 12:16:59
W0000049,W0000405,1,1234588,2026-02-15 08:26:53,2026-02-15 08:26:53
W0000049,W0000413,1,4747455,2026-01-24 14:00:47,2026-01-24 14:00:47
W0000049,W0000443,1,12538354,2026-04-15 19:17:26,2026-04-15 19:17:26
W0000049,W0000463,1,11652620,2026-06-05 04:28:33,2026-06-05 04:28:33
W0000049,W0000483,1,17434405,2026-03-15 17:03:40,2026-03-15 17:03:40
W0000050,W0000004,1,5894959,2026-01-04 12:37:27,2026-01-04 12:37:27
W0000050,W0000007,1,24736934,2026-06-04 02:13:53,2026-06-04 02:13:53
W0000050,W0000018,1,43559746,2026-02-28 17:07:01,2026-02-28 17:07:01
W0000050,W0000051,1,4495962,2026-02-18 04:06:44,2026-02-18 04:06:44
W0000050,W0000063,1,9527750,2026-06-11 05:27:41,2026-06-11 05:27:41
W0000050,W0000071,1,22150353,2026-04-02 19:28:07,2026-04-02 19:28:07
W0000050,W0000072,1,29987406,2026-05-27 09:51:39,2026-05-27 09:51:39
W0000050,W0000108,1,5366451,2026-05-11 07:45:17,2026-05-11 07:45:17
W0000050,W0000228,1,797226,2026-04-11 09:15:44,2026-04-11 09:15:44
W0000050,W0000254,1,6483487,2026-04-18 02:47:42,2026-04-18 02:47:42
W0000050,W0000279,1,14522035,2026-06-09 19:20:28,2026-06-09 19:20:28
W0000050,W0000284,1,14293711,2026-04-10 17:04:06,2026-04-10 17:04:06
W0000050,W0000307,2,8542511,2026-01-10 17:57:48,2026-02-23 13:18:51
W0000050,W0000335,1,32991073,2026-05-08 00:30:39,2026-05-08 00:30:39
W0000050,W0000340,1,61966662,2026-03-01 16:57:55,2026-03-01 16:57:55
W0000050,W0000358,1,3049604,2026-05-19 18:10:28,2026-05-19 18:10:28
W0000050,W0000373,1,4653890,2026-03-30 05:21:45,2026-03-30 05:21:45
W0000050,W0000421,1,3512865,2026-03-23 01:12:42,2026-03-23 01:12:42
W0000050,W0000442,1,1825716,2026-01-08 10:29:57,2026-01-08 10:29:57
W0000050,W0000446,1,9828972,2026-06-10 04:39:37,2026-06-10 04:39:37
W0000051,W0000002,1,1193569,2026-03-05 16:01:30,2026-03-05 16:01:30
W0000051,W0000065,1,11402116,2026-01-20 08:59:34,2026-01-20 08:59:34
W0000051,W0000089,1,58559248,2026-05-30 12:50:13,2026-05-30 12:50:13
W0000051,W0000090,1,8354466,2026-02-13 01:56:56,2026-02-13 01:56:56
W0000051,W0000096,1,8466540,2026-03-15 02:57:25,2026-03-15 02:57:25
W0000051,W0000103,1,40301072,2026-05-14 14:52:54,2026-05-14 14:52:54
W0000051,W0000129,1,3929958,2026-05-06 12:04:39,2026-05-06 12:04:39
W0000051,W0000154,1,28157665,2026-04-25 01:30:28,2026-04-25 01:30:28
W0000051,W0000155,1,9804328,2026-04-28 07:17:26,2026-04-28 07:17:26
W0000051,W0000191,1,120666939,2026-02-18 12:34:27,2026-02-18 12:34:27
W0000051,W0000209,1,12934909,2026-04-21 21:45:45,2026-04-21 21:45:45
W0000051,W0000214,1,3327835,2026-03-24 05:19:59,2026-03-24 05:19:59
W0000051,W0000229,1,9004986,2026-01-03 10:37:59,2026-01-03 10:37:59
W0000051,W0000250,1,29201820,2026-04-14 05:15:07,2026-04-14 05:15:07
W0000051,W0000253,1,3242432,2026-01-26 07:05:58,2026-01-26 07:05:58
W0000051,W0000264,1,6566959,2026-04-26 01:01:59,2026-04-26 01:01:59
W0000051,W0000284,1,17600423,2026-01-07 06:26:49,2026-01-07 06:26:49
W0000051,W0000306,1,22794404,2026-01-05 03:28:34,2026-01-05 03:28:34
W0000051,W0000434,1,12244592,2026-04-20 22:38:37,2026-04-20 22:38:37
W0000051,W0000451,1,7642449,2026-04-08 22:13:30,2026-04-08 22:13:30
W0000051,W0000474,1,11088207,2026-05-26 18:17:45,2026-05-26 18:17:45
W0000052,W0000006,1,2666628,2026-02-16 19:10:36,2026-02-16 19:10:36
W0000052,W0000011,1,10203385,2026-01-03 15:09:25,2026-01-03 15:09:25
W0000052,W0000012,1,15648561,2026-05-13 15:12:18,2026-05-13 15:12:18
W0000052,W0000028,1,7891293,2026-02-04 16:20:06,2026-02-04 16:20:06
W0000052,W0000036,1,68704252,2026-03-14 16:50:37,2026-03-14 16:50:37
W0000052,W0000077,1,7555410,2026-01-22 02:44:00,2026-01-22 02:44:00
W0000052,W0000132,1,9840511,2026-02-23 23:52:14,2026-02-23 23:52:14
W0000052,W0000135,1,9928755,2026-05-08 02:45:37,2026-05-08 02:45:37
W0000052,W0000162,1,13437265,2026-03-04 15:32:39,2026-03-04 15:32:39
W0000052,W0000237,1,28286513,2026-03-10 01:56:54,2026-03-10 01:56:54
W0000052,W0000330,1,2612376,2026-05-28 20:19:55,2026-05-28 20:19:55
W0000052,W0000331,1,8583297,2026-06-29 18:17:19,2026-06-29 18:17:19
W0000052,W0000364,1,5380110,2026-04-17 10:51:13,2026-04-17 10:51:13
W0000052,W0000398,1,12471899,2026-04-25 00:26:10,2026-04-25 00:26:10
W0000052,W0000411,1,9516458,2026-06-15 19:18:38,2026-06-15 19:18:38
W0000052,W0000413,1,33812196,2026-03-25 22:17:07,2026-03-25 22:17:07
W0000052,W0000437,2,28534859,2026-03-05 08:54:56,2026-06-22 02:23:03
W0000052,W0000449,1,4871936,2026-05-17 10:13:02,2026-05-17 10:13:02
W0000052,W0000470,1,17020639,2026-06-06 09:51:24,2026-06-06 09:51:24
W0000052,W0000487,1,7750154,2026-03-20 08:26:10,2026-03-20 08:26:10
W0000052,W0000496,1,35760054,2026-01-02 17:10:26,2026-01-02 17:10:26
W0000053,W0000001,1,8356155,2026-05-10 00:20:35,2026-05-10 00:20:35
W0000053,W0000002,1,2929276,2026-06-07 19:36:00,2026-06-07 19:36:00
W0000053,W0000069,1,1451076,2026-03-29 06:52:17,2026-03-29 06:52:17
W0000053,W0000070,1,20453643,2026-03-20 19:40:16,2026-03-20 19:40:16
W0000053,W0000074,1,33135906,2026-02-18 22:34:51,2026-02-18 22:34:51
W0000053,W0000097,1,56005421,2026-01-19 16:13:04,2026-01-19 16:13:04
W0000053,W0000106,1,2130895,2026-04-14 06:16:08,2026-04-14 06:16:08
W0000053,W0000131,1,2918273,2026-05-15 09:26:29,2026-05-15 09:26:29
W0000053,W0000146,1,30393671,2026-04-10 20:55:27,2026-04-10 20:55:27
W0000053,W0000148,1,5354156,2026-01-06 18:58:24,2026-01-06 18:58:24
W0000053,W0000179,1,38419158,2026-04-28 23:27:27,2026-04-28 23:27:27
W0000053,W0000207,1,14681749,2026-02-09 14:15:21,2026-02-09 14:15:21
W0000053,W0000233,1,1782695,2026-02-22 06:31:13,2026-02-22 06:31:13
W0000053,W0000266,1,14714764,2026-03-16 01:36:26,2026-03-16 01:36:26
W0000053,W0000360,1,72991835,2026-04-15 22:58:32,2026-04-15 22:58:32
W0000053,W0000367,1,20245252,2026-03-05 06:39:46,2026-03-05 06:39:46
W0000053,W0000372,1,2614332,2026-03-17 07:40:35,2026-03-17 07:40:35
W0000053,W0000378,1,19283439,2026-04-20 09:27:15,2026-04-20 09:27:15
W0000053,W0000423,1,18661160,2026-01-05 08:27:06,2026-01-05 08:27:06
W0000053,W0000426,1,80247888,2026-04-11 23:14:13,2026-04-11 23:14:13
W0000053,W0000428,1,27259710,2026-01-11 15:26:25,2026-01-11 15:26:25
W0000053,W0000432,1,1318359,2026-04-16 04:47:17,2026-04-16 04:47:17
W0000053,W0000433,1,6237400,2026-04-26 13:00:10,2026-04-26 13:00:10
W0000053,W0000481,1,5632673,2026-04-17 11:53:11,2026-04-17 11:53:11
W0000054,W0000023,1,3773738,2026-05-19 21:06:19,2026-05-19 21:06:19
W0000054,W0000026,1,42963128,2026-05-19 03:40:04,2026-05-19 03:40:04
W0000054,W0000036,1,24459231,2026-06-20 05:06:59,2026-06-20 05:06:59
W0000054,W0000051,1,26165559,2026-04-28 12:56:42,2026-04-28 12:56:42
W0000054,W0000064,1,18495571,2026-06-02 03:02:23,2026-06-02 03:02:23
W0000054,W0000067,1,10456789,2026-02-01 11:24:31,2026-02-01 11:24:31
W0000054,W0000075,1,18221636,2026-02-27 16:27:21,2026-02-27 16:27:21
W0000054,W0000082,1,4685643,2026-04-05 04:32:59,2026-04-05 04:32:59
W0000054,W0000084,1,6126869,2026-02-25 10:19:27,2026-02-25 10:19:27
W0000054,W0000092,1,4685643,2026-04-05 04:32:59,2026-04-05 04:32:59
W0000054,W0000122,1,4104274,2026-04-22 17:28:01,2026-04-22 17:28:01
W0000054,W0000150,1,10879407,2026-05-25 05:50:20,2026-05-25 05:50:20
W0000054,W0000174,1,8018065,2026-01-05 23:07:34,2026-01-05 23:07:34
W0000054,W0000181,2,17207219,2026-04-21 22:04:28,2026-05-07 00:10:42
W0000054,W0000182,1,1040240,2026-01-08 06:38:52,2026-01-08 06:38:52
W0000054,W0000191,1,2283490,2026-04-19 19:03:58,2026-04-19 19:03:58
W0000054,W0000211,1,4499049,2026-02-19 01:58:40,2026-02-19 01:58:40
W0000054,W0000214,1,5058522,2026-03-26 23:53:36,2026-03-26 23:53:36
W0000054,W0000220,1,9917688,2026-02-28 13:34:21,2026-02-28 13:34:21
W0000054,W0000226,1,2526795,2026-06-13 10:07:34,2026-06-13 10:07:34
W0000054,W0000230,1,3203629,2026-05-15 05:33:38,2026-05-15 05:33:38
W0000054,W0000232,1,4499049,2026-02-19 01:58:40,2026-02-19 01:58:40
W0000054,W0000235,1,3172868,2026-06-01 20:36:37,2026-06-01 20:36:37
W0000054,W0000280,1,2406862,2026-04-06 10:45:18,2026-04-06 10:45:18
W0000054,W0000288,1,6631894,2026-02-05 02:48:23,2026-02-05 02:48:23
W0000054,W0000294,1,3203629,2026-05-15 05:33:38,2026-05-15 05:33:38
W0000054,W0000324,1,2927053,2026-02-02 07:39:18,2026-02-02 07:39:18
W0000054,W0000326,1,3383692,2026-01-11 05:35:25,2026-01-11 05:35:25
W0000054,W0000337,1,2821103,2026-03-17 16:48:54,2026-03-17 16:48:54
W0000054,W0000375,1,7491837,2026-02-14 07:14:35,2026-02-14 07:14:35
W0000054,W0000391,1,3203629,2026-05-15 05:33:38,2026-05-15 05:33:38
W0000054,W0000399,1,4104274,2026-04-22 17:28:01,2026-04-22 17:28:01
W0000054,W0000411,1,2526795,2026-06-13 10:07:34,2026-06-13 10:07:34
W0000054,W0000413,1,11985965,2026-05-07 00:10:42,2026-05-07 00:10:42
W0000054,W0000421,1,3383692,2026-01-11 05:35:25,2026-01-11 05:35:25
W0000054,W0000425,1,20775722,2026-04-05 21:06:11,2026-04-05 21:06:11
W0000054,W0000430,1,24459231,2026-06-20 05:06:59,2026-06-20 05:06:59
W0000054,W0000451,1,3621787,2026-04-18 21:01:30,2026-04-18 21:01:30
W0000054,W0000455,1,20067081,2026-03-29 02:10:56,2026-03-29 02:10:56
W0000054,W0000496,1,12106471,2026-01-01 03:49:25,2026-01-01 03:49:25
W0000054,W0000500,1,2404960,2026-03-23 16:41:53,2026-03-23 16:41:53
W0000055,W0000016,1,3905558,2026-01-22 00:09:46,2026-01-22 00:09:46
W0000055,W0000036,1,26171170,2026-05-17 05:57:03,2026-05-17 05:57:03
W0000055,W0000073,1,1108104,2026-03-07 04:01:48,2026-03-07 04:01:48
W0000055,W0000083,1,991653,2026-04-12 01:38:32,2026-04-12 01:38:32
W0000055,W0000102,1,5751642,2026-01-22 09:43:03,2026-01-22 09:43:03
W0000055,W0000112,1,10571137,2026-06-19 16:51:59,2026-06-19 16:51:59
W0000055,W0000121,1,37577504,2026-04-19 10:06:05,2026-04-19 10:06:05
W0000055,W0000151,1,8300187,2026-05-02 11:42:43,2026-05-02 11:42:43
W0000055,W0000198,1,28970478,2026-05-13 06:55:12,2026-05-13 06:55:12
W0000055,W0000294,1,32106322,2026-02-27 10:51:54,2026-02-27 10:51:54
W0000055,W0000299,1,5225628,2026-06-07 22:28:11,2026-06-07 22:28:11
W0000055,W0000353,1,18734742,2026-01-14 11:37:45,2026-01-14 11:37:45
W0000055,W0000390,1,11180573,2026-01-11 02:40:03,2026-01-11 02:40:03
W0000055,W0000457,1,2824905,2026-03-20 01:46:23,2026-03-20 01:46:23
W0000055,W0000470,1,17758996,2026-01-28 06:31:09,2026-01-28 06:31:09
W0000055,W0000482,1,6873558,2026-06-26 12:53:14,2026-06-26 12:53:14
W0000056,W0000012,1,280772412,2026-01-01 09:01:29,2026-01-01 09:01:29
W0000056,W0000066,1,67862495,2026-01-15 06:15:54,2026-01-15 06:15:54
W0000056,W0000154,1,10172186,2026-03-14 14:03:19,2026-03-14 14:03:19
W0000056,W0000175,1,67487555,2026-02-24 17:13:48,2026-02-24 17:13:48
W0000056,W0000200,1,117428235,2026-01-28 03:10:36,2026-01-28 03:10:36
W0000056,W0000222,1,43132433,2026-01-19 16:30:02,2026-01-19 16:30:02
W0000056,W0000269,1,26535529,2026-04-08 22:29:08,2026-04-08 22:29:08
W0000056,W0000311,1,27674264,2026-04-02 06:56:44,2026-04-02 06:56:44
W0000056,W0000321,1,25000741,2026-04-04 20:01:15,2026-04-04 20:01:15
W0000056,W0000349,1,28993395,2026-06-06 19:49:11,2026-06-06 19:49:11
W0000056,W0000365,1,41301753,2026-03-09 22:29:54,2026-03-09 22:29:54
W0000056,W0000399,1,20175207,2026-04-25 23:22:50,2026-04-25 23:22:50
W0000056,W0000408,2,26209846,2026-01-20 03:24:03,2026-04-04 02:58:26
W0000056,W0000414,1,10386754,2026-05-11 19:20:04,2026-05-11 19:20:04
W0000056,W0000435,1,35755047,2026-05-29 04:04:47,2026-05-29 04:04:47
W0000056,W0000437,1,34713921,2026-03-13 17:51:38,2026-03-13 17:51:38
W0000056,W0000472,1,3869824,2026-06-09 04:54:02,2026-06-09 04:54:02
W0000056,W0000495,1,25468126,2026-05-21 01:04:03,2026-05-21 01:04:03
W0000057,W0000023,1,3706776,2026-04-23 22:07:41,2026-04-23 22:07:41
W0000057,W0000026,1,70149932,2026-05-02 05:16:16,2026-05-02 05:16:16
W0000057,W0000027,1,11424718,2026-04-08 11:18:41,2026-04-08 11:18:41
W0000057,W0000106,1,13848909,2026-05-27 05:54:49,2026-05-27 05:54:49
W0000057,W0000209,1,8492730,2026-06-15 07:51:22,2026-06-15 07:51:22
W0000057,W0000222,1,9106528,2026-04-16 06:06:02,2026-04-16 06:06:02
W0000057,W0000243,2,50357996,2026-01-26 17:10:35,2026-05-24 16:42:37
W0000057,W0000261,1,26316542,2026-05-14 21:56:57,2026-05-14 21:56:57
W0000057,W0000279,1,11533751,2026-03-20 03:12:45,2026-03-20 03:12:45
W0000057,W0000305,1,87388229,2026-03-20 22:50:53,2026-03-20 22:50:53
W0000057,W0000361,1,65122076,2026-03-10 13:45:56,2026-03-10 13:45:56
W0000057,W0000362,1,20280173,2026-01-20 07:42:50,2026-01-20 07:42:50
W0000057,W0000385,1,20900303,2026-06-08 20:02:44,2026-06-08 20:02:44
W0000057,W0000430,1,20915727,2026-04-13 06:48:50,2026-04-13 06:48:50
W0000057,W0000432,1,7609996,2026-05-02 17:58:58,2026-05-02 17:58:58
W0000057,W0000447,1,1526114,2026-02-01 07:53:18,2026-02-01 07:53:18
W0000057,W0000448,1,37306394,2026-01-01 16:42:33,2026-01-01 16:42:33
W0000057,W0000483,1,19971932,2026-02-21 02:05:56,2026-02-21 02:05:56
W0000057,W0000491,1,7945056,2026-02-02 05:02:30,2026-02-02 05:02:30
W0000058,W0000027,1,14463240,2026-03-08 16:22:51,2026-03-08 16:22:51
W0000058,W0000029,1,2250061,2026-02-17 03:23:36,2026-02-17 03:23:36
W0000058,W0000069,1,3807411,2026-04-22 15:33:57,2026-04-22 15:33:57
W0000058,W0000123,1,5834762,2026-04-21 18:05:51,2026-04-21 18:05:51
W0000058,W0000131,1,3658424,2026-03-27 06:27:30,2026-03-27 06:27:30
W0000058,W0000217,1,2950775,2026-05-01 07:26:53,2026-05-01 07:26:53
W0000058,W0000219,1,54622268,2026-03-16 11:06:29,2026-03-16 11:06:29
W0000058,W0000220,2,37865866,2026-04-11 22:33:36,2026-05-23 18:02:33
W0000058,W0000241,1,3335210,2026-03-15 03:10:57,2026-03-15 03:10:57
W0000058,W0000267,1,1462993,2026-01-05 00:35:46,2026-01-05 00:35:46
W0000058,W0000375,1,17776328,2026-05-05 22:06:11,2026-05-05 22:06:11
W0000058,W0000430,1,19416380,2026-06-29 11:40:25,2026-06-29 11:40:25
W0000058,W0000433,1,23787384,2026-01-04 12:40:21,2026-01-04 12:40:21
W0000058,W0000474,1,21243478,2026-06-11 00:59:17,2026-06-11 00:59:17
W0000058,W0000494,1,13196463,2026-01-28 14:10:32,2026-01-28 14:10:32
W0000059,W0000003,1,3166728,2026-05-30 02:52:02,2026-05-30 02:52:02
W0000059,W0000025,1,9199884,2026-05-23 02:13:38,2026-05-23 02:13:38
W0000059,W0000044,1,16931017,2026-04-21 18:03:40,2026-04-21 18:03:40
W0000059,W0000062,1,28459476,2026-01-30 21:33:26,2026-01-30 21:33:26
W0000059,W0000074,1,377062,2026-02-05 06:27:03,2026-02-05 06:27:03
W0000059,W0000075,1,34740972,2026-04-28 01:21:35,2026-04-28 01:21:35
W0000059,W0000099,1,9064583,2026-05-15 05:41:28,2026-05-15 05:41:28
W0000059,W0000118,1,11398788,2026-01-24 22:45:53,2026-01-24 22:45:53
W0000059,W0000175,1,6601600,2026-04-08 06:23:51,2026-04-08 06:23:51
W0000059,W0000177,1,9855954,2026-05-12 11:41:52,2026-05-12 11:41:52
W0000059,W0000205,1,24450020,2026-05-31 05:37:06,2026-05-31 05:37:06
W0000059,W0000219,1,8427889,2026-05-02 14:08:23,2026-05-02 14:08:23
W0000059,W0000226,1,5093286,2026-03-03 11:36:00,2026-03-03 11:36:00
W0000059,W0000239,1,5811950,2026-05-15 01:58:50,2026-05-15 01:58:50
W0000059,W0000310,1,1717409,2026-05-13 08:20:46,2026-05-13 08:20:46
W0000059,W0000322,1,14191230,2026-06-30 01:48:54,2026-06-30 01:48:54
W0000059,W0000325,1,17184282,2026-05-30 13:40:09,2026-05-30 13:40:09
W0000059,W0000337,1,7707057,2026-02-15 04:11:54,2026-02-15 04:11:54
W0000059,W0000430,1,17011425,2026-01-22 05:06:51,2026-01-22 05:06:51
W0000059,W0000433,1,9735319,2026-01-04 23:00:50,2026-01-04 23:00:50
W0000059,W0000443,1,4901159,2026-05-05 02:27:42,2026-05-05 02:27:42
W0000059,W0000463,1,5044650,2026-06-28 02:37:02,2026-06-28 02:37:02
W0000059,W0000471,1,72914496,2026-04-29 01:09:23,2026-04-29 01:09:23
W0000060,W0000003,1,23754284,2026-05-09 01:55:54,2026-05-09 01:55:54
W0000060,W0000045,1,51235137,2026-06-02 01:48:36,2026-06-02 01:48:36
W0000060,W0000048,1,28817340,2026-05-28 11:19:01,2026-05-28 11:19:01
W0000060,W0000061,1,50172815,2026-06-13 10:31:13,2026-06-13 10:31:13
W0000060,W0000066,1,2296995,2026-03-17 12:41:51,2026-03-17 12:41:51
W0000060,W0000067,1,9241283,2026-03-15 19:50:15,2026-03-15 19:50:15
W0000060,W0000105,1,4984041,2026-03-30 15:28:07,2026-03-30 15:28:07
W0000060,W0000120,1,22515669,2026-02-28 07:42:01,2026-02-28 07:42:01
W0000060,W0000122,1,8375401,2026-02-03 14:16:14,2026-02-03 14:16:14
W0000060,W0000174,1,1784618,2026-04-11 17:33:34,2026-04-11 17:33:34
W0000060,W0000209,1,10093898,2026-05-25 22:19:39,2026-05-25 22:19:39
W0000060,W0000274,1,8942883,2026-04-24 10:12:52,2026-04-24 10:12:52
W0000060,W0000294,1,63263322,2026-03-29 09:49:40,2026-03-29 09:49:40
W0000060,W0000297,1,5314519,2026-01-09 14:51:22,2026-01-09 14:51:22
W0000060,W0000333,1,16555408,2026-03-02 03:54:39,2026-03-02 03:54:39
W0000060,W0000399,1,10309044,2026-06-16 11:06:37,2026-06-16 11:06:37
W0000060,W0000461,1,39559241,2026-06-25 10:51:15,2026-06-25 10:51:15
W0000060,W0000476,1,42240115,2026-03-27 17:37:51,2026-03-27 17:37:51
W0000060,W0000486,1,3493698,2026-01-23 13:09:38,2026-01-23 13:09:38
W0000061,W0000060,1,18150426,2026-05-15 15:38:54,2026-05-15 15:38:54
W0000061,W0000063,1,18384042,2026-05-11 22:57:54,2026-05-11 22:57:54
W0000061,W0000094,1,24121283,2026-03-30 22:45:26,2026-03-30 22:45:26
W0000061,W0000193,1,2552705,2026-04-05 08:34:37,2026-04-05 08:34:37
W0000061,W0000214,1,4827581,2026-05-20 11:38:29,2026-05-20 11:38:29
W0000061,W0000240,1,29576906,2026-05-27 15:03:11,2026-05-27 15:03:11
W0000061,W0000281,1,10920126,2026-03-05 15:31:46,2026-03-05 15:31:46
W0000061,W0000283,1,63115009,2026-05-13 09:07:20,2026-05-13 09:07:20
W0000061,W0000364,1,64998132,2026-03-18 09:10:52,2026-03-18 09:10:52
W0000061,W0000405,1,31816429,2026-04-21 23:29:11,2026-04-21 23:29:11
W0000061,W0000406,1,1125523,2026-04-23 19:32:18,2026-04-23 19:32:18
W0000061,W0000466,1,2687958,2026-03-27 17:48:35,2026-03-27 17:48:35
W0000061,W0000478,1,5321980,2026-01-30 07:49:24,2026-01-30 07:49:24
W0000061,W0000482,1,1989315,2026-05-07 19:20:30,2026-05-07 19:20:30
W0000061,W0000495,1,21428368,2026-06-12 23:01:07,2026-06-12 23:01:07
W0000062,W0000025,2,16475941,2026-02-16 22:59:53,2026-03-13 18:47:15
W0000062,W0000039,1,10442712,2026-06-21 13:08:39,2026-06-21 13:08:39
W0000062,W0000045,1,18429757,2026-03-11 16:23:28,2026-03-11 16:23:28
W0000062,W0000048,2,27971450,2026-01-31 08:57:45,2026-02-16 22:59:53
W0000062,W0000072,2,68091952,2026-02-28 21:51:48,2026-03-22 06:00:16
W0000062,W0000091,1,44481288,2026-02-07 18:59:13,2026-02-07 18:59:13
W0000062,W0000096,1,8376338,2026-03-20 22:56:17,2026-03-20 22:56:17
W0000062,W0000163,1,42684597,2026-03-22 06:00:16,2026-03-22 06:00:16
W0000062,W0000186,1,25072944,2026-06-30 10:45:37,2026-06-30 10:45:37
W0000062,W0000209,1,11398804,2026-05-11 12:40:50,2026-05-11 12:40:50
W0000062,W0000211,1,6652171,2026-04-20 21:50:59,2026-04-20 21:50:59
W0000062,W0000230,1,17055396,2026-01-31 08:57:45,2026-01-31 08:57:45
W0000062,W0000232,1,3161407,2026-01-19 03:39:43,2026-01-19 03:39:43
W0000062,W0000237,1,4812650,2026-05-05 00:15:43,2026-05-05 00:15:43
W0000062,W0000246,1,11398804,2026-05-11 12:40:50,2026-05-11 12:40:50
W0000062,W0000264,1,18429757,2026-03-11 16:23:28,2026-03-11 16:23:28
W0000062,W0000272,1,10442712,2026-06-21 13:08:39,2026-06-21 13:08:39
W0000062,W0000274,1,43706166,2026-02-07 02:27:29,2026-02-07 02:27:29
W0000062,W0000277,1,12469636,2026-01-31 08:59:16,2026-01-31 08:59:16
W0000062,W0000290,1,12469636,2026-01-31 08:59:16,2026-01-31 08:59:16
W0000062,W0000295,1,5559887,2026-03-13 18:47:15,2026-03-13 18:47:15
W0000062,W0000304,1,8376338,2026-03-20 22:56:17,2026-03-20 22:56:17
W0000062,W0000307,1,8376338,2026-03-20 22:56:17,2026-03-20 22:56:17
W0000062,W0000310,1,11398804,2026-05-11 12:40:50,2026-05-11 12:40:50
W0000062,W0000312,1,5559887,2026-03-13 18:47:15,2026-03-13 18:47:15
W0000062,W0000317,2,147877521,2026-03-06 06:48:07,2026-04-06 17:38:19
W0000062,W0000324,1,25553160,2026-03-06 06:48:07,2026-03-06 06:48:07
W0000062,W0000329,1,18375597,2026-04-29 05:07:38,2026-04-29 05:07:38
W0000062,W0000334,1,15343683,2026-03-09 17:06:45,2026-03-09 17:06:45
W0000062,W0000335,1,10442712,2026-06-21 13:08:39,2026-06-21 13:08:39
W0000062,W0000339,1,25553160,2026-03-06 06:48:07,2026-03-06 06:48:07
W0000062,W0000346,1,12469636,2026-01-31 08:59:16,2026-01-31 08:59:16
W0000062,W0000350,1,18375597,2026-04-29 05:07:38,2026-04-29 05:07:38
W0000062,W0000396,1,15343683,2026-03-09 17:06:45,2026-03-09 17:06:45
W0000062,W0000406,1,122324361,2026-04-06 17:38:19,2026-04-06 17:38:19
W0000062,W0000410,1,10442712,2026-06-21 13:08:39,2026-06-21 13:08:39
W0000062,W0000413,1,44481288,2026-02-07 18:59:13,2026-02-07 18:59:13
W0000062,W0000431,1,10916054,2026-02-16 22:59:53,2026-02-16 22:59:53
W0000062,W0000439,1,18375597,2026-04-29 05:07:38,2026-04-29 05:07:38
W0000062,W0000457,1,3161407,2026-01-19 03:39:43,2026-01-19 03:39:43
W0000062,W0000471,1,17055396,2026-01-31 08:57:45,2026-01-31 08:57:45
W0000062,W0000476,1,25553160,2026-03-06 06:48:07,2026-03-06 06:48:07
W0000062,W0000500,1,43706166,2026-02-07 02:27:29,2026-02-07 02:27:29
W0000063,W0000027,1,14026675,2026-01-14 18:06:23,2026-01-14 18:06:23
W0000063,W0000028,1,8625759,2026-06-14 13:00:13,2026-06-14 13:00:13
W0000063,W0000032,1,27674495,2026-02-24 02:12:09,2026-02-24 02:12:09
W0000063,W0000078,1,24195494,2026-04-10 08:36:49,2026-04-10 08:36:49
W0000063,W0000106,1,32652141,2026-05-30 06:32:47,2026-05-30 06:32:47
W0000063,W0000145,1,19177432,2026-05-29 00:35:00,2026-05-29 00:35:00
W0000063,W0000162,1,67506779,2026-04-24 11:09:27,2026-04-24 11:09:27
W0000063,W0000187,1,27179359,2026-06-08 23:21:42,2026-06-08 23:21:42
W0000063,W0000200,1,14742206,2026-06-29 00:43:01,2026-06-29 00:43:01
W0000063,W0000210,1,4382946,2026-06-07 05:48:17,2026-06-07 05:48:17
W0000063,W0000262,1,2376646,2026-06-08 13:36:57,2026-06-08 13:36:57
W0000063,W0000264,1,2551090,2026-01-04 21:03:16,2026-01-04 21:03:16
W0000063,W0000270,1,3499162,2026-04-12 14:33:20,2026-04-12 14:33:20
W0000063,W0000296,1,12266601,2026-04-22 22:43:16,2026-04-22 22:43:16
W0000063,W0000313,1,5866919,2026-05-30 05:46:46,2026-05-30 05:46:46
W0000063,W0000328,1,41744935,2026-04-10 19:33:00,2026-04-10 19:33:00
W0000063,W0000362,1,738933,2026-04-20 22:48:23,2026-04-20 22:48:23
W0000063,W0000366,1,25388664,2026-05-19 17:26:37,2026-05-19 17:26:37
W0000063,W0000407,1,5597608,2026-06-03 11:24:19,2026-06-03 11:24:19
W0000063,W0000423,1,2740446,2026-05-09 16:43:34,2026-05-09 16:43:34
W0000063,W0000450,1,7980852,2026-01-10 01:29:10,2026-01-10 01:29:10
W0000063,W0000470,1,18047268,2026-02-06 08:52:14,2026-02-06 08:52:14
W0000064,W0000020,1,2995392,2026-02-20 14:57:16,2026-02-20 14:57:16
W0000064,W0000113,1,17227783,2026-04-13 17:43:20,2026-04-13 17:43:20
W0000064,W0000122,1,3829239,2026-04-28 03:16:02,2026-04-28 03:16:02
W0000064,W0000152,1,23679604,2026-03-14 21:08:26,2026-03-14 21:08:26
W0000064,W0000154,1,7762441,2026-04-09 11:00:03,2026-04-09 11:00:03
W0000064,W0000158,1,2562915,2026-05-09 05:00:12,2026-05-09 05:00:12
W0000064,W0000177,1,16776277,2026-04-03 19:09:43,2026-04-03 19:09:43
W0000064,W0000203,1,12105807,2026-06-17 08:36:57,2026-06-17 08:36:57
W0000064,W0000225,1,8239697,2026-05-25 08:03:53,2026-05-25 08:03:53
W0000064,W0000251,1,7595544,2026-02-25 15:46:10,2026-02-25 15:46:10
W0000064,W0000254,1,2649082,2026-05-21 14:38:10,2026-05-21 14:38:10
W0000064,W0000307,2,64152734,2026-02-06 09:29:36,2026-03-21 03:19:39
W0000064,W0000312,1,17416153,2026-02-16 19:35:25,2026-02-16 19:35:25
W0000064,W0000314,1,4515329,2026-01-14 16:06:01,2026-01-14 16:06:01
W0000064,W0000324,1,2929390,2026-05-20 11:49:45,2026-05-20 11:49:45
W0000064,W0000329,1,4601421,2026-02-25 16:45:12,2026-02-25 16:45:12
W0000064,W0000331,1,432171,2026-03-30 07:46:26,2026-03-30 07:46:26
W0000064,W0000357,1,7393756,2026-04-08 18:18:22,2026-04-08 18:18:22
W0000064,W0000405,1,3198978,2026-05-19 17:07:40,2026-05-19 17:07:40
W0000064,W0000423,1,8819698,2026-01-26 21:14:11,2026-01-26 21:14:11
W0000064,W0000476,1,3477924,2026-03-05 11:13:09,2026-03-05 11:13:09
W0000065,W0000037,1,18222783,2026-01-28 23:04:10,2026-01-28 23:04:10
W0000065,W0000099,1,13786522,2026-01-04 02:01:50,2026-01-04 02:01:50
W0000065,W0000114,1,5835216,2026-05-10 22:40:12,2026-05-10 22:40:12
W0000065,W0000129,1,6277342,2026-03-21 23:30:29,2026-03-21 23:30:29
W0000065,W0000190,1,4628198,2026-01-16 10:29:03,2026-01-16 10:29:03
W0000065,W0000273,1,1910107,2026-06-24 23:31:24,2026-06-24 23:31:24
W0000065,W0000298,1,7242400,2026-03-14 07:27:20,2026-03-14 07:27:20
W0000065,W0000304,1,8289130,2026-01-20 11:43:58,2026-01-20 11:43:58
W0000065,W0000326,1,13560414,2026-05-19 06:52:21,2026-05-19 06:52:21
W0000065,W0000342,1,2107126,2026-02-23 13:45:36,2026-02-23 13:45:36
W0000065,W0000381,1,3090392,2026-01-26 11:51:59,2026-01-26 11:51:59
W0000065,W0000387,1,7558725,2026-06-19 11:10:07,2026-06-19 11:10:07
W0000065,W0000409,1,2936094,2026-02-25 03:39:13,2026-02-25 03:39:13
W0000065,W0000482,1,42062710,2026-03-24 12:30:56,2026-03-24 12:30:56
W0000065,W0000497,1,3564044,2026-06-03 06:36:37,2026-06-03 06:36:37
W0000066,W0000026,1,125909979,2026-05-19 17:19:04,2026-05-19 17:19:04
W0000066,W0000029,1,21205081,2026-01-13 18:36:17,2026-01-13 18:36:17
W0000066,W0000129,2,16488826,2026-02-27 09:02:39,2026-03-08 17:39:02
W0000066,W0000148,1,36259954,2026-05-02 00:35:19,2026-05-02 00:35:19
W0000066,W0000156,1,21205081,2026-01-13 18:36:17,2026-01-13 18:36:17
W0000066,W0000165,1,157675480,2026-04-04 10:58:01,2026-04-04 10:58:01
W0000066,W0000175,2,75809058,2026-03-29 23:52:28,2026-04-04 03:54:11
W0000066,W0000178,1,2046566,2026-04-04 03:54:11,2026-04-04 03:54:11
W0000066,W0000182,1,73762492,2026-03-29 23:52:28,2026-03-29 23:52:28
W0000066,W0000196,1,41976275,2026-04-30 12:30:26,2026-04-30 12:30:26
W0000066,W0000211,1,10144821,2026-05-14 23:44:10,2026-05-14 23:44:10
W0000066,W0000246,2,22860100,2026-01-29 15:04:46,2026-05-31 17:47:39
W0000066,W0000247,1,73762492,2026-03-29 23:52:28,2026-03-29 23:52:28
W0000066,W0000252,1,19875059,2026-04-15 22:16:28,2026-04-15 22:16:28
W0000066,W0000314,1,21205081,2026-01-13 18:36:17,2026-01-13 18:36:17
W0000066,W0000316,1,10110777,2026-04-03 18:39:43,2026-04-03 18:39:43
W0000066,W0000339,1,2046566,2026-04-04 03:54:11,2026-04-04 03:54:11
W0000066,W0000348,1,41976275,2026-04-30 12:30:26,2026-04-30 12:30:26
W0000066,W0000388,1,19875059,2026-04-15 22:16:28,2026-04-15 22:16:28
W0000066,W0000479,1,5749778,2026-01-29 15:04:46,2026-01-29 15:04:46
W0000066,W0000491,1,10110777,2026-04-03 18:39:43,2026-04-03 18:39:43
W0000067,W0000011,1,4974422,2026-01-05 02:24:56,2026-01-05 02:24:56
W0000067,W0000014,1,59214103,2026-06-17 19:55:12,2026-06-17 19:55:12
W0000067,W0000022,1,20787057,2026-04-07 10:18:30,2026-04-07 10:18:30
W0000067,W0000075,1,31478523,2026-01-16 23:01:42,2026-01-16 23:01:42
W0000067,W0000082,1,11064717,2026-01-20 14:14:43,2026-01-20 14:14:43
W0000067,W0000256,1,59495044,2026-05-03 16:40:11,2026-05-03 16:40:11
W0000067,W0000258,1,17134465,2026-05-24 11:39:16,2026-05-24 11:39:16
W0000067,W0000265,2,67543837,2026-01-02 22:05:41,2026-06-28 10:11:17
W0000067,W0000283,1,88723262,2026-05-18 12:54:11,2026-05-18 12:54:11
W0000067,W0000297,1,4467863,2026-05-26 14:09:20,2026-05-26 14:09:20
W0000067,W0000298,1,7665690,2026-06-18 20:24:17,2026-06-18 20:24:17
W0000067,W0000327,1,193426,2026-04-11 05:44:11,2026-04-11 05:44:11
W0000067,W0000339,2,37411261,2026-04-29 13:12:22,2026-04-30 17:09:20
W0000067,W0000397,1,1220531,2026-02-25 22:47:45,2026-02-25 22:47:45
W0000067,W0000419,1,2011022,2026-03-20 00:40:32,2026-03-20 00:40:32
W0000067,W0000437,1,48459098,2026-06-10 08:26:14,2026-06-10 08:26:14
W0000067,W0000456,1,20231086,2026-04-18 01:21:02,2026-04-18 01:21:02
W0000067,W0000482,1,31567988,2026-04-16 17:53:42,2026-04-16 17:53:42
W0000067,W0000489,1,6584098,2026-02-05 05:26:22,2026-02-05 05:26:22
W0000067,W0000493,1,28420277,2026-02-02 12:43:40,2026-02-02 12:43:40
W0000068,W0000004,1,428062,2026-01-26 04:47:58,2026-01-26 04:47:58
W0000068,W0000031,1,77200541,2026-06-13 22:57:19,2026-06-13 22:57:19
W0000068,W0000032,1,25808642,2026-03-20 08:28:21,2026-03-20 08:28:21
W0000068,W0000080,1,11633536,2026-06-11 10:20:55,2026-06-11 10:20:55
W0000068,W0000105,1,15324924,2026-01-29 01:49:35,2026-01-29 01:49:35
W0000068,W0000115,1,2791039,2026-03-03 21:58:38,2026-03-03 21:58:38
W0000068,W0000166,1,2697125,2026-02-01 02:41:32,2026-02-01 02:41:32
W0000068,W0000174,1,6334490,2026-03-06 20:58:24,2026-03-06 20:58:24
W0000068,W0000212,1,2538071,2026-01-23 15:53:20,2026-01-23 15:53:20
W0000068,W0000270,1,7531962,2026-05-23 13:59:22,2026-05-23 13:59:22
W0000068,W0000278,1,69439934,2026-01-14 05:22:31,2026-01-14 05:22:31
W0000068,W0000295,1,58176816,2026-01-16 04:23:32,2026-01-16 04:23:32
W0000068,W0000328,1,2145255,2026-06-22 11:38:19,2026-06-22 11:38:19
W0000068,W0000446,1,17506681,2026-04-08 22:52:33,2026-04-08 22:52:33
W0000068,W0000450,1,17643141,2026-01-17 11:44:24,2026-01-17 11:44:24
W0000068,W0000459,1,16140301,2026-05-17 09:58:19,2026-05-17 09:58:19
W0000069,W0000001,1,28437479,2026-06-11 08:56:47,2026-06-11 08:56:47
W0000069,W0000075,1,4583014,2026-04-02 23:52:06,2026-04-02 23:52:06
W0000069,W0000114,1,8318786,2026-04-09 10:05:12,2026-04-09 10:05:12
W0000069,W0000153,1,14247494,2026-03-10 06:27:28,2026-03-10 06:27:28
W0000069,W0000163,1,2678300,2026-02-17 06:05:23,2026-02-17 06:05:23
W0000069,W0000166,1,6658387,2026-05-08 00:45:49,2026-05-08 00:45:49
W0000069,W0000205,1,19323673,2026-02-19 14:22:16,2026-02-19 14:22:16
W0000069,W0000210,1,20287905,2026-02-24 03:03:10,2026-02-24 03:03:10
W0000069,W0000255,1,11893709,2026-02-24 05:24:09,2026-02-24 05:24:09
W0000069,W0000272,1,12960566,2026-06-02 17:35:39,2026-06-02 17:35:39
W0000069,W0000305,1,8898786,2026-03-11 05:27:43,2026-03-11 05:27:43
W0000069,W0000311,1,14039888,2026-05-07 03:12:31,2026-05-07 03:12:31
W0000069,W0000316,1,8914291,2026-05-27 00:22:50,2026-05-27 00:22:50
W0000069,W0000345,1,3392014,2026-01-26 11:05:05,2026-01-26 11:05:05
W0000069,W0000361,2,41555612,2026-01-21 12:36:41,2026-04-08 13:01:08
W0000069,W0000382,1,23487859,2026-01-07 03:17:49,2026-01-07 03:17:49
W0000069,W0000387,1,25497514,2026-02-04 15:22:34,2026-02-04 15:22:34
W0000069,W0000394,1,11665730,2026-06-16 19:28:41,2026-06-16 19:28:41
W0000069,W0000464,1,14249262,2026-01-03 10:23:18,2026-01-03 10:23:18
W0000069,W0000480,1,4058423,2026-03-30 13:35:58,2026-03-30 13:35:58
W0000069,W0000494,1,22631462,2026-03-31 12:06:13,2026-03-31 12:06:13
W0000070,W0000006,1,7366532,2026-05-18 18:08:28,2026-05-18 18:08:28
W0000070,W0000020,1,14218782,2026-01-26 15:26:17,2026-01-26 15:26:17
W0000070,W0000035,1,4877561,2026-06-21 17:58:02,2026-06-21 17:58:02
W0000070,W0000115,1,23675265,2026-01-27 04:36:45,2026-01-27 04:36:45
W0000070,W0000120,1,35381942,2026-02-20 01:46:13,2026-02-20 01:46:13
W0000070,W0000154,1,10467771,2026-03-01 20:45:46,2026-03-01 20:45:46
W0000070,W0000160,1,18963826,2026-06-28 22:54:33,2026-06-28 22:54:33
W0000070,W0000171,1,6143845,2026-01-21 22:25:03,2026-01-21 22:25:03
W0000070,W0000179,1,12158183,2026-02-20 13:41:23,2026-02-20 13:41:23
W0000070,W0000217,1,3856313,2026-02-22 16:23:16,2026-02-22 16:23:16
W0000070,W0000237,1,16712180,2026-04-06 03:21:46,2026-04-06 03:21:46
W0000070,W0000340,1,2193324,2026-06-21 10:20:29,2026-06-21 10:20:29
W0000070,W0000341,1,1622331,2026-03-11 05:11:13,2026-03-11 05:11:13
W0000070,W0000349,1,4031270,2026-06-14 01:08:22,2026-06-14 01:08:22
W0000070,W0000373,1,8276459,2026-05-01 13:00:39,2026-05-01 13:00:39
W0000070,W0000412,1,6485456,2026-06-12 22:35:01,2026-06-12 22:35:01
W0000070,W0000418,1,2395358,2026-03-11 09:00:48,2026-03-11 09:00:48
W0000071,W0000030,1,1667256,2026-02-17 15:16:48,2026-02-17 15:16:48
W0000071,W0000121,1,2341628,2026-06-17 08:30:08,2026-06-17 08:30:08
W0000071,W0000132,1,78449005,2026-06-23 20:11:20,2026-06-23 20:11:20
W0000071,W0000153,1,3861300,2026-03-14 23:06:44,2026-03-14 23:06:44
W0000071,W0000167,1,11672908,2026-05-04 04:11:41,2026-05-04 04:11:41
W0000071,W0000174,1,15230658,2026-05-24 20:23:13,2026-05-24 20:23:13
W0000071,W0000196,1,46754462,2026-02-09 23:30:38,2026-02-09 23:30:38
W0000071,W0000209,1,8957099,2026-06-19 05:43:32,2026-06-19 05:43:32
W0000071,W0000213,1,3357320,2026-06-24 09:17:14,2026-06-24 09:17:14
W0000071,W0000214,1,13652439,2026-06-23 12:23:46,2026-06-23 12:23:46
W0000071,W0000218,1,26761985,2026-04-03 23:39:04,2026-04-03 23:39:04
W0000071,W0000221,1,976776,2026-03-09 13:58:03,2026-03-09 13:58:03
W0000071,W0000227,1,4151449,2026-04-02 14:13:49,2026-04-02 14:13:49
W0000071,W0000228,1,11944066,2026-06-23 14:48:47,2026-06-23 14:48:47
W0000071,W0000278,1,15274837,2026-01-02 12:42:50,2026-01-02 12:42:50
W0000071,W0000327,1,110918360,2026-02-25 05:47:27,2026-02-25 05:47:27
W0000071,W0000363,1,2280988,2026-06-26 14:52:10,2026-06-26 14:52:10
W0000071,W0000391,1,2098780,2026-04-16 21:10:57,2026-04-16 21:10:57
W0000071,W0000414,1,2472462,2026-04-22 22:53:11,2026-04-22 22:53:11
W0000071,W0000424,1,3269620,2026-04-12 20:10:28,2026-04-12 20:10:28
W0000071,W0000428,1,13604306,2026-03-28 08:14:38,2026-03-28 08:14:38
W0000071,W0000436,1,3502661,2026-05-26 14:48:31,2026-05-26 14:48:31
W0000071,W0000444,1,13950522,2026-05-11 17:24:38,2026-05-11 17:24:38
W0000071,W0000475,1,76719967,2026-01-29 03:31:06,2026-01-29 03:31:06
W0000072,W0000082,1,4430494,2026-06-23 17:40:34,2026-06-23 17:40:34
W0000072,W0000090,1,5541211,2026-06-14 15:25:28,2026-06-14 15:25:28
W0000072,W0000093,1,8859677,2026-04-20 20:52:39,2026-04-20 20:52:39
W0000072,W0000106,1,6224772,2026-01-19 00:38:50,2026-01-19 00:38:50
W0000072,W0000144,1,10395032,2026-02-03 03:00:10,2026-02-03 03:00:10
W0000072,W0000149,1,6690331,2026-04-20 10:17:02,2026-04-20 10:17:02
W0000072,W0000174,1,7034373,2026-06-07 16:46:04,2026-06-07 16:46:04
W0000072,W0000179,1,8748289,2026-05-05 14:23:28,2026-05-05 14:23:28
W0000072,W0000187,1,59106292,2026-03-23 16:07:35,2026-03-23 16:07:35
W0000072,W0000210,1,22344728,2026-01-29 09:35:13,2026-01-29 09:35:13
W0000072,W0000272,1,10312416,2026-04-29 17:44:13,2026-04-29 17:44:13
W0000072,W0000315,1,45572008,2026-03-18 07:18:03,2026-03-18 07:18:03
W0000072,W0000332,1,20365585,2026-03-01 12:53:53,2026-03-01 12:53:53
W0000072,W0000348,1,5049293,2026-06-13 18:57:05,2026-06-13 18:57:05
W0000072,W0000357,1,2629138,2026-01-08 19:20:51,2026-01-08 19:20:51
W0000072,W0000358,1,16601452,2026-06-11 08:04:33,2026-06-11 08:04:33
W0000072,W0000367,1,3781740,2026-02-07 22:31:22,2026-02-07 22:31:22
W0000072,W0000388,1,8475970,2026-05-19 03:21:32,2026-05-19 03:21:32
W0000072,W0000410,1,736429,2026-01-28 00:11:01,2026-01-28 00:11:01
W0000072,W0000479,1,3722118,2026-05-09 07:10:34,2026-05-09 07:10:34
W0000073,W0000048,1,38608041,2026-06-24 05:39:45,2026-06-24 05:39:45
W0000073,W0000110,1,46115211,2026-04-30 14:36:22,2026-04-30 14:36:22
W0000073,W0000117,1,5543683,2026-04-12 07:29:26,2026-04-12 07:29:26
W0000073,W0000118,1,50187567,2026-02-19 02:41:32,2026-02-19 02:41:32
W0000073,W0000141,1,71267848,2026-03-25 12:05:54,2026-03-25 12:05:54
W0000073,W0000159,1,130679484,2026-01-26 06:51:39,2026-01-26 06:51:39
W0000073,W0000179,1,16772355,2026-06-27 17:46:29,2026-06-27 17:46:29
W0000073,W0000263,1,32674304,2026-06-16 00:01:32,2026-06-16 00:01:32
W0000073,W0000270,1,32173418,2026-05-05 21:06:32,2026-05-05 21:06:32
W0000073,W0000285,1,75209608,2026-06-08 09:14:18,2026-06-08 09:14:18
W0000073,W0000318,1,10662708,2026-05-25 22:18:52,2026-05-25 22:18:52
W0000073,W0000335,1,7962472,2026-03-23 08:21:23,2026-03-23 08:21:23
W0000073,W0000355,1,23168742,2026-06-18 09:40:57,2026-06-18 09:40:57
W0000073,W0000373,1,4669402,2026-05-01 17:56:17,2026-05-01 17:56:17
W0000073,W0000377,1,71217697,2026-06-25 09:06:03,2026-06-25 09:06:03
W0000073,W0000382,1,12833172,2026-01-07 00:51:10,2026-01-07 00:51:10
W0000074,W0000005,1,11742031,2026-06-17 08:28:19,2026-06-17 08:28:19
W0000074,W0000014,1,6125817,2026-06-22 18:19:57,2026-06-22 18:19:57
W0000074,W0000028,1,11799112,2026-05-18 09:12:00,2026-05-18 09:12:00
W0000074,W0000059,1,14362245,2026-03-27 00:28:44,2026-03-27 00:28:44
W0000074,W0000071,1,7271585,2026-03-24 01:23:39,2026-03-24 01:23:39
W0000074,W0000080,1,3215125,2026-02-02 20:29:14,2026-02-02 20:29:14
W0000074,W0000093,1,32832729,2026-02-23 13:49:24,2026-02-23 13:49:24
W0000074,W0000096,1,36564754,2026-01-14 13:06:03,2026-01-14 13:06:03
W0000074,W0000107,1,24321435,2026-04-22 00:44:32,2026-04-22 00:44:32
W0000074,W0000108,1,4093256,2026-01-21 22:41:28,2026-01-21 22:41:28
W0000074,W0000130,1,11742031,2026-06-17 08:28:19,2026-06-17 08:28:19
W0000074,W0000134,1,11042145,2026-01-16 22:08:46,2026-01-16 22:08:46
W0000074,W0000135,1,10085242,2026-06-13 03:03:20,2026-06-13 03:03:20
W0000074,W0000143,1,17516897,2026-01-01 23:03:15,2026-01-01 23:03:15
W0000074,W0000150,1,66533485,2026-03-30 05:11:44,2026-03-30 05:11:44
W0000074,W0000155,1,36542700,2026-01-12 20:04:59,2026-01-12 20:04:59
W0000074,W0000159,1,3215125,2026-02-02 20:29:14,2026-02-02 20:29:14
W0000074,W0000167,1,32806851,2026-04-28 05:16:35,2026-04-28 05:16:35
W0000074,W0000169,1,32832729,2026-02-23 13:49:24,2026-02-23 13:49:24
W0000074,W0000178,1,3126031,2026-05-28 16:57:20,2026-05-28 16:57:20
W0000074,W0000213,1,36542700,2026-01-12 20:04:59,2026-01-12 20:04:59
W0000074,W0000219,1,60497119,2026-01-11 08:35:14,2026-01-11 08:35:14
W0000074,W0000222,1,16347528,2026-06-15 01:29:16,2026-06-15 01:29:16
W0000074,W0000229,1,16347528,2026-06-15 01:29:16,2026-06-15 01:29:16
W0000074,W0000242,1,14362245,2026-03-27 00:28:44,2026-03-27 00:28:44
W0000074,W0000301,1,12703381,2026-01-25 12:57:24,2026-01-25 12:57:24
W0000074,W0000302,1,34219490,2026-01-16 23:27:45,2026-01-16 23:27:45
W0000074,W0000303,1,36564754,2026-01-14 13:06:03,2026-01-14 13:06:03
W0000074,W0000309,1,10326958,2026-02-05 04:50:26,2026-02-05 04:50:26
W0000074,W0000317,1,3422598,2026-03-21 10:50:58,2026-03-21 10:50:58
W0000074,W0000319,1,66533485,2026-03-30 05:11:44,2026-03-30 05:11:44
W0000074,W0000346,1,10085242,2026-06-13 03:03:20,2026-06-13 03:03:20
W0000074,W0000348,1,15071345,2026-03-23 07:37:25,2026-03-23 07:37:25
W0000074,W0000349,1,21396990,2026-06-07 11:06:33,2026-06-07 11:06:33
W0000074,W0000352,1,29656297,2026-03-09 07:48:55,2026-03-09 07:48:55
W0000074,W0000368,1,5854465,2026-05-12 10:56:15,2026-05-12 10:56:15
W0000074,W0000373,1,11799112,2026-05-18 09:12:00,2026-05-18 09:12:00
W0000074,W0000377,1,3126031,2026-05-28 16:57:20,2026-05-28 16:57:20
W0000074,W0000384,1,14362245,2026-03-27 00:28:44,2026-03-27 00:28:44
W0000074,W0000434,1,5854465,2026-05-12 10:56:15,2026-05-12 10:56:15
W0000074,W0000439,1,24321435,2026-04-22 00:44:32,2026-04-22 00:44:32
W0000074,W0000442,1,3126031,2026-05-28 16:57:20,2026-05-28 16:57:20
W0000074,W0000455,1,4093256,2026-01-21 22:41:28,2026-01-21 22:41:28
W0000074,W0000472,1,11799112,2026-05-18 09:12:00,2026-05-18 09:12:00
W0000074,W0000489,1,3215125,2026-02-02 20:29:14,2026-02-02 20:29:14
W0000074,W0000500,1,12703381,2026-01-25 12:57:24,2026-01-25 12:57:24
W0000075,W0000031,1,12051091,2026-02-16 16:08:46,2026-02-16 16:08:46
W0000075,W0000060,1,4391217,2026-06-24 18:00:32,2026-06-24 18:00:32
W0000075,W0000097,1,4278331,2026-01-10 02:39:50,2026-01-10 02:39:50
W0000075,W0000101,1,137208128,2026-06-11 22:50:27,2026-06-11 22:50:27
W0000075,W0000124,1,10098730,2026-02-11 13:35:59,2026-02-11 13:35:59
W0000075,W0000125,1,13666023,2026-04-30 07:47:51,2026-04-30 07:47:51
W0000075,W0000130,1,13772744,2026-01-29 16:44:05,2026-01-29 16:44:05
W0000075,W0000197,1,24447171,2026-06-23 11:01:51,2026-06-23 11:01:51
W0000075,W0000213,2,17820130,2026-02-01 21:30:10,2026-04-18 12:00:16
W0000075,W0000293,1,12950955,2026-03-16 09:45:39,2026-03-16 09:45:39
W0000075,W0000305,1,10379423,2026-03-23 13:56:22,2026-03-23 13:56:22
W0000075,W0000331,1,6223519,2026-05-12 20:29:48,2026-05-12 20:29:48
W0000075,W0000344,1,12571290,2026-02-09 17:23:30,2026-02-09 17:23:30
W0000075,W0000359,1,1028003,2026-03-11 21:08:47,2026-03-11 21:08:47
W0000075,W0000363,1,11374081,2026-01-07 05:26:38,2026-01-07 05:26:38
W0000075,W0000388,1,24476862,2026-04-08 00:42:34,2026-04-08 00:42:34
W0000075,W0000393,2,80408905,2026-03-22 09:34:01,2026-03-22 14:38:02
W0000075,W0000399,1,3884069,2026-03-08 09:57:19,2026-03-08 09:57:19
W0000075,W0000425,1,9505331,2026-06-16 12:28:13,2026-06-16 12:28:13
W0000075,W0000429,1,10220205,2026-05-31 11:05:12,2026-05-31 11:05:12
W0000075,W0000451,1,1953167,2026-02-14 01:59:45,2026-02-14 01:59:45
W0000075,W0000470,1,38566724,2026-01-05 08:41:43,2026-01-05 08:41:43
W0000075,W0000489,1,57776602,2026-05-06 02:17:11,2026-05-06 02:17:11
W0000076,W0000012,1,2300523,2026-02-05 21:25:53,2026-02-05 21:25:53
W0000076,W0000014,1,136535,2026-06-14 00:34:46,2026-06-14 00:34:46
W0000076,W0000015,1,644346,2026-04-22 15:06:39,2026-04-22 15:06:39
W0000076,W0000019,1,644346,2026-04-22 15:06:39,2026-04-22 15:06:39
W0000076,W0000033,1,24297142,2026-05-30 09:14:41,2026-05-30 09:14:41
W0000076,W0000040,1,14166146,2026-06-08 00:10:09,2026-06-08 00:10:09
W0000076,W0000082,1,79699228,2026-03-28 04:26:41,2026-03-28 04:26:41
W0000076,W0000087,1,150867831,2026-01-25 12:04:09,2026-01-25 12:04:09
W0000076,W0000090,1,150867831,2026-01-25 12:04:09,2026-01-25 12:04:09
W0000076,W0000098,1,22133506,2026-04-22 08:15:13,2026-04-22 08:15:13
W0000076,W0000104,1,32195806,2026-04-03 17:39:54,2026-04-03 17:39:54
W0000076,W0000107,1,55503377,2026-05-02 05:43:37,2026-05-02 05:43:37
W0000076,W0000153,1,90769444,2026-03-10 19:56:50,2026-03-10 19:56:50
W0000076,W0000167,1,2300523,2026-02-05 21:25:53,2026-02-05 21:25:53
W0000076,W0000173,1,2300523,2026-02-05 21:25:53,2026-02-05 21:25:53
W0000076,W0000192,1,250179502,2026-02-25 06:34:00,2026-02-25 06:34:00
W0000076,W0000199,1,250179502,2026-02-25 06:34:00,2026-02-25 06:34:00
W0000076,W0000245,1,2300523,2026-02-05 21:25:53,2026-02-05 21:25:53
W0000076,W0000267,1,42563094,2026-06-18 03:53:21,2026-06-18 03:53:21
W0000076,W0000323,1,22133506,2026-04-22 08:15:13,2026-04-22 08:15:13
W0000076,W0000379,1,18764923,2026-06-09 01:08:05,2026-06-09 01:08:05
W0000076,W0000381,1,38670474,2026-04-01 11:17:26,2026-04-01 11:17:26
W0000076,W0000397,1,79699228,2026-03-28 04:26:41,2026-03-28 04:26:41
W0000076,W0000422,1,38670474,2026-04-01 11:17:26,2026-04-01 11:17:26
W0000076,W0000437,1,24297142,2026-05-30 09:14:41,2026-05-30 09:14:41
W0000076,W0000456,1,55503377,2026-05-02 05:43:37,2026-05-02 05:43:37
W0000076,W0000480,1,90769444,2026-03-10 19:56:50,2026-03-10 19:56:50
W0000076,W0000487,1,150867831,2026-01-25 12:04:09,2026-01-25 12:04:09
W0000077,W0000089,1,9022514,2026-04-25 10:43:58,2026-04-25 10:43:58
W0000077,W0000096,1,3957250,2026-04-02 22:45:27,2026-04-02 22:45:27
W0000077,W0000116,1,22580559,2026-04-25 11:44:19,2026-04-25 11:44:19
W0000077,W0000119,1,5939665,2026-01-14 06:15:45,2026-01-14 06:15:45
W0000077,W0000126,1,3192976,2026-04-08 04:13:20,2026-04-08 04:13:20
W0000077,W0000145,1,24211350,2026-01-25 06:32:34,2026-01-25 06:32:34
W0000077,W0000172,1,22251416,2026-03-20 21:44:14,2026-03-20 21:44:14
W0000077,W0000189,1,18556232,2026-04-08 10:39:04,2026-04-08 10:39:04
W0000077,W0000194,1,24923132,2026-04-05 04:00:34,2026-04-05 04:00:34
W0000077,W0000202,1,1297098,2026-04-14 02:04:22,2026-04-14 02:04:22
W0000077,W0000209,1,4660351,2026-03-01 04:35:29,2026-03-01 04:35:29
W0000077,W0000212,1,10030647,2026-02-18 19:57:54,2026-02-18 19:57:54
W0000077,W0000227,1,21830229,2026-04-11 20:37:31,2026-04-11 20:37:31
W0000077,W0000246,1,50274416,2026-01-04 11:04:18,2026-01-04 11:04:18
W0000077,W0000254,1,13022095,2026-06-04 02:23:40,2026-06-04 02:23:40
W0000077,W0000279,1,6773093,2026-02-07 11:20:20,2026-02-07 11:20:20
W0000077,W0000287,1,9717341,2026-04-30 00:23:10,2026-04-30 00:23:10
W0000077,W0000297,1,26594434,2026-05-12 05:12:16,2026-05-12 05:12:16
W0000077,W0000368,1,3163301,2026-05-13 00:36:22,2026-05-13 00:36:22
W0000077,W0000373,1,22513599,2026-03-28 08:00:21,2026-03-28 08:00:21
W0000077,W0000374,1,2791106,2026-03-24 04:30:36,2026-03-24 04:30:36
W0000077,W0000413,1,21544981,2026-05-13 05:33:44,2026-05-13 05:33:44
W0000077,W0000457,1,6866437,2026-03-22 00:15:52,2026-03-22 00:15:52
W0000077,W0000463,1,12428767,2026-05-19 01:11:25,2026-05-19 01:11:25
W0000077,W0000475,1,9605790,2026-04-23 00:23:03,2026-04-23 00:23:03
W0000078,W0000008,1,31178867,2026-02-10 06:56:56,2026-02-10 06:56:56
W0000078,W0000014,1,5050588,2026-04-03 12:49:09,2026-04-03 12:49:09
W0000078,W0000028,1,9389110,2026-02-27 15:57:13,2026-02-27 15:57:13
W0000078,W0000033,1,14199769,2026-04-07 06:25:48,2026-04-07 06:25:48
W0000078,W0000034,1,2776838,2026-06-02 13:30:18,2026-06-02 13:30:18
W0000078,W0000077,1,2786472,2026-02-03 21:01:37,2026-02-03 21:01:37
W0000078,W0000100,1,5845567,2026-05-25 22:44:41,2026-05-25 22:44:41
W0000078,W0000118,1,14666809,2026-06-10 16:32:37,2026-06-10 16:32:37
W0000078,W0000202,1,32539743,2026-03-21 05:34:39,2026-03-21 05:34:39
W0000078,W0000290,1,10605344,2026-06-28 17:45:37,2026-06-28 17:45:37
W0000078,W0000317,1,14991428,2026-06-16 23:42:57,2026-06-16 23:42:57
W0000078,W0000327,1,8866253,2026-02-08 02:10:26,2026-02-08 02:10:26
W0000078,W0000354,1,15379642,2026-03-20 22:35:13,2026-03-20 22:35:13
W0000078,W0000385,1,34789838,2026-01-29 16:52:32,2026-01-29 16:52:32
W0000078,W0000412,1,51719617,2026-01-24 00:19:19,2026-01-24 00:19:19
W0000078,W0000413,1,48220831,2026-06-01 03:45:09,2026-06-01 03:45:09
W0000078,W0000416,1,13979306,2026-03-12 21:20:24,2026-03-12 21:20:24
W0000078,W0000423,1,5744536,2026-01-27 21:02:08,2026-01-27 21:02:08
W0000078,W0000431,1,23354390,2026-01-07 11:40:10,2026-01-07 11:40:10
W0000078,W0000470,1,3230953,2026-04-14 11:18:08,2026-04-14 11:18:08
W0000078,W0000479,1,9078857,2026-01-08 14:55:10,2026-01-08 14:55:10
W0000079,W0000007,1,12640495,2026-04-14 22:09:50,2026-04-14 22:09:50
W0000079,W0000009,1,18421965,2026-02-08 04:52:35,2026-02-08 04:52:35
W0000079,W0000039,1,2869458,2026-01-15 14:02:44,2026-01-15 14:02:44
W0000079,W0000051,1,16339186,2026-02-01 21:34:23,2026-02-01 21:34:23
W0000079,W0000063,1,12203115,2026-04-29 06:33:40,2026-04-29 06:33:40
W0000079,W0000078,1,6079022,2026-06-30 05:38:07,2026-06-30 05:38:07
W0000079,W0000093,1,2368089,2026-01-20 20:51:20,2026-01-20 20:51:20
W0000079,W0000098,1,12640495,2026-04-14 22:09:50,2026-04-14 22:09:50
W0000079,W0000127,1,12203115,2026-04-29 06:33:40,2026-04-29 06:33:40
W0000079,W0000136,2,20718418,2026-01-27 21:26:12,2026-02-01 21:34:23
W0000079,W0000162,1,12640495,2026-04-14 22:09:50,2026-04-14 22:09:50
W0000079,W0000163,1,7141020,2026-02-02 17:55:01,2026-02-02 17:55:01
W0000079,W0000164,1,5112022,2026-03-27 14:41:23,2026-03-27 14:41:23
W0000079,W0000166,1,5570467,2026-04-20 01:11:21,2026-04-20 01:11:21
W0000079,W0000179,1,7674355,2026-03-31 13:53:52,2026-03-31 13:53:52
W0000079,W0000192,1,13630969,2026-01-15 22:18:43,2026-01-15 22:18:43
W0000079,W0000193,1,7674355,2026-03-31 13:53:52,2026-03-31 13:53:52
W0000079,W0000209,1,18421965,2026-02-08 04:52:35,2026-02-08 04:52:35
W0000079,W0000211,1,5300724,2026-04-11 20:24:06,2026-04-11 20:24:06
W0000079,W0000216,1,2997420,2026-06-19 14:09:38,2026-06-19 14:09:38
W0000079,W0000229,1,13630969,2026-01-15 22:18:43,2026-01-15 22:18:43
W0000079,W0000273,1,2869458,2026-01-15 14:02:44,2026-01-15 14:02:44
W0000079,W0000277,1,12203115,2026-04-29 06:33:40,2026-04-29 06:33:40
W0000079,W0000279,1,3384471,2026-06-22 07:13:30,2026-06-22 07:13:30
W0000079,W0000286,1,5300724,2026-04-11 20:24:06,2026-04-11 20:24:06
W0000079,W0000287,1,12751856,2026-01-22 09:26:18,2026-01-22 09:26:18
W0000079,W0000328,1,1053326,2026-05-21 22:19:47,2026-05-21 22:19:47
W0000079,W0000330,1,55763697,2026-01-12 15:44:34,2026-01-12 15:44:34
W0000079,W0000359,1,12751856,2026-01-22 09:26:18,2026-01-22 09:26:18
W0000079,W0000390,1,2688549,2026-03-13 19:26:51,2026-03-13 19:26:51
W0000079,W0000404,1,2194246,2026-05-29 19:26:53,2026-05-29 19:26:53
W0000079,W0000406,1,5300724,2026-04-11 20:24:06,2026-04-11 20:24:06
W0000079,W0000419,1,12400118,2026-01-31 15:00:21,2026-01-31 15:00:21
W0000079,W0000438,1,46408653,2026-02-23 03:41:38,2026-02-23 03:41:38
W0000079,W0000472,1,36868101,2026-04-09 08:17:42,2026-04-09 08:17:42
W0000079,W0000488,1,2997420,2026-06-19 14:09:38,2026-06-19 14:09:38
W0000080,W0000004,1,10075772,2026-02-10 14:14:05,2026-02-10 14:14:05
W0000080,W0000109,1,11086776,2026-03-26 05:54:12,2026-03-26 05:54:12
W0000080,W0000192,1,1095094,2026-04-24 20:30:07,2026-04-24 20:30:07
W0000080,W0000229,1,7750218,2026-03-27 00:32:40,2026-03-27 00:32:40
W0000080,W0000276,1,3576475,2026-03-05 10:43:43,2026-03-05 10:43:43
W0000080,W0000288,1,24633711,2026-01-04 03:13:20,2026-01-04 03:13:20
W0000080,W0000318,1,9044019,2026-02-22 20:05:28,2026-02-22 20:05:28
W0000080,W0000374,1,10355175,2026-04-20 18:41:30,2026-04-20 18:41:30
W0000080,W0000390,1,32530546,2026-03-23 17:48:06,2026-03-23 17:48:06
W0000080,W0000408,1,34046145,2026-05-28 22:50:52,2026-05-28 22:50:52
W0000080,W0000441,1,4399384,2026-01-31 01:42:54,2026-01-31 01:42:54
W0000080,W0000453,1,2714804,2026-05-07 01:24:50,2026-05-07 01:24:50
W0000080,W0000455,1,528076,2026-01-11 05:39:50,2026-01-11 05:39:50
W0000081,W0000067,1,12706357,2026-04-03 20:48:42,2026-04-03 20:48:42
W0000081,W0000101,1,27389331,2026-03-02 14:02:58,2026-03-02 14:02:58
W0000081,W0000141,1,357199,2026-05-23 08:22:02,2026-05-23 08:22:02
W0000081,W0000180,1,38786721,2026-01-18 21:19:42,2026-01-18 21:19:42
W0000081,W0000254,1,19630464,2026-06-17 05:23:05,2026-06-17 05:23:05
W0000081,W0000257,1,15079762,2026-04-25 15:36:10,2026-04-25 15:36:10
W0000081,W0000268,1,70967945,2026-05-31 02:54:11,2026-05-31 02:54:11
W0000081,W0000334,1,5285669,2026-04-18 18:08:53,2026-04-18 18:08:53
W0000081,W0000356,1,12435437,2026-06-21 10:39:30,2026-06-21 10:39:30
W0000081,W0000397,1,39392420,2026-06-08 20:07:35,2026-06-08 20:07:35
W0000081,W0000402,1,5863712,2026-06-12 04:51:35,2026-06-12 04:51:35
W0000081,W0000420,1,10576947,2026-05-31 22:06:02,2026-05-31 22:06:02
W0000082,W0000015,1,1303232,2026-02-11 18:15:29,2026-02-11 18:15:29
W0000082,W0000025,1,23750704,2026-06-18 01:55:46,2026-06-18 01:55:46
W0000082,W0000030,1,8835188,2026-01-23 14:35:33,2026-01-23 14:35:33
W0000082,W0000034,1,3385357,2026-06-03 08:07:23,2026-06-03 08:07:23
W0000082,W0000035,1,1611381,2026-05-22 11:18:21,2026-05-22 11:18:21
W0000082,W0000057,1,10896578,2026-04-17 18:32:06,2026-04-17 18:32:06
W0000082,W0000066,1,55356647,2026-06-17 02:00:47,2026-06-17 02:00:47
W0000082,W0000078,1,1765333,2026-01-23 23:58:21,2026-01-23 23:58:21
W0000082,W0000079,1,10658136,2026-03-05 07:18:32,2026-03-05 07:18:32
W0000082,W0000101,1,19783635,2026-04-03 03:41:56,2026-04-03 03:41:56
W0000082,W0000144,1,15848991,2026-06-10 04:26:23,2026-06-10 04:26:23
W0000082,W0000150,1,25184755,2026-06-13 17:59:56,2026-06-13 17:59:56
W0000082,W0000155,1,9988375,2026-03-12 08:54:02,2026-03-12 08:54:02
W0000082,W0000167,1,2598871,2026-04-23 23:36:10,2026-04-23 23:36:10
W0000082,W0000202,1,14289752,2026-02-18 06:26:07,2026-02-18 06:26:07
W0000082,W0000213,1,25210535,2026-05-06 09:12:30,2026-05-06 09:12:30
W0000082,W0000215,1,10656841,2026-06-24 07:39:27,2026-06-24 07:39:27
W0000082,W0000267,1,2094806,2026-01-17 07:40:42,2026-01-17 07:40:42
W0000082,W0000324,1,83533678,2026-01-12 17:10:04,2026-01-12 17:10:04
W0000082,W0000325,1,6348096,2026-05-20 09:22:37,2026-05-20 09:22:37
W0000082,W0000392,1,59139740,2026-01-26 03:04:31,2026-01-26 03:04:31
W0000083,W0000092,1,32843680,2026-01-03 08:04:15,2026-01-03 08:04:15
W0000083,W0000106,1,114746721,2026-03-12 04:23:02,2026-03-12 04:23:02
W0000083,W0000165,1,11475137,2026-06-19 20:21:16,2026-06-19 20:21:16
W0000083,W0000234,1,10077797,2026-02-25 10:57:47,2026-02-25 10:57:47
W0000083,W0000239,1,35218903,2026-05-02 13:09:04,2026-05-02 13:09:04
W0000083,W0000268,1,71991405,2026-05-08 05:28:28,2026-05-08 05:28:28
W0000083,W0000284,1,33360616,2026-06-04 15:35:03,2026-06-04 15:35:03
W0000083,W0000286,1,20854170,2026-06-15 02:02:36,2026-06-15 02:02:36
W0000083,W0000290,1,3423776,2026-03-23 05:53:58,2026-03-23 05:53:58
W0000083,W0000340,1,12702998,2026-06-17 20:25:15,2026-06-17 20:25:15
W0000083,W0000384,1,11303194,2026-03-11 18:09:52,2026-03-11 18:09:52
W0000083,W0000385,1,2753478,2026-02-19 09:13:53,2026-02-19 09:13:53
W0000083,W0000436,2,26415012,2026-03-25 00:25:25,2026-06-01 16:27:09
W0000083,W0000465,1,4122741,2026-06-11 08:57:30,2026-06-11 08:57:30
W0000083,W0000475,1,9356794,2026-03-19 06:10:18,2026-03-19 06:10:18
W0000083,W0000487,1,60949326,2026-06-28 15:35:00,2026-06-28 15:35:00
W0000083,W0000489,1,18991630,2026-05-30 01:20:25,2026-05-30 01:20:25
W0000084,W0000047,1,450504,2026-03-31 15:42:18,2026-03-31 15:42:18
W0000084,W0000056,1,3239746,2026-06-30 08:55:40,2026-06-30 08:55:40
W0000084,W0000063,2,79939719,2026-01-08 09:19:57,2026-04-01 05:08:44
W0000084,W0000077,1,35805177,2026-02-17 10:54:43,2026-02-17 10:54:43
W0000084,W0000083,1,9124102,2026-05-14 21:26:30,2026-05-14 21:26:30
W0000084,W0000093,2,23754219,2026-01-10 23:07:27,2026-06-11 06:32:43
W0000084,W0000122,1,18548307,2026-03-11 23:11:54,2026-03-11 23:11:54
W0000084,W0000131,1,19671371,2026-04-23 00:23:22,2026-04-23 00:23:22
W0000084,W0000134,1,12990880,2026-05-14 18:16:34,2026-05-14 18:16:34
W0000084,W0000165,1,2291234,2026-02-04 17:36:36,2026-02-04 17:36:36
W0000084,W0000214,1,17366809,2026-01-17 02:22:39,2026-01-17 02:22:39
W0000084,W0000270,1,125981,2026-05-10 03:55:24,2026-05-10 03:55:24
W0000084,W0000320,1,3658854,2026-01-20 13:51:25,2026-01-20 13:51:25
W0000084,W0000422,1,3572408,2026-05-01 16:07:34,2026-05-01 16:07:34
W0000084,W0000471,1,5111958,2026-02-01 15:10:01,2026-02-01 15:10:01
W0000084,W0000489,1,24022841,2026-05-04 20:52:43,2026-05-04 20:52:43
W0000085,W0000041,1,2583272,2026-05-30 14:44:57,2026-05-30 14:44:57
W0000085,W0000061,1,3148279,2026-01-06 15:12:16,2026-01-06 15:12:16
W0000085,W0000096,1,5628353,2026-01-06 09:33:56,2026-01-06 09:33:56
W0000085,W0000097,1,54718606,2026-05-02 15:12:26,2026-05-02 15:12:26
W0000085,W0000120,1,2583272,2026-05-30 14:44:57,2026-05-30 14:44:57
W0000085,W0000131,1,10300968,2026-02-13 10:26:56,2026-02-13 10:26:56
W0000085,W0000162,1,2561392,2026-05-31 09:50:28,2026-05-31 09:50:28
W0000085,W0000194,1,1002601,2026-05-17 09:19:47,2026-05-17 09:19:47
W0000085,W0000200,1,7728697,2026-01-05 03:21:02,2026-01-05 03:21:02
W0000085,W0000218,1,17428905,2026-06-30 09:03:02,2026-06-30 09:03:02
W0000085,W0000238,1,2179462,2026-02-16 20:40:32,2026-02-16 20:40:32
W0000085,W0000251,1,4632913,2026-03-06 23:08:42,2026-03-06 23:08:42
W0000085,W0000262,1,65521224,2026-05-18 12:00:23,2026-05-18 12:00:23
W0000085,W0000263,1,20432088,2026-01-19 21:21:05,2026-01-19 21:21:05
W0000085,W0000267,1,7083785,2026-05-27 21:01:58,2026-05-27 21:01:58
W0000085,W0000306,1,3474986,2026-06-01 21:59:13,2026-06-01 21:59:13
W0000085,W0000329,1,2315693,2026-01-27 06:20:12,2026-01-27 06:20:12
W0000085,W0000331,1,8670197,2026-04-26 18:15:11,2026-04-26 18:15:11
W0000085,W0000352,1,3148279,2026-01-06 15:12:16,2026-01-06 15:12:16
W0000085,W0000353,1,6844440,2026-04-16 20:30:10,2026-04-16 20:30:10
W0000085,W0000374,1,5628353,2026-01-06 09:33:56,2026-01-06 09:33:56
W0000085,W0000387,1,3959930,2026-01-07 19:41:04,2026-01-07 19:41:04
W0000085,W0000408,1,3959930,2026-01-07 19:41:04,2026-01-07 19:41:04
W0000085,W0000424,1,12427204,2026-02-26 01:01:22,2026-02-26 01:01:22
W0000085,W0000465,1,5043465,2026-03-26 06:06:34,2026-03-26 06:06:34
W0000085,W0000495,1,17428905,2026-06-30 09:03:02,2026-06-30 09:03:02
W0000086,W0000120,1,7940607,2026-05-01 13:48:42,2026-05-01 13:48:42
W0000086,W0000133,1,1418882,2026-03-03 15:20:35,2026-03-03 15:20:35
W0000086,W0000181,1,1602488,2026-05-22 03:12:02,2026-05-22 03:12:02
W0000086,W0000183,1,22173952,2026-06-25 01:39:41,2026-06-25 01:39:41
W0000086,W0000193,1,8182587,2026-03-15 07:23:07,2026-03-15 07:23:07
W0000086,W0000203,1,10977597,2026-02-21 05:42:35,2026-02-21 05:42:35
W0000086,W0000279,1,11635485,2026-05-25 22:48:55,2026-05-25 22:48:55
W0000086,W0000322,1,69693753,2026-03-04 13:53:35,2026-03-04 13:53:35
W0000086,W0000355,1,6666377,2026-03-20 17:38:05,2026-03-20 17:38:05
W0000086,W0000387,1,115968910,2026-01-15 18:20:02,2026-01-15 18:20:02
W0000086,W0000487,1,243243,2026-05-27 19:25:47,2026-05-27 19:25:47
W0000087,W0000033,1,1960710,2026-02-08 09:38:19,2026-02-08 09:38:19
W0000087,W0000088,1,51930640,2026-02-28 11:22:24,2026-02-28 11:22:24
W0000087,W0000103,1,64653321,2026-04-26 12:43:06,2026-04-26 12:43:06
W0000087,W0000108,1,132910881,2026-03-10 14:20:11,2026-03-10 14:20:11
W0000087,W0000134,1,15579960,2026-06-20 22:44:20,2026-06-20 22:44:20
W0000087,W0000281,1,31710520,2026-06-28 01:03:39,2026-06-28 01:03:39
W0000087,W0000344,1,27634707,2026-02-07 16:49:34,2026-02-07 16:49:34
W0000087,W0000394,1,7721624,2026-06-19 11:05:29,2026-06-19 11:05:29
W0000087,W0000404,1,10184274,2026-03-14 19:59:35,2026-03-14 19:59:35
W0000087,W0000409,1,9884375,2026-05-03 08:49:33,2026-05-03 08:49:33
W0000087,W0000427,1,48201911,2026-05-09 22:36:48,2026-05-09 22:36:48
W0000087,W0000434,1,15586393,2026-03-24 03:57:57,2026-03-24 03:57:57
W0000087,W0000438,1,4668256,2026-01-05 11:58:24,2026-01-05 11:58:24
W0000087,W0000446,1,218039259,2026-04-15 15:26:13,2026-04-15 15:26:13
W0000087,W0000466,1,19018108,2026-05-09 07:16:50,2026-05-09 07:16:50
W0000088,W0000012,1,18806522,2026-05-15 05:54:31,2026-05-15 05:54:31
W0000088,W0000058,1,24942513,2026-05-12 20:39:49,2026-05-12 20:39:49
W0000088,W0000079,1,2176891,2026-02-08 05:28:03,2026-02-08 05:28:03
W0000088,W0000097,1,509235,2026-04-23 16:34:24,2026-04-23 16:34:24
W0000088,W0000104,1,21211550,2026-04-30 23:55:28,2026-04-30 23:55:28
W0000088,W0000121,1,18937433,2026-04-29 16:27:34,2026-04-29 16:27:34
W0000088,W0000151,1,15839347,2026-05-12 19:09:16,2026-05-12 19:09:16
W0000088,W0000193,1,3694061,2026-04-10 15:16:00,2026-04-10 15:16:00
W0000088,W0000276,1,19361678,2026-06-18 00:41:52,2026-06-18 00:41:52
W0000088,W0000287,1,4433648,2026-01-19 12:00:49,2026-01-19 12:00:49
W0000088,W0000303,1,7855473,2026-05-15 21:03:35,2026-05-15 21:03:35
W0000088,W0000308,1,7801636,2026-05-31 14:20:04,2026-05-31 14:20:04
W0000088,W0000316,1,7280251,2026-01-17 05:55:38,2026-01-17 05:55:38
W0000088,W0000324,1,65762963,2026-05-11 20:31:21,2026-05-11 20:31:21
W0000088,W0000339,1,9522201,2026-01-21 11:31:27,2026-01-21 11:31:27
W0000088,W0000423,1,14329020,2026-04-14 18:22:47,2026-04-14 18:22:47
W0000088,W0000474,1,3722418,2026-06-10 19:56:57,2026-06-10 19:56:57
W0000088,W0000500,1,10794795,2026-06-06 15:06:21,2026-06-06 15:06:21
W0000089,W0000002,1,2493112,2026-03-01 21:41:14,2026-03-01 21:41:14
W0000089,W0000003,1,3089608,2026-05-12 12:44:02,2026-05-12 12:44:02
W0000089,W0000007,1,9144227,2026-03-31 02:03:02,2026-03-31 02:03:02
W0000089,W0000045,1,9914041,2026-06-14 04:24:52,2026-06-14 04:24:52
W0000089,W0000048,1,10305084,2026-05-24 07:10:03,2026-05-24 07:10:03
W0000089,W0000056,1,5318555,2026-04-22 14:17:40,2026-04-22 14:17:40
W0000089,W0000073,1,15929966,2026-02-02 15:10:25,2026-02-02 15:10:25
W0000089,W0000100,1,2851819,2026-02-03 15:41:52,2026-02-03 15:41:52
W0000089,W0000101,1,3623356,2026-03-19 09:36:35,2026-03-19 09:36:35
W0000089,W0000114,1,20026904,2026-05-24 19:52:02,2026-05-24 19:52:02
W0000089,W0000142,1,2847064,2026-06-21 13:03:11,2026-06-21 13:03:11
W0000089,W0000145,1,2847064,2026-06-21 13:03:11,2026-06-21 13:03:11
W0000089,W0000173,1,3924414,2026-06-13 07:07:50,2026-06-13 07:07:50
W0000089,W0000180,1,3561765,2026-02-10 00:25:34,2026-02-10 00:25:34
W0000089,W0000192,1,841238,2026-02-17 20:18:13,2026-02-17 20:18:13
W0000089,W0000235,1,3089608,2026-05-12 12:44:02,2026-05-12 12:44:02
W0000089,W0000252,1,28389690,2026-03-18 06:32:20,2026-03-18 06:32:20
W0000089,W0000270,1,2857951,2026-04-16 03:20:26,2026-04-16 03:20:26
W0000089,W0000281,1,8826009,2026-05-30 21:43:59,2026-05-30 21:43:59
W0000089,W0000286,1,14424016,2026-06-08 11:08:14,2026-06-08 11:08:14
W0000089,W0000295,1,4644217,2026-06-27 03:25:29,2026-06-27 03:25:29
W0000089,W0000355,1,1790074,2026-02-24 23:07:53,2026-02-24 23:07:53
W0000089,W0000362,1,28389690,2026-03-18 06:32:20,2026-03-18 06:32:20
W0000089,W0000396,1,3238656,2026-04-18 21:05:39,2026-04-18 21:05:39
W0000089,W0000404,1,5306195,2026-03-22 03:30:18,2026-03-22 03:30:18
W0000089,W0000426,1,2386689,2026-01-07 21:11:25,2026-01-07 21:11:25
W0000089,W0000427,1,10305084,2026-05-24 07:10:03,2026-05-24 07:10:03
W0000089,W0000459,1,3138870,2026-05-14 15:53:13,2026-05-14 15:53:13
W0000089,W0000478,1,5306195,2026-03-22 03:30:18,2026-03-22 03:30:18
W0000089,W0000480,1,3851471,2026-02-26 19:23:10,2026-02-26 19:23:10
W0000089,W0000483,1,13598993,2026-04-03 00:16:43,2026-04-03 00:16:43
W0000089,W0000487,1,6841623,2026-04-29 19:55:47,2026-04-29 19:55:47
W0000090,W0000010,1,4174659,2026-06-29 03:53:02,2026-06-29 03:53:02
W0000090,W0000012,1,6706629,2026-02-21 05:34:44,2026-02-21 05:34:44
W0000090,W0000056,1,25160457,2026-06-08 07:59:13,2026-06-08 07:59:13
W0000090,W0000083,1,3488470,2026-02-17 20:43:25,2026-02-17 20:43:25
W0000090,W0000106,1,11664550,2026-01-05 23:37:02,2026-01-05 23:37:02
W0000090,W0000115,1,97063531,2026-06-22 14:28:45,2026-06-22 14:28:45
W0000090,W0000132,1,11430521,2026-03-11 02:07:35,2026-03-11 02:07:35
W0000090,W0000192,1,13253943,2026-03-09 11:10:27,2026-03-09 11:10:27
W0000090,W0000244,1,71514565,2026-06-15 18:30:28,2026-06-15 18:30:28
W0000090,W0000328,1,1359291,2026-01-23 02:38:56,2026-01-23 02:38:56
W0000090,W0000373,1,47590786,2026-01-05 13:25:57,2026-01-05 13:25:57
W0000090,W0000391,1,13270568,2026-04-15 02:07:31,2026-04-15 02:07:31
W0000090,W0000398,1,8457234,2026-02-08 12:27:34,2026-02-08 12:27:34
W0000090,W0000432,1,25056317,2026-05-19 19:42:58,2026-05-19 19:42:58
W0000090,W0000471,1,8958287,2026-02-12 11:34:16,2026-02-12 11:34:16
W0000091,W0000007,1,7513035,2026-01-17 16:11:57,2026-01-17 16:11:57
W0000091,W0000039,1,6147713,2026-02-03 17:56:38,2026-02-03 17:56:38
W0000091,W0000066,1,4386341,2026-01-28 05:28:27,2026-01-28 05:28:27
W0000091,W0000116,1,9868872,2026-03-11 06:52:33,2026-03-11 06:52:33
W0000091,W0000121,1,10542180,2026-06-17 19:09:35,2026-06-17 19:09:35
W0000091,W0000136,1,8528249,2026-04-16 05:53:44,2026-04-16 05:53:44
W0000091,W0000151,1,5759122,2026-03-13 05:15:28,2026-03-13 05:15:28
W0000091,W0000165,1,15523154,2026-03-25 04:08:39,2026-03-25 04:08:39
W0000091,W0000178,1,15881087,2026-04-25 13:38:20,2026-04-25 13:38:20
W0000091,W0000193,1,4954185,2026-04-26 12:23:48,2026-04-26 12:23:48
W0000091,W0000202,1,15971143,2026-02-26 13:24:21,2026-02-26 13:24:21
W0000091,W0000226,1,16944721,2026-04-06 03:17:57,2026-04-06 03:17:57
W0000091,W0000229,1,1431870,2026-03-15 13:36:57,2026-03-15 13:36:57
W0000091,W0000236,1,14783927,2026-06-26 08:18:45,2026-06-26 08:18:45
W0000091,W0000251,1,3782556,2026-06-12 10:47:42,2026-06-12 10:47:42
W0000091,W0000278,1,6194077,2026-03-22 05:04:45,2026-03-22 05:04:45
W0000091,W0000313,1,36051460,2026-02-23 21:08:04,2026-02-23 21:08:04
W0000091,W0000317,1,10340348,2026-01-24 16:37:30,2026-01-24 16:37:30
W0000091,W0000359,1,47917133,2026-03-23 04:18:39,2026-03-23 04:18:39
W0000091,W0000417,1,39699034,2026-01-02 15:17:35,2026-01-02 15:17:35
W0000091,W0000425,1,43627297,2026-02-17 12:27:47,2026-02-17 12:27:47
W0000091,W0000442,1,5257720,2026-06-21 19:00:06,2026-06-21 19:00:06
W0000091,W0000446,1,19766586,2026-02-11 10:05:00,2026-02-11 10:05:00
W0000091,W0000476,1,20140861,2026-06-16 06:59:47,2026-06-16 06:59:47
W0000091,W0000488,1,11022878,2026-03-13 00:31:12,2026-03-13 00:31:12
W0000091,W0000497,1,4165093,2026-02-07 02:08:21,2026-02-07 02:08:21
W0000092,W0000006,1,87835756,2026-03-12 02:20:30,2026-03-12 02:20:30
W0000092,W0000102,1,107903795,2026-01-11 06:02:13,2026-01-11 06:02:13
W0000092,W0000137,1,29849562,2026-03-26 09:12:50,2026-03-26 09:12:50
W0000092,W0000147,1,42003047,2026-05-15 06:41:13,2026-05-15 06:41:13
W0000092,W0000157,1,1414892,2026-04-22 17:00:24,2026-04-22 17:00:24
W0000092,W0000172,1,34667276,2026-03-21 22:43:20,2026-03-21 22:43:20
W0000092,W0000173,1,87384448,2026-05-12 22:23:19,2026-05-12 22:23:19
W0000092,W0000176,1,107733887,2026-03-27 06:46:12,2026-03-27 06:46:12
W0000092,W0000209,1,2609300,2026-02-24 03:51:31,2026-02-24 03:51:31
W0000092,W0000210,1,20366743,2026-03-25 13:51:13,2026-03-25 13:51:13
W0000092,W0000218,1,17943130,2026-06-29 09:37:56,2026-06-29 09:37:56
W0000092,W0000237,2,93602951,2026-01-26 21:46:17,2026-04-02 21:33:21
W0000092,W0000265,1,29264312,2026-04-03 09:03:30,2026-04-03 09:03:30
W0000092,W0000266,1,56160784,2026-03-19 20:26:42,2026-03-19 20:26:42
W0000092,W0000287,1,86153671,2026-01-21 11:43:54,2026-01-21 11:43:54
W0000092,W0000293,1,16751694,2026-06-02 22:24:37,2026-06-02 22:24:37
W0000092,W0000350,1,24948061,2026-06-26 19:59:34,2026-06-26 19:59:34
W0000092,W0000378,1,17121843,2026-05-29 09:58:49,2026-05-29 09:58:49
W0000092,W0000394,1,32952399,2026-01-31 03:41:43,2026-01-31 03:41:43
W0000092,W0000419,1,27564297,2026-04-13 08:48:58,2026-04-13 08:48:58
W0000092,W0000424,1,86252838,2026-04-20 19:43:28,2026-04-20 19:43:28
W0000092,W0000434,1,87712956,2026-05-21 13:42:09,2026-05-21 13:42:09
W0000093,W0000013,1,3895950,2026-03-24 16:13:48,2026-03-24 16:13:48
W0000093,W0000034,1,2998766,2026-03-16 18:17:21,2026-03-16 18:17:21
W0000093,W0000039,1,22705208,2026-01-08 08:37:15,2026-01-08 08:37:15
W0000093,W0000047,1,15378035,2026-02-02 22:03:12,2026-02-02 22:03:12
W0000093,W0000057,1,5974932,2026-05-31 13:40:36,2026-05-31 13:40:36
W0000093,W0000086,1,3459419,2026-04-07 15:13:19,2026-04-07 15:13:19
W0000093,W0000176,1,11783540,2026-04-05 10:11:12,2026-04-05 10:11:12
W0000093,W0000196,1,9202546,2026-02-28 04:01:50,2026-02-28 04:01:50
W0000093,W0000218,1,12595108,2026-06-14 02:36:33,2026-06-14 02:36:33
W0000093,W0000219,1,1796002,2026-05-05 09:00:17,2026-05-05 09:00:17
W0000093,W0000243,1,24670258,2026-03-11 04:25:26,2026-03-11 04:25:26
W0000093,W0000335,1,28512831,2026-02-03 03:41:14,2026-02-03 03:41:14
W0000093,W0000349,1,19664588,2026-01-30 21:36:55,2026-01-30 21:36:55
W0000093,W0000361,1,23344355,2026-04-05 21:18:23,2026-04-05 21:18:23
W0000093,W0000363,1,5599813,2026-06-08 21:13:50,2026-06-08 21:13:50
W0000093,W0000444,1,1326356,2026-02-09 22:30:02,2026-02-09 22:30:02
W0000093,W0000469,1,19588722,2026-04-03 22:48:04,2026-04-03 22:48:04
W0000094,W0000024,1,6009325,2026-04-29 18:53:17,2026-04-29 18:53:17
W0000094,W0000046,1,8724789,2026-05-25 12:16:10,2026-05-25 12:16:10
W0000094,W0000048,1,13994762,2026-03-08 09:21:33,2026-03-08 09:21:33
W0000094,W0000049,1,9614525,2026-06-29 05:15:19,2026-06-29 05:15:19
W0000094,W0000062,1,24329375,2026-03-02 07:23:57,2026-03-02 07:23:57
W0000094,W0000075,1,987292,2026-04-25 19:01:00,2026-04-25 19:01:00
W0000094,W0000082,1,3140498,2026-01-14 10:44:33,2026-01-14 10:44:33
W0000094,W0000109,1,29555800,2026-03-08 08:31:33,2026-03-08 08:31:33
W0000094,W0000115,1,8724789,2026-05-25 12:16:10,2026-05-25 12:16:10
W0000094,W0000116,1,51521452,2026-01-22 16:16:33,2026-01-22 16:16:33
W0000094,W0000123,1,28696732,2026-03-16 20:27:41,2026-03-16 20:27:41
W0000094,W0000147,2,11333521,2026-04-19 19:12:10,2026-04-29 18:53:17
W0000094,W0000163,1,9614525,2026-06-29 05:15:19,2026-06-29 05:15:19
W0000094,W0000164,1,987292,2026-04-25 19:01:00,2026-04-25 19:01:00
W0000094,W0000172,1,51521452,2026-01-22 16:16:33,2026-01-22 16:16:33
W0000094,W0000173,1,16553934,2026-04-24 04:12:23,2026-04-24 04:12:23
W0000094,W0000177,1,383793,2026-02-27 13:14:39,2026-02-27 13:14:39
W0000094,W0000198,1,4031840,2026-02-26 18:52:31,2026-02-26 18:52:31
W0000094,W0000202,1,27174887,2026-06-30 22:53:10,2026-06-30 22:53:10
W0000094,W0000216,1,27174887,2026-06-30 22:53:10,2026-06-30 22:53:10
W0000094,W0000227,1,383793,2026-02-27 13:14:39,2026-02-27 13:14:39
W0000094,W0000232,1,51521452,2026-01-22 16:16:33,2026-01-22 16:16:33
W0000094,W0000233,2,19223637,2026-01-10 18:01:24,2026-01-27 10:58:10
W0000094,W0000236,1,3681761,2026-01-22 20:02:58,2026-01-22 20:02:58
W0000094,W0000262,1,27174887,2026-06-30 22:53:10,2026-06-30 22:53:10
W0000094,W0000272,1,29555800,2026-03-08 08:31:33,2026-03-08 08:31:33
W0000094,W0000284,1,5324196,2026-04-19 19:12:10,2026-04-19 19:12:10
W0000094,W0000291,1,13994762,2026-03-08 09:21:33,2026-03-08 09:21:33
W0000094,W0000292,1,32108892,2026-02-06 01:08:09,2026-02-06 01:08:09
W0000094,W0000293,1,24329375,2026-03-02 07:23:57,2026-03-02 07:23:57
W0000094,W0000300,1,28696732,2026-03-16 20:27:41,2026-03-16 20:27:41
W0000094,W0000309,1,4031840,2026-02-26 18:52:31,2026-02-26 18:52:31
W0000094,W0000313,1,4031840,2026-02-26 18:52:31,2026-02-26 18:52:31
W0000094,W0000322,1,24821536,2026-06-26 05:24:44,2026-06-26 05:24:44
W0000094,W0000330,1,13994762,2026-03-08 09:21:33,2026-03-08 09:21:33
W0000094,W0000337,1,8724789,2026-05-25 12:16:10,2026-05-25 12:16:10
W0000094,W0000343,1,24821536,2026-06-26 05:24:44,2026-06-26 05:24:44
W0000094,W0000382,1,9328963,2026-02-12 19:08:46,2026-02-12 19:08:46
W0000094,W0000393,1,4031840,2026-02-26 18:52:31,2026-02-26 18:52:31
W0000094,W0000405,1,10289979,2026-05-09 05:30:34,2026-05-09 05:30:34
W0000094,W0000425,1,28696732,2026-03-16 20:27:41,2026-03-16 20:27:41
W0000094,W0000435,1,27174887,2026-06-30 22:53:10,2026-06-30 22:53:10
W0000094,W0000448,1,14397174,2026-02-15 13:57:02,2026-02-15 13:57:02
W0000094,W0000456,1,24821536,2026-06-26 05:24:44,2026-06-26 05:24:44
W0000094,W0000474,1,9838368,2026-05-04 04:48:58,2026-05-04 04:48:58
W0000094,W0000481,1,51521452,2026-01-22 16:16:33,2026-01-22 16:16:33
W0000094,W0000489,1,14776811,2026-01-22 05:12:39,2026-01-22 05:12:39
W0000094,W0000500,1,987292,2026-04-25 19:01:00,2026-04-25 19:01:00
W0000095,W0000030,1,13827109,2026-05-09 03:15:06,2026-05-09 03:15:06
W0000095,W0000092,1,3458969,2026-05-19 14:31:23,2026-05-19 14:31:23
W0000095,W0000123,1,44607882,2026-05-04 10:13:57,2026-05-04 10:13:57
W0000095,W0000200,1,25346448,2026-05-25 05:45:40,2026-05-25 05:45:40
W0000095,W0000218,2,26125395,2026-03-23 05:52:57,2026-04-20 08:56:49
W0000095,W0000242,2,54621181,2026-04-02 17:55:14,2026-06-11 10:41:28
W0000095,W0000244,1,11125266,2026-02-21 22:00:49,2026-02-21 22:00:49
W0000095,W0000306,1,11074658,2026-04-04 10:18:48,2026-04-04 10:18:48
W0000095,W0000322,1,21657601,2026-02-21 11:06:46,2026-02-21 11:06:46
W0000095,W0000329,1,1902829,2026-01-28 00:44:44,2026-01-28 00:44:44
W0000095,W0000330,1,3872629,2026-05-03 18:58:26,2026-05-03 18:58:26
W0000095,W0000347,1,2515179,2026-03-21 11:28:22,2026-03-21 11:28:22
W0000095,W0000417,1,12319467,2026-04-01 10:18:31,2026-04-01 10:18:31
W0000095,W0000492,1,6138668,2026-05-05 17:01:11,2026-05-05 17:01:11
W0000096,W0000014,1,12335863,2026-05-30 14:35:43,2026-05-30 14:35:43
W0000096,W0000022,1,50766862,2026-04-14 14:02:21,2026-04-14 14:02:21
W0000096,W0000050,1,3336973,2026-02-16 06:07:22,2026-02-16 06:07:22
W0000096,W0000056,1,31150364,2026-03-17 15:32:51,2026-03-17 15:32:51
W0000096,W0000088,1,2438959,2026-02-15 19:02:22,2026-02-15 19:02:22
W0000096,W0000094,1,11757994,2026-05-30 23:59:10,2026-05-30 23:59:10
W0000096,W0000105,1,10689537,2026-05-18 08:42:16,2026-05-18 08:42:16
W0000096,W0000110,1,4036054,2026-01-02 15:41:46,2026-01-02 15:41:46
W0000096,W0000129,1,7509924,2026-06-22 04:11:24,2026-06-22 04:11:24
W0000096,W0000136,1,10005858,2026-02-21 03:32:12,2026-02-21 03:32:12
W0000096,W0000146,1,237790,2026-05-19 21:03:16,2026-05-19 21:03:16
W0000096,W0000171,1,30034214,2026-02-18 21:18:41,2026-02-18 21:18:41
W0000096,W0000174,1,159578,2026-04-04 20:21:16,2026-04-04 20:21:16
W0000096,W0000208,1,21680401,2026-05-10 00:34:37,2026-05-10 00:34:37
W0000096,W0000243,1,15578611,2026-04-23 00:08:29,2026-04-23 00:08:29
W0000096,W0000245,1,15820535,2026-03-29 21:27:34,2026-03-29 21:27:34
W0000096,W0000310,1,3378791,2026-04-19 02:37:58,2026-04-19 02:37:58
W0000096,W0000338,1,1148689,2026-05-13 13:45:54,2026-05-13 13:45:54
W0000096,W0000345,1,46337430,2026-06-26 15:43:32,2026-06-26 15:43:32
W0000096,W0000347,1,4890938,2026-01-30 11:40:41,2026-01-30 11:40:41
W0000096,W0000382,1,694326,2026-01-14 11:20:49,2026-01-14 11:20:49
W0000096,W0000389,1,8900007,2026-02-01 12:56:55,2026-02-01 12:56:55
W0000096,W0000417,1,1919454,2026-05-27 12:29:55,2026-05-27 12:29:55
W0000096,W0000457,1,20145759,2026-03-30 09:18:39,2026-03-30 09:18:39
W0000097,W0000002,1,3101806,2026-06-26 21:41:32,2026-06-26 21:41:32
W0000097,W0000036,1,10619407,2026-03-27 17:25:48,2026-03-27 17:25:48
W0000097,W0000049,1,32429890,2026-03-06 06:44:07,2026-03-06 06:44:07
W0000097,W0000083,1,3358869,2026-02-19 00:39:14,2026-02-19 00:39:14
W0000097,W0000085,1,38564919,2026-01-09 23:00:54,2026-01-09 23:00:54
W0000097,W0000110,1,8885593,2026-04-29 15:22:32,2026-04-29 15:22:32
W0000097,W0000120,1,5643161,2026-06-05 13:05:36,2026-06-05 13:05:36
W0000097,W0000135,1,9611101,2026-06-30 19:16:11,2026-06-30 19:16:11
W0000097,W0000169,1,1838221,2026-02-12 23:16:24,2026-02-12 23:16:24
W0000097,W0000183,1,8474825,2026-02-07 23:32:25,2026-02-07 23:32:25
W0000097,W0000222,1,43713356,2026-06-10 18:11:18,2026-06-10 18:11:18
W0000097,W0000236,1,17444985,2026-03-17 20:42:44,2026-03-17 20:42:44
W0000097,W0000237,1,19845050,2026-05-13 12:08:55,2026-05-13 12:08:55
W0000097,W0000268,1,12057970,2026-03-16 06:06:05,2026-03-16 06:06:05
W0000097,W0000280,1,3641316,2026-03-17 23:24:10,2026-03-17 23:24:10
W0000097,W0000281,1,6977101,2026-04-27 16:35:56,2026-04-27 16:35:56
W0000097,W0000295,1,43786660,2026-06-16 22:33:21,2026-06-16 22:33:21
W0000097,W0000304,1,22848575,2026-01-29 21:06:49,2026-01-29 21:06:49
W0000097,W0000328,1,8010225,2026-02-16 16:02:34,2026-02-16 16:02:34
W0000097,W0000371,1,31988903,2026-03-24 03:39:29,2026-03-24 03:39:29
W0000097,W0000383,1,11430123,2026-03-10 20:35:05,2026-03-10 20:35:05
W0000097,W0000414,1,1808916,2026-04-01 20:59:06,2026-04-01 20:59:06
W0000097,W0000419,1,6432409,2026-03-09 20:00:06,2026-03-09 20:00:06
W0000098,W0000013,2,14706548,2026-01-03 21:08:32,2026-05-10 21:49:42
W0000098,W0000023,1,14925992,2026-05-28 21:01:58,2026-05-28 21:01:58
W0000098,W0000041,1,2780874,2026-03-10 14:01:11,2026-03-10 14:01:11
W0000098,W0000053,2,14763112,2026-01-29 13:00:17,2026-04-29 06:31:31
W0000098,W0000055,1,8285727,2026-01-19 11:17:22,2026-01-19 11:17:22
W0000098,W0000090,1,24896905,2026-05-18 13:20:49,2026-05-18 13:20:49
W0000098,W0000128,1,37919657,2026-03-21 12:11:37,2026-03-21 12:11:37
W0000098,W0000200,1,3768930,2026-01-16 02:43:42,2026-01-16 02:43:42
W0000098,W0000241,2,8453101,2026-03-02 04:10:49,2026-06-15 01:18:24
W0000098,W0000264,1,789881,2026-06-08 16:24:49,2026-06-08 16:24:49
W0000098,W0000285,1,12377759,2026-05-22 17:55:31,2026-05-22 17:55:31
W0000098,W0000294,1,4319154,2026-01-20 20:18:22,2026-01-20 20:18:22
W0000098,W0000306,1,54297559,2026-05-30 10:58:29,2026-05-30 10:58:29
W0000098,W0000319,1,3061406,2026-01-20 10:47:37,2026-01-20 10:47:37
W0000098,W0000355,1,1942427,2026-06-05 09:58:33,2026-06-05 09:58:33
W0000098,W0000357,1,6391487,2026-03-09 22:59:27,2026-03-09 22:59:27
W0000098,W0000377,1,28174413,2026-02-12 03:54:55,2026-02-12 03:54:55
W0000098,W0000386,1,3545233,2026-05-18 06:24:18,2026-05-18 06:24:18
W0000098,W0000388,1,10915895,2026-02-14 23:32:22,2026-02-14 23:32:22
W0000098,W0000398,1,860206,2026-02-18 02:53:32,2026-02-18 02:53:32
W0000099,W0000012,1,11430595,2026-04-02 05:34:33,2026-04-02 05:34:33
W0000099,W0000038,1,11282780,2026-04-01 07:53:40,2026-04-01 07:53:40
W0000099,W0000075,1,18553707,2026-02-08 05:58:08,2026-02-08 05:58:08
W0000099,W0000151,1,48846104,2026-05-24 15:16:42,2026-05-24 15:16:42
W0000099,W0000164,1,76052169,2026-05-04 12:38:27,2026-05-04 12:38:27
W0000099,W0000198,1,5584992,2026-02-08 06:10:17,2026-02-08 06:10:17
W0000099,W0000253,1,5025085,2026-02-21 21:50:58,2026-02-21 21:50:58
W0000099,W0000257,1,11282780,2026-04-01 07:53:40,2026-04-01 07:53:40
W0000099,W0000292,1,13213238,2026-04-03 20:47:37,2026-04-03 20:47:37
W0000099,W0000322,1,72136341,2026-04-14 19:25:24,2026-04-14 19:25:24
W0000099,W0000344,1,11430595,2026-04-02 05:34:33,2026-04-02 05:34:33
W0000099,W0000356,1,50955909,2026-01-02 22:41:26,2026-01-02 22:41:26
W0000099,W0000372,1,55937800,2026-06-24 12:04:24,2026-06-24 12:04:24
W0000099,W0000389,1,4370692,2026-03-23 16:12:42,2026-03-23 16:12:42
W0000099,W0000423,1,5025085,2026-02-21 21:50:58,2026-02-21 21:50:58
W0000099,W0000424,1,5584992,2026-02-08 06:10:17,2026-02-08 06:10:17
W0000099,W0000431,1,119901350,2026-03-21 21:12:43,2026-03-21 21:12:43
W0000099,W0000497,1,39661801,2026-05-02 01:39:29,2026-05-02 01:39:29
W0000099,W0000498,1,93187106,2026-03-22 04:55:28,2026-03-22 04:55:28
W0000100,W0000043,1,2192004,2026-03-25 23:05:17,2026-03-25 23:05:17
W0000100,W0000052,1,1686769,2026-03-21 02:56:02,2026-03-21 02:56:02
W0000100,W0000054,1,6259290,2026-03-02 18:30:07,2026-03-02 18:30:07
W0000100,W0000061,1,5038370,2026-05-05 16:15:35,2026-05-05 16:15:35
W0000100,W0000073,1,71661873,2026-05-17 13:43:43,2026-05-17 13:43:43
W0000100,W0000078,1,5377402,2026-03-23 12:44:22,2026-03-23 12:44:22
W0000100,W0000091,1,4654337,2026-05-30 08:29:33,2026-05-30 08:29:33
W0000100,W0000202,1,1933224,2026-01-26 03:35:32,2026-01-26 03:35:32
W0000100,W0000231,1,32789489,2026-01-25 06:07:56,2026-01-25 06:07:56
W0000100,W0000234,1,26222528,2026-05-10 04:21:45,2026-05-10 04:21:45
W0000100,W0000257,1,6054873,2026-05-08 09:40:51,2026-05-08 09:40:51
W0000100,W0000268,1,4383073,2026-02-09 10:37:23,2026-02-09 10:37:23
W0000100,W0000348,1,2057747,2026-02-04 22:28:20,2026-02-04 22:28:20
W0000100,W0000382,1,19558444,2026-02-21 08:06:56,2026-02-21 08:06:56
W0000100,W0000388,1,1282336,2026-02-14 21:31:15,2026-02-14 21:31:15
W0000100,W0000432,1,7723393,2026-02-16 13:55:05,2026-02-16 13:55:05
W0000100,W0000496,1,57525698,2026-05-03 20:30:38,2026-05-03 20:30:38
W0000101,W0000020,1,10773232,2026-06-06 23:43:51,2026-06-06 23:43:51
W0000101,W0000025,1,24270950,2026-05-18 07:20:45,2026-05-18 07:20:45
W0000101,W0000055,1,2049249,2026-03-05 04:24:47,2026-03-05 04:24:47
W0000101,W0000057,1,32717450,2026-04-21 12:12:31,2026-04-21 12:12:31
W0000101,W0000066,1,2049249,2026-03-05 04:24:47,2026-03-05 04:24:47
W0000101,W0000107,1,8356360,2026-06-12 03:54:56,2026-06-12 03:54:56
W0000101,W0000114,1,11221237,2026-04-02 21:10:05,2026-04-02 21:10:05
W0000101,W0000116,1,10773232,2026-06-06 23:43:51,2026-06-06 23:43:51
W0000101,W0000134,1,9282144,2026-02-06 17:10:12,2026-02-06 17:10:12
W0000101,W0000135,1,3104027,2026-06-25 16:12:02,2026-06-25 16:12:02
W0000101,W0000150,1,11221237,2026-04-02 21:10:05,2026-04-02 21:10:05
W0000101,W0000166,1,10773232,2026-06-06 23:43:51,2026-06-06 23:43:51
W0000101,W0000169,1,26336296,2026-05-16 18:51:31,2026-05-16 18:51:31
W0000101,W0000181,1,8204569,2026-03-22 04:24:55,2026-03-22 04:24:55
W0000101,W0000188,1,24270950,2026-05-18 07:20:45,2026-05-18 07:20:45
W0000101,W0000203,1,959301,2026-03-10 23:57:46,2026-03-10 23:57:46
W0000101,W0000271,1,2612925,2026-06-04 06:00:45,2026-06-04 06:00:45
W0000101,W0000273,1,2049249,2026-03-05 04:24:47,2026-03-05 04:24:47
W0000101,W0000276,1,1644865,2026-01-27 16:16:31,2026-01-27 16:16:31
W0000101,W0000277,1,2612925,2026-06-04 06:00:45,2026-06-04 06:00:45
W0000101,W0000319,1,9316562,2026-01-27 15:56:55,2026-01-27 15:56:55
W0000101,W0000322,1,3296745,2026-03-26 22:19:56,2026-03-26 22:19:56
W0000101,W0000323,1,2824823,2026-03-11 14:49:35,2026-03-11 14:49:35
W0000101,W0000357,1,21408094,2026-05-15 09:36:23,2026-05-15 09:36:23
W0000101,W0000387,1,5755366,2026-02-11 21:03:36,2026-02-11 21:03:36
W0000101,W0000391,1,24270950,2026-05-18 07:20:45,2026-05-18 07:20:45
W0000101,W0000397,1,1222934,2026-06-21 10:40:38,2026-06-21 10:40:38
W0000101,W0000408,1,8204569,2026-03-22 04:24:55,2026-03-22 04:24:55
W0000101,W0000422,1,5915075,2026-01-01 05:23:15,2026-01-01 05:23:15
W0000101,W0000423,1,7584072,2026-01-25 22:18:29,2026-01-25 22:18:29
W0000101,W0000444,1,60653611,2026-03-17 14:41:12,2026-03-17 14:41:12
W0000101,W0000476,1,5755366,2026-02-11 21:03:36,2026-02-11 21:03:36
W0000101,W0000481,1,1644865,2026-01-27 16:16:31,2026-01-27 16:16:31
W0000101,W0000493,1,1971236,2026-06-11 08:56:42,2026-06-11 08:56:42
W0000101,W0000497,1,8204569,2026-03-22 04:24:55,2026-03-22 04:24:55
W0000102,W0000091,1,3680399,2026-02-28 20:33:06,2026-02-28 20:33:06
W0000102,W0000137,1,15570011,2026-05-21 18:01:29,2026-05-21 18:01:29
W0000102,W0000171,1,6715033,2026-03-19 22:09:50,2026-03-19 22:09:50
W0000102,W0000181,1,3537968,2026-05-09 21:50:12,2026-05-09 21:50:12
W0000102,W0000199,1,11103336,2026-01-27 13:35:33,2026-01-27 13:35:33
W0000102,W0000231,3,37319983,2026-01-05 02:20:04,2026-05-03 20:10:11
W0000102,W0000282,1,20893013,2026-02-12 13:23:24,2026-02-12 13:23:24
W0000102,W0000398,1,7523257,2026-01-31 15:36:54,2026-01-31 15:36:54
W0000102,W0000412,1,18727491,2026-01-10 02:03:56,2026-01-10 02:03:56
W0000102,W0000441,1,4937818,2026-05-19 00:45:36,2026-05-19 00:45:36
W0000102,W0000474,1,65992403,2026-01-09 10:59:22,2026-01-09 10:59:22
W0000102,W0000488,1,6344625,2026-01-23 07:47:06,2026-01-23 07:47:06
W0000102,W0000497,1,35113024,2026-04-12 10:32:09,2026-04-12 10:32:09
W0000103,W0000029,2,39493209,2026-01-30 17:29:10,2026-03-04 05:05:25
W0000103,W0000034,1,5571363,2026-04-28 08:33:56,2026-04-28 08:33:56
W0000103,W0000068,1,13308973,2026-04-18 05:21:04,2026-04-18 05:21:04
W0000103,W0000076,1,6904263,2026-06-24 10:14:05,2026-06-24 10:14:05
W0000103,W0000130,1,20880274,2026-03-30 00:11:54,2026-03-30 00:11:54
W0000103,W0000143,1,95530901,2026-03-17 20:18:15,2026-03-17 20:18:15
W0000103,W0000174,1,1536202,2026-05-25 16:52:39,2026-05-25 16:52:39
W0000103,W0000230,1,3394951,2026-06-05 09:29:27,2026-06-05 09:29:27
W0000103,W0000239,1,6686406,2026-01-12 19:20:50,2026-01-12 19:20:50
W0000103,W0000258,1,32687451,2026-01-05 01:53:11,2026-01-05 01:53:11
W0000103,W0000270,1,17968085,2026-03-29 19:00:17,2026-03-29 19:00:17
W0000103,W0000281,1,3791042,2026-05-30 01:21:31,2026-05-30 01:21:31
W0000103,W0000293,1,15554377,2026-03-30 20:26:14,2026-03-30 20:26:14
W0000103,W0000294,1,13026737,2026-05-11 18:57:38,2026-05-11 18:57:38
W0000103,W0000369,1,13925464,2026-01-20 06:04:10,2026-01-20 06:04:10
W0000103,W0000381,1,4992905,2026-06-09 17:50:12,2026-06-09 17:50:12
W0000103,W0000391,1,57149748,2026-05-25 03:09:00,2026-05-25 03:09:00
W0000103,W0000394,1,11635196,2026-01-03 04:03:45,2026-01-03 04:03:45
W0000103,W0000396,1,29530847,2026-06-09 05:38:23,2026-06-09 05:38:23
W0000103,W0000421,1,14202581,2026-01-09 18:06:50,2026-01-09 18:06:50
W0000103,W0000455,1,3700297,2026-02-22 03:12:16,2026-02-22 03:12:16
W0000104,W0000002,1,1110400,2026-05-23 14:29:47,2026-05-23 14:29:47
W0000104,W0000004,1,6543926,2026-01-02 07:28:53,2026-01-02 07:28:53
W0000104,W0000070,1,3152432,2026-05-08 21:37:40,2026-05-08 21:37:40
W0000104,W0000082,1,1268811,2026-03-15 10:18:16,2026-03-15 10:18:16
W0000104,W0000099,1,12190898,2026-04-21 21:06:34,2026-04-21 21:06:34
W0000104,W0000138,1,5157716,2026-02-17 14:34:38,2026-02-17 14:34:38
W0000104,W0000144,1,3016407,2026-05-08 18:59:30,2026-05-08 18:59:30
W0000104,W0000189,1,6462503,2026-03-22 16:16:55,2026-03-22 16:16:55
W0000104,W0000214,1,10903963,2026-01-02 06:42:01,2026-01-02 06:42:01
W0000104,W0000233,1,105835552,2026-01-03 10:13:51,2026-01-03 10:13:51
W0000104,W0000256,1,7067660,2026-02-20 19:26:54,2026-02-20 19:26:54
W0000104,W0000269,1,14738838,2026-01-26 01:49:09,2026-01-26 01:49:09
W0000104,W0000327,1,14896488,2026-03-19 00:50:47,2026-03-19 00:50:47
W0000104,W0000390,1,25318957,2026-03-28 06:42:36,2026-03-28 06:42:36
W0000104,W0000438,1,98506705,2026-03-17 05:37:26,2026-03-17 05:37:26
W0000104,W0000453,1,5967634,2026-04-15 08:15:27,2026-04-15 08:15:27
W0000104,W0000469,1,13990025,2026-03-31 16:45:32,2026-03-31 16:45:32
W0000104,W0000494,1,17760336,2026-03-17 19:07:56,2026-03-17 19:07:56
W0000105,W0000022,1,18300178,2026-02-17 16:58:34,2026-02-17 16:58:34
W0000105,W0000056,1,518802,2026-04-03 06:10:29,2026-04-03 06:10:29
W0000105,W0000070,1,30890497,2026-05-13 19:27:46,2026-05-13 19:27:46
W0000105,W0000075,1,10203647,2026-06-05 16:28:54,2026-06-05 16:28:54
W0000105,W0000076,1,2686648,2026-05-31 07:55:44,2026-05-31 07:55:44
W0000105,W0000094,1,3746219,2026-03-21 02:36:05,2026-03-21 02:36:05
W0000105,W0000121,1,34243796,2026-03-30 20:17:46,2026-03-30 20:17:46
W0000105,W0000257,1,12464016,2026-03-24 21:10:15,2026-03-24 21:10:15
W0000105,W0000292,1,7308782,2026-05-15 22:53:21,2026-05-15 22:53:21
W0000105,W0000314,1,6810593,2026-04-30 13:08:12,2026-04-30 13:08:12
W0000105,W0000377,1,1847628,2026-05-03 22:33:08,2026-05-03 22:33:08
W0000105,W0000387,1,19071545,2026-06-14 21:09:50,2026-06-14 21:09:50
W0000105,W0000389,1,3676090,2026-04-10 22:33:08,2026-04-10 22:33:08
W0000105,W0000391,1,32244743,2026-02-12 22:21:40,2026-02-12 22:21:40
W0000105,W0000415,1,6658936,2026-03-18 18:59:35,2026-03-18 18:59:35
W0000105,W0000418,1,1792814,2026-06-01 10:14:00,2026-06-01 10:14:00
W0000106,W0000036,1,12077343,2026-03-13 14:02:38,2026-03-13 14:02:38
W0000106,W0000038,1,12625985,2026-06-09 13:55:56,2026-06-09 13:55:56
W0000106,W0000041,1,18657477,2026-05-01 20:58:32,2026-05-01 20:58:32
W0000106,W0000043,1,1708459,2026-01-15 23:55:46,2026-01-15 23:55:46
W0000106,W0000057,2,11256282,2026-04-07 20:24:17,2026-04-16 08:45:04
W0000106,W0000087,1,17604978,2026-06-22 22:42:14,2026-06-22 22:42:14
W0000106,W0000111,1,5012930,2026-01-05 16:01:02,2026-01-05 16:01:02
W0000106,W0000123,1,3787796,2026-04-07 20:24:17,2026-04-07 20:24:17
W0000106,W0000139,1,12625985,2026-06-09 13:55:56,2026-06-09 13:55:56
W0000106,W0000188,1,16476286,2026-06-03 11:42:47,2026-06-03 11:42:47
W0000106,W0000232,1,734938,2026-02-03 21:27:25,2026-02-03 21:27:25
W0000106,W0000274,1,11123889,2026-03-01 06:05:35,2026-03-01 06:05:35
W0000106,W0000299,1,14878301,2026-06-25 13:41:54,2026-06-25 13:41:54
W0000106,W0000302,1,11444097,2026-06-04 03:26:15,2026-06-04 03:26:15
W0000106,W0000328,2,9994555,2026-04-26 19:01:18,2026-05-22 13:58:24
W0000106,W0000352,1,35822023,2026-02-16 23:15:34,2026-02-16 23:15:34
W0000106,W0000370,1,15963730,2026-03-17 21:02:50,2026-03-17 21:02:50
W0000106,W0000377,1,16476286,2026-06-03 11:42:47,2026-06-03 11:42:47
W0000106,W0000442,1,12843375,2026-02-17 20:01:00,2026-02-17 20:01:00
W0000106,W0000444,1,12843375,2026-02-17 20:01:00,2026-02-17 20:01:00
W0000106,W0000449,1,4354317,2026-03-16 23:51:08,2026-03-16 23:51:08
W0000106,W0000464,1,3320120,2026-01-26 04:29:54,2026-01-26 04:29:54
W0000107,W0000060,1,22680761,2026-06-18 16:16:21,2026-06-18 16:16:21
W0000107,W0000071,1,68874214,2026-03-05 05:55:31,2026-03-05 05:55:31
W0000107,W0000120,1,59077488,2026-06-15 21:23:13,2026-06-15 21:23:13
W0000107,W0000121,1,6251128,2026-02-17 23:40:09,2026-02-17 23:40:09
W0000107,W0000155,1,8613388,2026-01-25 07:11:11,2026-01-25 07:11:11
W0000107,W0000157,1,8204131,2026-03-14 08:48:14,2026-03-14 08:48:14
W0000107,W0000178,1,43605392,2026-06-13 11:26:41,2026-06-13 11:26:41
W0000107,W0000214,1,26309970,2026-01-06 06:49:20,2026-01-06 06:49:20
W0000107,W0000223,1,10308800,2026-05-04 16:23:17,2026-05-04 16:23:17
W0000107,W0000252,1,7781027,2026-03-09 17:32:26,2026-03-09 17:32:26
W0000107,W0000351,1,44592818,2026-05-27 14:58:44,2026-05-27 14:58:44
W0000107,W0000383,1,1920211,2026-03-02 02:34:09,2026-03-02 02:34:09
W0000107,W0000428,1,2313194,2026-04-04 05:08:25,2026-04-04 05:08:25
W0000107,W0000429,1,10812966,2026-02-19 06:49:04,2026-02-19 06:49:04
W0000107,W0000451,1,489328,2026-01-10 13:53:08,2026-01-10 13:53:08
W0000107,W0000491,1,5734265,2026-06-14 16:36:29,2026-06-14 16:36:29
W0000107,W0000492,1,8271213,2026-03-04 10:15:53,2026-03-04 10:15:53
W0000107,W0000497,1,92056345,2026-04-03 09:47:55,2026-04-03 09:47:55
W0000108,W0000003,1,9257529,2026-05-14 15:30:17,2026-05-14 15:30:17
W0000108,W0000029,1,26607592,2026-01-23 18:21:30,2026-01-23 18:21:30
W0000108,W0000050,1,2511747,2026-02-07 02:09:18,2026-02-07 02:09:18
W0000108,W0000058,1,8218090,2026-05-31 02:35:43,2026-05-31 02:35:43
W0000108,W0000073,1,12345704,2026-05-28 02:46:04,2026-05-28 02:46:04
W0000108,W0000116,1,925650,2026-06-26 05:10:05,2026-06-26 05:10:05
W0000108,W0000146,1,10900340,2026-02-13 08:32:31,2026-02-13 08:32:31
W0000108,W0000159,1,10721954,2026-06-20 15:03:45,2026-06-20 15:03:45
W0000108,W0000165,1,4074255,2026-06-30 11:23:04,2026-06-30 11:23:04
W0000108,W0000169,2,53783685,2026-04-21 03:11:33,2026-05-02 07:20:21
W0000108,W0000188,1,2283836,2026-02-07 23:36:37,2026-02-07 23:36:37
W0000108,W0000210,1,87652137,2026-04-14 03:54:12,2026-04-14 03:54:12
W0000108,W0000262,1,2425050,2026-06-06 22:34:17,2026-06-06 22:34:17
W0000108,W0000268,1,31669246,2026-05-10 19:42:34,2026-05-10 19:42:34
W0000108,W0000283,1,10976991,2026-06-05 21:32:41,2026-06-05 21:32:41
W0000108,W0000298,1,32451543,2026-03-04 13:47:24,2026-03-04 13:47:24
W0000108,W0000326,1,97428828,2026-03-16 15:37:42,2026-03-16 15:37:42
W0000108,W0000337,1,5440942,2026-03-17 21:14:00,2026-03-17 21:14:00
W0000108,W0000364,1,33570949,2026-02-16 13:03:08,2026-02-16 13:03:08
W0000108,W0000370,1,31817509,2026-04-15 13:41:37,2026-04-15 13:41:37
W0000108,W0000376,1,3202898,2026-02-28 05:00:43,2026-02-28 05:00:43
W0000108,W0000385,1,12950755,2026-03-30 10:30:43,2026-03-30 10:30:43
W0000108,W0000392,1,7753082,2026-04-07 09:38:10,2026-04-07 09:38:10
W0000108,W0000442,1,4023477,2026-02-20 07:22:58,2026-02-20 07:22:58
W0000108,W0000451,1,8156267,2026-03-03 11:08:52,2026-03-03 11:08:52
W0000108,W0000475,1,1764369,2026-05-08 12:36:21,2026-05-08 12:36:21
W0000109,W0000006,1,11114846,2026-03-18 14:49:03,2026-03-18 14:49:03
W0000109,W0000012,1,3569492,2026-01-31 18:00:53,2026-01-31 18:00:53
W0000109,W0000088,1,1968286,2026-04-30 06:47:39,2026-04-30 06:47:39
W0000109,W0000106,2,133058540,2026-03-17 00:19:33,2026-06-25 21:13:34
W0000109,W0000135,1,26873806,2026-02-25 03:09:17,2026-02-25 03:09:17
W0000109,W0000164,1,9759166,2026-05-20 17:10:15,2026-05-20 17:10:15
W0000109,W0000174,1,4372757,2026-03-15 14:51:22,2026-03-15 14:51:22
W0000109,W0000182,1,13532379,2026-03-13 05:57:55,2026-03-13 05:57:55
W0000109,W0000193,1,9162375,2026-01-25 02:31:15,2026-01-25 02:31:15
W0000109,W0000202,1,4808628,2026-05-16 18:21:03,2026-05-16 18:21:03
W0000109,W0000254,1,39326040,2026-03-09 21:00:13,2026-03-09 21:00:13
W0000109,W0000259,2,26924384,2026-03-06 19:20:19,2026-03-11 20:44:16
W0000109,W0000282,1,18219177,2026-01-19 09:08:37,2026-01-19 09:08:37
W0000109,W0000325,1,81721181,2026-02-02 07:29:05,2026-02-02 07:29:05
W0000109,W0000352,1,51947138,2026-01-02 10:02:45,2026-01-02 10:02:45
W0000109,W0000411,1,4885903,2026-04-19 01:57:58,2026-04-19 01:57:58
W0000109,W0000420,1,40284284,2026-04-17 19:42:49,2026-04-17 19:42:49
W0000109,W0000477,1,19429253,2026-05-23 19:12:14,2026-05-23 19:12:14
W0000109,W0000482,1,7889016,2026-04-20 00:36:19,2026-04-20 00:36:19
W0000110,W0000012,1,34019972,2026-05-14 22:19:27,2026-05-14 22:19:27
W0000110,W0000036,1,52047819,2026-01-20 01:01:20,2026-01-20 01:01:20
W0000110,W0000074,1,56545120,2026-02-10 11:49:23,2026-02-10 11:49:23
W0000110,W0000098,1,231757,2026-04-07 12:11:54,2026-04-07 12:11:54
W0000110,W0000106,1,44641443,2026-06-09 19:43:31,2026-06-09 19:43:31
W0000110,W0000159,1,1690805,2026-05-07 08:01:57,2026-05-07 08:01:57
W0000110,W0000175,1,418502,2026-06-27 16:24:11,2026-06-27 16:24:11
W0000110,W0000184,1,61018476,2026-02-27 16:34:41,2026-02-27 16:34:41
W0000110,W0000227,1,1625160,2026-04-05 13:33:06,2026-04-05 13:33:06
W0000110,W0000242,1,7210829,2026-04-04 14:47:59,2026-04-04 14:47:59
W0000110,W0000244,1,4021833,2026-04-26 02:46:05,2026-04-26 02:46:05
W0000110,W0000249,1,16523051,2026-01-26 17:31:35,2026-01-26 17:31:35
W0000110,W0000280,1,31395959,2026-04-18 23:53:19,2026-04-18 23:53:19
W0000110,W0000288,1,10165544,2026-01-10 21:03:45,2026-01-10 21:03:45
W0000110,W0000391,1,638928,2026-01-03 16:53:35,2026-01-03 16:53:35
W0000110,W0000408,1,25791885,2026-05-08 18:37:43,2026-05-08 18:37:43
W0000110,W0000455,1,5571198,2026-04-14 21:27:20,2026-04-14 21:27:20
W0000110,W0000486,1,3916157,2026-02-23 22:20:49,2026-02-23 22:20:49
W0000110,W0000494,1,27385191,2026-02-04 17:36:12,2026-02-04 17:36:12
W0000110,W0000495,1,20173101,2026-05-12 04:10:15,2026-05-12 04:10:15
W0000110,W0000497,1,2137963,2026-03-27 12:47:07,2026-03-27 12:47:07
W0000111,W0000024,1,59743027,2026-01-17 18:00:10,2026-01-17 18:00:10
W0000111,W0000036,1,3497493,2026-01-02 14:58:21,2026-01-02 14:58:21
W0000111,W0000055,1,2782695,2026-05-21 13:25:06,2026-05-21 13:25:06
W0000111,W0000062,1,6613156,2026-01-29 20:26:25,2026-01-29 20:26:25
W0000111,W0000076,1,41146288,2026-02-08 01:18:29,2026-02-08 01:18:29
W0000111,W0000106,1,3148476,2026-04-09 16:23:31,2026-04-09 16:23:31
W0000111,W0000143,1,4000418,2026-05-28 14:49:32,2026-05-28 14:49:32
W0000111,W0000169,1,1814701,2026-03-14 07:49:24,2026-03-14 07:49:24
W0000111,W0000201,1,18638140,2026-06-12 23:56:46,2026-06-12 23:56:46
W0000111,W0000211,1,11317762,2026-06-15 07:24:57,2026-06-15 07:24:57
W0000111,W0000229,1,486669,2026-03-22 16:52:54,2026-03-22 16:52:54
W0000111,W0000259,1,5434739,2026-01-09 16:32:13,2026-01-09 16:32:13
W0000111,W0000260,1,9251333,2026-02-03 15:36:53,2026-02-03 15:36:53
W0000111,W0000288,1,2030801,2026-06-28 21:42:04,2026-06-28 21:42:04
W0000111,W0000310,1,17426979,2026-04-25 21:54:33,2026-04-25 21:54:33
W0000111,W0000392,1,954870,2026-04-23 20:15:29,2026-04-23 20:15:29
W0000111,W0000405,1,7805728,2026-02-12 04:33:04,2026-02-12 04:33:04
W0000111,W0000499,1,32380624,2026-02-07 00:34:15,2026-02-07 00:34:15
W0000112,W0000014,1,5499508,2026-06-24 13:04:57,2026-06-24 13:04:57
W0000112,W0000022,1,8809904,2026-05-19 05:41:13,2026-05-19 05:41:13
W0000112,W0000029,1,3258407,2026-01-13 11:02:18,2026-01-13 11:02:18
W0000112,W0000032,1,6929488,2026-02-09 00:02:08,2026-02-09 00:02:08
W0000112,W0000065,1,8114654,2026-06-09 15:36:58,2026-06-09 15:36:58
W0000112,W0000082,1,5344526,2026-01-04 14:03:31,2026-01-04 14:03:31
W0000112,W0000090,1,3031720,2026-02-23 07:28:59,2026-02-23 07:28:59
W0000112,W0000133,1,7218086,2026-02-02 13:57:14,2026-02-02 13:57:14
W0000112,W0000135,1,5843839,2026-03-08 19:28:51,2026-03-08 19:28:51
W0000112,W0000146,1,2088377,2026-01-12 08:25:28,2026-01-12 08:25:28
W0000112,W0000151,1,7203435,2026-04-26 06:35:45,2026-04-26 06:35:45
W0000112,W0000155,1,1117722,2026-05-15 14:06:51,2026-05-15 14:06:51
W0000112,W0000161,1,14639198,2026-04-07 18:41:33,2026-04-07 18:41:33
W0000112,W0000180,1,17782410,2026-01-15 03:38:18,2026-01-15 03:38:18
W0000112,W0000185,1,11498228,2026-06-10 02:42:10,2026-06-10 02:42:10
W0000112,W0000192,1,24459585,2026-03-06 20:44:36,2026-03-06 20:44:36
W0000112,W0000218,1,4245703,2026-06-19 12:54:59,2026-06-19 12:54:59
W0000112,W0000219,1,50437952,2026-03-10 23:06:07,2026-03-10 23:06:07
W0000112,W0000248,1,47382117,2026-02-10 17:36:06,2026-02-10 17:36:06
W0000112,W0000268,1,22840960,2026-03-05 22:19:04,2026-03-05 22:19:04
W0000112,W0000277,1,24380229,2026-02-20 19:40:59,2026-02-20 19:40:59
W0000112,W0000317,1,6505870,2026-02-09 09:31:47,2026-02-09 09:31:47
W0000112,W0000324,1,2809073,2026-05-24 01:02:12,2026-05-24 01:02:12
W0000112,W0000453,1,12671254,2026-06-15 22:08:07,2026-06-15 22:08:07
W0000112,W0000478,1,84522529,2026-04-17 09:13:08,2026-04-17 09:13:08
W0000112,W0000489,1,7273703,2026-01-14 21:45:56,2026-01-14 21:45:56
W0000113,W0000002,1,2277819,2026-01-14 04:55:04,2026-01-14 04:55:04
W0000113,W0000040,1,17357075,2026-03-24 23:33:13,2026-03-24 23:33:13
W0000113,W0000054,1,4862979,2026-05-02 14:44:50,2026-05-02 14:44:50
W0000113,W0000085,1,25856351,2026-04-06 19:47:38,2026-04-06 19:47:38
W0000113,W0000118,1,16237065,2026-05-16 09:50:09,2026-05-16 09:50:09
W0000113,W0000157,1,9762047,2026-01-22 19:21:48,2026-01-22 19:21:48
W0000113,W0000192,2,26398441,2026-02-10 06:53:43,2026-02-27 05:48:26
W0000113,W0000198,1,18297039,2026-01-01 00:40:42,2026-01-01 00:40:42
W0000113,W0000253,1,7268891,2026-04-24 06:42:29,2026-04-24 06:42:29
W0000113,W0000261,1,11984894,2026-02-10 04:45:52,2026-02-10 04:45:52
W0000113,W0000327,1,14253146,2026-02-16 13:51:04,2026-02-16 13:51:04
W0000113,W0000375,2,46204719,2026-02-26 17:40:41,2026-04-19 18:03:57
W0000114,W0000085,1,6011225,2026-03-01 20:11:39,2026-03-01 20:11:39
W0000114,W0000133,1,28045372,2026-04-11 22:09:04,2026-04-11 22:09:04
W0000114,W0000147,1,36540427,2026-03-08 04:26:47,2026-03-08 04:26:47
W0000114,W0000224,1,80306227,2026-03-20 01:45:15,2026-03-20 01:45:15
W0000114,W0000270,1,75208592,2026-02-16 11:17:50,2026-02-16 11:17:50
W0000114,W0000273,1,147562895,2026-01-17 03:29:16,2026-01-17 03:29:16
W0000114,W0000304,1,10613157,2026-06-27 10:24:20,2026-06-27 10:24:20
W0000114,W0000314,1,13095061,2026-05-05 18:51:17,2026-05-05 18:51:17
W0000114,W0000328,1,55365688,2026-06-26 00:43:10,2026-06-26 00:43:10
W0000114,W0000344,1,32244581,2026-02-26 04:32:30,2026-02-26 04:32:30
W0000114,W0000353,1,97748698,2026-04-09 14:17:51,2026-04-09 14:17:51
W0000114,W0000354,1,33859967,2026-03-06 15:59:27,2026-03-06 15:59:27
W0000114,W0000365,1,38078359,2026-02-21 03:34:04,2026-02-21 03:34:04
W0000114,W0000394,1,156412913,2026-01-05 09:05:03,2026-01-05 09:05:03
W0000114,W0000414,1,32947492,2026-01-19 08:45:03,2026-01-19 08:45:03
W0000114,W0000480,1,52194386,2026-02-23 20:00:18,2026-02-23 20:00:18
W0000115,W0000004,1,7126781,2026-05-24 12:34:33,2026-05-24 12:34:33
W0000115,W0000017,1,19469451,2026-03-07 18:15:31,2026-03-07 18:15:31
W0000115,W0000062,1,31605703,2026-01-09 01:23:57,2026-01-09 01:23:57
W0000115,W0000106,1,1816828,2026-06-22 01:20:04,2026-06-22 01:20:04
W0000115,W0000114,1,2798294,2026-04-07 15:33:07,2026-04-07 15:33:07
W0000115,W0000147,1,9077219,2026-06-15 13:21:51,2026-06-15 13:21:51
W0000115,W0000185,1,12857037,2026-04-16 17:13:56,2026-04-16 17:13:56
W0000115,W0000215,1,5146770,2026-03-04 03:00:20,2026-03-04 03:00:20
W0000115,W0000241,1,27096536,2026-03-27 23:32:16,2026-03-27 23:32:16
W0000115,W0000243,1,9903341,2026-02-24 23:26:05,2026-02-24 23:26:05
W0000115,W0000250,2,20689029,2026-04-02 01:50:35,2026-04-30 12:24:12
W0000115,W0000267,1,7968194,2026-05-05 22:28:36,2026-05-05 22:28:36
W0000115,W0000315,2,73767688,2026-02-17 17:22:34,2026-05-28 08:54:01
W0000115,W0000329,1,47620199,2026-02-28 10:15:33,2026-02-28 10:15:33
W0000115,W0000366,1,15538007,2026-04-17 15:08:35,2026-04-17 15:08:35
W0000115,W0000374,1,9473715,2026-06-03 00:54:22,2026-06-03 00:54:22
W0000115,W0000442,1,2096707,2026-06-07 18:08:29,2026-06-07 18:08:29
W0000115,W0000459,1,10407573,2026-04-26 18:00:34,2026-04-26 18:00:34
W0000115,W0000466,1,14306851,2026-04-19 16:30:21,2026-04-19 16:30:21
W0000115,W0000476,1,2654253,2026-04-01 07:44:50,2026-04-01 07:44:50
W0000115,W0000496,1,23430970,2026-04-21 14:15:37,2026-04-21 14:15:37
W0000116,W0000004,1,1404593,2026-02-22 22:34:46,2026-02-22 22:34:46
W0000116,W0000008,1,12571470,2026-04-04 14:32:01,2026-04-04 14:32:01
W0000116,W0000032,1,10257884,2026-01-12 06:55:40,2026-01-12 06:55:40
W0000116,W0000035,1,131005146,2026-02-27 22:30:43,2026-02-27 22:30:43
W0000116,W0000077,1,4275965,2026-04-10 00:41:41,2026-04-10 00:41:41
W0000116,W0000080,1,16113473,2026-05-30 22:27:26,2026-05-30 22:27:26
W0000116,W0000098,1,12571470,2026-04-04 14:32:01,2026-04-04 14:32:01
W0000116,W0000103,1,6519173,2026-02-27 06:29:03,2026-02-27 06:29:03
W0000116,W0000109,1,1787494,2026-01-14 08:08:21,2026-01-14 08:08:21
W0000116,W0000122,1,38406664,2026-05-19 23:56:28,2026-05-19 23:56:28
W0000116,W0000145,1,23419853,2026-01-09 22:04:10,2026-01-09 22:04:10
W0000116,W0000153,1,131005146,2026-02-27 22:30:43,2026-02-27 22:30:43
W0000116,W0000161,1,14508714,2026-06-23 03:22:11,2026-06-23 03:22:11
W0000116,W0000165,1,17272791,2026-05-31 18:50:03,2026-05-31 18:50:03
W0000116,W0000166,1,38406664,2026-05-19 23:56:28,2026-05-19 23:56:28
W0000116,W0000167,1,23419853,2026-01-09 22:04:10,2026-01-09 22:04:10
W0000116,W0000188,1,12782723,2026-05-19 03:32:51,2026-05-19 03:32:51
W0000116,W0000197,1,38406664,2026-05-19 23:56:28,2026-05-19 23:56:28
W0000116,W0000236,2,34712642,2026-04-02 23:36:42,2026-05-31 18:50:03
W0000116,W0000245,1,1404593,2026-02-22 22:34:46,2026-02-22 22:34:46
W0000116,W0000256,1,12782723,2026-05-19 03:32:51,2026-05-19 03:32:51
W0000116,W0000263,1,25314226,2026-02-16 20:39:02,2026-02-16 20:39:02
W0000116,W0000295,1,17439851,2026-04-02 23:36:42,2026-04-02 23:36:42
W0000116,W0000302,1,11393156,2026-03-08 07:53:24,2026-03-08 07:53:24
W0000116,W0000311,1,10257884,2026-01-12 06:55:40,2026-01-12 06:55:40
W0000116,W0000334,1,3605904,2026-01-01 06:06:49,2026-01-01 06:06:49
W0000116,W0000373,1,30602645,2026-02-09 15:28:16,2026-02-09 15:28:16
W0000116,W0000382,1,28345879,2026-06-25 13:04:42,2026-06-25 13:04:42
W0000116,W0000384,1,11072479,2026-04-16 07:53:39,2026-04-16 07:53:39
W0000116,W0000397,1,31553031,2026-06-04 17:54:46,2026-06-04 17:54:46
W0000116,W0000409,1,51292230,2026-03-20 09:23:37,2026-03-20 09:23:37
W0000116,W0000411,1,16113473,2026-05-30 22:27:26,2026-05-30 22:27:26
W0000116,W0000432,1,38406664,2026-05-19 23:56:28,2026-05-19 23:56:28
W0000116,W0000433,1,17272791,2026-05-31 18:50:03,2026-05-31 18:50:03
W0000116,W0000469,1,4282625,2026-01-27 08:23:06,2026-01-27 08:23:06
W0000116,W0000491,1,17439851,2026-04-02 23:36:42,2026-04-02 23:36:42
W0000117,W0000045,1,5678761,2026-01-07 17:59:09,2026-01-07 17:59:09
W0000117,W0000068,1,14550314,2026-01-05 06:07:23,2026-01-05 06:07:23
W0000117,W0000103,1,5072018,2026-02-06 04:30:20,2026-02-06 04:30:20
W0000117,W0000151,1,41181564,2026-05-20 16:42:16,2026-05-20 16:42:16
W0000117,W0000156,1,4660315,2026-01-25 13:55:09,2026-01-25 13:55:09
W0000117,W0000167,1,7379839,2026-04-24 19:27:08,2026-04-24 19:27:08
W0000117,W0000219,1,6335014,2026-04-11 12:41:26,2026-04-11 12:41:26
W0000117,W0000253,1,18834021,2026-02-10 20:35:38,2026-02-10 20:35:38
W0000117,W0000278,1,11787797,2026-05-15 10:36:06,2026-05-15 10:36:06
W0000117,W0000288,1,39654396,2026-06-17 10:47:24,2026-06-17 10:47:24
W0000117,W0000298,1,14518350,2026-02-22 22:20:35,2026-02-22 22:20:35
W0000117,W0000301,1,14414310,2026-05-10 15:24:06,2026-05-10 15:24:06
W0000117,W0000341,1,5962084,2026-05-11 04:24:27,2026-05-11 04:24:27
W0000117,W0000346,1,8722986,2026-02-25 04:57:32,2026-02-25 04:57:32
W0000117,W0000359,1,25444677,2026-05-08 15:57:38,2026-05-08 15:57:38
W0000117,W0000391,1,23932711,2026-01-25 00:05:22,2026-01-25 00:05:22
W0000117,W0000399,1,8728177,2026-03-27 21:16:10,2026-03-27 21:16:10
W0000117,W0000402,1,6906608,2026-01-23 10:05:17,2026-01-23 10:05:17
W0000117,W0000408,1,18243311,2026-04-24 20:50:14,2026-04-24 20:50:14
W0000117,W0000410,1,32971492,2026-06-15 00:24:00,2026-06-15 00:24:00
W0000117,W0000420,1,12820680,2026-05-09 02:33:00,2026-05-09 02:33:00
W0000117,W0000452,1,11105840,2026-02-20 04:50:40,2026-02-20 04:50:40
W0000117,W0000483,1,3465686,2026-02-06 01:36:03,2026-02-06 01:36:03
W0000117,W0000486,1,44186724,2026-03-24 20:48:30,2026-03-24 20:48:30
W0000118,W0000003,1,4514467,2026-03-16 23:05:26,2026-03-16 23:05:26
W0000118,W0000004,1,8469675,2026-05-03 13:09:10,2026-05-03 13:09:10
W0000118,W0000074,1,8043905,2026-04-11 20:57:39,2026-04-11 20:57:39
W0000118,W0000098,1,6504929,2026-05-29 15:40:53,2026-05-29 15:40:53
W0000118,W0000130,1,16225875,2026-01-16 23:08:47,2026-01-16 23:08:47
W0000118,W0000155,1,11063143,2026-02-16 20:04:30,2026-02-16 20:04:30
W0000118,W0000183,1,5674088,2026-02-22 14:30:44,2026-02-22 14:30:44
W0000118,W0000196,1,5804450,2026-06-08 03:21:26,2026-06-08 03:21:26
W0000118,W0000200,1,18296796,2026-06-11 04:51:33,2026-06-11 04:51:33
W0000118,W0000232,1,15275145,2026-01-05 10:48:31,2026-01-05 10:48:31
W0000118,W0000279,1,3874924,2026-06-13 10:47:37,2026-06-13 10:47:37
W0000118,W0000281,1,1726740,2026-04-28 00:57:48,2026-04-28 00:57:48
W0000118,W0000283,1,14098815,2026-01-07 07:04:27,2026-01-07 07:04:27
W0000118,W0000285,1,3596781,2026-06-13 14:50:13,2026-06-13 14:50:13
W0000118,W0000326,1,544780,2026-01-20 19:00:29,2026-01-20 19:00:29
W0000118,W0000400,1,8989913,2026-02-26 13:08:34,2026-02-26 13:08:34
W0000118,W0000415,1,10129379,2026-02-14 12:58:51,2026-02-14 12:58:51
W0000118,W0000433,1,8423702,2026-03-09 18:59:20,2026-03-09 18:59:20
W0000118,W0000468,1,20618495,2026-04-03 22:06:53,2026-04-03 22:06:53
W0000118,W0000472,1,8565392,2026-05-03 06:21:10,2026-05-03 06:21:10
W0000119,W0000002,1,41151041,2026-02-19 02:04:18,2026-02-19 02:04:18
W0000119,W0000006,1,9075571,2026-05-26 03:29:21,2026-05-26 03:29:21
W0000119,W0000042,1,5455099,2026-03-28 05:48:36,2026-03-28 05:48:36
W0000119,W0000046,1,22913491,2026-06-06 16:40:54,2026-06-06 16:40:54
W0000119,W0000071,1,18838619,2026-01-15 07:20:18,2026-01-15 07:20:18
W0000119,W0000135,1,26834832,2026-06-04 15:14:45,2026-06-04 15:14:45
W0000119,W0000136,1,27698406,2026-01-28 22:34:50,2026-01-28 22:34:50
W0000119,W0000190,1,17614761,2026-04-21 21:19:16,2026-04-21 21:19:16
W0000119,W0000209,1,67474143,2026-06-18 17:18:43,2026-06-18 17:18:43
W0000119,W0000220,1,10798049,2026-04-10 00:08:13,2026-04-10 00:08:13
W0000119,W0000227,1,4952018,2026-03-11 02:25:22,2026-03-11 02:25:22
W0000119,W0000290,1,36040161,2026-02-07 02:57:45,2026-02-07 02:57:45
W0000119,W0000311,1,40852548,2026-02-21 19:04:43,2026-02-21 19:04:43
W0000119,W0000330,1,11566632,2026-05-04 12:49:20,2026-05-04 12:49:20
W0000119,W0000340,1,17119425,2026-05-09 20:33:44,2026-05-09 20:33:44
W0000119,W0000341,1,9884504,2026-03-02 15:54:57,2026-03-02 15:54:57
W0000119,W0000368,1,5751850,2026-06-25 23:15:49,2026-06-25 23:15:49
W0000119,W0000370,1,28086298,2026-06-02 05:20:16,2026-06-02 05:20:16
W0000119,W0000374,1,5374707,2026-02-17 09:10:35,2026-02-17 09:10:35
W0000119,W0000420,1,41344182,2026-05-10 09:31:53,2026-05-10 09:31:53
W0000119,W0000460,1,612218,2026-05-06 11:27:27,2026-05-06 11:27:27
W0000119,W0000465,1,1758392,2026-01-12 13:34:12,2026-01-12 13:34:12
W0000119,W0000479,1,12378220,2026-03-24 20:13:19,2026-03-24 20:13:19
W0000120,W0000037,1,2276785,2026-01-30 05:33:48,2026-01-30 05:33:48
W0000120,W0000040,1,425676,2026-02-27 06:53:05,2026-02-27 06:53:05
W0000120,W0000043,1,11660228,2026-03-31 20:20:13,2026-03-31 20:20:13
W0000120,W0000098,1,3443324,2026-03-17 06:51:31,2026-03-17 06:51:31
W0000120,W0000169,1,5700107,2026-03-23 20:22:38,2026-03-23 20:22:38
W0000120,W0000174,1,2524729,2026-06-03 04:47:48,2026-06-03 04:47:48
W0000120,W0000187,2,15751626,2026-03-30 05:28:16,2026-06-03 10:05:34
W0000120,W0000213,1,52734409,2026-04-02 17:33:42,2026-04-02 17:33:42
W0000120,W0000229,1,40868307,2026-05-25 10:08:27,2026-05-25 10:08:27
W0000120,W0000287,2,19698089,2026-02-16 14:28:08,2026-06-24 07:36:49
W0000120,W0000313,1,7185701,2026-06-20 22:04:10,2026-06-20 22:04:10
W0000120,W0000341,1,9930329,2026-01-17 10:30:16,2026-01-17 10:30:16
W0000120,W0000369,1,35102569,2026-05-29 21:39:11,2026-05-29 21:39:11
W0000120,W0000376,1,1975587,2026-04-23 03:13:39,2026-04-23 03:13:39
W0000120,W0000377,1,8421733,2026-06-10 15:23:32,2026-06-10 15:23:32
W0000120,W0000428,1,9767206,2026-01-04 22:02:04,2026-01-04 22:02:04
W0000120,W0000437,1,12535150,2026-02-14 05:19:24,2026-02-14 05:19:24
W0000120,W0000453,1,3351494,2026-03-19 10:02:28,2026-03-19 10:02:28
W0000120,W0000460,1,26064392,2026-06-24 10:27:01,2026-06-24 10:27:01
W0000120,W0000478,1,28466503,2026-04-21 17:55:15,2026-04-21 17:55:15
W0000120,W0000490,1,47554050,2026-03-08 19:40:30,2026-03-08 19:40:30
W0000121,W0000006,1,5745981,2026-01-28 19:35:28,2026-01-28 19:35:28
W0000121,W0000032,1,14661316,2026-05-22 22:46:33,2026-05-22 22:46:33
W0000121,W0000068,1,14130859,2026-02-05 09:03:33,2026-02-05 09:03:33
W0000121,W0000075,1,2485742,2026-02-09 17:06:54,2026-02-09 17:06:54
W0000121,W0000137,1,1337562,2026-05-19 03:01:02,2026-05-19 03:01:02
W0000121,W0000167,1,5685763,2026-04-07 02:22:59,2026-04-07 02:22:59
W0000121,W0000233,1,3912556,2026-02-21 10:21:29,2026-02-21 10:21:29
W0000121,W0000245,1,17737156,2026-06-29 16:02:45,2026-06-29 16:02:45
W0000121,W0000253,1,11776859,2026-03-18 23:06:00,2026-03-18 23:06:00
W0000121,W0000274,1,40788656,2026-06-05 13:42:23,2026-06-05 13:42:23
W0000121,W0000281,1,3761542,2026-04-29 23:40:07,2026-04-29 23:40:07
W0000121,W0000291,1,2657528,2026-02-05 22:45:48,2026-02-05 22:45:48
W0000121,W0000324,1,1418172,2026-05-14 03:40:29,2026-05-14 03:40:29
W0000121,W0000357,1,7768104,2026-01-18 11:59:02,2026-01-18 11:59:02
W0000121,W0000385,1,6305756,2026-02-05 17:08:46,2026-02-05 17:08:46
W0000121,W0000409,1,12190195,2026-05-06 02:56:19,2026-05-06 02:56:19
W0000121,W0000418,1,20102887,2026-01-02 06:22:31,2026-01-02 06:22:31
W0000121,W0000467,1,152418224,2026-05-29 08:18:07,2026-05-29 08:18:07
W0000122,W0000005,1,3479990,2026-05-20 13:58:28,2026-05-20 13:58:28
W0000122,W0000078,1,8913880,2026-01-30 03:34:23,2026-01-30 03:34:23
W0000122,W0000080,1,7335317,2026-03-17 08:40:57,2026-03-17 08:40:57
W0000122,W0000089,1,7982861,2026-02-22 09:41:25,2026-02-22 09:41:25
W0000122,W0000093,1,5697710,2026-05-03 15:27:13,2026-05-03 15:27:13
W0000122,W0000101,1,7295887,2026-06-23 03:13:10,2026-06-23 03:13:10
W0000122,W0000128,1,1083466,2026-01-02 19:35:20,2026-01-02 19:35:20
W0000122,W0000130,1,12494328,2026-02-11 18:04:11,2026-02-11 18:04:11
W0000122,W0000168,1,1768513,2026-03-11 14:16:44,2026-03-11 14:16:44
W0000122,W0000174,1,1605329,2026-03-14 14:00:32,2026-03-14 14:00:32
W0000122,W0000188,1,28521850,2026-02-17 11:33:04,2026-02-17 11:33:04
W0000122,W0000198,2,17173072,2026-01-21 15:41:57,2026-04-11 11:37:21
W0000122,W0000210,1,29384989,2026-06-24 18:30:39,2026-06-24 18:30:39
W0000122,W0000215,1,7359596,2026-04-05 21:59:18,2026-04-05 21:59:18
W0000122,W0000224,1,4263491,2026-03-14 00:49:12,2026-03-14 00:49:12
W0000122,W0000231,1,3301440,2026-04-07 11:35:58,2026-04-07 11:35:58
W0000122,W0000281,1,8348112,2026-05-08 15:06:51,2026-05-08 15:06:51
W0000122,W0000329,1,9349923,2026-01-02 17:53:01,2026-01-02 17:53:01
W0000122,W0000358,1,1605329,2026-03-14 14:00:32,2026-03-14 14:00:32
W0000122,W0000374,1,3301440,2026-04-07 11:35:58,2026-04-07 11:35:58
W0000122,W0000390,1,8348112,2026-05-08 15:06:51,2026-05-08 15:06:51
W0000122,W0000391,1,2073933,2026-05-19 12:04:29,2026-05-19 12:04:29
W0000122,W0000412,1,12546902,2026-05-17 01:37:04,2026-05-17 01:37:04
W0000122,W0000437,1,948101,2026-06-28 03:02:46,2026-06-28 03:02:46
W0000122,W0000476,1,12546902,2026-05-17 01:37:04,2026-05-17 01:37:04
W0000123,W0000015,1,9399454,2026-02-06 01:31:01,2026-02-06 01:31:01
W0000123,W0000038,1,20041664,2026-05-13 15:37:39,2026-05-13 15:37:39
W0000123,W0000052,1,7304885,2026-03-11 04:50:54,2026-03-11 04:50:54
W0000123,W0000066,1,8571019,2026-01-23 14:54:59,2026-01-23 14:54:59
W0000123,W0000081,1,67262226,2026-02-23 13:57:32,2026-02-23 13:57:32
W0000123,W0000099,1,4395779,2026-04-01 03:08:27,2026-04-01 03:08:27
W0000123,W0000164,1,3445273,2026-02-08 12:10:41,2026-02-08 12:10:41
W0000123,W0000169,1,5318401,2026-04-04 05:02:45,2026-04-04 05:02:45
W0000123,W0000180,1,4868012,2026-05-14 17:39:56,2026-05-14 17:39:56
W0000123,W0000181,1,23618534,2026-03-25 02:41:38,2026-03-25 02:41:38
W0000123,W0000218,1,11089535,2026-06-02 22:17:16,2026-06-02 22:17:16
W0000123,W0000238,1,15624092,2026-06-14 12:08:16,2026-06-14 12:08:16
W0000123,W0000244,1,3685886,2026-01-10 23:41:21,2026-01-10 23:41:21
W0000123,W0000252,1,10499482,2026-06-26 15:39:46,2026-06-26 15:39:46
W0000123,W0000269,1,12793987,2026-01-31 18:30:58,2026-01-31 18:30:58
W0000123,W0000302,1,11432756,2026-04-09 18:20:48,2026-04-09 18:20:48
W0000123,W0000307,1,7111954,2026-01-31 21:53:35,2026-01-31 21:53:35
W0000123,W0000320,1,3291153,2026-01-27 10:53:06,2026-01-27 10:53:06
W0000123,W0000332,1,10974799,2026-06-15 13:21:26,2026-06-15 13:21:26
W0000123,W0000354,1,7287800,2026-02-12 08:26:28,2026-02-12 08:26:28
W0000123,W0000395,1,54331525,2026-03-06 08:58:20,2026-03-06 08:58:20
W0000123,W0000416,1,13397080,2026-06-25 12:49:32,2026-06-25 12:49:32
W0000123,W0000431,1,18624975,2026-04-03 21:12:43,2026-04-03 21:12:43
W0000124,W0000043,1,2244018,2026-04-15 09:14:28,2026-04-15 09:14:28
W0000124,W0000070,1,13136623,2026-06-21 08:37:04,2026-06-21 08:37:04
W0000124,W0000115,1,10244783,2026-04-05 14:10:05,2026-04-05 14:10:05
W0000124,W0000121,1,4086760,2026-06-01 00:17:18,2026-06-01 00:17:18
W0000124,W0000132,1,3491455,2026-06-03 02:06:06,2026-06-03 02:06:06
W0000124,W0000228,1,4998455,2026-04-22 05:15:34,2026-04-22 05:15:34
W0000124,W0000254,1,18517629,2026-04-20 05:08:18,2026-04-20 05:08:18
W0000124,W0000271,1,6708123,2026-03-10 19:48:54,2026-03-10 19:48:54
W0000124,W0000279,1,8834253,2026-02-22 22:46:46,2026-02-22 22:46:46
W0000124,W0000388,1,25984402,2026-04-20 10:24:16,2026-04-20 10:24:16
W0000124,W0000430,1,5234606,2026-04-14 15:45:36,2026-04-14 15:45:36
W0000124,W0000437,1,4227634,2026-05-15 00:34:48,2026-05-15 00:34:48
W0000124,W0000472,1,14321367,2026-02-03 05:08:51,2026-02-03 05:08:51
W0000124,W0000483,1,6679285,2026-03-10 14:04:21,2026-03-10 14:04:21
W0000124,W0000487,1,24578929,2026-02-06 04:23:04,2026-02-06 04:23:04
W0000124,W0000500,1,2774429,2026-05-23 07:30:22,2026-05-23 07:30:22
W0000125,W0000003,1,4494887,2026-02-06 05:10:20,2026-02-06 05:10:20
W0000125,W0000004,1,4687748,2026-06-28 21:50:02,2026-06-28 21:50:02
W0000125,W0000029,1,9729776,2026-05-02 15:44:15,2026-05-02 15:44:15
W0000125,W0000035,1,42547988,2026-05-08 21:14:53,2026-05-08 21:14:53
W0000125,W0000050,1,106007513,2026-05-15 16:57:04,2026-05-15 16:57:04
W0000125,W0000064,1,4687748,2026-06-28 21:50:02,2026-06-28 21:50:02
W0000125,W0000123,1,113531651,2026-05-31 14:09:23,2026-05-31 14:09:23
W0000125,W0000157,1,14723688,2026-04-15 04:12:11,2026-04-15 04:12:11
W0000125,W0000161,2,16695943,2026-05-02 15:44:15,2026-06-13 07:23:07
W0000125,W0000163,1,17805790,2026-06-05 17:46:58,2026-06-05 17:46:58
W0000125,W0000180,1,14723688,2026-04-15 04:12:11,2026-04-15 04:12:11
W0000125,W0000202,1,5349399,2026-03-06 19:51:14,2026-03-06 19:51:14
W0000125,W0000205,1,113531651,2026-05-31 14:09:23,2026-05-31 14:09:23
W0000125,W0000238,1,17805790,2026-06-05 17:46:58,2026-06-05 17:46:58
W0000125,W0000264,1,29750867,2026-04-28 03:12:48,2026-04-28 03:12:48
W0000125,W0000269,1,33949177,2026-01-31 08:28:31,2026-01-31 08:28:31
W0000125,W0000343,2,60353778,2026-05-08 21:14:53,2026-06-05 17:46:58
W0000125,W0000347,1,45751145,2026-01-20 03:18:22,2026-01-20 03:18:22
W0000125,W0000362,1,27867155,2026-03-08 17:04:34,2026-03-08 17:04:34
W0000125,W0000366,1,4687748,2026-06-28 21:50:02,2026-06-28 21:50:02
W0000125,W0000367,1,42547988,2026-05-08 21:14:53,2026-05-08 21:14:53
W0000125,W0000389,1,9729776,2026-05-02 15:44:15,2026-05-02 15:44:15
W0000125,W0000428,1,5349399,2026-03-06 19:51:14,2026-03-06 19:51:14
W0000125,W0000432,1,4494887,2026-02-06 05:10:20,2026-02-06 05:10:20
W0000125,W0000433,1,27867155,2026-03-08 17:04:34,2026-03-08 17:04:34
W0000125,W0000470,1,113531651,2026-05-31 14:09:23,2026-05-31 14:09:23
W0000126,W0000011,1,5243861,2026-06-30 19:09:23,2026-06-30 19:09:23
W0000126,W0000012,1,540579,2026-02-20 20:01:23,2026-02-20 20:01:23
W0000126,W0000031,1,25917413,2026-03-02 07:03:19,2026-03-02 07:03:19
W0000126,W0000069,1,3669491,2026-04-18 07:38:59,2026-04-18 07:38:59
W0000126,W0000071,1,21563036,2026-02-18 02:55:06,2026-02-18 02:55:06
W0000126,W0000100,1,7978241,2026-05-15 14:30:03,2026-05-15 14:30:03
W0000126,W0000116,1,4250619,2026-01-31 00:27:40,2026-01-31 00:27:40
W0000126,W0000123,1,4572713,2026-04-11 02:02:23,2026-04-11 02:02:23
W0000126,W0000124,1,2141482,2026-01-12 17:16:06,2026-01-12 17:16:06
W0000126,W0000192,1,47075794,2026-03-19 22:49:18,2026-03-19 22:49:18
W0000126,W0000252,1,2732959,2026-05-20 08:00:00,2026-05-20 08:00:00
W0000126,W0000253,1,6084576,2026-01-16 11:49:53,2026-01-16 11:49:53
W0000126,W0000256,1,4676407,2026-03-14 09:05:00,2026-03-14 09:05:00
W0000126,W0000290,1,5687269,2026-04-16 00:33:49,2026-04-16 00:33:49
W0000126,W0000321,1,82930285,2026-02-25 22:55:11,2026-02-25 22:55:11
W0000126,W0000332,1,6878078,2026-01-20 11:07:24,2026-01-20 11:07:24
W0000126,W0000339,1,59330923,2026-05-27 06:32:50,2026-05-27 06:32:50
W0000126,W0000404,1,50269985,2026-02-19 18:34:44,2026-02-19 18:34:44
W0000126,W0000425,1,34142595,2026-05-14 02:21:14,2026-05-14 02:21:14
W0000126,W0000426,1,3408000,2026-05-12 12:47:43,2026-05-12 12:47:43
W0000126,W0000492,1,14979933,2026-05-08 03:05:44,2026-05-08 03:05:44
W0000127,W0000023,1,3702855,2026-03-30 00:31:02,2026-03-30 00:31:02
W0000127,W0000052,1,8695357,2026-06-19 15:14:08,2026-06-19 15:14:08
W0000127,W0000060,1,10824949,2026-01-26 07:50:40,2026-01-26 07:50:40
W0000127,W0000064,1,10197402,2026-05-13 19:34:27,2026-05-13 19:34:27
W0000127,W0000081,1,19870840,2026-06-08 13:31:45,2026-06-08 13:31:45
W0000127,W0000087,1,1356009,2026-06-28 06:57:01,2026-06-28 06:57:01
W0000127,W0000112,1,24643753,2026-01-15 04:13:04,2026-01-15 04:13:04
W0000127,W0000139,1,78548170,2026-02-22 03:51:34,2026-02-22 03:51:34
W0000127,W0000166,1,19770185,2026-06-27 13:23:07,2026-06-27 13:23:07
W0000127,W0000182,1,35525366,2026-04-22 05:21:52,2026-04-22 05:21:52
W0000127,W0000186,1,8020761,2026-03-05 22:20:49,2026-03-05 22:20:49
W0000127,W0000231,1,3190242,2026-03-10 03:45:24,2026-03-10 03:45:24
W0000127,W0000233,1,10157888,2026-04-16 23:53:55,2026-04-16 23:53:55
W0000127,W0000299,1,6364817,2026-01-29 17:13:54,2026-01-29 17:13:54
W0000127,W0000335,1,14019305,2026-03-01 03:35:55,2026-03-01 03:35:55
W0000127,W0000348,1,25246758,2026-06-21 02:40:13,2026-06-21 02:40:13
W0000127,W0000391,1,8951696,2026-03-18 17:51:36,2026-03-18 17:51:36
W0000127,W0000410,1,3656023,2026-05-14 22:13:49,2026-05-14 22:13:49
W0000127,W0000429,1,20072859,2026-03-22 20:57:51,2026-03-22 20:57:51
W0000127,W0000462,1,45763696,2026-03-04 13:51:16,2026-03-04 13:51:16
W0000127,W0000468,2,9004454,2026-04-06 08:01:58,2026-05-29 03:50:58
W0000127,W0000475,1,5692408,2026-05-24 15:36:20,2026-05-24 15:36:20
W0000128,W0000014,1,15469533,2026-04-07 21:42:48,2026-04-07 21:42:48
W0000128,W0000082,1,24831464,2026-02-12 05:54:31,2026-02-12 05:54:31
W0000128,W0000091,1,7730455,2026-05-01 10:26:41,2026-05-01 10:26:41
W0000128,W0000093,1,5607156,2026-01-24 06:27:54,2026-01-24 06:27:54
W0000128,W0000095,1,26723772,2026-02-28 11:15:56,2026-02-28 11:15:56
W0000128,W0000113,1,5773061,2026-06-30 22:01:03,2026-06-30 22:01:03
W0000128,W0000193,1,4166887,2026-04-25 02:16:23,2026-04-25 02:16:23
W0000128,W0000225,1,7486204,2026-05-01 03:29:28,2026-05-01 03:29:28
W0000128,W0000246,1,17435487,2026-06-19 21:27:04,2026-06-19 21:27:04
W0000128,W0000253,1,20450423,2026-05-04 07:13:14,2026-05-04 07:13:14
W0000128,W0000299,1,6177577,2026-05-01 02:37:44,2026-05-01 02:37:44
W0000128,W0000312,1,3953311,2026-01-12 12:26:11,2026-01-12 12:26:11
W0000128,W0000339,1,10980962,2026-01-18 17:58:34,2026-01-18 17:58:34
W0000128,W0000349,1,7030824,2026-03-01 23:07:51,2026-03-01 23:07:51
W0000128,W0000358,1,8468486,2026-04-29 01:46:47,2026-04-29 01:46:47
W0000128,W0000359,1,1469674,2026-04-06 21:17:08,2026-04-06 21:17:08
W0000128,W0000364,1,3293881,2026-06-02 07:50:16,2026-06-02 07:50:16
W0000128,W0000369,1,15203968,2026-05-27 01:38:50,2026-05-27 01:38:50
W0000128,W0000447,1,2673872,2026-01-08 09:09:42,2026-01-08 09:09:42
W0000128,W0000481,1,33455230,2026-06-08 15:58:01,2026-06-08 15:58:01
W0000128,W0000491,1,25576531,2026-02-17 12:22:01,2026-02-17 12:22:01
W0000128,W0000500,1,20684960,2026-02-01 09:56:20,2026-02-01 09:56:20
W0000129,W0000019,1,24101191,2026-06-28 08:30:14,2026-06-28 08:30:14
W0000129,W0000036,1,24437697,2026-04-15 19:03:50,2026-04-15 19:03:50
W0000129,W0000048,1,46679033,2026-01-01 16:31:26,2026-01-01 16:31:26
W0000129,W0000063,1,247106252,2026-03-16 17:17:17,2026-03-16 17:17:17
W0000129,W0000075,1,24437697,2026-04-15 19:03:50,2026-04-15 19:03:50
W0000129,W0000097,1,1897075,2026-02-26 04:56:13,2026-02-26 04:56:13
W0000129,W0000103,1,54740658,2026-04-19 18:06:20,2026-04-19 18:06:20
W0000129,W0000107,1,54740658,2026-04-19 18:06:20,2026-04-19 18:06:20
W0000129,W0000165,1,39200702,2026-04-12 21:10:54,2026-04-12 21:10:54
W0000129,W0000179,1,24437697,2026-04-15 19:03:50,2026-04-15 19:03:50
W0000129,W0000190,1,14585664,2026-02-18 11:02:07,2026-02-18 11:02:07
W0000129,W0000218,1,46679033,2026-01-01 16:31:26,2026-01-01 16:31:26
W0000129,W0000234,1,19736188,2026-06-20 18:30:27,2026-06-20 18:30:27
W0000129,W0000243,1,34199919,2026-01-03 11:39:21,2026-01-03 11:39:21
W0000129,W0000247,1,19736188,2026-06-20 18:30:27,2026-06-20 18:30:27
W0000129,W0000260,1,57443417,2026-05-14 13:31:00,2026-05-14 13:31:00
W0000129,W0000262,1,54740658,2026-04-19 18:06:20,2026-04-19 18:06:20
W0000129,W0000269,1,18128889,2026-03-14 03:27:30,2026-03-14 03:27:30
W0000129,W0000286,1,39200702,2026-04-12 21:10:54,2026-04-12 21:10:54
W0000129,W0000326,1,46679033,2026-01-01 16:31:26,2026-01-01 16:31:26
W0000129,W0000329,1,39200702,2026-04-12 21:10:54,2026-04-12 21:10:54
W0000129,W0000379,1,1897075,2026-02-26 04:56:13,2026-02-26 04:56:13
W0000129,W0000380,1,1897075,2026-02-26 04:56:13,2026-02-26 04:56:13
W0000129,W0000395,1,247106252,2026-03-16 17:17:17,2026-03-16 17:17:17
W0000129,W0000431,1,1867521,2026-05-01 02:52:45,2026-05-01 02:52:45
W0000129,W0000462,1,19736188,2026-06-20 18:30:27,2026-06-20 18:30:27
W0000129,W0000464,1,1867521,2026-05-01 02:52:45,2026-05-01 02:52:45
W0000129,W0000472,1,19736188,2026-06-20 18:30:27,2026-06-20 18:30:27
W0000129,W0000500,1,247106252,2026-03-16 17:17:17,2026-03-16 17:17:17
W0000130,W0000001,1,6869598,2026-05-10 20:40:41,2026-05-10 20:40:41
W0000130,W0000003,1,6593460,2026-03-18 03:35:59,2026-03-18 03:35:59
W0000130,W0000004,2,24914942,2026-05-23 05:14:45,2026-06-04 04:14:55
W0000130,W0000063,1,3021886,2026-02-05 00:03:29,2026-02-05 00:03:29
W0000130,W0000075,1,3021886,2026-02-05 00:03:29,2026-02-05 00:03:29
W0000130,W0000105,1,3952723,2026-05-06 23:08:57,2026-05-06 23:08:57
W0000130,W0000145,1,2352152,2026-06-03 20:36:19,2026-06-03 20:36:19
W0000130,W0000167,1,2453527,2026-05-08 09:07:33,2026-05-08 09:07:33
W0000130,W0000189,1,3073284,2026-03-20 23:11:58,2026-03-20 23:11:58
W0000130,W0000215,1,17727868,2026-01-21 10:59:26,2026-01-21 10:59:26
W0000130,W0000222,1,17727868,2026-01-21 10:59:26,2026-01-21 10:59:26
W0000130,W0000225,1,9633248,2026-06-23 14:33:36,2026-06-23 14:33:36
W0000130,W0000239,1,16828598,2026-03-19 04:26:09,2026-03-19 04:26:09
W0000130,W0000292,1,3185707,2026-03-20 22:36:27,2026-03-20 22:36:27
W0000130,W0000303,1,5740076,2026-06-11 00:03:08,2026-06-11 00:03:08
W0000130,W0000319,1,7371261,2026-05-09 05:25:26,2026-05-09 05:25:26
W0000130,W0000323,1,8417266,2026-03-20 05:57:33,2026-03-20 05:57:33
W0000130,W0000339,1,16828598,2026-03-19 04:26:09,2026-03-19 04:26:09
W0000130,W0000377,1,23868908,2026-05-11 03:57:09,2026-05-11 03:57:09
W0000130,W0000398,1,2352152,2026-06-03 20:36:19,2026-06-03 20:36:19
W0000130,W0000406,1,5203331,2026-03-29 04:48:09,2026-03-29 04:48:09
W0000130,W0000411,1,1320629,2026-01-11 13:28:04,2026-01-11 13:28:04
W0000130,W0000429,1,18813003,2026-05-23 05:14:45,2026-05-23 05:14:45
W0000130,W0000432,1,3422834,2026-01-11 22:28:55,2026-01-11 22:28:55
W0000130,W0000485,1,29779832,2026-01-12 12:35:40,2026-01-12 12:35:40
W0000130,W0000499,1,8536998,2026-02-23 22:49:34,2026-02-23 22:49:34
W0000131,W0000007,1,19546898,2026-04-26 06:33:27,2026-04-26 06:33:27
W0000131,W0000016,1,7396912,2026-06-30 12:04:04,2026-06-30 12:04:04
W0000131,W0000017,1,340109,2026-06-03 22:50:15,2026-06-03 22:50:15
W0000131,W0000018,1,44477637,2026-01-12 20:34:28,2026-01-12 20:34:28
W0000131,W0000044,1,24686352,2026-04-04 02:33:31,2026-04-04 02:33:31
W0000131,W0000049,1,8022708,2026-01-01 10:33:46,2026-01-01 10:33:46
W0000131,W0000051,1,21389175,2026-05-11 00:06:07,2026-05-11 00:06:07
W0000131,W0000062,1,17957647,2026-01-02 14:57:17,2026-01-02 14:57:17
W0000131,W0000063,1,25762918,2026-04-29 11:05:12,2026-04-29 11:05:12
W0000131,W0000066,1,2985804,2026-03-05 17:57:15,2026-03-05 17:57:15
W0000131,W0000082,1,19546898,2026-04-26 06:33:27,2026-04-26 06:33:27
W0000131,W0000085,1,17957647,2026-01-02 14:57:17,2026-01-02 14:57:17
W0000131,W0000121,1,3495676,2026-02-28 23:31:14,2026-02-28 23:31:14
W0000131,W0000140,1,8022708,2026-01-01 10:33:46,2026-01-01 10:33:46
W0000131,W0000144,1,17957647,2026-01-02 14:57:17,2026-01-02 14:57:17
W0000131,W0000175,1,4185657,2026-01-05 14:09:44,2026-01-05 14:09:44
W0000131,W0000185,1,5649160,2026-06-25 02:37:02,2026-06-25 02:37:02
W0000131,W0000188,1,17599002,2026-01-28 01:05:32,2026-01-28 01:05:32
W0000131,W0000194,1,4185657,2026-01-05 14:09:44,2026-01-05 14:09:44
W0000131,W0000199,1,340109,2026-06-03 22:50:15,2026-06-03 22:50:15
W0000131,W0000204,1,26283785,2026-05-19 12:34:53,2026-05-19 12:34:53
W0000131,W0000232,1,23122384,2026-02-20 10:36:42,2026-02-20 10:36:42
W0000131,W0000237,1,4185657,2026-01-05 14:09:44,2026-01-05 14:09:44
W0000131,W0000256,1,5649160,2026-06-25 02:37:02,2026-06-25 02:37:02
W0000131,W0000295,1,4250413,2026-04-10 21:33:28,2026-04-10 21:33:28
W0000131,W0000304,1,16887122,2026-02-23 10:50:13,2026-02-23 10:50:13
W0000131,W0000326,1,16887122,2026-02-23 10:50:13,2026-02-23 10:50:13
W0000131,W0000343,1,7396912,2026-06-30 12:04:04,2026-06-30 12:04:04
W0000131,W0000350,1,44477637,2026-01-12 20:34:28,2026-01-12 20:34:28
W0000131,W0000358,1,33284517,2026-06-10 19:30:53,2026-06-10 19:30:53
W0000131,W0000360,1,6592543,2026-06-03 15:20:17,2026-06-03 15:20:17
W0000131,W0000370,1,30885196,2026-03-30 09:50:19,2026-03-30 09:50:19
W0000131,W0000383,1,23122384,2026-02-20 10:36:42,2026-02-20 10:36:42
W0000131,W0000429,1,30885196,2026-03-30 09:50:19,2026-03-30 09:50:19
W0000131,W0000435,1,8022708,2026-01-01 10:33:46,2026-01-01 10:33:46
W0000131,W0000437,1,3495676,2026-02-28 23:31:14,2026-02-28 23:31:14
W0000131,W0000441,1,44477637,2026-01-12 20:34:28,2026-01-12 20:34:28
W0000131,W0000462,1,2985804,2026-03-05 17:57:15,2026-03-05 17:57:15
W0000131,W0000470,1,17613375,2026-05-19 11:05:25,2026-05-19 11:05:25
W0000131,W0000479,1,6592543,2026-06-03 15:20:17,2026-06-03 15:20:17
W0000131,W0000482,1,25762918,2026-04-29 11:05:12,2026-04-29 11:05:12
W0000132,W0000026,1,6318529,2026-01-08 06:20:37,2026-01-08 06:20:37
W0000132,W0000037,1,12214538,2026-05-05 14:22:06,2026-05-05 14:22:06
W0000132,W0000080,1,531933,2026-05-19 17:25:47,2026-05-19 17:25:47
W0000132,W0000084,1,6115560,2026-01-15 02:04:22,2026-01-15 02:04:22
W0000132,W0000114,1,15567502,2026-03-16 00:45:08,2026-03-16 00:45:08
W0000132,W0000139,1,16420586,2026-01-15 03:58:04,2026-01-15 03:58:04
W0000132,W0000167,1,29343344,2026-03-08 01:01:28,2026-03-08 01:01:28
W0000132,W0000176,1,6382921,2026-03-26 08:55:18,2026-03-26 08:55:18
W0000132,W0000181,1,20768904,2026-06-25 15:20:31,2026-06-25 15:20:31
W0000132,W0000223,1,5619335,2026-04-04 09:44:56,2026-04-04 09:44:56
W0000132,W0000293,1,24688757,2026-06-06 17:54:12,2026-06-06 17:54:12
W0000132,W0000303,1,4348201,2026-01-04 16:58:52,2026-01-04 16:58:52
W0000132,W0000334,1,11639135,2026-01-21 00:52:42,2026-01-21 00:52:42
W0000132,W0000376,1,9358546,2026-04-21 23:21:44,2026-04-21 23:21:44
W0000132,W0000381,1,1339916,2026-06-17 00:06:59,2026-06-17 00:06:59
W0000132,W0000398,1,29077155,2026-02-15 20:14:22,2026-02-15 20:14:22
W0000132,W0000435,1,13024376,2026-06-26 23:14:53,2026-06-26 23:14:53
W0000132,W0000459,1,18274855,2026-01-29 17:28:52,2026-01-29 17:28:52
W0000133,W0000035,2,187861242,2026-04-27 19:42:21,2026-06-12 07:53:23
W0000133,W0000089,1,41367439,2026-04-16 03:19:40,2026-04-16 03:19:40
W0000133,W0000144,1,5807556,2026-05-23 09:24:53,2026-05-23 09:24:53
W0000133,W0000153,1,116511859,2026-01-19 23:10:12,2026-01-19 23:10:12
W0000133,W0000176,1,30227549,2026-03-11 13:08:03,2026-03-11 13:08:03
W0000133,W0000184,1,11791761,2026-03-07 18:32:32,2026-03-07 18:32:32
W0000133,W0000223,1,3309044,2026-05-15 13:04:27,2026-05-15 13:04:27
W0000133,W0000237,1,6804154,2026-06-27 11:34:38,2026-06-27 11:34:38
W0000133,W0000244,1,7380035,2026-05-01 18:29:40,2026-05-01 18:29:40
W0000133,W0000339,1,8584707,2026-06-05 15:00:55,2026-06-05 15:00:55
W0000133,W0000350,1,22870645,2026-01-02 09:37:50,2026-01-02 09:37:50
W0000133,W0000439,1,6702010,2026-01-09 20:34:43,2026-01-09 20:34:43
W0000133,W0000450,1,1597917,2026-01-26 09:36:02,2026-01-26 09:36:02
W0000134,W0000002,1,2410366,2026-05-16 17:55:28,2026-05-16 17:55:28
W0000134,W0000060,1,14554388,2026-05-03 13:12:10,2026-05-03 13:12:10
W0000134,W0000071,1,14975998,2026-03-17 19:07:32,2026-03-17 19:07:32
W0000134,W0000076,1,12654496,2026-04-28 08:11:16,2026-04-28 08:11:16
W0000134,W0000121,1,14086779,2026-06-05 05:20:36,2026-06-05 05:20:36
W0000134,W0000192,1,5184293,2026-05-30 11:17:37,2026-05-30 11:17:37
W0000134,W0000200,1,11492187,2026-02-21 03:46:29,2026-02-21 03:46:29
W0000134,W0000212,1,66826458,2026-04-04 17:45:34,2026-04-04 17:45:34
W0000134,W0000214,1,54250359,2026-06-30 13:51:40,2026-06-30 13:51:40
W0000134,W0000241,1,52571494,2026-05-19 20:15:51,2026-05-19 20:15:51
W0000134,W0000266,1,10513539,2026-05-20 06:43:08,2026-05-20 06:43:08
W0000134,W0000322,1,7034310,2026-04-08 11:21:04,2026-04-08 11:21:04
W0000134,W0000338,1,3454739,2026-03-28 03:08:23,2026-03-28 03:08:23
W0000134,W0000348,1,19136642,2026-06-13 19:50:55,2026-06-13 19:50:55
W0000134,W0000350,1,5079667,2026-01-30 22:53:07,2026-01-30 22:53:07
W0000134,W0000354,1,19409268,2026-06-02 21:25:42,2026-06-02 21:25:42
W0000134,W0000356,1,9413871,2026-05-10 16:06:31,2026-05-10 16:06:31
W0000134,W0000365,1,310990,2026-06-10 07:13:54,2026-06-10 07:13:54
W0000134,W0000376,1,37453096,2026-04-16 12:41:05,2026-04-16 12:41:05
W0000134,W0000392,1,2164591,2026-06-26 08:02:15,2026-06-26 08:02:15
W0000134,W0000420,1,33536443,2026-01-05 05:50:12,2026-01-05 05:50:12
W0000134,W0000460,1,7973173,2026-05-08 22:11:27,2026-05-08 22:11:27
W0000134,W0000463,1,7520049,2026-02-14 10:31:39,2026-02-14 10:31:39
W0000134,W0000464,1,12966620,2026-03-30 13:25:47,2026-03-30 13:25:47
W0000135,W0000065,1,12258373,2026-04-13 20:53:47,2026-04-13 20:53:47
W0000135,W0000075,1,5462855,2026-03-16 22:08:21,2026-03-16 22:08:21
W0000135,W0000087,1,1111861,2026-04-27 14:01:58,2026-04-27 14:01:58
W0000135,W0000095,1,14945289,2026-02-20 13:05:09,2026-02-20 13:05:09
W0000135,W0000103,1,10910701,2026-01-15 20:03:55,2026-01-15 20:03:55
W0000135,W0000154,1,24175531,2026-01-06 02:41:13,2026-01-06 02:41:13
W0000135,W0000184,1,1402157,2026-01-19 14:52:17,2026-01-19 14:52:17
W0000135,W0000246,1,42084011,2026-04-09 19:45:33,2026-04-09 19:45:33
W0000135,W0000298,1,3374590,2026-01-22 16:56:59,2026-01-22 16:56:59
W0000135,W0000355,1,5836007,2026-01-17 13:55:11,2026-01-17 13:55:11
W0000135,W0000381,1,14607044,2026-01-23 22:20:20,2026-01-23 22:20:20
W0000135,W0000383,1,28461221,2026-03-19 15:36:16,2026-03-19 15:36:16
W0000135,W0000405,1,9476625,2026-03-30 05:44:14,2026-03-30 05:44:14
W0000135,W0000420,1,10867166,2026-06-18 00:32:45,2026-06-18 00:32:45
W0000135,W0000485,1,3100062,2026-04-13 07:19:23,2026-04-13 07:19:23
W0000135,W0000488,1,7169763,2026-03-04 23:42:12,2026-03-04 23:42:12
W0000135,W0000500,1,4037364,2026-05-17 14:15:10,2026-05-17 14:15:10
W0000136,W0000004,1,9218658,2026-01-20 11:15:10,2026-01-20 11:15:10
W0000136,W0000030,1,8269237,2026-06-06 17:46:28,2026-06-06 17:46:28
W0000136,W0000052,1,15384662,2026-06-19 17:47:23,2026-06-19 17:47:23
W0000136,W0000065,1,15074109,2026-02-04 19:33:25,2026-02-04 19:33:25
W0000136,W0000121,1,204663218,2026-04-04 21:38:34,2026-04-04 21:38:34
W0000136,W0000126,1,2532784,2026-02-24 19:40:04,2026-02-24 19:40:04
W0000136,W0000215,1,9205838,2026-03-08 09:56:26,2026-03-08 09:56:26
W0000136,W0000222,1,36785505,2026-05-09 05:19:29,2026-05-09 05:19:29
W0000136,W0000251,1,42859081,2026-01-02 20:24:50,2026-01-02 20:24:50
W0000136,W0000293,1,7914945,2026-03-03 00:27:18,2026-03-03 00:27:18
W0000136,W0000301,1,1111890,2026-01-02 02:18:29,2026-01-02 02:18:29
W0000136,W0000345,1,18651341,2026-03-30 18:49:15,2026-03-30 18:49:15
W0000136,W0000350,1,9188857,2026-05-07 16:55:57,2026-05-07 16:55:57
W0000136,W0000387,1,10117079,2026-05-05 00:47:45,2026-05-05 00:47:45
W0000136,W0000409,1,7642122,2026-03-29 07:13:56,2026-03-29 07:13:56
W0000136,W0000423,1,1333475,2026-01-24 05:50:48,2026-01-24 05:50:48
W0000136,W0000460,1,10088337,2026-04-21 01:22:50,2026-04-21 01:22:50
W0000137,W0000041,1,18452486,2026-06-16 23:48:53,2026-06-16 23:48:53
W0000137,W0000045,1,1208164,2026-05-01 12:21:56,2026-05-01 12:21:56
W0000137,W0000063,1,13170707,2026-02-25 12:27:41,2026-02-25 12:27:41
W0000137,W0000068,1,8218923,2026-05-01 08:49:37,2026-05-01 08:49:37
W0000137,W0000069,1,43047239,2026-02-05 01:27:13,2026-02-05 01:27:13
W0000137,W0000073,1,20672300,2026-02-26 08:29:09,2026-02-26 08:29:09
W0000137,W0000094,1,41193156,2026-06-14 12:24:18,2026-06-14 12:24:18
W0000137,W0000106,1,11030597,2026-05-28 16:25:02,2026-05-28 16:25:02
W0000137,W0000116,1,26849521,2026-05-23 01:01:26,2026-05-23 01:01:26
W0000137,W0000118,1,13106763,2026-02-14 13:37:59,2026-02-14 13:37:59
W0000137,W0000135,1,1364012,2026-03-26 10:00:58,2026-03-26 10:00:58
W0000137,W0000160,1,1765250,2026-04-01 17:09:06,2026-04-01 17:09:06
W0000137,W0000175,1,22623293,2026-01-17 19:51:03,2026-01-17 19:51:03
W0000137,W0000181,1,4239434,2026-01-20 21:06:11,2026-01-20 21:06:11
W0000137,W0000192,1,2969460,2026-06-11 03:03:23,2026-06-11 03:03:23
W0000137,W0000252,1,4075410,2026-03-31 21:51:51,2026-03-31 21:51:51
W0000137,W0000265,1,3099493,2026-05-12 21:45:51,2026-05-12 21:45:51
W0000137,W0000297,1,10397949,2026-02-04 01:33:20,2026-02-04 01:33:20
W0000137,W0000315,1,7017932,2026-02-15 02:02:56,2026-02-15 02:02:56
W0000137,W0000407,1,1680329,2026-01-11 20:33:11,2026-01-11 20:33:11
W0000137,W0000424,1,22391879,2026-06-02 22:27:32,2026-06-02 22:27:32
W0000137,W0000427,1,29136834,2026-03-04 14:07:04,2026-03-04 14:07:04
W0000137,W0000435,1,12076755,2026-03-31 12:01:10,2026-03-31 12:01:10
W0000137,W0000490,1,15228300,2026-02-02 16:19:46,2026-02-02 16:19:46
W0000138,W0000028,1,9820669,2026-03-27 00:37:35,2026-03-27 00:37:35
W0000138,W0000034,1,72661432,2026-05-14 21:08:57,2026-05-14 21:08:57
W0000138,W0000041,1,14493770,2026-02-04 14:45:50,2026-02-04 14:45:50
W0000138,W0000045,1,14773875,2026-06-07 07:35:23,2026-06-07 07:35:23
W0000138,W0000046,1,15967432,2026-05-13 16:08:38,2026-05-13 16:08:38
W0000138,W0000072,1,7036400,2026-02-15 21:50:25,2026-02-15 21:50:25
W0000138,W0000085,1,1380802,2026-01-02 14:10:14,2026-01-02 14:10:14
W0000138,W0000096,1,6405960,2026-05-23 12:33:09,2026-05-23 12:33:09
W0000138,W0000103,1,592504,2026-03-09 16:22:35,2026-03-09 16:22:35
W0000138,W0000109,1,51934349,2026-02-19 13:41:49,2026-02-19 13:41:49
W0000138,W0000135,1,23436750,2026-06-16 06:21:22,2026-06-16 06:21:22
W0000138,W0000167,1,7590060,2026-04-05 17:17:34,2026-04-05 17:17:34
W0000138,W0000170,1,15650417,2026-02-06 01:19:26,2026-02-06 01:19:26
W0000138,W0000173,1,22014358,2026-03-19 09:42:32,2026-03-19 09:42:32
W0000138,W0000208,1,4249645,2026-02-15 04:24:32,2026-02-15 04:24:32
W0000138,W0000248,1,9604367,2026-03-09 02:27:12,2026-03-09 02:27:12
W0000138,W0000305,1,15285376,2026-04-08 19:33:57,2026-04-08 19:33:57
W0000138,W0000334,1,8101506,2026-01-10 13:26:27,2026-01-10 13:26:27
W0000138,W0000404,1,3303603,2026-05-24 23:13:04,2026-05-24 23:13:04
W0000138,W0000415,1,49586610,2026-03-18 05:28:41,2026-03-18 05:28:41
W0000138,W0000471,1,1542634,2026-05-26 08:30:25,2026-05-26 08:30:25
W0000139,W0000048,1,1003986,2026-05-08 17:38:50,2026-05-08 17:38:50
W0000139,W0000074,1,14122882,2026-03-23 02:27:12,2026-03-23 02:27:12
W0000139,W0000112,1,31500281,2026-03-26 10:05:03,2026-03-26 10:05:03
W0000139,W0000118,1,20132514,2026-02-16 06:33:20,2026-02-16 06:33:20
W0000139,W0000130,1,4018549,2026-02-23 19:54:46,2026-02-23 19:54:46
W0000139,W0000159,1,8668291,2026-05-25 13:12:21,2026-05-25 13:12:21
W0000139,W0000200,2,20697999,2026-01-13 11:45:41,2026-05-01 05:40:05
W0000139,W0000231,1,7126870,2026-02-10 20:09:36,2026-02-10 20:09:36
W0000139,W0000237,1,6091092,2026-01-29 09:59:36,2026-01-29 09:59:36
W0000139,W0000263,1,24687233,2026-05-10 05:00:21,2026-05-10 05:00:21
W0000139,W0000265,1,8435699,2026-06-26 10:13:30,2026-06-26 10:13:30
W0000139,W0000275,2,30680284,2026-03-20 07:08:33,2026-04-15 09:59:57
W0000139,W0000281,1,8422268,2026-05-03 05:41:26,2026-05-03 05:41:26
W0000139,W0000282,1,23437310,2026-02-06 18:54:56,2026-02-06 18:54:56
W0000139,W0000319,1,24484739,2026-03-13 00:29:49,2026-03-13 00:29:49
W0000139,W0000346,1,35169863,2026-03-26 12:09:04,2026-03-26 12:09:04
W0000139,W0000362,1,9977864,2026-04-22 11:25:13,2026-04-22 11:25:13
W0000139,W0000396,1,12760867,2026-02-25 20:08:56,2026-02-25 20:08:56
W0000139,W0000401,2,6811279,2026-03-12 12:28:14,2026-04-17 23:05:33
W0000139,W0000461,1,4905164,2026-05-26 23:58:54,2026-05-26 23:58:54
W0000139,W0000475,1,12966263,2026-06-19 21:49:05,2026-06-19 21:49:05
W0000139,W0000480,1,19347507,2026-01-16 01:09:29,2026-01-16 01:09:29
W0000139,W0000482,1,14038521,2026-06-06 05:19:48,2026-06-06 05:19:48
W0000140,W0000018,1,4981167,2026-01-16 18:54:11,2026-01-16 18:54:11
W0000140,W0000100,1,30242540,2026-01-02 11:55:33,2026-01-02 11:55:33
W0000140,W0000105,1,8476842,2026-01-18 01:11:43,2026-01-18 01:11:43
W0000140,W0000141,1,17279500,2026-01-29 04:20:04,2026-01-29 04:20:04
W0000140,W0000142,1,3563427,2026-05-01 23:08:02,2026-05-01 23:08:02
W0000140,W0000201,1,5988811,2026-02-10 13:53:27,2026-02-10 13:53:27
W0000140,W0000211,1,21339394,2026-02-17 02:15:27,2026-02-17 02:15:27
W0000140,W0000254,1,7959020,2026-04-27 03:03:10,2026-04-27 03:03:10
W0000140,W0000276,1,1608214,2026-02-27 12:42:12,2026-02-27 12:42:12
W0000140,W0000289,1,3678776,2026-02-14 05:53:44,2026-02-14 05:53:44
W0000140,W0000381,1,9888998,2026-06-13 04:17:53,2026-06-13 04:17:53
W0000140,W0000414,1,6082537,2026-06-14 13:23:58,2026-06-14 13:23:58
W0000140,W0000440,1,25420834,2026-01-07 16:20:41,2026-01-07 16:20:41
W0000141,W0000032,1,6252471,2026-02-24 23:15:35,2026-02-24 23:15:35
W0000141,W0000040,1,32619797,2026-01-13 07:50:35,2026-01-13 07:50:35
W0000141,W0000061,1,2824200,2026-01-24 18:49:35,2026-01-24 18:49:35
W0000141,W0000069,1,10322445,2026-06-20 14:30:50,2026-06-20 14:30:50
W0000141,W0000073,1,8617971,2026-02-14 05:07:56,2026-02-14 05:07:56
W0000141,W0000078,1,6474322,2026-04-09 18:41:41,2026-04-09 18:41:41
W0000141,W0000144,1,25984392,2026-04-15 16:39:01,2026-04-15 16:39:01
W0000141,W0000153,1,6976021,2026-01-02 22:10:14,2026-01-02 22:10:14
W0000141,W0000154,1,11595632,2026-03-29 15:46:26,2026-03-29 15:46:26
W0000141,W0000177,1,3225059,2026-03-29 22:24:50,2026-03-29 22:24:50
W0000141,W0000218,1,20746842,2026-04-18 13:18:59,2026-04-18 13:18:59
W0000141,W0000236,1,2464400,2026-02-17 09:35:30,2026-02-17 09:35:30
W0000141,W0000315,1,16670039,2026-02-11 01:22:35,2026-02-11 01:22:35
W0000141,W0000317,1,15022530,2026-02-17 15:14:33,2026-02-17 15:14:33
W0000141,W0000340,1,20882368,2026-03-25 00:07:55,2026-03-25 00:07:55
W0000141,W0000349,1,3058634,2026-05-12 14:28:17,2026-05-12 14:28:17
W0000141,W0000365,1,3835115,2026-01-22 11:29:03,2026-01-22 11:29:03
W0000141,W0000379,1,18719863,2026-06-01 02:16:47,2026-06-01 02:16:47
W0000141,W0000390,1,13678857,2026-05-07 05:52:38,2026-05-07 05:52:38
W0000141,W0000393,1,26721945,2026-02-24 10:08:13,2026-02-24 10:08:13
W0000141,W0000420,1,6152578,2026-06-24 19:51:49,2026-06-24 19:51:49
W0000141,W0000444,1,13168713,2026-05-25 14:24:29,2026-05-25 14:24:29
W0000141,W0000450,1,30480435,2026-01-13 07:25:22,2026-01-13 07:25:22
W0000142,W0000076,1,52609089,2026-06-19 21:45:48,2026-06-19 21:45:48
W0000142,W0000109,1,6413942,2026-05-11 11:08:08,2026-05-11 11:08:08
W0000142,W0000119,1,13826708,2026-06-10 08:18:42,2026-06-10 08:18:42
W0000142,W0000128,1,14032741,2026-06-22 21:11:07,2026-06-22 21:11:07
W0000142,W0000132,1,743962,2026-01-29 08:10:11,2026-01-29 08:10:11
W0000142,W0000146,1,2077149,2026-04-01 00:15:50,2026-04-01 00:15:50
W0000142,W0000152,1,1278552,2026-03-21 22:12:02,2026-03-21 22:12:02
W0000142,W0000188,1,3679074,2026-01-12 11:03:32,2026-01-12 11:03:32
W0000142,W0000192,1,15546565,2026-04-05 09:58:53,2026-04-05 09:58:53
W0000142,W0000205,1,11038839,2026-03-22 05:46:58,2026-03-22 05:46:58
W0000142,W0000233,1,3419702,2026-02-13 16:33:58,2026-02-13 16:33:58
W0000142,W0000276,1,5086723,2026-04-11 01:55:22,2026-04-11 01:55:22
W0000142,W0000281,1,4010975,2026-05-01 08:51:01,2026-05-01 08:51:01
W0000142,W0000296,1,13185575,2026-05-20 06:33:51,2026-05-20 06:33:51
W0000142,W0000311,1,1984054,2026-06-01 17:24:19,2026-06-01 17:24:19
W0000142,W0000319,1,3210663,2026-06-25 21:05:06,2026-06-25 21:05:06
W0000142,W0000329,1,20253761,2026-03-23 11:41:20,2026-03-23 11:41:20
W0000142,W0000373,1,61345303,2026-06-01 19:03:02,2026-06-01 19:03:02
W0000142,W0000391,1,1751640,2026-04-16 02:40:13,2026-04-16 02:40:13
W0000142,W0000408,1,5251897,2026-05-05 07:00:01,2026-05-05 07:00:01
W0000142,W0000425,1,5542367,2026-04-20 10:34:18,2026-04-20 10:34:18
W0000142,W0000429,1,7315848,2026-05-21 20:07:53,2026-05-21 20:07:53
W0000143,W0000084,1,38734462,2026-04-24 03:34:26,2026-04-24 03:34:26
W0000143,W0000139,1,4474523,2026-01-11 00:06:01,2026-01-11 00:06:01
W0000143,W0000146,1,26688418,2026-03-27 23:30:31,2026-03-27 23:30:31
W0000143,W0000174,1,8478441,2026-03-28 08:00:52,2026-03-28 08:00:52
W0000143,W0000218,1,7203418,2026-01-29 12:25:41,2026-01-29 12:25:41
W0000143,W0000262,1,5461301,2026-06-13 19:44:45,2026-06-13 19:44:45
W0000143,W0000284,1,9308459,2026-02-22 04:42:09,2026-02-22 04:42:09
W0000143,W0000361,1,13420038,2026-01-13 15:44:20,2026-01-13 15:44:20
W0000143,W0000415,1,3955052,2026-04-19 22:17:22,2026-04-19 22:17:22
W0000143,W0000418,1,3357496,2026-01-27 16:50:46,2026-01-27 16:50:46
W0000143,W0000455,1,1282222,2026-04-14 01:44:25,2026-04-14 01:44:25
W0000143,W0000460,1,16624486,2026-06-11 23:15:37,2026-06-11 23:15:37
W0000143,W0000485,1,2790185,2026-02-28 06:15:09,2026-02-28 06:15:09
W0000143,W0000491,1,24253474,2026-01-24 02:06:48,2026-01-24 02:06:48
W0000144,W0000041,1,10433502,2026-04-29 11:08:06,2026-04-29 11:08:06
W0000144,W0000047,1,3852766,2026-06-26 16:46:42,2026-06-26 16:46:42
W0000144,W0000052,1,14145853,2026-06-26 20:15:28,2026-06-26 20:15:28
W0000144,W0000089,1,6330476,2026-03-26 05:59:48,2026-03-26 05:59:48
W0000144,W0000113,1,11685025,2026-01-22 23:11:00,2026-01-22 23:11:00
W0000144,W0000142,1,8731342,2026-02-10 06:21:09,2026-02-10 06:21:09
W0000144,W0000161,1,2074719,2026-02-19 16:10:26,2026-02-19 16:10:26
W0000144,W0000193,1,11089692,2026-04-08 19:44:54,2026-04-08 19:44:54
W0000144,W0000217,1,13734486,2026-01-23 18:50:51,2026-01-23 18:50:51
W0000144,W0000230,1,11667318,2026-05-17 13:27:41,2026-05-17 13:27:41
W0000144,W0000255,1,13766156,2026-01-19 13:01:17,2026-01-19 13:01:17
W0000144,W0000286,1,17204882,2026-04-20 12:45:06,2026-04-20 12:45:06
W0000144,W0000303,1,21185622,2026-05-27 06:20:07,2026-05-27 06:20:07
W0000144,W0000306,1,14922055,2026-02-06 03:09:50,2026-02-06 03:09:50
W0000144,W0000318,1,7151890,2026-06-12 20:35:28,2026-06-12 20:35:28
W0000144,W0000334,1,6767593,2026-06-29 19:31:31,2026-06-29 19:31:31
W0000144,W0000391,1,9804580,2026-04-27 13:21:45,2026-04-27 13:21:45
W0000144,W0000400,1,17997143,2026-01-02 06:27:09,2026-01-02 06:27:09
W0000144,W0000437,1,2999808,2026-05-24 21:28:55,2026-05-24 21:28:55
W0000144,W0000499,1,29283089,2026-06-18 13:05:20,2026-06-18 13:05:20
W0000145,W0000034,1,52038396,2026-04-06 21:50:53,2026-04-06 21:50:53
W0000145,W0000041,1,4813185,2026-05-13 04:31:20,2026-05-13 04:31:20
W0000145,W0000084,1,12749102,2026-06-08 17:49:20,2026-06-08 17:49:20
W0000145,W0000108,1,4131206,2026-01-30 20:58:19,2026-01-30 20:58:19
W0000145,W0000146,1,24834815,2026-02-15 04:50:05,2026-02-15 04:50:05
W0000145,W0000171,1,24169022,2026-04-24 02:10:45,2026-04-24 02:10:45
W0000145,W0000241,1,7243132,2026-04-10 11:49:49,2026-04-10 11:49:49
W0000145,W0000271,1,13659106,2026-03-18 14:19:39,2026-03-18 14:19:39
W0000145,W0000301,2,28638475,2026-03-25 10:19:01,2026-06-15 19:45:51
W0000145,W0000314,1,19045184,2026-05-04 09:25:23,2026-05-04 09:25:23
W0000145,W0000396,1,18912642,2026-02-15 07:11:50,2026-02-15 07:11:50
W0000145,W0000410,1,12931069,2026-06-23 14:38:32,2026-06-23 14:38:32
W0000145,W0000416,1,12558871,2026-05-18 09:35:35,2026-05-18 09:35:35
W0000145,W0000419,1,10911932,2026-06-05 18:34:33,2026-06-05 18:34:33
W0000145,W0000420,1,16324945,2026-05-14 05:11:17,2026-05-14 05:11:17
W0000145,W0000453,1,14476168,2026-05-11 14:10:23,2026-05-11 14:10:23
W0000146,W0000099,1,2875738,2026-06-05 05:54:50,2026-06-05 05:54:50
W0000146,W0000107,1,3362952,2026-05-27 14:48:07,2026-05-27 14:48:07
W0000146,W0000119,1,16071106,2026-05-31 09:51:47,2026-05-31 09:51:47
W0000146,W0000145,1,10833082,2026-03-03 03:17:07,2026-03-03 03:17:07
W0000146,W0000161,1,32847886,2026-03-26 08:23:10,2026-03-26 08:23:10
W0000146,W0000188,1,21838058,2026-05-20 03:36:22,2026-05-20 03:36:22
W0000146,W0000194,1,4224297,2026-01-02 00:31:29,2026-01-02 00:31:29
W0000146,W0000207,1,13762085,2026-06-25 08:16:13,2026-06-25 08:16:13
W0000146,W0000213,1,24519396,2026-02-26 00:44:35,2026-02-26 00:44:35
W0000146,W0000221,1,2804341,2026-01-12 03:35:08,2026-01-12 03:35:08
W0000146,W0000224,1,41213313,2026-04-18 09:19:06,2026-04-18 09:19:06
W0000146,W0000238,1,325789,2026-02-20 11:36:17,2026-02-20 11:36:17
W0000146,W0000253,1,9336357,2026-02-21 03:27:22,2026-02-21 03:27:22
W0000146,W0000256,1,69173287,2026-06-05 15:25:07,2026-06-05 15:25:07
W0000146,W0000262,1,23102411,2026-02-21 23:31:12,2026-02-21 23:31:12
W0000146,W0000274,1,25316851,2026-03-22 04:16:17,2026-03-22 04:16:17
W0000146,W0000293,1,1415205,2026-03-08 10:12:29,2026-03-08 10:12:29
W0000146,W0000320,1,1350976,2026-04-16 05:01:16,2026-04-16 05:01:16
W0000146,W0000327,1,7841364,2026-06-08 16:19:26,2026-06-08 16:19:26
W0000146,W0000346,1,9219574,2026-05-31 10:34:13,2026-05-31 10:34:13
W0000146,W0000366,1,83474043,2026-01-27 16:26:44,2026-01-27 16:26:44
W0000146,W0000367,1,2122936,2026-04-23 11:39:09,2026-04-23 11:39:09
W0000146,W0000414,1,5334614,2026-04-18 21:58:00,2026-04-18 21:58:00
W0000146,W0000434,1,1241083,2026-03-06 02:42:35,2026-03-06 02:42:35
W0000146,W0000461,1,5463800,2026-03-21 02:57:28,2026-03-21 02:57:28
W0000146,W0000473,1,8281351,2026-02-21 23:44:04,2026-02-21 23:44:04
W0000146,W0000498,1,2522680,2026-04-29 14:03:03,2026-04-29 14:03:03
W0000147,W0000011,1,4520961,2026-05-03 04:01:49,2026-05-03 04:01:49
W0000147,W0000014,1,1992121,2026-03-07 03:21:52,2026-03-07 03:21:52
W0000147,W0000054,1,44485244,2026-04-07 22:40:38,2026-04-07 22:40:38
W0000147,W0000069,1,7863309,2026-03-19 11:58:48,2026-03-19 11:58:48
W0000147,W0000075,1,1862711,2026-05-15 02:24:18,2026-05-15 02:24:18
W0000147,W0000122,1,14716035,2026-05-29 17:08:53,2026-05-29 17:08:53
W0000147,W0000136,1,3280273,2026-05-22 08:14:00,2026-05-22 08:14:00
W0000147,W0000139,1,12498830,2026-03-20 22:49:00,2026-03-20 22:49:00
W0000147,W0000239,1,13747859,2026-02-25 17:12:38,2026-02-25 17:12:38
W0000147,W0000330,1,1046021,2026-03-09 15:26:01,2026-03-09 15:26:01
W0000147,W0000343,1,11919436,2026-02-18 06:10:47,2026-02-18 06:10:47
W0000147,W0000353,1,50684092,2026-02-26 12:17:54,2026-02-26 12:17:54
W0000147,W0000381,1,22426316,2026-06-08 00:45:31,2026-06-08 00:45:31
W0000147,W0000403,1,55951860,2026-05-08 09:18:28,2026-05-08 09:18:28
W0000147,W0000407,1,18574220,2026-04-28 14:16:56,2026-04-28 14:16:56
W0000147,W0000412,1,18979104,2026-05-10 06:37:22,2026-05-10 06:37:22
W0000147,W0000458,1,4633735,2026-06-21 12:48:01,2026-06-21 12:48:01
W0000147,W0000466,1,5415110,2026-05-07 15:55:56,2026-05-07 15:55:56
W0000147,W0000494,1,3253980,2026-01-29 07:39:11,2026-01-29 07:39:11
W0000148,W0000009,1,23712843,2026-01-17 15:08:40,2026-01-17 15:08:40
W0000148,W0000010,1,12689754,2026-02-22 16:29:45,2026-02-22 16:29:45
W0000148,W0000021,1,6468082,2026-04-06 20:52:06,2026-04-06 20:52:06
W0000148,W0000050,1,9895341,2026-01-30 18:54:27,2026-01-30 18:54:27
W0000148,W0000067,1,9326224,2026-02-17 19:14:38,2026-02-17 19:14:38
W0000148,W0000095,1,50069424,2026-03-06 18:29:56,2026-03-06 18:29:56
W0000148,W0000119,1,492761,2026-05-31 17:53:38,2026-05-31 17:53:38
W0000148,W0000129,1,38393154,2026-06-26 12:21:18,2026-06-26 12:21:18
W0000148,W0000178,1,6909943,2026-01-13 15:23:53,2026-01-13 15:23:53
W0000148,W0000180,1,21127702,2026-02-02 06:39:38,2026-02-02 06:39:38
W0000148,W0000206,1,5565502,2026-05-01 04:42:31,2026-05-01 04:42:31
W0000148,W0000229,1,624728,2026-04-30 09:49:20,2026-04-30 09:49:20
W0000148,W0000244,1,4379998,2026-06-10 20:11:00,2026-06-10 20:11:00
W0000148,W0000260,1,20205264,2026-04-17 18:31:11,2026-04-17 18:31:11
W0000148,W0000273,1,1990123,2026-04-06 13:02:26,2026-04-06 13:02:26
W0000148,W0000317,1,7366879,2026-01-25 04:54:19,2026-01-25 04:54:19
W0000148,W0000323,1,14825559,2026-01-08 01:41:42,2026-01-08 01:41:42
W0000148,W0000337,1,3633410,2026-06-06 23:27:04,2026-06-06 23:27:04
W0000148,W0000408,1,21725752,2026-03-17 12:08:47,2026-03-17 12:08:47
W0000149,W0000001,2,9007853,2026-01-03 01:31:54,2026-04-01 06:31:26
W0000149,W0000009,1,12770654,2026-03-01 02:05:29,2026-03-01 02:05:29
W0000149,W0000011,1,12719367,2026-02-20 16:31:29,2026-02-20 16:31:29
W0000149,W0000013,1,1859931,2026-03-30 13:26:33,2026-03-30 13:26:33
W0000149,W0000043,1,38911174,2026-02-18 02:35:09,2026-02-18 02:35:09
W0000149,W0000049,1,3970374,2026-02-14 11:44:25,2026-02-14 11:44:25
W0000149,W0000052,1,21328186,2026-04-06 17:22:45,2026-04-06 17:22:45
W0000149,W0000102,1,3607614,2026-03-21 22:39:24,2026-03-21 22:39:24
W0000149,W0000130,1,5762836,2026-01-12 21:29:06,2026-01-12 21:29:06
W0000149,W0000162,2,10456437,2026-02-15 14:55:05,2026-05-09 01:38:05
W0000149,W0000166,1,19828295,2026-03-27 14:20:02,2026-03-27 14:20:02
W0000149,W0000168,1,5313857,2026-04-26 05:57:44,2026-04-26 05:57:44
W0000149,W0000214,1,5976203,2026-04-17 06:52:50,2026-04-17 06:52:50
W0000149,W0000293,1,5467759,2026-01-15 04:06:19,2026-01-15 04:06:19
W0000149,W0000392,1,3238992,2026-01-27 15:20:00,2026-01-27 15:20:00
W0000149,W0000404,1,15215481,2026-03-08 10:37:48,2026-03-08 10:37:48
W0000149,W0000437,1,7809489,2026-05-18 18:48:24,2026-05-18 18:48:24
W0000149,W0000463,2,60815472,2026-03-14 12:32:38,2026-06-13 02:03:54
W0000149,W0000474,1,19934223,2026-03-25 21:13:18,2026-03-25 21:13:18
W0000150,W0000004,1,31869717,2026-02-21 16:56:21,2026-02-21 16:56:21
W0000150,W0000006,1,11282682,2026-05-24 10:04:47,2026-05-24 10:04:47
W0000150,W0000018,1,35674296,2026-03-02 23:10:30,2026-03-02 23:10:30
W0000150,W0000021,1,27278502,2026-05-03 04:36:08,2026-05-03 04:36:08
W0000150,W0000067,1,23729618,2026-04-17 01:51:15,2026-04-17 01:51:15
W0000150,W0000070,1,14189901,2026-02-10 22:06:18,2026-02-10 22:06:18
W0000150,W0000103,1,28713675,2026-01-28 16:19:54,2026-01-28 16:19:54
W0000150,W0000112,1,31869717,2026-02-21 16:56:21,2026-02-21 16:56:21
W0000150,W0000123,1,17093069,2026-01-01 10:36:51,2026-01-01 10:36:51
W0000150,W0000132,2,61496326,2026-01-14 20:58:08,2026-06-03 17:37:21
W0000150,W0000145,1,14189901,2026-02-10 22:06:18,2026-02-10 22:06:18
W0000150,W0000146,1,14189901,2026-02-10 22:06:18,2026-02-10 22:06:18
W0000150,W0000148,1,17093069,2026-01-01 10:36:51,2026-01-01 10:36:51
W0000150,W0000156,1,11282682,2026-05-24 10:04:47,2026-05-24 10:04:47
W0000150,W0000161,1,16087529,2026-03-23 02:35:29,2026-03-23 02:35:29
W0000150,W0000188,1,27278502,2026-05-03 04:36:08,2026-05-03 04:36:08
W0000150,W0000202,1,43853620,2026-04-04 09:25:53,2026-04-04 09:25:53
W0000150,W0000203,1,39921669,2026-01-14 20:58:08,2026-01-14 20:58:08
W0000150,W0000221,2,64462538,2026-02-03 09:30:13,2026-03-23 02:35:29
W0000150,W0000232,1,25211292,2026-02-26 00:36:05,2026-02-26 00:36:05
W0000150,W0000254,1,17093069,2026-01-01 10:36:51,2026-01-01 10:36:51
W0000150,W0000262,1,56269413,2026-04-05 01:06:21,2026-04-05 01:06:21
W0000150,W0000280,1,43781391,2026-03-21 01:53:41,2026-03-21 01:53:41
W0000150,W0000282,2,42304361,2026-01-01 10:36:51,2026-02-26 00:36:05
W0000150,W0000285,1,39921669,2026-01-14 20:58:08,2026-01-14 20:58:08
W0000150,W0000296,1,15901732,2026-03-15 00:32:41,2026-03-15 00:32:41
W0000150,W0000301,1,35674296,2026-03-02 23:10:30,2026-03-02 23:10:30
W0000150,W0000308,1,43853620,2026-04-04 09:25:53,2026-04-04 09:25:53
W0000150,W0000311,1,39921669,2026-01-14 20:58:08,2026-01-14 20:58:08
W0000150,W0000312,1,23729618,2026-04-17 01:51:15,2026-04-17 01:51:15
W0000150,W0000324,1,43853620,2026-04-04 09:25:53,2026-04-04 09:25:53
W0000150,W0000325,1,38159430,2026-01-08 22:58:13,2026-01-08 22:58:13
W0000150,W0000335,2,80244726,2026-02-03 09:30:13,2026-02-21 16:56:21
W0000150,W0000373,1,27278502,2026-05-03 04:36:08,2026-05-03 04:36:08
W0000150,W0000385,1,21980878,2026-05-23 18:50:03,2026-05-23 18:50:03
W0000150,W0000389,1,38159430,2026-01-08 22:58:13,2026-01-08 22:58:13
W0000150,W0000395,1,27278502,2026-05-03 04:36:08,2026-05-03 04:36:08
W0000150,W0000402,1,15901732,2026-03-15 00:32:41,2026-03-15 00:32:41
W0000150,W0000404,1,21574657,2026-06-03 17:37:21,2026-06-03 17:37:21
W0000150,W0000409,1,56269413,2026-04-05 01:06:21,2026-04-05 01:06:21
W0000150,W0000410,1,31869717,2026-02-21 16:56:21,2026-02-21 16:56:21
W0000150,W0000413,1,21980878,2026-05-23 18:50:03,2026-05-23 18:50:03
W0000150,W0000420,1,43781391,2026-03-21 01:53:41,2026-03-21 01:53:41
W0000150,W0000424,1,14189901,2026-02-10 22:06:18,2026-02-10 22:06:18
W0000150,W0000436,1,23729618,2026-04-17 01:51:15,2026-04-17 01:51:15
W0000150,W0000443,1,28713675,2026-01-28 16:19:54,2026-01-28 16:19:54
W0000150,W0000452,1,23729618,2026-04-17 01:51:15,2026-04-17 01:51:15
W0000150,W0000455,1,35674296,2026-03-02 23:10:30,2026-03-02 23:10:30
W0000150,W0000461,1,43781391,2026-03-21 01:53:41,2026-03-21 01:53:41
W0000150,W0000467,1,16087529,2026-03-23 02:35:29,2026-03-23 02:35:29
W0000150,W0000488,1,28713675,2026-01-28 16:19:54,2026-01-28 16:19:54
W0000150,W0000497,1,15901732,2026-03-15 00:32:41,2026-03-15 00:32:41
W0000151,W0000023,1,30304695,2026-01-30 03:20:43,2026-01-30 03:20:43
W0000151,W0000043,1,3080649,2026-04-02 20:15:15,2026-04-02 20:15:15
W0000151,W0000052,1,4585721,2026-05-20 16:07:57,2026-05-20 16:07:57
W0000151,W0000072,1,20090641,2026-05-25 11:13:41,2026-05-25 11:13:41
W0000151,W0000088,1,17514057,2026-02-07 04:47:23,2026-02-07 04:47:23
W0000151,W0000091,1,10660089,2026-02-06 11:18:27,2026-02-06 11:18:27
W0000151,W0000137,1,8798229,2026-05-28 00:49:50,2026-05-28 00:49:50
W0000151,W0000184,1,25208209,2026-01-17 12:15:27,2026-01-17 12:15:27
W0000151,W0000186,1,3997395,2026-03-23 19:37:29,2026-03-23 19:37:29
W0000151,W0000208,1,23819592,2026-04-19 17:05:03,2026-04-19 17:05:03
W0000151,W0000222,1,23819592,2026-04-19 17:05:03,2026-04-19 17:05:03
W0000151,W0000237,1,2231339,2026-01-27 20:38:49,2026-01-27 20:38:49
W0000151,W0000239,1,3027273,2026-03-31 09:09:40,2026-03-31 09:09:40
W0000151,W0000250,1,10580671,2026-06-17 15:26:22,2026-06-17 15:26:22
W0000151,W0000251,1,3080649,2026-04-02 20:15:15,2026-04-02 20:15:15
W0000151,W0000252,1,7606831,2026-03-10 01:13:12,2026-03-10 01:13:12
W0000151,W0000270,1,10826288,2026-02-27 00:52:27,2026-02-27 00:52:27
W0000151,W0000325,1,6831166,2026-02-12 05:27:06,2026-02-12 05:27:06
W0000151,W0000334,1,2975136,2026-04-28 08:21:02,2026-04-28 08:21:02
W0000151,W0000336,1,17098063,2026-01-21 22:19:59,2026-01-21 22:19:59
W0000151,W0000353,1,11305861,2026-01-10 18:24:10,2026-01-10 18:24:10
W0000151,W0000388,1,3997395,2026-03-23 19:37:29,2026-03-23 19:37:29
W0000151,W0000431,1,10030954,2026-01-27 06:24:18,2026-01-27 06:24:18
W0000151,W0000434,1,6817184,2026-01-11 13:49:37,2026-01-11 13:49:37
W0000151,W0000435,1,70395201,2026-04-17 18:57:12,2026-04-17 18:57:12
W0000151,W0000448,2,28399618,2026-01-17 12:15:27,2026-02-02 02:48:06
W0000151,W0000472,1,7606831,2026-03-10 01:13:12,2026-03-10 01:13:12
W0000151,W0000485,1,19668505,2026-04-30 04:20:56,2026-04-30 04:20:56
W0000152,W0000102,1,39109904,2026-01-05 18:02:27,2026-01-05 18:02:27
W0000152,W0000118,1,5578436,2026-01-24 19:55:58,2026-01-24 19:55:58
W0000152,W0000121,1,3211073,2026-01-17 13:36:31,2026-01-17 13:36:31
W0000152,W0000144,1,10142103,2026-01-05 03:24:05,2026-01-05 03:24:05
W0000152,W0000150,1,3211073,2026-01-17 13:36:31,2026-01-17 13:36:31
W0000152,W0000156,1,7509870,2026-05-17 19:34:43,2026-05-17 19:34:43
W0000152,W0000166,1,847215,2026-01-23 16:07:05,2026-01-23 16:07:05
W0000152,W0000189,1,5534329,2026-04-15 08:32:05,2026-04-15 08:32:05
W0000152,W0000200,1,13633056,2026-04-24 05:05:14,2026-04-24 05:05:14
W0000152,W0000216,1,639933,2026-03-31 10:04:00,2026-03-31 10:04:00
W0000152,W0000239,1,2043518,2026-06-16 18:52:33,2026-06-16 18:52:33
W0000152,W0000252,1,41482746,2026-01-25 10:25:09,2026-01-25 10:25:09
W0000152,W0000287,1,10797261,2026-05-10 16:21:38,2026-05-10 16:21:38
W0000152,W0000327,1,7509870,2026-05-17 19:34:43,2026-05-17 19:34:43
W0000152,W0000328,1,3255613,2026-06-25 20:17:59,2026-06-25 20:17:59
W0000152,W0000342,1,7509870,2026-05-17 19:34:43,2026-05-17 19:34:43
W0000152,W0000348,1,7793776,2026-06-04 09:02:53,2026-06-04 09:02:53
W0000152,W0000354,1,10797261,2026-05-10 16:21:38,2026-05-10 16:21:38
W0000152,W0000440,1,74386520,2026-05-24 19:47:39,2026-05-24 19:47:39
W0000152,W0000444,1,9225924,2026-01-10 19:38:54,2026-01-10 19:38:54
W0000152,W0000457,1,3871535,2026-06-27 10:17:24,2026-06-27 10:17:24
W0000152,W0000460,1,4797004,2026-03-23 15:47:59,2026-03-23 15:47:59
W0000152,W0000462,1,3871535,2026-06-27 10:17:24,2026-06-27 10:17:24
W0000152,W0000466,1,3871535,2026-06-27 10:17:24,2026-06-27 10:17:24
W0000152,W0000469,1,2870039,2026-06-05 14:58:22,2026-06-05 14:58:22
W0000152,W0000489,1,3255613,2026-06-25 20:17:59,2026-06-25 20:17:59
W0000153,W0000003,1,21364534,2026-02-15 20:17:35,2026-02-15 20:17:35
W0000153,W0000024,1,2027761,2026-04-02 01:35:40,2026-04-02 01:35:40
W0000153,W0000040,1,10162615,2026-04-29 23:11:18,2026-04-29 23:11:18
W0000153,W0000053,1,72783267,2026-02-10 05:09:45,2026-02-10 05:09:45
W0000153,W0000079,1,7203989,2026-06-05 12:56:34,2026-06-05 12:56:34
W0000153,W0000086,1,6216901,2026-04-16 19:03:01,2026-04-16 19:03:01
W0000153,W0000092,1,5823542,2026-05-03 13:40:03,2026-05-03 13:40:03
W0000153,W0000144,1,6089439,2026-05-24 01:26:25,2026-05-24 01:26:25
W0000153,W0000179,1,19545861,2026-04-26 07:02:23,2026-04-26 07:02:23
W0000153,W0000215,1,6332571,2026-02-27 17:36:13,2026-02-27 17:36:13
W0000153,W0000221,1,5353314,2026-02-03 15:27:44,2026-02-03 15:27:44
W0000153,W0000276,1,20884846,2026-01-29 09:19:16,2026-01-29 09:19:16
W0000153,W0000301,1,81316421,2026-04-23 12:11:23,2026-04-23 12:11:23
W0000153,W0000347,1,494624,2026-04-26 04:47:00,2026-04-26 04:47:00
W0000153,W0000394,1,36612057,2026-02-16 06:21:21,2026-02-16 06:21:21
W0000153,W0000427,1,8290809,2026-06-26 01:17:07,2026-06-26 01:17:07
W0000153,W0000432,1,12096976,2026-06-01 11:11:54,2026-06-01 11:11:54
W0000154,W0000064,1,153494790,2026-03-23 00:05:29,2026-03-23 00:05:29
W0000154,W0000127,1,25249867,2026-01-21 18:33:26,2026-01-21 18:33:26
W0000154,W0000129,1,77271431,2026-05-20 23:38:05,2026-05-20 23:38:05
W0000154,W0000143,1,11518279,2026-03-16 13:16:21,2026-03-16 13:16:21
W0000154,W0000162,1,38944201,2026-04-18 11:52:37,2026-04-18 11:52:37
W0000154,W0000200,1,184723296,2026-06-26 09:59:03,2026-06-26 09:59:03
W0000154,W0000228,1,36535233,2026-03-30 12:08:38,2026-03-30 12:08:38
W0000154,W0000230,1,67578,2026-06-23 03:45:14,2026-06-23 03:45:14
W0000154,W0000243,2,208979273,2026-03-17 11:49:42,2026-03-23 00:05:29
W0000154,W0000247,1,4681795,2026-01-13 09:04:03,2026-01-13 09:04:03
W0000154,W0000286,1,6988628,2026-02-10 12:52:04,2026-02-10 12:52:04
W0000154,W0000294,1,36439673,2026-01-25 14:50:39,2026-01-25 14:50:39
W0000154,W0000300,1,62138207,2026-02-24 07:50:26,2026-02-24 07:50:26
W0000154,W0000385,1,50230556,2026-02-20 13:45:00,2026-02-20 13:45:00
W0000154,W0000417,1,21661126,2026-03-04 09:49:09,2026-03-04 09:49:09
W0000154,W0000429,1,47268966,2026-05-12 11:12:41,2026-05-12 11:12:41
W0000154,W0000477,1,36535233,2026-03-30 12:08:38,2026-03-30 12:08:38
W0000154,W0000492,1,4128291,2026-04-22 18:16:57,2026-04-22 18:16:57
W0000154,W0000498,1,44440339,2026-02-22 11:54:53,2026-02-22 11:54:53
W0000155,W0000031,1,45949270,2026-03-26 02:57:16,2026-03-26 02:57:16
W0000155,W0000054,1,2388312,2026-03-18 08:19:42,2026-03-18 08:19:42
W0000155,W0000081,1,5351676,2026-06-10 02:27:21,2026-06-10 02:27:21
W0000155,W0000104,1,26737051,2026-01-15 12:36:38,2026-01-15 12:36:38
W0000155,W0000164,1,41315874,2026-02-12 22:19:21,2026-02-12 22:19:21
W0000155,W0000172,1,8880602,2026-03-07 18:34:00,2026-03-07 18:34:00
W0000155,W0000190,1,3332075,2026-03-31 00:03:54,2026-03-31 00:03:54
W0000155,W0000191,1,81326832,2026-01-05 06:31:22,2026-01-05 06:31:22
W0000155,W0000235,1,9355028,2026-06-22 07:24:23,2026-06-22 07:24:23
W0000155,W0000244,1,4117054,2026-04-30 22:32:31,2026-04-30 22:32:31
W0000155,W0000267,1,36254171,2026-02-25 17:49:18,2026-02-25 17:49:18
W0000155,W0000285,1,19675009,2026-05-28 18:45:40,2026-05-28 18:45:40
W0000155,W0000291,1,5518761,2026-05-25 21:51:54,2026-05-25 21:51:54
W0000155,W0000302,1,10629367,2026-06-04 00:05:01,2026-06-04 00:05:01
W0000155,W0000306,1,95005391,2026-03-05 11:10:56,2026-03-05 11:10:56
W0000155,W0000341,1,20686374,2026-05-01 17:45:59,2026-05-01 17:45:59
W0000155,W0000375,1,7701734,2026-02-20 20:56:37,2026-02-20 20:56:37
W0000155,W0000380,1,1610138,2026-03-14 18:01:29,2026-03-14 18:01:29
W0000155,W0000381,1,7516640,2026-05-15 01:54:04,2026-05-15 01:54:04
W0000155,W0000390,1,13400413,2026-06-15 20:59:47,2026-06-15 20:59:47
W0000155,W0000472,1,4132882,2026-05-04 23:14:17,2026-05-04 23:14:17
W0000155,W0000482,1,4395030,2026-03-24 05:44:30,2026-03-24 05:44:30
W0000156,W0000006,1,23433670,2026-02-17 07:48:18,2026-02-17 07:48:18
W0000156,W0000008,1,17821340,2026-02-06 21:34:28,2026-02-06 21:34:28
W0000156,W0000043,1,1246020,2026-05-25 22:17:22,2026-05-25 22:17:22
W0000156,W0000060,1,345329,2026-01-03 16:12:24,2026-01-03 16:12:24
W0000156,W0000069,1,30894127,2026-04-21 13:06:23,2026-04-21 13:06:23
W0000156,W0000088,1,9198365,2026-04-24 13:48:52,2026-04-24 13:48:52
W0000156,W0000189,1,7730300,2026-03-28 06:11:36,2026-03-28 06:11:36
W0000156,W0000224,1,6027232,2026-06-28 08:52:09,2026-06-28 08:52:09
W0000156,W0000240,1,6393682,2026-06-22 16:16:43,2026-06-22 16:16:43
W0000156,W0000267,1,13951106,2026-06-10 19:42:12,2026-06-10 19:42:12
W0000156,W0000290,1,4533846,2026-05-03 04:45:02,2026-05-03 04:45:02
W0000156,W0000292,1,1122928,2026-02-18 17:12:03,2026-02-18 17:12:03
W0000156,W0000316,1,12178165,2026-02-28 20:49:24,2026-02-28 20:49:24
W0000156,W0000357,1,8144768,2026-02-23 00:29:16,2026-02-23 00:29:16
W0000156,W0000500,1,4245944,2026-05-15 02:43:10,2026-05-15 02:43:10
W0000157,W0000003,1,11748303,2026-03-02 02:32:34,2026-03-02 02:32:34
W0000157,W0000005,1,8903014,2026-05-08 22:27:17,2026-05-08 22:27:17
W0000157,W0000031,1,63604749,2026-05-24 17:03:58,2026-05-24 17:03:58
W0000157,W0000062,1,3839400,2026-03-03 06:33:36,2026-03-03 06:33:36
W0000157,W0000097,1,4987232,2026-04-21 04:59:17,2026-04-21 04:59:17
W0000157,W0000110,1,19680500,2026-03-21 18:30:43,2026-03-21 18:30:43
W0000157,W0000173,1,10537703,2026-03-21 21:54:42,2026-03-21 21:54:42
W0000157,W0000193,1,29348023,2026-02-21 11:50:04,2026-02-21 11:50:04
W0000157,W0000209,1,7538960,2026-03-07 23:52:24,2026-03-07 23:52:24
W0000157,W0000221,1,5127944,2026-01-09 23:10:54,2026-01-09 23:10:54
W0000157,W0000267,1,2158402,2026-04-27 08:34:08,2026-04-27 08:34:08
W0000157,W0000345,1,27293392,2026-06-09 12:06:51,2026-06-09 12:06:51
W0000157,W0000397,1,4960211,2026-05-04 01:25:22,2026-05-04 01:25:22
W0000157,W0000405,1,18030146,2026-04-23 08:18:32,2026-04-23 08:18:32
W0000157,W0000443,1,18393887,2026-06-19 21:18:37,2026-06-19 21:18:37
W0000157,W0000460,1,1272940,2026-01-19 22:07:06,2026-01-19 22:07:06
W0000157,W0000485,1,7046177,2026-06-20 16:18:24,2026-06-20 16:18:24
W0000157,W0000490,1,13646185,2026-01-21 10:03:31,2026-01-21 10:03:31
W0000158,W0000008,1,25300305,2026-06-23 05:18:53,2026-06-23 05:18:53
W0000158,W0000068,1,17606577,2026-01-12 20:19:40,2026-01-12 20:19:40
W0000158,W0000088,1,9199723,2026-02-26 16:31:25,2026-02-26 16:31:25
W0000158,W0000112,1,4340052,2026-01-27 12:06:46,2026-01-27 12:06:46
W0000158,W0000151,1,14037023,2026-05-19 22:28:50,2026-05-19 22:28:50
W0000158,W0000159,1,6212479,2026-01-21 06:47:31,2026-01-21 06:47:31
W0000158,W0000166,1,7271976,2026-06-14 14:04:05,2026-06-14 14:04:05
W0000158,W0000172,1,20780784,2026-03-09 15:07:19,2026-03-09 15:07:19
W0000158,W0000180,1,2769445,2026-01-28 16:05:14,2026-01-28 16:05:14
W0000158,W0000181,1,9851748,2026-02-13 04:20:09,2026-02-13 04:20:09
W0000158,W0000187,1,3100059,2026-03-02 07:42:41,2026-03-02 07:42:41
W0000158,W0000254,1,9036956,2026-04-23 09:27:09,2026-04-23 09:27:09
W0000158,W0000275,1,19064332,2026-05-04 14:02:50,2026-05-04 14:02:50
W0000158,W0000283,1,44947420,2026-01-02 04:34:25,2026-01-02 04:34:25
W0000158,W0000290,1,29677805,2026-06-16 05:56:09,2026-06-16 05:56:09
W0000158,W0000342,1,3223428,2026-05-22 14:14:41,2026-05-22 14:14:41
W0000158,W0000387,1,4729748,2026-05-22 07:06:16,2026-05-22 07:06:16
W0000158,W0000399,1,9320955,2026-06-18 08:08:10,2026-06-18 08:08:10
W0000158,W0000400,1,6767955,2026-06-12 18:23:37,2026-06-12 18:23:37
W0000158,W0000413,1,25799255,2026-03-17 03:45:29,2026-03-17 03:45:29
W0000158,W0000445,1,1095879,2026-04-13 21:00:04,2026-04-13 21:00:04
W0000158,W0000487,1,32671616,2026-06-29 07:27:29,2026-06-29 07:27:29
W0000159,W0000033,1,687300,2026-04-28 14:52:43,2026-04-28 14:52:43
W0000159,W0000046,1,3910704,2026-02-09 02:09:19,2026-02-09 02:09:19
W0000159,W0000048,1,2926832,2026-06-09 06:20:27,2026-06-09 06:20:27
W0000159,W0000094,1,8061875,2026-02-10 08:56:29,2026-02-10 08:56:29
W0000159,W0000099,1,11622778,2026-05-01 09:36:05,2026-05-01 09:36:05
W0000159,W0000103,1,10429152,2026-02-16 08:40:27,2026-02-16 08:40:27
W0000159,W0000114,1,7330806,2026-02-02 15:33:18,2026-02-02 15:33:18
W0000159,W0000149,1,22747530,2026-01-01 03:13:25,2026-01-01 03:13:25
W0000159,W0000153,1,3770842,2026-04-19 02:41:26,2026-04-19 02:41:26
W0000159,W0000160,1,11493217,2026-06-12 08:05:19,2026-06-12 08:05:19
W0000159,W0000185,1,8418602,2026-02-02 14:07:01,2026-02-02 14:07:01
W0000159,W0000202,1,23235204,2026-03-12 01:02:12,2026-03-12 01:02:12
W0000159,W0000224,1,3688265,2026-05-07 14:32:55,2026-05-07 14:32:55
W0000159,W0000243,1,45544952,2026-06-27 23:27:30,2026-06-27 23:27:30
W0000159,W0000257,1,35298959,2026-02-23 18:49:21,2026-02-23 18:49:21
W0000159,W0000293,1,10220182,2026-03-13 22:38:33,2026-03-13 22:38:33
W0000159,W0000298,1,20555679,2026-03-08 15:46:29,2026-03-08 15:46:29
W0000159,W0000333,1,14510299,2026-06-02 06:31:26,2026-06-02 06:31:26
W0000159,W0000354,1,46019484,2026-06-14 14:25:30,2026-06-14 14:25:30
W0000159,W0000397,1,29354841,2026-06-01 16:32:11,2026-06-01 16:32:11
W0000159,W0000407,1,3588415,2026-06-17 00:45:53,2026-06-17 00:45:53
W0000159,W0000423,1,15033856,2026-05-14 11:40:26,2026-05-14 11:40:26
W0000159,W0000462,1,48618399,2026-03-15 06:22:18,2026-03-15 06:22:18
W0000159,W0000464,1,14684480,2026-04-02 16:39:42,2026-04-02 16:39:42
W0000159,W0000500,1,3076620,2026-05-04 11:48:23,2026-05-04 11:48:23
W0000160,W0000001,1,4669758,2026-06-03 20:46:52,2026-06-03 20:46:52
W0000160,W0000012,2,62486056,2026-02-23 05:09:51,2026-03-29 11:40:10
W0000160,W0000017,1,2836408,2026-01-19 10:35:49,2026-01-19 10:35:49
W0000160,W0000029,1,14668717,2026-02-07 18:07:02,2026-02-07 18:07:02
W0000160,W0000032,1,19233936,2026-06-09 06:05:04,2026-06-09 06:05:04
W0000160,W0000036,1,35493916,2026-04-02 16:38:06,2026-04-02 16:38:06
W0000160,W0000039,1,4455236,2026-03-15 23:30:04,2026-03-15 23:30:04
W0000160,W0000047,1,28139969,2026-01-18 10:57:08,2026-01-18 10:57:08
W0000160,W0000050,1,6355031,2026-03-29 11:40:10,2026-03-29 11:40:10
W0000160,W0000081,1,14668717,2026-02-07 18:07:02,2026-02-07 18:07:02
W0000160,W0000090,1,7774130,2026-05-26 00:21:34,2026-05-26 00:21:34
W0000160,W0000099,1,136116772,2026-02-26 15:58:50,2026-02-26 15:58:50
W0000160,W0000100,1,24936242,2026-01-17 11:18:39,2026-01-17 11:18:39
W0000160,W0000102,1,46221081,2026-05-04 04:53:36,2026-05-04 04:53:36
W0000160,W0000108,1,20850283,2026-02-07 09:19:39,2026-02-07 09:19:39
W0000160,W0000117,2,31291273,2026-01-17 11:18:39,2026-03-29 11:40:10
W0000160,W0000144,1,19233936,2026-06-09 06:05:04,2026-06-09 06:05:04
W0000160,W0000214,1,4669758,2026-06-03 20:46:52,2026-06-03 20:46:52
W0000160,W0000215,1,8401721,2026-05-18 21:08:56,2026-05-18 21:08:56
W0000160,W0000244,1,28139969,2026-01-18 10:57:08,2026-01-18 10:57:08
W0000160,W0000249,1,2237918,2026-02-05 17:18:09,2026-02-05 17:18:09
W0000160,W0000252,1,2836408,2026-01-19 10:35:49,2026-01-19 10:35:49
W0000160,W0000263,1,2237918,2026-02-05 17:18:09,2026-02-05 17:18:09
W0000160,W0000275,1,8401721,2026-05-18 21:08:56,2026-05-18 21:08:56
W0000160,W0000278,1,5630184,2026-06-25 23:46:15,2026-06-25 23:46:15
W0000160,W0000290,2,33428792,2026-05-10 03:04:05,2026-06-25 23:46:15
W0000160,W0000324,1,14668717,2026-02-07 18:07:02,2026-02-07 18:07:02
W0000160,W0000326,1,28139969,2026-01-18 10:57:08,2026-01-18 10:57:08
W0000160,W0000327,1,136116772,2026-02-26 15:58:50,2026-02-26 15:58:50
W0000160,W0000329,1,20850283,2026-02-07 09:19:39,2026-02-07 09:19:39
W0000160,W0000352,1,4845356,2026-06-18 17:22:03,2026-06-18 17:22:03
W0000160,W0000358,1,4845356,2026-06-18 17:22:03,2026-06-18 17:22:03
W0000160,W0000375,1,35493916,2026-04-02 16:38:06,2026-04-02 16:38:06
W0000160,W0000376,1,46221081,2026-05-04 04:53:36,2026-05-04 04:53:36
W0000160,W0000382,1,56131025,2026-02-23 05:09:51,2026-02-23 05:09:51
W0000160,W0000395,1,35493916,2026-04-02 16:38:06,2026-04-02 16:38:06
W0000160,W0000413,1,19233936,2026-06-09 06:05:04,2026-06-09 06:05:04
W0000160,W0000415,1,2836408,2026-01-19 10:35:49,2026-01-19 10:35:49
W0000160,W0000438,1,14668717,2026-02-07 18:07:02,2026-02-07 18:07:02
W0000160,W0000458,1,20850283,2026-02-07 09:19:39,2026-02-07 09:19:39
W0000160,W0000462,1,8401721,2026-05-18 21:08:56,2026-05-18 21:08:56
W0000160,W0000463,1,12962537,2026-05-31 04:31:13,2026-05-31 04:31:13
W0000160,W0000496,1,12482365,2026-04-04 16:04:33,2026-04-04 16:04:33
W0000161,W0000016,1,3920378,2026-06-07 13:25:00,2026-06-07 13:25:00
W0000161,W0000025,1,10565952,2026-05-16 05:43:28,2026-05-16 05:43:28
W0000161,W0000057,1,1872484,2026-04-11 06:26:22,2026-04-11 06:26:22
W0000161,W0000059,1,9510261,2026-04-08 20:54:13,2026-04-08 20:54:13
W0000161,W0000141,1,3382239,2026-02-08 09:43:29,2026-02-08 09:43:29
W0000161,W0000160,1,25295182,2026-05-08 05:52:10,2026-05-08 05:52:10
W0000161,W0000206,1,2636027,2026-01-28 01:15:10,2026-01-28 01:15:10
W0000161,W0000213,1,3894540,2026-03-21 16:29:50,2026-03-21 16:29:50
W0000161,W0000227,1,153438483,2026-06-21 07:57:53,2026-06-21 07:57:53
W0000161,W0000232,1,9443514,2026-01-08 13:42:10,2026-01-08 13:42:10
W0000161,W0000242,1,3647622,2026-03-21 04:20:07,2026-03-21 04:20:07
W0000161,W0000247,1,76190346,2026-02-01 12:16:38,2026-02-01 12:16:38
W0000161,W0000254,1,9429327,2026-03-06 21:05:31,2026-03-06 21:05:31
W0000161,W0000270,1,10038041,2026-06-08 22:41:14,2026-06-08 22:41:14
W0000161,W0000296,1,1719380,2026-06-09 09:10:48,2026-06-09 09:10:48
W0000161,W0000350,1,815325,2026-01-03 22:24:04,2026-01-03 22:24:04
W0000161,W0000351,1,24193697,2026-02-19 23:28:17,2026-02-19 23:28:17
W0000161,W0000404,1,35125671,2026-05-22 19:37:18,2026-05-22 19:37:18
W0000161,W0000409,1,53550344,2026-03-24 17:40:20,2026-03-24 17:40:20
W0000161,W0000414,1,3167030,2026-04-01 19:53:51,2026-04-01 19:53:51
W0000161,W0000440,1,5170059,2026-02-13 09:52:44,2026-02-13 09:52:44
W0000161,W0000448,1,1621792,2026-04-14 08:42:27,2026-04-14 08:42:27
W0000161,W0000495,1,2240529,2026-04-27 13:32:15,2026-04-27 13:32:15
W0000162,W0000036,1,56746284,2026-03-22 21:52:56,2026-03-22 21:52:56
W0000162,W0000039,1,23189006,2026-04-04 16:55:57,2026-04-04 16:55:57
W0000162,W0000073,1,4562118,2026-05-04 01:45:53,2026-05-04 01:45:53
W0000162,W0000100,1,36608745,2026-02-11 04:08:51,2026-02-11 04:08:51
W0000162,W0000138,1,7875312,2026-03-23 00:00:05,2026-03-23 00:00:05
W0000162,W0000161,1,7221878,2026-03-28 10:38:38,2026-03-28 10:38:38
W0000162,W0000215,1,8673306,2026-02-04 11:15:28,2026-02-04 11:15:28
W0000162,W0000238,2,15614025,2026-02-12 11:31:15,2026-04-20 08:41:03
W0000162,W0000247,1,52346435,2026-01-11 06:02:29,2026-01-11 06:02:29
W0000162,W0000261,1,5413499,2026-03-24 20:11:44,2026-03-24 20:11:44
W0000162,W0000269,1,2629353,2026-06-02 18:05:49,2026-06-02 18:05:49
W0000162,W0000290,1,7104041,2026-03-08 20:17:41,2026-03-08 20:17:41
W0000162,W0000319,1,12033156,2026-03-11 17:14:37,2026-03-11 17:14:37
W0000162,W0000330,1,31834032,2026-03-06 14:48:09,2026-03-06 14:48:09
W0000162,W0000332,1,9042228,2026-01-21 06:56:44,2026-01-21 06:56:44
W0000162,W0000347,1,3946049,2026-04-14 15:00:28,2026-04-14 15:00:28
W0000162,W0000495,1,45253227,2026-04-18 20:15:12,2026-04-18 20:15:12
W0000163,W0000071,1,56745206,2026-01-14 22:42:48,2026-01-14 22:42:48
W0000163,W0000107,1,9929605,2026-06-03 03:55:03,2026-06-03 03:55:03
W0000163,W0000112,1,84886731,2026-04-28 02:41:08,2026-04-28 02:41:08
W0000163,W0000134,1,3921119,2026-02-22 02:26:56,2026-02-22 02:26:56
W0000163,W0000149,1,3978883,2026-01-20 02:58:04,2026-01-20 02:58:04
W0000163,W0000167,1,3583173,2026-03-11 09:11:36,2026-03-11 09:11:36
W0000163,W0000174,1,36050133,2026-03-10 21:37:53,2026-03-10 21:37:53
W0000163,W0000206,1,3921119,2026-02-22 02:26:56,2026-02-22 02:26:56
W0000163,W0000219,1,3921119,2026-02-22 02:26:56,2026-02-22 02:26:56
W0000163,W0000231,1,143180220,2026-02-01 13:45:35,2026-02-01 13:45:35
W0000163,W0000335,1,9929605,2026-06-03 03:55:03,2026-06-03 03:55:03
W0000163,W0000397,1,5129324,2026-02-24 23:46:56,2026-02-24 23:46:56
W0000163,W0000399,1,9929605,2026-06-03 03:55:03,2026-06-03 03:55:03
W0000163,W0000407,1,13148329,2026-02-07 03:22:49,2026-02-07 03:22:49
W0000163,W0000435,1,2937158,2026-01-11 19:27:48,2026-01-11 19:27:48
W0000163,W0000440,1,2687845,2026-02-24 00:47:43,2026-02-24 00:47:43
W0000163,W0000496,1,12899567,2026-02-09 10:42:23,2026-02-09 10:42:23
W0000164,W0000013,1,10188080,2026-03-07 14:49:24,2026-03-07 14:49:24
W0000164,W0000027,1,14360638,2026-05-17 00:38:09,2026-05-17 00:38:09
W0000164,W0000048,1,30978808,2026-03-03 09:13:59,2026-03-03 09:13:59
W0000164,W0000055,1,20180720,2026-06-27 20:52:39,2026-06-27 20:52:39
W0000164,W0000061,2,10667964,2026-01-04 13:38:01,2026-05-16 19:58:36
W0000164,W0000065,1,8730344,2026-05-20 05:55:18,2026-05-20 05:55:18
W0000164,W0000082,1,50060035,2026-04-21 03:31:26,2026-04-21 03:31:26
W0000164,W0000097,1,16583612,2026-06-19 20:16:15,2026-06-19 20:16:15
W0000164,W0000105,1,44513395,2026-04-21 21:43:48,2026-04-21 21:43:48
W0000164,W0000195,1,3836741,2026-01-01 16:31:02,2026-01-01 16:31:02
W0000164,W0000199,1,4365414,2026-02-12 14:25:59,2026-02-12 14:25:59
W0000164,W0000209,1,7774690,2026-06-25 20:00:00,2026-06-25 20:00:00
W0000164,W0000244,2,11444951,2026-05-10 10:52:38,2026-05-28 10:27:24
W0000164,W0000255,1,16523748,2026-06-22 15:31:02,2026-06-22 15:31:02
W0000164,W0000259,1,10257212,2026-05-26 00:50:10,2026-05-26 00:50:10
W0000164,W0000319,1,10212399,2026-04-21 10:27:50,2026-04-21 10:27:50
W0000164,W0000356,1,3151368,2026-02-01 17:04:27,2026-02-01 17:04:27
W0000164,W0000381,1,7772456,2026-03-25 22:00:23,2026-03-25 22:00:23
W0000164,W0000431,1,8986503,2026-03-07 02:33:58,2026-03-07 02:33:58
W0000164,W0000435,1,6385669,2026-01-24 06:50:41,2026-01-24 06:50:41
W0000164,W0000447,1,27599242,2026-03-06 05:51:32,2026-03-06 05:51:32
W0000164,W0000462,1,19191130,2026-03-18 06:02:58,2026-03-18 06:02:58
W0000164,W0000472,1,6269196,2026-05-03 12:55:11,2026-05-03 12:55:11
W0000164,W0000487,1,3792240,2026-04-15 21:42:12,2026-04-15 21:42:12
W0000165,W0000005,1,10756666,2026-04-12 02:06:21,2026-04-12 02:06:21
W0000165,W0000019,1,16937656,2026-04-17 06:05:21,2026-04-17 06:05:21
W0000165,W0000023,1,29205388,2026-01-05 13:50:28,2026-01-05 13:50:28
W0000165,W0000029,1,119691328,2026-01-15 09:41:58,2026-01-15 09:41:58
W0000165,W0000048,1,25330981,2026-04-23 10:43:56,2026-04-23 10:43:56
W0000165,W0000076,1,32235171,2026-01-23 06:30:17,2026-01-23 06:30:17
W0000165,W0000154,1,4185222,2026-01-24 20:14:46,2026-01-24 20:14:46
W0000165,W0000167,1,3359547,2026-05-30 20:51:48,2026-05-30 20:51:48
W0000165,W0000194,1,48176291,2026-04-19 05:48:12,2026-04-19 05:48:12
W0000165,W0000215,1,8667591,2026-01-18 08:06:24,2026-01-18 08:06:24
W0000165,W0000232,1,10930960,2026-05-04 18:28:46,2026-05-04 18:28:46
W0000165,W0000238,1,20412786,2026-02-03 16:10:31,2026-02-03 16:10:31
W0000165,W0000250,1,10314023,2026-03-01 06:37:45,2026-03-01 06:37:45
W0000165,W0000338,1,27701146,2026-01-26 00:28:24,2026-01-26 00:28:24
W0000165,W0000359,1,16856828,2026-03-16 08:46:24,2026-03-16 08:46:24
W0000165,W0000422,1,3370320,2026-03-17 20:58:19,2026-03-17 20:58:19
W0000165,W0000423,1,5972257,2026-03-28 18:29:29,2026-03-28 18:29:29
W0000165,W0000435,1,8180283,2026-01-01 20:58:15,2026-01-01 20:58:15
W0000165,W0000457,1,642264,2026-01-07 12:39:18,2026-01-07 12:39:18
W0000165,W0000485,1,10832562,2026-01-11 09:21:01,2026-01-11 09:21:01
W0000166,W0000001,1,17537239,2026-02-06 10:11:52,2026-02-06 10:11:52
W0000166,W0000022,1,17062074,2026-05-28 01:58:36,2026-05-28 01:58:36
W0000166,W0000054,1,37273335,2026-02-14 02:45:17,2026-02-14 02:45:17
W0000166,W0000055,1,2310587,2026-01-12 13:44:38,2026-01-12 13:44:38
W0000166,W0000058,1,15834419,2026-05-21 20:01:33,2026-05-21 20:01:33
W0000166,W0000084,1,9581732,2026-05-18 03:15:18,2026-05-18 03:15:18
W0000166,W0000085,1,2310587,2026-01-12 13:44:38,2026-01-12 13:44:38
W0000166,W0000108,1,15834419,2026-05-21 20:01:33,2026-05-21 20:01:33
W0000166,W0000110,1,65302961,2026-05-25 13:59:11,2026-05-25 13:59:11
W0000166,W0000112,1,17062074,2026-05-28 01:58:36,2026-05-28 01:58:36
W0000166,W0000121,1,19760918,2026-05-27 08:45:38,2026-05-27 08:45:38
W0000166,W0000137,1,15194023,2026-06-18 02:39:14,2026-06-18 02:39:14
W0000166,W0000173,1,13860435,2026-01-13 08:08:42,2026-01-13 08:08:42
W0000166,W0000191,1,6094447,2026-06-22 15:37:47,2026-06-22 15:37:47
W0000166,W0000194,1,65302961,2026-05-25 13:59:11,2026-05-25 13:59:11
W0000166,W0000198,1,19760918,2026-05-27 08:45:38,2026-05-27 08:45:38
W0000166,W0000212,1,17062074,2026-05-28 01:58:36,2026-05-28 01:58:36
W0000166,W0000222,1,15834419,2026-05-21 20:01:33,2026-05-21 20:01:33
W0000166,W0000265,1,17537239,2026-02-06 10:11:52,2026-02-06 10:11:52
W0000166,W0000266,1,37273335,2026-02-14 02:45:17,2026-02-14 02:45:17
W0000166,W0000282,1,17993407,2026-03-19 10:48:55,2026-03-19 10:48:55
W0000166,W0000293,1,987945,2026-01-15 06:09:07,2026-01-15 06:09:07
W0000166,W0000301,1,6094447,2026-06-22 15:37:47,2026-06-22 15:37:47
W0000166,W0000310,1,17993407,2026-03-19 10:48:55,2026-03-19 10:48:55
W0000166,W0000317,2,34407127,2026-03-11 12:47:59,2026-06-18 02:39:14
W0000166,W0000322,1,19213104,2026-03-11 12:47:59,2026-03-11 12:47:59
W0000166,W0000340,1,19213104,2026-03-11 12:47:59,2026-03-11 12:47:59
W0000166,W0000349,1,15194023,2026-06-18 02:39:14,2026-06-18 02:39:14
W0000166,W0000361,1,26143618,2026-06-03 13:00:07,2026-06-03 13:00:07
W0000166,W0000362,1,33323786,2026-05-31 08:48:34,2026-05-31 08:48:34
W0000166,W0000364,1,6094447,2026-06-22 15:37:47,2026-06-22 15:37:47
W0000166,W0000369,2,10569677,2026-01-15 06:09:07,2026-05-18 03:15:18
W0000166,W0000377,1,9581732,2026-05-18 03:15:18,2026-05-18 03:15:18
W0000166,W0000394,1,65302961,2026-05-25 13:59:11,2026-05-25 13:59:11
W0000166,W0000395,1,17062074,2026-05-28 01:58:36,2026-05-28 01:58:36
W0000166,W0000409,1,9581732,2026-05-18 03:15:18,2026-05-18 03:15:18
W0000166,W0000412,1,13860435,2026-01-13 08:08:42,2026-01-13 08:08:42
W0000166,W0000424,1,17537239,2026-02-06 10:11:52,2026-02-06 10:11:52
W0000166,W0000425,1,2310587,2026-01-12 13:44:38,2026-01-12 13:44:38
W0000166,W0000433,1,19213104,2026-03-11 12:47:59,2026-03-11 12:47:59
W0000166,W0000444,1,17537239,2026-02-06 10:11:52,2026-02-06 10:11:52
W0000166,W0000454,1,26143618,2026-06-03 13:00:07,2026-06-03 13:00:07
W0000166,W0000457,1,15194023,2026-06-18 02:39:14,2026-06-18 02:39:14
W0000166,W0000468,1,15834419,2026-05-21 20:01:33,2026-05-21 20:01:33
W0000166,W0000471,1,33323786,2026-05-31 08:48:34,2026-05-31 08:48:34
W0000166,W0000488,1,987945,2026-01-15 06:09:07,2026-01-15 06:09:07
W0000166,W0000489,1,17993407,2026-03-19 10:48:55,2026-03-19 10:48:55
W0000167,W0000019,1,38230871,2026-06-11 20:33:56,2026-06-11 20:33:56
W0000167,W0000048,1,4615223,2026-02-21 16:22:15,2026-02-21 16:22:15
W0000167,W0000075,1,1406646,2026-01-18 06:36:58,2026-01-18 06:36:58
W0000167,W0000120,1,11685429,2026-03-19 16:54:17,2026-03-19 16:54:17
W0000167,W0000134,1,6054060,2026-06-23 06:45:47,2026-06-23 06:45:47
W0000167,W0000143,1,105697591,2026-02-27 10:36:23,2026-02-27 10:36:23
W0000167,W0000170,1,21802081,2026-02-05 09:57:48,2026-02-05 09:57:48
W0000167,W0000187,1,641980,2026-05-08 13:10:24,2026-05-08 13:10:24
W0000167,W0000218,1,47506901,2026-04-27 00:26:33,2026-04-27 00:26:33
W0000167,W0000259,1,3186956,2026-02-20 16:46:44,2026-02-20 16:46:44
W0000167,W0000260,1,8072731,2026-04-18 04:38:55,2026-04-18 04:38:55
W0000167,W0000263,1,6776788,2026-02-23 04:09:23,2026-02-23 04:09:23
W0000167,W0000298,1,27717167,2026-05-20 01:16:22,2026-05-20 01:16:22
W0000167,W0000300,1,3843270,2026-06-03 20:21:54,2026-06-03 20:21:54
W0000167,W0000315,1,87386715,2026-06-04 03:20:11,2026-06-04 03:20:11
W0000167,W0000342,1,10210616,2026-04-08 17:23:49,2026-04-08 17:23:49
W0000167,W0000352,1,8857797,2026-01-27 16:00:05,2026-01-27 16:00:05
W0000167,W0000377,1,26304338,2026-06-04 18:26:42,2026-06-04 18:26:42
W0000167,W0000419,1,3082009,2026-05-22 20:26:17,2026-05-22 20:26:17
W0000167,W0000445,1,13814408,2026-06-02 11:44:37,2026-06-02 11:44:37
W0000167,W0000482,1,32167818,2026-04-02 11:21:34,2026-04-02 11:21:34
W0000168,W0000012,1,31810233,2026-06-21 18:35:44,2026-06-21 18:35:44
W0000168,W0000026,1,6075850,2026-05-26 20:50:53,2026-05-26 20:50:53
W0000168,W0000029,1,22243842,2026-04-17 21:33:58,2026-04-17 21:33:58
W0000168,W0000047,1,74378340,2026-01-10 22:48:12,2026-01-10 22:48:12
W0000168,W0000052,1,16183407,2026-04-01 15:51:33,2026-04-01 15:51:33
W0000168,W0000061,1,44405772,2026-01-07 02:19:48,2026-01-07 02:19:48
W0000168,W0000078,1,56066602,2026-01-03 11:44:37,2026-01-03 11:44:37
W0000168,W0000079,2,28632712,2026-01-20 23:28:55,2026-05-01 16:42:48
W0000168,W0000082,1,27593689,2026-01-16 16:11:57,2026-01-16 16:11:57
W0000168,W0000111,1,7835755,2026-03-13 02:11:48,2026-03-13 02:11:48
W0000168,W0000122,1,10222032,2026-02-25 08:22:05,2026-02-25 08:22:05
W0000168,W0000128,1,4264969,2026-03-12 04:08:07,2026-03-12 04:08:07
W0000168,W0000203,1,16798998,2026-04-13 04:12:48,2026-04-13 04:12:48
W0000168,W0000230,1,8165067,2026-05-25 11:50:16,2026-05-25 11:50:16
W0000168,W0000235,1,22704184,2026-02-26 14:55:53,2026-02-26 14:55:53
W0000168,W0000249,1,12356696,2026-06-02 06:51:53,2026-06-02 06:51:53
W0000168,W0000273,1,7089087,2026-01-17 11:28:22,2026-01-17 11:28:22
W0000168,W0000320,1,1791029,2026-05-28 14:39:20,2026-05-28 14:39:20
W0000168,W0000384,1,6795687,2026-04-12 22:10:49,2026-04-12 22:10:49
W0000168,W0000427,1,6738544,2026-05-04 21:03:45,2026-05-04 21:03:45
W0000168,W0000437,1,18426976,2026-03-24 01:39:55,2026-03-24 01:39:55
W0000168,W0000446,1,5525088,2026-05-23 06:44:29,2026-05-23 06:44:29
W0000168,W0000454,1,6486831,2026-03-26 04:52:45,2026-03-26 04:52:45
W0000169,W0000002,2,33943334,2026-01-05 00:06:06,2026-02-18 16:07:59
W0000169,W0000014,1,37372478,2026-03-18 08:53:38,2026-03-18 08:53:38
W0000169,W0000015,1,27883676,2026-05-13 15:03:54,2026-05-13 15:03:54
W0000169,W0000022,1,58109673,2026-06-28 15:17:40,2026-06-28 15:17:40
W0000169,W0000027,1,26114963,2026-06-23 16:17:20,2026-06-23 16:17:20
W0000169,W0000065,1,14808107,2026-03-04 20:07:12,2026-03-04 20:07:12
W0000169,W0000067,1,22888711,2026-04-03 04:19:58,2026-04-03 04:19:58
W0000169,W0000068,1,26114963,2026-06-23 16:17:20,2026-06-23 16:17:20
W0000169,W0000072,1,7616816,2026-02-23 01:55:19,2026-02-23 01:55:19
W0000169,W0000094,1,10977013,2026-02-07 15:46:56,2026-02-07 15:46:56
W0000169,W0000097,1,7616816,2026-02-23 01:55:19,2026-02-23 01:55:19
W0000169,W0000098,1,3131757,2026-04-20 20:24:38,2026-04-20 20:24:38
W0000169,W0000109,1,24293336,2026-04-24 07:56:52,2026-04-24 07:56:52
W0000169,W0000112,1,11854370,2026-01-05 00:06:06,2026-01-05 00:06:06
W0000169,W0000142,1,22088964,2026-02-18 16:07:59,2026-02-18 16:07:59
W0000169,W0000201,1,14808107,2026-03-04 20:07:12,2026-03-04 20:07:12
W0000169,W0000219,1,45818101,2026-05-08 14:04:31,2026-05-08 14:04:31
W0000169,W0000235,1,27883676,2026-05-13 15:03:54,2026-05-13 15:03:54
W0000169,W0000245,1,24293336,2026-04-24 07:56:52,2026-04-24 07:56:52
W0000169,W0000269,1,19291071,2026-01-08 07:23:40,2026-01-08 07:23:40
W0000169,W0000283,1,19291071,2026-01-08 07:23:40,2026-01-08 07:23:40
W0000169,W0000292,1,35049604,2026-06-07 17:56:30,2026-06-07 17:56:30
W0000169,W0000297,1,37372478,2026-03-18 08:53:38,2026-03-18 08:53:38
W0000169,W0000300,1,1799054,2026-01-03 19:46:31,2026-01-03 19:46:31
W0000169,W0000303,1,3131757,2026-04-20 20:24:38,2026-04-20 20:24:38
W0000169,W0000307,1,22088964,2026-02-18 16:07:59,2026-02-18 16:07:59
W0000169,W0000318,1,45818101,2026-05-08 14:04:31,2026-05-08 14:04:31
W0000169,W0000319,1,3131757,2026-04-20 20:24:38,2026-04-20 20:24:38
W0000169,W0000320,1,3131757,2026-04-20 20:24:38,2026-04-20 20:24:38
W0000169,W0000344,1,37372478,2026-03-18 08:53:38,2026-03-18 08:53:38
W0000169,W0000348,1,1799054,2026-01-03 19:46:31,2026-01-03 19:46:31
W0000169,W0000375,1,27883676,2026-05-13 15:03:54,2026-05-13 15:03:54
W0000169,W0000381,1,35049604,2026-06-07 17:56:30,2026-06-07 17:56:30
W0000169,W0000398,1,10977013,2026-02-07 15:46:56,2026-02-07 15:46:56
W0000169,W0000406,1,58109673,2026-06-28 15:17:40,2026-06-28 15:17:40
W0000169,W0000412,2,47174747,2026-01-08 07:23:40,2026-05-13 15:03:54
W0000169,W0000413,1,24293336,2026-04-24 07:56:52,2026-04-24 07:56:52
W0000169,W0000424,1,24293336,2026-04-24 07:56:52,2026-04-24 07:56:52
W0000169,W0000432,1,7616816,2026-02-23 01:55:19,2026-02-23 01:55:19
W0000169,W0000441,1,22088964,2026-02-18 16:07:59,2026-02-18 16:07:59
W0000169,W0000443,1,35049604,2026-06-07 17:56:30,2026-06-07 17:56:30
W0000169,W0000461,1,14808107,2026-03-04 20:07:12,2026-03-04 20:07:12
W0000169,W0000468,1,58109673,2026-06-28 15:17:40,2026-06-28 15:17:40
W0000169,W0000469,1,45818101,2026-05-08 14:04:31,2026-05-08 14:04:31
W0000169,W0000477,1,22888711,2026-04-03 04:19:58,2026-04-03 04:19:58
W0000170,W0000071,1,34551797,2026-06-19 23:22:35,2026-06-19 23:22:35
W0000170,W0000079,1,4951630,2026-06-10 10:16:27,2026-06-10 10:16:27
W0000170,W0000083,1,4686943,2026-04-12 12:39:32,2026-04-12 12:39:32
W0000170,W0000088,1,3236915,2026-06-08 19:04:41,2026-06-08 19:04:41
W0000170,W0000094,1,8934759,2026-05-18 19:19:29,2026-05-18 19:19:29
W0000170,W0000114,1,2525499,2026-03-27 09:19:56,2026-03-27 09:19:56
W0000170,W0000151,1,7606397,2026-05-27 03:37:47,2026-05-27 03:37:47
W0000170,W0000158,1,22130527,2026-01-24 17:30:19,2026-01-24 17:30:19
W0000170,W0000161,1,7931361,2026-03-11 06:19:31,2026-03-11 06:19:31
W0000170,W0000210,1,1989720,2026-03-03 02:46:12,2026-03-03 02:46:12
W0000170,W0000212,1,57439099,2026-01-04 12:49:07,2026-01-04 12:49:07
W0000170,W0000229,1,5107683,2026-05-11 20:37:51,2026-05-11 20:37:51
W0000170,W0000240,1,22110730,2026-03-26 23:50:42,2026-03-26 23:50:42
W0000170,W0000250,1,27374463,2026-01-30 13:19:53,2026-01-30 13:19:53
W0000170,W0000279,1,2961405,2026-04-04 16:03:35,2026-04-04 16:03:35
W0000170,W0000311,1,10904877,2026-02-11 07:54:39,2026-02-11 07:54:39
W0000170,W0000499,1,4071711,2026-06-19 17:21:50,2026-06-19 17:21:50
W0000171,W0000060,1,8970141,2026-02-07 17:57:57,2026-02-07 17:57:57
W0000171,W0000082,1,11349868,2026-04-03 11:50:25,2026-04-03 11:50:25
W0000171,W0000134,1,4040486,2026-05-30 11:52:03,2026-05-30 11:52:03
W0000171,W0000145,1,27000400,2026-06-19 02:53:22,2026-06-19 02:53:22
W0000171,W0000147,1,4040486,2026-05-30 11:52:03,2026-05-30 11:52:03
W0000171,W0000186,1,8372771,2026-04-27 18:25:16,2026-04-27 18:25:16
W0000171,W0000213,1,8372771,2026-04-27 18:25:16,2026-04-27 18:25:16
W0000171,W0000251,1,18738835,2026-03-17 17:56:09,2026-03-17 17:56:09
W0000171,W0000291,1,22394222,2026-06-11 03:13:53,2026-06-11 03:13:53
W0000171,W0000306,1,8372771,2026-04-27 18:25:16,2026-04-27 18:25:16
W0000171,W0000308,1,11349868,2026-04-03 11:50:25,2026-04-03 11:50:25
W0000171,W0000379,1,44665224,2026-02-18 09:00:38,2026-02-18 09:00:38
W0000171,W0000466,1,45049974,2026-04-27 17:31:54,2026-04-27 17:31:54
W0000171,W0000478,1,8372771,2026-04-27 18:25:16,2026-04-27 18:25:16
W0000171,W0000499,1,27000400,2026-06-19 02:53:22,2026-06-19 02:53:22
W0000172,W0000002,1,16939235,2026-04-07 07:40:41,2026-04-07 07:40:41
W0000172,W0000011,1,3597127,2026-05-02 05:58:20,2026-05-02 05:58:20
W0000172,W0000027,1,7357224,2026-05-09 19:56:42,2026-05-09 19:56:42
W0000172,W0000035,1,39513017,2026-04-15 17:54:24,2026-04-15 17:54:24
W0000172,W0000076,1,14733086,2026-03-16 00:12:41,2026-03-16 00:12:41
W0000172,W0000077,1,15573654,2026-04-04 18:51:15,2026-04-04 18:51:15
W0000172,W0000078,1,5676351,2026-01-10 11:39:40,2026-01-10 11:39:40
W0000172,W0000129,1,12570041,2026-02-16 02:08:09,2026-02-16 02:08:09
W0000172,W0000133,1,30678264,2026-04-13 00:12:45,2026-04-13 00:12:45
W0000172,W0000143,1,6247759,2026-04-16 14:04:57,2026-04-16 14:04:57
W0000172,W0000184,1,5534218,2026-01-19 10:21:47,2026-01-19 10:21:47
W0000172,W0000226,1,21287062,2026-01-14 11:20:51,2026-01-14 11:20:51
W0000172,W0000285,1,4922546,2026-01-10 03:14:55,2026-01-10 03:14:55
W0000172,W0000311,1,4606430,2026-04-22 04:46:35,2026-04-22 04:46:35
W0000172,W0000337,1,2721203,2026-04-27 11:43:38,2026-04-27 11:43:38
W0000172,W0000355,1,8761150,2026-06-26 16:41:28,2026-06-26 16:41:28
W0000172,W0000389,1,6588116,2026-05-21 14:22:12,2026-05-21 14:22:12
W0000172,W0000407,1,17716273,2026-01-17 03:28:17,2026-01-17 03:28:17
W0000172,W0000416,1,6867593,2026-06-06 21:57:17,2026-06-06 21:57:17
W0000172,W0000425,1,3597806,2026-06-20 09:24:17,2026-06-20 09:24:17
W0000172,W0000429,1,3080183,2026-03-30 05:23:21,2026-03-30 05:23:21
W0000172,W0000437,1,14433539,2026-01-12 01:51:10,2026-01-12 01:51:10
W0000172,W0000464,1,25365986,2026-06-27 07:34:55,2026-06-27 07:34:55
W0000172,W0000481,1,3962046,2026-02-18 01:14:23,2026-02-18 01:14:23
W0000173,W0000007,1,3532893,2026-03-20 10:00:55,2026-03-20 10:00:55
W0000173,W0000044,1,11166223,2026-03-10 19:16:00,2026-03-10 19:16:00
W0000173,W0000052,1,4430633,2026-01-18 13:03:21,2026-01-18 13:03:21
W0000173,W0000055,1,4119362,2026-01-24 22:23:07,2026-01-24 22:23:07
W0000173,W0000081,1,9327824,2026-02-18 18:57:55,2026-02-18 18:57:55
W0000173,W0000082,1,6975347,2026-02-09 00:55:22,2026-02-09 00:55:22
W0000173,W0000103,1,2133237,2026-03-09 13:10:28,2026-03-09 13:10:28
W0000173,W0000141,1,8368112,2026-05-09 00:14:03,2026-05-09 00:14:03
W0000173,W0000176,1,8230195,2026-04-22 15:23:46,2026-04-22 15:23:46
W0000173,W0000219,1,11166223,2026-03-10 19:16:00,2026-03-10 19:16:00
W0000173,W0000221,1,5506078,2026-04-11 20:17:46,2026-04-11 20:17:46
W0000173,W0000224,1,5506078,2026-04-11 20:17:46,2026-04-11 20:17:46
W0000173,W0000229,1,4819819,2026-06-26 11:47:24,2026-06-26 11:47:24
W0000173,W0000232,1,4542278,2026-04-02 01:07:37,2026-04-02 01:07:37
W0000173,W0000234,1,22567341,2026-02-22 00:20:06,2026-02-22 00:20:06
W0000173,W0000256,1,18895928,2026-05-10 22:15:25,2026-05-10 22:15:25
W0000173,W0000287,1,4424727,2026-05-04 01:09:32,2026-05-04 01:09:32
W0000173,W0000319,1,918732,2026-06-18 22:23:52,2026-06-18 22:23:52
W0000173,W0000320,1,4119362,2026-01-24 22:23:07,2026-01-24 22:23:07
W0000173,W0000350,1,8230195,2026-04-22 15:23:46,2026-04-22 15:23:46
W0000173,W0000351,1,3256680,2026-02-13 21:24:20,2026-02-13 21:24:20
W0000173,W0000379,1,7621535,2026-03-30 02:11:09,2026-03-30 02:11:09
W0000173,W0000390,1,6975347,2026-02-09 00:55:22,2026-02-09 00:55:22
W0000173,W0000418,1,3080658,2026-03-07 12:00:30,2026-03-07 12:00:30
W0000173,W0000426,1,918732,2026-06-18 22:23:52,2026-06-18 22:23:52
W0000173,W0000461,1,3256680,2026-02-13 21:24:20,2026-02-13 21:24:20
W0000173,W0000484,1,31393083,2026-03-26 04:01:57,2026-03-26 04:01:57
W0000173,W0000497,1,4542278,2026-04-02 01:07:37,2026-04-02 01:07:37
W0000174,W0000018,1,15627667,2026-04-03 22:59:02,2026-04-03 22:59:02
W0000174,W0000033,1,11462514,2026-05-13 02:19:15,2026-05-13 02:19:15
W0000174,W0000036,1,7080355,2026-05-12 12:47:15,2026-05-12 12:47:15
W0000174,W0000042,1,79761593,2026-01-06 15:08:47,2026-01-06 15:08:47
W0000174,W0000046,1,79761593,2026-01-06 15:08:47,2026-01-06 15:08:47
W0000174,W0000069,1,12094576,2026-05-07 11:16:57,2026-05-07 11:16:57
W0000174,W0000070,1,7080355,2026-05-12 12:47:15,2026-05-12 12:47:15
W0000174,W0000075,1,4193460,2026-03-05 06:37:58,2026-03-05 06:37:58
W0000174,W0000091,1,7080355,2026-05-12 12:47:15,2026-05-12 12:47:15
W0000174,W0000093,1,10213245,2026-05-03 06:06:11,2026-05-03 06:06:11
W0000174,W0000113,1,4609567,2026-06-22 00:37:10,2026-06-22 00:37:10
W0000174,W0000118,1,32149973,2026-04-19 20:56:11,2026-04-19 20:56:11
W0000174,W0000129,1,4193460,2026-03-05 06:37:58,2026-03-05 06:37:58
W0000174,W0000132,1,23819032,2026-01-12 19:49:07,2026-01-12 19:49:07
W0000174,W0000143,1,26374014,2026-05-18 07:49:51,2026-05-18 07:49:51
W0000174,W0000145,1,43561135,2026-05-21 06:30:39,2026-05-21 06:30:39
W0000174,W0000148,1,12094576,2026-05-07 11:16:57,2026-05-07 11:16:57
W0000174,W0000165,1,21962815,2026-01-31 12:00:13,2026-01-31 12:00:13
W0000174,W0000175,1,24078646,2026-01-19 19:53:39,2026-01-19 19:53:39
W0000174,W0000182,1,45222611,2026-03-24 22:42:13,2026-03-24 22:42:13
W0000174,W0000186,1,63101340,2026-06-24 04:45:41,2026-06-24 04:45:41
W0000174,W0000207,1,2008320,2026-05-26 22:18:13,2026-05-26 22:18:13
W0000174,W0000209,1,21962815,2026-01-31 12:00:13,2026-01-31 12:00:13
W0000174,W0000225,1,43561135,2026-05-21 06:30:39,2026-05-21 06:30:39
W0000174,W0000228,1,26374014,2026-05-18 07:49:51,2026-05-18 07:49:51
W0000174,W0000232,1,2008320,2026-05-26 22:18:13,2026-05-26 22:18:13
W0000174,W0000241,1,11025824,2026-05-21 09:24:03,2026-05-21 09:24:03
W0000174,W0000258,1,32149973,2026-04-19 20:56:11,2026-04-19 20:56:11
W0000174,W0000259,1,45222611,2026-03-24 22:42:13,2026-03-24 22:42:13
W0000174,W0000265,1,1329502,2026-01-22 12:46:08,2026-01-22 12:46:08
W0000174,W0000276,1,26429123,2026-06-30 08:37:27,2026-06-30 08:37:27
W0000174,W0000338,1,11025824,2026-05-21 09:24:03,2026-05-21 09:24:03
W0000174,W0000342,1,1329502,2026-01-22 12:46:08,2026-01-22 12:46:08
W0000174,W0000355,1,12094576,2026-05-07 11:16:57,2026-05-07 11:16:57
W0000174,W0000356,1,43561135,2026-05-21 06:30:39,2026-05-21 06:30:39
W0000174,W0000363,1,116341337,2026-06-26 02:31:52,2026-06-26 02:31:52
W0000174,W0000365,1,43561135,2026-05-21 06:30:39,2026-05-21 06:30:39
W0000174,W0000368,1,11025824,2026-05-21 09:24:03,2026-05-21 09:24:03
W0000174,W0000376,1,9429922,2026-05-03 15:59:49,2026-05-03 15:59:49
W0000174,W0000378,1,26374014,2026-05-18 07:49:51,2026-05-18 07:49:51
W0000174,W0000393,1,10278821,2026-06-16 14:56:35,2026-06-16 14:56:35
W0000174,W0000394,1,12094576,2026-05-07 11:16:57,2026-05-07 11:16:57
W0000174,W0000395,1,116341337,2026-06-26 02:31:52,2026-06-26 02:31:52
W0000174,W0000398,1,15627667,2026-04-03 22:59:02,2026-04-03 22:59:02
W0000174,W0000415,1,10278821,2026-06-16 14:56:35,2026-06-16 14:56:35
W0000174,W0000424,1,10213245,2026-05-03 06:06:11,2026-05-03 06:06:11
W0000174,W0000457,1,26374014,2026-05-18 07:49:51,2026-05-18 07:49:51
W0000174,W0000458,1,45222611,2026-03-24 22:42:13,2026-03-24 22:42:13
W0000174,W0000500,1,26429123,2026-06-30 08:37:27,2026-06-30 08:37:27
W0000175,W0000001,1,8685190,2026-05-26 23:06:12,2026-05-26 23:06:12
W0000175,W0000012,1,33144668,2026-03-09 10:58:59,2026-03-09 10:58:59
W0000175,W0000028,1,6309074,2026-06-13 22:48:16,2026-06-13 22:48:16
W0000175,W0000031,1,19389051,2026-06-23 02:24:20,2026-06-23 02:24:20
W0000175,W0000042,1,19743565,2026-04-10 23:23:03,2026-04-10 23:23:03
W0000175,W0000071,1,6652209,2026-04-09 14:33:49,2026-04-09 14:33:49
W0000175,W0000084,2,37126370,2026-01-31 00:16:41,2026-03-30 08:31:10
W0000175,W0000104,1,5397714,2026-04-29 02:45:07,2026-04-29 02:45:07
W0000175,W0000209,1,5433436,2026-06-10 16:20:32,2026-06-10 16:20:32
W0000175,W0000267,1,413243,2026-03-14 05:43:35,2026-03-14 05:43:35
W0000175,W0000269,1,18219425,2026-06-08 01:11:10,2026-06-08 01:11:10
W0000175,W0000315,1,50950630,2026-03-13 10:16:47,2026-03-13 10:16:47
W0000175,W0000332,1,6499817,2026-01-30 04:02:43,2026-01-30 04:02:43
W0000175,W0000354,1,48143032,2026-06-30 19:39:31,2026-06-30 19:39:31
W0000175,W0000377,1,7964626,2026-03-02 06:22:35,2026-03-02 06:22:35
W0000175,W0000407,1,2811695,2026-01-21 02:40:05,2026-01-21 02:40:05
W0000175,W0000424,1,3467008,2026-02-09 09:47:18,2026-02-09 09:47:18
W0000175,W0000446,1,1260277,2026-03-22 22:29:24,2026-03-22 22:29:24
W0000175,W0000448,1,5573764,2026-03-03 01:53:21,2026-03-03 01:53:21
W0000175,W0000452,1,12464425,2026-06-01 04:12:12,2026-06-01 04:12:12
W0000175,W0000457,1,21329101,2026-06-03 00:45:51,2026-06-03 00:45:51
W0000175,W0000472,1,33956295,2026-01-09 00:12:41,2026-01-09 00:12:41
W0000176,W0000009,1,5252938,2026-06-21 04:30:46,2026-06-21 04:30:46
W0000176,W0000028,1,11188477,2026-06-16 17:42:01,2026-06-16 17:42:01
W0000176,W0000049,1,18662489,2026-06-18 09:10:50,2026-06-18 09:10:50
W0000176,W0000069,1,7636617,2026-05-23 07:01:40,2026-05-23 07:01:40
W0000176,W0000086,1,5498273,2026-02-04 00:53:35,2026-02-04 00:53:35
W0000176,W0000099,1,4379659,2026-03-30 19:54:49,2026-03-30 19:54:49
W0000176,W0000107,1,6062700,2026-05-01 05:57:01,2026-05-01 05:57:01
W0000176,W0000109,1,3084774,2026-06-10 08:09:20,2026-06-10 08:09:20
W0000176,W0000117,1,31772586,2026-02-17 15:18:03,2026-02-17 15:18:03
W0000176,W0000131,1,10297381,2026-03-08 09:08:29,2026-03-08 09:08:29
W0000176,W0000233,2,24092768,2026-04-25 16:50:11,2026-05-14 13:16:37
W0000176,W0000235,1,14558577,2026-03-11 08:06:56,2026-03-11 08:06:56
W0000176,W0000238,1,14784877,2026-04-17 19:42:32,2026-04-17 19:42:32
W0000176,W0000248,1,3329875,2026-06-22 15:57:11,2026-06-22 15:57:11
W0000176,W0000302,1,13705114,2026-03-21 02:03:28,2026-03-21 02:03:28
W0000176,W0000320,1,105283152,2026-04-11 18:12:43,2026-04-11 18:12:43
W0000176,W0000387,1,5245153,2026-02-23 00:20:00,2026-02-23 00:20:00
W0000176,W0000453,1,22214177,2026-03-26 20:26:43,2026-03-26 20:26:43
W0000176,W0000480,1,3203950,2026-04-05 04:54:59,2026-04-05 04:54:59
W0000177,W0000053,1,4432889,2026-05-26 14:18:50,2026-05-26 14:18:50
W0000177,W0000060,1,12767847,2026-04-03 22:43:50,2026-04-03 22:43:50
W0000177,W0000150,1,9915155,2026-01-12 02:29:53,2026-01-12 02:29:53
W0000177,W0000152,1,110439344,2026-01-23 12:55:20,2026-01-23 12:55:20
W0000177,W0000190,1,5226133,2026-01-17 18:43:50,2026-01-17 18:43:50
W0000177,W0000196,1,8246783,2026-04-29 22:56:59,2026-04-29 22:56:59
W0000177,W0000214,1,110439344,2026-01-23 12:55:20,2026-01-23 12:55:20
W0000177,W0000250,1,4432889,2026-05-26 14:18:50,2026-05-26 14:18:50
W0000177,W0000291,1,6938614,2026-04-30 21:45:13,2026-04-30 21:45:13
W0000177,W0000314,1,12767847,2026-04-03 22:43:50,2026-04-03 22:43:50
W0000177,W0000317,1,9350308,2026-03-23 08:14:19,2026-03-23 08:14:19
W0000177,W0000326,1,44445705,2026-02-22 18:38:35,2026-02-22 18:38:35
W0000177,W0000334,1,24450398,2026-02-14 00:21:32,2026-02-14 00:21:32
W0000177,W0000365,1,13046852,2026-02-04 12:40:02,2026-02-04 12:40:02
W0000177,W0000371,1,44445705,2026-02-22 18:38:35,2026-02-22 18:38:35
W0000177,W0000410,1,3218283,2026-05-30 17:20:04,2026-05-30 17:20:04
W0000177,W0000413,1,3218283,2026-05-30 17:20:04,2026-05-30 17:20:04
W0000177,W0000423,1,14579056,2026-04-29 07:02:52,2026-04-29 07:02:52
W0000177,W0000437,1,8246783,2026-04-29 22:56:59,2026-04-29 22:56:59
W0000177,W0000457,1,9350308,2026-03-23 08:14:19,2026-03-23 08:14:19
W0000177,W0000471,1,18719159,2026-02-09 00:13:05,2026-02-09 00:13:05
W0000177,W0000473,1,14579056,2026-04-29 07:02:52,2026-04-29 07:02:52
W0000177,W0000488,1,14579056,2026-04-29 07:02:52,2026-04-29 07:02:52
W0000178,W0000004,1,27741013,2026-02-13 22:26:16,2026-02-13 22:26:16
W0000178,W0000083,1,10210072,2026-05-13 03:30:09,2026-05-13 03:30:09
W0000178,W0000097,1,36821743,2026-05-21 18:51:23,2026-05-21 18:51:23
W0000178,W0000131,1,5436886,2026-04-24 05:20:24,2026-04-24 05:20:24
W0000178,W0000142,1,3264284,2026-02-07 18:33:11,2026-02-07 18:33:11
W0000178,W0000225,1,88827783,2026-05-18 00:42:46,2026-05-18 00:42:46
W0000178,W0000263,1,7799433,2026-06-17 16:48:49,2026-06-17 16:48:49
W0000178,W0000292,1,6551623,2026-05-04 07:34:40,2026-05-04 07:34:40
W0000178,W0000317,1,17212878,2026-06-16 02:16:24,2026-06-16 02:16:24
W0000178,W0000321,1,23452386,2026-05-06 13:52:55,2026-05-06 13:52:55
W0000178,W0000338,1,5768861,2026-03-21 09:22:09,2026-03-21 09:22:09
W0000178,W0000351,1,15553910,2026-03-30 18:19:39,2026-03-30 18:19:39
W0000178,W0000352,1,10288415,2026-05-01 14:24:49,2026-05-01 14:24:49
W0000178,W0000353,1,3368291,2026-06-11 23:51:29,2026-06-11 23:51:29
W0000178,W0000357,1,48055137,2026-03-15 10:29:06,2026-03-15 10:29:06
W0000178,W0000381,1,1655603,2026-01-06 05:20:44,2026-01-06 05:20:44
W0000178,W0000404,1,19646737,2026-04-14 23:36:26,2026-04-14 23:36:26
W0000178,W0000420,1,19847408,2026-01-09 11:51:15,2026-01-09 11:51:15
W0000178,W0000445,1,34619176,2026-01-30 00:08:55,2026-01-30 00:08:55
W0000178,W0000452,1,14345091,2026-05-06 11:46:39,2026-05-06 11:46:39
W0000178,W0000498,1,6710341,2026-01-29 13:40:50,2026-01-29 13:40:50
W0000179,W0000006,1,1828095,2026-05-31 13:39:45,2026-05-31 13:39:45
W0000179,W0000053,1,19597684,2026-02-03 21:01:21,2026-02-03 21:01:21
W0000179,W0000056,1,7389073,2026-03-20 03:28:54,2026-03-20 03:28:54
W0000179,W0000091,1,18107922,2026-02-23 04:01:35,2026-02-23 04:01:35
W0000179,W0000140,1,22435856,2026-05-27 08:08:49,2026-05-27 08:08:49
W0000179,W0000164,1,486772,2026-01-19 16:57:06,2026-01-19 16:57:06
W0000179,W0000214,1,20110179,2026-04-08 11:31:21,2026-04-08 11:31:21
W0000179,W0000269,1,805799,2026-05-03 12:47:46,2026-05-03 12:47:46
W0000179,W0000295,1,42499566,2026-04-10 08:23:00,2026-04-10 08:23:00
W0000179,W0000302,1,78307339,2026-01-29 20:14:25,2026-01-29 20:14:25
W0000179,W0000339,1,6341420,2026-01-11 19:58:58,2026-01-11 19:58:58
W0000179,W0000357,1,2180070,2026-05-11 00:51:22,2026-05-11 00:51:22
W0000179,W0000498,1,2226119,2026-06-28 11:30:15,2026-06-28 11:30:15
W0000180,W0000010,1,6304942,2026-03-13 22:49:42,2026-03-13 22:49:42
W0000180,W0000012,1,11630848,2026-03-29 15:15:38,2026-03-29 15:15:38
W0000180,W0000020,1,25114506,2026-05-25 20:15:10,2026-05-25 20:15:10
W0000180,W0000056,1,25947967,2026-03-07 23:33:10,2026-03-07 23:33:10
W0000180,W0000060,1,45647430,2026-05-30 15:10:34,2026-05-30 15:10:34
W0000180,W0000067,1,2854387,2026-03-19 05:58:09,2026-03-19 05:58:09
W0000180,W0000073,1,9621905,2026-06-09 12:04:32,2026-06-09 12:04:32
W0000180,W0000118,1,25947967,2026-03-07 23:33:10,2026-03-07 23:33:10
W0000180,W0000145,1,7853568,2026-02-01 03:04:09,2026-02-01 03:04:09
W0000180,W0000150,1,2854387,2026-03-19 05:58:09,2026-03-19 05:58:09
W0000180,W0000162,1,20860301,2026-01-15 05:28:07,2026-01-15 05:28:07
W0000180,W0000167,1,25997701,2026-04-27 06:49:14,2026-04-27 06:49:14
W0000180,W0000201,1,6177274,2026-04-09 18:06:06,2026-04-09 18:06:06
W0000180,W0000205,1,5049277,2026-02-17 22:09:53,2026-02-17 22:09:53
W0000180,W0000209,1,53872163,2026-06-01 19:30:37,2026-06-01 19:30:37
W0000180,W0000219,1,35555918,2026-03-13 22:13:55,2026-03-13 22:13:55
W0000180,W0000222,1,11684814,2026-02-15 16:05:06,2026-02-15 16:05:06
W0000180,W0000247,1,9456916,2026-03-20 12:00:11,2026-03-20 12:00:11
W0000180,W0000254,1,52914256,2026-03-13 07:50:51,2026-03-13 07:50:51
W0000180,W0000259,1,55782240,2026-05-17 07:08:06,2026-05-17 07:08:06
W0000180,W0000277,1,12298859,2026-03-24 05:26:27,2026-03-24 05:26:27
W0000180,W0000291,1,44339228,2026-01-14 12:17:29,2026-01-14 12:17:29
W0000180,W0000299,1,4880328,2026-01-15 00:25:48,2026-01-15 00:25:48
W0000180,W0000328,1,4068707,2026-03-01 14:41:52,2026-03-01 14:41:52
W0000180,W0000338,1,44339228,2026-01-14 12:17:29,2026-01-14 12:17:29
W0000180,W0000364,1,5753639,2026-02-10 18:41:54,2026-02-10 18:41:54
W0000180,W0000403,1,9621905,2026-06-09 12:04:32,2026-06-09 12:04:32
W0000180,W0000430,1,29421612,2026-05-15 03:43:10,2026-05-15 03:43:10
W0000180,W0000443,1,25114506,2026-05-25 20:15:10,2026-05-25 20:15:10
W0000180,W0000447,1,25947967,2026-03-07 23:33:10,2026-03-07 23:33:10
W0000180,W0000453,1,1189759,2026-01-16 22:23:40,2026-01-16 22:23:40
W0000180,W0000460,1,10202100,2026-01-01 02:29:51,2026-01-01 02:29:51
W0000180,W0000465,1,3868317,2026-04-14 08:56:17,2026-04-14 08:56:17
W0000181,W0000001,1,1073881,2026-04-13 08:13:29,2026-04-13 08:13:29
W0000181,W0000018,1,17146491,2026-01-28 10:11:05,2026-01-28 10:11:05
W0000181,W0000048,1,11542964,2026-01-29 03:58:34,2026-01-29 03:58:34
W0000181,W0000077,1,10656028,2026-03-29 08:58:51,2026-03-29 08:58:51
W0000181,W0000094,1,4092382,2026-05-08 22:58:01,2026-05-08 22:58:01
W0000181,W0000097,1,18391116,2026-03-16 10:07:30,2026-03-16 10:07:30
W0000181,W0000104,1,2912605,2026-06-27 12:13:42,2026-06-27 12:13:42
W0000181,W0000126,1,34041154,2026-06-05 23:23:49,2026-06-05 23:23:49
W0000181,W0000135,1,11429500,2026-05-06 04:39:29,2026-05-06 04:39:29
W0000181,W0000167,1,29413391,2026-06-14 08:53:24,2026-06-14 08:53:24
W0000181,W0000186,1,14756684,2026-04-06 09:07:20,2026-04-06 09:07:20
W0000181,W0000196,1,40753389,2026-01-11 19:55:41,2026-01-11 19:55:41
W0000181,W0000203,1,8867223,2026-05-04 04:22:31,2026-05-04 04:22:31
W0000181,W0000224,1,6151996,2026-04-08 16:26:25,2026-04-08 16:26:25
W0000181,W0000237,1,62736469,2026-06-02 18:16:23,2026-06-02 18:16:23
W0000181,W0000258,1,12810257,2026-01-13 00:59:10,2026-01-13 00:59:10
W0000181,W0000261,1,25726416,2026-01-20 16:06:17,2026-01-20 16:06:17
W0000181,W0000269,1,42674606,2026-03-02 05:00:11,2026-03-02 05:00:11
W0000181,W0000304,1,4854015,2026-06-14 23:37:44,2026-06-14 23:37:44
W0000181,W0000313,1,42674606,2026-03-02 05:00:11,2026-03-02 05:00:11
W0000181,W0000326,1,1073881,2026-04-13 08:13:29,2026-04-13 08:13:29
W0000181,W0000343,1,7066046,2026-03-17 12:33:42,2026-03-17 12:33:42
W0000181,W0000354,1,19964823,2026-06-09 04:22:25,2026-06-09 04:22:25
W0000181,W0000387,1,34018118,2026-04-14 11:22:06,2026-04-14 11:22:06
W0000181,W0000405,1,20715701,2026-03-12 13:44:17,2026-03-12 13:44:17
W0000181,W0000406,1,30979663,2026-03-25 17:53:34,2026-03-25 17:53:34
W0000181,W0000411,1,14756684,2026-04-06 09:07:20,2026-04-06 09:07:20
W0000181,W0000412,1,17146491,2026-01-28 10:11:05,2026-01-28 10:11:05
W0000181,W0000418,1,2981379,2026-06-05 11:07:43,2026-06-05 11:07:43
W0000181,W0000427,1,5366002,2026-06-15 18:45:41,2026-06-15 18:45:41
W0000181,W0000450,1,2918114,2026-06-30 23:45:55,2026-06-30 23:45:55
W0000181,W0000474,1,29413391,2026-06-14 08:53:24,2026-06-14 08:53:24
W0000181,W0000484,1,15876611,2026-03-23 01:35:17,2026-03-23 01:35:17
W0000181,W0000497,1,10775152,2026-05-31 01:11:26,2026-05-31 01:11:26
W0000182,W0000115,1,3996241,2026-04-06 22:06:09,2026-04-06 22:06:09
W0000182,W0000249,1,68967243,2026-05-03 11:36:43,2026-05-03 11:36:43
W0000182,W0000251,1,11313355,2026-03-21 13:17:34,2026-03-21 13:17:34
W0000182,W0000259,1,16460180,2026-03-25 01:31:47,2026-03-25 01:31:47
W0000182,W0000282,1,31696684,2026-04-14 15:51:18,2026-04-14 15:51:18
W0000182,W0000297,1,15539494,2026-05-10 12:24:59,2026-05-10 12:24:59
W0000182,W0000323,1,110832106,2026-01-21 01:17:36,2026-01-21 01:17:36
W0000182,W0000342,1,2277170,2026-05-06 23:14:22,2026-05-06 23:14:22
W0000182,W0000383,1,28306986,2026-05-09 23:50:12,2026-05-09 23:50:12
W0000182,W0000396,1,18235837,2026-02-21 22:35:58,2026-02-21 22:35:58
W0000182,W0000454,1,55907937,2026-04-23 08:46:32,2026-04-23 08:46:32
W0000182,W0000478,1,4303454,2026-06-04 22:18:59,2026-06-04 22:18:59
W0000183,W0000001,1,3258730,2026-05-11 22:57:37,2026-05-11 22:57:37
W0000183,W0000076,1,10470687,2026-01-11 05:45:32,2026-01-11 05:45:32
W0000183,W0000126,1,7278819,2026-05-16 02:41:28,2026-05-16 02:41:28
W0000183,W0000150,1,10651109,2026-04-02 20:28:24,2026-04-02 20:28:24
W0000183,W0000170,1,6467217,2026-04-19 05:53:58,2026-04-19 05:53:58
W0000183,W0000192,1,47749206,2026-01-22 09:37:56,2026-01-22 09:37:56
W0000183,W0000243,1,2060914,2026-06-22 20:53:55,2026-06-22 20:53:55
W0000183,W0000301,1,7834523,2026-01-18 16:10:51,2026-01-18 16:10:51
W0000183,W0000306,1,8465323,2026-04-05 23:08:13,2026-04-05 23:08:13
W0000183,W0000349,1,16735409,2026-05-14 13:24:27,2026-05-14 13:24:27
W0000183,W0000383,1,9932707,2026-04-07 04:21:53,2026-04-07 04:21:53
W0000183,W0000398,2,61930241,2026-01-01 17:00:45,2026-05-14 15:58:48
W0000183,W0000400,1,45701959,2026-05-23 11:56:13,2026-05-23 11:56:13
W0000183,W0000418,1,17863565,2026-04-15 06:38:51,2026-04-15 06:38:51
W0000183,W0000423,1,7294324,2026-03-29 17:52:57,2026-03-29 17:52:57
W0000184,W0000011,1,2843076,2026-02-07 18:12:31,2026-02-07 18:12:31
W0000184,W0000107,1,20619718,2026-03-31 23:21:05,2026-03-31 23:21:05
W0000184,W0000122,1,12937149,2026-01-04 01:32:42,2026-01-04 01:32:42
W0000184,W0000141,1,408180,2026-03-10 22:11:11,2026-03-10 22:11:11
W0000184,W0000149,1,69127458,2026-01-16 13:59:29,2026-01-16 13:59:29
W0000184,W0000152,1,6118119,2026-02-06 03:37:06,2026-02-06 03:37:06
W0000184,W0000326,1,36477789,2026-03-26 21:33:35,2026-03-26 21:33:35
W0000184,W0000331,1,22968363,2026-06-22 07:35:46,2026-06-22 07:35:46
W0000184,W0000337,1,8508706,2026-05-21 23:52:20,2026-05-21 23:52:20
W0000184,W0000391,1,10595326,2026-01-13 04:57:15,2026-01-13 04:57:15
W0000184,W0000422,1,14573040,2026-03-04 19:29:12,2026-03-04 19:29:12
W0000184,W0000446,1,11848460,2026-05-09 03:39:10,2026-05-09 03:39:10
W0000184,W0000451,1,1148514,2026-03-16 02:02:25,2026-03-16 02:02:25
W0000184,W0000455,1,10957591,2026-03-29 14:32:07,2026-03-29 14:32:07
W0000184,W0000486,1,627166,2026-02-13 06:51:48,2026-02-13 06:51:48
W0000185,W0000003,1,14723650,2026-03-28 08:37:09,2026-03-28 08:37:09
W0000185,W0000079,1,8887225,2026-02-13 19:31:04,2026-02-13 19:31:04
W0000185,W0000143,1,70734241,2026-04-07 05:37:33,2026-04-07 05:37:33
W0000185,W0000150,1,14576628,2026-06-07 03:42:15,2026-06-07 03:42:15
W0000185,W0000186,1,2492440,2026-01-25 19:07:29,2026-01-25 19:07:29
W0000185,W0000193,1,25927208,2026-02-22 10:33:23,2026-02-22 10:33:23
W0000185,W0000243,1,10775349,2026-06-15 17:14:59,2026-06-15 17:14:59
W0000185,W0000256,1,7071934,2026-06-05 21:23:47,2026-06-05 21:23:47
W0000185,W0000260,1,36620985,2026-02-22 03:46:57,2026-02-22 03:46:57
W0000185,W0000315,1,5054996,2026-01-28 00:50:36,2026-01-28 00:50:36
W0000185,W0000365,1,2043364,2026-04-09 01:30:02,2026-04-09 01:30:02
W0000185,W0000395,1,22706797,2026-01-11 09:46:40,2026-01-11 09:46:40
W0000185,W0000413,1,405228,2026-05-17 22:42:28,2026-05-17 22:42:28
W0000185,W0000421,1,42072315,2026-01-07 01:59:44,2026-01-07 01:59:44
W0000185,W0000455,1,5248101,2026-03-25 02:42:24,2026-03-25 02:42:24
W0000185,W0000489,1,26428518,2026-02-12 06:01:22,2026-02-12 06:01:22
W0000185,W0000492,1,3475736,2026-01-07 01:17:47,2026-01-07 01:17:47
W0000185,W0000499,1,15287075,2026-02-07 01:03:59,2026-02-07 01:03:59
W0000186,W0000003,1,10009968,2026-01-10 03:32:34,2026-01-10 03:32:34
W0000186,W0000005,1,16319433,2026-06-05 11:36:25,2026-06-05 11:36:25
W0000186,W0000010,1,2626249,2026-03-17 01:34:06,2026-03-17 01:34:06
W0000186,W0000047,1,86471576,2026-02-03 17:26:37,2026-02-03 17:26:37
W0000186,W0000071,1,4973137,2026-01-18 15:40:06,2026-01-18 15:40:06
W0000186,W0000190,1,2608661,2026-01-05 02:12:46,2026-01-05 02:12:46
W0000186,W0000284,1,27823479,2026-01-22 22:38:40,2026-01-22 22:38:40
W0000186,W0000298,1,14895186,2026-01-28 21:46:19,2026-01-28 21:46:19
W0000186,W0000352,1,53177359,2026-06-18 08:17:36,2026-06-18 08:17:36
W0000186,W0000357,1,7170740,2026-04-14 02:02:01,2026-04-14 02:02:01
W0000186,W0000392,1,7271669,2026-03-22 04:07:38,2026-03-22 04:07:38
W0000186,W0000414,1,4009633,2026-01-31 12:06:42,2026-01-31 12:06:42
W0000186,W0000437,1,16555930,2026-04-03 00:39:24,2026-04-03 00:39:24
W0000186,W0000489,1,32377405,2026-03-12 14:14:11,2026-03-12 14:14:11
W0000187,W0000056,1,25716191,2026-03-31 22:51:46,2026-03-31 22:51:46
W0000187,W0000077,1,5396583,2026-06-16 12:10:14,2026-06-16 12:10:14
W0000187,W0000082,2,4800220,2026-02-05 11:46:49,2026-06-03 14:10:02
W0000187,W0000085,1,21803553,2026-01-11 00:01:28,2026-01-11 00:01:28
W0000187,W0000143,1,31351360,2026-06-20 22:06:11,2026-06-20 22:06:11
W0000187,W0000161,1,71876586,2026-03-18 09:30:25,2026-03-18 09:30:25
W0000187,W0000176,1,1160283,2026-06-30 14:42:58,2026-06-30 14:42:58
W0000187,W0000225,1,5204283,2026-04-19 21:08:37,2026-04-19 21:08:37
W0000187,W0000233,1,25757913,2026-04-10 16:54:57,2026-04-10 16:54:57
W0000187,W0000256,1,5685587,2026-02-10 01:20:33,2026-02-10 01:20:33
W0000187,W0000284,1,638264,2026-05-31 04:27:10,2026-05-31 04:27:10
W0000187,W0000291,1,61105584,2026-01-27 19:43:06,2026-01-27 19:43:06
W0000187,W0000294,1,7367263,2026-06-11 05:42:12,2026-06-11 05:42:12
W0000187,W0000369,1,6505072,2026-02-04 09:16:14,2026-02-04 09:16:14
W0000187,W0000376,1,17615876,2026-05-23 07:40:18,2026-05-23 07:40:18
W0000187,W0000406,1,309459,2026-02-22 05:46:21,2026-02-22 05:46:21
W0000187,W0000455,1,12591838,2026-06-13 01:48:01,2026-06-13 01:48:01
W0000188,W0000005,1,9411182,2026-01-31 09:03:39,2026-01-31 09:03:39
W0000188,W0000037,1,3186871,2026-02-23 14:23:58,2026-02-23 14:23:58
W0000188,W0000084,1,3611139,2026-04-19 13:31:22,2026-04-19 13:31:22
W0000188,W0000089,1,31681506,2026-05-30 14:10:14,2026-05-30 14:10:14
W0000188,W0000119,1,46462942,2026-02-27 14:04:51,2026-02-27 14:04:51
W0000188,W0000150,2,59708569,2026-01-12 03:05:49,2026-02-17 10:04:53
W0000188,W0000167,1,15003262,2026-04-07 19:54:24,2026-04-07 19:54:24
W0000188,W0000179,1,22942221,2026-05-16 07:25:03,2026-05-16 07:25:03
W0000188,W0000180,1,8250593,2026-06-13 01:02:03,2026-06-13 01:02:03
W0000188,W0000206,1,5442752,2026-01-29 20:44:25,2026-01-29 20:44:25
W0000188,W0000222,1,20163037,2026-06-24 07:32:10,2026-06-24 07:32:10
W0000188,W0000288,1,3945817,2026-01-27 10:13:17,2026-01-27 10:13:17
W0000188,W0000321,1,3842401,2026-03-14 13:29:22,2026-03-14 13:29:22
W0000188,W0000350,1,18722161,2026-05-15 20:07:21,2026-05-15 20:07:21
W0000188,W0000378,1,22292014,2026-01-21 04:54:14,2026-01-21 04:54:14
W0000188,W0000380,1,5315667,2026-06-28 11:58:26,2026-06-28 11:58:26
W0000188,W0000417,1,2262098,2026-04-25 04:31:05,2026-04-25 04:31:05
W0000188,W0000461,1,7917389,2026-02-16 06:49:01,2026-02-16 06:49:01
W0000188,W0000469,1,12544302,2026-02-01 22:49:57,2026-02-01 22:49:57
W0000188,W0000470,1,10341726,2026-02-15 17:17:40,2026-02-15 17:17:40
W0000188,W0000493,1,8342262,2026-02-06 13:43:43,2026-02-06 13:43:43
W0000189,W0000005,1,8005480,2026-02-23 12:51:38,2026-02-23 12:51:38
W0000189,W0000083,1,2270096,2026-03-31 20:12:37,2026-03-31 20:12:37
W0000189,W0000099,1,11308246,2026-01-28 16:59:23,2026-01-28 16:59:23
W0000189,W0000109,1,15463752,2026-06-11 21:16:23,2026-06-11 21:16:23
W0000189,W0000116,1,7900143,2026-02-13 19:00:01,2026-02-13 19:00:01
W0000189,W0000143,1,11043504,2026-02-17 04:47:44,2026-02-17 04:47:44
W0000189,W0000158,1,29786806,2026-02-25 23:20:35,2026-02-25 23:20:35
W0000189,W0000173,1,2199691,2026-02-20 15:55:44,2026-02-20 15:55:44
W0000189,W0000176,1,5658582,2026-02-08 20:33:36,2026-02-08 20:33:36
W0000189,W0000208,1,3773142,2026-01-18 22:40:42,2026-01-18 22:40:42
W0000189,W0000238,1,3233916,2026-06-07 23:12:47,2026-06-07 23:12:47
W0000189,W0000259,1,1863614,2026-04-28 19:46:25,2026-04-28 19:46:25
W0000189,W0000267,1,11685824,2026-05-12 17:06:31,2026-05-12 17:06:31
W0000189,W0000273,1,33724242,2026-01-02 06:22:06,2026-01-02 06:22:06
W0000189,W0000309,1,4979498,2026-03-21 21:02:33,2026-03-21 21:02:33
W0000189,W0000349,1,3224072,2026-04-07 07:42:13,2026-04-07 07:42:13
W0000189,W0000370,1,10227084,2026-03-28 03:19:32,2026-03-28 03:19:32
W0000189,W0000377,1,22887993,2026-06-18 12:10:22,2026-06-18 12:10:22
W0000189,W0000389,1,2420141,2026-02-27 20:58:43,2026-02-27 20:58:43
W0000189,W0000483,1,8340343,2026-03-24 16:25:32,2026-03-24 16:25:32
W0000190,W0000024,1,5945623,2026-02-12 23:12:43,2026-02-12 23:12:43
W0000190,W0000060,1,38014513,2026-01-31 11:40:41,2026-01-31 11:40:41
W0000190,W0000061,1,2588697,2026-03-21 08:18:23,2026-03-21 08:18:23
W0000190,W0000077,1,6690075,2026-06-17 06:39:25,2026-06-17 06:39:25
W0000190,W0000103,1,12410870,2026-01-09 15:14:29,2026-01-09 15:14:29
W0000190,W0000173,1,13090366,2026-01-12 14:00:09,2026-01-12 14:00:09
W0000190,W0000226,1,5991387,2026-05-17 14:44:01,2026-05-17 14:44:01
W0000190,W0000239,1,4433267,2026-06-05 07:32:29,2026-06-05 07:32:29
W0000190,W0000310,1,7219562,2026-04-24 03:09:09,2026-04-24 03:09:09
W0000190,W0000313,1,877446,2026-05-02 18:54:20,2026-05-02 18:54:20
W0000190,W0000329,1,6587961,2026-04-04 03:36:36,2026-04-04 03:36:36
W0000190,W0000357,1,12303941,2026-04-15 12:13:59,2026-04-15 12:13:59
W0000190,W0000361,1,11715526,2026-04-08 04:58:09,2026-04-08 04:58:09
W0000190,W0000365,1,18113692,2026-03-04 03:00:21,2026-03-04 03:00:21
W0000190,W0000392,1,24887373,2026-04-17 00:09:25,2026-04-17 00:09:25
W0000190,W0000431,1,9695649,2026-02-13 06:07:30,2026-02-13 06:07:30
W0000190,W0000443,1,28725911,2026-05-30 04:34:54,2026-05-30 04:34:54
W0000190,W0000451,1,19761858,2026-03-04 10:52:21,2026-03-04 10:52:21
W0000190,W0000454,1,14728433,2026-04-14 23:03:20,2026-04-14 23:03:20
W0000190,W0000457,1,2153132,2026-05-04 07:49:28,2026-05-04 07:49:28
W0000191,W0000054,1,33702800,2026-06-10 01:37:42,2026-06-10 01:37:42
W0000191,W0000056,1,281476102,2026-01-01 09:00:47,2026-01-01 09:00:47
W0000191,W0000057,1,35539873,2026-04-24 10:17:36,2026-04-24 10:17:36
W0000191,W0000096,1,2266971,2026-02-08 00:53:01,2026-02-08 00:53:01
W0000191,W0000098,1,65995580,2026-03-14 19:32:17,2026-03-14 19:32:17
W0000191,W0000119,1,49672099,2026-03-29 05:08:25,2026-03-29 05:08:25
W0000191,W0000154,1,151736198,2026-05-31 15:09:32,2026-05-31 15:09:32
W0000191,W0000183,1,64229844,2026-05-04 18:37:32,2026-05-04 18:37:32
W0000191,W0000193,1,35700421,2026-01-28 14:55:03,2026-01-28 14:55:03
W0000191,W0000214,1,30184489,2026-05-10 03:06:09,2026-05-10 03:06:09
W0000191,W0000237,1,14394748,2026-04-20 01:21:01,2026-04-20 01:21:01
W0000191,W0000263,1,56211887,2026-06-21 13:06:32,2026-06-21 13:06:32
W0000191,W0000307,1,22125945,2026-05-16 19:23:02,2026-05-16 19:23:02
W0000191,W0000329,1,11841395,2026-01-26 00:27:28,2026-01-26 00:27:28
W0000191,W0000334,1,36093018,2026-03-18 23:05:08,2026-03-18 23:05:08
W0000191,W0000401,1,22457014,2026-01-02 20:53:34,2026-01-02 20:53:34
W0000192,W0000032,1,10567726,2026-06-30 10:47:31,2026-06-30 10:47:31
W0000192,W0000033,1,9689818,2026-02-08 10:35:24,2026-02-08 10:35:24
W0000192,W0000042,1,6395050,2026-03-23 23:04:54,2026-03-23 23:04:54
W0000192,W0000052,1,14240258,2026-03-15 21:55:40,2026-03-15 21:55:40
W0000192,W0000058,1,23533325,2026-03-24 06:57:50,2026-03-24 06:57:50
W0000192,W0000108,1,14896586,2026-01-14 19:59:04,2026-01-14 19:59:04
W0000192,W0000128,1,3241841,2026-03-11 10:01:11,2026-03-11 10:01:11
W0000192,W0000163,1,57353738,2026-06-29 12:38:32,2026-06-29 12:38:32
W0000192,W0000175,1,62699432,2026-03-12 03:59:39,2026-03-12 03:59:39
W0000192,W0000181,1,80220710,2026-06-16 22:59:26,2026-06-16 22:59:26
W0000192,W0000197,1,42501469,2026-06-28 02:03:57,2026-06-28 02:03:57
W0000192,W0000221,1,29978326,2026-04-15 03:55:58,2026-04-15 03:55:58
W0000192,W0000225,1,45209154,2026-02-11 06:35:16,2026-02-11 06:35:16
W0000192,W0000261,1,75275354,2026-06-20 19:15:59,2026-06-20 19:15:59
W0000192,W0000276,1,49950913,2026-05-29 20:11:52,2026-05-29 20:11:52
W0000192,W0000306,1,108907320,2026-02-27 22:59:55,2026-02-27 22:59:55
W0000192,W0000307,1,32151374,2026-06-29 19:37:45,2026-06-29 19:37:45
W0000192,W0000308,1,65977941,2026-06-02 18:42:09,2026-06-02 18:42:09
W0000192,W0000346,1,38112411,2026-02-12 10:26:38,2026-02-12 10:26:38
W0000192,W0000350,2,157697516,2026-02-14 17:44:21,2026-03-28 06:28:58
W0000192,W0000370,1,12506766,2026-06-23 19:25:44,2026-06-23 19:25:44
W0000192,W0000400,1,32604207,2026-01-18 23:33:59,2026-01-18 23:33:59
W0000192,W0000414,1,15297998,2026-03-07 11:58:25,2026-03-07 11:58:25
W0000192,W0000418,1,54359072,2026-03-22 07:27:20,2026-03-22 07:27:20
W0000192,W0000426,1,39942435,2026-05-25 13:41:04,2026-05-25 13:41:04
W0000192,W0000458,1,18636831,2026-06-14 06:31:12,2026-06-14 06:31:12
W0000192,W0000475,1,34279803,2026-03-18 15:12:03,2026-03-18 15:12:03
W0000193,W0000048,1,7454285,2026-03-20 21:38:18,2026-03-20 21:38:18
W0000193,W0000079,1,17339823,2026-02-20 20:02:46,2026-02-20 20:02:46
W0000193,W0000124,1,13187242,2026-05-31 23:03:58,2026-05-31 23:03:58
W0000193,W0000175,1,2449248,2026-03-02 12:20:07,2026-03-02 12:20:07
W0000193,W0000192,1,13580826,2026-04-06 17:25:56,2026-04-06 17:25:56
W0000193,W0000243,1,19382087,2026-05-14 09:36:03,2026-05-14 09:36:03
W0000193,W0000250,1,1583238,2026-06-18 11:22:41,2026-06-18 11:22:41
W0000193,W0000251,1,16105381,2026-03-11 08:03:32,2026-03-11 08:03:32
W0000193,W0000286,1,4139972,2026-03-16 06:10:50,2026-03-16 06:10:50
W0000193,W0000321,1,4447990,2026-05-13 02:53:24,2026-05-13 02:53:24
W0000193,W0000373,1,12280094,2026-02-17 10:31:22,2026-02-17 10:31:22
W0000193,W0000374,1,31310322,2026-02-09 20:16:30,2026-02-09 20:16:30
W0000193,W0000375,1,11383786,2026-04-26 01:48:56,2026-04-26 01:48:56
W0000193,W0000386,1,2657090,2026-04-12 18:46:10,2026-04-12 18:46:10
W0000193,W0000387,1,14139323,2026-05-07 13:43:32,2026-05-07 13:43:32
W0000193,W0000413,1,13148817,2026-06-02 06:15:56,2026-06-02 06:15:56
W0000193,W0000421,1,6777781,2026-02-27 21:36:20,2026-02-27 21:36:20
W0000193,W0000444,1,12331487,2026-04-03 06:10:50,2026-04-03 06:10:50
W0000193,W0000473,1,24184944,2026-02-27 13:32:22,2026-02-27 13:32:22
W0000193,W0000493,1,19096189,2026-01-10 20:49:32,2026-01-10 20:49:32
W0000194,W0000007,1,11935920,2026-06-14 06:47:40,2026-06-14 06:47:40
W0000194,W0000041,1,9471527,2026-02-16 12:26:20,2026-02-16 12:26:20
W0000194,W0000115,1,4608040,2026-03-19 22:52:52,2026-03-19 22:52:52
W0000194,W0000127,1,8207469,2026-04-11 06:50:23,2026-04-11 06:50:23
W0000194,W0000134,1,6606994,2026-05-21 12:47:52,2026-05-21 12:47:52
W0000194,W0000145,1,9724408,2026-03-23 04:47:29,2026-03-23 04:47:29
W0000194,W0000166,1,11290368,2026-06-06 23:04:29,2026-06-06 23:04:29
W0000194,W0000173,1,22783506,2026-06-01 01:41:31,2026-06-01 01:41:31
W0000194,W0000220,1,22320628,2026-04-09 04:36:49,2026-04-09 04:36:49
W0000194,W0000256,1,10258030,2026-04-01 10:19:36,2026-04-01 10:19:36
W0000194,W0000261,1,5232306,2026-04-10 10:01:24,2026-04-10 10:01:24
W0000194,W0000306,1,3144963,2026-05-07 12:01:55,2026-05-07 12:01:55
W0000194,W0000312,1,4824761,2026-01-22 09:33:54,2026-01-22 09:33:54
W0000194,W0000341,1,7496996,2026-04-10 21:08:51,2026-04-10 21:08:51
W0000194,W0000348,1,4337594,2026-04-11 03:26:14,2026-04-11 03:26:14
W0000194,W0000354,1,20694347,2026-06-21 05:59:35,2026-06-21 05:59:35
W0000194,W0000363,1,31998095,2026-03-02 12:54:55,2026-03-02 12:54:55
W0000194,W0000386,1,6500869,2026-02-10 22:00:13,2026-02-10 22:00:13
W0000194,W0000403,1,16290849,2026-06-08 19:47:58,2026-06-08 19:47:58
W0000194,W0000430,1,2039397,2026-06-24 10:39:19,2026-06-24 10:39:19
W0000194,W0000463,1,3158668,2026-01-21 07:31:54,2026-01-21 07:31:54
W0000194,W0000492,1,23931882,2026-06-17 22:31:13,2026-06-17 22:31:13
W0000195,W0000015,1,2559231,2026-06-29 22:16:02,2026-06-29 22:16:02
W0000195,W0000072,2,35959444,2026-01-16 07:32:30,2026-06-17 03:48:24
W0000195,W0000080,1,25946038,2026-04-09 22:36:53,2026-04-09 22:36:53
W0000195,W0000088,1,19559350,2026-04-24 07:05:20,2026-04-24 07:05:20
W0000195,W0000177,1,10665300,2026-03-21 23:43:51,2026-03-21 23:43:51
W0000195,W0000329,1,8803105,2026-04-29 14:31:37,2026-04-29 14:31:37
W0000195,W0000346,1,526270,2026-04-30 10:10:07,2026-04-30 10:10:07
W0000195,W0000413,1,36059393,2026-03-24 09:01:02,2026-03-24 09:01:02
W0000195,W0000429,1,3796437,2026-05-15 21:42:22,2026-05-15 21:42:22
W0000196,W0000011,1,22068847,2026-06-09 17:13:31,2026-06-09 17:13:31
W0000196,W0000023,1,9567308,2026-01-14 16:00:41,2026-01-14 16:00:41
W0000196,W0000030,1,62648526,2026-04-17 00:38:29,2026-04-17 00:38:29
W0000196,W0000039,1,24512055,2026-01-26 19:47:44,2026-01-26 19:47:44
W0000196,W0000041,1,23899526,2026-01-03 01:26:40,2026-01-03 01:26:40
W0000196,W0000054,1,3428600,2026-02-21 01:08:39,2026-02-21 01:08:39
W0000196,W0000067,1,130655234,2026-01-09 03:02:25,2026-01-09 03:02:25
W0000196,W0000076,1,5615422,2026-02-13 09:20:02,2026-02-13 09:20:02
W0000196,W0000092,1,2634552,2026-06-27 17:55:12,2026-06-27 17:55:12
W0000196,W0000119,1,24657431,2026-05-06 14:00:06,2026-05-06 14:00:06
W0000196,W0000132,1,16597424,2026-05-04 04:04:41,2026-05-04 04:04:41
W0000196,W0000134,1,18480610,2026-03-16 18:29:15,2026-03-16 18:29:15
W0000196,W0000177,1,41765970,2026-02-12 16:39:09,2026-02-12 16:39:09
W0000196,W0000189,1,7047380,2026-03-17 18:26:51,2026-03-17 18:26:51
W0000196,W0000225,1,21006915,2026-06-24 22:56:56,2026-06-24 22:56:56
W0000196,W0000252,1,6039993,2026-04-06 16:35:22,2026-04-06 16:35:22
W0000196,W0000254,1,3543218,2026-05-22 15:02:47,2026-05-22 15:02:47
W0000196,W0000293,1,18075369,2026-01-29 08:27:31,2026-01-29 08:27:31
W0000196,W0000340,1,18112707,2026-04-14 14:08:23,2026-04-14 14:08:23
W0000196,W0000341,1,23539358,2026-03-24 05:18:38,2026-03-24 05:18:38
W0000196,W0000392,1,68219492,2026-01-07 18:05:44,2026-01-07 18:05:44
W0000196,W0000460,1,9364547,2026-03-25 00:39:07,2026-03-25 00:39:07
W0000196,W0000498,1,14759619,2026-02-02 07:32:10,2026-02-02 07:32:10
W0000197,W0000011,1,60881616,2026-02-09 11:40:27,2026-02-09 11:40:27
W0000197,W0000092,1,9640482,2026-01-09 03:25:42,2026-01-09 03:25:42
W0000197,W0000117,1,2923976,2026-04-24 06:03:01,2026-04-24 06:03:01
W0000197,W0000120,2,17679362,2026-03-23 03:46:45,2026-04-19 01:08:54
W0000197,W0000146,1,7530007,2026-03-27 22:42:24,2026-03-27 22:42:24
W0000197,W0000158,1,12591499,2026-01-10 05:06:48,2026-01-10 05:06:48
W0000197,W0000168,1,1122183,2026-04-13 04:17:30,2026-04-13 04:17:30
W0000197,W0000199,1,5487164,2026-05-30 04:36:03,2026-05-30 04:36:03
W0000197,W0000247,1,7173789,2026-06-19 18:15:43,2026-06-19 18:15:43
W0000197,W0000257,1,5846791,2026-01-21 03:21:29,2026-01-21 03:21:29
W0000197,W0000259,1,12560642,2026-04-14 02:06:06,2026-04-14 02:06:06
W0000197,W0000272,1,2846688,2026-05-20 21:30:07,2026-05-20 21:30:07
W0000197,W0000275,1,23848903,2026-03-14 10:46:42,2026-03-14 10:46:42
W0000197,W0000287,1,33219823,2026-01-01 21:43:38,2026-01-01 21:43:38
W0000197,W0000323,1,2494145,2026-03-11 01:30:26,2026-03-11 01:30:26
W0000197,W0000349,1,4273679,2026-05-08 23:53:57,2026-05-08 23:53:57
W0000197,W0000358,1,17737931,2026-02-14 21:53:09,2026-02-14 21:53:09
W0000197,W0000368,1,6034743,2026-04-23 05:05:57,2026-04-23 05:05:57
W0000197,W0000381,1,55082788,2026-06-09 07:20:27,2026-06-09 07:20:27
W0000197,W0000396,1,4387512,2026-04-01 06:50:20,2026-04-01 06:50:20
W0000197,W0000445,1,7964717,2026-04-30 09:44:38,2026-04-30 09:44:38
W0000197,W0000474,1,8623791,2026-03-27 10:53:20,2026-03-27 10:53:20
W0000197,W0000496,1,40797685,2026-05-16 13:00:52,2026-05-16 13:00:52
W0000198,W0000028,1,16035654,2026-03-11 20:32:01,2026-03-11 20:32:01
W0000198,W0000030,1,3701487,2026-01-13 03:11:13,2026-01-13 03:11:13
W0000198,W0000045,1,5588646,2026-04-06 08:35:01,2026-04-06 08:35:01
W0000198,W0000071,1,68330323,2026-02-14 00:04:16,2026-02-14 00:04:16
W0000198,W0000101,1,13897505,2026-02-05 01:59:38,2026-02-05 01:59:38
W0000198,W0000108,1,8628439,2026-05-02 22:20:06,2026-05-02 22:20:06
W0000198,W0000123,1,36391122,2026-01-03 16:20:54,2026-01-03 16:20:54
W0000198,W0000127,1,24810239,2026-06-25 00:47:55,2026-06-25 00:47:55
W0000198,W0000175,1,41498862,2026-02-11 11:20:25,2026-02-11 11:20:25
W0000198,W0000202,1,26101714,2026-04-30 17:55:15,2026-04-30 17:55:15
W0000198,W0000205,1,7682659,2026-02-21 07:52:12,2026-02-21 07:52:12
W0000198,W0000287,1,2070854,2026-01-28 10:15:50,2026-01-28 10:15:50
W0000198,W0000336,1,18716501,2026-04-27 01:39:29,2026-04-27 01:39:29
W0000198,W0000343,1,36020161,2026-06-01 10:36:16,2026-06-01 10:36:16
W0000198,W0000370,1,6662608,2026-03-01 12:21:07,2026-03-01 12:21:07
W0000198,W0000418,1,11102242,2026-03-19 16:57:39,2026-03-19 16:57:39
W0000198,W0000425,1,6042314,2026-02-15 21:43:55,2026-02-15 21:43:55
W0000198,W0000462,1,9089558,2026-04-10 22:53:47,2026-04-10 22:53:47
W0000198,W0000495,1,14036086,2026-06-09 22:56:06,2026-06-09 22:56:06
W0000199,W0000003,1,71829081,2026-04-18 05:18:55,2026-04-18 05:18:55
W0000199,W0000010,2,15685654,2026-04-19 13:49:33,2026-06-13 16:13:00
W0000199,W0000059,1,5930675,2026-05-30 03:23:34,2026-05-30 03:23:34
W0000199,W0000062,1,21292217,2026-05-28 23:59:55,2026-05-28 23:59:55
W0000199,W0000084,1,6906635,2026-03-18 07:08:12,2026-03-18 07:08:12
W0000199,W0000145,1,2767728,2026-03-19 12:51:11,2026-03-19 12:51:11
W0000199,W0000157,1,8547617,2026-03-08 12:37:32,2026-03-08 12:37:32
W0000199,W0000196,1,10108050,2026-01-27 21:30:03,2026-01-27 21:30:03
W0000199,W0000208,1,5652425,2026-02-17 14:05:59,2026-02-17 14:05:59
W0000199,W0000216,1,9237230,2026-05-14 09:58:07,2026-05-14 09:58:07
W0000199,W0000222,1,6639565,2026-06-01 02:00:32,2026-06-01 02:00:32
W0000199,W0000231,1,31949519,2026-01-30 01:56:54,2026-01-30 01:56:54
W0000199,W0000273,1,5475822,2026-01-24 15:24:28,2026-01-24 15:24:28
W0000199,W0000305,1,13415536,2026-01-21 01:12:57,2026-01-21 01:12:57
W0000199,W0000312,1,10829922,2026-04-08 21:19:24,2026-04-08 21:19:24
W0000199,W0000341,2,15734746,2026-03-12 19:06:30,2026-05-17 04:16:24
W0000199,W0000362,1,11622591,2026-03-20 06:02:23,2026-03-20 06:02:23
W0000199,W0000421,1,10417523,2026-06-08 04:47:56,2026-06-08 04:47:56
W0000199,W0000431,1,8104408,2026-02-03 17:33:24,2026-02-03 17:33:24
W0000199,W0000454,1,5382646,2026-06-09 14:32:53,2026-06-09 14:32:53
W0000199,W0000464,1,7033560,2026-01-05 05:48:59,2026-01-05 05:48:59
W0000199,W0000488,1,22982056,2026-03-02 06:22:29,2026-03-02 06:22:29
W0000199,W0000495,1,8748581,2026-01-23 19:30:17,2026-01-23 19:30:17
W0000199,W0000499,1,18938688,2026-03-05 06:06:45,2026-03-05 06:06:45
W0000200,W0000003,1,10370011,2026-06-30 13:11:42,2026-06-30 13:11:42
W0000200,W0000009,1,58408114,2026-02-23 08:16:11,2026-02-23 08:16:11
W0000200,W0000016,1,10528816,2026-04-22 20:22:17,2026-04-22 20:22:17
W0000200,W0000022,1,22936691,2026-05-20 03:27:42,2026-05-20 03:27:42
W0000200,W0000048,1,19773873,2026-04-07 01:44:08,2026-04-07 01:44:08
W0000200,W0000057,1,38749804,2026-02-03 14:12:29,2026-02-03 14:12:29
W0000200,W0000067,1,42673013,2026-04-04 19:57:26,2026-04-04 19:57:26
W0000200,W0000073,1,11616187,2026-03-04 22:57:51,2026-03-04 22:57:51
W0000200,W0000109,1,3793106,2026-06-27 12:29:23,2026-06-27 12:29:23
W0000200,W0000185,1,1680270,2026-04-06 08:01:39,2026-04-06 08:01:39
W0000200,W0000206,1,61981207,2026-05-22 15:10:21,2026-05-22 15:10:21
W0000200,W0000224,1,1946048,2026-05-25 00:38:42,2026-05-25 00:38:42
W0000200,W0000293,1,3596874,2026-06-14 20:00:45,2026-06-14 20:00:45
W0000200,W0000306,1,9054856,2026-01-27 21:04:12,2026-01-27 21:04:12
W0000200,W0000329,1,2394993,2026-01-14 10:18:07,2026-01-14 10:18:07
W0000200,W0000349,1,1884978,2026-01-04 08:33:31,2026-01-04 08:33:31
W0000200,W0000412,1,1982815,2026-05-16 12:40:39,2026-05-16 12:40:39
W0000200,W0000467,1,26475458,2026-06-06 20:26:44,2026-06-06 20:26:44
W0000200,W0000483,1,1891991,2026-03-21 14:44:26,2026-03-21 14:44:26
W0000200,W0000485,1,14409024,2026-05-09 19:40:43,2026-05-09 19:40:43
W0000200,W0000488,1,16551874,2026-03-18 11:18:44,2026-03-18 11:18:44
W0000201,W0000017,1,19196039,2026-02-24 03:53:49,2026-02-24 03:53:49
W0000201,W0000028,1,3762172,2026-06-04 03:16:25,2026-06-04 03:16:25
W0000201,W0000055,1,13507009,2026-02-19 11:19:10,2026-02-19 11:19:10
W0000201,W0000056,1,3060511,2026-06-04 11:28:52,2026-06-04 11:28:52
W0000201,W0000109,1,49869399,2026-03-06 23:23:29,2026-03-06 23:23:29
W0000201,W0000110,1,3924402,2026-06-01 05:59:58,2026-06-01 05:59:58
W0000201,W0000119,1,16746635,2026-04-10 23:45:10,2026-04-10 23:45:10
W0000201,W0000133,1,4800048,2026-01-19 04:59:31,2026-01-19 04:59:31
W0000201,W0000177,1,12637614,2026-04-19 08:14:09,2026-04-19 08:14:09
W0000201,W0000184,1,1666754,2026-05-22 08:14:22,2026-05-22 08:14:22
W0000201,W0000200,1,15514000,2026-01-11 17:01:18,2026-01-11 17:01:18
W0000201,W0000217,1,42380188,2026-01-13 20:53:38,2026-01-13 20:53:38
W0000201,W0000232,1,10737653,2026-05-11 19:15:15,2026-05-11 19:15:15
W0000201,W0000296,1,3596960,2026-02-15 17:22:12,2026-02-15 17:22:12
W0000201,W0000345,1,24522405,2026-05-12 12:50:03,2026-05-12 12:50:03
W0000201,W0000355,1,4390356,2026-05-10 15:36:44,2026-05-10 15:36:44
W0000201,W0000378,1,19084405,2026-06-24 13:25:50,2026-06-24 13:25:50
W0000201,W0000396,1,3739582,2026-01-07 06:54:52,2026-01-07 06:54:52
W0000201,W0000411,1,8931340,2026-02-18 10:41:14,2026-02-18 10:41:14
W0000201,W0000437,1,2518935,2026-04-10 11:26:52,2026-04-10 11:26:52
W0000201,W0000495,1,24667493,2026-03-16 02:10:07,2026-03-16 02:10:07
W0000201,W0000496,1,3056964,2026-06-10 07:25:56,2026-06-10 07:25:56
W0000202,W0000025,1,2956874,2026-06-14 09:08:56,2026-06-14 09:08:56
W0000202,W0000078,1,9439326,2026-05-09 03:51:19,2026-05-09 03:51:19
W0000202,W0000082,1,4218569,2026-03-02 21:18:16,2026-03-02 21:18:16
W0000202,W0000101,1,4981319,2026-05-05 18:13:09,2026-05-05 18:13:09
W0000202,W0000102,1,7764607,2026-01-12 10:26:14,2026-01-12 10:26:14
W0000202,W0000108,1,10512796,2026-04-25 22:19:07,2026-04-25 22:19:07
W0000202,W0000115,1,58708149,2026-02-19 17:32:15,2026-02-19 17:32:15
W0000202,W0000147,1,15177227,2026-03-28 12:22:58,2026-03-28 12:22:58
W0000202,W0000149,1,11936922,2026-01-01 15:34:19,2026-01-01 15:34:19
W0000202,W0000154,1,31924990,2026-05-18 15:59:14,2026-05-18 15:59:14
W0000202,W0000197,1,65329634,2026-02-22 02:28:13,2026-02-22 02:28:13
W0000202,W0000203,1,6557225,2026-03-10 13:11:31,2026-03-10 13:11:31
W0000202,W0000232,1,5022729,2026-04-25 15:04:10,2026-04-25 15:04:10
W0000202,W0000305,1,10660117,2026-01-02 09:45:08,2026-01-02 09:45:08
W0000202,W0000316,1,22083480,2026-06-12 18:51:01,2026-06-12 18:51:01
W0000202,W0000358,1,46666606,2026-05-21 03:53:29,2026-05-21 03:53:29
W0000202,W0000364,1,9182312,2026-04-28 07:59:54,2026-04-28 07:59:54
W0000202,W0000374,1,11524260,2026-04-12 02:13:01,2026-04-12 02:13:01
W0000202,W0000399,1,3100275,2026-01-15 11:53:01,2026-01-15 11:53:01
W0000202,W0000410,1,24810964,2026-03-07 00:10:55,2026-03-07 00:10:55
W0000202,W0000432,1,37766626,2026-01-11 14:00:39,2026-01-11 14:00:39
W0000202,W0000448,1,14299488,2026-05-16 02:16:44,2026-05-16 02:16:44
W0000202,W0000450,1,1950734,2026-04-01 19:08:28,2026-04-01 19:08:28
W0000202,W0000477,1,2013704,2026-06-12 12:35:47,2026-06-12 12:35:47
W0000203,W0000014,1,11720019,2026-04-20 09:41:44,2026-04-20 09:41:44
W0000203,W0000023,1,10553278,2026-01-19 08:28:39,2026-01-19 08:28:39
W0000203,W0000034,1,4302746,2026-06-18 05:10:25,2026-06-18 05:10:25
W0000203,W0000069,1,24448061,2026-03-18 17:36:45,2026-03-18 17:36:45
W0000203,W0000081,1,359418,2026-05-25 20:39:56,2026-05-25 20:39:56
W0000203,W0000088,1,57144320,2026-03-31 08:30:54,2026-03-31 08:30:54
W0000203,W0000118,1,8300488,2026-02-01 08:11:52,2026-02-01 08:11:52
W0000203,W0000184,1,6757428,2026-01-16 07:55:21,2026-01-16 07:55:21
W0000203,W0000248,1,5023862,2026-03-10 03:18:47,2026-03-10 03:18:47
W0000203,W0000280,1,17386292,2026-03-26 12:27:04,2026-03-26 12:27:04
W0000203,W0000297,1,55481580,2026-01-08 13:43:23,2026-01-08 13:43:23
W0000203,W0000335,1,6459433,2026-01-13 22:50:38,2026-01-13 22:50:38
W0000203,W0000338,1,4087515,2026-04-08 06:50:50,2026-04-08 06:50:50
W0000203,W0000355,1,43484910,2026-02-27 13:41:21,2026-02-27 13:41:21
W0000203,W0000394,1,31456919,2026-05-09 17:37:53,2026-05-09 17:37:53
W0000203,W0000437,1,22013647,2026-05-24 17:06:22,2026-05-24 17:06:22
W0000203,W0000449,1,15601279,2026-03-04 09:55:45,2026-03-04 09:55:45
W0000203,W0000462,1,19099658,2026-03-29 23:31:09,2026-03-29 23:31:09
W0000203,W0000494,1,43773416,2026-06-21 02:37:21,2026-06-21 02:37:21
W0000203,W0000495,1,17225182,2026-06-18 23:32:43,2026-06-18 23:32:43
W0000204,W0000006,1,18692240,2026-06-14 15:52:54,2026-06-14 15:52:54
W0000204,W0000017,1,12979854,2026-04-09 16:12:48,2026-04-09 16:12:48
W0000204,W0000029,1,4098659,2026-05-10 01:29:45,2026-05-10 01:29:45
W0000204,W0000046,1,2604370,2026-02-12 06:38:46,2026-02-12 06:38:46
W0000204,W0000230,1,26666290,2026-04-20 08:29:04,2026-04-20 08:29:04
W0000204,W0000264,1,4284562,2026-01-25 02:55:11,2026-01-25 02:55:11
W0000204,W0000275,1,1437778,2026-03-08 08:13:29,2026-03-08 08:13:29
W0000204,W0000290,1,11680547,2026-04-03 10:12:44,2026-04-03 10:12:44
W0000204,W0000293,1,7783298,2026-06-22 19:01:04,2026-06-22 19:01:04
W0000204,W0000298,1,29598968,2026-04-27 02:32:52,2026-04-27 02:32:52
W0000204,W0000354,1,1243641,2026-03-09 01:08:39,2026-03-09 01:08:39
W0000204,W0000381,1,93274394,2026-04-28 14:19:01,2026-04-28 14:19:01
W0000204,W0000413,1,9126308,2026-01-18 12:50:30,2026-01-18 12:50:30
W0000204,W0000414,1,13613139,2026-04-10 00:17:14,2026-04-10 00:17:14
W0000204,W0000438,1,2594375,2026-05-11 22:44:01,2026-05-11 22:44:01
W0000204,W0000440,1,7637414,2026-03-30 23:10:01,2026-03-30 23:10:01
W0000204,W0000460,1,16478412,2026-01-18 16:43:43,2026-01-18 16:43:43
W0000204,W0000467,1,19129023,2026-01-02 17:32:21,2026-01-02 17:32:21
W0000204,W0000472,1,33207555,2026-03-06 13:30:07,2026-03-06 13:30:07
W0000205,W0000051,1,14080553,2026-06-28 16:24:55,2026-06-28 16:24:55
W0000205,W0000055,1,21095543,2026-01-12 11:30:34,2026-01-12 11:30:34
W0000205,W0000061,1,15357056,2026-02-27 03:10:53,2026-02-27 03:10:53
W0000205,W0000080,1,25944662,2026-01-02 04:35:37,2026-01-02 04:35:37
W0000205,W0000105,2,53970750,2026-03-04 04:27:52,2026-04-04 08:42:57
W0000205,W0000129,1,12487364,2026-05-14 09:55:11,2026-05-14 09:55:11
W0000205,W0000159,1,10869242,2026-01-19 05:33:56,2026-01-19 05:33:56
W0000205,W0000191,1,61987527,2026-03-09 22:38:01,2026-03-09 22:38:01
W0000205,W0000195,1,16592593,2026-01-06 13:39:29,2026-01-06 13:39:29
W0000205,W0000224,1,14105507,2026-05-09 12:04:52,2026-05-09 12:04:52
W0000205,W0000234,1,2045129,2026-04-05 15:51:46,2026-04-05 15:51:46
W0000205,W0000249,1,9787416,2026-04-05 11:46:17,2026-04-05 11:46:17
W0000205,W0000310,1,20046552,2026-04-08 14:23:49,2026-04-08 14:23:49
W0000205,W0000323,1,6646208,2026-03-25 20:19:17,2026-03-25 20:19:17
W0000205,W0000335,1,2609624,2026-04-24 08:16:02,2026-04-24 08:16:02
W0000205,W0000351,1,4366496,2026-02-16 02:44:40,2026-02-16 02:44:40
W0000205,W0000370,1,17451975,2026-05-22 19:48:31,2026-05-22 19:48:31
W0000205,W0000386,1,8211962,2026-01-25 10:59:15,2026-01-25 10:59:15
W0000205,W0000454,1,2541393,2026-05-25 22:57:24,2026-05-25 22:57:24
W0000205,W0000497,1,3567463,2026-03-11 21:56:32,2026-03-11 21:56:32
W0000206,W0000001,1,2643093,2026-06-03 15:27:30,2026-06-03 15:27:30
W0000206,W0000055,1,46940291,2026-03-31 22:07:25,2026-03-31 22:07:25
W0000206,W0000056,1,10669030,2026-06-26 15:30:47,2026-06-26 15:30:47
W0000206,W0000071,1,14317810,2026-04-19 05:42:10,2026-04-19 05:42:10
W0000206,W0000072,1,9429538,2026-03-24 05:23:24,2026-03-24 05:23:24
W0000206,W0000106,1,3635928,2026-05-04 19:19:03,2026-05-04 19:19:03
W0000206,W0000116,1,5912050,2026-01-31 09:52:31,2026-01-31 09:52:31
W0000206,W0000138,1,7004010,2026-04-14 05:05:09,2026-04-14 05:05:09
W0000206,W0000143,1,2833243,2026-03-03 20:13:24,2026-03-03 20:13:24
W0000206,W0000156,1,2720340,2026-05-26 17:33:21,2026-05-26 17:33:21
W0000206,W0000170,1,4327281,2026-01-23 07:07:05,2026-01-23 07:07:05
W0000206,W0000178,1,12233117,2026-01-19 03:54:12,2026-01-19 03:54:12
W0000206,W0000181,1,39091556,2026-06-03 12:24:04,2026-06-03 12:24:04
W0000206,W0000187,1,8679118,2026-02-27 12:35:44,2026-02-27 12:35:44
W0000206,W0000190,1,8864412,2026-06-30 15:12:24,2026-06-30 15:12:24
W0000206,W0000203,1,1423447,2026-05-18 14:05:23,2026-05-18 14:05:23
W0000206,W0000263,1,4973720,2026-02-18 09:13:08,2026-02-18 09:13:08
W0000206,W0000372,1,11334205,2026-06-20 07:31:21,2026-06-20 07:31:21
W0000206,W0000387,1,314479,2026-06-17 21:14:51,2026-06-17 21:14:51
W0000206,W0000417,1,2540007,2026-06-22 01:24:11,2026-06-22 01:24:11
W0000206,W0000446,1,4332318,2026-04-03 12:23:51,2026-04-03 12:23:51
W0000206,W0000449,1,8314058,2026-04-22 20:57:58,2026-04-22 20:57:58
W0000206,W0000454,1,4938929,2026-05-02 07:22:26,2026-05-02 07:22:26
W0000206,W0000458,1,18426569,2026-06-10 09:13:41,2026-06-10 09:13:41
W0000206,W0000465,1,24092165,2026-01-20 09:25:27,2026-01-20 09:25:27
W0000207,W0000045,1,4434354,2026-02-04 08:36:20,2026-02-04 08:36:20
W0000207,W0000061,2,41106181,2026-04-05 21:09:42,2026-05-16 22:45:22
W0000207,W0000067,1,2955444,2026-03-29 08:27:40,2026-03-29 08:27:40
W0000207,W0000139,1,13427926,2026-03-30 13:07:09,2026-03-30 13:07:09
W0000207,W0000160,1,16420161,2026-02-12 04:15:04,2026-02-12 04:15:04
W0000207,W0000238,1,24730627,2026-06-19 21:22:48,2026-06-19 21:22:48
W0000207,W0000239,1,855147,2026-06-29 12:43:00,2026-06-29 12:43:00
W0000207,W0000275,1,5714637,2026-06-22 06:42:16,2026-06-22 06:42:16
W0000207,W0000286,1,25068656,2026-06-03 08:12:18,2026-06-03 08:12:18
W0000207,W0000301,1,201116,2026-06-22 02:00:27,2026-06-22 02:00:27
W0000207,W0000304,1,8221079,2026-05-05 17:03:45,2026-05-05 17:03:45
W0000207,W0000317,1,12723868,2026-03-16 18:23:36,2026-03-16 18:23:36
W0000207,W0000355,1,7105480,2026-03-05 07:38:26,2026-03-05 07:38:26
W0000207,W0000364,1,12860947,2026-01-15 10:38:20,2026-01-15 10:38:20
W0000207,W0000373,1,17293967,2026-06-09 23:33:29,2026-06-09 23:33:29
W0000207,W0000381,1,735356,2026-05-14 07:35:52,2026-05-14 07:35:52
W0000207,W0000438,1,2566976,2026-01-07 20:09:29,2026-01-07 20:09:29
W0000207,W0000492,1,4870733,2026-05-05 17:05:18,2026-05-05 17:05:18
W0000207,W0000497,1,3882519,2026-05-24 07:14:31,2026-05-24 07:14:31
W0000208,W0000010,1,10043965,2026-02-21 16:14:04,2026-02-21 16:14:04
W0000208,W0000013,1,821953,2026-06-11 04:06:04,2026-06-11 04:06:04
W0000208,W0000016,1,6469864,2026-01-03 19:34:25,2026-01-03 19:34:25
W0000208,W0000057,1,16098935,2026-03-30 06:30:59,2026-03-30 06:30:59
W0000208,W0000063,1,6258638,2026-04-02 07:54:39,2026-04-02 07:54:39
W0000208,W0000075,1,6433760,2026-04-14 11:09:26,2026-04-14 11:09:26
W0000208,W0000109,1,12684886,2026-04-18 02:36:51,2026-04-18 02:36:51
W0000208,W0000116,1,44593675,2026-06-15 23:43:11,2026-06-15 23:43:11
W0000208,W0000134,1,59797757,2026-02-25 07:44:07,2026-02-25 07:44:07
W0000208,W0000214,1,5739278,2026-01-07 10:32:17,2026-01-07 10:32:17
W0000208,W0000226,1,15305484,2026-05-12 23:32:50,2026-05-12 23:32:50
W0000208,W0000229,1,3030862,2026-03-16 06:44:49,2026-03-16 06:44:49
W0000208,W0000267,1,7565405,2026-04-04 11:09:29,2026-04-04 11:09:29
W0000208,W0000290,1,21471028,2026-05-05 05:51:51,2026-05-05 05:51:51
W0000208,W0000346,1,28699899,2026-05-01 22:28:36,2026-05-01 22:28:36
W0000208,W0000389,1,11700100,2026-04-02 15:41:52,2026-04-02 15:41:52
W0000208,W0000432,1,21489193,2026-02-20 05:55:33,2026-02-20 05:55:33
W0000208,W0000455,1,17005102,2026-02-08 19:35:03,2026-02-08 19:35:03
W0000208,W0000457,1,18694733,2026-03-24 06:09:19,2026-03-24 06:09:19
W0000208,W0000495,1,32035664,2026-02-15 02:25:02,2026-02-15 02:25:02
W0000209,W0000003,1,9989133,2026-02-05 03:36:21,2026-02-05 03:36:21
W0000209,W0000063,1,25630334,2026-02-01 09:15:04,2026-02-01 09:15:04
W0000209,W0000096,1,7696974,2026-05-29 01:40:41,2026-05-29 01:40:41
W0000209,W0000123,1,33642712,2026-03-02 08:56:19,2026-03-02 08:56:19
W0000209,W0000161,1,37930823,2026-05-02 09:12:32,2026-05-02 09:12:32
W0000209,W0000208,1,2644026,2026-04-07 13:41:52,2026-04-07 13:41:52
W0000209,W0000226,1,44595182,2026-04-17 18:09:55,2026-04-17 18:09:55
W0000209,W0000227,1,848068,2026-06-15 05:14:03,2026-06-15 05:14:03
W0000209,W0000285,1,6371276,2026-02-14 07:06:33,2026-02-14 07:06:33
W0000209,W0000293,1,8975033,2026-02-24 06:26:48,2026-02-24 06:26:48
W0000209,W0000346,1,6946058,2026-05-23 19:08:03,2026-05-23 19:08:03
W0000209,W0000357,1,12197276,2026-03-27 05:47:10,2026-03-27 05:47:10
W0000209,W0000411,1,10337189,2026-01-11 21:00:00,2026-01-11 21:00:00
W0000209,W0000421,1,19396789,2026-06-10 06:29:40,2026-06-10 06:29:40
W0000209,W0000451,1,2963135,2026-02-23 13:35:50,2026-02-23 13:35:50
W0000209,W0000460,1,7135229,2026-04-28 11:33:29,2026-04-28 11:33:29
W0000210,W0000010,1,1877374,2026-04-15 03:46:41,2026-04-15 03:46:41
W0000210,W0000038,1,26669914,2026-03-03 13:27:21,2026-03-03 13:27:21
W0000210,W0000043,1,3558547,2026-03-19 08:29:09,2026-03-19 08:29:09
W0000210,W0000057,1,1427810,2026-05-08 22:39:17,2026-05-08 22:39:17
W0000210,W0000080,1,30219834,2026-04-24 16:01:22,2026-04-24 16:01:22
W0000210,W0000084,1,31399781,2026-05-27 23:14:02,2026-05-27 23:14:02
W0000210,W0000103,1,45729730,2026-05-04 01:51:07,2026-05-04 01:51:07
W0000210,W0000111,1,22222551,2026-03-29 12:15:55,2026-03-29 12:15:55
W0000210,W0000149,1,7707055,2026-02-03 01:11:42,2026-02-03 01:11:42
W0000210,W0000151,1,3609348,2026-01-12 02:52:00,2026-01-12 02:52:00
W0000210,W0000167,1,12192015,2026-02-02 07:45:16,2026-02-02 07:45:16
W0000210,W0000168,1,14519557,2026-04-29 21:05:02,2026-04-29 21:05:02
W0000210,W0000181,1,16692173,2026-01-15 20:15:13,2026-01-15 20:15:13
W0000210,W0000211,1,4797029,2026-01-05 02:18:14,2026-01-05 02:18:14
W0000210,W0000219,1,6146365,2026-06-10 08:40:52,2026-06-10 08:40:52
W0000210,W0000267,1,5652580,2026-01-16 00:05:44,2026-01-16 00:05:44
W0000210,W0000279,1,2235535,2026-06-13 00:41:54,2026-06-13 00:41:54
W0000210,W0000281,1,6430324,2026-01-06 05:21:21,2026-01-06 05:21:21
W0000210,W0000314,1,5967329,2026-01-24 10:42:58,2026-01-24 10:42:58
W0000210,W0000342,1,3540544,2026-03-09 23:17:45,2026-03-09 23:17:45
W0000210,W0000354,1,5115230,2026-04-22 21:17:21,2026-04-22 21:17:21
W0000210,W0000395,1,27949571,2026-04-07 10:39:25,2026-04-07 10:39:25
W0000210,W0000402,1,8874527,2026-05-25 05:13:25,2026-05-25 05:13:25
W0000210,W0000434,1,4647058,2026-05-19 10:23:36,2026-05-19 10:23:36
W0000210,W0000436,1,30291340,2026-04-07 16:14:17,2026-04-07 16:14:17
W0000210,W0000450,1,7551177,2026-02-10 00:57:55,2026-02-10 00:57:55
W0000210,W0000474,1,22329610,2026-04-27 09:49:24,2026-04-27 09:49:24
W0000211,W0000013,1,2548208,2026-03-16 03:32:06,2026-03-16 03:32:06
W0000211,W0000024,1,41774509,2026-03-06 14:53:18,2026-03-06 14:53:18
W0000211,W0000040,1,10739928,2026-01-16 12:44:58,2026-01-16 12:44:58
W0000211,W0000042,1,14810030,2026-03-19 05:06:52,2026-03-19 05:06:52
W0000211,W0000054,1,39676043,2026-03-10 06:11:06,2026-03-10 06:11:06
W0000211,W0000089,1,11528192,2026-02-28 18:45:12,2026-02-28 18:45:12
W0000211,W0000105,1,3628057,2026-04-14 21:11:26,2026-04-14 21:11:26
W0000211,W0000126,1,2398923,2026-01-26 08:25:50,2026-01-26 08:25:50
W0000211,W0000128,1,13060286,2026-02-25 19:57:00,2026-02-25 19:57:00
W0000211,W0000148,1,13068280,2026-03-19 18:14:33,2026-03-19 18:14:33
W0000211,W0000152,1,13698844,2026-05-11 13:40:34,2026-05-11 13:40:34
W0000211,W0000155,1,88145463,2026-03-12 21:47:07,2026-03-12 21:47:07
W0000211,W0000165,1,1999805,2026-01-05 23:05:52,2026-01-05 23:05:52
W0000211,W0000248,1,1017995,2026-05-29 11:15:40,2026-05-29 11:15:40
W0000211,W0000279,1,1555356,2026-03-20 02:31:55,2026-03-20 02:31:55
W0000211,W0000316,1,19347301,2026-05-01 00:30:47,2026-05-01 00:30:47
W0000211,W0000329,1,3588163,2026-02-19 12:27:50,2026-02-19 12:27:50
W0000211,W0000379,1,4636761,2026-04-26 14:39:57,2026-04-26 14:39:57
W0000211,W0000385,1,39943300,2026-02-16 12:20:38,2026-02-16 12:20:38
W0000211,W0000392,1,24327475,2026-01-07 05:21:42,2026-01-07 05:21:42
W0000211,W0000396,1,1095099,2026-01-23 18:21:48,2026-01-23 18:21:48
W0000211,W0000414,1,2907524,2026-01-08 09:13:42,2026-01-08 09:13:42
W0000211,W0000416,1,24801932,2026-01-12 08:22:05,2026-01-12 08:22:05
W0000211,W0000447,1,25178273,2026-02-27 03:12:19,2026-02-27 03:12:19
W0000211,W0000500,1,12766503,2026-04-08 09:06:27,2026-04-08 09:06:27
W0000212,W0000003,1,26420079,2026-06-10 22:42:51,2026-06-10 22:42:51
W0000212,W0000021,1,465498,2026-01-22 17:58:58,2026-01-22 17:58:58
W0000212,W0000040,1,30582621,2026-05-25 23:26:01,2026-05-25 23:26:01
W0000212,W0000125,1,36922808,2026-04-04 16:01:43,2026-04-04 16:01:43
W0000212,W0000156,1,12463999,2026-06-08 07:56:42,2026-06-08 07:56:42
W0000212,W0000194,1,1643001,2026-03-14 21:14:47,2026-03-14 21:14:47
W0000212,W0000201,1,6032446,2026-03-04 18:24:48,2026-03-04 18:24:48
W0000212,W0000230,1,15915926,2026-04-28 21:27:30,2026-04-28 21:27:30
W0000212,W0000292,1,3040482,2026-03-17 04:40:49,2026-03-17 04:40:49
W0000212,W0000294,1,567886,2026-02-06 17:46:59,2026-02-06 17:46:59
W0000212,W0000295,2,79744851,2026-06-06 08:29:41,2026-06-16 12:04:06
W0000212,W0000301,1,1792879,2026-06-12 11:59:15,2026-06-12 11:59:15
W0000212,W0000319,1,4838259,2026-05-26 23:22:37,2026-05-26 23:22:37
W0000212,W0000345,1,13440252,2026-05-17 03:57:14,2026-05-17 03:57:14
W0000212,W0000392,1,2382302,2026-03-23 23:28:29,2026-03-23 23:28:29
W0000212,W0000451,1,3571284,2026-03-29 18:02:10,2026-03-29 18:02:10
W0000213,W0000009,1,9295113,2026-04-08 11:51:55,2026-04-08 11:51:55
W0000213,W0000055,1,10582988,2026-06-23 03:58:06,2026-06-23 03:58:06
W0000213,W0000069,1,5146423,2026-06-07 04:11:40,2026-06-07 04:11:40
W0000213,W0000092,1,7478942,2026-04-26 20:34:30,2026-04-26 20:34:30
W0000213,W0000138,1,20635388,2026-03-05 08:40:47,2026-03-05 08:40:47
W0000213,W0000223,1,323735879,2026-03-16 16:40:07,2026-03-16 16:40:07
W0000213,W0000281,1,11512729,2026-04-17 09:53:27,2026-04-17 09:53:27
W0000213,W0000282,1,41874769,2026-04-20 22:25:50,2026-04-20 22:25:50
W0000213,W0000288,1,47106050,2026-02-11 05:33:59,2026-02-11 05:33:59
W0000213,W0000292,1,74597985,2026-01-27 14:07:34,2026-01-27 14:07:34
W0000213,W0000298,1,11512729,2026-04-17 09:53:27,2026-04-17 09:53:27
W0000213,W0000352,1,82762468,2026-05-28 14:25:07,2026-05-28 14:25:07
W0000213,W0000356,1,10465230,2026-02-25 11:19:48,2026-02-25 11:19:48
W0000213,W0000359,1,7478942,2026-04-26 20:34:30,2026-04-26 20:34:30
W0000213,W0000377,1,323735879,2026-03-16 16:40:07,2026-03-16 16:40:07
W0000213,W0000422,1,3910391,2026-04-20 09:25:08,2026-04-20 09:25:08
W0000214,W0000041,1,64957,2026-03-03 18:26:00,2026-03-03 18:26:00
W0000214,W0000048,1,6736544,2026-02-03 21:28:52,2026-02-03 21:28:52
W0000214,W0000058,1,134675565,2026-02-23 22:51:42,2026-02-23 22:51:42
W0000214,W0000072,1,8026237,2026-03-07 07:23:03,2026-03-07 07:23:03
W0000214,W0000092,1,4806838,2026-02-14 22:28:20,2026-02-14 22:28:20
W0000214,W0000127,1,7490546,2026-05-12 10:37:20,2026-05-12 10:37:20
W0000214,W0000140,1,37472636,2026-04-22 23:40:57,2026-04-22 23:40:57
W0000214,W0000206,2,28446431,2026-01-02 15:18:54,2026-01-20 05:10:13
W0000214,W0000249,1,57732700,2026-04-21 00:53:06,2026-04-21 00:53:06
W0000214,W0000275,1,6902266,2026-01-05 19:15:43,2026-01-05 19:15:43
W0000214,W0000325,1,6300924,2026-05-15 18:47:31,2026-05-15 18:47:31
W0000214,W0000408,1,153967706,2026-03-08 23:59:08,2026-03-08 23:59:08
W0000214,W0000409,1,72105360,2026-06-19 08:16:35,2026-06-19 08:16:35
W0000214,W0000446,1,86221421,2026-06-30 18:52:26,2026-06-30 18:52:26
W0000215,W0000010,1,2617021,2026-01-22 16:12:30,2026-01-22 16:12:30
W0000215,W0000029,1,33644703,2026-03-26 15:33:52,2026-03-26 15:33:52
W0000215,W0000047,1,6394672,2026-05-05 17:59:45,2026-05-05 17:59:45
W0000215,W0000054,1,30252804,2026-04-30 22:40:52,2026-04-30 22:40:52
W0000215,W0000117,1,39175306,2026-03-02 19:01:10,2026-03-02 19:01:10
W0000215,W0000154,1,5965566,2026-02-01 13:03:02,2026-02-01 13:03:02
W0000215,W0000163,1,9525601,2026-05-20 15:30:13,2026-05-20 15:30:13
W0000215,W0000200,1,21576853,2026-01-08 01:02:52,2026-01-08 01:02:52
W0000215,W0000212,1,15147172,2026-04-18 15:48:04,2026-04-18 15:48:04
W0000215,W0000257,1,1422930,2026-01-30 08:28:15,2026-01-30 08:28:15
W0000215,W0000298,1,12344348,2026-05-24 19:41:12,2026-05-24 19:41:12
W0000215,W0000308,1,5328861,2026-04-16 15:46:51,2026-04-16 15:46:51
W0000215,W0000320,1,3555897,2026-01-22 12:38:06,2026-01-22 12:38:06
W0000215,W0000327,1,6885816,2026-01-27 21:47:33,2026-01-27 21:47:33
W0000215,W0000353,1,53662190,2026-02-17 08:18:36,2026-02-17 08:18:36
W0000215,W0000362,1,3673424,2026-04-25 23:09:55,2026-04-25 23:09:55
W0000215,W0000403,1,74261604,2026-05-21 13:14:01,2026-05-21 13:14:01
W0000215,W0000417,1,2678693,2026-04-07 23:03:25,2026-04-07 23:03:25
W0000215,W0000425,1,8124016,2026-01-25 07:51:10,2026-01-25 07:51:10
W0000215,W0000486,1,6050431,2026-05-16 13:37:11,2026-05-16 13:37:11
W0000216,W0000006,1,22917064,2026-05-16 10:38:29,2026-05-16 10:38:29
W0000216,W0000094,1,10306813,2026-02-11 20:16:05,2026-02-11 20:16:05
W0000216,W0000120,1,9840376,2026-02-23 01:59:21,2026-02-23 01:59:21
W0000216,W0000136,1,18826706,2026-02-21 04:27:44,2026-02-21 04:27:44
W0000216,W0000150,1,16782297,2026-02-10 17:40:41,2026-02-10 17:40:41
W0000216,W0000185,1,2420858,2026-05-01 03:10:34,2026-05-01 03:10:34
W0000216,W0000225,1,24979105,2026-05-16 14:22:39,2026-05-16 14:22:39
W0000216,W0000237,1,6634643,2026-03-22 08:17:16,2026-03-22 08:17:16
W0000216,W0000240,1,2245354,2026-01-29 15:56:04,2026-01-29 15:56:04
W0000216,W0000289,1,20490566,2026-05-23 16:13:56,2026-05-23 16:13:56
W0000216,W0000387,1,11986327,2026-02-10 11:20:45,2026-02-10 11:20:45
W0000216,W0000419,1,18478508,2026-02-01 10:52:29,2026-02-01 10:52:29
W0000216,W0000497,1,62082287,2026-06-24 09:22:58,2026-06-24 09:22:58
W0000217,W0000003,1,8230817,2026-01-29 23:29:08,2026-01-29 23:29:08
W0000217,W0000013,1,20392242,2026-01-11 07:18:02,2026-01-11 07:18:02
W0000217,W0000021,1,22024599,2026-03-06 08:26:36,2026-03-06 08:26:36
W0000217,W0000037,1,15758568,2026-01-29 20:28:14,2026-01-29 20:28:14
W0000217,W0000040,1,2051375,2026-06-08 15:41:01,2026-06-08 15:41:01
W0000217,W0000066,1,15758568,2026-01-29 20:28:14,2026-01-29 20:28:14
W0000217,W0000109,1,16262921,2026-01-22 09:12:40,2026-01-22 09:12:40
W0000217,W0000111,1,4423254,2026-03-08 04:59:31,2026-03-08 04:59:31
W0000217,W0000119,1,7740676,2026-02-16 15:44:11,2026-02-16 15:44:11
W0000217,W0000132,1,4423254,2026-03-08 04:59:31,2026-03-08 04:59:31
W0000217,W0000163,1,3476572,2026-06-13 10:01:48,2026-06-13 10:01:48
W0000217,W0000178,1,11639430,2026-02-06 15:25:11,2026-02-06 15:25:11
W0000217,W0000209,1,15301813,2026-03-11 02:58:44,2026-03-11 02:58:44
W0000217,W0000227,1,3713117,2026-04-22 15:46:40,2026-04-22 15:46:40
W0000217,W0000273,1,22024599,2026-03-06 08:26:36,2026-03-06 08:26:36
W0000217,W0000302,1,34406078,2026-02-06 00:30:54,2026-02-06 00:30:54
W0000217,W0000357,1,4773714,2026-06-30 17:21:09,2026-06-30 17:21:09
W0000217,W0000358,1,22024599,2026-03-06 08:26:36,2026-03-06 08:26:36
W0000217,W0000392,1,15463835,2026-06-19 09:30:40,2026-06-19 09:30:40
W0000217,W0000405,1,3476572,2026-06-13 10:01:48,2026-06-13 10:01:48
W0000217,W0000410,1,13010076,2026-02-24 03:46:10,2026-02-24 03:46:10
W0000217,W0000463,1,5374021,2026-02-09 18:47:33,2026-02-09 18:47:33
W0000218,W0000018,1,31122578,2026-02-28 17:47:11,2026-02-28 17:47:11
W0000218,W0000033,1,24506290,2026-05-01 07:59:44,2026-05-01 07:59:44
W0000218,W0000053,1,3267567,2026-05-21 14:11:35,2026-05-21 14:11:35
W0000218,W0000096,1,31552038,2026-01-30 13:05:51,2026-01-30 13:05:51
W0000218,W0000097,1,5395203,2026-06-18 19:29:42,2026-06-18 19:29:42
W0000218,W0000110,1,1713984,2026-01-27 20:24:12,2026-01-27 20:24:12
W0000218,W0000128,1,5972352,2026-02-17 14:11:07,2026-02-17 14:11:07
W0000218,W0000132,1,38211843,2026-01-23 18:53:04,2026-01-23 18:53:04
W0000218,W0000182,1,2065952,2026-01-27 02:41:05,2026-01-27 02:41:05
W0000218,W0000204,1,10762434,2026-02-04 02:02:48,2026-02-04 02:02:48
W0000218,W0000213,1,3264024,2026-04-25 00:27:26,2026-04-25 00:27:26
W0000218,W0000245,1,7253344,2026-06-21 19:02:30,2026-06-21 19:02:30
W0000218,W0000266,1,6757148,2026-01-22 21:47:31,2026-01-22 21:47:31
W0000218,W0000328,1,1388984,2026-04-16 16:53:05,2026-04-16 16:53:05
W0000218,W0000404,1,10662890,2026-02-24 09:14:32,2026-02-24 09:14:32
W0000218,W0000413,1,439799,2026-02-08 17:34:56,2026-02-08 17:34:56
W0000218,W0000441,1,17971978,2026-02-28 07:03:26,2026-02-28 07:03:26
W0000218,W0000496,1,18307470,2026-04-25 10:24:11,2026-04-25 10:24:11
W0000218,W0000499,1,35500413,2026-02-13 07:05:11,2026-02-13 07:05:11
W0000219,W0000006,1,7399350,2026-04-29 03:15:20,2026-04-29 03:15:20
W0000219,W0000012,1,73713517,2026-06-29 15:23:43,2026-06-29 15:23:43
W0000219,W0000025,1,21340526,2026-06-23 10:33:07,2026-06-23 10:33:07
W0000219,W0000026,1,5666699,2026-06-10 13:28:14,2026-06-10 13:28:14
W0000219,W0000028,1,20812657,2026-04-20 01:02:53,2026-04-20 01:02:53
W0000219,W0000086,1,11646276,2026-04-17 19:01:29,2026-04-17 19:01:29
W0000219,W0000111,1,116622550,2026-06-16 22:08:42,2026-06-16 22:08:42
W0000219,W0000129,1,6348135,2026-03-04 09:58:55,2026-03-04 09:58:55
W0000219,W0000194,1,6239139,2026-01-05 15:04:30,2026-01-05 15:04:30
W0000219,W0000244,1,13230670,2026-04-13 20:04:45,2026-04-13 20:04:45
W0000219,W0000249,1,29801923,2026-05-25 05:06:37,2026-05-25 05:06:37
W0000219,W0000274,1,6620410,2026-04-14 21:39:16,2026-04-14 21:39:16
W0000219,W0000322,1,3686979,2026-04-04 04:25:17,2026-04-04 04:25:17
W0000219,W0000339,1,4377741,2026-06-11 15:46:13,2026-06-11 15:46:13
W0000219,W0000354,1,5676503,2026-02-14 20:11:38,2026-02-14 20:11:38
W0000219,W0000360,1,5407570,2026-04-26 23:32:54,2026-04-26 23:32:54
W0000219,W0000399,1,37431989,2026-03-03 19:16:48,2026-03-03 19:16:48
W0000219,W0000402,1,7556745,2026-01-09 20:38:30,2026-01-09 20:38:30
W0000219,W0000409,1,6315647,2026-06-09 22:54:06,2026-06-09 22:54:06
W0000219,W0000431,1,6330024,2026-06-05 21:38:44,2026-06-05 21:38:44
W0000219,W0000445,1,3909042,2026-04-07 03:59:01,2026-04-07 03:59:01
W0000219,W0000460,1,14028635,2026-02-14 03:11:44,2026-02-14 03:11:44
W0000219,W0000484,1,9599900,2026-06-15 19:16:30,2026-06-15 19:16:30
W0000219,W0000495,1,15042722,2026-04-12 23:09:19,2026-04-12 23:09:19
W0000219,W0000497,1,5633163,2026-05-24 17:48:02,2026-05-24 17:48:02
W0000220,W0000038,1,4684796,2026-04-25 15:57:29,2026-04-25 15:57:29
W0000220,W0000066,1,15003914,2026-06-05 09:14:31,2026-06-05 09:14:31
W0000220,W0000134,1,19207475,2026-04-19 14:27:15,2026-04-19 14:27:15
W0000220,W0000138,1,8522483,2026-04-20 22:48:23,2026-04-20 22:48:23
W0000220,W0000140,1,5008357,2026-05-19 17:39:33,2026-05-19 17:39:33
W0000220,W0000163,1,3694614,2026-01-05 05:25:37,2026-01-05 05:25:37
W0000220,W0000178,1,23107709,2026-01-01 02:28:28,2026-01-01 02:28:28
W0000220,W0000211,1,616588,2026-06-12 07:16:54,2026-06-12 07:16:54
W0000220,W0000257,1,6913191,2026-04-15 15:36:44,2026-04-15 15:36:44
W0000220,W0000263,1,46716700,2026-04-30 04:59:47,2026-04-30 04:59:47
W0000220,W0000276,1,31033727,2026-03-23 07:54:13,2026-03-23 07:54:13
W0000220,W0000294,1,5227576,2026-03-24 23:56:31,2026-03-24 23:56:31
W0000220,W0000401,1,5918600,2026-06-01 04:30:45,2026-06-01 04:30:45
W0000220,W0000427,1,101065680,2026-04-21 04:31:01,2026-04-21 04:31:01
W0000220,W0000462,1,23188578,2026-03-28 06:09:17,2026-03-28 06:09:17
W0000221,W0000006,1,61464670,2026-04-14 14:02:37,2026-04-14 14:02:37
W0000221,W0000029,1,126888336,2026-04-06 21:36:12,2026-04-06 21:36:12
W0000221,W0000035,1,19079836,2026-02-25 08:23:03,2026-02-25 08:23:03
W0000221,W0000041,1,74805358,2026-04-29 08:24:03,2026-04-29 08:24:03
W0000221,W0000094,1,21849212,2026-04-14 22:50:36,2026-04-14 22:50:36
W0000221,W0000117,1,5371611,2026-06-10 16:03:11,2026-06-10 16:03:11
W0000221,W0000119,1,93823743,2026-02-03 03:41:27,2026-02-03 03:41:27
W0000221,W0000128,1,13750793,2026-01-28 09:44:52,2026-01-28 09:44:52
W0000221,W0000146,1,17302101,2026-05-16 05:32:52,2026-05-16 05:32:52
W0000221,W0000149,1,12732910,2026-01-10 23:10:02,2026-01-10 23:10:02
W0000221,W0000160,1,5571200,2026-04-24 14:28:40,2026-04-24 14:28:40
W0000221,W0000183,1,32573006,2026-04-27 01:11:09,2026-04-27 01:11:09
W0000221,W0000185,1,30799792,2026-02-16 02:36:27,2026-02-16 02:36:27
W0000221,W0000194,1,8060793,2026-05-14 13:32:02,2026-05-14 13:32:02
W0000221,W0000196,1,19192189,2026-03-15 13:47:12,2026-03-15 13:47:12
W0000221,W0000197,1,5609407,2026-03-06 23:56:13,2026-03-06 23:56:13
W0000221,W0000249,1,10164619,2026-02-02 21:51:12,2026-02-02 21:51:12
W0000221,W0000257,1,5754528,2026-02-20 14:02:38,2026-02-20 14:02:38
W0000221,W0000292,1,18652245,2026-05-26 01:51:43,2026-05-26 01:51:43
W0000221,W0000306,1,10167560,2026-01-14 01:21:47,2026-01-14 01:21:47
W0000221,W0000404,1,17872383,2026-05-11 06:35:55,2026-05-11 06:35:55
W0000221,W0000489,1,3247461,2026-06-18 22:49:32,2026-06-18 22:49:32
W0000221,W0000500,1,13693977,2026-04-30 16:00:59,2026-04-30 16:00:59
W0000222,W0000033,1,9856229,2026-01-31 21:18:52,2026-01-31 21:18:52
W0000222,W0000085,1,9017695,2026-02-13 21:48:56,2026-02-13 21:48:56
W0000222,W0000092,1,6887023,2026-03-02 16:49:35,2026-03-02 16:49:35
W0000222,W0000130,1,17228208,2026-04-22 10:50:21,2026-04-22 10:50:21
W0000222,W0000144,1,5419781,2026-01-14 01:13:29,2026-01-14 01:13:29
W0000222,W0000202,1,4929942,2026-05-19 05:06:20,2026-05-19 05:06:20
W0000222,W0000225,2,3193633,2026-01-02 06:14:03,2026-03-23 01:54:44
W0000222,W0000260,1,15708285,2026-02-20 10:34:36,2026-02-20 10:34:36
W0000222,W0000286,1,1059540,2026-02-09 13:05:24,2026-02-09 13:05:24
W0000222,W0000287,1,11618000,2026-05-10 07:50:30,2026-05-10 07:50:30
W0000222,W0000307,1,4195000,2026-02-13 17:18:19,2026-02-13 17:18:19
W0000222,W0000338,1,6214230,2026-03-07 07:12:16,2026-03-07 07:12:16
W0000222,W0000351,1,7040313,2026-02-19 11:03:35,2026-02-19 11:03:35
W0000222,W0000361,1,19918760,2026-01-30 02:18:16,2026-01-30 02:18:16
W0000222,W0000368,1,13137076,2026-06-01 11:14:36,2026-06-01 11:14:36
W0000222,W0000379,1,4211863,2026-02-08 07:35:54,2026-02-08 07:35:54
W0000222,W0000455,1,27779526,2026-05-25 15:40:42,2026-05-25 15:40:42
W0000222,W0000458,2,48054241,2026-02-22 14:35:56,2026-03-18 14:49:15
W0000222,W0000464,1,49200051,2026-04-04 21:59:43,2026-04-04 21:59:43
W0000222,W0000468,1,5213508,2026-06-11 23:33:56,2026-06-11 23:33:56
W0000222,W0000483,1,4626888,2026-05-13 11:35:24,2026-05-13 11:35:24
W0000223,W0000006,1,55427983,2026-05-16 18:40:49,2026-05-16 18:40:49
W0000223,W0000057,1,34078833,2026-05-10 11:05:12,2026-05-10 11:05:12
W0000223,W0000061,1,45538346,2026-01-24 12:25:15,2026-01-24 12:25:15
W0000223,W0000120,1,3284447,2026-04-24 00:46:17,2026-04-24 00:46:17
W0000223,W0000156,1,5608118,2026-06-07 15:10:18,2026-06-07 15:10:18
W0000223,W0000168,1,92953235,2026-05-28 16:20:01,2026-05-28 16:20:01
W0000223,W0000174,1,56798540,2026-04-23 17:36:24,2026-04-23 17:36:24
W0000223,W0000176,1,100813448,2026-03-11 18:13:49,2026-03-11 18:13:49
W0000223,W0000178,1,51032827,2026-06-02 14:33:17,2026-06-02 14:33:17
W0000223,W0000260,1,97309485,2026-06-09 08:59:59,2026-06-09 08:59:59
W0000223,W0000265,1,55427983,2026-05-16 18:40:49,2026-05-16 18:40:49
W0000223,W0000322,1,29250071,2026-03-13 15:31:59,2026-03-13 15:31:59
W0000223,W0000335,1,49619543,2026-06-06 22:28:52,2026-06-06 22:28:52
W0000223,W0000339,1,34078833,2026-05-10 11:05:12,2026-05-10 11:05:12
W0000223,W0000357,1,657488,2026-05-09 15:59:48,2026-05-09 15:59:48
W0000223,W0000362,1,104110146,2026-03-28 03:41:30,2026-03-28 03:41:30
W0000223,W0000428,1,733701,2026-04-20 13:28:41,2026-04-20 13:28:41
W0000223,W0000441,1,70250447,2026-06-23 18:01:45,2026-06-23 18:01:45
W0000223,W0000463,1,100813448,2026-03-11 18:13:49,2026-03-11 18:13:49
W0000223,W0000491,1,9866919,2026-06-17 20:42:59,2026-06-17 20:42:59
W0000224,W0000060,1,462961,2026-02-18 00:11:32,2026-02-18 00:11:32
W0000224,W0000071,1,24726713,2026-03-24 14:50:05,2026-03-24 14:50:05
W0000224,W0000102,1,46677386,2026-03-08 04:47:53,2026-03-08 04:47:53
W0000224,W0000115,1,14661730,2026-02-26 12:02:55,2026-02-26 12:02:55
W0000224,W0000125,1,2093223,2026-05-15 08:23:35,2026-05-15 08:23:35
W0000224,W0000131,1,34494312,2026-04-09 14:11:41,2026-04-09 14:11:41
W0000224,W0000142,1,6595058,2026-06-27 15:47:26,2026-06-27 15:47:26
W0000224,W0000158,1,1843816,2026-02-13 18:28:45,2026-02-13 18:28:45
W0000224,W0000162,1,4218723,2026-04-06 09:30:23,2026-04-06 09:30:23
W0000224,W0000184,1,24277670,2026-06-05 19:56:29,2026-06-05 19:56:29
W0000224,W0000185,1,5432798,2026-05-23 07:54:02,2026-05-23 07:54:02
W0000224,W0000192,1,67700141,2026-05-19 16:31:45,2026-05-19 16:31:45
W0000224,W0000211,1,5357753,2026-05-08 15:27:27,2026-05-08 15:27:27
W0000224,W0000226,1,13880779,2026-03-27 19:58:49,2026-03-27 19:58:49
W0000224,W0000243,1,11138424,2026-02-22 14:16:24,2026-02-22 14:16:24
W0000224,W0000261,1,7652555,2026-02-19 22:13:25,2026-02-19 22:13:25
W0000224,W0000272,1,6927343,2026-05-16 08:55:57,2026-05-16 08:55:57
W0000224,W0000302,2,7570266,2026-01-06 08:43:27,2026-05-15 22:31:05
W0000224,W0000329,1,20514738,2026-04-03 18:52:36,2026-04-03 18:52:36
W0000224,W0000331,1,4371560,2026-06-02 14:57:52,2026-06-02 14:57:52
W0000224,W0000361,1,3313732,2026-06-29 15:26:39,2026-06-29 15:26:39
W0000224,W0000387,1,10180649,2026-05-17 09:05:02,2026-05-17 09:05:02
W0000224,W0000396,1,2216163,2026-01-06 09:38:34,2026-01-06 09:38:34
W0000224,W0000415,1,25943470,2026-04-08 04:58:19,2026-04-08 04:58:19
W0000224,W0000483,1,6003431,2026-03-07 03:56:52,2026-03-07 03:56:52
W0000225,W0000018,1,113610346,2026-02-16 08:03:53,2026-02-16 08:03:53
W0000225,W0000023,1,3650341,2026-06-23 21:02:47,2026-06-23 21:02:47
W0000225,W0000053,1,12041940,2026-02-02 18:56:39,2026-02-02 18:56:39
W0000225,W0000160,1,4023616,2026-06-24 11:42:51,2026-06-24 11:42:51
W0000225,W0000204,1,13284289,2026-02-17 03:58:42,2026-02-17 03:58:42
W0000225,W0000314,1,27296393,2026-03-14 09:36:58,2026-03-14 09:36:58
W0000225,W0000349,1,7095423,2026-01-11 10:52:32,2026-01-11 10:52:32
W0000225,W0000398,1,43514290,2026-01-01 17:01:22,2026-01-01 17:01:22
W0000225,W0000412,1,19371035,2026-06-09 23:19:15,2026-06-09 23:19:15
W0000225,W0000425,1,54805824,2026-03-19 15:44:52,2026-03-19 15:44:52
W0000225,W0000427,1,14926356,2026-06-09 00:39:22,2026-06-09 00:39:22
W0000225,W0000431,1,839829,2026-02-28 00:32:11,2026-02-28 00:32:11
W0000225,W0000435,1,11518256,2026-05-23 13:42:24,2026-05-23 13:42:24
W0000225,W0000461,1,22513741,2026-04-13 10:19:38,2026-04-13 10:19:38
W0000225,W0000471,1,15954431,2026-03-01 21:45:07,2026-03-01 21:45:07
W0000226,W0000017,1,6543150,2026-05-05 23:53:39,2026-05-05 23:53:39
W0000226,W0000022,1,43994033,2026-02-14 06:20:07,2026-02-14 06:20:07
W0000226,W0000084,1,45575415,2026-06-14 05:04:36,2026-06-14 05:04:36
W0000226,W0000091,1,33908043,2026-06-27 09:38:24,2026-06-27 09:38:24
W0000226,W0000111,1,2047757,2026-05-30 11:13:57,2026-05-30 11:13:57
W0000226,W0000114,1,61975378,2026-02-12 10:08:46,2026-02-12 10:08:46
W0000226,W0000225,1,13210598,2026-03-11 07:35:26,2026-03-11 07:35:26
W0000226,W0000232,1,3179779,2026-04-18 09:24:50,2026-04-18 09:24:50
W0000226,W0000249,1,8685296,2026-04-16 15:04:23,2026-04-16 15:04:23
W0000226,W0000251,1,13080814,2026-05-30 15:39:59,2026-05-30 15:39:59
W0000226,W0000281,1,5246629,2026-03-12 19:50:22,2026-03-12 19:50:22
W0000226,W0000303,1,26286702,2026-02-01 23:29:44,2026-02-01 23:29:44
W0000226,W0000307,1,7538714,2026-04-03 07:48:56,2026-04-03 07:48:56
W0000226,W0000407,1,4150212,2026-06-08 10:52:17,2026-06-08 10:52:17
W0000226,W0000417,1,7123884,2026-05-06 01:52:50,2026-05-06 01:52:50
W0000226,W0000432,1,23358220,2026-04-21 18:10:05,2026-04-21 18:10:05
W0000226,W0000456,1,6497290,2026-01-01 21:03:42,2026-01-01 21:03:42
W0000226,W0000487,1,6874175,2026-03-22 22:59:56,2026-03-22 22:59:56
W0000227,W0000007,1,4121491,2026-06-24 06:55:55,2026-06-24 06:55:55
W0000227,W0000049,1,4622262,2026-01-28 06:17:54,2026-01-28 06:17:54
W0000227,W0000075,1,21122220,2026-03-07 05:25:04,2026-03-07 05:25:04
W0000227,W0000100,1,2072459,2026-05-04 07:00:00,2026-05-04 07:00:00
W0000227,W0000106,1,34503614,2026-04-05 22:06:12,2026-04-05 22:06:12
W0000227,W0000138,2,7712677,2026-02-17 18:52:16,2026-04-21 20:02:07
W0000227,W0000148,1,14856184,2026-02-16 20:33:35,2026-02-16 20:33:35
W0000227,W0000153,1,20261523,2026-01-21 03:14:49,2026-01-21 03:14:49
W0000227,W0000164,1,8949239,2026-06-26 15:15:41,2026-06-26 15:15:41
W0000227,W0000188,1,23075670,2026-05-17 02:55:33,2026-05-17 02:55:33
W0000227,W0000219,1,20098230,2026-01-22 17:22:12,2026-01-22 17:22:12
W0000227,W0000226,1,11405292,2026-02-08 18:36:01,2026-02-08 18:36:01
W0000227,W0000257,1,34320634,2026-01-20 06:44:40,2026-01-20 06:44:40
W0000227,W0000309,1,8064500,2026-04-19 13:51:57,2026-04-19 13:51:57
W0000227,W0000371,1,883899,2026-01-16 13:33:29,2026-01-16 13:33:29
W0000227,W0000381,1,50401908,2026-02-08 07:32:18,2026-02-08 07:32:18
W0000227,W0000400,1,3651556,2026-03-14 05:30:17,2026-03-14 05:30:17
W0000227,W0000444,1,5581690,2026-01-08 00:08:23,2026-01-08 00:08:23
W0000227,W0000462,1,3919798,2026-04-04 12:02:31,2026-04-04 12:02:31
W0000227,W0000464,1,69859878,2026-03-05 00:59:52,2026-03-05 00:59:52
W0000227,W0000485,1,7561048,2026-01-12 03:34:49,2026-01-12 03:34:49
W0000228,W0000015,1,9275954,2026-05-12 04:02:21,2026-05-12 04:02:21
W0000228,W0000021,1,15161375,2026-04-11 21:00:59,2026-04-11 21:00:59
W0000228,W0000047,1,10345076,2026-06-07 01:05:46,2026-06-07 01:05:46
W0000228,W0000075,1,12127548,2026-06-13 11:32:31,2026-06-13 11:32:31
W0000228,W0000077,1,1898416,2026-05-16 11:12:34,2026-05-16 11:12:34
W0000228,W0000092,1,4730674,2026-03-05 06:57:28,2026-03-05 06:57:28
W0000228,W0000094,1,21337679,2026-01-11 12:18:56,2026-01-11 12:18:56
W0000228,W0000106,1,20134461,2026-02-05 11:44:31,2026-02-05 11:44:31
W0000228,W0000169,1,13889114,2026-03-03 15:50:14,2026-03-03 15:50:14
W0000228,W0000182,1,8268052,2026-04-06 20:15:09,2026-04-06 20:15:09
W0000228,W0000190,1,12320597,2026-05-21 02:35:16,2026-05-21 02:35:16
W0000228,W0000236,1,1752559,2026-02-17 01:19:43,2026-02-17 01:19:43
W0000228,W0000238,1,2224580,2026-06-22 00:14:55,2026-06-22 00:14:55
W0000228,W0000357,1,12153163,2026-02-10 04:46:37,2026-02-10 04:46:37
W0000228,W0000361,1,15534728,2026-06-13 05:26:36,2026-06-13 05:26:36
W0000228,W0000409,1,5842880,2026-05-24 23:54:48,2026-05-24 23:54:48
W0000228,W0000413,1,7475913,2026-06-04 22:12:56,2026-06-04 22:12:56
W0000228,W0000464,1,8711949,2026-06-02 12:27:41,2026-06-02 12:27:41
W0000228,W0000466,1,27439991,2026-06-16 10:46:19,2026-06-16 10:46:19
W0000228,W0000476,1,9505549,2026-05-09 21:54:54,2026-05-09 21:54:54
W0000229,W0000033,1,424126,2026-04-05 02:46:54,2026-04-05 02:46:54
W0000229,W0000040,2,7922828,2026-01-04 12:54:53,2026-05-14 04:14:22
W0000229,W0000041,1,6026285,2026-01-22 07:10:29,2026-01-22 07:10:29
W0000229,W0000118,1,41955221,2026-03-14 07:24:10,2026-03-14 07:24:10
W0000229,W0000219,1,4948903,2026-04-21 18:20:58,2026-04-21 18:20:58
W0000229,W0000239,1,19570256,2026-06-16 18:51:00,2026-06-16 18:51:00
W0000229,W0000245,1,14596373,2026-05-27 04:55:55,2026-05-27 04:55:55
W0000229,W0000256,1,6052086,2026-01-04 10:48:36,2026-01-04 10:48:36
W0000229,W0000281,1,3456592,2026-02-21 01:41:59,2026-02-21 01:41:59
W0000229,W0000322,1,45878857,2026-04-19 03:09:26,2026-04-19 03:09:26
W0000229,W0000372,1,3310918,2026-01-24 22:21:33,2026-01-24 22:21:33
W0000229,W0000388,3,38580418,2026-02-28 22:05:15,2026-04-21 06:30:30
W0000229,W0000391,1,2494621,2026-04-29 08:03:29,2026-04-29 08:03:29
W0000229,W0000404,1,21722083,2026-06-06 23:12:53,2026-06-06 23:12:53
W0000229,W0000425,1,29487664,2026-02-08 03:26:06,2026-02-08 03:26:06
W0000229,W0000477,1,4831619,2026-02-15 23:34:13,2026-02-15 23:34:13
W0000229,W0000488,1,7961223,2026-02-11 15:26:50,2026-02-11 15:26:50
W0000229,W0000492,1,124015,2026-03-06 03:57:16,2026-03-06 03:57:16
W0000230,W0000014,1,74688331,2026-03-10 17:21:36,2026-03-10 17:21:36
W0000230,W0000016,1,4531619,2026-02-14 06:06:30,2026-02-14 06:06:30
W0000230,W0000019,1,15846010,2026-05-28 15:24:24,2026-05-28 15:24:24
W0000230,W0000053,1,74688331,2026-03-10 17:21:36,2026-03-10 17:21:36
W0000230,W0000083,1,11523357,2026-01-27 04:18:55,2026-01-27 04:18:55
W0000230,W0000118,1,12039409,2026-05-05 00:13:29,2026-05-05 00:13:29
W0000230,W0000129,1,4531619,2026-02-14 06:06:30,2026-02-14 06:06:30
W0000230,W0000130,1,7181085,2026-03-07 22:25:15,2026-03-07 22:25:15
W0000230,W0000141,1,17132964,2026-03-09 18:20:10,2026-03-09 18:20:10
W0000230,W0000148,1,4647088,2026-04-02 02:49:08,2026-04-02 02:49:08
W0000230,W0000178,1,26351711,2026-05-18 03:38:18,2026-05-18 03:38:18
W0000230,W0000185,1,7915534,2026-03-25 16:08:46,2026-03-25 16:08:46
W0000230,W0000192,1,17132964,2026-03-09 18:20:10,2026-03-09 18:20:10
W0000230,W0000217,1,26449898,2026-03-24 10:50:04,2026-03-24 10:50:04
W0000230,W0000238,1,215091236,2026-06-29 06:43:46,2026-06-29 06:43:46
W0000230,W0000239,1,9468778,2026-02-04 13:14:21,2026-02-04 13:14:21
W0000230,W0000303,1,15846010,2026-05-28 15:24:24,2026-05-28 15:24:24
W0000230,W0000375,1,15846010,2026-05-28 15:24:24,2026-05-28 15:24:24
W0000230,W0000428,1,7181085,2026-03-07 22:25:15,2026-03-07 22:25:15
W0000230,W0000461,1,66936,2026-03-25 19:14:19,2026-03-25 19:14:19
W0000230,W0000499,2,35918676,2026-02-04 13:14:21,2026-03-24 10:50:04
W0000231,W0000002,1,7478732,2026-04-14 06:48:41,2026-04-14 06:48:41
W0000231,W0000012,1,17402405,2026-05-25 13:29:01,2026-05-25 13:29:01
W0000231,W0000018,1,54733585,2026-02-19 03:21:43,2026-02-19 03:21:43
W0000231,W0000020,1,13398505,2026-06-08 14:51:31,2026-06-08 14:51:31
W0000231,W0000077,1,8833139,2026-03-12 14:00:55,2026-03-12 14:00:55
W0000231,W0000200,1,6160925,2026-03-03 10:14:48,2026-03-03 10:14:48
W0000231,W0000210,1,2915598,2026-04-07 14:43:07,2026-04-07 14:43:07
W0000231,W0000264,1,1525681,2026-06-23 01:14:12,2026-06-23 01:14:12
W0000231,W0000284,1,16369716,2026-05-05 14:56:38,2026-05-05 14:56:38
W0000231,W0000306,1,17774336,2026-02-06 13:53:20,2026-02-06 13:53:20
W0000231,W0000346,1,51514345,2026-02-26 03:47:55,2026-02-26 03:47:55
W0000231,W0000348,1,4511049,2026-01-01 11:14:11,2026-01-01 11:14:11
W0000231,W0000387,1,7885363,2026-05-10 14:59:58,2026-05-10 14:59:58
W0000231,W0000405,1,3106255,2026-04-10 06:07:50,2026-04-10 06:07:50
W0000231,W0000407,1,9854989,2026-06-20 22:29:35,2026-06-20 22:29:35
W0000231,W0000443,1,14418185,2026-06-22 18:29:35,2026-06-22 18:29:35
W0000231,W0000456,1,36026209,2026-04-20 05:53:58,2026-04-20 05:53:58
W0000231,W0000461,1,254968973,2026-01-30 08:46:21,2026-01-30 08:46:21
W0000231,W0000462,1,13128738,2026-05-19 16:57:06,2026-05-19 16:57:06
W0000231,W0000480,1,7107293,2026-04-30 19:43:18,2026-04-30 19:43:18
W0000232,W0000014,1,7269398,2026-06-22 15:04:18,2026-06-22 15:04:18
W0000232,W0000091,1,38156050,2026-05-20 15:36:11,2026-05-20 15:36:11
W0000232,W0000115,1,1483383,2026-04-19 01:46:52,2026-04-19 01:46:52
W0000232,W0000238,1,4860322,2026-03-10 11:53:54,2026-03-10 11:53:54
W0000232,W0000286,1,6866840,2026-03-18 06:18:55,2026-03-18 06:18:55
W0000232,W0000300,2,66085285,2026-01-10 05:04:08,2026-03-20 05:26:26
W0000232,W0000309,1,23496583,2026-01-24 18:28:00,2026-01-24 18:28:00
W0000232,W0000330,1,23132777,2026-06-26 04:47:55,2026-06-26 04:47:55
W0000232,W0000356,2,30146559,2026-02-12 13:35:36,2026-04-03 23:28:16
W0000232,W0000380,1,4476879,2026-03-06 03:54:46,2026-03-06 03:54:46
W0000232,W0000418,1,11190714,2026-06-11 01:09:09,2026-06-11 01:09:09
W0000232,W0000446,1,37563519,2026-04-20 02:34:25,2026-04-20 02:34:25
W0000232,W0000453,1,10875973,2026-01-25 20:34:33,2026-01-25 20:34:33
W0000232,W0000456,1,6312835,2026-02-19 12:06:48,2026-02-19 12:06:48
W0000233,W0000030,1,1497032,2026-05-03 04:09:50,2026-05-03 04:09:50
W0000233,W0000038,1,42539413,2026-06-11 06:00:15,2026-06-11 06:00:15
W0000233,W0000103,1,22904026,2026-01-20 10:57:02,2026-01-20 10:57:02
W0000233,W0000144,1,4649233,2026-03-07 23:25:39,2026-03-07 23:25:39
W0000233,W0000151,1,18885875,2026-05-01 08:16:02,2026-05-01 08:16:02
W0000233,W0000186,1,5266245,2026-04-08 07:29:14,2026-04-08 07:29:14
W0000233,W0000192,1,9462519,2026-06-11 01:32:50,2026-06-11 01:32:50
W0000233,W0000247,1,59440318,2026-01-17 13:19:04,2026-01-17 13:19:04
W0000233,W0000252,1,47124843,2026-05-06 09:18:52,2026-05-06 09:18:52
W0000233,W0000261,1,6496704,2026-02-23 07:28:00,2026-02-23 07:28:00
W0000233,W0000263,1,11854319,2026-03-07 00:45:42,2026-03-07 00:45:42
W0000233,W0000281,1,20857732,2026-05-25 15:46:02,2026-05-25 15:46:02
W0000233,W0000282,1,4955621,2026-06-02 05:59:48,2026-06-02 05:59:48
W0000233,W0000308,1,1971977,2026-02-04 23:55:28,2026-02-04 23:55:28
W0000233,W0000365,1,5192530,2026-05-19 08:07:07,2026-05-19 08:07:07
W0000233,W0000426,1,17738225,2026-04-22 02:01:00,2026-04-22 02:01:00
W0000233,W0000435,1,5357097,2026-01-27 03:41:57,2026-01-27 03:41:57
W0000233,W0000468,1,47243041,2026-02-23 03:43:08,2026-02-23 03:43:08
W0000233,W0000481,1,2385045,2026-06-30 20:34:34,2026-06-30 20:34:34
W0000233,W0000500,1,3664581,2026-06-04 20:38:20,2026-06-04 20:38:20
W0000234,W0000023,1,3691307,2026-06-27 11:33:04,2026-06-27 11:33:04
W0000234,W0000036,1,1245927,2026-04-09 12:51:43,2026-04-09 12:51:43
W0000234,W0000058,1,5307912,2026-04-19 15:25:25,2026-04-19 15:25:25
W0000234,W0000085,1,21618602,2026-04-01 15:21:53,2026-04-01 15:21:53
W0000234,W0000140,1,3598142,2026-04-06 12:52:03,2026-04-06 12:52:03
W0000234,W0000142,1,2562577,2026-01-28 11:44:19,2026-01-28 11:44:19
W0000234,W0000145,1,13383719,2026-06-17 01:42:34,2026-06-17 01:42:34
W0000234,W0000172,1,35199938,2026-05-12 18:58:55,2026-05-12 18:58:55
W0000234,W0000185,1,10606515,2026-02-23 04:49:39,2026-02-23 04:49:39
W0000234,W0000199,1,4756910,2026-02-10 19:04:57,2026-02-10 19:04:57
W0000234,W0000255,1,7445143,2026-02-15 14:35:15,2026-02-15 14:35:15
W0000234,W0000311,1,4026608,2026-03-23 10:39:59,2026-03-23 10:39:59
W0000234,W0000327,1,2932341,2026-03-09 22:22:45,2026-03-09 22:22:45
W0000234,W0000353,1,10751415,2026-04-06 00:17:44,2026-04-06 00:17:44
W0000234,W0000383,1,9619338,2026-04-03 22:06:07,2026-04-03 22:06:07
W0000234,W0000420,1,7447471,2026-05-16 18:16:26,2026-05-16 18:16:26
W0000234,W0000470,1,20317388,2026-01-30 03:45:43,2026-01-30 03:45:43
W0000234,W0000488,1,12392822,2026-02-12 03:43:17,2026-02-12 03:43:17
W0000235,W0000017,1,1140895,2026-02-09 22:05:40,2026-02-09 22:05:40
W0000235,W0000033,1,18225303,2026-06-13 21:50:17,2026-06-13 21:50:17
W0000235,W0000038,1,36205786,2026-05-10 23:14:41,2026-05-10 23:14:41
W0000235,W0000052,1,20942730,2026-01-24 19:07:49,2026-01-24 19:07:49
W0000235,W0000062,1,15642941,2026-02-27 10:07:28,2026-02-27 10:07:28
W0000235,W0000065,1,4964999,2026-01-13 09:59:12,2026-01-13 09:59:12
W0000235,W0000104,1,6550487,2026-02-21 18:48:27,2026-02-21 18:48:27
W0000235,W0000105,1,6859909,2026-06-13 03:27:30,2026-06-13 03:27:30
W0000235,W0000116,1,1494175,2026-02-08 21:29:15,2026-02-08 21:29:15
W0000235,W0000137,1,74804648,2026-06-09 22:10:54,2026-06-09 22:10:54
W0000235,W0000141,1,10739127,2026-06-20 21:12:12,2026-06-20 21:12:12
W0000235,W0000151,1,8700018,2026-03-22 16:41:31,2026-03-22 16:41:31
W0000235,W0000187,1,8687997,2026-06-13 15:36:38,2026-06-13 15:36:38
W0000235,W0000191,1,3310342,2026-02-23 01:24:51,2026-02-23 01:24:51
W0000235,W0000200,1,4480054,2026-04-05 09:14:01,2026-04-05 09:14:01
W0000235,W0000208,1,4736004,2026-03-24 20:42:28,2026-03-24 20:42:28
W0000235,W0000214,1,20877859,2026-06-14 16:25:15,2026-06-14 16:25:15
W0000235,W0000242,1,58864757,2026-06-22 07:22:45,2026-06-22 07:22:45
W0000235,W0000284,1,1891928,2026-06-05 06:48:33,2026-06-05 06:48:33
W0000235,W0000286,1,90722720,2026-04-16 11:29:42,2026-04-16 11:29:42
W0000235,W0000300,1,4416043,2026-04-20 17:04:24,2026-04-20 17:04:24
W0000235,W0000312,2,7182293,2026-03-16 21:42:15,2026-06-27 06:34:48
W0000235,W0000343,2,41289430,2026-01-12 18:36:27,2026-03-17 02:11:59
W0000235,W0000357,1,38033717,2026-05-27 07:47:43,2026-05-27 07:47:43
W0000235,W0000369,1,3645461,2026-05-24 00:53:17,2026-05-24 00:53:17
W0000235,W0000386,1,9153049,2026-05-16 00:14:28,2026-05-16 00:14:28
W0000235,W0000425,1,7732343,2026-02-20 04:56:22,2026-02-20 04:56:22
W0000235,W0000447,1,4052663,2026-01-29 22:10:27,2026-01-29 22:10:27
W0000235,W0000491,1,10068521,2026-04-07 20:42:35,2026-04-07 20:42:35
W0000235,W0000492,1,3902102,2026-01-25 16:43:15,2026-01-25 16:43:15
W0000236,W0000005,1,6213032,2026-03-15 16:15:45,2026-03-15 16:15:45
W0000236,W0000049,1,48524404,2026-02-10 11:26:02,2026-02-10 11:26:02
W0000236,W0000102,1,1186298,2026-05-17 17:09:31,2026-05-17 17:09:31
W0000236,W0000171,1,332902,2026-06-20 12:41:40,2026-06-20 12:41:40
W0000236,W0000179,1,6935284,2026-06-27 19:17:45,2026-06-27 19:17:45
W0000236,W0000281,1,6031483,2026-04-30 13:17:52,2026-04-30 13:17:52
W0000236,W0000337,1,24361760,2026-06-28 07:36:19,2026-06-28 07:36:19
W0000236,W0000358,1,5059612,2026-04-13 23:55:35,2026-04-13 23:55:35
W0000236,W0000379,1,6865070,2026-04-13 21:23:14,2026-04-13 21:23:14
W0000236,W0000409,1,17585920,2026-05-20 19:04:21,2026-05-20 19:04:21
W0000236,W0000425,1,21884456,2026-06-14 14:11:15,2026-06-14 14:11:15
W0000236,W0000431,1,14304150,2026-03-04 21:16:09,2026-03-04 21:16:09
W0000236,W0000443,1,5200120,2026-02-20 01:31:37,2026-02-20 01:31:37
W0000236,W0000479,1,17805837,2026-05-28 06:43:56,2026-05-28 06:43:56
W0000237,W0000064,1,6945250,2026-05-11 07:44:33,2026-05-11 07:44:33
W0000237,W0000076,1,13851666,2026-01-28 16:35:21,2026-01-28 16:35:21
W0000237,W0000078,1,14736759,2026-05-29 15:37:43,2026-05-29 15:37:43
W0000237,W0000079,1,2724813,2026-01-31 08:08:16,2026-01-31 08:08:16
W0000237,W0000090,1,84185441,2026-05-19 12:49:24,2026-05-19 12:49:24
W0000237,W0000129,2,24219183,2026-05-07 03:34:14,2026-05-21 11:00:15
W0000237,W0000164,1,785744,2026-05-26 16:54:58,2026-05-26 16:54:58
W0000237,W0000182,1,17403072,2026-02-24 11:31:18,2026-02-24 11:31:18
W0000237,W0000220,1,5963094,2026-03-22 06:56:23,2026-03-22 06:56:23
W0000237,W0000257,1,1661728,2026-05-16 11:38:09,2026-05-16 11:38:09
W0000237,W0000262,1,1837665,2026-02-11 03:21:31,2026-02-11 03:21:31
W0000237,W0000288,1,6619373,2026-06-01 19:02:12,2026-06-01 19:02:12
W0000237,W0000388,1,5387538,2026-04-26 01:22:32,2026-04-26 01:22:32
W0000237,W0000400,1,3596739,2026-04-13 10:08:26,2026-04-13 10:08:26
W0000237,W0000404,1,5577114,2026-04-20 05:18:34,2026-04-20 05:18:34
W0000237,W0000422,1,6332488,2026-05-03 15:37:11,2026-05-03 15:37:11
W0000237,W0000429,2,16832274,2026-03-04 12:31:28,2026-06-13 18:18:08
W0000237,W0000432,1,33536270,2026-01-08 04:28:14,2026-01-08 04:28:14
W0000237,W0000470,1,5710966,2026-06-26 18:06:36,2026-06-26 18:06:36
W0000237,W0000472,1,30753585,2026-01-08 13:59:50,2026-01-08 13:59:50
W0000237,W0000473,1,1310912,2026-01-03 03:59:43,2026-01-03 03:59:43
W0000237,W0000500,1,19823579,2026-02-02 18:40:54,2026-02-02 18:40:54
W0000238,W0000015,2,17994649,2026-01-24 07:49:48,2026-02-15 09:18:34
W0000238,W0000016,1,22875698,2026-01-02 22:50:11,2026-01-02 22:50:11
W0000238,W0000062,1,20855329,2026-03-31 14:21:33,2026-03-31 14:21:33
W0000238,W0000074,1,10303137,2026-05-15 10:18:08,2026-05-15 10:18:08
W0000238,W0000075,1,1727565,2026-02-27 08:44:53,2026-02-27 08:44:53
W0000238,W0000076,1,15873490,2026-04-20 06:00:30,2026-04-20 06:00:30
W0000238,W0000079,2,25447561,2026-03-31 14:21:33,2026-05-30 08:58:58
W0000238,W0000094,1,16984970,2026-02-06 01:13:59,2026-02-06 01:13:59
W0000238,W0000126,1,1727565,2026-02-27 08:44:53,2026-02-27 08:44:53
W0000238,W0000136,1,26906764,2026-05-05 13:15:23,2026-05-05 13:15:23
W0000238,W0000148,1,7766380,2026-05-23 14:27:45,2026-05-23 14:27:45
W0000238,W0000179,1,2812494,2026-01-16 01:17:31,2026-01-16 01:17:31
W0000238,W0000203,1,14727403,2026-04-04 20:16:31,2026-04-04 20:16:31
W0000238,W0000227,1,2282039,2026-01-25 06:17:48,2026-01-25 06:17:48
W0000238,W0000241,1,66432328,2026-05-15 14:11:30,2026-05-15 14:11:30
W0000238,W0000259,1,5995887,2026-03-03 14:41:14,2026-03-03 14:41:14
W0000238,W0000266,1,581739,2026-04-12 12:32:11,2026-04-12 12:32:11
W0000238,W0000267,1,6198089,2026-04-22 12:06:28,2026-04-22 12:06:28
W0000238,W0000268,1,10568727,2026-05-29 18:24:07,2026-05-29 18:24:07
W0000238,W0000270,1,20826668,2026-05-05 14:37:14,2026-05-05 14:37:14
W0000238,W0000278,1,26906764,2026-05-05 13:15:23,2026-05-05 13:15:23
W0000238,W0000306,1,10568727,2026-05-29 18:24:07,2026-05-29 18:24:07
W0000238,W0000316,1,4348699,2026-02-23 08:50:25,2026-02-23 08:50:25
W0000238,W0000335,1,4468398,2026-03-16 11:10:40,2026-03-16 11:10:40
W0000238,W0000339,1,3771707,2026-06-02 14:14:03,2026-06-02 14:14:03
W0000238,W0000345,1,8824770,2026-05-06 08:47:31,2026-05-06 08:47:31
W0000238,W0000351,1,4348699,2026-02-23 08:50:25,2026-02-23 08:50:25
W0000238,W0000354,1,23057238,2026-04-12 17:26:44,2026-04-12 17:26:44
W0000238,W0000362,1,21082344,2026-03-16 02:56:34,2026-03-16 02:56:34
W0000238,W0000375,1,16984970,2026-02-06 01:13:59,2026-02-06 01:13:59
W0000238,W0000381,1,1032664,2026-04-25 13:05:02,2026-04-25 13:05:02
W0000238,W0000384,1,27776563,2026-06-29 02:58:18,2026-06-29 02:58:18
W0000238,W0000413,1,5509860,2026-01-03 11:20:59,2026-01-03 11:20:59
W0000238,W0000420,1,16970057,2026-01-05 04:32:30,2026-01-05 04:32:30
W0000238,W0000459,1,20227798,2026-01-17 19:20:23,2026-01-17 19:20:23
W0000238,W0000487,1,1727565,2026-02-27 08:44:53,2026-02-27 08:44:53
W0000238,W0000497,1,6093091,2026-04-13 21:56:27,2026-04-13 21:56:27
W0000239,W0000020,1,18537794,2026-06-13 09:32:44,2026-06-13 09:32:44
W0000239,W0000030,1,19585951,2026-03-31 21:23:13,2026-03-31 21:23:13
W0000239,W0000057,1,10113300,2026-04-09 19:46:43,2026-04-09 19:46:43
W0000239,W0000087,1,15675856,2026-05-23 13:49:49,2026-05-23 13:49:49
W0000239,W0000098,1,1527574,2026-06-20 21:38:37,2026-06-20 21:38:37
W0000239,W0000106,1,2369670,2026-03-17 15:05:36,2026-03-17 15:05:36
W0000239,W0000176,1,20287462,2026-04-10 22:41:16,2026-04-10 22:41:16
W0000239,W0000182,1,11059748,2026-05-24 00:18:25,2026-05-24 00:18:25
W0000239,W0000186,1,1790634,2026-05-13 04:39:18,2026-05-13 04:39:18
W0000239,W0000236,1,7017730,2026-06-11 22:44:19,2026-06-11 22:44:19
W0000239,W0000248,2,4366151,2026-02-24 00:58:28,2026-04-16 15:11:03
W0000239,W0000261,1,9648957,2026-03-27 02:57:07,2026-03-27 02:57:07
W0000239,W0000268,1,11691031,2026-03-19 02:51:53,2026-03-19 02:51:53
W0000239,W0000270,1,4119749,2026-03-18 22:18:09,2026-03-18 22:18:09
W0000239,W0000296,1,9373320,2026-01-18 23:53:14,2026-01-18 23:53:14
W0000239,W0000341,1,4459666,2026-03-02 19:40:38,2026-03-02 19:40:38
W0000239,W0000450,1,19709723,2026-01-06 23:36:08,2026-01-06 23:36:08
W0000239,W0000453,1,113829,2026-03-25 19:03:48,2026-03-25 19:03:48
W0000239,W0000484,1,20947896,2026-06-02 16:49:06,2026-06-02 16:49:06
W0000240,W0000029,1,3213730,2026-02-25 09:16:37,2026-02-25 09:16:37
W0000240,W0000045,1,54619638,2026-03-20 22:44:29,2026-03-20 22:44:29
W0000240,W0000054,1,6093381,2026-02-07 05:09:01,2026-02-07 05:09:01
W0000240,W0000056,1,4828386,2026-02-05 00:08:05,2026-02-05 00:08:05
W0000240,W0000060,1,11601905,2026-03-10 10:02:19,2026-03-10 10:02:19
W0000240,W0000063,1,6093381,2026-02-07 05:09:01,2026-02-07 05:09:01
W0000240,W0000086,1,12257912,2026-06-19 03:07:20,2026-06-19 03:07:20
W0000240,W0000126,1,14979313,2026-06-24 19:14:59,2026-06-24 19:14:59
W0000240,W0000172,1,23667142,2026-05-01 02:46:31,2026-05-01 02:46:31
W0000240,W0000176,1,9526288,2026-04-21 23:19:33,2026-04-21 23:19:33
W0000240,W0000236,1,11601905,2026-03-10 10:02:19,2026-03-10 10:02:19
W0000240,W0000239,1,4828386,2026-02-05 00:08:05,2026-02-05 00:08:05
W0000240,W0000318,1,1376867,2026-01-01 01:41:29,2026-01-01 01:41:29
W0000240,W0000352,1,12257912,2026-06-19 03:07:20,2026-06-19 03:07:20
W0000240,W0000354,1,14979313,2026-06-24 19:14:59,2026-06-24 19:14:59
W0000240,W0000355,1,1538963,2026-02-22 03:35:39,2026-02-22 03:35:39
W0000240,W0000429,1,18628529,2026-03-22 20:33:54,2026-03-22 20:33:54
W0000240,W0000446,1,54619638,2026-03-20 22:44:29,2026-03-20 22:44:29
W0000240,W0000472,1,11601905,2026-03-10 10:02:19,2026-03-10 10:02:19
W0000241,W0000041,1,5833526,2026-02-27 00:15:12,2026-02-27 00:15:12
W0000241,W0000042,1,32246814,2026-05-14 13:46:47,2026-05-14 13:46:47
W0000241,W0000058,1,19567114,2026-06-11 18:30:10,2026-06-11 18:30:10
W0000241,W0000064,1,13130634,2026-03-31 17:43:55,2026-03-31 17:43:55
W0000241,W0000144,1,43114811,2026-06-25 11:19:18,2026-06-25 11:19:18
W0000241,W0000172,1,1512966,2026-04-11 08:35:51,2026-04-11 08:35:51
W0000241,W0000174,1,51531270,2026-06-30 19:23:56,2026-06-30 19:23:56
W0000241,W0000208,1,22038336,2026-06-06 19:46:57,2026-06-06 19:46:57
W0000241,W0000242,1,32580429,2026-05-02 08:50:22,2026-05-02 08:50:22
W0000241,W0000260,1,2001469,2026-03-18 13:39:54,2026-03-18 13:39:54
W0000241,W0000278,1,4558616,2026-03-09 22:56:00,2026-03-09 22:56:00
W0000241,W0000286,1,20637670,2026-02-10 16:58:11,2026-02-10 16:58:11
W0000241,W0000316,1,8142888,2026-04-20 01:42:05,2026-04-20 01:42:05
W0000241,W0000326,1,12104078,2026-05-17 07:10:14,2026-05-17 07:10:14
W0000241,W0000333,1,1181488,2026-01-29 14:01:28,2026-01-29 14:01:28
W0000241,W0000346,1,5783434,2026-05-13 09:47:01,2026-05-13 09:47:01
W0000241,W0000356,1,11321963,2026-03-08 11:44:46,2026-03-08 11:44:46
W0000241,W0000363,1,1362183,2026-06-29 19:19:46,2026-06-29 19:19:46
W0000241,W0000384,1,10796654,2026-01-23 12:22:59,2026-01-23 12:22:59
W0000241,W0000411,1,15543747,2026-02-04 01:37:10,2026-02-04 01:37:10
W0000241,W0000412,1,21403251,2026-02-28 10:45:13,2026-02-28 10:45:13
W0000241,W0000418,1,5531119,2026-04-07 10:54:46,2026-04-07 10:54:46
W0000241,W0000444,2,15684962,2026-04-16 14:43:03,2026-06-17 02:41:22
W0000241,W0000448,1,6588329,2026-03-21 03:48:24,2026-03-21 03:48:24
W0000241,W0000455,1,24907996,2026-01-18 22:39:11,2026-01-18 22:39:11
W0000241,W0000482,1,9910956,2026-01-26 22:02:48,2026-01-26 22:02:48
W0000242,W0000004,1,72024909,2026-03-16 18:12:39,2026-03-16 18:12:39
W0000242,W0000005,1,27276949,2026-04-18 21:08:35,2026-04-18 21:08:35
W0000242,W0000006,1,7834139,2026-06-04 00:06:53,2026-06-04 00:06:53
W0000242,W0000010,2,102483214,2026-02-24 17:20:16,2026-03-16 18:12:39
W0000242,W0000017,1,25430067,2026-02-05 19:02:37,2026-02-05 19:02:37
W0000242,W0000025,1,51663360,2026-03-01 13:10:36,2026-03-01 13:10:36
W0000242,W0000027,1,30458305,2026-02-24 17:20:16,2026-02-24 17:20:16
W0000242,W0000033,1,16369794,2026-04-16 19:59:26,2026-04-16 19:59:26
W0000242,W0000046,1,19774849,2026-01-13 02:14:32,2026-01-13 02:14:32
W0000242,W0000053,1,51663360,2026-03-01 13:10:36,2026-03-01 13:10:36
W0000242,W0000058,1,7834139,2026-06-04 00:06:53,2026-06-04 00:06:53
W0000242,W0000061,1,78689120,2026-02-21 06:11:57,2026-02-21 06:11:57
W0000242,W0000067,1,4451427,2026-05-26 01:24:44,2026-05-26 01:24:44
W0000242,W0000068,1,78689120,2026-02-21 06:11:57,2026-02-21 06:11:57
W0000242,W0000077,1,4451427,2026-05-26 01:24:44,2026-05-26 01:24:44
W0000242,W0000081,1,16369794,2026-04-16 19:59:26,2026-04-16 19:59:26
W0000242,W0000091,1,15642183,2026-04-23 15:40:03,2026-04-23 15:40:03
W0000242,W0000106,1,25430067,2026-02-05 19:02:37,2026-02-05 19:02:37
W0000242,W0000108,1,25942966,2026-05-11 11:13:17,2026-05-11 11:13:17
W0000242,W0000116,1,15642183,2026-04-23 15:40:03,2026-04-23 15:40:03
W0000242,W0000128,1,16369794,2026-04-16 19:59:26,2026-04-16 19:59:26
W0000242,W0000138,1,19771451,2026-05-18 02:00:05,2026-05-18 02:00:05
W0000242,W0000152,1,17124483,2026-02-13 04:41:19,2026-02-13 04:41:19
W0000242,W0000158,1,25430067,2026-02-05 19:02:37,2026-02-05 19:02:37
W0000242,W0000188,1,17124483,2026-02-13 04:41:19,2026-02-13 04:41:19
W0000242,W0000214,1,51663360,2026-03-01 13:10:36,2026-03-01 13:10:36
W0000242,W0000224,1,4451427,2026-05-26 01:24:44,2026-05-26 01:24:44
W0000242,W0000234,1,27276949,2026-04-18 21:08:35,2026-04-18 21:08:35
W0000242,W0000236,2,89106193,2026-03-16 18:12:39,2026-06-10 09:32:00
W0000242,W0000245,1,17124483,2026-02-13 04:41:19,2026-02-13 04:41:19
W0000242,W0000251,1,32849137,2026-06-06 07:44:27,2026-06-06 07:44:27
W0000242,W0000255,1,19771451,2026-05-18 02:00:05,2026-05-18 02:00:05
W0000242,W0000268,1,51663360,2026-03-01 13:10:36,2026-03-01 13:10:36
W0000242,W0000270,1,32849137,2026-06-06 07:44:27,2026-06-06 07:44:27
W0000242,W0000271,1,30458305,2026-02-24 17:20:16,2026-02-24 17:20:16
W0000242,W0000284,1,20617038,2026-05-12 14:52:18,2026-05-12 14:52:18
W0000242,W0000300,1,78689120,2026-02-21 06:11:57,2026-02-21 06:11:57
W0000242,W0000306,1,20617038,2026-05-12 14:52:18,2026-05-12 14:52:18
W0000242,W0000314,1,25942966,2026-05-11 11:13:17,2026-05-11 11:13:17
W0000242,W0000329,1,27276949,2026-04-18 21:08:35,2026-04-18 21:08:35
W0000242,W0000340,1,17794009,2026-06-05 05:34:51,2026-06-05 05:34:51
W0000242,W0000353,1,56672000,2026-01-17 01:40:33,2026-01-17 01:40:33
W0000242,W0000355,1,26912602,2026-02-18 04:34:11,2026-02-18 04:34:11
W0000242,W0000368,1,7834139,2026-06-04 00:06:53,2026-06-04 00:06:53
W0000242,W0000397,1,17081284,2026-06-10 09:32:00,2026-06-10 09:32:00
W0000242,W0000413,1,17794009,2026-06-05 05:34:51,2026-06-05 05:34:51
W0000242,W0000415,1,19774849,2026-01-13 02:14:32,2026-01-13 02:14:32
W0000242,W0000416,2,105601722,2026-02-18 04:34:11,2026-02-21 06:11:57
W0000242,W0000435,1,7834139,2026-06-04 00:06:53,2026-06-04 00:06:53
W0000242,W0000477,1,4451427,2026-05-26 01:24:44,2026-05-26 01:24:44
W0000242,W0000483,1,32849137,2026-06-06 07:44:27,2026-06-06 07:44:27
W0000242,W0000500,1,56672000,2026-01-17 01:40:33,2026-01-17 01:40:33
W0000243,W0000009,1,12263937,2026-03-09 19:32:37,2026-03-09 19:32:37
W0000243,W0000027,1,3370861,2026-04-11 02:06:07,2026-04-11 02:06:07
W0000243,W0000029,1,8818552,2026-03-06 08:20:53,2026-03-06 08:20:53
W0000243,W0000091,1,14905167,2026-01-27 02:41:00,2026-01-27 02:41:00
W0000243,W0000092,1,18447803,2026-03-13 09:42:51,2026-03-13 09:42:51
W0000243,W0000124,1,5614985,2026-05-14 16:35:43,2026-05-14 16:35:43
W0000243,W0000169,1,7630939,2026-05-22 15:41:06,2026-05-22 15:41:06
W0000243,W0000189,1,10288302,2026-02-07 06:50:33,2026-02-07 06:50:33
W0000243,W0000198,1,15327463,2026-02-18 21:02:37,2026-02-18 21:02:37
W0000243,W0000201,1,19958209,2026-03-04 02:56:24,2026-03-04 02:56:24
W0000243,W0000206,1,1872512,2026-06-03 12:34:37,2026-06-03 12:34:37
W0000243,W0000224,1,7198033,2026-04-21 14:01:15,2026-04-21 14:01:15
W0000243,W0000260,1,11751425,2026-01-11 19:21:45,2026-01-11 19:21:45
W0000243,W0000297,1,5230594,2026-02-28 08:02:41,2026-02-28 08:02:41
W0000243,W0000351,1,10291533,2026-05-06 07:31:08,2026-05-06 07:31:08
W0000243,W0000362,1,44818301,2026-02-15 10:37:55,2026-02-15 10:37:55
W0000243,W0000393,1,13887416,2026-03-05 17:09:37,2026-03-05 17:09:37
W0000243,W0000398,1,4567497,2026-05-20 17:21:51,2026-05-20 17:21:51
W0000243,W0000406,1,15509616,2026-01-26 18:33:57,2026-01-26 18:33:57
W0000243,W0000495,1,15761036,2026-06-02 03:44:01,2026-06-02 03:44:01
W0000244,W0000008,1,14536079,2026-05-06 23:55:29,2026-05-06 23:55:29
W0000244,W0000010,1,7396141,2026-04-14 06:38:40,2026-04-14 06:38:40
W0000244,W0000026,1,3410689,2026-01-23 22:00:15,2026-01-23 22:00:15
W0000244,W0000029,1,53648381,2026-01-18 13:08:30,2026-01-18 13:08:30
W0000244,W0000057,1,5503189,2026-02-16 11:54:56,2026-02-16 11:54:56
W0000244,W0000062,1,16452582,2026-01-31 21:01:37,2026-01-31 21:01:37
W0000244,W0000138,1,615078,2026-05-12 13:08:32,2026-05-12 13:08:32
W0000244,W0000164,1,131712486,2026-01-15 02:54:23,2026-01-15 02:54:23
W0000244,W0000200,1,17478511,2026-06-18 01:45:21,2026-06-18 01:45:21
W0000244,W0000202,1,16923186,2026-03-24 03:32:35,2026-03-24 03:32:35
W0000244,W0000253,1,1445151,2026-01-04 08:21:33,2026-01-04 08:21:33
W0000244,W0000286,1,7328354,2026-06-29 12:23:54,2026-06-29 12:23:54
W0000244,W0000291,1,33432537,2026-06-16 01:05:49,2026-06-16 01:05:49
W0000244,W0000292,1,12910795,2026-06-03 01:48:17,2026-06-03 01:48:17
W0000244,W0000313,1,10464980,2026-03-15 03:09:01,2026-03-15 03:09:01
W0000244,W0000351,1,4987692,2026-04-11 12:16:29,2026-04-11 12:16:29
W0000244,W0000403,1,18992044,2026-05-16 06:48:40,2026-05-16 06:48:40
W0000244,W0000405,1,5241555,2026-06-17 21:19:58,2026-06-17 21:19:58
W0000244,W0000490,1,10827246,2026-03-31 21:57:20,2026-03-31 21:57:20
W0000245,W0000049,1,6582959,2026-04-22 18:57:42,2026-04-22 18:57:42
W0000245,W0000052,1,1968036,2026-01-16 16:07:11,2026-01-16 16:07:11
W0000245,W0000093,1,1336128,2026-02-18 23:35:21,2026-02-18 23:35:21
W0000245,W0000134,1,7180554,2026-03-29 11:54:28,2026-03-29 11:54:28
W0000245,W0000143,1,5548888,2026-05-05 07:35:41,2026-05-05 07:35:41
W0000245,W0000174,1,631352,2026-04-06 22:42:27,2026-04-06 22:42:27
W0000245,W0000232,1,646051,2026-01-07 06:54:09,2026-01-07 06:54:09
W0000245,W0000302,1,1768099,2026-01-11 08:50:12,2026-01-11 08:50:12
W0000245,W0000342,1,7600967,2026-05-30 20:41:09,2026-05-30 20:41:09
W0000245,W0000347,1,25122209,2026-01-15 06:53:26,2026-01-15 06:53:26
W0000245,W0000355,1,615307,2026-04-18 18:24:31,2026-04-18 18:24:31
W0000245,W0000384,1,2663734,2026-03-14 13:13:04,2026-03-14 13:13:04
W0000245,W0000386,1,20695428,2026-06-27 00:47:57,2026-06-27 00:47:57
W0000245,W0000416,1,17009296,2026-04-16 05:44:14,2026-04-16 05:44:14
W0000245,W0000423,1,7357965,2026-03-01 12:46:49,2026-03-01 12:46:49
W0000245,W0000471,1,8493100,2026-06-06 14:18:28,2026-06-06 14:18:28
W0000246,W0000013,1,9663495,2026-05-02 14:45:21,2026-05-02 14:45:21
W0000246,W0000063,1,10565107,2026-03-28 06:53:02,2026-03-28 06:53:02
W0000246,W0000083,1,3376139,2026-06-16 14:12:24,2026-06-16 14:12:24
W0000246,W0000091,1,19990810,2026-05-18 09:41:57,2026-05-18 09:41:57
W0000246,W0000119,1,1868111,2026-02-17 16:31:49,2026-02-17 16:31:49
W0000246,W0000156,1,4369250,2026-05-13 23:05:35,2026-05-13 23:05:35
W0000246,W0000175,1,8650343,2026-01-23 14:41:11,2026-01-23 14:41:11
W0000246,W0000199,1,3871421,2026-01-10 20:06:10,2026-01-10 20:06:10
W0000246,W0000200,1,41537686,2026-03-05 05:34:51,2026-03-05 05:34:51
W0000246,W0000219,1,12947915,2026-05-06 14:32:08,2026-05-06 14:32:08
W0000246,W0000241,1,31285892,2026-06-30 00:24:22,2026-06-30 00:24:22
W0000246,W0000257,1,6069047,2026-02-10 10:48:25,2026-02-10 10:48:25
W0000246,W0000285,1,3719949,2026-04-11 22:54:34,2026-04-11 22:54:34
W0000246,W0000342,1,6099808,2026-04-05 18:52:58,2026-04-05 18:52:58
W0000246,W0000397,1,13781714,2026-02-22 21:51:44,2026-02-22 21:51:44
W0000246,W0000435,1,7985910,2026-04-24 16:33:13,2026-04-24 16:33:13
W0000246,W0000442,1,13061528,2026-01-25 14:12:44,2026-01-25 14:12:44
W0000246,W0000461,1,10416851,2026-06-18 09:59:14,2026-06-18 09:59:14
W0000246,W0000475,1,24006727,2026-06-13 21:02:37,2026-06-13 21:02:37
W0000246,W0000491,1,6465329,2026-05-08 18:31:53,2026-05-08 18:31:53
W0000247,W0000023,1,5501790,2026-06-02 22:05:53,2026-06-02 22:05:53
W0000247,W0000062,1,2644796,2026-04-05 05:01:52,2026-04-05 05:01:52
W0000247,W0000063,1,24368380,2026-05-10 18:21:39,2026-05-10 18:21:39
W0000247,W0000070,1,8110914,2026-05-19 08:09:59,2026-05-19 08:09:59
W0000247,W0000072,1,9416630,2026-06-04 00:57:43,2026-06-04 00:57:43
W0000247,W0000091,1,4432864,2026-02-25 06:04:37,2026-02-25 06:04:37
W0000247,W0000098,1,9223559,2026-05-30 05:05:19,2026-05-30 05:05:19
W0000247,W0000145,2,22247218,2026-05-05 06:58:04,2026-06-24 07:44:10
W0000247,W0000196,1,10692526,2026-06-06 05:48:20,2026-06-06 05:48:20
W0000247,W0000203,1,18148566,2026-04-02 00:21:36,2026-04-02 00:21:36
W0000247,W0000217,1,2848673,2026-04-30 06:37:04,2026-04-30 06:37:04
W0000247,W0000222,1,5987920,2026-03-01 09:01:38,2026-03-01 09:01:38
W0000247,W0000251,1,6256746,2026-04-21 22:35:38,2026-04-21 22:35:38
W0000247,W0000253,1,5632684,2026-02-26 06:57:01,2026-02-26 06:57:01
W0000247,W0000303,1,76087213,2026-03-17 06:27:01,2026-03-17 06:27:01
W0000247,W0000357,1,5895795,2026-02-19 00:31:22,2026-02-19 00:31:22
W0000247,W0000446,1,3940179,2026-02-17 00:57:43,2026-02-17 00:57:43
W0000247,W0000469,1,9435719,2026-02-25 06:41:47,2026-02-25 06:41:47
W0000248,W0000014,1,36037130,2026-06-28 19:30:21,2026-06-28 19:30:21
W0000248,W0000022,1,35756946,2026-01-14 10:27:03,2026-01-14 10:27:03
W0000248,W0000024,1,1423690,2026-04-05 18:43:46,2026-04-05 18:43:46
W0000248,W0000079,1,3622725,2026-04-14 00:57:01,2026-04-14 00:57:01
W0000248,W0000099,1,6142549,2026-05-06 16:58:22,2026-05-06 16:58:22
W0000248,W0000121,1,14775165,2026-05-16 05:46:42,2026-05-16 05:46:42
W0000248,W0000125,1,11756689,2026-01-29 02:04:49,2026-01-29 02:04:49
W0000248,W0000127,1,2252176,2026-02-27 23:06:24,2026-02-27 23:06:24
W0000248,W0000135,1,11200311,2026-01-04 04:13:52,2026-01-04 04:13:52
W0000248,W0000147,1,12930853,2026-06-29 20:08:10,2026-06-29 20:08:10
W0000248,W0000158,1,171254,2026-05-31 08:00:28,2026-05-31 08:00:28
W0000248,W0000239,1,2575407,2026-05-19 19:57:57,2026-05-19 19:57:57
W0000248,W0000278,1,7551746,2026-03-20 02:27:33,2026-03-20 02:27:33
W0000248,W0000342,1,7544263,2026-06-08 17:28:08,2026-06-08 17:28:08
W0000248,W0000355,1,2073844,2026-04-11 00:52:33,2026-04-11 00:52:33
W0000248,W0000402,1,48841631,2026-02-04 04:58:53,2026-02-04 04:58:53
W0000248,W0000458,1,4241521,2026-01-30 04:45:48,2026-01-30 04:45:48
W0000249,W0000014,1,10552684,2026-06-04 19:46:46,2026-06-04 19:46:46
W0000249,W0000018,1,7205594,2026-03-16 02:27:57,2026-03-16 02:27:57
W0000249,W0000019,1,90913153,2026-02-13 19:04:14,2026-02-13 19:04:14
W0000249,W0000030,1,5400437,2026-05-31 10:02:04,2026-05-31 10:02:04
W0000249,W0000064,1,11688816,2026-01-08 06:04:01,2026-01-08 06:04:01
W0000249,W0000066,1,7379623,2026-05-16 04:17:47,2026-05-16 04:17:47
W0000249,W0000099,1,58146772,2026-04-08 03:38:46,2026-04-08 03:38:46
W0000249,W0000155,1,7276205,2026-03-12 07:37:35,2026-03-12 07:37:35
W0000249,W0000156,1,6165211,2026-06-02 10:49:02,2026-06-02 10:49:02
W0000249,W0000160,1,3426010,2026-04-11 12:27:24,2026-04-11 12:27:24
W0000249,W0000306,1,6054221,2026-03-09 04:41:28,2026-03-09 04:41:28
W0000249,W0000307,1,38563577,2026-03-28 10:46:57,2026-03-28 10:46:57
W0000249,W0000348,1,1967673,2026-03-26 18:30:31,2026-03-26 18:30:31
W0000249,W0000394,1,9411421,2026-01-21 11:38:20,2026-01-21 11:38:20
W0000249,W0000403,1,38437950,2026-04-03 03:30:10,2026-04-03 03:30:10
W0000249,W0000431,1,11507566,2026-02-23 22:37:29,2026-02-23 22:37:29
W0000249,W0000471,1,17137730,2026-05-31 00:02:37,2026-05-31 00:02:37
W0000250,W0000023,1,5207881,2026-03-23 07:21:01,2026-03-23 07:21:01
W0000250,W0000090,1,57784694,2026-01-16 22:01:30,2026-01-16 22:01:30
W0000250,W0000097,1,43266828,2026-05-04 19:20:04,2026-05-04 19:20:04
W0000250,W0000167,1,7190918,2026-02-27 00:17:45,2026-02-27 00:17:45
W0000250,W0000170,1,27272080,2026-04-22 22:13:34,2026-04-22 22:13:34
W0000250,W0000180,1,17011294,2026-05-05 06:11:08,2026-05-05 06:11:08
W0000250,W0000246,1,8718172,2026-02-24 00:12:36,2026-02-24 00:12:36
W0000250,W0000325,1,28803093,2026-02-06 18:58:06,2026-02-06 18:58:06
W0000250,W0000337,1,18218830,2026-01-26 13:40:08,2026-01-26 13:40:08
W0000250,W0000362,1,2751278,2026-05-30 18:27:46,2026-05-30 18:27:46
W0000250,W0000463,1,9863771,2026-01-19 06:31:07,2026-01-19 06:31:07
W0000250,W0000492,1,24904004,2026-03-30 09:07:48,2026-03-30 09:07:48
W0000251,W0000008,1,4632498,2026-04-16 02:29:23,2026-04-16 02:29:23
W0000251,W0000011,1,6807039,2026-06-23 19:51:13,2026-06-23 19:51:13
W0000251,W0000020,1,18105553,2026-04-05 01:36:09,2026-04-05 01:36:09
W0000251,W0000072,1,2351811,2026-06-05 07:19:58,2026-06-05 07:19:58
W0000251,W0000074,1,10890145,2026-03-22 04:07:58,2026-03-22 04:07:58
W0000251,W0000093,1,11151658,2026-01-20 15:46:22,2026-01-20 15:46:22
W0000251,W0000096,1,51540962,2026-03-04 20:27:43,2026-03-04 20:27:43
W0000251,W0000123,1,11627046,2026-06-02 05:41:02,2026-06-02 05:41:02
W0000251,W0000134,1,32541348,2026-05-10 22:32:31,2026-05-10 22:32:31
W0000251,W0000143,1,4675106,2026-04-09 17:03:00,2026-04-09 17:03:00
W0000251,W0000165,1,7205842,2026-04-04 17:34:28,2026-04-04 17:34:28
W0000251,W0000188,2,15202425,2026-01-13 23:25:07,2026-03-02 23:25:03
W0000251,W0000195,1,26274746,2026-04-21 05:15:43,2026-04-21 05:15:43
W0000251,W0000242,1,1301811,2026-05-01 01:49:22,2026-05-01 01:49:22
W0000251,W0000277,1,1829917,2026-03-23 22:30:37,2026-03-23 22:30:37
W0000251,W0000281,1,6589084,2026-01-29 11:53:21,2026-01-29 11:53:21
W0000251,W0000309,1,18835701,2026-06-26 17:03:00,2026-06-26 17:03:00
W0000251,W0000344,1,14338463,2026-01-17 05:10:23,2026-01-17 05:10:23
W0000251,W0000407,1,4899688,2026-03-01 18:07:47,2026-03-01 18:07:47
W0000251,W0000429,1,15936741,2026-01-25 09:06:11,2026-01-25 09:06:11
W0000251,W0000477,1,7723644,2026-06-11 11:50:32,2026-06-11 11:50:32
W0000251,W0000483,1,31003852,2026-04-22 12:52:26,2026-04-22 12:52:26
W0000252,W0000002,1,2397726,2026-01-03 04:41:55,2026-01-03 04:41:55
W0000252,W0000008,1,14424673,2026-06-21 13:27:31,2026-06-21 13:27:31
W0000252,W0000011,1,1181151,2026-03-07 14:07:05,2026-03-07 14:07:05
W0000252,W0000041,1,2112496,2026-06-11 15:25:07,2026-06-11 15:25:07
W0000252,W0000067,1,31661837,2026-02-28 09:21:04,2026-02-28 09:21:04
W0000252,W0000087,1,1984496,2026-04-07 22:38:09,2026-04-07 22:38:09
W0000252,W0000124,1,16873503,2026-02-25 13:05:15,2026-02-25 13:05:15
W0000252,W0000148,1,24826090,2026-04-15 07:56:08,2026-04-15 07:56:08
W0000252,W0000153,1,10601394,2026-02-07 05:53:42,2026-02-07 05:53:42
W0000252,W0000158,1,12419851,2026-03-07 22:00:56,2026-03-07 22:00:56
W0000252,W0000178,1,717550,2026-01-12 07:21:38,2026-01-12 07:21:38
W0000252,W0000190,1,40166269,2026-06-17 06:15:36,2026-06-17 06:15:36
W0000252,W0000207,1,13456755,2026-06-01 15:25:49,2026-06-01 15:25:49
W0000252,W0000212,1,2103389,2026-03-06 14:35:52,2026-03-06 14:35:52
W0000252,W0000216,1,27700715,2026-02-13 16:10:02,2026-02-13 16:10:02
W0000252,W0000257,1,10031857,2026-01-07 00:39:30,2026-01-07 00:39:30
W0000252,W0000367,1,17776042,2026-03-26 23:45:00,2026-03-26 23:45:00
W0000252,W0000368,1,3883834,2026-03-26 12:46:49,2026-03-26 12:46:49
W0000252,W0000378,1,8024077,2026-02-11 12:39:15,2026-02-11 12:39:15
W0000252,W0000428,1,10249971,2026-03-27 23:55:06,2026-03-27 23:55:06
W0000252,W0000443,1,4811989,2026-05-15 03:44:18,2026-05-15 03:44:18
W0000252,W0000500,1,2133844,2026-04-15 09:19:50,2026-04-15 09:19:50
W0000253,W0000029,1,4910349,2026-06-05 22:03:52,2026-06-05 22:03:52
W0000253,W0000032,1,6934037,2026-05-05 15:05:31,2026-05-05 15:05:31
W0000253,W0000039,1,11019276,2026-02-18 01:56:10,2026-02-18 01:56:10
W0000253,W0000071,1,3761851,2026-04-09 16:45:48,2026-04-09 16:45:48
W0000253,W0000077,1,78420314,2026-04-22 13:47:48,2026-04-22 13:47:48
W0000253,W0000106,1,12278982,2026-02-21 02:24:52,2026-02-21 02:24:52
W0000253,W0000139,1,5206098,2026-03-08 06:04:26,2026-03-08 06:04:26
W0000253,W0000185,1,18461590,2026-05-23 15:21:53,2026-05-23 15:21:53
W0000253,W0000271,1,13412217,2026-01-18 20:14:59,2026-01-18 20:14:59
W0000253,W0000281,1,15466992,2026-01-23 23:04:23,2026-01-23 23:04:23
W0000253,W0000302,1,11183070,2026-06-26 06:59:39,2026-06-26 06:59:39
W0000253,W0000318,1,8920783,2026-03-14 21:38:30,2026-03-14 21:38:30
W0000253,W0000324,1,22440838,2026-04-21 06:06:47,2026-04-21 06:06:47
W0000253,W0000342,1,2825045,2026-03-10 21:14:36,2026-03-10 21:14:36
W0000253,W0000393,1,23414501,2026-05-18 00:01:29,2026-05-18 00:01:29
W0000253,W0000409,1,9106449,2026-02-03 08:22:08,2026-02-03 08:22:08
W0000253,W0000431,1,9308767,2026-04-13 08:15:39,2026-04-13 08:15:39
W0000253,W0000459,1,27802985,2026-05-30 12:12:42,2026-05-30 12:12:42
W0000254,W0000023,1,5536111,2026-01-24 11:32:11,2026-01-24 11:32:11
W0000254,W0000024,1,15152820,2026-05-13 02:32:39,2026-05-13 02:32:39
W0000254,W0000031,1,16754504,2026-01-14 06:22:18,2026-01-14 06:22:18
W0000254,W0000065,1,15419719,2026-04-09 16:53:50,2026-04-09 16:53:50
W0000254,W0000066,1,51035136,2026-01-16 08:46:57,2026-01-16 08:46:57
W0000254,W0000086,1,21650240,2026-05-03 03:54:52,2026-05-03 03:54:52
W0000254,W0000106,1,56137320,2026-05-02 14:43:12,2026-05-02 14:43:12
W0000254,W0000130,1,53405430,2026-03-21 19:31:27,2026-03-21 19:31:27
W0000254,W0000156,1,15619735,2026-02-09 06:47:04,2026-02-09 06:47:04
W0000254,W0000171,1,37913721,2026-04-20 08:10:12,2026-04-20 08:10:12
W0000254,W0000203,1,4296544,2026-04-13 07:39:01,2026-04-13 07:39:01
W0000254,W0000214,1,18152179,2026-03-01 19:25:11,2026-03-01 19:25:11
W0000254,W0000283,1,31226134,2026-05-26 09:25:08,2026-05-26 09:25:08
W0000254,W0000287,1,10908487,2026-05-19 18:48:53,2026-05-19 18:48:53
W0000254,W0000308,1,11985471,2026-02-01 12:25:48,2026-02-01 12:25:48
W0000254,W0000309,1,14205050,2026-01-09 16:48:34,2026-01-09 16:48:34
W0000254,W0000333,1,8108571,2026-06-29 02:26:53,2026-06-29 02:26:53
W0000254,W0000334,1,44946286,2026-05-09 08:34:14,2026-05-09 08:34:14
W0000254,W0000355,1,8907586,2026-05-05 15:56:29,2026-05-05 15:56:29
W0000254,W0000387,1,31813207,2026-06-19 03:19:41,2026-06-19 03:19:41
W0000254,W0000408,1,40867740,2026-02-26 05:41:33,2026-02-26 05:41:33
W0000254,W0000430,1,5827443,2026-05-27 18:25:13,2026-05-27 18:25:13
W0000254,W0000440,1,311975255,2026-01-01 16:35:46,2026-01-01 16:35:46
W0000254,W0000445,1,8632774,2026-05-26 16:29:27,2026-05-26 16:29:27
W0000254,W0000464,1,2631578,2026-01-23 16:28:35,2026-01-23 16:28:35
W0000255,W0000013,1,1745469,2026-01-03 11:01:28,2026-01-03 11:01:28
W0000255,W0000014,1,7297702,2026-05-12 16:12:05,2026-05-12 16:12:05
W0000255,W0000039,1,6416774,2026-03-01 23:59:52,2026-03-01 23:59:52
W0000255,W0000082,1,4697703,2026-05-21 06:40:58,2026-05-21 06:40:58
W0000255,W0000090,1,5964351,2026-04-14 10:00:49,2026-04-14 10:00:49
W0000255,W0000102,1,47337460,2026-02-21 10:56:35,2026-02-21 10:56:35
W0000255,W0000120,1,1245006,2026-03-30 10:51:43,2026-03-30 10:51:43
W0000255,W0000168,1,3079333,2026-04-19 23:16:38,2026-04-19 23:16:38
W0000255,W0000185,1,7265555,2026-06-16 20:54:24,2026-06-16 20:54:24
W0000255,W0000224,1,8311638,2026-04-06 13:31:36,2026-04-06 13:31:36
W0000255,W0000243,1,11179755,2026-01-12 10:38:13,2026-01-12 10:38:13
W0000255,W0000285,1,20680098,2026-05-18 01:17:17,2026-05-18 01:17:17
W0000255,W0000317,1,5912928,2026-06-06 05:01:30,2026-06-06 05:01:30
W0000255,W0000320,1,8770715,2026-01-20 01:35:07,2026-01-20 01:35:07
W0000255,W0000353,1,19477379,2026-02-06 11:43:53,2026-02-06 11:43:53
W0000255,W0000396,1,15296942,2026-05-13 19:54:54,2026-05-13 19:54:54
W0000255,W0000449,1,725545,2026-01-27 22:40:02,2026-01-27 22:40:02
W0000255,W0000452,1,12356630,2026-05-13 22:11:21,2026-05-13 22:11:21
W0000255,W0000464,1,802370,2026-02-18 06:40:58,2026-02-18 06:40:58
W0000256,W0000020,1,84526144,2026-04-14 17:23:40,2026-04-14 17:23:40
W0000256,W0000028,1,27654120,2026-02-09 22:21:41,2026-02-09 22:21:41
W0000256,W0000029,1,4670115,2026-02-11 08:29:28,2026-02-11 08:29:28
W0000256,W0000032,1,32907628,2026-03-16 08:58:50,2026-03-16 08:58:50
W0000256,W0000047,1,16824680,2026-04-09 03:32:30,2026-04-09 03:32:30
W0000256,W0000073,1,10810421,2026-02-19 22:07:58,2026-02-19 22:07:58
W0000256,W0000084,1,7814975,2026-03-13 15:18:14,2026-03-13 15:18:14
W0000256,W0000131,1,4670115,2026-02-11 08:29:28,2026-02-11 08:29:28
W0000256,W0000145,1,301003,2026-03-15 09:25:15,2026-03-15 09:25:15
W0000256,W0000146,1,17080577,2026-01-16 23:58:24,2026-01-16 23:58:24
W0000256,W0000165,1,12378214,2026-04-04 18:55:33,2026-04-04 18:55:33
W0000256,W0000211,1,7759804,2026-06-10 19:37:33,2026-06-10 19:37:33
W0000256,W0000227,1,553656,2026-03-14 10:07:28,2026-03-14 10:07:28
W0000256,W0000261,1,5611370,2026-05-02 01:47:55,2026-05-02 01:47:55
W0000256,W0000272,1,8051444,2026-06-01 10:43:44,2026-06-01 10:43:44
W0000256,W0000299,1,4190058,2026-05-27 20:37:37,2026-05-27 20:37:37
W0000256,W0000353,1,6113840,2026-02-19 05:20:17,2026-02-19 05:20:17
W0000256,W0000377,1,6634873,2026-01-23 14:07:57,2026-01-23 14:07:57
W0000256,W0000420,1,5774663,2026-02-28 05:59:47,2026-02-28 05:59:47
W0000256,W0000429,1,26233657,2026-01-11 18:13:42,2026-01-11 18:13:42
W0000256,W0000444,1,3719749,2026-06-30 07:09:36,2026-06-30 07:09:36
W0000256,W0000453,1,10278083,2026-02-12 02:42:19,2026-02-12 02:42:19
W0000256,W0000460,1,4787009,2026-01-18 13:21:22,2026-01-18 13:21:22
W0000256,W0000489,1,6113840,2026-02-19 05:20:17,2026-02-19 05:20:17
W0000257,W0000006,1,26236806,2026-03-03 20:20:50,2026-03-03 20:20:50
W0000257,W0000007,1,7466745,2026-06-30 15:07:55,2026-06-30 15:07:55
W0000257,W0000020,1,8817367,2026-03-06 16:04:55,2026-03-06 16:04:55
W0000257,W0000131,1,18448321,2026-03-08 12:40:21,2026-03-08 12:40:21
W0000257,W0000134,1,68352965,2026-06-21 23:22:37,2026-06-21 23:22:37
W0000257,W0000164,1,6048149,2026-04-15 00:38:56,2026-04-15 00:38:56
W0000257,W0000183,1,10627040,2026-02-19 23:13:35,2026-02-19 23:13:35
W0000257,W0000192,1,39909512,2026-06-29 19:51:22,2026-06-29 19:51:22
W0000257,W0000202,1,30020567,2026-04-11 01:19:40,2026-04-11 01:19:40
W0000257,W0000232,2,7232333,2026-05-18 03:29:34,2026-05-21 18:14:30
W0000257,W0000244,1,431669,2026-04-09 16:26:10,2026-04-09 16:26:10
W0000257,W0000259,1,32949392,2026-06-25 06:11:25,2026-06-25 06:11:25
W0000257,W0000315,1,5223731,2026-04-21 17:29:21,2026-04-21 17:29:21
W0000257,W0000318,1,8320569,2026-06-15 17:13:58,2026-06-15 17:13:58
W0000257,W0000328,1,43987344,2026-03-07 23:14:08,2026-03-07 23:14:08
W0000257,W0000341,1,18017558,2026-03-09 22:14:10,2026-03-09 22:14:10
W0000257,W0000352,1,8882180,2026-05-12 17:09:18,2026-05-12 17:09:18
W0000257,W0000363,1,11351287,2026-06-09 16:49:10,2026-06-09 16:49:10
W0000257,W0000381,1,1666634,2026-03-17 12:09:55,2026-03-17 12:09:55
W0000257,W0000390,1,9937706,2026-05-07 05:44:18,2026-05-07 05:44:18
W0000257,W0000399,1,10088914,2026-05-07 04:03:00,2026-05-07 04:03:00
W0000257,W0000427,1,56969505,2026-03-06 09:08:26,2026-03-06 09:08:26
W0000257,W0000470,1,22981489,2026-02-04 04:14:27,2026-02-04 04:14:27
W0000258,W0000013,1,1812738,2026-02-19 11:03:50,2026-02-19 11:03:50
W0000258,W0000017,1,8272180,2026-06-15 09:14:03,2026-06-15 09:14:03
W0000258,W0000040,1,5098452,2026-03-06 03:53:39,2026-03-06 03:53:39
W0000258,W0000072,1,20158850,2026-01-17 14:46:59,2026-01-17 14:46:59
W0000258,W0000109,1,35387554,2026-02-03 21:17:24,2026-02-03 21:17:24
W0000258,W0000198,1,8218126,2026-03-29 12:07:26,2026-03-29 12:07:26
W0000258,W0000199,1,18073902,2026-01-10 05:10:13,2026-01-10 05:10:13
W0000258,W0000204,1,3451248,2026-05-09 17:00:42,2026-05-09 17:00:42
W0000258,W0000217,1,28539045,2026-01-15 13:53:29,2026-01-15 13:53:29
W0000258,W0000235,2,9285881,2026-01-02 10:41:17,2026-06-19 21:43:54
W0000258,W0000271,1,3181012,2026-03-05 13:35:12,2026-03-05 13:35:12
W0000258,W0000274,1,69415416,2026-05-26 10:31:30,2026-05-26 10:31:30
W0000258,W0000276,1,9509833,2026-04-17 20:17:43,2026-04-17 20:17:43
W0000258,W0000277,1,2378988,2026-04-25 03:25:41,2026-04-25 03:25:41
W0000258,W0000295,1,2795292,2026-06-29 04:31:12,2026-06-29 04:31:12
W0000258,W0000302,1,14957094,2026-04-03 13:15:08,2026-04-03 13:15:08
W0000258,W0000313,1,26131654,2026-06-17 00:06:09,2026-06-17 00:06:09
W0000258,W0000362,1,1019518,2026-03-20 07:41:51,2026-03-20 07:41:51
W0000258,W0000369,2,50191947,2026-01-08 12:29:46,2026-02-09 00:22:09
W0000258,W0000381,1,5432026,2026-02-04 20:46:25,2026-02-04 20:46:25
W0000258,W0000382,1,7008540,2026-02-21 13:48:01,2026-02-21 13:48:01
W0000258,W0000449,1,5308224,2026-02-20 11:49:30,2026-02-20 11:49:30
W0000258,W0000467,1,2101400,2026-06-28 16:17:44,2026-06-28 16:17:44
W0000258,W0000475,1,937686,2026-01-01 00:25:58,2026-01-01 00:25:58
W0000258,W0000492,1,7493562,2026-04-04 08:30:37,2026-04-04 08:30:37
W0000258,W0000500,1,107773651,2026-01-30 03:14:02,2026-01-30 03:14:02
W0000259,W0000022,1,23033978,2026-04-28 16:39:50,2026-04-28 16:39:50
W0000259,W0000034,1,12544115,2026-03-21 12:12:58,2026-03-21 12:12:58
W0000259,W0000044,1,26534014,2026-02-05 23:11:21,2026-02-05 23:11:21
W0000259,W0000077,2,66025192,2026-05-08 03:33:50,2026-06-05 07:23:32
W0000259,W0000093,1,3008393,2026-02-22 23:07:31,2026-02-22 23:07:31
W0000259,W0000095,1,27893105,2026-01-21 20:10:06,2026-01-21 20:10:06
W0000259,W0000129,1,26534014,2026-02-05 23:11:21,2026-02-05 23:11:21
W0000259,W0000151,1,16759917,2026-01-22 17:01:20,2026-01-22 17:01:20
W0000259,W0000152,1,10041998,2026-03-01 03:23:01,2026-03-01 03:23:01
W0000259,W0000158,1,26534014,2026-02-05 23:11:21,2026-02-05 23:11:21
W0000259,W0000177,1,27193926,2026-04-17 02:14:49,2026-04-17 02:14:49
W0000259,W0000181,1,21685179,2026-05-01 20:02:41,2026-05-01 20:02:41
W0000259,W0000184,1,30324502,2026-04-01 21:12:55,2026-04-01 21:12:55
W0000259,W0000197,1,27193926,2026-04-17 02:14:49,2026-04-17 02:14:49
W0000259,W0000201,2,145798997,2026-05-10 01:10:59,2026-06-12 14:16:38
W0000259,W0000229,1,52583665,2026-02-11 18:59:25,2026-02-11 18:59:25
W0000259,W0000230,1,32150821,2026-06-05 07:23:32,2026-06-05 07:23:32
W0000259,W0000232,1,36571761,2026-04-11 06:21:22,2026-04-11 06:21:22
W0000259,W0000243,1,52583665,2026-02-11 18:59:25,2026-02-11 18:59:25
W0000259,W0000252,1,27994221,2026-01-08 09:50:23,2026-01-08 09:50:23
W0000259,W0000255,1,12544115,2026-03-21 12:12:58,2026-03-21 12:12:58
W0000259,W0000265,1,33874371,2026-05-08 03:33:50,2026-05-08 03:33:50
W0000259,W0000268,1,16759917,2026-01-22 17:01:20,2026-01-22 17:01:20
W0000259,W0000270,1,4684405,2026-04-05 08:49:12,2026-04-05 08:49:12
W0000259,W0000272,1,44472774,2026-03-03 20:36:08,2026-03-03 20:36:08
W0000259,W0000279,1,4684405,2026-04-05 08:49:12,2026-04-05 08:49:12
W0000259,W0000298,1,51573264,2026-05-10 01:10:59,2026-05-10 01:10:59
W0000259,W0000303,1,27893105,2026-01-21 20:10:06,2026-01-21 20:10:06
W0000259,W0000317,1,3008393,2026-02-22 23:07:31,2026-02-22 23:07:31
W0000259,W0000321,1,36571761,2026-04-11 06:21:22,2026-04-11 06:21:22
W0000259,W0000332,1,10041998,2026-03-01 03:23:01,2026-03-01 03:23:01
W0000259,W0000334,1,33874371,2026-05-08 03:33:50,2026-05-08 03:33:50
W0000259,W0000343,1,32150821,2026-06-05 07:23:32,2026-06-05 07:23:32
W0000259,W0000351,1,26534014,2026-02-05 23:11:21,2026-02-05 23:11:21
W0000259,W0000353,1,3008393,2026-02-22 23:07:31,2026-02-22 23:07:31
W0000259,W0000357,1,30324502,2026-04-01 21:12:55,2026-04-01 21:12:55
W0000259,W0000359,1,27893105,2026-01-21 20:10:06,2026-01-21 20:10:06
W0000259,W0000368,1,23033978,2026-04-28 16:39:50,2026-04-28 16:39:50
W0000259,W0000383,2,10903385,2026-03-01 03:23:01,2026-05-11 19:36:42
W0000259,W0000392,1,94225733,2026-06-12 14:16:38,2026-06-12 14:16:38
W0000259,W0000409,1,27193926,2026-04-17 02:14:49,2026-04-17 02:14:49
W0000259,W0000412,1,861387,2026-05-11 19:36:42,2026-05-11 19:36:42
W0000259,W0000423,1,27994221,2026-01-08 09:50:23,2026-01-08 09:50:23
W0000259,W0000427,1,21685179,2026-05-01 20:02:41,2026-05-01 20:02:41
W0000259,W0000433,1,94225733,2026-06-12 14:16:38,2026-06-12 14:16:38
W0000259,W0000438,1,861387,2026-05-11 19:36:42,2026-05-11 19:36:42
W0000259,W0000443,1,36571761,2026-04-11 06:21:22,2026-04-11 06:21:22
W0000259,W0000445,1,32150821,2026-06-05 07:23:32,2026-06-05 07:23:32
W0000259,W0000450,1,23033978,2026-04-28 16:39:50,2026-04-28 16:39:50
W0000259,W0000454,1,21685179,2026-05-01 20:02:41,2026-05-01 20:02:41
W0000259,W0000458,1,33874371,2026-05-08 03:33:50,2026-05-08 03:33:50
W0000259,W0000464,1,861387,2026-05-11 19:36:42,2026-05-11 19:36:42
W0000259,W0000484,2,88145025,2026-04-11 06:21:22,2026-05-10 01:10:59
W0000259,W0000493,1,3008393,2026-02-22 23:07:31,2026-02-22 23:07:31
W0000259,W0000495,1,30324502,2026-04-01 21:12:55,2026-04-01 21:12:55
W0000259,W0000496,1,44472774,2026-03-03 20:36:08,2026-03-03 20:36:08
W0000260,W0000021,1,23881738,2026-06-26 20:20:36,2026-06-26 20:20:36
W0000260,W0000038,1,1921835,2026-03-08 00:21:21,2026-03-08 00:21:21
W0000260,W0000044,1,41281213,2026-04-10 01:07:13,2026-04-10 01:07:13
W0000260,W0000095,1,77376317,2026-05-01 08:10:21,2026-05-01 08:10:21
W0000260,W0000135,1,1113843,2026-03-15 08:39:53,2026-03-15 08:39:53
W0000260,W0000143,1,48037722,2026-05-10 05:29:59,2026-05-10 05:29:59
W0000260,W0000149,1,31895235,2026-04-10 10:10:31,2026-04-10 10:10:31
W0000260,W0000153,1,31682040,2026-05-14 20:35:28,2026-05-14 20:35:28
W0000260,W0000156,1,1034251,2026-05-19 05:24:53,2026-05-19 05:24:53
W0000260,W0000210,1,12155441,2026-01-17 13:24:30,2026-01-17 13:24:30
W0000260,W0000219,1,2569369,2026-04-23 03:17:20,2026-04-23 03:17:20
W0000260,W0000233,2,14860863,2026-03-14 02:09:05,2026-03-24 00:47:33
W0000260,W0000244,1,13823659,2026-02-15 10:40:55,2026-02-15 10:40:55
W0000260,W0000281,1,13449466,2026-03-06 18:43:02,2026-03-06 18:43:02
W0000260,W0000291,1,7137118,2026-03-27 17:21:10,2026-03-27 17:21:10
W0000260,W0000300,1,1433284,2026-06-19 06:00:44,2026-06-19 06:00:44
W0000260,W0000331,1,22469187,2026-01-21 13:59:34,2026-01-21 13:59:34
W0000260,W0000332,1,15243691,2026-01-18 02:05:12,2026-01-18 02:05:12
W0000260,W0000366,1,11381762,2026-03-06 16:19:25,2026-03-06 16:19:25
W0000260,W0000377,1,19986077,2026-02-26 21:44:45,2026-02-26 21:44:45
W0000260,W0000439,1,39378179,2026-02-21 05:24:05,2026-02-21 05:24:05
W0000260,W0000466,1,5862556,2026-01-27 16:55:24,2026-01-27 16:55:24
W0000260,W0000469,1,12014072,2026-04-25 18:30:56,2026-04-25 18:30:56
W0000260,W0000479,1,34563186,2026-05-30 21:47:20,2026-05-30 21:47:20
W0000260,W0000481,1,24841047,2026-01-08 04:29:48,2026-01-08 04:29:48
W0000260,W0000496,1,62126678,2026-03-24 03:33:43,2026-03-24 03:33:43
W0000261,W0000062,1,14974629,2026-02-07 09:32:07,2026-02-07 09:32:07
W0000261,W0000085,1,76960330,2026-01-30 13:33:49,2026-01-30 13:33:49
W0000261,W0000109,1,11919445,2026-02-25 07:16:23,2026-02-25 07:16:23
W0000261,W0000145,1,9215443,2026-06-07 09:18:01,2026-06-07 09:18:01
W0000261,W0000152,1,4975656,2026-06-08 21:03:21,2026-06-08 21:03:21
W0000261,W0000174,1,1811358,2026-02-18 04:36:29,2026-02-18 04:36:29
W0000261,W0000202,1,2862516,2026-04-05 19:38:09,2026-04-05 19:38:09
W0000261,W0000216,1,2471086,2026-04-05 16:09:52,2026-04-05 16:09:52
W0000261,W0000234,1,13536706,2026-06-06 00:10:11,2026-06-06 00:10:11
W0000261,W0000246,1,9569250,2026-06-06 01:32:26,2026-06-06 01:32:26
W0000261,W0000279,1,7597501,2026-04-05 02:56:07,2026-04-05 02:56:07
W0000261,W0000328,1,5742897,2026-05-12 09:13:19,2026-05-12 09:13:19
W0000261,W0000336,1,39110251,2026-03-19 21:14:01,2026-03-19 21:14:01
W0000261,W0000353,1,5375821,2026-04-11 03:14:44,2026-04-11 03:14:44
W0000261,W0000373,1,1089519,2026-03-01 00:50:12,2026-03-01 00:50:12
W0000261,W0000377,1,28507819,2026-01-02 10:25:37,2026-01-02 10:25:37
W0000261,W0000421,1,9667230,2026-03-10 23:51:06,2026-03-10 23:51:06
W0000261,W0000423,1,5221264,2026-03-29 19:01:43,2026-03-29 19:01:43
W0000261,W0000445,1,7166804,2026-02-20 08:13:08,2026-02-20 08:13:08
W0000262,W0000004,1,6864096,2026-02-01 11:28:57,2026-02-01 11:28:57
W0000262,W0000032,1,5476712,2026-05-19 05:15:16,2026-05-19 05:15:16
W0000262,W0000041,1,9329518,2026-02-13 06:29:24,2026-02-13 06:29:24
W0000262,W0000049,1,6224476,2026-05-20 20:53:16,2026-05-20 20:53:16
W0000262,W0000060,1,437502,2026-03-06 18:33:28,2026-03-06 18:33:28
W0000262,W0000061,1,34309604,2026-05-20 04:45:40,2026-05-20 04:45:40
W0000262,W0000083,1,3579463,2026-04-20 08:09:01,2026-04-20 08:09:01
W0000262,W0000091,1,3513551,2026-05-28 02:36:01,2026-05-28 02:36:01
W0000262,W0000151,1,2767878,2026-06-06 07:17:11,2026-06-06 07:17:11
W0000262,W0000155,1,67635285,2026-02-23 02:01:04,2026-02-23 02:01:04
W0000262,W0000165,1,6002556,2026-03-01 19:00:53,2026-03-01 19:00:53
W0000262,W0000197,1,2149369,2026-01-05 04:21:52,2026-01-05 04:21:52
W0000262,W0000271,1,9244516,2026-02-22 02:50:21,2026-02-22 02:50:21
W0000262,W0000275,1,12104288,2026-03-18 11:43:27,2026-03-18 11:43:27
W0000262,W0000291,1,39591128,2026-02-28 12:19:58,2026-02-28 12:19:58
W0000262,W0000297,1,11116200,2026-04-08 10:05:13,2026-04-08 10:05:13
W0000262,W0000299,1,39760588,2026-03-23 16:09:56,2026-03-23 16:09:56
W0000262,W0000312,1,3595656,2026-01-24 10:56:13,2026-01-24 10:56:13
W0000262,W0000372,1,9017880,2026-06-29 02:28:17,2026-06-29 02:28:17
W0000262,W0000381,1,12285436,2026-04-23 21:55:24,2026-04-23 21:55:24
W0000262,W0000416,1,4940061,2026-05-12 08:22:48,2026-05-12 08:22:48
W0000262,W0000433,1,8300003,2026-05-03 13:15:56,2026-05-03 13:15:56
W0000262,W0000437,1,16030732,2026-03-10 06:57:37,2026-03-10 06:57:37
W0000262,W0000469,1,31218976,2026-01-14 10:00:18,2026-01-14 10:00:18
W0000263,W0000025,1,10355230,2026-04-09 14:36:02,2026-04-09 14:36:02
W0000263,W0000082,1,3596501,2026-03-23 08:33:09,2026-03-23 08:33:09
W0000263,W0000096,1,3700465,2026-05-25 05:58:06,2026-05-25 05:58:06
W0000263,W0000106,1,25436409,2026-06-17 05:41:25,2026-06-17 05:41:25
W0000263,W0000109,1,1439185,2026-02-04 10:30:43,2026-02-04 10:30:43
W0000263,W0000119,1,23066160,2026-03-05 07:45:08,2026-03-05 07:45:08
W0000263,W0000127,1,1339107,2026-04-29 21:47:42,2026-04-29 21:47:42
W0000263,W0000155,1,10042508,2026-06-11 10:46:21,2026-06-11 10:46:21
W0000263,W0000180,1,8192266,2026-05-02 12:05:30,2026-05-02 12:05:30
W0000263,W0000217,1,3683454,2026-03-09 21:00:52,2026-03-09 21:00:52
W0000263,W0000236,1,781422,2026-01-17 22:47:34,2026-01-17 22:47:34
W0000263,W0000259,1,873957,2026-02-04 15:19:47,2026-02-04 15:19:47
W0000263,W0000270,1,57501513,2026-04-27 14:10:24,2026-04-27 14:10:24
W0000263,W0000281,1,30471758,2026-01-28 21:12:24,2026-01-28 21:12:24
W0000263,W0000290,1,1065989,2026-03-31 18:50:20,2026-03-31 18:50:20
W0000263,W0000357,2,12902461,2026-03-30 16:15:11,2026-06-25 00:16:17
W0000263,W0000363,1,7042912,2026-06-24 09:50:21,2026-06-24 09:50:21
W0000263,W0000370,1,108714178,2026-04-12 08:42:51,2026-04-12 08:42:51
W0000263,W0000407,1,7926739,2026-05-05 10:17:32,2026-05-05 10:17:32
W0000263,W0000423,1,3692047,2026-05-04 08:30:11,2026-05-04 08:30:11
W0000263,W0000455,1,14308126,2026-04-24 12:57:35,2026-04-24 12:57:35
W0000264,W0000008,1,7518261,2026-02-27 23:52:21,2026-02-27 23:52:21
W0000264,W0000034,1,3824291,2026-03-22 21:09:47,2026-03-22 21:09:47
W0000264,W0000043,1,6434450,2026-03-27 18:00:24,2026-03-27 18:00:24
W0000264,W0000100,1,1883259,2026-01-18 06:45:11,2026-01-18 06:45:11
W0000264,W0000131,1,29291046,2026-05-27 04:42:16,2026-05-27 04:42:16
W0000264,W0000211,1,6154931,2026-04-05 15:30:19,2026-04-05 15:30:19
W0000264,W0000239,1,16487327,2026-04-13 15:15:00,2026-04-13 15:15:00
W0000264,W0000245,1,2924454,2026-03-04 01:59:51,2026-03-04 01:59:51
W0000264,W0000273,1,13443010,2026-04-10 02:52:16,2026-04-10 02:52:16
W0000264,W0000291,1,25125263,2026-04-10 00:31:16,2026-04-10 00:31:16
W0000264,W0000312,1,9963137,2026-02-19 03:29:53,2026-02-19 03:29:53
W0000264,W0000344,1,6762419,2026-04-15 17:00:44,2026-04-15 17:00:44
W0000264,W0000348,1,10675358,2026-05-06 22:30:52,2026-05-06 22:30:52
W0000264,W0000372,1,35334325,2026-03-14 14:33:06,2026-03-14 14:33:06
W0000264,W0000452,1,10130734,2026-01-21 20:07:15,2026-01-21 20:07:15
W0000264,W0000472,1,8728288,2026-03-05 23:03:19,2026-03-05 23:03:19
W0000264,W0000482,1,8981685,2026-05-02 20:11:40,2026-05-02 20:11:40
W0000265,W0000018,1,46587010,2026-02-16 22:44:13,2026-02-16 22:44:13
W0000265,W0000028,1,8362211,2026-05-12 09:46:14,2026-05-12 09:46:14
W0000265,W0000031,1,19401764,2026-01-03 21:58:13,2026-01-03 21:58:13
W0000265,W0000085,1,34794813,2026-04-09 10:03:00,2026-04-09 10:03:00
W0000265,W0000109,1,4849680,2026-03-23 03:36:38,2026-03-23 03:36:38
W0000265,W0000132,1,36687871,2026-04-12 01:31:22,2026-04-12 01:31:22
W0000265,W0000174,1,7973613,2026-01-07 23:01:45,2026-01-07 23:01:45
W0000265,W0000182,1,1053596,2026-02-21 06:29:05,2026-02-21 06:29:05
W0000265,W0000186,1,28581415,2026-05-23 04:33:04,2026-05-23 04:33:04
W0000265,W0000194,1,17517727,2026-04-05 03:04:08,2026-04-05 03:04:08
W0000265,W0000217,1,9971934,2026-02-08 15:10:50,2026-02-08 15:10:50
W0000265,W0000258,1,35848430,2026-05-15 22:12:37,2026-05-15 22:12:37
W0000265,W0000282,1,22241595,2026-03-26 09:50:39,2026-03-26 09:50:39
W0000265,W0000297,1,27896294,2026-05-09 07:34:48,2026-05-09 07:34:48
W0000265,W0000369,1,18147147,2026-06-09 07:42:11,2026-06-09 07:42:11
W0000265,W0000371,1,6369780,2026-03-14 05:02:13,2026-03-14 05:02:13
W0000265,W0000386,1,33014493,2026-06-12 23:45:34,2026-06-12 23:45:34
W0000266,W0000015,1,8071935,2026-04-07 06:46:10,2026-04-07 06:46:10
W0000266,W0000076,1,8257324,2026-02-13 00:24:36,2026-02-13 00:24:36
W0000266,W0000151,1,6213640,2026-03-28 09:28:43,2026-03-28 09:28:43
W0000266,W0000192,1,10315771,2026-03-31 20:51:47,2026-03-31 20:51:47
W0000266,W0000202,1,18589923,2026-06-23 20:40:12,2026-06-23 20:40:12
W0000266,W0000242,1,1560076,2026-03-06 02:44:13,2026-03-06 02:44:13
W0000266,W0000287,1,7825495,2026-06-14 17:32:02,2026-06-14 17:32:02
W0000266,W0000304,1,3615588,2026-04-29 02:58:54,2026-04-29 02:58:54
W0000266,W0000308,1,8852879,2026-05-03 02:32:29,2026-05-03 02:32:29
W0000266,W0000362,1,21156262,2026-01-18 12:12:12,2026-01-18 12:12:12
W0000266,W0000373,1,34215925,2026-03-16 19:46:22,2026-03-16 19:46:22
W0000266,W0000392,1,1990434,2026-01-18 19:38:33,2026-01-18 19:38:33
W0000266,W0000404,1,4919692,2026-01-21 01:02:01,2026-01-21 01:02:01
W0000266,W0000417,1,7975492,2026-03-07 04:47:50,2026-03-07 04:47:50
W0000266,W0000436,1,1530117,2026-02-03 13:58:58,2026-02-03 13:58:58
W0000266,W0000440,1,13396465,2026-05-20 20:50:40,2026-05-20 20:50:40
W0000266,W0000449,1,10824778,2026-04-02 05:55:03,2026-04-02 05:55:03
W0000266,W0000450,1,16550031,2026-01-25 13:11:34,2026-01-25 13:11:34
W0000266,W0000452,1,5995897,2026-01-20 07:32:51,2026-01-20 07:32:51
W0000267,W0000007,1,42353485,2026-05-23 21:47:53,2026-05-23 21:47:53
W0000267,W0000012,1,8739892,2026-06-09 11:35:35,2026-06-09 11:35:35
W0000267,W0000032,1,3238284,2026-01-20 09:05:39,2026-01-20 09:05:39
W0000267,W0000048,1,4312751,2026-04-08 03:10:56,2026-04-08 03:10:56
W0000267,W0000059,1,7442808,2026-05-28 03:06:13,2026-05-28 03:06:13
W0000267,W0000094,1,29833524,2026-01-08 06:27:27,2026-01-08 06:27:27
W0000267,W0000131,1,22309137,2026-02-06 13:43:49,2026-02-06 13:43:49
W0000267,W0000136,1,58237561,2026-04-08 15:10:23,2026-04-08 15:10:23
W0000267,W0000148,1,11821228,2026-04-18 22:07:44,2026-04-18 22:07:44
W0000267,W0000173,1,12897653,2026-05-01 17:37:21,2026-05-01 17:37:21
W0000267,W0000197,1,23588798,2026-05-01 09:14:00,2026-05-01 09:14:00
W0000267,W0000254,1,12253747,2026-01-10 23:48:37,2026-01-10 23:48:37
W0000267,W0000259,1,3722680,2026-04-16 10:56:13,2026-04-16 10:56:13
W0000267,W0000315,1,11160601,2026-05-14 07:25:49,2026-05-14 07:25:49
W0000267,W0000317,1,10577166,2026-03-08 00:28:24,2026-03-08 00:28:24
W0000267,W0000322,2,17384059,2026-05-06 08:42:34,2026-06-01 05:20:07
W0000267,W0000381,1,67098884,2026-01-24 20:02:50,2026-01-24 20:02:50
W0000267,W0000390,1,2209174,2026-04-17 22:06:45,2026-04-17 22:06:45
W0000267,W0000412,1,9832683,2026-05-07 23:31:43,2026-05-07 23:31:43
W0000267,W0000415,1,19818326,2026-01-14 08:06:33,2026-01-14 08:06:33
W0000267,W0000421,1,13253342,2026-01-31 03:53:57,2026-01-31 03:53:57
W0000267,W0000472,1,18060453,2026-03-23 19:39:11,2026-03-23 19:39:11
W0000267,W0000495,1,19777894,2026-05-31 05:16:36,2026-05-31 05:16:36
W0000268,W0000010,1,1851608,2026-05-02 13:23:27,2026-05-02 13:23:27
W0000268,W0000015,1,9453453,2026-01-29 09:09:58,2026-01-29 09:09:58
W0000268,W0000051,1,47956765,2026-05-08 19:52:17,2026-05-08 19:52:17
W0000268,W0000093,1,27277803,2026-06-18 09:52:05,2026-06-18 09:52:05
W0000268,W0000102,1,21337337,2026-03-11 16:51:34,2026-03-11 16:51:34
W0000268,W0000141,1,10746389,2026-06-19 09:59:55,2026-06-19 09:59:55
W0000268,W0000159,1,52842693,2026-06-20 14:26:00,2026-06-20 14:26:00
W0000268,W0000162,1,9194205,2026-06-11 23:46:53,2026-06-11 23:46:53
W0000268,W0000176,1,1893614,2026-03-01 03:55:53,2026-03-01 03:55:53
W0000268,W0000192,1,7612365,2026-06-20 17:04:47,2026-06-20 17:04:47
W0000268,W0000222,1,50061676,2026-06-04 13:06:41,2026-06-04 13:06:41
W0000268,W0000249,1,12702272,2026-05-27 17:03:10,2026-05-27 17:03:10
W0000268,W0000273,1,11724053,2026-04-12 14:34:31,2026-04-12 14:34:31
W0000268,W0000279,1,13913394,2026-01-14 13:34:13,2026-01-14 13:34:13
W0000268,W0000292,1,8566261,2026-01-12 10:38:50,2026-01-12 10:38:50
W0000268,W0000297,1,6032461,2026-05-31 17:38:40,2026-05-31 17:38:40
W0000268,W0000318,2,18570734,2026-05-09 11:48:26,2026-06-12 23:03:00
W0000268,W0000335,1,15126483,2026-05-19 01:06:19,2026-05-19 01:06:19
W0000268,W0000344,1,74380884,2026-03-01 17:02:16,2026-03-01 17:02:16
W0000268,W0000355,1,39957897,2026-03-05 00:56:22,2026-03-05 00:56:22
W0000268,W0000371,1,4976476,2026-06-23 12:46:59,2026-06-23 12:46:59
W0000268,W0000437,1,2512744,2026-04-26 09:55:43,2026-04-26 09:55:43
W0000268,W0000482,1,14809810,2026-01-18 04:15:23,2026-01-18 04:15:23
W0000269,W0000008,1,12806286,2026-04-03 18:11:17,2026-04-03 18:11:17
W0000269,W0000034,1,3762503,2026-04-25 16:45:47,2026-04-25 16:45:47
W0000269,W0000035,1,1072650,2026-05-28 21:50:45,2026-05-28 21:50:45
W0000269,W0000090,1,18374966,2026-06-12 23:55:45,2026-06-12 23:55:45
W0000269,W0000116,1,5796671,2026-04-12 12:07:49,2026-04-12 12:07:49
W0000269,W0000123,1,9941628,2026-01-17 15:26:33,2026-01-17 15:26:33
W0000269,W0000138,1,9353916,2026-05-19 02:04:11,2026-05-19 02:04:11
W0000269,W0000155,1,14723338,2026-05-28 18:27:08,2026-05-28 18:27:08
W0000269,W0000159,1,16110186,2026-04-25 16:22:18,2026-04-25 16:22:18
W0000269,W0000200,1,24827090,2026-05-19 21:20:13,2026-05-19 21:20:13
W0000269,W0000204,1,13375076,2026-05-03 04:12:14,2026-05-03 04:12:14
W0000269,W0000243,1,19738047,2026-03-12 01:16:03,2026-03-12 01:16:03
W0000269,W0000244,1,9095743,2026-03-17 04:54:29,2026-03-17 04:54:29
W0000269,W0000275,1,10749276,2026-03-09 09:55:17,2026-03-09 09:55:17
W0000269,W0000304,1,2127506,2026-04-12 08:24:50,2026-04-12 08:24:50
W0000269,W0000311,1,11551767,2026-02-17 22:47:15,2026-02-17 22:47:15
W0000269,W0000372,1,2918602,2026-05-01 09:52:10,2026-05-01 09:52:10
W0000269,W0000381,1,796280,2026-05-09 23:36:06,2026-05-09 23:36:06
W0000269,W0000385,1,16536757,2026-05-28 15:47:04,2026-05-28 15:47:04
W0000269,W0000482,1,17551259,2026-04-08 21:48:04,2026-04-08 21:48:04
W0000269,W0000498,1,49545724,2026-01-25 08:25:43,2026-01-25 08:25:43
W0000270,W0000012,1,2172175,2026-06-23 20:33:33,2026-06-23 20:33:33
W0000270,W0000015,1,31059688,2026-06-17 01:36:33,2026-06-17 01:36:33
W0000270,W0000065,1,8404072,2026-02-18 07:14:09,2026-02-18 07:14:09
W0000270,W0000087,1,4686076,2026-01-12 19:42:22,2026-01-12 19:42:22
W0000270,W0000090,1,4315787,2026-06-22 22:18:59,2026-06-22 22:18:59
W0000270,W0000099,2,14842790,2026-02-02 08:17:33,2026-02-06 14:12:15
W0000270,W0000110,1,28351969,2026-04-22 02:29:14,2026-04-22 02:29:14
W0000270,W0000119,1,18180053,2026-03-01 14:18:49,2026-03-01 14:18:49
W0000270,W0000123,1,4327163,2026-03-21 09:38:32,2026-03-21 09:38:32
W0000270,W0000126,1,6766981,2026-01-09 02:29:47,2026-01-09 02:29:47
W0000270,W0000137,1,4963109,2026-06-03 14:48:22,2026-06-03 14:48:22
W0000270,W0000141,1,35355997,2026-02-06 02:59:58,2026-02-06 02:59:58
W0000270,W0000158,1,12722477,2026-05-26 12:22:53,2026-05-26 12:22:53
W0000270,W0000184,1,6788381,2026-04-28 09:12:58,2026-04-28 09:12:58
W0000270,W0000232,1,13880854,2026-02-09 19:43:45,2026-02-09 19:43:45
W0000270,W0000234,1,4442710,2026-04-10 06:14:00,2026-04-10 06:14:00
W0000270,W0000269,1,6447175,2026-04-01 22:03:34,2026-04-01 22:03:34
W0000270,W0000311,1,34893085,2026-03-06 15:32:17,2026-03-06 15:32:17
W0000270,W0000321,1,20261459,2026-06-20 13:35:02,2026-06-20 13:35:02
W0000270,W0000334,1,22100481,2026-05-12 19:19:43,2026-05-12 19:19:43
W0000270,W0000403,2,9423776,2026-02-03 21:43:10,2026-03-18 04:02:26
W0000270,W0000406,1,1156848,2026-04-12 02:21:25,2026-04-12 02:21:25
W0000270,W0000426,1,8730509,2026-02-03 08:37:42,2026-02-03 08:37:42
W0000270,W0000493,1,102585333,2026-06-13 15:09:20,2026-06-13 15:09:20
W0000270,W0000496,1,3483560,2026-03-29 10:19:22,2026-03-29 10:19:22
W0000271,W0000003,1,29187362,2026-02-05 22:32:33,2026-02-05 22:32:33
W0000271,W0000030,1,3032023,2026-06-30 16:01:18,2026-06-30 16:01:18
W0000271,W0000037,2,91775643,2026-01-23 15:05:51,2026-03-27 02:59:56
W0000271,W0000125,1,43416882,2026-01-13 17:23:40,2026-01-13 17:23:40
W0000271,W0000211,2,60216077,2026-01-21 01:29:55,2026-03-28 05:04:01
W0000271,W0000231,1,149939644,2026-04-11 05:38:25,2026-04-11 05:38:25
W0000271,W0000244,1,457834,2026-03-20 22:08:00,2026-03-20 22:08:00
W0000271,W0000248,1,34515627,2026-04-24 08:14:39,2026-04-24 08:14:39
W0000271,W0000315,1,71142718,2026-01-14 04:43:32,2026-01-14 04:43:32
W0000271,W0000332,1,237763,2026-01-23 23:06:32,2026-01-23 23:06:32
W0000271,W0000336,1,3032023,2026-06-30 16:01:18,2026-06-30 16:01:18
W0000271,W0000351,1,10669946,2026-06-25 04:43:11,2026-06-25 04:43:11
W0000271,W0000381,1,8627441,2026-03-05 21:42:06,2026-03-05 21:42:06
W0000271,W0000390,1,45613495,2026-01-14 02:08:27,2026-01-14 02:08:27
W0000271,W0000399,1,29692643,2026-05-05 12:58:31,2026-05-05 12:58:31
W0000271,W0000479,1,10669946,2026-06-25 04:43:11,2026-06-25 04:43:11
W0000271,W0000490,1,25643555,2026-06-13 21:36:29,2026-06-13 21:36:29
W0000272,W0000007,1,2371082,2026-06-04 19:43:46,2026-06-04 19:43:46
W0000272,W0000053,1,7666842,2026-03-08 15:04:58,2026-03-08 15:04:58
W0000272,W0000074,1,20753707,2026-06-27 00:34:03,2026-06-27 00:34:03
W0000272,W0000086,1,2692205,2026-01-23 02:28:47,2026-01-23 02:28:47
W0000272,W0000110,1,11317692,2026-02-07 09:29:59,2026-02-07 09:29:59
W0000272,W0000112,1,21418262,2026-04-21 08:52:24,2026-04-21 08:52:24
W0000272,W0000121,1,4422690,2026-05-13 01:44:08,2026-05-13 01:44:08
W0000272,W0000153,1,28888785,2026-05-01 07:48:23,2026-05-01 07:48:23
W0000272,W0000178,1,9213203,2026-02-12 12:49:03,2026-02-12 12:49:03
W0000272,W0000217,1,8490694,2026-06-21 17:31:18,2026-06-21 17:31:18
W0000272,W0000253,1,10280626,2026-05-21 13:57:47,2026-05-21 13:57:47
W0000272,W0000266,1,11708162,2026-04-15 15:50:13,2026-04-15 15:50:13
W0000272,W0000291,1,11739057,2026-04-06 22:17:43,2026-04-06 22:17:43
W0000272,W0000314,1,5770505,2026-06-29 02:12:11,2026-06-29 02:12:11
W0000272,W0000321,1,25219215,2026-02-10 10:05:40,2026-02-10 10:05:40
W0000272,W0000392,1,14206802,2026-04-12 02:05:58,2026-04-12 02:05:58
W0000272,W0000416,1,3715223,2026-06-21 05:19:31,2026-06-21 05:19:31
W0000272,W0000417,1,3013175,2026-06-08 02:40:11,2026-06-08 02:40:11
W0000272,W0000429,1,2137438,2026-04-20 09:47:06,2026-04-20 09:47:06
W0000273,W0000003,1,12779102,2026-03-06 23:50:31,2026-03-06 23:50:31
W0000273,W0000016,1,3666324,2026-06-28 08:18:54,2026-06-28 08:18:54
W0000273,W0000079,1,4295891,2026-03-15 21:57:01,2026-03-15 21:57:01
W0000273,W0000085,1,4222858,2026-01-24 17:43:14,2026-01-24 17:43:14
W0000273,W0000120,1,5625333,2026-06-03 00:19:15,2026-06-03 00:19:15
W0000273,W0000126,1,5192759,2026-02-09 06:49:06,2026-02-09 06:49:06
W0000273,W0000162,1,50115155,2026-02-22 12:32:16,2026-02-22 12:32:16
W0000273,W0000214,1,16361908,2026-03-09 23:21:39,2026-03-09 23:21:39
W0000273,W0000232,1,19180414,2026-06-05 07:49:19,2026-06-05 07:49:19
W0000273,W0000278,1,7076582,2026-02-22 03:41:08,2026-02-22 03:41:08
W0000273,W0000281,2,39850039,2026-02-28 02:30:14,2026-04-23 14:10:56
W0000273,W0000367,1,2617585,2026-05-24 11:45:32,2026-05-24 11:45:32
W0000273,W0000380,1,2109966,2026-05-27 03:20:26,2026-05-27 03:20:26
W0000273,W0000392,1,99901115,2026-02-03 10:50:22,2026-02-03 10:50:22
W0000273,W0000438,1,26242542,2026-03-26 05:18:09,2026-03-26 05:18:09
W0000273,W0000453,1,1795492,2026-04-03 14:20:14,2026-04-03 14:20:14
W0000273,W0000462,1,24509550,2026-01-19 01:06:10,2026-01-19 01:06:10
W0000274,W0000023,1,32255030,2026-03-23 05:00:42,2026-03-23 05:00:42
W0000274,W0000029,1,57670555,2026-03-27 12:15:29,2026-03-27 12:15:29
W0000274,W0000032,1,22901579,2026-05-02 08:34:31,2026-05-02 08:34:31
W0000274,W0000043,1,26309801,2026-03-09 20:56:24,2026-03-09 20:56:24
W0000274,W0000149,1,28598265,2026-06-03 20:32:59,2026-06-03 20:32:59
W0000274,W0000207,1,2333197,2026-02-06 05:17:28,2026-02-06 05:17:28
W0000274,W0000212,1,13060996,2026-01-19 01:25:11,2026-01-19 01:25:11
W0000274,W0000268,1,10576195,2026-04-19 18:31:58,2026-04-19 18:31:58
W0000274,W0000295,1,5081590,2026-05-30 07:51:26,2026-05-30 07:51:26
W0000274,W0000311,1,2543941,2026-03-22 06:11:21,2026-03-22 06:11:21
W0000274,W0000349,1,7257716,2026-03-14 12:09:44,2026-03-14 12:09:44
W0000274,W0000371,1,21609612,2026-06-10 00:47:51,2026-06-10 00:47:51
W0000274,W0000394,1,9610357,2026-03-18 04:04:02,2026-03-18 04:04:02
W0000274,W0000470,1,2951619,2026-02-19 04:49:18,2026-02-19 04:49:18
W0000275,W0000064,1,7895654,2026-02-03 19:43:04,2026-02-03 19:43:04
W0000275,W0000075,1,2269876,2026-02-06 11:10:58,2026-02-06 11:10:58
W0000275,W0000077,1,64330485,2026-01-11 08:12:17,2026-01-11 08:12:17
W0000275,W0000150,1,23178866,2026-05-06 21:03:45,2026-05-06 21:03:45
W0000275,W0000159,1,418606,2026-01-17 07:06:04,2026-01-17 07:06:04
W0000275,W0000191,1,5856669,2026-01-04 10:16:07,2026-01-04 10:16:07
W0000275,W0000198,1,20737813,2026-04-25 14:47:10,2026-04-25 14:47:10
W0000275,W0000253,1,8132169,2026-04-29 10:24:22,2026-04-29 10:24:22
W0000275,W0000259,1,3027548,2026-01-14 18:38:40,2026-01-14 18:38:40
W0000275,W0000274,1,18511937,2026-02-27 01:05:47,2026-02-27 01:05:47
W0000275,W0000302,1,10213001,2026-06-12 01:10:30,2026-06-12 01:10:30
W0000275,W0000320,1,2405676,2026-04-01 20:30:48,2026-04-01 20:30:48
W0000275,W0000358,1,13065678,2026-03-19 18:21:55,2026-03-19 18:21:55
W0000275,W0000406,1,24150775,2026-04-17 07:32:40,2026-04-17 07:32:40
W0000275,W0000416,1,15784487,2026-03-10 10:30:57,2026-03-10 10:30:57
W0000275,W0000420,1,4444592,2026-05-13 08:57:34,2026-05-13 08:57:34
W0000276,W0000072,1,8576067,2026-06-03 12:47:33,2026-06-03 12:47:33
W0000276,W0000100,1,33808565,2026-05-29 03:09:03,2026-05-29 03:09:03
W0000276,W0000115,1,10363701,2026-05-07 22:17:01,2026-05-07 22:17:01
W0000276,W0000125,1,3379789,2026-06-03 05:28:27,2026-06-03 05:28:27
W0000276,W0000155,1,19804791,2026-05-22 21:32:48,2026-05-22 21:32:48
W0000276,W0000159,1,6028117,2026-05-26 15:36:37,2026-05-26 15:36:37
W0000276,W0000249,2,13851550,2026-01-12 23:01:25,2026-02-21 12:06:15
W0000276,W0000252,1,26292897,2026-01-07 14:52:33,2026-01-07 14:52:33
W0000276,W0000267,1,7562618,2026-01-12 20:16:18,2026-01-12 20:16:18
W0000276,W0000279,1,16846928,2026-05-30 10:55:33,2026-05-30 10:55:33
W0000276,W0000293,1,3590304,2026-06-12 02:17:01,2026-06-12 02:17:01
W0000276,W0000317,1,29342513,2026-02-23 22:27:00,2026-02-23 22:27:00
W0000276,W0000386,1,13574628,2026-05-15 04:58:50,2026-05-15 04:58:50
W0000276,W0000404,1,3758959,2026-03-31 00:56:12,2026-03-31 00:56:12
W0000276,W0000425,1,10403553,2026-04-04 12:27:11,2026-04-04 12:27:11
W0000276,W0000483,1,26569380,2026-03-09 22:14:26,2026-03-09 22:14:26
W0000276,W0000484,1,22984822,2026-04-22 07:25:30,2026-04-22 07:25:30
W0000276,W0000489,1,19312975,2026-02-10 12:33:06,2026-02-10 12:33:06
W0000276,W0000494,1,1576679,2026-01-03 19:50:18,2026-01-03 19:50:18
W0000276,W0000499,1,5965288,2026-04-12 17:30:42,2026-04-12 17:30:42
W0000277,W0000037,1,31722385,2026-06-16 06:27:48,2026-06-16 06:27:48
W0000277,W0000069,1,9952595,2026-06-26 14:03:15,2026-06-26 14:03:15
W0000277,W0000078,1,9469283,2026-05-15 18:02:25,2026-05-15 18:02:25
W0000277,W0000099,1,5651089,2026-06-16 11:17:08,2026-06-16 11:17:08
W0000277,W0000119,1,4438574,2026-01-23 05:36:33,2026-01-23 05:36:33
W0000277,W0000125,1,29899460,2026-01-10 11:34:11,2026-01-10 11:34:11
W0000277,W0000158,1,33059489,2026-02-03 01:50:29,2026-02-03 01:50:29
W0000277,W0000189,1,8227135,2026-06-06 20:28:56,2026-06-06 20:28:56
W0000277,W0000192,1,6542805,2026-06-30 06:26:08,2026-06-30 06:26:08
W0000277,W0000204,1,36588277,2026-04-24 05:52:04,2026-04-24 05:52:04
W0000277,W0000287,1,6761676,2026-05-16 16:53:22,2026-05-16 16:53:22
W0000277,W0000291,1,4227020,2026-04-04 23:46:19,2026-04-04 23:46:19
W0000277,W0000298,1,1353906,2026-05-01 16:43:50,2026-05-01 16:43:50
W0000277,W0000336,1,6703637,2026-02-13 07:57:04,2026-02-13 07:57:04
W0000277,W0000383,1,6838533,2026-02-06 02:40:56,2026-02-06 02:40:56
W0000277,W0000413,1,6274195,2026-05-22 02:36:36,2026-05-22 02:36:36
W0000277,W0000417,1,30610966,2026-01-10 02:12:28,2026-01-10 02:12:28
W0000277,W0000436,1,12267360,2026-02-04 07:10:16,2026-02-04 07:10:16
W0000277,W0000442,1,5295003,2026-02-04 15:44:50,2026-02-04 15:44:50
W0000277,W0000444,1,6481342,2026-05-13 17:08:40,2026-05-13 17:08:40
W0000277,W0000486,1,3113858,2026-06-08 22:59:48,2026-06-08 22:59:48
W0000278,W0000032,1,5053752,2026-02-23 04:19:42,2026-02-23 04:19:42
W0000278,W0000033,1,4612977,2026-01-12 08:53:30,2026-01-12 08:53:30
W0000278,W0000098,1,576906,2026-06-27 18:20:15,2026-06-27 18:20:15
W0000278,W0000109,1,2241586,2026-01-08 01:05:19,2026-01-08 01:05:19
W0000278,W0000141,1,1001375,2026-06-27 18:49:47,2026-06-27 18:49:47
W0000278,W0000151,1,13847465,2026-04-09 07:18:04,2026-04-09 07:18:04
W0000278,W0000154,2,14158876,2026-04-05 16:24:50,2026-05-31 09:47:36
W0000278,W0000160,1,2998091,2026-02-23 13:37:04,2026-02-23 13:37:04
W0000278,W0000173,1,34802263,2026-06-13 15:00:40,2026-06-13 15:00:40
W0000278,W0000177,1,6185126,2026-04-13 08:58:28,2026-04-13 08:58:28
W0000278,W0000180,1,28659693,2026-02-04 14:26:57,2026-02-04 14:26:57
W0000278,W0000258,1,17953964,2026-04-13 00:17:22,2026-04-13 00:17:22
W0000278,W0000260,1,4068918,2026-06-25 21:29:16,2026-06-25 21:29:16
W0000278,W0000308,1,4181141,2026-04-21 13:16:00,2026-04-21 13:16:00
W0000278,W0000375,1,3159707,2026-06-29 03:13:19,2026-06-29 03:13:19
W0000278,W0000434,1,12576178,2026-06-09 19:19:25,2026-06-09 19:19:25
W0000278,W0000461,1,25960266,2026-03-25 21:14:03,2026-03-25 21:14:03
W0000278,W0000464,1,18761652,2026-05-28 07:15:15,2026-05-28 07:15:15
W0000278,W0000483,1,13262834,2026-02-26 22:23:00,2026-02-26 22:23:00
W0000278,W0000494,1,4446182,2026-04-27 22:13:52,2026-04-27 22:13:52
W0000278,W0000495,1,13227116,2026-05-26 08:20:45,2026-05-26 08:20:45
W0000279,W0000039,1,7507493,2026-03-29 03:28:43,2026-03-29 03:28:43
W0000279,W0000044,1,1472712,2026-01-05 12:45:11,2026-01-05 12:45:11
W0000279,W0000045,1,11602761,2026-03-13 09:20:31,2026-03-13 09:20:31
W0000279,W0000047,1,10532553,2026-05-12 17:36:39,2026-05-12 17:36:39
W0000279,W0000124,1,17398305,2026-01-03 21:43:15,2026-01-03 21:43:15
W0000279,W0000135,1,5026554,2026-03-20 22:09:49,2026-03-20 22:09:49
W0000279,W0000139,1,3322115,2026-02-05 17:53:10,2026-02-05 17:53:10
W0000279,W0000146,1,6774024,2026-06-02 00:40:26,2026-06-02 00:40:26
W0000279,W0000153,1,27112832,2026-01-26 02:43:35,2026-01-26 02:43:35
W0000279,W0000155,1,20965953,2026-02-26 21:31:29,2026-02-26 21:31:29
W0000279,W0000200,1,3987619,2026-04-15 17:10:50,2026-04-15 17:10:50
W0000279,W0000214,1,2498889,2026-02-02 04:17:46,2026-02-02 04:17:46
W0000279,W0000224,1,87283573,2026-01-30 04:37:34,2026-01-30 04:37:34
W0000279,W0000241,1,4565046,2026-01-27 21:46:12,2026-01-27 21:46:12
W0000279,W0000323,1,2967401,2026-01-05 02:50:09,2026-01-05 02:50:09
W0000279,W0000339,1,12890113,2026-05-22 00:19:50,2026-05-22 00:19:50
W0000279,W0000348,1,10123234,2026-06-30 23:25:36,2026-06-30 23:25:36
W0000279,W0000363,1,14588603,2026-03-11 07:32:46,2026-03-11 07:32:46
W0000279,W0000375,1,7120681,2026-01-07 22:48:31,2026-01-07 22:48:31
W0000279,W0000405,1,23988739,2026-01-04 06:31:10,2026-01-04 06:31:10
W0000279,W0000417,1,9443630,2026-02-03 08:24:35,2026-02-03 08:24:35
W0000279,W0000448,1,22059779,2026-03-04 11:32:08,2026-03-04 11:32:08
W0000279,W0000476,1,8637802,2026-03-08 04:57:47,2026-03-08 04:57:47
W0000279,W0000487,1,9180676,2026-05-15 04:31:12,2026-05-15 04:31:12
W0000280,W0000033,1,15528902,2026-06-16 21:56:38,2026-06-16 21:56:38
W0000280,W0000036,1,9004747,2026-06-21 16:56:53,2026-06-21 16:56:53
W0000280,W0000068,1,8956780,2026-01-16 20:15:15,2026-01-16 20:15:15
W0000280,W0000069,1,8543544,2026-06-02 22:07:45,2026-06-02 22:07:45
W0000280,W0000088,1,5046092,2026-06-03 13:51:17,2026-06-03 13:51:17
W0000280,W0000124,1,16609880,2026-04-27 10:53:32,2026-04-27 10:53:32
W0000280,W0000136,1,1566163,2026-05-21 23:20:34,2026-05-21 23:20:34
W0000280,W0000149,1,4689329,2026-04-12 09:25:33,2026-04-12 09:25:33
W0000280,W0000161,1,20249341,2026-02-19 05:32:47,2026-02-19 05:32:47
W0000280,W0000164,1,5673361,2026-06-19 15:27:33,2026-06-19 15:27:33
W0000280,W0000179,1,2409922,2026-01-08 21:18:37,2026-01-08 21:18:37
W0000280,W0000205,1,7312723,2026-06-04 11:36:12,2026-06-04 11:36:12
W0000280,W0000226,1,5187658,2026-06-18 12:01:31,2026-06-18 12:01:31
W0000280,W0000241,1,18538629,2026-02-11 10:50:34,2026-02-11 10:50:34
W0000280,W0000267,1,3730517,2026-05-27 15:35:00,2026-05-27 15:35:00
W0000280,W0000289,1,28175754,2026-05-14 16:20:25,2026-05-14 16:20:25
W0000280,W0000296,1,5033642,2026-06-29 19:57:46,2026-06-29 19:57:46
W0000280,W0000347,1,16391090,2026-01-01 07:47:19,2026-01-01 07:47:19
W0000280,W0000456,1,14827833,2026-03-15 19:09:55,2026-03-15 19:09:55
W0000280,W0000461,1,9330727,2026-06-18 02:24:36,2026-06-18 02:24:36
W0000280,W0000489,1,3676874,2026-06-23 05:50:38,2026-06-23 05:50:38
W0000281,W0000030,1,31297983,2026-01-13 15:32:02,2026-01-13 15:32:02
W0000281,W0000073,1,45026815,2026-03-14 04:37:10,2026-03-14 04:37:10
W0000281,W0000078,1,8965555,2026-01-20 09:26:20,2026-01-20 09:26:20
W0000281,W0000082,1,20336880,2026-04-03 04:08:35,2026-04-03 04:08:35
W0000281,W0000119,1,5424872,2026-06-23 04:45:21,2026-06-23 04:45:21
W0000281,W0000138,1,3524594,2026-04-30 01:10:43,2026-04-30 01:10:43
W0000281,W0000187,1,48759745,2026-04-22 01:43:11,2026-04-22 01:43:11
W0000281,W0000190,1,14416434,2026-06-30 22:08:57,2026-06-30 22:08:57
W0000281,W0000211,1,50800727,2026-03-26 21:03:47,2026-03-26 21:03:47
W0000281,W0000240,1,2983110,2026-03-28 15:50:48,2026-03-28 15:50:48
W0000281,W0000279,1,2512640,2026-02-21 02:11:14,2026-02-21 02:11:14
W0000281,W0000291,1,4782146,2026-01-30 18:34:10,2026-01-30 18:34:10
W0000281,W0000293,1,28118964,2026-03-22 18:57:19,2026-03-22 18:57:19
W0000281,W0000403,1,8795858,2026-03-25 20:52:20,2026-03-25 20:52:20
W0000281,W0000473,1,2795037,2026-06-21 00:18:23,2026-06-21 00:18:23
W0000282,W0000002,1,1523900,2026-06-07 16:09:11,2026-06-07 16:09:11
W0000282,W0000015,1,10572024,2026-04-26 19:52:53,2026-04-26 19:52:53
W0000282,W0000085,1,28342951,2026-05-13 19:43:15,2026-05-13 19:43:15
W0000282,W0000094,1,28569445,2026-04-05 23:21:08,2026-04-05 23:21:08
W0000282,W0000098,1,30213056,2026-05-21 12:49:21,2026-05-21 12:49:21
W0000282,W0000148,1,2366069,2026-02-09 01:30:10,2026-02-09 01:30:10
W0000282,W0000176,1,38630960,2026-06-06 15:38:22,2026-06-06 15:38:22
W0000282,W0000188,1,13955117,2026-01-14 03:53:12,2026-01-14 03:53:12
W0000282,W0000207,1,52841711,2026-01-16 07:22:37,2026-01-16 07:22:37
W0000282,W0000304,1,9010869,2026-01-13 18:32:20,2026-01-13 18:32:20
W0000282,W0000324,1,5736937,2026-04-24 18:12:21,2026-04-24 18:12:21
W0000282,W0000347,1,8489335,2026-06-20 23:27:24,2026-06-20 23:27:24
W0000282,W0000364,1,84683515,2026-04-04 11:07:53,2026-04-04 11:07:53
W0000282,W0000421,1,10011646,2026-06-02 21:50:52,2026-06-02 21:50:52
W0000282,W0000447,1,5358583,2026-06-11 17:42:18,2026-06-11 17:42:18
W0000282,W0000453,1,34780702,2026-05-26 00:00:23,2026-05-26 00:00:23
W0000282,W0000456,1,3845894,2026-02-15 14:22:44,2026-02-15 14:22:44
W0000282,W0000464,1,22153662,2026-04-15 07:06:55,2026-04-15 07:06:55
W0000282,W0000474,1,39334417,2026-06-29 12:01:58,2026-06-29 12:01:58
W0000283,W0000006,1,7383911,2026-01-22 20:13:40,2026-01-22 20:13:40
W0000283,W0000033,1,2263280,2026-02-20 02:23:58,2026-02-20 02:23:58
W0000283,W0000064,1,5009085,2026-03-11 13:20:43,2026-03-11 13:20:43
W0000283,W0000067,1,9346746,2026-05-24 22:40:17,2026-05-24 22:40:17
W0000283,W0000100,1,35499332,2026-04-07 11:10:03,2026-04-07 11:10:03
W0000283,W0000129,1,22143993,2026-04-01 22:19:12,2026-04-01 22:19:12
W0000283,W0000145,1,6791881,2026-06-27 08:33:13,2026-06-27 08:33:13
W0000283,W0000154,1,2962667,2026-05-12 14:21:27,2026-05-12 14:21:27
W0000283,W0000176,1,29605243,2026-02-09 14:53:03,2026-02-09 14:53:03
W0000283,W0000177,1,2645558,2026-06-02 06:51:35,2026-06-02 06:51:35
W0000283,W0000251,1,34623131,2026-01-24 05:57:03,2026-01-24 05:57:03
W0000283,W0000288,1,8468311,2026-03-31 17:19:42,2026-03-31 17:19:42
W0000283,W0000293,1,3270291,2026-06-09 19:04:34,2026-06-09 19:04:34
W0000283,W0000326,1,15110428,2026-05-22 12:11:43,2026-05-22 12:11:43
W0000283,W0000368,1,9409710,2026-05-16 21:55:41,2026-05-16 21:55:41
W0000283,W0000375,1,37925227,2026-01-22 19:55:22,2026-01-22 19:55:22
W0000283,W0000395,1,17511281,2026-06-22 09:20:47,2026-06-22 09:20:47
W0000283,W0000425,1,133998873,2026-02-05 12:31:04,2026-02-05 12:31:04
W0000283,W0000446,1,7592151,2026-04-17 20:34:11,2026-04-17 20:34:11
W0000283,W0000454,1,11613951,2026-03-02 01:23:57,2026-03-02 01:23:57
W0000283,W0000485,1,1250775,2026-02-22 18:20:09,2026-02-22 18:20:09
W0000284,W0000007,1,3412211,2026-04-17 21:04:01,2026-04-17 21:04:01
W0000284,W0000017,1,10703332,2026-04-04 14:27:59,2026-04-04 14:27:59
W0000284,W0000024,1,5245673,2026-01-24 16:10:05,2026-01-24 16:10:05
W0000284,W0000030,1,2505259,2026-06-10 20:47:21,2026-06-10 20:47:21
W0000284,W0000058,1,33501643,2026-06-23 10:32:26,2026-06-23 10:32:26
W0000284,W0000078,1,2919062,2026-01-17 09:15:00,2026-01-17 09:15:00
W0000284,W0000112,1,677241,2026-05-04 10:19:47,2026-05-04 10:19:47
W0000284,W0000139,1,22984997,2026-05-10 17:49:10,2026-05-10 17:49:10
W0000284,W0000141,1,12175271,2026-05-20 01:23:33,2026-05-20 01:23:33
W0000284,W0000145,1,7903887,2026-05-20 08:18:54,2026-05-20 08:18:54
W0000284,W0000193,1,2457240,2026-04-11 04:06:08,2026-04-11 04:06:08
W0000284,W0000197,1,12506202,2026-06-02 12:38:22,2026-06-02 12:38:22
W0000284,W0000272,1,13418673,2026-02-27 09:56:04,2026-02-27 09:56:04
W0000284,W0000331,1,17102071,2026-04-03 04:35:53,2026-04-03 04:35:53
W0000284,W0000349,1,996663,2026-05-06 17:43:24,2026-05-06 17:43:24
W0000284,W0000390,1,17889999,2026-04-14 22:09:50,2026-04-14 22:09:50
W0000284,W0000468,1,2214562,2026-01-12 23:55:14,2026-01-12 23:55:14
W0000284,W0000472,1,6428221,2026-02-10 19:35:20,2026-02-10 19:35:20
W0000284,W0000500,1,2979084,2026-05-03 00:56:15,2026-05-03 00:56:15
W0000285,W0000004,1,23677642,2026-03-17 09:25:48,2026-03-17 09:25:48
W0000285,W0000051,1,12976336,2026-04-24 02:20:03,2026-04-24 02:20:03
W0000285,W0000056,1,12863684,2026-01-04 19:34:49,2026-01-04 19:34:49
W0000285,W0000094,1,18267980,2026-01-02 16:11:07,2026-01-02 16:11:07
W0000285,W0000095,1,2427291,2026-01-11 04:23:45,2026-01-11 04:23:45
W0000285,W0000098,1,2528499,2026-05-31 21:42:51,2026-05-31 21:42:51
W0000285,W0000100,1,1698108,2026-01-18 09:24:09,2026-01-18 09:24:09
W0000285,W0000199,1,18396408,2026-02-09 03:27:30,2026-02-09 03:27:30
W0000285,W0000215,1,42209884,2026-03-28 01:49:11,2026-03-28 01:49:11
W0000285,W0000229,1,7398276,2026-03-24 12:13:01,2026-03-24 12:13:01
W0000285,W0000298,1,2231774,2026-01-31 08:48:46,2026-01-31 08:48:46
W0000285,W0000308,1,7121844,2026-04-12 18:54:23,2026-04-12 18:54:23
W0000285,W0000362,1,27209521,2026-02-14 15:53:29,2026-02-14 15:53:29
W0000285,W0000386,1,8769832,2026-04-08 07:59:40,2026-04-08 07:59:40
W0000285,W0000396,1,9465005,2026-02-20 14:38:51,2026-02-20 14:38:51
W0000285,W0000454,1,28341858,2026-04-06 06:12:46,2026-04-06 06:12:46
W0000285,W0000458,1,1847644,2026-03-26 16:47:37,2026-03-26 16:47:37
W0000285,W0000486,1,6436515,2026-01-28 23:10:25,2026-01-28 23:10:25
W0000286,W0000001,1,8450309,2026-04-11 08:16:00,2026-04-11 08:16:00
W0000286,W0000027,1,28145367,2026-02-11 05:42:04,2026-02-11 05:42:04
W0000286,W0000168,1,3883206,2026-01-25 20:37:46,2026-01-25 20:37:46
W0000286,W0000204,1,6981605,2026-03-30 18:37:12,2026-03-30 18:37:12
W0000286,W0000242,1,8094091,2026-01-16 06:12:48,2026-01-16 06:12:48
W0000286,W0000258,1,3019429,2026-02-09 12:11:17,2026-02-09 12:11:17
W0000286,W0000284,1,7555704,2026-01-26 03:30:21,2026-01-26 03:30:21
W0000286,W0000287,1,35750827,2026-03-28 05:47:08,2026-03-28 05:47:08
W0000286,W0000296,1,3869334,2026-03-14 15:31:24,2026-03-14 15:31:24
W0000286,W0000340,1,14636697,2026-03-28 01:31:32,2026-03-28 01:31:32
W0000286,W0000356,1,7306758,2026-02-12 07:59:01,2026-02-12 07:59:01
W0000286,W0000360,1,9319623,2026-04-23 13:45:20,2026-04-23 13:45:20
W0000286,W0000408,1,14926389,2026-04-16 11:59:06,2026-04-16 11:59:06
W0000286,W0000411,1,5968461,2026-04-27 17:27:27,2026-04-27 17:27:27
W0000286,W0000419,1,5617073,2026-03-13 16:58:17,2026-03-13 16:58:17
W0000286,W0000445,1,11416276,2026-06-27 22:04:54,2026-06-27 22:04:54
W0000286,W0000453,1,7691502,2026-06-28 12:46:54,2026-06-28 12:46:54
W0000286,W0000480,2,43633122,2026-02-12 16:38:38,2026-05-26 15:47:27
W0000286,W0000482,1,3833424,2026-03-16 02:20:18,2026-03-16 02:20:18
W0000286,W0000490,1,16068919,2026-03-13 00:00:26,2026-03-13 00:00:26
W0000287,W0000025,1,48450652,2026-02-07 08:42:13,2026-02-07 08:42:13
W0000287,W0000039,1,1864973,2026-05-02 23:49:59,2026-05-02 23:49:59
W0000287,W0000047,1,872152,2026-03-02 12:47:43,2026-03-02 12:47:43
W0000287,W0000092,1,60124232,2026-04-08 19:37:47,2026-04-08 19:37:47
W0000287,W0000128,1,11230275,2026-06-19 22:21:50,2026-06-19 22:21:50
W0000287,W0000158,1,9237306,2026-02-21 21:47:50,2026-02-21 21:47:50
W0000287,W0000161,1,29402757,2026-04-21 10:09:57,2026-04-21 10:09:57
W0000287,W0000174,1,29476170,2026-04-17 03:11:01,2026-04-17 03:11:01
W0000287,W0000204,1,40798307,2026-01-15 17:53:03,2026-01-15 17:53:03
W0000287,W0000296,1,15711619,2026-03-12 20:46:07,2026-03-12 20:46:07
W0000287,W0000319,1,10627928,2026-03-12 19:20:05,2026-03-12 19:20:05
W0000287,W0000373,1,10283140,2026-02-10 11:37:13,2026-02-10 11:37:13
W0000287,W0000399,1,3160785,2026-01-13 07:25:16,2026-01-13 07:25:16
W0000287,W0000460,1,9018899,2026-05-03 07:22:55,2026-05-03 07:22:55
W0000287,W0000488,1,16227985,2026-03-27 22:32:29,2026-03-27 22:32:29
W0000287,W0000492,1,12740106,2026-02-17 08:40:45,2026-02-17 08:40:45
W0000288,W0000101,1,16717062,2026-05-30 04:54:31,2026-05-30 04:54:31
W0000288,W0000197,1,2704966,2026-03-25 02:35:15,2026-03-25 02:35:15
W0000288,W0000198,1,3308954,2026-03-11 01:04:57,2026-03-11 01:04:57
W0000288,W0000201,1,3164344,2026-05-28 06:55:33,2026-05-28 06:55:33
W0000288,W0000207,1,5580026,2026-02-05 13:39:41,2026-02-05 13:39:41
W0000288,W0000215,1,14405655,2026-02-22 12:44:31,2026-02-22 12:44:31
W0000288,W0000222,1,9444509,2026-05-03 13:25:51,2026-05-03 13:25:51
W0000288,W0000254,1,5193012,2026-04-06 11:36:31,2026-04-06 11:36:31
W0000288,W0000307,1,9016987,2026-05-21 08:08:11,2026-05-21 08:08:11
W0000288,W0000314,1,1659817,2026-01-13 06:36:45,2026-01-13 06:36:45
W0000288,W0000321,1,88438689,2026-04-16 04:31:02,2026-04-16 04:31:02
W0000288,W0000332,1,1411798,2026-02-13 00:58:58,2026-02-13 00:58:58
W0000288,W0000400,1,30383607,2026-02-01 06:18:38,2026-02-01 06:18:38
W0000288,W0000405,1,6256545,2026-01-11 18:43:34,2026-01-11 18:43:34
W0000288,W0000448,1,6111856,2026-04-03 00:21:11,2026-04-03 00:21:11
W0000289,W0000006,1,16107155,2026-03-19 07:32:14,2026-03-19 07:32:14
W0000289,W0000038,1,8173803,2026-04-09 05:35:36,2026-04-09 05:35:36
W0000289,W0000046,1,61505331,2026-06-14 18:51:05,2026-06-14 18:51:05
W0000289,W0000048,1,21659864,2026-04-23 18:40:22,2026-04-23 18:40:22
W0000289,W0000099,1,7747394,2026-02-16 16:54:26,2026-02-16 16:54:26
W0000289,W0000132,1,38615719,2026-02-26 06:55:31,2026-02-26 06:55:31
W0000289,W0000159,1,2729596,2026-03-30 04:23:51,2026-03-30 04:23:51
W0000289,W0000252,1,3161044,2026-05-10 05:05:02,2026-05-10 05:05:02
W0000289,W0000341,1,1158269,2026-02-21 20:45:53,2026-02-21 20:45:53
W0000289,W0000426,1,27142112,2026-04-09 03:44:25,2026-04-09 03:44:25
W0000289,W0000440,1,5067744,2026-06-01 04:59:12,2026-06-01 04:59:12
W0000289,W0000442,1,5207892,2026-02-21 11:51:30,2026-02-21 11:51:30
W0000289,W0000444,1,10553858,2026-05-05 13:23:27,2026-05-05 13:23:27
W0000289,W0000462,1,31558555,2026-04-18 14:25:26,2026-04-18 14:25:26
W0000290,W0000015,1,5383645,2026-01-08 13:48:08,2026-01-08 13:48:08
W0000290,W0000017,1,9680485,2026-05-01 08:03:49,2026-05-01 08:03:49
W0000290,W0000050,1,8669059,2026-06-30 05:27:29,2026-06-30 05:27:29
W0000290,W0000070,1,5813032,2026-04-01 22:33:47,2026-04-01 22:33:47
W0000290,W0000110,1,34600648,2026-04-21 10:15:28,2026-04-21 10:15:28
W0000290,W0000133,1,36421336,2026-05-13 01:16:01,2026-05-13 01:16:01
W0000290,W0000139,1,8368287,2026-05-12 18:11:20,2026-05-12 18:11:20
W0000290,W0000155,1,5666757,2026-03-05 03:34:11,2026-03-05 03:34:11
W0000290,W0000172,1,18086933,2026-02-02 08:42:46,2026-02-02 08:42:46
W0000290,W0000255,1,5927495,2026-05-25 17:33:06,2026-05-25 17:33:06
W0000290,W0000260,1,5471340,2026-01-21 17:26:59,2026-01-21 17:26:59
W0000290,W0000269,1,9663248,2026-04-21 14:00:41,2026-04-21 14:00:41
W0000290,W0000295,1,5961728,2026-05-15 23:19:11,2026-05-15 23:19:11
W0000290,W0000322,1,12055575,2026-06-13 01:36:58,2026-06-13 01:36:58
W0000290,W0000330,1,6460420,2026-02-24 07:45:29,2026-02-24 07:45:29
W0000290,W0000358,1,8041215,2026-05-13 19:51:54,2026-05-13 19:51:54
W0000291,W0000001,1,2843609,2026-05-06 01:00:32,2026-05-06 01:00:32
W0000291,W0000037,1,101486060,2026-04-05 01:35:04,2026-04-05 01:35:04
W0000291,W0000063,1,26420639,2026-03-20 21:00:00,2026-03-20 21:00:00
W0000291,W0000210,1,5487414,2026-06-09 01:10:14,2026-06-09 01:10:14
W0000291,W0000221,2,74168619,2026-02-25 18:17:02,2026-05-16 00:43:15
W0000291,W0000227,1,29768773,2026-01-19 18:12:03,2026-01-19 18:12:03
W0000291,W0000237,1,2010366,2026-03-15 00:07:41,2026-03-15 00:07:41
W0000291,W0000262,1,4653260,2026-05-15 02:35:39,2026-05-15 02:35:39
W0000291,W0000330,1,23948474,2026-05-29 14:35:58,2026-05-29 14:35:58
W0000291,W0000338,1,16286706,2026-06-30 09:17:23,2026-06-30 09:17:23
W0000291,W0000346,1,7017071,2026-01-13 00:37:12,2026-01-13 00:37:12
W0000291,W0000397,1,2621833,2026-06-28 01:55:57,2026-06-28 01:55:57
W0000291,W0000426,1,29882582,2026-04-17 15:02:16,2026-04-17 15:02:16
W0000291,W0000433,1,8319112,2026-04-10 05:53:44,2026-04-10 05:53:44
W0000291,W0000471,1,16129194,2026-01-13 20:38:45,2026-01-13 20:38:45
W0000291,W0000478,1,31896803,2026-01-24 07:13:52,2026-01-24 07:13:52
W0000291,W0000493,1,62735694,2026-05-31 08:09:53,2026-05-31 08:09:53
W0000292,W0000006,1,3430865,2026-01-11 21:15:22,2026-01-11 21:15:22
W0000292,W0000015,1,441322,2026-04-06 07:20:22,2026-04-06 07:20:22
W0000292,W0000029,1,12869662,2026-05-20 10:26:12,2026-05-20 10:26:12
W0000292,W0000052,1,3295652,2026-04-07 20:10:03,2026-04-07 20:10:03
W0000292,W0000053,1,11213605,2026-03-01 13:08:26,2026-03-01 13:08:26
W0000292,W0000063,1,5833150,2026-01-17 03:08:55,2026-01-17 03:08:55
W0000292,W0000113,1,3514608,2026-06-27 11:44:11,2026-06-27 11:44:11
W0000292,W0000122,1,7308466,2026-02-25 06:10:44,2026-02-25 06:10:44
W0000292,W0000138,1,7575530,2026-06-20 04:47:36,2026-06-20 04:47:36
W0000292,W0000144,1,6168615,2026-01-04 00:42:16,2026-01-04 00:42:16
W0000292,W0000145,1,3514608,2026-06-27 11:44:11,2026-06-27 11:44:11
W0000292,W0000153,1,3295652,2026-04-07 20:10:03,2026-04-07 20:10:03
W0000292,W0000179,1,10256041,2026-05-15 20:47:37,2026-05-15 20:47:37
W0000292,W0000191,1,57814190,2026-05-21 13:12:00,2026-05-21 13:12:00
W0000292,W0000207,1,2579028,2026-05-27 08:55:47,2026-05-27 08:55:47
W0000292,W0000227,1,20002417,2026-04-04 07:01:11,2026-04-04 07:01:11
W0000292,W0000230,1,9327203,2026-02-26 02:42:00,2026-02-26 02:42:00
W0000292,W0000255,1,20002417,2026-04-04 07:01:11,2026-04-04 07:01:11
W0000292,W0000294,1,9190308,2026-02-24 00:09:49,2026-02-24 00:09:49
W0000292,W0000329,1,1197693,2026-04-06 11:06:52,2026-04-06 11:06:52
W0000292,W0000365,1,7013720,2026-05-06 06:43:25,2026-05-06 06:43:25
W0000292,W0000367,1,441322,2026-04-06 07:20:22,2026-04-06 07:20:22
W0000292,W0000371,1,4870805,2026-02-11 01:45:16,2026-02-11 01:45:16
W0000292,W0000410,1,3514608,2026-06-27 11:44:11,2026-06-27 11:44:11
W0000292,W0000415,1,4002529,2026-04-28 10:04:53,2026-04-28 10:04:53
W0000292,W0000420,1,9357155,2026-06-27 07:26:36,2026-06-27 07:26:36
W0000292,W0000449,1,5612544,2026-02-25 00:38:34,2026-02-25 00:38:34
W0000292,W0000484,1,4571346,2026-01-11 04:06:20,2026-01-11 04:06:20
W0000292,W0000490,1,2373822,2026-01-14 11:43:59,2026-01-14 11:43:59
W0000292,W0000493,1,5612544,2026-02-25 00:38:34,2026-02-25 00:38:34
W0000293,W0000020,1,14284295,2026-01-31 07:30:42,2026-01-31 07:30:42
W0000293,W0000031,1,12840890,2026-05-10 07:03:32,2026-05-10 07:03:32
W0000293,W0000062,1,17844146,2026-03-17 11:15:13,2026-03-17 11:15:13
W0000293,W0000102,1,7992973,2026-04-10 19:52:13,2026-04-10 19:52:13
W0000293,W0000134,1,2180799,2026-06-25 00:22:18,2026-06-25 00:22:18
W0000293,W0000226,1,9851701,2026-03-10 01:28:17,2026-03-10 01:28:17
W0000293,W0000235,1,6770035,2026-06-23 09:13:24,2026-06-23 09:13:24
W0000293,W0000269,1,14790221,2026-02-23 14:55:40,2026-02-23 14:55:40
W0000293,W0000272,1,10919807,2026-02-18 19:04:07,2026-02-18 19:04:07
W0000293,W0000280,1,40014985,2026-01-08 14:03:43,2026-01-08 14:03:43
W0000293,W0000292,1,3225382,2026-02-18 23:06:00,2026-02-18 23:06:00
W0000293,W0000313,1,11211907,2026-01-22 22:09:58,2026-01-22 22:09:58
W0000293,W0000325,1,3757189,2026-03-09 01:12:39,2026-03-09 01:12:39
W0000293,W0000335,1,8896136,2026-02-09 07:26:56,2026-02-09 07:26:56
W0000293,W0000390,1,8428734,2026-06-03 05:06:44,2026-06-03 05:06:44
W0000293,W0000400,1,32735142,2026-01-15 15:26:35,2026-01-15 15:26:35
W0000293,W0000411,1,16551359,2026-04-23 10:22:41,2026-04-23 10:22:41
W0000293,W0000430,1,4042854,2026-02-03 13:16:02,2026-02-03 13:16:02
W0000293,W0000441,1,9703235,2026-05-03 02:00:52,2026-05-03 02:00:52
W0000293,W0000478,1,2567330,2026-04-17 14:23:38,2026-04-17 14:23:38
W0000293,W0000487,1,13821842,2026-05-06 15:44:08,2026-05-06 15:44:08
W0000294,W0000006,1,5842804,2026-04-28 13:45:44,2026-04-28 13:45:44
W0000294,W0000034,1,5135762,2026-06-27 21:12:01,2026-06-27 21:12:01
W0000294,W0000052,1,7874295,2026-03-11 00:39:15,2026-03-11 00:39:15
W0000294,W0000060,1,16853311,2026-04-09 19:17:45,2026-04-09 19:17:45
W0000294,W0000072,1,4275486,2026-02-24 12:33:17,2026-02-24 12:33:17
W0000294,W0000074,1,6792172,2026-03-05 06:55:09,2026-03-05 06:55:09
W0000294,W0000099,1,31493778,2026-06-25 09:18:13,2026-06-25 09:18:13
W0000294,W0000109,1,12313516,2026-05-14 22:25:41,2026-05-14 22:25:41
W0000294,W0000117,1,16158121,2026-05-10 03:47:12,2026-05-10 03:47:12
W0000294,W0000118,1,30801253,2026-03-11 23:56:46,2026-03-11 23:56:46
W0000294,W0000123,1,11326608,2026-06-03 21:48:25,2026-06-03 21:48:25
W0000294,W0000148,1,2049702,2026-03-09 10:06:29,2026-03-09 10:06:29
W0000294,W0000159,1,18809706,2026-01-04 12:41:00,2026-01-04 12:41:00
W0000294,W0000195,1,7631840,2026-03-18 14:39:16,2026-03-18 14:39:16
W0000294,W0000271,1,25911014,2026-03-09 17:44:56,2026-03-09 17:44:56
W0000294,W0000295,1,28089826,2026-03-31 08:45:22,2026-03-31 08:45:22
W0000294,W0000308,1,88796820,2026-05-18 23:37:25,2026-05-18 23:37:25
W0000294,W0000314,1,2120055,2026-02-07 01:36:00,2026-02-07 01:36:00
W0000294,W0000327,1,57171924,2026-05-21 01:26:17,2026-05-21 01:26:17
W0000294,W0000383,1,53694828,2026-05-25 14:20:05,2026-05-25 14:20:05
W0000294,W0000392,1,15025460,2026-06-12 16:56:25,2026-06-12 16:56:25
W0000295,W0000015,1,19630804,2026-01-22 18:43:45,2026-01-22 18:43:45
W0000295,W0000039,1,38755252,2026-03-11 11:14:09,2026-03-11 11:14:09
W0000295,W0000041,1,10599475,2026-01-29 22:50:48,2026-01-29 22:50:48
W0000295,W0000074,1,24107109,2026-01-01 07:17:25,2026-01-01 07:17:25
W0000295,W0000181,1,27858685,2026-02-20 21:51:24,2026-02-20 21:51:24
W0000295,W0000194,1,30278699,2026-06-18 11:34:07,2026-06-18 11:34:07
W0000295,W0000205,1,54631495,2026-03-11 14:01:59,2026-03-11 14:01:59
W0000295,W0000255,2,8791962,2026-02-25 11:47:49,2026-06-23 13:29:30
W0000295,W0000262,1,17578523,2026-03-23 18:02:18,2026-03-23 18:02:18
W0000295,W0000273,1,40702805,2026-06-21 07:59:15,2026-06-21 07:59:15
W0000295,W0000301,1,14252328,2026-02-18 06:39:07,2026-02-18 06:39:07
W0000295,W0000318,1,34172774,2026-05-03 11:26:03,2026-05-03 11:26:03
W0000295,W0000347,1,4704986,2026-01-23 17:34:08,2026-01-23 17:34:08
W0000295,W0000377,2,11751830,2026-02-12 15:12:40,2026-05-23 08:14:25
W0000295,W0000405,1,12227212,2026-05-01 11:31:51,2026-05-01 11:31:51
W0000295,W0000446,1,36057047,2026-03-11 12:15:35,2026-03-11 12:15:35
W0000295,W0000451,1,5029455,2026-01-04 08:02:48,2026-01-04 08:02:48
W0000295,W0000453,1,1837458,2026-06-24 17:42:34,2026-06-24 17:42:34
W0000296,W0000055,1,26064499,2026-01-05 18:54:13,2026-01-05 18:54:13
W0000296,W0000057,1,12772234,2026-03-27 20:03:10,2026-03-27 20:03:10
W0000296,W0000069,1,10194813,2026-02-25 16:10:45,2026-02-25 16:10:45
W0000296,W0000080,1,5352945,2026-02-13 13:03:24,2026-02-13 13:03:24
W0000296,W0000109,1,7730403,2026-01-24 12:29:26,2026-01-24 12:29:26
W0000296,W0000137,1,25872020,2026-01-26 13:47:58,2026-01-26 13:47:58
W0000296,W0000189,1,24358531,2026-01-02 00:02:56,2026-01-02 00:02:56
W0000296,W0000190,1,25250256,2026-01-04 03:27:24,2026-01-04 03:27:24
W0000296,W0000220,1,1734378,2026-04-19 15:31:25,2026-04-19 15:31:25
W0000296,W0000228,1,2251422,2026-05-15 23:43:33,2026-05-15 23:43:33
W0000296,W0000229,1,13701224,2026-02-04 02:52:24,2026-02-04 02:52:24
W0000296,W0000246,2,39851919,2026-01-02 10:23:24,2026-03-08 03:04:42
W0000296,W0000352,1,2084649,2026-05-05 08:13:30,2026-05-05 08:13:30
W0000296,W0000389,1,1941734,2026-04-11 18:32:48,2026-04-11 18:32:48
W0000296,W0000402,1,49121093,2026-01-29 11:41:57,2026-01-29 11:41:57
W0000296,W0000437,1,11179387,2026-06-10 04:01:43,2026-06-10 04:01:43
W0000296,W0000438,1,11569426,2026-03-08 17:56:33,2026-03-08 17:56:33
W0000296,W0000460,1,30490518,2026-01-14 19:02:27,2026-01-14 19:02:27
W0000297,W0000008,1,2934538,2026-03-23 15:29:12,2026-03-23 15:29:12
W0000297,W0000009,1,24112821,2026-02-05 23:01:13,2026-02-05 23:01:13
W0000297,W0000012,1,47280243,2026-04-04 03:40:49,2026-04-04 03:40:49
W0000297,W0000027,1,6899472,2026-03-15 17:07:40,2026-03-15 17:07:40
W0000297,W0000054,1,3265621,2026-03-23 23:39:33,2026-03-23 23:39:33
W0000297,W0000058,1,8766809,2026-05-08 17:40:52,2026-05-08 17:40:52
W0000297,W0000062,1,12847854,2026-03-04 02:12:39,2026-03-04 02:12:39
W0000297,W0000077,1,15329668,2026-04-05 01:11:40,2026-04-05 01:11:40
W0000297,W0000086,1,6640877,2026-02-18 16:21:28,2026-02-18 16:21:28
W0000297,W0000107,1,13168518,2026-02-02 23:27:22,2026-02-02 23:27:22
W0000297,W0000140,1,25436701,2026-03-03 06:04:52,2026-03-03 06:04:52
W0000297,W0000157,1,31589113,2026-05-08 11:52:52,2026-05-08 11:52:52
W0000297,W0000188,1,10465284,2026-02-06 07:37:16,2026-02-06 07:37:16
W0000297,W0000236,1,13168518,2026-02-02 23:27:22,2026-02-02 23:27:22
W0000297,W0000239,1,13168518,2026-02-02 23:27:22,2026-02-02 23:27:22
W0000297,W0000245,1,12258282,2026-01-23 18:58:11,2026-01-23 18:58:11
W0000297,W0000272,1,2934538,2026-03-23 15:29:12,2026-03-23 15:29:12
W0000297,W0000279,1,3596135,2026-03-28 01:52:35,2026-03-28 01:52:35
W0000297,W0000300,1,7612059,2026-03-26 19:33:10,2026-03-26 19:33:10
W0000297,W0000328,1,1467161,2026-03-22 14:21:31,2026-03-22 14:21:31
W0000297,W0000334,1,2722273,2026-04-04 21:25:33,2026-04-04 21:25:33
W0000297,W0000336,1,8392836,2026-04-25 02:46:54,2026-04-25 02:46:54
W0000297,W0000341,1,4187900,2026-03-22 08:33:21,2026-03-22 08:33:21
W0000297,W0000347,1,15577465,2026-03-18 22:38:08,2026-03-18 22:38:08
W0000297,W0000348,2,130868322,2026-02-14 16:10:20,2026-02-18 03:38:51
W0000297,W0000358,1,20996061,2026-01-13 17:11:16,2026-01-13 17:11:16
W0000297,W0000374,1,109920149,2026-02-18 03:38:51,2026-02-18 03:38:51
W0000297,W0000381,1,10143220,2026-03-25 10:14:25,2026-03-25 10:14:25
W0000297,W0000386,1,38537989,2026-05-13 03:53:23,2026-05-13 03:53:23
W0000297,W0000398,1,24112821,2026-02-05 23:01:13,2026-02-05 23:01:13
W0000297,W0000414,1,17764866,2026-01-06 17:53:23,2026-01-06 17:53:23
W0000297,W0000417,1,4661809,2026-05-03 10:35:41,2026-05-03 10:35:41
W0000297,W0000465,1,20996061,2026-01-13 17:11:16,2026-01-13 17:11:16
W0000297,W0000467,1,41450264,2026-05-26 03:30:47,2026-05-26 03:30:47
W0000297,W0000473,1,6899472,2026-03-15 17:07:40,2026-03-15 17:07:40
W0000298,W0000008,1,13549330,2026-01-10 21:19:08,2026-01-10 21:19:08
W0000298,W0000020,1,9420956,2026-01-13 08:33:05,2026-01-13 08:33:05
W0000298,W0000032,1,129798794,2026-05-04 05:49:49,2026-05-04 05:49:49
W0000298,W0000063,1,16668283,2026-03-05 18:22:11,2026-03-05 18:22:11
W0000298,W0000066,1,5810972,2026-06-24 17:53:44,2026-06-24 17:53:44
W0000298,W0000069,1,13979484,2026-03-18 13:48:36,2026-03-18 13:48:36
W0000298,W0000073,1,4048555,2026-01-13 21:43:24,2026-01-13 21:43:24
W0000298,W0000096,1,6930962,2026-04-15 08:51:16,2026-04-15 08:51:16
W0000298,W0000107,1,13559783,2026-04-23 07:19:07,2026-04-23 07:19:07
W0000298,W0000115,1,12466854,2026-01-08 19:14:43,2026-01-08 19:14:43
W0000298,W0000132,1,12653965,2026-02-15 19:40:02,2026-02-15 19:40:02
W0000298,W0000144,1,62052844,2026-01-13 22:28:26,2026-01-13 22:28:26
W0000298,W0000150,1,4420500,2026-04-15 08:35:51,2026-04-15 08:35:51
W0000298,W0000183,1,14430270,2026-01-04 00:45:53,2026-01-04 00:45:53
W0000298,W0000193,1,4002729,2026-04-11 04:25:10,2026-04-11 04:25:10
W0000298,W0000201,1,3437155,2026-01-28 21:25:55,2026-01-28 21:25:55
W0000298,W0000229,1,8525271,2026-02-24 14:16:15,2026-02-24 14:16:15
W0000298,W0000244,1,3894138,2026-01-31 02:18:53,2026-01-31 02:18:53
W0000298,W0000245,1,10223742,2026-06-03 07:15:12,2026-06-03 07:15:12
W0000298,W0000253,1,2672114,2026-01-17 18:47:54,2026-01-17 18:47:54
W0000298,W0000279,1,68060079,2026-05-04 00:36:48,2026-05-04 00:36:48
W0000298,W0000284,1,1449635,2026-03-24 14:59:29,2026-03-24 14:59:29
W0000298,W0000286,1,13332980,2026-05-26 21:39:54,2026-05-26 21:39:54
W0000298,W0000361,2,6498439,2026-04-24 15:24:53,2026-05-25 16:01:46
W0000298,W0000397,1,4570239,2026-06-18 22:18:56,2026-06-18 22:18:56
W0000298,W0000398,1,69833890,2026-01-01 17:00:00,2026-01-01 17:00:00
W0000298,W0000415,1,7228807,2026-04-14 23:25:38,2026-04-14 23:25:38
W0000298,W0000435,1,6430084,2026-06-18 09:15:11,2026-06-18 09:15:11
W0000298,W0000440,1,50589823,2026-03-09 15:23:27,2026-03-09 15:23:27
W0000298,W0000441,1,26401133,2026-06-25 20:56:43,2026-06-25 20:56:43
W0000299,W0000048,1,40789610,2026-02-18 13:52:46,2026-02-18 13:52:46
W0000299,W0000063,1,11383598,2026-01-05 17:30:47,2026-01-05 17:30:47
W0000299,W0000131,1,119404000,2026-06-11 23:19:52,2026-06-11 23:19:52
W0000299,W0000187,1,33574074,2026-01-19 17:53:03,2026-01-19 17:53:03
W0000299,W0000262,1,55470588,2026-02-08 16:17:33,2026-02-08 16:17:33
W0000299,W0000270,1,77415005,2026-06-05 20:44:16,2026-06-05 20:44:16
W0000299,W0000271,1,88923905,2026-04-18 17:19:32,2026-04-18 17:19:32
W0000299,W0000298,1,22577149,2026-03-23 22:14:05,2026-03-23 22:14:05
W0000299,W0000306,1,14019872,2026-03-10 07:30:37,2026-03-10 07:30:37
W0000299,W0000323,1,40637896,2026-06-22 06:56:59,2026-06-22 06:56:59
W0000299,W0000363,1,16234019,2026-02-23 15:38:39,2026-02-23 15:38:39
W0000299,W0000375,1,31629621,2026-05-02 10:03:48,2026-05-02 10:03:48
W0000299,W0000381,1,4760629,2026-06-04 22:11:11,2026-06-04 22:11:11
W0000299,W0000403,1,20540676,2026-03-19 14:52:51,2026-03-19 14:52:51
W0000299,W0000431,1,6551742,2026-03-29 01:12:10,2026-03-29 01:12:10
W0000299,W0000435,1,8777584,2026-03-04 07:24:02,2026-03-04 07:24:02
W0000299,W0000452,1,21550765,2026-01-08 14:39:36,2026-01-08 14:39:36
W0000299,W0000469,1,23954282,2026-03-09 19:30:51,2026-03-09 19:30:51
W0000299,W0000476,1,24472800,2026-01-04 03:36:30,2026-01-04 03:36:30
W0000299,W0000493,1,7946840,2026-02-15 10:18:11,2026-02-15 10:18:11
W0000300,W0000108,1,16776513,2026-06-02 08:48:17,2026-06-02 08:48:17
W0000300,W0000121,1,16846717,2026-02-24 21:10:13,2026-02-24 21:10:13
W0000300,W0000139,1,68004681,2026-05-10 23:28:20,2026-05-10 23:28:20
W0000300,W0000176,1,30224509,2026-05-28 05:41:54,2026-05-28 05:41:54
W0000300,W0000189,1,1884742,2026-03-20 07:22:00,2026-03-20 07:22:00
W0000300,W0000261,1,19496487,2026-06-26 17:45:11,2026-06-26 17:45:11
W0000300,W0000337,1,53645761,2026-06-24 00:11:56,2026-06-24 00:11:56
W0000300,W0000380,1,10655456,2026-05-17 05:33:56,2026-05-17 05:33:56
W0000300,W0000400,1,16078020,2026-02-17 11:08:39,2026-02-17 11:08:39
W0000300,W0000403,1,19404258,2026-02-24 01:07:27,2026-02-24 01:07:27
W0000300,W0000415,1,67397875,2026-04-01 08:34:04,2026-04-01 08:34:04
W0000300,W0000437,1,155794278,2026-01-11 10:09:09,2026-01-11 10:09:09
W0000300,W0000445,1,8064264,2026-06-30 20:13:51,2026-06-30 20:13:51
W0000300,W0000452,1,2400808,2026-03-31 10:46:20,2026-03-31 10:46:20
W0000301,W0000027,1,7199053,2026-05-21 07:03:20,2026-05-21 07:03:20
W0000301,W0000034,1,8023547,2026-04-12 15:32:57,2026-04-12 15:32:57
W0000301,W0000130,1,2371436,2026-05-29 23:29:59,2026-05-29 23:29:59
W0000301,W0000135,1,16011116,2026-03-05 05:13:51,2026-03-05 05:13:51
W0000301,W0000140,1,9055050,2026-04-27 18:58:00,2026-04-27 18:58:00
W0000301,W0000273,1,6945851,2026-04-22 01:25:55,2026-04-22 01:25:55
W0000301,W0000293,1,2746607,2026-05-05 10:57:41,2026-05-05 10:57:41
W0000301,W0000341,1,14169444,2026-02-08 14:39:33,2026-02-08 14:39:33
W0000301,W0000342,1,9064006,2026-03-14 07:41:16,2026-03-14 07:41:16
W0000301,W0000389,1,19357494,2026-02-08 12:39:11,2026-02-08 12:39:11
W0000301,W0000396,1,18492351,2026-05-14 21:36:33,2026-05-14 21:36:33
W0000301,W0000427,1,22098230,2026-04-04 13:29:10,2026-04-04 13:29:10
W0000301,W0000439,1,11473423,2026-06-03 08:49:14,2026-06-03 08:49:14
W0000301,W0000494,1,2965710,2026-02-18 13:32:31,2026-02-18 13:32:31
W0000302,W0000009,1,6352409,2026-01-27 03:45:36,2026-01-27 03:45:36
W0000302,W0000019,1,20030194,2026-01-12 15:24:30,2026-01-12 15:24:30
W0000302,W0000034,1,6608360,2026-02-27 21:43:23,2026-02-27 21:43:23
W0000302,W0000089,1,29114230,2026-03-03 17:49:06,2026-03-03 17:49:06
W0000302,W0000094,1,7145075,2026-02-07 13:14:28,2026-02-07 13:14:28
W0000302,W0000160,1,25697111,2026-04-13 04:19:57,2026-04-13 04:19:57
W0000302,W0000184,1,12239687,2026-05-29 03:40:09,2026-05-29 03:40:09
W0000302,W0000197,1,6831750,2026-02-11 09:19:17,2026-02-11 09:19:17
W0000302,W0000200,1,1246865,2026-06-23 20:43:57,2026-06-23 20:43:57
W0000302,W0000206,1,11341693,2026-04-29 07:11:57,2026-04-29 07:11:57
W0000302,W0000234,1,10943503,2026-05-16 03:30:22,2026-05-16 03:30:22
W0000302,W0000262,1,7419895,2026-02-12 14:46:52,2026-02-12 14:46:52
W0000302,W0000267,1,19225448,2026-02-07 07:13:06,2026-02-07 07:13:06
W0000302,W0000286,1,2756339,2026-04-25 10:45:19,2026-04-25 10:45:19
W0000302,W0000294,1,70865019,2026-04-10 05:36:15,2026-04-10 05:36:15
W0000302,W0000313,1,13383389,2026-05-18 00:44:26,2026-05-18 00:44:26
W0000302,W0000377,1,23979978,2026-02-10 17:16:07,2026-02-10 17:16:07
W0000302,W0000427,1,35447078,2026-04-07 11:44:56,2026-04-07 11:44:56
W0000302,W0000436,1,9673240,2026-01-25 05:10:08,2026-01-25 05:10:08
W0000302,W0000442,1,13259407,2026-05-03 20:55:29,2026-05-03 20:55:29
W0000302,W0000453,1,3530392,2026-01-06 05:39:34,2026-01-06 05:39:34
W0000302,W0000455,1,5216051,2026-03-16 17:25:09,2026-03-16 17:25:09
W0000303,W0000060,1,1675872,2026-03-20 21:25:37,2026-03-20 21:25:37
W0000303,W0000077,1,28177482,2026-02-01 08:46:29,2026-02-01 08:46:29
W0000303,W0000087,1,2358775,2026-02-19 01:44:27,2026-02-19 01:44:27
W0000303,W0000102,1,17268712,2026-06-28 20:51:35,2026-06-28 20:51:35
W0000303,W0000104,1,2191432,2026-06-17 22:15:24,2026-06-17 22:15:24
W0000303,W0000109,1,4142558,2026-06-27 19:57:50,2026-06-27 19:57:50
W0000303,W0000123,1,43166036,2026-04-19 11:20:14,2026-04-19 11:20:14
W0000303,W0000129,1,12667832,2026-03-17 07:36:27,2026-03-17 07:36:27
W0000303,W0000145,1,1057725,2026-02-17 12:03:49,2026-02-17 12:03:49
W0000303,W0000153,1,1963327,2026-01-12 05:28:04,2026-01-12 05:28:04
W0000303,W0000175,1,21805036,2026-05-10 20:16:52,2026-05-10 20:16:52
W0000303,W0000188,1,24185898,2026-05-20 09:24:03,2026-05-20 09:24:03
W0000303,W0000196,1,16132222,2026-01-20 13:58:06,2026-01-20 13:58:06
W0000303,W0000200,1,4748203,2026-04-04 12:48:06,2026-04-04 12:48:06
W0000303,W0000203,1,16727787,2026-03-31 10:33:52,2026-03-31 10:33:52
W0000303,W0000212,1,13881430,2026-04-02 19:58:21,2026-04-02 19:58:21
W0000303,W0000223,2,25757233,2026-05-22 03:32:00,2026-06-11 17:14:15
W0000303,W0000249,1,48667648,2026-03-22 19:03:18,2026-03-22 19:03:18
W0000303,W0000277,1,19909215,2026-04-19 15:32:43,2026-04-19 15:32:43
W0000303,W0000299,1,25658088,2026-01-23 02:59:29,2026-01-23 02:59:29
W0000303,W0000327,1,9972541,2026-03-09 01:29:32,2026-03-09 01:29:32
W0000303,W0000334,1,49953753,2026-03-04 15:47:20,2026-03-04 15:47:20
W0000303,W0000343,1,7058245,2026-06-04 21:04:53,2026-06-04 21:04:53
W0000303,W0000345,1,3273850,2026-01-18 15:40:28,2026-01-18 15:40:28
W0000303,W0000360,1,15609639,2026-04-21 05:26:49,2026-04-21 05:26:49
W0000303,W0000365,1,3615701,2026-02-23 01:19:18,2026-02-23 01:19:18
W0000303,W0000397,1,15145830,2026-05-23 05:31:35,2026-05-23 05:31:35
W0000303,W0000428,1,2597680,2026-02-17 07:35:09,2026-02-17 07:35:09
W0000303,W0000442,1,7495638,2026-03-20 15:45:14,2026-03-20 15:45:14
W0000303,W0000485,1,9666902,2026-06-12 14:14:48,2026-06-12 14:14:48
W0000304,W0000014,1,2543389,2026-03-25 05:28:49,2026-03-25 05:28:49
W0000304,W0000019,1,20650022,2026-01-01 16:22:51,2026-01-01 16:22:51
W0000304,W0000056,1,3904790,2026-05-27 05:23:54,2026-05-27 05:23:54
W0000304,W0000103,1,5057054,2026-06-05 05:02:31,2026-06-05 05:02:31
W0000304,W0000120,1,5009488,2026-03-19 09:57:43,2026-03-19 09:57:43
W0000304,W0000126,1,3573940,2026-02-25 05:16:47,2026-02-25 05:16:47
W0000304,W0000167,1,23762462,2026-06-09 14:54:18,2026-06-09 14:54:18
W0000304,W0000179,1,2320920,2026-02-07 03:37:06,2026-02-07 03:37:06
W0000304,W0000191,1,16464729,2026-06-16 04:33:15,2026-06-16 04:33:15
W0000304,W0000208,1,4085321,2026-03-14 05:05:21,2026-03-14 05:05:21
W0000304,W0000244,1,17067161,2026-04-02 03:14:55,2026-04-02 03:14:55
W0000304,W0000342,1,1599664,2026-04-15 21:26:59,2026-04-15 21:26:59
W0000304,W0000347,1,28969752,2026-03-15 16:00:49,2026-03-15 16:00:49
W0000304,W0000354,1,6722926,2026-03-01 04:59:42,2026-03-01 04:59:42
W0000304,W0000409,1,12922509,2026-02-15 21:17:06,2026-02-15 21:17:06
W0000304,W0000438,1,34646668,2026-01-17 19:52:42,2026-01-17 19:52:42
W0000304,W0000469,1,18668124,2026-01-16 13:40:29,2026-01-16 13:40:29
W0000304,W0000477,1,7049190,2026-04-14 08:29:13,2026-04-14 08:29:13
W0000304,W0000487,1,29884215,2026-05-18 16:17:07,2026-05-18 16:17:07
W0000305,W0000001,1,19660549,2026-01-08 13:49:01,2026-01-08 13:49:01
W0000305,W0000017,1,10440722,2026-03-30 07:37:24,2026-03-30 07:37:24
W0000305,W0000050,1,24172773,2026-01-10 16:16:21,2026-01-10 16:16:21
W0000305,W0000079,1,26836284,2026-05-27 04:07:18,2026-05-27 04:07:18
W0000305,W0000093,1,21918221,2026-03-28 20:07:47,2026-03-28 20:07:47
W0000305,W0000104,1,37239434,2026-01-08 04:18:11,2026-01-08 04:18:11
W0000305,W0000134,1,17389313,2026-06-29 22:35:29,2026-06-29 22:35:29
W0000305,W0000200,1,4299635,2026-04-19 06:52:14,2026-04-19 06:52:14
W0000305,W0000202,1,2662148,2026-05-31 20:03:41,2026-05-31 20:03:41
W0000305,W0000234,1,9723375,2026-06-29 20:29:22,2026-06-29 20:29:22
W0000305,W0000277,1,10730677,2026-06-28 23:06:27,2026-06-28 23:06:27
W0000305,W0000284,1,12141571,2026-02-19 23:03:58,2026-02-19 23:03:58
W0000305,W0000304,1,15810622,2026-02-07 14:18:32,2026-02-07 14:18:32
W0000305,W0000308,1,5226539,2026-01-26 06:24:25,2026-01-26 06:24:25
W0000305,W0000312,1,7231364,2026-02-02 16:08:27,2026-02-02 16:08:27
W0000305,W0000337,1,16140694,2026-05-24 02:23:33,2026-05-24 02:23:33
W0000305,W0000403,1,2213581,2026-04-21 00:09:59,2026-04-21 00:09:59
W0000305,W0000407,1,5103269,2026-03-29 16:05:43,2026-03-29 16:05:43
W0000305,W0000426,1,616266,2026-01-05 01:29:05,2026-01-05 01:29:05
W0000305,W0000457,2,31858703,2026-03-12 02:50:22,2026-05-24 09:13:38
W0000305,W0000468,1,4110231,2026-05-29 13:21:24,2026-05-29 13:21:24
W0000305,W0000496,1,15713932,2026-04-08 00:03:49,2026-04-08 00:03:49
W0000306,W0000016,1,10039745,2026-04-19 23:39:04,2026-04-19 23:39:04
W0000306,W0000020,1,14984898,2026-05-19 00:04:40,2026-05-19 00:04:40
W0000306,W0000024,1,4901686,2026-06-04 01:45:09,2026-06-04 01:45:09
W0000306,W0000035,1,13829054,2026-03-25 17:02:45,2026-03-25 17:02:45
W0000306,W0000105,1,15412022,2026-03-17 05:25:36,2026-03-17 05:25:36
W0000306,W0000109,1,14844324,2026-06-16 08:11:59,2026-06-16 08:11:59
W0000306,W0000116,1,18989569,2026-03-15 20:41:24,2026-03-15 20:41:24
W0000306,W0000136,1,4386804,2026-04-18 01:33:36,2026-04-18 01:33:36
W0000306,W0000180,1,7587562,2026-05-09 07:43:47,2026-05-09 07:43:47
W0000306,W0000289,1,3193954,2026-03-30 22:53:31,2026-03-30 22:53:31
W0000306,W0000296,1,1842408,2026-02-12 20:31:07,2026-02-12 20:31:07
W0000306,W0000298,1,105021136,2026-02-23 01:50:54,2026-02-23 01:50:54
W0000306,W0000305,1,5742755,2026-06-11 16:14:33,2026-06-11 16:14:33
W0000306,W0000324,1,11205036,2026-05-16 19:16:46,2026-05-16 19:16:46
W0000306,W0000327,1,10309224,2026-05-12 11:03:08,2026-05-12 11:03:08
W0000306,W0000396,1,33547153,2026-03-18 16:18:03,2026-03-18 16:18:03
W0000306,W0000399,1,14230162,2026-04-29 07:50:34,2026-04-29 07:50:34
W0000306,W0000451,1,16616684,2026-04-11 05:48:24,2026-04-11 05:48:24
W0000306,W0000466,1,38429648,2026-01-18 15:19:03,2026-01-18 15:19:03
W0000306,W0000483,1,1904160,2026-06-16 09:02:57,2026-06-16 09:02:57
W0000307,W0000008,1,1377409,2026-02-14 05:14:34,2026-02-14 05:14:34
W0000307,W0000059,1,60442403,2026-01-04 14:41:48,2026-01-04 14:41:48
W0000307,W0000084,1,9302503,2026-01-04 14:11:34,2026-01-04 14:11:34
W0000307,W0000105,1,612574,2026-02-11 00:25:18,2026-02-11 00:25:18
W0000307,W0000209,1,16384630,2026-01-28 18:39:39,2026-01-28 18:39:39
W0000307,W0000210,1,34236648,2026-04-25 22:55:24,2026-04-25 22:55:24
W0000307,W0000227,1,3712602,2026-01-17 13:52:11,2026-01-17 13:52:11
W0000307,W0000228,1,25376622,2026-02-26 06:05:35,2026-02-26 06:05:35
W0000307,W0000235,1,25544025,2026-02-14 15:35:56,2026-02-14 15:35:56
W0000307,W0000244,1,24283510,2026-06-06 21:33:23,2026-06-06 21:33:23
W0000307,W0000274,1,26430763,2026-04-07 23:52:42,2026-04-07 23:52:42
W0000307,W0000279,1,3767681,2026-01-12 04:00:17,2026-01-12 04:00:17
W0000307,W0000288,2,15270072,2026-04-07 08:27:13,2026-05-04 10:00:22
W0000307,W0000305,1,4101347,2026-05-20 09:20:29,2026-05-20 09:20:29
W0000307,W0000324,1,4599383,2026-02-16 20:07:12,2026-02-16 20:07:12
W0000307,W0000325,1,25511307,2026-01-31 22:59:17,2026-01-31 22:59:17
W0000307,W0000329,1,2756126,2026-04-01 15:35:19,2026-04-01 15:35:19
W0000307,W0000353,1,8147351,2026-06-11 22:05:06,2026-06-11 22:05:06
W0000307,W0000365,1,13010965,2026-03-31 20:06:39,2026-03-31 20:06:39
W0000307,W0000378,1,13119387,2026-01-01 21:32:17,2026-01-01 21:32:17
W0000307,W0000427,1,27312663,2026-06-22 06:59:35,2026-06-22 06:59:35
W0000307,W0000469,1,4893291,2026-05-06 12:38:38,2026-05-06 12:38:38
W0000307,W0000480,1,9774503,2026-06-27 09:17:17,2026-06-27 09:17:17
W0000308,W0000002,1,35482311,2026-06-09 19:22:59,2026-06-09 19:22:59
W0000308,W0000023,1,16658162,2026-02-23 06:08:18,2026-02-23 06:08:18
W0000308,W0000050,1,6661117,2026-05-04 22:11:02,2026-05-04 22:11:02
W0000308,W0000100,1,54922062,2026-06-16 08:25:14,2026-06-16 08:25:14
W0000308,W0000207,1,1534954,2026-01-01 20:30:09,2026-01-01 20:30:09
W0000308,W0000258,1,6706006,2026-01-17 05:08:42,2026-01-17 05:08:42
W0000308,W0000262,1,13202927,2026-02-10 15:41:05,2026-02-10 15:41:05
W0000308,W0000287,1,8289782,2026-06-26 13:44:35,2026-06-26 13:44:35
W0000308,W0000321,1,47684214,2026-02-04 03:45:22,2026-02-04 03:45:22
W0000308,W0000325,1,4142461,2026-04-09 12:09:23,2026-04-09 12:09:23
W0000308,W0000349,1,13931459,2026-01-08 19:00:52,2026-01-08 19:00:52
W0000308,W0000367,1,48899796,2026-02-26 03:35:53,2026-02-26 03:35:53
W0000308,W0000384,1,14661939,2026-02-02 05:51:32,2026-02-02 05:51:32
W0000308,W0000453,1,13598961,2026-05-01 08:19:08,2026-05-01 08:19:08
W0000308,W0000478,1,6535540,2026-03-20 19:56:48,2026-03-20 19:56:48
W0000309,W0000038,1,7419772,2026-02-23 09:41:04,2026-02-23 09:41:04
W0000309,W0000105,1,1367845,2026-01-09 05:21:35,2026-01-09 05:21:35
W0000309,W0000124,1,22439490,2026-01-05 04:21:25,2026-01-05 04:21:25
W0000309,W0000153,1,19441461,2026-01-30 09:33:01,2026-01-30 09:33:01
W0000309,W0000161,1,8932346,2026-06-30 07:12:34,2026-06-30 07:12:34
W0000309,W0000196,1,52205978,2026-05-08 03:49:51,2026-05-08 03:49:51
W0000309,W0000218,1,43465493,2026-01-18 07:37:03,2026-01-18 07:37:03
W0000309,W0000223,1,65162332,2026-01-02 18:05:39,2026-01-02 18:05:39
W0000309,W0000249,2,30407060,2026-01-29 14:48:47,2026-06-26 22:57:31
W0000309,W0000251,1,11029425,2026-03-03 07:57:15,2026-03-03 07:57:15
W0000309,W0000253,1,40814977,2026-06-01 04:13:57,2026-06-01 04:13:57
W0000309,W0000274,1,6568479,2026-02-09 19:00:12,2026-02-09 19:00:12
W0000309,W0000283,1,3404664,2026-03-17 17:37:59,2026-03-17 17:37:59
W0000309,W0000291,1,12614899,2026-03-28 18:24:33,2026-03-28 18:24:33
W0000309,W0000292,1,1949173,2026-01-09 06:43:04,2026-01-09 06:43:04
W0000309,W0000340,1,7279699,2026-01-22 22:25:58,2026-01-22 22:25:58
W0000309,W0000385,1,8249147,2026-04-11 19:01:23,2026-04-11 19:01:23
W0000309,W0000399,1,26777258,2026-02-16 22:53:42,2026-02-16 22:53:42
W0000310,W0000002,1,6581639,2026-05-11 22:41:53,2026-05-11 22:41:53
W0000310,W0000077,2,42196877,2026-01-02 18:22:31,2026-06-02 20:43:47
W0000310,W0000114,1,30742692,2026-01-22 17:35:41,2026-01-22 17:35:41
W0000310,W0000126,1,4578654,2026-03-02 13:12:40,2026-03-02 13:12:40
W0000310,W0000131,1,19226554,2026-05-27 09:28:56,2026-05-27 09:28:56
W0000310,W0000172,1,8910851,2026-04-18 04:52:03,2026-04-18 04:52:03
W0000310,W0000176,1,8198274,2026-03-17 07:42:47,2026-03-17 07:42:47
W0000310,W0000200,1,4089296,2026-05-26 09:53:36,2026-05-26 09:53:36
W0000310,W0000324,1,2385327,2026-05-07 00:54:27,2026-05-07 00:54:27
W0000310,W0000326,1,58498202,2026-05-26 10:43:26,2026-05-26 10:43:26
W0000310,W0000344,1,4312455,2026-01-02 05:49:52,2026-01-02 05:49:52
W0000310,W0000350,1,4976998,2026-02-18 01:02:11,2026-02-18 01:02:11
W0000310,W0000361,1,978391,2026-04-04 21:03:51,2026-04-04 21:03:51
W0000310,W0000362,1,7070209,2026-06-13 17:21:20,2026-06-13 17:21:20
W0000310,W0000367,1,16228449,2026-03-20 12:31:46,2026-03-20 12:31:46
W0000310,W0000408,1,22264145,2026-06-15 14:18:07,2026-06-15 14:18:07
W0000310,W0000414,1,9729700,2026-05-25 12:48:52,2026-05-25 12:48:52
W0000310,W0000448,1,5260909,2026-01-31 22:14:09,2026-01-31 22:14:09
W0000310,W0000456,1,9360447,2026-06-04 03:41:14,2026-06-04 03:41:14
W0000310,W0000467,1,3646840,2026-03-14 09:29:30,2026-03-14 09:29:30
W0000310,W0000484,1,41698371,2026-03-15 11:56:53,2026-03-15 11:56:53
W0000311,W0000004,1,5975491,2026-05-02 04:22:01,2026-05-02 04:22:01
W0000311,W0000010,1,884574,2026-03-16 19:28:12,2026-03-16 19:28:12
W0000311,W0000022,1,1384560,2026-04-06 08:00:58,2026-04-06 08:00:58
W0000311,W0000133,1,37280489,2026-06-13 04:54:33,2026-06-13 04:54:33
W0000311,W0000172,1,4722023,2026-04-27 18:48:02,2026-04-27 18:48:02
W0000311,W0000211,1,3315047,2026-01-16 06:05:50,2026-01-16 06:05:50
W0000311,W0000217,1,16957487,2026-06-01 08:26:36,2026-06-01 08:26:36
W0000311,W0000240,1,5769930,2026-02-15 01:56:30,2026-02-15 01:56:30
W0000311,W0000253,1,15258501,2026-06-22 21:36:06,2026-06-22 21:36:06
W0000311,W0000263,1,11929763,2026-01-13 19:39:45,2026-01-13 19:39:45
W0000311,W0000269,1,2761377,2026-02-07 19:42:01,2026-02-07 19:42:01
W0000311,W0000290,1,5972549,2026-01-13 14:10:33,2026-01-13 14:10:33
W0000311,W0000294,1,2193594,2026-03-30 15:18:41,2026-03-30 15:18:41
W0000311,W0000322,1,5975491,2026-05-02 04:22:01,2026-05-02 04:22:01
W0000311,W0000324,1,3315047,2026-01-16 06:05:50,2026-01-16 06:05:50
W0000311,W0000350,1,9632755,2026-03-29 05:29:02,2026-03-29 05:29:02
W0000311,W0000362,1,8641937,2026-05-17 06:17:01,2026-05-17 06:17:01
W0000311,W0000403,1,5769930,2026-02-15 01:56:30,2026-02-15 01:56:30
W0000311,W0000466,1,3903397,2026-04-30 09:37:19,2026-04-30 09:37:19
W0000311,W0000472,1,6039301,2026-06-29 00:41:17,2026-06-29 00:41:17
W0000311,W0000478,1,11893819,2026-06-19 16:01:22,2026-06-19 16:01:22
W0000311,W0000482,1,6039301,2026-06-29 00:41:17,2026-06-29 00:41:17
W0000312,W0000089,1,10669739,2026-01-28 22:24:07,2026-01-28 22:24:07
W0000312,W0000098,1,2203333,2026-05-21 17:35:44,2026-05-21 17:35:44
W0000312,W0000138,1,65640556,2026-01-28 17:07:13,2026-01-28 17:07:13
W0000312,W0000143,1,11736882,2026-02-11 06:44:47,2026-02-11 06:44:47
W0000312,W0000153,1,28914901,2026-05-05 23:19:49,2026-05-05 23:19:49
W0000312,W0000193,1,37117037,2026-01-21 05:40:43,2026-01-21 05:40:43
W0000312,W0000225,1,4761953,2026-02-15 19:49:05,2026-02-15 19:49:05
W0000312,W0000259,1,33809307,2026-01-14 03:33:20,2026-01-14 03:33:20
W0000312,W0000314,1,3477639,2026-05-31 06:28:39,2026-05-31 06:28:39
W0000312,W0000351,1,3828914,2026-01-02 06:21:57,2026-01-02 06:21:57
W0000312,W0000359,1,6462692,2026-05-11 06:47:22,2026-05-11 06:47:22
W0000312,W0000365,1,1622834,2026-04-17 23:05:45,2026-04-17 23:05:45
W0000312,W0000378,1,40326341,2026-03-11 03:22:23,2026-03-11 03:22:23
W0000312,W0000385,1,15013038,2026-06-01 23:37:08,2026-06-01 23:37:08
W0000312,W0000445,1,10960072,2026-02-13 12:59:08,2026-02-13 12:59:08
W0000312,W0000474,1,8021910,2026-04-25 17:45:50,2026-04-25 17:45:50
W0000312,W0000498,1,36826767,2026-01-10 17:43:47,2026-01-10 17:43:47
W0000313,W0000003,1,4896852,2026-02-16 13:09:51,2026-02-16 13:09:51
W0000313,W0000013,1,13985956,2026-06-24 22:19:24,2026-06-24 22:19:24
W0000313,W0000028,1,556758,2026-04-17 08:31:45,2026-04-17 08:31:45
W0000313,W0000029,1,556758,2026-04-17 08:31:45,2026-04-17 08:31:45
W0000313,W0000044,1,4440260,2026-02-03 20:09:37,2026-02-03 20:09:37
W0000313,W0000066,1,7486996,2026-04-03 12:41:45,2026-04-03 12:41:45
W0000313,W0000070,1,3567063,2026-02-07 16:49:39,2026-02-07 16:49:39
W0000313,W0000102,1,20607262,2026-03-30 13:26:01,2026-03-30 13:26:01
W0000313,W0000106,1,18022070,2026-06-14 14:49:52,2026-06-14 14:49:52
W0000313,W0000107,1,5734835,2026-02-03 05:17:26,2026-02-03 05:17:26
W0000313,W0000114,1,9838622,2026-02-17 03:21:25,2026-02-17 03:21:25
W0000313,W0000151,1,5362866,2026-04-04 07:38:54,2026-04-04 07:38:54
W0000313,W0000164,1,1715686,2026-06-08 09:57:16,2026-06-08 09:57:16
W0000313,W0000165,1,9838622,2026-02-17 03:21:25,2026-02-17 03:21:25
W0000313,W0000171,1,12692415,2026-06-15 21:39:09,2026-06-15 21:39:09
W0000313,W0000219,1,2290256,2026-03-05 16:14:56,2026-03-05 16:14:56
W0000313,W0000255,1,13666241,2026-01-03 21:38:01,2026-01-03 21:38:01
W0000313,W0000282,1,19760521,2026-06-24 19:47:19,2026-06-24 19:47:19
W0000313,W0000291,1,13666241,2026-01-03 21:38:01,2026-01-03 21:38:01
W0000313,W0000306,1,9838622,2026-02-17 03:21:25,2026-02-17 03:21:25
W0000313,W0000307,1,4477210,2026-03-15 04:14:14,2026-03-15 04:14:14
W0000313,W0000310,1,6145341,2026-02-12 03:01:52,2026-02-12 03:01:52
W0000313,W0000323,1,13666241,2026-01-03 21:38:01,2026-01-03 21:38:01
W0000313,W0000326,1,5734835,2026-02-03 05:17:26,2026-02-03 05:17:26
W0000313,W0000392,1,3655067,2026-01-18 12:14:15,2026-01-18 12:14:15
W0000313,W0000402,1,20607262,2026-03-30 13:26:01,2026-03-30 13:26:01
W0000313,W0000405,1,20491807,2026-01-12 08:12:50,2026-01-12 08:12:50
W0000313,W0000413,1,3659447,2026-01-29 14:11:57,2026-01-29 14:11:57
W0000313,W0000418,1,37825695,2026-01-12 06:51:00,2026-01-12 06:51:00
W0000313,W0000425,1,2290256,2026-03-05 16:14:56,2026-03-05 16:14:56
W0000313,W0000435,1,3655067,2026-01-18 12:14:15,2026-01-18 12:14:15
W0000313,W0000436,1,5863073,2026-01-10 03:32:48,2026-01-10 03:32:48
W0000313,W0000444,1,5734835,2026-02-03 05:17:26,2026-02-03 05:17:26
W0000313,W0000453,1,31977403,2026-02-11 15:35:47,2026-02-11 15:35:47
W0000313,W0000473,1,37825695,2026-01-12 06:51:00,2026-01-12 06:51:00
W0000313,W0000490,1,8690199,2026-01-20 03:34:30,2026-01-20 03:34:30
W0000313,W0000494,1,1610012,2026-06-29 23:50:55,2026-06-29 23:50:55
W0000314,W0000067,1,9292245,2026-03-08 05:37:42,2026-03-08 05:37:42
W0000314,W0000072,1,7984439,2026-05-14 15:51:37,2026-05-14 15:51:37
W0000314,W0000079,1,47650071,2026-02-04 08:26:58,2026-02-04 08:26:58
W0000314,W0000098,1,733225,2026-06-05 15:45:35,2026-06-05 15:45:35
W0000314,W0000099,1,2451884,2026-02-26 20:06:36,2026-02-26 20:06:36
W0000314,W0000101,1,26998532,2026-01-16 14:15:42,2026-01-16 14:15:42
W0000314,W0000141,1,8771771,2026-02-09 02:24:10,2026-02-09 02:24:10
W0000314,W0000152,1,7979107,2026-06-14 16:06:23,2026-06-14 16:06:23
W0000314,W0000192,1,2261328,2026-04-17 13:36:47,2026-04-17 13:36:47
W0000314,W0000193,1,8027426,2026-02-07 22:02:31,2026-02-07 22:02:31
W0000314,W0000196,1,109985143,2026-02-14 21:18:49,2026-02-14 21:18:49
W0000314,W0000261,1,5765429,2026-01-16 14:45:58,2026-01-16 14:45:58
W0000314,W0000282,1,4927543,2026-05-16 17:01:14,2026-05-16 17:01:14
W0000314,W0000283,1,1193426,2026-06-16 02:57:42,2026-06-16 02:57:42
W0000314,W0000290,1,9734164,2026-05-19 02:58:28,2026-05-19 02:58:28
W0000314,W0000291,1,2456795,2026-05-11 22:51:46,2026-05-11 22:51:46
W0000314,W0000293,1,1160157,2026-05-03 03:15:09,2026-05-03 03:15:09
W0000314,W0000350,1,17124645,2026-05-29 03:20:00,2026-05-29 03:20:00
W0000314,W0000362,1,31794256,2026-06-28 06:12:00,2026-06-28 06:12:00
W0000314,W0000391,1,20601961,2026-01-14 23:35:04,2026-01-14 23:35:04
W0000314,W0000468,1,2938753,2026-04-02 06:48:32,2026-04-02 06:48:32
W0000315,W0000022,1,295010485,2026-03-14 01:54:04,2026-03-14 01:54:04
W0000315,W0000048,1,251486080,2026-04-01 00:10:56,2026-04-01 00:10:56
W0000315,W0000059,1,38145489,2026-02-19 17:10:03,2026-02-19 17:10:03
W0000315,W0000062,1,16276796,2026-03-14 00:41:24,2026-03-14 00:41:24
W0000315,W0000083,1,84975012,2026-02-18 07:29:23,2026-02-18 07:29:23
W0000315,W0000173,1,24899034,2026-04-13 17:45:07,2026-04-13 17:45:07
W0000315,W0000180,1,82541591,2026-06-06 13:20:44,2026-06-06 13:20:44
W0000315,W0000223,1,105307208,2026-03-02 06:53:53,2026-03-02 06:53:53
W0000315,W0000249,1,345408,2026-02-17 19:20:32,2026-02-17 19:20:32
W0000315,W0000258,1,321926767,2026-01-19 02:17:48,2026-01-19 02:17:48
W0000315,W0000268,1,39852166,2026-06-29 22:11:26,2026-06-29 22:11:26
W0000315,W0000273,1,321926767,2026-01-19 02:17:48,2026-01-19 02:17:48
W0000315,W0000296,1,6717594,2026-05-08 12:51:07,2026-05-08 12:51:07
W0000315,W0000324,1,111572647,2026-02-28 08:14:33,2026-02-28 08:14:33
W0000315,W0000328,1,38415959,2026-04-14 00:07:41,2026-04-14 00:07:41
W0000315,W0000390,1,38145489,2026-02-19 17:10:03,2026-02-19 17:10:03
W0000315,W0000413,1,3214462,2026-03-24 15:11:15,2026-03-24 15:11:15
W0000315,W0000436,1,23562586,2026-03-04 19:58:54,2026-03-04 19:58:54
W0000315,W0000461,1,7997429,2026-03-07 00:09:28,2026-03-07 00:09:28
W0000315,W0000491,1,8741914,2026-04-03 20:28:36,2026-04-03 20:28:36
W0000315,W0000492,1,295010485,2026-03-14 01:54:04,2026-03-14 01:54:04
W0000316,W0000008,1,23590596,2026-06-26 17:31:12,2026-06-26 17:31:12
W0000316,W0000033,1,19531562,2026-04-09 16:52:15,2026-04-09 16:52:15
W0000316,W0000046,1,29040858,2026-01-28 18:38:56,2026-01-28 18:38:56
W0000316,W0000051,1,73989200,2026-03-05 19:39:05,2026-03-05 19:39:05
W0000316,W0000056,1,33544056,2026-05-02 05:09:02,2026-05-02 05:09:02
W0000316,W0000058,1,23590596,2026-06-26 17:31:12,2026-06-26 17:31:12
W0000316,W0000083,2,25290882,2026-03-07 11:24:20,2026-06-22 19:45:02
W0000316,W0000086,1,9250715,2026-03-29 07:22:48,2026-03-29 07:22:48
W0000316,W0000115,1,8900022,2026-06-08 02:47:16,2026-06-08 02:47:16
W0000316,W0000117,1,2691436,2026-06-27 12:20:49,2026-06-27 12:20:49
W0000316,W0000133,1,73989200,2026-03-05 19:39:05,2026-03-05 19:39:05
W0000316,W0000137,1,21020680,2026-06-03 00:30:04,2026-06-03 00:30:04
W0000316,W0000142,1,21020680,2026-06-03 00:30:04,2026-06-03 00:30:04
W0000316,W0000143,1,29040858,2026-01-28 18:38:56,2026-01-28 18:38:56
W0000316,W0000157,1,52925505,2026-06-15 14:50:06,2026-06-15 14:50:06
W0000316,W0000163,1,2691436,2026-06-27 12:20:49,2026-06-27 12:20:49
W0000316,W0000193,1,9250715,2026-03-29 07:22:48,2026-03-29 07:22:48
W0000316,W0000219,1,3235141,2026-05-24 09:25:58,2026-05-24 09:25:58
W0000316,W0000221,1,33544056,2026-05-02 05:09:02,2026-05-02 05:09:02
W0000316,W0000245,1,6602325,2026-01-05 13:41:28,2026-01-05 13:41:28
W0000316,W0000248,1,23529031,2026-01-26 21:39:16,2026-01-26 21:39:16
W0000316,W0000260,1,73989200,2026-03-05 19:39:05,2026-03-05 19:39:05
W0000316,W0000263,1,8030286,2026-03-07 11:24:20,2026-03-07 11:24:20
W0000316,W0000266,1,17260596,2026-06-22 19:45:02,2026-06-22 19:45:02
W0000316,W0000274,1,3830531,2026-05-21 06:23:11,2026-05-21 06:23:11
W0000316,W0000292,1,17260596,2026-06-22 19:45:02,2026-06-22 19:45:02
W0000316,W0000303,1,3235141,2026-05-24 09:25:58,2026-05-24 09:25:58
W0000316,W0000305,1,6728713,2026-01-28 15:17:41,2026-01-28 15:17:41
W0000316,W0000330,2,48572420,2026-01-28 18:38:56,2026-04-09 16:52:15
W0000316,W0000331,1,9250715,2026-03-29 07:22:48,2026-03-29 07:22:48
W0000316,W0000340,1,3830531,2026-05-21 06:23:11,2026-05-21 06:23:11
W0000316,W0000345,1,8994055,2026-02-21 07:08:14,2026-02-21 07:08:14
W0000316,W0000349,1,12782090,2026-06-29 07:57:35,2026-06-29 07:57:35
W0000316,W0000353,1,8994055,2026-02-21 07:08:14,2026-02-21 07:08:14
W0000316,W0000361,1,17260596,2026-06-22 19:45:02,2026-06-22 19:45:02
W0000316,W0000371,1,73989200,2026-03-05 19:39:05,2026-03-05 19:39:05
W0000316,W0000381,2,76516101,2026-06-15 14:50:06,2026-06-26 17:31:12
W0000316,W0000407,1,52925505,2026-06-15 14:50:06,2026-06-15 14:50:06
W0000316,W0000408,1,6728713,2026-01-28 15:17:41,2026-01-28 15:17:41
W0000316,W0000409,1,56205933,2026-06-15 01:47:20,2026-06-15 01:47:20
W0000316,W0000418,1,9250715,2026-03-29 07:22:48,2026-03-29 07:22:48
W0000316,W0000450,1,3976253,2026-06-16 12:24:28,2026-06-16 12:24:28
W0000316,W0000457,1,10160106,2026-05-20 13:51:13,2026-05-20 13:51:13
W0000316,W0000480,1,21020680,2026-06-03 00:30:04,2026-06-03 00:30:04
W0000316,W0000491,1,52925505,2026-06-15 14:50:06,2026-06-15 14:50:06
W0000316,W0000494,1,10160106,2026-05-20 13:51:13,2026-05-20 13:51:13
W0000316,W0000496,1,2691436,2026-06-27 12:20:49,2026-06-27 12:20:49
W0000317,W0000028,1,16529693,2026-01-28 14:20:38,2026-01-28 14:20:38
W0000317,W0000042,1,10941186,2026-02-08 03:44:28,2026-02-08 03:44:28
W0000317,W0000054,1,6293397,2026-03-25 08:30:29,2026-03-25 08:30:29
W0000317,W0000078,1,48412248,2026-06-18 02:32:11,2026-06-18 02:32:11
W0000317,W0000115,1,1935219,2026-04-21 10:17:49,2026-04-21 10:17:49
W0000317,W0000128,1,8530878,2026-05-13 20:54:56,2026-05-13 20:54:56
W0000317,W0000165,1,17461337,2026-03-04 09:02:06,2026-03-04 09:02:06
W0000317,W0000255,1,7338543,2026-04-16 22:34:31,2026-04-16 22:34:31
W0000317,W0000258,1,1598604,2026-03-19 15:13:33,2026-03-19 15:13:33
W0000317,W0000260,1,39738740,2026-04-04 00:55:28,2026-04-04 00:55:28
W0000317,W0000268,1,12155045,2026-05-05 20:49:35,2026-05-05 20:49:35
W0000317,W0000299,1,17199578,2026-06-19 04:46:56,2026-06-19 04:46:56
W0000317,W0000309,1,23345276,2026-04-16 20:03:02,2026-04-16 20:03:02
W0000317,W0000351,1,24490177,2026-05-02 04:11:15,2026-05-02 04:11:15
W0000317,W0000354,1,15157835,2026-05-30 16:34:36,2026-05-30 16:34:36
W0000317,W0000366,2,24331753,2026-02-05 09:29:19,2026-03-26 12:31:06
W0000317,W0000385,1,4812765,2026-06-14 20:50:17,2026-06-14 20:50:17
W0000317,W0000438,1,2655080,2026-02-12 16:31:35,2026-02-12 16:31:35
W0000317,W0000440,1,6664057,2026-02-04 00:08:07,2026-02-04 00:08:07
W0000317,W0000478,1,49111005,2026-01-30 12:36:33,2026-01-30 12:36:33
W0000317,W0000493,1,30499034,2026-03-19 07:33:29,2026-03-19 07:33:29
W0000317,W0000498,1,16191666,2026-05-02 09:19:40,2026-05-02 09:19:40
W0000318,W0000049,1,6345718,2026-04-30 00:30:17,2026-04-30 00:30:17
W0000318,W0000075,1,60927594,2026-03-04 03:28:27,2026-03-04 03:28:27
W0000318,W0000127,1,37387892,2026-01-24 16:31:57,2026-01-24 16:31:57
W0000318,W0000138,1,27277029,2026-03-17 10:06:03,2026-03-17 10:06:03
W0000318,W0000166,1,6248887,2026-04-07 21:31:43,2026-04-07 21:31:43
W0000318,W0000215,1,6094154,2026-05-06 00:21:28,2026-05-06 00:21:28
W0000318,W0000291,1,33653384,2026-03-25 07:03:52,2026-03-25 07:03:52
W0000318,W0000293,1,13309588,2026-04-10 08:15:45,2026-04-10 08:15:45
W0000318,W0000315,1,8802401,2026-06-01 04:28:20,2026-06-01 04:28:20
W0000318,W0000338,1,10303554,2026-04-12 12:20:38,2026-04-12 12:20:38
W0000318,W0000370,2,16607873,2026-05-03 23:19:22,2026-06-17 17:56:49
W0000318,W0000398,1,81516819,2026-05-16 09:54:30,2026-05-16 09:54:30
W0000318,W0000475,1,44593754,2026-06-17 21:21:16,2026-06-17 21:21:16
W0000318,W0000489,1,17190091,2026-05-30 10:25:05,2026-05-30 10:25:05
W0000319,W0000026,1,15876234,2026-05-18 03:29:23,2026-05-18 03:29:23
W0000319,W0000034,1,2458185,2026-06-24 03:49:28,2026-06-24 03:49:28
W0000319,W0000046,1,6495703,2026-04-29 01:04:36,2026-04-29 01:04:36
W0000319,W0000061,1,3978404,2026-04-05 23:22:46,2026-04-05 23:22:46
W0000319,W0000067,1,5707667,2026-01-21 09:15:15,2026-01-21 09:15:15
W0000319,W0000073,2,7936228,2026-02-13 10:33:40,2026-05-10 18:19:12
W0000319,W0000083,1,5803222,2026-06-13 11:17:14,2026-06-13 11:17:14
W0000319,W0000092,1,20443032,2026-05-23 05:33:05,2026-05-23 05:33:05
W0000319,W0000126,1,2892244,2026-04-11 23:54:35,2026-04-11 23:54:35
W0000319,W0000157,1,4244516,2026-05-14 14:00:49,2026-05-14 14:00:49
W0000319,W0000165,1,6094587,2026-03-04 20:52:26,2026-03-04 20:52:26
W0000319,W0000218,1,5443929,2026-04-13 11:13:52,2026-04-13 11:13:52
W0000319,W0000240,1,35689578,2026-01-02 19:38:16,2026-01-02 19:38:16
W0000319,W0000267,1,24971287,2026-05-01 16:47:15,2026-05-01 16:47:15
W0000319,W0000276,1,21666048,2026-06-04 02:39:55,2026-06-04 02:39:55
W0000319,W0000304,1,3812932,2026-02-26 05:54:27,2026-02-26 05:54:27
W0000319,W0000316,1,8432047,2026-01-18 21:50:44,2026-01-18 21:50:44
W0000319,W0000353,1,14259208,2026-04-30 14:22:17,2026-04-30 14:22:17
W0000319,W0000354,1,110790337,2026-06-17 11:06:54,2026-06-17 11:06:54
W0000319,W0000447,1,9724188,2026-01-22 13:33:24,2026-01-22 13:33:24
W0000319,W0000462,1,13904640,2026-06-06 07:32:24,2026-06-06 07:32:24
W0000319,W0000484,1,30651295,2026-02-07 11:27:05,2026-02-07 11:27:05
W0000320,W0000042,1,4851532,2026-04-03 00:53:20,2026-04-03 00:53:20
W0000320,W0000059,1,10929212,2026-01-30 17:08:04,2026-01-30 17:08:04
W0000320,W0000083,1,10717580,2026-06-19 17:54:11,2026-06-19 17:54:11
W0000320,W0000212,1,4073514,2026-04-16 14:55:40,2026-04-16 14:55:40
W0000320,W0000220,1,7304873,2026-03-12 14:23:44,2026-03-12 14:23:44
W0000320,W0000237,1,14292793,2026-03-04 18:49:34,2026-03-04 18:49:34
W0000320,W0000270,1,30167174,2026-05-22 06:09:01,2026-05-22 06:09:01
W0000320,W0000271,1,60946397,2026-02-27 10:01:09,2026-02-27 10:01:09
W0000320,W0000274,1,22272175,2026-04-30 14:58:36,2026-04-30 14:58:36
W0000320,W0000291,1,11263289,2026-05-08 05:27:34,2026-05-08 05:27:34
W0000320,W0000299,1,4011406,2026-03-28 17:23:10,2026-03-28 17:23:10
W0000320,W0000312,1,2391892,2026-05-21 04:54:56,2026-05-21 04:54:56
W0000320,W0000421,1,2726076,2026-01-02 15:43:20,2026-01-02 15:43:20
W0000320,W0000465,1,3070488,2026-04-29 08:03:16,2026-04-29 08:03:16
W0000321,W0000014,1,1984668,2026-02-06 14:05:24,2026-02-06 14:05:24
W0000321,W0000057,1,24245681,2026-04-26 18:12:26,2026-04-26 18:12:26
W0000321,W0000075,1,3188946,2026-01-20 06:35:31,2026-01-20 06:35:31
W0000321,W0000137,1,57804421,2026-03-14 07:18:13,2026-03-14 07:18:13
W0000321,W0000155,1,3962142,2026-05-20 13:23:25,2026-05-20 13:23:25
W0000321,W0000192,1,6983453,2026-04-10 07:06:15,2026-04-10 07:06:15
W0000321,W0000194,1,2354741,2026-01-22 07:03:20,2026-01-22 07:03:20
W0000321,W0000208,1,17136812,2026-04-21 19:33:29,2026-04-21 19:33:29
W0000321,W0000222,1,10797283,2026-06-21 22:10:58,2026-06-21 22:10:58
W0000321,W0000231,1,2757337,2026-03-04 01:06:23,2026-03-04 01:06:23
W0000321,W0000338,1,49910830,2026-04-25 09:24:11,2026-04-25 09:24:11
W0000321,W0000406,1,21480675,2026-01-13 05:53:26,2026-01-13 05:53:26
W0000321,W0000412,1,85058007,2026-06-24 11:48:01,2026-06-24 11:48:01
W0000321,W0000439,1,17683156,2026-04-03 21:35:10,2026-04-03 21:35:10
W0000321,W0000462,1,4063438,2026-02-09 09:21:26,2026-02-09 09:21:26
W0000321,W0000489,1,3886376,2026-01-29 13:51:03,2026-01-29 13:51:03
W0000322,W0000006,1,2225921,2026-01-14 16:38:59,2026-01-14 16:38:59
W0000322,W0000008,1,5538107,2026-06-22 16:47:48,2026-06-22 16:47:48
W0000322,W0000015,1,1865166,2026-03-22 06:51:47,2026-03-22 06:51:47
W0000322,W0000070,1,1838151,2026-01-09 13:01:11,2026-01-09 13:01:11
W0000322,W0000075,1,12974140,2026-06-16 13:51:01,2026-06-16 13:51:01
W0000322,W0000091,1,6837836,2026-01-15 18:18:32,2026-01-15 18:18:32
W0000322,W0000098,1,2225921,2026-01-14 16:38:59,2026-01-14 16:38:59
W0000322,W0000120,1,15111744,2026-02-25 06:01:53,2026-02-25 06:01:53
W0000322,W0000180,1,15111744,2026-02-25 06:01:53,2026-02-25 06:01:53
W0000322,W0000200,1,10671812,2026-06-11 07:42:24,2026-06-11 07:42:24
W0000322,W0000212,1,16982897,2026-02-02 10:53:25,2026-02-02 10:53:25
W0000322,W0000260,1,1726419,2026-03-21 22:09:03,2026-03-21 22:09:03
W0000322,W0000265,1,37599524,2026-01-19 07:46:29,2026-01-19 07:46:29
W0000322,W0000319,1,50262706,2026-04-15 08:41:38,2026-04-15 08:41:38
W0000322,W0000331,1,1117582,2026-01-30 15:52:01,2026-01-30 15:52:01
W0000322,W0000343,1,12974140,2026-06-16 13:51:01,2026-06-16 13:51:01
W0000322,W0000379,1,6823892,2026-01-14 05:58:07,2026-01-14 05:58:07
W0000322,W0000408,1,1838151,2026-01-09 13:01:11,2026-01-09 13:01:11
W0000322,W0000433,1,3306158,2026-03-26 03:07:29,2026-03-26 03:07:29
W0000322,W0000435,1,20249179,2026-02-28 13:09:59,2026-02-28 13:09:59
W0000322,W0000442,1,25744798,2026-05-17 05:00:43,2026-05-17 05:00:43
W0000322,W0000454,1,1726419,2026-03-21 22:09:03,2026-03-21 22:09:03
W0000322,W0000463,1,25168599,2026-04-05 05:17:38,2026-04-05 05:17:38
W0000322,W0000466,1,8241614,2026-03-13 09:52:14,2026-03-13 09:52:14
W0000322,W0000475,1,961047,2026-03-13 00:50:59,2026-03-13 00:50:59
W0000322,W0000480,1,16982897,2026-02-02 10:53:25,2026-02-02 10:53:25
W0000323,W0000019,1,43327381,2026-01-01 16:00:00,2026-01-01 16:00:00
W0000323,W0000036,1,16494638,2026-04-05 13:24:46,2026-04-05 13:24:46
W0000323,W0000046,1,1078570,2026-04-08 08:05:54,2026-04-08 08:05:54
W0000323,W0000054,2,85338631,2026-02-25 08:01:16,2026-03-31 14:12:50
W0000323,W0000069,1,8923551,2026-01-21 12:12:20,2026-01-21 12:12:20
W0000323,W0000162,1,2836514,2026-04-14 20:30:31,2026-04-14 20:30:31
W0000323,W0000169,1,6935745,2026-01-06 23:53:53,2026-01-06 23:53:53
W0000323,W0000189,1,2899712,2026-06-30 09:54:59,2026-06-30 09:54:59
W0000323,W0000205,1,15145448,2026-04-15 03:58:02,2026-04-15 03:58:02
W0000323,W0000209,1,7565887,2026-02-18 02:45:37,2026-02-18 02:45:37
W0000323,W0000279,1,9188025,2026-03-16 06:34:12,2026-03-16 06:34:12
W0000323,W0000289,1,36564296,2026-01-17 02:42:34,2026-01-17 02:42:34
W0000323,W0000317,1,35292780,2026-02-11 12:12:47,2026-02-11 12:12:47
W0000323,W0000354,1,10993529,2026-04-08 15:12:18,2026-04-08 15:12:18
W0000323,W0000364,1,4433512,2026-04-14 17:14:14,2026-04-14 17:14:14
W0000323,W0000383,1,2321406,2026-04-12 03:41:32,2026-04-12 03:41:32
W0000323,W0000389,1,4138872,2026-04-26 01:33:29,2026-04-26 01:33:29
W0000323,W0000402,1,37538028,2026-01-03 12:00:39,2026-01-03 12:00:39
W0000323,W0000414,1,17420589,2026-01-04 04:10:32,2026-01-04 04:10:32
W0000323,W0000422,1,14809707,2026-01-25 04:56:48,2026-01-25 04:56:48
W0000323,W0000425,1,5855678,2026-04-21 21:45:20,2026-04-21 21:45:20
W0000323,W0000448,1,8413065,2026-01-10 15:03:28,2026-01-10 15:03:28
W0000323,W0000454,1,6389486,2026-05-03 22:33:54,2026-05-03 22:33:54
W0000323,W0000483,1,11176966,2026-03-20 05:46:41,2026-03-20 05:46:41
W0000324,W0000015,1,39308441,2026-06-07 10:22:14,2026-06-07 10:22:14
W0000324,W0000030,1,58425950,2026-06-14 16:38:19,2026-06-14 16:38:19
W0000324,W0000056,1,29406415,2026-06-16 06:29:27,2026-06-16 06:29:27
W0000324,W0000067,1,69576139,2026-03-22 21:10:35,2026-03-22 21:10:35
W0000324,W0000073,1,93822842,2026-05-07 07:33:00,2026-05-07 07:33:00
W0000324,W0000089,1,17243111,2026-06-19 21:30:04,2026-06-19 21:30:04
W0000324,W0000096,1,30407119,2026-06-21 16:37:24,2026-06-21 16:37:24
W0000324,W0000141,1,17588684,2026-03-10 08:10:10,2026-03-10 08:10:10
W0000324,W0000154,1,62951801,2026-03-02 13:33:58,2026-03-02 13:33:58
W0000324,W0000161,1,38815681,2026-01-01 21:57:59,2026-01-01 21:57:59
W0000324,W0000187,1,76829187,2026-01-02 09:33:26,2026-01-02 09:33:26
W0000324,W0000199,1,90229684,2026-02-27 14:57:32,2026-02-27 14:57:32
W0000324,W0000233,1,24563406,2026-03-07 12:19:02,2026-03-07 12:19:02
W0000324,W0000240,1,61607025,2026-02-08 03:13:58,2026-02-08 03:13:58
W0000324,W0000242,1,19667457,2026-04-05 07:37:44,2026-04-05 07:37:44
W0000324,W0000270,1,13310438,2026-05-13 10:09:04,2026-05-13 10:09:04
W0000324,W0000292,1,25725919,2026-03-08 00:04:13,2026-03-08 00:04:13
W0000324,W0000336,1,44427102,2026-06-30 13:36:52,2026-06-30 13:36:52
W0000324,W0000345,1,59457011,2026-01-03 17:20:19,2026-01-03 17:20:19
W0000324,W0000377,1,105204777,2026-05-19 13:35:25,2026-05-19 13:35:25
W0000324,W0000407,1,188295311,2026-06-14 20:37:11,2026-06-14 20:37:11
W0000324,W0000417,1,21329953,2026-03-20 21:26:35,2026-03-20 21:26:35
W0000324,W0000433,1,59898120,2026-01-02 15:59:52,2026-01-02 15:59:52
W0000324,W0000441,1,87481336,2026-01-10 18:25:10,2026-01-10 18:25:10
W0000324,W0000446,2,107180102,2026-06-05 17:46:07,2026-06-06 20:14:04
W0000325,W0000032,1,4271996,2026-04-29 11:06:05,2026-04-29 11:06:05
W0000325,W0000037,1,7502212,2026-05-14 02:35:46,2026-05-14 02:35:46
W0000325,W0000039,1,38403544,2026-04-19 09:49:22,2026-04-19 09:49:22
W0000325,W0000054,1,31514419,2026-01-21 15:33:41,2026-01-21 15:33:41
W0000325,W0000095,1,54512173,2026-01-27 14:58:43,2026-01-27 14:58:43
W0000325,W0000104,1,22604205,2026-01-02 05:33:27,2026-01-02 05:33:27
W0000325,W0000105,1,2777986,2026-04-22 21:28:53,2026-04-22 21:28:53
W0000325,W0000127,1,27854552,2026-04-04 09:29:29,2026-04-04 09:29:29
W0000325,W0000137,1,15257607,2026-04-29 12:33:37,2026-04-29 12:33:37
W0000325,W0000139,1,6240564,2026-04-13 16:42:21,2026-04-13 16:42:21
W0000325,W0000146,1,2538987,2026-02-16 14:47:04,2026-02-16 14:47:04
W0000325,W0000174,1,9996562,2026-01-09 12:14:36,2026-01-09 12:14:36
W0000325,W0000182,1,31786818,2026-02-12 01:42:16,2026-02-12 01:42:16
W0000325,W0000192,1,15110826,2026-06-09 00:29:55,2026-06-09 00:29:55
W0000325,W0000221,1,4885704,2026-06-29 05:57:54,2026-06-29 05:57:54
W0000325,W0000319,1,7837941,2026-05-14 03:22:19,2026-05-14 03:22:19
W0000325,W0000324,1,3287196,2026-02-06 03:41:22,2026-02-06 03:41:22
W0000325,W0000331,1,9220522,2026-06-12 06:14:22,2026-06-12 06:14:22
W0000325,W0000367,1,11170699,2026-02-27 06:14:19,2026-02-27 06:14:19
W0000325,W0000414,1,161628,2026-02-08 10:33:46,2026-02-08 10:33:46
W0000325,W0000430,1,14158314,2026-04-25 03:11:56,2026-04-25 03:11:56
W0000325,W0000462,1,22906730,2026-02-28 18:39:13,2026-02-28 18:39:13
W0000326,W0000005,1,47524850,2026-01-28 07:52:10,2026-01-28 07:52:10
W0000326,W0000035,1,5045820,2026-06-18 00:12:12,2026-06-18 00:12:12
W0000326,W0000050,1,25598380,2026-01-16 13:40:54,2026-01-16 13:40:54
W0000326,W0000059,1,18014362,2026-05-09 10:25:35,2026-05-09 10:25:35
W0000326,W0000062,1,12945430,2026-05-01 04:53:16,2026-05-01 04:53:16
W0000326,W0000073,1,8042395,2026-05-08 16:00:38,2026-05-08 16:00:38
W0000326,W0000079,1,47977409,2026-03-10 16:09:35,2026-03-10 16:09:35
W0000326,W0000087,1,7824078,2026-06-17 20:32:19,2026-06-17 20:32:19
W0000326,W0000116,1,6583930,2026-01-03 17:50:53,2026-01-03 17:50:53
W0000326,W0000146,1,6043233,2026-06-19 08:46:09,2026-06-19 08:46:09
W0000326,W0000167,1,8064756,2026-06-24 06:32:10,2026-06-24 06:32:10
W0000326,W0000193,1,20932847,2026-04-10 07:51:18,2026-04-10 07:51:18
W0000326,W0000202,1,14880572,2026-06-27 09:16:11,2026-06-27 09:16:11
W0000326,W0000242,1,5753381,2026-03-23 19:08:42,2026-03-23 19:08:42
W0000326,W0000244,1,1773132,2026-01-30 22:34:31,2026-01-30 22:34:31
W0000326,W0000276,1,1544950,2026-06-16 06:39:00,2026-06-16 06:39:00
W0000326,W0000301,1,8097592,2026-05-30 20:24:04,2026-05-30 20:24:04
W0000326,W0000324,2,37666124,2026-02-08 21:24:10,2026-06-27 07:07:33
W0000326,W0000360,1,9120300,2026-01-24 06:04:33,2026-01-24 06:04:33
W0000326,W0000374,1,5520695,2026-06-25 13:44:38,2026-06-25 13:44:38
W0000326,W0000416,1,5256128,2026-06-06 02:04:47,2026-06-06 02:04:47
W0000326,W0000469,1,37121369,2026-02-26 10:21:02,2026-02-26 10:21:02
W0000326,W0000487,1,10351715,2026-05-30 15:09:20,2026-05-30 15:09:20
W0000326,W0000498,1,9236433,2026-03-09 13:36:57,2026-03-09 13:36:57
W0000327,W0000039,1,3477613,2026-01-22 12:52:02,2026-01-22 12:52:02
W0000327,W0000096,1,12013024,2026-01-24 18:29:42,2026-01-24 18:29:42
W0000327,W0000112,1,32624058,2026-05-01 10:22:51,2026-05-01 10:22:51
W0000327,W0000128,1,2895274,2026-04-20 18:40:29,2026-04-20 18:40:29
W0000327,W0000135,1,18961985,2026-03-07 03:32:43,2026-03-07 03:32:43
W0000327,W0000141,1,17607160,2026-02-06 11:50:02,2026-02-06 11:50:02
W0000327,W0000160,1,2117249,2026-05-30 20:11:13,2026-05-30 20:11:13
W0000327,W0000187,1,6517373,2026-06-25 14:02:28,2026-06-25 14:02:28
W0000327,W0000204,1,13769105,2026-05-25 23:03:01,2026-05-25 23:03:01
W0000327,W0000214,1,14452362,2026-06-29 12:36:17,2026-06-29 12:36:17
W0000327,W0000231,1,1783920,2026-06-03 12:06:36,2026-06-03 12:06:36
W0000327,W0000243,1,29549787,2026-03-10 20:43:36,2026-03-10 20:43:36
W0000327,W0000262,1,42403288,2026-06-26 12:46:22,2026-06-26 12:46:22
W0000327,W0000296,2,35894014,2026-03-09 00:10:09,2026-06-06 19:57:51
W0000327,W0000322,1,5967263,2026-05-21 04:17:35,2026-05-21 04:17:35
W0000327,W0000325,1,39522300,2026-01-19 17:04:02,2026-01-19 17:04:02
W0000327,W0000370,1,5708289,2026-06-09 11:33:03,2026-06-09 11:33:03
W0000327,W0000413,1,20293244,2026-01-05 00:42:26,2026-01-05 00:42:26
W0000327,W0000414,1,9751115,2026-04-07 04:21:25,2026-04-07 04:21:25
W0000327,W0000425,1,14156980,2026-02-19 15:19:50,2026-02-19 15:19:50
W0000327,W0000443,1,35791127,2026-03-09 22:17:13,2026-03-09 22:17:13
W0000327,W0000454,1,4668571,2026-03-15 09:18:22,2026-03-15 09:18:22
W0000328,W0000029,1,11775411,2026-03-14 15:49:34,2026-03-14 15:49:34
W0000328,W0000034,1,8986905,2026-04-25 15:04:38,2026-04-25 15:04:38
W0000328,W0000075,1,1449669,2026-03-07 10:01:28,2026-03-07 10:01:28
W0000328,W0000080,1,6918553,2026-06-15 15:24:33,2026-06-15 15:24:33
W0000328,W0000115,1,4986839,2026-05-12 10:15:32,2026-05-12 10:15:32
W0000328,W0000135,1,31056162,2026-02-23 05:27:08,2026-02-23 05:27:08
W0000328,W0000169,1,10104765,2026-01-01 04:56:04,2026-01-01 04:56:04
W0000328,W0000178,1,2642143,2026-06-03 18:19:17,2026-06-03 18:19:17
W0000328,W0000219,1,4848192,2026-03-08 22:41:36,2026-03-08 22:41:36
W0000328,W0000270,1,26298874,2026-06-08 19:13:15,2026-06-08 19:13:15
W0000328,W0000307,1,26199319,2026-04-26 12:54:54,2026-04-26 12:54:54
W0000328,W0000310,1,25427335,2026-05-17 07:36:30,2026-05-17 07:36:30
W0000328,W0000316,1,60149485,2026-01-17 05:35:26,2026-01-17 05:35:26
W0000328,W0000336,1,28769113,2026-05-12 09:59:27,2026-05-12 09:59:27
W0000328,W0000339,1,101359,2026-03-05 00:50:33,2026-03-05 00:50:33
W0000328,W0000361,1,14767166,2026-06-09 20:06:49,2026-06-09 20:06:49
W0000328,W0000378,1,35735306,2026-05-04 21:33:46,2026-05-04 21:33:46
W0000328,W0000405,1,1534047,2026-04-12 21:10:46,2026-04-12 21:10:46
W0000328,W0000408,1,14505280,2026-04-27 17:21:57,2026-04-27 17:21:57
W0000328,W0000419,1,5545938,2026-05-16 19:01:23,2026-05-16 19:01:23
W0000328,W0000451,1,18258400,2026-05-26 19:07:33,2026-05-26 19:07:33
W0000328,W0000473,1,1226464,2026-01-02 08:05:55,2026-01-02 08:05:55
W0000328,W0000481,1,16606033,2026-01-27 01:49:51,2026-01-27 01:49:51
W0000328,W0000494,1,39922734,2026-03-30 05:00:44,2026-03-30 05:00:44
W0000328,W0000498,1,17531441,2026-01-31 11:55:11,2026-01-31 11:55:11
W0000329,W0000035,1,11125913,2026-05-16 12:23:52,2026-05-16 12:23:52
W0000329,W0000085,1,14996522,2026-02-16 21:19:12,2026-02-16 21:19:12
W0000329,W0000093,1,4512146,2026-01-23 16:03:54,2026-01-23 16:03:54
W0000329,W0000120,1,5708381,2026-04-14 17:20:08,2026-04-14 17:20:08
W0000329,W0000147,1,22411271,2026-06-18 10:27:20,2026-06-18 10:27:20
W0000329,W0000203,1,4668253,2026-06-04 23:24:05,2026-06-04 23:24:05
W0000329,W0000227,1,6298559,2026-05-24 04:40:56,2026-05-24 04:40:56
W0000329,W0000250,1,7669442,2026-06-23 13:14:11,2026-06-23 13:14:11
W0000329,W0000251,1,16084797,2026-05-19 16:09:48,2026-05-19 16:09:48
W0000329,W0000257,1,64335054,2026-03-06 03:29:19,2026-03-06 03:29:19
W0000329,W0000261,2,13305560,2026-04-24 22:55:17,2026-05-06 22:20:18
W0000329,W0000280,1,62450602,2026-04-12 21:29:53,2026-04-12 21:29:53
W0000329,W0000304,1,1991994,2026-04-23 06:09:59,2026-04-23 06:09:59
W0000329,W0000306,1,6241690,2026-02-17 18:22:04,2026-02-17 18:22:04
W0000329,W0000315,2,37066404,2026-01-06 22:46:07,2026-02-23 20:52:33
W0000329,W0000320,1,34533396,2026-05-09 08:09:48,2026-05-09 08:09:48
W0000329,W0000395,1,3102243,2026-01-11 21:33:35,2026-01-11 21:33:35
W0000329,W0000414,1,52565637,2026-04-19 17:33:33,2026-04-19 17:33:33
W0000329,W0000422,1,31883644,2026-02-03 23:47:37,2026-02-03 23:47:37
W0000329,W0000426,1,3912016,2026-02-15 12:23:47,2026-02-15 12:23:47
W0000329,W0000455,1,8722462,2026-02-21 21:50:21,2026-02-21 21:50:21
W0000329,W0000484,1,462264,2026-02-03 05:51:09,2026-02-03 05:51:09
W0000329,W0000485,1,8613085,2026-02-01 10:18:06,2026-02-01 10:18:06
W0000330,W0000007,1,102062103,2026-03-15 09:41:52,2026-03-15 09:41:52
W0000330,W0000030,1,5108391,2026-06-24 16:27:54,2026-06-24 16:27:54
W0000330,W0000041,1,11631727,2026-02-19 14:07:46,2026-02-19 14:07:46
W0000330,W0000053,1,19216281,2026-01-15 13:34:40,2026-01-15 13:34:40
W0000330,W0000076,1,55788294,2026-04-08 13:04:13,2026-04-08 13:04:13
W0000330,W0000212,1,24986169,2026-06-16 17:24:23,2026-06-16 17:24:23
W0000330,W0000214,1,57891331,2026-04-29 19:14:50,2026-04-29 19:14:50
W0000330,W0000216,1,93831778,2026-01-10 00:12:56,2026-01-10 00:12:56
W0000330,W0000254,1,312913996,2026-01-01 16:35:20,2026-01-01 16:35:20
W0000330,W0000315,1,5405070,2026-02-09 18:39:00,2026-02-09 18:39:00
W0000330,W0000400,1,39366637,2026-05-16 00:44:55,2026-05-16 00:44:55
W0000330,W0000409,1,28674801,2026-04-30 23:34:57,2026-04-30 23:34:57
W0000330,W0000447,1,28702233,2026-06-08 10:13:11,2026-06-08 10:13:11
W0000330,W0000451,1,33541468,2026-02-27 06:29:48,2026-02-27 06:29:48
W0000330,W0000468,1,26733277,2026-05-23 22:01:12,2026-05-23 22:01:12
W0000330,W0000487,1,90044617,2026-06-20 23:12:46,2026-06-20 23:12:46
W0000331,W0000043,1,7083919,2026-05-26 04:37:20,2026-05-26 04:37:20
W0000331,W0000044,1,4867218,2026-05-07 22:58:01,2026-05-07 22:58:01
W0000331,W0000051,1,14645072,2026-05-29 04:48:28,2026-05-29 04:48:28
W0000331,W0000055,1,10772431,2026-02-20 02:19:52,2026-02-20 02:19:52
W0000331,W0000059,1,30186684,2026-01-07 22:19:04,2026-01-07 22:19:04
W0000331,W0000062,1,19722476,2026-05-23 09:59:04,2026-05-23 09:59:04
W0000331,W0000065,1,2836056,2026-06-06 01:46:11,2026-06-06 01:46:11
W0000331,W0000092,1,4245659,2026-06-21 01:20:27,2026-06-21 01:20:27
W0000331,W0000099,2,5119988,2026-04-16 05:07:51,2026-04-27 15:01:37
W0000331,W0000102,1,4245659,2026-06-21 01:20:27,2026-06-21 01:20:27
W0000331,W0000129,1,3359714,2026-04-27 07:58:37,2026-04-27 07:58:37
W0000331,W0000144,1,8663072,2026-04-29 02:41:47,2026-04-29 02:41:47
W0000331,W0000151,1,13279304,2026-04-10 13:46:45,2026-04-10 13:46:45
W0000331,W0000154,1,57461912,2026-04-20 18:10:23,2026-04-20 18:10:23
W0000331,W0000155,1,5074895,2026-06-04 10:32:47,2026-06-04 10:32:47
W0000331,W0000172,2,55581793,2026-05-20 06:33:32,2026-05-31 23:29:35
W0000331,W0000176,1,4867218,2026-05-07 22:58:01,2026-05-07 22:58:01
W0000331,W0000189,1,57461912,2026-04-20 18:10:23,2026-04-20 18:10:23
W0000331,W0000204,1,14544892,2026-04-07 11:25:42,2026-04-07 11:25:42
W0000331,W0000217,1,3966065,2026-06-30 07:54:54,2026-06-30 07:54:54
W0000331,W0000236,1,19748714,2026-04-15 06:27:00,2026-04-15 06:27:00
W0000331,W0000248,1,2252694,2026-01-01 21:45:29,2026-01-01 21:45:29
W0000331,W0000252,1,7210152,2026-06-25 09:45:26,2026-06-25 09:45:26
W0000331,W0000310,1,19722476,2026-05-23 09:59:04,2026-05-23 09:59:04
W0000331,W0000312,1,4144098,2026-03-20 05:14:39,2026-03-20 05:14:39
W0000331,W0000325,1,2836056,2026-06-06 01:46:11,2026-06-06 01:46:11
W0000331,W0000348,1,5074895,2026-06-04 10:32:47,2026-06-04 10:32:47
W0000331,W0000371,2,91331536,2026-01-27 11:27:31,2026-03-16 15:11:26
W0000331,W0000372,1,8436857,2026-01-23 00:48:17,2026-01-23 00:48:17
W0000331,W0000379,1,962493,2026-01-20 13:59:39,2026-01-20 13:59:39
W0000331,W0000395,1,3766824,2026-04-30 05:17:25,2026-04-30 05:17:25
W0000331,W0000417,1,3966065,2026-06-30 07:54:54,2026-06-30 07:54:54
W0000331,W0000433,1,13279304,2026-04-10 13:46:45,2026-04-10 13:46:45
W0000331,W0000443,1,8444543,2026-05-06 03:41:12,2026-05-06 03:41:12
W0000331,W0000450,1,5146583,2026-02-24 08:47:42,2026-02-24 08:47:42
W0000331,W0000457,1,4867218,2026-05-07 22:58:01,2026-05-07 22:58:01
W0000331,W0000467,1,2836056,2026-06-06 01:46:11,2026-06-06 01:46:11
W0000331,W0000475,1,4185204,2026-03-29 19:42:24,2026-03-29 19:42:24
W0000331,W0000477,1,4245659,2026-06-21 01:20:27,2026-06-21 01:20:27
W0000331,W0000496,1,11477209,2026-05-27 03:38:35,2026-05-27 03:38:35
W0000332,W0000025,1,6934080,2026-01-19 11:02:03,2026-01-19 11:02:03
W0000332,W0000072,1,7318536,2026-02-24 07:30:34,2026-02-24 07:30:34
W0000332,W0000093,1,7877642,2026-04-27 02:56:04,2026-04-27 02:56:04
W0000332,W0000099,1,5862585,2026-03-01 16:43:56,2026-03-01 16:43:56
W0000332,W0000105,1,870433,2026-03-31 12:12:59,2026-03-31 12:12:59
W0000332,W0000154,1,1226485,2026-04-08 08:49:51,2026-04-08 08:49:51
W0000332,W0000167,1,15111856,2026-05-15 12:19:26,2026-05-15 12:19:26
W0000332,W0000174,1,16884134,2026-04-17 19:45:57,2026-04-17 19:45:57
W0000332,W0000206,1,14508279,2026-06-01 15:34:32,2026-06-01 15:34:32
W0000332,W0000215,1,64045569,2026-01-06 03:30:41,2026-01-06 03:30:41
W0000332,W0000217,1,3350843,2026-05-29 12:25:25,2026-05-29 12:25:25
W0000332,W0000256,1,10678319,2026-01-07 07:40:13,2026-01-07 07:40:13
W0000332,W0000274,2,15993063,2026-03-08 00:48:26,2026-06-16 02:56:35
W0000332,W0000291,1,10121852,2026-06-18 23:23:32,2026-06-18 23:23:32
W0000332,W0000296,1,23695164,2026-01-14 22:34:23,2026-01-14 22:34:23
W0000332,W0000307,1,5479460,2026-01-01 04:42:16,2026-01-01 04:42:16
W0000332,W0000316,1,9975912,2026-03-22 16:05:01,2026-03-22 16:05:01
W0000332,W0000338,1,6407939,2026-06-04 15:15:13,2026-06-04 15:15:13
W0000332,W0000386,1,10248341,2026-03-08 13:13:48,2026-03-08 13:13:48
W0000333,W0000009,2,48456124,2026-01-25 14:14:26,2026-06-28 06:43:13
W0000333,W0000084,1,19181525,2026-02-05 04:12:59,2026-02-05 04:12:59
W0000333,W0000178,1,8087132,2026-05-01 09:09:22,2026-05-01 09:09:22
W0000333,W0000215,1,17462735,2026-06-17 23:16:50,2026-06-17 23:16:50
W0000333,W0000246,1,12961995,2026-05-24 08:37:52,2026-05-24 08:37:52
W0000333,W0000263,1,5067957,2026-01-26 22:21:07,2026-01-26 22:21:07
W0000333,W0000305,1,10642258,2026-02-26 10:11:11,2026-02-26 10:11:11
W0000333,W0000326,1,2879930,2026-03-11 05:26:37,2026-03-11 05:26:37
W0000333,W0000344,1,13264345,2026-02-16 16:06:08,2026-02-16 16:06:08
W0000333,W0000359,1,3542422,2026-04-05 15:21:57,2026-04-05 15:21:57
W0000333,W0000383,1,5141498,2026-04-10 05:39:17,2026-04-10 05:39:17
W0000333,W0000433,1,5613341,2026-06-03 09:43:14,2026-06-03 09:43:14
W0000333,W0000485,1,8878277,2026-04-10 02:19:56,2026-04-10 02:19:56
W0000334,W0000070,1,4284045,2026-02-05 09:51:48,2026-02-05 09:51:48
W0000334,W0000090,2,17030930,2026-01-15 08:25:31,2026-04-21 19:16:25
W0000334,W0000159,1,15196887,2026-06-16 12:33:46,2026-06-16 12:33:46
W0000334,W0000160,1,4702305,2026-04-16 01:54:44,2026-04-16 01:54:44
W0000334,W0000169,1,14366156,2026-01-11 14:41:37,2026-01-11 14:41:37
W0000334,W0000187,1,8902806,2026-02-06 06:14:58,2026-02-06 06:14:58
W0000334,W0000225,1,22468572,2026-04-03 18:29:12,2026-04-03 18:29:12
W0000334,W0000239,1,3316119,2026-04-14 18:49:56,2026-04-14 18:49:56
W0000334,W0000258,1,6403554,2026-01-06 00:11:40,2026-01-06 00:11:40
W0000334,W0000260,1,19567001,2026-02-05 00:03:28,2026-02-05 00:03:28
W0000334,W0000284,1,10481651,2026-05-03 08:54:24,2026-05-03 08:54:24
W0000334,W0000321,1,2642912,2026-06-04 01:55:45,2026-06-04 01:55:45
W0000334,W0000359,1,27769519,2026-05-23 19:00:23,2026-05-23 19:00:23
W0000334,W0000386,1,22586568,2026-01-09 05:56:02,2026-01-09 05:56:02
W0000334,W0000390,1,3554627,2026-04-07 07:41:41,2026-04-07 07:41:41
W0000334,W0000397,1,6699720,2026-03-25 08:23:38,2026-03-25 08:23:38
W0000334,W0000420,1,8356694,2026-06-23 04:39:27,2026-06-23 04:39:27
W0000334,W0000421,1,9775880,2026-06-05 02:00:07,2026-06-05 02:00:07
W0000334,W0000430,1,13846167,2026-06-29 21:10:58,2026-06-29 21:10:58
W0000334,W0000466,1,15731636,2026-02-12 07:11:02,2026-02-12 07:11:02
W0000335,W0000026,1,14171659,2026-01-27 09:29:54,2026-01-27 09:29:54
W0000335,W0000051,1,53927351,2026-05-22 09:43:16,2026-05-22 09:43:16
W0000335,W0000079,1,25804839,2026-02-03 00:17:42,2026-02-03 00:17:42
W0000335,W0000144,1,4299796,2026-01-14 12:15:04,2026-01-14 12:15:04
W0000335,W0000151,1,12777490,2026-03-06 03:52:03,2026-03-06 03:52:03
W0000335,W0000153,1,7145179,2026-06-02 17:55:41,2026-06-02 17:55:41
W0000335,W0000166,1,2575930,2026-04-16 16:57:44,2026-04-16 16:57:44
W0000335,W0000186,1,6672458,2026-06-27 13:19:26,2026-06-27 13:19:26
W0000335,W0000238,1,4989171,2026-04-30 14:34:30,2026-04-30 14:34:30
W0000335,W0000242,1,5441947,2026-06-20 12:38:50,2026-06-20 12:38:50
W0000335,W0000266,1,12414527,2026-06-18 08:10:05,2026-06-18 08:10:05
W0000335,W0000285,1,13836053,2026-05-15 12:15:58,2026-05-15 12:15:58
W0000335,W0000311,1,39285640,2026-02-14 02:58:05,2026-02-14 02:58:05
W0000335,W0000316,1,9231865,2026-02-03 20:07:18,2026-02-03 20:07:18
W0000335,W0000343,1,12788079,2026-06-10 12:44:13,2026-06-10 12:44:13
W0000335,W0000369,1,33389368,2026-04-08 09:43:05,2026-04-08 09:43:05
W0000335,W0000398,1,33409542,2026-05-22 12:36:03,2026-05-22 12:36:03
W0000335,W0000402,1,33561408,2026-03-31 19:39:41,2026-03-31 19:39:41
W0000335,W0000417,1,17224321,2026-03-16 22:55:22,2026-03-16 22:55:22
W0000335,W0000419,1,727287,2026-03-21 07:42:37,2026-03-21 07:42:37
W0000335,W0000436,1,16009682,2026-06-08 15:49:54,2026-06-08 15:49:54
W0000335,W0000473,1,980242,2026-05-10 14:07:55,2026-05-10 14:07:55
W0000335,W0000489,1,7422913,2026-04-06 23:45:28,2026-04-06 23:45:28
W0000336,W0000004,1,5902802,2026-04-18 02:32:33,2026-04-18 02:32:33
W0000336,W0000012,1,3023896,2026-01-26 08:53:59,2026-01-26 08:53:59
W0000336,W0000021,1,9211777,2026-05-15 17:30:49,2026-05-15 17:30:49
W0000336,W0000036,1,12380988,2026-03-03 16:59:23,2026-03-03 16:59:23
W0000336,W0000041,1,2531668,2026-06-04 09:45:18,2026-06-04 09:45:18
W0000336,W0000070,1,6206647,2026-04-23 16:41:30,2026-04-23 16:41:30
W0000336,W0000073,1,10773999,2026-04-27 13:17:22,2026-04-27 13:17:22
W0000336,W0000086,1,20315451,2026-05-21 13:35:49,2026-05-21 13:35:49
W0000336,W0000126,1,12561294,2026-05-03 16:09:33,2026-05-03 16:09:33
W0000336,W0000195,1,15390345,2026-05-25 06:03:37,2026-05-25 06:03:37
W0000336,W0000238,1,8648875,2026-06-17 19:40:56,2026-06-17 19:40:56
W0000336,W0000247,1,9211777,2026-05-15 17:30:49,2026-05-15 17:30:49
W0000336,W0000253,2,24039220,2026-05-25 06:03:37,2026-06-17 19:40:56
W0000336,W0000319,1,3497644,2026-04-07 19:22:32,2026-04-07 19:22:32
W0000336,W0000322,1,8648875,2026-06-17 19:40:56,2026-06-17 19:40:56
W0000336,W0000323,1,9138636,2026-01-17 19:31:21,2026-01-17 19:31:21
W0000336,W0000333,1,2958107,2026-06-07 16:50:18,2026-06-07 16:50:18
W0000336,W0000366,1,23480389,2026-01-24 18:06:33,2026-01-24 18:06:33
W0000336,W0000368,1,8833461,2026-05-12 07:53:25,2026-05-12 07:53:25
W0000336,W0000411,1,8833461,2026-05-12 07:53:25,2026-05-12 07:53:25
W0000337,W0000017,1,7198948,2026-02-07 04:28:21,2026-02-07 04:28:21
W0000337,W0000043,1,27050782,2026-02-06 05:05:51,2026-02-06 05:05:51
W0000337,W0000077,1,4508409,2026-04-26 14:12:57,2026-04-26 14:12:57
W0000337,W0000093,1,11937360,2026-04-02 09:59:52,2026-04-02 09:59:52
W0000337,W0000096,1,11695803,2026-05-26 03:44:57,2026-05-26 03:44:57
W0000337,W0000141,1,3337770,2026-04-09 07:46:33,2026-04-09 07:46:33
W0000337,W0000182,1,43717954,2026-06-06 06:05:19,2026-06-06 06:05:19
W0000337,W0000219,1,7487578,2026-04-14 00:42:38,2026-04-14 00:42:38
W0000337,W0000223,1,41332161,2026-05-26 03:11:31,2026-05-26 03:11:31
W0000337,W0000232,1,3746821,2026-05-28 10:41:14,2026-05-28 10:41:14
W0000337,W0000291,1,2807917,2026-03-23 18:48:24,2026-03-23 18:48:24
W0000337,W0000325,1,15577910,2026-05-15 16:10:17,2026-05-15 16:10:17
W0000337,W0000361,1,7323511,2026-03-06 02:08:28,2026-03-06 02:08:28
W0000337,W0000368,1,67399072,2026-03-21 09:15:04,2026-03-21 09:15:04
W0000337,W0000404,1,18818956,2026-01-24 03:31:58,2026-01-24 03:31:58
W0000337,W0000435,1,60900212,2026-04-04 09:47:34,2026-04-04 09:47:34
W0000338,W0000004,1,9013678,2026-03-21 20:58:35,2026-03-21 20:58:35
W0000338,W0000019,1,1525507,2026-04-04 22:52:50,2026-04-04 22:52:50
W0000338,W0000059,1,1992308,2026-06-14 02:00:16,2026-06-14 02:00:16
W0000338,W0000062,1,9559313,2026-03-19 19:02:40,2026-03-19 19:02:40
W0000338,W0000067,1,43654585,2026-04-25 08:14:58,2026-04-25 08:14:58
W0000338,W0000097,1,9826300,2026-02-09 13:03:26,2026-02-09 13:03:26
W0000338,W0000141,1,26789122,2026-05-22 23:00:43,2026-05-22 23:00:43
W0000338,W0000192,1,10641523,2026-02-22 01:32:45,2026-02-22 01:32:45
W0000338,W0000193,2,81111533,2026-03-03 08:43:28,2026-05-07 07:14:45
W0000338,W0000216,1,1650270,2026-04-09 12:39:24,2026-04-09 12:39:24
W0000338,W0000226,1,6053147,2026-02-07 20:52:32,2026-02-07 20:52:32
W0000338,W0000243,1,18000435,2026-03-31 16:59:12,2026-03-31 16:59:12
W0000338,W0000270,1,26341160,2026-02-06 06:05:28,2026-02-06 06:05:28
W0000338,W0000272,1,4777189,2026-04-30 03:25:02,2026-04-30 03:25:02
W0000338,W0000277,1,19344401,2026-05-06 08:24:27,2026-05-06 08:24:27
W0000338,W0000293,1,3864841,2026-04-05 20:34:59,2026-04-05 20:34:59
W0000338,W0000294,1,18067774,2026-01-23 05:37:31,2026-01-23 05:37:31
W0000338,W0000303,1,25335271,2026-02-24 07:48:25,2026-02-24 07:48:25
W0000338,W0000365,1,3695347,2026-03-08 14:15:44,2026-03-08 14:15:44
W0000338,W0000394,1,1184233,2026-01-12 13:56:54,2026-01-12 13:56:54
W0000338,W0000400,1,811245,2026-04-02 14:50:50,2026-04-02 14:50:50
W0000338,W0000406,1,7116583,2026-03-12 14:11:07,2026-03-12 14:11:07
W0000338,W0000421,1,13246370,2026-04-12 18:20:31,2026-04-12 18:20:31
W0000338,W0000491,1,14746736,2026-06-25 21:02:11,2026-06-25 21:02:11
W0000339,W0000011,1,18894949,2026-06-17 18:49:39,2026-06-17 18:49:39
W0000339,W0000012,1,36894882,2026-02-21 00:09:33,2026-02-21 00:09:33
W0000339,W0000014,1,44234283,2026-03-23 19:48:44,2026-03-23 19:48:44
W0000339,W0000018,1,39595531,2026-06-15 23:58:32,2026-06-15 23:58:32
W0000339,W0000022,1,2428945,2026-03-13 02:20:15,2026-03-13 02:20:15
W0000339,W0000030,1,31145999,2026-02-24 09:38:17,2026-02-24 09:38:17
W0000339,W0000036,1,36894882,2026-02-21 00:09:33,2026-02-21 00:09:33
W0000339,W0000038,1,61971949,2026-02-06 09:57:35,2026-02-06 09:57:35
W0000339,W0000042,1,18894949,2026-06-17 18:49:39,2026-06-17 18:49:39
W0000339,W0000056,1,29277241,2026-06-21 12:57:11,2026-06-21 12:57:11
W0000339,W0000065,1,9381762,2026-05-18 21:02:13,2026-05-18 21:02:13
W0000339,W0000068,1,15584577,2026-01-01 06:59:53,2026-01-01 06:59:53
W0000339,W0000071,1,61971949,2026-02-06 09:57:35,2026-02-06 09:57:35
W0000339,W0000079,1,32958285,2026-05-25 04:57:23,2026-05-25 04:57:23
W0000339,W0000080,1,24719568,2026-02-18 08:05:25,2026-02-18 08:05:25
W0000339,W0000109,1,36894882,2026-02-21 00:09:33,2026-02-21 00:09:33
W0000339,W0000115,1,9381762,2026-05-18 21:02:13,2026-05-18 21:02:13
W0000339,W0000121,1,20767339,2026-04-16 20:10:43,2026-04-16 20:10:43
W0000339,W0000122,1,39747282,2026-01-29 00:51:54,2026-01-29 00:51:54
W0000339,W0000128,1,35206736,2026-01-08 04:32:23,2026-01-08 04:32:23
W0000339,W0000130,1,11518201,2026-01-20 07:50:34,2026-01-20 07:50:34
W0000339,W0000133,1,30250114,2026-04-19 08:40:36,2026-04-19 08:40:36
W0000339,W0000150,1,39595531,2026-06-15 23:58:32,2026-06-15 23:58:32
W0000339,W0000156,1,23999140,2026-06-05 00:53:23,2026-06-05 00:53:23
W0000339,W0000157,1,32958285,2026-05-25 04:57:23,2026-05-25 04:57:23
W0000339,W0000169,1,31145999,2026-02-24 09:38:17,2026-02-24 09:38:17
W0000339,W0000170,1,23999140,2026-06-05 00:53:23,2026-06-05 00:53:23
W0000339,W0000177,1,25945116,2026-06-29 07:38:31,2026-06-29 07:38:31
W0000339,W0000185,1,29277241,2026-06-21 12:57:11,2026-06-21 12:57:11
W0000339,W0000190,1,9381762,2026-05-18 21:02:13,2026-05-18 21:02:13
W0000339,W0000194,1,25945116,2026-06-29 07:38:31,2026-06-29 07:38:31
W0000339,W0000196,1,25945116,2026-06-29 07:38:31,2026-06-29 07:38:31
W0000339,W0000197,1,31145999,2026-02-24 09:38:17,2026-02-24 09:38:17
W0000339,W0000200,1,20767339,2026-04-16 20:10:43,2026-04-16 20:10:43
W0000339,W0000206,1,21399778,2026-06-26 13:19:22,2026-06-26 13:19:22
W0000339,W0000215,1,21399778,2026-06-26 13:19:22,2026-06-26 13:19:22
W0000339,W0000225,1,35206736,2026-01-08 04:32:23,2026-01-08 04:32:23
W0000339,W0000228,1,16098958,2026-01-22 08:00:57,2026-01-22 08:00:57
W0000339,W0000233,1,32958285,2026-05-25 04:57:23,2026-05-25 04:57:23
W0000339,W0000274,1,30250114,2026-04-19 08:40:36,2026-04-19 08:40:36
W0000339,W0000279,1,39747282,2026-01-29 00:51:54,2026-01-29 00:51:54
W0000339,W0000292,1,18894949,2026-06-17 18:49:39,2026-06-17 18:49:39
W0000339,W0000294,1,25945116,2026-06-29 07:38:31,2026-06-29 07:38:31
W0000339,W0000298,1,2428945,2026-03-13 02:20:15,2026-03-13 02:20:15
W0000339,W0000311,1,15584577,2026-01-01 06:59:53,2026-01-01 06:59:53
W0000339,W0000321,1,15584577,2026-01-01 06:59:53,2026-01-01 06:59:53
W0000339,W0000322,1,30885803,2026-01-27 13:52:55,2026-01-27 13:52:55
W0000339,W0000323,1,11518201,2026-01-20 07:50:34,2026-01-20 07:50:34
W0000339,W0000325,1,30885803,2026-01-27 13:52:55,2026-01-27 13:52:55
W0000339,W0000335,1,11518201,2026-01-20 07:50:34,2026-01-20 07:50:34
W0000339,W0000338,1,29277241,2026-06-21 12:57:11,2026-06-21 12:57:11
W0000339,W0000345,1,30250114,2026-04-19 08:40:36,2026-04-19 08:40:36
W0000339,W0000347,1,23999140,2026-06-05 00:53:23,2026-06-05 00:53:23
W0000339,W0000350,1,21399778,2026-06-26 13:19:22,2026-06-26 13:19:22
W0000339,W0000364,1,39595531,2026-06-15 23:58:32,2026-06-15 23:58:32
W0000339,W0000372,1,16098958,2026-01-22 08:00:57,2026-01-22 08:00:57
W0000339,W0000382,1,44234283,2026-03-23 19:48:44,2026-03-23 19:48:44
W0000339,W0000421,1,61971949,2026-02-06 09:57:35,2026-02-06 09:57:35
W0000339,W0000431,1,61971949,2026-02-06 09:57:35,2026-02-06 09:57:35
W0000339,W0000439,1,20767339,2026-04-16 20:10:43,2026-04-16 20:10:43
W0000339,W0000444,1,29277241,2026-06-21 12:57:11,2026-06-21 12:57:11
W0000339,W0000455,1,21399778,2026-06-26 13:19:22,2026-06-26 13:19:22
W0000339,W0000475,1,20767339,2026-04-16 20:10:43,2026-04-16 20:10:43
W0000339,W0000476,1,9381762,2026-05-18 21:02:13,2026-05-18 21:02:13
W0000339,W0000479,1,35206736,2026-01-08 04:32:23,2026-01-08 04:32:23
W0000339,W0000487,1,30885803,2026-01-27 13:52:55,2026-01-27 13:52:55
W0000339,W0000493,1,44234283,2026-03-23 19:48:44,2026-03-23 19:48:44
W0000339,W0000499,2,64466850,2026-01-29 00:51:54,2026-02-18 08:05:25
W0000340,W0000016,1,4743556,2026-04-06 06:12:43,2026-04-06 06:12:43
W0000340,W0000017,1,6709574,2026-02-09 22:04:08,2026-02-09 22:04:08
W0000340,W0000024,2,34206949,2026-01-07 23:23:14,2026-03-07 04:32:45
W0000340,W0000040,1,11444148,2026-06-17 08:13:18,2026-06-17 08:13:18
W0000340,W0000073,1,4500632,2026-03-12 08:22:42,2026-03-12 08:22:42
W0000340,W0000074,1,8373107,2026-01-12 23:33:24,2026-01-12 23:33:24
W0000340,W0000102,1,2491370,2026-01-12 07:16:04,2026-01-12 07:16:04
W0000340,W0000111,1,5309226,2026-05-30 07:23:03,2026-05-30 07:23:03
W0000340,W0000123,1,8098400,2026-03-20 05:44:25,2026-03-20 05:44:25
W0000340,W0000180,1,4082662,2026-06-26 18:10:01,2026-06-26 18:10:01
W0000340,W0000224,1,38910499,2026-04-28 23:01:27,2026-04-28 23:01:27
W0000340,W0000240,1,10607057,2026-01-09 07:06:25,2026-01-09 07:06:25
W0000340,W0000293,1,2195266,2026-04-02 22:47:37,2026-04-02 22:47:37
W0000340,W0000370,1,15509390,2026-04-09 11:21:43,2026-04-09 11:21:43
W0000340,W0000391,1,30891648,2026-06-03 20:57:58,2026-06-03 20:57:58
W0000340,W0000418,2,27986659,2026-02-13 07:34:02,2026-06-29 22:39:04
W0000340,W0000455,1,3532581,2026-06-25 23:21:10,2026-06-25 23:21:10
W0000340,W0000459,1,5872771,2026-05-15 19:22:00,2026-05-15 19:22:00
W0000340,W0000479,1,3462466,2026-03-16 13:40:23,2026-03-16 13:40:23
W0000340,W0000483,1,37469064,2026-06-17 23:12:44,2026-06-17 23:12:44
W0000341,W0000003,1,3520602,2026-02-12 01:09:19,2026-02-12 01:09:19
W0000341,W0000020,1,37168217,2026-06-09 01:59:40,2026-06-09 01:59:40
W0000341,W0000111,1,7153742,2026-06-26 10:11:49,2026-06-26 10:11:49
W0000341,W0000131,1,20536007,2026-04-08 05:39:09,2026-04-08 05:39:09
W0000341,W0000134,1,7497860,2026-03-08 07:50:23,2026-03-08 07:50:23
W0000341,W0000216,1,12176792,2026-04-27 12:14:07,2026-04-27 12:14:07
W0000341,W0000222,1,10704998,2026-06-21 13:02:15,2026-06-21 13:02:15
W0000341,W0000223,1,10084642,2026-04-08 02:40:42,2026-04-08 02:40:42
W0000341,W0000235,1,2971982,2026-06-17 20:57:23,2026-06-17 20:57:23
W0000341,W0000236,1,7558061,2026-05-22 04:52:45,2026-05-22 04:52:45
W0000341,W0000241,1,25328976,2026-03-20 06:37:12,2026-03-20 06:37:12
W0000341,W0000244,1,41914028,2026-03-31 15:32:12,2026-03-31 15:32:12
W0000341,W0000247,1,18274103,2026-02-09 19:55:17,2026-02-09 19:55:17
W0000341,W0000249,1,2874190,2026-05-09 17:51:17,2026-05-09 17:51:17
W0000341,W0000250,1,20614095,2026-06-05 07:16:06,2026-06-05 07:16:06
W0000341,W0000316,1,137243284,2026-06-21 02:28:27,2026-06-21 02:28:27
W0000341,W0000321,1,2362150,2026-02-10 07:31:10,2026-02-10 07:31:10
W0000341,W0000331,1,17627000,2026-06-27 16:14:03,2026-06-27 16:14:03
W0000341,W0000391,1,2547902,2026-04-09 14:17:29,2026-04-09 14:17:29
W0000341,W0000422,1,2068527,2026-03-10 20:46:00,2026-03-10 20:46:00
W0000341,W0000423,1,1917540,2026-02-25 18:48:52,2026-02-25 18:48:52
W0000341,W0000433,1,6558719,2026-03-30 22:28:03,2026-03-30 22:28:03
W0000341,W0000444,1,31936168,2026-05-01 19:15:35,2026-05-01 19:15:35
W0000341,W0000465,1,5117781,2026-01-17 13:39:27,2026-01-17 13:39:27
W0000341,W0000490,1,11976541,2026-06-29 05:25:19,2026-06-29 05:25:19
W0000341,W0000494,1,11005833,2026-03-04 18:36:20,2026-03-04 18:36:20
W0000342,W0000036,1,3963282,2026-06-02 21:49:27,2026-06-02 21:49:27
W0000342,W0000070,1,7468636,2026-02-19 19:42:48,2026-02-19 19:42:48
W0000342,W0000076,1,651690,2026-06-04 01:35:35,2026-06-04 01:35:35
W0000342,W0000092,1,7610702,2026-05-25 20:45:36,2026-05-25 20:45:36
W0000342,W0000094,1,1235496,2026-06-15 11:27:13,2026-06-15 11:27:13
W0000342,W0000124,1,674570,2026-05-17 13:18:39,2026-05-17 13:18:39
W0000342,W0000154,1,8558509,2026-01-21 02:44:53,2026-01-21 02:44:53
W0000342,W0000168,1,2804551,2026-05-29 12:10:38,2026-05-29 12:10:38
W0000342,W0000217,1,13542592,2026-04-04 13:34:33,2026-04-04 13:34:33
W0000342,W0000322,1,12729343,2026-04-08 05:54:07,2026-04-08 05:54:07
W0000342,W0000329,1,9038384,2026-06-26 21:46:08,2026-06-26 21:46:08
W0000342,W0000344,2,18054719,2026-04-03 02:11:49,2026-04-16 03:20:06
W0000342,W0000360,1,6710809,2026-04-10 20:38:12,2026-04-10 20:38:12
W0000342,W0000383,1,3889879,2026-05-30 08:55:06,2026-05-30 08:55:06
W0000342,W0000413,1,18223563,2026-02-25 20:27:38,2026-02-25 20:27:38
W0000342,W0000470,1,5422476,2026-01-03 17:18:27,2026-01-03 17:18:27
W0000342,W0000485,1,39920833,2026-04-04 08:57:04,2026-04-04 08:57:04
W0000343,W0000002,1,20826032,2026-05-15 16:14:29,2026-05-15 16:14:29
W0000343,W0000035,1,17958402,2026-02-10 13:14:56,2026-02-10 13:14:56
W0000343,W0000041,1,12105818,2026-04-18 19:40:27,2026-04-18 19:40:27
W0000343,W0000092,1,33320646,2026-06-05 06:06:11,2026-06-05 06:06:11
W0000343,W0000114,1,11663441,2026-04-15 20:48:01,2026-04-15 20:48:01
W0000343,W0000150,1,33239911,2026-06-02 17:42:56,2026-06-02 17:42:56
W0000343,W0000177,1,2960536,2026-01-07 23:14:32,2026-01-07 23:14:32
W0000343,W0000190,1,1944861,2026-06-24 06:04:21,2026-06-24 06:04:21
W0000343,W0000198,1,3221217,2026-06-09 16:49:12,2026-06-09 16:49:12
W0000343,W0000201,1,14665863,2026-03-25 07:44:46,2026-03-25 07:44:46
W0000343,W0000210,1,31445106,2026-05-01 20:42:04,2026-05-01 20:42:04
W0000343,W0000240,1,295797,2026-06-03 12:51:32,2026-06-03 12:51:32
W0000343,W0000252,2,30709885,2026-05-30 03:04:45,2026-06-16 20:22:15
W0000343,W0000276,1,10051889,2026-06-16 20:22:15,2026-06-16 20:22:15
W0000343,W0000280,1,1754347,2026-03-08 23:39:16,2026-03-08 23:39:16
W0000343,W0000332,1,20826032,2026-05-15 16:14:29,2026-05-15 16:14:29
W0000343,W0000345,1,13618774,2026-05-30 07:03:55,2026-05-30 07:03:55
W0000343,W0000390,1,2960536,2026-01-07 23:14:32,2026-01-07 23:14:32
W0000343,W0000403,1,1944861,2026-06-24 06:04:21,2026-06-24 06:04:21
W0000343,W0000437,1,5386842,2026-04-05 16:08:50,2026-04-05 16:08:50
W0000343,W0000463,1,14665863,2026-03-25 07:44:46,2026-03-25 07:44:46
W0000343,W0000480,1,13618774,2026-05-30 07:03:55,2026-05-30 07:03:55
W0000344,W0000013,1,14747448,2026-05-09 22:44:13,2026-05-09 22:44:13
W0000344,W0000015,1,10453384,2026-02-20 16:30:48,2026-02-20 16:30:48
W0000344,W0000047,1,4407093,2026-05-25 21:32:05,2026-05-25 21:32:05
W0000344,W0000066,1,9888540,2026-05-24 08:24:57,2026-05-24 08:24:57
W0000344,W0000072,1,37366535,2026-05-11 19:41:20,2026-05-11 19:41:20
W0000344,W0000132,1,7345198,2026-06-22 13:13:23,2026-06-22 13:13:23
W0000344,W0000170,1,1435920,2026-04-06 04:04:26,2026-04-06 04:04:26
W0000344,W0000176,1,38235500,2026-01-28 02:56:53,2026-01-28 02:56:53
W0000344,W0000225,1,10401000,2026-03-29 16:04:40,2026-03-29 16:04:40
W0000344,W0000251,1,4688629,2026-04-24 14:09:47,2026-04-24 14:09:47
W0000344,W0000254,1,21965744,2026-03-06 23:15:19,2026-03-06 23:15:19
W0000344,W0000331,1,16036233,2026-05-02 18:22:06,2026-05-02 18:22:06
W0000344,W0000332,1,8386690,2026-01-16 02:50:09,2026-01-16 02:50:09
W0000344,W0000340,1,7209031,2026-02-12 01:30:10,2026-02-12 01:30:10
W0000344,W0000352,1,12959681,2026-05-02 11:57:50,2026-05-02 11:57:50
W0000344,W0000353,1,8161596,2026-04-01 10:16:50,2026-04-01 10:16:50
W0000344,W0000358,1,12747640,2026-03-23 09:16:20,2026-03-23 09:16:20
W0000344,W0000366,1,7119329,2026-05-25 15:23:35,2026-05-25 15:23:35
W0000344,W0000434,1,45157036,2026-03-05 18:57:04,2026-03-05 18:57:04
W0000344,W0000446,1,12984092,2026-05-28 07:11:41,2026-05-28 07:11:41
W0000344,W0000455,1,13711753,2026-06-28 02:21:06,2026-06-28 02:21:06
W0000344,W0000469,1,49859021,2026-06-19 22:59:38,2026-06-19 22:59:38
W0000345,W0000008,1,22872970,2026-06-09 05:38:14,2026-06-09 05:38:14
W0000345,W0000014,1,22872970,2026-06-09 05:38:14,2026-06-09 05:38:14
W0000345,W0000017,1,22872970,2026-06-09 05:38:14,2026-06-09 05:38:14
W0000345,W0000027,1,13245831,2026-03-18 15:35:13,2026-03-18 15:35:13
W0000345,W0000031,1,32566052,2026-02-22 22:53:06,2026-02-22 22:53:06
W0000345,W0000034,2,28626281,2026-02-20 09:56:15,2026-05-03 20:59:45
W0000345,W0000066,1,21288996,2026-02-20 09:56:15,2026-02-20 09:56:15
W0000345,W0000085,1,24718319,2026-01-21 20:49:41,2026-01-21 20:49:41
W0000345,W0000101,2,45432427,2026-03-24 12:31:53,2026-04-12 01:10:31
W0000345,W0000118,1,8694487,2026-06-23 11:04:11,2026-06-23 11:04:11
W0000345,W0000134,1,26193896,2026-04-12 01:10:31,2026-04-12 01:10:31
W0000345,W0000143,1,11775747,2026-04-05 16:36:20,2026-04-05 16:36:20
W0000345,W0000146,1,19238531,2026-03-24 12:31:53,2026-03-24 12:31:53
W0000345,W0000162,1,1567081,2026-01-20 12:04:43,2026-01-20 12:04:43
W0000345,W0000166,1,8694487,2026-06-23 11:04:11,2026-06-23 11:04:11
W0000345,W0000172,1,13245831,2026-03-18 15:35:13,2026-03-18 15:35:13
W0000345,W0000176,1,8694487,2026-06-23 11:04:11,2026-06-23 11:04:11
W0000345,W0000196,1,54198292,2026-03-14 03:11:33,2026-03-14 03:11:33
W0000345,W0000202,1,26754334,2026-03-09 10:33:21,2026-03-09 10:33:21
W0000345,W0000213,1,22872970,2026-06-09 05:38:14,2026-06-09 05:38:14
W0000345,W0000226,1,7337285,2026-05-03 20:59:45,2026-05-03 20:59:45
W0000345,W0000242,1,26893740,2026-03-06 06:48:50,2026-03-06 06:48:50
W0000345,W0000277,1,26893740,2026-03-06 06:48:50,2026-03-06 06:48:50
W0000345,W0000284,1,62151409,2026-04-03 12:54:33,2026-04-03 12:54:33
W0000345,W0000302,1,21288996,2026-02-20 09:56:15,2026-02-20 09:56:15
W0000345,W0000311,1,11775747,2026-04-05 16:36:20,2026-04-05 16:36:20
W0000345,W0000358,1,7337285,2026-05-03 20:59:45,2026-05-03 20:59:45
W0000345,W0000369,2,59320386,2026-02-22 22:53:06,2026-03-09 10:33:21
W0000345,W0000401,1,24718319,2026-01-21 20:49:41,2026-01-21 20:49:41
W0000345,W0000419,1,26754334,2026-03-09 10:33:21,2026-03-09 10:33:21
W0000345,W0000423,1,54198292,2026-03-14 03:11:33,2026-03-14 03:11:33
W0000345,W0000430,1,26193896,2026-04-12 01:10:31,2026-04-12 01:10:31
W0000345,W0000458,1,1567081,2026-01-20 12:04:43,2026-01-20 12:04:43
W0000345,W0000468,1,24718319,2026-01-21 20:49:41,2026-01-21 20:49:41
W0000345,W0000475,1,1567081,2026-01-20 12:04:43,2026-01-20 12:04:43
W0000345,W0000478,1,62151409,2026-04-03 12:54:33,2026-04-03 12:54:33
W0000345,W0000486,2,51804583,2026-02-22 22:53:06,2026-03-24 12:31:53
W0000345,W0000495,1,7337285,2026-05-03 20:59:45,2026-05-03 20:59:45
W0000346,W0000004,1,3372598,2026-02-27 06:07:49,2026-02-27 06:07:49
W0000346,W0000005,1,7471720,2026-06-29 11:42:00,2026-06-29 11:42:00
W0000346,W0000006,1,5396696,2026-02-25 16:41:07,2026-02-25 16:41:07
W0000346,W0000008,2,56007994,2026-03-01 05:10:31,2026-05-29 00:08:31
W0000346,W0000027,1,5764903,2026-03-12 23:46:36,2026-03-12 23:46:36
W0000346,W0000104,1,1726689,2026-06-18 16:07:43,2026-06-18 16:07:43
W0000346,W0000113,1,34446150,2026-02-21 02:48:08,2026-02-21 02:48:08
W0000346,W0000196,1,12470218,2026-03-19 13:04:04,2026-03-19 13:04:04
W0000346,W0000220,1,3111302,2026-02-15 13:58:18,2026-02-15 13:58:18
W0000346,W0000224,1,9921861,2026-02-26 04:54:39,2026-02-26 04:54:39
W0000346,W0000242,1,5757135,2026-06-16 21:18:18,2026-06-16 21:18:18
W0000346,W0000253,1,52299436,2026-01-16 17:45:20,2026-01-16 17:45:20
W0000346,W0000278,1,13616158,2026-01-01 09:33:37,2026-01-01 09:33:37
W0000346,W0000290,1,7869590,2026-02-20 07:23:19,2026-02-20 07:23:19
W0000346,W0000318,1,7814475,2026-02-18 14:35:44,2026-02-18 14:35:44
W0000346,W0000368,1,52129732,2026-05-25 12:32:36,2026-05-25 12:32:36
W0000346,W0000375,1,26964354,2026-05-05 09:50:47,2026-05-05 09:50:47
W0000346,W0000432,1,3970774,2026-03-11 02:30:45,2026-03-11 02:30:45
W0000347,W0000039,1,7324813,2026-04-18 13:49:47,2026-04-18 13:49:47
W0000347,W0000104,1,15018900,2026-05-12 10:23:24,2026-05-12 10:23:24
W0000347,W0000142,1,49257908,2026-03-25 09:36:25,2026-03-25 09:36:25
W0000347,W0000154,1,14481845,2026-03-01 13:52:47,2026-03-01 13:52:47
W0000347,W0000204,1,13834473,2026-01-05 01:38:27,2026-01-05 01:38:27
W0000347,W0000211,1,50560790,2026-01-07 04:37:33,2026-01-07 04:37:33
W0000347,W0000228,1,2797583,2026-01-01 16:08:21,2026-01-01 16:08:21
W0000347,W0000237,1,2739425,2026-02-03 10:40:57,2026-02-03 10:40:57
W0000347,W0000264,1,16610606,2026-01-24 20:02:44,2026-01-24 20:02:44
W0000347,W0000272,1,3704968,2026-04-29 12:17:37,2026-04-29 12:17:37
W0000347,W0000284,1,18766402,2026-05-11 11:18:03,2026-05-11 11:18:03
W0000347,W0000302,1,11258887,2026-06-01 05:35:10,2026-06-01 05:35:10
W0000347,W0000319,1,35237714,2026-06-02 03:06:09,2026-06-02 03:06:09
W0000347,W0000413,1,10022534,2026-05-10 17:03:52,2026-05-10 17:03:52
W0000347,W0000419,1,44909011,2026-05-29 04:10:57,2026-05-29 04:10:57
W0000347,W0000454,1,6625501,2026-05-05 18:21:25,2026-05-05 18:21:25
W0000347,W0000483,1,28009044,2026-06-13 04:06:22,2026-06-13 04:06:22
W0000347,W0000497,1,2612077,2026-06-04 14:42:20,2026-06-04 14:42:20
W0000348,W0000005,1,42519638,2026-04-03 00:12:30,2026-04-03 00:12:30
W0000348,W0000036,1,23122351,2026-05-08 03:42:24,2026-05-08 03:42:24
W0000348,W0000044,1,1957956,2026-06-24 23:33:31,2026-06-24 23:33:31
W0000348,W0000056,1,10067861,2026-06-28 18:10:37,2026-06-28 18:10:37
W0000348,W0000083,1,35724711,2026-01-24 04:16:24,2026-01-24 04:16:24
W0000348,W0000090,1,36943197,2026-02-16 03:02:47,2026-02-16 03:02:47
W0000348,W0000098,1,34341186,2026-02-15 06:12:32,2026-02-15 06:12:32
W0000348,W0000110,1,80300905,2026-01-12 01:51:30,2026-01-12 01:51:30
W0000348,W0000133,1,4504067,2026-04-10 02:43:06,2026-04-10 02:43:06
W0000348,W0000163,1,2702859,2026-02-18 08:27:17,2026-02-18 08:27:17
W0000348,W0000166,1,9140912,2026-04-17 17:03:58,2026-04-17 17:03:58
W0000348,W0000195,1,19033272,2026-03-22 18:18:02,2026-03-22 18:18:02
W0000348,W0000254,1,36911187,2026-05-05 22:04:12,2026-05-05 22:04:12
W0000348,W0000277,1,1670188,2026-06-09 02:36:43,2026-06-09 02:36:43
W0000348,W0000307,1,24736335,2026-01-18 23:48:36,2026-01-18 23:48:36
W0000348,W0000309,1,28814345,2026-03-15 18:08:02,2026-03-15 18:08:02
W0000348,W0000313,1,29245656,2026-03-11 15:11:31,2026-03-11 15:11:31
W0000348,W0000322,1,15514005,2026-06-27 09:08:06,2026-06-27 09:08:06
W0000348,W0000372,1,25247624,2026-04-01 18:11:45,2026-04-01 18:11:45
W0000348,W0000436,1,26285017,2026-05-20 11:36:38,2026-05-20 11:36:38
W0000349,W0000033,1,10577708,2026-04-26 17:02:28,2026-04-26 17:02:28
W0000349,W0000057,1,1902592,2026-02-04 12:06:22,2026-02-04 12:06:22
W0000349,W0000072,1,14261401,2026-03-02 16:57:04,2026-03-02 16:57:04
W0000349,W0000084,1,11508034,2026-05-10 09:03:20,2026-05-10 09:03:20
W0000349,W0000092,1,4579275,2026-02-25 18:39:04,2026-02-25 18:39:04
W0000349,W0000154,2,38244778,2026-06-03 03:05:23,2026-06-27 07:50:25
W0000349,W0000189,1,2279194,2026-03-09 03:30:36,2026-03-09 03:30:36
W0000349,W0000191,1,2708493,2026-03-28 14:59:33,2026-03-28 14:59:33
W0000349,W0000192,1,36203307,2026-06-19 00:31:09,2026-06-19 00:31:09
W0000349,W0000253,1,24153930,2026-05-30 23:02:48,2026-05-30 23:02:48
W0000349,W0000254,1,21679332,2026-05-28 09:17:51,2026-05-28 09:17:51
W0000349,W0000285,1,10124834,2026-06-10 19:13:24,2026-06-10 19:13:24
W0000349,W0000308,1,7051695,2026-05-26 01:33:05,2026-05-26 01:33:05
W0000349,W0000317,1,3021130,2026-01-05 16:07:00,2026-01-05 16:07:00
W0000349,W0000340,1,13387458,2026-05-04 07:33:17,2026-05-04 07:33:17
W0000349,W0000348,1,28616026,2026-02-09 07:45:45,2026-02-09 07:45:45
W0000349,W0000365,1,14342853,2026-03-09 05:22:16,2026-03-09 05:22:16
W0000349,W0000408,1,3152843,2026-01-15 13:43:34,2026-01-15 13:43:34
W0000349,W0000421,1,2316035,2026-04-23 14:59:07,2026-04-23 14:59:07
W0000349,W0000443,1,6677610,2026-01-11 06:51:44,2026-01-11 06:51:44
W0000349,W0000491,1,3986470,2026-06-25 22:30:12,2026-06-25 22:30:12
W0000350,W0000006,1,74544364,2026-06-29 17:08:20,2026-06-29 17:08:20
W0000350,W0000008,1,4137916,2026-06-07 17:31:01,2026-06-07 17:31:01
W0000350,W0000023,1,24222621,2026-01-20 06:03:39,2026-01-20 06:03:39
W0000350,W0000053,1,24745422,2026-04-14 17:28:03,2026-04-14 17:28:03
W0000350,W0000068,1,9295603,2026-03-23 13:56:51,2026-03-23 13:56:51
W0000350,W0000098,1,4691692,2026-02-08 18:30:48,2026-02-08 18:30:48
W0000350,W0000139,1,8798163,2026-04-12 03:09:08,2026-04-12 03:09:08
W0000350,W0000185,1,3122192,2026-03-02 05:04:40,2026-03-02 05:04:40
W0000350,W0000196,1,16978224,2026-01-23 00:21:40,2026-01-23 00:21:40
W0000350,W0000253,1,14080346,2026-03-22 11:54:39,2026-03-22 11:54:39
W0000350,W0000254,1,27617449,2026-01-29 16:08:34,2026-01-29 16:08:34
W0000350,W0000266,1,7284013,2026-04-10 03:13:33,2026-04-10 03:13:33
W0000350,W0000269,1,33823978,2026-02-03 08:28:55,2026-02-03 08:28:55
W0000350,W0000330,1,7480189,2026-06-03 12:25:09,2026-06-03 12:25:09
W0000350,W0000338,1,18051707,2026-02-17 00:21:26,2026-02-17 00:21:26
W0000350,W0000371,1,2723966,2026-03-14 18:45:09,2026-03-14 18:45:09
W0000350,W0000374,1,2865870,2026-01-17 21:26:30,2026-01-17 21:26:30
W0000350,W0000376,1,13785236,2026-05-20 07:45:10,2026-05-20 07:45:10
W0000350,W0000378,1,5784102,2026-01-02 08:19:44,2026-01-02 08:19:44
W0000350,W0000383,1,4239894,2026-03-13 21:20:32,2026-03-13 21:20:32
W0000350,W0000417,1,13968814,2026-01-01 22:30:48,2026-01-01 22:30:48
W0000350,W0000421,1,14276682,2026-02-08 08:22:35,2026-02-08 08:22:35
W0000350,W0000430,1,1403433,2026-05-10 14:06:31,2026-05-10 14:06:31
W0000350,W0000431,1,13475330,2026-02-21 01:04:21,2026-02-21 01:04:21
W0000350,W0000434,1,17878632,2026-03-22 22:20:56,2026-03-22 22:20:56
W0000350,W0000445,1,10694167,2026-04-02 07:20:01,2026-04-02 07:20:01
W0000350,W0000451,1,28837549,2026-05-21 07:48:30,2026-05-21 07:48:30
W0000350,W0000466,1,2839698,2026-03-30 14:51:47,2026-03-30 14:51:47
W0000350,W0000471,1,10635799,2026-03-28 04:03:25,2026-03-28 04:03:25
W0000350,W0000475,1,5542382,2026-01-23 19:28:23,2026-01-23 19:28:23
W0000350,W0000478,1,11313794,2026-01-12 16:48:28,2026-01-12 16:48:28
W0000351,W0000001,1,4480306,2026-03-05 08:43:00,2026-03-05 08:43:00
W0000351,W0000005,1,6498197,2026-03-20 05:10:42,2026-03-20 05:10:42
W0000351,W0000034,1,4368205,2026-05-15 05:15:26,2026-05-15 05:15:26
W0000351,W0000061,1,1951492,2026-05-29 23:57:13,2026-05-29 23:57:13
W0000351,W0000083,1,28455785,2026-05-04 11:23:59,2026-05-04 11:23:59
W0000351,W0000111,1,17532849,2026-01-05 18:12:23,2026-01-05 18:12:23
W0000351,W0000115,1,10681371,2026-03-25 00:17:14,2026-03-25 00:17:14
W0000351,W0000141,1,33379263,2026-04-23 02:09:33,2026-04-23 02:09:33
W0000351,W0000210,1,19719647,2026-06-15 12:34:30,2026-06-15 12:34:30
W0000351,W0000213,1,7503574,2026-04-08 12:32:46,2026-04-08 12:32:46
W0000351,W0000216,1,4597008,2026-05-29 10:26:38,2026-05-29 10:26:38
W0000351,W0000228,1,5487664,2026-02-10 23:06:25,2026-02-10 23:06:25
W0000351,W0000233,1,8767927,2026-01-12 15:12:53,2026-01-12 15:12:53
W0000351,W0000250,1,6589603,2026-01-15 23:39:26,2026-01-15 23:39:26
W0000351,W0000307,1,17233158,2026-05-03 19:02:33,2026-05-03 19:02:33
W0000351,W0000374,1,35324304,2026-06-08 15:55:07,2026-06-08 15:55:07
W0000351,W0000382,1,9150126,2026-04-08 18:06:21,2026-04-08 18:06:21
W0000351,W0000392,1,2912917,2026-05-21 12:01:27,2026-05-21 12:01:27
W0000351,W0000440,1,2762982,2026-04-06 06:16:47,2026-04-06 06:16:47
W0000351,W0000475,1,11506013,2026-03-12 07:33:36,2026-03-12 07:33:36
W0000352,W0000010,1,2905833,2026-05-04 15:05:05,2026-05-04 15:05:05
W0000352,W0000017,1,2905833,2026-05-04 15:05:05,2026-05-04 15:05:05
W0000352,W0000052,1,17419701,2026-04-20 01:17:35,2026-04-20 01:17:35
W0000352,W0000053,1,7686608,2026-03-31 12:12:06,2026-03-31 12:12:06
W0000352,W0000062,1,32400989,2026-05-23 07:49:42,2026-05-23 07:49:42
W0000352,W0000072,1,1900366,2026-06-10 18:46:33,2026-06-10 18:46:33
W0000352,W0000102,1,5057638,2026-02-18 08:37:22,2026-02-18 08:37:22
W0000352,W0000114,1,2905833,2026-05-04 15:05:05,2026-05-04 15:05:05
W0000352,W0000118,1,7485514,2026-01-29 04:59:09,2026-01-29 04:59:09
W0000352,W0000138,1,7050016,2026-02-07 15:33:28,2026-02-07 15:33:28
W0000352,W0000164,1,5887751,2026-04-28 00:16:35,2026-04-28 00:16:35
W0000352,W0000181,1,4207257,2026-06-15 04:07:17,2026-06-15 04:07:17
W0000352,W0000182,1,3004067,2026-06-03 00:00:59,2026-06-03 00:00:59
W0000352,W0000225,1,9580023,2026-06-21 22:26:54,2026-06-21 22:26:54
W0000352,W0000231,1,3718160,2026-03-12 01:02:26,2026-03-12 01:02:26
W0000352,W0000238,1,4927315,2026-01-03 15:32:36,2026-01-03 15:32:36
W0000352,W0000242,1,1485117,2026-06-11 10:21:28,2026-06-11 10:21:28
W0000352,W0000247,1,5057638,2026-02-18 08:37:22,2026-02-18 08:37:22
W0000352,W0000260,1,3510961,2026-06-15 05:53:35,2026-06-15 05:53:35
W0000352,W0000266,1,7004288,2026-06-21 00:54:32,2026-06-21 00:54:32
W0000352,W0000272,1,1900366,2026-06-10 18:46:33,2026-06-10 18:46:33
W0000352,W0000279,1,5726916,2026-01-25 21:50:22,2026-01-25 21:50:22
W0000352,W0000283,1,2838959,2026-05-05 22:46:45,2026-05-05 22:46:45
W0000352,W0000291,1,3004067,2026-06-03 00:00:59,2026-06-03 00:00:59
W0000352,W0000316,1,10323321,2026-03-03 03:31:40,2026-03-03 03:31:40
W0000352,W0000332,1,7686608,2026-03-31 12:12:06,2026-03-31 12:12:06
W0000352,W0000333,1,15197045,2026-03-07 08:33:23,2026-03-07 08:33:23
W0000352,W0000358,1,3632143,2026-01-29 20:51:25,2026-01-29 20:51:25
W0000352,W0000389,1,8249546,2026-01-24 05:01:59,2026-01-24 05:01:59
W0000352,W0000411,1,5352243,2026-02-27 06:22:25,2026-02-27 06:22:25
W0000352,W0000428,2,14489802,2026-01-29 04:59:09,2026-06-21 00:54:32
W0000352,W0000432,1,8764968,2026-04-14 21:13:29,2026-04-14 21:13:29
W0000352,W0000435,1,3004067,2026-06-03 00:00:59,2026-06-03 00:00:59
W0000352,W0000471,1,8980366,2026-01-31 14:47:15,2026-01-31 14:47:15
W0000352,W0000484,1,7845765,2026-06-20 11:15:46,2026-06-20 11:15:46
W0000353,W0000017,1,4914613,2026-04-15 17:48:15,2026-04-15 17:48:15
W0000353,W0000029,1,7970761,2026-02-04 23:00:42,2026-02-04 23:00:42
W0000353,W0000033,1,60237398,2026-01-26 16:24:00,2026-01-26 16:24:00
W0000353,W0000047,1,7904058,2026-04-25 05:55:11,2026-04-25 05:55:11
W0000353,W0000056,1,4308033,2026-02-01 05:47:37,2026-02-01 05:47:37
W0000353,W0000081,1,18294302,2026-01-24 10:00:51,2026-01-24 10:00:51
W0000353,W0000082,1,3790392,2026-04-14 10:22:00,2026-04-14 10:22:00
W0000353,W0000103,1,1667266,2026-06-18 09:47:42,2026-06-18 09:47:42
W0000353,W0000149,1,9664097,2026-01-12 04:04:42,2026-01-12 04:04:42
W0000353,W0000153,1,4492971,2026-06-29 18:22:43,2026-06-29 18:22:43
W0000353,W0000174,1,12431488,2026-06-29 18:09:02,2026-06-29 18:09:02
W0000353,W0000206,1,1430067,2026-04-05 13:33:22,2026-04-05 13:33:22
W0000353,W0000207,1,25318637,2026-04-19 20:49:34,2026-04-19 20:49:34
W0000353,W0000257,1,53432298,2026-03-09 03:49:19,2026-03-09 03:49:19
W0000353,W0000311,1,8656375,2026-04-03 02:51:41,2026-04-03 02:51:41
W0000353,W0000326,1,12663043,2026-01-19 05:10:56,2026-01-19 05:10:56
W0000353,W0000339,1,17952785,2026-06-22 13:26:38,2026-06-22 13:26:38
W0000353,W0000341,1,4131566,2026-03-06 14:04:19,2026-03-06 14:04:19
W0000353,W0000349,1,4907856,2026-05-20 23:26:28,2026-05-20 23:26:28
W0000353,W0000351,1,8576443,2026-04-06 23:55:56,2026-04-06 23:55:56
W0000353,W0000362,1,80529973,2026-05-22 04:40:16,2026-05-22 04:40:16
W0000353,W0000386,1,10820792,2026-06-21 22:34:01,2026-06-21 22:34:01
W0000353,W0000473,1,13849033,2026-02-13 04:53:19,2026-02-13 04:53:19
W0000354,W0000039,1,25986462,2026-02-08 05:30:44,2026-02-08 05:30:44
W0000354,W0000046,1,17215026,2026-01-21 13:21:28,2026-01-21 13:21:28
W0000354,W0000063,1,23567723,2026-05-23 14:34:25,2026-05-23 14:34:25
W0000354,W0000085,1,15940680,2026-01-13 02:58:35,2026-01-13 02:58:35
W0000354,W0000203,1,11439293,2026-05-20 13:22:01,2026-05-20 13:22:01
W0000354,W0000215,1,10690200,2026-01-01 06:48:23,2026-01-01 06:48:23
W0000354,W0000256,1,48762008,2026-06-30 15:27:49,2026-06-30 15:27:49
W0000354,W0000270,1,8120875,2026-05-19 08:42:37,2026-05-19 08:42:37
W0000354,W0000296,1,965252,2026-06-27 13:22:09,2026-06-27 13:22:09
W0000354,W0000324,1,22237724,2026-06-18 03:58:43,2026-06-18 03:58:43
W0000354,W0000358,1,3810721,2026-04-05 18:37:33,2026-04-05 18:37:33
W0000354,W0000381,1,30393881,2026-05-26 23:49:28,2026-05-26 23:49:28
W0000354,W0000402,1,13379625,2026-06-16 11:31:08,2026-06-16 11:31:08
W0000354,W0000420,1,86497287,2026-05-01 08:28:58,2026-05-01 08:28:58
W0000354,W0000439,1,693233,2026-05-22 18:54:25,2026-05-22 18:54:25
W0000354,W0000471,1,108297120,2026-01-20 23:22:37,2026-01-20 23:22:37
W0000355,W0000037,1,7638508,2026-05-13 03:36:31,2026-05-13 03:36:31
W0000355,W0000064,1,12396296,2026-05-25 20:42:48,2026-05-25 20:42:48
W0000355,W0000109,1,6104160,2026-05-18 13:37:51,2026-05-18 13:37:51
W0000355,W0000122,1,8963747,2026-01-11 20:35:10,2026-01-11 20:35:10
W0000355,W0000144,1,2617063,2026-06-15 08:58:58,2026-06-15 08:58:58
W0000355,W0000145,1,7174458,2026-04-20 19:47:51,2026-04-20 19:47:51
W0000355,W0000154,1,3300772,2026-06-03 17:42:39,2026-06-03 17:42:39
W0000355,W0000192,1,5487650,2026-03-07 13:37:58,2026-03-07 13:37:58
W0000355,W0000200,1,6565161,2026-05-17 17:26:55,2026-05-17 17:26:55
W0000355,W0000206,1,3620123,2026-05-28 09:25:39,2026-05-28 09:25:39
W0000355,W0000212,1,26912733,2026-05-31 22:54:36,2026-05-31 22:54:36
W0000355,W0000228,1,17863928,2026-02-28 17:03:56,2026-02-28 17:03:56
W0000355,W0000250,1,15937333,2026-02-13 14:52:03,2026-02-13 14:52:03
W0000355,W0000289,1,1094938,2026-05-14 22:23:21,2026-05-14 22:23:21
W0000355,W0000307,1,8761512,2026-01-03 00:56:35,2026-01-03 00:56:35
W0000355,W0000312,1,39423134,2026-04-13 04:44:21,2026-04-13 04:44:21
W0000355,W0000335,1,17135984,2026-03-17 17:13:59,2026-03-17 17:13:59
W0000355,W0000337,1,3993731,2026-03-15 08:32:56,2026-03-15 08:32:56
W0000355,W0000341,1,7225511,2026-01-08 14:23:28,2026-01-08 14:23:28
W0000355,W0000398,1,65020867,2026-01-01 17:01:14,2026-01-01 17:01:14
W0000355,W0000406,1,16298193,2026-06-10 08:10:15,2026-06-10 08:10:15
W0000355,W0000475,1,7926933,2026-02-21 19:00:30,2026-02-21 19:00:30
W0000355,W0000476,1,17445514,2026-04-16 20:23:09,2026-04-16 20:23:09
W0000355,W0000487,1,27360757,2026-01-05 04:07:13,2026-01-05 04:07:13
W0000355,W0000491,1,9561068,2026-01-30 09:16:07,2026-01-30 09:16:07
W0000356,W0000005,1,9228821,2026-05-09 11:34:49,2026-05-09 11:34:49
W0000356,W0000008,1,35338783,2026-02-27 11:19:23,2026-02-27 11:19:23
W0000356,W0000057,1,15128257,2026-02-10 23:37:44,2026-02-10 23:37:44
W0000356,W0000082,1,2616943,2026-03-08 13:48:57,2026-03-08 13:48:57
W0000356,W0000122,1,10874580,2026-04-26 04:36:53,2026-04-26 04:36:53
W0000356,W0000158,1,7288779,2026-02-09 06:56:53,2026-02-09 06:56:53
W0000356,W0000181,1,3600106,2026-01-31 01:59:27,2026-01-31 01:59:27
W0000356,W0000190,1,43139116,2026-02-06 05:19:58,2026-02-06 05:19:58
W0000356,W0000196,1,11467272,2026-01-25 16:06:47,2026-01-25 16:06:47
W0000356,W0000200,1,2266602,2026-05-11 04:32:26,2026-05-11 04:32:26
W0000356,W0000201,1,14002054,2026-04-20 19:43:12,2026-04-20 19:43:12
W0000356,W0000240,1,3707937,2026-03-06 07:14:58,2026-03-06 07:14:58
W0000356,W0000291,1,196154,2026-02-22 09:00:54,2026-02-22 09:00:54
W0000356,W0000342,1,33761210,2026-02-27 09:49:06,2026-02-27 09:49:06
W0000356,W0000387,1,2845903,2026-02-04 12:28:58,2026-02-04 12:28:58
W0000356,W0000418,1,6232870,2026-03-23 18:45:33,2026-03-23 18:45:33
W0000356,W0000426,1,338007,2026-04-17 15:38:29,2026-04-17 15:38:29
W0000356,W0000443,1,10403196,2026-03-25 11:19:58,2026-03-25 11:19:58
W0000356,W0000480,1,7796008,2026-03-11 10:20:44,2026-03-11 10:20:44
W0000356,W0000481,1,14430496,2026-01-10 03:04:40,2026-01-10 03:04:40
W0000356,W0000495,1,5841243,2026-01-03 03:16:54,2026-01-03 03:16:54
W0000357,W0000044,1,2572755,2026-02-05 02:48:23,2026-02-05 02:48:23
W0000357,W0000056,1,23470333,2026-04-24 22:49:42,2026-04-24 22:49:42
W0000357,W0000062,1,5225071,2026-03-24 00:07:32,2026-03-24 00:07:32
W0000357,W0000151,1,651610,2026-01-15 16:51:13,2026-01-15 16:51:13
W0000357,W0000200,1,1140175,2026-02-06 20:57:00,2026-02-06 20:57:00
W0000357,W0000218,1,27552664,2026-01-15 16:48:01,2026-01-15 16:48:01
W0000357,W0000325,1,3620484,2026-02-24 01:01:07,2026-02-24 01:01:07
W0000357,W0000337,1,19307808,2026-04-06 20:54:25,2026-04-06 20:54:25
W0000357,W0000339,1,9427538,2026-06-15 15:39:02,2026-06-15 15:39:02
W0000357,W0000340,1,14882392,2026-02-25 05:49:23,2026-02-25 05:49:23
W0000357,W0000372,1,9146332,2026-05-03 21:55:45,2026-05-03 21:55:45
W0000357,W0000380,1,5859409,2026-05-02 18:59:38,2026-05-02 18:59:38
W0000357,W0000390,1,2814401,2026-03-29 02:38:03,2026-03-29 02:38:03
W0000357,W0000392,1,5183961,2026-06-18 04:22:37,2026-06-18 04:22:37
W0000357,W0000398,1,37034916,2026-05-14 13:46:20,2026-05-14 13:46:20
W0000357,W0000407,1,6663376,2026-01-17 04:42:23,2026-01-17 04:42:23
W0000357,W0000448,1,46804327,2026-01-07 22:37:44,2026-01-07 22:37:44
W0000357,W0000457,1,11488237,2026-01-24 04:38:55,2026-01-24 04:38:55
W0000357,W0000468,1,1532985,2026-01-03 04:52:20,2026-01-03 04:52:20
W0000357,W0000476,1,1250004,2026-06-08 15:48:02,2026-06-08 15:48:02
W0000357,W0000478,1,18795676,2026-05-19 06:46:42,2026-05-19 06:46:42
W0000357,W0000482,1,7316828,2026-04-21 18:57:46,2026-04-21 18:57:46
W0000357,W0000491,1,2902018,2026-05-10 10:02:08,2026-05-10 10:02:08
W0000358,W0000008,1,5996977,2026-06-26 21:02:17,2026-06-26 21:02:17
W0000358,W0000034,1,28093241,2026-04-27 22:03:49,2026-04-27 22:03:49
W0000358,W0000037,1,3347829,2026-06-06 10:22:45,2026-06-06 10:22:45
W0000358,W0000038,1,4425804,2026-05-06 01:19:57,2026-05-06 01:19:57
W0000358,W0000067,1,31350872,2026-01-17 10:49:09,2026-01-17 10:49:09
W0000358,W0000078,1,13031721,2026-05-06 18:10:33,2026-05-06 18:10:33
W0000358,W0000083,1,37259469,2026-03-13 10:41:59,2026-03-13 10:41:59
W0000358,W0000090,1,59178427,2026-02-26 23:17:38,2026-02-26 23:17:38
W0000358,W0000091,1,48124434,2026-02-05 11:48:33,2026-02-05 11:48:33
W0000358,W0000108,1,32743967,2026-02-21 02:20:32,2026-02-21 02:20:32
W0000358,W0000138,1,2380612,2026-02-15 09:10:59,2026-02-15 09:10:59
W0000358,W0000150,1,3614880,2026-05-04 23:05:50,2026-05-04 23:05:50
W0000358,W0000281,1,1769444,2026-02-12 14:01:54,2026-02-12 14:01:54
W0000358,W0000348,1,29121140,2026-04-21 12:40:10,2026-04-21 12:40:10
W0000358,W0000393,2,24373244,2026-01-23 04:23:26,2026-04-03 00:33:48
W0000358,W0000432,1,65085149,2026-03-16 18:30:13,2026-03-16 18:30:13
W0000359,W0000010,1,4995241,2026-06-10 12:38:47,2026-06-10 12:38:47
W0000359,W0000018,1,6127074,2026-02-23 09:26:56,2026-02-23 09:26:56
W0000359,W0000044,1,6916723,2026-06-19 16:11:52,2026-06-19 16:11:52
W0000359,W0000056,1,52685416,2026-02-25 13:07:36,2026-02-25 13:07:36
W0000359,W0000070,1,6239068,2026-05-26 12:23:44,2026-05-26 12:23:44
W0000359,W0000076,1,2316689,2026-06-05 15:07:11,2026-06-05 15:07:11
W0000359,W0000094,1,16511484,2026-04-25 11:32:24,2026-04-25 11:32:24
W0000359,W0000128,1,27860906,2026-05-01 01:43:39,2026-05-01 01:43:39
W0000359,W0000137,1,18170279,2026-05-19 14:11:13,2026-05-19 14:11:13
W0000359,W0000160,1,27470632,2026-03-21 13:31:53,2026-03-21 13:31:53
W0000359,W0000210,1,6472246,2026-05-09 04:40:29,2026-05-09 04:40:29
W0000359,W0000212,1,11608088,2026-01-26 12:23:28,2026-01-26 12:23:28
W0000359,W0000225,1,7529171,2026-02-12 04:18:09,2026-02-12 04:18:09
W0000359,W0000283,1,30950322,2026-06-04 05:40:59,2026-06-04 05:40:59
W0000359,W0000285,1,14044496,2026-06-06 07:16:56,2026-06-06 07:16:56
W0000359,W0000289,1,16925555,2026-05-12 21:29:22,2026-05-12 21:29:22
W0000359,W0000329,1,10263144,2026-04-24 10:45:55,2026-04-24 10:45:55
W0000359,W0000375,1,16836552,2026-01-14 17:08:25,2026-01-14 17:08:25
W0000359,W0000411,1,29116750,2026-01-14 18:02:47,2026-01-14 18:02:47
W0000359,W0000412,1,21884796,2026-03-02 03:22:38,2026-03-02 03:22:38
W0000360,W0000004,1,14820324,2026-02-08 07:27:56,2026-02-08 07:27:56
W0000360,W0000051,1,4777244,2026-04-15 18:45:03,2026-04-15 18:45:03
W0000360,W0000062,1,24157654,2026-05-29 19:55:39,2026-05-29 19:55:39
W0000360,W0000066,1,8827490,2026-06-28 03:45:50,2026-06-28 03:45:50
W0000360,W0000078,1,22551461,2026-02-02 00:35:13,2026-02-02 00:35:13
W0000360,W0000106,1,1002771,2026-02-07 03:18:45,2026-02-07 03:18:45
W0000360,W0000114,1,22142951,2026-06-16 05:18:09,2026-06-16 05:18:09
W0000360,W0000215,1,3363645,2026-06-12 15:56:32,2026-06-12 15:56:32
W0000360,W0000217,1,23691414,2026-04-15 20:03:14,2026-04-15 20:03:14
W0000360,W0000218,1,7442998,2026-05-06 22:41:48,2026-05-06 22:41:48
W0000360,W0000254,1,4058129,2026-04-28 20:35:57,2026-04-28 20:35:57
W0000360,W0000265,1,5882706,2026-01-17 14:59:07,2026-01-17 14:59:07
W0000360,W0000276,1,4777244,2026-04-15 18:45:03,2026-04-15 18:45:03
W0000360,W0000280,1,3528049,2026-02-24 20:49:56,2026-02-24 20:49:56
W0000360,W0000351,1,2982821,2026-01-19 03:31:20,2026-01-19 03:31:20
W0000360,W0000366,1,22551461,2026-02-02 00:35:13,2026-02-02 00:35:13
W0000360,W0000389,1,4058129,2026-04-28 20:35:57,2026-04-28 20:35:57
W0000360,W0000394,1,1639817,2026-04-23 01:43:15,2026-04-23 01:43:15
W0000360,W0000400,1,6404200,2026-03-22 04:04:39,2026-03-22 04:04:39
W0000360,W0000423,1,6467856,2026-06-19 09:38:50,2026-06-19 09:38:50
W0000360,W0000425,1,9003142,2026-02-10 17:03:33,2026-02-10 17:03:33
W0000360,W0000427,1,45434390,2026-06-10 15:14:08,2026-06-10 15:14:08
W0000360,W0000433,1,11421939,2026-01-16 08:47:49,2026-01-16 08:47:49
W0000360,W0000471,1,1002771,2026-02-07 03:18:45,2026-02-07 03:18:45
W0000360,W0000490,1,16622997,2026-04-14 15:59:54,2026-04-14 15:59:54
W0000361,W0000011,1,1431205,2026-02-25 05:55:51,2026-02-25 05:55:51
W0000361,W0000033,1,1544530,2026-01-17 06:06:26,2026-01-17 06:06:26
W0000361,W0000048,1,8751352,2026-04-22 01:39:20,2026-04-22 01:39:20
W0000361,W0000059,1,26290298,2026-03-07 02:41:08,2026-03-07 02:41:08
W0000361,W0000075,1,5365154,2026-01-08 18:10:25,2026-01-08 18:10:25
W0000361,W0000082,1,3971700,2026-03-11 04:07:11,2026-03-11 04:07:11
W0000361,W0000165,1,19660573,2026-05-18 14:43:26,2026-05-18 14:43:26
W0000361,W0000203,2,29038317,2026-03-07 08:29:17,2026-03-27 05:54:51
W0000361,W0000208,1,49992186,2026-06-30 05:09:34,2026-06-30 05:09:34
W0000361,W0000223,1,9978832,2026-06-19 08:19:07,2026-06-19 08:19:07
W0000361,W0000225,1,7960991,2026-02-07 14:58:20,2026-02-07 14:58:20
W0000361,W0000276,1,15030633,2026-01-08 20:10:10,2026-01-08 20:10:10
W0000361,W0000283,1,24564677,2026-05-29 19:58:30,2026-05-29 19:58:30
W0000361,W0000301,1,2533522,2026-05-28 01:31:36,2026-05-28 01:31:36
W0000361,W0000302,1,8799395,2026-01-16 12:43:36,2026-01-16 12:43:36
W0000361,W0000314,1,33750000,2026-06-27 23:06:04,2026-06-27 23:06:04
W0000361,W0000321,1,4875361,2026-04-22 02:33:22,2026-04-22 02:33:22
W0000361,W0000331,1,7601466,2026-03-11 04:28:03,2026-03-11 04:28:03
W0000361,W0000394,1,291414,2026-06-26 17:38:00,2026-06-26 17:38:00
W0000361,W0000418,1,2400957,2026-04-18 07:38:13,2026-04-18 07:38:13
W0000361,W0000452,1,12574537,2026-06-01 07:51:20,2026-06-01 07:51:20
W0000361,W0000475,1,23364781,2026-02-13 19:47:57,2026-02-13 19:47:57
W0000361,W0000484,1,5914413,2026-04-28 22:18:18,2026-04-28 22:18:18
W0000362,W0000018,1,9838772,2026-05-01 10:26:19,2026-05-01 10:26:19
W0000362,W0000023,1,20067009,2026-04-26 14:45:03,2026-04-26 14:45:03
W0000362,W0000093,1,7616721,2026-02-01 10:57:49,2026-02-01 10:57:49
W0000362,W0000098,1,3378180,2026-03-07 12:18:47,2026-03-07 12:18:47
W0000362,W0000130,1,7393252,2026-05-25 08:42:53,2026-05-25 08:42:53
W0000362,W0000155,1,5746061,2026-05-15 05:02:34,2026-05-15 05:02:34
W0000362,W0000167,1,6132653,2026-01-04 01:47:09,2026-01-04 01:47:09
W0000362,W0000196,1,2928977,2026-05-09 21:00:50,2026-05-09 21:00:50
W0000362,W0000219,1,23812634,2026-06-26 16:41:52,2026-06-26 16:41:52
W0000362,W0000223,1,5768313,2026-03-11 12:09:36,2026-03-11 12:09:36
W0000362,W0000231,1,26904857,2026-01-24 23:00:20,2026-01-24 23:00:20
W0000362,W0000254,1,46281233,2026-05-11 21:56:15,2026-05-11 21:56:15
W0000362,W0000297,1,44107828,2026-06-06 16:31:28,2026-06-06 16:31:28
W0000362,W0000308,1,7057229,2026-05-10 23:26:36,2026-05-10 23:26:36
W0000362,W0000327,1,776968,2026-01-16 16:41:32,2026-01-16 16:41:32
W0000362,W0000376,1,45658942,2026-02-07 21:25:39,2026-02-07 21:25:39
W0000362,W0000388,1,2236075,2026-06-27 22:54:35,2026-06-27 22:54:35
W0000362,W0000425,1,41813089,2026-01-05 20:06:36,2026-01-05 20:06:36
W0000362,W0000434,1,2063207,2026-06-30 16:31:57,2026-06-30 16:31:57
W0000362,W0000436,1,21371338,2026-04-07 23:52:37,2026-04-07 23:52:37
W0000362,W0000437,1,9782161,2026-02-11 09:09:52,2026-02-11 09:09:52
W0000362,W0000442,1,15553396,2026-05-14 11:26:45,2026-05-14 11:26:45
W0000362,W0000460,1,12558608,2026-05-27 10:38:52,2026-05-27 10:38:52
W0000362,W0000492,1,8257131,2026-04-11 13:41:47,2026-04-11 13:41:47
W0000362,W0000496,1,13151774,2026-03-25 08:45:03,2026-03-25 08:45:03
W0000362,W0000499,1,14863550,2026-05-13 19:13:28,2026-05-13 19:13:28
W0000363,W0000028,1,3813822,2026-04-07 07:48:08,2026-04-07 07:48:08
W0000363,W0000043,1,54330160,2026-01-08 15:46:24,2026-01-08 15:46:24
W0000363,W0000047,1,4947049,2026-02-13 07:05:24,2026-02-13 07:05:24
W0000363,W0000056,1,10381362,2026-03-23 12:12:31,2026-03-23 12:12:31
W0000363,W0000060,1,27867513,2026-02-06 14:58:30,2026-02-06 14:58:30
W0000363,W0000061,1,10812315,2026-01-09 20:34:10,2026-01-09 20:34:10
W0000363,W0000069,1,2677838,2026-06-05 14:07:32,2026-06-05 14:07:32
W0000363,W0000074,1,13201032,2026-06-16 21:13:59,2026-06-16 21:13:59
W0000363,W0000102,1,8828601,2026-04-30 07:52:16,2026-04-30 07:52:16
W0000363,W0000112,2,9179932,2026-01-29 19:31:23,2026-03-14 11:14:28
W0000363,W0000164,1,4565077,2026-06-12 23:21:53,2026-06-12 23:21:53
W0000363,W0000168,1,10478437,2026-03-10 03:51:57,2026-03-10 03:51:57
W0000363,W0000219,1,4641767,2026-06-17 20:31:45,2026-06-17 20:31:45
W0000363,W0000223,1,2027920,2026-06-03 09:12:39,2026-06-03 09:12:39
W0000363,W0000233,1,1386109,2026-03-29 20:27:37,2026-03-29 20:27:37
W0000363,W0000246,1,8049220,2026-05-26 22:13:34,2026-05-26 22:13:34
W0000363,W0000267,1,17930492,2026-01-21 05:44:23,2026-01-21 05:44:23
W0000363,W0000281,1,13129560,2026-02-28 23:33:55,2026-02-28 23:33:55
W0000363,W0000307,1,2486243,2026-06-15 03:33:32,2026-06-15 03:33:32
W0000363,W0000311,1,7626764,2026-03-14 23:27:32,2026-03-14 23:27:32
W0000363,W0000315,1,735330,2026-04-15 19:58:14,2026-04-15 19:58:14
W0000363,W0000316,1,7532260,2026-01-08 21:27:26,2026-01-08 21:27:26
W0000363,W0000359,1,25959199,2026-04-01 09:12:40,2026-04-01 09:12:40
W0000363,W0000446,1,699715,2026-02-24 15:54:46,2026-02-24 15:54:46
W0000363,W0000487,1,8334843,2026-03-08 15:13:17,2026-03-08 15:13:17
W0000364,W0000038,1,1943462,2026-02-15 03:39:39,2026-02-15 03:39:39
W0000364,W0000059,1,2836943,2026-02-12 05:40:10,2026-02-12 05:40:10
W0000364,W0000066,1,17306969,2026-04-25 11:02:32,2026-04-25 11:02:32
W0000364,W0000073,1,11013675,2026-03-02 19:56:31,2026-03-02 19:56:31
W0000364,W0000110,1,43053642,2026-04-20 05:27:01,2026-04-20 05:27:01
W0000364,W0000115,1,4248640,2026-02-26 12:43:07,2026-02-26 12:43:07
W0000364,W0000118,1,11333583,2026-04-30 08:09:20,2026-04-30 08:09:20
W0000364,W0000141,1,16997130,2026-04-23 17:37:34,2026-04-23 17:37:34
W0000364,W0000147,1,13406013,2026-05-05 18:23:16,2026-05-05 18:23:16
W0000364,W0000149,1,10039183,2026-01-05 01:11:54,2026-01-05 01:11:54
W0000364,W0000162,1,20045003,2026-02-01 12:06:06,2026-02-01 12:06:06
W0000364,W0000187,1,2579603,2026-02-25 00:11:46,2026-02-25 00:11:46
W0000364,W0000220,1,14744191,2026-02-10 09:18:33,2026-02-10 09:18:33
W0000364,W0000350,1,4787803,2026-06-22 06:13:38,2026-06-22 06:13:38
W0000364,W0000354,1,13068917,2026-03-05 07:35:53,2026-03-05 07:35:53
W0000364,W0000378,1,536184,2026-04-15 23:22:05,2026-04-15 23:22:05
W0000364,W0000388,1,17402260,2026-05-24 09:25:35,2026-05-24 09:25:35
W0000364,W0000397,1,27086084,2026-06-23 07:09:38,2026-06-23 07:09:38
W0000364,W0000399,1,14987335,2026-01-02 12:10:31,2026-01-02 12:10:31
W0000364,W0000415,1,6628199,2026-01-05 13:12:22,2026-01-05 13:12:22
W0000364,W0000464,1,2209789,2026-01-30 03:09:28,2026-01-30 03:09:28
W0000364,W0000491,1,1429595,2026-02-03 11:51:27,2026-02-03 11:51:27
W0000364,W0000496,2,11781349,2026-02-05 10:25:01,2026-04-08 09:02:18
W0000365,W0000025,1,3344629,2026-06-22 10:22:37,2026-06-22 10:22:37
W0000365,W0000028,1,309507,2026-02-14 17:59:08,2026-02-14 17:59:08
W0000365,W0000063,1,19758342,2026-03-16 14:15:17,2026-03-16 14:15:17
W0000365,W0000078,1,7306600,2026-01-25 16:40:10,2026-01-25 16:40:10
W0000365,W0000093,1,3910083,2026-02-04 14:17:06,2026-02-04 14:17:06
W0000365,W0000127,1,54243366,2026-03-01 05:03:54,2026-03-01 05:03:54
W0000365,W0000145,1,9985015,2026-03-21 09:08:49,2026-03-21 09:08:49
W0000365,W0000173,2,31112633,2026-05-24 14:09:40,2026-06-24 10:37:57
W0000365,W0000194,1,8208848,2026-06-03 04:47:06,2026-06-03 04:47:06
W0000365,W0000208,1,31782297,2026-06-14 17:24:09,2026-06-14 17:24:09
W0000365,W0000211,1,14568142,2026-01-13 01:50:36,2026-01-13 01:50:36
W0000365,W0000227,1,1186298,2026-01-24 01:32:46,2026-01-24 01:32:46
W0000365,W0000260,1,39303896,2026-06-19 18:21:38,2026-06-19 18:21:38
W0000365,W0000263,1,3132585,2026-03-24 19:13:35,2026-03-24 19:13:35
W0000365,W0000308,1,4769034,2026-03-15 20:10:09,2026-03-15 20:10:09
W0000365,W0000325,1,19409342,2026-04-28 22:49:14,2026-04-28 22:49:14
W0000365,W0000326,2,23370755,2026-02-22 09:35:26,2026-03-06 02:03:10
W0000365,W0000363,1,3545761,2026-03-03 06:53:31,2026-03-03 06:53:31
W0000365,W0000441,1,19488150,2026-01-27 15:47:56,2026-01-27 15:47:56
W0000365,W0000494,1,105314943,2026-05-13 10:27:41,2026-05-13 10:27:41
W0000366,W0000002,1,27808935,2026-05-03 17:06:06,2026-05-03 17:06:06
W0000366,W0000072,1,1178433,2026-01-29 16:36:26,2026-01-29 16:36:26
W0000366,W0000077,1,19676431,2026-06-22 05:42:46,2026-06-22 05:42:46
W0000366,W0000125,1,666860,2026-02-12 23:44:36,2026-02-12 23:44:36
W0000366,W0000233,1,15055328,2026-01-22 14:22:07,2026-01-22 14:22:07
W0000366,W0000243,1,11963398,2026-01-06 06:17:09,2026-01-06 06:17:09
W0000366,W0000276,1,25308332,2026-04-09 08:06:58,2026-04-09 08:06:58
W0000366,W0000278,1,3104572,2026-06-14 10:21:00,2026-06-14 10:21:00
W0000366,W0000299,1,6860034,2026-04-17 06:03:40,2026-04-17 06:03:40
W0000366,W0000334,1,13147297,2026-05-10 16:59:07,2026-05-10 16:59:07
W0000366,W0000350,1,5894313,2026-05-01 00:43:39,2026-05-01 00:43:39
W0000366,W0000370,1,7633872,2026-04-14 12:33:05,2026-04-14 12:33:05
W0000366,W0000379,1,76754750,2026-05-08 01:45:28,2026-05-08 01:45:28
W0000366,W0000409,1,5414658,2026-03-20 16:58:37,2026-03-20 16:58:37
W0000366,W0000414,1,4209665,2026-05-13 22:56:59,2026-05-13 22:56:59
W0000366,W0000421,1,1582036,2026-06-15 12:51:46,2026-06-15 12:51:46
W0000366,W0000423,2,30368279,2026-02-26 09:08:29,2026-06-06 11:49:57
W0000366,W0000449,1,13399839,2026-05-02 10:43:39,2026-05-02 10:43:39
W0000366,W0000463,1,8494105,2026-02-12 16:31:57,2026-02-12 16:31:57
W0000366,W0000479,1,25896897,2026-01-29 05:33:06,2026-01-29 05:33:06
W0000366,W0000485,1,5034228,2026-06-26 02:12:31,2026-06-26 02:12:31
W0000366,W0000496,1,2783609,2026-02-25 01:56:19,2026-02-25 01:56:19
W0000367,W0000001,1,9517735,2026-02-13 09:14:01,2026-02-13 09:14:01
W0000367,W0000006,1,18389021,2026-02-04 19:15:09,2026-02-04 19:15:09
W0000367,W0000013,1,9784381,2026-06-22 06:24:06,2026-06-22 06:24:06
W0000367,W0000042,1,22296968,2026-01-14 13:01:39,2026-01-14 13:01:39
W0000367,W0000044,1,12128989,2026-06-28 09:33:11,2026-06-28 09:33:11
W0000367,W0000091,1,3274368,2026-01-24 14:22:03,2026-01-24 14:22:03
W0000367,W0000093,1,2790710,2026-04-28 05:00:52,2026-04-28 05:00:52
W0000367,W0000112,1,449606,2026-04-21 17:40:43,2026-04-21 17:40:43
W0000367,W0000145,1,6392388,2026-05-27 09:58:40,2026-05-27 09:58:40
W0000367,W0000162,1,1051827,2026-06-19 17:08:20,2026-06-19 17:08:20
W0000367,W0000193,1,4003385,2026-02-11 23:18:07,2026-02-11 23:18:07
W0000367,W0000225,1,24656167,2026-06-04 19:52:41,2026-06-04 19:52:41
W0000367,W0000304,1,2563466,2026-05-02 19:09:41,2026-05-02 19:09:41
W0000367,W0000333,1,19894955,2026-04-15 07:22:55,2026-04-15 07:22:55
W0000367,W0000363,1,7704480,2026-04-16 00:44:44,2026-04-16 00:44:44
W0000367,W0000368,1,21403940,2026-05-06 15:39:17,2026-05-06 15:39:17
W0000367,W0000369,1,4657086,2026-03-17 10:35:17,2026-03-17 10:35:17
W0000367,W0000389,1,6263184,2026-06-29 22:23:33,2026-06-29 22:23:33
W0000367,W0000395,1,2605477,2026-02-24 13:43:28,2026-02-24 13:43:28
W0000367,W0000397,1,11211098,2026-06-05 23:21:33,2026-06-05 23:21:33
W0000367,W0000428,1,14536619,2026-03-04 11:54:36,2026-03-04 11:54:36
W0000368,W0000044,1,16774946,2026-02-01 17:35:42,2026-02-01 17:35:42
W0000368,W0000091,1,6649507,2026-05-15 13:47:02,2026-05-15 13:47:02
W0000368,W0000102,1,1124567,2026-03-21 01:18:37,2026-03-21 01:18:37
W0000368,W0000117,1,21640161,2026-01-28 21:24:01,2026-01-28 21:24:01
W0000368,W0000129,2,47425491,2026-01-22 12:14:38,2026-02-18 18:36:34
W0000368,W0000134,1,10942446,2026-06-26 15:40:21,2026-06-26 15:40:21
W0000368,W0000232,1,17882447,2026-02-07 23:49:27,2026-02-07 23:49:27
W0000368,W0000253,1,43353103,2026-01-08 03:28:55,2026-01-08 03:28:55
W0000368,W0000255,1,14638025,2026-01-29 03:55:32,2026-01-29 03:55:32
W0000368,W0000287,1,3204526,2026-03-22 12:40:06,2026-03-22 12:40:06
W0000368,W0000339,1,8739429,2026-06-07 12:20:18,2026-06-07 12:20:18
W0000368,W0000371,1,3079516,2026-04-13 14:09:16,2026-04-13 14:09:16
W0000368,W0000378,1,44970425,2026-02-06 13:26:07,2026-02-06 13:26:07
W0000368,W0000388,1,944913,2026-04-08 14:20:58,2026-04-08 14:20:58
W0000368,W0000447,1,1000326,2026-01-06 04:57:28,2026-01-06 04:57:28
W0000368,W0000458,1,9853975,2026-04-16 05:37:58,2026-04-16 05:37:58
W0000368,W0000462,1,993024,2026-03-03 21:17:19,2026-03-03 21:17:19
W0000368,W0000478,1,41006180,2026-02-16 12:23:15,2026-02-16 12:23:15
W0000368,W0000493,1,2624550,2026-04-28 03:48:59,2026-04-28 03:48:59
W0000369,W0000056,1,13645926,2026-05-06 06:53:40,2026-05-06 06:53:40
W0000369,W0000062,1,38811303,2026-03-24 08:13:48,2026-03-24 08:13:48
W0000369,W0000079,1,23734713,2026-02-14 15:57:52,2026-02-14 15:57:52
W0000369,W0000138,1,20256932,2026-06-25 01:14:15,2026-06-25 01:14:15
W0000369,W0000150,1,41663690,2026-02-22 02:56:10,2026-02-22 02:56:10
W0000369,W0000157,1,15764563,2026-03-03 04:38:11,2026-03-03 04:38:11
W0000369,W0000169,1,8679809,2026-02-23 13:59:16,2026-02-23 13:59:16
W0000369,W0000252,1,10865811,2026-06-08 17:49:38,2026-06-08 17:49:38
W0000369,W0000314,1,7117199,2026-02-21 13:59:38,2026-02-21 13:59:38
W0000369,W0000320,1,4253536,2026-06-23 16:53:19,2026-06-23 16:53:19
W0000369,W0000323,1,20955145,2026-02-17 07:30:44,2026-02-17 07:30:44
W0000369,W0000336,1,1604385,2026-01-20 02:27:20,2026-01-20 02:27:20
W0000369,W0000379,1,9923525,2026-03-12 17:23:42,2026-03-12 17:23:42
W0000369,W0000380,1,49808566,2026-05-11 22:14:53,2026-05-11 22:14:53
W0000369,W0000422,1,15332358,2026-03-02 15:15:13,2026-03-02 15:15:13
W0000369,W0000444,1,18243932,2026-01-19 02:43:30,2026-01-19 02:43:30
W0000369,W0000447,1,23974670,2026-02-14 22:30:41,2026-02-14 22:30:41
W0000369,W0000448,1,6446010,2026-04-01 02:33:44,2026-04-01 02:33:44
W0000369,W0000458,1,8841666,2026-02-10 12:37:44,2026-02-10 12:37:44
W0000369,W0000461,1,14570876,2026-02-09 16:07:42,2026-02-09 16:07:42
W0000369,W0000475,1,6282755,2026-06-14 07:05:59,2026-06-14 07:05:59
W0000369,W0000486,1,1642923,2026-05-25 05:18:07,2026-05-25 05:18:07
W0000370,W0000012,1,4334828,2026-06-23 18:29:00,2026-06-23 18:29:00
W0000370,W0000027,1,3886910,2026-04-26 13:46:48,2026-04-26 13:46:48
W0000370,W0000033,1,10438155,2026-05-16 16:10:13,2026-05-16 16:10:13
W0000370,W0000038,1,10988870,2026-06-23 02:00:27,2026-06-23 02:00:27
W0000370,W0000048,1,6743805,2026-01-18 06:33:53,2026-01-18 06:33:53
W0000370,W0000074,1,8028357,2026-06-27 16:11:05,2026-06-27 16:11:05
W0000370,W0000082,1,1805421,2026-02-22 21:37:10,2026-02-22 21:37:10
W0000370,W0000087,1,12812837,2026-04-25 13:03:14,2026-04-25 13:03:14
W0000370,W0000101,1,14761776,2026-06-30 03:52:05,2026-06-30 03:52:05
W0000370,W0000102,1,5521770,2026-02-07 13:11:54,2026-02-07 13:11:54
W0000370,W0000111,1,9338325,2026-03-01 00:25:35,2026-03-01 00:25:35
W0000370,W0000138,1,2195546,2026-05-22 06:31:43,2026-05-22 06:31:43
W0000370,W0000235,1,4572375,2026-01-29 02:26:40,2026-01-29 02:26:40
W0000370,W0000331,1,5564040,2026-05-22 00:35:26,2026-05-22 00:35:26
W0000370,W0000359,1,6951088,2026-06-20 15:43:59,2026-06-20 15:43:59
W0000370,W0000369,1,41535062,2026-05-28 09:13:14,2026-05-28 09:13:14
W0000370,W0000415,1,13557830,2026-04-19 10:23:59,2026-04-19 10:23:59
W0000370,W0000429,1,22490060,2026-04-11 18:13:41,2026-04-11 18:13:41
W0000370,W0000447,1,27890406,2026-01-30 23:22:31,2026-01-30 23:22:31
W0000370,W0000452,1,26939795,2026-05-25 19:55:20,2026-05-25 19:55:20
W0000370,W0000489,1,51100941,2026-01-09 22:22:31,2026-01-09 22:22:31
W0000370,W0000493,1,3239354,2026-06-10 19:27:36,2026-06-10 19:27:36
W0000371,W0000040,1,24587678,2026-04-16 08:52:24,2026-04-16 08:52:24
W0000371,W0000061,1,706654,2026-06-17 07:12:34,2026-06-17 07:12:34
W0000371,W0000088,1,2224602,2026-05-21 14:35:14,2026-05-21 14:35:14
W0000371,W0000090,1,6164010,2026-05-19 09:51:14,2026-05-19 09:51:14
W0000371,W0000200,1,11356187,2026-03-26 11:54:09,2026-03-26 11:54:09
W0000371,W0000211,1,3996570,2026-06-13 07:47:31,2026-06-13 07:47:31
W0000371,W0000243,1,21216941,2026-04-24 23:38:06,2026-04-24 23:38:06
W0000371,W0000247,1,6025416,2026-03-26 18:49:40,2026-03-26 18:49:40
W0000371,W0000284,1,2139516,2026-05-10 20:40:06,2026-05-10 20:40:06
W0000371,W0000294,1,7948457,2026-02-02 21:29:18,2026-02-02 21:29:18
W0000371,W0000297,1,33319070,2026-05-15 02:19:42,2026-05-15 02:19:42
W0000371,W0000328,1,1536707,2026-04-09 16:22:48,2026-04-09 16:22:48
W0000371,W0000329,1,8816569,2026-03-01 09:49:04,2026-03-01 09:49:04
W0000371,W0000336,1,14899769,2026-06-15 07:30:02,2026-06-15 07:30:02
W0000371,W0000351,1,4617445,2026-05-31 14:35:51,2026-05-31 14:35:51
W0000371,W0000409,1,53031180,2026-01-26 09:54:06,2026-01-26 09:54:06
W0000371,W0000414,1,23364828,2026-01-15 03:45:29,2026-01-15 03:45:29
W0000371,W0000446,1,9197821,2026-06-11 10:43:25,2026-06-11 10:43:25
W0000372,W0000010,1,15531558,2026-01-10 22:30:04,2026-01-10 22:30:04
W0000372,W0000032,1,1277589,2026-06-30 14:05:01,2026-06-30 14:05:01
W0000372,W0000062,1,16769286,2026-01-07 07:22:05,2026-01-07 07:22:05
W0000372,W0000096,1,10911231,2026-06-04 18:24:30,2026-06-04 18:24:30
W0000372,W0000112,1,24057261,2026-03-21 20:41:42,2026-03-21 20:41:42
W0000372,W0000114,1,21939028,2026-03-29 07:54:37,2026-03-29 07:54:37
W0000372,W0000144,1,2002588,2026-02-10 22:37:58,2026-02-10 22:37:58
W0000372,W0000146,1,30282242,2026-04-11 12:14:04,2026-04-11 12:14:04
W0000372,W0000201,1,987188,2026-06-15 11:58:55,2026-06-15 11:58:55
W0000372,W0000243,1,15924759,2026-06-29 05:54:41,2026-06-29 05:54:41
W0000372,W0000278,1,10728138,2026-01-30 21:32:18,2026-01-30 21:32:18
W0000372,W0000280,1,27955110,2026-03-09 03:17:34,2026-03-09 03:17:34
W0000372,W0000348,1,11303815,2026-06-18 11:28:06,2026-06-18 11:28:06
W0000372,W0000364,1,20088280,2026-05-13 05:56:29,2026-05-13 05:56:29
W0000372,W0000392,1,18478703,2026-01-16 05:34:48,2026-01-16 05:34:48
W0000372,W0000418,1,11223622,2026-05-16 14:32:36,2026-05-16 14:32:36
W0000372,W0000484,1,2596207,2026-06-28 05:28:11,2026-06-28 05:28:11
W0000373,W0000034,1,43320847,2026-03-16 03:35:14,2026-03-16 03:35:14
W0000373,W0000060,1,1552127,2026-01-24 03:47:35,2026-01-24 03:47:35
W0000373,W0000061,1,24490956,2026-03-05 02:28:02,2026-03-05 02:28:02
W0000373,W0000068,1,7629652,2026-02-18 13:21:29,2026-02-18 13:21:29
W0000373,W0000071,1,19321790,2026-04-19 21:55:18,2026-04-19 21:55:18
W0000373,W0000083,1,17990163,2026-01-04 00:35:54,2026-01-04 00:35:54
W0000373,W0000095,1,20985830,2026-02-16 08:02:18,2026-02-16 08:02:18
W0000373,W0000098,1,3481498,2026-06-22 23:30:51,2026-06-22 23:30:51
W0000373,W0000158,1,30234372,2026-05-19 00:22:23,2026-05-19 00:22:23
W0000373,W0000168,1,2303408,2026-03-12 20:09:52,2026-03-12 20:09:52
W0000373,W0000170,1,27021107,2026-03-26 08:27:28,2026-03-26 08:27:28
W0000373,W0000186,1,13602841,2026-04-12 02:21:19,2026-04-12 02:21:19
W0000373,W0000268,1,11713062,2026-04-09 12:39:20,2026-04-09 12:39:20
W0000373,W0000282,1,32689222,2026-04-01 12:49:28,2026-04-01 12:49:28
W0000373,W0000295,1,8121228,2026-05-18 06:10:09,2026-05-18 06:10:09
W0000373,W0000302,1,38394770,2026-04-06 01:47:17,2026-04-06 01:47:17
W0000373,W0000371,1,44018346,2026-05-15 16:27:25,2026-05-15 16:27:25
W0000373,W0000378,1,8197400,2026-06-13 04:56:35,2026-06-13 04:56:35
W0000373,W0000400,1,4089323,2026-02-15 21:38:44,2026-02-15 21:38:44
W0000373,W0000416,1,7561197,2026-06-18 05:30:11,2026-06-18 05:30:11
W0000373,W0000437,1,1949732,2026-02-20 02:45:20,2026-02-20 02:45:20
W0000373,W0000445,1,3285900,2026-02-28 13:41:57,2026-02-28 13:41:57
W0000373,W0000477,1,112191332,2026-01-05 10:26:41,2026-01-05 10:26:41
W0000374,W0000023,1,15207595,2026-02-08 13:55:54,2026-02-08 13:55:54
W0000374,W0000060,1,11858613,2026-06-04 23:46:56,2026-06-04 23:46:56
W0000374,W0000072,1,11053832,2026-05-06 04:08:58,2026-05-06 04:08:58
W0000374,W0000076,1,3837039,2026-06-18 00:30:12,2026-06-18 00:30:12
W0000374,W0000100,1,7750984,2026-06-02 14:07:16,2026-06-02 14:07:16
W0000374,W0000101,1,6117428,2026-05-03 23:04:10,2026-05-03 23:04:10
W0000374,W0000110,1,6047891,2026-03-11 03:39:15,2026-03-11 03:39:15
W0000374,W0000114,1,1513912,2026-06-13 10:31:14,2026-06-13 10:31:14
W0000374,W0000124,1,3837039,2026-06-18 00:30:12,2026-06-18 00:30:12
W0000374,W0000133,1,3053973,2026-05-24 10:43:54,2026-05-24 10:43:54
W0000374,W0000138,1,1495332,2026-02-11 12:30:23,2026-02-11 12:30:23
W0000374,W0000162,1,11053832,2026-05-06 04:08:58,2026-05-06 04:08:58
W0000374,W0000163,1,5395325,2026-06-18 10:40:42,2026-06-18 10:40:42
W0000374,W0000167,1,3334791,2026-02-24 02:22:54,2026-02-24 02:22:54
W0000374,W0000196,2,12349552,2026-04-02 01:40:49,2026-06-07 17:12:21
W0000374,W0000209,1,3439891,2026-05-11 06:37:53,2026-05-11 06:37:53
W0000374,W0000215,1,8102564,2026-04-15 01:03:26,2026-04-15 01:03:26
W0000374,W0000222,1,12050104,2026-05-20 04:18:07,2026-05-20 04:18:07
W0000374,W0000232,1,1495332,2026-02-11 12:30:23,2026-02-11 12:30:23
W0000374,W0000234,1,8620180,2026-06-22 15:44:44,2026-06-22 15:44:44
W0000374,W0000240,1,5395325,2026-06-18 10:40:42,2026-06-18 10:40:42
W0000374,W0000247,1,3277126,2026-04-18 10:43:16,2026-04-18 10:43:16
W0000374,W0000248,1,2513274,2026-04-21 02:15:53,2026-04-21 02:15:53
W0000374,W0000283,1,8102564,2026-04-15 01:03:26,2026-04-15 01:03:26
W0000374,W0000287,1,14852821,2026-05-19 05:11:25,2026-05-19 05:11:25
W0000374,W0000300,1,8102564,2026-04-15 01:03:26,2026-04-15 01:03:26
W0000374,W0000328,1,8172268,2026-03-31 07:14:37,2026-03-31 07:14:37
W0000374,W0000330,1,21983637,2026-02-28 07:16:24,2026-02-28 07:16:24
W0000374,W0000369,1,12050104,2026-05-20 04:18:07,2026-05-20 04:18:07
W0000374,W0000402,1,8172268,2026-03-31 07:14:37,2026-03-31 07:14:37
W0000374,W0000404,1,3334791,2026-02-24 02:22:54,2026-02-24 02:22:54
W0000374,W0000407,1,11053832,2026-05-06 04:08:58,2026-05-06 04:08:58
W0000374,W0000426,1,15103072,2026-02-07 11:30:23,2026-02-07 11:30:23
W0000374,W0000439,1,8620180,2026-06-22 15:44:44,2026-06-22 15:44:44
W0000374,W0000446,1,32963891,2026-03-27 08:23:19,2026-03-27 08:23:19
W0000375,W0000041,1,837742,2026-01-15 10:29:51,2026-01-15 10:29:51
W0000375,W0000048,1,7802778,2026-01-12 17:42:05,2026-01-12 17:42:05
W0000375,W0000054,1,4221553,2026-05-13 05:45:40,2026-05-13 05:45:40
W0000375,W0000058,1,3851342,2026-06-13 21:48:42,2026-06-13 21:48:42
W0000375,W0000092,1,18403909,2026-02-17 00:08:33,2026-02-17 00:08:33
W0000375,W0000093,1,4310170,2026-01-23 06:15:22,2026-01-23 06:15:22
W0000375,W0000097,1,5543714,2026-04-26 08:28:11,2026-04-26 08:28:11
W0000375,W0000128,1,10183365,2026-04-14 21:12:42,2026-04-14 21:12:42
W0000375,W0000134,1,3465846,2026-06-04 08:48:38,2026-06-04 08:48:38
W0000375,W0000144,1,24995541,2026-06-14 23:32:15,2026-06-14 23:32:15
W0000375,W0000158,1,17636009,2026-04-19 21:29:26,2026-04-19 21:29:26
W0000375,W0000159,2,8938251,2026-01-01 08:42:05,2026-04-22 08:16:58
W0000375,W0000163,1,4477236,2026-04-07 20:17:50,2026-04-07 20:17:50
W0000375,W0000207,1,4289846,2026-04-28 12:26:46,2026-04-28 12:26:46
W0000375,W0000211,1,8746557,2026-04-22 21:59:47,2026-04-22 21:59:47
W0000375,W0000219,1,2885951,2026-04-22 08:16:58,2026-04-22 08:16:58
W0000375,W0000249,1,4310170,2026-01-23 06:15:22,2026-01-23 06:15:22
W0000375,W0000267,1,6052300,2026-01-01 08:42:05,2026-01-01 08:42:05
W0000375,W0000345,1,4289846,2026-04-28 12:26:46,2026-04-28 12:26:46
W0000375,W0000348,1,10042780,2026-01-17 08:33:05,2026-01-17 08:33:05
W0000375,W0000352,1,33988378,2026-04-23 16:12:21,2026-04-23 16:12:21
W0000375,W0000365,1,7088898,2026-04-05 14:22:02,2026-04-05 14:22:02
W0000375,W0000368,1,2308253,2026-02-06 20:59:17,2026-02-06 20:59:17
W0000375,W0000383,1,837742,2026-01-15 10:29:51,2026-01-15 10:29:51
W0000375,W0000412,1,4310170,2026-01-23 06:15:22,2026-01-23 06:15:22
W0000375,W0000413,1,837742,2026-01-15 10:29:51,2026-01-15 10:29:51
W0000375,W0000423,1,4221553,2026-05-13 05:45:40,2026-05-13 05:45:40
W0000375,W0000430,1,15442554,2026-04-20 21:26:03,2026-04-20 21:26:03
W0000375,W0000435,1,42254155,2026-01-06 05:23:37,2026-01-06 05:23:37
W0000375,W0000450,1,4636672,2026-02-11 14:21:38,2026-02-11 14:21:38
W0000376,W0000032,1,45953008,2026-01-25 16:33:00,2026-01-25 16:33:00
W0000376,W0000040,1,1951049,2026-06-23 05:30:41,2026-06-23 05:30:41
W0000376,W0000054,2,14279433,2026-02-03 18:53:21,2026-05-23 18:13:10
W0000376,W0000082,1,7073248,2026-04-17 01:57:29,2026-04-17 01:57:29
W0000376,W0000116,1,2510289,2026-03-11 05:32:04,2026-03-11 05:32:04
W0000376,W0000143,1,14519850,2026-01-19 10:30:17,2026-01-19 10:30:17
W0000376,W0000174,1,7855930,2026-03-30 09:25:09,2026-03-30 09:25:09
W0000376,W0000217,1,22685898,2026-04-06 00:17:51,2026-04-06 00:17:51
W0000376,W0000260,1,35993392,2026-04-03 11:04:43,2026-04-03 11:04:43
W0000376,W0000307,1,10941795,2026-05-30 12:24:04,2026-05-30 12:24:04
W0000376,W0000328,1,2487454,2026-05-30 07:20:15,2026-05-30 07:20:15
W0000376,W0000403,1,68811057,2026-06-25 12:02:01,2026-06-25 12:02:01
W0000376,W0000440,1,26668957,2026-01-09 20:44:27,2026-01-09 20:44:27
W0000376,W0000449,1,6250188,2026-05-26 18:32:34,2026-05-26 18:32:34
W0000376,W0000487,1,10723307,2026-05-08 17:27:55,2026-05-08 17:27:55
W0000376,W0000496,1,2936325,2026-03-18 20:29:08,2026-03-18 20:29:08
W0000377,W0000012,1,7772070,2026-04-06 18:42:34,2026-04-06 18:42:34
W0000377,W0000019,1,21328723,2026-06-02 19:30:35,2026-06-02 19:30:35
W0000377,W0000033,1,6538927,2026-05-05 08:43:38,2026-05-05 08:43:38
W0000377,W0000036,1,63934044,2026-01-22 04:36:47,2026-01-22 04:36:47
W0000377,W0000046,1,3688720,2026-01-13 16:22:21,2026-01-13 16:22:21
W0000377,W0000062,1,56837168,2026-03-08 19:18:29,2026-03-08 19:18:29
W0000377,W0000066,1,20006888,2026-01-11 13:47:22,2026-01-11 13:47:22
W0000377,W0000072,1,13186869,2026-06-29 02:45:15,2026-06-29 02:45:15
W0000377,W0000073,1,3946709,2026-05-09 22:47:39,2026-05-09 22:47:39
W0000377,W0000084,1,11948845,2026-05-12 00:58:45,2026-05-12 00:58:45
W0000377,W0000093,1,8210381,2026-03-26 03:10:36,2026-03-26 03:10:36
W0000377,W0000136,1,36158726,2026-04-28 01:03:09,2026-04-28 01:03:09
W0000377,W0000155,1,4911886,2026-06-25 15:26:16,2026-06-25 15:26:16
W0000377,W0000183,1,1280675,2026-02-21 13:28:29,2026-02-21 13:28:29
W0000377,W0000190,1,2367785,2026-02-12 06:43:50,2026-02-12 06:43:50
W0000377,W0000199,1,19647966,2026-05-03 11:02:06,2026-05-03 11:02:06
W0000377,W0000203,1,26580922,2026-04-04 00:11:49,2026-04-04 00:11:49
W0000377,W0000216,1,14110398,2026-01-26 09:33:09,2026-01-26 09:33:09
W0000377,W0000242,1,8091670,2026-06-13 23:48:03,2026-06-13 23:48:03
W0000377,W0000253,1,5216947,2026-01-03 17:34:50,2026-01-03 17:34:50
W0000377,W0000267,1,6816846,2026-06-21 12:11:07,2026-06-21 12:11:07
W0000377,W0000278,1,9336387,2026-03-27 11:04:44,2026-03-27 11:04:44
W0000377,W0000282,1,26096142,2026-05-26 21:13:22,2026-05-26 21:13:22
W0000377,W0000309,1,24649654,2026-04-05 19:18:51,2026-04-05 19:18:51
W0000377,W0000346,1,6686583,2026-05-07 00:49:19,2026-05-07 00:49:19
W0000377,W0000362,1,12674384,2026-06-19 01:47:24,2026-06-19 01:47:24
W0000377,W0000366,1,5508437,2026-02-03 04:54:56,2026-02-03 04:54:56
W0000377,W0000403,1,1905153,2026-04-28 18:28:02,2026-04-28 18:28:02
W0000377,W0000414,1,123998824,2026-06-30 03:54:55,2026-06-30 03:54:55
W0000377,W0000416,1,24626530,2026-01-12 07:56:14,2026-01-12 07:56:14
W0000377,W0000445,1,1185229,2026-06-16 08:52:42,2026-06-16 08:52:42
W0000377,W0000447,1,6498045,2026-02-16 13:10:36,2026-02-16 13:10:36
W0000377,W0000456,1,7370927,2026-04-30 02:44:40,2026-04-30 02:44:40
W0000377,W0000472,1,15021779,2026-02-08 11:12:01,2026-02-08 11:12:01
W0000377,W0000498,1,9206716,2026-05-16 20:35:41,2026-05-16 20:35:41
W0000377,W0000499,1,7423263,2026-02-09 07:32:26,2026-02-09 07:32:26
W0000378,W0000013,1,548015,2026-02-27 19:40:27,2026-02-27 19:40:27
W0000378,W0000071,1,4238546,2026-04-01 04:27:35,2026-04-01 04:27:35
W0000378,W0000086,1,2206065,2026-05-18 09:40:26,2026-05-18 09:40:26
W0000378,W0000087,2,40598349,2026-01-13 02:44:56,2026-03-05 14:29:42
W0000378,W0000141,1,11682143,2026-06-22 17:46:22,2026-06-22 17:46:22
W0000378,W0000198,1,19589700,2026-03-14 15:13:57,2026-03-14 15:13:57
W0000378,W0000215,1,4238762,2026-03-12 09:51:11,2026-03-12 09:51:11
W0000378,W0000216,1,9005544,2026-01-20 21:53:59,2026-01-20 21:53:59
W0000378,W0000247,1,16347678,2026-05-29 16:20:04,2026-05-29 16:20:04
W0000378,W0000295,1,47482055,2026-03-13 23:45:10,2026-03-13 23:45:10
W0000378,W0000337,1,4743407,2026-03-24 23:27:59,2026-03-24 23:27:59
W0000378,W0000369,1,15441586,2026-01-27 04:23:24,2026-01-27 04:23:24
W0000378,W0000380,1,10022829,2026-02-12 01:33:06,2026-02-12 01:33:06
W0000378,W0000395,1,129646483,2026-02-13 19:15:18,2026-02-13 19:15:18
W0000378,W0000412,1,62575746,2026-01-31 15:56:07,2026-01-31 15:56:07
W0000378,W0000447,1,16785957,2026-02-01 03:46:33,2026-02-01 03:46:33
W0000379,W0000052,1,11896807,2026-05-21 16:24:13,2026-05-21 16:24:13
W0000379,W0000060,1,15356643,2026-04-02 05:19:07,2026-04-02 05:19:07
W0000379,W0000067,1,3125906,2026-04-24 21:07:31,2026-04-24 21:07:31
W0000379,W0000123,1,10262746,2026-06-27 17:47:12,2026-06-27 17:47:12
W0000379,W0000156,1,8491321,2026-01-18 12:59:59,2026-01-18 12:59:59
W0000379,W0000226,1,7743215,2026-02-27 10:44:57,2026-02-27 10:44:57
W0000379,W0000286,1,34155904,2026-01-13 23:09:55,2026-01-13 23:09:55
W0000379,W0000291,1,9661400,2026-01-16 17:03:24,2026-01-16 17:03:24
W0000379,W0000307,1,8511687,2026-03-22 09:47:14,2026-03-22 09:47:14
W0000379,W0000340,1,5801587,2026-03-02 01:38:56,2026-03-02 01:38:56
W0000379,W0000357,1,2322322,2026-04-02 10:26:16,2026-04-02 10:26:16
W0000379,W0000437,1,32654704,2026-01-09 21:51:31,2026-01-09 21:51:31
W0000379,W0000438,1,5689195,2026-05-31 01:03:24,2026-05-31 01:03:24
W0000379,W0000477,1,42954307,2026-03-31 18:17:43,2026-03-31 18:17:43
W0000379,W0000487,1,4688288,2026-01-29 16:13:30,2026-01-29 16:13:30
W0000379,W0000488,1,17779154,2026-03-21 09:29:39,2026-03-21 09:29:39
W0000379,W0000492,1,26789379,2026-02-26 22:35:47,2026-02-26 22:35:47
W0000379,W0000498,1,16726008,2026-01-01 11:27:07,2026-01-01 11:27:07
W0000380,W0000008,1,4719157,2026-04-05 00:14:55,2026-04-05 00:14:55
W0000380,W0000020,1,36077572,2026-05-01 23:36:08,2026-05-01 23:36:08
W0000380,W0000024,1,47718824,2026-06-01 05:45:05,2026-06-01 05:45:05
W0000380,W0000037,1,30369561,2026-06-24 02:53:45,2026-06-24 02:53:45
W0000380,W0000045,1,2491020,2026-06-27 23:12:09,2026-06-27 23:12:09
W0000380,W0000090,1,5911240,2026-05-18 11:03:21,2026-05-18 11:03:21
W0000380,W0000114,1,5995366,2026-03-31 20:48:00,2026-03-31 20:48:00
W0000380,W0000136,1,10181419,2026-06-10 01:14:18,2026-06-10 01:14:18
W0000380,W0000141,1,4786653,2026-04-15 01:54:41,2026-04-15 01:54:41
W0000380,W0000225,1,6233205,2026-02-12 04:32:52,2026-02-12 04:32:52
W0000380,W0000235,1,15653008,2026-04-07 02:08:00,2026-04-07 02:08:00
W0000380,W0000240,1,11220233,2026-06-20 15:47:23,2026-06-20 15:47:23
W0000380,W0000244,1,19068349,2026-05-16 13:40:44,2026-05-16 13:40:44
W0000380,W0000250,1,8820305,2026-03-19 04:10:22,2026-03-19 04:10:22
W0000380,W0000278,1,3238307,2026-04-15 03:01:44,2026-04-15 03:01:44
W0000380,W0000281,1,1365671,2026-03-24 04:33:11,2026-03-24 04:33:11
W0000380,W0000304,1,925079,2026-01-28 20:34:06,2026-01-28 20:34:06
W0000380,W0000385,1,17067389,2026-03-22 14:38:09,2026-03-22 14:38:09
W0000380,W0000398,2,53588745,2026-02-22 00:55:33,2026-05-17 02:29:03
W0000380,W0000404,1,5169553,2026-02-28 15:11:48,2026-02-28 15:11:48
W0000380,W0000435,1,961765,2026-03-23 10:53:31,2026-03-23 10:53:31
W0000380,W0000460,1,12284641,2026-01-23 07:30:26,2026-01-23 07:30:26
W0000380,W0000468,1,4161276,2026-01-13 16:28:35,2026-01-13 16:28:35
W0000381,W0000008,1,26794092,2026-05-04 03:24:59,2026-05-04 03:24:59
W0000381,W0000030,1,29039827,2026-03-24 11:50:51,2026-03-24 11:50:51
W0000381,W0000057,1,6199307,2026-01-20 22:45:54,2026-01-20 22:45:54
W0000381,W0000070,1,23318395,2026-02-18 03:55:46,2026-02-18 03:55:46
W0000381,W0000087,1,15708955,2026-04-15 14:53:13,2026-04-15 14:53:13
W0000381,W0000094,1,50118406,2026-02-14 04:29:15,2026-02-14 04:29:15
W0000381,W0000106,1,131972140,2026-05-07 00:26:10,2026-05-07 00:26:10
W0000381,W0000132,1,7215920,2026-05-20 09:39:32,2026-05-20 09:39:32
W0000381,W0000144,1,11362069,2026-05-18 17:06:04,2026-05-18 17:06:04
W0000381,W0000236,1,5087696,2026-01-12 12:49:28,2026-01-12 12:49:28
W0000381,W0000258,1,11122481,2026-01-12 03:01:03,2026-01-12 03:01:03
W0000381,W0000259,1,12416409,2026-05-10 16:11:46,2026-05-10 16:11:46
W0000381,W0000280,1,2491845,2026-06-18 22:54:29,2026-06-18 22:54:29
W0000381,W0000297,1,3007824,2026-01-21 07:29:36,2026-01-21 07:29:36
W0000381,W0000317,1,6561627,2026-02-20 09:41:07,2026-02-20 09:41:07
W0000381,W0000368,1,20312473,2026-01-19 09:29:26,2026-01-19 09:29:26
W0000381,W0000376,1,1648028,2026-01-30 05:24:36,2026-01-30 05:24:36
W0000381,W0000397,1,4063280,2026-03-22 19:07:57,2026-03-22 19:07:57
W0000381,W0000406,1,17487992,2026-04-18 04:46:25,2026-04-18 04:46:25
W0000381,W0000413,1,5355181,2026-02-16 09:55:40,2026-02-16 09:55:40
W0000381,W0000416,1,5325225,2026-01-02 03:14:09,2026-01-02 03:14:09
W0000381,W0000430,1,21197747,2026-01-23 14:34:54,2026-01-23 14:34:54
W0000381,W0000474,1,88017673,2026-06-20 01:54:07,2026-06-20 01:54:07
W0000381,W0000476,1,3696862,2026-01-17 15:31:23,2026-01-17 15:31:23
W0000381,W0000485,1,11649834,2026-06-18 17:11:40,2026-06-18 17:11:40
W0000381,W0000488,1,30507720,2026-05-16 23:16:09,2026-05-16 23:16:09
W0000381,W0000489,1,13706473,2026-06-18 23:46:57,2026-06-18 23:46:57
W0000382,W0000012,1,11041676,2026-01-26 12:27:50,2026-01-26 12:27:50
W0000382,W0000020,1,76699371,2026-01-16 06:31:21,2026-01-16 06:31:21
W0000382,W0000029,1,27229636,2026-06-22 14:10:04,2026-06-22 14:10:04
W0000382,W0000069,1,5732455,2026-03-07 18:29:54,2026-03-07 18:29:54
W0000382,W0000151,1,10952843,2026-04-15 02:25:49,2026-04-15 02:25:49
W0000382,W0000164,1,19388557,2026-06-07 10:23:58,2026-06-07 10:23:58
W0000382,W0000185,1,6921016,2026-02-08 16:42:29,2026-02-08 16:42:29
W0000382,W0000202,1,15746668,2026-02-09 02:31:07,2026-02-09 02:31:07
W0000382,W0000217,1,16744578,2026-06-27 18:30:27,2026-06-27 18:30:27
W0000382,W0000230,2,103124124,2026-04-10 15:51:44,2026-06-14 10:36:22
W0000382,W0000242,1,53410914,2026-04-11 15:05:28,2026-04-11 15:05:28
W0000382,W0000265,1,9963324,2026-05-01 02:13:56,2026-05-01 02:13:56
W0000382,W0000310,1,5951099,2026-06-08 13:26:23,2026-06-08 13:26:23
W0000382,W0000458,1,28960444,2026-05-20 07:53:40,2026-05-20 07:53:40
W0000383,W0000005,1,1305321,2026-04-16 19:47:43,2026-04-16 19:47:43
W0000383,W0000024,1,24102657,2026-01-28 03:28:04,2026-01-28 03:28:04
W0000383,W0000026,1,3258524,2026-04-08 15:27:09,2026-04-08 15:27:09
W0000383,W0000068,1,66368,2026-03-15 15:42:53,2026-03-15 15:42:53
W0000383,W0000096,1,12057153,2026-05-02 02:11:06,2026-05-02 02:11:06
W0000383,W0000132,1,15876160,2026-05-06 21:08:09,2026-05-06 21:08:09
W0000383,W0000152,1,27841252,2026-02-09 09:38:25,2026-02-09 09:38:25
W0000383,W0000176,1,3943827,2026-01-15 23:34:54,2026-01-15 23:34:54
W0000383,W0000207,1,1083382,2026-03-10 17:55:48,2026-03-10 17:55:48
W0000383,W0000209,1,4628867,2026-06-20 04:31:09,2026-06-20 04:31:09
W0000383,W0000221,1,14011207,2026-06-20 06:49:11,2026-06-20 06:49:11
W0000383,W0000237,1,1993591,2026-01-18 18:24:09,2026-01-18 18:24:09
W0000383,W0000238,1,13060072,2026-05-08 15:07:33,2026-05-08 15:07:33
W0000383,W0000254,1,7942124,2026-04-08 16:54:06,2026-04-08 16:54:06
W0000383,W0000288,1,3931548,2026-04-04 22:49:36,2026-04-04 22:49:36
W0000383,W0000309,1,815971,2026-02-16 12:28:34,2026-02-16 12:28:34
W0000383,W0000324,1,9605531,2026-05-31 03:33:06,2026-05-31 03:33:06
W0000383,W0000338,1,7902173,2026-02-05 11:14:21,2026-02-05 11:14:21
W0000383,W0000417,1,21468902,2026-03-18 20:13:55,2026-03-18 20:13:55
W0000383,W0000477,1,6560750,2026-02-20 17:20:55,2026-02-20 17:20:55
W0000384,W0000003,1,18979770,2026-05-01 07:48:54,2026-05-01 07:48:54
W0000384,W0000019,1,21847923,2026-03-14 21:57:34,2026-03-14 21:57:34
W0000384,W0000053,1,30583621,2026-04-03 09:30:09,2026-04-03 09:30:09
W0000384,W0000087,1,6402247,2026-06-20 22:43:11,2026-06-20 22:43:11
W0000384,W0000179,1,23120930,2026-05-01 11:44:31,2026-05-01 11:44:31
W0000384,W0000192,2,22380768,2026-01-18 16:26:38,2026-04-09 04:34:19
W0000384,W0000194,1,10992604,2026-06-20 13:01:11,2026-06-20 13:01:11
W0000384,W0000211,1,7749409,2026-01-20 08:03:40,2026-01-20 08:03:40
W0000384,W0000212,1,5859919,2026-01-22 02:21:33,2026-01-22 02:21:33
W0000384,W0000213,1,10737857,2026-05-31 09:16:37,2026-05-31 09:16:37
W0000384,W0000218,1,4929262,2026-01-19 07:24:15,2026-01-19 07:24:15
W0000384,W0000278,1,12733794,2026-04-22 19:42:30,2026-04-22 19:42:30
W0000384,W0000288,1,5035190,2026-05-21 15:57:16,2026-05-21 15:57:16
W0000384,W0000297,1,3214663,2026-02-15 21:28:27,2026-02-15 21:28:27
W0000384,W0000329,1,46809304,2026-04-30 14:06:47,2026-04-30 14:06:47
W0000384,W0000337,1,3645895,2026-01-16 13:57:54,2026-01-16 13:57:54
W0000384,W0000365,1,6344268,2026-06-13 15:22:32,2026-06-13 15:22:32
W0000384,W0000394,1,6346612,2026-02-08 14:07:59,2026-02-08 14:07:59
W0000384,W0000430,1,10237485,2026-02-07 21:30:22,2026-02-07 21:30:22
W0000384,W0000478,1,841281,2026-02-28 02:48:48,2026-02-28 02:48:48
W0000385,W0000005,1,3365669,2026-02-12 03:44:53,2026-02-12 03:44:53
W0000385,W0000015,1,80238197,2026-04-14 17:22:56,2026-04-14 17:22:56
W0000385,W0000016,1,7852107,2026-04-24 14:00:12,2026-04-24 14:00:12
W0000385,W0000049,1,47113188,2026-01-13 02:49:01,2026-01-13 02:49:01
W0000385,W0000071,1,21170368,2026-02-24 21:22:26,2026-02-24 21:22:26
W0000385,W0000080,1,7852107,2026-04-24 14:00:12,2026-04-24 14:00:12
W0000385,W0000131,1,80238197,2026-04-14 17:22:56,2026-04-14 17:22:56
W0000385,W0000134,1,14843234,2026-05-06 21:31:49,2026-05-06 21:31:49
W0000385,W0000188,1,4433563,2026-03-29 10:50:33,2026-03-29 10:50:33
W0000385,W0000192,1,49970060,2026-03-04 11:48:16,2026-03-04 11:48:16
W0000385,W0000200,1,31615121,2026-02-22 17:15:16,2026-02-22 17:15:16
W0000385,W0000206,1,31615121,2026-02-22 17:15:16,2026-02-22 17:15:16
W0000385,W0000219,1,80238197,2026-04-14 17:22:56,2026-04-14 17:22:56
W0000385,W0000250,1,47113188,2026-01-13 02:49:01,2026-01-13 02:49:01
W0000385,W0000256,1,49970060,2026-03-04 11:48:16,2026-03-04 11:48:16
W0000385,W0000266,1,49970060,2026-03-04 11:48:16,2026-03-04 11:48:16
W0000385,W0000316,1,14843234,2026-05-06 21:31:49,2026-05-06 21:31:49
W0000385,W0000325,1,4433563,2026-03-29 10:50:33,2026-03-29 10:50:33
W0000385,W0000330,1,16905798,2026-06-12 00:20:58,2026-06-12 00:20:58
W0000385,W0000331,1,3365669,2026-02-12 03:44:53,2026-02-12 03:44:53
W0000385,W0000337,1,21170368,2026-02-24 21:22:26,2026-02-24 21:22:26
W0000385,W0000387,1,14843234,2026-05-06 21:31:49,2026-05-06 21:31:49
W0000385,W0000392,1,21170368,2026-02-24 21:22:26,2026-02-24 21:22:26
W0000385,W0000431,1,35433913,2026-01-31 11:10:01,2026-01-31 11:10:01
W0000385,W0000433,1,47113188,2026-01-13 02:49:01,2026-01-13 02:49:01
W0000385,W0000442,1,20684171,2026-01-30 12:28:56,2026-01-30 12:28:56
W0000385,W0000470,1,3365669,2026-02-12 03:44:53,2026-02-12 03:44:53
W0000386,W0000022,1,8852181,2026-06-26 05:30:14,2026-06-26 05:30:14
W0000386,W0000075,1,38939366,2026-02-12 01:51:10,2026-02-12 01:51:10
W0000386,W0000112,1,3299186,2026-05-04 19:11:07,2026-05-04 19:11:07
W0000386,W0000122,1,4314970,2026-02-23 02:19:03,2026-02-23 02:19:03
W0000386,W0000125,1,14546748,2026-03-27 15:24:32,2026-03-27 15:24:32
W0000386,W0000166,1,6827284,2026-06-10 13:16:11,2026-06-10 13:16:11
W0000386,W0000197,1,39175630,2026-05-05 19:14:50,2026-05-05 19:14:50
W0000386,W0000244,1,5209612,2026-03-23 12:50:11,2026-03-23 12:50:11
W0000386,W0000249,1,15860248,2026-05-29 14:10:44,2026-05-29 14:10:44
W0000386,W0000284,1,6490654,2026-06-01 05:00:49,2026-06-01 05:00:49
W0000386,W0000310,1,2392273,2026-02-05 06:31:12,2026-02-05 06:31:12
W0000386,W0000361,1,29765677,2026-04-03 03:23:07,2026-04-03 03:23:07
W0000386,W0000385,1,22922138,2026-02-28 02:09:50,2026-02-28 02:09:50
W0000386,W0000409,1,9362475,2026-01-20 18:11:56,2026-01-20 18:11:56
W0000386,W0000439,1,6857559,2026-03-29 12:32:57,2026-03-29 12:32:57
W0000386,W0000445,1,13620031,2026-06-15 00:24:01,2026-06-15 00:24:01
W0000386,W0000447,1,47298560,2026-03-18 15:06:13,2026-03-18 15:06:13
W0000386,W0000452,1,9404168,2026-05-17 05:31:06,2026-05-17 05:31:06
W0000386,W0000466,1,5490181,2026-06-19 15:44:38,2026-06-19 15:44:38
W0000386,W0000479,1,1767907,2026-04-03 12:16:28,2026-04-03 12:16:28
W0000386,W0000481,1,22493661,2026-05-30 23:22:49,2026-05-30 23:22:49
W0000387,W0000003,1,21033706,2026-03-04 15:29:11,2026-03-04 15:29:11
W0000387,W0000008,1,16969422,2026-04-25 19:44:08,2026-04-25 19:44:08
W0000387,W0000031,1,12456883,2026-04-26 01:50:56,2026-04-26 01:50:56
W0000387,W0000052,1,13776669,2026-05-24 10:28:58,2026-05-24 10:28:58
W0000387,W0000057,1,39963353,2026-05-12 17:58:30,2026-05-12 17:58:30
W0000387,W0000068,1,1601345,2026-03-16 10:56:51,2026-03-16 10:56:51
W0000387,W0000076,1,20011846,2026-03-29 23:00:49,2026-03-29 23:00:49
W0000387,W0000083,1,15415716,2026-01-21 00:40:12,2026-01-21 00:40:12
W0000387,W0000088,1,33522550,2026-01-12 21:20:56,2026-01-12 21:20:56
W0000387,W0000094,1,14733852,2026-04-19 08:28:35,2026-04-19 08:28:35
W0000387,W0000105,1,1601345,2026-03-16 10:56:51,2026-03-16 10:56:51
W0000387,W0000122,1,77297660,2026-03-19 05:24:10,2026-03-19 05:24:10
W0000387,W0000125,1,18985132,2026-02-07 10:52:32,2026-02-07 10:52:32
W0000387,W0000135,1,11749626,2026-03-08 04:54:57,2026-03-08 04:54:57
W0000387,W0000136,1,4810478,2026-02-28 16:19:45,2026-02-28 16:19:45
W0000387,W0000139,1,12456883,2026-04-26 01:50:56,2026-04-26 01:50:56
W0000387,W0000159,1,14907118,2026-06-08 03:55:46,2026-06-08 03:55:46
W0000387,W0000174,1,14733852,2026-04-19 08:28:35,2026-04-19 08:28:35
W0000387,W0000175,1,4810478,2026-02-28 16:19:45,2026-02-28 16:19:45
W0000387,W0000186,1,28895268,2026-03-27 18:53:27,2026-03-27 18:53:27
W0000387,W0000187,1,16969422,2026-04-25 19:44:08,2026-04-25 19:44:08
W0000387,W0000189,1,18985132,2026-02-07 10:52:32,2026-02-07 10:52:32
W0000387,W0000193,1,6590131,2026-01-15 22:14:56,2026-01-15 22:14:56
W0000387,W0000242,1,77297660,2026-03-19 05:24:10,2026-03-19 05:24:10
W0000387,W0000246,1,18985132,2026-02-07 10:52:32,2026-02-07 10:52:32
W0000387,W0000252,1,10767031,2026-03-10 07:28:14,2026-03-10 07:28:14
W0000387,W0000261,1,77297660,2026-03-19 05:24:10,2026-03-19 05:24:10
W0000387,W0000295,1,40451017,2026-02-24 05:33:32,2026-02-24 05:33:32
W0000387,W0000298,1,14659897,2026-03-04 03:11:40,2026-03-04 03:11:40
W0000387,W0000315,1,14733852,2026-04-19 08:28:35,2026-04-19 08:28:35
W0000387,W0000329,1,19402714,2026-04-04 10:20:31,2026-04-04 10:20:31
W0000387,W0000347,2,34703660,2026-01-17 23:13:09,2026-04-26 01:50:56
W0000387,W0000361,1,18985132,2026-02-07 10:52:32,2026-02-07 10:52:32
W0000387,W0000378,1,8114554,2026-01-28 11:03:38,2026-01-28 11:03:38
W0000387,W0000381,1,3444192,2026-05-03 21:26:03,2026-05-03 21:26:03
W0000387,W0000386,2,31152340,2026-03-08 04:54:57,2026-04-04 10:20:31
W0000387,W0000416,1,11749626,2026-03-08 04:54:57,2026-03-08 04:54:57
W0000387,W0000446,1,4810478,2026-02-28 16:19:45,2026-02-28 16:19:45
W0000387,W0000452,1,14733852,2026-04-19 08:28:35,2026-04-19 08:28:35
W0000387,W0000453,1,3444192,2026-05-03 21:26:03,2026-05-03 21:26:03
W0000387,W0000457,1,10305763,2026-03-14 19:31:41,2026-03-14 19:31:41
W0000387,W0000459,1,22246777,2026-01-17 23:13:09,2026-01-17 23:13:09
W0000387,W0000466,1,11749626,2026-03-08 04:54:57,2026-03-08 04:54:57
W0000387,W0000485,1,9858958,2026-06-16 00:06:04,2026-06-16 00:06:04
W0000388,W0000082,1,25876383,2026-03-24 07:34:20,2026-03-24 07:34:20
W0000388,W0000101,1,31650366,2026-06-03 23:54:18,2026-06-03 23:54:18
W0000388,W0000120,1,6037241,2026-01-01 20:10:58,2026-01-01 20:10:58
W0000388,W0000125,1,46729998,2026-02-04 10:19:34,2026-02-04 10:19:34
W0000388,W0000128,1,9411193,2026-05-27 16:50:36,2026-05-27 16:50:36
W0000388,W0000134,1,16348941,2026-04-08 06:49:07,2026-04-08 06:49:07
W0000388,W0000151,1,14133045,2026-04-13 20:06:39,2026-04-13 20:06:39
W0000388,W0000157,1,11792914,2026-04-27 15:44:46,2026-04-27 15:44:46
W0000388,W0000254,1,8598176,2026-04-22 17:54:48,2026-04-22 17:54:48
W0000388,W0000263,1,8125691,2026-01-09 15:25:50,2026-01-09 15:25:50
W0000388,W0000265,1,1738454,2026-02-02 19:16:27,2026-02-02 19:16:27
W0000388,W0000267,1,31121938,2026-06-22 06:46:37,2026-06-22 06:46:37
W0000388,W0000353,1,7923597,2026-04-19 18:39:49,2026-04-19 18:39:49
W0000388,W0000355,1,7170141,2026-06-11 16:05:42,2026-06-11 16:05:42
W0000388,W0000398,1,53598806,2026-02-14 09:00:38,2026-02-14 09:00:38
W0000388,W0000429,1,8578159,2026-04-13 01:07:50,2026-04-13 01:07:50
W0000388,W0000459,1,2911302,2026-05-09 11:26:48,2026-05-09 11:26:48
W0000388,W0000477,1,5160008,2026-06-25 09:38:29,2026-06-25 09:38:29
W0000388,W0000480,1,1710252,2026-01-07 15:06:31,2026-01-07 15:06:31
W0000389,W0000006,1,2399248,2026-02-20 01:32:00,2026-02-20 01:32:00
W0000389,W0000061,1,3021784,2026-03-25 20:10:38,2026-03-25 20:10:38
W0000389,W0000075,1,17894066,2026-04-05 05:00:36,2026-04-05 05:00:36
W0000389,W0000171,1,11443269,2026-04-16 12:07:05,2026-04-16 12:07:05
W0000389,W0000176,1,15915883,2026-03-09 03:10:06,2026-03-09 03:10:06
W0000389,W0000192,1,65544898,2026-04-11 01:19:51,2026-04-11 01:19:51
W0000389,W0000232,1,3982888,2026-05-03 04:10:37,2026-05-03 04:10:37
W0000389,W0000260,1,15180480,2026-02-06 23:41:18,2026-02-06 23:41:18
W0000389,W0000274,1,2833794,2026-06-29 04:29:06,2026-06-29 04:29:06
W0000389,W0000278,1,2402021,2026-02-15 14:06:31,2026-02-15 14:06:31
W0000389,W0000299,1,180537,2026-05-19 21:36:22,2026-05-19 21:36:22
W0000389,W0000321,1,538223,2026-01-30 05:36:13,2026-01-30 05:36:13
W0000389,W0000331,1,62287530,2026-05-21 17:08:13,2026-05-21 17:08:13
W0000389,W0000340,1,8896413,2026-03-15 09:37:52,2026-03-15 09:37:52
W0000389,W0000366,1,915523,2026-01-09 12:05:28,2026-01-09 12:05:28
W0000389,W0000384,1,7215358,2026-03-31 07:48:39,2026-03-31 07:48:39
W0000389,W0000402,1,7200537,2026-04-06 13:14:55,2026-04-06 13:14:55
W0000389,W0000413,1,9264940,2026-06-02 22:40:00,2026-06-02 22:40:00
W0000389,W0000439,1,7977656,2026-04-11 10:13:41,2026-04-11 10:13:41
W0000389,W0000440,1,21872828,2026-06-25 05:26:56,2026-06-25 05:26:56
W0000389,W0000473,1,1773069,2026-03-13 15:04:30,2026-03-13 15:04:30
W0000389,W0000496,1,2652960,2026-05-29 12:41:37,2026-05-29 12:41:37
W0000390,W0000047,1,19116804,2026-03-23 12:22:51,2026-03-23 12:22:51
W0000390,W0000051,1,14786345,2026-05-27 00:52:03,2026-05-27 00:52:03
W0000390,W0000068,1,6713804,2026-02-27 00:28:48,2026-02-27 00:28:48
W0000390,W0000074,1,7363542,2026-03-14 01:59:26,2026-03-14 01:59:26
W0000390,W0000078,1,4011223,2026-05-12 16:38:50,2026-05-12 16:38:50
W0000390,W0000145,1,8183053,2026-03-19 16:58:21,2026-03-19 16:58:21
W0000390,W0000149,1,34186956,2026-02-17 06:39:30,2026-02-17 06:39:30
W0000390,W0000200,1,7240322,2026-02-25 06:50:39,2026-02-25 06:50:39
W0000390,W0000202,1,12748454,2026-04-23 02:59:52,2026-04-23 02:59:52
W0000390,W0000282,1,17564030,2026-01-24 05:14:50,2026-01-24 05:14:50
W0000390,W0000291,1,15146929,2026-03-05 19:35:38,2026-03-05 19:35:38
W0000390,W0000316,1,37443454,2026-06-17 17:09:53,2026-06-17 17:09:53
W0000390,W0000327,1,683844,2026-04-04 10:00:54,2026-04-04 10:00:54
W0000390,W0000338,1,22269783,2026-05-05 04:29:03,2026-05-05 04:29:03
W0000390,W0000369,1,10694994,2026-06-19 15:16:12,2026-06-19 15:16:12
W0000390,W0000372,1,4834115,2026-04-13 11:59:36,2026-04-13 11:59:36
W0000390,W0000389,1,10204666,2026-03-17 14:27:32,2026-03-17 14:27:32
W0000390,W0000402,1,48826077,2026-05-31 13:37:19,2026-05-31 13:37:19
W0000390,W0000422,1,12139197,2026-02-16 12:42:00,2026-02-16 12:42:00
W0000390,W0000445,1,30581003,2026-06-24 11:39:02,2026-06-24 11:39:02
W0000390,W0000474,1,2109824,2026-03-11 20:51:46,2026-03-11 20:51:46
W0000391,W0000030,1,4365016,2026-05-21 00:36:39,2026-05-21 00:36:39
W0000391,W0000032,1,6675467,2026-05-19 10:00:43,2026-05-19 10:00:43
W0000391,W0000033,1,13571527,2026-03-24 19:42:06,2026-03-24 19:42:06
W0000391,W0000059,1,52831901,2026-02-11 23:23:36,2026-02-11 23:23:36
W0000391,W0000086,1,9992776,2026-02-19 23:14:09,2026-02-19 23:14:09
W0000391,W0000109,1,7480392,2026-02-20 08:41:32,2026-02-20 08:41:32
W0000391,W0000113,1,5458305,2026-02-24 03:52:08,2026-02-24 03:52:08
W0000391,W0000203,1,3997412,2026-06-23 22:35:18,2026-06-23 22:35:18
W0000391,W0000251,1,8729434,2026-03-22 02:33:59,2026-03-22 02:33:59
W0000391,W0000280,1,421125,2026-03-03 08:37:21,2026-03-03 08:37:21
W0000391,W0000294,1,24111339,2026-03-09 23:09:13,2026-03-09 23:09:13
W0000391,W0000310,1,21598940,2026-05-27 02:40:50,2026-05-27 02:40:50
W0000391,W0000313,1,8851392,2026-06-18 11:52:07,2026-06-18 11:52:07
W0000391,W0000329,1,31877322,2026-03-28 02:25:00,2026-03-28 02:25:00
W0000391,W0000344,1,5311152,2026-01-27 15:21:58,2026-01-27 15:21:58
W0000391,W0000486,1,13216206,2026-06-23 12:14:39,2026-06-23 12:14:39
W0000392,W0000021,1,5190507,2026-06-26 14:38:14,2026-06-26 14:38:14
W0000392,W0000038,1,61667257,2026-05-26 09:32:27,2026-05-26 09:32:27
W0000392,W0000065,1,2512965,2026-03-02 14:53:40,2026-03-02 14:53:40
W0000392,W0000086,1,39402943,2026-03-12 13:15:38,2026-03-12 13:15:38
W0000392,W0000107,1,7367471,2026-01-24 04:21:05,2026-01-24 04:21:05
W0000392,W0000129,1,1913237,2026-03-09 07:52:26,2026-03-09 07:52:26
W0000392,W0000163,1,35811366,2026-06-23 20:45:55,2026-06-23 20:45:55
W0000392,W0000201,1,20398437,2026-02-16 17:31:26,2026-02-16 17:31:26
W0000392,W0000221,1,35195880,2026-01-24 03:12:18,2026-01-24 03:12:18
W0000392,W0000233,1,21300758,2026-05-03 12:57:05,2026-05-03 12:57:05
W0000392,W0000245,1,8447617,2026-02-27 23:38:08,2026-02-27 23:38:08
W0000392,W0000282,1,4492101,2026-04-27 17:14:45,2026-04-27 17:14:45
W0000392,W0000299,1,4915917,2026-05-24 23:10:20,2026-05-24 23:10:20
W0000392,W0000300,1,19446660,2026-03-25 07:26:18,2026-03-25 07:26:18
W0000392,W0000340,1,12025730,2026-06-26 00:48:46,2026-06-26 00:48:46
W0000392,W0000346,1,11072857,2026-04-18 12:49:12,2026-04-18 12:49:12
W0000392,W0000433,1,3731624,2026-02-12 06:40:31,2026-02-12 06:40:31
W0000392,W0000458,1,6076870,2026-04-03 13:05:44,2026-04-03 13:05:44
W0000392,W0000478,1,7799470,2026-01-20 14:40:21,2026-01-20 14:40:21
W0000392,W0000498,2,18957982,2026-02-18 00:57:00,2026-05-25 18:35:14
W0000393,W0000033,1,1797574,2026-04-11 17:04:46,2026-04-11 17:04:46
W0000393,W0000069,1,13805109,2026-04-05 12:45:58,2026-04-05 12:45:58
W0000393,W0000129,1,24218079,2026-04-24 18:18:25,2026-04-24 18:18:25
W0000393,W0000188,1,29097014,2026-03-04 18:46:57,2026-03-04 18:46:57
W0000393,W0000190,1,44401645,2026-03-03 02:35:38,2026-03-03 02:35:38
W0000393,W0000194,1,8870490,2026-06-24 09:42:07,2026-06-24 09:42:07
W0000393,W0000199,1,18553301,2026-05-10 15:34:36,2026-05-10 15:34:36
W0000393,W0000249,1,14816958,2026-02-04 02:21:17,2026-02-04 02:21:17
W0000393,W0000257,1,41331858,2026-04-01 17:37:44,2026-04-01 17:37:44
W0000393,W0000329,1,5536285,2026-03-03 03:21:45,2026-03-03 03:21:45
W0000393,W0000331,1,15072496,2026-02-27 19:12:58,2026-02-27 19:12:58
W0000393,W0000363,1,9801802,2026-01-17 20:57:32,2026-01-17 20:57:32
W0000393,W0000415,1,45465863,2026-06-01 13:28:50,2026-06-01 13:28:50
W0000393,W0000430,1,5181820,2026-05-02 05:56:21,2026-05-02 05:56:21
W0000393,W0000431,1,1307460,2026-01-19 20:49:00,2026-01-19 20:49:00
W0000393,W0000456,1,12798774,2026-02-18 12:20:47,2026-02-18 12:20:47
W0000394,W0000012,2,119492923,2026-04-12 17:55:49,2026-04-27 03:53:01
W0000394,W0000034,1,36063903,2026-05-29 09:11:02,2026-05-29 09:11:02
W0000394,W0000060,1,3307905,2026-03-05 18:28:15,2026-03-05 18:28:15
W0000394,W0000095,1,3991272,2026-03-14 05:49:45,2026-03-14 05:49:45
W0000394,W0000114,1,20742308,2026-04-09 08:05:48,2026-04-09 08:05:48
W0000394,W0000119,1,2270800,2026-05-26 06:48:36,2026-05-26 06:48:36
W0000394,W0000125,1,20754140,2026-06-15 16:38:14,2026-06-15 16:38:14
W0000394,W0000127,1,20055271,2026-01-15 07:10:08,2026-01-15 07:10:08
W0000394,W0000155,1,23369748,2026-05-29 09:56:18,2026-05-29 09:56:18
W0000394,W0000163,1,7824541,2026-01-30 15:40:57,2026-01-30 15:40:57
W0000394,W0000206,1,8371151,2026-04-05 14:07:50,2026-04-05 14:07:50
W0000394,W0000235,1,31616553,2026-01-31 07:15:39,2026-01-31 07:15:39
W0000394,W0000252,1,5509319,2026-06-06 23:20:46,2026-06-06 23:20:46
W0000394,W0000254,1,2585301,2026-05-04 06:24:04,2026-05-04 06:24:04
W0000394,W0000281,1,1636900,2026-06-09 11:34:03,2026-06-09 11:34:03
W0000394,W0000295,1,8631739,2026-06-01 19:05:35,2026-06-01 19:05:35
W0000394,W0000305,1,37477325,2026-05-31 05:01:37,2026-05-31 05:01:37
W0000394,W0000306,1,6914375,2026-01-05 18:35:12,2026-01-05 18:35:12
W0000394,W0000322,1,113759772,2026-04-06 18:17:35,2026-04-06 18:17:35
W0000394,W0000390,1,4323309,2026-01-30 17:49:49,2026-01-30 17:49:49
W0000394,W0000395,1,6299750,2026-03-11 06:39:55,2026-03-11 06:39:55
W0000394,W0000411,1,1795606,2026-03-25 04:14:07,2026-03-25 04:14:07
W0000395,W0000040,1,18781618,2026-03-13 01:26:16,2026-03-13 01:26:16
W0000395,W0000089,1,20220339,2026-05-13 23:41:35,2026-05-13 23:41:35
W0000395,W0000094,1,77427815,2026-04-13 02:55:02,2026-04-13 02:55:02
W0000395,W0000100,1,6106128,2026-04-29 20:30:37,2026-04-29 20:30:37
W0000395,W0000130,1,12738903,2026-02-09 21:40:16,2026-02-09 21:40:16
W0000395,W0000146,1,9811137,2026-02-27 19:28:02,2026-02-27 19:28:02
W0000395,W0000172,1,10077650,2026-02-22 19:31:17,2026-02-22 19:31:17
W0000395,W0000174,1,2017019,2026-03-08 06:25:13,2026-03-08 06:25:13
W0000395,W0000176,1,21617420,2026-04-18 05:02:37,2026-04-18 05:02:37
W0000395,W0000211,1,48153424,2026-06-20 10:41:11,2026-06-20 10:41:11
W0000395,W0000223,1,31670243,2026-02-23 16:27:33,2026-02-23 16:27:33
W0000395,W0000252,1,25313510,2026-05-14 10:08:54,2026-05-14 10:08:54
W0000395,W0000330,1,5474733,2026-04-01 21:29:23,2026-04-01 21:29:23
W0000395,W0000335,1,7603260,2026-06-30 07:50:14,2026-06-30 07:50:14
W0000395,W0000338,1,16499575,2026-03-23 22:08:13,2026-03-23 22:08:13
W0000395,W0000351,2,14310184,2026-03-30 01:49:23,2026-06-12 14:18:02
W0000395,W0000353,1,9532159,2026-06-21 00:03:36,2026-06-21 00:03:36
W0000395,W0000365,1,27389546,2026-03-19 05:15:43,2026-03-19 05:15:43
W0000395,W0000370,1,23929916,2026-05-18 16:46:41,2026-05-18 16:46:41
W0000395,W0000373,1,2287987,2026-04-30 19:18:29,2026-04-30 19:18:29
W0000395,W0000392,1,11004095,2026-04-06 09:24:25,2026-04-06 09:24:25
W0000395,W0000411,1,7407993,2026-04-25 18:08:37,2026-04-25 18:08:37
W0000395,W0000414,1,60207122,2026-01-14 12:16:18,2026-01-14 12:16:18
W0000395,W0000419,1,5415749,2026-03-25 21:04:40,2026-03-25 21:04:40
W0000395,W0000477,1,57626830,2026-05-15 09:13:08,2026-05-15 09:13:08
W0000396,W0000007,1,25606080,2026-01-14 22:19:08,2026-01-14 22:19:08
W0000396,W0000020,1,23949979,2026-06-28 20:51:40,2026-06-28 20:51:40
W0000396,W0000058,1,21563578,2026-02-22 00:27:10,2026-02-22 00:27:10
W0000396,W0000062,1,986029,2026-06-21 17:09:51,2026-06-21 17:09:51
W0000396,W0000072,1,5065537,2026-04-07 13:33:02,2026-04-07 13:33:02
W0000396,W0000077,1,25606080,2026-01-14 22:19:08,2026-01-14 22:19:08
W0000396,W0000090,1,19313998,2026-04-20 06:46:15,2026-04-20 06:46:15
W0000396,W0000115,1,11600094,2026-05-13 15:09:54,2026-05-13 15:09:54
W0000396,W0000170,1,23949979,2026-06-28 20:51:40,2026-06-28 20:51:40
W0000396,W0000175,2,18245792,2026-04-17 23:26:36,2026-06-24 05:43:43
W0000396,W0000221,1,16465619,2026-03-16 05:11:55,2026-03-16 05:11:55
W0000396,W0000239,1,5065537,2026-04-07 13:33:02,2026-04-07 13:33:02
W0000396,W0000253,1,16465619,2026-03-16 05:11:55,2026-03-16 05:11:55
W0000396,W0000262,1,986029,2026-06-21 17:09:51,2026-06-21 17:09:51
W0000396,W0000264,1,6673831,2026-04-05 15:05:38,2026-04-05 15:05:38
W0000396,W0000294,1,21563578,2026-02-22 00:27:10,2026-02-22 00:27:10
W0000396,W0000303,1,23949979,2026-06-28 20:51:40,2026-06-28 20:51:40
W0000396,W0000329,1,8494075,2026-01-28 23:47:12,2026-01-28 23:47:12
W0000396,W0000351,1,5579273,2026-04-17 23:26:36,2026-04-17 23:26:36
W0000396,W0000383,1,18958342,2026-06-21 00:15:26,2026-06-21 00:15:26
W0000396,W0000401,1,55789582,2026-04-19 01:54:09,2026-04-19 01:54:09
W0000396,W0000415,1,12215519,2026-05-10 19:25:17,2026-05-10 19:25:17
W0000396,W0000443,1,5579273,2026-04-17 23:26:36,2026-04-17 23:26:36
W0000396,W0000453,1,18958342,2026-06-21 00:15:26,2026-06-21 00:15:26
W0000396,W0000456,1,986029,2026-06-21 17:09:51,2026-06-21 17:09:51
W0000396,W0000496,1,12215519,2026-05-10 19:25:17,2026-05-10 19:25:17
W0000397,W0000057,1,42209718,2026-04-13 02:00:03,2026-04-13 02:00:03
W0000397,W0000076,1,4913741,2026-02-17 00:43:04,2026-02-17 00:43:04
W0000397,W0000154,1,1563065,2026-02-06 14:43:11,2026-02-06 14:43:11
W0000397,W0000164,1,4251107,2026-03-28 00:30:44,2026-03-28 00:30:44
W0000397,W0000187,1,13559679,2026-05-22 19:50:25,2026-05-22 19:50:25
W0000397,W0000190,1,19253492,2026-04-14 17:18:37,2026-04-14 17:18:37
W0000397,W0000207,1,10702479,2026-04-26 06:18:45,2026-04-26 06:18:45
W0000397,W0000237,1,14924610,2026-02-27 04:05:43,2026-02-27 04:05:43
W0000397,W0000289,1,6275490,2026-03-21 15:04:25,2026-03-21 15:04:25
W0000397,W0000297,1,2993610,2026-05-14 10:27:39,2026-05-14 10:27:39
W0000397,W0000364,1,25055942,2026-06-11 03:27:27,2026-06-11 03:27:27
W0000397,W0000387,1,34151099,2026-04-07 04:58:57,2026-04-07 04:58:57
W0000397,W0000436,1,4938190,2026-04-26 11:11:38,2026-04-26 11:11:38
W0000397,W0000489,1,11631123,2026-01-20 16:05:33,2026-01-20 16:05:33
W0000398,W0000004,1,23347204,2026-02-16 19:54:25,2026-02-16 19:54:25
W0000398,W0000013,1,22540417,2026-02-10 19:23:57,2026-02-10 19:23:57
W0000398,W0000038,1,29486506,2026-04-23 21:52:42,2026-04-23 21:52:42
W0000398,W0000043,1,38730676,2026-04-28 21:31:24,2026-04-28 21:31:24
W0000398,W0000045,1,20653646,2026-03-08 13:42:05,2026-03-08 13:42:05
W0000398,W0000046,1,54538361,2026-05-03 18:53:15,2026-05-03 18:53:15
W0000398,W0000049,2,65092301,2026-01-25 22:18:48,2026-03-28 04:23:23
W0000398,W0000051,1,22540417,2026-02-10 19:23:57,2026-02-10 19:23:57
W0000398,W0000062,1,23347204,2026-02-16 19:54:25,2026-02-16 19:54:25
W0000398,W0000075,1,23626630,2026-01-25 01:12:00,2026-01-25 01:12:00
W0000398,W0000102,1,761248558,2026-01-01 17:01:52,2026-01-01 17:01:52
W0000398,W0000117,1,20653646,2026-03-08 13:42:05,2026-03-08 13:42:05
W0000398,W0000119,1,23347204,2026-02-16 19:54:25,2026-02-16 19:54:25
W0000398,W0000123,1,34591742,2026-03-15 15:34:37,2026-03-15 15:34:37
W0000398,W0000131,1,22765703,2026-05-23 19:52:33,2026-05-23 19:52:33
W0000398,W0000146,1,29486506,2026-04-23 21:52:42,2026-04-23 21:52:42
W0000398,W0000148,1,26113620,2026-02-14 20:50:57,2026-02-14 20:50:57
W0000398,W0000149,1,56084308,2026-04-27 14:12:39,2026-04-27 14:12:39
W0000398,W0000156,2,67837564,2026-01-17 12:41:01,2026-06-17 07:04:04
W0000398,W0000161,1,29494207,2026-05-25 04:09:03,2026-05-25 04:09:03
W0000398,W0000162,1,18554547,2026-06-22 11:03:53,2026-06-22 11:03:53
W0000398,W0000164,1,17480995,2026-03-18 04:59:58,2026-03-18 04:59:58
W0000398,W0000172,1,20653646,2026-03-08 13:42:05,2026-03-08 13:42:05
W0000398,W0000176,2,66540460,2026-04-28 21:31:24,2026-06-17 07:04:04
W0000398,W0000178,1,761248558,2026-01-01 17:01:52,2026-01-01 17:01:52
W0000398,W0000194,1,20323402,2026-05-27 20:04:29,2026-05-27 20:04:29
W0000398,W0000195,1,29494207,2026-05-25 04:09:03,2026-05-25 04:09:03
W0000398,W0000211,1,30246700,2026-01-25 22:18:48,2026-01-25 22:18:48
W0000398,W0000219,1,20323402,2026-05-27 20:04:29,2026-05-27 20:04:29
W0000398,W0000232,2,39407912,2026-03-23 22:16:41,2026-06-22 11:03:53
W0000398,W0000233,1,26113620,2026-02-14 20:50:57,2026-02-14 20:50:57
W0000398,W0000234,1,22765703,2026-05-23 19:52:33,2026-05-23 19:52:33
W0000398,W0000238,1,54538361,2026-05-03 18:53:15,2026-05-03 18:53:15
W0000398,W0000244,1,53162048,2026-03-22 09:00:24,2026-03-22 09:00:24
W0000398,W0000248,2,41107625,2026-01-25 01:12:00,2026-03-18 04:59:58
W0000398,W0000255,1,761248558,2026-01-01 17:01:52,2026-01-01 17:01:52
W0000398,W0000256,1,27809784,2026-06-17 07:04:04,2026-06-17 07:04:04
W0000398,W0000260,1,26113620,2026-02-14 20:50:57,2026-02-14 20:50:57
W0000398,W0000270,1,761248558,2026-01-01 17:01:52,2026-01-01 17:01:52
W0000398,W0000289,2,787362178,2026-01-01 17:01:52,2026-02-14 20:50:57
W0000398,W0000292,1,40027780,2026-01-17 12:41:01,2026-01-17 12:41:01
W0000398,W0000295,1,22765703,2026-05-23 19:52:33,2026-05-23 19:52:33
W0000398,W0000300,1,29486506,2026-04-23 21:52:42,2026-04-23 21:52:42
W0000398,W0000311,2,789058342,2026-01-01 17:01:52,2026-06-17 07:04:04
W0000398,W0000315,1,30246700,2026-01-25 22:18:48,2026-01-25 22:18:48
W0000398,W0000326,1,53162048,2026-03-22 09:00:24,2026-03-22 09:00:24
W0000398,W0000329,2,74886923,2026-03-22 09:00:24,2026-05-03 05:00:32
W0000398,W0000331,1,37925866,2026-01-20 23:06:13,2026-01-20 23:06:13
W0000398,W0000338,1,54538361,2026-05-03 18:53:15,2026-05-03 18:53:15
W0000398,W0000339,1,21724875,2026-05-03 05:00:32,2026-05-03 05:00:32
W0000398,W0000342,2,57285223,2026-04-28 21:31:24,2026-06-22 11:03:53
W0000398,W0000345,1,56084308,2026-04-27 14:12:39,2026-04-27 14:12:39
W0000398,W0000354,1,53162048,2026-03-22 09:00:24,2026-03-22 09:00:24
W0000398,W0000357,1,34591742,2026-03-15 15:34:37,2026-03-15 15:34:37
W0000398,W0000361,1,22540417,2026-02-10 19:23:57,2026-02-10 19:23:57
W0000398,W0000369,1,29494207,2026-05-25 04:09:03,2026-05-25 04:09:03
W0000398,W0000390,1,22765703,2026-05-23 19:52:33,2026-05-23 19:52:33
W0000398,W0000400,1,54538361,2026-05-03 18:53:15,2026-05-03 18:53:15
W0000398,W0000409,1,17480995,2026-03-18 04:59:58,2026-03-18 04:59:58
W0000398,W0000419,1,37925866,2026-01-20 23:06:13,2026-01-20 23:06:13
W0000398,W0000421,1,37925866,2026-01-20 23:06:13,2026-01-20 23:06:13
W0000398,W0000422,1,23347204,2026-02-16 19:54:25,2026-02-16 19:54:25
W0000398,W0000426,1,34845601,2026-03-28 04:23:23,2026-03-28 04:23:23
W0000398,W0000427,1,38730676,2026-04-28 21:31:24,2026-04-28 21:31:24
W0000398,W0000428,1,34591742,2026-03-15 15:34:37,2026-03-15 15:34:37
W0000398,W0000429,1,34591742,2026-03-15 15:34:37,2026-03-15 15:34:37
W0000398,W0000442,1,40027780,2026-01-17 12:41:01,2026-01-17 12:41:01
W0000398,W0000466,1,17480995,2026-03-18 04:59:58,2026-03-18 04:59:58
W0000398,W0000488,1,20853365,2026-03-23 22:16:41,2026-03-23 22:16:41
W0000398,W0000493,1,20323402,2026-05-27 20:04:29,2026-05-27 20:04:29
W0000399,W0000014,1,1906423,2026-05-08 20:23:29,2026-05-08 20:23:29
W0000399,W0000090,1,9496050,2026-05-12 12:56:32,2026-05-12 12:56:32
W0000399,W0000110,1,7226693,2026-03-09 01:42:30,2026-03-09 01:42:30
W0000399,W0000138,1,21839494,2026-03-29 07:36:10,2026-03-29 07:36:10
W0000399,W0000147,1,11045840,2026-04-16 04:33:28,2026-04-16 04:33:28
W0000399,W0000170,1,45460424,2026-04-12 05:24:51,2026-04-12 05:24:51
W0000399,W0000220,1,52182797,2026-04-19 21:29:17,2026-04-19 21:29:17
W0000399,W0000321,1,22397319,2026-03-27 09:57:17,2026-03-27 09:57:17
W0000399,W0000356,1,3484491,2026-05-05 15:03:57,2026-05-05 15:03:57
W0000399,W0000422,1,10266467,2026-01-19 15:59:27,2026-01-19 15:59:27
W0000399,W0000428,1,4558524,2026-03-13 01:31:53,2026-03-13 01:31:53
W0000399,W0000462,1,12039053,2026-04-11 18:56:23,2026-04-11 18:56:23
W0000399,W0000489,1,13531984,2026-03-17 08:41:36,2026-03-17 08:41:36
W0000400,W0000002,1,7895898,2026-01-28 11:36:19,2026-01-28 11:36:19
W0000400,W0000009,1,5574743,2026-01-16 08:03:59,2026-01-16 08:03:59
W0000400,W0000021,1,19894903,2026-04-05 19:15:21,2026-04-05 19:15:21
W0000400,W0000030,1,4605910,2026-06-19 13:10:03,2026-06-19 13:10:03
W0000400,W0000101,1,4211717,2026-03-17 11:34:19,2026-03-17 11:34:19
W0000400,W0000110,1,28011982,2026-01-03 08:42:21,2026-01-03 08:42:21
W0000400,W0000147,1,64442340,2026-06-20 21:43:48,2026-06-20 21:43:48
W0000400,W0000153,1,81279937,2026-06-17 13:05:47,2026-06-17 13:05:47
W0000400,W0000159,1,28166276,2026-04-07 00:14:52,2026-04-07 00:14:52
W0000400,W0000217,1,4012492,2026-02-03 16:31:23,2026-02-03 16:31:23
W0000400,W0000239,1,5606919,2026-03-19 06:14:07,2026-03-19 06:14:07
W0000400,W0000249,1,14977271,2026-04-18 03:19:31,2026-04-18 03:19:31
W0000400,W0000265,1,2211970,2026-03-10 02:45:05,2026-03-10 02:45:05
W0000400,W0000266,1,7906067,2026-01-13 17:12:33,2026-01-13 17:12:33
W0000400,W0000340,1,3987671,2026-05-14 10:25:56,2026-05-14 10:25:56
W0000400,W0000345,1,12468763,2026-01-25 23:54:53,2026-01-25 23:54:53
W0000400,W0000350,1,6632825,2026-05-06 16:58:12,2026-05-06 16:58:12
W0000400,W0000391,1,16342287,2026-01-22 08:31:13,2026-01-22 08:31:13
W0000400,W0000398,1,11038296,2026-01-01 17:01:44,2026-01-01 17:01:44
W0000400,W0000440,1,7403097,2026-02-13 17:05:53,2026-02-13 17:05:53
W0000400,W0000442,1,5091599,2026-03-12 21:25:31,2026-03-12 21:25:31
W0000400,W0000452,1,14082244,2026-02-03 17:40:29,2026-02-03 17:40:29
W0000401,W0000067,1,22317613,2026-03-31 19:07:56,2026-03-31 19:07:56
W0000401,W0000096,1,24398750,2026-02-01 20:35:12,2026-02-01 20:35:12
W0000401,W0000152,1,2184965,2026-05-10 16:33:35,2026-05-10 16:33:35
W0000401,W0000192,1,15970499,2026-02-02 15:48:51,2026-02-02 15:48:51
W0000401,W0000199,1,10843444,2026-06-06 15:12:21,2026-06-06 15:12:21
W0000401,W0000209,1,2950323,2026-03-29 15:13:11,2026-03-29 15:13:11
W0000401,W0000213,1,3942440,2026-04-21 00:31:08,2026-04-21 00:31:08
W0000401,W0000270,1,4181515,2026-04-25 11:56:48,2026-04-25 11:56:48
W0000401,W0000297,1,1590628,2026-05-21 01:58:05,2026-05-21 01:58:05
W0000401,W0000338,1,9574145,2026-06-27 06:27:05,2026-06-27 06:27:05
W0000401,W0000397,1,23726788,2026-01-04 16:01:16,2026-01-04 16:01:16
W0000401,W0000398,1,2026176,2026-02-28 13:14:17,2026-02-28 13:14:17
W0000401,W0000416,1,4539579,2026-03-29 18:04:26,2026-03-29 18:04:26
W0000401,W0000442,1,2568728,2026-03-02 22:54:08,2026-03-02 22:54:08
W0000402,W0000049,1,33879161,2026-03-25 16:50:38,2026-03-25 16:50:38
W0000402,W0000060,1,7506074,2026-04-12 14:26:39,2026-04-12 14:26:39
W0000402,W0000069,1,63554732,2026-01-15 10:53:06,2026-01-15 10:53:06
W0000402,W0000091,1,45427630,2026-06-23 09:10:19,2026-06-23 09:10:19
W0000402,W0000146,1,77215525,2026-05-19 13:39:04,2026-05-19 13:39:04
W0000402,W0000162,1,1449806,2026-01-03 13:16:21,2026-01-03 13:16:21
W0000402,W0000170,1,89157279,2026-04-22 08:52:35,2026-04-22 08:52:35
W0000402,W0000172,1,4390119,2026-01-13 13:48:05,2026-01-13 13:48:05
W0000402,W0000228,1,62433278,2026-04-16 01:02:11,2026-04-16 01:02:11
W0000402,W0000244,1,81139096,2026-05-21 04:44:08,2026-05-21 04:44:08
W0000402,W0000308,1,10273509,2026-05-15 23:16:31,2026-05-15 23:16:31
W0000402,W0000352,1,53712306,2026-01-10 02:21:39,2026-01-10 02:21:39
W0000402,W0000379,1,89157279,2026-04-22 08:52:35,2026-04-22 08:52:35
W0000402,W0000390,1,8776693,2026-06-06 07:12:44,2026-06-06 07:12:44
W0000402,W0000448,1,8783390,2026-04-06 08:43:00,2026-04-06 08:43:00
W0000403,W0000071,1,55285852,2026-05-24 11:15:45,2026-05-24 11:15:45
W0000403,W0000076,1,14379520,2026-03-24 22:28:54,2026-03-24 22:28:54
W0000403,W0000120,1,41259930,2026-03-14 12:38:27,2026-03-14 12:38:27
W0000403,W0000129,1,6402532,2026-04-21 06:18:02,2026-04-21 06:18:02
W0000403,W0000182,1,23574963,2026-04-13 00:15:08,2026-04-13 00:15:08
W0000403,W0000234,1,76405837,2026-02-28 15:56:17,2026-02-28 15:56:17
W0000403,W0000255,1,2762874,2026-06-19 14:27:16,2026-06-19 14:27:16
W0000403,W0000294,1,50876486,2026-05-21 08:26:33,2026-05-21 08:26:33
W0000403,W0000303,1,28827417,2026-04-21 15:58:03,2026-04-21 15:58:03
W0000403,W0000319,1,16173868,2026-02-02 14:26:10,2026-02-02 14:26:10
W0000403,W0000337,1,40000819,2026-05-14 05:00:55,2026-05-14 05:00:55
W0000403,W0000341,1,68970553,2026-04-19 21:16:49,2026-04-19 21:16:49
W0000403,W0000345,1,2205891,2026-06-16 03:32:12,2026-06-16 03:32:12
W0000403,W0000365,1,61488471,2026-02-26 21:38:41,2026-02-26 21:38:41
W0000403,W0000419,1,26472989,2026-04-23 04:56:34,2026-04-23 04:56:34
W0000403,W0000426,1,33489848,2026-02-22 08:12:54,2026-02-22 08:12:54
W0000403,W0000455,1,57703136,2026-06-30 04:14:25,2026-06-30 04:14:25
W0000403,W0000478,1,11292929,2026-03-28 15:02:53,2026-03-28 15:02:53
W0000404,W0000054,1,6917741,2026-05-19 20:51:56,2026-05-19 20:51:56
W0000404,W0000062,1,12828847,2026-03-26 13:10:24,2026-03-26 13:10:24
W0000404,W0000076,1,88366387,2026-03-23 01:45:09,2026-03-23 01:45:09
W0000404,W0000087,1,25984256,2026-01-28 18:20:43,2026-01-28 18:20:43
W0000404,W0000105,1,3715427,2026-04-27 16:36:53,2026-04-27 16:36:53
W0000404,W0000148,1,6740115,2026-06-14 15:01:29,2026-06-14 15:01:29
W0000404,W0000150,1,5719011,2026-03-05 18:59:54,2026-03-05 18:59:54
W0000404,W0000165,1,46207168,2026-01-13 13:55:37,2026-01-13 13:55:37
W0000404,W0000174,1,16064826,2026-03-01 05:44:25,2026-03-01 05:44:25
W0000404,W0000195,1,720559,2026-04-09 11:27:39,2026-04-09 11:27:39
W0000404,W0000196,1,10151245,2026-06-16 17:20:04,2026-06-16 17:20:04
W0000404,W0000202,1,10602745,2026-05-25 18:35:38,2026-05-25 18:35:38
W0000404,W0000204,1,3390849,2026-04-22 20:49:52,2026-04-22 20:49:52
W0000404,W0000229,1,9457549,2026-04-06 19:29:07,2026-04-06 19:29:07
W0000404,W0000272,1,32312454,2026-02-20 23:17:55,2026-02-20 23:17:55
W0000404,W0000294,1,28643466,2026-05-22 18:58:15,2026-05-22 18:58:15
W0000404,W0000302,1,40826563,2026-04-05 18:33:39,2026-04-05 18:33:39
W0000404,W0000310,1,1436011,2026-05-20 13:41:48,2026-05-20 13:41:48
W0000404,W0000393,1,8265781,2026-05-05 12:47:46,2026-05-05 12:47:46
W0000404,W0000395,1,18412858,2026-05-24 10:19:49,2026-05-24 10:19:49
W0000404,W0000427,1,7816748,2026-02-28 18:42:09,2026-02-28 18:42:09
W0000404,W0000479,1,10782949,2026-06-01 00:44:10,2026-06-01 00:44:10
W0000404,W0000498,1,15252848,2026-06-03 23:00:41,2026-06-03 23:00:41
W0000405,W0000002,1,7197672,2026-05-31 02:52:56,2026-05-31 02:52:56
W0000405,W0000006,1,11799402,2026-05-31 01:31:58,2026-05-31 01:31:58
W0000405,W0000025,1,12078986,2026-03-01 22:12:10,2026-03-01 22:12:10
W0000405,W0000052,1,10154725,2026-03-03 20:05:28,2026-03-03 20:05:28
W0000405,W0000131,1,11305395,2026-02-13 07:02:36,2026-02-13 07:02:36
W0000405,W0000158,1,4700922,2026-04-16 14:16:30,2026-04-16 14:16:30
W0000405,W0000172,1,17376257,2026-01-19 08:25:46,2026-01-19 08:25:46
W0000405,W0000173,1,2716263,2026-03-20 20:38:50,2026-03-20 20:38:50
W0000405,W0000225,1,3691677,2026-05-29 08:13:21,2026-05-29 08:13:21
W0000405,W0000231,1,17432709,2026-04-20 19:51:26,2026-04-20 19:51:26
W0000405,W0000246,1,1724315,2026-04-21 10:49:33,2026-04-21 10:49:33
W0000405,W0000325,1,25484440,2026-05-21 21:41:58,2026-05-21 21:41:58
W0000405,W0000346,1,12109188,2026-03-01 02:00:33,2026-03-01 02:00:33
W0000405,W0000394,1,8213219,2026-02-24 00:10:50,2026-02-24 00:10:50
W0000405,W0000400,1,1225884,2026-03-23 19:53:42,2026-03-23 19:53:42
W0000405,W0000485,1,5170773,2026-02-24 18:23:53,2026-02-24 18:23:53
W0000406,W0000002,1,40020704,2026-05-04 04:01:11,2026-05-04 04:01:11
W0000406,W0000024,1,36473532,2026-01-21 01:03:48,2026-01-21 01:03:48
W0000406,W0000029,1,15430585,2026-05-07 02:05:37,2026-05-07 02:05:37
W0000406,W0000032,1,26609899,2026-05-11 19:42:47,2026-05-11 19:42:47
W0000406,W0000046,1,5724523,2026-01-23 19:37:56,2026-01-23 19:37:56
W0000406,W0000053,1,21305238,2026-05-31 21:01:39,2026-05-31 21:01:39
W0000406,W0000064,1,15430585,2026-05-07 02:05:37,2026-05-07 02:05:37
W0000406,W0000068,1,6747011,2026-02-18 04:40:57,2026-02-18 04:40:57
W0000406,W0000080,1,21268043,2026-04-06 07:22:57,2026-04-06 07:22:57
W0000406,W0000082,1,23860864,2026-05-30 04:21:09,2026-05-30 04:21:09
W0000406,W0000086,1,17323277,2026-05-13 05:15:00,2026-05-13 05:15:00
W0000406,W0000090,1,16446943,2026-05-15 16:13:32,2026-05-15 16:13:32
W0000406,W0000107,1,5724523,2026-01-23 19:37:56,2026-01-23 19:37:56
W0000406,W0000137,1,4109276,2026-03-15 11:35:53,2026-03-15 11:35:53
W0000406,W0000163,1,16446943,2026-05-15 16:13:32,2026-05-15 16:13:32
W0000406,W0000168,1,17323277,2026-05-13 05:15:00,2026-05-13 05:15:00
W0000406,W0000177,1,21305238,2026-05-31 21:01:39,2026-05-31 21:01:39
W0000406,W0000179,1,47615861,2026-05-09 09:40:01,2026-05-09 09:40:01
W0000406,W0000194,1,23860864,2026-05-30 04:21:09,2026-05-30 04:21:09
W0000406,W0000199,1,29385125,2026-02-01 20:10:54,2026-02-01 20:10:54
W0000406,W0000200,1,32136981,2026-01-02 03:19:34,2026-01-02 03:19:34
W0000406,W0000208,1,29772501,2026-04-10 15:09:14,2026-04-10 15:09:14
W0000406,W0000209,1,6747011,2026-02-18 04:40:57,2026-02-18 04:40:57
W0000406,W0000220,1,32605750,2026-03-29 09:01:16,2026-03-29 09:01:16
W0000406,W0000226,1,32136981,2026-01-02 03:19:34,2026-01-02 03:19:34
W0000406,W0000233,1,36473532,2026-01-21 01:03:48,2026-01-21 01:03:48
W0000406,W0000241,1,30582840,2026-01-22 14:01:46,2026-01-22 14:01:46
W0000406,W0000256,1,1120322,2026-06-21 04:23:01,2026-06-21 04:23:01
W0000406,W0000267,2,44129980,2026-03-15 11:35:53,2026-05-04 04:01:11
W0000406,W0000270,1,47615861,2026-05-09 09:40:01,2026-05-09 09:40:01
W0000406,W0000282,2,24981186,2026-05-30 04:21:09,2026-06-21 04:23:01
W0000406,W0000286,1,20413576,2026-05-03 08:56:38,2026-05-03 08:56:38
W0000406,W0000291,1,7013509,2026-03-05 17:27:43,2026-03-05 17:27:43
W0000406,W0000296,1,7013509,2026-03-05 17:27:43,2026-03-05 17:27:43
W0000406,W0000312,1,32136981,2026-01-02 03:19:34,2026-01-02 03:19:34
W0000406,W0000327,1,29772501,2026-04-10 15:09:14,2026-04-10 15:09:14
W0000406,W0000331,1,1120322,2026-06-21 04:23:01,2026-06-21 04:23:01
W0000406,W0000338,1,1120322,2026-06-21 04:23:01,2026-06-21 04:23:01
W0000406,W0000358,1,32605750,2026-03-29 09:01:16,2026-03-29 09:01:16
W0000406,W0000363,1,16446943,2026-05-15 16:13:32,2026-05-15 16:13:32
W0000406,W0000364,1,29385125,2026-02-01 20:10:54,2026-02-01 20:10:54
W0000406,W0000367,1,20413576,2026-05-03 08:56:38,2026-05-03 08:56:38
W0000406,W0000370,1,40020704,2026-05-04 04:01:11,2026-05-04 04:01:11
W0000406,W0000386,1,7013509,2026-03-05 17:27:43,2026-03-05 17:27:43
W0000406,W0000395,1,32605750,2026-03-29 09:01:16,2026-03-29 09:01:16
W0000406,W0000401,1,21268043,2026-04-06 07:22:57,2026-04-06 07:22:57
W0000406,W0000411,1,30582840,2026-01-22 14:01:46,2026-01-22 14:01:46
W0000406,W0000416,1,26609899,2026-05-11 19:42:47,2026-05-11 19:42:47
W0000406,W0000426,1,15430585,2026-05-07 02:05:37,2026-05-07 02:05:37
W0000406,W0000435,1,47615861,2026-05-09 09:40:01,2026-05-09 09:40:01
W0000406,W0000438,1,7013509,2026-03-05 17:27:43,2026-03-05 17:27:43
W0000406,W0000448,1,6747011,2026-02-18 04:40:57,2026-02-18 04:40:57
W0000406,W0000449,1,20413576,2026-05-03 08:56:38,2026-05-03 08:56:38
W0000406,W0000453,1,36473532,2026-01-21 01:03:48,2026-01-21 01:03:48
W0000406,W0000471,1,32136981,2026-01-02 03:19:34,2026-01-02 03:19:34
W0000406,W0000484,1,32605750,2026-03-29 09:01:16,2026-03-29 09:01:16
W0000406,W0000494,1,4109276,2026-03-15 11:35:53,2026-03-15 11:35:53
W0000407,W0000048,1,14885153,2026-05-26 14:19:56,2026-05-26 14:19:56
W0000407,W0000049,1,1642920,2026-06-22 21:57:13,2026-06-22 21:57:13
W0000407,W0000054,1,34410318,2026-01-02 05:25:13,2026-01-02 05:25:13
W0000407,W0000136,1,6942917,2026-06-11 04:41:51,2026-06-11 04:41:51
W0000407,W0000160,1,9912920,2026-02-09 23:14:44,2026-02-09 23:14:44
W0000407,W0000168,1,19312229,2026-06-24 14:28:32,2026-06-24 14:28:32
W0000407,W0000196,1,65350289,2026-05-19 18:06:56,2026-05-19 18:06:56
W0000407,W0000197,1,7345756,2026-05-06 04:02:17,2026-05-06 04:02:17
W0000407,W0000206,1,9373902,2026-02-07 16:29:54,2026-02-07 16:29:54
W0000407,W0000225,1,19378089,2026-01-15 21:28:40,2026-01-15 21:28:40
W0000407,W0000264,1,1809261,2026-02-05 05:37:19,2026-02-05 05:37:19
W0000407,W0000275,1,8879507,2026-04-03 19:01:17,2026-04-03 19:01:17
W0000407,W0000285,1,26001797,2026-06-13 13:25:28,2026-06-13 13:25:28
W0000407,W0000335,1,26760926,2026-06-12 17:07:45,2026-06-12 17:07:45
W0000407,W0000347,1,8850030,2026-02-22 12:28:43,2026-02-22 12:28:43
W0000407,W0000400,1,15047961,2026-04-20 10:47:08,2026-04-20 10:47:08
W0000407,W0000422,1,3019930,2026-02-08 18:14:52,2026-02-08 18:14:52
W0000407,W0000431,1,3839216,2026-03-18 14:38:47,2026-03-18 14:38:47
W0000407,W0000489,1,23496615,2026-05-05 11:15:36,2026-05-05 11:15:36
W0000408,W0000002,1,37056390,2026-03-18 16:42:01,2026-03-18 16:42:01
W0000408,W0000009,1,36875111,2026-02-24 06:47:09,2026-02-24 06:47:09
W0000408,W0000010,2,39314300,2026-03-02 16:01:45,2026-06-21 04:08:50
W0000408,W0000025,1,52920413,2026-03-17 06:08:08,2026-03-17 06:08:08
W0000408,W0000029,1,31099715,2026-06-07 01:58:30,2026-06-07 01:58:30
W0000408,W0000034,1,50778736,2026-04-27 20:36:00,2026-04-27 20:36:00
W0000408,W0000038,1,36039219,2026-03-25 14:18:19,2026-03-25 14:18:19
W0000408,W0000044,1,24103883,2026-03-02 16:01:45,2026-03-02 16:01:45
W0000408,W0000050,2,58561168,2026-02-24 06:47:09,2026-03-29 21:52:18
W0000408,W0000052,1,27628917,2026-01-06 01:02:19,2026-01-06 01:02:19
W0000408,W0000066,1,17503847,2026-05-19 07:56:14,2026-05-19 07:56:14
W0000408,W0000073,1,18278056,2026-05-10 19:28:48,2026-05-10 19:28:48
W0000408,W0000088,1,15210417,2026-06-21 04:08:50,2026-06-21 04:08:50
W0000408,W0000097,2,42980501,2026-02-28 20:15:05,2026-05-07 00:10:08
W0000408,W0000105,1,22225077,2026-02-28 20:15:05,2026-02-28 20:15:05
W0000408,W0000115,1,31099715,2026-06-07 01:58:30,2026-06-07 01:58:30
W0000408,W0000117,1,36039219,2026-03-25 14:18:19,2026-03-25 14:18:19
W0000408,W0000118,1,51288720,2026-03-18 15:00:07,2026-03-18 15:00:07
W0000408,W0000124,1,37056390,2026-03-18 16:42:01,2026-03-18 16:42:01
W0000408,W0000125,1,36039219,2026-03-25 14:18:19,2026-03-25 14:18:19
W0000408,W0000134,1,31099715,2026-06-07 01:58:30,2026-06-07 01:58:30
W0000408,W0000140,1,17503847,2026-05-19 07:56:14,2026-05-19 07:56:14
W0000408,W0000154,1,38777164,2026-05-27 06:12:11,2026-05-27 06:12:11
W0000408,W0000159,1,27759451,2026-02-12 13:33:11,2026-02-12 13:33:11
W0000408,W0000165,1,38777164,2026-05-27 06:12:11,2026-05-27 06:12:11
W0000408,W0000166,1,27759451,2026-02-12 13:33:11,2026-02-12 13:33:11
W0000408,W0000174,1,27628917,2026-01-06 01:02:19,2026-01-06 01:02:19
W0000408,W0000198,1,50778736,2026-04-27 20:36:00,2026-04-27 20:36:00
W0000408,W0000205,2,55203598,2026-03-02 16:01:45,2026-06-07 01:58:30
W0000408,W0000207,1,20755424,2026-05-07 00:10:08,2026-05-07 00:10:08
W0000408,W0000216,1,31617298,2026-01-14 20:16:25,2026-01-14 20:16:25
W0000408,W0000230,1,15210417,2026-06-21 04:08:50,2026-06-21 04:08:50
W0000408,W0000235,1,21743271,2026-03-17 03:02:12,2026-03-17 03:02:12
W0000408,W0000236,1,20755424,2026-05-07 00:10:08,2026-05-07 00:10:08
W0000408,W0000250,1,27759451,2026-02-12 13:33:11,2026-02-12 13:33:11
W0000408,W0000251,1,22225077,2026-02-28 20:15:05,2026-02-28 20:15:05
W0000408,W0000254,1,38777164,2026-05-27 06:12:11,2026-05-27 06:12:11
W0000408,W0000263,1,36875111,2026-02-24 06:47:09,2026-02-24 06:47:09
W0000408,W0000266,1,21686057,2026-03-29 21:52:18,2026-03-29 21:52:18
W0000408,W0000274,1,51288720,2026-03-18 15:00:07,2026-03-18 15:00:07
W0000408,W0000278,1,37056390,2026-03-18 16:42:01,2026-03-18 16:42:01
W0000408,W0000282,1,16945644,2026-05-14 00:59:23,2026-05-14 00:59:23
W0000408,W0000289,1,24103883,2026-03-02 16:01:45,2026-03-02 16:01:45
W0000408,W0000298,1,31617298,2026-01-14 20:16:25,2026-01-14 20:16:25
W0000408,W0000316,1,27759451,2026-02-12 13:33:11,2026-02-12 13:33:11
W0000408,W0000328,1,49924690,2026-04-18 15:48:01,2026-04-18 15:48:01
W0000408,W0000334,1,27628917,2026-01-06 01:02:19,2026-01-06 01:02:19
W0000408,W0000340,1,21686057,2026-03-29 21:52:18,2026-03-29 21:52:18
W0000408,W0000341,1,52920413,2026-03-17 06:08:08,2026-03-17 06:08:08
W0000408,W0000346,1,35979837,2026-01-06 21:22:17,2026-01-06 21:22:17
W0000408,W0000355,1,21743271,2026-03-17 03:02:12,2026-03-17 03:02:12
W0000408,W0000358,1,38777164,2026-05-27 06:12:11,2026-05-27 06:12:11
W0000408,W0000359,1,51288720,2026-03-18 15:00:07,2026-03-18 15:00:07
W0000408,W0000373,1,36875111,2026-02-24 06:47:09,2026-02-24 06:47:09
W0000408,W0000378,2,87268557,2026-01-06 21:22:17,2026-03-18 15:00:07
W0000408,W0000379,1,16945644,2026-05-14 00:59:23,2026-05-14 00:59:23
W0000408,W0000413,1,22225077,2026-02-28 20:15:05,2026-02-28 20:15:05
W0000408,W0000417,1,15210417,2026-06-21 04:08:50,2026-06-21 04:08:50
W0000408,W0000431,1,20755424,2026-05-07 00:10:08,2026-05-07 00:10:08
W0000408,W0000442,1,18278056,2026-05-10 19:28:48,2026-05-10 19:28:48
W0000408,W0000461,1,49924690,2026-04-18 15:48:01,2026-04-18 15:48:01
W0000408,W0000470,1,21743271,2026-03-17 03:02:12,2026-03-17 03:02:12
W0000408,W0000480,1,21686057,2026-03-29 21:52:18,2026-03-29 21:52:18
W0000408,W0000484,1,17503847,2026-05-19 07:56:14,2026-05-19 07:56:14
W0000408,W0000499,1,37056390,2026-03-18 16:42:01,2026-03-18 16:42:01
W0000409,W0000011,1,10703444,2026-02-27 09:17:21,2026-02-27 09:17:21
W0000409,W0000014,1,8209118,2026-03-08 05:38:14,2026-03-08 05:38:14
W0000409,W0000030,1,16055538,2026-02-26 11:59:21,2026-02-26 11:59:21
W0000409,W0000038,1,14844660,2026-01-30 22:43:18,2026-01-30 22:43:18
W0000409,W0000048,1,37653787,2026-02-07 01:53:59,2026-02-07 01:53:59
W0000409,W0000054,1,10430172,2026-02-15 12:49:58,2026-02-15 12:49:58
W0000409,W0000079,1,13864621,2026-03-31 11:43:35,2026-03-31 11:43:35
W0000409,W0000087,1,46714748,2026-05-06 16:48:13,2026-05-06 16:48:13
W0000409,W0000097,1,8958321,2026-02-14 15:13:40,2026-02-14 15:13:40
W0000409,W0000109,1,29539674,2026-03-25 01:59:48,2026-03-25 01:59:48
W0000409,W0000117,1,5188129,2026-05-17 22:51:59,2026-05-17 22:51:59
W0000409,W0000128,1,8150905,2026-02-09 17:18:18,2026-02-09 17:18:18
W0000409,W0000203,1,8814772,2026-03-03 22:24:52,2026-03-03 22:24:52
W0000409,W0000204,1,6121513,2026-05-19 19:22:16,2026-05-19 19:22:16
W0000409,W0000230,1,1422205,2026-04-19 12:26:07,2026-04-19 12:26:07
W0000409,W0000258,1,22429146,2026-02-23 04:45:36,2026-02-23 04:45:36
W0000409,W0000286,1,26419024,2026-05-17 21:43:27,2026-05-17 21:43:27
W0000409,W0000290,1,5917970,2026-01-31 17:24:44,2026-01-31 17:24:44
W0000409,W0000320,1,2935631,2026-05-06 20:22:39,2026-05-06 20:22:39
W0000409,W0000339,1,14598671,2026-01-19 06:25:30,2026-01-19 06:25:30
W0000409,W0000361,1,2700602,2026-04-05 01:21:00,2026-04-05 01:21:00
W0000409,W0000374,1,41882193,2026-03-11 09:48:25,2026-03-11 09:48:25
W0000409,W0000431,1,5063583,2026-03-19 13:31:38,2026-03-19 13:31:38
W0000409,W0000451,1,68042780,2026-06-30 06:30:05,2026-06-30 06:30:05
W0000409,W0000452,1,6088573,2026-06-22 22:44:36,2026-06-22 22:44:36
W0000409,W0000481,1,3986592,2026-05-08 13:20:17,2026-05-08 13:20:17
W0000409,W0000498,1,19583601,2026-05-17 14:32:05,2026-05-17 14:32:05
W0000410,W0000009,1,17530796,2026-06-12 07:55:10,2026-06-12 07:55:10
W0000410,W0000035,1,10893797,2026-04-04 23:09:53,2026-04-04 23:09:53
W0000410,W0000076,1,5331406,2026-02-27 21:15:47,2026-02-27 21:15:47
W0000410,W0000127,1,10951875,2026-03-30 18:03:50,2026-03-30 18:03:50
W0000410,W0000144,1,2670604,2026-03-21 06:03:57,2026-03-21 06:03:57
W0000410,W0000167,1,7788032,2026-03-29 06:08:56,2026-03-29 06:08:56
W0000410,W0000172,1,3391478,2026-04-04 14:46:44,2026-04-04 14:46:44
W0000410,W0000268,1,18430220,2026-01-21 15:29:51,2026-01-21 15:29:51
W0000410,W0000321,1,2009498,2026-02-24 10:05:01,2026-02-24 10:05:01
W0000410,W0000353,1,5631370,2026-04-26 03:35:08,2026-04-26 03:35:08
W0000410,W0000354,1,16379612,2026-05-11 09:52:34,2026-05-11 09:52:34
W0000410,W0000356,1,42202238,2026-02-18 18:02:03,2026-02-18 18:02:03
W0000410,W0000393,1,5765420,2026-04-14 15:17:39,2026-04-14 15:17:39
W0000410,W0000436,1,4305346,2026-03-02 02:50:43,2026-03-02 02:50:43
W0000410,W0000473,1,8041956,2026-04-07 12:21:31,2026-04-07 12:21:31
W0000410,W0000491,1,24246016,2026-04-15 00:19:07,2026-04-15 00:19:07
W0000411,W0000011,1,8380412,2026-02-03 07:23:13,2026-02-03 07:23:13
W0000411,W0000023,1,68063816,2026-03-15 06:28:20,2026-03-15 06:28:20
W0000411,W0000116,1,34006041,2026-03-13 16:02:19,2026-03-13 16:02:19
W0000411,W0000159,1,26057934,2026-06-04 23:56:30,2026-06-04 23:56:30
W0000411,W0000192,1,3931898,2026-04-08 15:52:16,2026-04-08 15:52:16
W0000411,W0000199,1,6453911,2026-05-14 01:03:49,2026-05-14 01:03:49
W0000411,W0000222,1,11455396,2026-05-01 12:45:46,2026-05-01 12:45:46
W0000411,W0000259,1,1788995,2026-01-22 20:29:44,2026-01-22 20:29:44
W0000411,W0000284,1,4172557,2026-06-20 17:41:53,2026-06-20 17:41:53
W0000411,W0000336,1,21108381,2026-03-31 12:55:18,2026-03-31 12:55:18
W0000411,W0000348,1,27264187,2026-01-03 11:35:10,2026-01-03 11:35:10
W0000411,W0000369,2,20962793,2026-01-12 01:05:49,2026-04-25 11:56:48
W0000411,W0000414,1,12778968,2026-06-25 11:42:25,2026-06-25 11:42:25
W0000411,W0000467,1,26992542,2026-02-06 09:39:28,2026-02-06 09:39:28
W0000411,W0000472,1,5141560,2026-01-18 16:15:59,2026-01-18 16:15:59
W0000411,W0000473,1,1494867,2026-03-23 07:05:43,2026-03-23 07:05:43
W0000412,W0000002,1,3619291,2026-05-04 21:03:34,2026-05-04 21:03:34
W0000412,W0000008,1,3097312,2026-01-24 19:35:30,2026-01-24 19:35:30
W0000412,W0000027,1,16168355,2026-05-21 09:49:41,2026-05-21 09:49:41
W0000412,W0000035,1,5669304,2026-02-07 14:36:28,2026-02-07 14:36:28
W0000412,W0000060,1,4259231,2026-05-08 13:02:22,2026-05-08 13:02:22
W0000412,W0000071,1,640339,2026-03-26 09:22:04,2026-03-26 09:22:04
W0000412,W0000132,1,1853297,2026-01-15 07:27:41,2026-01-15 07:27:41
W0000412,W0000133,1,59485123,2026-05-27 08:06:34,2026-05-27 08:06:34
W0000412,W0000138,1,31791556,2026-05-24 11:55:21,2026-05-24 11:55:21
W0000412,W0000155,1,8992390,2026-04-12 23:52:35,2026-04-12 23:52:35
W0000412,W0000156,1,9223862,2026-01-01 22:23:11,2026-01-01 22:23:11
W0000412,W0000173,1,11946016,2026-01-08 22:47:56,2026-01-08 22:47:56
W0000412,W0000218,1,8443847,2026-02-13 15:41:16,2026-02-13 15:41:16
W0000412,W0000232,1,17268548,2026-03-10 02:45:29,2026-03-10 02:45:29
W0000412,W0000260,1,12133866,2026-02-23 07:42:07,2026-02-23 07:42:07
W0000412,W0000268,1,15627443,2026-01-23 18:17:56,2026-01-23 18:17:56
W0000412,W0000293,1,9398742,2026-02-09 22:59:39,2026-02-09 22:59:39
W0000412,W0000311,1,17460505,2026-01-08 00:07:18,2026-01-08 00:07:18
W0000412,W0000323,1,37536057,2026-05-05 15:35:14,2026-05-05 15:35:14
W0000412,W0000350,1,10792316,2026-02-18 13:10:47,2026-02-18 13:10:47
W0000412,W0000492,1,2152704,2026-01-15 19:47:24,2026-01-15 19:47:24
W0000413,W0000009,1,14463761,2026-03-03 18:28:05,2026-03-03 18:28:05
W0000413,W0000019,1,3013824,2026-03-29 01:27:32,2026-03-29 01:27:32
W0000413,W0000059,1,7369823,2026-03-05 15:09:18,2026-03-05 15:09:18
W0000413,W0000129,1,5286098,2026-06-23 19:45:27,2026-06-23 19:45:27
W0000413,W0000152,1,5623747,2026-05-03 03:37:19,2026-05-03 03:37:19
W0000413,W0000161,1,2044843,2026-02-28 02:37:51,2026-02-28 02:37:51
W0000413,W0000180,1,8207911,2026-04-26 21:33:30,2026-04-26 21:33:30
W0000413,W0000185,1,4574721,2026-05-08 18:15:18,2026-05-08 18:15:18
W0000413,W0000205,1,8279517,2026-02-23 03:54:21,2026-02-23 03:54:21
W0000413,W0000244,1,29398440,2026-05-10 18:26:45,2026-05-10 18:26:45
W0000413,W0000290,1,5877056,2026-03-09 10:05:12,2026-03-09 10:05:12
W0000413,W0000309,1,1020892,2026-06-22 14:05:41,2026-06-22 14:05:41
W0000413,W0000339,1,1013212,2026-01-21 06:12:36,2026-01-21 06:12:36
W0000413,W0000349,1,33327029,2026-01-03 03:01:30,2026-01-03 03:01:30
W0000413,W0000352,1,3033657,2026-05-08 08:34:09,2026-05-08 08:34:09
W0000413,W0000357,1,26003653,2026-02-25 07:41:57,2026-02-25 07:41:57
W0000413,W0000363,1,93199111,2026-06-08 12:29:41,2026-06-08 12:29:41
W0000413,W0000428,1,4112515,2026-04-20 16:30:35,2026-04-20 16:30:35
W0000413,W0000452,1,34811681,2026-03-04 16:50:40,2026-03-04 16:50:40
W0000413,W0000454,1,6425911,2026-03-08 23:37:15,2026-03-08 23:37:15
W0000413,W0000455,1,25243929,2026-02-07 23:03:21,2026-02-07 23:03:21
W0000413,W0000462,1,9133388,2026-02-11 19:03:06,2026-02-11 19:03:06
W0000413,W0000485,1,18743898,2026-01-04 12:56:47,2026-01-04 12:56:47
W0000414,W0000094,1,54211273,2026-06-01 21:10:01,2026-06-01 21:10:01
W0000414,W0000107,1,45348869,2026-01-25 13:24:27,2026-01-25 13:24:27
W0000414,W0000117,1,123802207,2026-05-20 08:05:35,2026-05-20 08:05:35
W0000414,W0000155,1,41822937,2026-01-10 00:21:46,2026-01-10 00:21:46
W0000414,W0000191,1,282181555,2026-01-01 09:00:32,2026-01-01 09:00:32
W0000414,W0000206,1,5954240,2026-04-18 13:04:21,2026-04-18 13:04:21
W0000414,W0000221,1,53141163,2026-02-14 00:27:11,2026-02-14 00:27:11
W0000414,W0000228,1,38401123,2026-01-19 15:28:01,2026-01-19 15:28:01
W0000414,W0000229,1,25532882,2026-03-29 18:28:01,2026-03-29 18:28:01
W0000414,W0000243,1,29798526,2026-05-29 13:19:04,2026-05-29 13:19:04
W0000414,W0000289,1,51221951,2026-03-28 03:19:54,2026-03-28 03:19:54
W0000414,W0000315,1,32551228,2026-06-22 23:41:13,2026-06-22 23:41:13
W0000414,W0000341,1,51412954,2026-04-30 11:40:16,2026-04-30 11:40:16
W0000414,W0000387,1,42384114,2026-01-07 09:34:18,2026-01-07 09:34:18
W0000414,W0000430,1,25714159,2026-01-01 21:26:54,2026-01-01 21:26:54
W0000414,W0000444,1,39635335,2026-04-11 09:42:39,2026-04-11 09:42:39
W0000415,W0000014,1,15470249,2026-01-17 00:31:30,2026-01-17 00:31:30
W0000415,W0000073,1,34386865,2026-05-13 00:05:04,2026-05-13 00:05:04
W0000415,W0000097,1,12999138,2026-02-20 12:11:41,2026-02-20 12:11:41
W0000415,W0000120,1,3376183,2026-05-17 11:23:34,2026-05-17 11:23:34
W0000415,W0000135,1,8775373,2026-03-17 13:09:16,2026-03-17 13:09:16
W0000415,W0000145,1,207295,2026-02-01 09:42:06,2026-02-01 09:42:06
W0000415,W0000156,1,26042722,2026-03-19 14:58:42,2026-03-19 14:58:42
W0000415,W0000199,1,6335553,2026-02-24 06:43:24,2026-02-24 06:43:24
W0000415,W0000206,1,24758777,2026-04-05 16:04:15,2026-04-05 16:04:15
W0000415,W0000210,1,13614852,2026-03-25 23:19:36,2026-03-25 23:19:36
W0000415,W0000244,1,20207776,2026-06-04 10:11:10,2026-06-04 10:11:10
W0000415,W0000248,1,27792125,2026-03-04 02:14:08,2026-03-04 02:14:08
W0000415,W0000272,1,12125151,2026-04-24 09:35:08,2026-04-24 09:35:08
W0000415,W0000291,1,52455455,2026-05-08 17:30:09,2026-05-08 17:30:09
W0000415,W0000296,1,8607924,2026-03-23 14:24:27,2026-03-23 14:24:27
W0000415,W0000304,1,36718340,2026-03-26 11:06:00,2026-03-26 11:06:00
W0000415,W0000334,1,1884340,2026-03-08 19:24:02,2026-03-08 19:24:02
W0000415,W0000356,1,5118571,2026-02-26 11:26:29,2026-02-26 11:26:29
W0000415,W0000377,1,187885,2026-01-30 20:00:42,2026-01-30 20:00:42
W0000415,W0000430,1,62679255,2026-04-06 04:50:04,2026-04-06 04:50:04
W0000415,W0000454,1,17969624,2026-02-20 22:44:34,2026-02-20 22:44:34
W0000415,W0000455,1,5825610,2026-02-24 14:53:44,2026-02-24 14:53:44
W0000415,W0000470,1,13707608,2026-03-18 00:07:53,2026-03-18 00:07:53
W0000416,W0000072,1,3857960,2026-06-19 16:31:16,2026-06-19 16:31:16
W0000416,W0000095,1,29442925,2026-01-28 08:21:19,2026-01-28 08:21:19
W0000416,W0000109,1,13817538,2026-05-06 10:13:33,2026-05-06 10:13:33
W0000416,W0000120,1,4474031,2026-03-11 12:26:09,2026-03-11 12:26:09
W0000416,W0000182,1,20599588,2026-02-26 08:03:44,2026-02-26 08:03:44
W0000416,W0000196,1,3857960,2026-06-19 16:31:16,2026-06-19 16:31:16
W0000416,W0000203,1,4474031,2026-03-11 12:26:09,2026-03-11 12:26:09
W0000416,W0000228,1,54260804,2026-04-28 19:35:25,2026-04-28 19:35:25
W0000416,W0000292,1,116469552,2026-05-23 13:55:38,2026-05-23 13:55:38
W0000416,W0000309,1,20599588,2026-02-26 08:03:44,2026-02-26 08:03:44
W0000416,W0000348,1,3857960,2026-06-19 16:31:16,2026-06-19 16:31:16
W0000416,W0000387,1,20101750,2026-01-20 04:20:59,2026-01-20 04:20:59
W0000416,W0000405,1,14832923,2026-04-18 20:18:39,2026-04-18 20:18:39
W0000416,W0000410,1,54260804,2026-04-28 19:35:25,2026-04-28 19:35:25
W0000416,W0000411,1,13817538,2026-05-06 10:13:33,2026-05-06 10:13:33
W0000416,W0000431,2,40701338,2026-01-20 04:20:59,2026-02-26 08:03:44
W0000416,W0000442,1,6836755,2026-02-14 01:07:50,2026-02-14 01:07:50
W0000416,W0000457,1,54260804,2026-04-28 19:35:25,2026-04-28 19:35:25
W0000416,W0000471,1,116469552,2026-05-23 13:55:38,2026-05-23 13:55:38
W0000416,W0000493,1,14832923,2026-04-18 20:18:39,2026-04-18 20:18:39
W0000416,W0000494,1,6836755,2026-02-14 01:07:50,2026-02-14 01:07:50
W0000417,W0000015,1,116033479,2026-03-04 20:29:32,2026-03-04 20:29:32
W0000417,W0000024,1,24726027,2026-05-19 23:59:52,2026-05-19 23:59:52
W0000417,W0000072,1,17321060,2026-03-16 21:19:14,2026-03-16 21:19:14
W0000417,W0000077,1,62914385,2026-05-19 04:16:16,2026-05-19 04:16:16
W0000417,W0000085,1,20780094,2026-06-22 14:06:11,2026-06-22 14:06:11
W0000417,W0000168,1,47681934,2026-05-09 04:35:26,2026-05-09 04:35:26
W0000417,W0000202,1,11277393,2026-02-25 08:47:44,2026-02-25 08:47:44
W0000417,W0000227,1,93343685,2026-04-20 08:33:21,2026-04-20 08:33:21
W0000417,W0000231,1,62914385,2026-05-19 04:16:16,2026-05-19 04:16:16
W0000417,W0000241,1,131955439,2026-03-02 20:49:46,2026-03-02 20:49:46
W0000417,W0000254,1,47681934,2026-05-09 04:35:26,2026-05-09 04:35:26
W0000417,W0000256,1,17282971,2026-04-08 03:22:41,2026-04-08 03:22:41
W0000417,W0000300,1,3893024,2026-04-17 15:48:13,2026-04-17 15:48:13
W0000417,W0000349,1,11277393,2026-02-25 08:47:44,2026-02-25 08:47:44
W0000417,W0000375,1,17321060,2026-03-16 21:19:14,2026-03-16 21:19:14
W0000417,W0000478,1,305401632,2026-05-16 17:37:04,2026-05-16 17:37:04
W0000417,W0000494,1,17282971,2026-04-08 03:22:41,2026-04-08 03:22:41
W0000418,W0000005,1,24991213,2026-01-28 15:34:51,2026-01-28 15:34:51
W0000418,W0000056,1,12713184,2026-03-25 08:44:36,2026-03-25 08:44:36
W0000418,W0000108,1,7891025,2026-04-13 09:03:41,2026-04-13 09:03:41
W0000418,W0000122,1,4962264,2026-05-24 02:10:18,2026-05-24 02:10:18
W0000418,W0000130,1,30595252,2026-02-07 02:36:23,2026-02-07 02:36:23
W0000418,W0000132,1,18328864,2026-05-31 17:37:44,2026-05-31 17:37:44
W0000418,W0000141,1,7968114,2026-02-20 00:46:10,2026-02-20 00:46:10
W0000418,W0000153,1,20069032,2026-06-26 00:31:32,2026-06-26 00:31:32
W0000418,W0000158,1,11568787,2026-02-27 04:32:59,2026-02-27 04:32:59
W0000418,W0000250,1,15680535,2026-03-13 08:46:02,2026-03-13 08:46:02
W0000418,W0000276,1,9651188,2026-02-11 03:01:59,2026-02-11 03:01:59
W0000418,W0000327,1,127955772,2026-03-06 04:30:23,2026-03-06 04:30:23
W0000418,W0000427,1,17917275,2026-06-05 01:23:00,2026-06-05 01:23:00
W0000418,W0000480,1,25329560,2026-03-04 11:08:27,2026-03-04 11:08:27
W0000418,W0000498,1,13642313,2026-06-27 08:12:29,2026-06-27 08:12:29
W0000419,W0000003,1,7314155,2026-02-13 01:40:02,2026-02-13 01:40:02
W0000419,W0000012,1,1356640,2026-06-05 00:37:06,2026-06-05 00:37:06
W0000419,W0000032,1,13772370,2026-06-06 10:39:26,2026-06-06 10:39:26
W0000419,W0000041,1,25623120,2026-06-03 06:27:12,2026-06-03 06:27:12
W0000419,W0000046,1,13128479,2026-01-24 20:40:01,2026-01-24 20:40:01
W0000419,W0000052,1,5390140,2026-02-19 14:07:43,2026-02-19 14:07:43
W0000419,W0000053,1,180408991,2026-04-29 05:13:29,2026-04-29 05:13:29
W0000419,W0000094,1,37421184,2026-06-23 14:17:10,2026-06-23 14:17:10
W0000419,W0000096,1,3794099,2026-04-25 22:02:38,2026-04-25 22:02:38
W0000419,W0000099,1,7611986,2026-01-17 16:08:36,2026-01-17 16:08:36
W0000419,W0000107,1,13128479,2026-01-24 20:40:01,2026-01-24 20:40:01
W0000419,W0000131,1,7314155,2026-02-13 01:40:02,2026-02-13 01:40:02
W0000419,W0000136,1,7314155,2026-02-13 01:40:02,2026-02-13 01:40:02
W0000419,W0000172,1,20083773,2026-02-14 01:38:47,2026-02-14 01:38:47
W0000419,W0000193,1,5390140,2026-02-19 14:07:43,2026-02-19 14:07:43
W0000419,W0000203,2,14926141,2026-01-17 16:08:36,2026-02-13 01:40:02
W0000419,W0000208,1,22637518,2026-06-09 16:13:17,2026-06-09 16:13:17
W0000419,W0000213,1,180408991,2026-04-29 05:13:29,2026-04-29 05:13:29
W0000419,W0000215,1,180408991,2026-04-29 05:13:29,2026-04-29 05:13:29
W0000419,W0000216,1,23411249,2026-05-24 14:59:42,2026-05-24 14:59:42
W0000419,W0000237,1,1356640,2026-06-05 00:37:06,2026-06-05 00:37:06
W0000419,W0000241,1,3794099,2026-04-25 22:02:38,2026-04-25 22:02:38
W0000419,W0000254,1,23411249,2026-05-24 14:59:42,2026-05-24 14:59:42
W0000419,W0000275,1,30224952,2026-03-11 16:40:50,2026-03-11 16:40:50
W0000419,W0000293,1,37421184,2026-06-23 14:17:10,2026-06-23 14:17:10
W0000419,W0000310,1,3794099,2026-04-25 22:02:38,2026-04-25 22:02:38
W0000419,W0000331,1,1356640,2026-06-05 00:37:06,2026-06-05 00:37:06
W0000419,W0000340,1,13772370,2026-06-06 10:39:26,2026-06-06 10:39:26
W0000419,W0000362,1,3794099,2026-04-25 22:02:38,2026-04-25 22:02:38
W0000419,W0000368,1,27292935,2026-05-13 23:40:10,2026-05-13 23:40:10
W0000419,W0000402,1,7611986,2026-01-17 16:08:36,2026-01-17 16:08:36
W0000419,W0000408,2,7800086,2026-01-12 23:35:52,2026-02-19 14:07:43
W0000419,W0000414,1,170531915,2026-01-29 06:16:13,2026-01-29 06:16:13
W0000419,W0000427,1,13128479,2026-01-24 20:40:01,2026-01-24 20:40:01
W0000419,W0000445,1,25623120,2026-06-03 06:27:12,2026-06-03 06:27:12
W0000419,W0000451,1,13772370,2026-06-06 10:39:26,2026-06-06 10:39:26
W0000419,W0000453,1,20083773,2026-02-14 01:38:47,2026-02-14 01:38:47
W0000419,W0000463,1,30045394,2026-06-19 06:37:40,2026-06-19 06:37:40
W0000419,W0000469,1,13772370,2026-06-06 10:39:26,2026-06-06 10:39:26
W0000419,W0000471,1,13101560,2026-05-12 06:17:13,2026-05-12 06:17:13
W0000419,W0000481,1,22637518,2026-06-09 16:13:17,2026-06-09 16:13:17
W0000420,W0000036,1,5314677,2026-06-16 16:11:29,2026-06-16 16:11:29
W0000420,W0000066,1,10044317,2026-06-11 04:59:16,2026-06-11 04:59:16
W0000420,W0000069,1,2692582,2026-03-30 22:55:22,2026-03-30 22:55:22
W0000420,W0000102,1,34619296,2026-05-15 14:27:10,2026-05-15 14:27:10
W0000420,W0000117,1,2692582,2026-03-30 22:55:22,2026-03-30 22:55:22
W0000420,W0000120,1,3835976,2026-05-19 23:18:31,2026-05-19 23:18:31
W0000420,W0000134,1,2105825,2026-01-01 14:04:37,2026-01-01 14:04:37
W0000420,W0000138,1,10633829,2026-01-12 10:15:38,2026-01-12 10:15:38
W0000420,W0000149,1,19357681,2026-04-12 23:55:54,2026-04-12 23:55:54
W0000420,W0000151,1,8816327,2026-01-04 09:38:39,2026-01-04 09:38:39
W0000420,W0000153,1,21723705,2026-06-14 03:04:53,2026-06-14 03:04:53
W0000420,W0000157,1,21723705,2026-06-14 03:04:53,2026-06-14 03:04:53
W0000420,W0000177,1,12906262,2026-02-22 01:27:19,2026-02-22 01:27:19
W0000420,W0000182,1,4022504,2026-06-17 03:15:11,2026-06-17 03:15:11
W0000420,W0000219,2,19464224,2026-02-21 12:14:42,2026-06-08 03:23:43
W0000420,W0000227,1,13772443,2026-03-09 17:51:15,2026-03-09 17:51:15
W0000420,W0000322,1,10647316,2026-05-03 21:41:05,2026-05-03 21:41:05
W0000420,W0000341,1,2114167,2026-06-23 10:18:08,2026-06-23 10:18:08
W0000420,W0000387,1,2817432,2026-01-27 22:35:44,2026-01-27 22:35:44
W0000420,W0000432,1,2105825,2026-01-01 14:04:37,2026-01-01 14:04:37
W0000420,W0000443,1,21723705,2026-06-14 03:04:53,2026-06-14 03:04:53
W0000420,W0000444,1,3835976,2026-05-19 23:18:31,2026-05-19 23:18:31
W0000420,W0000446,1,11198570,2026-05-09 13:13:58,2026-05-09 13:13:58
W0000420,W0000475,1,24903488,2026-03-19 21:03:35,2026-03-19 21:03:35
W0000420,W0000483,1,3093004,2026-06-02 21:32:16,2026-06-02 21:32:16
W0000420,W0000486,1,16513379,2026-01-04 23:54:25,2026-01-04 23:54:25
W0000420,W0000493,1,14555331,2026-04-18 21:40:36,2026-04-18 21:40:36
W0000420,W0000494,1,5280859,2026-02-04 23:00:46,2026-02-04 23:00:46
W0000421,W0000013,1,11547497,2026-05-04 07:27:52,2026-05-04 07:27:52
W0000421,W0000030,1,6032680,2026-01-06 16:43:36,2026-01-06 16:43:36
W0000421,W0000041,1,10062863,2026-01-22 18:08:10,2026-01-22 18:08:10
W0000421,W0000048,1,23716915,2026-05-06 08:51:27,2026-05-06 08:51:27
W0000421,W0000084,1,26726185,2026-01-30 19:19:18,2026-01-30 19:19:18
W0000421,W0000100,1,54783372,2026-05-31 12:11:43,2026-05-31 12:11:43
W0000421,W0000117,1,14983704,2026-05-09 03:58:39,2026-05-09 03:58:39
W0000421,W0000134,1,39349675,2026-03-23 21:26:10,2026-03-23 21:26:10
W0000421,W0000135,1,13201345,2026-06-19 08:47:10,2026-06-19 08:47:10
W0000421,W0000144,1,32826301,2026-01-07 05:09:29,2026-01-07 05:09:29
W0000421,W0000153,1,11254600,2026-06-03 03:16:39,2026-06-03 03:16:39
W0000421,W0000160,1,2983406,2026-04-17 13:24:14,2026-04-17 13:24:14
W0000421,W0000175,1,2027698,2026-04-17 18:49:39,2026-04-17 18:49:39
W0000421,W0000202,1,26569486,2026-05-13 00:02:17,2026-05-13 00:02:17
W0000421,W0000208,1,18724980,2026-05-06 04:52:14,2026-05-06 04:52:14
W0000421,W0000235,1,47739934,2026-05-03 05:58:52,2026-05-03 05:58:52
W0000421,W0000264,1,3170385,2026-03-28 12:26:44,2026-03-28 12:26:44
W0000421,W0000296,1,2701479,2026-01-09 03:08:34,2026-01-09 03:08:34
W0000421,W0000310,1,22773928,2026-04-07 00:26:50,2026-04-07 00:26:50
W0000421,W0000365,1,4786777,2026-03-18 16:57:35,2026-03-18 16:57:35
W0000421,W0000370,1,7199478,2026-01-07 19:38:48,2026-01-07 19:38:48
W0000421,W0000424,1,20407568,2026-06-18 12:19:09,2026-06-18 12:19:09
W0000421,W0000445,1,6890546,2026-01-16 10:50:55,2026-01-16 10:50:55
W0000421,W0000466,1,5510594,2026-04-05 09:41:52,2026-04-05 09:41:52
W0000422,W0000020,1,43738149,2026-06-11 06:11:30,2026-06-11 06:11:30
W0000422,W0000071,1,5757866,2026-04-17 15:17:29,2026-04-17 15:17:29
W0000422,W0000127,1,54925914,2026-03-31 01:04:30,2026-03-31 01:04:30
W0000422,W0000142,1,1137716,2026-01-06 20:33:35,2026-01-06 20:33:35
W0000422,W0000143,1,2060657,2026-02-06 19:07:03,2026-02-06 19:07:03
W0000422,W0000146,1,24163933,2026-01-03 16:02:59,2026-01-03 16:02:59
W0000422,W0000151,1,15003836,2026-01-16 13:08:53,2026-01-16 13:08:53
W0000422,W0000153,1,1218556,2026-04-01 21:06:48,2026-04-01 21:06:48
W0000422,W0000209,1,24662208,2026-04-12 15:21:28,2026-04-12 15:21:28
W0000422,W0000213,1,10164665,2026-06-07 15:07:22,2026-06-07 15:07:22
W0000422,W0000276,1,10135108,2026-01-04 22:32:01,2026-01-04 22:32:01
W0000422,W0000347,1,59367591,2026-02-05 00:35:04,2026-02-05 00:35:04
W0000422,W0000352,1,36049811,2026-05-06 04:26:59,2026-05-06 04:26:59
W0000422,W0000425,1,1571428,2026-04-23 09:19:51,2026-04-23 09:19:51
W0000422,W0000429,2,32692116,2026-03-04 02:08:26,2026-04-06 22:40:30
W0000422,W0000450,1,6248721,2026-04-11 01:28:24,2026-04-11 01:28:24
W0000422,W0000458,1,43764114,2026-02-11 05:50:16,2026-02-11 05:50:16
W0000422,W0000477,1,16444505,2026-01-30 01:57:41,2026-01-30 01:57:41
W0000423,W0000046,1,15583442,2026-01-02 07:53:36,2026-01-02 07:53:36
W0000423,W0000056,1,7296398,2026-01-01 05:25:26,2026-01-01 05:25:26
W0000423,W0000072,1,4314377,2026-06-10 18:39:20,2026-06-10 18:39:20
W0000423,W0000127,1,13859641,2026-02-05 04:18:11,2026-02-05 04:18:11
W0000423,W0000135,1,5558379,2026-03-22 04:05:57,2026-03-22 04:05:57
W0000423,W0000136,1,6388909,2026-01-13 01:17:48,2026-01-13 01:17:48
W0000423,W0000157,1,11219878,2026-01-24 07:08:13,2026-01-24 07:08:13
W0000423,W0000215,1,3037702,2026-04-08 08:37:01,2026-04-08 08:37:01
W0000423,W0000220,1,42374251,2026-02-20 11:33:38,2026-02-20 11:33:38
W0000423,W0000285,1,13859641,2026-02-05 04:18:11,2026-02-05 04:18:11
W0000423,W0000291,1,13066683,2026-05-17 18:01:03,2026-05-17 18:01:03
W0000423,W0000302,1,52647666,2026-05-14 03:08:12,2026-05-14 03:08:12
W0000423,W0000352,1,5725805,2026-06-07 09:26:49,2026-06-07 09:26:49
W0000423,W0000387,1,88015999,2026-06-02 21:24:48,2026-06-02 21:24:48
W0000423,W0000407,1,8697466,2026-06-19 02:19:19,2026-06-19 02:19:19
W0000423,W0000411,1,14197446,2026-04-09 17:08:20,2026-04-09 17:08:20
W0000423,W0000470,1,17150730,2026-05-22 02:23:34,2026-05-22 02:23:34
W0000423,W0000480,1,8697466,2026-06-19 02:19:19,2026-06-19 02:19:19
W0000423,W0000489,1,42374251,2026-02-20 11:33:38,2026-02-20 11:33:38
W0000424,W0000044,1,1887889,2026-06-01 21:15:33,2026-06-01 21:15:33
W0000424,W0000045,1,19318891,2026-01-05 06:10:24,2026-01-05 06:10:24
W0000424,W0000052,1,129241669,2026-05-20 06:17:44,2026-05-20 06:17:44
W0000424,W0000138,1,65253128,2026-01-10 02:22:50,2026-01-10 02:22:50
W0000424,W0000145,1,22071850,2026-03-22 11:41:36,2026-03-22 11:41:36
W0000424,W0000152,1,1587853,2026-03-20 22:08:20,2026-03-20 22:08:20
W0000424,W0000215,1,23663549,2026-02-09 09:23:58,2026-02-09 09:23:58
W0000424,W0000242,1,7405158,2026-04-22 04:42:03,2026-04-22 04:42:03
W0000424,W0000255,1,3160750,2026-03-19 07:28:07,2026-03-19 07:28:07
W0000424,W0000266,1,14103752,2026-06-21 13:33:18,2026-06-21 13:33:18
W0000424,W0000278,1,22312547,2026-03-27 23:22:00,2026-03-27 23:22:00
W0000424,W0000283,1,6605741,2026-01-31 16:37:41,2026-01-31 16:37:41
W0000424,W0000289,1,268260,2026-06-14 05:43:47,2026-06-14 05:43:47
W0000424,W0000309,1,8116616,2026-06-16 07:55:14,2026-06-16 07:55:14
W0000424,W0000317,1,3228589,2026-03-19 03:56:45,2026-03-19 03:56:45
W0000424,W0000319,1,8778662,2026-04-23 12:52:25,2026-04-23 12:52:25
W0000424,W0000353,1,4669814,2026-06-14 02:09:41,2026-06-14 02:09:41
W0000424,W0000382,1,2659875,2026-06-12 05:02:24,2026-06-12 05:02:24
W0000424,W0000388,1,10150049,2026-01-11 01:09:03,2026-01-11 01:09:03
W0000424,W0000410,1,7461573,2026-02-25 06:59:56,2026-02-25 06:59:56
W0000424,W0000450,1,4887783,2026-06-28 15:41:30,2026-06-28 15:41:30
W0000424,W0000471,1,17646413,2026-01-09 16:34:54,2026-01-09 16:34:54
W0000424,W0000485,1,16762152,2026-03-08 02:45:11,2026-03-08 02:45:11
W0000425,W0000005,1,3483177,2026-02-25 21:27:28,2026-02-25 21:27:28
W0000425,W0000047,1,2769090,2026-01-22 23:25:04,2026-01-22 23:25:04
W0000425,W0000048,1,5177028,2026-05-15 02:25:51,2026-05-15 02:25:51
W0000425,W0000055,1,5295881,2026-04-10 17:18:24,2026-04-10 17:18:24
W0000425,W0000082,1,23987956,2026-05-05 02:28:39,2026-05-05 02:28:39
W0000425,W0000084,1,10508623,2026-06-22 10:35:40,2026-06-22 10:35:40
W0000425,W0000125,1,1877376,2026-02-07 03:01:18,2026-02-07 03:01:18
W0000425,W0000137,1,8983391,2026-04-01 05:28:10,2026-04-01 05:28:10
W0000425,W0000154,1,6410243,2026-05-22 12:27:18,2026-05-22 12:27:18
W0000425,W0000161,1,8392589,2026-02-13 00:46:53,2026-02-13 00:46:53
W0000425,W0000179,1,2811836,2026-06-12 00:42:40,2026-06-12 00:42:40
W0000425,W0000184,1,2764448,2026-01-01 03:47:18,2026-01-01 03:47:18
W0000425,W0000198,1,30154647,2026-05-20 05:26:32,2026-05-20 05:26:32
W0000425,W0000215,1,875239,2026-04-11 08:48:41,2026-04-11 08:48:41
W0000425,W0000231,1,29690367,2026-04-20 09:06:17,2026-04-20 09:06:17
W0000425,W0000251,1,51963738,2026-02-28 05:07:31,2026-02-28 05:07:31
W0000425,W0000266,1,10791833,2026-01-07 04:11:45,2026-01-07 04:11:45
W0000425,W0000323,1,2711237,2026-01-09 04:28:36,2026-01-09 04:28:36
W0000425,W0000373,1,17115304,2026-03-02 20:46:12,2026-03-02 20:46:12
W0000425,W0000390,1,20997271,2026-01-10 11:40:27,2026-01-10 11:40:27
W0000425,W0000468,1,4562860,2026-03-05 17:57:50,2026-03-05 17:57:50
W0000425,W0000484,1,133202717,2026-05-10 08:31:59,2026-05-10 08:31:59
W0000426,W0000016,1,15277478,2026-02-02 17:15:04,2026-02-02 17:15:04
W0000426,W0000070,1,6568660,2026-04-05 04:58:23,2026-04-05 04:58:23
W0000426,W0000073,1,8027534,2026-01-11 12:29:16,2026-01-11 12:29:16
W0000426,W0000075,1,12814869,2026-06-06 17:58:33,2026-06-06 17:58:33
W0000426,W0000079,1,1575223,2026-02-01 10:49:14,2026-02-01 10:49:14
W0000426,W0000105,1,18464429,2026-04-08 04:57:57,2026-04-08 04:57:57
W0000426,W0000108,1,25183163,2026-01-08 07:43:50,2026-01-08 07:43:50
W0000426,W0000117,1,25391114,2026-06-23 01:08:31,2026-06-23 01:08:31
W0000426,W0000126,1,6593483,2026-04-25 21:05:17,2026-04-25 21:05:17
W0000426,W0000154,1,845116,2026-01-19 02:59:23,2026-01-19 02:59:23
W0000426,W0000160,1,14864981,2026-03-19 17:07:03,2026-03-19 17:07:03
W0000426,W0000164,1,38267165,2026-03-20 05:18:14,2026-03-20 05:18:14
W0000426,W0000169,1,11718084,2026-06-23 08:32:51,2026-06-23 08:32:51
W0000426,W0000226,1,31472863,2026-04-13 12:16:32,2026-04-13 12:16:32
W0000426,W0000253,1,95085388,2026-03-02 06:00:07,2026-03-02 06:00:07
W0000426,W0000273,1,20365050,2026-04-23 01:48:20,2026-04-23 01:48:20
W0000426,W0000294,1,15159738,2026-06-30 16:22:26,2026-06-30 16:22:26
W0000426,W0000304,1,5618083,2026-01-05 02:40:57,2026-01-05 02:40:57
W0000426,W0000331,2,50439916,2026-05-07 17:52:45,2026-06-16 01:57:21
W0000426,W0000384,1,1880552,2026-01-23 11:48:00,2026-01-23 11:48:00
W0000426,W0000434,1,71587850,2026-04-13 01:23:45,2026-04-13 01:23:45
W0000426,W0000460,1,15586363,2026-03-08 09:55:29,2026-03-08 09:55:29
W0000426,W0000468,1,11257727,2026-03-01 00:02:20,2026-03-01 00:02:20
W0000426,W0000482,1,9747358,2026-06-07 14:56:53,2026-06-07 14:56:53
W0000427,W0000024,1,4949091,2026-04-27 12:23:14,2026-04-27 12:23:14
W0000427,W0000060,1,14565679,2026-01-26 08:15:19,2026-01-26 08:15:19
W0000427,W0000097,1,47214783,2026-05-21 02:40:12,2026-05-21 02:40:12
W0000427,W0000121,1,42082392,2026-03-26 22:10:24,2026-03-26 22:10:24
W0000427,W0000125,1,17844037,2026-01-31 16:47:30,2026-01-31 16:47:30
W0000427,W0000150,1,3649830,2026-03-18 19:54:35,2026-03-18 19:54:35
W0000427,W0000153,1,3832495,2026-06-02 04:38:11,2026-06-02 04:38:11
W0000427,W0000171,1,10081334,2026-04-26 01:50:37,2026-04-26 01:50:37
W0000427,W0000209,1,10383798,2026-02-24 07:41:00,2026-02-24 07:41:00
W0000427,W0000216,1,21906546,2026-06-25 15:45:30,2026-06-25 15:45:30
W0000427,W0000235,1,25925582,2026-02-09 13:57:45,2026-02-09 13:57:45
W0000427,W0000247,1,57556509,2026-02-02 00:05:35,2026-02-02 00:05:35
W0000427,W0000252,1,4490527,2026-04-22 06:23:23,2026-04-22 06:23:23
W0000427,W0000341,1,13539122,2026-05-07 22:18:58,2026-05-07 22:18:58
W0000427,W0000348,1,22372261,2026-01-25 12:19:22,2026-01-25 12:19:22
W0000427,W0000366,1,17727827,2026-03-25 06:56:06,2026-03-25 06:56:06
W0000427,W0000411,1,14744739,2026-03-12 02:02:14,2026-03-12 02:02:14
W0000427,W0000417,1,4292135,2026-02-16 14:22:06,2026-02-16 14:22:06
W0000427,W0000458,1,7461235,2026-06-20 00:46:09,2026-06-20 00:46:09
W0000428,W0000053,1,3291044,2026-04-11 17:55:39,2026-04-11 17:55:39
W0000428,W0000105,1,12162283,2026-03-15 23:43:03,2026-03-15 23:43:03
W0000428,W0000118,1,12099397,2026-02-01 19:09:57,2026-02-01 19:09:57
W0000428,W0000132,1,4579913,2026-03-03 14:53:52,2026-03-03 14:53:52
W0000428,W0000146,1,4492125,2026-04-29 08:53:28,2026-04-29 08:53:28
W0000428,W0000242,1,2291944,2026-06-11 04:18:53,2026-06-11 04:18:53
W0000428,W0000283,1,54120966,2026-01-25 17:56:21,2026-01-25 17:56:21
W0000428,W0000317,1,9802310,2026-06-01 06:06:59,2026-06-01 06:06:59
W0000428,W0000318,1,4308982,2026-02-06 15:48:17,2026-02-06 15:48:17
W0000428,W0000338,1,10852658,2026-06-16 04:36:46,2026-06-16 04:36:46
W0000428,W0000403,2,40104779,2026-02-21 10:31:42,2026-04-26 14:37:59
W0000428,W0000457,1,21304556,2026-04-13 18:40:06,2026-04-13 18:40:06
W0000428,W0000470,1,4662100,2026-05-29 03:22:04,2026-05-29 03:22:04
W0000429,W0000001,1,3876340,2026-01-05 15:51:07,2026-01-05 15:51:07
W0000429,W0000004,1,70996494,2026-01-22 19:34:08,2026-01-22 19:34:08
W0000429,W0000045,1,9758254,2026-02-13 03:29:36,2026-02-13 03:29:36
W0000429,W0000062,1,14045582,2026-02-06 05:43:02,2026-02-06 05:43:02
W0000429,W0000064,1,36132843,2026-01-31 16:15:23,2026-01-31 16:15:23
W0000429,W0000119,1,10397635,2026-01-19 08:21:35,2026-01-19 08:21:35
W0000429,W0000204,1,15153817,2026-05-31 12:03:19,2026-05-31 12:03:19
W0000429,W0000228,1,5028336,2026-04-26 21:08:32,2026-04-26 21:08:32
W0000429,W0000296,1,7181605,2026-06-08 04:12:11,2026-06-08 04:12:11
W0000429,W0000329,1,23896487,2026-02-14 15:20:53,2026-02-14 15:20:53
W0000429,W0000344,1,10697486,2026-02-19 22:00:44,2026-02-19 22:00:44
W0000429,W0000354,1,17382068,2026-03-28 06:39:16,2026-03-28 06:39:16
W0000429,W0000441,1,7617855,2026-06-30 05:25:37,2026-06-30 05:25:37
W0000429,W0000460,1,23596870,2026-05-25 16:49:38,2026-05-25 16:49:38
W0000429,W0000462,1,6039777,2026-05-18 17:37:09,2026-05-18 17:37:09
W0000429,W0000471,1,189682792,2026-03-16 09:53:12,2026-03-16 09:53:12
W0000429,W0000483,1,3419146,2026-05-22 04:14:45,2026-05-22 04:14:45
W0000430,W0000028,1,3078565,2026-01-20 21:36:45,2026-01-20 21:36:45
W0000430,W0000039,1,1031659,2026-05-02 05:17:19,2026-05-02 05:17:19
W0000430,W0000040,1,4220971,2026-03-28 07:52:33,2026-03-28 07:52:33
W0000430,W0000053,1,41414720,2026-03-21 03:36:22,2026-03-21 03:36:22
W0000430,W0000086,1,22330993,2026-01-08 02:57:35,2026-01-08 02:57:35
W0000430,W0000144,1,122808878,2026-04-27 11:37:36,2026-04-27 11:37:36
W0000430,W0000177,1,9446214,2026-03-26 16:31:31,2026-03-26 16:31:31
W0000430,W0000185,1,12696601,2026-06-20 13:38:34,2026-06-20 13:38:34
W0000430,W0000199,1,2296633,2026-04-09 08:00:29,2026-04-09 08:00:29
W0000430,W0000202,1,38505267,2026-02-04 15:33:49,2026-02-04 15:33:49
W0000430,W0000206,1,11500872,2026-04-02 15:26:47,2026-04-02 15:26:47
W0000430,W0000215,1,20080243,2026-05-16 01:30:00,2026-05-16 01:30:00
W0000430,W0000231,1,27006715,2026-06-22 13:32:47,2026-06-22 13:32:47
W0000430,W0000261,1,5840646,2026-02-02 08:03:20,2026-02-02 08:03:20
W0000430,W0000269,1,8753454,2026-04-19 12:41:16,2026-04-19 12:41:16
W0000430,W0000285,1,3195659,2026-04-21 07:28:16,2026-04-21 07:28:16
W0000430,W0000431,1,34967640,2026-02-27 16:45:06,2026-02-27 16:45:06
W0000430,W0000485,1,6259374,2026-01-10 10:05:36,2026-01-10 10:05:36
W0000431,W0000021,1,28092369,2026-03-12 02:39:58,2026-03-12 02:39:58
W0000431,W0000029,1,28092369,2026-03-12 02:39:58,2026-03-12 02:39:58
W0000431,W0000057,2,78194271,2026-03-12 13:55:38,2026-04-13 06:15:31
W0000431,W0000062,1,15305985,2026-03-13 00:27:15,2026-03-13 00:27:15
W0000431,W0000067,1,9625122,2026-06-12 23:34:21,2026-06-12 23:34:21
W0000431,W0000071,1,5834008,2026-04-26 09:10:28,2026-04-26 09:10:28
W0000431,W0000079,2,51893730,2026-02-16 18:13:55,2026-04-15 17:41:18
W0000431,W0000096,1,15602186,2026-01-26 04:16:24,2026-01-26 04:16:24
W0000431,W0000108,1,70904539,2026-04-13 06:15:31,2026-04-13 06:15:31
W0000431,W0000129,1,14459584,2026-01-09 13:37:51,2026-01-09 13:37:51
W0000431,W0000138,1,70904539,2026-04-13 06:15:31,2026-04-13 06:15:31
W0000431,W0000161,1,8365566,2026-03-20 10:38:47,2026-03-20 10:38:47
W0000431,W0000166,1,57345987,2026-03-04 02:49:12,2026-03-04 02:49:12
W0000431,W0000170,1,7994326,2026-02-14 15:32:56,2026-02-14 15:32:56
W0000431,W0000174,1,19308272,2026-05-14 07:02:17,2026-05-14 07:02:17
W0000431,W0000177,1,7289732,2026-03-12 13:55:38,2026-03-12 13:55:38
W0000431,W0000185,1,21072718,2026-04-07 08:32:12,2026-04-07 08:32:12
W0000431,W0000192,1,18949799,2026-04-15 17:41:18,2026-04-15 17:41:18
W0000431,W0000208,1,5357989,2026-06-05 19:08:46,2026-06-05 19:08:46
W0000431,W0000222,1,5033130,2026-05-09 03:30:57,2026-05-09 03:30:57
W0000431,W0000223,1,14459584,2026-01-09 13:37:51,2026-01-09 13:37:51
W0000431,W0000236,1,19308272,2026-05-14 07:02:17,2026-05-14 07:02:17
W0000431,W0000237,1,14459584,2026-01-09 13:37:51,2026-01-09 13:37:51
W0000431,W0000249,1,15305985,2026-03-13 00:27:15,2026-03-13 00:27:15
W0000431,W0000258,2,11043467,2026-03-29 19:17:36,2026-06-12 23:34:21
W0000431,W0000277,1,5357989,2026-06-05 19:08:46,2026-06-05 19:08:46
W0000431,W0000285,2,86506725,2026-01-26 04:16:24,2026-04-13 06:15:31
W0000431,W0000290,1,8365566,2026-03-20 10:38:47,2026-03-20 10:38:47
W0000431,W0000324,1,2219240,2026-06-24 18:48:46,2026-06-24 18:48:46
W0000431,W0000342,1,7289732,2026-03-12 13:55:38,2026-03-12 13:55:38
W0000431,W0000355,1,18714006,2026-03-21 01:00:20,2026-03-21 01:00:20
W0000431,W0000369,1,9164737,2026-04-19 10:16:55,2026-04-19 10:16:55
W0000431,W0000384,1,21072718,2026-04-07 08:32:12,2026-04-07 08:32:12
W0000431,W0000413,1,7289732,2026-03-12 13:55:38,2026-03-12 13:55:38
W0000431,W0000421,1,24243806,2026-04-05 18:38:20,2026-04-05 18:38:20
W0000431,W0000439,1,18714006,2026-03-21 01:00:20,2026-03-21 01:00:20
W0000431,W0000442,1,15602186,2026-01-26 04:16:24,2026-01-26 04:16:24
W0000431,W0000452,1,5357989,2026-06-05 19:08:46,2026-06-05 19:08:46
W0000431,W0000464,1,48579093,2026-06-21 23:04:43,2026-06-21 23:04:43
W0000431,W0000467,1,32943931,2026-02-16 18:13:55,2026-02-16 18:13:55
W0000431,W0000478,1,5033130,2026-05-09 03:30:57,2026-05-09 03:30:57
W0000432,W0000065,1,2964187,2026-01-26 11:17:04,2026-01-26 11:17:04
W0000432,W0000075,1,5322125,2026-05-31 14:48:16,2026-05-31 14:48:16
W0000432,W0000100,1,3140834,2026-03-09 07:49:58,2026-03-09 07:49:58
W0000432,W0000103,1,28769028,2026-03-15 18:46:14,2026-03-15 18:46:14
W0000432,W0000111,1,5455720,2026-05-06 13:18:53,2026-05-06 13:18:53
W0000432,W0000137,1,37623222,2026-01-29 22:10:00,2026-01-29 22:10:00
W0000432,W0000140,1,10684766,2026-05-04 18:37:40,2026-05-04 18:37:40
W0000432,W0000147,1,15369384,2026-04-24 16:25:12,2026-04-24 16:25:12
W0000432,W0000150,1,24350549,2026-01-24 16:40:10,2026-01-24 16:40:10
W0000432,W0000167,1,40137012,2026-05-08 21:34:19,2026-05-08 21:34:19
W0000432,W0000186,1,6950588,2026-05-15 21:35:38,2026-05-15 21:35:38
W0000432,W0000193,1,18355928,2026-04-02 16:35:19,2026-04-02 16:35:19
W0000432,W0000198,1,4428949,2026-03-10 22:25:04,2026-03-10 22:25:04
W0000432,W0000222,1,3026996,2026-05-14 08:56:45,2026-05-14 08:56:45
W0000432,W0000239,1,3393173,2026-04-26 07:36:21,2026-04-26 07:36:21
W0000432,W0000271,1,3067547,2026-02-15 22:31:42,2026-02-15 22:31:42
W0000432,W0000317,1,19113622,2026-02-13 11:58:57,2026-02-13 11:58:57
W0000432,W0000318,1,12060697,2026-04-04 03:09:50,2026-04-04 03:09:50
W0000432,W0000354,1,8625699,2026-06-09 12:22:55,2026-06-09 12:22:55
W0000432,W0000375,1,1243267,2026-02-09 17:55:15,2026-02-09 17:55:15
W0000432,W0000389,1,5917559,2026-05-19 20:49:56,2026-05-19 20:49:56
W0000432,W0000454,1,19472365,2026-01-19 23:15:14,2026-01-19 23:15:14
W0000432,W0000461,1,40460892,2026-03-08 17:02:22,2026-03-08 17:02:22
W0000433,W0000001,1,22188139,2026-03-30 09:00:30,2026-03-30 09:00:30
W0000433,W0000021,1,22188139,2026-03-30 09:00:30,2026-03-30 09:00:30
W0000433,W0000025,1,13886254,2026-05-10 14:46:26,2026-05-10 14:46:26
W0000433,W0000029,1,95342998,2026-05-09 07:20:45,2026-05-09 07:20:45
W0000433,W0000031,1,23636695,2026-05-20 23:42:22,2026-05-20 23:42:22
W0000433,W0000071,1,143811924,2026-05-30 12:48:52,2026-05-30 12:48:52
W0000433,W0000186,1,8214755,2026-06-21 08:18:20,2026-06-21 08:18:20
W0000433,W0000195,1,23636695,2026-05-20 23:42:22,2026-05-20 23:42:22
W0000433,W0000197,1,3684511,2026-01-18 18:44:09,2026-01-18 18:44:09
W0000433,W0000203,1,8214755,2026-06-21 08:18:20,2026-06-21 08:18:20
W0000433,W0000235,1,12867128,2026-03-25 04:29:13,2026-03-25 04:29:13
W0000433,W0000307,1,6181821,2026-06-11 16:13:30,2026-06-11 16:13:30
W0000433,W0000382,1,23636695,2026-05-20 23:42:22,2026-05-20 23:42:22
W0000433,W0000386,1,143811924,2026-05-30 12:48:52,2026-05-30 12:48:52
W0000433,W0000404,1,70728723,2026-05-27 18:56:00,2026-05-27 18:56:00
W0000433,W0000423,1,3684511,2026-01-18 18:44:09,2026-01-18 18:44:09
W0000433,W0000439,1,143811924,2026-05-30 12:48:52,2026-05-30 12:48:52
W0000433,W0000458,1,13886254,2026-05-10 14:46:26,2026-05-10 14:46:26
W0000433,W0000477,1,8214755,2026-06-21 08:18:20,2026-06-21 08:18:20
W0000434,W0000013,1,2443116,2026-05-19 11:41:09,2026-05-19 11:41:09
W0000434,W0000017,1,2721648,2026-06-01 11:17:06,2026-06-01 11:17:06
W0000434,W0000020,1,7576322,2026-03-17 18:27:10,2026-03-17 18:27:10
W0000434,W0000043,1,20980413,2026-06-03 10:59:07,2026-06-03 10:59:07
W0000434,W0000056,1,38314213,2026-02-22 02:54:04,2026-02-22 02:54:04
W0000434,W0000076,1,3930980,2026-01-19 04:06:16,2026-01-19 04:06:16
W0000434,W0000082,1,4314004,2026-02-25 14:47:48,2026-02-25 14:47:48
W0000434,W0000107,2,18381455,2026-04-30 16:20:16,2026-06-18 19:23:27
W0000434,W0000115,1,6903778,2026-01-18 19:58:06,2026-01-18 19:58:06
W0000434,W0000123,1,3204079,2026-04-16 03:53:21,2026-04-16 03:53:21
W0000434,W0000139,1,11894085,2026-05-24 12:11:29,2026-05-24 12:11:29
W0000434,W0000170,1,39087001,2026-03-12 17:44:03,2026-03-12 17:44:03
W0000434,W0000193,1,13615627,2026-03-24 14:49:56,2026-03-24 14:49:56
W0000434,W0000194,1,7437868,2026-04-18 05:35:29,2026-04-18 05:35:29
W0000434,W0000205,1,8194859,2026-05-08 20:45:06,2026-05-08 20:45:06
W0000434,W0000217,1,5408821,2026-03-12 21:08:03,2026-03-12 21:08:03
W0000434,W0000232,1,18966354,2026-06-26 03:25:58,2026-06-26 03:25:58
W0000434,W0000242,1,5986246,2026-02-22 15:57:27,2026-02-22 15:57:27
W0000434,W0000263,1,4918660,2026-04-30 23:44:56,2026-04-30 23:44:56
W0000434,W0000267,1,1889937,2026-04-05 21:32:47,2026-04-05 21:32:47
W0000434,W0000304,1,7404665,2026-03-08 14:16:46,2026-03-08 14:16:46
W0000434,W0000307,1,8872975,2026-02-18 15:35:20,2026-02-18 15:35:20
W0000434,W0000391,1,1224443,2026-05-29 22:33:14,2026-05-29 22:33:14
W0000434,W0000423,1,33097571,2026-02-18 13:20:16,2026-02-18 13:20:16
W0000434,W0000435,1,38598087,2026-05-03 23:13:58,2026-05-03 23:13:58
W0000434,W0000444,1,2272656,2026-01-22 04:27:53,2026-01-22 04:27:53
W0000435,W0000012,1,141275742,2026-03-07 12:26:42,2026-03-07 12:26:42
W0000435,W0000073,1,26981872,2026-06-15 14:42:41,2026-06-15 14:42:41
W0000435,W0000121,1,5623868,2026-04-21 15:30:19,2026-04-21 15:30:19
W0000435,W0000138,1,26172835,2026-05-31 06:30:17,2026-05-31 06:30:17
W0000435,W0000142,1,7631870,2026-06-29 13:56:01,2026-06-29 13:56:01
W0000435,W0000187,1,5657369,2026-01-07 10:31:36,2026-01-07 10:31:36
W0000435,W0000190,1,5469263,2026-06-20 12:30:28,2026-06-20 12:30:28
W0000435,W0000203,1,6347675,2026-05-14 10:49:48,2026-05-14 10:49:48
W0000435,W0000211,1,31255358,2026-06-04 07:45:15,2026-06-04 07:45:15
W0000435,W0000234,1,6754826,2026-03-01 14:15:39,2026-03-01 14:15:39
W0000435,W0000243,1,1958073,2026-01-14 17:58:06,2026-01-14 17:58:06
W0000435,W0000252,1,3412908,2026-06-17 00:45:31,2026-06-17 00:45:31
W0000435,W0000255,1,1162963,2026-06-24 02:52:23,2026-06-24 02:52:23
W0000435,W0000288,1,10249214,2026-06-10 04:45:39,2026-06-10 04:45:39
W0000435,W0000297,1,4687258,2026-04-18 15:14:46,2026-04-18 15:14:46
W0000435,W0000337,1,5933247,2026-05-10 01:05:01,2026-05-10 01:05:01
W0000435,W0000344,2,6529473,2026-01-11 03:10:25,2026-04-21 21:03:38
W0000435,W0000348,1,2626515,2026-05-27 14:38:26,2026-05-27 14:38:26
W0000435,W0000353,1,60610042,2026-01-11 22:17:40,2026-01-11 22:17:40
W0000435,W0000384,1,4598868,2026-05-01 09:25:20,2026-05-01 09:25:20
W0000435,W0000389,1,45464710,2026-04-11 05:25:36,2026-04-11 05:25:36
W0000435,W0000393,1,10467912,2026-02-05 23:49:03,2026-02-05 23:49:03
W0000435,W0000456,1,10884249,2026-02-19 13:53:33,2026-02-19 13:53:33
W0000435,W0000496,1,4565844,2026-02-18 17:16:28,2026-02-18 17:16:28
W0000436,W0000006,1,5484793,2026-01-14 00:45:33,2026-01-14 00:45:33
W0000436,W0000020,1,28898363,2026-02-08 23:39:56,2026-02-08 23:39:56
W0000436,W0000025,2,23364239,2026-01-28 18:12:57,2026-03-19 07:49:34
W0000436,W0000026,1,28898363,2026-02-08 23:39:56,2026-02-08 23:39:56
W0000436,W0000066,1,7987142,2026-04-09 10:49:36,2026-04-09 10:49:36
W0000436,W0000088,1,15534421,2026-06-03 13:46:18,2026-06-03 13:46:18
W0000436,W0000092,1,27636231,2026-02-24 13:28:31,2026-02-24 13:28:31
W0000436,W0000099,1,28898363,2026-02-08 23:39:56,2026-02-08 23:39:56
W0000436,W0000103,1,5484793,2026-01-14 00:45:33,2026-01-14 00:45:33
W0000436,W0000112,1,26945437,2026-06-10 04:04:07,2026-06-10 04:04:07
W0000436,W0000122,1,3066769,2026-05-18 09:23:04,2026-05-18 09:23:04
W0000436,W0000174,1,15983446,2026-02-21 14:55:04,2026-02-21 14:55:04
W0000436,W0000198,1,12059440,2026-01-28 18:12:57,2026-01-28 18:12:57
W0000436,W0000205,1,41847544,2026-03-01 01:16:27,2026-03-01 01:16:27
W0000436,W0000213,1,3066769,2026-05-18 09:23:04,2026-05-18 09:23:04
W0000436,W0000218,1,3422939,2026-01-03 02:11:18,2026-01-03 02:11:18
W0000436,W0000225,1,5066685,2026-02-06 16:08:26,2026-02-06 16:08:26
W0000436,W0000237,1,15534421,2026-06-03 13:46:18,2026-06-03 13:46:18
W0000436,W0000242,1,36684090,2026-01-18 06:49:47,2026-01-18 06:49:47
W0000436,W0000246,1,403584,2026-05-22 04:54:15,2026-05-22 04:54:15
W0000436,W0000260,1,13591321,2026-03-07 19:17:27,2026-03-07 19:17:27
W0000436,W0000324,1,12059440,2026-01-28 18:12:57,2026-01-28 18:12:57
W0000436,W0000338,1,27636231,2026-02-24 13:28:31,2026-02-24 13:28:31
W0000436,W0000343,1,3066769,2026-05-18 09:23:04,2026-05-18 09:23:04
W0000436,W0000346,1,38503651,2026-03-20 09:43:49,2026-03-20 09:43:49
W0000436,W0000348,1,36684090,2026-01-18 06:49:47,2026-01-18 06:49:47
W0000436,W0000368,1,11304799,2026-03-19 07:49:34,2026-03-19 07:49:34
W0000436,W0000407,1,12059440,2026-01-28 18:12:57,2026-01-28 18:12:57
W0000436,W0000418,1,27636231,2026-02-24 13:28:31,2026-02-24 13:28:31
W0000436,W0000422,1,7987142,2026-04-09 10:49:36,2026-04-09 10:49:36
W0000436,W0000429,1,27636231,2026-02-24 13:28:31,2026-02-24 13:28:31
W0000436,W0000443,1,38503651,2026-03-20 09:43:49,2026-03-20 09:43:49
W0000436,W0000459,1,41847544,2026-03-01 01:16:27,2026-03-01 01:16:27
W0000436,W0000461,1,3066769,2026-05-18 09:23:04,2026-05-18 09:23:04
W0000436,W0000467,1,35974001,2026-05-16 09:11:21,2026-05-16 09:11:21
W0000436,W0000478,1,112036071,2026-05-31 05:17:56,2026-05-31 05:17:56
W0000436,W0000492,1,12554898,2026-05-26 16:51:31,2026-05-26 16:51:31
W0000436,W0000497,1,26945437,2026-06-10 04:04:07,2026-06-10 04:04:07
W0000437,W0000007,1,15250833,2026-02-23 15:06:36,2026-02-23 15:06:36
W0000437,W0000014,1,9202441,2026-03-08 07:06:07,2026-03-08 07:06:07
W0000437,W0000022,1,35893797,2026-04-08 13:46:28,2026-04-08 13:46:28
W0000437,W0000053,1,40733648,2026-02-23 15:55:19,2026-02-23 15:55:19
W0000437,W0000085,2,10011827,2026-03-20 22:14:54,2026-04-06 11:14:44
W0000437,W0000127,1,2488922,2026-03-30 11:30:46,2026-03-30 11:30:46
W0000437,W0000149,1,5881688,2026-05-01 12:58:27,2026-05-01 12:58:27
W0000437,W0000199,1,4423415,2026-02-25 07:53:50,2026-02-25 07:53:50
W0000437,W0000264,1,22048299,2026-04-26 02:30:28,2026-04-26 02:30:28
W0000437,W0000272,1,59930223,2026-02-01 14:08:18,2026-02-01 14:08:18
W0000437,W0000274,1,22980245,2026-03-20 06:02:57,2026-03-20 06:02:57
W0000437,W0000313,2,47699580,2026-03-19 12:29:54,2026-05-09 08:26:08
W0000437,W0000340,1,3119851,2026-04-11 06:54:26,2026-04-11 06:54:26
W0000437,W0000392,1,12895687,2026-04-01 10:32:32,2026-04-01 10:32:32
W0000437,W0000423,1,14231936,2026-06-28 05:55:05,2026-06-28 05:55:05
W0000437,W0000430,2,47639774,2026-01-30 10:40:38,2026-05-05 21:52:39
W0000438,W0000092,1,17211772,2026-04-25 00:50:50,2026-04-25 00:50:50
W0000438,W0000109,1,6499682,2026-05-12 08:46:48,2026-05-12 08:46:48
W0000438,W0000112,1,11217393,2026-04-19 07:11:09,2026-04-19 07:11:09
W0000438,W0000181,1,2468441,2026-03-30 05:43:10,2026-03-30 05:43:10
W0000438,W0000224,1,2106943,2026-04-17 13:08:58,2026-04-17 13:08:58
W0000438,W0000260,1,3603472,2026-06-29 00:31:06,2026-06-29 00:31:06
W0000438,W0000305,1,10850023,2026-05-29 16:27:50,2026-05-29 16:27:50
W0000438,W0000350,3,40306596,2026-02-17 12:29:26,2026-06-28 18:07:37
W0000438,W0000352,1,12053800,2026-06-25 02:12:32,2026-06-25 02:12:32
W0000438,W0000373,1,16273544,2026-02-18 20:45:36,2026-02-18 20:45:36
W0000438,W0000402,1,31821169,2026-03-15 14:36:42,2026-03-15 14:36:42
W0000438,W0000408,1,19088041,2026-05-11 22:56:15,2026-05-11 22:56:15
W0000438,W0000466,1,2501756,2026-01-02 15:29:45,2026-01-02 15:29:45
W0000438,W0000467,1,43841064,2026-02-09 12:34:07,2026-02-09 12:34:07
W0000438,W0000483,1,8901216,2026-04-29 01:57:28,2026-04-29 01:57:28
W0000439,W0000001,1,21361086,2026-03-16 01:33:01,2026-03-16 01:33:01
W0000439,W0000003,1,42683121,2026-02-17 18:27:57,2026-02-17 18:27:57
W0000439,W0000007,1,19265899,2026-06-01 07:49:50,2026-06-01 07:49:50
W0000439,W0000035,1,27620717,2026-04-19 07:14:36,2026-04-19 07:14:36
W0000439,W0000044,1,42683121,2026-02-17 18:27:57,2026-02-17 18:27:57
W0000439,W0000049,1,15204380,2026-05-28 12:02:58,2026-05-28 12:02:58
W0000439,W0000062,1,18202731,2026-01-17 19:08:00,2026-01-17 19:08:00
W0000439,W0000075,1,13576736,2026-05-27 20:22:17,2026-05-27 20:22:17
W0000439,W0000102,1,19265899,2026-06-01 07:49:50,2026-06-01 07:49:50
W0000439,W0000103,1,15204380,2026-05-28 12:02:58,2026-05-28 12:02:58
W0000439,W0000108,1,22414075,2026-01-31 07:13:50,2026-01-31 07:13:50
W0000439,W0000111,1,31786553,2026-05-22 18:07:45,2026-05-22 18:07:45
W0000439,W0000125,1,23637446,2026-05-16 23:49:46,2026-05-16 23:49:46
W0000439,W0000142,1,15204380,2026-05-28 12:02:58,2026-05-28 12:02:58
W0000439,W0000156,1,21361086,2026-03-16 01:33:01,2026-03-16 01:33:01
W0000439,W0000159,1,23637446,2026-05-16 23:49:46,2026-05-16 23:49:46
W0000439,W0000178,1,40526059,2026-02-03 16:51:06,2026-02-03 16:51:06
W0000439,W0000185,1,19265899,2026-06-01 07:49:50,2026-06-01 07:49:50
W0000439,W0000203,1,18202731,2026-01-17 19:08:00,2026-01-17 19:08:00
W0000439,W0000223,1,27620717,2026-04-19 07:14:36,2026-04-19 07:14:36
W0000439,W0000236,1,17518392,2026-03-24 00:51:05,2026-03-24 00:51:05
W0000439,W0000242,1,22414075,2026-01-31 07:13:50,2026-01-31 07:13:50
W0000439,W0000243,1,31786553,2026-05-22 18:07:45,2026-05-22 18:07:45
W0000439,W0000303,1,31786553,2026-05-22 18:07:45,2026-05-22 18:07:45
W0000439,W0000313,1,40526059,2026-02-03 16:51:06,2026-02-03 16:51:06
W0000439,W0000333,1,17315289,2026-03-20 14:09:21,2026-03-20 14:09:21
W0000439,W0000377,1,17518392,2026-03-24 00:51:05,2026-03-24 00:51:05
W0000439,W0000385,1,40526059,2026-02-03 16:51:06,2026-02-03 16:51:06
W0000439,W0000388,1,17315289,2026-03-20 14:09:21,2026-03-20 14:09:21
W0000439,W0000400,1,23637446,2026-05-16 23:49:46,2026-05-16 23:49:46
W0000439,W0000406,1,19265899,2026-06-01 07:49:50,2026-06-01 07:49:50
W0000439,W0000417,1,40526059,2026-02-03 16:51:06,2026-02-03 16:51:06
W0000439,W0000429,1,31786553,2026-05-22 18:07:45,2026-05-22 18:07:45
W0000439,W0000446,1,13576736,2026-05-27 20:22:17,2026-05-27 20:22:17
W0000439,W0000452,1,42683121,2026-02-17 18:27:57,2026-02-17 18:27:57
W0000439,W0000485,1,17315289,2026-03-20 14:09:21,2026-03-20 14:09:21
W0000440,W0000022,1,92208254,2026-01-23 22:11:47,2026-01-23 22:11:47
W0000440,W0000033,1,50350481,2026-05-14 22:12:40,2026-05-14 22:12:40
W0000440,W0000042,1,2740283,2026-03-11 04:56:25,2026-03-11 04:56:25
W0000440,W0000054,1,92208254,2026-01-23 22:11:47,2026-01-23 22:11:47
W0000440,W0000139,1,25134405,2026-02-05 18:36:37,2026-02-05 18:36:37
W0000440,W0000154,1,50350481,2026-05-14 22:12:40,2026-05-14 22:12:40
W0000440,W0000189,2,34538975,2026-03-15 05:12:46,2026-06-12 07:01:29
W0000440,W0000195,1,26595539,2026-02-02 17:32:01,2026-02-02 17:32:01
W0000440,W0000210,1,7066075,2026-01-15 22:01:36,2026-01-15 22:01:36
W0000440,W0000216,1,50350481,2026-05-14 22:12:40,2026-05-14 22:12:40
W0000440,W0000217,1,85671481,2026-01-18 13:40:15,2026-01-18 13:40:15
W0000440,W0000260,1,92208254,2026-01-23 22:11:47,2026-01-23 22:11:47
W0000440,W0000356,1,13283321,2026-06-22 04:54:12,2026-06-22 04:54:12
W0000440,W0000359,1,5139221,2026-06-10 02:28:47,2026-06-10 02:28:47
W0000440,W0000383,1,50350481,2026-05-14 22:12:40,2026-05-14 22:12:40
W0000440,W0000415,1,7066075,2026-01-15 22:01:36,2026-01-15 22:01:36
W0000440,W0000418,1,6583475,2026-05-14 01:51:37,2026-05-14 01:51:37
W0000440,W0000431,1,2740283,2026-03-11 04:56:25,2026-03-11 04:56:25
W0000440,W0000457,1,73590264,2026-05-27 10:34:44,2026-05-27 10:34:44
W0000440,W0000461,1,13283321,2026-06-22 04:54:12,2026-06-22 04:54:12
W0000441,W0000017,1,7002812,2026-02-19 03:22:21,2026-02-19 03:22:21
W0000441,W0000045,1,4287752,2026-03-03 23:23:16,2026-03-03 23:23:16
W0000441,W0000047,1,8593820,2026-05-31 08:04:19,2026-05-31 08:04:19
W0000441,W0000110,1,29964451,2026-04-03 04:32:23,2026-04-03 04:32:23
W0000441,W0000146,1,24326015,2026-02-05 13:12:36,2026-02-05 13:12:36
W0000441,W0000227,1,3940687,2026-06-15 08:47:10,2026-06-15 08:47:10
W0000441,W0000259,1,383932,2026-05-18 23:42:26,2026-05-18 23:42:26
W0000441,W0000279,1,17927679,2026-01-13 05:25:11,2026-01-13 05:25:11
W0000441,W0000327,1,10582853,2026-05-28 01:39:48,2026-05-28 01:39:48
W0000441,W0000385,1,10155142,2026-06-10 03:20:17,2026-06-10 03:20:17
W0000441,W0000395,1,6146860,2026-03-12 05:50:23,2026-03-12 05:50:23
W0000441,W0000407,1,12372608,2026-05-15 10:47:33,2026-05-15 10:47:33
W0000441,W0000422,1,20642210,2026-04-21 02:20:23,2026-04-21 02:20:23
W0000441,W0000460,1,10248102,2026-06-19 03:33:32,2026-06-19 03:33:32
W0000441,W0000496,1,6832174,2026-01-01 16:44:53,2026-01-01 16:44:53
W0000442,W0000002,1,40167277,2026-03-31 00:39:15,2026-03-31 00:39:15
W0000442,W0000057,1,21686546,2026-04-06 12:48:46,2026-04-06 12:48:46
W0000442,W0000059,1,7047411,2026-06-06 13:17:18,2026-06-06 13:17:18
W0000442,W0000077,1,22142520,2026-06-28 03:25:20,2026-06-28 03:25:20
W0000442,W0000094,1,1128775,2026-03-09 09:15:05,2026-03-09 09:15:05
W0000442,W0000112,1,7552645,2026-06-22 13:41:01,2026-06-22 13:41:01
W0000442,W0000138,1,8067090,2026-03-13 17:44:36,2026-03-13 17:44:36
W0000442,W0000209,1,32239289,2026-01-19 06:37:24,2026-01-19 06:37:24
W0000442,W0000232,1,58170186,2026-01-29 16:08:34,2026-01-29 16:08:34
W0000442,W0000283,1,1021133,2026-01-02 08:16:53,2026-01-02 08:16:53
W0000442,W0000293,1,5049170,2026-02-08 03:32:12,2026-02-08 03:32:12
W0000442,W0000310,2,6656064,2026-04-10 06:41:57,2026-05-31 17:51:24
W0000442,W0000333,1,22851163,2026-02-01 14:09:12,2026-02-01 14:09:12
W0000442,W0000386,1,16800223,2026-02-14 23:31:48,2026-02-14 23:31:48
W0000442,W0000404,1,16882454,2026-04-19 06:16:59,2026-04-19 06:16:59
W0000442,W0000468,1,4811385,2026-06-13 03:21:08,2026-06-13 03:21:08
W0000442,W0000500,1,19127667,2026-03-31 22:30:04,2026-03-31 22:30:04
W0000443,W0000021,1,13923151,2026-02-04 15:46:06,2026-02-04 15:46:06
W0000443,W0000027,1,26534508,2026-02-09 12:53:59,2026-02-09 12:53:59
W0000443,W0000039,1,13923151,2026-02-04 15:46:06,2026-02-04 15:46:06
W0000443,W0000040,1,17484681,2026-01-26 01:32:12,2026-01-26 01:32:12
W0000443,W0000076,1,29195098,2026-04-30 09:20:46,2026-04-30 09:20:46
W0000443,W0000094,1,5775696,2026-03-13 03:15:04,2026-03-13 03:15:04
W0000443,W0000101,1,7422008,2026-06-22 18:20:43,2026-06-22 18:20:43
W0000443,W0000106,1,4878257,2026-05-26 00:45:48,2026-05-26 00:45:48
W0000443,W0000110,1,4758189,2026-01-01 04:19:52,2026-01-01 04:19:52
W0000443,W0000121,1,975330,2026-02-23 14:43:10,2026-02-23 14:43:10
W0000443,W0000147,1,5775696,2026-03-13 03:15:04,2026-03-13 03:15:04
W0000443,W0000154,1,29195098,2026-04-30 09:20:46,2026-04-30 09:20:46
W0000443,W0000159,1,60444993,2026-04-27 21:24:02,2026-04-27 21:24:02
W0000443,W0000167,1,975330,2026-02-23 14:43:10,2026-02-23 14:43:10
W0000443,W0000175,1,33488798,2026-04-09 14:13:44,2026-04-09 14:13:44
W0000443,W0000195,1,19039360,2026-02-21 11:56:08,2026-02-21 11:56:08
W0000443,W0000205,1,60444993,2026-04-27 21:24:02,2026-04-27 21:24:02
W0000443,W0000213,1,33488798,2026-04-09 14:13:44,2026-04-09 14:13:44
W0000443,W0000220,1,12417173,2026-05-18 04:20:47,2026-05-18 04:20:47
W0000443,W0000223,2,20340608,2026-01-10 17:01:40,2026-02-23 14:43:10
W0000443,W0000230,1,13923151,2026-02-04 15:46:06,2026-02-04 15:46:06
W0000443,W0000235,1,26534508,2026-02-09 12:53:59,2026-02-09 12:53:59
W0000443,W0000268,1,17484681,2026-01-26 01:32:12,2026-01-26 01:32:12
W0000443,W0000274,1,3327418,2026-04-10 11:18:14,2026-04-10 11:18:14
W0000443,W0000276,1,4878257,2026-05-26 00:45:48,2026-05-26 00:45:48
W0000443,W0000281,1,5775696,2026-03-13 03:15:04,2026-03-13 03:15:04
W0000443,W0000286,1,19365278,2026-01-10 17:01:40,2026-01-10 17:01:40
W0000443,W0000312,1,29195098,2026-04-30 09:20:46,2026-04-30 09:20:46
W0000443,W0000313,1,13743897,2026-03-28 09:21:17,2026-03-28 09:21:17
W0000443,W0000315,1,19365278,2026-01-10 17:01:40,2026-01-10 17:01:40
W0000443,W0000324,1,10258058,2026-05-25 22:21:03,2026-05-25 22:21:03
W0000443,W0000325,1,975330,2026-02-23 14:43:10,2026-02-23 14:43:10
W0000443,W0000342,1,12417173,2026-05-18 04:20:47,2026-05-18 04:20:47
W0000443,W0000343,1,4758189,2026-01-01 04:19:52,2026-01-01 04:19:52
W0000443,W0000346,1,17484681,2026-01-26 01:32:12,2026-01-26 01:32:12
W0000443,W0000356,1,60444993,2026-04-27 21:24:02,2026-04-27 21:24:02
W0000443,W0000409,1,5775696,2026-03-13 03:15:04,2026-03-13 03:15:04
W0000443,W0000421,1,12417173,2026-05-18 04:20:47,2026-05-18 04:20:47
W0000443,W0000425,1,4878257,2026-05-26 00:45:48,2026-05-26 00:45:48
W0000443,W0000433,1,10258058,2026-05-25 22:21:03,2026-05-25 22:21:03
W0000443,W0000438,1,33488798,2026-04-09 14:13:44,2026-04-09 14:13:44
W0000443,W0000442,1,19365278,2026-01-10 17:01:40,2026-01-10 17:01:40
W0000443,W0000485,1,13743897,2026-03-28 09:21:17,2026-03-28 09:21:17
W0000443,W0000498,1,13743897,2026-03-28 09:21:17,2026-03-28 09:21:17
W0000444,W0000005,1,25519079,2026-01-01 15:03:59,2026-01-01 15:03:59
W0000444,W0000047,1,28609903,2026-05-27 12:51:24,2026-05-27 12:51:24
W0000444,W0000057,1,24792147,2026-01-05 07:34:19,2026-01-05 07:34:19
W0000444,W0000072,1,38298541,2026-01-28 23:44:31,2026-01-28 23:44:31
W0000444,W0000081,1,4836271,2026-04-19 13:15:32,2026-04-19 13:15:32
W0000444,W0000096,1,161717,2026-02-14 11:35:08,2026-02-14 11:35:08
W0000444,W0000127,1,1696512,2026-01-18 06:35:35,2026-01-18 06:35:35
W0000444,W0000142,1,3916011,2026-04-17 19:52:06,2026-04-17 19:52:06
W0000444,W0000151,1,21495705,2026-03-22 13:27:50,2026-03-22 13:27:50
W0000444,W0000200,1,6404967,2026-01-21 10:14:47,2026-01-21 10:14:47
W0000444,W0000226,1,10016126,2026-02-06 05:22:50,2026-02-06 05:22:50
W0000444,W0000246,1,3283980,2026-02-09 13:42:58,2026-02-09 13:42:58
W0000444,W0000262,1,2352676,2026-04-12 21:36:18,2026-04-12 21:36:18
W0000444,W0000382,1,34459241,2026-01-01 05:54:51,2026-01-01 05:54:51
W0000444,W0000404,1,20180329,2026-04-15 14:49:54,2026-04-15 14:49:54
W0000445,W0000113,1,13326732,2026-04-27 16:06:40,2026-04-27 16:06:40
W0000445,W0000141,1,22047826,2026-02-13 03:38:46,2026-02-13 03:38:46
W0000445,W0000164,1,7866049,2026-05-24 02:06:02,2026-05-24 02:06:02
W0000445,W0000188,1,3695951,2026-04-27 09:04:19,2026-04-27 09:04:19
W0000445,W0000196,1,4289535,2026-02-26 21:23:07,2026-02-26 21:23:07
W0000445,W0000200,1,33867263,2026-05-01 07:15:42,2026-05-01 07:15:42
W0000445,W0000203,1,10833436,2026-06-04 09:29:55,2026-06-04 09:29:55
W0000445,W0000223,1,6770517,2026-06-25 17:03:18,2026-06-25 17:03:18
W0000445,W0000237,1,13736842,2026-03-13 06:18:11,2026-03-13 06:18:11
W0000445,W0000279,1,2899559,2026-06-04 10:09:45,2026-06-04 10:09:45
W0000445,W0000297,1,6108810,2026-02-11 20:26:48,2026-02-11 20:26:48
W0000445,W0000330,1,5614096,2026-03-30 17:11:43,2026-03-30 17:11:43
W0000445,W0000379,1,12628892,2026-01-10 13:21:18,2026-01-10 13:21:18
W0000445,W0000385,1,7329625,2026-04-19 05:15:13,2026-04-19 05:15:13
W0000445,W0000393,1,6538944,2026-05-21 13:01:45,2026-05-21 13:01:45
W0000445,W0000402,1,37695955,2026-01-30 12:43:57,2026-01-30 12:43:57
W0000445,W0000418,1,22660997,2026-02-09 07:13:23,2026-02-09 07:13:23
W0000445,W0000462,1,3409228,2026-05-18 21:51:12,2026-05-18 21:51:12
W0000445,W0000472,1,7753376,2026-06-13 18:35:58,2026-06-13 18:35:58
W0000446,W0000014,1,24474478,2026-01-04 21:42:24,2026-01-04 21:42:24
W0000446,W0000059,1,5290739,2026-01-15 14:55:13,2026-01-15 14:55:13
W0000446,W0000081,1,39724055,2026-03-02 06:04:56,2026-03-02 06:04:56
W0000446,W0000083,1,25850380,2026-03-30 11:41:56,2026-03-30 11:41:56
W0000446,W0000109,2,83274195,2026-03-05 15:17:39,2026-03-22 20:02:20
W0000446,W0000118,1,12493863,2026-02-09 03:59:48,2026-02-09 03:59:48
W0000446,W0000132,1,5544708,2026-02-17 19:43:46,2026-02-17 19:43:46
W0000446,W0000153,1,30130400,2026-05-08 18:02:05,2026-05-08 18:02:05
W0000446,W0000222,1,8665544,2026-05-10 02:09:29,2026-05-10 02:09:29
W0000446,W0000224,1,12560919,2026-06-02 04:56:06,2026-06-02 04:56:06
W0000446,W0000234,1,7538738,2026-04-19 03:44:10,2026-04-19 03:44:10
W0000446,W0000252,1,6160135,2026-04-13 00:26:57,2026-04-13 00:26:57
W0000446,W0000254,1,3058874,2026-03-25 23:29:25,2026-03-25 23:29:25
W0000446,W0000273,1,7792633,2026-02-11 03:16:59,2026-02-11 03:16:59
W0000446,W0000294,1,4628141,2026-01-21 16:52:53,2026-01-21 16:52:53
W0000446,W0000349,1,12887794,2026-01-28 02:25:37,2026-01-28 02:25:37
W0000446,W0000350,1,7890759,2026-06-27 06:05:29,2026-06-27 06:05:29
W0000446,W0000372,1,9632438,2026-06-29 14:59:07,2026-06-29 14:59:07
W0000446,W0000414,1,2146511,2026-03-19 02:14:10,2026-03-19 02:14:10
W0000446,W0000431,1,5956921,2026-06-04 18:14:52,2026-06-04 18:14:52
W0000446,W0000452,1,62426333,2026-01-28 04:11:05,2026-01-28 04:11:05
W0000446,W0000456,1,8699471,2026-01-03 11:46:28,2026-01-03 11:46:28
W0000446,W0000458,1,34187135,2026-04-02 10:58:25,2026-04-02 10:58:25
W0000446,W0000465,1,2378693,2026-06-08 14:49:16,2026-06-08 14:49:16
W0000446,W0000496,1,8539662,2026-01-04 06:21:29,2026-01-04 06:21:29
W0000447,W0000027,1,5464148,2026-01-02 12:43:24,2026-01-02 12:43:24
W0000447,W0000034,1,6502234,2026-03-03 02:33:23,2026-03-03 02:33:23
W0000447,W0000038,1,18077404,2026-01-05 17:30:37,2026-01-05 17:30:37
W0000447,W0000041,1,7250202,2026-04-28 07:05:25,2026-04-28 07:05:25
W0000447,W0000074,1,4969494,2026-02-24 07:15:46,2026-02-24 07:15:46
W0000447,W0000076,1,19888824,2026-02-16 04:31:58,2026-02-16 04:31:58
W0000447,W0000103,1,32980520,2026-06-20 10:15:38,2026-06-20 10:15:38
W0000447,W0000167,1,24661831,2026-05-05 15:38:13,2026-05-05 15:38:13
W0000447,W0000177,1,24621463,2026-03-19 13:14:59,2026-03-19 13:14:59
W0000447,W0000182,1,2293378,2026-04-18 02:40:25,2026-04-18 02:40:25
W0000447,W0000211,1,3875575,2026-01-10 18:24:40,2026-01-10 18:24:40
W0000447,W0000215,1,9623000,2026-01-29 20:08:06,2026-01-29 20:08:06
W0000447,W0000220,1,7673437,2026-06-27 06:13:57,2026-06-27 06:13:57
W0000447,W0000242,1,6653843,2026-04-12 09:23:48,2026-04-12 09:23:48
W0000447,W0000254,1,6653843,2026-04-12 09:23:48,2026-04-12 09:23:48
W0000447,W0000262,1,25914832,2026-06-30 13:20:41,2026-06-30 13:20:41
W0000447,W0000267,1,2479380,2026-03-21 22:37:21,2026-03-21 22:37:21
W0000447,W0000319,1,17422927,2026-04-30 16:19:07,2026-04-30 16:19:07
W0000447,W0000331,1,2479380,2026-03-21 22:37:21,2026-03-21 22:37:21
W0000447,W0000336,1,3813424,2026-04-19 02:14:07,2026-04-19 02:14:07
W0000447,W0000356,1,11330872,2026-05-29 23:23:40,2026-05-29 23:23:40
W0000447,W0000363,1,4667921,2026-04-10 21:06:43,2026-04-10 21:06:43
W0000447,W0000378,1,16289297,2026-03-14 22:47:59,2026-03-14 22:47:59
W0000447,W0000382,2,98344917,2026-01-05 17:30:37,2026-03-15 02:06:51
W0000447,W0000390,1,25914832,2026-06-30 13:20:41,2026-06-30 13:20:41
W0000447,W0000437,1,10767393,2026-06-19 11:37:59,2026-06-19 11:37:59
W0000447,W0000438,1,16289297,2026-03-14 22:47:59,2026-03-14 22:47:59
W0000447,W0000445,1,10767393,2026-06-19 11:37:59,2026-06-19 11:37:59
W0000447,W0000449,1,89311764,2026-01-20 22:06:10,2026-01-20 22:06:10
W0000447,W0000497,1,18077404,2026-01-05 17:30:37,2026-01-05 17:30:37
W0000448,W0000014,1,3447155,2026-06-07 15:14:13,2026-06-07 15:14:13
W0000448,W0000064,1,1574098,2026-04-26 20:36:47,2026-04-26 20:36:47
W0000448,W0000065,1,451655,2026-05-27 11:57:35,2026-05-27 11:57:35
W0000448,W0000091,1,14587639,2026-01-24 17:39:19,2026-01-24 17:39:19
W0000448,W0000109,1,3436349,2026-06-07 22:24:24,2026-06-07 22:24:24
W0000448,W0000129,1,4736099,2026-04-26 12:16:12,2026-04-26 12:16:12
W0000448,W0000152,1,33780136,2026-05-16 04:59:46,2026-05-16 04:59:46
W0000448,W0000154,1,7010401,2026-04-20 02:20:50,2026-04-20 02:20:50
W0000448,W0000155,1,3833887,2026-03-27 12:36:31,2026-03-27 12:36:31
W0000448,W0000170,1,6344814,2026-03-30 14:49:44,2026-03-30 14:49:44
W0000448,W0000172,1,12957584,2026-04-25 16:31:33,2026-04-25 16:31:33
W0000448,W0000183,1,3316242,2026-05-03 20:28:17,2026-05-03 20:28:17
W0000448,W0000242,2,28445029,2026-02-02 20:53:09,2026-05-22 23:15:31
W0000448,W0000257,1,43036079,2026-02-22 03:27:51,2026-02-22 03:27:51
W0000448,W0000262,1,26255660,2026-06-06 00:41:17,2026-06-06 00:41:17
W0000448,W0000275,1,35420846,2026-02-13 18:24:52,2026-02-13 18:24:52
W0000448,W0000312,1,3138218,2026-04-10 23:36:16,2026-04-10 23:36:16
W0000448,W0000315,1,22179647,2026-06-14 01:22:19,2026-06-14 01:22:19
W0000448,W0000326,1,2557981,2026-03-14 11:42:54,2026-03-14 11:42:54
W0000448,W0000383,1,5124170,2026-01-07 02:05:44,2026-01-07 02:05:44
W0000448,W0000385,1,10647130,2026-06-27 20:08:27,2026-06-27 20:08:27
W0000448,W0000473,1,5036628,2026-01-25 14:55:13,2026-01-25 14:55:13
W0000449,W0000013,1,11364637,2026-06-03 01:06:45,2026-06-03 01:06:45
W0000449,W0000020,1,5030836,2026-03-03 08:41:28,2026-03-03 08:41:28
W0000449,W0000046,1,1841441,2026-03-03 09:18:18,2026-03-03 09:18:18
W0000449,W0000061,1,15499479,2026-06-06 14:47:09,2026-06-06 14:47:09
W0000449,W0000131,1,4595146,2026-02-10 20:03:07,2026-02-10 20:03:07
W0000449,W0000136,1,16880853,2026-03-09 17:44:08,2026-03-09 17:44:08
W0000449,W0000144,1,7355147,2026-06-03 05:20:58,2026-06-03 05:20:58
W0000449,W0000239,1,4259778,2026-01-12 23:35:50,2026-01-12 23:35:50
W0000449,W0000285,1,13378114,2026-05-25 22:17:53,2026-05-25 22:17:53
W0000449,W0000304,1,5219502,2026-03-05 05:26:09,2026-03-05 05:26:09
W0000449,W0000326,1,21725884,2026-01-06 01:24:43,2026-01-06 01:24:43
W0000449,W0000332,1,58682766,2026-01-29 05:30:16,2026-01-29 05:30:16
W0000449,W0000357,1,2244227,2026-01-27 17:17:34,2026-01-27 17:17:34
W0000449,W0000425,1,6178194,2026-05-15 08:11:35,2026-05-15 08:11:35
W0000449,W0000439,1,12105660,2026-01-07 03:56:45,2026-01-07 03:56:45
W0000449,W0000445,1,4249759,2026-04-04 11:32:12,2026-04-04 11:32:12
W0000450,W0000013,1,6235119,2026-04-20 09:12:38,2026-04-20 09:12:38
W0000450,W0000019,1,78608503,2026-01-01 16:14:09,2026-01-01 16:14:09
W0000450,W0000033,1,14269991,2026-05-30 01:26:10,2026-05-30 01:26:10
W0000450,W0000051,1,4350827,2026-01-23 00:01:34,2026-01-23 00:01:34
W0000450,W0000070,1,2224791,2026-02-12 07:16:36,2026-02-12 07:16:36
W0000450,W0000072,1,12088830,2026-01-19 18:22:32,2026-01-19 18:22:32
W0000450,W0000083,1,6992051,2026-06-11 18:17:05,2026-06-11 18:17:05
W0000450,W0000086,1,4577163,2026-05-27 05:09:05,2026-05-27 05:09:05
W0000450,W0000146,1,1286741,2026-05-24 04:37:42,2026-05-24 04:37:42
W0000450,W0000176,1,8401508,2026-01-31 14:33:29,2026-01-31 14:33:29
W0000450,W0000227,1,1934201,2026-03-27 14:52:09,2026-03-27 14:52:09
W0000450,W0000235,1,10419576,2026-01-30 04:29:52,2026-01-30 04:29:52
W0000450,W0000259,1,16961789,2026-06-23 22:42:35,2026-06-23 22:42:35
W0000450,W0000264,1,6173226,2026-01-25 15:24:17,2026-01-25 15:24:17
W0000450,W0000276,1,7629224,2026-02-19 11:04:59,2026-02-19 11:04:59
W0000450,W0000283,1,5428814,2026-02-05 08:00:34,2026-02-05 08:00:34
W0000450,W0000289,1,4810553,2026-05-24 18:30:01,2026-05-24 18:30:01
W0000450,W0000329,1,9484298,2026-01-07 06:54:56,2026-01-07 06:54:56
W0000450,W0000341,1,2913584,2026-05-22 14:25:25,2026-05-22 14:25:25
W0000450,W0000392,1,2607101,2026-05-06 12:59:12,2026-05-06 12:59:12
W0000450,W0000424,1,72075699,2026-03-05 07:10:14,2026-03-05 07:10:14
W0000450,W0000429,1,2574590,2026-01-31 09:14:26,2026-01-31 09:14:26
W0000450,W0000468,1,958823,2026-05-13 16:42:49,2026-05-13 16:42:49
W0000450,W0000477,1,11307695,2026-04-12 08:39:58,2026-04-12 08:39:58
W0000450,W0000500,1,6894830,2026-06-05 04:48:20,2026-06-05 04:48:20
W0000451,W0000008,1,2494213,2026-04-23 02:44:10,2026-04-23 02:44:10
W0000451,W0000012,1,12814366,2026-03-27 06:41:15,2026-03-27 06:41:15
W0000451,W0000027,1,4401470,2026-02-27 14:59:39,2026-02-27 14:59:39
W0000451,W0000045,1,3098518,2026-05-06 07:27:02,2026-05-06 07:27:02
W0000451,W0000047,1,8929458,2026-06-22 16:10:35,2026-06-22 16:10:35
W0000451,W0000090,1,16671359,2026-06-25 13:18:57,2026-06-25 13:18:57
W0000451,W0000122,1,25597408,2026-06-28 19:24:07,2026-06-28 19:24:07
W0000451,W0000197,1,16282529,2026-04-16 08:47:13,2026-04-16 08:47:13
W0000451,W0000204,1,9762785,2026-05-13 07:38:23,2026-05-13 07:38:23
W0000451,W0000238,2,22816057,2026-01-02 12:08:07,2026-06-29 19:42:48
W0000451,W0000277,1,11439542,2026-01-19 00:34:13,2026-01-19 00:34:13
W0000451,W0000327,1,2937867,2026-01-20 09:39:49,2026-01-20 09:39:49
W0000451,W0000369,1,6368954,2026-06-10 16:28:19,2026-06-10 16:28:19
W0000451,W0000398,1,2880924,2026-02-15 08:50:57,2026-02-15 08:50:57
W0000451,W0000412,1,43213565,2026-01-22 18:42:00,2026-01-22 18:42:00
W0000451,W0000422,1,9938818,2026-04-22 22:07:56,2026-04-22 22:07:56
W0000451,W0000426,1,32675272,2026-01-19 09:39:03,2026-01-19 09:39:03
W0000452,W0000029,1,16322525,2026-06-19 21:49:52,2026-06-19 21:49:52
W0000452,W0000030,1,15315684,2026-04-19 00:03:39,2026-04-19 00:03:39
W0000452,W0000048,1,31888278,2026-04-18 19:52:00,2026-04-18 19:52:00
W0000452,W0000062,1,6796353,2026-01-23 15:14:31,2026-01-23 15:14:31
W0000452,W0000084,1,8925354,2026-05-01 18:15:49,2026-05-01 18:15:49
W0000452,W0000085,1,16981399,2026-04-10 21:56:10,2026-04-10 21:56:10
W0000452,W0000087,1,3640407,2026-06-07 21:03:25,2026-06-07 21:03:25
W0000452,W0000130,1,39692474,2026-01-12 22:23:09,2026-01-12 22:23:09
W0000452,W0000134,1,21512674,2026-06-16 18:49:09,2026-06-16 18:49:09
W0000452,W0000164,1,8246608,2026-01-15 04:27:31,2026-01-15 04:27:31
W0000452,W0000178,1,22686121,2026-05-19 04:31:11,2026-05-19 04:31:11
W0000452,W0000188,2,22611571,2026-01-30 19:06:43,2026-03-13 01:23:30
W0000452,W0000214,1,20192040,2026-03-20 11:42:02,2026-03-20 11:42:02
W0000452,W0000263,1,15716886,2026-05-05 19:14:18,2026-05-05 19:14:18
W0000452,W0000276,1,11797984,2026-05-03 06:19:28,2026-05-03 06:19:28
W0000452,W0000278,1,5285955,2026-04-06 05:35:57,2026-04-06 05:35:57
W0000452,W0000310,1,11245999,2026-04-08 17:31:36,2026-04-08 17:31:36
W0000452,W0000332,1,8626598,2026-03-24 21:23:26,2026-03-24 21:23:26
W0000452,W0000337,1,6843947,2026-03-19 21:53:44,2026-03-19 21:53:44
W0000452,W0000362,1,14822242,2026-04-02 00:21:41,2026-04-02 00:21:41
W0000452,W0000367,1,4269249,2026-03-18 06:58:43,2026-03-18 06:58:43
W0000452,W0000387,1,17249481,2026-03-02 17:43:54,2026-03-02 17:43:54
W0000452,W0000389,1,924272,2026-01-21 23:30:24,2026-01-21 23:30:24
W0000452,W0000409,1,28379389,2026-01-26 18:20:48,2026-01-26 18:20:48
W0000452,W0000428,1,3007524,2026-02-02 14:23:27,2026-02-02 14:23:27
W0000452,W0000494,1,5937187,2026-04-13 19:15:51,2026-04-13 19:15:51
W0000453,W0000001,1,11042322,2026-04-21 02:39:51,2026-04-21 02:39:51
W0000453,W0000030,1,45098253,2026-04-02 03:03:17,2026-04-02 03:03:17
W0000453,W0000034,1,11190769,2026-02-11 02:15:23,2026-02-11 02:15:23
W0000453,W0000074,2,22826858,2026-03-02 14:04:32,2026-05-05 15:14:10
W0000453,W0000079,1,4016862,2026-05-11 01:43:18,2026-05-11 01:43:18
W0000453,W0000113,1,27689304,2026-03-26 18:57:01,2026-03-26 18:57:01
W0000453,W0000131,1,2245880,2026-06-18 08:22:08,2026-06-18 08:22:08
W0000453,W0000137,1,2023463,2026-05-09 13:25:46,2026-05-09 13:25:46
W0000453,W0000227,1,8756956,2026-01-03 02:25:03,2026-01-03 02:25:03
W0000453,W0000228,1,12215998,2026-05-09 23:49:40,2026-05-09 23:49:40
W0000453,W0000263,1,14547438,2026-02-15 06:30:03,2026-02-15 06:30:03
W0000453,W0000344,1,9397304,2026-06-23 08:06:57,2026-06-23 08:06:57
W0000453,W0000367,1,12432975,2026-02-02 04:11:23,2026-02-02 04:11:23
W0000453,W0000371,1,31574803,2026-01-26 14:32:37,2026-01-26 14:32:37
W0000453,W0000376,1,21211953,2026-03-17 10:16:29,2026-03-17 10:16:29
W0000453,W0000426,1,570389,2026-06-15 18:21:20,2026-06-15 18:21:20
W0000453,W0000450,1,7588060,2026-03-24 13:37:15,2026-03-24 13:37:15
W0000453,W0000472,1,14688063,2026-05-07 08:32:40,2026-05-07 08:32:40
W0000453,W0000476,1,23522379,2026-05-28 11:22:51,2026-05-28 11:22:51
W0000453,W0000493,1,12494112,2026-02-18 08:06:11,2026-02-18 08:06:11
W0000454,W0000035,1,19114890,2026-04-12 08:12:53,2026-04-12 08:12:53
W0000454,W0000124,1,32261410,2026-03-12 08:59:55,2026-03-12 08:59:55
W0000454,W0000130,1,7400481,2026-01-01 13:26:56,2026-01-01 13:26:56
W0000454,W0000144,1,36372533,2026-05-05 18:40:26,2026-05-05 18:40:26
W0000454,W0000177,1,7930931,2026-01-18 05:19:07,2026-01-18 05:19:07
W0000454,W0000192,1,7280331,2026-06-14 07:11:03,2026-06-14 07:11:03
W0000454,W0000251,1,2368852,2026-06-27 14:00:31,2026-06-27 14:00:31
W0000454,W0000264,1,10392036,2026-02-04 18:08:49,2026-02-04 18:08:49
W0000454,W0000265,1,3345125,2026-02-12 07:35:47,2026-02-12 07:35:47
W0000454,W0000291,1,20055434,2026-03-16 02:51:50,2026-03-16 02:51:50
W0000454,W0000313,1,3562573,2026-04-11 00:44:22,2026-04-11 00:44:22
W0000454,W0000315,1,1919452,2026-05-19 06:13:46,2026-05-19 06:13:46
W0000454,W0000337,1,43184432,2026-02-15 14:54:54,2026-02-15 14:54:54
W0000454,W0000351,1,4534706,2026-04-29 05:00:03,2026-04-29 05:00:03
W0000454,W0000358,1,14505730,2026-02-08 12:54:02,2026-02-08 12:54:02
W0000454,W0000381,1,29857092,2026-03-11 00:35:13,2026-03-11 00:35:13
W0000454,W0000413,1,787235,2026-03-30 04:47:25,2026-03-30 04:47:25
W0000454,W0000431,1,26441655,2026-06-26 04:50:33,2026-06-26 04:50:33
W0000454,W0000457,1,1307042,2026-01-29 23:20:54,2026-01-29 23:20:54
W0000454,W0000475,1,5113561,2026-05-31 15:10:17,2026-05-31 15:10:17
W0000454,W0000482,1,7525945,2026-04-28 16:57:28,2026-04-28 16:57:28
W0000455,W0000003,1,3207714,2026-06-10 04:04:26,2026-06-10 04:04:26
W0000455,W0000005,1,2018886,2026-02-13 17:43:32,2026-02-13 17:43:32
W0000455,W0000024,1,41470414,2026-02-06 03:29:09,2026-02-06 03:29:09
W0000455,W0000027,1,5474128,2026-05-08 21:31:00,2026-05-08 21:31:00
W0000455,W0000034,1,7599463,2026-02-24 11:02:18,2026-02-24 11:02:18
W0000455,W0000052,1,11480406,2026-02-03 10:16:02,2026-02-03 10:16:02
W0000455,W0000139,1,32743874,2026-05-13 21:40:08,2026-05-13 21:40:08
W0000455,W0000142,1,3424956,2026-06-14 21:11:09,2026-06-14 21:11:09
W0000455,W0000199,1,7652586,2026-05-18 05:40:29,2026-05-18 05:40:29
W0000455,W0000214,1,92653759,2026-01-15 10:33:24,2026-01-15 10:33:24
W0000455,W0000268,1,18588895,2026-05-27 16:07:52,2026-05-27 16:07:52
W0000455,W0000282,1,44057945,2026-03-28 16:24:30,2026-03-28 16:24:30
W0000455,W0000322,1,1944929,2026-01-19 09:20:43,2026-01-19 09:20:43
W0000455,W0000329,1,18876453,2026-01-29 02:35:41,2026-01-29 02:35:41
W0000455,W0000330,1,2577012,2026-06-05 02:13:55,2026-06-05 02:13:55
W0000455,W0000337,1,47678127,2026-06-15 13:32:32,2026-06-15 13:32:32
W0000455,W0000350,1,30645715,2026-05-02 16:50:33,2026-05-02 16:50:33
W0000455,W0000375,1,10469489,2026-06-24 09:33:43,2026-06-24 09:33:43
W0000455,W0000383,1,31670609,2026-04-17 09:50:46,2026-04-17 09:50:46
W0000455,W0000407,1,12871229,2026-04-10 18:30:21,2026-04-10 18:30:21
W0000455,W0000460,1,17455227,2026-03-28 18:08:40,2026-03-28 18:08:40
W0000455,W0000474,1,3961456,2026-02-06 09:03:19,2026-02-06 09:03:19
W0000455,W0000484,1,28388990,2026-03-23 12:09:06,2026-03-23 12:09:06
W0000456,W0000040,1,17860656,2026-03-06 10:18:38,2026-03-06 10:18:38
W0000456,W0000062,1,12333231,2026-03-16 02:42:26,2026-03-16 02:42:26
W0000456,W0000086,1,12024392,2026-04-07 17:07:39,2026-04-07 17:07:39
W0000456,W0000089,1,34752590,2026-05-08 00:34:57,2026-05-08 00:34:57
W0000456,W0000185,1,8670314,2026-06-17 05:06:46,2026-06-17 05:06:46
W0000456,W0000197,1,7279498,2026-03-25 20:15:30,2026-03-25 20:15:30
W0000456,W0000236,1,337141,2026-06-06 14:57:57,2026-06-06 14:57:57
W0000456,W0000239,1,4294463,2026-02-17 13:50:19,2026-02-17 13:50:19
W0000456,W0000306,1,4100459,2026-01-08 22:30:56,2026-01-08 22:30:56
W0000456,W0000333,1,18367949,2026-02-26 08:24:54,2026-02-26 08:24:54
W0000456,W0000338,1,36653911,2026-02-11 00:55:23,2026-02-11 00:55:23
W0000456,W0000354,1,6485065,2026-04-27 21:50:06,2026-04-27 21:50:06
W0000456,W0000406,1,20680074,2026-04-07 19:24:28,2026-04-07 19:24:28
W0000456,W0000412,1,12522829,2026-04-12 23:50:56,2026-04-12 23:50:56
W0000456,W0000453,1,17676501,2026-01-01 03:08:11,2026-01-01 03:08:11
W0000457,W0000021,1,15812900,2026-02-01 01:54:00,2026-02-01 01:54:00
W0000457,W0000039,1,25071605,2026-03-31 02:53:21,2026-03-31 02:53:21
W0000457,W0000072,1,3255698,2026-01-18 18:20:57,2026-01-18 18:20:57
W0000457,W0000098,1,4312615,2026-02-02 06:31:39,2026-02-02 06:31:39
W0000457,W0000175,1,2821877,2026-04-05 15:14:22,2026-04-05 15:14:22
W0000457,W0000184,1,5935752,2026-04-22 19:02:47,2026-04-22 19:02:47
W0000457,W0000199,1,192349,2026-04-18 01:52:41,2026-04-18 01:52:41
W0000457,W0000223,1,45756256,2026-06-30 22:21:17,2026-06-30 22:21:17
W0000457,W0000228,1,9869976,2026-06-08 22:31:06,2026-06-08 22:31:06
W0000457,W0000261,1,2890111,2026-06-23 03:36:16,2026-06-23 03:36:16
W0000457,W0000303,1,1059444,2026-01-06 17:16:31,2026-01-06 17:16:31
W0000457,W0000315,1,24018199,2026-04-05 02:11:36,2026-04-05 02:11:36
W0000457,W0000344,1,2970571,2026-01-24 23:09:30,2026-01-24 23:09:30
W0000457,W0000374,1,5241754,2026-03-08 12:51:47,2026-03-08 12:51:47
W0000457,W0000378,1,23936356,2026-05-21 07:25:39,2026-05-21 07:25:39
W0000457,W0000445,1,1000431,2026-04-04 22:15:05,2026-04-04 22:15:05
W0000457,W0000473,1,28817202,2026-06-22 08:29:15,2026-06-22 08:29:15
W0000457,W0000482,1,7873900,2026-03-14 21:07:50,2026-03-14 21:07:50
W0000457,W0000484,1,13089275,2026-06-10 12:07:55,2026-06-10 12:07:55
W0000457,W0000493,1,3771336,2026-04-29 09:18:45,2026-04-29 09:18:45
W0000458,W0000046,1,42245574,2026-04-07 12:48:36,2026-04-07 12:48:36
W0000458,W0000053,1,15348852,2026-03-04 10:50:43,2026-03-04 10:50:43
W0000458,W0000069,1,30227000,2026-03-09 10:25:42,2026-03-09 10:25:42
W0000458,W0000099,1,5483712,2026-03-23 21:19:39,2026-03-23 21:19:39
W0000458,W0000111,1,17575661,2026-01-10 06:33:33,2026-01-10 06:33:33
W0000458,W0000172,1,39605474,2026-05-28 04:13:35,2026-05-28 04:13:35
W0000458,W0000191,1,16430080,2026-05-03 11:57:20,2026-05-03 11:57:20
W0000458,W0000206,1,16386554,2026-03-11 08:35:43,2026-03-11 08:35:43
W0000458,W0000228,1,13081593,2026-01-28 01:12:05,2026-01-28 01:12:05
W0000458,W0000233,1,9291036,2026-01-15 01:46:40,2026-01-15 01:46:40
W0000458,W0000238,1,2278590,2026-06-14 17:36:21,2026-06-14 17:36:21
W0000458,W0000306,1,14137881,2026-04-04 20:39:20,2026-04-04 20:39:20
W0000458,W0000319,1,8215368,2026-05-23 08:20:39,2026-05-23 08:20:39
W0000458,W0000329,1,9422490,2026-01-31 05:15:29,2026-01-31 05:15:29
W0000458,W0000334,1,25336943,2026-04-26 10:37:54,2026-04-26 10:37:54
W0000458,W0000348,1,4880653,2026-02-05 12:18:21,2026-02-05 12:18:21
W0000458,W0000362,1,12359335,2026-02-09 02:05:16,2026-02-09 02:05:16
W0000458,W0000372,1,1718475,2026-05-11 13:13:32,2026-05-11 13:13:32
W0000459,W0000027,1,5138755,2026-06-07 07:18:48,2026-06-07 07:18:48
W0000459,W0000061,1,4005419,2026-06-27 21:28:37,2026-06-27 21:28:37
W0000459,W0000094,1,48762888,2026-06-28 02:45:43,2026-06-28 02:45:43
W0000459,W0000101,1,5304737,2026-04-17 23:06:25,2026-04-17 23:06:25
W0000459,W0000104,1,1287983,2026-06-25 03:40:26,2026-06-25 03:40:26
W0000459,W0000107,1,7381692,2026-05-04 22:23:27,2026-05-04 22:23:27
W0000459,W0000131,1,5103566,2026-06-27 03:33:41,2026-06-27 03:33:41
W0000459,W0000148,1,7381692,2026-05-04 22:23:27,2026-05-04 22:23:27
W0000459,W0000158,1,10693793,2026-06-01 16:11:49,2026-06-01 16:11:49
W0000459,W0000161,1,1017704,2026-02-27 09:38:02,2026-02-27 09:38:02
W0000459,W0000201,1,48762888,2026-06-28 02:45:43,2026-06-28 02:45:43
W0000459,W0000208,1,40805409,2026-05-01 16:11:18,2026-05-01 16:11:18
W0000459,W0000255,1,8812400,2026-06-08 11:18:26,2026-06-08 11:18:26
W0000459,W0000261,1,6831019,2026-05-12 11:41:44,2026-05-12 11:41:44
W0000459,W0000272,1,2134308,2026-04-17 04:42:34,2026-04-17 04:42:34
W0000459,W0000280,1,11918119,2026-03-13 06:26:31,2026-03-13 06:26:31
W0000459,W0000318,1,6363385,2026-06-11 12:33:55,2026-06-11 12:33:55
W0000459,W0000334,1,24222386,2026-01-16 13:04:41,2026-01-16 13:04:41
W0000459,W0000354,1,4005419,2026-06-27 21:28:37,2026-06-27 21:28:37
W0000459,W0000356,1,10693793,2026-06-01 16:11:49,2026-06-01 16:11:49
W0000459,W0000429,1,2134308,2026-04-17 04:42:34,2026-04-17 04:42:34
W0000459,W0000433,1,24036861,2026-06-12 18:50:06,2026-06-12 18:50:06
W0000459,W0000485,1,7095257,2026-04-23 21:18:27,2026-04-23 21:18:27
W0000460,W0000034,1,28640284,2026-03-02 01:28:51,2026-03-02 01:28:51
W0000460,W0000046,1,29912364,2026-05-29 03:10:36,2026-05-29 03:10:36
W0000460,W0000057,1,5722708,2026-06-21 03:37:39,2026-06-21 03:37:39
W0000460,W0000062,1,22943764,2026-02-03 01:33:15,2026-02-03 01:33:15
W0000460,W0000094,1,2241812,2026-01-11 19:10:53,2026-01-11 19:10:53
W0000460,W0000095,1,130969487,2026-02-15 19:37:46,2026-02-15 19:37:46
W0000460,W0000114,1,20770940,2026-01-03 02:30:56,2026-01-03 02:30:56
W0000460,W0000129,1,48042098,2026-01-25 18:13:10,2026-01-25 18:13:10
W0000460,W0000187,1,12397854,2026-04-14 20:56:57,2026-04-14 20:56:57
W0000460,W0000205,1,5722708,2026-06-21 03:37:39,2026-06-21 03:37:39
W0000460,W0000221,1,7526048,2026-03-13 22:05:02,2026-03-13 22:05:02
W0000460,W0000223,1,3960443,2026-03-05 17:18:24,2026-03-05 17:18:24
W0000460,W0000227,1,22591796,2026-03-20 21:24:47,2026-03-20 21:24:47
W0000460,W0000228,1,11330210,2026-01-01 21:44:38,2026-01-01 21:44:38
W0000460,W0000248,1,3960443,2026-03-05 17:18:24,2026-03-05 17:18:24
W0000460,W0000291,1,14263859,2026-02-24 04:45:35,2026-02-24 04:45:35
W0000460,W0000292,1,5722708,2026-06-21 03:37:39,2026-06-21 03:37:39
W0000460,W0000297,1,130969487,2026-02-15 19:37:46,2026-02-15 19:37:46
W0000460,W0000340,1,5343326,2026-04-05 08:43:39,2026-04-05 08:43:39
W0000460,W0000348,1,2174711,2026-04-16 23:55:50,2026-04-16 23:55:50
W0000460,W0000373,1,8315892,2026-04-13 14:18:45,2026-04-13 14:18:45
W0000460,W0000407,1,130969487,2026-02-15 19:37:46,2026-02-15 19:37:46
W0000460,W0000443,1,5833423,2026-01-13 22:42:01,2026-01-13 22:42:01
W0000460,W0000447,1,48042098,2026-01-25 18:13:10,2026-01-25 18:13:10
W0000460,W0000484,1,4230038,2026-05-01 07:53:16,2026-05-01 07:53:16
W0000461,W0000017,1,36220216,2026-01-10 01:31:42,2026-01-10 01:31:42
W0000461,W0000051,1,39557411,2026-04-16 12:23:17,2026-04-16 12:23:17
W0000461,W0000057,1,71199930,2026-06-06 11:52:18,2026-06-06 11:52:18
W0000461,W0000060,1,56950155,2026-02-08 04:21:00,2026-02-08 04:21:00
W0000461,W0000086,2,176114972,2026-02-02 02:58:45,2026-06-27 01:46:44
W0000461,W0000092,1,53026917,2026-02-27 07:53:42,2026-02-27 07:53:42
W0000461,W0000117,1,31635900,2026-03-21 09:12:13,2026-03-21 09:12:13
W0000461,W0000121,1,25435385,2026-03-11 08:05:10,2026-03-11 08:05:10
W0000461,W0000182,1,82864287,2026-02-27 00:34:25,2026-02-27 00:34:25
W0000461,W0000199,1,31072397,2026-01-02 23:37:46,2026-01-02 23:37:46
W0000461,W0000248,1,44937695,2026-02-27 03:18:25,2026-02-27 03:18:25
W0000461,W0000262,1,32047622,2026-04-15 21:36:49,2026-04-15 21:36:49
W0000461,W0000296,1,48667188,2026-01-19 12:25:43,2026-01-19 12:25:43
W0000461,W0000300,1,53755099,2026-06-22 02:52:06,2026-06-22 02:52:06
W0000461,W0000310,1,54896297,2026-06-16 16:36:37,2026-06-16 16:36:37
W0000461,W0000311,1,35262378,2026-03-20 05:46:36,2026-03-20 05:46:36
W0000461,W0000314,1,105306026,2026-04-19 09:10:33,2026-04-19 09:10:33
W0000461,W0000319,1,140118396,2026-01-10 00:36:27,2026-01-10 00:36:27
W0000461,W0000343,1,32396261,2026-01-30 14:50:36,2026-01-30 14:50:36
W0000461,W0000355,1,37434337,2026-05-30 21:07:11,2026-05-30 21:07:11
W0000461,W0000364,1,88952905,2026-04-18 09:52:09,2026-04-18 09:52:09
W0000461,W0000408,1,81078405,2026-06-10 10:38:59,2026-06-10 10:38:59
W0000461,W0000414,1,282888776,2026-01-01 09:00:00,2026-01-01 09:00:00
W0000461,W0000424,1,11267650,2026-02-16 23:30:21,2026-02-16 23:30:21
W0000461,W0000435,1,87172327,2026-05-22 08:57:23,2026-05-22 08:57:23
W0000461,W0000442,1,34731123,2026-03-21 06:23:15,2026-03-21 06:23:15
W0000461,W0000474,2,176977404,2026-03-01 12:56:06,2026-06-30 23:24:16
W0000461,W0000494,1,15947890,2026-03-25 02:15:49,2026-03-25 02:15:49
W0000462,W0000028,1,4049096,2026-06-09 08:59:15,2026-06-09 08:59:15
W0000462,W0000042,1,3871740,2026-05-07 19:52:11,2026-05-07 19:52:11
W0000462,W0000055,1,7597570,2026-05-16 21:28:39,2026-05-16 21:28:39
W0000462,W0000079,1,96135,2026-02-03 01:15:57,2026-02-03 01:15:57
W0000462,W0000125,1,2650917,2026-06-21 14:54:28,2026-06-21 14:54:28
W0000462,W0000128,1,65279237,2026-06-11 09:48:15,2026-06-11 09:48:15
W0000462,W0000168,1,28539470,2026-05-21 00:42:07,2026-05-21 00:42:07
W0000462,W0000183,1,807371,2026-02-05 03:30:35,2026-02-05 03:30:35
W0000462,W0000226,1,49849685,2026-05-02 06:00:53,2026-05-02 06:00:53
W0000462,W0000232,1,12965560,2026-02-26 10:27:31,2026-02-26 10:27:31
W0000462,W0000239,1,38543015,2026-06-10 02:02:37,2026-06-10 02:02:37
W0000462,W0000262,1,6654739,2026-01-01 06:51:47,2026-01-01 06:51:47
W0000462,W0000268,1,4913589,2026-01-06 07:35:28,2026-01-06 07:35:28
W0000462,W0000286,1,6686183,2026-01-26 10:19:43,2026-01-26 10:19:43
W0000462,W0000288,1,11023277,2026-04-02 13:56:59,2026-04-02 13:56:59
W0000462,W0000334,1,2232567,2026-05-18 10:48:11,2026-05-18 10:48:11
W0000462,W0000377,1,12788485,2026-01-17 11:10:33,2026-01-17 11:10:33
W0000462,W0000381,1,14585532,2026-01-05 15:38:17,2026-01-05 15:38:17
W0000462,W0000399,1,18343049,2026-02-01 15:12:37,2026-02-01 15:12:37
W0000462,W0000433,1,10740499,2026-06-03 22:33:43,2026-06-03 22:33:43
W0000462,W0000457,1,24047099,2026-05-06 23:41:24,2026-05-06 23:41:24
W0000462,W0000458,1,16258347,2026-02-17 02:57:49,2026-02-17 02:57:49
W0000462,W0000484,1,10027079,2026-02-23 09:03:48,2026-02-23 09:03:48
W0000462,W0000494,1,978411,2026-02-20 06:58:33,2026-02-20 06:58:33
W0000463,W0000008,1,7432521,2026-01-03 03:38:17,2026-01-03 03:38:17
W0000463,W0000044,1,30762514,2026-05-03 04:27:34,2026-05-03 04:27:34
W0000463,W0000088,1,34692659,2026-05-27 18:56:49,2026-05-27 18:56:49
W0000463,W0000109,1,12901442,2026-05-06 10:15:32,2026-05-06 10:15:32
W0000463,W0000144,1,8462152,2026-02-20 00:38:09,2026-02-20 00:38:09
W0000463,W0000156,1,2941417,2026-02-14 04:37:43,2026-02-14 04:37:43
W0000463,W0000173,1,14022951,2026-01-05 02:07:02,2026-01-05 02:07:02
W0000463,W0000193,1,5341444,2026-01-05 15:16:10,2026-01-05 15:16:10
W0000463,W0000222,1,6347534,2026-05-19 05:16:14,2026-05-19 05:16:14
W0000463,W0000234,1,8431265,2026-03-14 09:29:17,2026-03-14 09:29:17
W0000463,W0000303,1,5015875,2026-04-22 23:35:51,2026-04-22 23:35:51
W0000463,W0000322,1,2991290,2026-03-09 17:55:35,2026-03-09 17:55:35
W0000463,W0000331,1,2874134,2026-04-02 19:37:21,2026-04-02 19:37:21
W0000463,W0000339,1,5131807,2026-05-23 07:03:49,2026-05-23 07:03:49
W0000463,W0000341,1,3016392,2026-03-06 22:44:13,2026-03-06 22:44:13
W0000463,W0000367,1,1053194,2026-05-22 14:26:21,2026-05-22 14:26:21
W0000463,W0000384,1,6365000,2026-04-23 21:15:36,2026-04-23 21:15:36
W0000463,W0000390,1,23380562,2026-01-13 04:51:30,2026-01-13 04:51:30
W0000463,W0000395,2,56147525,2026-01-08 04:24:42,2026-02-01 10:48:59
W0000463,W0000410,1,13537244,2026-06-05 17:16:25,2026-06-05 17:16:25
W0000463,W0000434,1,8625988,2026-04-30 18:57:54,2026-04-30 18:57:54
W0000463,W0000470,1,1318404,2026-04-03 11:11:43,2026-04-03 11:11:43
W0000463,W0000498,1,788246,2026-04-12 21:19:09,2026-04-12 21:19:09
W0000464,W0000024,1,7866706,2026-05-08 12:51:27,2026-05-08 12:51:27
W0000464,W0000033,1,8961350,2026-02-28 08:15:46,2026-02-28 08:15:46
W0000464,W0000047,1,18637833,2026-01-20 06:20:46,2026-01-20 06:20:46
W0000464,W0000114,1,6593768,2026-05-19 16:01:06,2026-05-19 16:01:06
W0000464,W0000168,1,9166218,2026-05-15 22:35:47,2026-05-15 22:35:47
W0000464,W0000171,1,12338534,2026-03-31 17:37:38,2026-03-31 17:37:38
W0000464,W0000198,1,5592243,2026-01-06 03:50:09,2026-01-06 03:50:09
W0000464,W0000212,1,8961350,2026-02-28 08:15:46,2026-02-28 08:15:46
W0000464,W0000214,1,801147,2026-03-31 20:59:13,2026-03-31 20:59:13
W0000464,W0000216,1,16894913,2026-06-04 23:59:23,2026-06-04 23:59:23
W0000464,W0000223,1,801147,2026-03-31 20:59:13,2026-03-31 20:59:13
W0000464,W0000273,1,31807300,2026-03-30 03:20:32,2026-03-30 03:20:32
W0000464,W0000291,1,3035675,2026-05-14 03:24:27,2026-05-14 03:24:27
W0000464,W0000305,1,14845853,2026-03-11 01:04:37,2026-03-11 01:04:37
W0000464,W0000334,1,3035675,2026-05-14 03:24:27,2026-05-14 03:24:27
W0000464,W0000454,1,12338534,2026-03-31 17:37:38,2026-03-31 17:37:38
W0000464,W0000469,1,34893220,2026-02-07 09:49:47,2026-02-07 09:49:47
W0000464,W0000482,1,5515634,2026-06-10 15:25:14,2026-06-10 15:25:14
W0000464,W0000487,1,6593768,2026-05-19 16:01:06,2026-05-19 16:01:06
W0000465,W0000022,1,6868984,2026-05-19 19:04:23,2026-05-19 19:04:23
W0000465,W0000040,1,3674163,2026-01-19 04:04:50,2026-01-19 04:04:50
W0000465,W0000069,1,4026257,2026-02-23 13:35:50,2026-02-23 13:35:50
W0000465,W0000083,1,10243280,2026-03-02 20:55:56,2026-03-02 20:55:56
W0000465,W0000086,1,9108368,2026-06-28 04:00:20,2026-06-28 04:00:20
W0000465,W0000098,1,3597835,2026-01-07 23:18:33,2026-01-07 23:18:33
W0000465,W0000125,1,2125624,2026-04-12 00:20:50,2026-04-12 00:20:50
W0000465,W0000137,1,15651676,2026-03-08 05:16:59,2026-03-08 05:16:59
W0000465,W0000174,1,14619023,2026-05-23 01:41:31,2026-05-23 01:41:31
W0000465,W0000208,1,3598128,2026-06-18 11:51:56,2026-06-18 11:51:56
W0000465,W0000301,1,41361449,2026-02-11 00:31:01,2026-02-11 00:31:01
W0000465,W0000316,1,9214152,2026-03-10 14:07:27,2026-03-10 14:07:27
W0000465,W0000320,1,13351990,2026-03-17 06:49:55,2026-03-17 06:49:55
W0000465,W0000334,1,10286829,2026-01-25 05:41:07,2026-01-25 05:41:07
W0000465,W0000414,1,10915016,2026-02-15 11:29:55,2026-02-15 11:29:55
W0000465,W0000452,1,4233835,2026-06-18 15:45:13,2026-06-18 15:45:13
W0000465,W0000491,1,3551479,2026-01-10 00:49:26,2026-01-10 00:49:26
W0000466,W0000047,1,4303851,2026-01-03 19:51:15,2026-01-03 19:51:15
W0000466,W0000054,1,22293301,2026-02-24 22:31:46,2026-02-24 22:31:46
W0000466,W0000136,1,5125956,2026-05-14 08:05:19,2026-05-14 08:05:19
W0000466,W0000171,1,1012272,2026-05-01 01:36:18,2026-05-01 01:36:18
W0000466,W0000221,1,18548724,2026-04-06 09:33:37,2026-04-06 09:33:37
W0000466,W0000230,1,4691541,2026-02-10 03:33:31,2026-02-10 03:33:31
W0000466,W0000249,1,4168673,2026-06-07 02:46:14,2026-06-07 02:46:14
W0000466,W0000303,1,43570446,2026-05-17 13:08:41,2026-05-17 13:08:41
W0000466,W0000310,1,19766504,2026-05-16 23:54:15,2026-05-16 23:54:15
W0000466,W0000311,1,1337881,2026-01-18 16:32:23,2026-01-18 16:32:23
W0000466,W0000316,1,71980191,2026-05-20 09:31:12,2026-05-20 09:31:12
W0000466,W0000333,1,3717368,2026-06-19 19:06:29,2026-06-19 19:06:29
W0000466,W0000343,1,4149526,2026-04-16 12:09:46,2026-04-16 12:09:46
W0000466,W0000355,1,20558466,2026-01-09 16:05:33,2026-01-09 16:05:33
W0000466,W0000377,1,16910587,2026-02-09 07:03:01,2026-02-09 07:03:01
W0000466,W0000386,1,28973937,2026-04-29 12:54:24,2026-04-29 12:54:24
W0000466,W0000446,1,22794026,2026-02-18 18:30:38,2026-02-18 18:30:38
W0000466,W0000467,1,7638115,2026-02-21 14:48:01,2026-02-21 14:48:01
W0000467,W0000030,1,14835415,2026-05-03 08:05:46,2026-05-03 08:05:46
W0000467,W0000082,1,56200580,2026-02-15 06:27:03,2026-02-15 06:27:03
W0000467,W0000122,1,54539792,2026-03-17 14:30:56,2026-03-17 14:30:56
W0000467,W0000123,1,43681837,2026-03-21 20:33:21,2026-03-21 20:33:21
W0000467,W0000126,1,27633917,2026-06-18 03:32:50,2026-06-18 03:32:50
W0000467,W0000148,1,26251317,2026-01-05 01:15:35,2026-01-05 01:15:35
W0000467,W0000178,1,2207499,2026-06-16 10:28:25,2026-06-16 10:28:25
W0000467,W0000198,1,215406399,2026-04-30 14:59:48,2026-04-30 14:59:48
W0000467,W0000253,1,59995736,2026-03-19 05:27:30,2026-03-19 05:27:30
W0000467,W0000268,1,41558174,2026-02-10 20:17:55,2026-02-10 20:17:55
W0000467,W0000279,1,52442436,2026-02-04 09:52:28,2026-02-04 09:52:28
W0000467,W0000355,1,30860810,2026-03-06 12:36:21,2026-03-06 12:36:21
W0000467,W0000424,1,52442436,2026-02-04 09:52:28,2026-02-04 09:52:28
W0000468,W0000008,1,5871992,2026-06-25 07:35:58,2026-06-25 07:35:58
W0000468,W0000091,1,97329312,2026-06-12 08:59:21,2026-06-12 08:59:21
W0000468,W0000099,1,49629035,2026-04-17 03:14:34,2026-04-17 03:14:34
W0000468,W0000112,1,6675863,2026-02-11 00:23:19,2026-02-11 00:23:19
W0000468,W0000139,1,77059992,2026-03-03 22:04:37,2026-03-03 22:04:37
W0000468,W0000199,1,20520193,2026-05-05 18:23:40,2026-05-05 18:23:40
W0000468,W0000229,1,49629035,2026-04-17 03:14:34,2026-04-17 03:14:34
W0000468,W0000235,1,20520193,2026-05-05 18:23:40,2026-05-05 18:23:40
W0000468,W0000276,1,6989768,2026-03-06 05:37:23,2026-03-06 05:37:23
W0000468,W0000298,1,9178616,2026-04-30 03:07:18,2026-04-30 03:07:18
W0000468,W0000341,1,69106396,2026-03-06 18:12:40,2026-03-06 18:12:40
W0000468,W0000352,1,9178616,2026-04-30 03:07:18,2026-04-30 03:07:18
W0000468,W0000361,1,49629035,2026-04-17 03:14:34,2026-04-17 03:14:34
W0000468,W0000395,1,6989768,2026-03-06 05:37:23,2026-03-06 05:37:23
W0000468,W0000429,1,97329312,2026-06-12 08:59:21,2026-06-12 08:59:21
W0000468,W0000442,1,6675863,2026-02-11 00:23:19,2026-02-11 00:23:19
W0000468,W0000460,1,6989768,2026-03-06 05:37:23,2026-03-06 05:37:23
W0000469,W0000025,1,3894987,2026-06-09 12:27:52,2026-06-09 12:27:52
W0000469,W0000046,1,20866388,2026-04-29 17:45:12,2026-04-29 17:45:12
W0000469,W0000078,2,46175870,2026-02-07 01:07:04,2026-05-14 00:31:55
W0000469,W0000090,1,12136137,2026-03-07 01:55:37,2026-03-07 01:55:37
W0000469,W0000094,1,10585724,2026-02-05 09:03:08,2026-02-05 09:03:08
W0000469,W0000108,1,14494858,2026-01-18 16:48:46,2026-01-18 16:48:46
W0000469,W0000112,1,4783933,2026-06-28 21:27:43,2026-06-28 21:27:43
W0000469,W0000131,1,16815411,2026-03-07 21:30:07,2026-03-07 21:30:07
W0000469,W0000168,1,18023041,2026-02-16 06:57:50,2026-02-16 06:57:50
W0000469,W0000225,1,16493863,2026-06-21 06:49:47,2026-06-21 06:49:47
W0000469,W0000273,1,12486391,2026-02-19 04:54:57,2026-02-19 04:54:57
W0000469,W0000316,1,10123792,2026-01-16 10:13:29,2026-01-16 10:13:29
W0000469,W0000331,1,2901504,2026-01-21 22:42:27,2026-01-21 22:42:27
W0000469,W0000338,1,2011719,2026-06-27 00:48:21,2026-06-27 00:48:21
W0000469,W0000353,1,4644822,2026-03-13 20:12:37,2026-03-13 20:12:37
W0000469,W0000363,1,1678225,2026-03-13 00:30:16,2026-03-13 00:30:16
W0000469,W0000367,1,7755863,2026-04-26 17:31:02,2026-04-26 17:31:02
W0000469,W0000384,1,3098967,2026-06-15 17:11:31,2026-06-15 17:11:31
W0000469,W0000394,1,4019181,2026-05-10 01:41:52,2026-05-10 01:41:52
W0000469,W0000406,1,6824270,2026-04-17 10:37:05,2026-04-17 10:37:05
W0000469,W0000437,1,5387473,2026-03-24 16:46:27,2026-03-24 16:46:27
W0000469,W0000454,1,9522609,2026-05-10 00:39:57,2026-05-10 00:39:57
W0000469,W0000466,1,25864695,2026-03-15 13:21:03,2026-03-15 13:21:03
W0000469,W0000495,1,40995801,2026-01-16 03:59:28,2026-01-16 03:59:28
W0000470,W0000047,1,27309914,2026-02-01 15:50:28,2026-02-01 15:50:28
W0000470,W0000098,1,48210911,2026-02-15 19:19:58,2026-02-15 19:19:58
W0000470,W0000114,1,20209035,2026-04-23 12:33:28,2026-04-23 12:33:28
W0000470,W0000134,1,22537654,2026-01-10 22:27:02,2026-01-10 22:27:02
W0000470,W0000271,1,8642043,2026-05-03 09:40:37,2026-05-03 09:40:37
W0000470,W0000278,1,2931216,2026-05-28 10:45:35,2026-05-28 10:45:35
W0000470,W0000307,1,3142465,2026-03-29 16:53:08,2026-03-29 16:53:08
W0000470,W0000319,1,10268383,2026-06-24 19:58:25,2026-06-24 19:58:25
W0000470,W0000320,1,3206044,2026-04-08 17:40:05,2026-04-08 17:40:05
W0000470,W0000344,1,23951647,2026-04-05 03:08:30,2026-04-05 03:08:30
W0000470,W0000429,1,78297953,2026-03-05 12:20:22,2026-03-05 12:20:22
W0000470,W0000436,1,12119208,2026-01-11 21:47:41,2026-01-11 21:47:41
W0000470,W0000456,1,17889236,2026-02-01 18:35:29,2026-02-01 18:35:29
W0000470,W0000481,1,79891043,2026-04-06 19:41:44,2026-04-06 19:41:44
W0000471,W0000022,1,4593184,2026-01-08 06:38:19,2026-01-08 06:38:19
W0000471,W0000046,1,51667148,2026-05-15 23:17:28,2026-05-15 23:17:28
W0000471,W0000055,1,4897944,2026-05-26 03:46:55,2026-05-26 03:46:55
W0000471,W0000073,1,26195121,2026-04-09 02:33:01,2026-04-09 02:33:01
W0000471,W0000095,1,6399413,2026-01-02 06:40:52,2026-01-02 06:40:52
W0000471,W0000124,1,4897944,2026-05-26 03:46:55,2026-05-26 03:46:55
W0000471,W0000130,1,23024072,2026-03-23 13:55:05,2026-03-23 13:55:05
W0000471,W0000159,1,12776237,2026-05-18 21:50:45,2026-05-18 21:50:45
W0000471,W0000171,1,19149262,2026-01-11 02:35:12,2026-01-11 02:35:12
W0000471,W0000181,1,63137174,2026-03-13 21:14:58,2026-03-13 21:14:58
W0000471,W0000183,1,51667148,2026-05-15 23:17:28,2026-05-15 23:17:28
W0000471,W0000192,1,4593184,2026-01-08 06:38:19,2026-01-08 06:38:19
W0000471,W0000228,1,7109766,2026-01-21 08:55:15,2026-01-21 08:55:15
W0000471,W0000233,1,3062438,2026-06-20 12:09:10,2026-06-20 12:09:10
W0000471,W0000236,1,3826137,2026-04-24 01:08:40,2026-04-24 01:08:40
W0000471,W0000245,1,2599446,2026-01-19 17:43:27,2026-01-19 17:43:27
W0000471,W0000275,1,23024072,2026-03-23 13:55:05,2026-03-23 13:55:05
W0000471,W0000294,1,6275924,2026-05-20 13:08:11,2026-05-20 13:08:11
W0000471,W0000308,1,14083852,2026-01-11 12:28:58,2026-01-11 12:28:58
W0000471,W0000309,1,4114924,2026-04-29 10:26:21,2026-04-29 10:26:21
W0000471,W0000336,1,63137174,2026-03-13 21:14:58,2026-03-13 21:14:58
W0000471,W0000339,1,5051520,2026-04-23 08:35:04,2026-04-23 08:35:04
W0000471,W0000342,1,26322114,2026-01-04 12:27:52,2026-01-04 12:27:52
W0000471,W0000344,1,23024072,2026-03-23 13:55:05,2026-03-23 13:55:05
W0000471,W0000356,1,4865482,2026-05-04 19:11:16,2026-05-04 19:11:16
W0000471,W0000402,1,4114924,2026-04-29 10:26:21,2026-04-29 10:26:21
W0000471,W0000403,1,4763067,2026-05-16 16:04:07,2026-05-16 16:04:07
W0000471,W0000407,1,7605369,2026-03-21 16:14:55,2026-03-21 16:14:55
W0000471,W0000433,1,9521157,2026-06-22 14:28:47,2026-06-22 14:28:47
W0000471,W0000434,1,2483117,2026-05-03 13:07:37,2026-05-03 13:07:37
W0000471,W0000438,1,9571190,2026-03-24 20:57:03,2026-03-24 20:57:03
W0000471,W0000446,1,6524910,2026-06-30 20:18:10,2026-06-30 20:18:10
W0000471,W0000449,1,4865482,2026-05-04 19:11:16,2026-05-04 19:11:16
W0000471,W0000467,1,26351162,2026-01-10 08:59:52,2026-01-10 08:59:52
W0000471,W0000491,1,22158257,2026-06-14 16:45:19,2026-06-14 16:45:19
W0000471,W0000494,1,13299692,2026-03-01 14:22:11,2026-03-01 14:22:11
W0000471,W0000498,1,4114924,2026-04-29 10:26:21,2026-04-29 10:26:21
W0000472,W0000017,1,36145189,2026-06-26 04:52:48,2026-06-26 04:52:48
W0000472,W0000055,1,18630994,2026-06-05 06:51:17,2026-06-05 06:51:17
W0000472,W0000057,1,3152719,2026-05-17 02:06:36,2026-05-17 02:06:36
W0000472,W0000102,1,1534465,2026-03-17 15:04:36,2026-03-17 15:04:36
W0000472,W0000159,1,8511563,2026-02-27 01:41:52,2026-02-27 01:41:52
W0000472,W0000197,1,4513789,2026-05-19 19:26:52,2026-05-19 19:26:52
W0000472,W0000211,1,2002626,2026-01-05 11:05:53,2026-01-05 11:05:53
W0000472,W0000215,1,2021802,2026-06-03 13:01:35,2026-06-03 13:01:35
W0000472,W0000223,1,9788831,2026-02-13 07:25:35,2026-02-13 07:25:35
W0000472,W0000307,1,705326,2026-05-13 01:01:09,2026-05-13 01:01:09
W0000472,W0000354,1,19883358,2026-03-23 12:32:12,2026-03-23 12:32:12
W0000472,W0000359,1,29846839,2026-06-17 02:59:55,2026-06-17 02:59:55
W0000472,W0000361,1,16196385,2026-03-03 03:22:02,2026-03-03 03:22:02
W0000472,W0000366,1,13554569,2026-02-27 03:42:44,2026-02-27 03:42:44
W0000472,W0000401,1,14189924,2026-04-07 16:13:11,2026-04-07 16:13:11
W0000472,W0000429,1,495548,2026-04-02 07:19:15,2026-04-02 07:19:15
W0000472,W0000443,1,10412327,2026-04-29 09:40:35,2026-04-29 09:40:35
W0000473,W0000044,1,472401,2026-03-06 21:40:58,2026-03-06 21:40:58
W0000473,W0000087,1,7981493,2026-04-06 03:25:34,2026-04-06 03:25:34
W0000473,W0000088,1,15767578,2026-01-19 09:32:30,2026-01-19 09:32:30
W0000473,W0000190,1,5989327,2026-05-21 16:48:34,2026-05-21 16:48:34
W0000473,W0000200,1,2952881,2026-01-14 04:40:59,2026-01-14 04:40:59
W0000473,W0000208,1,32227947,2026-04-05 05:51:36,2026-04-05 05:51:36
W0000473,W0000242,1,1137422,2026-05-26 14:26:36,2026-05-26 14:26:36
W0000473,W0000253,1,50661034,2026-04-16 14:01:37,2026-04-16 14:01:37
W0000473,W0000284,1,2935717,2026-02-21 23:03:59,2026-02-21 23:03:59
W0000473,W0000300,1,5471337,2026-02-26 05:31:27,2026-02-26 05:31:27
W0000473,W0000307,1,1764000,2026-06-25 00:29:38,2026-06-25 00:29:38
W0000473,W0000309,1,16731412,2026-03-20 14:28:43,2026-03-20 14:28:43
W0000473,W0000324,1,973764,2026-05-03 04:31:25,2026-05-03 04:31:25
W0000473,W0000337,1,9147242,2026-02-27 23:17:01,2026-02-27 23:17:01
W0000473,W0000372,1,2529812,2026-06-04 11:29:14,2026-06-04 11:29:14
W0000473,W0000387,1,28735674,2026-01-02 18:33:39,2026-01-02 18:33:39
W0000473,W0000392,1,14600544,2026-04-16 00:41:40,2026-04-16 00:41:40
W0000473,W0000406,1,8197675,2026-02-26 04:05:16,2026-02-26 04:05:16
W0000473,W0000414,1,562371,2026-04-11 20:07:28,2026-04-11 20:07:28
W0000474,W0000002,1,84575091,2026-03-12 04:44:28,2026-03-12 04:44:28
W0000474,W0000019,1,21070093,2026-04-05 13:23:43,2026-04-05 13:23:43
W0000474,W0000130,1,86694571,2026-06-23 02:26:53,2026-06-23 02:26:53
W0000474,W0000171,1,14539367,2026-01-29 14:11:28,2026-01-29 14:11:28
W0000474,W0000193,1,11118288,2026-04-16 21:14:22,2026-04-16 21:14:22
W0000474,W0000198,1,5814786,2026-04-16 04:09:02,2026-04-16 04:09:02
W0000474,W0000199,1,19062347,2026-05-30 15:45:57,2026-05-30 15:45:57
W0000474,W0000206,1,17397824,2026-01-13 22:06:38,2026-01-13 22:06:38
W0000474,W0000210,1,13290730,2026-05-08 17:08:28,2026-05-08 17:08:28
W0000474,W0000273,1,12193013,2026-02-08 15:39:03,2026-02-08 15:39:03
W0000474,W0000394,1,3911420,2026-03-02 06:21:44,2026-03-02 06:21:44
W0000474,W0000412,1,7019071,2026-05-24 06:41:27,2026-05-24 06:41:27
W0000474,W0000436,1,3950779,2026-05-04 03:32:22,2026-05-04 03:32:22
W0000474,W0000465,1,16264354,2026-05-13 13:08:26,2026-05-13 13:08:26
W0000475,W0000007,1,7317040,2026-05-29 06:00:17,2026-05-29 06:00:17
W0000475,W0000047,1,18016247,2026-05-27 22:19:41,2026-05-27 22:19:41
W0000475,W0000056,1,881057,2026-01-28 08:39:25,2026-01-28 08:39:25
W0000475,W0000080,1,2741786,2026-04-21 01:49:37,2026-04-21 01:49:37
W0000475,W0000094,1,2969656,2026-02-14 21:48:24,2026-02-14 21:48:24
W0000475,W0000134,1,7317040,2026-05-29 06:00:17,2026-05-29 06:00:17
W0000475,W0000153,1,7596332,2026-01-21 20:03:26,2026-01-21 20:03:26
W0000475,W0000232,1,2787840,2026-05-26 15:27:01,2026-05-26 15:27:01
W0000475,W0000245,1,5524097,2026-05-03 12:27:09,2026-05-03 12:27:09
W0000475,W0000313,1,881057,2026-01-28 08:39:25,2026-01-28 08:39:25
W0000475,W0000338,1,20085782,2026-03-31 20:14:41,2026-03-31 20:14:41
W0000475,W0000351,1,9473543,2026-02-26 00:54:31,2026-02-26 00:54:31
W0000475,W0000357,1,3980681,2026-01-01 05:41:19,2026-01-01 05:41:19
W0000475,W0000379,1,4584912,2026-06-04 18:39:53,2026-06-04 18:39:53
W0000475,W0000418,1,5202155,2026-03-22 10:25:07,2026-03-22 10:25:07
W0000475,W0000450,1,6672663,2026-03-18 02:57:52,2026-03-18 02:57:52
W0000475,W0000498,1,2349489,2026-06-01 04:02:52,2026-06-01 04:02:52
W0000476,W0000007,1,8244113,2026-01-25 13:30:04,2026-01-25 13:30:04
W0000476,W0000009,1,4175667,2026-04-24 23:47:11,2026-04-24 23:47:11
W0000476,W0000010,1,4275417,2026-01-18 15:47:23,2026-01-18 15:47:23
W0000476,W0000030,1,43926586,2026-04-18 10:32:15,2026-04-18 10:32:15
W0000476,W0000045,1,28608718,2026-01-03 08:02:19,2026-01-03 08:02:19
W0000476,W0000057,1,5277373,2026-05-11 12:31:44,2026-05-11 12:31:44
W0000476,W0000096,1,5788905,2026-06-22 13:48:41,2026-06-22 13:48:41
W0000476,W0000102,1,1236003,2026-06-07 22:34:46,2026-06-07 22:34:46
W0000476,W0000160,1,30885398,2026-03-16 19:00:43,2026-03-16 19:00:43
W0000476,W0000162,1,11265876,2026-02-24 17:26:28,2026-02-24 17:26:28
W0000476,W0000182,1,18145535,2026-05-24 16:53:12,2026-05-24 16:53:12
W0000476,W0000211,1,16718394,2026-02-26 16:29:53,2026-02-26 16:29:53
W0000476,W0000267,1,8616336,2026-04-12 01:31:43,2026-04-12 01:31:43
W0000476,W0000298,1,8859252,2026-05-12 23:00:05,2026-05-12 23:00:05
W0000476,W0000335,1,17069600,2026-06-20 13:38:20,2026-06-20 13:38:20
W0000476,W0000343,1,6961082,2026-04-12 17:28:15,2026-04-12 17:28:15
W0000476,W0000394,1,5468282,2026-02-14 09:39:40,2026-02-14 09:39:40
W0000476,W0000460,1,133782264,2026-02-26 21:17:15,2026-02-26 21:17:15
W0000476,W0000478,1,34827574,2026-02-14 06:57:28,2026-02-14 06:57:28
W0000477,W0000018,1,4985620,2026-04-10 03:19:31,2026-04-10 03:19:31
W0000477,W0000076,1,6697245,2026-03-06 21:02:23,2026-03-06 21:02:23
W0000477,W0000084,1,16513728,2026-06-05 16:43:13,2026-06-05 16:43:13
W0000477,W0000086,1,5303378,2026-05-16 06:53:10,2026-05-16 06:53:10
W0000477,W0000091,1,3881707,2026-01-30 03:40:51,2026-01-30 03:40:51
W0000477,W0000122,1,11898921,2026-06-08 15:41:39,2026-06-08 15:41:39
W0000477,W0000125,1,11898383,2026-01-09 01:04:20,2026-01-09 01:04:20
W0000477,W0000131,1,12256260,2026-03-29 17:59:07,2026-03-29 17:59:07
W0000477,W0000139,1,11898921,2026-06-08 15:41:39,2026-06-08 15:41:39
W0000477,W0000160,1,7469610,2026-02-09 18:09:55,2026-02-09 18:09:55
W0000477,W0000187,1,1751246,2026-03-28 00:58:38,2026-03-28 00:58:38
W0000477,W0000191,1,11898383,2026-01-09 01:04:20,2026-01-09 01:04:20
W0000477,W0000201,1,5881669,2026-04-27 10:08:38,2026-04-27 10:08:38
W0000477,W0000212,1,7786820,2026-03-29 02:01:30,2026-03-29 02:01:30
W0000477,W0000214,1,26601345,2026-05-19 03:45:36,2026-05-19 03:45:36
W0000477,W0000240,1,28911016,2026-05-14 09:03:14,2026-05-14 09:03:14
W0000477,W0000247,1,21408342,2026-06-02 16:25:44,2026-06-02 16:25:44
W0000477,W0000249,1,6443308,2026-06-21 02:52:53,2026-06-21 02:52:53
W0000477,W0000250,1,3326099,2026-06-23 04:44:23,2026-06-23 04:44:23
W0000477,W0000258,1,6722337,2026-01-28 02:09:18,2026-01-28 02:09:18
W0000477,W0000265,1,3785520,2026-04-29 19:56:58,2026-04-29 19:56:58
W0000477,W0000277,1,2608763,2026-02-09 10:46:20,2026-02-09 10:46:20
W0000477,W0000281,1,11898921,2026-06-08 15:41:39,2026-06-08 15:41:39
W0000477,W0000287,1,5364866,2026-02-11 21:55:45,2026-02-11 21:55:45
W0000477,W0000290,1,16388334,2026-05-14 21:47:28,2026-05-14 21:47:28
W0000477,W0000295,1,6697245,2026-03-06 21:02:23,2026-03-06 21:02:23
W0000477,W0000306,1,7616332,2026-06-01 07:25:23,2026-06-01 07:25:23
W0000477,W0000307,1,5303378,2026-05-16 06:53:10,2026-05-16 06:53:10
W0000477,W0000317,1,14606807,2026-01-16 21:43:14,2026-01-16 21:43:14
W0000477,W0000329,1,1232868,2026-03-01 04:19:18,2026-03-01 04:19:18
W0000477,W0000332,1,1767748,2026-04-02 08:23:51,2026-04-02 08:23:51
W0000477,W0000359,1,43572938,2026-05-23 13:58:56,2026-05-23 13:58:56
W0000477,W0000366,1,8476217,2026-05-20 00:49:59,2026-05-20 00:49:59
W0000477,W0000370,1,4560420,2026-03-04 03:24:40,2026-03-04 03:24:40
W0000477,W0000371,1,11434134,2026-04-07 19:58:26,2026-04-07 19:58:26
W0000477,W0000402,1,7786820,2026-03-29 02:01:30,2026-03-29 02:01:30
W0000477,W0000455,1,16513728,2026-06-05 16:43:13,2026-06-05 16:43:13
W0000477,W0000472,1,2988415,2026-05-03 01:59:29,2026-05-03 01:59:29
W0000477,W0000493,1,17759360,2026-02-22 12:31:53,2026-02-22 12:31:53
W0000478,W0000019,1,9813057,2026-03-06 07:36:17,2026-03-06 07:36:17
W0000478,W0000020,1,24795721,2026-01-21 03:42:30,2026-01-21 03:42:30
W0000478,W0000038,1,5881669,2026-04-08 00:29:39,2026-04-08 00:29:39
W0000478,W0000069,1,3605349,2026-03-28 00:50:25,2026-03-28 00:50:25
W0000478,W0000077,1,4468164,2026-06-16 16:54:04,2026-06-16 16:54:04
W0000478,W0000081,1,3737143,2026-04-19 05:23:38,2026-04-19 05:23:38
W0000478,W0000083,1,3469936,2026-02-28 14:53:59,2026-02-28 14:53:59
W0000478,W0000102,1,8611772,2026-04-25 02:52:49,2026-04-25 02:52:49
W0000478,W0000110,1,5055689,2026-02-17 11:39:33,2026-02-17 11:39:33
W0000478,W0000112,1,26776765,2026-03-25 12:41:33,2026-03-25 12:41:33
W0000478,W0000121,1,6213881,2026-01-18 06:46:59,2026-01-18 06:46:59
W0000478,W0000145,1,7325020,2026-04-21 06:36:47,2026-04-21 06:36:47
W0000478,W0000182,1,14458428,2026-02-17 03:05:33,2026-02-17 03:05:33
W0000478,W0000237,1,9286536,2026-01-08 05:41:58,2026-01-08 05:41:58
W0000478,W0000249,1,28962807,2026-05-24 13:19:43,2026-05-24 13:19:43
W0000478,W0000288,1,33371187,2026-06-23 14:18:17,2026-06-23 14:18:17
W0000478,W0000341,1,9253461,2026-05-31 12:18:06,2026-05-31 12:18:06
W0000478,W0000347,1,55348163,2026-03-15 22:56:23,2026-03-15 22:56:23
W0000478,W0000362,1,79130190,2026-01-11 10:11:36,2026-01-11 10:11:36
W0000478,W0000377,1,31446934,2026-03-21 16:11:43,2026-03-21 16:11:43
W0000478,W0000382,1,9020772,2026-04-21 10:20:54,2026-04-21 10:20:54
W0000478,W0000388,1,4827114,2026-03-25 09:23:56,2026-03-25 09:23:56
W0000478,W0000395,1,66526636,2026-02-04 04:28:27,2026-02-04 04:28:27
W0000478,W0000415,1,1940559,2026-01-13 16:20:26,2026-01-13 16:20:26
W0000478,W0000435,1,14830928,2026-01-17 21:48:11,2026-01-17 21:48:11
W0000478,W0000453,1,53183210,2026-03-14 02:07:47,2026-03-14 02:07:47
W0000478,W0000467,1,10698996,2026-06-07 05:05:52,2026-06-07 05:05:52
W0000479,W0000037,1,3075001,2026-02-19 16:52:15,2026-02-19 16:52:15
W0000479,W0000042,1,9657424,2026-06-27 11:24:03,2026-06-27 11:24:03
W0000479,W0000050,1,35301010,2026-04-11 18:22:36,2026-04-11 18:22:36
W0000479,W0000073,1,30820214,2026-03-08 19:42:07,2026-03-08 19:42:07
W0000479,W0000075,1,2063271,2026-01-14 15:28:16,2026-01-14 15:28:16
W0000479,W0000080,1,16991283,2026-04-19 02:55:34,2026-04-19 02:55:34
W0000479,W0000113,1,59592284,2026-04-12 03:25:58,2026-04-12 03:25:58
W0000479,W0000119,1,2063271,2026-01-14 15:28:16,2026-01-14 15:28:16
W0000479,W0000129,1,31389978,2026-03-31 09:00:37,2026-03-31 09:00:37
W0000479,W0000133,1,3536903,2026-04-18 06:14:15,2026-04-18 06:14:15
W0000479,W0000157,1,5895446,2026-03-15 00:31:50,2026-03-15 00:31:50
W0000479,W0000160,1,1753814,2026-04-29 10:58:28,2026-04-29 10:58:28
W0000479,W0000163,1,6827522,2026-02-20 11:11:02,2026-02-20 11:11:02
W0000479,W0000179,1,1863759,2026-06-02 07:14:32,2026-06-02 07:14:32
W0000479,W0000213,1,2175942,2026-03-16 04:18:00,2026-03-16 04:18:00
W0000479,W0000228,2,3967990,2026-01-14 15:28:16,2026-02-13 22:45:32
W0000479,W0000258,1,12789522,2026-04-17 12:45:29,2026-04-17 12:45:29
W0000479,W0000262,1,7883295,2026-02-10 22:14:47,2026-02-10 22:14:47
W0000479,W0000263,1,5351106,2026-06-29 23:17:36,2026-06-29 23:17:36
W0000479,W0000297,1,11444100,2026-01-22 12:58:42,2026-01-22 12:58:42
W0000479,W0000302,1,14817892,2026-01-29 22:29:44,2026-01-29 22:29:44
W0000479,W0000304,1,13990469,2026-05-02 05:57:07,2026-05-02 05:57:07
W0000479,W0000321,1,20542264,2026-02-13 14:44:15,2026-02-13 14:44:15
W0000479,W0000328,1,3608519,2026-02-07 08:56:13,2026-02-07 08:56:13
W0000479,W0000356,1,13990469,2026-05-02 05:57:07,2026-05-02 05:57:07
W0000479,W0000358,1,28616043,2026-04-06 16:21:56,2026-04-06 16:21:56
W0000479,W0000370,1,2160426,2026-02-18 22:43:52,2026-02-18 22:43:52
W0000479,W0000379,2,16822556,2026-03-10 02:00:25,2026-03-25 09:02:33
W0000479,W0000409,1,4196028,2026-02-25 01:58:08,2026-02-25 01:58:08
W0000479,W0000422,1,31389978,2026-03-31 09:00:37,2026-03-31 09:00:37
W0000479,W0000431,1,7883295,2026-02-10 22:14:47,2026-02-10 22:14:47
W0000479,W0000435,1,59592284,2026-04-12 03:25:58,2026-04-12 03:25:58
W0000479,W0000453,2,10588365,2026-01-22 12:22:55,2026-03-28 20:12:22
W0000479,W0000455,1,6546947,2026-01-12 15:13:05,2026-01-12 15:13:05
W0000479,W0000474,1,4757793,2026-05-11 22:04:07,2026-05-11 22:04:07
W0000479,W0000477,1,1863759,2026-06-02 07:14:32,2026-06-02 07:14:32
W0000479,W0000478,1,1230730,2026-02-09 09:50:03,2026-02-09 09:50:03
W0000479,W0000482,1,16991283,2026-04-19 02:55:34,2026-04-19 02:55:34
W0000479,W0000494,1,4427937,2026-03-09 13:14:32,2026-03-09 13:14:32
W0000479,W0000498,1,3274060,2026-04-15 17:15:44,2026-04-15 17:15:44
W0000480,W0000016,1,10317471,2026-02-20 15:47:38,2026-02-20 15:47:38
W0000480,W0000028,2,102711559,2026-01-16 00:03:59,2026-05-28 07:24:31
W0000480,W0000042,1,4678668,2026-03-23 17:21:18,2026-03-23 17:21:18
W0000480,W0000050,1,32852430,2026-03-21 07:15:14,2026-03-21 07:15:14
W0000480,W0000065,1,4574850,2026-02-10 04:11:28,2026-02-10 04:11:28
W0000480,W0000067,1,3605386,2026-01-25 15:57:52,2026-01-25 15:57:52
W0000480,W0000075,1,3605386,2026-01-25 15:57:52,2026-01-25 15:57:52
W0000480,W0000079,1,9633043,2026-06-14 23:18:08,2026-06-14 23:18:08
W0000480,W0000094,2,54952848,2026-01-24 18:05:21,2026-04-08 01:34:49
W0000480,W0000106,1,18669316,2026-04-26 07:58:49,2026-04-26 07:58:49
W0000480,W0000107,1,3948383,2026-04-08 02:09:06,2026-04-08 02:09:06
W0000480,W0000110,1,9028765,2026-05-28 07:24:31,2026-05-28 07:24:31
W0000480,W0000111,1,10655754,2026-01-24 18:05:21,2026-01-24 18:05:21
W0000480,W0000137,1,22854647,2026-02-23 11:51:15,2026-02-23 11:51:15
W0000480,W0000146,1,27795703,2026-02-25 11:36:08,2026-02-25 11:36:08
W0000480,W0000149,1,17330002,2026-04-08 20:49:39,2026-04-08 20:49:39
W0000480,W0000162,1,8793976,2026-05-01 12:10:43,2026-05-01 12:10:43
W0000480,W0000165,1,3948383,2026-04-08 02:09:06,2026-04-08 02:09:06
W0000480,W0000166,1,1869012,2026-02-08 12:51:13,2026-02-08 12:51:13
W0000480,W0000185,1,8793976,2026-05-01 12:10:43,2026-05-01 12:10:43
W0000480,W0000197,1,93682794,2026-01-16 00:03:59,2026-01-16 00:03:59
W0000480,W0000212,1,6823511,2026-05-15 05:45:19,2026-05-15 05:45:19
W0000480,W0000220,1,17330002,2026-04-08 20:49:39,2026-04-08 20:49:39
W0000480,W0000226,2,24737627,2026-04-04 16:29:11,2026-06-22 02:51:57
W0000480,W0000243,1,9028765,2026-05-28 07:24:31,2026-05-28 07:24:31
W0000480,W0000246,1,9633043,2026-06-14 23:18:08,2026-06-14 23:18:08
W0000480,W0000256,1,4574850,2026-02-10 04:11:28,2026-02-10 04:11:28
W0000480,W0000273,1,8793976,2026-05-01 12:10:43,2026-05-01 12:10:43
W0000480,W0000304,1,38864932,2026-04-29 17:58:02,2026-04-29 17:58:02
W0000480,W0000323,1,10273774,2026-03-28 15:45:10,2026-03-28 15:45:10
W0000480,W0000327,1,36667708,2026-05-20 16:27:51,2026-05-20 16:27:51
W0000480,W0000348,1,17465063,2026-01-12 04:07:46,2026-01-12 04:07:46
W0000480,W0000373,1,6808016,2026-03-05 18:11:51,2026-03-05 18:11:51
W0000480,W0000388,1,6823511,2026-05-15 05:45:19,2026-05-15 05:45:19
W0000480,W0000399,1,6161657,2026-06-13 01:50:59,2026-06-13 01:50:59
W0000480,W0000404,1,36667708,2026-05-20 16:27:51,2026-05-20 16:27:51
W0000480,W0000415,1,93682794,2026-01-16 00:03:59,2026-01-16 00:03:59
W0000480,W0000417,1,44297094,2026-04-08 01:34:49,2026-04-08 01:34:49
W0000480,W0000420,1,10655754,2026-01-24 18:05:21,2026-01-24 18:05:21
W0000480,W0000424,1,6823511,2026-05-15 05:45:19,2026-05-15 05:45:19
W0000480,W0000436,1,1869012,2026-02-08 12:51:13,2026-02-08 12:51:13
W0000480,W0000437,1,6808016,2026-03-05 18:11:51,2026-03-05 18:11:51
W0000480,W0000455,1,6161657,2026-06-13 01:50:59,2026-06-13 01:50:59
W0000480,W0000474,1,79841004,2026-01-12 23:49:03,2026-01-12 23:49:03
W0000480,W0000485,1,5125389,2026-02-04 16:12:42,2026-02-04 16:12:42
W0000480,W0000499,1,93682794,2026-01-16 00:03:59,2026-01-16 00:03:59
W0000481,W0000010,1,29111672,2026-05-18 08:27:40,2026-05-18 08:27:40
W0000481,W0000034,1,595502,2026-05-26 08:33:48,2026-05-26 08:33:48
W0000481,W0000041,1,1700316,2026-06-27 08:00:55,2026-06-27 08:00:55
W0000481,W0000043,1,10441615,2026-06-26 08:39:48,2026-06-26 08:39:48
W0000481,W0000068,1,29600284,2026-01-08 02:20:49,2026-01-08 02:20:49
W0000481,W0000124,1,9597167,2026-01-06 01:25:10,2026-01-06 01:25:10
W0000481,W0000148,1,3773059,2026-03-29 01:10:42,2026-03-29 01:10:42
W0000481,W0000233,1,6336680,2026-06-19 03:56:26,2026-06-19 03:56:26
W0000481,W0000241,1,13522431,2026-06-01 02:39:00,2026-06-01 02:39:00
W0000481,W0000242,2,45496187,2026-04-08 01:05:20,2026-04-08 11:08:26
W0000481,W0000306,1,1993228,2026-05-09 14:15:48,2026-05-09 14:15:48
W0000481,W0000311,1,28617271,2026-03-13 19:07:15,2026-03-13 19:07:15
W0000481,W0000325,1,21148110,2026-03-22 16:28:48,2026-03-22 16:28:48
W0000481,W0000425,1,10000363,2026-05-19 00:36:23,2026-05-19 00:36:23
W0000481,W0000434,1,5497622,2026-03-04 16:55:29,2026-03-04 16:55:29
W0000482,W0000074,1,7349979,2026-05-24 15:41:52,2026-05-24 15:41:52
W0000482,W0000078,1,25059320,2026-04-05 07:47:49,2026-04-05 07:47:49
W0000482,W0000082,1,24148871,2026-03-31 22:19:11,2026-03-31 22:19:11
W0000482,W0000119,1,11384447,2026-05-19 16:27:04,2026-05-19 16:27:04
W0000482,W0000141,1,3074580,2026-01-23 20:35:22,2026-01-23 20:35:22
W0000482,W0000167,1,4155789,2026-04-26 14:19:13,2026-04-26 14:19:13
W0000482,W0000178,1,11813579,2026-02-03 00:43:41,2026-02-03 00:43:41
W0000482,W0000205,1,22050603,2026-01-12 02:45:53,2026-01-12 02:45:53
W0000482,W0000218,1,60567894,2026-03-22 14:05:14,2026-03-22 14:05:14
W0000482,W0000258,1,13284158,2026-06-17 01:45:18,2026-06-17 01:45:18
W0000482,W0000265,1,2485968,2026-01-18 16:42:39,2026-01-18 16:42:39
W0000482,W0000281,1,8377010,2026-05-03 14:11:42,2026-05-03 14:11:42
W0000482,W0000291,1,10107959,2026-04-04 05:10:17,2026-04-04 05:10:17
W0000482,W0000326,1,13203083,2026-01-05 16:54:49,2026-01-05 16:54:49
W0000482,W0000330,1,2312630,2026-06-27 11:34:55,2026-06-27 11:34:55
W0000482,W0000349,1,3064946,2026-04-29 22:19:28,2026-04-29 22:19:28
W0000482,W0000364,1,12558999,2026-04-02 03:35:54,2026-04-02 03:35:54
W0000482,W0000370,1,2604762,2026-03-07 13:18:31,2026-03-07 13:18:31
W0000482,W0000402,1,7929369,2026-01-26 19:12:00,2026-01-26 19:12:00
W0000482,W0000433,1,7500579,2026-01-20 21:46:52,2026-01-20 21:46:52
W0000482,W0000489,1,3601401,2026-04-22 11:04:34,2026-04-22 11:04:34
W0000483,W0000015,1,13152139,2026-03-07 02:33:17,2026-03-07 02:33:17
W0000483,W0000028,1,14275788,2026-01-29 02:52:03,2026-01-29 02:52:03
W0000483,W0000087,1,7706882,2026-03-26 02:39:18,2026-03-26 02:39:18
W0000483,W0000125,2,17399768,2026-03-20 00:36:21,2026-06-05 11:36:36
W0000483,W0000139,1,34886142,2026-01-07 10:16:51,2026-01-07 10:16:51
W0000483,W0000145,1,14292858,2026-05-13 14:56:01,2026-05-13 14:56:01
W0000483,W0000177,1,415448,2026-06-21 05:00:11,2026-06-21 05:00:11
W0000483,W0000189,1,4753063,2026-05-15 15:37:17,2026-05-15 15:37:17
W0000483,W0000190,1,594599,2026-05-16 04:07:31,2026-05-16 04:07:31
W0000483,W0000191,1,29774113,2026-04-07 03:40:01,2026-04-07 03:40:01
W0000483,W0000204,1,5934835,2026-04-10 10:05:09,2026-04-10 10:05:09
W0000483,W0000220,1,57051443,2026-02-03 22:55:16,2026-02-03 22:55:16
W0000483,W0000310,1,10124555,2026-06-28 16:49:13,2026-06-28 16:49:13
W0000483,W0000429,1,15314444,2026-03-29 13:43:33,2026-03-29 13:43:33
W0000483,W0000497,1,1205041,2026-02-23 11:21:25,2026-02-23 11:21:25
W0000484,W0000050,1,33613979,2026-05-09 14:00:43,2026-05-09 14:00:43
W0000484,W0000067,1,371297,2026-04-22 04:30:34,2026-04-22 04:30:34
W0000484,W0000069,1,26655200,2026-04-28 15:43:11,2026-04-28 15:43:11
W0000484,W0000075,1,15597107,2026-04-23 23:20:45,2026-04-23 23:20:45
W0000484,W0000082,1,5636942,2026-06-11 13:59:00,2026-06-11 13:59:00
W0000484,W0000114,1,16425352,2026-02-01 22:09:15,2026-02-01 22:09:15
W0000484,W0000121,1,17794998,2026-03-16 04:01:55,2026-03-16 04:01:55
W0000484,W0000135,1,8104215,2026-05-25 01:23:01,2026-05-25 01:23:01
W0000484,W0000151,1,6377330,2026-06-03 14:50:10,2026-06-03 14:50:10
W0000484,W0000249,1,12360290,2026-01-16 01:43:04,2026-01-16 01:43:04
W0000484,W0000268,1,6215778,2026-05-27 03:17:53,2026-05-27 03:17:53
W0000484,W0000271,1,8784567,2026-03-09 17:56:41,2026-03-09 17:56:41
W0000484,W0000291,1,6608389,2026-01-26 20:13:42,2026-01-26 20:13:42
W0000484,W0000295,1,4739198,2026-05-25 08:32:21,2026-05-25 08:32:21
W0000484,W0000329,1,10604450,2026-02-24 13:02:28,2026-02-24 13:02:28
W0000484,W0000352,1,12218090,2026-06-03 14:42:03,2026-06-03 14:42:03
W0000484,W0000400,1,1115692,2026-01-22 03:51:00,2026-01-22 03:51:00
W0000484,W0000411,1,7549253,2026-02-27 16:40:29,2026-02-27 16:40:29
W0000484,W0000417,1,51071106,2026-01-07 07:48:28,2026-01-07 07:48:28
W0000484,W0000419,1,45145681,2026-04-15 12:40:00,2026-04-15 12:40:00
W0000484,W0000429,1,5890800,2026-06-13 15:40:32,2026-06-13 15:40:32
W0000484,W0000447,1,9262968,2026-06-10 08:50:53,2026-06-10 08:50:53
W0000484,W0000463,1,16483176,2026-04-27 12:13:47,2026-04-27 12:13:47
W0000484,W0000487,1,19766221,2026-04-28 05:03:39,2026-04-28 05:03:39
W0000485,W0000003,1,9717838,2026-04-09 09:39:09,2026-04-09 09:39:09
W0000485,W0000044,1,2409995,2026-04-11 10:17:59,2026-04-11 10:17:59
W0000485,W0000090,1,10383756,2026-05-03 18:54:53,2026-05-03 18:54:53
W0000485,W0000100,1,13489916,2026-01-03 19:08:06,2026-01-03 19:08:06
W0000485,W0000131,1,6635203,2026-04-19 06:24:02,2026-04-19 06:24:02
W0000485,W0000133,1,8022777,2026-06-13 16:15:02,2026-06-13 16:15:02
W0000485,W0000193,1,24251093,2026-05-05 00:57:21,2026-05-05 00:57:21
W0000485,W0000205,1,6388650,2026-02-27 20:14:54,2026-02-27 20:14:54
W0000485,W0000251,1,8984394,2026-02-23 04:27:16,2026-02-23 04:27:16
W0000485,W0000253,1,32041154,2026-01-26 18:17:00,2026-01-26 18:17:00
W0000485,W0000271,1,13877911,2026-02-26 07:40:06,2026-02-26 07:40:06
W0000485,W0000281,1,69936317,2026-03-29 08:54:06,2026-03-29 08:54:06
W0000485,W0000307,1,30347365,2026-01-09 20:06:21,2026-01-09 20:06:21
W0000485,W0000327,1,6286567,2026-05-02 12:11:59,2026-05-02 12:11:59
W0000485,W0000352,1,1552035,2026-05-30 07:22:57,2026-05-30 07:22:57
W0000485,W0000371,1,10053771,2026-05-25 19:03:22,2026-05-25 19:03:22
W0000485,W0000393,1,74141633,2026-06-10 09:07:42,2026-06-10 09:07:42
W0000485,W0000401,1,18234953,2026-05-25 22:40:35,2026-05-25 22:40:35
W0000485,W0000408,1,9882294,2026-03-26 21:40:10,2026-03-26 21:40:10
W0000485,W0000454,1,735957,2026-02-23 03:53:23,2026-02-23 03:53:23
W0000486,W0000012,1,646184,2026-03-30 22:01:21,2026-03-30 22:01:21
W0000486,W0000018,1,16364016,2026-02-21 12:41:20,2026-02-21 12:41:20
W0000486,W0000038,1,624320,2026-05-10 19:42:54,2026-05-10 19:42:54
W0000486,W0000050,1,1603745,2026-02-11 00:45:12,2026-02-11 00:45:12
W0000486,W0000052,1,9975104,2026-01-26 15:09:35,2026-01-26 15:09:35
W0000486,W0000070,1,12203989,2026-03-24 03:13:48,2026-03-24 03:13:48
W0000486,W0000108,1,3206512,2026-05-17 11:49:12,2026-05-17 11:49:12
W0000486,W0000141,1,3818581,2026-01-02 12:37:13,2026-01-02 12:37:13
W0000486,W0000194,1,8505846,2026-05-13 18:29:52,2026-05-13 18:29:52
W0000486,W0000261,1,919878,2026-01-27 11:48:08,2026-01-27 11:48:08
W0000486,W0000273,1,4795022,2026-01-25 13:05:55,2026-01-25 13:05:55
W0000486,W0000326,1,10308949,2026-01-09 19:57:09,2026-01-09 19:57:09
W0000486,W0000412,1,54814285,2026-01-05 08:29:42,2026-01-05 08:29:42
W0000487,W0000018,1,36739760,2026-02-03 10:18:25,2026-02-03 10:18:25
W0000487,W0000051,1,125841069,2026-06-30 15:32:10,2026-06-30 15:32:10
W0000487,W0000063,1,8259225,2026-01-15 14:16:28,2026-01-15 14:16:28
W0000487,W0000122,1,106209241,2026-03-28 20:41:39,2026-03-28 20:41:39
W0000487,W0000183,1,4662799,2026-01-31 14:35:50,2026-01-31 14:35:50
W0000487,W0000196,1,37436864,2026-02-19 14:29:39,2026-02-19 14:29:39
W0000487,W0000199,1,6951578,2026-01-17 00:14:10,2026-01-17 00:14:10
W0000487,W0000297,1,43952411,2026-05-10 22:48:34,2026-05-10 22:48:34
W0000487,W0000307,1,23550124,2026-04-08 23:58:58,2026-04-08 23:58:58
W0000487,W0000312,1,28520228,2026-06-23 23:52:45,2026-06-23 23:52:45
W0000487,W0000338,1,10665245,2026-01-04 05:11:12,2026-01-04 05:11:12
W0000487,W0000398,1,19502930,2026-01-17 23:28:45,2026-01-17 23:28:45
W0000487,W0000424,1,36665241,2026-03-09 13:06:54,2026-03-09 13:06:54
W0000487,W0000456,1,12554337,2026-03-27 02:55:47,2026-03-27 02:55:47
W0000487,W0000478,1,5017931,2026-02-04 02:55:44,2026-02-04 02:55:44
W0000487,W0000479,1,29800503,2026-02-22 06:02:06,2026-02-22 06:02:06
W0000488,W0000014,1,9986704,2026-04-06 05:42:53,2026-04-06 05:42:53
W0000488,W0000021,1,3506853,2026-06-19 16:56:01,2026-06-19 16:56:01
W0000488,W0000049,1,5816680,2026-03-24 00:57:18,2026-03-24 00:57:18
W0000488,W0000065,1,494945,2026-01-12 18:56:14,2026-01-12 18:56:14
W0000488,W0000095,1,494945,2026-01-12 18:56:14,2026-01-12 18:56:14
W0000488,W0000109,1,2110316,2026-02-25 00:23:51,2026-02-25 00:23:51
W0000488,W0000116,1,20626229,2026-01-29 14:43:09,2026-01-29 14:43:09
W0000488,W0000134,1,12807359,2026-06-21 00:52:30,2026-06-21 00:52:30
W0000488,W0000144,1,23669200,2026-02-07 09:05:24,2026-02-07 09:05:24
W0000488,W0000185,1,50664345,2026-02-24 18:40:32,2026-02-24 18:40:32
W0000488,W0000194,1,11804080,2026-05-07 02:43:25,2026-05-07 02:43:25
W0000488,W0000197,2,12238735,2026-05-07 02:43:25,2026-05-29 08:39:27
W0000488,W0000276,1,5571334,2026-04-27 10:29:10,2026-04-27 10:29:10
W0000488,W0000289,1,15904539,2026-04-03 13:09:57,2026-04-03 13:09:57
W0000488,W0000295,1,8627442,2026-06-03 07:30:00,2026-06-03 07:30:00
W0000488,W0000301,1,11559191,2026-05-13 19:25:56,2026-05-13 19:25:56
W0000488,W0000340,1,4521435,2026-01-13 23:49:23,2026-01-13 23:49:23
W0000488,W0000356,1,1191445,2026-01-15 16:07:03,2026-01-15 16:07:03
W0000488,W0000365,1,13884859,2026-05-17 06:08:55,2026-05-17 06:08:55
W0000488,W0000367,2,15166107,2026-01-10 04:24:30,2026-05-13 19:25:56
W0000488,W0000390,1,2729561,2026-04-15 20:52:12,2026-04-15 20:52:12
W0000488,W0000401,1,15534985,2026-02-25 07:41:29,2026-02-25 07:41:29
W0000488,W0000410,1,4468785,2026-04-29 00:43:37,2026-04-29 00:43:37
W0000488,W0000431,1,15534985,2026-02-25 07:41:29,2026-02-25 07:41:29
W0000488,W0000435,1,3606916,2026-01-10 04:24:30,2026-01-10 04:24:30
W0000488,W0000438,1,4276179,2026-05-14 01:15:19,2026-05-14 01:15:19
W0000488,W0000477,1,3562943,2026-02-03 21:36:28,2026-02-03 21:36:28
W0000488,W0000489,1,1191445,2026-01-15 16:07:03,2026-01-15 16:07:03
W0000488,W0000495,1,13884859,2026-05-17 06:08:55,2026-05-17 06:08:55
W0000489,W0000030,1,7128608,2026-06-29 13:04:39,2026-06-29 13:04:39
W0000489,W0000052,1,25193824,2026-05-09 21:34:49,2026-05-09 21:34:49
W0000489,W0000056,1,13771835,2026-06-20 07:47:14,2026-06-20 07:47:14
W0000489,W0000069,1,14233721,2026-04-30 11:43:14,2026-04-30 11:43:14
W0000489,W0000089,1,3025630,2026-06-04 07:38:51,2026-06-04 07:38:51
W0000489,W0000103,1,3413175,2026-05-22 05:24:47,2026-05-22 05:24:47
W0000489,W0000146,2,6302163,2026-01-14 13:21:54,2026-03-17 04:28:23
W0000489,W0000185,1,26396558,2026-03-13 15:29:24,2026-03-13 15:29:24
W0000489,W0000255,1,19723654,2026-04-21 09:30:51,2026-04-21 09:30:51
W0000489,W0000271,1,10728884,2026-04-08 15:12:16,2026-04-08 15:12:16
W0000489,W0000296,1,11440379,2026-02-08 02:44:43,2026-02-08 02:44:43
W0000489,W0000303,1,46759578,2026-05-13 09:42:26,2026-05-13 09:42:26
W0000489,W0000374,1,110399510,2026-05-06 05:45:11,2026-05-06 05:45:11
W0000489,W0000382,1,14184046,2026-01-19 19:26:27,2026-01-19 19:26:27
W0000489,W0000450,1,81931921,2026-05-18 14:16:10,2026-05-18 14:16:10
W0000489,W0000457,1,4099175,2026-01-28 15:09:04,2026-01-28 15:09:04
W0000489,W0000459,1,5962842,2026-05-07 13:46:57,2026-05-07 13:46:57
W0000489,W0000465,1,4052286,2026-01-12 18:27:48,2026-01-12 18:27:48
W0000489,W0000499,1,14846822,2026-05-11 23:43:56,2026-05-11 23:43:56
W0000490,W0000004,1,8707826,2026-05-18 08:29:15,2026-05-18 08:29:15
W0000490,W0000015,1,2732902,2026-04-04 18:35:41,2026-04-04 18:35:41
W0000490,W0000022,1,13451734,2026-04-12 10:15:19,2026-04-12 10:15:19
W0000490,W0000035,1,13549321,2026-03-24 14:19:28,2026-03-24 14:19:28
W0000490,W0000049,1,15470600,2026-04-21 22:45:31,2026-04-21 22:45:31
W0000490,W0000093,1,19100898,2026-01-08 17:35:35,2026-01-08 17:35:35
W0000490,W0000107,1,7730622,2026-03-24 09:54:40,2026-03-24 09:54:40
W0000490,W0000130,1,19100898,2026-01-08 17:35:35,2026-01-08 17:35:35
W0000490,W0000168,1,5569703,2026-03-13 14:50:06,2026-03-13 14:50:06
W0000490,W0000210,1,17905196,2026-04-10 03:44:22,2026-04-10 03:44:22
W0000490,W0000227,1,25823304,2026-05-26 02:50:59,2026-05-26 02:50:59
W0000490,W0000249,1,3412636,2026-03-09 05:29:04,2026-03-09 05:29:04
W0000490,W0000251,1,2732902,2026-04-04 18:35:41,2026-04-04 18:35:41
W0000490,W0000256,1,10084215,2026-02-12 09:41:45,2026-02-12 09:41:45
W0000490,W0000265,1,15470600,2026-04-21 22:45:31,2026-04-21 22:45:31
W0000490,W0000282,1,19022322,2026-05-02 21:09:54,2026-05-02 21:09:54
W0000490,W0000316,1,6685214,2026-03-12 00:01:17,2026-03-12 00:01:17
W0000490,W0000442,1,862522,2026-06-30 12:03:15,2026-06-30 12:03:15
W0000490,W0000453,1,17905196,2026-04-10 03:44:22,2026-04-10 03:44:22
W0000490,W0000461,1,3222750,2026-01-01 18:32:15,2026-01-01 18:32:15
W0000490,W0000481,1,18645517,2026-04-30 19:17:35,2026-04-30 19:17:35
W0000490,W0000491,1,3282794,2026-04-19 23:35:01,2026-04-19 23:35:01
W0000490,W0000497,1,3950123,2026-04-12 23:20:42,2026-04-12 23:20:42
W0000490,W0000499,1,9050223,2026-04-29 20:26:16,2026-04-29 20:26:16
W0000491,W0000024,1,8812172,2026-05-23 13:15:20,2026-05-23 13:15:20
W0000491,W0000028,1,4788085,2026-04-11 21:51:40,2026-04-11 21:51:40
W0000491,W0000035,1,18082268,2026-05-21 10:54:36,2026-05-21 10:54:36
W0000491,W0000100,1,2889941,2026-02-27 22:10:27,2026-02-27 22:10:27
W0000491,W0000104,1,36531707,2026-03-23 03:24:58,2026-03-23 03:24:58
W0000491,W0000115,1,1829867,2026-02-02 03:58:40,2026-02-02 03:58:40
W0000491,W0000119,1,7064143,2026-04-10 13:01:38,2026-04-10 13:01:38
W0000491,W0000124,1,20363448,2026-02-18 22:51:55,2026-02-18 22:51:55
W0000491,W0000181,1,20164949,2026-03-10 03:24:01,2026-03-10 03:24:01
W0000491,W0000192,1,9018739,2026-06-02 18:37:06,2026-06-02 18:37:06
W0000491,W0000216,1,2623115,2026-01-16 15:14:12,2026-01-16 15:14:12
W0000491,W0000239,1,18732568,2026-01-14 14:52:26,2026-01-14 14:52:26
W0000491,W0000245,1,11819274,2026-03-30 14:48:04,2026-03-30 14:48:04
W0000491,W0000246,1,24991076,2026-01-25 01:23:13,2026-01-25 01:23:13
W0000491,W0000289,1,1319656,2026-06-25 04:23:25,2026-06-25 04:23:25
W0000491,W0000319,1,40242534,2026-05-31 05:37:23,2026-05-31 05:37:23
W0000491,W0000352,1,4940149,2026-03-06 17:17:35,2026-03-06 17:17:35
W0000491,W0000369,1,19658646,2026-03-25 21:48:39,2026-03-25 21:48:39
W0000491,W0000380,1,2543405,2026-06-30 12:22:50,2026-06-30 12:22:50
W0000491,W0000412,1,4919185,2026-06-08 03:29:38,2026-06-08 03:29:38
W0000491,W0000443,1,13039260,2026-03-18 13:55:37,2026-03-18 13:55:37
W0000491,W0000455,1,4084267,2026-02-20 12:02:21,2026-02-20 12:02:21
W0000491,W0000457,1,2903777,2026-01-09 19:01:09,2026-01-09 19:01:09
W0000491,W0000494,1,50450738,2026-06-03 19:20:04,2026-06-03 19:20:04
W0000492,W0000016,1,5207825,2026-06-03 03:09:13,2026-06-03 03:09:13
W0000492,W0000020,1,5702822,2026-04-12 07:29:14,2026-04-12 07:29:14
W0000492,W0000025,1,12041931,2026-06-30 21:39:11,2026-06-30 21:39:11
W0000492,W0000027,1,16599212,2026-06-21 18:07:28,2026-06-21 18:07:28
W0000492,W0000064,1,13733534,2026-05-28 21:06:24,2026-05-28 21:06:24
W0000492,W0000065,1,3876235,2026-06-13 11:43:52,2026-06-13 11:43:52
W0000492,W0000075,1,1683401,2026-04-11 16:13:43,2026-04-11 16:13:43
W0000492,W0000090,1,8246525,2026-06-11 21:54:27,2026-06-11 21:54:27
W0000492,W0000105,1,21968977,2026-06-23 11:02:16,2026-06-23 11:02:16
W0000492,W0000108,1,41534809,2026-03-14 20:48:43,2026-03-14 20:48:43
W0000492,W0000141,1,20960658,2026-06-26 23:11:52,2026-06-26 23:11:52
W0000492,W0000152,1,2327792,2026-05-21 15:16:50,2026-05-21 15:16:50
W0000492,W0000185,1,64341636,2026-03-28 17:55:59,2026-03-28 17:55:59
W0000492,W0000191,1,18793173,2026-03-03 14:34:37,2026-03-03 14:34:37
W0000492,W0000206,1,894825,2026-06-24 22:45:43,2026-06-24 22:45:43
W0000492,W0000207,1,3779728,2026-02-27 17:29:42,2026-02-27 17:29:42
W0000492,W0000259,1,26727585,2026-01-05 08:49:12,2026-01-05 08:49:12
W0000492,W0000280,1,10766884,2026-02-22 16:58:49,2026-02-22 16:58:49
W0000492,W0000294,1,16593920,2026-03-08 01:22:55,2026-03-08 01:22:55
W0000492,W0000318,1,12394804,2026-01-28 18:56:10,2026-01-28 18:56:10
W0000492,W0000395,1,40381910,2026-06-09 22:50:22,2026-06-09 22:50:22
W0000492,W0000399,1,5208417,2026-03-10 13:48:47,2026-03-10 13:48:47
W0000492,W0000452,1,15290563,2026-01-22 09:02:11,2026-01-22 09:02:11
W0000492,W0000454,1,5427408,2026-01-18 09:53:42,2026-01-18 09:53:42
W0000492,W0000476,1,2849843,2026-02-05 16:17:54,2026-02-05 16:17:54
W0000493,W0000004,1,7086360,2026-03-27 16:59:00,2026-03-27 16:59:00
W0000493,W0000012,1,9651758,2026-03-30 21:10:45,2026-03-30 21:10:45
W0000493,W0000015,1,90661147,2026-05-27 22:37:58,2026-05-27 22:37:58
W0000493,W0000078,1,25547795,2026-05-25 05:33:59,2026-05-25 05:33:59
W0000493,W0000085,1,25854363,2026-01-20 10:05:47,2026-01-20 10:05:47
W0000493,W0000116,1,2411984,2026-01-01 19:53:23,2026-01-01 19:53:23
W0000493,W0000125,1,7008571,2026-05-24 06:04:10,2026-05-24 06:04:10
W0000493,W0000142,1,4347607,2026-01-14 16:16:16,2026-01-14 16:16:16
W0000493,W0000168,1,30364762,2026-05-12 20:07:49,2026-05-12 20:07:49
W0000493,W0000231,1,2033817,2026-04-29 16:49:13,2026-04-29 16:49:13
W0000493,W0000240,1,16130242,2026-01-16 08:52:10,2026-01-16 08:52:10
W0000493,W0000256,1,11401808,2026-04-24 19:12:56,2026-04-24 19:12:56
W0000493,W0000285,1,27697740,2026-03-15 21:55:07,2026-03-15 21:55:07
W0000493,W0000309,1,24380275,2026-03-21 21:58:51,2026-03-21 21:58:51
W0000493,W0000313,1,2078853,2026-01-07 19:24:19,2026-01-07 19:24:19
W0000493,W0000328,1,10213324,2026-02-09 20:28:39,2026-02-09 20:28:39
W0000493,W0000428,1,21632589,2026-06-15 04:25:00,2026-06-15 04:25:00
W0000493,W0000469,1,7041657,2026-01-15 22:35:36,2026-01-15 22:35:36
W0000493,W0000498,1,6600736,2026-04-13 00:57:18,2026-04-13 00:57:18
W0000494,W0000006,1,46609265,2026-01-08 03:34:46,2026-01-08 03:34:46
W0000494,W0000007,1,16491477,2026-03-01 11:17:35,2026-03-01 11:17:35
W0000494,W0000053,1,4435229,2026-01-22 09:27:25,2026-01-22 09:27:25
W0000494,W0000056,1,23765159,2026-05-22 14:00:54,2026-05-22 14:00:54
W0000494,W0000090,1,1527701,2026-05-03 11:26:04,2026-05-03 11:26:04
W0000494,W0000106,1,9912447,2026-05-30 19:57:55,2026-05-30 19:57:55
W0000494,W0000113,1,15206830,2026-05-04 00:16:26,2026-05-04 00:16:26
W0000494,W0000121,1,25325130,2026-06-07 08:31:22,2026-06-07 08:31:22
W0000494,W0000132,1,31696691,2026-04-26 01:59:26,2026-04-26 01:59:26
W0000494,W0000154,1,56124885,2026-03-20 13:38:45,2026-03-20 13:38:45
W0000494,W0000229,1,35522366,2026-03-24 05:53:45,2026-03-24 05:53:45
W0000494,W0000252,1,5720539,2026-02-20 09:13:54,2026-02-20 09:13:54
W0000494,W0000255,1,10911811,2026-03-12 17:19:20,2026-03-12 17:19:20
W0000494,W0000308,1,9107341,2026-04-03 21:45:22,2026-04-03 21:45:22
W0000494,W0000310,1,2276163,2026-03-24 23:05:14,2026-03-24 23:05:14
W0000494,W0000317,1,9343733,2026-03-02 00:50:02,2026-03-02 00:50:02
W0000494,W0000328,1,9849131,2026-01-03 05:18:09,2026-01-03 05:18:09
W0000494,W0000343,1,10491750,2026-04-21 20:28:20,2026-04-21 20:28:20
W0000494,W0000363,1,10278609,2026-05-22 14:43:07,2026-05-22 14:43:07
W0000494,W0000423,1,4355152,2026-02-16 21:06:34,2026-02-16 21:06:34
W0000494,W0000428,1,11932644,2026-03-01 11:53:45,2026-03-01 11:53:45
W0000494,W0000446,1,22754502,2026-05-19 09:51:20,2026-05-19 09:51:20
W0000494,W0000448,1,4189427,2026-01-16 19:49:36,2026-01-16 19:49:36
W0000494,W0000456,1,13731908,2026-05-06 05:28:34,2026-05-06 05:28:34
W0000494,W0000466,1,7341532,2026-02-14 15:27:26,2026-02-14 15:27:26
W0000495,W0000028,1,31162772,2026-05-09 16:37:34,2026-05-09 16:37:34
W0000495,W0000033,1,5918428,2026-04-13 08:29:54,2026-04-13 08:29:54
W0000495,W0000035,1,11923695,2026-02-08 19:27:54,2026-02-08 19:27:54
W0000495,W0000045,1,48046540,2026-03-14 16:40:32,2026-03-14 16:40:32
W0000495,W0000057,1,4556584,2026-01-21 07:21:42,2026-01-21 07:21:42
W0000495,W0000061,1,27810168,2026-04-27 08:01:13,2026-04-27 08:01:13
W0000495,W0000097,1,4985571,2026-03-31 03:28:15,2026-03-31 03:28:15
W0000495,W0000132,1,110304955,2026-01-13 12:58:04,2026-01-13 12:58:04
W0000495,W0000143,1,8145198,2026-04-29 12:33:41,2026-04-29 12:33:41
W0000495,W0000192,1,15382123,2026-05-13 20:18:56,2026-05-13 20:18:56
W0000495,W0000193,1,1589422,2026-02-10 09:37:46,2026-02-10 09:37:46
W0000495,W0000204,1,13901198,2026-06-07 02:24:06,2026-06-07 02:24:06
W0000495,W0000294,1,23128244,2026-06-22 12:24:36,2026-06-22 12:24:36
W0000495,W0000327,1,12368748,2026-02-12 07:13:10,2026-02-12 07:13:10
W0000495,W0000332,1,20862350,2026-01-23 12:40:20,2026-01-23 12:40:20
W0000495,W0000344,1,10011913,2026-01-06 19:23:17,2026-01-06 19:23:17
W0000495,W0000350,1,12356189,2026-02-18 16:59:08,2026-02-18 16:59:08
W0000495,W0000390,1,29355552,2026-02-10 15:01:32,2026-02-10 15:01:32
W0000495,W0000401,1,513201,2026-06-23 05:11:47,2026-06-23 05:11:47
W0000495,W0000415,1,14164635,2026-06-10 18:13:20,2026-06-10 18:13:20
W0000495,W0000426,1,46937355,2026-03-13 07:07:22,2026-03-13 07:07:22
W0000495,W0000437,1,5486191,2026-05-31 05:21:00,2026-05-31 05:21:00
W0000495,W0000444,1,27907233,2026-01-21 22:04:51,2026-01-21 22:04:51
W0000495,W0000482,1,7453542,2026-01-23 03:41:04,2026-01-23 03:41:04
W0000496,W0000013,1,3379052,2026-03-05 00:35:35,2026-03-05 00:35:35
W0000496,W0000040,1,312369,2026-05-03 16:35:59,2026-05-03 16:35:59
W0000496,W0000050,1,14408258,2026-04-30 10:18:14,2026-04-30 10:18:14
W0000496,W0000061,1,14623441,2026-05-26 12:16:39,2026-05-26 12:16:39
W0000496,W0000069,1,14422178,2026-04-08 23:55:16,2026-04-08 23:55:16
W0000496,W0000115,1,7416656,2026-01-08 01:44:02,2026-01-08 01:44:02
W0000496,W0000132,1,11353183,2026-03-13 11:22:05,2026-03-13 11:22:05
W0000496,W0000133,1,13598267,2026-06-06 09:05:21,2026-06-06 09:05:21
W0000496,W0000141,1,47729651,2026-01-01 06:05:43,2026-01-01 06:05:43
W0000496,W0000159,1,5909362,2026-03-21 07:37:48,2026-03-21 07:37:48
W0000496,W0000258,1,34851010,2026-06-16 08:24:40,2026-06-16 08:24:40
W0000496,W0000261,1,5043451,2026-02-03 00:57:17,2026-02-03 00:57:17
W0000496,W0000271,1,17226505,2026-04-14 11:37:12,2026-04-14 11:37:12
W0000496,W0000273,1,1001088,2026-03-20 22:42:26,2026-03-20 22:42:26
W0000496,W0000285,1,179094669,2026-04-19 16:35:49,2026-04-19 16:35:49
W0000496,W0000292,1,8075213,2026-04-10 17:55:47,2026-04-10 17:55:47
W0000496,W0000299,1,30167948,2026-03-07 05:40:35,2026-03-07 05:40:35
W0000496,W0000331,1,4449561,2026-03-30 17:15:37,2026-03-30 17:15:37
W0000496,W0000350,1,9478815,2026-01-26 07:25:27,2026-01-26 07:25:27
W0000496,W0000363,1,5358198,2026-03-10 09:54:13,2026-03-10 09:54:13
W0000496,W0000382,1,8309332,2026-05-30 03:16:35,2026-05-30 03:16:35
W0000496,W0000412,1,57550217,2026-06-08 21:00:57,2026-06-08 21:00:57
W0000496,W0000437,1,1054926,2026-01-25 07:40:27,2026-01-25 07:40:27
W0000496,W0000442,1,1336083,2026-05-15 20:28:05,2026-05-15 20:28:05
W0000496,W0000446,1,20730969,2026-04-23 22:56:09,2026-04-23 22:56:09
W0000496,W0000456,1,8544489,2026-05-01 01:13:50,2026-05-01 01:13:50
W0000496,W0000477,1,4546535,2026-06-14 20:49:28,2026-06-14 20:49:28
W0000496,W0000486,1,13688598,2026-03-28 22:50:55,2026-03-28 22:50:55
W0000497,W0000007,1,14908293,2026-01-12 18:26:50,2026-01-12 18:26:50
W0000497,W0000010,1,5026995,2026-03-22 23:21:48,2026-03-22 23:21:48
W0000497,W0000056,1,3984465,2026-06-27 20:08:27,2026-06-27 20:08:27
W0000497,W0000073,1,4703987,2026-03-24 07:20:26,2026-03-24 07:20:26
W0000497,W0000094,1,50350210,2026-04-15 11:20:50,2026-04-15 11:20:50
W0000497,W0000107,1,832961,2026-02-19 15:06:18,2026-02-19 15:06:18
W0000497,W0000131,1,42034171,2026-03-11 15:52:12,2026-03-11 15:52:12
W0000497,W0000138,1,6318250,2026-03-02 11:42:06,2026-03-02 11:42:06
W0000497,W0000182,1,4354447,2026-04-13 04:19:41,2026-04-13 04:19:41
W0000497,W0000200,1,12000348,2026-04-04 17:16:53,2026-04-04 17:16:53
W0000497,W0000201,1,3922604,2026-03-20 12:39:11,2026-03-20 12:39:11
W0000497,W0000206,1,5132837,2026-06-02 03:49:55,2026-06-02 03:49:55
W0000497,W0000248,1,6421052,2026-01-26 19:48:01,2026-01-26 19:48:01
W0000497,W0000310,1,12669432,2026-02-10 21:47:00,2026-02-10 21:47:00
W0000497,W0000336,1,7985025,2026-01-29 00:36:37,2026-01-29 00:36:37
W0000497,W0000348,1,10902870,2026-04-21 05:11:53,2026-04-21 05:11:53
W0000497,W0000350,2,31693528,2026-03-17 02:20:21,2026-03-17 11:49:45
W0000497,W0000448,1,14794957,2026-06-14 23:24:13,2026-06-14 23:24:13
W0000497,W0000454,1,10827275,2026-05-07 00:35:46,2026-05-07 00:35:46
W0000497,W0000495,1,4510105,2026-01-10 04:07:50,2026-01-10 04:07:50
W0000497,W0000496,1,136512115,2026-05-29 20:10:23,2026-05-29 20:10:23
W0000498,W0000011,1,30112227,2026-04-14 17:27:03,2026-04-14 17:27:03
W0000498,W0000019,1,48240885,2026-01-01 16:08:10,2026-01-01 16:08:10
W0000498,W0000025,1,9084981,2026-01-10 22:02:17,2026-01-10 22:02:17
W0000498,W0000033,1,5466292,2026-04-04 20:47:40,2026-04-04 20:47:40
W0000498,W0000048,1,6559063,2026-01-22 12:30:07,2026-01-22 12:30:07
W0000498,W0000052,1,15311579,2026-04-15 03:19:58,2026-04-15 03:19:58
W0000498,W0000069,1,10491221,2026-05-04 08:57:42,2026-05-04 08:57:42
W0000498,W0000084,1,2306365,2026-01-03 20:43:16,2026-01-03 20:43:16
W0000498,W0000184,1,9151900,2026-02-17 13:59:49,2026-02-17 13:59:49
W0000498,W0000224,1,13391764,2026-03-30 12:31:12,2026-03-30 12:31:12
W0000498,W0000251,1,6818902,2026-03-24 20:41:14,2026-03-24 20:41:14
W0000498,W0000264,1,71473205,2026-04-07 04:52:53,2026-04-07 04:52:53
W0000498,W0000267,1,2828652,2026-06-23 10:04:35,2026-06-23 10:04:35
W0000498,W0000305,1,51008601,2026-01-18 11:49:01,2026-01-18 11:49:01
W0000498,W0000312,1,19118638,2026-02-24 09:05:05,2026-02-24 09:05:05
W0000498,W0000380,1,18045210,2026-04-07 02:59:16,2026-04-07 02:59:16
W0000498,W0000402,1,12122284,2026-01-29 06:19:54,2026-01-29 06:19:54
W0000498,W0000428,1,4623099,2026-01-21 08:39:25,2026-01-21 08:39:25
W0000498,W0000469,1,21699393,2026-01-18 07:27:00,2026-01-18 07:27:00
W0000499,W0000065,1,14422310,2026-05-22 01:51:51,2026-05-22 01:51:51
W0000499,W0000147,1,23718625,2026-02-05 23:28:10,2026-02-05 23:28:10
W0000499,W0000154,1,11353794,2026-05-16 00:17:49,2026-05-16 00:17:49
W0000499,W0000164,1,7208138,2026-06-03 09:42:14,2026-06-03 09:42:14
W0000499,W0000172,1,23682575,2026-02-23 14:10:35,2026-02-23 14:10:35
W0000499,W0000193,1,10003770,2026-05-28 04:03:45,2026-05-28 04:03:45
W0000499,W0000194,1,22055919,2026-01-25 07:09:49,2026-01-25 07:09:49
W0000499,W0000254,1,8992526,2026-01-05 20:13:02,2026-01-05 20:13:02
W0000499,W0000255,1,2926393,2026-02-07 01:00:18,2026-02-07 01:00:18
W0000499,W0000269,1,56272071,2026-01-29 01:11:15,2026-01-29 01:11:15
W0000499,W0000311,1,3823549,2026-03-23 04:26:47,2026-03-23 04:26:47
W0000499,W0000326,1,23715833,2026-03-21 18:40:24,2026-03-21 18:40:24
W0000499,W0000349,1,10663826,2026-05-27 15:20:03,2026-05-27 15:20:03
W0000499,W0000372,1,1001649,2026-03-24 16:18:50,2026-03-24 16:18:50
W0000499,W0000375,1,63021650,2026-02-05 19:08:08,2026-02-05 19:08:08
W0000499,W0000377,1,1416350,2026-06-04 07:42:28,2026-06-04 07:42:28
W0000499,W0000392,1,1566708,2026-05-27 22:54:34,2026-05-27 22:54:34
W0000499,W0000405,1,8829233,2026-05-30 09:34:12,2026-05-30 09:34:12
W0000499,W0000418,1,6985267,2026-03-11 21:17:56,2026-03-11 21:17:56
W0000499,W0000494,1,10198891,2026-01-22 00:43:04,2026-01-22 00:43:04
W0000500,W0000022,1,35717306,2026-02-23 17:29:53,2026-02-23 17:29:53
W0000500,W0000024,1,13393438,2026-03-05 11:08:33,2026-03-05 11:08:33
W0000500,W0000055,1,24032573,2026-01-07 01:47:31,2026-01-07 01:47:31
W0000500,W0000067,1,6868046,2026-05-12 10:19:53,2026-05-12 10:19:53
W0000500,W0000086,1,9468881,2026-06-12 18:04:07,2026-06-12 18:04:07
W0000500,W0000100,1,4566231,2026-04-28 02:59:04,2026-04-28 02:59:04
W0000500,W0000116,1,20086610,2026-02-26 10:14:39,2026-02-26 10:14:39
W0000500,W0000192,1,1258064,2026-03-07 20:15:07,2026-03-07 20:15:07
W0000500,W0000219,1,17192327,2026-04-01 04:16:30,2026-04-01 04:16:30
W0000500,W0000241,1,104879987,2026-06-07 22:01:37,2026-06-07 22:01:37
W0000500,W0000267,1,14093850,2026-01-03 13:23:42,2026-01-03 13:23:42
W0000500,W0000276,1,12608420,2026-06-10 15:43:44,2026-06-10 15:43:44
W0000500,W0000282,1,7084826,2026-01-24 02:06:28,2026-01-24 02:06:28
W0000500,W0000299,1,25485997,2026-05-21 00:10:55,2026-05-21 00:10:55
W0000500,W0000302,1,11321333,2026-03-24 05:50:07,2026-03-24 05:50:07
W0000500,W0000351,2,15426909,2026-04-05 10:16:53,2026-05-12 20:26:25
W0000500,W0000358,1,3360508,2026-05-13 05:44:21,2026-05-13 05:44:21
W0000500,W0000360,1,38188047,2026-05-12 20:51:35,2026-05-12 20:51:35
W0000500,W0000367,1,4196259,2026-03-06 11:28:15,2026-03-06 11:28:15
W0000500,W0000376,1,3814056,2026-01-26 20:08:55,2026-01-26 20:08:55
W0000500,W0000430,1,5166524,2026-04-18 17:40:14,2026-04-18 17:40:14
W0000500,W0000451,1,20516045,2026-05-14 05:32:29,2026-05-14 05:32:29
W0000500,W0000460,1,30009988,2026-04-18 06:36:05,2026-04-18 06:36:05
W0000500,W0000473,1,9289498,2026-04-11 20:12:52,2026-04-11 20:12:52
