wallet_id,tx_count,incoming_tx_count,total_received_sats,avg_received_sats,median_received_sats,max_received_sats,std_received_sats,outgoing_tx_count,total_sent_sats,avg_sent_sats,median_sent_sats,max_sent_sats,std_sent_sats,avg_outputs_per_tx,max_outputs_per_tx,unique_input_counterparties,unique_output_counterparties,unique_counterparties,fan_in,fan_out,in_out_ratio,avg_inter_tx_seconds,median_inter_tx_seconds,min_inter_tx_seconds,std_inter_tx_seconds,active_duration_seconds,transaction_velocity,burstiness,observation_count,unique_src_ips,unique_dst_ips,unique_src_ports,mean_latency_ms,median_latency_ms,std_latency_ms,total_bytes_sent,total_bytes_received,inbound_ratio,outbound_ratio,unique_countries,unique_asns,unique_network_types,country_entropy,asn_entropy,shared_ip_wallet_count,shared_asn_wallet_count,avg_network_tx_time_difference,min_network_tx_time_difference,observations_per_tx,rapid_hop_count,degree,in_degree,out_degree,pagerank,betweenness_centrality,clustering_coefficient,community_id,community_size,two_hop_neighbor_count,networkx_degree,networkx_in_degree,networkx_out_degree,weighted_degree,weighted_in_degree,weighted_out_degree,networkx_pagerank,networkx_betweenness_centrality,networkx_clustering_coefficient,networkx_community_id,networkx_community_size,networkx_two_hop_neighbor_count,graphsage_dim_0,graphsage_dim_1,graphsage_dim_2,graphsage_dim_3,graphsage_dim_4,graphsage_dim_5,graphsage_dim_6,graphsage_dim_7,graphsage_dim_8,graphsage_dim_9,graphsage_dim_10,graphsage_dim_11,graphsage_dim_12,graphsage_dim_13,graphsage_dim_14,graphsage_dim_15,graphsage_dim_16,graphsage_dim_17,graphsage_dim_18,graphsage_dim_19,graphsage_dim_20,graphsage_dim_21,graphsage_dim_22,graphsage_dim_23,graphsage_dim_24,graphsage_dim_25,graphsage_dim_26,graphsage_dim_27,graphsage_dim_28,graphsage_dim_29,graphsage_dim_30,graphsage_dim_31,isolation_forest_anomaly_score,isolation_forest_flag,autoencoder_reconstruction_error,deterministic_score
W0000001,0.02549778,0.0,-0.031431608,-0.008376084,-0.10915093,0.026960256,0.009527162,0.008928178,0.054119244,0.34696007,1.9919586,-0.21840204,-0.16517489,-0.22810489,-0.006205773,0.0,0.018415427,0.010904469,0.0,0.0,0.0003740769,-0.01766783,0.007925373,-0.07797696,0.025307622,-0.06205132,0.0,0.051852196,-0.014569342,-0.096996725,-0.010347059,0.0,-0.0014661358,-0.12218835,0.05149104,-0.15090005,0.0,0.0026750108,0.0,0.0,-0.0039416067,-0.01404916,-0.49044257,-0.21156529,0.0,0.0,0.008198865,0.047252677,0.43181664,0.0,0.0,0.0,0.0033027634,0.019474573,-0.018059755,0.0033516905,0.0,0.0,0.0,0.0,0.0,0.0,-0.03884663,0.011641865,-0.10262283,0.003398105,0.0,-0.011458471,0.0,0.0,0.0,-0.04939468,-0.057811707,-0.09521486,-0.32087147,-0.059151337,0.0,0.20916657,-0.018944178,-0.19965363,-0.04477249,-0.9758779,-0.012771191,0.001080007,0.0027022096,-0.008575409,-0.11047059,-0.013538529,-0.05721872,0.05681122,0.00092254893,0.02255408,-0.028322471,-0.13815206,-0.53918296,-0.026775079,0.0,-0.11724469,0.0,-0.028727045,0.01600558,-0.049533803,-0.09085059,0.8020104,0.021213014,0.24997576,-0.2815621
W0000002,-0.001596706,0.0,-0.0015871208,0.0077476893,-0.08955072,0.025047284,0.009265303,-0.0032053906,0.08651838,0.36166808,2.1816835,-0.15582807,-0.16779402,-0.3283504,-0.0152558815,0.0,0.018415427,0.010904469,0.0,0.0,-0.056676783,-0.01766783,0.002487767,0.012418345,0.024559435,0.08029535,0.0,0.059959434,-0.021813259,-0.07260255,-0.010347059,0.0,-0.0014661358,-0.036813,-0.03062276,-0.14951387,0.0,0.0026750108,0.0,0.0,-0.0039439853,-0.006790048,-0.24686016,0.09302124,0.0,0.0,-0.11787554,-0.0035661366,-0.92077225,0.0,0.0,0.0,-0.006042149,-0.0105860215,0.021523118,-0.002890507,0.0,0.0,0.0,0.0,0.0,0.0,-0.039995633,-0.029465903,-0.11336235,0.003398105,0.0,-0.011458471,0.0,0.0,0.0,0.053634763,0.10140538,-0.0468909,-0.16796324,-0.05888097,0.0,-0.16159211,-0.13871881,0.16303639,-0.026921097,0.36395985,0.0020552631,-0.00746914,-0.02797555,0.022106852,-0.013423825,-0.0037592598,-0.05536009,-0.14378805,0.00092254893,-0.041312475,-0.03383277,0.07155788,-0.69800216,0.0039706323,0.0,0.0892551,0.0,-0.06536296,0.01600558,-0.0025984044,-0.09799863,0.8170972,0.021213014,0.24377696,0.058140703
W0000003,0.02549778,0.0,-0.031431608,0.0008168337,-0.14028597,0.027701233,0.012847334,0.008928178,0.07399799,0.39085075,2.1357179,-0.21212207,-0.1583996,-0.25650066,-0.006205773,0.0,0.018415427,0.010904469,0.0,0.0,-0.016175982,-0.01766783,0.0009106493,0.012418345,0.008998223,0.055957828,0.0,0.048960008,-0.014569342,-0.14410332,-0.010347059,0.0,-0.0014661358,0.066738866,0.025656031,-0.15090005,0.0,0.0011384798,0.0,0.0,-0.0023350688,-0.022805378,-0.60801005,0.15355547,0.0,0.0,0.0118509885,-0.051538028,0.4276389,0.0,0.0,0.0,-0.006042149,-0.03284574,0.019540971,0.0047894176,0.0,0.0,0.0,0.0,0.0,0.0,-0.045054324,-0.030760232,-0.11656081,0.003398105,0.0,-0.011458471,0.0,0.0,0.0,-0.02267664,-0.057811707,-0.056414247,-0.28324223,-0.051606625,0.0,-0.20635091,-0.038311552,-0.19965363,-0.014214488,-0.82801497,-0.012771191,-0.0010443471,-0.05356733,0.01998939,-0.09079523,0.005632232,0.016304074,-0.096468054,0.00092254893,-0.019383883,0.00715758,-0.12963426,-0.6038215,0.006179033,0.0,-0.123701006,0.0,-0.082552224,0.01600558,0.006568113,-0.056563683,0.75373626,0.021213014,0.2677032,0.0057977997
W0000004,-0.001596706,0.0,-0.012781825,0.0014322493,-0.113581926,0.026312849,0.009527162,-0.024024935,0.059003115,0.3696321,2.1741652,-0.14259928,-0.16828115,-0.3245431,-0.008198856,0.0,0.028676862,0.010904469,0.0,0.0,0.063871846,-0.01766783,0.002487767,0.012418345,0.024559435,0.04152198,0.0,0.05622439,-0.021813259,0.04717945,-0.010347059,0.0,-0.0014661358,-0.037815157,-0.03062276,-0.15195361,0.0,0.0026750108,0.0,0.0,-0.0039416067,0.0046732845,0.37827653,0.10330787,0.0,0.0,0.011147969,0.044221558,-0.7004607,0.0,0.0,0.0,-0.017717665,0.015880302,0.008628188,0.009763762,0.0,0.0,0.0,0.0,0.0,0.0,-0.033787936,-0.026135102,-0.11604265,0.003398105,0.0,-0.011458471,0.0,0.0,0.0,0.053634763,-0.11199486,0.038095452,-0.14203212,-0.068048686,0.0,-0.1982347,0.02531818,0.10799977,-0.04477249,-0.89678884,0.018835738,-0.0010443471,-0.05079675,0.017774474,-0.04007112,0.0029191384,-0.02144365,-0.0066870665,0.00092254893,0.02255408,-0.033012398,-0.11519893,-0.6970992,0.020192442,0.0,-0.11794026,0.0,-0.05224467,-0.032830574,-0.0183497,0.045975674,0.7513821,0.021213014,0.24400221,0.025447052
W0000005,0.02549778,0.0,-0.015156532,0.006947868,-0.08941543,0.021555938,0.012763365,0.012155388,0.059456445,0.36111072,1.8837945,-0.19371326,-0.16347973,-0.31117803,0.0146349445,0.0,0.018415427,0.010904469,0.0,0.0,-0.057731807,0.004638335,-0.054839935,-0.034050845,0.04323137,0.08791555,0.0,0.048557743,-0.014569342,-0.12633239,-0.010347059,0.0,-0.0014661358,0.066738866,0.05149104,-0.15090005,0.0,0.0011485481,0.0,0.0,0.0015274035,-0.01404916,-0.53464067,-0.19857326,0.0,0.0,-0.031082567,0.044221558,-0.8626969,0.0,0.0,0.0,0.0033027634,0.011244357,-0.018059755,0.009763762,0.0,0.0,0.0,0.0,0.0,0.0,-0.0025490578,0.00917484,0.09791501,0.003398105,0.0,-0.011458471,0.0,0.0,0.0,-0.05573919,0.11518785,-0.059665367,-0.19266117,-0.07448941,0.0,-0.17923751,-0.037056394,-0.19965363,-0.009679914,-0.63475454,-0.010554714,-0.00746914,0.013386512,-0.031279873,0.09059153,-0.012882836,0.016304074,-0.097941324,0.00092254893,0.023763161,-0.032162078,-0.13131529,-0.68794125,-0.026775079,0.0,0.017434511,0.0,-0.03282059,0.01600558,0.0063272105,-0.056563683,0.78709835,0.021213014,0.2583345,-0.18706314
W0000006,0.02549778,0.0,-0.015156532,0.003994643,-0.08955072,0.03341506,0.012847334,0.012155388,0.08131084,0.3697008,2.0324807,-0.19371326,-0.14985012,-0.08595939,-0.008198856,0.0,0.018415427,0.010904469,0.0,0.0,-0.044563368,0.004638335,0.002487767,0.012418345,0.043509226,-0.11700892,0.0,0.049510293,-0.014569342,-0.13496964,-0.010347059,0.0,-0.0014661358,-0.03357144,0.025656031,-0.13959803,0.0,0.0026750108,0.0,0.0,-0.0039439853,-0.01404916,-0.53300637,-0.13377026,0.0,0.0,-0.11787554,-0.011224009,-1.1171207,0.0,0.0,0.0,-0.006042149,-0.008661777,0.019540971,0.0033516905,0.0,0.0,0.0,0.0,0.0,0.0,-0.045054324,-0.03713095,-0.11526983,0.003398105,0.0,-0.011458471,0.0,0.0,0.0,-0.05573919,-0.106841646,-0.062075153,-0.016717307,-0.07448941,0.0,0.17176403,-0.12783645,-0.19965363,-0.049307063,0.34345987,-0.016174385,-0.00746914,-0.05939164,0.012628298,-0.03254472,-0.035466544,0.016304074,-0.11468727,0.00092254893,-0.020592965,0.00715758,0.04115641,-0.6518434,-0.009067345,0.0,0.083427966,0.0,-0.082552224,0.01600558,0.006568113,-0.051134504,0.77530867,0.021213014,0.27566838,-0.032768212
W0000007,0.02549778,0.0,-0.012781825,0.006947868,-0.079529494,0.032012127,0.012847334,0.012155388,0.08265455,0.35362518,1.902657,-0.19371326,-0.15937124,-0.3291522,-0.0152558815,0.0,0.018415427,0.010904469,0.0,0.0,0.018036129,0.004638335,0.0009106493,-0.07797696,0.040868837,0.097893044,0.0,0.048557743,-0.021813259,-0.14650536,-0.010347059,0.0,-0.0014661358,-0.037815157,-0.07941709,-0.13959803,0.0,0.0011384798,0.0,0.0,-0.0039439853,-0.01404916,-0.6003277,-0.20556295,0.0,0.0,0.009851182,-0.013392119,-0.9392868,0.0,0.0,0.0,-0.006042149,0.015248539,-0.018059755,0.002789167,0.0,0.0,0.0,0.0,0.0,0.0,-0.03884663,0.011458233,-0.10262283,0.003398105,0.0,-0.011458471,0.0,0.0,0.0,-0.057086006,0.110864684,-0.0490466,-0.26796436,-0.07448941,0.0,-0.17597933,-0.13482614,-0.19965363,-0.014214488,0.34305248,-0.011167738,-0.00746914,-0.061869048,-0.008575409,-0.004756069,-0.0057074865,-0.07567568,-0.12051658,0.00092254893,0.009448124,-0.033589892,-0.15327495,-0.6908207,-0.03451601,0.0,0.08081836,0.0,-0.082552224,-0.007818974,0.004397517,-0.056563683,0.8480789,0.021213014,0.27019098,-0.38885224
W0000008,0.02549778,0.0,-0.031431608,0.0008168337,-0.08444764,0.03494059,0.012847334,-0.021761147,0.08415462,0.40875074,2.2201622,-0.16728805,-0.16392964,-0.042650774,-0.006205773,0.0,0.028676862,0.010904469,0.0,0.0,-0.013462683,-0.01766783,0.007925373,-0.023506533,0.035329618,0.048337627,0.0,0.052603148,-0.021813259,-0.13341644,-0.010347059,0.0,-0.0014661358,-0.03357144,-0.060513496,-0.14951387,0.0,0.0026750108,0.0,0.0,-0.009978284,-0.022805378,0.40560323,0.096483715,0.0,0.0,0.009072285,-0.013777511,0.5152903,0.0,0.0,0.0,-0.017717665,-0.03284574,-0.0026828235,0.0033516905,0.0,0.0,0.0,0.0,0.0,0.0,-0.033787936,-0.054703124,-0.12281089,0.003398105,0.0,-0.011458471,0.0,0.0,0.0,-0.02267664,-0.0526585,-0.094790876,-0.20797779,0.05677843,0.0,0.17437355,0.06292752,0.10091244,-0.014214488,0.44261745,-0.012771191,-0.0010443471,0.01930859,-0.08099374,-0.0005724225,-0.013100846,0.0044977823,-0.06011107,0.00092254893,0.009448124,-0.028322471,0.042599235,-0.54256004,0.0039706323,0.0,0.082681976,0.0,0.013355723,-0.007818974,-0.049533803,-0.058282547,0.6863293,0.021213014,0.28384733,-0.5574688
W0000009,0.02549778,0.0,-0.031431608,-0.009939681,-0.09447789,0.028163234,0.011423896,0.022758918,0.06274474,0.36510974,2.0701606,-0.21840204,-0.22104773,-0.09274843,-0.006205773,0.0,0.018415427,0.010904469,0.0,0.0,-0.01763082,0.004638335,0.0009106493,-0.056174483,-0.051578633,-0.06912905,0.0,0.062264234,0.031219222,-0.079186015,0.01819984,0.0,-0.0014661358,0.069705896,0.010468015,-0.13073574,0.0,0.0011384798,0.0,0.0,0.0065269433,0.0046732845,-0.6122602,-0.37577564,0.0,0.0,0.011124361,-0.02240468,0.51499975,0.0,0.0,0.0,-0.006042149,-0.0456265,-0.018059755,-0.031385016,0.0,0.0,0.0,0.0,0.0,0.0,-0.024531549,0.013672151,-0.11526983,0.003398105,0.0,-0.011458471,0.0,0.0,0.0,-0.04939468,-0.0526585,-0.035174184,-0.3234398,-0.066435106,0.0,-0.1966475,-0.19122612,0.1601933,-0.044990946,0.4347282,0.008729893,-0.0010443471,-0.048068285,-0.040847473,-0.14240547,0.0040597003,0.0009736838,0.066919655,0.00092254893,0.023763161,0.00715758,0.15845168,-0.55958277,-0.022448882,0.0,-0.14481728,0.0,-0.082552224,-0.032830574,-0.032827765,0.059018582,0.7519996,0.021213014,0.25403476,0.011579912
W0000010,0.02549778,0.0,-0.031431608,-0.0069122133,-0.08444764,0.03447859,0.012847334,-0.00779763,0.06559798,0.40324345,2.1513772,-0.18051685,-0.17381121,-0.27051908,-0.007029475,0.0,0.018415427,0.010904469,0.0,0.0,-0.01763082,0.004638335,-0.0011883541,-0.023506533,0.03650272,0.03933093,0.0,0.056817442,-0.021813259,-0.11482346,-0.010347059,0.0,-0.0014661358,-0.037815157,-0.060513496,-0.14951387,0.0,0.0026750108,0.0,0.0,-0.0039439853,0.0046732845,-0.3077232,0.118181854,0.0,0.0,0.010297097,-0.022794608,0.5213785,0.0,0.0,0.0,0.0033027634,0.016202005,-0.016077608,0.009763762,0.0,0.0,0.0,0.0,0.0,0.0,-0.024531549,0.02087244,-0.0054315245,0.003398105,0.0,-0.011458471,0.0,0.0,0.0,-0.02267664,0.07796062,-0.05787818,-0.26181424,-0.066435106,0.0,0.17962216,-0.122176975,0.16303639,-0.014214488,0.36931333,-0.004495864,-0.0010443471,-0.06336996,0.018950757,0.0629725,-0.013100846,0.013461599,-0.11115382,0.00092254893,0.023763161,-0.028322471,-0.12358855,-0.58801514,0.0039706323,0.0,0.08104693,0.0,-0.05442427,-0.032830574,-0.049533803,-0.063711725,0.77898365,0.021213014,0.27492332,-0.5229121
W0000011,0.02549778,0.0,-0.031431608,-0.0069122133,-0.10354935,0.025173359,0.011423896,0.02298688,0.064275876,0.38052362,2.141077,-0.21840204,-0.17937075,0.05378825,0.006257262,0.0,0.018415427,0.010904469,0.0,0.0,-0.027030937,0.019046335,-0.033438824,-0.04972528,-0.13030365,0.06277348,0.0,0.062379323,0.031219222,0.042165503,0.01819984,0.0,-0.0014661358,-0.0345736,-0.04331842,-0.13073574,0.0,0.00074903487,0.0,0.0,0.0065269433,0.0046732845,-0.6196865,-0.15146905,0.0,0.0,0.014091782,-0.0042747525,0.48150325,0.0,0.0,0.0,0.0033027634,-0.0456265,-0.018059755,-0.022468735,0.0,0.0,0.0,0.0,0.0,0.0,0.054480962,0.013672151,0.10353964,0.003398105,0.0,-0.011458471,0.0,0.0,0.0,-0.04338522,-0.058893308,-0.09332693,-0.22123462,-0.066435106,0.0,-0.1966475,0.06799092,0.16223569,0.016647473,0.43263483,-0.008050583,-0.0010443471,-0.022851778,-0.040847473,-0.11213089,0.005632232,0.011751493,-0.04382782,0.00092254893,0.015746381,-0.054293096,-0.12762654,-0.61267674,-0.0015618987,0.0,-0.111313984,0.0,0.051508956,0.01600558,-0.04919335,0.045975674,0.651103,0.021213014,0.2613284,0.05454521
W0000012,0.02549778,0.0,-0.031431608,-0.0006213323,-0.07248525,0.03341506,0.002406685,-0.024864698,0.081181176,0.38019106,2.3348885,-0.16728805,-0.1182172,-0.23392463,-0.006205773,0.0,0.028676862,0.010904469,0.0,0.0,-0.0149579,-0.01766783,0.00097216654,0.012418345,0.0079648085,0.048337627,0.0,0.05562923,-0.021813259,0.07964028,-0.010347059,0.0,-0.0014661358,-0.038089685,-0.03062276,-0.14951387,0.0,0.0026750108,0.0,0.0,0.0065269433,-0.01404916,0.41340262,0.14162451,0.0,0.0,-0.13001966,-0.013777511,0.50688213,0.0,0.0,0.0,-0.017717665,-0.03284574,0.008628188,0.0077694966,0.0,0.0,0.0,0.0,0.0,0.0,-0.053321697,-0.04431414,-0.1264864,0.009046913,0.0,-0.011458471,0.0,0.0,0.0,-0.02267664,-0.0526585,0.03998955,-0.16378966,-0.059151337,0.0,0.17902623,-0.2271727,0.14799894,-0.0007105535,0.44679055,-0.008050583,-0.0010443471,0.01930859,0.022106852,-0.088064075,0.0046477,-0.055628866,-0.003317352,0.0026562298,-0.019383883,0.0088102445,0.080311276,0.4640373,0.0039706323,0.0,0.08441978,0.0,-0.024684861,-0.014220054,0.005776294,-0.043947585,0.7141674,0.021213014,0.25507542,0.08867228
W0000013,0.02549778,0.0,-0.015156532,0.006947868,-0.08941543,0.027639817,0.012763365,0.012155388,0.058112733,0.37463146,1.9317818,-0.19371326,-0.13594681,-0.024275597,0.008102258,0.0,0.018415427,0.010904469,0.0,0.0,-0.055018507,0.004638335,0.002487767,-0.023506533,-0.011743822,0.061421935,0.0,0.050577626,-0.014569342,-0.13045636,-0.010347059,0.0,-0.0014661358,-0.0345736,0.05149104,-0.15090005,0.0,0.0026750108,0.0,0.0,-0.0023350688,-0.022805378,-0.54042244,-0.050998107,0.0,0.0,0.006452098,0.044221558,-0.99154353,0.0,0.0,0.0,0.0033027634,0.011244357,-0.018059755,0.0033516905,0.0,0.0,0.0,0.0,0.0,0.0,-0.029590242,-0.0008055358,0.08908008,0.003398105,0.0,-0.011458471,0.0,0.0,0.0,-0.05573919,-0.1212614,-0.062091224,-0.13824701,0.04144036,0.0,0.15652098,-0.093970284,-0.19965363,-0.009679914,-0.69410706,-0.011167738,-0.00746914,0.047139477,-0.06016449,0.07193536,-0.0052698026,0.016304074,-0.09445734,0.00092254893,0.023763161,-0.033589892,-0.13868847,-0.64008474,-0.026775079,0.0,-0.09513321,0.0,-0.082552224,0.01600558,0.006568113,-0.056563683,0.7080812,0.021213014,0.2640142,-0.3763778
W0000014,0.02549778,0.0,-0.031431608,-0.0011148714,-0.10922189,0.03447859,0.0020608567,0.012007143,0.07310761,0.39278615,2.0041244,-0.21840204,-0.15117684,0.009425476,-0.006205773,0.0,0.018415427,0.010904469,0.0,0.0,-0.0076403255,0.004638335,-0.022954468,0.012418345,-0.02110894,-0.036323376,0.0,0.052500054,0.031219222,-0.16431949,-0.010347059,0.0,-0.0014661358,-0.03643248,-0.04331842,-0.15090005,0.0,0.00074903487,0.0,0.0,0.0025782634,0.0046732845,-0.6246176,-0.35748214,0.0,0.0,0.009165081,-0.043880153,0.3368111,0.0,0.0,0.0,0.0033027634,-0.03284574,-0.018059755,0.0013574248,0.0,0.0,0.0,0.0,0.0,0.0,-0.02596588,-0.0327569,0.10983101,0.009046913,0.0,-0.011458471,0.0,0.0,0.0,-0.057086006,-0.057811707,0.043285154,-0.2611951,-0.08177318,0.0,0.1554212,-0.22434436,0.14799894,-0.012805201,-1.0933064,-0.008050583,-0.0010443471,-0.03305132,-0.008296803,-0.12418567,0.0040597003,-0.055628866,-0.11115382,0.0026562298,-0.019383883,-0.037672374,-0.12636262,0.46680102,-0.014466135,0.0,0.09802663,0.0,0.044527527,0.01600558,-0.004556204,-0.054270536,0.67234886,0.021213014,0.24326806,0.06914827
W0000015,0.02549778,0.0,-0.021077534,-0.00015349826,-0.09352812,0.037468463,0.009611131,0.005824627,0.07731735,0.35760087,2.058561,-0.21840204,-0.18614605,-0.26857066,-0.006205773,0.0,0.018415427,0.010904469,0.0,0.0,-0.016175982,-0.01766783,0.0009106493,-0.023506533,0.049049623,0.072067566,0.0,0.056817442,-0.021813259,-0.14410332,-0.010347059,0.0,-0.0014661358,0.06774102,-0.07941709,-0.13959803,0.0,0.0011384798,0.0,0.0,-0.0039439853,-0.01404916,-0.61987025,-0.2157102,0.0,0.0,-0.0001883246,-0.013777511,0.5333732,0.0,0.0,0.0,-0.006042149,-0.03284574,-0.018059755,0.0047894176,0.0,0.0,0.0,0.0,0.0,0.0,-0.039995633,-0.04431414,-0.105821274,0.003398105,0.0,-0.011458471,0.0,0.0,0.0,-0.04338522,-0.0526585,0.017219298,0.00792883,-0.059151337,0.0,0.17437355,-0.13769765,0.16303639,-0.014214488,0.4123821,-0.02929924,-0.0010443471,-0.045590878,0.015031384,-0.13490826,0.0036840048,-0.05437624,-0.1148654,0.00092254893,-0.019383883,0.00715758,0.047914863,-0.53237766,-0.009067345,0.0,0.08457323,0.0,-0.082552224,-0.032830574,0.006568113,-0.063711725,0.7619725,0.021213014,0.2765942,-0.40468568
W0000016,0.02549778,0.0,-0.031431608,-0.0069122133,-0.09707679,0.030167691,0.005558919,0.01609861,0.080290794,0.4162529,2.2480674,-0.17356803,-0.10949986,-0.01153115,0.0070197624,0.0,0.028676862,0.010904469,0.0,0.0,0.01322807,0.019046335,-0.04435558,-0.04972528,-0.12994975,0.04152198,0.0,0.054418795,0.031219222,0.04550165,0.01819984,0.0,0.021705927,-0.1114563,-0.024414824,-0.15195361,0.0,0.0011485481,0.0,0.0,0.0065269433,0.0046732845,0.2799359,0.05454595,0.0,0.0,0.015987318,0.047252677,0.1822809,0.0,0.0,0.0,0.00968484,-0.044981405,-0.0026828235,0.009763762,0.0,0.0,0.0,0.0,0.0,0.0,0.059254333,0.02087244,0.11754919,0.009046913,0.0,-0.011458471,0.0,0.0,0.0,-0.057086006,-0.0480342,0.04592073,-0.13528988,-0.08177318,0.0,0.17663078,0.03593574,0.14719824,0.0038240198,-0.49187702,0.0020552631,-0.0010443471,-0.02581709,-0.04841271,-0.0187204,0.0039036702,0.019779263,-0.005273929,0.0026562298,0.0014313441,-0.054293096,-0.099615216,0.51142645,-0.021478033,0.0,-0.08769074,0.0,0.015863921,0.01600558,0.006667665,0.035431433,0.69272584,0.021213014,0.26735935,0.08194031
W0000017,0.02549778,0.0,-0.015156532,0.0009387103,-0.08941543,0.026114289,0.012847334,-0.02094597,0.07501803,0.3950537,2.0651474,-0.14259928,-0.15284005,-0.33053353,-0.008198856,0.0,0.028676862,0.010904469,0.0,0.0,-0.057731807,0.004638335,-0.04524531,-0.023506533,0.01725388,-0.0761574,0.0,0.05263947,-0.021813259,0.055970076,-0.010347059,0.0,-0.0014661358,0.066738866,-0.060513496,-0.1608159,0.0,0.0011485481,0.0,0.0,-0.0023350688,-0.01404916,0.42363167,0.1087502,0.0,0.0,-0.047806975,-0.05115263,-0.80576587,0.0,0.0,0.0,0.00968484,0.010612596,-0.0026828235,-0.022468735,0.0,0.0,0.0,0.0,0.0,0.0,-0.024531549,-0.0008055358,0.10785423,0.003398105,0.0,-0.011458471,0.0,0.0,0.0,-0.029021151,-0.11199486,-0.010770038,0.0222843,-0.07448941,0.0,0.21096857,-0.03545841,0.10091244,-0.049307063,-0.7664701,-0.01883004,-0.0010443471,-0.009530669,0.015092783,-0.038570665,-0.01795644,0.0056301523,-0.0028279913,0.00092254893,0.008239041,-0.03577683,-0.11051612,-0.6946068,-0.0014281571,0.0,-0.099718586,0.0,-0.04130598,0.01600558,0.007734094,-0.053388767,0.68567353,0.021213014,0.24408641,-0.3274331
W0000018,0.02549778,0.0,-0.0039618267,-3.162166e-05,-0.079529494,0.025047284,0.009611131,0.009743355,0.08265455,0.33863676,2.0242236,-0.19371326,-0.18614605,-0.3170996,0.0146349445,0.0,0.018415427,0.010904469,0.0,0.0,-0.057731807,0.004638335,0.002487767,-0.023506533,0.03356328,-0.06912905,0.0,0.06211274,-0.021813259,-0.050270848,-0.010347059,0.0,-0.0014661358,0.06774102,-0.07941709,-0.13073574,0.0,0.0026750108,0.0,0.0,-0.009978284,0.002258628,-0.52064186,-0.16339624,0.0,0.0,-0.046140336,-0.013392119,-0.66783696,0.0,0.0,0.0,-0.006042149,-0.038182225,-0.018059755,0.013931843,0.0,0.0,0.0,0.0,0.0,0.0,-0.039995633,0.011458233,-0.105821274,0.003398105,0.0,-0.011458471,0.0,0.0,0.0,-0.057086006,0.10572855,-0.07409153,-0.25786626,-0.07459597,0.0,-0.17112528,0.0007258989,0.1601933,-0.014214488,0.3752192,0.018835738,-0.0010443471,-0.062468342,0.012349693,-0.03643881,-0.012882836,-0.05820256,-0.12489173,0.00092254893,-0.019383883,0.0037014568,0.15826152,-0.6468988,0.0029997826,0.0,0.095981084,0.0,-0.082552224,-0.032830574,-0.0492929,0.059018582,0.8128195,0.021213014,0.26694316,-0.43048355
W0000019,0.02549778,0.0,-0.0039618267,0.005977536,-0.058096714,0.029100686,0.0020608567,0.009051835,0.08131084,0.37807047,2.1391208,-0.19371326,-0.09381464,-0.028833877,0.008102258,0.0,0.018415427,0.010904469,0.0,0.0,-0.056513727,0.004638335,-0.0028422393,0.012418345,-0.042011715,0.097893044,0.0,0.05782401,-0.014569342,-0.08162571,-0.010347059,0.0,-0.0014661358,0.07098258,0.025656031,-0.13073574,0.0,0.0026750108,0.0,0.0,-0.0039439853,-0.009182955,-0.53332305,-0.1319111,0.0,0.0,0.013510514,-0.0057342458,-0.9704032,0.0,0.0,0.0,0.0033027634,0.008688351,-0.018059755,0.013931843,0.0,0.0,0.0,0.0,0.0,0.0,0.07056649,0.011458233,0.11263741,0.009046913,0.0,-0.011458471,0.0,0.0,0.0,-0.057086006,-0.11610819,-0.012023633,-0.22038013,-0.0680789,0.0,-0.16800685,-0.15055305,0.14719824,0.0027477825,0.2718256,0.00018322491,-0.00746914,-0.030868998,0.015309991,-0.0955681,0.0039036702,-0.072906464,-0.123504415,-0.020784434,-0.0318094,0.009322835,0.05586925,0.45424688,-0.009067345,0.0,0.0909929,0.0,-0.052957892,-0.032830574,-0.0492929,0.04847434,0.69855624,0.021213014,0.25031668,0.0956739
W0000020,0.02549778,0.0,-0.015638094,0.0012541581,-0.05976805,0.024158733,0.0020608567,-0.011010975,0.08220122,0.34761313,2.1412117,-0.14259928,-0.08550927,-0.28285733,0.008102258,0.0,0.028676862,0.010904469,0.0,0.0,-0.055018507,0.004638335,-0.0028422393,-0.023506533,0.01725388,-0.116317295,0.0,0.061380602,-0.021813259,0.06581387,-0.010347059,0.0,-0.0014661358,-0.10088264,-0.060513496,-0.14065158,0.0,0.0026750108,0.0,0.0,0.0065269433,0.0075859358,0.40438825,0.10488248,0.0,0.0,-0.052510988,-0.0057342458,-1.1744677,0.0,0.0,0.0,0.00968484,0.010612596,-0.0026828235,0.0033516905,0.0,0.0,0.0,0.0,0.0,0.0,-0.02596588,0.015456552,-0.015357119,0.009046913,0.0,-0.011458471,0.0,0.0,0.0,-0.029021151,-0.1212614,0.04605861,-0.02722326,0.04582546,0.0,0.1853746,0.02769541,0.15508628,0.0033597443,0.37865695,-0.016174385,0.0077241794,0.010222011,-0.031500198,-0.022736808,0.002127832,-0.07288252,-0.0055393996,0.0026562298,-0.019383883,-0.031937227,-0.09493241,0.4192935,-0.021478033,0.0,-0.17797111,0.0,-0.022650335,-0.014220054,-0.048126917,0.035431433,0.78013027,0.021213014,0.28100553,-0.5104459
W0000021,0.02549778,0.0,-0.031431608,-0.0074057523,-0.10915093,0.027701233,0.012763365,0.025862467,0.07013416,0.38267693,1.9365814,-0.21840204,-0.17505646,-0.2573025,-0.007029475,0.0,0.018415427,0.010904469,0.0,0.0,0.012009987,0.004638335,-0.033438824,-0.005829362,-0.020075526,-0.06205132,0.0,0.05716472,-0.021813259,-0.119831115,-0.010347059,0.0,-0.0014661358,-0.039304778,-0.07941709,-0.14203776,0.0,0.00074903487,0.0,0.0,0.0015274035,-0.01404916,-0.5663505,-0.30061907,0.0,0.0,0.00790172,-0.064174145,0.42169398,0.0,0.0,0.0,-0.006042149,-0.047608882,-0.018059755,0.0033516905,0.0,0.0,0.0,0.0,0.0,0.0,-0.030739248,0.010600343,-0.10262283,0.003398105,0.0,-0.011458471,0.0,0.0,0.0,-0.04939468,-0.048538804,-0.035174184,-0.35761264,-0.059151337,0.0,-0.19047216,-0.04049654,0.17012373,-0.009679914,-0.96781003,-0.004495864,-0.0010443471,-0.0029095472,0.00829592,-0.11047059,-0.013162834,0.007340258,-0.1321602,0.00092254893,-0.019383883,-0.028322471,-0.13661283,-0.54714555,-0.01766944,0.0,-0.011513338,0.0,0.051508956,0.01600558,0.0063272105,0.048977163,0.8281592,0.021213014,0.26036578,-0.24001786
W0000022,0.02549778,0.0,-0.015156532,0.0009387103,-0.09152736,0.035002004,0.012847334,0.009743355,0.07115421,0.3610095,1.8726676,-0.19371326,-0.17505646,-0.29328474,-0.0152558815,0.0,0.018415427,0.010904469,0.0,0.0,-0.057731807,0.004638335,0.0009106493,-0.023506533,-0.042011715,-0.07866026,0.0,0.056685254,-0.021813259,-0.036318753,-0.010347059,0.0,-0.0014661358,-0.107896365,-0.07941709,-0.14203776,0.0,0.0011384798,0.0,0.0,-0.0039416067,-0.01404916,-0.54124844,-0.21107398,0.0,0.0,0.008198865,-0.05115263,-0.6917251,0.0,0.0,0.0,-0.006042149,-0.053843383,-0.018059755,-0.022468735,0.0,0.0,0.0,0.0,0.0,0.0,-0.039995633,0.00917484,-0.10262283,0.003398105,0.0,-0.011458471,0.0,0.0,0.0,-0.057086006,-0.031007277,0.04187093,-0.2558055,-0.07448941,0.0,-0.19047216,-0.014095987,0.10799977,-0.049307063,-0.94974196,0.018835738,-0.0010443471,0.045425426,0.00829592,-0.033170532,0.001955443,0.012003101,0.06792771,0.00092254893,-0.020592965,-0.03383277,0.0108949,-0.6731302,-0.014466135,0.0,0.10976743,0.0,-0.082552224,-0.032830574,-0.004556204,0.059018582,0.83066607,0.021213014,0.24871045,-0.35525116
W0000023,0.02549778,0.0,-0.015638094,0.0012541581,-0.058096714,0.028212134,0.009527162,-0.00900788,0.060124315,0.40650785,2.3231144,-0.14259928,-0.10901272,0.12838806,0.008102258,0.0,0.028676862,0.010904469,0.0,0.0,0.06508993,0.004638335,0.00097216654,0.0065593505,-0.12052099,-0.11395785,0.0,0.059259772,0.019999169,0.08926381,-0.010347059,0.0,-0.0014661358,-0.0345736,0.03482078,-0.14951387,0.0,0.0026750108,0.0,0.0,0.0065269433,0.0075859358,0.42276758,0.11879448,0.0,0.0,0.015987318,0.008252639,-0.9666459,0.0,0.0,0.0,0.00968484,0.015880302,-0.0026828235,0.0047894176,0.0,0.0,0.0,0.0,0.0,0.0,0.06579312,0.015456552,0.12257663,0.009046913,0.0,-0.011458471,0.0,0.0,0.0,-0.029021151,-0.1212614,-0.012023633,0.13177243,0.04582546,0.0,0.1853746,0.024501882,0.0930244,0.0038240198,0.27857277,0.0020552631,0.0077241794,0.013417377,0.018950757,-0.024502264,0.0039036702,-0.07288252,-0.0072469385,0.0026562298,-0.007456259,0.0109755,-0.09863756,0.299037,-0.021478033,0.0,-0.17797111,0.0,-0.024684861,-0.032830574,-0.048126917,-0.035905898,0.6161841,0.021213014,0.26608768,0.09049196
W0000024,0.02549778,0.0,-0.031431608,-0.0011148714,-0.13121453,0.033157565,0.008187693,-0.018682182,0.05235281,0.3769612,2.2524755,-0.16728805,-0.1659089,0.018634018,0.0070197624,0.0,0.028676862,0.010904469,0.0,0.0,-0.016175982,0.004638335,-0.0055165086,0.0065593505,-0.019859787,-0.05954846,0.0,0.06362838,0.031219222,0.09840075,0.01819984,0.0,-0.0014661358,-0.11825708,-0.02189764,-0.1608159,0.0,0.0026750108,0.0,0.0,0.0025782634,-0.01404916,0.38137007,0.13405031,0.0,0.0,0.012527428,-0.07071556,0.47112143,0.0,0.0,0.0,-0.017717665,-0.03284574,0.008628188,0.0077694966,0.0,0.0,0.0,0.0,0.0,0.0,-0.039995633,0.011641865,-0.12868968,0.003398105,0.0,-0.011458471,0.0,0.0,0.0,-0.01666718,0.06900592,-0.09332693,0.18043336,-0.059151337,0.0,0.21233578,-0.26073948,0.15310597,0.016035512,-0.9792782,-0.02929924,-0.0010443471,0.0066316393,0.025964828,-0.08877222,0.005632232,-0.04092496,-0.0011204486,0.00092254893,-0.038887925,0.0088102445,0.11228116,-0.51262,2.8563663e-05,0.0,-0.09548337,0.0,-0.04130598,-0.014220054,0.005776294,-0.053388767,0.60088366,0.021213014,0.24574329,0.01229433
W0000025,0.02549778,0.0,-0.031431608,-0.0074057523,-0.13120548,0.026114289,0.012847334,0.012007143,0.054119244,0.3921529,1.97914,-0.21840204,-0.21233039,-0.26280886,-0.006205773,0.0,0.018415427,0.010904469,0.0,0.0,-0.027030937,0.004638335,-0.0070936265,0.012418345,-0.05026737,-0.06205132,0.0,0.047892675,-0.014569342,-0.14240344,-0.010347059,0.0,-0.0014661358,0.066738866,0.025656031,-0.15090005,0.0,0.0011384798,0.0,0.0,-0.0023350688,0.0046732845,-0.6529067,-0.26937985,0.0,0.0,-0.08698823,-0.060555123,0.46576947,0.0,0.0,0.0,0.0033027634,-0.048253976,-0.018059755,0.009763762,0.0,0.0,0.0,0.0,0.0,0.0,-0.029590242,0.011641865,0.09791501,0.003398105,0.0,-0.011458471,0.0,0.0,0.0,-0.04939468,-0.057811707,-0.00854584,-0.3566856,-0.066435106,0.0,0.17147397,-0.03501352,-0.19965363,-0.049307063,-0.8270775,0.0068550985,-0.0010443471,-0.051089924,-0.010978495,-0.11047059,-0.013162834,0.016304074,-0.09299473,0.00092254893,0.02255408,-0.019184431,-0.1418572,-0.6531035,-0.026775079,0.0,-0.09893234,0.0,-0.071613535,0.01600558,0.006568113,-0.056563683,0.74998015,0.021213014,0.2484366,0.053344164
W0000026,0.02549778,0.0,-0.031431608,-0.0074057523,-0.06998341,0.030167691,0.00529706,-0.07092701,0.08072252,0.40532663,2.1148195,-0.20712985,-0.16463868,-0.007265538,0.0070197624,0.0,0.018415427,0.010904469,0.0,0.0,-0.016412739,0.0007005774,-9.1202324e-05,0.012418345,-0.05026737,-0.06912905,0.0,0.05113446,-0.021813259,-0.1754582,-0.010347059,0.0,-0.0014661358,-0.15754077,-0.049526356,-0.13959803,0.0,0.0011384798,0.0,0.0,0.0065269433,-0.022805378,-0.733508,-0.37182137,0.0,0.0,0.014394904,-0.0151367355,0.47365874,0.0,0.0,0.0,-0.006042149,-0.048253976,-0.018059755,0.0047894176,0.0,0.0,0.0,0.0,0.0,0.0,-0.031024575,0.01767047,-0.12251512,0.009046913,0.0,-0.011458471,0.0,0.0,0.0,-0.04939468,0.07846522,-0.035174184,-0.30681458,0.05677843,0.0,0.19430773,0.03763251,-0.1697573,-0.012805201,0.4549271,-0.008050583,-0.0010443471,-0.02037437,0.00829592,-0.12599191,0.0040597003,-0.007363648,-0.096081056,0.0026562298,-0.019383883,0.00715758,-0.11890031,0.52217835,-0.009067345,0.0,-0.093451485,0.0,-0.052957892,-0.014220054,0.006568113,-0.0471225,0.7276894,0.021213014,0.26276645,0.083418876
W0000027,0.02549778,0.0,-0.015156532,0.00222449,-0.079529494,0.030629693,0.012847334,0.012155388,0.08131084,0.37571216,1.977287,-0.19371326,-0.16468775,-0.073906794,0.0146349445,0.0,0.018415427,0.010904469,0.0,0.0,-0.057731807,0.004638335,0.0009106493,-0.023506533,-0.012097724,-0.057646163,0.0,0.05291389,-0.021813259,-0.08871407,-0.010347059,0.0,-0.0014661358,0.07098258,-0.07941709,-0.13959803,0.0,0.0011384798,0.0,0.0,-0.009978284,0.0075859358,-0.59613854,-0.20853731,0.0,0.0,0.008626372,-0.013392119,-0.9048827,0.0,0.0,0.0,-0.006042149,0.010612596,-0.018059755,0.0047894176,0.0,0.0,0.0,0.0,0.0,0.0,-0.029590242,0.011458233,-0.11207137,0.003398105,0.0,-0.011458471,0.0,0.0,0.0,-0.057086006,-0.06033811,-0.0595065,-0.26021704,0.04582546,0.0,-0.16196726,0.0013299845,-0.1886869,-0.014214488,0.37327394,-0.01883004,0.0077241794,-0.026265582,-0.040847473,-0.03045719,-0.0057074865,0.013461599,0.060343385,0.00092254893,0.009448124,-0.033589892,0.17834073,-0.7008486,0.0029997826,0.0,-0.11595854,0.0,-0.082552224,0.01600558,-0.0492929,-0.08542141,0.7482957,0.021213014,0.2706709,-0.4253373
W0000028,0.02549778,0.0,-0.012781825,0.00222449,-0.05976805,0.025173359,0.011423896,0.00907642,0.062322475,0.3484361,2.0427861,-0.19371326,-0.08550927,-0.28444713,-0.008198856,0.0,0.018415427,0.010904469,0.0,0.0,-0.055018507,-0.01766783,0.0019835269,-0.023506533,0.0444966,-0.11700892,0.0,0.055539727,-0.021813259,-0.1179474,-0.010347059,0.0,-0.0014661358,-0.037815157,-0.025630655,-0.13073574,0.0,0.0026750108,0.0,0.0,-0.0039439853,-0.022805378,-0.45612606,-0.06144979,0.0,0.0,0.008401561,-0.007305873,-1.0759147,0.0,0.0,0.0,-0.006042149,0.011244357,-0.018059755,0.0033516905,0.0,0.0,0.0,0.0,0.0,0.0,-0.03884663,-0.004697731,-0.10986812,0.009046913,0.0,-0.011458471,0.0,0.0,0.0,0.050611366,-0.11199486,0.039455004,-0.19281106,0.06934825,0.0,-0.17399728,-0.12955728,-0.20748866,-0.03148701,0.31986177,-0.016174385,-0.00746914,0.035247415,-0.03722047,0.01178648,0.0023931272,0.019779263,-0.13161878,0.0026562298,0.023763161,-0.028322471,-0.13906783,0.2874987,-0.0015618987,0.0,-0.10735999,0.0,-0.0027452726,-0.032830574,0.0063272105,0.03065858,0.8832531,0.021213014,0.28797686,-0.5381134
W0000029,0.02549778,0.0,-0.021077534,0.00032329466,-0.14028597,0.026114289,0.012847334,0.008928178,0.07013416,0.36466122,2.0061817,-0.21840204,-0.16828115,-0.24491554,-0.006205773,0.0,0.018415427,0.010904469,0.0,0.0,0.0036403406,-0.01766783,0.0009106493,0.012418345,0.049049623,-0.06205132,0.0,0.052457288,-0.021813259,-0.13296461,-0.010347059,0.0,-0.0014661358,-0.10088264,-0.049526356,-0.15090005,0.0,0.0011384798,0.0,0.0,-0.0039416067,0.0046732845,-0.6337962,-0.16564843,0.0,0.0,-0.092210196,-0.051538028,0.45160127,0.0,0.0,0.0,-0.006042149,-0.03284574,0.019540971,-0.022468735,0.0,0.0,0.0,0.0,0.0,0.0,-0.045054324,-0.0327569,-0.105821274,0.003398105,0.0,-0.011458471,0.0,0.0,0.0,-0.04939468,-0.057811707,0.03998955,-0.330614,-0.066435106,0.0,0.1554212,0.023064237,-0.19965363,-0.014214488,-1.0325929,-0.008050583,-0.0010443471,-0.03305132,0.012349693,-0.12811922,0.0046477,0.0056301523,-0.09325668,0.00092254893,-0.019383883,0.006914703,-0.12865412,-0.6105346,-0.014466135,0.0,-0.06265236,0.0,-0.082552224,-0.014220054,-0.0025984044,-0.056563683,0.78055984,0.021213014,0.24419777,0.05785298
W0000030,0.02549778,0.0,-0.015156532,0.008718021,-0.05976805,0.030167691,0.005642888,0.007975964,0.08131084,0.39048272,2.048328,-0.19371326,-0.10345319,0.10023211,0.008102258,0.0,0.018415427,0.010904469,0.0,0.0,-0.044563368,-0.01766783,-0.0006049512,-0.023506533,0.03356328,0.0947312,0.0,0.053648196,-0.021813259,-0.15273917,-0.010347059,0.0,-0.0014661358,-0.03357144,-0.07941709,-0.13073574,0.0,0.0011384798,0.0,0.0,-0.0039439853,0.0046732845,-0.6418574,-0.13031201,0.0,0.0,0.010297097,-0.011224009,-0.81724983,0.0,0.0,0.0,-0.006042149,-0.008661777,0.019540971,0.009763762,0.0,0.0,0.0,0.0,0.0,0.0,-0.058380388,-0.03713095,-0.12251512,0.009046913,0.0,-0.011458471,0.0,0.0,0.0,-0.057086006,-0.1212614,0.039455004,-0.22895779,-0.08177318,0.0,0.17547332,-0.12946998,-0.17759234,-0.0007105535,0.3636485,-0.010554714,-0.00746914,-0.058628283,0.008017315,-0.08224272,0.0023931272,0.019779263,-0.12840742,0.0026562298,-0.019383883,0.00715758,-0.034103565,0.45148158,-0.012270651,0.0,-0.08965235,0.0,-0.054992415,0.01600558,0.006568113,0.03065858,0.7463763,0.021213014,0.28393936,-0.5177214
W0000031,0.02549778,0.0,-0.031431608,-0.009751648,-0.10354935,0.030167691,0.009611131,-0.16758803,0.06130243,0.36230785,2.0348945,-0.20712985,-0.22341998,-0.2505701,0.006257262,0.0,0.018415427,0.010904469,0.0,0.0,-0.027030937,0.015108576,-0.033438824,-0.04972528,-0.05026737,-0.06912905,0.0,0.0544068,-0.014569342,-0.079186015,-0.010347059,0.0,-0.0014661358,-0.10088264,0.025656031,-0.13073574,0.0,0.00074903487,0.0,0.0,0.0065269433,0.0046732845,-0.7151046,-0.29730335,0.0,0.0,0.014394904,-0.022794608,0.5072968,0.0,0.0,0.0,0.0033027634,-0.048253976,-0.018059755,-0.029390752,0.0,0.0,0.0,0.0,0.0,0.0,0.054480962,0.013672151,0.100721404,0.003398105,0.0,-0.007108107,0.0,0.0,0.0,-0.04939468,-0.058893308,-0.034062594,-0.33939236,-0.066435106,0.0,-0.17820273,0.071251586,0.10011174,-0.014214488,0.44842252,-0.008050583,-0.0010443471,-0.02037437,0.00829592,-0.09560522,0.0040597003,-0.05437624,0.013098373,0.00092254893,0.015746381,0.009322835,-0.1210291,-0.6295436,-0.03451601,0.0,-0.11995794,0.0,-0.03282059,-0.032830574,0.006568113,0.059018582,0.7063917,0.021213014,0.265294,0.034077086
W0000032,0.02549778,0.0,-0.031431608,-0.0069122133,-0.08444764,0.030623745,0.012763365,0.012007143,0.06130243,0.37275934,2.0858562,-0.21840204,-0.17381121,-0.23970738,-0.006205773,0.0,0.018415427,0.010904469,0.0,0.0,-0.01763082,0.004638335,0.002487767,-0.023506533,-0.050545223,0.06277348,0.0,0.052457288,-0.021813259,-0.13048314,-0.010347059,0.0,-0.0014661358,-0.037815157,-0.07941709,-0.13959803,0.0,0.0026750108,0.0,0.0,0.0065269433,-0.022805378,-0.50968266,-0.13153481,0.0,0.0,0.010967823,0.011283759,0.5210619,0.0,0.0,0.0,-0.006042149,0.01882948,-0.018059755,-0.022468735,0.0,0.0,0.0,0.0,0.0,0.0,-0.03884663,0.016874122,-0.10262283,0.003398105,0.0,-0.011458471,0.0,0.0,0.0,-0.04939468,-0.057811707,-0.09518102,-0.32674283,0.05677843,0.0,-0.17098156,0.0637767,-0.19965363,-0.009679914,0.41136986,-0.004495864,-0.0010443471,-0.0028999094,-0.020124715,0.04335665,-0.025787484,0.014593969,-0.117098875,0.00092254893,0.023763161,-0.033589892,-0.15913406,-0.5773115,-0.009067345,0.0,0.08851357,0.0,-0.082552224,-0.007818974,0.006568113,-0.056563683,0.8098683,0.021213014,0.28203243,-0.48175448
W0000033,0.02549778,0.0,-0.012781825,0.003994643,-0.05976805,0.026114289,0.012847334,0.009051835,0.0797797,0.37961972,2.0040112,-0.19371326,-0.08825511,-0.11111073,-0.008198856,0.0,0.018415427,0.010904469,0.0,0.0,-0.044563368,0.004638335,-0.00462678,-0.023506533,0.040868837,-0.11700892,0.0,0.05519244,-0.021813259,-0.14673288,-0.010347059,0.0,-0.0014661358,-0.0345736,-0.07941709,-0.13959803,0.0,0.0026750108,0.0,0.0,-0.0039439853,-0.022805378,-0.570074,-0.131587,0.0,0.0,-0.049222328,-0.011224009,-1.0394666,0.0,0.0,0.0,0.0033027634,-0.008661777,-0.018059755,0.0047894176,0.0,0.0,0.0,0.0,0.0,0.0,-0.03884663,-0.03713095,0.08183479,0.009046913,0.0,-0.011458471,0.0,0.0,0.0,-0.05573919,-0.11199486,-0.013487574,-0.15448639,-0.066944696,0.0,0.17547332,-0.12619981,-0.19965363,-0.0007105535,0.35013953,-0.011167738,-0.00746914,-0.052245446,-0.011257101,-0.08224272,0.0023931272,0.019779263,-0.09616488,0.0026562298,0.009448124,-0.033589892,-0.1268099,0.31258532,-0.03451601,0.0,-0.08965235,0.0,-0.03980202,0.01600558,0.006568113,-0.0471225,0.8030489,0.021213014,0.28350946,-0.5176539
W0000034,0.02549778,0.0,-0.012781825,0.0017385315,-0.079529494,0.030167691,0.009527162,0.0066643893,0.06529592,0.3512447,1.994262,-0.19371326,-0.16392964,-0.11255215,-0.008198856,0.0,0.018415427,0.010904469,0.0,0.0,-0.044563368,-0.01766783,0.0009106493,-0.023506533,0.040868837,-0.06912905,0.0,0.050577626,-0.021813259,-0.13326976,-0.010347059,0.0,-0.0014661358,-0.1114563,-0.07941709,-0.13959803,0.0,0.0011384798,0.0,0.0,-0.0039439853,0.0075859358,-0.646857,-0.0920724,0.0,0.0,0.010967823,0.0075536957,-0.74189395,0.0,0.0,0.0,-0.006042149,-0.010897068,0.019540971,0.0033516905,0.0,0.0,0.0,0.0,0.0,0.0,-0.033787936,-0.03713095,-0.11207137,0.003398105,0.0,-0.011458471,0.0,0.0,0.0,0.07078722,-0.11199486,-0.059772283,-0.25968975,0.05954995,0.0,0.1890591,-0.021987563,0.10091244,-0.009679914,0.3542989,-0.01883004,-0.0010443471,-0.058628283,-0.008575409,-0.034592792,-0.0052698026,-0.05721872,-0.08916716,0.00092254893,0.023763161,-0.033589892,-0.1423412,-0.6521364,-0.009067345,0.0,-0.08654532,0.0,-0.082552224,-0.032830574,-0.0492929,-0.063711725,0.7847839,0.021213014,0.28190264,-0.49000493
W0000035,0.02549778,0.0,-0.015156532,0.00222449,-0.08941543,0.027701233,0.012763365,0.00907642,0.07412765,0.37037754,1.868186,-0.19371326,-0.16347973,-0.09321554,0.008102258,0.0,0.018415427,0.010904469,0.0,0.0,-0.057731807,-0.01766783,0.0009106493,-0.023506533,0.043509226,-0.10938299,0.0,0.050577626,-0.021813259,-0.13496964,-0.010347059,0.0,-0.0014661358,0.06998042,-0.07941709,-0.15090005,0.0,0.0011384798,0.0,0.0,0.0025782634,-0.022805378,-0.6377586,-0.2683883,0.0,0.0,0.0082033165,-0.011704093,-0.93273675,0.0,0.0,0.0,-0.006042149,0.011244357,-0.018059755,0.002789167,0.0,0.0,0.0,0.0,0.0,0.0,-0.03884663,0.008386425,-0.11207137,0.003398105,0.0,-0.011458471,0.0,0.0,0.0,-0.05573919,-0.1212614,-0.0595065,-0.077655114,-0.066944696,0.0,-0.19178641,-0.037955116,-0.19965363,-0.009679914,-0.77395606,-0.010554714,-0.00746914,-0.051691037,-0.008296803,-0.054696362,-0.0057074865,-0.048057016,-0.097997464,0.00092254893,0.009448124,-0.033589892,-0.12919053,-0.6708115,-0.026775079,0.0,-0.07668777,0.0,-0.082552224,0.01600558,0.004397517,-0.056563683,0.7994934,0.021213014,0.25846368,-0.31939024
W0000036,0.02549778,0.0,-0.015156532,0.00222449,-0.08941543,0.033157565,0.012847334,-0.00012642378,0.07115421,0.384188,1.9639206,-0.16210803,-0.11513735,-0.2849029,0.0146349445,0.0,0.018415427,0.010904469,0.0,0.0,-0.055018507,0.004638335,-0.0055165086,-0.023506533,-0.042011715,-0.10923956,0.0,0.05519244,-0.021813259,-0.1299968,-0.010347059,0.0,-0.0014661358,0.06774102,-0.060513496,-0.1608159,0.0,0.0026750108,0.0,0.0,-0.0023350688,0.0046732845,-0.2957579,-0.1555548,0.0,0.0,0.008347634,-0.05115263,-0.94868124,0.0,0.0,0.0,0.0033027634,0.010612596,-0.016077608,-0.022468735,0.0,0.0,0.0,0.0,0.0,0.0,-0.035797942,-0.0015939507,0.10701278,0.009046913,0.0,-0.011458471,0.0,0.0,0.0,-0.05573919,-0.06033811,-0.03900433,-0.056659125,-0.08177318,0.0,0.15652098,-0.036907166,-0.19965363,-0.014214488,-0.7683295,-0.011167738,-0.00746914,-0.04898155,0.013095076,-0.06441027,-0.0052698026,0.014593969,-0.09478609,0.0026562298,-0.019383883,0.009322835,0.058890857,-0.20283401,-0.0014281571,0.0,-0.09570718,0.0,-0.05442427,0.01600558,0.006568113,-0.056563683,0.7690589,0.021213014,0.246701,-0.407258
W0000037,0.02549778,0.0,-0.031431608,-0.0074057523,-0.13120548,0.027639817,0.011423896,0.02298688,0.07310761,0.3855891,1.9968178,-0.21840204,-0.21233039,0.022416703,0.006257262,0.0,0.018415427,0.010904469,0.0,0.0,-0.027030937,0.004638335,-0.023844196,0.012418345,-0.13030365,-0.06205132,0.0,0.05144213,0.019999169,-0.102820575,-0.010347059,0.0,-0.0014661358,0.06998042,0.013399999,-0.15090005,0.0,0.00074903487,0.0,0.0,0.0015274035,0.0075859358,-0.5815989,-0.36417893,0.0,0.0,0.0069880304,-0.060165193,0.45760453,0.0,0.0,0.0,-0.006042149,-0.0456265,-0.018059755,0.0047894176,0.0,0.0,0.0,0.0,0.0,0.0,-0.0025490578,0.011641865,-0.11526983,0.003398105,0.0,-0.011458471,0.0,0.0,0.0,-0.04338522,-0.058893308,-0.082718484,-0.09524705,-0.047221527,0.0,0.17147397,-0.10359363,-0.19965363,-0.044990946,-0.90839565,-0.01794828,-0.0010443471,-0.03305132,-0.040847473,-0.17315762,-0.025068913,0.0044977823,0.06042721,0.00092254893,0.009448124,0.00715758,-0.12767646,-0.62068534,-0.014466135,0.0,-0.11955646,0.0,-0.071613535,-0.032830574,-0.0492929,-0.08542141,0.71733016,0.021213014,0.22186197,0.050607547
W0000038,0.02549778,0.0,-0.015156532,0.00222449,-0.08941543,0.026114289,0.012763365,0.012155388,0.07833739,0.36383805,1.9005971,-0.19371326,-0.14267026,-0.2825042,-0.008198856,0.0,0.018415427,0.010904469,0.0,0.0,-0.055018507,0.004638335,0.002487767,-0.07797696,0.043509226,-0.10938299,0.0,0.05331841,-0.021813259,-0.14650536,-0.010347059,0.0,-0.0014661358,-0.037815157,-0.07941709,-0.15090005,0.0,0.0026750108,0.0,0.0,0.002579819,-0.01404916,-0.61385405,-0.19139753,0.0,0.0,-0.081249766,-0.047637805,-0.8783385,0.0,0.0,0.0,0.0033027634,0.011244357,-0.018059755,-0.022468735,0.0,0.0,0.0,0.0,0.0,0.0,-0.029590242,0.015456552,-0.023593456,0.009046913,0.0,-0.011458471,0.0,0.0,0.0,-0.05573919,-0.11199486,-0.01391156,-0.16745728,-0.07448941,0.0,0.163045,-0.05441927,-0.19965363,-0.009679914,-0.31144357,-0.010554714,-0.00746914,-0.058628283,0.0056142285,-0.061510306,-0.0057074865,0.0056301523,-0.096790135,0.0026562298,0.009448124,0.0037014568,-0.1268099,-0.21467133,-0.012270651,0.0,-0.08965235,0.0,-0.082552224,-0.032830574,0.006568113,-0.056563683,0.85740435,0.021213014,0.27463263,-0.38794297
W0000039,0.02549778,0.0,-0.031431608,-0.0074057523,-0.13120548,0.02677485,0.012501506,0.008903593,0.07353933,0.39212292,1.9961731,-0.21840204,-0.21233039,-0.022352677,-0.007029475,0.0,0.018415427,0.010904469,0.0,0.0,-0.027030937,0.004638335,0.0009106493,-0.056174483,-0.050545223,-0.06205132,0.0,0.047231838,0.031219222,-0.16558468,0.01819984,0.0,-0.0014661358,0.06949296,-0.04331842,-0.15090005,0.0,0.0011384798,0.0,0.0,0.0015274035,0.0075859358,-0.54054916,-0.31991887,0.0,0.0,0.0065931054,-0.052897252,0.44814432,0.0,0.0,0.0,0.0033027634,0.016202005,-0.018059755,0.002789167,0.0,0.0,0.0,0.0,0.0,0.0,-0.029590242,0.010600343,0.08588162,0.003398105,0.0,-0.011458471,0.0,0.0,0.0,-0.04338522,0.068501316,-0.082718484,-0.11263379,0.06116353,0.0,-0.19990568,-0.047062147,-0.1886869,0.035329282,-0.9831253,0.0068550985,-0.0010443471,0.011510219,-0.040847473,-0.17315762,-0.025068913,-0.07567568,-0.09602262,0.00092254893,0.009448124,0.00715758,0.15501602,-0.6043475,-0.0023990069,0.0,-0.12698199,0.0,-0.082552224,0.01600558,0.004397517,-0.056563683,0.66425586,0.021213014,0.2280081,0.042607076
W0000040,0.02549778,0.0,-0.015156532,0.0012541581,-0.113581926,0.02541078,0.009527162,-0.011010975,0.07799148,0.38220757,2.0475554,-0.14259928,-0.14150634,-0.02891082,0.008102258,0.0,0.028676862,0.010904469,0.0,0.0,0.05447173,0.019046335,-0.04524531,0.012418345,-0.041935664,-0.10923956,0.0,0.056800343,-0.014569342,0.05671515,-0.010347059,0.0,-0.0014661358,0.0684908,0.044559628,-0.1608159,0.0,0.0011485481,0.0,0.0,-0.0039416067,-0.01404916,0.41396487,0.11656607,0.0,0.0,-0.065682925,-0.047637805,-1.0652412,0.0,0.0,0.0,0.00968484,0.015880302,-0.0026828235,0.0033516905,0.0,0.0,0.0,0.0,0.0,0.0,0.06579312,0.010216361,0.113478854,0.003398105,0.0,-0.011458471,0.0,0.0,0.0,-0.029021151,-0.1212614,-0.03754039,-0.08953607,-0.07448941,0.0,0.19875,0.020622538,0.0930244,-0.04477249,-1.017921,-0.008455455,-0.00746914,-0.012726036,-0.07142613,-0.023633178,0.0039036702,-0.05437624,-0.004812538,0.00092254893,-0.011089892,-0.03577683,-0.11051612,-0.7480288,-0.0014281571,0.0,-0.09591946,0.0,-0.04130598,0.01600558,0.007734094,-0.04962781,0.6389327,0.021213014,0.21951981,0.05207836
W0000041,0.02549778,0.0,-0.020236904,0.00032329466,-0.06257427,0.017746512,0.00529706,0.0060525886,0.080290794,0.39021233,2.0766945,-0.21840204,-0.12736474,0.0591791,0.0070197624,0.0,0.018415427,0.010904469,0.0,0.0,-0.013462683,-0.01766783,-0.0006049512,-0.023506533,0.025307622,-0.085737996,0.0,0.049973436,-0.021813259,-0.1292026,-0.010347059,0.0,-0.0014661358,0.07098258,-0.07941709,-0.13959803,0.0,0.0011384798,0.0,0.0,-0.0039439853,-0.009182955,-0.6301871,-0.21355367,0.0,0.0,-0.081249766,-0.006119639,0.42492318,0.0,0.0,0.0,-0.006042149,-0.034769982,0.019540971,-0.002890507,0.0,0.0,0.0,0.0,0.0,0.0,-0.053321697,-0.036649093,-0.12251512,0.009046913,0.0,-0.011458471,0.0,0.0,0.0,-0.04939468,-0.042880986,-0.09521486,-0.25306505,-0.052740835,0.0,-0.18226027,-0.116457924,0.13080874,-0.012805201,0.30681553,-0.004495864,-0.0010443471,-0.02421443,0.012349693,-0.14638762,-0.013538529,0.018795416,-0.16315089,0.0026562298,-0.019383883,0.00715758,0.0014095046,0.48880726,-0.009067345,0.0,-0.13860324,0.0,-0.054992415,0.01600558,0.006568113,-0.08855744,0.7171891,0.021213014,0.2664052,-0.44706997
W0000042,0.02549778,0.0,-0.015156532,0.0008489257,-0.058096714,0.027701233,0.0042194496,0.033203285,0.08949182,0.3764271,2.147983,-0.18743329,-0.09381464,-0.027098987,0.0146349445,0.0,0.018415427,0.010904469,0.0,0.0,-0.056513727,0.004638335,-9.1202324e-05,-0.056174483,-0.04076256,-0.11700892,0.0,0.055132017,0.031219222,0.05692502,-0.010347059,0.0,-0.0014661358,0.06998042,-0.04331842,-0.13959803,0.0,0.0011384798,0.0,0.0,0.002579819,-0.022805378,-0.67054224,0.12452105,0.0,0.0,0.013510514,-0.007305873,-0.9845118,0.0,0.0,0.0,-0.006042149,-0.053211622,-0.018059755,-0.031391002,0.0,0.0,0.0,0.0,0.0,0.0,-0.05217269,0.011458233,-0.13005619,0.009046913,0.0,-0.011458471,0.0,0.0,0.0,-0.030367967,0.11518785,-0.06062729,-0.18080872,0.04144036,0.0,-0.18041202,-0.15887858,-0.1697573,-0.03148701,0.34584993,0.00018322491,-0.00746914,-0.029506346,-0.018671248,-0.022736808,0.0039036702,-0.05461762,-0.042605743,0.0026562298,0.009448124,-0.031937227,-0.14391756,0.51626676,-0.03451601,0.0,-0.10832921,0.0,-0.052957892,0.01600558,-0.029872162,-0.036799543,0.7446098,0.021213014,0.26708564,0.09213492
W0000043,0.02549778,0.0,-0.015156532,0.00222449,-0.091662645,0.033157565,0.012847334,0.022181796,0.08131084,0.3575179,2.0406616,-0.19371326,-0.15259594,-0.0667495,-0.008198856,0.0,0.018415427,0.010904469,0.0,0.0,0.063871846,0.004638335,-0.04524531,-0.06009811,-0.04076256,-0.11700892,0.0,0.051534846,-0.021813259,-0.15147817,-0.010347059,0.0,-0.0014661358,-0.116980396,-0.03062276,-0.14951387,0.0,0.0011485481,0.0,0.0,-0.009978284,-0.01404916,-0.42112175,-0.029704103,0.0,0.0,0.015987318,-0.013392119,-1.1507193,0.0,0.0,0.0,-0.006042149,-0.04920744,-0.016077608,0.0033516905,0.0,0.0,0.0,0.0,0.0,0.0,-0.035797942,0.015456552,-0.11526983,0.003398105,0.0,-0.011458471,0.0,0.0,0.0,-0.05573919,-0.106841646,-0.012023633,-0.049504004,-0.07448941,0.0,0.1853746,0.03332589,-0.19965363,-0.014826449,0.3816425,-0.011167738,-0.00746914,-0.027028939,0.021592971,-0.084088735,0.0039036702,0.013461599,-0.09652818,0.00092254893,-0.041312475,0.00715758,0.035522446,-0.7105364,-0.03451601,0.0,-0.09139015,0.0,-0.05442427,0.01600558,-0.0492929,-0.056563683,0.77792597,0.021213014,0.26488638,0.014486253
W0000044,0.02549778,0.0,-0.015638094,0.005977536,-0.11147,0.023217801,0.009527162,0.023186482,0.075471364,0.36034897,1.7856636,-0.19371326,-0.19087209,-0.31117803,-0.0152558815,0.0,0.018415427,0.010904469,0.0,0.0,-0.06713192,0.019046335,-0.033438824,0.012418345,-0.12204799,0.08791555,0.0,0.050431766,0.019999169,-0.111523725,0.01819984,0.0,-0.0014661358,0.06524924,0.013399999,-0.15090005,0.0,0.00074903487,0.0,0.0,0.0015274035,0.0046732845,-0.60116965,-0.26566723,0.0,0.0,0.0072695445,0.044221558,-0.80793536,0.0,0.0,0.0,0.0033027634,-0.053211622,-0.018059755,-0.022468735,0.0,0.0,0.0,0.0,0.0,0.0,0.07624288,0.00917484,0.09791501,0.003398105,0.0,-0.011458471,0.0,0.0,0.0,-0.057086006,0.110864684,0.03876979,-0.26683828,-0.08177318,0.0,-0.19178641,-0.09839383,-0.1920332,-0.009679914,-0.8700273,-0.00747908,0.0077241794,-0.037137285,-0.040847473,-0.018233044,-0.017237872,-0.059888713,-0.100627884,0.00092254893,-0.009880809,-0.032162078,-0.1359981,-0.71262985,-0.014466135,0.0,-0.1819202,0.0,0.051508956,0.01600558,-0.049533803,-0.056563683,0.7886279,0.021213014,0.21650966,0.042849906
W0000045,0.02549778,0.0,-0.031431608,-0.008287778,-0.10915093,0.037468463,0.012847334,0.025862467,0.07157647,0.39503074,2.009994,-0.21840204,-0.14191215,-0.055292245,0.006257262,0.0,0.018415427,0.010904469,0.0,0.0,-0.014917521,0.004638335,0.0009106493,-0.023506533,-0.13002579,0.055957828,0.0,0.051864967,-0.021813259,-0.097847745,-0.010347059,0.0,-0.0014661358,-0.03357144,-0.07941709,-0.15090005,0.0,0.0011384798,0.0,0.0,-0.0023350688,-0.022805378,-0.60065913,-0.19646257,0.0,0.0,0.009727093,-0.060555123,0.41701937,0.0,0.0,0.0,0.0033027634,-0.048253976,-0.018059755,-0.029390752,0.0,0.0,0.0,0.0,0.0,0.0,-0.003698064,0.010600343,-0.017968822,0.009046913,0.0,-0.011458471,0.0,0.0,0.0,-0.04939468,-0.0537401,-0.05787818,-0.3048373,-0.051606625,0.0,-0.1720274,-0.037529603,0.10091244,-0.014214488,-0.84791756,-0.004495864,-0.0010443471,-0.03305132,0.015309991,-0.11047059,-0.013100846,0.013461599,0.06309362,-0.020784434,-0.019383883,0.00715758,0.015230054,-0.2175144,-0.014466135,0.0,0.11150524,0.0,-0.082552224,0.01600558,-0.0492929,-0.09799863,0.73073566,0.021213014,0.2611297,-0.4912462
W0000046,0.02549778,0.0,-0.0039618267,0.00222449,-0.08164142,0.026110811,0.012763365,-0.011010975,0.08220122,0.35843664,2.060873,-0.14259928,-0.14429057,-0.35401413,-0.008198856,0.0,0.028676862,0.010904469,0.0,0.0,-0.057731807,0.004638335,-0.0055165086,-0.023506533,-0.01057072,-0.13292624,0.0,0.061934553,-0.021813259,0.0323171,-0.010347059,0.0,-0.0014661358,-0.07785629,-0.060513496,-0.14951387,0.0,0.0026750108,0.0,0.0,-0.0039439853,-0.006790048,0.39136434,0.10697562,0.0,0.0,0.010297097,0.008252639,-1.2440965,0.0,0.0,0.0,0.00968484,0.009320112,-0.0026828235,-0.013326308,0.0,0.0,0.0,0.0,0.0,0.0,-0.024531549,0.011458233,0.093394674,0.003398105,0.0,-0.011458471,0.0,0.0,0.0,0.050674234,-0.11199486,0.039455004,0.019843362,-0.05888097,0.0,-0.16800685,-0.121815145,0.16303639,-0.009679914,0.32115796,-0.016174385,-0.00746914,0.006381952,0.018950757,-0.013022905,0.0023931272,0.004646304,-0.15703832,-0.0072187497,0.009448124,-0.031937227,-0.12408783,-0.6692974,0.0007673269,0.0,0.07849928,0.0,-0.04130598,-0.014220054,0.007734094,-0.057964742,0.7018968,0.021213014,0.25670868,-0.5069113
W0000047,0.02549778,0.0,-0.031913172,0.0008168337,-0.08727756,0.028212134,0.005642888,0.00915614,0.057524413,0.39966777,2.0338094,-0.21840204,-0.09405875,0.06952047,0.0070197624,0.0,0.018415427,0.010904469,0.0,0.0,-0.013462683,-0.01766783,-0.0006049512,-0.034050845,0.03650272,0.06525192,0.0,0.045763142,-0.021813259,-0.19026683,-0.010347059,0.0,-0.0014661358,0.06998042,-0.07941709,-0.15090005,0.0,0.0011384798,0.0,0.0,-0.0023350688,0.0075859358,-0.63206357,-0.06241856,0.0,0.0,0.008347634,-0.051538028,0.35587853,0.0,0.0,0.0,-0.006042149,-0.03284574,0.019540971,0.0013514396,0.0,0.0,0.0,0.0,0.0,0.0,-0.05217269,0.0026166337,-0.11931666,0.009046913,0.0,-0.011458471,0.0,0.0,0.0,-0.04338522,0.07846522,-0.09518102,-0.13746694,-0.047221527,0.0,-0.18790615,-0.037761495,-0.1697573,-0.0007105535,-0.91523623,-0.012771191,-0.0010443471,-0.051089924,-0.006812978,-0.13561642,-0.025787484,-0.05718658,-0.09239235,0.0026562298,0.023763161,-0.033589892,-0.12030329,0.46077472,-0.014466135,0.0,-0.2033499,0.0,-0.054992415,0.01600558,0.004397517,-0.041693322,0.72146636,0.021213014,0.26786426,-0.40059584
W0000048,0.02549778,0.0,-0.012781825,0.003994643,-0.055984788,0.026114289,0.005642888,0.00907642,0.07833739,0.38413924,2.0451567,-0.19371326,-0.15306194,-0.28995353,0.008102258,0.0,0.018415427,0.010904469,0.0,0.0,-0.04032951,-0.01766783,-0.004419357,0.012418345,0.040868837,-0.13306966,0.0,0.05315505,-0.021813259,-0.15637885,-0.010347059,0.0,-0.0014661358,-0.037815157,-0.049526356,-0.13959803,0.0,0.0011384798,0.0,0.0,0.002579819,0.0075859358,-0.6889877,-0.2833122,0.0,0.0,-0.09512513,-0.011224009,-0.94274586,0.0,0.0,0.0,0.0033027634,-0.008661777,-0.018059755,0.0033516905,0.0,0.0,0.0,0.0,0.0,0.0,-0.05217269,-0.03713095,0.10420638,0.009046913,0.0,-0.011458471,0.0,0.0,0.0,-0.057086006,-0.1212614,-0.0138153955,-0.26214918,0.04582546,0.0,0.17176403,-0.14389554,-0.1697573,-0.0007105535,0.35220307,-0.010554714,-0.00746914,-0.058628283,-0.011257101,-0.03254472,-0.0053317915,0.019779263,-0.09069657,0.0026562298,0.009448124,-0.037429497,-0.15129074,0.4919074,-0.03451601,0.0,-0.006000423,0.0,-0.052957892,0.01600558,0.006568113,-0.0471225,0.80892396,0.021213014,0.28541324,-0.02488175
W0000049,0.02549778,0.0,-0.0039618267,0.006947868,-0.08903131,0.025620049,0.012763365,0.012155388,0.05513929,0.34564242,1.9110551,-0.19371326,-0.15008616,-0.28562078,0.008102258,0.0,0.018415427,0.010904469,0.0,0.0,0.063871846,0.004638335,0.007925373,-0.034050845,0.043509226,0.08791555,0.0,0.062668666,-0.021813259,-0.05112741,-0.010347059,0.0,-0.0014661358,-0.039304778,-0.07941709,-0.14203776,0.0,0.0026750108,0.0,0.0,-0.0039416067,-0.006790048,-0.45126596,-0.101511404,0.0,0.0,0.008644779,0.044221558,-0.8081358,0.0,0.0,0.0,-0.006042149,-0.03291452,-0.018059755,-0.002890507,0.0,0.0,0.0,0.0,0.0,0.0,-0.033787936,0.00917484,-0.10262283,0.003398105,0.0,-0.011458471,0.0,0.0,0.0,0.07078722,-0.1212614,-0.062091224,-0.23327032,-0.05888097,0.0,-0.17716832,-0.038276747,0.17012373,-0.04477249,-0.8506763,0.018835738,-0.00746914,0.018231193,-0.008296803,0.07193536,0.0023931272,0.003765543,-0.11346759,0.00092254893,0.02255408,-0.03383277,-0.14062947,-0.59250927,-0.014466135,0.0,0.10002761,0.0,-0.028727045,-0.032830574,-0.004556204,0.059018582,0.8275065,0.021213014,0.24534594,-0.30566508
W0000050,0.02549778,0.0,-0.031431608,-0.0069122133,-0.09446886,0.027422257,0.012763365,0.025862467,0.06130243,0.3808442,2.0716343,-0.21840204,-0.22341998,-0.24737132,-0.006205773,0.0,0.018415427,0.010904469,0.0,0.0,-0.01763082,0.004638335,-0.018422557,0.012418345,-0.050545223,0.036828067,0.0,0.052804574,0.031219222,-0.11813124,-0.010347059,0.0,-0.0014661358,-0.10640674,-0.04331842,-0.13073574,0.0,-0.010447071,0.0,0.0,0.0065269433,0.0075859358,-0.60810125,-0.3910137,0.0,0.0,0.011124361,0.011283759,0.49132568,0.0,0.0,0.0,-0.006042149,-0.0456265,-0.018059755,-0.022468735,0.0,0.0,0.0,0.0,0.0,0.0,-0.029590242,0.013672151,-0.10262283,0.003398105,0.0,-0.011458471,0.0,0.0,0.0,-0.04939468,-0.0526585,-0.059049815,-0.32318404,-0.047221527,0.0,-0.16382222,0.0696076,-0.20748866,-0.009679914,0.42203373,0.008729893,-0.0010443471,-0.011707921,-0.040847473,-0.09270747,-0.013162834,0.014593969,-0.14963691,0.00092254893,0.023763161,-0.028322471,0.04931785,-0.61562383,-0.009067345,0.0,0.05983165,0.0,-0.071613535,0.01600558,0.0063272105,0.04120282,0.79315037,0.021213014,0.27062654,0.022636056
W0000051,0.02549778,0.0,-0.031431608,-0.0069122133,-0.07165474,0.026114289,0.009611131,-0.021785732,0.081181176,0.40229654,2.296134,-0.16728805,-0.115029916,-0.23392463,-0.006205773,0.0,0.028676862,0.010904469,0.0,0.0,-0.014917521,0.004638335,0.00097216654,-0.060299795,-0.04901822,0.048337627,0.0,0.051300026,-0.021813259,0.029612493,-0.010347059,0.0,-0.0014661358,0.066738866,-0.060513496,-0.14951387,0.0,0.0026750108,0.0,0.0,-0.0039439853,-0.01404916,0.40845484,0.1429675,0.0,0.0,-0.052510988,-0.022794608,0.52614254,0.0,0.0,0.0,-0.017717665,-0.048253976,-0.0026828235,0.0033516905,0.0,0.0,0.0,0.0,0.0,0.0,-0.030739248,0.01767047,-0.12060764,0.009046913,0.0,-0.011458471,0.0,0.0,0.0,-0.02267664,-0.057811707,-0.032538608,-0.17784745,-0.059151337,0.0,0.19430773,-0.019087432,0.10091244,-0.0007105535,0.45235768,-0.004495864,-0.0010443471,0.01930859,0.023283135,-0.07480689,0.005632232,-0.036147557,0.035012137,0.0026562298,-0.019383883,-0.031937227,-0.019096222,0.31676885,0.0039706323,0.0,-0.089742824,0.0,-0.024684861,-0.014220054,0.007734094,-0.048523553,0.74116987,0.021213014,0.2872947,-0.3510758
W0000052,0.02549778,0.0,-0.012781825,0.0055723037,-0.05976805,0.030948602,0.012847334,0.005972869,0.08131084,0.38694,1.9973738,-0.19371326,-0.100589946,-0.027029853,0.008102258,0.0,0.018415427,0.010904469,0.0,0.0,-0.055018507,-0.01766783,0.00040640915,-0.023506533,0.040868837,0.097893044,0.0,0.0553383,-0.014569342,-0.15170571,-0.010347059,0.0,-0.0014661358,-0.03357144,0.05149104,-0.13959803,0.0,0.0011384798,0.0,0.0,-0.0039439853,-0.022805378,-0.59001964,-0.1581765,0.0,0.0,-0.081249766,-0.013392119,-1.0374137,0.0,0.0,0.0,-0.006042149,0.010612596,-0.018059755,-0.029390752,0.0,0.0,0.0,0.0,0.0,0.0,-0.045054324,-0.005486146,-0.11931666,0.009046913,0.0,-0.011458471,0.0,0.0,0.0,-0.05573919,-0.11610819,-0.01391156,0.020321324,0.04144036,0.0,-0.16956459,-0.114137754,-0.19965363,-0.0007105535,0.352811,-0.011167738,-0.00746914,-0.029506346,-0.011257101,-0.084088735,0.001955443,0.019779263,-0.1158946,0.0026562298,-0.019383883,-0.033589892,0.017595638,0.25799954,-0.03451601,0.0,0.08705168,0.0,-0.039040647,0.01600558,0.006568113,-0.041693322,0.75497663,0.021213014,0.2720523,-0.38567528
W0000053,0.02549778,0.0,-0.021559099,0.00032329466,-0.118231416,0.027148608,0.012847334,0.005824627,0.07013416,0.37993243,1.9346206,-0.21840204,-0.17505646,-0.2573025,-0.006205773,0.0,0.018415427,0.010904469,0.0,0.0,-0.013462683,-0.01766783,0.0009106493,-0.023506533,0.049049623,-0.06205132,0.0,0.049307287,-0.021813259,-0.1354908,-0.010347059,0.0,-0.0014661358,0.0662514,-0.07941709,-0.14203776,0.0,0.0011384798,0.0,0.0,-0.0023350688,0.0046732845,-0.58408475,-0.21517521,0.0,0.0,-0.057609838,-0.051538028,0.46299213,0.0,0.0,0.0,-0.006042149,-0.03284574,0.019540971,0.0047894176,0.0,0.0,0.0,0.0,0.0,0.0,-0.045054324,-0.0327569,-0.105821274,0.003398105,0.0,-0.011458471,0.0,0.0,0.0,-0.04338522,-0.0526585,-0.008909777,-0.24898782,-0.066435106,0.0,0.17010675,-0.03675963,-0.19652197,-0.014214488,-0.9567834,-0.004495864,-0.0010443471,-0.051089924,0.012349693,-0.16566043,0.0036840048,0.015344183,-0.13114919,-0.0072187497,-0.019383883,0.00715758,0.16225535,-0.5372784,-0.0023990069,0.0,-0.18177506,0.0,-0.082552224,-0.032830574,0.006568113,0.04120282,0.7798057,0.021213014,0.24532542,-0.3509629
W0000054,-0.001596706,0.0,-0.012781825,0.006947868,-0.058096714,0.03447859,0.012847334,0.00907642,0.08949182,0.3921783,2.274498,-0.18743329,-0.09381464,-0.016574143,0.0146349445,0.0,0.018415427,0.010904469,0.0,0.0,-0.056513727,-0.01766783,-0.0006049512,0.012418345,0.024559435,0.06823759,0.0,0.05883558,-0.021813259,-0.15170571,-0.010347059,0.0,-0.0014661358,-0.0345736,-0.049526356,-0.13959803,0.0,0.0011384798,0.0,0.0,-0.009978284,-0.01404916,-0.5738813,0.099767126,0.0,0.0,0.015987318,-0.013392119,-0.967198,0.0,0.0,0.0,-0.006042149,0.010612596,0.019540971,0.009763762,0.0,0.0,0.0,0.0,0.0,0.0,-0.045054324,-0.013151191,-0.13325465,0.009046913,0.0,-0.011458471,0.0,0.0,0.0,0.050674234,0.033457257,0.040918946,-0.12220704,-0.060764916,0.0,0.17176403,0.037408855,-0.19965363,-0.0007105535,0.3915841,0.0014422396,-0.00746914,-0.027028939,0.01998939,-0.024983747,0.0039036702,0.019779263,-0.11468727,0.0026562298,-0.019383883,0.0037014568,-0.11177409,0.35044658,-0.0015618987,0.0,0.08516577,0.0,-0.054992415,-0.032830574,0.006568113,-0.0471225,0.75080454,0.021213014,0.28748292,0.09737439
W0000055,0.02549778,0.0,-0.031431608,-0.008781317,-0.14028597,0.029721677,0.012847334,0.025862467,0.07013416,0.39219016,1.9800384,-0.21840204,-0.21233039,-0.2595687,0.006257262,0.0,0.018415427,0.010904469,0.0,0.0,-0.01763082,0.004638335,-0.0011883541,0.012418345,-0.02035338,-0.06205132,0.0,0.052457288,-0.021813259,-0.13218302,-0.010347059,0.0,-0.0014661358,-0.039304778,-0.049526356,-0.15090005,0.0,0.0026750108,0.0,0.0,0.0025782634,-0.022805378,-0.60176796,-0.22727102,0.0,0.0,-0.059106044,-0.060555123,0.40560243,0.0,0.0,0.0,0.0033027634,-0.048253976,-0.018059755,-0.029390752,0.0,0.0,0.0,0.0,0.0,0.0,0.06493072,0.013802314,0.09791501,0.003398105,0.0,-0.011458471,0.0,0.0,0.0,-0.05573919,-0.058893308,-0.034062594,-0.23550338,-0.066944696,0.0,-0.1720274,-0.011928793,-0.1920332,-0.014214488,-1.1337031,-0.02929924,-0.0010443471,-0.051089924,-0.031279873,0.0004477054,0.0040597003,0.016304074,-0.113978185,0.00092254893,0.0014313441,-0.037429497,-0.12692419,-0.62278503,-0.014466135,0.0,0.10375547,0.0,-0.071613535,0.01600558,0.006568113,-0.056563683,0.7485693,0.021213014,0.25372523,-0.0030246787
W0000056,0.02549778,0.0,-0.015156532,0.0077476893,-0.055984788,0.037468463,0.002406685,-0.014089942,0.06444147,0.3798125,2.352016,-0.11835562,-0.09913115,-0.027917903,-0.0152558815,0.0,0.028676862,0.010904469,0.0,0.0,-0.04605858,-0.01766783,0.00097216654,0.0065593505,0.01725388,0.08029535,0.0,0.057134748,-0.021813259,0.10202423,-0.010347059,0.0,-0.0014661358,-0.116980396,-0.03062276,-0.14951387,0.0,0.0026750108,0.0,0.0,-0.0039439853,-0.022805378,0.4184314,0.1061,0.0,0.0,0.013510514,-0.011224009,-0.85975546,0.0,0.0,0.0,0.00968484,-0.008661777,-0.0026828235,0.0047894176,0.0,0.0,0.0,0.0,0.0,0.0,-0.058380388,-0.03713095,-0.13593496,0.009046913,0.0,-0.011458471,0.0,0.0,0.0,-0.016238121,0.10140538,0.034987766,-0.09181855,0.04144036,0.0,0.17641674,-0.14081118,-0.15879062,-0.0007105535,0.3541498,-0.00747908,-0.00746914,-0.0117991315,-0.028818509,-0.011176886,-0.004743791,-0.07192263,-0.0059290575,-0.020784434,-0.016959332,0.0088102445,0.13736373,0.6712744,0.005427354,0.0,0.083274506,0.0,-0.024684861,-0.032830574,-0.048126917,-0.036799543,0.6676234,0.021213014,0.2650675,0.1014181
W0000057,0.02549778,0.0,-0.031431608,0.00032329466,-0.096358046,0.026114289,0.005642888,0.005824627,0.07013416,0.38314134,2.0262687,-0.21840204,-0.11627515,-0.2125974,-0.006205773,0.0,0.018415427,0.010904469,0.0,0.0,-0.013462683,-0.01766783,-0.0006049512,-0.023506533,0.025307622,-0.06205132,0.0,0.0478386,-0.021813259,-0.16187283,-0.010347059,0.0,-0.0014661358,-0.037815157,-0.07941709,-0.14203776,0.0,0.0011384798,0.0,0.0,0.0015274035,-0.01404916,-0.6429993,-0.21175921,0.0,0.0,-0.081249766,-0.051538028,0.42463672,0.0,0.0,0.0,-0.006042149,-0.03284574,0.019540971,0.0047894176,0.0,0.0,0.0,0.0,0.0,0.0,-0.058380388,-0.0327569,-0.11306656,0.009046913,0.0,-0.011458471,0.0,0.0,0.0,-0.04939468,-0.057811707,0.044032805,-0.30301926,-0.059151337,0.0,0.21096857,-0.09794496,-0.17759234,-0.0007105535,-0.7110635,-0.004495864,-0.0010443471,-0.051089924,0.012349693,-0.17491722,0.0036840048,-0.007363648,-0.13058959,0.0026562298,-0.019383883,0.0037014568,-0.12997866,0.4654091,-0.014466135,0.0,-0.093451485,0.0,-0.054992415,0.01600558,0.006568113,0.03065858,0.8100496,0.021213014,0.27940503,-0.42293736
W0000058,0.02549778,0.0,-0.020236904,-0.010219483,-0.09447789,0.029100686,0.009527162,0.025862467,0.07774907,0.3681194,2.0692918,-0.21840204,-0.22104773,-0.26202443,-0.007029475,0.0,0.018415427,0.010904469,0.0,0.0,-0.027030937,0.004638335,-0.016688254,0.012418345,-0.05130078,-0.05144661,0.0,0.06413826,0.031219222,-0.052457064,0.01819984,0.0,-0.0014661358,-0.038089685,-0.04331842,-0.13073574,0.0,0.0011384798,0.0,0.0,0.0065269433,0.002258628,-0.6719114,-0.37889484,0.0,0.0,0.013019897,0.011283759,0.5343784,0.0,0.0,0.0,0.0033027634,-0.029965343,-0.018059755,-0.037627213,0.0,0.0,0.0,0.0,0.0,0.0,0.054480962,0.016874122,0.100721404,0.003398105,0.0,-0.011458471,0.0,0.0,0.0,-0.04939468,0.068501316,-0.035174184,-0.34262782,-0.059257902,0.0,-0.17112528,-0.17353544,0.16223569,-0.009679914,0.38909492,0.0068550985,-0.0010443471,-0.02421443,0.00829592,0.074938565,0.0040597003,-0.0428955,-0.1385688,0.00092254893,0.0014313441,0.009322835,0.050143987,-0.5930369,-0.009067345,0.0,0.095981084,0.0,-0.03282059,-0.032830574,-0.032827765,0.059018582,0.69827586,0.021213014,0.23880827,0.06069845
W0000059,0.02549778,0.0,-0.015156532,0.00222449,-0.057656124,0.027639817,0.005558919,0.023186482,0.06529592,0.38566732,2.00788,-0.19371326,-0.08550927,-0.027029853,0.008102258,0.0,0.018415427,0.010904469,0.0,0.0,-0.055018507,0.004638335,0.00097216654,-0.023506533,0.04323137,-0.05819436,0.0,0.05330091,-0.014569342,-0.1596518,-0.010347059,0.0,-0.0014661358,-0.0345736,0.05149104,-0.13959803,0.0,0.0026750108,0.0,0.0,-0.0039439853,0.0075859358,-0.579916,-0.11762145,0.0,0.0,0.008401561,0.008252639,-0.96482265,0.0,0.0,0.0,-0.006042149,-0.053211622,-0.018059755,-0.008811419,0.0,0.0,0.0,0.0,0.0,0.0,-0.024816874,0.011458233,-0.11931666,0.009046913,0.0,-0.011458471,0.0,0.0,0.0,-0.04790753,-0.1212614,0.039455004,-0.22660704,0.089363195,0.0,-0.16196726,-0.123775676,-0.1697573,0.0038240198,0.32793695,-0.016174385,-0.00746914,-0.05939164,-0.040847473,-0.024676837,-0.0052698026,-0.058253035,-0.09613889,0.0026562298,0.023763161,-0.033589892,-0.1314927,0.4705029,-0.009067345,0.0,-0.06986436,0.0,-0.054992415,0.01600558,0.004397517,-0.0471225,0.7837408,0.021213014,0.28538278,-0.48819885
W0000060,0.02549778,0.0,-0.031913172,-0.0010522697,-0.10647623,0.024357291,0.012763365,0.0066643893,0.05709269,0.381177,1.8687277,-0.21840204,-0.16517489,-0.027507301,0.006257262,0.0,0.018415427,0.010904469,0.0,0.0,-0.0010986412,-0.01766783,0.0009106493,-0.023506533,0.025307622,-0.06205132,0.0,0.04910586,-0.014569342,-0.14737627,-0.010347059,0.0,-0.0014661358,0.0684908,0.05149104,-0.15090005,0.0,0.0011384798,0.0,0.0,-0.0023350688,0.0075859358,-0.55972743,-0.19387689,0.0,0.0,-0.0081187505,-0.05515705,0.12720233,0.0,0.0,0.0,-0.006042149,-0.0351282,0.019540971,-0.031391002,0.0,0.0,0.0,0.0,0.0,0.0,-0.03884663,-0.030760232,-0.11207137,0.003398105,0.0,-0.011458471,0.0,0.0,0.0,-0.05573919,-0.058893308,-0.09537373,-0.21419042,-0.0625596,0.0,-0.1982347,-0.039701,-0.19965363,-0.009679914,-0.97454405,-0.01883004,-0.0010443471,0.011510219,-0.008575409,-0.12811922,-0.012882836,-0.049016908,-0.09458952,0.00092254893,0.023763161,-0.033589892,-0.13868847,-0.60040015,-0.01766944,0.0,-0.20423196,0.0,-0.082552224,0.01600558,0.004397517,-0.056563683,0.7737671,0.021213014,0.24795613,-0.31898785
W0000061,0.02549778,0.0,-0.031431608,-0.0074057523,-0.10915093,0.030425185,0.012847334,-0.00779763,0.05709269,0.4080093,2.0828075,-0.1867968,-0.16272162,-0.021709096,-0.006205773,0.0,0.018415427,0.010904469,0.0,0.0,-0.01763082,0.004638335,0.002487767,-0.023506533,-0.05026737,-0.0761574,0.0,0.04910586,-0.014569342,-0.13545597,-0.010347059,0.0,-0.0014661358,0.06998042,0.07291183,-0.1608159,0.0,0.0026750108,0.0,0.0,-0.0023350688,-0.022805378,-0.30218938,-0.12814847,0.0,0.0,-0.0639805,-0.060555123,0.5162775,0.0,0.0,0.0,0.0033027634,0.016202005,-0.016077608,0.0013514396,0.0,0.0,0.0,0.0,0.0,0.0,-0.029590242,0.0038219383,0.10634603,0.003398105,0.0,-0.011458471,0.0,0.0,0.0,-0.04338522,-0.057811707,-0.09518102,0.22998154,-0.051606625,0.0,0.1554212,-0.024778867,-0.19965363,-0.014214488,-0.82568145,-0.004495864,-0.0010443471,-0.048959833,0.010413384,0.0004477054,-0.025787484,-0.048057016,-0.11253261,0.00092254893,0.023763161,0.005866712,-0.11674901,-0.54056823,-0.013737101,0.0,0.09534574,0.0,-0.06536296,0.01600558,0.004397517,-0.051134504,0.64418507,0.021213014,0.25343108,-0.32200438
W0000062,0.02549778,0.0,-0.015156532,0.0032024025,-0.055984788,0.032012127,0.005642888,-0.024024935,0.058593176,0.42443916,2.3584719,-0.14259928,-0.110707894,-0.14278917,-0.008198856,0.0,0.028676862,0.010904469,0.0,0.0,-0.04605858,-0.01766783,0.00097216654,0.0065593505,0.044758376,0.048337627,0.0,0.056466743,-0.021813259,0.06372302,-0.010347059,0.0,-0.0014661358,-0.03357144,-0.03062276,-0.14951387,0.0,0.0026750108,0.0,0.0,-0.0039439853,-0.022805378,0.40968752,0.1316228,0.0,0.0,0.013510514,-0.011224009,-0.77369475,0.0,0.0,0.0,-0.017717665,-0.008661777,-0.015030613,0.0033516905,0.0,0.0,0.0,0.0,0.0,0.0,-0.058380388,-0.032023963,-0.13593496,0.009046913,0.0,-0.011458471,0.0,0.0,0.0,-0.030367967,-0.106841646,0.044026628,-0.13536882,0.04144036,0.0,-0.17268302,-0.14941257,-0.1697573,-0.0013225146,0.37849024,-0.00747908,-0.0010443471,-0.021422729,0.018950757,0.0028378177,-0.0037592598,-0.010206124,0.021299362,-0.020784434,-0.038887925,0.0088102445,0.015709074,0.506582,0.0039706323,0.0,0.09188641,0.0,-0.024684861,0.01600558,-0.048126917,-0.034995146,0.73229265,0.021213014,0.26986164,0.107073076
W0000063,0.02549778,0.0,-0.015156532,0.003994643,-0.08941543,0.031271152,0.012847334,-0.00012642378,0.05513929,0.36339182,1.931973,-0.16210803,-0.15114489,-0.27971423,0.008102258,0.0,0.018415427,0.010904469,0.0,0.0,-0.04727667,0.004638335,0.007925373,-0.023506533,0.043509226,-0.12348907,0.0,0.050431766,-0.021813259,-0.12548353,-0.010347059,0.0,-0.0014661358,-0.10088264,-0.060513496,-0.1608159,0.0,0.0026750108,0.0,0.0,-0.0023350688,-0.022805378,-0.2621454,-0.08024284,0.0,0.0,0.010967823,-0.048984524,-0.9409937,0.0,0.0,0.0,-0.006042149,-0.008661777,-0.016077608,0.009763762,0.0,0.0,0.0,0.0,0.0,0.0,-0.033787936,0.010216361,-0.10262283,0.003398105,0.0,-0.011458471,0.0,0.0,0.0,0.07078722,-0.1212614,0.039455004,-0.23576945,0.05516485,0.0,0.15100971,-0.08739641,0.10091244,-0.014214488,-0.60441697,-0.010554714,-0.00746914,-0.0109306015,-0.017267782,-0.0153330825,-0.0052698026,0.007340258,-0.11644512,0.00092254893,0.023763161,-0.0153448265,-0.12877065,-0.6292766,-0.013737101,0.0,0.079901665,0.0,-0.01153778,-0.032830574,0.006568113,-0.063711725,0.85074115,0.021213014,0.26964065,-0.43915033
W0000064,0.02549778,0.0,-0.031913172,-0.008376084,-0.06998341,0.02468215,0.008187693,0.022758918,0.07774907,0.37697908,2.1140637,-0.21840204,-0.16463868,-0.19981259,0.0070197624,0.0,0.018415427,0.010904469,0.0,0.0,-0.016412739,0.004638335,-0.001875743,0.012418345,0.034975715,-0.06912905,0.0,0.05337327,0.031219222,-0.15222687,0.01819984,0.0,-0.0014661358,-0.10640674,-0.04331842,-0.13073574,0.0,0.0011384798,0.0,0.0,0.0065269433,0.0046732845,-0.63071924,-0.35126394,0.0,0.0,-0.08649141,-0.04197214,0.47349006,0.0,0.0,0.0,-0.006042149,-0.048253976,-0.018059755,-0.022468735,0.0,0.0,0.0,0.0,0.0,0.0,-0.035797942,0.013672151,-0.11306656,0.009046913,0.0,-0.011458471,0.0,0.0,0.0,-0.04939468,0.06900592,0.043285154,-0.30466664,-0.066435106,0.0,-0.1966475,0.06616365,-0.19652197,-0.015322066,0.44750142,0.0068550985,-0.0010443471,-0.022851778,-0.02280641,-0.14240547,0.0040597003,-0.07459262,-0.13442734,0.0026562298,-0.019383883,0.00715758,0.16404401,0.29617622,0.0029997826,0.0,-0.21229966,0.0,-0.0035066456,-0.007818974,-0.0492929,0.03065858,0.78692985,0.021213014,0.24338672,0.09231318
W0000065,0.02549778,0.0,-0.031431608,-0.0074057523,-0.09446886,0.025173359,0.012763365,0.025862467,0.07774907,0.3875986,2.0551424,-0.21840204,-0.21353842,-0.27407703,-0.007029475,0.0,0.018415427,0.010904469,0.0,0.0,-0.009128339,0.004638335,-0.033438824,0.012418345,-0.050545223,-0.06912905,0.0,0.049307287,0.031219222,-0.10791082,0.01819984,0.0,-0.0014661358,0.066738866,-0.04331842,-0.13073574,0.0,0.00074903487,0.0,0.0,0.002579819,0.0075859358,-0.68437797,-0.30892748,0.0,0.0,0.010022564,0.011283759,0.5080361,0.0,0.0,0.0,0.0033027634,-0.044981405,-0.018059755,0.0047894176,0.0,0.0,0.0,0.0,0.0,0.0,0.06493072,0.016874122,0.09791501,0.003398105,0.0,-0.011458471,0.0,0.0,0.0,-0.04939468,0.07796062,-0.05940721,-0.33985442,0.06116353,0.0,-0.1966475,-0.16005437,-0.19986823,-0.009679914,0.39861634,-0.0014202297,-0.0010443471,-0.06797746,-0.040847473,0.04335665,-0.025068913,0.013461599,-0.12948172,0.00092254893,0.0014313441,-0.032162078,-0.122605465,-0.56227237,-0.009067345,0.0,-0.11995794,0.0,0.003474785,0.01600558,-0.049533803,0.04120282,0.7602013,0.021213014,0.25958,0.074307546
W0000066,0.02549778,0.0,-0.015156532,0.00222449,-0.05976805,0.033157565,0.005642888,0.009051835,0.07833739,0.36206913,1.9591775,-0.19371326,-0.100589946,-0.27239454,0.008102258,0.0,0.018415427,0.010904469,0.0,0.0,0.06658515,0.004638335,-0.042571038,-0.034050845,-0.011819871,-0.11700892,0.0,0.05405826,-0.021813259,-0.16427487,-0.010347059,0.0,-0.0014661358,-0.036813,-0.07941709,-0.13959803,0.0,0.0011485481,0.0,0.0,0.0065269433,0.0046732845,-0.5616853,-0.16962218,0.0,0.0,-0.012822767,-0.013392119,-0.95856524,0.0,0.0,0.0,-0.006042149,-0.04920744,-0.018059755,0.0047894176,0.0,0.0,0.0,0.0,0.0,0.0,-0.058380388,0.015456552,-0.10986812,0.009046913,0.0,-0.011458471,0.0,0.0,0.0,-0.057086006,-0.11610819,0.03903102,-0.21169457,-0.08177318,0.0,0.18072192,0.031076055,-0.1697573,-0.035803128,0.3843895,-0.011167738,-0.00746914,-0.05939164,-0.008296803,-0.06333436,0.001955443,0.016936786,-0.13156053,0.0026562298,-0.020592965,-0.033589892,0.047811985,0.47807133,-0.009067345,0.0,-0.08965235,0.0,-0.052957892,0.01600558,-0.0492929,-0.025756368,0.85336816,0.021213014,0.27918813,-0.406489
W0000067,0.02549778,0.0,-0.012781825,0.0020440384,-0.07914537,0.030623745,0.008187693,0.0066643893,0.062322475,0.3278896,1.9542358,-0.19371326,-0.18508732,-0.2917858,-0.008198856,0.0,0.018415427,0.010904469,0.0,0.0,-0.04727667,-0.01766783,0.006348255,-0.034050845,0.040868837,0.036828067,0.0,0.059912458,-0.021813259,-0.13085337,-0.010347059,0.0,-0.0014661358,-0.10088264,-0.025630655,-0.13959803,0.0,0.0011384798,0.0,0.0,-0.009978284,-0.022805378,-0.55009127,-0.15598437,0.0,0.0,0.010521907,-0.008004816,-0.8264909,0.0,0.0,0.0,-0.006042149,-0.010897068,-0.018059755,-0.008852285,0.0,0.0,0.0,0.0,0.0,0.0,-0.033787936,-0.032023963,-0.10262283,0.003398105,0.0,-0.011458471,0.0,0.0,0.0,-0.057086006,-0.11199486,-0.036320634,-0.23661748,-0.066944696,0.0,-0.16456681,-0.14091419,0.16303639,0.016647473,0.35145175,0.018835738,-0.0010443471,0.00397186,-0.008575409,0.008237954,0.001955443,-0.027315587,-0.117098875,0.00092254893,0.023763161,-0.03383277,-0.15169859,-0.60944206,-0.03451601,0.0,0.08851357,0.0,-0.028727045,-0.014220054,-0.004556204,-0.063711725,0.82989603,0.021213014,0.26948416,-0.31886038
W0000068,0.02549778,0.0,-0.031431608,-0.0074057523,-0.060902927,0.027958727,0.012763365,0.012007143,0.06130243,0.39266422,2.1302178,-0.21840204,-0.16463868,-0.22937196,-0.006205773,0.0,0.018415427,0.010904469,0.0,0.0,0.01322807,0.004638335,-0.022954468,-0.056174483,0.03525357,-0.085737996,0.0,0.04800196,0.031219222,-0.15589683,-0.010347059,0.0,-0.0014661358,-0.037815157,-0.04331842,-0.13073574,0.0,0.00074903487,0.0,0.0,0.002579819,-0.022805378,-0.6408704,-0.36296046,0.0,0.0,-0.056727044,-0.0068461676,0.4652627,0.0,0.0,0.0,0.0033027634,-0.044981405,-0.018059755,-0.022468735,0.0,0.0,0.0,0.0,0.0,0.0,-0.024531549,0.013672151,0.10420638,0.009046913,0.0,-0.011458471,0.0,0.0,0.0,-0.04939468,-0.057811707,-0.035174184,-0.2958318,-0.051606625,0.0,-0.17909776,-0.13571252,0.10799977,0.0038240198,0.30635288,-0.008050583,-0.0010443471,0.029139007,0.0056142285,-0.10418683,-0.013162834,0.018069157,-0.15284717,0.0026562298,0.023763161,-0.037672374,-0.12192138,0.33858132,-0.009067345,0.0,0.09377767,0.0,-0.03980202,0.01600558,-0.0025984044,0.038432922,0.7584457,0.021213014,0.26962045,0.06801048
W0000069,0.02549778,0.0,-0.015156532,0.0030243113,-0.09152736,0.027639817,0.009527162,0.011079514,0.07799148,0.3545832,1.953763,-0.18743329,-0.13320097,0.05104095,-0.008198856,0.0,0.018415427,0.010904469,0.0,0.0,-0.04727667,-0.01766783,0.002487767,-0.023506533,0.032570362,-0.12654012,0.0,0.054074913,-0.021813259,-0.13215624,-0.010347059,0.0,-0.0014661358,-0.1114563,-0.07941709,-0.15090005,0.0,0.0026750108,0.0,0.0,-0.0039416067,-0.022805378,-0.5370516,0.090086944,0.0,0.0,0.0067492435,-0.048336748,-0.974026,0.0,0.0,0.0,-0.006042149,-0.010897068,0.019540971,-0.022468735,0.0,0.0,0.0,0.0,0.0,0.0,-0.045054324,-0.028131768,-0.12281089,0.003398105,0.0,-0.011458471,0.0,0.0,0.0,-0.030367967,-0.11199486,0.039455004,-0.186299,0.04144036,0.0,0.1973828,-0.0100950105,-0.19965363,-0.009679914,-0.79680324,-0.016174385,-0.00746914,-0.049976986,-0.056709465,0.06741902,0.0023931272,-0.05867721,-0.09616488,0.00092254893,-0.019383883,-0.0153448265,-0.1274432,-0.672175,0.006179033,0.0,-0.09513321,0.0,-0.082552224,-0.007818974,0.004610313,-0.056563683,0.74621004,0.021213014,0.2500024,-0.38851947
W0000070,0.02549778,0.0,-0.031431608,-0.009751648,-0.13120548,0.030167691,0.009611131,-0.018682182,0.05798307,0.39556473,2.2255807,-0.16728805,-0.1583996,-0.27301762,-0.007029475,0.0,0.028676862,0.010904469,0.0,0.0,-0.01763082,0.004638335,-0.015111137,0.012418345,-0.04901822,-0.05954846,0.0,0.06009248,-0.021813259,0.0527763,-0.010347059,0.0,-0.0014661358,-0.10088264,-0.03062276,-0.1608159,0.0,0.0026750108,0.0,0.0,0.0015274035,-0.01404916,0.4301613,0.14062427,0.0,0.0,0.01047153,-0.060555123,0.49363333,0.0,0.0,0.0,0.00968484,-0.048253976,-0.0026828235,-0.029390752,0.0,0.0,0.0,0.0,0.0,0.0,-0.024531549,0.0148438355,0.093394674,0.003398105,0.0,-0.011458471,0.0,0.0,0.0,-0.02267664,-0.048538804,-0.05786211,-0.22771844,-0.059151337,0.0,0.21233578,-0.041383266,0.16303639,-0.014214488,-0.9294412,-0.012771191,-0.0010443471,-0.011406962,0.018950757,-0.021620367,-0.04329759,-0.05437624,-0.0025660344,0.00092254893,0.023763161,-0.05045349,-0.10997971,-0.5901412,-0.0014281571,0.0,-0.0931716,0.0,0.00926218,-0.032830574,0.006667665,-0.053388767,0.67137223,0.021213014,0.2591999,0.0052777715
W0000071,0.02549778,0.0,-0.031431608,-0.008843918,-0.09103207,0.026570344,0.009527162,0.008928178,0.06130243,0.35340196,2.0221553,-0.21840204,-0.18508732,-0.23970738,-0.006205773,0.0,0.018415427,0.010904469,0.0,0.0,-0.01763082,-0.01766783,-0.016688254,-0.023506533,0.034220155,-0.085737996,0.0,0.06066201,-0.021813259,-0.11073193,-0.010347059,0.0,-0.0014661358,-0.039091844,-0.07941709,-0.13073574,0.0,0.0011384798,0.0,0.0,-0.009978284,0.0046732845,-0.575371,-0.2760973,0.0,0.0,-0.047515344,0.0011656885,0.5356504,0.0,0.0,0.0,-0.006042149,0.01882948,-0.018059755,0.0027951521,0.0,0.0,0.0,0.0,0.0,0.0,-0.033787936,0.016874122,-0.10262283,0.003398105,0.0,-0.011458471,0.0,0.0,0.0,-0.04939468,-0.057811707,-0.010021362,-0.33065727,-0.066435106,0.0,-0.17098156,-0.17306161,0.17012373,-0.009679914,0.37779605,0.008729893,-0.0010443471,-0.0028999094,-0.010978495,0.074938565,0.0036840048,-0.04092496,-0.15104894,0.00092254893,0.023763161,-0.03383277,-0.12192138,-0.5195205,-0.012270651,0.0,0.09203987,0.0,0.003474785,-0.032830574,-0.004556204,0.048977163,0.8229066,0.021213014,0.27188033,-0.31654188
W0000072,0.02549778,0.0,-0.012781825,0.003994643,-0.055984788,0.031271152,0.012763365,0.00907642,0.06529592,0.39215755,2.1177964,-0.19371326,-0.09913115,-0.075231224,0.008102258,0.0,0.018415427,0.010904469,0.0,0.0,-0.044563368,-0.01766783,0.00040640915,0.012418345,0.040868837,-0.11646072,0.0,0.0553383,-0.014569342,-0.15000583,-0.010347059,0.0,-0.0014661358,-0.0345736,0.025656031,-0.13959803,0.0,0.0011384798,0.0,0.0,-0.0039439853,-0.022805378,-0.5382202,-0.1196118,0.0,0.0,-0.04615987,-0.0025643758,-0.9523234,0.0,0.0,0.0,-0.006042149,-0.010897068,0.019540971,0.0033516905,0.0,0.0,0.0,0.0,0.0,0.0,-0.03884663,-0.03713095,-0.11931666,0.009046913,0.0,-0.011458471,0.0,0.0,0.0,-0.057086006,-0.1212614,-0.062075153,-0.23047821,0.04144036,0.0,0.16859482,-0.13541605,-0.19965363,0.0038240198,0.19569843,-0.01883004,-0.00746914,-0.0048361514,0.0005684546,-0.034310173,-0.035466544,0.019779263,-0.11644512,0.0026562298,0.023763161,-0.0153448265,-0.14842519,0.3138057,-0.0015618987,0.0,0.08163947,0.0,-0.039040647,0.01600558,0.006568113,-0.041693322,0.81306666,0.021213014,0.28742474,-0.01870912
W0000073,0.02549778,0.0,-0.015156532,0.0027088635,-0.058096714,0.030167691,0.005642888,-0.018942874,0.060124315,0.42832452,2.4285831,-0.14259928,-0.12058945,0.12838806,0.008102258,0.0,0.028676862,0.010904469,0.0,0.0,0.01016579,0.004638335,0.00097216654,0.0065593505,0.044758376,-0.06662619,0.0,0.057134748,-0.021813259,0.10202423,-0.010347059,0.0,-0.0014661358,0.06998042,-0.03062276,-0.14951387,0.0,0.0026750108,0.0,0.0,-0.0039439853,-0.022805378,0.45297897,0.14422846,0.0,0.0,0.015987318,-0.011224009,-0.6814683,0.0,0.0,0.0,0.00968484,-0.025064616,-0.0026828235,-0.022468735,0.0,0.0,0.0,0.0,0.0,0.0,-0.053321697,-0.03713095,0.12257663,0.009046913,0.0,-0.011458471,0.0,0.0,0.0,-0.029021151,-0.1212614,-0.00891595,-0.0546934,-0.066944696,0.0,0.17437355,-0.017351786,0.13080874,-0.0007105535,0.40652928,-0.010554714,-0.0010443471,0.013417377,0.025964828,-0.01900531,0.0039036702,0.015226682,-0.0022027437,0.0026562298,-0.016959332,0.0109755,-0.09863756,0.5088989,0.0039706323,0.0,-0.007738375,0.0,-0.024684861,0.01600558,-0.048126917,-0.043947585,0.6191929,0.021213014,0.28263983,0.0040596053
W0000074,-0.001596706,0.0,-0.012781825,0.006947868,-0.058096714,0.029484255,0.00529706,0.022086026,0.06529592,0.3924018,2.2022064,-0.19371326,-0.091068804,0.12093365,0.008102258,0.0,0.018415427,0.010904469,0.0,0.0,0.06508993,0.004638335,-0.00462678,0.012418345,0.0444966,0.10347709,0.0,0.05330091,-0.021813259,-0.1439921,-0.010347059,0.0,-0.0014661358,0.06998042,-0.049526356,-0.13959803,0.0,0.0026750108,0.0,0.0,-0.0039439853,-0.022805378,-0.5579118,-0.048336975,0.0,0.0,0.011614978,-0.0057342458,-0.86420864,0.0,0.0,0.0,-0.006042149,-0.04920744,0.019540971,0.0013514396,0.0,0.0,0.0,0.0,0.0,0.0,-0.05217269,0.011458233,-0.11931666,0.009046913,0.0,-0.011458471,0.0,0.0,0.0,0.050611366,-0.1212614,0.040918946,-0.21351947,0.06934825,0.0,-0.17597933,-0.12377764,-0.1697573,-0.012805201,0.36220372,-0.004823425,-0.00746914,-0.029506346,-0.03722047,-0.084088735,0.0039036702,-0.07220049,-0.11962937,0.0026562298,0.023763161,-0.028322471,-0.16064811,0.49306926,-0.03451601,0.0,0.08255616,0.0,-0.03980202,0.01600558,0.0041566147,-0.041693322,0.7806167,0.021213014,0.25293174,0.10287016
W0000075,0.02549778,0.0,-0.012781825,0.0027088635,-0.08955072,0.032012127,0.012763365,-0.017193493,0.07833739,0.3861708,2.1818414,-0.14887923,-0.17937075,-0.34491107,0.008102258,0.0,0.028676862,0.010904469,0.0,0.0,-0.056676783,-0.01766783,0.002487767,0.012418345,0.024559435,-0.08323513,0.0,0.050431766,-0.014569342,-0.1299968,-0.010347059,0.0,-0.0014661358,-0.07785629,0.038425766,-0.14951387,0.0,0.0026750108,0.0,0.0,-0.0039439853,-0.01404916,0.36050898,0.030097844,0.0,0.0,0.013510514,-0.014843034,-0.83747214,0.0,0.0,0.0,-0.017717665,-0.008661777,0.008628188,0.0047894176,0.0,0.0,0.0,0.0,0.0,0.0,-0.045054324,-0.029465903,-0.11336235,0.003398105,0.0,-0.011458471,0.0,0.0,0.0,-0.05573919,-0.1212614,0.044026628,-0.09667829,-0.07448941,0.0,-0.17268302,-0.1399123,-0.19965363,-0.009679914,0.34628463,0.0007962482,-0.0010443471,-0.021422729,0.02041669,-0.07488379,-0.0037592598,0.016304074,-0.06580586,0.00092254893,-0.019383883,-0.033589892,-0.12933221,-0.7328882,-0.021478033,0.0,0.08662231,0.0,-0.05224467,-0.007818974,0.006568113,-0.056563683,0.84380317,0.021213014,0.2557264,0.07700555
W0000076,0.02549778,0.0,-0.015156532,0.0011809128,-0.060598567,0.030425185,0.0009832463,0.007975964,0.060124315,0.32996762,2.1753001,-0.18743329,-0.09144239,0.10754712,0.008102258,0.0,0.018415427,0.010904469,0.0,0.0,0.054506294,-0.01766783,0.00097216654,-0.03746096,-0.041795973,-0.11700892,0.0,0.06147296,0.031219222,0.07465759,-0.010347059,0.0,-0.0014661358,-0.13630405,-0.04331842,-0.14951387,0.0,0.0026750108,0.0,0.0,0.0065269433,0.0046732845,-0.4995075,0.11112036,0.0,0.0,-0.13001966,-0.030401547,-0.94883305,0.0,0.0,0.0,-0.006042149,-0.025064616,0.019540971,-0.031385016,0.0,0.0,0.0,0.0,0.0,0.0,-0.053321697,-0.03713095,-0.13325465,0.009046913,0.0,-0.011458471,0.0,0.0,0.0,0.053634763,-0.1212614,0.040918946,-0.15753953,-0.068048686,0.0,0.17641674,-0.20593758,0.14799894,-0.03209897,0.37262687,0.00018322491,-0.00746914,-0.05939164,0.01848398,-0.07058878,0.0039036702,-0.055628866,0.050537948,0.0026562298,-0.038887925,0.0077350764,-0.15169859,0.48708352,-0.009067345,0.0,0.08765143,0.0,-0.054992415,-0.007818974,-0.0203075,-0.04214318,0.72100115,0.021213014,0.24732037,0.09194755
W0000077,0.02549778,0.0,-0.021077534,0.00032329466,-0.118231416,0.027701233,0.009265303,0.008928178,0.07013416,0.3774657,1.9754257,-0.21840204,-0.17505646,-0.2540623,-0.006205773,0.0,0.018415427,0.010904469,0.0,0.0,-0.016175982,-0.01766783,0.006348255,-0.023506533,0.049049623,-0.036323376,0.0,0.056817442,-0.021813259,-0.14410332,-0.010347059,0.0,-0.0014661358,-0.037815157,-0.07941709,-0.15090005,0.0,0.0011384798,0.0,0.0,0.0015274035,0.0046732845,-0.5828592,-0.20538363,0.0,0.0,0.009578323,-0.043880153,0.44921416,0.0,0.0,0.0,-0.006042149,-0.03284574,0.019540971,0.009763762,0.0,0.0,0.0,0.0,0.0,0.0,-0.033787936,-0.030760232,-0.105821274,0.003398105,0.0,-0.011458471,0.0,0.0,0.0,-0.04338522,-0.057811707,-0.034426533,-0.24258387,-0.066435106,0.0,-0.20635091,-0.048307933,0.16303639,-0.026309136,-0.9051894,-0.004495864,-0.0010443471,-0.05356733,-0.008575409,-0.12811922,0.0036840048,-0.02144365,-0.093381725,0.00092254893,0.009448124,0.0037014568,-0.12243209,-0.5377034,-0.026775079,0.0,-0.12601277,0.0,0.0556025,-0.032830574,0.006568113,-0.063711725,0.78293926,0.021213014,0.277917,-0.35876483
W0000078,0.02549778,0.0,-0.015156532,0.0032024025,-0.079529494,0.031950712,0.009527162,-0.011137288,0.085174665,0.36102104,2.0070188,-0.18743329,-0.16392964,0.0492617,0.008102258,0.0,0.018415427,0.010904469,0.0,0.0,-0.04727667,-0.01766783,0.002487767,-0.023506533,-0.011743822,0.06277348,0.0,0.050577626,-0.014569342,-0.11649654,-0.010347059,0.0,-0.0014661358,-0.1114563,0.008535031,-0.14951387,0.0,0.0026750108,0.0,0.0,-0.0039439853,-0.022805378,-0.51639295,0.077825375,0.0,0.0,0.008401561,-0.0025643758,-0.754925,0.0,0.0,0.0,-0.006042149,-0.010897068,-0.016077608,-0.022468735,0.0,0.0,0.0,0.0,0.0,0.0,-0.03884663,-0.03968901,-0.12281089,0.003398105,0.0,-0.011458471,0.0,0.0,0.0,0.033458903,-0.1212614,-0.059772283,-0.17419015,0.06934825,0.0,0.17902623,-0.1433069,-0.19965363,-0.009679914,0.24404927,-0.01883004,-0.0010443471,-0.058628283,-0.07202276,-0.0062572863,-0.0052698026,-0.02599623,-0.11424015,0.00092254893,0.009448124,-0.028322471,-0.15694296,-0.68082976,-0.03451601,0.0,0.08104693,0.0,-0.082552224,-0.032830574,-0.049533803,-0.051134504,0.72016513,0.021213014,0.25539812,-0.5146673
W0000079,0.02549778,0.0,-0.021559099,-0.0006470373,-0.106720045,0.02568426,0.009265303,-0.021761147,0.060956515,0.42386433,2.313938,-0.16728805,-0.0996183,-0.001870851,0.006257262,0.0,0.028676862,0.010904469,0.0,0.0,-0.0149579,-0.01766783,0.0019835269,0.012418345,0.048056703,-0.05954846,0.0,0.053467326,-0.014569342,0.06591275,-0.010347059,0.0,-0.0014661358,-0.1114563,0.044559628,-0.1608159,0.0,0.0026750108,0.0,0.0,0.0015274035,0.0075859358,0.40173042,0.14542602,0.0,0.0,0.011614978,-0.043880153,0.46568,0.0,0.0,0.0,-0.017717665,-0.03284574,0.008628188,0.0047894176,0.0,0.0,0.0,0.0,0.0,0.0,-0.03884663,-0.0327569,-0.1327365,0.009046913,0.0,-0.011458471,0.0,0.0,0.0,-0.02267664,-0.058893308,0.04592073,-0.16593763,0.06116353,0.0,0.17010675,-0.11054835,-0.19965363,-0.012805201,-0.756454,-0.0014202297,0.001080007,-0.011406962,-0.065680444,-0.078375064,0.005632232,-0.07004003,-0.0031682746,0.0026562298,0.023763161,-0.05045349,-0.12166803,0.3214258,-0.0079634655,0.0,-0.17312628,0.0,0.0030421228,-0.032830574,0.006667665,-0.033038586,0.6657113,0.021213014,0.26820666,0.09725391
W0000080,0.02549778,0.0,-0.015638094,0.006947868,-0.11147,0.020247787,0.012763365,0.023186482,0.059456445,0.37045884,1.8520694,-0.19371326,-0.14150634,-0.31117803,0.0146349445,0.0,0.018415427,0.010904469,0.0,0.0,-0.056513727,0.019046335,-0.054839935,0.012418345,-0.042289563,0.091077395,0.0,0.04971172,0.031219222,-0.09795895,-0.010347059,0.0,-0.0014661358,-0.039304778,-0.04331842,-0.14203776,0.0,0.0011485481,0.0,0.0,0.0015274035,-0.01404916,-0.5135454,-0.11489302,0.0,0.0,-0.062366243,0.044221558,-0.8934783,0.0,0.0,0.0,0.0033027634,-0.053211622,-0.018059755,-0.022468735,0.0,0.0,0.0,0.0,0.0,0.0,0.054480962,0.010216361,0.09791501,0.003398105,0.0,-0.011458471,0.0,0.0,0.0,-0.057086006,0.11518785,-0.048338763,-0.24296758,-0.07448941,0.0,0.15471897,-0.04136369,0.10011174,-0.04477249,-0.84378624,0.0014422396,-0.00746914,0.010338165,-0.031279873,0.09059153,-0.035466544,0.013634077,-0.1385113,0.00092254893,0.014537299,-0.028909687,-0.13075371,-0.6363231,-0.014466135,0.0,-0.17566416,0.0,-0.03282059,0.01600558,0.00065595936,0.048977163,0.77385646,0.021213014,0.2179331,0.062387448
W0000081,0.02549778,0.0,-0.031913172,-0.0074057523,-0.10354935,0.02568426,0.012763365,0.047649287,0.052267,0.40862674,2.20129,-0.17356803,-0.16948919,-0.2969905,-0.006205773,0.0,0.028676862,0.010904469,0.0,0.0,0.0026098695,0.019046335,-0.04524531,-0.033537336,-0.09575007,-0.06662619,0.0,0.052301437,0.019999169,0.07430792,0.01819984,0.0,-0.0014661358,0.066738866,0.032303594,-0.14951387,0.0,0.0011485481,0.0,0.0,0.002579819,0.0075859358,0.41310495,0.030146858,0.0,0.0,0.011614978,0.011283759,0.5846759,0.0,0.0,0.0,0.00968484,-0.044981405,-0.0026828235,0.0047894176,0.0,0.0,0.0,0.0,0.0,0.0,0.07624288,0.016874122,0.102942444,0.003398105,0.0,-0.011458471,0.0,0.0,0.0,-0.04338522,-0.057811707,0.04592073,-0.01753099,-0.047221527,0.0,-0.05657806,-0.15975036,-0.1920332,-0.009679914,0.30629596,-0.0014202297,0.001080007,0.01930859,-0.069135465,0.0098092165,0.005632232,0.012501708,0.03512699,0.00092254893,-0.007456259,0.0075193755,-0.12069038,-0.6609341,-0.015704397,0.0,-0.1633676,0.0,-0.04130598,-0.032830574,-0.048126917,-0.0508167,0.68197215,0.021213014,0.25819305,0.061303735
W0000082,0.02549778,0.0,-0.021077534,0.00032329466,-0.09763956,0.026114289,0.005558919,0.008928178,0.05709269,0.4170424,2.138605,-0.21840204,-0.10949986,-0.0001413105,0.006257262,0.0,0.018415427,0.010904469,0.0,0.0,-0.013462683,-0.01766783,0.00097216654,0.012418345,0.049049623,-0.06205132,0.0,0.05113446,-0.021813259,-0.1626196,-0.010347059,0.0,-0.0014661358,0.0684908,-0.049526356,-0.15090005,0.0,0.0026750108,0.0,0.0,-0.0039416067,-0.022805378,-0.52936167,-0.07972769,0.0,0.0,-0.07603668,0.044345796,0.4370662,0.0,0.0,0.0,-0.006042149,-0.04214224,0.019540971,0.002789167,0.0,0.0,0.0,0.0,0.0,0.0,-0.05217269,-0.043145884,-0.11931666,0.009046913,0.0,-0.011458471,0.0,0.0,0.0,-0.047941007,-0.058893308,-0.09332693,-0.26694444,0.067510664,0.0,0.1554212,-0.014095028,-0.1697573,0.0038240198,-1.0729977,-0.004495864,-0.0010443471,0.046026543,-0.011257101,-0.031515304,-0.011590302,-0.07220049,-0.09692466,0.0026562298,0.023763161,-0.03383277,-0.1418572,0.45792702,-0.026775079,0.0,0.017462438,0.0,-0.054992415,0.01600558,-0.004769,-0.041693322,0.74266744,0.021213014,0.254125,-0.013870325
W0000083,0.02549778,0.0,-0.031431608,-0.0020226012,-0.118231416,0.02364783,0.009265303,0.0091315545,0.080290794,0.38044274,1.9700496,-0.21840204,-0.154247,0.053590152,-0.006205773,0.0,0.018415427,0.010904469,0.0,0.0,0.013250568,0.004638335,0.007925373,-0.023506533,-0.05026737,-0.036323376,0.0,0.050021842,-0.021813259,-0.14046364,-0.010347059,0.0,-0.0014661358,-0.1114563,-0.07941709,-0.14203776,0.0,0.0026750108,0.0,0.0,-0.0039439853,-0.01404916,-0.623303,-0.23465365,0.0,0.0,-0.081249766,-0.043880153,0.3722399,0.0,0.0,0.0,0.0033027634,-0.0351282,-0.018059755,-0.029390752,0.0,0.0,0.0,0.0,0.0,0.0,-0.03884663,-0.003272228,-0.017968822,0.009046913,0.0,-0.011458471,0.0,0.0,0.0,-0.04939468,-0.057811707,-0.034426533,-0.29615316,-0.059151337,0.0,-0.20790969,-0.10602996,-0.20748866,-0.026309136,-0.4776281,-0.004495864,-0.0010443471,-0.048068285,0.012628298,-0.18241441,0.0036840048,-0.05437624,-0.13071461,0.0026562298,0.009448124,0.0037014568,-0.12627348,-0.14974917,0.012553255,0.0,-0.118220136,0.0,-0.028727045,0.01600558,0.006568113,0.04120282,0.7020441,0.021213014,0.26744622,-0.4277481
W0000084,0.02549778,0.0,-0.031431608,-0.0069122133,-0.10425511,0.029721677,0.012847334,0.012007143,0.080290794,0.3886345,1.9636223,-0.21840204,-0.17505646,0.0026144125,-0.006205773,0.0,0.018415427,0.010904469,0.0,0.0,-0.01763082,0.004638335,-0.016688254,-0.023506533,-0.02035338,0.055957828,0.0,0.04910586,-0.021813259,-0.14907615,-0.010347059,0.0,-0.0014661358,-0.1114563,-0.07941709,-0.15090005,0.0,0.0011384798,0.0,0.0,0.002579819,0.0075859358,-0.6313404,-0.2753989,0.0,0.0,-0.070896015,-0.060555123,0.38007092,0.0,0.0,0.0,0.0033027634,0.016202005,-0.018059755,-0.022468735,0.0,0.0,0.0,0.0,0.0,0.0,-0.035797942,0.013672151,-0.007525078,0.003398105,0.0,-0.011458471,0.0,0.0,0.0,-0.05573919,-0.057811707,-0.03553812,-0.105698235,0.04582546,0.0,-0.17832993,-0.11492784,-0.19965363,-0.014214488,-0.4642167,-0.004495864,-0.0010443471,-0.06550005,-0.031279873,-0.13271646,-0.013538529,0.014593969,-0.11047938,0.00092254893,-0.019383883,-0.033589892,-0.1507461,-0.5754204,-0.03451601,0.0,0.08851357,0.0,-0.03282059,0.01600558,0.006568113,-0.056563683,0.7111907,0.021213014,0.2782354,-0.40270466
W0000085,0.02549778,0.0,-0.015156532,0.008718021,-0.079529494,0.032012127,0.012847334,0.012155388,0.062322475,0.36014447,1.9611804,-0.19371326,-0.14429057,-0.31234154,-0.008198856,0.0,0.018415427,0.010904469,0.0,0.0,-0.04032951,0.004638335,0.002487767,-0.023506533,0.043509226,0.097893044,0.0,0.050779052,-0.021813259,-0.11687102,-0.010347059,0.0,-0.0014661358,-0.037815157,-0.07941709,-0.13959803,0.0,0.0026750108,0.0,0.0,-0.0039439853,-0.022805378,-0.49983335,-0.101836324,0.0,0.0,0.010297097,-0.011224009,-1.0587878,0.0,0.0,0.0,-0.006042149,-0.008661777,0.019540971,0.0033516905,0.0,0.0,0.0,0.0,0.0,0.0,-0.03884663,-0.004697731,-0.10262283,0.003398105,0.0,-0.011458471,0.0,0.0,0.0,0.00091434084,-0.11199486,-0.0138777215,-0.26003715,0.04144036,0.0,-0.16956459,-0.122176975,-0.19965363,-0.014214488,0.33223453,-0.016174385,-0.00746914,0.035247415,0.00829592,0.01178648,-0.01795644,0.0044977823,-0.15122347,0.00092254893,0.023763161,-0.0153448265,-0.16064811,-0.63083774,-0.03451601,0.0,0.081787586,0.0,-0.082552224,-0.032830574,-0.0492929,-0.035197556,0.86787516,0.021213014,0.2767977,-0.47812024
W0000086,0.02549778,0.0,-0.015638094,0.0012541581,-0.08001599,0.028212134,0.0009832463,-0.011010975,0.07412765,0.36552972,2.1946468,-0.14887923,-0.07997922,-0.0346769,-0.008198856,0.0,0.028676862,0.010904469,0.0,0.0,-0.056513727,0.004638335,-0.00462678,0.012418345,-0.04076256,-0.10923956,0.0,0.061956562,-0.021813259,0.06872162,-0.010347059,0.0,0.021705927,-0.15754077,-0.03062276,-0.15195361,0.0,0.0026750108,0.0,0.0,0.0025782634,-0.022805378,0.38537616,0.043219645,0.0,0.0,0.012527428,0.028663045,-1.0294228,0.0,0.0,0.0,0.00968484,0.011244357,-0.0026828235,-0.022468735,0.0,0.0,0.0,0.0,0.0,0.0,0.059254333,0.009427946,0.11754919,0.009046913,0.0,-0.011458471,0.0,0.0,0.0,-0.057086006,-0.11199486,0.040918946,-0.13536882,0.04144036,0.0,0.19875,-0.010188943,0.14719824,-0.03148701,-0.76558924,-0.004823425,-0.00746914,-0.012726036,0.021592971,-0.052756336,0.0039036702,-0.07175014,-0.011007712,0.0026562298,0.0014313441,-0.03577683,-0.110018246,0.47520906,-0.0079634655,0.0,-0.18171418,0.0,0.015863921,-0.032830574,0.007734094,0.035431433,0.70428133,0.021213014,0.25326747,0.09924242
W0000087,0.02549778,0.0,-0.031431608,-0.0074057523,-0.10354935,0.030629693,0.012763365,0.015258847,0.08415462,0.4472012,2.354277,-0.16728805,-0.15856129,0.019399323,0.006257262,0.0,0.028676862,0.010904469,0.0,0.0,0.01322807,0.004638335,-0.054839935,0.012418345,-0.019999478,-0.08323513,0.0,0.05280129,0.031219222,0.06509815,0.01819984,0.0,-0.0014661358,0.07098258,-0.024414824,-0.14065158,0.0,0.0011485481,0.0,0.0,0.002579819,0.0046732845,0.4405244,0.15513892,0.0,0.0,0.011614978,0.011283759,0.43066028,0.0,0.0,0.0,0.00968484,0.019474573,-0.0026828235,0.0033516905,0.0,0.0,0.0,0.0,0.0,0.0,0.07624288,0.01767047,0.12257663,0.009046913,0.0,-0.011458471,0.0,0.0,0.0,-0.029021151,-0.0537401,0.04592073,0.061393186,-0.08177318,0.0,0.19430773,-0.15882877,-0.19986823,-0.010291876,0.40894246,-0.01794828,-0.0010443471,-0.02581709,-0.08099374,-0.09556127,0.005632232,0.013461599,-0.0038283411,0.0026562298,-0.0318094,0.0075193755,0.039224785,-0.16833878,-0.021478033,0.0,-0.1077863,0.0,-0.0025130343,0.01600558,-0.048126917,0.038201332,0.5549628,0.021213014,0.2668159,0.104016855
W0000088,0.02549778,0.0,-0.031913172,-0.008376084,-0.14028597,0.028212134,0.009527162,0.025862467,0.054119244,0.37778258,1.9719346,-0.21840204,-0.20244883,-0.2595687,-0.006205773,0.0,0.018415427,0.010904469,0.0,0.0,-0.014917521,0.004638335,0.0009106493,0.012418345,-0.13002579,-0.06205132,0.0,0.05924739,0.031219222,-0.13048314,0.01819984,0.0,-0.0014661358,-0.039304778,-0.04331842,-0.15090005,0.0,0.0011384798,0.0,0.0,0.0025782634,0.0046732845,-0.6778165,-0.31060338,0.0,0.0,0.009555554,0.047252677,0.49290043,0.0,0.0,0.0,0.0033027634,-0.0456265,-0.018059755,0.0047894176,0.0,0.0,0.0,0.0,0.0,0.0,0.0025096359,0.0148438355,-0.016348168,0.003398105,0.0,-0.011458471,0.0,0.0,0.0,-0.04939468,-0.057811707,-0.035174184,-0.35037515,-0.066435106,0.0,0.21233578,0.020765264,0.16303639,-0.04477249,-0.9903016,-0.012771191,-0.0010443471,-0.051089924,-0.008296803,0.116752446,0.0040597003,-0.05533613,-0.09726589,0.00092254893,0.02255408,0.00715758,-0.13661283,-0.54288167,-0.026775079,0.0,-0.17946328,0.0,-0.082552224,0.01600558,0.006568113,-0.063711725,0.77391464,0.021213014,0.24502712,-0.03856211
W0000089,-0.001596706,0.0,-0.015156532,-3.162166e-05,-0.08955072,0.03447859,0.009527162,-0.087395445,0.08131084,0.35381138,2.0996456,-0.18244107,-0.22341998,0.06759915,0.0146349445,0.0,0.018415427,0.010904469,0.0,0.0,-0.056513727,0.0007005774,0.0055558146,0.012418345,-0.011819871,-0.06912905,0.0,0.056411177,-0.021813259,-0.08590067,-0.010347059,0.0,-0.0014661358,-0.07461473,-0.049526356,-0.13959803,0.0,0.0011384798,0.0,0.0,-0.009978284,0.0075859358,-0.70559865,-0.27500558,0.0,0.0,0.014394904,0.008252639,-0.6984662,0.0,0.0,0.0,-0.006042149,-0.053211622,-0.018059755,0.0033516905,0.0,0.0,0.0,0.0,0.0,0.0,-0.033787936,0.016244967,-0.11526983,0.003398105,0.0,-0.011458471,0.0,0.0,0.0,0.07078722,-0.065491326,-0.07056001,-0.2746609,0.05954995,0.0,0.18427484,0.062270477,0.10091244,-0.009679914,0.36428457,0.0007962482,-0.0010443471,-0.058628283,0.015309991,0.0068406574,-0.0053317915,-0.05721872,-0.0131237935,0.00092254893,0.009448124,0.0037014568,-0.1197303,-0.6477906,-0.03451601,0.0,0.08457323,0.0,-0.071613535,-0.032830574,-0.0492929,-0.09799863,0.7470838,0.021213014,0.2659004,0.08261056
W0000090,0.02549778,0.0,-0.015156532,0.003994643,-0.06754206,0.030629693,0.012763365,0.012155388,0.085174665,0.39063781,2.00215,-0.18743329,-0.074419685,-0.038625892,0.008102258,0.0,0.018415427,0.010904469,0.0,0.0,-0.044563368,0.004638335,0.00040640915,-0.023506533,-0.12169409,-0.12654012,0.0,0.0553383,-0.021813259,-0.15170571,-0.010347059,0.0,-0.0014661358,-0.03357144,-0.07941709,-0.15090005,0.0,0.0011384798,0.0,0.0,-0.0039439853,-0.022805378,-0.6275262,0.09601269,0.0,0.0,0.009072285,0.04352261,-0.9230772,0.0,0.0,0.0,0.0033027634,-0.010897068,-0.018059755,-0.022468735,0.0,0.0,0.0,0.0,0.0,0.0,-0.045054324,-0.03713095,0.120355584,0.009046913,0.0,-0.011458471,0.0,0.0,0.0,-0.021189496,-0.11610819,-0.048354834,-0.1834508,0.084978096,0.0,0.15779638,-0.100942686,-0.19965363,0.0038240198,-0.2912361,-0.016174385,-0.00746914,-0.027028939,-0.07202276,-0.04054338,-0.0052698026,0.018069157,-0.09616488,0.0026562298,-0.019383883,0.009322835,0.047811985,0.30309874,-0.009067345,0.0,-0.08965235,0.0,-0.039040647,0.01600558,0.006568113,-0.041693322,0.69328445,0.021213014,0.27531832,-0.45300105
W0000091,0.02549778,0.0,-0.015156532,0.003994643,-0.055984788,0.029484255,0.012763365,-0.014089942,0.085174665,0.40726835,2.2599685,-0.14259928,-0.091068804,-0.024777178,0.008102258,0.0,0.028676862,0.010904469,0.0,0.0,-0.044563368,-0.01766783,0.0019835269,0.012418345,0.032570362,-0.098634854,0.0,0.057674564,-0.014569342,-0.10545013,-0.010347059,0.0,-0.0014661358,-0.0345736,0.044559628,-0.14951387,0.0,0.0026750108,0.0,0.0,-0.0039439853,-0.022805378,0.24322946,0.113197595,0.0,0.0,0.011614978,0.0075536957,-1.0835348,0.0,0.0,0.0,-0.017717665,-0.010897068,0.008628188,0.0033516905,0.0,0.0,0.0,0.0,0.0,0.0,-0.045054324,-0.005486146,-0.13005619,0.009046913,0.0,-0.011458471,0.0,0.0,0.0,-0.021189496,-0.1212614,-0.048338763,-0.12345902,0.084978096,0.0,-0.16956459,-0.1396707,-0.19965363,0.0038240198,0.33485708,-0.016174385,-0.00746914,0.007744604,-0.065680444,-0.021050194,-0.035466544,-0.010206124,0.03362058,-0.020784434,-0.019383883,-0.0153448265,-0.13772017,0.29999492,0.0007673269,0.0,0.08163413,0.0,0.016625296,0.01600558,-0.0492929,-0.07598022,0.7500244,0.021213014,0.26969135,-0.01394489
W0000092,0.02549778,0.0,-0.021077534,-0.008287778,-0.09352812,0.032012127,0.012763365,0.012007143,0.07731735,0.36928815,2.1275387,-0.21840204,-0.18614605,-0.25651807,-0.006205773,0.0,0.018415427,0.010904469,0.0,0.0,0.012009987,0.004638335,0.0009106493,0.009155081,0.049049623,0.072067566,0.0,0.062264234,-0.014569342,-0.08088589,-0.010347059,0.0,-0.0014661358,0.066738866,0.05149104,-0.13073574,0.0,0.0011384798,0.0,0.0,0.0065269433,0.0046732845,-0.5860213,-0.21040282,0.0,0.0,-0.012822767,-0.0068461676,0.48462147,0.0,0.0,0.0,-0.006042149,0.019474573,0.019540971,-0.029390752,0.0,0.0,0.0,0.0,0.0,0.0,-0.039995633,0.013672151,-0.105821274,0.003398105,0.0,-0.011458471,0.0,0.0,0.0,-0.04939468,-0.057811707,-0.034426533,-0.30293608,-0.066435106,0.0,-0.17909776,0.030228384,0.17012373,-0.009679914,0.4331259,-0.004495864,-0.0010443471,-0.06797746,0.015031384,-0.08877391,0.0036840048,0.007340258,0.073084876,0.00092254893,-0.019383883,0.00715758,-0.117238574,-0.5568053,-0.009067345,0.0,0.09805183,0.0,-0.082552224,-0.014220054,0.006568113,0.059018582,0.7959687,0.021213014,0.27945295,-0.30620652
W0000093,0.02549778,0.0,-0.015638094,0.0009387103,-0.11147,0.025745675,0.011423896,0.009743355,0.05513929,0.3682042,1.971601,-0.19371326,-0.18163936,-0.2849029,-0.008198856,0.0,0.018415427,0.010904469,0.0,0.0,-0.055018507,0.004638335,0.006348255,-0.056174483,0.043509226,-0.06205132,0.0,0.05331841,-0.021813259,-0.14480548,-0.010347059,0.0,-0.0014661358,0.066738866,-0.049526356,-0.15090005,0.0,0.0011384798,0.0,0.0,-0.0023350688,0.0075859358,-0.62911767,-0.2486083,0.0,0.0,0.008879115,0.028663045,-0.6362747,0.0,0.0,0.0,0.0033027634,0.011244357,-0.018059755,-0.022468735,0.0,0.0,0.0,0.0,0.0,0.0,-0.03884663,0.00040271552,0.07621016,0.009046913,0.0,-0.011458471,0.0,0.0,0.0,-0.05573919,-0.11199486,-0.073568724,-0.19742298,0.04582546,0.0,-0.20635091,-0.03987041,-0.19965363,-0.044990946,-0.769845,-0.01883004,-0.0010443471,0.045425426,-0.008296803,-0.0754142,-0.0053317915,0.013634077,-0.09527091,0.0026562298,0.023763161,-0.033589892,-0.13868847,-0.19945581,-0.01766944,0.0,-0.21604271,0.0,0.0075683277,0.01600558,0.006568113,-0.056563683,0.8091134,0.021213014,0.261386,-0.03620643
W0000094,0.02549778,0.0,-0.021077534,0.0008168337,-0.13120548,0.030425185,0.012847334,0.008928178,0.07056589,0.38710347,2.0116332,-0.21840204,-0.21233039,-0.24815574,-0.007029475,0.0,0.018415427,0.010904469,0.0,0.0,-0.0255761,-0.01766783,0.007925373,0.012418345,0.049049623,0.055957828,0.0,0.056817442,-0.021813259,-0.12844363,-0.010347059,0.0,-0.0014661358,-0.14696711,-0.049526356,-0.15090005,0.0,0.0026750108,0.0,0.0,-0.0023350688,-0.01404916,-0.5234944,-0.25681198,0.0,0.0,-0.08698823,-0.051538028,0.42513525,0.0,0.0,0.0,-0.006042149,-0.03284574,0.011106845,0.0033516905,0.0,0.0,0.0,0.0,0.0,0.0,-0.039995633,-0.0327569,-0.10262283,0.003398105,0.0,-0.011458471,0.0,0.0,0.0,-0.04338522,-0.0037699752,-0.00854584,-0.24402842,-0.059151337,0.0,0.1554212,-0.09557475,0.16303639,-0.014214488,-0.8888998,0.0068550985,-0.0010443471,-0.03305132,0.005335622,-0.12811922,-0.013162834,0.007340258,-0.11315786,0.00092254893,-0.019383883,-0.028322471,-0.13072744,-0.57977104,-0.014466135,0.0,0.09534574,0.0,0.0556025,-0.014220054,0.0063272105,-0.063711725,0.79473037,0.021213014,0.26516053,0.06089325
W0000095,0.02549778,0.0,-0.015156532,0.00222449,-0.091662645,0.02364783,0.012763365,0.033203285,0.07833739,0.35110167,1.8978932,-0.19371326,-0.19664517,-0.32551184,0.0146349445,0.0,0.018415427,0.010904469,0.0,0.0,-0.056513727,0.004638335,-0.023844196,-0.056174483,-0.042011715,-0.11700892,0.0,0.048905022,-0.014569342,-0.12675413,-0.010347059,0.0,-0.0014661358,-0.14696711,0.025656031,-0.13959803,0.0,0.00074903487,0.0,0.0,0.002579819,-0.01404916,-0.6521389,-0.22476734,0.0,0.0,-0.056727044,-0.009877289,-1.0267537,0.0,0.0,0.0,0.0033027634,-0.053211622,-0.018059755,0.009763762,0.0,0.0,0.0,0.0,0.0,0.0,0.07624288,0.011458233,0.09791501,0.003398105,0.0,-0.011458471,0.0,0.0,0.0,-0.057086006,-0.065491326,0.03939496,-0.2845965,-0.07448941,0.0,-0.18041202,-0.14611049,-0.1920332,-0.009679914,0.35727826,-0.008455455,-0.00746914,-0.061869048,-0.010978495,-0.03439074,0.0023311386,0.016304074,-0.13368961,0.00092254893,-0.009880809,-0.019427307,-0.12778756,-0.67458975,-0.009067345,0.0,-0.07063294,0.0,-0.071613535,-0.007818974,-0.0025984044,-0.035197556,0.80525076,0.021213014,0.2560053,0.058459852
W0000096,0.02549778,0.0,-0.015156532,0.00222449,-0.06965399,0.02364783,0.005558919,0.00907642,0.07833739,0.3658414,1.9567118,-0.19371326,-0.07716552,-0.25856787,-0.008198856,0.0,0.018415427,0.010904469,0.0,0.0,-0.055018507,-0.01766783,0.00040640915,-0.023506533,0.03356328,-0.12654012,0.0,0.05315505,-0.021813259,-0.15637885,-0.010347059,0.0,-0.0014661358,-0.037815157,-0.07941709,-0.15090005,0.0,0.0011384798,0.0,0.0,-0.0039439853,0.0075859358,-0.5968867,-0.10390817,0.0,0.0,-0.049222328,-0.047637805,-0.87551737,0.0,0.0,0.0,-0.006042149,0.011244357,0.019540971,0.0033516905,0.0,0.0,0.0,0.0,0.0,0.0,-0.058380388,0.011458233,-0.10986812,0.009046913,0.0,-0.011458471,0.0,0.0,0.0,0.064345054,-0.11199486,0.039455004,-0.23816943,-0.048835106,0.0,-0.19808896,-0.104361296,-0.1697573,0.0038240198,-0.34766304,-0.011167738,-0.00746914,-0.061869048,0.005335622,-0.05757675,0.0023931272,-0.007363648,-0.092529155,0.0026562298,-0.019383883,-0.033589892,-0.1314927,0.42758593,-0.012270651,0.0,-0.0959084,0.0,-0.039040647,-0.032830574,0.006568113,-0.0471225,0.8807895,0.021213014,0.28193983,-0.46972492
W0000097,0.02549778,0.0,-0.015156532,0.0009387103,-0.09152736,0.033157565,0.012847334,0.0066643893,0.07833739,0.35587302,1.8839493,-0.19371326,-0.16272162,-0.27971423,-0.008198856,0.0,0.018415427,0.010904469,0.0,0.0,-0.057731807,-0.01766783,0.0009106493,-0.023506533,0.03356328,-0.06205132,0.0,0.050431766,-0.021813259,-0.1299968,-0.010347059,0.0,-0.0014661358,-0.10640674,-0.07941709,-0.15090005,0.0,0.0011384798,0.0,0.0,-0.0039439853,0.0046732845,-0.6423516,-0.13031201,0.0,0.0,0.010297097,-0.05115263,-0.6883675,0.0,0.0,0.0,-0.006042149,-0.053843383,-0.018059755,-0.022468735,0.0,0.0,0.0,0.0,0.0,0.0,-0.045054324,0.011458233,-0.10262283,0.003398105,0.0,-0.011458471,0.0,0.0,0.0,-0.057086006,-0.106841646,-0.01037989,-0.23074746,-0.08177318,0.0,-0.19587967,-0.10971852,-0.19965363,-0.014214488,-0.3590933,-0.010554714,-0.0010443471,-0.058628283,0.015031384,-0.07644779,0.0023931272,0.014593969,-0.094702266,0.00092254893,-0.019383883,-0.033589892,0.035522446,-0.6587502,-0.012270651,0.0,-0.11995794,0.0,-0.082552224,0.01600558,0.006568113,-0.056563683,0.8542038,0.021213014,0.27875075,-0.44305646
W0000098,0.02549778,0.0,-0.021559099,-0.0020226012,-0.14028597,0.024158733,0.009611131,-0.021761147,0.07399799,0.39205012,2.1963017,-0.16728805,-0.16828115,-0.27026737,-0.006205773,0.0,0.028676862,0.010904469,0.0,0.0,-0.013462683,-0.01766783,0.007925373,-0.056174483,0.03274022,-0.0761574,0.0,0.058306083,-0.014569342,0.03755787,-0.010347059,0.0,-0.0014661358,-0.12218835,0.047076814,-0.15195361,0.0,0.0026750108,0.0,0.0,-0.0023350688,-0.01404916,0.3819334,0.120858826,0.0,0.0,-0.08889352,-0.051538028,0.5188576,0.0,0.0,0.0,-0.017717665,-0.03284574,-0.0026828235,-0.029390752,0.0,0.0,0.0,0.0,0.0,0.0,-0.039995633,-0.0327569,-0.11604265,0.003398105,0.0,-0.011458471,0.0,0.0,0.0,-0.01666718,-0.057811707,0.04592073,0.20089108,-0.059151337,0.0,0.21096857,-0.02732173,0.17012373,-0.014214488,-1.0159779,-0.004495864,0.001080007,0.0066316393,0.015092783,-0.08127502,0.005632232,-0.05533613,-0.008396011,0.00092254893,-0.019383883,-0.05045349,-0.09579897,-0.4816496,-0.0046314634,0.0,-0.17601432,0.0,0.013355723,0.01600558,0.006667665,0.045975674,0.7139083,0.021213014,0.24417077,-0.044111907
W0000099,0.02549778,0.0,-0.015156532,0.003994643,-0.08955072,0.03447859,0.012763365,-0.011010975,0.08220122,0.37494814,2.2108204,-0.14259928,-0.14985012,-0.3512639,0.008102258,0.0,0.028676862,0.010904469,0.0,0.0,0.00745249,0.004638335,0.002487767,0.012418345,0.017283266,-0.13292624,0.0,0.052727103,-0.021813259,0.051258143,-0.010347059,0.0,-0.0014661358,0.066738866,-0.028105574,-0.14951387,0.0,0.0026750108,0.0,0.0,-0.0039439853,0.0046732845,0.37275863,0.10618883,0.0,0.0,0.013510514,-0.0025643758,-1.233096,0.0,0.0,0.0,-0.017717665,-0.027299905,-0.0026828235,0.0033516905,0.0,0.0,0.0,0.0,0.0,0.0,-0.03884663,-0.032023963,-0.11924111,0.003398105,0.0,-0.011458471,0.0,0.0,0.0,-0.029021151,-0.1212614,-0.012023633,0.16481262,-0.08177318,0.0,-0.12351568,-0.1395128,-0.19965363,-0.04477249,0.34143534,-0.016174385,-0.00746914,-0.010433131,0.025964828,0.004885889,-0.0037592598,0.013461599,-0.007554656,0.00092254893,0.008239041,0.005354121,-0.13303736,-0.6913143,-0.021478033,0.0,0.07801041,0.0,-0.05224467,0.01600558,-0.048126917,-0.038199045,0.75405055,0.021213014,0.2754101,0.014269732
W0000100,0.02549778,0.0,-0.031431608,-0.0074057523,-0.14028597,0.027639817,0.012763365,0.012007143,0.07310761,0.3968472,1.9857519,-0.21840204,-0.21233039,0.010523062,0.0070197624,0.0,0.018415427,0.010904469,0.0,0.0,-0.014917521,0.004638335,0.0009106493,0.012418345,-0.050545223,-0.06205132,0.0,0.04910586,0.031219222,-0.14907615,0.01819984,0.0,-0.0014661358,-0.07461473,-0.04331842,-0.15090005,0.0,0.0011384798,0.0,0.0,0.0025782634,0.0046732845,-0.69233835,-0.35018057,0.0,0.0,0.0072695445,0.047252677,0.45269,0.0,0.0,0.0,0.0033027634,-0.0456265,-0.018059755,0.009763762,0.0,0.0,0.0,0.0,0.0,0.0,-0.029590242,0.011641865,0.08588162,0.003398105,0.0,-0.011458471,0.0,0.0,0.0,-0.04338522,-0.0480342,-0.08236109,-0.258289,-0.066435106,0.0,0.21233578,-0.035233714,-0.19965363,-0.009679914,-0.9581282,0.008729893,-0.0010443471,-0.03305132,-0.040847473,-0.11047059,0.0040597003,0.013461599,-0.09299473,0.00092254893,0.009448124,0.0037014568,-0.13346925,-0.58515596,-0.014466135,0.0,-0.09893234,0.0,-0.082552224,0.01600558,-0.0492929,-0.056563683,0.65036255,0.021213014,0.25834554,-0.020328369
W0000101,0.02549778,0.0,-0.015156532,0.0055723037,-0.055984788,0.031733155,0.005558919,0.014400795,0.0734769,0.39712957,2.3116627,-0.11835562,-0.09381464,-0.015865324,0.0146349445,0.0,0.028676862,0.010904469,0.0,0.0,-0.056513727,0.004638335,0.00097216654,0.012418345,-0.041935664,0.09390397,0.0,0.055938713,-0.021813259,0.06519166,-0.010347059,0.0,-0.0014661358,-0.116980396,-0.03062276,-0.14951387,0.0,0.0026750108,0.0,0.0,-0.0039439853,0.0075859358,0.37253684,0.10412701,0.0,0.0,0.014091782,0.008252639,-0.9571025,0.0,0.0,0.0,-0.017717665,-0.053211622,0.008628188,-0.029390752,0.0,0.0,0.0,0.0,0.0,0.0,-0.05217269,0.016244967,-0.1327365,0.009046913,0.0,-0.011458471,0.0,0.0,0.0,0.053634763,0.10572855,0.040918946,-0.11491244,0.05954995,0.0,0.17849614,-0.013872249,-0.1697573,-0.031268556,0.34202012,-0.011167738,-0.00746914,-0.044920705,-0.08099374,0.034384727,-0.0037592598,-0.007363648,-0.004289424,0.0026562298,0.02255408,-0.05045349,0.025780363,0.6693065,0.0039706323,0.0,0.083274506,0.0,-0.024684861,-0.032830574,0.006667665,-0.036799543,0.69005466,0.021213014,0.26485282,0.040862616
W0000102,0.02549778,0.0,-0.031431608,-0.0069122133,-0.10915093,0.030167691,0.012847334,0.012007143,0.07013416,0.37781686,2.0257936,-0.21840204,-0.16272162,-0.26280886,-0.006205773,0.0,0.018415427,0.010904469,0.0,0.0,-0.01763082,0.004638335,-0.0070936265,-0.07797696,0.025307622,0.055957828,0.0,0.047085978,-0.014569342,-0.14947316,-0.010347059,0.0,-0.0014661358,0.06524924,0.06929241,-0.15090005,0.0,0.0011384798,0.0,0.0,-0.0023350688,-0.01404916,-0.5571405,-0.07205995,0.0,0.0,0.008347634,-0.060555123,0.48523962,0.0,0.0,0.0,0.0033027634,0.016202005,-0.018059755,0.0033516905,0.0,0.0,0.0,0.0,0.0,0.0,-0.03884663,-0.043145884,0.09791501,0.003398105,0.0,-0.011458471,0.0,0.0,0.0,-0.04338522,-0.057811707,-0.09518102,0.23940068,-0.059151337,0.0,0.17010675,-0.026146324,-0.19965363,-0.014214488,-0.9866406,-0.004495864,-0.0010443471,-0.051089924,0.008017315,-0.031515304,-0.025787484,0.016304074,-0.093553185,0.00092254893,0.009448124,-0.037672374,-0.1371744,-0.55611134,-0.026775079,0.0,-0.09893234,0.0,-0.071613535,-0.032830574,-0.0025984044,-0.051134504,0.71593726,0.021213014,0.25935984,-0.3245756
W0000103,0.02549778,0.0,-0.031431608,-0.008376084,-0.09352812,0.029721677,0.009611131,-0.021761147,0.081181176,0.3927441,2.2170758,-0.16728805,-0.17381121,-0.2906823,0.006257262,0.0,0.028676862,0.010904469,0.0,0.0,-0.01763082,-0.01766783,0.002487767,-0.023506533,0.024314705,-0.06662619,0.0,0.052235045,0.019999169,0.06690233,-0.010347059,0.0,-0.0014661358,-0.037815157,0.06065579,-0.14951387,0.0,0.0026750108,0.0,0.0,0.002579819,-0.022805378,0.38848466,0.091548294,0.0,0.0,-0.07726667,-0.022794608,0.59619665,0.0,0.0,0.0,-0.017717665,0.016202005,-0.0026828235,0.0033516905,0.0,0.0,0.0,0.0,0.0,0.0,-0.033787936,-0.0109372735,-0.11604265,0.003398105,0.0,-0.011458471,0.0,0.0,0.0,-0.01666718,-0.058893308,0.044456787,0.19970232,0.05677843,0.0,0.17437355,-0.12506829,0.10091244,-0.014214488,0.39738962,-0.004495864,-0.0010443471,-0.02581709,-0.05611284,-0.020717446,0.0041216887,-0.05721872,-0.0026921043,0.00092254893,0.009448124,-0.031937227,-0.09431062,-0.5680504,0.0039706323,0.0,0.082681976,0.0,-0.05224467,-0.014220054,-0.048126917,-0.053388767,0.73134965,0.021213014,0.2769517,-0.43982887
W0000104,0.02549778,0.0,-0.015638094,0.00222449,-0.08001599,0.023455223,0.0042194496,0.01640389,0.07799148,0.4045353,2.1624126,-0.14259928,-0.09792313,0.11487441,0.008102258,0.0,0.028676862,0.010904469,0.0,0.0,-0.055018507,0.004638335,-0.0028422393,0.012418345,-0.12169409,-0.048065566,0.0,0.06186893,-0.021813259,0.07161577,-0.010347059,0.0,-0.0014661358,-0.1114563,-0.03062276,-0.1608159,0.0,0.0026750108,0.0,0.0,-0.0039416067,-0.022805378,0.43742448,0.10226228,0.0,0.0,-0.081856444,-0.07033017,-0.8656614,0.0,0.0,0.0,0.00968484,-0.053843383,-0.0026828235,0.0033516905,0.0,0.0,0.0,0.0,0.0,0.0,0.059254333,0.010216361,-0.012930949,0.009046913,0.0,-0.011458471,0.0,0.0,0.0,0.033458903,-0.1212614,-0.012023633,-0.12076085,0.06934825,0.0,0.19875,-0.009389543,0.14011091,-0.03148701,-0.92009926,-0.019193394,-0.00746914,0.005023083,-0.07142613,0.06653523,0.0039036702,-0.00832354,-0.0060338257,0.0026562298,0.0014313441,0.0088102445,-0.10199584,0.47360125,-0.0014281571,0.0,-0.18402594,0.0,-0.022650335,-0.014220054,0.007734094,-0.038518406,0.6482834,0.021213014,0.24410251,-0.018073246
W0000105,0.02549778,0.0,-0.015638094,0.0008489257,-0.09152736,0.02873555,0.012847334,0.012155388,0.059456445,0.34848872,1.8694372,-0.19371326,-0.13320097,-0.29436734,-0.0152558815,0.0,0.018415427,0.010904469,0.0,0.0,-0.057731807,0.004638335,-0.015111137,-0.034050845,0.03719104,-0.109931186,0.0,0.048557743,-0.021813259,-0.14480548,-0.010347059,0.0,-0.0014661358,-0.036813,-0.07941709,-0.15090005,0.0,0.0026750108,0.0,0.0,-0.0023350688,0.0046732845,-0.55770016,-0.1260283,0.0,0.0,-0.013109947,-0.05115263,-0.86102873,0.0,0.0,0.0,0.0033027634,0.010612596,-0.018059755,-0.031391002,0.0,0.0,0.0,0.0,0.0,0.0,-0.029590242,0.008386425,0.09791501,0.003398105,0.0,-0.011458471,0.0,0.0,0.0,-0.05573919,0.10140538,-0.062091224,-0.18791649,-0.08177318,0.0,-0.19178641,-0.036840923,-0.19965363,-0.014214488,-0.67798984,-0.016174385,-0.00746914,-0.052454393,-0.016497709,-0.060476717,0.0023931272,-0.049016908,-0.09747476,0.00092254893,0.023763161,-0.037429497,0.005162794,-0.6571375,-0.026775079,0.0,-0.18423198,0.0,0.003474785,0.01600558,0.004397517,-0.056563683,0.797135,0.021213014,0.2528868,-0.34373194
W0000106,0.02549778,0.0,-0.015156532,0.003994643,-0.07790406,0.028400656,0.005642888,-0.014089942,0.07799148,0.40605903,2.1918976,-0.14259928,-0.07997922,-0.045571543,0.008102258,0.0,0.028676862,0.010904469,0.0,0.0,-0.038741007,-0.01766783,0.00097216654,0.012418345,0.043585274,-0.10923956,0.0,0.05634001,-0.014569342,0.073433556,-0.010347059,0.0,-0.0014661358,-0.03357144,0.044559628,-0.1608159,0.0,0.0026750108,0.0,0.0,-0.0023350688,0.0075859358,0.3723206,0.11447992,0.0,0.0,-0.062366243,-0.048984524,-1.0094606,0.0,0.0,0.0,-0.017717665,-0.008661777,0.008628188,0.0033516905,0.0,0.0,0.0,0.0,0.0,0.0,-0.058380388,-0.023577042,-0.13593496,0.009046913,0.0,-0.011458471,0.0,0.0,0.0,-0.029021151,-0.11610819,0.040918946,0.005354479,0.04582546,0.0,-0.17167068,-0.09213419,-0.15879062,-0.0013225146,-0.8950459,-0.004823425,-0.00746914,-0.012726036,-0.07142613,-0.050910313,-0.0037592598,0.019779263,0.0017361622,-0.020784434,-0.041312475,0.0088102445,0.14223064,0.4905172,0.021649163,0.0,-0.096202485,0.0,-0.024684861,0.01600558,0.007734094,-0.03137037,0.6851508,0.021213014,0.2393835,0.08231817
W0000107,0.02549778,0.0,-0.031431608,-0.008781317,-0.10354935,0.030167691,0.012847334,-0.021761147,0.081181176,0.4130111,2.3452003,-0.16728805,-0.16948919,-0.29343256,0.006257262,0.0,0.028676862,0.010904469,0.0,0.0,0.0026098695,-0.01766783,0.002487767,0.012418345,-0.04901822,-0.06662619,0.0,0.052605353,-0.014569342,0.041431565,-0.010347059,0.0,-0.0014661358,-0.07785629,0.044559628,-0.14951387,0.0,0.0026750108,0.0,0.0,-0.0039439853,-0.022805378,0.42870593,0.17168353,0.0,0.0,0.013510514,-0.022794608,0.54316723,0.0,0.0,0.0,0.00968484,0.016847098,-0.0026828235,-0.029390752,0.0,0.0,0.0,0.0,0.0,0.0,-0.045054324,-0.003272228,-0.011310293,0.003398105,0.0,-0.011458471,0.0,0.0,0.0,-0.01666718,-0.058893308,-0.056414247,-0.11741204,-0.051606625,0.0,-0.0648489,-0.14183299,-0.19965363,-0.014214488,0.40110272,-0.012771191,-0.0010443471,-0.02581709,0.018950757,-0.045863274,0.005632232,0.0044977823,0.03708297,0.00092254893,-0.019383883,0.0088102445,-0.09866272,-0.6422141,-0.021478033,0.0,-0.005727255,0.0,-0.05224467,0.01600558,-0.048126917,-0.0508167,0.70055234,0.021213014,0.25943083,0.023790933
W0000108,-0.001596706,0.0,-0.021077534,-0.0074057523,-0.14028597,0.030623745,0.012847334,-0.021761147,0.06130243,0.40741608,2.2440176,-0.17356803,-0.16828115,-0.2706229,-0.006205773,0.0,0.028676862,0.010904469,0.0,0.0,-0.01763082,-0.01766783,-0.0055165086,0.012418345,0.03274022,-0.0761574,0.0,0.05173724,-0.021813259,-0.122652225,-0.010347059,0.0,-0.0014661358,-0.07785629,-0.03062276,-0.15195361,0.0,0.0026750108,0.0,0.0,-0.009978284,-0.01404916,0.36853468,0.047615204,0.0,0.0,0.015987318,-0.060555123,0.49653763,0.0,0.0,0.0,-0.017717665,0.016202005,0.008628188,-0.008811419,0.0,0.0,0.0,0.0,0.0,0.0,-0.03884663,0.013672151,-0.10262283,0.003398105,0.0,-0.011458471,0.0,0.0,0.0,-0.04939468,-0.057811707,0.04592073,-0.20364977,-0.059151337,0.0,-0.18865849,0.027919963,-0.20748866,-0.049307063,-0.53215575,0.008729893,-0.0010443471,-0.06708317,-0.007816375,-0.07024664,0.005632232,-0.034109555,-0.100631446,0.00092254893,0.02255408,-0.03383277,-0.10053265,-0.5969412,0.0039706323,0.0,0.09014861,0.0,-0.04130598,-0.032830574,-0.004769,0.04120282,0.7758215,0.021213014,0.26512966,0.03680567
W0000109,0.02549778,0.0,-0.031431608,0.00032329466,-0.13120548,0.03447859,0.009611131,0.008928178,0.07310761,0.38972643,2.0977209,-0.21840204,-0.1583996,-0.05275504,-0.006205773,0.0,0.018415427,0.010904469,0.0,0.0,-0.0149579,-0.01766783,0.007925373,0.012418345,0.025307622,-0.036323376,0.0,0.04910586,-0.021813259,-0.14907615,-0.010347059,0.0,-0.0014661358,-0.1114563,-0.049526356,-0.15090005,0.0,0.0026750108,0.0,0.0,-0.0023350688,-0.022805378,-0.5691089,-0.148514,0.0,0.0,0.0118509885,-0.051538028,0.42563683,0.0,0.0,0.0,-0.006042149,-0.03284574,0.019540971,0.0047894176,0.0,0.0,0.0,0.0,0.0,0.0,-0.03884663,-0.030760232,-0.11207137,0.003398105,0.0,-0.011458471,0.0,0.0,0.0,-0.04939468,-0.057811707,-0.0947748,-0.3345737,0.05677843,0.0,-0.17035641,-0.038311552,-0.19965363,-0.014214488,-0.84016633,-0.0014202297,-0.0010443471,-0.051089924,-0.008575409,-0.12811922,-0.04329759,-0.02144365,-0.11424015,0.00092254893,0.009448124,-0.033589892,-0.12790182,-0.52740425,-0.014466135,0.0,0.10375547,0.0,0.0075683277,0.01600558,0.006568113,-0.056563683,0.73166686,0.021213014,0.2677838,0.085998654
W0000110,0.02549778,0.0,-0.015156532,0.006947868,-0.079529494,0.029104164,0.012847334,-0.011010975,0.08220122,0.37959084,2.1252146,-0.14259928,-0.12348111,-0.315842,0.008102258,0.0,0.028676862,0.010904469,0.0,0.0,-0.055018507,0.004638335,-0.0055165086,-0.034050845,0.044758376,0.09390397,0.0,0.056593448,-0.021813259,0.033155337,-0.010347059,0.0,-0.0014661358,-0.10640674,-0.05799631,-0.14951387,0.0,0.0026750108,0.0,0.0,-0.0039439853,-0.022805378,0.36365873,0.087814026,0.0,0.0,-0.049222328,-0.013392119,-1.0927253,0.0,0.0,0.0,-0.017717665,-0.053843383,-0.0026828235,0.0033516905,0.0,0.0,0.0,0.0,0.0,0.0,-0.024531549,0.015456552,-0.12328794,0.009046913,0.0,-0.011458471,0.0,0.0,0.0,-0.029021151,-0.11610819,-0.048354834,0.13211548,0.04144036,0.0,0.1853746,-0.10684474,0.090982005,-0.014214488,0.35671598,-0.016174385,-0.00746914,0.010222011,-0.030323919,-0.022736808,-0.0052698026,0.013461599,-0.0034701983,0.0026562298,0.009448124,-0.05045349,0.12613744,-0.24483015,0.005427354,0.0,-0.08389161,0.0,-0.04130598,0.01600558,-0.04919335,-0.053388767,0.7368382,0.021213014,0.26511443,-0.4526167
W0000111,0.02549778,0.0,-0.031913172,-0.0069122133,-0.10915093,0.02568426,0.012847334,0.03587927,0.07013416,0.37994087,1.8895934,-0.21840204,-0.16517489,-0.26280886,-0.006205773,0.0,0.018415427,0.010904469,0.0,0.0,-0.01763082,0.004638335,-0.023844196,-0.023506533,-0.02035338,0.06525192,0.0,0.048960008,-0.021813259,-0.13218302,-0.010347059,0.0,-0.0014661358,-0.039304778,-0.07941709,-0.15090005,0.0,0.00074903487,0.0,0.0,0.0015274035,-0.01404916,-0.64059865,-0.18503341,0.0,0.0,0.0060061836,-0.060555123,0.46279103,0.0,0.0,0.0,0.0033027634,-0.048253976,-0.018059755,0.0047894176,0.0,0.0,0.0,0.0,0.0,0.0,0.06493072,0.0148438355,-0.013149708,0.003398105,0.0,-0.011458471,0.0,0.0,0.0,-0.04939468,-0.057811707,-0.008909777,-0.3419075,-0.059151337,0.0,0.17147397,-0.042064082,-0.1920332,-0.014214488,-1.0130603,-0.012771191,-0.0010443471,-0.051089924,-0.040847473,0.0004477054,-0.013538529,0.015344183,-0.099269934,0.00092254893,0.0014313441,-0.033589892,-0.13235927,-0.59686744,-0.01766944,0.0,-0.18177506,0.0,-0.071613535,0.01600558,0.006568113,-0.056563683,0.78019863,0.021213014,0.24443239,-0.37498868
W0000112,0.02549778,0.0,-0.0015871208,0.00078632357,-0.077033445,0.023582937,0.009527162,0.00907642,0.06663963,0.3228209,1.931606,-0.19371326,-0.16362903,-0.3170996,-0.0152558815,0.0,0.018415427,0.010904469,0.0,0.0,-0.055018507,-0.01766783,0.006348255,-0.005829362,0.0444966,-0.13306966,0.0,0.055197984,-0.021813259,-0.06356829,-0.010347059,0.0,-0.0014661358,0.066738866,-0.07941709,-0.13959803,0.0,0.0011384798,0.0,0.0,0.0065269433,-0.009182955,-0.53763705,-0.2067203,0.0,0.0,0.007251365,0.008252639,-0.98328125,0.0,0.0,0.0,-0.006042149,0.009320112,0.019540971,0.0015272992,0.0,0.0,0.0,0.0,0.0,0.0,-0.03884663,-0.032023963,-0.10262283,0.003398105,0.0,-0.011458471,0.0,0.0,0.0,0.050611366,0.110864684,-0.059499957,-0.26881245,0.068214044,0.0,-0.16159211,-0.10199371,-0.19965363,-0.04477249,0.31529528,-0.01883004,-0.00746914,0.034648128,-0.03722047,0.056940574,-0.017237872,-0.0428955,-0.14618096,0.00092254893,0.02255408,-0.028322471,-0.15327495,-0.6298173,-0.009067345,0.0,0.0857288,0.0,-0.028727045,0.01600558,-0.033068668,-0.08542141,0.86799526,0.021213014,0.24197616,-0.3269545
W0000113,0.02549778,0.0,-0.015156532,0.006947868,-0.08955072,0.029484255,0.012763365,-0.08981074,0.08265455,0.37233642,1.8603404,-0.18244107,-0.19664517,-0.322606,0.0146349445,0.0,0.018415427,0.010904469,0.0,0.0,-0.06713192,0.015108576,-0.033438824,0.012418345,-0.08784832,0.097893044,0.0,0.050431766,0.019999169,-0.111523725,0.01819984,0.0,-0.0014661358,0.066738866,0.013399999,-0.13959803,0.0,0.00074903487,0.0,0.0,0.0065269433,0.0075859358,-0.6108364,-0.31717548,0.0,0.0,0.011124361,0.008252639,-0.9619638,0.0,0.0,0.0,0.0033027634,-0.053211622,-0.018059755,0.0033516905,0.0,0.0,0.0,0.0,0.0,0.0,0.06493072,0.012246648,0.09791501,0.003398105,0.0,-0.011458471,0.0,0.0,0.0,-0.04790753,0.11518785,-0.059499957,-0.26683828,0.089363195,0.0,-0.17597933,0.010192405,-0.1920332,-0.009679914,0.35748768,0.00018322491,-0.00746914,-0.061869048,-0.040847473,0.008888729,-0.017237872,0.013461599,-0.11357942,0.00092254893,0.0014313441,-0.032162078,-0.15327495,-0.7386636,-0.009067345,0.0,0.081787586,0.0,0.051508956,0.01600558,-0.049533803,-0.056563683,0.7842856,0.021213014,0.2510054,0.053741623
W0000114,0.02549778,0.0,-0.015156532,0.0009387103,-0.08164142,0.027639817,0.012847334,-0.02094597,0.085174665,0.41194308,2.178467,-0.14259928,-0.17381121,-0.101434246,0.008102258,0.0,0.028676862,0.010904469,0.0,0.0,0.06658515,0.004638335,-0.0055165086,-0.023506533,0.043585274,-0.048943743,0.0,0.054282762,-0.014569342,0.05887783,-0.010347059,0.0,-0.0014661358,0.06998042,0.070394635,-0.14951387,0.0,0.0026750108,0.0,0.0,-0.0039439853,0.0075859358,0.43668348,0.10715444,0.0,0.0,0.008401561,-0.013392119,-0.84578735,0.0,0.0,0.0,0.00968484,0.015248539,-0.0026828235,0.0013514396,0.0,0.0,0.0,0.0,0.0,0.0,-0.035797942,-0.012362776,0.113478854,0.003398105,0.0,-0.011458471,0.0,0.0,0.0,-0.029021151,-0.1212614,-0.035896644,-0.052920803,-0.0625596,0.0,0.1937118,-0.1322938,-0.19965363,-0.014214488,0.30636635,-0.010554714,-0.0010443471,-0.018945321,-0.08099374,0.035920195,0.0023931272,-0.05809281,0.00097638275,0.00092254893,-0.019383883,-0.03577683,-0.12367999,-0.691697,-0.021478033,0.0,-0.088300794,0.0,-0.04130598,0.01600558,-0.029872162,-0.046240732,0.6302489,0.021213014,0.26651898,-0.41618207
W0000115,0.02549778,0.0,-0.021077534,0.00032329466,-0.118231416,0.026114289,0.009265303,0.008928178,0.07013416,0.37643984,1.995599,-0.21840204,-0.16272162,-0.2540623,-0.006205773,0.0,0.018415427,0.010904469,0.0,0.0,-0.016175982,-0.01766783,0.006348255,-0.023506533,0.049049623,-0.06205132,0.0,0.052457288,-0.014569342,-0.13296461,-0.010347059,0.0,-0.0014661358,-0.037815157,0.05149104,-0.15090005,0.0,0.0011384798,0.0,0.0,-0.0039416067,0.0075859358,-0.61671525,-0.17742565,0.0,0.0,-0.04926392,-0.043880153,0.46707463,0.0,0.0,0.0,-0.006042149,-0.03284574,0.019540971,-0.022468735,0.0,0.0,0.0,0.0,0.0,0.0,-0.039995633,-0.0327569,-0.105821274,0.003398105,0.0,-0.011458471,0.0,0.0,0.0,-0.04338522,-0.057811707,0.044456787,-0.23700744,-0.047221527,0.0,0.21096857,-0.012003706,0.10091244,-0.026309136,-0.9767785,-0.004495864,-0.0010443471,-0.03305132,0.005335622,-0.12418567,0.0041216887,-0.023153756,-0.0908747,0.00092254893,-0.019383883,0.00345858,-0.12243209,-0.5625986,-0.026775079,0.0,-0.10124411,0.0,-0.028727045,0.01600558,-0.0025984044,-0.063711725,0.8013642,0.021213014,0.267521,-0.32565498
W0000116,0.02549778,0.0,-0.015156532,0.00222449,-0.079529494,0.028095873,0.012847334,0.012155388,0.062322475,0.3541359,1.8918407,-0.19371326,-0.16223449,-0.3291522,-0.008198856,0.0,0.018415427,0.010904469,0.0,0.0,0.063871846,0.004638335,0.006348255,-0.023506533,-0.012097724,-0.09877828,0.0,0.050431766,-0.021813259,-0.12548353,-0.010347059,0.0,-0.0014661358,0.066738866,-0.07941709,-0.13959803,0.0,0.0011384798,0.0,0.0,-0.0039439853,-0.022805378,-0.56145185,-0.109438896,0.0,0.0,0.008401561,-0.013392119,-1.0119776,0.0,0.0,0.0,-0.006042149,-0.04920744,0.019540971,0.0033516905,0.0,0.0,0.0,0.0,0.0,0.0,-0.03884663,0.012246648,-0.105821274,0.003398105,0.0,-0.011458471,0.0,0.0,0.0,-0.057086006,-0.11199486,-0.048354834,-0.27429774,0.04144036,0.0,-0.16786313,-0.13982736,-0.19965363,-0.014214488,0.34030157,-0.010554714,-0.00746914,0.00397186,-0.040847473,0.01178648,-0.0052698026,0.016304074,-0.11836634,0.00092254893,0.023763161,0.0037014568,-0.16064811,-0.6713379,-0.03451601,0.0,0.081787586,0.0,-0.028727045,-0.007818974,0.006568113,-0.056563683,0.8460892,0.021213014,0.28248543,-0.47965956
W0000117,0.02549778,0.0,-0.0039618267,0.0012541581,-0.08164142,0.022472274,0.009611131,0.009051835,0.08265455,0.31348366,1.9164538,-0.19371326,-0.1470364,-0.3200055,0.0146349445,0.0,0.018415427,0.010904469,0.0,0.0,-0.057731807,0.004638335,0.0009106493,-0.023506533,-0.011819871,-0.11700892,0.0,0.06211274,-0.021813259,-0.050270848,-0.010347059,0.0,-0.0014661358,-0.10088264,-0.07941709,-0.13073574,0.0,0.0011384798,0.0,0.0,-0.0039439853,-0.006790048,-0.58595276,-0.14549842,0.0,0.0,-0.019193422,-0.013392119,-0.96126485,0.0,0.0,0.0,-0.006042149,-0.038182225,-0.018059755,-0.002890507,0.0,0.0,0.0,0.0,0.0,0.0,-0.039995633,0.011458233,-0.105821274,0.003398105,0.0,-0.011458471,0.0,0.0,0.0,-0.057086006,0.033457257,0.04605861,-0.26238793,-0.07260546,0.0,-0.16508035,-0.12990235,0.17012373,-0.014214488,0.34341535,0.018222716,-0.00746914,-0.06255622,0.015309991,-0.084088735,0.002127832,-0.05536009,-0.13262141,0.00092254893,-0.019383883,0.00715758,-0.1423412,-0.6468988,-0.03451601,0.0,-0.10938533,0.0,-0.082552224,-0.014220054,0.006568113,0.059018582,0.8317832,0.021213014,0.25191376,-0.3764706
W0000118,0.02549778,0.0,-0.015156532,0.00222449,-0.08164142,0.027255218,0.012847334,0.012155388,0.07833739,0.35596052,1.8965592,-0.19371326,-0.17456932,-0.3291522,-0.008198856,0.0,0.018415427,0.010904469,0.0,0.0,-0.057731807,0.004638335,0.002487767,-0.023506533,0.04323137,-0.11646072,0.0,0.050779052,-0.021813259,-0.12138429,-0.010347059,0.0,-0.0014661358,-0.037815157,-0.07941709,-0.13073574,0.0,0.0026750108,0.0,0.0,0.002579819,-0.01404916,-0.56741804,-0.14762996,0.0,0.0,-0.070896015,-0.013392119,-1.1641662,0.0,0.0,0.0,-0.006042149,-0.053843383,-0.018059755,0.0047894176,0.0,0.0,0.0,0.0,0.0,0.0,-0.030739248,0.012246648,-0.10262283,0.003398105,0.0,-0.011458471,0.0,0.0,0.0,-0.05573919,-0.11199486,0.03903102,-0.119226865,-0.07448941,0.0,-0.17597933,-0.13398188,0.10799977,-0.014214488,0.34846625,-0.010554714,-0.00746914,-0.02874299,-0.031279873,0.0037065255,0.001955443,0.016304074,-0.15500183,0.00092254893,-0.019383883,-0.033589892,-0.15072095,-0.68759626,-0.012270651,0.0,0.081787586,0.0,-0.082552224,-0.032830574,0.006568113,0.048977163,0.87949026,0.021213014,0.2733707,-0.42339468
W0000119,0.02549778,0.0,-0.015156532,0.00222449,-0.08164142,0.030167691,0.009527162,0.00907642,0.08131084,0.35448122,1.9354322,-0.19371326,-0.17456932,-0.049938817,-0.0152558815,0.0,0.018415427,0.010904469,0.0,0.0,-0.057731807,-0.01766783,0.002487767,-0.023506533,0.03356328,-0.11646072,0.0,0.054422192,-0.021813259,-0.12635712,-0.010347059,0.0,-0.0014661358,-0.1114563,-0.07941709,-0.13073574,0.0,0.0026750108,0.0,0.0,0.0065269433,0.0046732845,-0.6160998,-0.17245406,0.0,0.0,0.010521907,0.008252639,-0.9918978,0.0,0.0,0.0,-0.006042149,0.011244357,-0.018059755,0.0033516905,0.0,0.0,0.0,0.0,0.0,0.0,-0.033787936,0.015456552,-0.11526983,0.003398105,0.0,-0.011458471,0.0,0.0,0.0,-0.057086006,-0.0698145,-0.048778825,-0.25930315,-0.08177318,0.0,0.18072192,0.06341488,0.10799977,-0.009679914,0.3570903,-0.019193394,-0.00746914,-0.058628283,0.008017315,-0.03045719,0.001955443,-0.024286125,-0.12840742,0.00092254893,0.009448124,0.00715758,-0.12254318,-0.64837843,-0.009067345,0.0,-0.09139015,0.0,-0.082552224,-0.014220054,-0.0492929,0.048977163,0.7810972,0.021213014,0.27611983,-0.4124956
W0000120,0.02549778,0.0,-0.031913172,0.00032329466,-0.10915093,0.024158733,0.012847334,0.008928178,0.076971434,0.40391102,2.0631375,-0.21212207,-0.15284005,-0.047284745,0.006257262,0.0,0.018415427,0.010904469,0.0,0.0,-0.0010986412,-0.01766783,0.002487767,-0.023506533,0.008998223,-0.07866026,0.0,0.04910586,-0.014569342,-0.13715585,-0.010347059,0.0,-0.0014661358,-0.03606322,0.05149104,-0.15090005,0.0,0.0026750108,0.0,0.0,-0.0023350688,0.0046732845,-0.5191698,0.10325073,0.0,0.0,-0.0639805,-0.051538028,0.5070032,0.0,0.0,0.0,-0.006042149,-0.0351282,0.019540971,0.009763762,0.0,0.0,0.0,0.0,0.0,0.0,-0.045054324,0.0038219383,-0.12281089,0.003398105,0.0,-0.011458471,0.0,0.0,0.0,-0.01666718,-0.058893308,-0.03400255,-0.02101823,-0.066435106,0.0,0.21096857,-0.03675963,-0.19965363,-0.014214488,-0.9239347,-0.012771191,-0.0010443471,-0.051089924,-0.022529222,-0.011518355,-0.013100846,0.006380366,-0.09411277,0.00092254893,-0.019383883,-0.033589892,-0.12495146,-0.5590463,0.006179033,0.0,-0.17946328,0.0,-0.082552224,0.01600558,0.006568113,-0.056563683,0.7095258,0.021213014,0.2576958,-0.32977992
W0000121,0.02549778,0.0,-0.031431608,-0.008287778,-0.08444764,0.033157565,0.012847334,-0.018682182,0.07774907,0.38357753,2.1880636,-0.17356803,-0.17381121,-0.26943833,-0.007029475,0.0,0.028676862,0.010904469,0.0,0.0,-0.014917521,0.004638335,-0.0011883541,-0.034050845,0.025307622,0.048337627,0.0,0.04986321,-0.021813259,-0.15199934,-0.010347059,0.0,-0.0014661358,-0.10640674,-0.060513496,-0.14065158,0.0,0.0026750108,0.0,0.0,-0.009978284,0.0046732845,0.42564487,-0.18366048,0.0,0.0,0.010967823,-0.022794608,0.48269618,0.0,0.0,0.0,0.00968484,0.016202005,-0.0026828235,-0.029390752,0.0,0.0,0.0,0.0,0.0,0.0,-0.03884663,-0.003272228,-0.013149708,0.003398105,0.0,-0.011458471,0.0,0.0,0.0,-0.04939468,0.068501316,-0.03400255,-0.2562104,-0.066435106,0.0,-0.0648489,0.032354698,-0.20748866,-0.049307063,0.43147194,0.008729893,-0.0010443471,-0.02581709,0.01281647,-0.06756164,-0.013100846,0.007340258,-0.09186423,0.00092254893,0.008239041,-0.033589892,0.062193595,-0.5551625,0.0039706323,0.0,-0.0036751702,0.0,-0.04130598,0.01600558,0.006568113,0.04120282,0.7396681,0.021213014,0.27285305,-0.44123518
W0000122,0.02549778,0.0,-0.015156532,0.0014322493,-0.08941543,0.025896728,0.012847334,0.009743355,0.07115421,0.36367342,1.845495,-0.19371326,-0.16272162,-0.30567166,-0.0152558815,0.0,0.018415427,0.010904469,0.0,0.0,-0.04790207,0.004638335,-0.0070936265,-0.023506533,0.043509226,0.06525192,0.0,0.050779052,-0.021813259,-0.11024559,-0.010347059,0.0,-0.0014661358,0.0662514,-0.07941709,-0.15090005,0.0,0.0011384798,0.0,0.0,-0.0023350688,0.0046732845,-0.549657,-0.14254168,0.0,0.0,-0.0639805,-0.05115263,-0.78724486,0.0,0.0,0.0,-0.006042149,-0.053843383,-0.018059755,0.002789167,0.0,0.0,0.0,0.0,0.0,0.0,-0.03884663,0.008386425,-0.10262283,0.003398105,0.0,-0.011458471,0.0,0.0,0.0,-0.05573919,-0.06466129,-0.060162432,-0.13431495,-0.08177318,0.0,-0.19274634,-0.039701,-0.19965363,-0.014214488,-0.8623631,-0.019193394,-0.0010443471,0.0045785005,-0.0018346314,-0.049713086,-0.01795644,-0.048057016,-0.1324142,0.00092254893,0.009448124,-0.03383277,0.035962902,-0.66923755,-0.014466135,0.0,-0.13255976,0.0,-0.071613535,0.01600558,-0.004769,-0.035197556,0.8272247,0.021213014,0.24561514,-0.4102384
W0000123,0.02549778,0.0,-0.015156532,0.006947868,-0.08663154,0.031950712,0.012763365,-0.011010975,0.08220122,0.36771107,1.9865384,-0.14259928,-0.13320097,-0.30904353,-0.008198856,0.0,0.028676862,0.010904469,0.0,0.0,-0.057731807,0.004638335,-0.0055165086,-0.07797696,0.043585274,0.097353056,0.0,0.05098769,-0.014569342,-0.13084565,-0.010347059,0.0,-0.0014661358,-0.10088264,0.070394635,-0.1608159,0.0,0.0026750108,0.0,0.0,-0.009978284,-0.01404916,0.34409875,0.09378285,0.0,0.0,0.009072285,-0.047637805,-1.0229741,0.0,0.0,0.0,-0.017717665,-0.053211622,-0.0026828235,0.0047894176,0.0,0.0,0.0,0.0,0.0,0.0,-0.045054324,0.015456552,-0.11336235,0.003398105,0.0,-0.011458471,0.0,0.0,0.0,-0.030367967,-0.11199486,0.039455004,-0.14905828,-0.07448941,0.0,0.15933573,0.02656195,-0.19965363,-0.04477249,-0.37245685,-0.016174385,-0.00746914,-0.02214069,-0.08099374,-0.034891512,0.0023931272,0.016304074,-0.065418854,0.00092254893,-0.020592965,-0.028322471,-0.13401502,-0.6843212,0.0039706323,0.0,0.07801041,0.0,-0.04130598,-0.007818974,0.0063272105,-0.056563683,0.8161303,0.021213014,0.26395395,-0.45610762
W0000124,0.02549778,0.0,-0.031913172,-0.009751648,-0.10354935,0.023217801,0.009527162,0.03587927,0.061734155,0.37445062,2.0582159,-0.21840204,-0.21353842,-0.26202443,-0.007029475,0.0,0.018415427,0.010904469,0.0,0.0,-0.027030937,0.004638335,-0.0123601,0.012418345,-0.13030365,-0.06912905,0.0,0.05479355,0.019999169,-0.068567894,0.01819984,0.0,-0.0014661358,-0.037815157,0.013399999,-0.13959803,0.0,0.0011384798,0.0,0.0,0.0065269433,0.0046732845,-0.66214424,-0.35683334,0.0,0.0,0.011124361,0.011283759,0.521624,0.0,0.0,0.0,0.0033027634,-0.0456265,-0.018059755,-0.029390752,0.0,0.0,0.0,0.0,0.0,0.0,0.06493072,0.016874122,0.09791501,0.003398105,0.0,-0.011458471,0.0,0.0,0.0,-0.04939468,0.07796062,-0.08236109,-0.34452674,-0.066435106,0.0,-0.1966475,0.067183696,-0.1920332,-0.009679914,0.38805866,-0.0014202297,-0.0010443471,-0.048068285,-0.040847473,0.074938565,0.0040597003,-0.058178607,0.055356562,0.00092254893,0.015746381,-0.032162078,-0.14240348,-0.63119113,-0.009067345,0.0,-0.21015729,0.0,0.051508956,0.01600558,-0.049533803,-0.09085059,0.76017755,0.021213014,0.24275982,0.05605278
W0000125,0.02549778,0.0,-0.015156532,0.00222449,-0.08955072,0.027639817,0.012847334,-0.011010975,0.07833739,0.36745626,2.1730669,-0.14887923,-0.14985012,-0.3512639,-0.008198856,0.0,0.028676862,0.010904469,0.0,0.0,0.063871846,0.004638335,-0.0055165086,-0.056174483,0.016110165,-0.116317295,0.0,0.05183278,-0.021813259,0.039461542,-0.010347059,0.0,-0.0014661358,-0.037815157,-0.03062276,-0.14951387,0.0,0.0026750108,0.0,0.0,-0.0039439853,-0.022805378,0.3956942,0.035305787,0.0,0.0,0.011614978,-0.013392119,-1.1762652,0.0,0.0,0.0,-0.017717665,0.015248539,0.008628188,0.0033516905,0.0,0.0,0.0,0.0,0.0,0.0,-0.03884663,-0.012362776,-0.11604265,0.003398105,0.0,-0.011458471,0.0,0.0,0.0,-0.05573919,-0.11199486,-0.0468909,-0.09667829,0.04144036,0.0,0.17547332,-0.15157486,-0.19965363,-0.014214488,0.35647184,-0.016174385,-0.00746914,-0.02214069,-0.069135465,0.006386344,-0.0037592598,0.013461599,-0.0020246115,0.00092254893,0.009448124,-0.031937227,-0.12367999,-0.7269359,-0.021478033,0.0,-0.07698544,0.0,-0.04130598,0.01600558,-0.048126917,-0.046240732,0.8323298,0.021213014,0.27248406,0.005450353
W0000126,0.02549778,0.0,-0.031431608,-0.008781317,-0.10354935,0.03447859,0.009527162,0.022758918,0.07731735,0.3628184,2.042203,-0.21840204,-0.22341998,-0.24737132,0.006257262,0.0,0.018415427,0.010904469,0.0,0.0,0.01322807,0.004638335,-0.033438824,-0.056174483,0.00777846,-0.06912905,0.0,0.05878798,0.031219222,-0.15199934,0.01819984,0.0,-0.0014661358,-0.14696711,-0.04331842,-0.13073574,0.0,0.00074903487,0.0,0.0,0.0065269433,-0.01404916,-0.6869125,-0.41650632,0.0,0.0,0.013019897,0.011283759,0.4896785,0.0,0.0,0.0,-0.006042149,-0.044981405,-0.018059755,-0.029390752,0.0,0.0,0.0,0.0,0.0,0.0,-0.030739248,0.01767047,-0.10262283,0.003398105,0.0,-0.011458471,0.0,0.0,0.0,-0.04939468,-0.058893308,-0.009657426,-0.33354396,-0.059151337,0.0,0.17962216,0.06988819,0.17012373,-0.009679914,0.31091467,-0.008050583,-0.0010443471,-0.06550005,0.015309991,-0.15388481,0.0040597003,-0.02144365,-0.14993231,0.00092254893,-0.019383883,-0.033589892,-0.118216224,-0.5206059,-0.03451601,0.0,0.08457323,0.0,-0.03282059,0.01600558,0.006568113,0.048977163,0.7930658,0.021213014,0.24945842,0.060854238
W0000127,0.02549778,0.0,-0.015156532,0.003994643,-0.08164142,0.033157565,0.012847334,0.005972869,0.085174665,0.37953413,2.053096,-0.18743329,-0.12348111,-0.032605384,0.008102258,0.0,0.018415427,0.010904469,0.0,0.0,-0.044563368,-0.01766783,0.002487767,-0.023506533,0.01725388,-0.11700892,0.0,0.05883558,-0.021813259,-0.12383093,-0.010347059,0.0,-0.0014661358,-0.080138825,-0.07941709,-0.13959803,0.0,0.0026750108,0.0,0.0,-0.009978284,-0.022805378,-0.53720003,0.088525675,0.0,0.0,0.010967823,-0.011224009,-1.0805979,0.0,0.0,0.0,-0.006042149,-0.008661777,-0.018059755,0.009763762,0.0,0.0,0.0,0.0,0.0,0.0,-0.045054324,0.015456552,-0.13325465,0.009046913,0.0,-0.011458471,0.0,0.0,0.0,-0.029021151,-0.11610819,0.039455004,-0.11861531,-0.066944696,0.0,0.18166535,0.028190069,-0.1886869,-0.014214488,0.37294525,-0.016174385,-0.00746914,-0.027028939,-0.01984753,-0.07468174,0.0023931272,0.016304074,-0.09445734,0.0026562298,-0.019383883,0.006914703,0.1660512,-0.2063678,-0.022448882,0.0,-0.014644385,0.0,-0.082552224,0.01600558,-0.0025984044,-0.056563683,0.7359314,0.021213014,0.279658,-0.5411494
W0000128,0.02549778,0.0,-0.031431608,-0.0069122133,-0.096358046,0.030629693,0.005642888,0.018362394,0.0681397,0.42438427,2.2466893,-0.16728805,-0.10394032,0.032106042,0.006257262,0.0,0.028676862,0.010904469,0.0,0.0,-0.014917521,0.004638335,-0.04435558,-0.023506533,0.035329618,0.04152198,0.0,0.051429942,-0.014569342,0.071411975,-0.010347059,0.0,-0.0014661358,-0.16306484,0.070394635,-0.1608159,0.0,0.0011485481,0.0,0.0,-0.0039439853,-0.022805378,0.41186017,0.13048449,0.0,0.0,0.008401561,-0.060555123,0.48313576,0.0,0.0,0.0,-0.017717665,-0.048253976,-0.0026828235,0.0033516905,0.0,0.0,0.0,0.0,0.0,0.0,-0.024816874,0.01767047,-0.1327365,0.009046913,0.0,-0.011458471,0.0,0.0,0.0,-0.01666718,-0.0537401,0.044456787,0.006954871,0.05677843,0.0,0.2174926,-0.10890974,-0.1697573,-0.0007105535,-0.4457199,-0.004495864,-0.0010443471,-0.02581709,-0.08099374,-0.08587226,0.0041216887,0.019779263,-0.006652721,0.0026562298,0.023763161,-0.05045349,0.05996447,0.44205713,0.0039706323,0.0,-0.08769074,0.0,-0.009494465,0.01600558,0.006667665,-0.028757857,0.6636809,0.021213014,0.27966338,-0.48062482
W0000129,0.02549778,0.0,-0.0039618267,0.0077476893,-0.0609749,0.021799913,0.008187693,-0.011010975,0.08220122,0.35881054,2.2052927,-0.14259928,-0.082725056,-0.2830782,-0.0152558815,0.0,0.028676862,0.010904469,0.0,0.0,0.05600151,0.004638335,0.00097216654,-0.06009811,-0.04076256,0.087088324,0.0,0.06435883,-0.021813259,0.0004022848,-0.010347059,0.0,-0.0014661358,0.06774102,-0.03062276,-0.15195361,0.0,0.0026750108,0.0,0.0,-0.0039439853,-0.006790048,0.3875218,0.12580103,0.0,0.0,-0.04615987,-0.06816206,-0.821834,0.0,0.0,0.0,-0.017717665,-0.02698886,0.008628188,-0.002890507,0.0,0.0,0.0,0.0,0.0,0.0,-0.039995633,-0.032023963,-0.1264864,0.009046913,0.0,-0.011458471,0.0,0.0,0.0,-0.030367967,-0.0698145,-0.06062729,-0.13536882,-0.07260546,0.0,-0.18370174,-0.050111994,0.17012373,-0.03209897,-0.29206303,-0.011167738,-0.00746914,0.006381952,0.025964828,-0.022233674,-0.0037592598,-0.072906464,-0.1700518,-0.020784434,-0.041312475,0.0088102445,-0.0059312284,0.3232791,0.0039706323,0.0,-0.09427049,0.0,-0.024684861,0.01600558,-0.048126917,0.036759876,0.765395,0.021213014,0.25771138,-0.013703816
W0000130,0.02549778,0.0,-0.015638094,0.0009387103,-0.08164142,0.028212134,0.009527162,0.009743355,0.07833739,0.36097777,1.9207201,-0.19371326,-0.17381121,-0.3200055,0.008102258,0.0,0.018415427,0.010904469,0.0,0.0,-0.057731807,0.004638335,0.002487767,-0.023506533,-0.042011715,-0.06912905,0.0,0.050431766,-0.014569342,-0.1299968,-0.010347059,0.0,-0.0014661358,-0.10088264,0.05149104,-0.13959803,0.0,0.0026750108,0.0,0.0,-0.0039439853,0.0046732845,-0.54916054,-0.12666501,0.0,0.0,0.010297097,0.008252639,-0.8825482,0.0,0.0,0.0,-0.006042149,-0.053211622,0.019540971,0.0047894176,0.0,0.0,0.0,0.0,0.0,0.0,-0.03884663,0.015456552,-0.105821274,0.003398105,0.0,-0.011458471,0.0,0.0,0.0,-0.05573919,-0.1212614,0.04256269,-0.11365043,-0.08177318,0.0,0.19430773,-0.1300817,-0.19965363,-0.009679914,0.32962608,-0.010554714,-0.0010443471,-0.058628283,0.00829592,-0.026724909,0.0023931272,-0.025246017,-0.09726589,0.00092254893,0.009448124,0.00715758,-0.13067985,-0.6692251,-0.0015618987,0.0,-0.16707626,0.0,-0.082552224,-0.014220054,-0.0492929,-0.056563683,0.8319558,0.021213014,0.26981926,-0.41768098
W0000131,0.02549778,0.0,-0.031431608,-0.0005587307,-0.13120548,0.033157565,0.012847334,0.008928178,0.07013416,0.38999084,1.9984777,-0.21840204,-0.21233039,-0.2540623,-0.006205773,0.0,0.018415427,0.010904469,0.0,0.0,-0.016175982,-0.01766783,-0.016688254,0.012418345,0.025307622,0.055957828,0.0,0.060314722,-0.021813259,-0.13296461,-0.010347059,0.0,-0.0014661358,0.0662514,-0.049526356,-0.15090005,0.0,0.0011384798,0.0,0.0,0.0025782634,-0.01404916,-0.59610105,-0.2809031,0.0,0.0,0.009555554,-0.051538028,0.45497948,0.0,0.0,0.0,-0.006042149,-0.03284574,0.019540971,-0.029390752,0.0,0.0,0.0,0.0,0.0,0.0,-0.039995633,-0.0327569,-0.105821274,0.003398105,0.0,-0.011458471,0.0,0.0,0.0,-0.04338522,-0.0526585,0.04439674,-0.11263379,-0.059151337,0.0,0.1554212,-0.011233708,0.16303639,-0.014214488,-1.1681062,0.008729893,-0.0010443471,-0.03305132,0.008017315,-0.12811922,-0.013162834,0.007340258,-0.093553185,0.00092254893,-0.019383883,0.006914703,0.042721353,-0.54225546,-0.014466135,0.0,0.014382089,0.0,-0.03282059,-0.014220054,-0.0025984044,-0.063711725,0.77139264,0.021213014,0.26178697,0.013274416
W0000132,0.02549778,0.0,-0.031431608,0.00032329466,-0.10915093,0.031950712,0.012847334,0.012007143,0.07013416,0.37497798,1.9739172,-0.21840204,-0.17505646,-0.25042194,-0.006205773,0.0,0.018415427,0.010904469,0.0,0.0,-0.006346247,0.004638335,0.0009106493,-0.023506533,0.028935382,-0.06205132,0.0,0.060314722,-0.021813259,-0.14410332,-0.010347059,0.0,-0.0014661358,-0.10088264,-0.07941709,-0.15090005,0.0,0.0011384798,0.0,0.0,0.0025782634,-0.022805378,-0.65379465,-0.27154016,0.0,0.0,0.008626372,-0.051538028,0.45885575,0.0,0.0,0.0,0.0033027634,-0.03284574,-0.018059755,0.009763762,0.0,0.0,0.0,0.0,0.0,0.0,-0.039995633,-0.0327569,-0.016348168,0.003398105,0.0,-0.011458471,0.0,0.0,0.0,-0.04338522,-0.057811707,-0.059572622,-0.214291,-0.051606625,0.0,0.1554212,0.024465311,0.16303639,-0.014214488,-0.83613956,-0.004495864,-0.0010443471,-0.051089924,-0.03722047,-0.10007343,-0.020713879,0.016304074,-0.11253261,0.00092254893,-0.019383883,0.0037014568,-0.11797464,-0.5636982,-0.014466135,0.0,0.09628883,0.0,-0.082552224,-0.032830574,0.006568113,-0.063711725,0.7769062,0.021213014,0.27673963,-0.35440564
W0000133,0.02549778,0.0,-0.031431608,-0.008376084,-0.06998341,0.033157565,0.002322716,0.025862467,0.07774907,0.3783879,2.2491071,-0.21840204,-0.16463868,-0.21731937,-0.007029475,0.0,0.018415427,0.010904469,0.0,0.0,-0.016412739,0.004638335,-0.0006049512,-0.04972528,-0.13002579,-0.043401107,0.0,0.054303706,0.031219222,-0.107267916,0.01819984,0.0,-0.0014661358,0.06774102,-0.04331842,-0.13073574,0.0,0.0011384798,0.0,0.0,0.0065269433,0.0046732845,-0.5954684,-0.41479173,0.0,0.0,0.013019897,0.011283759,0.4990402,0.0,0.0,0.0,0.0033027634,0.01882948,-0.018059755,0.0047894176,0.0,0.0,0.0,0.0,0.0,0.0,0.07056649,0.01767047,0.10701278,0.009046913,0.0,-0.011458471,0.0,0.0,0.0,-0.04338522,0.068501316,-0.08236109,-0.016200487,-0.066435106,0.0,0.19430773,0.06934598,0.13726781,0.0038240198,0.43750918,-0.008050583,-0.0010443471,-0.02037437,0.00829592,-0.08877391,0.0040597003,-0.07192263,0.06849028,0.0026562298,-0.009880809,0.009322835,0.1417439,0.4607632,0.0029997826,0.0,-0.111763835,0.0,-0.054992415,0.01600558,-0.0492929,0.04847434,0.68660355,0.021213014,0.26176634,0.071123786
W0000134,0.02549778,0.0,-0.012781825,0.0022320705,-0.08955072,0.031950712,0.009611131,-0.024024935,0.06663963,0.37355763,2.1928725,-0.14887923,-0.17937075,-0.34571287,-0.0152558815,0.0,0.028676862,0.010904469,0.0,0.0,-0.04727667,-0.01766783,-0.0055165086,0.012418345,0.0444966,0.048337627,0.0,0.05955814,-0.021813259,-0.0603159,-0.010347059,0.0,-0.0014661358,0.06774102,-0.019581947,-0.14951387,0.0,0.0026750108,0.0,0.0,-0.0039439853,-0.01404916,0.24329059,-0.089289896,0.0,0.0,0.011614978,-0.011224009,-0.75034755,0.0,0.0,0.0,-0.017717665,-0.008661777,0.008628188,0.0033516905,0.0,0.0,0.0,0.0,0.0,0.0,-0.033787936,-0.03968901,-0.10262283,0.003398105,0.0,-0.011458471,0.0,0.0,0.0,-0.057086006,0.10140538,-0.059756212,-0.20384538,-0.07448941,0.0,0.17437355,-0.14105278,0.16303639,-0.049307063,0.32941774,-0.010554714,-0.0010443471,-0.018945321,-0.046191446,0.058476042,-0.035466544,-0.05437624,0.051293973,0.00092254893,0.02255408,-0.025070082,0.013714131,-0.66983896,0.0039706323,0.0,0.08335568,0.0,-0.04130598,-0.032830574,0.00065595936,-0.09799863,0.83185047,0.021213014,0.27358413,0.015955422
W0000135,0.02549778,0.0,-0.015638094,0.006947868,-0.057656124,0.023217801,0.0042194496,0.012155388,0.06529592,0.37160403,2.0072026,-0.19371326,-0.08550927,-0.019861776,-0.0152558815,0.0,0.018415427,0.010904469,0.0,0.0,-0.055018507,0.004638335,0.00097216654,-0.034050845,0.015756262,0.097893044,0.0,0.05142688,-0.021813259,-0.17334692,-0.010347059,0.0,-0.0014661358,0.06998042,-0.07941709,-0.13959803,0.0,0.0026750108,0.0,0.0,-0.0039439853,0.0075859358,-0.5793753,-0.121292114,0.0,0.0,0.008401561,-0.007305873,-0.937668,0.0,0.0,0.0,0.0033027634,0.011244357,-0.018059755,0.0013514396,0.0,0.0,0.0,0.0,0.0,0.0,-0.024816874,0.012246648,0.08183479,0.009046913,0.0,-0.011458471,0.0,0.0,0.0,-0.04790753,-0.0698145,-0.062481374,-0.21469723,0.089363195,0.0,-0.18041202,-0.13369007,-0.1697573,-0.03148701,0.33713362,-0.016174385,-0.00746914,-0.029506346,-0.040847473,0.01178648,-0.01795644,-0.03960371,-0.09575434,0.0026562298,0.023763161,-0.033589892,-0.15129074,0.47794786,-0.009067345,0.0,-0.16633937,0.0,-0.054992415,0.01600558,-0.031038143,-0.041693322,0.7248536,0.021213014,0.27015102,-0.47175318
W0000136,0.02549778,0.0,-0.031431608,-0.0069122133,-0.096358046,0.026312849,0.005642888,0.012007143,0.054119244,0.38326737,2.0352037,-0.21840204,-0.10394032,-0.20895705,-0.006205773,0.0,0.018415427,0.010904469,0.0,0.0,0.014723286,0.004638335,0.0064455434,-0.023506533,0.00777846,0.055957828,0.0,0.0478386,-0.021813259,-0.16017295,-0.010347059,0.0,-0.0014661358,-0.10088264,-0.07941709,-0.14203776,0.0,0.0011384798,0.0,0.0,-0.0023350688,-0.022805378,-0.554284,-0.19646257,0.0,0.0,0.009727093,-0.060555123,0.37906158,0.0,0.0,0.0,0.0033027634,-0.047608882,-0.018059755,0.0033516905,0.0,0.0,0.0,0.0,0.0,0.0,-0.024816874,0.010600343,0.07621016,0.009046913,0.0,-0.011458471,0.0,0.0,0.0,-0.04939468,-0.057811707,0.044456787,-0.29744282,0.05677843,0.0,-0.19990568,-0.034159124,-0.17759234,-0.0007105535,-0.82529986,-0.004495864,-0.0010443471,0.011510219,0.015309991,-0.13561642,0.0041216887,0.019779263,-0.13256109,0.0026562298,0.023763161,-0.033589892,-0.12592912,0.46724808,0.006179033,0.0,-0.1219632,0.0,-0.03980202,-0.007818974,0.006568113,0.03065858,0.7385566,0.021213014,0.2658215,-0.5187656
W0000137,0.02549778,0.0,-0.031431608,-0.0074057523,-0.10915093,0.03447859,0.012763365,0.008928178,0.07013416,0.37926453,1.9819505,-0.21840204,-0.17505646,-0.2540623,-0.006205773,0.0,0.018415427,0.010904469,0.0,0.0,-0.01763082,-0.01766783,0.0009106493,-0.023506533,-0.05026737,-0.06205132,0.0,0.060314722,-0.014569342,-0.14410332,-0.010347059,0.0,-0.0014661358,0.06774102,0.05149104,-0.15090005,0.0,0.0011384798,0.0,0.0,0.0025782634,-0.01404916,-0.6062241,-0.28442356,0.0,0.0,0.009578323,0.047252677,0.49340504,0.0,0.0,0.0,-0.006042149,-0.0456265,-0.018059755,0.0047894176,0.0,0.0,0.0,0.0,0.0,0.0,-0.039995633,0.011641865,-0.105821274,0.003398105,0.0,-0.011458471,0.0,0.0,0.0,-0.04338522,-0.057811707,-0.010021362,-0.06700205,-0.059151337,0.0,0.15678842,-0.013152671,0.16303639,-0.009679914,-0.8547944,-0.004495864,-0.0010443471,-0.051089924,-0.008296803,-0.13561642,-0.013538529,0.016304074,-0.11631099,0.00092254893,-0.019383883,0.0037014568,-0.024290653,-0.54439235,-0.026775079,0.0,0.09628883,0.0,-0.082552224,-0.007818974,0.006568113,-0.063711725,0.79091793,0.021213014,0.2715048,-0.33404523
W0000138,0.02549778,0.0,-0.012781825,0.0026190788,-0.079529494,0.030167691,0.012763365,0.00907642,0.08131084,0.3659382,1.9740005,-0.19371326,-0.15235291,-0.074133635,-0.008198856,0.0,0.018415427,0.010904469,0.0,0.0,-0.044563368,-0.01766783,0.002487767,-0.07797696,0.040868837,-0.13306966,0.0,0.048703596,-0.021813259,-0.15147817,-0.010347059,0.0,-0.0014661358,0.06998042,-0.061615728,-0.14951387,0.0,0.0026750108,0.0,0.0,-0.0039439853,-0.022805378,-0.5402631,-0.082348034,0.0,0.0,0.010297097,0.0075536957,-1.0673598,0.0,0.0,0.0,-0.006042149,-0.010897068,0.019540971,-0.029390752,0.0,0.0,0.0,0.0,0.0,0.0,-0.03884663,-0.029465903,-0.11207137,0.003398105,0.0,-0.011458471,0.0,0.0,0.0,-0.05573919,-0.11199486,-0.062481374,0.21069854,0.04144036,0.0,-0.15111983,-0.11801964,-0.19965363,-0.009679914,0.32035452,-0.01883004,-0.00746914,-0.058628283,0.008017315,-0.03254472,-0.01795644,0.013461599,-0.09445734,0.00092254893,0.009448124,-0.033589892,-0.1268099,-0.62866104,-0.009067345,0.0,-0.014496268,0.0,-0.082552224,0.01600558,-0.0492929,-0.051134504,0.78087145,0.021213014,0.28095666,-0.45417345
W0000139,0.02549778,0.0,-0.021077534,-0.0074057523,-0.10915093,0.030425185,0.012763365,0.008928178,0.07056589,0.3631251,2.0213366,-0.21840204,-0.17505646,-0.24049181,0.0070197624,0.0,0.018415427,0.010904469,0.0,0.0,-0.01763082,-0.01766783,0.0009106493,-0.023506533,0.049049623,-0.06205132,0.0,0.048960008,-0.021813259,-0.14410332,-0.010347059,0.0,-0.0014661358,0.066738866,-0.07941709,-0.15090005,0.0,0.0011384798,0.0,0.0,-0.0023350688,-0.01404916,-0.59468555,-0.21175921,0.0,0.0,-0.081249766,0.047252677,0.47385967,0.0,0.0,0.0,-0.006042149,0.01882948,-0.018059755,0.0033516905,0.0,0.0,0.0,0.0,0.0,0.0,-0.03884663,0.011641865,-0.10262283,0.003398105,0.0,-0.011458471,0.0,0.0,0.0,-0.04338522,0.07846522,-0.05830217,-0.09052471,-0.059151337,0.0,0.15678842,-0.0346735,-0.19965363,-0.009679914,-0.66623867,-0.02929924,-0.0010443471,-0.03305132,0.012349693,-0.10757063,-0.013538529,0.016304074,-0.11315786,0.00092254893,0.009448124,-0.033589892,-0.14707807,-0.5530097,-0.026775079,0.0,0.08104693,0.0,-0.082552224,-0.032830574,0.006568113,-0.056563683,0.80542547,0.021213014,0.2759168,-0.3595398
W0000140,0.02549778,0.0,-0.031431608,-0.0074057523,-0.09446886,0.03247413,0.012763365,-0.15138027,0.07774907,0.37915835,1.980391,-0.20712985,-0.21353842,-0.2717694,0.0070197624,0.0,0.018415427,0.010904469,0.0,0.0,-0.027030937,0.015108576,-0.023844196,-0.04972528,-0.13030365,-0.05144661,0.0,0.047433265,0.031219222,-0.15199934,0.01819984,0.0,-0.0014661358,0.06774102,-0.04331842,-0.13073574,0.0,0.00074903487,0.0,0.0,0.002579819,0.0046732845,-0.6313438,-0.3742713,0.0,0.0,0.008647557,-0.0068461676,0.5178305,0.0,0.0,0.0,0.0033027634,-0.0456265,-0.018059755,0.002789167,0.0,0.0,0.0,0.0,0.0,0.0,0.07624288,0.013672151,0.09791501,0.003398105,0.0,-0.007108107,0.0,0.0,0.0,-0.04338522,0.06900592,-0.082718484,-0.027277693,-0.066435106,0.0,-0.17909776,-0.1534462,-0.18890154,-0.009679914,0.40703806,-0.0014202297,-0.0010443471,-0.022851778,-0.040847473,-0.12599191,-0.025068913,-0.030474145,-0.15146838,-0.0072187497,-0.009880809,-0.037429497,0.16020952,-0.6202612,0.0029997826,0.0,0.09203987,0.0,-0.071613535,0.01600558,-0.031038143,0.04120282,0.6980891,0.021213014,0.2446081,0.042650923
W0000141,0.02549778,0.0,-0.015156532,0.008718021,-0.08001599,0.030167691,0.005558919,-0.012086848,0.07799148,0.41611737,2.2437267,-0.14259928,-0.082725056,0.102551594,0.008102258,0.0,0.028676862,0.010904469,0.0,0.0,-0.04605858,-0.01766783,0.00097216654,0.012418345,-0.01057072,0.087088324,0.0,0.056913994,-0.021813259,0.027867047,-0.010347059,0.0,-0.0014661358,-0.0345736,-0.03062276,-0.15195361,0.0,0.0026750108,0.0,0.0,-0.0023350688,-0.022805378,0.39461792,0.1212639,0.0,0.0,0.01047153,-0.012403037,-0.9405689,0.0,0.0,0.0,-0.017717665,-0.010897068,0.008628188,0.0033516905,0.0,0.0,0.0,0.0,0.0,0.0,-0.058380388,-0.028131768,-0.1327365,0.009046913,0.0,-0.011458471,0.0,0.0,0.0,-0.029021151,-0.1212614,-0.03754039,-0.06324817,0.04144036,0.0,0.1936735,-0.03806995,-0.17759234,0.003212058,-0.80816364,0.00018322491,-0.00746914,-0.012726036,-0.027642228,0.083690934,0.0039036702,-0.010206124,0.024535177,0.0026562298,-0.041312475,-0.031937227,-0.10626258,0.49298826,-0.0046314634,0.0,-0.014938475,0.0,-0.024684861,0.01600558,-0.048126917,0.028985536,0.6994264,0.021213014,0.24810454,0.0921925
W0000142,0.02549778,0.0,-0.0039618267,0.00222449,-0.08941543,0.029100686,0.009611131,0.012155388,0.075471364,0.3437426,1.880573,-0.19371326,-0.1455358,-0.3024315,-0.0152558815,0.0,0.018415427,0.010904469,0.0,0.0,0.063871846,0.004638335,-0.016688254,-0.023506533,-0.042011715,-0.12654012,0.0,0.06062547,-0.021813259,-0.08092784,-0.010347059,0.0,-0.0014661358,-0.08487,-0.07941709,-0.15090005,0.0,0.0011384798,0.0,0.0,-0.0039416067,-0.006790048,-0.5033756,-0.13947074,0.0,0.0,0.008198865,-0.05115263,-0.84191203,0.0,0.0,0.0,-0.006042149,-0.033546284,-0.018059755,0.0035215649,0.0,0.0,0.0,0.0,0.0,0.0,-0.030739248,0.00917484,-0.10262283,0.003398105,0.0,-0.011458471,0.0,0.0,0.0,0.00091434084,0.10140538,-0.06267408,-0.2543686,-0.07260546,0.0,-0.17938124,-0.036713388,0.15310597,-0.014214488,-0.9644885,-0.016174385,-0.00746914,-0.039263293,-0.008296803,-0.018233044,-0.012882836,-0.0224275,-0.12764823,0.00092254893,-0.019383883,-0.033589892,0.15099922,-0.64627475,-0.0023990069,0.0,0.1009707,0.0,-0.03282059,0.01600558,0.006568113,-0.09799863,0.8166134,0.021213014,0.24192043,-0.30916703
W0000143,0.02549778,0.0,-0.021559099,-0.0069122133,-0.09352812,0.023217801,0.011423896,0.012007143,0.06130243,0.36189958,2.0697408,-0.21840204,-0.17381121,-0.26202443,-0.007029475,0.0,0.018415427,0.010904469,0.0,0.0,-0.007801085,0.004638335,-0.054839935,-0.034050845,0.05267738,0.06277348,0.0,0.050930545,-0.021813259,-0.12271948,-0.010347059,0.0,-0.0014661358,0.066738866,-0.07941709,-0.13073574,0.0,0.0011485481,0.0,0.0,-0.009978284,0.0046732845,-0.5620382,-0.1366716,0.0,0.0,0.009072285,-0.0042747525,0.5177182,0.0,0.0,0.0,0.0033027634,0.01882948,-0.018059755,0.0033516905,0.0,0.0,0.0,0.0,0.0,0.0,-0.0025490578,0.016874122,0.09791501,0.003398105,0.0,-0.011458471,0.0,0.0,0.0,-0.04939468,-0.048538804,-0.094790876,-0.3203117,-0.066435106,0.0,-0.1966475,0.030434016,-0.20748866,-0.044990946,0.38758564,-0.02929924,-0.0010443471,-0.022851778,-0.03722047,0.074938565,0.0041216887,0.012501708,-0.13127421,0.00092254893,0.023763161,-0.032162078,-0.14977667,-0.5865998,-0.03451601,0.0,-0.19184493,0.0,0.051508956,0.01600558,-0.049533803,0.04120282,0.74067605,0.021213014,0.27904552,-0.40615827
W0000144,0.02549778,0.0,-0.031431608,-0.0005587307,-0.09446886,0.031950712,0.012763365,0.008928178,0.064275876,0.40228817,2.2012775,-0.21840204,-0.17937075,-0.01332525,0.006257262,0.0,0.018415427,0.010904469,0.0,0.0,0.0036403406,-0.01766783,0.007925373,0.012418345,0.034975715,0.06277348,0.0,0.052603148,-0.021813259,-0.13171658,-0.010347059,0.0,-0.0014661358,-0.0345736,-0.049526356,-0.13959803,0.0,0.0026750108,0.0,0.0,-0.009978284,-0.022805378,-0.5690788,-0.09615129,0.0,0.0,0.014091782,0.00837688,0.49154884,0.0,0.0,0.0,-0.006042149,-0.04214224,0.019540971,-0.029390752,0.0,0.0,0.0,0.0,0.0,0.0,-0.03884663,-0.04431414,-0.11207137,0.003398105,0.0,-0.011458471,0.0,0.0,0.0,-0.047941007,-0.058893308,-0.056414247,-0.32826322,0.067510664,0.0,0.17902623,0.06966454,-0.19965363,-0.009679914,0.41157916,-0.004495864,-0.0010443471,-0.06550005,-0.040847473,-0.06006444,-0.011590302,0.016304074,-0.11253261,0.00092254893,0.023763161,-0.028322471,-0.15913406,-0.59689695,-0.03451601,0.0,0.08104693,0.0,-0.028727045,-0.007818974,0.0063272105,-0.051134504,0.7433738,0.021213014,0.27041286,0.04146713
W0000145,0.02549778,0.0,-0.031431608,0.00032329466,-0.08444764,0.026312849,0.012763365,0.008928178,0.06130243,0.3819789,2.0813513,-0.21840204,-0.16392964,-0.27051908,-0.006205773,0.0,0.018415427,0.010904469,0.0,0.0,-0.016175982,-0.01766783,0.0009106493,-0.023506533,0.03650272,-0.06912905,0.0,0.048960008,-0.021813259,-0.14240344,-0.010347059,0.0,-0.0014661358,-0.037815157,-0.07941709,-0.13959803,0.0,0.0011384798,0.0,0.0,-0.0039439853,0.0075859358,-0.59543914,0.029432053,0.0,0.0,0.010297097,-0.009753048,0.54460424,0.0,0.0,0.0,0.0033027634,-0.04214224,-0.018059755,0.0047894176,0.0,0.0,0.0,0.0,0.0,0.0,-0.03884663,-0.04703808,0.087975174,0.003398105,0.0,-0.011458471,0.0,0.0,0.0,-0.04338522,-0.057811707,-0.09518102,-0.18733793,0.06116353,0.0,-0.16456681,-0.1300817,-0.19965363,-0.009679914,0.264128,-0.012771191,-0.0010443471,-0.0028999094,0.009779746,-0.01205178,-0.025787484,0.013461599,-0.09373343,0.00092254893,0.023763161,0.0037014568,-0.14509386,-0.60072714,-0.009067345,0.0,0.0066746846,0.0,-0.082552224,-0.032830574,-0.0492929,-0.056563683,0.7580972,0.021213014,0.29157516,-0.39632714
W0000146,-0.001596706,0.0,-0.012781825,0.008718021,-0.08955072,0.032012127,0.012847334,0.00907642,0.085174665,0.38569432,2.1381054,-0.18743329,-0.15791245,-0.119134456,-0.0152558815,0.0,0.018415427,0.010904469,0.0,0.0,-0.056676783,-0.01766783,0.002487767,0.012418345,0.024559435,0.0947312,0.0,0.05291389,-0.014569342,-0.08590067,-0.010347059,0.0,-0.0014661358,0.06998042,0.025656031,-0.13959803,0.0,0.0026750108,0.0,0.0,-0.0039439853,-0.01404916,-0.5826038,0.10566249,0.0,0.0,-0.04615987,-0.011224009,-0.9916336,0.0,0.0,0.0,-0.006042149,-0.008661777,0.019540971,0.0033516905,0.0,0.0,0.0,0.0,0.0,0.0,-0.045054324,-0.032023963,-0.12600936,0.003398105,0.0,-0.011458471,0.0,0.0,0.0,-0.030367967,-0.0698145,-0.06062729,-0.16193387,-0.07448941,0.0,-0.16956459,-0.12975714,-0.19965363,-0.014214488,0.34528106,-0.00747908,-0.00746914,-0.06110569,0.01998939,0.007270144,-0.0037592598,0.013461599,-0.01942622,0.00092254893,-0.019383883,0.0037014568,-0.1559653,-0.7328882,-0.012270651,0.0,0.081787586,0.0,-0.082552224,-0.007818974,-0.0492929,-0.09085059,0.76768094,0.021213014,0.26962778,0.060842134
W0000147,0.02549778,0.0,-0.012781825,0.00222449,-0.113581926,0.026312849,0.012763365,0.023186482,0.05513929,0.35386086,1.9320669,-0.19371326,-0.18555558,-0.3024315,-0.008198856,0.0,0.018415427,0.010904469,0.0,0.0,-0.057731807,0.004638335,-0.016688254,-0.06009811,0.040868837,-0.109931186,0.0,0.05240231,-0.021813259,-0.13619295,-0.010347059,0.0,-0.0014661358,0.066738866,0.004260081,-0.14203776,0.0,0.0011384798,0.0,0.0,0.0025782634,-0.022805378,-0.49833694,-0.28797254,0.0,0.0,0.010935013,0.044221558,-0.9317744,0.0,0.0,0.0,-0.006042149,-0.053211622,-0.018059755,0.0033516905,0.0,0.0,0.0,0.0,0.0,0.0,0.054480962,0.008386425,-0.10262283,0.003398105,0.0,-0.011458471,0.0,0.0,0.0,-0.057086006,-0.11199486,-0.05914256,-0.27008083,0.04144036,0.0,-0.17923751,0.024818733,0.10011174,-0.009679914,-0.7700652,-0.019806419,-0.00746914,0.019146176,-0.008575409,-0.06441027,0.0023311386,0.016304074,-0.13409051,0.00092254893,0.015746381,-0.033589892,-0.11640603,-0.68387437,0.006179033,0.0,-0.020551093,0.0,0.051508956,0.01600558,0.006568113,0.048977163,0.87036943,0.021213014,0.2727164,-0.00829849
W0000148,0.02549778,0.0,-0.031431608,-0.0074057523,-0.08177294,0.032012127,0.012763365,0.009743355,0.061734155,0.3625106,2.08998,-0.21840204,-0.18614605,-0.29379407,-0.007029475,0.0,0.018415427,0.010904469,0.0,0.0,-0.014917521,0.004638335,-0.0011883541,-0.034050845,0.03525357,-0.043401107,0.0,0.058766946,-0.021813259,-0.068047315,-0.010347059,0.0,-0.0014661358,0.066738866,-0.025630655,-0.13073574,0.0,0.0026750108,0.0,0.0,-0.0039439853,-0.01404916,-0.48358464,-0.22031397,0.0,0.0,0.009851182,0.0011656885,0.23434502,0.0,0.0,0.0,-0.006042149,-0.0456265,-0.018059755,-0.022468735,0.0,0.0,0.0,0.0,0.0,0.0,-0.024531549,0.013672151,-0.105821274,0.003398105,0.0,-0.011458471,0.0,0.0,0.0,-0.057086006,0.07796062,-0.034426533,-0.25933728,-0.07448941,0.0,-0.17909776,-0.13155702,0.17012373,-0.009679914,0.29919475,0.018835738,-0.0010443471,0.029139007,0.015309991,-0.079041004,-0.0057074865,0.014593969,0.06792771,0.00092254893,0.023763161,0.006914703,-0.116062276,-0.566002,-0.009067345,0.0,0.09805183,0.0,-0.071613535,-0.032830574,-0.0025984044,0.059018582,0.82556725,0.021213014,0.27812704,-0.41762027
W0000149,0.02549778,0.0,-0.015156532,0.0009387103,-0.079529494,0.030167691,0.012847334,0.02698316,0.06529592,0.3831849,1.9788976,-0.16210803,-0.17381121,-0.078802094,0.008102258,0.0,0.018415427,0.010904469,0.0,0.0,-0.057731807,0.004638335,-0.0055165086,0.009155081,0.03356328,-0.06662619,0.0,0.048703596,-0.014569342,-0.14977829,-0.010347059,0.0,-0.0014661358,-0.1114563,0.070394635,-0.14951387,0.0,0.0026750108,0.0,0.0,-0.0039439853,-0.022805378,-0.3275602,-0.103968635,0.0,0.0,0.010297097,-0.013392119,-0.7505028,0.0,0.0,0.0,-0.006042149,-0.053843383,-0.016077608,0.0047894176,0.0,0.0,0.0,0.0,0.0,0.0,-0.029590242,0.015456552,-0.11526983,0.003398105,0.0,-0.011458471,0.0,0.0,0.0,-0.057086006,-0.1212614,-0.07350867,-0.1885134,0.04144036,0.0,0.19430773,-0.13191885,-0.19965363,-0.014214488,0.25768316,-0.019193394,-0.0010443471,-0.056498192,-0.017546387,-0.047918174,-0.0052698026,0.013461599,-0.096081056,0.00092254893,0.023763161,0.00715758,-0.118499294,-0.7030039,-0.015704397,0.0,-0.08654532,0.0,-0.05442427,-0.032830574,-0.0492929,-0.056563683,0.7583649,0.021213014,0.26837867,-0.39522552
W0000150,0.02549778,0.0,-0.031431608,-0.0074057523,-0.10354935,0.03447859,0.011423896,-0.018682182,0.0537998,0.40357658,2.4379563,-0.16728805,-0.17937075,-0.12691268,0.0070197624,0.0,0.028676862,0.010904469,0.0,0.0,0.012009987,0.004638335,0.0025929473,0.0065593505,0.03650272,-0.06662619,0.0,0.060308814,-0.021813259,0.078874096,-0.010347059,0.0,-0.0014661358,0.06998042,-0.028105574,-0.14951387,0.0,0.0027774472,0.0,0.0,-0.0039439853,-0.01404916,0.35429102,0.10510251,0.0,0.0,0.013510514,-0.0042747525,0.5360739,0.0,0.0,0.0,-0.017717665,0.019474573,0.008628188,0.0033516905,0.0,0.0,0.0,0.0,0.0,0.0,-0.033787936,-0.0077353027,-0.12549122,0.003398105,0.0,-0.011458471,0.0,0.0,0.0,0.023518072,0.07846522,-0.056414247,0.19767931,-0.05697768,0.0,0.17902623,-0.12785025,0.16303639,-0.044990946,0.3459864,-0.004495864,-0.0010443471,0.0009621568,0.025964828,0.052870493,0.005632232,0.007340258,-0.008029286,0.00092254893,0.02028278,-0.013692161,-0.086937435,-0.5549042,-0.021478033,0.0,0.082681976,0.0,-0.05224467,-0.032830574,0.007734094,-0.045347083,0.7025099,0.021213014,0.28814927,0.018472653
W0000151,0.02549778,0.0,-0.012781825,0.0016487469,-0.08955072,0.024432382,0.009527162,0.00907642,0.06529592,0.35400075,2.0602934,-0.19371326,-0.14985012,-0.06208102,0.008102258,0.0,0.018415427,0.010904469,0.0,0.0,-0.04605858,-0.01766783,0.006348255,0.012418345,0.0444966,-0.11700892,0.0,0.054074913,-0.021813259,-0.11479667,-0.010347059,0.0,-0.0014661358,-0.0345736,-0.049526356,-0.13959803,0.0,0.0011384798,0.0,0.0,-0.009978284,-0.022805378,-0.5422582,-0.056603495,0.0,0.0,0.014091782,-0.0025643758,-1.0946878,0.0,0.0,0.0,-0.006042149,-0.010897068,0.019540971,-0.029390752,0.0,0.0,0.0,0.0,0.0,0.0,-0.03884663,-0.03968901,-0.11207137,0.003398105,0.0,-0.011458471,0.0,0.0,0.0,0.050611366,-0.1212614,-0.0468909,-0.25536177,0.06934825,0.0,0.16859482,0.034106094,-0.19965363,-0.009679914,0.3586491,-0.004823425,-0.00746914,0.0009235125,-0.03722047,0.010286026,-0.0037592598,-0.05437624,-0.09684044,0.00092254893,0.023763161,-0.028322471,-0.13906783,-0.6261526,-0.0015618987,0.0,-0.001937218,0.0,0.0075683277,-0.014220054,0.0063272105,-0.051134504,0.79034775,0.021213014,0.25219885,0.0918966
W0000152,0.02549778,0.0,-0.015638094,0.0008489257,-0.08941543,0.022476826,0.012763365,0.033203285,0.059456445,0.35633102,1.8625245,-0.19371326,-0.15114489,-0.30567166,0.0146349445,0.0,0.018415427,0.010904469,0.0,0.0,0.063871846,0.004638335,-0.023844196,-0.023506533,-0.012097724,-0.12599193,0.0,0.053187974,-0.021813259,-0.04575757,-0.010347059,0.0,-0.0014661358,0.06524924,-0.07941709,-0.14203776,0.0,0.00074903487,0.0,0.0,-0.0023350688,0.0046732845,-0.5296701,-0.11558695,0.0,0.0,0.006452098,0.044221558,-0.8319408,0.0,0.0,0.0,-0.006042149,-0.048575677,-0.018059755,-0.031391002,0.0,0.0,0.0,0.0,0.0,0.0,-0.03884663,0.010216361,-0.10262283,0.003398105,0.0,-0.011458471,0.0,0.0,0.0,-0.057086006,0.11518785,-0.062481374,-0.25140512,-0.08177318,0.0,0.19558077,-0.04181075,-0.20748866,-0.04477249,-0.7483965,0.018835738,-0.00746914,0.0045785005,-0.040847473,0.07193536,-0.01795644,-0.06066177,0.06161454,0.00092254893,0.02255408,-0.033589892,-0.12650016,-0.66789746,-0.014466135,0.0,-0.18128368,0.0,-0.071613535,0.01600558,0.004397517,0.051244244,0.84019744,0.021213014,0.23505537,-0.33169994
W0000153,0.02549778,0.0,-0.031431608,0.0008168337,-0.05989956,0.030167691,0.012847334,0.008642901,0.080290794,0.40194464,2.11961,-0.21840204,-0.115029916,0.09107451,0.006257262,0.0,0.018415427,0.010904469,0.0,0.0,-0.009228827,0.004638335,-0.004419357,-0.023506533,0.025307622,0.06277348,0.0,0.049674563,-0.021813259,-0.16581222,-0.010347059,0.0,-0.0014661358,0.06998042,-0.07941709,-0.13959803,0.0,0.0011384798,0.0,0.0,-0.0039439853,-0.01404916,-0.68124163,-0.17546219,0.0,0.0,0.010967823,-0.013777511,0.22492978,0.0,0.0,0.0,0.0033027634,-0.03284574,-0.018059755,0.009763762,0.0,0.0,0.0,0.0,0.0,0.0,-0.045054324,-0.036649093,0.07863633,0.009046913,0.0,-0.011458471,0.0,0.0,0.0,-0.05573919,-0.058893308,-0.008485792,-0.17518386,-0.07448941,0.0,-0.15423825,-0.022562845,-0.19965363,-0.0007105535,0.4307677,-0.019193394,-0.0010443471,-0.06550005,0.008017315,-0.11415389,-0.0052698026,0.019779263,-0.093553185,0.0026562298,-0.019383883,0.0037014568,-0.1268099,0.3487924,-0.03451601,0.0,-0.0060324827,0.0,-0.052957892,0.01600558,0.006568113,-0.0471225,0.70470774,0.021213014,0.292721,-0.55501413
W0000154,0.02549778,0.0,-0.031431608,-0.0006470373,-0.06998341,0.030691108,0.0009832463,0.005824627,0.078759655,0.36494783,2.2581577,-0.21840204,-0.16463868,-0.04804337,-0.006205773,0.0,0.018415427,0.010904469,0.0,0.0,0.011755351,-0.01766783,-0.0006049512,-0.06009811,0.025307622,-0.06912905,0.0,0.054303706,-0.021813259,-0.107267916,-0.010347059,0.0,-0.0014661358,0.07098258,-0.049526356,-0.13073574,0.0,0.0011384798,0.0,0.0,0.0065269433,0.0046732845,-0.58984053,-0.3357298,0.0,0.0,0.014394904,-0.007181633,0.4565333,0.0,0.0,0.0,-0.006042149,-0.0444247,0.019540971,0.0033516905,0.0,0.0,0.0,0.0,0.0,0.0,-0.053321697,-0.036649093,-0.12251512,0.009046913,0.0,-0.011458471,0.0,0.0,0.0,-0.04939468,-0.0526585,-0.057938233,-0.2927568,-0.066435106,0.0,-0.19023275,0.057016388,0.14515585,-0.03148701,0.43097562,-0.01794828,-0.0010443471,-0.022851778,0.015031384,-0.13490826,0.0040597003,-0.07265771,0.06836524,0.0026562298,-0.019383883,0.00715758,0.15845168,0.481084,0.0029997826,0.0,-0.13653249,0.0,-0.054992415,-0.032830574,-0.032827765,0.04847434,0.760685,0.021213014,0.26103613,0.092798084
W0000155,0.02549778,0.0,-0.015156532,0.003994643,-0.057656124,0.033157565,0.005558919,-0.015190398,0.085174665,0.4016862,2.2454526,-0.14259928,-0.09357162,0.104012534,0.008102258,0.0,0.028676862,0.010904469,0.0,0.0,-0.044563368,-0.01766783,0.00097216654,-0.023506533,0.044758376,-0.11395785,0.0,0.057006046,-0.014569342,0.073433556,-0.010347059,0.0,-0.0014661358,-0.03357144,0.070394635,-0.14951387,0.0,0.0026750108,0.0,0.0,0.002579819,0.0075859358,0.4241128,0.1095615,0.0,0.0,0.010297097,-0.014843034,-0.94225836,0.0,0.0,0.0,-0.017717665,-0.008661777,0.008628188,0.0047894176,0.0,0.0,0.0,0.0,0.0,0.0,-0.058380388,-0.005486146,-0.13593496,0.009046913,0.0,-0.011458471,0.0,0.0,0.0,-0.029021151,-0.11610819,-0.013487574,-0.06813171,0.04582546,0.0,-0.15555252,-0.12890267,-0.1697573,0.0038240198,0.3554794,-0.01883004,-0.00746914,0.013417377,0.018950757,-0.0724348,-0.0052698026,0.016936786,2.8620474e-05,0.0026562298,-0.019383883,0.005354121,0.06127149,0.4969523,0.0039706323,0.0,-0.09014766,0.0,-0.024684861,0.01600558,-0.048126917,-0.036799543,0.7032601,0.021213014,0.29073265,-0.4978287
W0000156,0.02549778,0.0,-0.031431608,-0.007882545,-0.09446886,0.027958727,0.009527162,0.012007143,0.061734155,0.35055724,2.070043,-0.21840204,-0.22341998,-0.2649303,-0.007029475,0.0,0.018415427,0.010904469,0.0,0.0,-0.016412739,0.004638335,-0.016688254,-0.04972528,-0.05026737,0.06277348,0.0,0.047433265,0.019999169,-0.15029946,0.01819984,0.0,-0.0014661358,-0.14696711,0.013399999,-0.13073574,0.0,0.0011384798,0.0,0.0,0.002579819,0.0046732845,-0.57764304,-0.3393553,0.0,0.0,-0.07434729,0.011283759,0.5335296,0.0,0.0,0.0,0.0033027634,-0.0456265,-0.018059755,-0.022468735,0.0,0.0,0.0,0.0,0.0,0.0,0.0025096359,0.016874122,0.09791501,0.003398105,0.0,-0.011458471,0.0,0.0,0.0,-0.04338522,0.07796062,-0.05940721,-0.050397538,-0.066435106,0.0,-0.17909776,-0.14029355,0.10799977,-0.009679914,0.38377917,0.0068550985,-0.0010443471,0.029139007,0.012628298,0.017487401,-0.025068913,-0.056086347,-0.15146838,0.00092254893,0.023763161,-0.019184431,-0.10616024,-0.5294967,-0.009067345,0.0,0.09203987,0.0,0.051508956,0.01600558,0.006568113,0.048977163,0.746995,0.021213014,0.26644948,0.04896216
W0000157,0.02549778,0.0,-0.031431608,-0.0074057523,-0.10354935,0.026114289,0.012763365,0.03587927,0.07731735,0.38180345,2.0675285,-0.21840204,-0.22341998,-0.2649303,-0.006205773,0.0,0.018415427,0.010904469,0.0,0.0,0.0026098695,0.004638335,-0.054839935,0.012418345,-0.13002579,-0.06912905,0.0,0.05575011,0.031219222,-0.12844363,-0.010347059,0.0,-0.0014661358,-0.14696711,-0.04331842,-0.13959803,0.0,0.0011485481,0.0,0.0,0.002579819,0.0046732845,-0.5986297,-0.27835006,0.0,0.0,-0.056727044,0.0011656885,0.5433256,0.0,0.0,0.0,0.0033027634,-0.044981405,-0.018059755,0.0047894176,0.0,0.0,0.0,0.0,0.0,0.0,0.054480962,0.01767047,-0.013149708,0.003398105,0.0,-0.011458471,0.0,0.0,0.0,-0.04338522,-0.057811707,-0.00854584,-0.091137506,-0.066435106,0.0,0.19430773,-0.1392109,0.15514837,-0.04477249,0.4088559,0.0068550985,0.001080007,-0.02037437,0.012628298,-0.09270747,0.0040597003,0.0044977823,-0.094702266,0.00092254893,0.00022226106,-0.028322471,-0.11634629,-0.5912567,-0.03451601,0.0,-0.09518928,0.0,-0.03282059,0.01600558,-0.049533803,-0.063711725,0.8075012,0.021213014,0.26534405,0.06458583
W0000158,0.02549778,0.0,-0.031913172,-0.007882545,-0.10915093,0.028674135,0.009527162,-0.018682182,0.058414795,0.37517506,2.0899532,-0.16728805,-0.16272162,-0.2502165,-0.007029475,0.0,0.028676862,0.010904469,0.0,0.0,-0.01763082,0.004638335,-0.0055165086,-0.07797696,-0.05019132,0.04152198,0.0,0.050361015,-0.014569342,0.03626777,-0.010347059,0.0,-0.0014661358,-0.15249121,0.070394635,-0.1608159,0.0,0.0026750108,0.0,0.0,-0.0039416067,0.0046732845,0.38879383,0.11233168,0.0,0.0,0.008128702,0.047252677,0.4813742,0.0,0.0,0.0,-0.017717665,-0.0456265,-0.0026828235,-0.022468735,0.0,0.0,0.0,0.0,0.0,0.0,-0.033787936,0.0148438355,-0.11604265,0.003398105,0.0,-0.011458471,0.0,0.0,0.0,-0.01666718,0.068501316,-0.034392692,-0.11589164,-0.066435106,0.0,0.21233578,-0.042265307,0.10091244,-0.009679914,-0.80097365,-0.004495864,-0.0010443471,0.0153722875,-0.08099374,0.11334053,-0.025787484,-0.059888713,-0.0048331637,0.00092254893,0.023763161,-0.05045349,0.032028124,-0.5756439,-0.0014281571,0.0,-0.17601432,0.0,-0.04130598,-0.014220054,-0.04919335,-0.053388767,0.7159227,0.021213014,0.2392388,-0.35914004
W0000159,0.02549778,0.0,-0.012781825,0.006947868,-0.079529494,0.027701233,0.012763365,0.00907642,0.062322475,0.36363718,1.9366691,-0.19371326,-0.15937124,-0.3291522,-0.008198856,0.0,0.018415427,0.010904469,0.0,0.0,-0.057731807,-0.01766783,0.006348255,-0.023506533,0.040868837,0.097893044,0.0,0.050431766,-0.021813259,-0.11263725,-0.010347059,0.0,-0.0014661358,0.066738866,-0.07941709,-0.13959803,0.0,0.0011384798,0.0,0.0,-0.0039439853,-0.01404916,-0.5498477,-0.2137455,0.0,0.0,0.009851182,-0.009877289,-1.1017249,0.0,0.0,0.0,-0.006042149,0.011244357,0.019540971,-0.022468735,0.0,0.0,0.0,0.0,0.0,0.0,-0.03884663,-0.029465903,-0.10262283,0.003398105,0.0,-0.011458471,0.0,0.0,0.0,-0.05573919,-0.11199486,-0.03969609,-0.13348743,-0.07448941,0.0,-0.16956459,-0.14068736,-0.19965363,-0.009679914,0.34053898,-0.011167738,-0.00746914,-0.061869048,-0.008575409,-0.022830818,-0.0057074865,0.014593969,-0.09862272,0.00092254893,0.023763161,-0.028322471,-0.13438502,-0.6671213,-0.0015618987,0.0,-5.1300973e-05,0.0,-0.028727045,0.01600558,0.0063272105,-0.056563683,0.8678989,0.021213014,0.28052738,-0.34632504
W0000160,0.02549778,0.0,-0.031431608,-0.0074057523,-0.09763956,0.02364783,0.012501506,0.0091315545,0.07310761,0.39665833,2.0808632,-0.21840204,-0.11869879,0.07411003,0.006257262,0.0,0.018415427,0.010904469,0.0,0.0,0.014723286,0.004638335,-0.0006049512,-0.056376167,0.03525357,-0.06205132,0.0,0.045763142,0.031219222,-0.18232074,-0.010347059,0.0,-0.0014661358,-0.0345736,-0.07320915,-0.15090005,0.0,0.0011384798,0.0,0.0,0.0015274035,-0.022805378,-0.5506155,-0.29912376,0.0,0.0,-0.057609838,-0.052897252,0.3958593,0.0,0.0,0.0,-0.006042149,0.016847098,0.019540971,0.0013514396,0.0,0.0,0.0,0.0,0.0,0.0,-0.058380388,0.010600343,-0.12251512,0.009046913,0.0,-0.011458471,0.0,0.0,0.0,-0.04338522,-0.058893308,-0.08236109,-0.085052885,-0.051606625,0.0,-0.20802188,-0.03342881,-0.1697573,-0.012805201,-0.9093609,-0.004495864,-0.0010443471,0.043549135,0.0056142285,-0.17315762,-0.013162834,-0.07220049,-0.097049706,0.0026562298,-0.019383883,0.00715758,-0.12767646,0.4036607,-0.014466135,0.0,-0.1252442,0.0,-0.054992415,0.01600558,0.004397517,-0.0471225,0.72709215,0.021213014,0.25359476,-0.118602365
W0000161,0.02549778,0.0,-0.015156532,0.008718021,-0.079529494,0.026570344,0.012847334,0.00907642,0.06529592,0.35690248,1.9458032,-0.19371326,-0.1470364,-0.08595939,0.0146349445,0.0,0.018415427,0.010904469,0.0,0.0,-0.044563368,-0.01766783,0.002487767,-0.034050845,0.03356328,0.097893044,0.0,0.047636263,-0.014569342,-0.1469649,-0.010347059,0.0,-0.0014661358,0.06998042,0.05149104,-0.13959803,0.0,0.0026750108,0.0,0.0,-0.0039439853,-0.022805378,-0.5033985,-0.1253995,0.0,0.0,-0.049222328,-0.011224009,-1.0015457,0.0,0.0,0.0,-0.006042149,-0.008661777,0.019540971,0.0033516905,0.0,0.0,0.0,0.0,0.0,0.0,-0.03884663,-0.004697731,-0.11526983,0.003398105,0.0,-0.011458471,0.0,0.0,0.0,-0.05573919,-0.065491326,-0.062481374,-0.18791649,0.04144036,0.0,-0.16144839,-0.126728,-0.19965363,-0.049307063,0.24511497,0.018222716,-0.00746914,0.009731524,0.012349693,0.00030712178,-0.01795644,0.016304074,-0.11692075,0.00092254893,0.02255408,0.00715758,-0.1559653,-0.66212726,-0.009067345,0.0,0.081787586,0.0,-0.082552224,-0.032830574,0.006568113,-0.056563683,0.77608865,0.021213014,0.27302587,-0.37764376
W0000162,0.02549778,0.0,-0.031431608,-0.0074057523,-0.096358046,0.030167691,0.012847334,0.008903593,0.07731735,0.3914829,1.9714525,-0.21840204,-0.11627515,-0.2157051,0.006257262,0.0,0.018415427,0.010904469,0.0,0.0,0.0030873762,0.004638335,-0.0006049512,-0.023506533,-0.020075526,-0.06205132,0.0,0.049528703,-0.021813259,-0.16083938,-0.010347059,0.0,-0.0014661358,0.066738866,-0.07941709,-0.15090005,0.0,0.0011384798,0.0,0.0,0.002579819,0.0075859358,-0.6672146,-0.30484253,0.0,0.0,0.009851182,-0.060555123,0.4123478,0.0,0.0,0.0,0.0033027634,-0.047608882,-0.018059755,-0.022468735,0.0,0.0,0.0,0.0,0.0,0.0,-0.029590242,0.01767047,-0.023593456,0.009046913,0.0,-0.011458471,0.0,0.0,0.0,-0.04939468,-0.058893308,0.042921215,-0.29110944,-0.047221527,0.0,0.17663078,-0.058386866,-0.19965363,-0.0007105535,-0.42451692,0.008729893,-0.0010443471,-0.06550005,0.00829592,-0.16166006,0.0036840048,0.018069157,-0.092320286,0.0026562298,0.009448124,0.00715758,-0.04726857,0.30387023,-0.009067345,0.0,-0.093451485,0.0,-0.054992415,-0.014220054,0.006568113,-0.0471225,0.7812539,0.021213014,0.27923656,-0.3985532
W0000163,0.02549778,0.0,-0.031431608,-0.0074057523,-0.09446886,0.033157565,0.012763365,0.025862467,0.07731735,0.37852585,2.114882,-0.21840204,-0.22341998,-0.2649303,0.006257262,0.0,0.018415427,0.010904469,0.0,0.0,0.01322807,0.004638335,-0.0070936265,-0.056174483,-0.13002579,-0.085737996,0.0,0.054943413,-0.021813259,-0.16061185,-0.010347059,0.0,-0.0014661358,-0.15249121,-0.03172499,-0.13959803,0.0,0.0011384798,0.0,0.0,0.002579819,0.0046732845,-0.6302886,-0.30958086,0.0,0.0,0.0119181,0.011283759,0.5380349,0.0,0.0,0.0,0.0033027634,-0.044981405,-0.018059755,-0.022468735,0.0,0.0,0.0,0.0,0.0,0.0,0.054480962,0.01767047,0.08345545,0.003398105,0.0,-0.011458471,0.0,0.0,0.0,-0.04338522,-0.0537401,-0.009657426,0.24963617,-0.066435106,0.0,0.19430773,-0.14200915,0.15514837,-0.009679914,0.38968566,0.0068550985,-0.0010443471,-0.06550005,0.00829592,-0.06756164,-0.013162834,0.011751493,-0.094702266,0.00092254893,0.0014313441,-0.033589892,0.042280905,-0.50053596,-0.009067345,0.0,-0.10173628,0.0,-0.071613535,0.01600558,-0.0492929,-0.063711725,0.71877456,0.021213014,0.26933244,0.07294488
W0000164,0.02549778,0.0,-0.031431608,-0.007882545,-0.07165474,0.030167691,0.002322716,0.008928178,0.080290794,0.38406554,2.1240113,-0.21840204,-0.12736474,0.045604285,-0.006205773,0.0,0.018415427,0.010904469,0.0,0.0,-0.014917521,-0.01766783,-0.0006049512,-0.023506533,0.00777846,0.072067566,0.0,0.05113446,-0.021813259,-0.1754582,-0.010347059,0.0,-0.0014661358,-0.0345736,-0.07941709,-0.13959803,0.0,0.0011384798,0.0,0.0,-0.009978284,0.0075859358,-0.66467637,-0.22851226,0.0,0.0,0.010521907,0.0011656885,0.4847049,0.0,0.0,0.0,-0.006042149,0.01882948,-0.018059755,-0.022468735,0.0,0.0,0.0,0.0,0.0,0.0,-0.047114,0.01767047,-0.12251512,0.009046913,0.0,-0.011458471,0.0,0.0,0.0,-0.04939468,-0.057811707,-0.008909777,-0.29110944,0.06116353,0.0,0.19430773,0.026018921,0.13080874,0.0038240198,0.44348243,-0.02929924,0.001080007,-0.02037437,0.00829592,-0.09270747,0.0036840048,-0.07079025,-0.0908747,0.0026562298,0.009448124,0.00715758,-0.04202418,0.4648595,-0.009067345,0.0,-0.11354703,0.0,-0.054992415,-0.032830574,0.006568113,-0.048841357,0.71448517,0.021213014,0.2862572,-0.48595747
W0000165,0.02549778,0.0,-0.031431608,-0.0069122133,-0.08460286,0.030167691,0.012847334,0.02359868,0.07013416,0.38805437,1.9624765,-0.21840204,-0.10394032,-0.23782083,-0.006205773,0.0,0.018415427,0.010904469,0.0,0.0,0.0030873762,0.004638335,-0.004419357,-0.023506533,-0.05026737,0.055957828,0.0,0.049528703,-0.021813259,-0.16083938,-0.010347059,0.0,-0.0014661358,-0.037815157,-0.07941709,-0.15090005,0.0,0.0011384798,0.0,0.0,-0.0023350688,-0.022805378,-0.6586613,-0.14693558,0.0,0.0,0.009727093,-0.060555123,0.13864368,0.0,0.0,0.0,-0.006042149,-0.047608882,-0.018059755,-0.022468735,0.0,0.0,0.0,0.0,0.0,0.0,-0.029590242,0.010600343,-0.10986812,0.009046913,0.0,-0.011458471,0.0,0.0,0.0,-0.057086006,-0.057811707,-0.03400255,-0.26568907,-0.066944696,0.0,-0.18957712,-0.035717987,-0.19965363,-0.0007105535,-0.8373991,-0.010554714,-0.0010443471,-0.051089924,0.00084706023,-0.13561642,-0.0052698026,0.018069157,-0.096081056,0.0026562298,0.009448124,-0.033589892,-0.13387334,0.32645437,-0.01766944,0.0,-0.14437053,0.0,-0.052957892,-0.032830574,0.006568113,-0.0471225,0.84700876,0.021213014,0.27339107,-0.5009058
W0000166,0.02549778,0.0,-0.031913172,-0.008376084,-0.09446886,0.02568426,0.009527162,-0.018682182,0.05192577,0.38735113,2.3122723,-0.16728805,-0.16948919,-0.2906823,-0.006205773,0.0,0.028676862,0.010904469,0.0,0.0,0.0026098695,0.004638335,-0.0011883541,0.0065593505,-0.019999478,-0.06662619,0.0,0.05924148,-0.014569342,0.0707501,-0.010347059,0.0,-0.0014661358,0.066738866,0.047076814,-0.14065158,0.0,0.0026750108,0.0,0.0,-0.0039439853,-0.022805378,0.38347316,0.106376015,0.0,0.0,0.011614978,0.0011656885,0.5825877,0.0,0.0,0.0,-0.017717665,-0.044981405,0.008628188,0.0047894176,0.0,0.0,0.0,0.0,0.0,0.0,-0.033787936,0.02087244,-0.11604265,0.003398105,0.0,-0.011458471,0.0,0.0,0.0,-0.01666718,-0.057811707,0.03998955,0.20089108,0.05677843,0.0,0.19896041,-0.13091141,0.17012373,-0.04477249,0.37776092,-0.012771191,-0.0010443471,0.01930859,-0.08099374,0.052870493,-0.012574834,-0.058178607,-0.010923888,0.00092254893,0.019073699,-0.05045349,-0.09712349,-0.5581538,0.0039706323,0.0,-0.16995949,0.0,-0.04130598,0.01600558,-0.04919335,0.045975674,0.73869854,0.021213014,0.24479054,0.022652708
W0000167,0.02549778,0.0,-0.021077534,0.00032329466,-0.10915093,0.026312849,0.012763365,0.008928178,0.06130243,0.36815733,1.9624796,-0.21840204,-0.16517489,-0.2573025,-0.006205773,0.0,0.018415427,0.010904469,0.0,0.0,-0.016175982,-0.01766783,0.006348255,-0.07797696,0.049049623,-0.06205132,0.0,0.047085978,-0.014569342,-0.15891197,-0.010347059,0.0,-0.0014661358,0.066738866,-0.010368567,-0.15090005,0.0,0.0011384798,0.0,0.0,0.002579819,-0.022805378,-0.5473676,-0.27014115,0.0,0.0,0.009851182,-0.047513563,0.45516777,0.0,0.0,0.0,-0.006042149,-0.04214224,0.019540971,0.0047894176,0.0,0.0,0.0,0.0,0.0,0.0,-0.03884663,-0.036649093,-0.105821274,0.003398105,0.0,-0.011458471,0.0,0.0,0.0,-0.04338522,-0.057811707,-0.082725026,-0.24258387,0.05677843,0.0,-0.18224375,-0.05994165,-0.19965363,-0.009679914,-0.43463004,-0.012771191,-0.0010443471,-0.0028999094,0.008017315,-0.12521926,-0.013538529,0.016304074,-0.0974942,0.00092254893,0.023763161,0.0037014568,-0.13287094,-0.5725896,-0.0015618987,0.0,0.0066746846,0.0,-0.028727045,-0.032830574,0.006568113,-0.056563683,0.815494,0.021213014,0.28201208,-0.38072044
W0000168,0.02549778,0.0,-0.015156532,0.0009387103,-0.09152736,0.030167691,0.012763365,-0.010061419,0.07844481,0.3685047,2.038628,-0.19371326,-0.16272162,-0.07640487,0.0146349445,0.0,0.018415427,0.010904469,0.0,0.0,-0.057731807,0.004638335,0.002487767,-0.023506533,-0.04076256,-0.06205132,0.0,0.056411177,-0.021813259,-0.08871407,-0.010347059,0.0,-0.0014661358,0.07098258,-0.060513496,-0.1608159,0.0,0.0026750108,0.0,0.0,-0.0039416067,0.0046732845,-0.38238686,-0.051431753,0.0,0.0,0.010024238,-0.054771658,-0.5919693,0.0,0.0,0.0,-0.006042149,-0.053843383,-0.016077608,0.0033516905,0.0,0.0,0.0,0.0,0.0,0.0,-0.033787936,0.009427946,-0.11526983,0.003398105,0.0,-0.011458471,0.0,0.0,0.0,-0.057086006,0.10572855,-0.07350867,-0.17688832,-0.08177318,0.0,0.21233578,-0.012653226,0.10091244,-0.009679914,-0.7852621,0.018835738,-0.0010443471,-0.04279309,0.021592971,-0.07934776,0.0023931272,0.016304074,0.05975277,0.00092254893,0.009448124,0.00715758,0.008520624,-0.6587502,-0.0014281571,0.0,-0.11955646,0.0,-0.06536296,0.01600558,0.006568113,-0.09799863,0.74981606,0.021213014,0.2617167,-0.42042747
W0000169,0.02549778,0.0,-0.015156532,0.006947868,-0.058096714,0.027639817,0.005642888,0.04368769,0.085174665,0.41261297,2.2332423,-0.14259928,-0.091068804,-0.061667975,0.008102258,0.0,0.028676862,0.010904469,0.0,0.0,0.06508993,0.004638335,-0.04435558,0.012418345,-0.12169409,0.09390397,0.0,0.060503326,0.031219222,0.073433556,0.01819984,0.0,-0.0014661358,-0.15754077,-0.024414824,-0.14951387,0.0,0.0011485481,0.0,0.0,0.0065269433,0.0075859358,0.38504016,0.063192695,0.0,0.0,0.014091782,-0.013392119,-1.0126284,0.0,0.0,0.0,-0.017717665,-0.04920744,0.008628188,0.0013514396,0.0,0.0,0.0,0.0,0.0,0.0,-0.05217269,0.011458233,-0.1327365,0.009046913,0.0,-0.011458471,0.0,0.0,0.0,-0.04790753,-0.1212614,0.040918946,-0.13453706,0.089363195,0.0,-0.07387314,0.03433415,-0.1697573,-0.0007105535,0.30036163,-0.004823425,-0.00746914,0.010222011,-0.069135465,-0.030282615,0.0039036702,-0.044581827,0.00029057544,0.0026562298,0.009448124,-0.013692161,-0.12465764,0.5099784,0.0039706323,0.0,-0.00023968145,0.0,0.015863921,0.01600558,0.005563498,-0.03137037,0.73129606,0.021213014,0.25311616,0.10727208
W0000170,0.02549778,0.0,-0.015156532,0.0012541581,-0.08955072,0.027639817,0.009527162,0.04368769,0.08651838,0.35781083,2.1319246,-0.14259928,-0.15259594,-0.35401413,0.0146349445,0.0,0.028676862,0.010904469,0.0,0.0,-0.06713192,0.004638335,-0.054839935,-0.06009811,-0.041935664,-0.098634854,0.0,0.05183278,0.031219222,0.031337548,0.01819984,0.0,-0.0014661358,-0.037815157,-0.024414824,-0.14951387,0.0,0.0011485481,0.0,0.0,0.002579819,0.0075859358,0.42708462,0.12301127,0.0,0.0,0.014091782,0.008252639,-1.1523678,0.0,0.0,0.0,0.00968484,-0.053211622,-0.0026828235,-0.022468735,0.0,0.0,0.0,0.0,0.0,0.0,0.06493072,0.016244967,0.093394674,0.003398105,0.0,-0.011458471,0.0,0.0,0.0,-0.030367967,0.11518785,-0.06062729,-0.15605737,0.04582546,0.0,0.1853746,-0.1370547,-0.1920332,-0.009679914,0.32340273,-0.011167738,-0.00746914,0.010222011,-0.08099374,0.034384727,-0.0037592598,-0.058928825,-0.0014169635,0.00092254893,0.0014313441,-0.05045349,-0.12098962,-0.7313027,0.0039706323,0.0,-0.07698544,0.0,-0.0025130343,0.01600558,-0.04919335,-0.046240732,0.7019828,0.021213014,0.2551147,0.025461204
W0000171,0.02549778,0.0,-0.015156532,0.00222449,-0.113581926,0.027639817,0.012763365,0.035206378,0.06242989,0.37617743,1.879071,-0.19371326,-0.20075364,0.061234195,0.0146349445,0.0,0.018415427,0.010904469,0.0,0.0,-0.06713192,0.019046335,-0.033438824,0.012418345,-0.12204799,-0.10938299,0.0,0.058782347,-0.021813259,-0.12465724,-0.010347059,0.0,-0.0014661358,0.0684908,-0.049526356,-0.15090005,0.0,0.00074903487,0.0,0.0,0.0015274035,-0.022805378,-0.6569514,-0.23926987,0.0,0.0,0.0069835787,-0.011704093,-0.7607019,0.0,0.0,0.0,0.0033027634,-0.053211622,-0.018059755,0.002789167,0.0,0.0,0.0,0.0,0.0,0.0,0.054480962,0.009427946,0.10634603,0.003398105,0.0,-0.011458471,0.0,0.0,0.0,0.067826696,0.11518785,-0.05914256,-0.21408501,-0.053220205,0.0,0.15788819,-0.048514176,0.15514837,-0.009679914,-0.87515867,0.0020552631,-0.00746914,-0.04921363,-0.040847473,-0.060476717,0.0023311386,-0.05809281,-0.13522851,0.00092254893,0.015746381,0.009322835,-0.1260709,-0.6977256,-0.026775079,0.0,-0.10264942,0.0,-0.03282059,0.01600558,-0.031038143,-0.042345595,0.69788134,0.021213014,0.22051491,0.040913116
W0000172,0.02549778,0.0,-0.021077534,-0.008376084,-0.10354935,0.031271152,0.008187693,-0.021761147,0.06516626,0.37211442,2.3785245,-0.16728805,-0.16948919,-0.26948297,-0.006205773,0.0,0.028676862,0.010904469,0.0,0.0,-0.01763082,-0.01766783,0.007925373,0.012418345,0.03274022,-0.06662619,0.0,0.063960075,-0.021813259,0.03542953,-0.010347059,0.0,-0.0014661358,-0.10088264,-0.03062276,-0.14951387,0.0,0.0026750108,0.0,0.0,0.0065269433,-0.022805378,0.3485641,0.11039795,0.0,0.0,0.015987318,-0.0042747525,0.56450725,0.0,0.0,0.0,-0.017717665,0.01882948,0.008628188,0.0033516905,0.0,0.0,0.0,0.0,0.0,0.0,-0.033787936,-0.054703124,-0.11336235,0.003398105,0.0,-0.011458471,0.0,0.0,0.0,0.036727898,-0.057811707,-0.056414247,-0.15941462,-0.04943297,0.0,0.17585702,0.0693309,0.16303639,-0.044990946,0.41064602,-0.012771191,-0.0010443471,-0.07589118,0.024788545,0.015194813,0.005632232,-0.05721872,0.03522876,0.00092254893,0.023763161,-0.013692161,-0.12109823,-0.5803182,-0.015704397,0.0,0.07982937,0.0,0.0015805084,-0.014220054,-0.048126917,-0.057964742,0.7613774,0.021213014,0.28514722,0.022560738
W0000173,0.02549778,0.0,-0.015156532,0.00222449,-0.08941543,0.027639817,0.012847334,0.012155388,0.058112733,0.3580519,1.9159236,-0.19371326,-0.13594681,-0.06247882,-0.008198856,0.0,0.018415427,0.010904469,0.0,0.0,-0.050784655,0.004638335,0.002487767,-0.034050845,0.03719104,-0.109931186,0.0,0.048703596,-0.021813259,-0.1469649,-0.010347059,0.0,-0.0014661358,0.06998042,-0.07941709,-0.15090005,0.0,0.0026750108,0.0,0.0,-0.0023350688,-0.022805378,-0.5142667,-0.105811894,0.0,0.0,0.008401561,-0.05115263,-1.0759001,0.0,0.0,0.0,-0.006042149,0.010612596,0.019540971,0.009763762,0.0,0.0,0.0,0.0,0.0,0.0,-0.03884663,0.00917484,-0.11207137,0.003398105,0.0,-0.011458471,0.0,0.0,0.0,-0.05573919,-0.11199486,-0.048354834,-0.11365043,0.04144036,0.0,-0.17334165,-0.09981209,-0.19965363,-0.014214488,-0.5315239,-0.011167738,-0.00746914,-0.049976986,-0.03722047,0.07483532,-0.0052698026,0.016304074,-0.09445734,0.00092254893,0.023763161,-0.033589892,-0.13438502,-0.65137285,-0.0015618987,0.0,-0.08900224,0.0,-0.082552224,0.01600558,0.006568113,-0.056563683,0.80991286,0.021213014,0.27604195,-0.45400026
W0000174,0.02549778,0.0,-0.021077534,0.00032329466,-0.09446886,0.030623745,0.009527162,0.008928178,0.064275876,0.39272508,2.1730857,-0.21840204,-0.21353842,-0.04730214,-0.006205773,0.0,0.018415427,0.010904469,0.0,0.0,0.0011371514,-0.01766783,0.007925373,0.012418345,0.049049623,-0.05144661,0.0,0.052603148,-0.021813259,-0.14737627,-0.010347059,0.0,-0.0014661358,-0.0345736,-0.049526356,-0.13959803,0.0,0.0026750108,0.0,0.0,-0.009978284,0.0046732845,-0.5128513,-0.2611755,0.0,0.0,0.014394904,-0.017396536,0.48189527,0.0,0.0,0.0,-0.006042149,-0.0351282,0.011106845,0.0033516905,0.0,0.0,0.0,0.0,0.0,0.0,-0.03884663,-0.036649093,-0.11207137,0.003398105,0.0,-0.011458471,0.0,0.0,0.0,-0.04939468,-0.057811707,-0.09520832,-0.3365766,-0.066435106,0.0,-0.16456681,0.03332589,-0.19965363,-0.009679914,0.43473026,-0.0014202297,-0.0010443471,-0.0028999094,0.008017315,-0.081276715,-0.025068913,-0.024286125,-0.11401255,0.00092254893,0.023763161,-0.033589892,-0.15913406,-0.6133211,-0.009067345,0.0,0.08851357,0.0,-0.028727045,0.01600558,-0.0492929,-0.056563683,0.73837745,0.021213014,0.26362967,0.07094067
W0000175,0.02549778,0.0,-0.015156532,0.00222449,-0.079529494,0.032012127,0.012763365,0.012155388,0.062322475,0.35823596,1.9237025,-0.19371326,-0.1566254,-0.30028895,0.0146349445,0.0,0.018415427,0.010904469,0.0,0.0,-0.057731807,0.004638335,0.0009106493,-0.023506533,0.043509226,-0.05819436,0.0,0.05286172,-0.021813259,-0.12548353,-0.010347059,0.0,-0.0014661358,-0.037815157,-0.07941709,-0.13959803,0.0,0.0011384798,0.0,0.0,0.0065269433,-0.022805378,-0.577319,-0.166747,0.0,0.0,0.010521907,-0.009877289,-1.106076,0.0,0.0,0.0,-0.006042149,-0.053211622,-0.018059755,0.0047894176,0.0,0.0,0.0,0.0,0.0,0.0,-0.03884663,0.012246648,-0.10262283,0.003398105,0.0,-0.011458471,0.0,0.0,0.0,-0.05573919,-0.065491326,0.03903102,-0.20775351,0.04144036,0.0,-0.17597933,0.030917596,-0.19965363,-0.04477249,0.3642895,-0.016174385,-0.00746914,-0.011211265,-0.008296803,0.01178648,-0.0057074865,0.016304074,-0.119047716,0.00092254893,0.02255408,-0.0153448265,-0.1559653,-0.667405,-0.012270651,0.0,0.081787586,0.0,-0.082552224,-0.032830574,0.006568113,-0.056563683,0.8574557,0.021213014,0.2769526,-0.3934887
W0000176,0.02549778,0.0,-0.012781825,-3.162166e-05,-0.08955072,0.02956022,0.009611131,-0.024024935,0.07050346,0.36901596,2.2317598,-0.14259928,-0.17937075,-0.3512639,-0.0152558815,0.0,0.028676862,0.010904469,0.0,0.0,-0.057731807,-0.01766783,-0.0055165086,-0.056174483,0.024559435,-0.06662619,0.0,0.0602642,0.031219222,-0.00076950993,-0.010347059,0.0,-0.0014661358,-0.036813,-0.024414824,-0.14065158,0.0,0.0026750108,0.0,0.0,0.002579819,-0.01404916,0.38550025,0.120943785,0.0,0.0,-0.07947744,-0.013392119,-0.82338005,0.0,0.0,0.0,-0.017717665,0.010612596,-0.0026828235,-0.022468735,0.0,0.0,0.0,0.0,0.0,0.0,-0.033787936,-0.005486146,-0.11604265,0.003398105,0.0,-0.011458471,0.0,0.0,0.0,-0.029021151,0.10140538,-0.059756212,0.013528183,-0.07448941,0.0,-0.16456681,-0.13778968,0.17012373,-0.014214488,0.35594872,0.018835738,-0.0010443471,-0.060211405,0.022106852,-0.020851329,-0.035466544,-0.056086347,0.018676171,0.00092254893,0.023763161,-0.031937227,0.06208942,-0.67165977,0.0039706323,0.0,0.09014861,0.0,-0.04130598,-0.014220054,0.007734094,0.047304116,0.76620704,0.021213014,0.26694435,0.020919386
W0000177,0.02549778,0.0,-0.020236904,-0.008376084,-0.12853079,0.017746512,0.009611131,0.009743355,0.07056589,0.3612794,1.9341815,-0.21840204,-0.20244883,-0.2825259,-0.007029475,0.0,0.018415427,0.010904469,0.0,0.0,0.0026098695,0.004638335,-0.033438824,-0.06009811,0.0075006057,-0.06205132,0.0,0.058766946,0.031219222,-0.065226205,0.01819984,0.0,-0.0014661358,0.06524924,-0.04331842,-0.14203776,0.0,0.00074903487,0.0,0.0,0.0015274035,0.002258628,-0.54772097,-0.28857604,0.0,0.0,-0.060242634,-0.060555123,0.11265995,0.0,0.0,0.0,-0.006042149,-0.031947725,-0.018059755,0.013931843,0.0,0.0,0.0,0.0,0.0,0.0,-0.033787936,0.010600343,-0.10262283,0.003398105,0.0,-0.011458471,0.0,0.0,0.0,-0.057086006,0.07796062,-0.035531573,-0.309418,-0.07459597,0.0,-0.2000494,-0.041302226,0.17012373,-0.014214488,-0.9707185,-0.00747908,-0.0010443471,-0.004272199,-0.02280641,-0.13561642,-0.017237872,-0.05536009,-0.12961136,0.00092254893,0.009448124,-0.028322471,-0.13075371,-0.5949012,-0.014466135,0.0,-0.1440841,0.0,0.051508956,0.01600558,0.0063272105,0.059018582,0.86477435,0.021213014,0.22428809,0.045859482
W0000178,0.02549778,0.0,-0.031431608,-0.0074057523,-0.10915093,0.034261025,0.012847334,0.012007143,0.07013416,0.37437147,1.9860921,-0.21840204,-0.17505646,-0.23725161,-0.006205773,0.0,0.018415427,0.010904469,0.0,0.0,-0.01763082,0.004638335,0.0009106493,-0.023506533,0.03525357,-0.06205132,0.0,0.048239954,-0.021813259,-0.1354908,-0.010347059,0.0,-0.0014661358,-0.036813,-0.07941709,-0.14203776,0.0,0.0011384798,0.0,0.0,-0.0039416067,0.0046732845,-0.5269842,-0.2923664,0.0,0.0,0.008198865,-0.060555123,0.46502274,0.0,0.0,0.0,-0.006042149,0.016202005,-0.018059755,0.0047894176,0.0,0.0,0.0,0.0,0.0,0.0,-0.03884663,0.011641865,-0.105821274,0.003398105,0.0,-0.011458471,0.0,0.0,0.0,-0.04338522,-0.0526585,-0.059413753,-0.24898782,-0.066435106,0.0,0.1536192,-0.037592627,-0.19652197,-0.049307063,-0.9877106,-0.004495864,-0.0010443471,0.0027022096,0.00829592,-0.11047059,-0.013538529,0.016304074,-0.15057331,0.00092254893,0.008239041,0.00715758,0.16300763,-0.559621,-0.0023990069,0.0,0.09628883,0.0,-0.082552224,0.01600558,0.006568113,0.04120282,0.7807622,0.021213014,0.2667981,-0.33484912
W0000179,0.02549778,0.0,-0.015156532,0.00222449,-0.055984788,0.030167691,0.012763365,0.014400795,0.08220122,0.3906359,2.2524264,-0.14259928,-0.09381464,-0.3001623,0.008102258,0.0,0.028676862,0.010904469,0.0,0.0,-0.056513727,0.004638335,0.00802266,0.012418345,-0.04076256,-0.116317295,0.0,0.058467478,-0.014569342,0.062477328,-0.010347059,0.0,-0.0014661358,-0.10088264,0.044559628,-0.14951387,0.0,0.0026750108,0.0,0.0,0.002579819,-0.01404916,0.41872412,0.13878992,0.0,0.0,0.013510514,-0.017011143,-1.166652,0.0,0.0,0.0,0.00968484,-0.053843383,-0.0026828235,0.0047894176,0.0,0.0,0.0,0.0,0.0,0.0,0.06493072,0.015456552,0.1141456,0.009046913,0.0,-0.011458471,0.0,0.0,0.0,-0.029021151,-0.1212614,-0.06062729,0.011758424,-0.07448941,0.0,0.17701267,-0.14500391,-0.1920332,0.0038240198,0.2518428,-0.019806419,-0.00746914,-0.02214069,0.018950757,-0.030282615,-0.0037592598,0.019779263,-0.005802985,0.0026562298,0.0014313441,-0.03577683,-0.10017679,0.31667632,-0.021478033,0.0,-0.0030826367,0.0,-0.009494465,0.01600558,0.007734094,-0.036799543,0.7210535,0.021213014,0.2742221,0.029264431
W0000180,-0.001596706,0.0,-0.012781825,5.668495e-05,-0.091662645,0.025866834,0.012847334,0.009743355,0.06529592,0.38586527,2.0537093,-0.19371326,-0.22341998,-0.06208102,0.0146349445,0.0,0.018415427,0.010904469,0.0,0.0,0.063871846,0.004638335,0.007132932,0.012418345,0.0444966,0.036828067,0.0,0.05300758,-0.021813259,-0.11435768,-0.010347059,0.0,-0.0014661358,-0.0345736,-0.049526356,-0.13959803,0.0,0.0026750108,0.0,0.0,-0.009978284,-0.022805378,-0.5190707,-0.16796888,0.0,0.0,-0.05851741,-0.013392119,-0.68847895,0.0,0.0,0.0,-0.006042149,-0.04920744,0.019540971,-0.031391002,0.0,0.0,0.0,0.0,0.0,0.0,-0.03884663,0.011458233,-0.11207137,0.003398105,0.0,-0.011458471,0.0,0.0,0.0,0.07078722,-0.065491326,-0.010439938,-0.2545519,-0.053220205,0.0,-0.17098156,0.0635171,-0.19965363,-0.049307063,0.38430086,0.018835738,-0.0010443471,0.00397186,-0.027652863,-0.026724909,0.0023311386,-0.048057016,-0.11683691,0.00092254893,0.02255408,-0.025070082,-0.16064811,-0.70472515,-0.03451601,0.0,0.08851357,0.0,-0.071613535,-0.014220054,-0.0015146364,-0.056563683,0.7632954,0.021213014,0.25699037,0.026519231
W0000181,-0.001596706,0.0,-0.012781825,0.00222449,-0.055984788,0.035002004,0.005642888,0.005972869,0.08220122,0.36559978,2.19277,-0.18743329,-0.091068804,-0.2836453,0.008102258,0.0,0.018415427,0.010904469,0.0,0.0,-0.022870485,-0.01766783,-0.0006049512,-0.06009811,0.024559435,-0.13361786,0.0,0.051281027,-0.021813259,-0.1572277,-0.010347059,0.0,-0.0014661358,0.06774102,-0.03172499,-0.13959803,0.0,0.0011384798,0.0,0.0,-0.0039439853,-0.022805378,-0.56367654,0.09029062,0.0,0.0,0.013510514,-0.013392119,-1.1401575,0.0,0.0,0.0,-0.006042149,0.015248539,0.019540971,-0.022468735,0.0,0.0,0.0,0.0,0.0,0.0,-0.058380388,0.011458233,-0.12060764,0.009046913,0.0,-0.011458471,0.0,0.0,0.0,-0.029021151,-0.11610819,-0.012023633,0.14529702,0.04144036,0.0,-0.17597933,-0.13698868,-0.1697573,-0.0007105535,0.36703616,-0.016174385,-0.00746914,-0.029506346,0.01998939,-0.053927362,-0.0037592598,0.018069157,-0.11760214,0.0026562298,-0.019383883,-0.028322471,0.04115641,0.45623586,-0.009067345,0.0,0.08705168,0.0,-0.054992415,0.01600558,0.0063272105,-0.0471225,0.8306887,0.021213014,0.29641056,-0.009419352
W0000182,0.02549778,0.0,-0.031913172,-0.008376084,-0.06998341,0.028212134,0.0020608567,-0.021785732,0.056130826,0.40709987,2.363136,-0.16728805,-0.12058945,-0.22467446,0.006257262,0.0,0.028676862,0.010904469,0.0,0.0,-0.016412739,0.004638335,-0.00462678,0.0065593505,-0.04901822,-0.06662619,0.0,0.055845574,0.031219222,0.10606826,0.01819984,0.0,0.021705927,-0.14696711,-0.024414824,-0.14951387,0.0,0.0026750108,0.0,0.0,0.0065269433,0.0075859358,0.42792028,0.16667728,0.0,0.0,0.015987318,-0.0151367355,0.5739545,0.0,0.0,0.0,0.00968484,0.016202005,-0.0026828235,0.0047894176,0.0,0.0,0.0,0.0,0.0,0.0,0.07056649,0.01767047,0.116951995,0.009046913,0.0,-0.011458471,0.0,0.0,0.0,-0.01666718,-0.058893308,-0.007021852,0.07807057,0.06116353,0.0,0.19430773,0.07021492,0.14011091,0.0033597443,0.46250212,0.0068550985,-0.0010443471,0.01930859,0.025964828,-0.09556127,0.005632232,-0.07288252,-0.0031682746,0.0026562298,-0.007456259,0.0109755,-0.09341833,0.45074707,0.0039706323,0.0,-0.18177025,0.0,-0.009494465,-0.014220054,-0.048126917,-0.04018663,0.6225589,0.021213014,0.26800758,0.111475
W0000183,0.02549778,0.0,-0.031431608,-0.008376084,-0.06998341,0.033157565,0.0020608567,-0.07069905,0.080290794,0.39236903,2.0972779,-0.1828862,-0.16463868,0.08079848,0.006257262,0.0,0.018415427,0.010904469,0.0,0.0,-0.016412739,0.015108576,-0.021169927,0.012418345,-0.13002579,-0.085737996,0.0,0.05113446,0.019999169,-0.1754582,-0.010347059,0.0,-0.0014661358,-0.03357144,0.013399999,-0.13959803,0.0,0.00074903487,0.0,0.0,0.0065269433,0.0075859358,-0.71961665,-0.35978025,0.0,0.0,0.014394904,-0.0151367355,0.4310022,0.0,0.0,0.0,0.0033027634,-0.048253976,-0.018059755,0.009763762,0.0,0.0,0.0,0.0,0.0,0.0,0.08101624,0.01767047,0.11263741,0.009046913,0.0,-0.011458471,0.0,0.0,0.0,-0.04939468,-0.0537401,-0.08236109,-0.28808448,0.06116353,0.0,0.19896041,0.034928016,-0.16213688,-0.012805201,0.45156044,-0.01794828,-0.0010443471,-0.02037437,-0.008296803,-0.12599191,0.0040597003,-0.07192263,-0.09061275,0.0026562298,-0.009880809,0.009322835,0.049326055,0.6058298,-0.009067345,0.0,-0.11354703,0.0,-0.052957892,0.01600558,-0.0492929,-0.041693322,0.63061994,0.021213014,0.25033957,0.086120315
W0000184,0.02549778,0.0,-0.031431608,-0.0074057523,-0.13120548,0.022944322,0.012847334,0.018362394,0.07442971,0.40627816,2.1891835,-0.16728805,-0.16828115,-0.28216437,0.0070197624,0.0,0.028676862,0.010904469,0.0,0.0,-0.00902604,0.004638335,-0.054839935,-0.06009811,-0.05019132,-0.05954846,0.0,0.050361015,0.031219222,0.050393797,0.01819984,0.0,-0.0014661358,-0.037815157,-0.02189764,-0.1608159,0.0,0.0011485481,0.0,0.0,0.0015274035,0.0075859358,0.40695804,0.10136145,0.0,0.0,-0.09938488,-0.060555123,0.47740382,0.0,0.0,0.0,0.00968484,-0.047608882,-0.0026828235,-0.022468735,0.0,0.0,0.0,0.0,0.0,0.0,0.06493072,0.010600343,0.10785423,0.003398105,0.0,-0.011458471,0.0,0.0,0.0,-0.01666718,-0.0032653715,-0.05786211,0.20172283,-0.047221527,0.0,-0.20802188,-0.026441555,-0.1920332,-0.014214488,-0.8552551,0.0068550985,-0.0010443471,-0.0061090738,-0.07142613,-0.050489943,-0.04329759,0.014593969,-0.0017201323,0.00092254893,0.0014313441,-0.03577683,-0.11424644,-0.6172296,-0.0014281571,0.0,-0.11794026,0.0,-0.0025130343,-0.007818974,0.007734094,-0.046240732,0.64130914,0.021213014,0.24958584,0.062787615
W0000185,0.02549778,0.0,-0.020236904,-0.00083506946,-0.08195159,0.029773045,0.012763365,0.012007143,0.07731735,0.35959068,2.0249088,-0.21840204,-0.18508732,-0.24521378,-0.007029475,0.0,0.018415427,0.010904469,0.0,0.0,-0.016175982,0.004638335,0.007925373,-0.023506533,0.034220155,-0.06912905,0.0,0.06265099,-0.021813259,-0.097847745,-0.010347059,0.0,-0.0014661358,-0.038089685,-0.07941709,-0.13959803,0.0,0.0026750108,0.0,0.0,-0.009978284,-0.009182955,-0.558632,-0.24243852,0.0,0.0,0.010521907,0.00837688,0.49733603,0.0,0.0,0.0,0.0033027634,-0.04406648,-0.018059755,0.00029014028,0.0,0.0,0.0,0.0,0.0,0.0,-0.033787936,-0.036649093,-0.013149708,0.003398105,0.0,-0.011458471,0.0,0.0,0.0,-0.04939468,-0.043385588,-0.09521486,-0.30681372,-0.052740835,0.0,-0.15735136,-0.19206308,0.16303639,-0.009679914,0.30836326,-0.004495864,-0.0010443471,-0.023538953,0.00829592,-0.0715438,-0.013538529,0.009448292,-0.15400717,0.00092254893,0.009448124,-0.033589892,0.05738332,-0.5300971,-0.009067345,0.0,0.095981084,0.0,-0.028727045,-0.014220054,0.004610313,-0.09799863,0.7898607,0.021213014,0.26729214,-0.4035977
W0000186,0.02549778,0.0,-0.015156532,0.00222449,-0.058096714,0.027701233,0.012763365,-0.011010975,0.07050346,0.3952135,2.3028178,-0.14259928,-0.091068804,-0.30930904,-0.0152558815,0.0,0.028676862,0.010904469,0.0,0.0,-0.056513727,0.004638335,-0.0028422393,-0.04972528,-0.04076256,-0.05750274,0.0,0.05668108,0.031219222,0.043688204,-0.010347059,0.0,-0.0014661358,0.066738866,-0.024414824,-0.14951387,0.0,0.0026750108,0.0,0.0,0.002579819,-0.022805378,0.42367285,0.1345496,0.0,0.0,0.013510514,0.008252639,-1.0264713,0.0,0.0,0.0,0.00968484,0.011244357,-0.0026828235,0.0033516905,0.0,0.0,0.0,0.0,0.0,0.0,0.06493072,0.012246648,0.1141456,0.009046913,0.0,-0.011458471,0.0,0.0,0.0,-0.021189496,0.110864684,-0.06062729,-0.13536882,0.084978096,0.0,-0.18041202,-0.14692459,-0.1920332,0.0038240198,0.31292537,-0.004823425,-0.00746914,-0.024618095,0.018950757,0.034384727,0.0039036702,0.016936786,-0.00601987,0.0026562298,0.015746381,-0.017531766,-0.12098962,0.34842426,0.0039706323,0.0,-0.0815037,0.0,-0.022650335,0.01600558,-0.048126917,-0.033038586,0.7296144,0.021213014,0.27140605,0.08722197
W0000187,0.02549778,0.0,-0.015156532,0.0014322493,-0.057656124,0.029721677,0.012847334,0.018101705,0.069159746,0.4092623,2.227105,-0.14259928,-0.115029916,0.11166699,0.008102258,0.0,0.028676862,0.010904469,0.0,0.0,-0.055018507,0.004638335,-0.042571038,-0.07797696,0.043585274,0.048337627,0.0,0.057169408,-0.021813259,0.050576426,-0.010347059,0.0,-0.0014661358,-0.1114563,-0.060513496,-0.14951387,0.0,0.0011485481,0.0,0.0,-0.0039439853,-0.022805378,0.37621808,0.10352293,0.0,0.0,-0.07726667,-0.013392119,-0.69169044,0.0,0.0,0.0,0.00968484,0.010612596,-0.0026828235,-0.008811419,0.0,0.0,0.0,0.0,0.0,0.0,-0.029590242,0.015456552,-0.007052182,0.009046913,0.0,-0.011458471,0.0,0.0,0.0,-0.021189496,-0.1212614,0.04256269,-0.13301666,0.084978096,0.0,0.17962216,-0.1381521,-0.19965363,-0.0007105535,0.37802154,-0.010554714,-0.0010443471,-0.018945321,-0.07142613,-0.02478488,-0.0052698026,-0.030634366,-0.004399647,0.0026562298,0.023763161,-0.031937227,-0.10204673,0.31422108,0.0007673269,0.0,0.08441978,0.0,-0.022650335,0.01600558,0.005563498,-0.03137037,0.69983804,0.021213014,0.281512,-0.4627786
W0000188,0.02549778,0.0,-0.031431608,-0.0074057523,-0.10915093,0.03447859,0.012763365,0.008928178,0.07731735,0.36864212,1.9995503,-0.21840204,-0.16272162,-0.23134506,-0.006205773,0.0,0.018415427,0.010904469,0.0,0.0,-0.01763082,-0.01766783,0.0009106493,-0.023506533,0.025307622,-0.06205132,0.0,0.048960008,-0.014569342,-0.14410332,-0.010347059,0.0,-0.0014661358,-0.10088264,0.05149104,-0.15090005,0.0,0.0011384798,0.0,0.0,-0.0039439853,-0.022805378,-0.64393455,-0.16324154,0.0,0.0,0.010297097,-0.044606682,0.46196324,0.0,0.0,0.0,-0.006042149,0.01882948,-0.018059755,0.0033516905,0.0,0.0,0.0,0.0,0.0,0.0,-0.039995633,-0.0109372735,-0.10262283,0.003398105,0.0,-0.011458471,0.0,0.0,0.0,-0.04939468,-0.057811707,-0.05787818,-0.29735965,0.05677843,0.0,0.15669662,-0.10815966,0.10091244,-0.009679914,-0.4784816,-0.004495864,-0.0010443471,-0.06550005,-0.008575409,-0.13271646,-0.013100846,0.016304074,-0.11253261,0.00092254893,-0.019383883,-0.033589892,-0.113533415,-0.5686567,-0.009067345,0.0,0.08457323,0.0,-0.082552224,-0.032830574,0.006568113,-0.063711725,0.80632174,0.021213014,0.28623235,-0.37666714
W0000189,0.02549778,0.0,-0.031431608,-0.0069122133,-0.08727756,0.037468463,0.012847334,0.012007143,0.07310761,0.39865032,1.9738905,-0.21840204,-0.10639359,-0.0033814907,-0.006205773,0.0,0.018415427,0.010904469,0.0,0.0,-0.014917521,0.004638335,-0.0006049512,-0.07797696,-0.05026737,0.055957828,0.0,0.0467332,-0.014569342,-0.18232074,-0.010347059,0.0,-0.0014661358,0.07098258,-0.010368567,-0.15090005,0.0,0.0011384798,0.0,0.0,0.0015274035,-0.01404916,-0.6420482,-0.22847235,0.0,0.0,0.00790172,-0.060555123,0.40581727,0.0,0.0,0.0,-0.006042149,-0.048253976,-0.018059755,0.009763762,0.0,0.0,0.0,0.0,0.0,0.0,-0.035797942,0.011641865,-0.11931666,0.009046913,0.0,-0.011458471,0.0,0.0,0.0,-0.04939468,-0.0526585,-0.09537373,-0.29527193,-0.059151337,0.0,0.15678842,-0.03867204,-0.19965363,-0.035803128,-0.9243878,-0.012771191,-0.0010443471,-0.03305132,0.00829592,-0.13168286,-0.020713879,0.016936786,-0.11460344,0.0026562298,-0.020592965,-0.033589892,0.047697708,0.31747574,-0.014466135,0.0,0.09802663,0.0,-0.054992415,0.01600558,-0.0492929,-0.0471225,0.73439646,0.021213014,0.2698691,-0.3476215
W0000190,0.02549778,0.0,-0.015156532,0.0077476893,-0.08941543,0.03271155,0.009611131,0.012155388,0.07412765,0.3445899,1.904747,-0.19371326,-0.13594681,-0.05532152,-0.0152558815,0.0,0.018415427,0.010904469,0.0,0.0,-0.04727667,0.004638335,-0.002461696,-0.023506533,0.04323137,0.091077395,0.0,0.050577626,-0.021813259,-0.11930994,-0.010347059,0.0,-0.0014661358,-0.116980396,-0.07941709,-0.1608159,0.0,0.0026750108,0.0,0.0,-0.0023350688,-0.01404916,-0.5516553,-0.08714424,0.0,0.0,-0.037453223,-0.048984524,-0.8702412,0.0,0.0,0.0,-0.006042149,-0.008661777,-0.018059755,0.0033516905,0.0,0.0,0.0,0.0,0.0,0.0,-0.033787936,0.010216361,-0.11207137,0.003398105,0.0,-0.011458471,0.0,0.0,0.0,0.067826696,-0.06466129,-0.062481374,-0.18952566,-0.060764916,0.0,0.19504072,-0.034379035,0.10091244,-0.014214488,-0.7283416,-0.011167738,-0.00746914,-0.049976986,-0.031279873,-0.026313,-0.01795644,-0.05437624,-0.11468727,0.00092254893,0.009448124,-0.028322471,0.015577713,-0.6611421,-0.014466135,0.0,0.095143564,0.0,-0.03282059,-0.007818974,0.0063272105,-0.063711725,0.7713839,0.021213014,0.26247835,-0.39878875
W0000191,0.02549778,0.0,-0.031913172,-0.008843918,-0.07248525,0.027148608,0.0009832463,0.022758918,0.08072252,0.3640349,2.1724555,-0.19415838,-0.16226643,0.039131794,0.0070197624,0.0,0.018415427,0.010904469,0.0,0.0,0.0015921597,0.004638335,-0.021169927,0.012418345,0.03525357,-0.06912905,0.0,0.054291956,-0.021813259,-0.09573221,-0.010347059,0.0,-0.0014661358,-0.116980396,-0.049526356,-0.13073574,0.0,0.00074903487,0.0,0.0,-0.009978284,0.0046732845,-0.627009,-0.28038946,0.0,0.0,-0.06887117,-0.02240468,0.43548882,0.0,0.0,0.0,0.0033027634,-0.044981405,-0.018059755,0.0027951521,0.0,0.0,0.0,0.0,0.0,0.0,0.08101624,0.01767047,0.11263741,0.009046913,0.0,-0.011458471,0.0,0.0,0.0,-0.04939468,0.06900592,0.04439674,-0.27592564,-0.066435106,0.0,0.19430773,-0.14224735,-0.15900525,-0.015934028,0.45164484,-0.008050583,-0.0010443471,-0.02037437,0.012628298,-0.14240547,0.0040597003,-0.05757545,0.064481065,0.0026562298,-0.0318094,0.009322835,0.16404401,0.564491,0.0029997826,0.0,-0.20584334,0.0,-0.052957892,-0.014220054,-0.032827765,0.040700004,0.63936514,0.021213014,0.24132878,0.08115246
W0000192,-0.001596706,0.0,-0.012781825,0.0027088635,-0.055984788,0.03447859,0.005642888,-0.014089942,0.060124315,0.4000046,2.406615,-0.11835562,-0.110707894,-0.01119685,0.008102258,0.0,0.028676862,0.010904469,0.0,0.0,0.008670574,-0.01766783,0.00097216654,0.0065593505,0.024559435,-0.06662619,0.0,0.059965998,-0.021813259,0.100206435,-0.010347059,0.0,-0.0014661358,0.06998042,-0.028105574,-0.14951387,0.0,0.0026750108,0.0,0.0,-0.009978284,-0.022805378,0.40186888,0.09576419,0.0,0.0,0.015987318,-0.011224009,-0.8171147,0.0,0.0,0.0,-0.017717665,-0.025064616,0.008628188,0.009763762,0.0,0.0,0.0,0.0,0.0,0.0,-0.058380388,-0.03968901,-0.1327365,0.009046913,0.0,-0.011458471,0.0,0.0,0.0,-0.029021151,-0.1212614,0.049044743,0.11771869,-0.066944696,0.0,0.17902623,0.06160399,-0.1697573,-0.0013225146,0.358236,-0.00747908,-0.0010443471,0.013417377,0.024788545,0.034419738,-0.024053924,-0.010206124,-0.004221515,0.0026562298,-0.038887925,-0.013692161,-0.13303736,0.5401303,0.0039706323,0.0,0.08089348,0.0,-0.024684861,0.01600558,-0.048126917,-0.03137037,0.70311433,0.021213014,0.26723307,0.109182514
W0000193,0.02549778,0.0,-0.012781825,0.0026190788,-0.113581926,0.027639817,0.012847334,-0.014089942,0.07799148,0.409823,2.1657443,-0.14259928,-0.11795105,-0.016486375,-0.008198856,0.0,0.028676862,0.010904469,0.0,0.0,-0.04605858,-0.01766783,0.002487767,0.012418345,0.03987592,-0.10923956,0.0,0.05883558,-0.021813259,-0.13496964,-0.010347059,0.0,-0.0014661358,-0.0345736,-0.03062276,-0.1608159,0.0,0.0026750108,0.0,0.0,-0.0039416067,-0.022805378,0.3432051,0.10759516,0.0,0.0,0.014091782,-0.048984524,-0.99312586,0.0,0.0,0.0,-0.017717665,-0.008661777,0.008628188,-0.029390752,0.0,0.0,0.0,0.0,0.0,0.0,-0.045054324,-0.025573708,-0.13005619,0.009046913,0.0,-0.011458471,0.0,0.0,0.0,-0.030367967,-0.11199486,-0.012023633,-0.13085349,0.04144036,0.0,0.15652098,-0.00656134,-0.19965363,-0.014214488,-0.6683787,-0.004823425,-0.00746914,0.0018277168,-0.065680444,-0.046323735,0.0039036702,0.016304074,-0.059443578,0.0026562298,-0.019383883,-0.033589892,-0.1283628,-0.19452788,-0.021478033,0.0,-0.075247645,0.0,-0.05224467,0.01600558,0.006568113,-0.056563683,0.77334756,0.021213014,0.24739718,0.100227036
W0000194,0.02549778,0.0,-0.020236904,-0.0069122133,-0.10915093,0.029100686,0.012763365,0.012007143,0.07056589,0.36564723,1.9432168,-0.21840204,-0.16272162,-0.24049181,-0.007029475,0.0,0.018415427,0.010904469,0.0,0.0,-0.01763082,0.004638335,0.0009106493,-0.023506533,-0.020075526,0.055957828,0.0,0.059153706,-0.021813259,-0.08592745,-0.010347059,0.0,-0.0014661358,-0.038302623,-0.07941709,-0.15090005,0.0,0.0011384798,0.0,0.0,-0.0023350688,-0.006790048,-0.5677556,-0.11949294,0.0,0.0,-0.014489405,-0.064174145,0.42984372,0.0,0.0,0.0,-0.006042149,0.01427776,-0.018059755,-0.013326308,0.0,0.0,0.0,0.0,0.0,0.0,-0.039995633,0.013802314,-0.10262283,0.003398105,0.0,-0.011458471,0.0,0.0,0.0,-0.04939468,0.068501316,-0.09518102,-0.34731385,-0.05726739,0.0,-0.18249968,-0.09694046,0.16303639,-0.009679914,-1.0418664,0.008729893,-0.0010443471,-0.03689138,0.015309991,0.0004477054,-0.025787484,0.004646304,-0.14236127,0.00092254893,-0.019383883,-0.033589892,0.0079907235,-0.5337705,-0.014466135,0.0,0.10769668,0.0,-0.082552224,-0.014220054,0.006568113,-0.09799863,0.78871167,0.021213014,0.2500129,-0.34481046
W0000195,0.02549778,0.0,-0.015156532,0.0046019717,-0.08001599,0.029104164,0.002322716,-0.08981074,0.075471364,0.33762395,1.914247,-0.15819742,-0.12677427,-0.25408602,0.0146349445,0.0,0.018415427,0.010904469,0.0,0.0,-0.056513727,0.015108576,-0.022954468,0.012418345,-0.121770136,0.091077395,0.0,0.05593229,0.031219222,-0.13210665,0.01819984,0.0,-0.0014661358,-0.15249121,-0.04331842,-0.14203776,0.0,0.00074903487,0.0,0.0,0.0025782634,0.0046732845,-0.6372829,-0.33168358,0.0,0.0,-0.05328183,0.044221558,-0.73649406,0.0,0.0,0.0,0.0033027634,-0.053211622,-0.018059755,-0.029390752,0.0,0.0,0.0,0.0,0.0,0.0,0.08101624,0.009427946,0.10420638,0.009046913,0.0,-0.011458471,0.0,0.0,0.0,-0.057086006,0.10572855,0.04624495,-0.21935038,-0.08177318,0.0,0.15788819,0.022945587,-0.16997194,-0.031268556,-0.8058212,0.0014422396,0.0077241794,-0.035423234,0.012628298,-0.037673343,0.0020881167,-0.069080144,-0.129853,0.0026562298,-0.011089892,-0.032162078,0.03537094,0.63902456,-0.014466135,0.0,-0.115802735,0.0,-0.03980202,0.01600558,0.0063272105,0.03065858,0.77192074,0.021213014,0.22615884,0.072457395
W0000196,0.02549778,0.0,-0.012781825,0.008718021,-0.11147,0.027701233,0.012847334,0.00907642,0.08220122,0.36228806,2.021503,-0.18743329,-0.15670443,-0.29572308,-0.008198856,0.0,0.018415427,0.010904469,0.0,0.0,-0.056676783,-0.01766783,0.0009106493,-0.04972528,0.024559435,0.09720963,0.0,0.048557743,-0.021813259,-0.14650536,-0.010347059,0.0,-0.0014661358,-0.10088264,-0.049526356,-0.15090005,0.0,0.0011384798,0.0,0.0,-0.0039439853,-0.01404916,-0.63092655,0.053744435,0.0,0.0,0.013510514,-0.048984524,-0.9815588,0.0,0.0,0.0,-0.006042149,-0.008661777,-0.018059755,0.0047894176,0.0,0.0,0.0,0.0,0.0,0.0,-0.039995633,-0.029465903,-0.11336235,0.003398105,0.0,-0.011458471,0.0,0.0,0.0,-0.05573919,-0.11199486,-0.012023633,-0.00538861,-0.07448941,0.0,-0.18724151,-0.06128898,0.10091244,-0.014214488,-0.32848403,0.0007962482,-0.00746914,-0.02874299,0.0156175345,-0.050257284,-0.0037592598,0.016304074,-0.09862272,0.00092254893,-0.019383883,-0.033589892,-0.13765839,-0.71287906,-0.03451601,0.0,-5.1300973e-05,0.0,-0.082552224,0.01600558,0.006568113,-0.063711725,0.81304985,0.021213014,0.2664315,0.054178707
W0000197,0.02549778,0.0,-0.031431608,-0.0069122133,-0.08444764,0.035002004,0.012847334,-0.0139801465,0.081181176,0.39908367,2.1527085,-0.18051685,-0.17381121,-0.25095814,-0.006205773,0.0,0.018415427,0.010904469,0.0,0.0,-0.014917521,-0.01766783,0.007925373,-0.07797696,0.03650272,0.07457043,0.0,0.047085978,-0.021813259,-0.16061185,-0.010347059,0.0,-0.0014661358,-0.036813,-0.060513496,-0.14951387,0.0,0.0026750108,0.0,0.0,-0.0039439853,-0.022805378,-0.2978631,0.12664077,0.0,0.0,0.010297097,-0.022794608,0.5425277,0.0,0.0,0.0,-0.006042149,0.016202005,-0.016077608,0.0033516905,0.0,0.0,0.0,0.0,0.0,0.0,-0.033787936,0.013672151,-0.11336235,0.003398105,0.0,-0.011458471,0.0,0.0,0.0,-0.01666718,-0.0526585,-0.05787818,-0.15150782,0.05677843,0.0,-0.17909776,-0.12025629,0.10091244,-0.014214488,0.4111715,-0.004495864,-0.0010443471,-0.020721687,0.018950757,-0.084327094,-0.013100846,0.016304074,-0.11436519,0.00092254893,0.009448124,-0.033589892,0.047282048,-0.52913535,0.0039706323,0.0,0.09203987,0.0,-0.01153778,-0.007818974,0.006568113,-0.063711725,0.77989495,0.021213014,0.2882487,-0.4946469
W0000198,0.02549778,0.0,-0.015156532,0.00222449,-0.08164142,0.037468463,0.012763365,-0.011010975,0.08651838,0.37575153,2.1861403,-0.14259928,-0.12622695,-0.31053743,-0.0152558815,0.0,0.028676862,0.010904469,0.0,0.0,-0.055018507,0.004638335,-0.0055165086,-0.023506533,0.01725388,-0.13292624,0.0,0.06098506,-0.021813259,0.053075932,-0.010347059,0.0,-0.0014661358,0.06774102,-0.060513496,-0.14065158,0.0,0.0026750108,0.0,0.0,-0.009978284,0.0046732845,0.39448482,0.10981129,0.0,0.0,0.010967823,0.008252639,-1.0695755,0.0,0.0,0.0,-0.017717665,0.011244357,-0.0026828235,0.009763762,0.0,0.0,0.0,0.0,0.0,0.0,-0.035797942,0.015456552,-0.1264864,0.009046913,0.0,-0.011458471,0.0,0.0,0.0,-0.030367967,0.10140538,0.039455004,-0.1271851,-0.08177318,0.0,0.17701267,0.06260803,-0.19652197,-0.04477249,0.3578049,0.018222716,-0.00746914,-0.02214069,0.024788545,-0.018803257,0.0023931272,0.016304074,-0.007554656,0.0026562298,-0.020592965,0.005354121,0.14965327,-0.23172615,0.005427354,0.0,0.083274506,0.0,-0.04130598,-0.007818974,0.007734094,0.038201332,0.758965,0.021213014,0.27392414,-0.5229156
W0000199,0.02549778,0.0,-0.0039618267,0.0025564767,-0.08259119,0.029773045,0.009527162,-0.012086848,0.085174665,0.3620054,2.1758454,-0.14259928,-0.15022369,0.06983231,0.008102258,0.0,0.028676862,0.010904469,0.0,0.0,-0.04727667,-0.01766783,0.002487767,0.012418345,0.016220465,-0.116317295,0.0,0.06426861,-0.021813259,-0.08871407,-0.010347059,0.0,-0.0014661358,0.069705896,-0.03062276,-0.14951387,0.0,0.0026750108,0.0,0.0,-0.009978284,-0.009182955,0.38320172,0.1132529,0.0,0.0,0.015987318,0.0075536957,-1.0899112,0.0,0.0,0.0,-0.017717665,-0.012821313,0.008628188,0.00029014028,0.0,0.0,0.0,0.0,0.0,0.0,-0.039995633,-0.013151191,-0.12600936,0.003398105,0.0,-0.011458471,0.0,0.0,0.0,-0.030367967,-0.11610819,-0.06062729,-0.14283137,-0.0680789,0.0,0.17330362,-0.17826298,0.16303639,-0.009679914,0.36355203,-0.011167738,-0.00746914,0.007057427,0.024788545,-0.015269844,0.0039036702,-0.043387555,-0.15437685,0.00092254893,-0.019383883,0.00715758,0.07879721,-0.6560722,0.0039706323,0.0,0.08013967,0.0,-0.05224467,-0.032830574,-0.032827765,-0.09799863,0.7124766,0.021213014,0.2520648,0.015807223
W0000200,0.02549778,0.0,-0.012781825,0.008718021,-0.055984788,0.031950712,0.005642888,-0.014089942,0.085174665,0.41029304,2.3089852,-0.14259928,-0.091068804,-0.023249436,-0.0152558815,0.0,0.028676862,0.010904469,0.0,0.0,-0.038741007,-0.01766783,0.0019835269,0.012418345,0.03987592,0.09390397,0.0,0.057006046,-0.021813259,0.06530956,-0.010347059,0.0,-0.0014661358,-0.0345736,-0.03062276,-0.14951387,0.0,0.0026750108,0.0,0.0,-0.0039439853,-0.022805378,0.39068133,0.10224639,0.0,0.0,0.011614978,-0.011224009,-1.0759158,0.0,0.0,0.0,-0.017717665,-0.008661777,0.008628188,0.009763762,0.0,0.0,0.0,0.0,0.0,0.0,-0.05217269,-0.03713095,-0.1327365,0.009046913,0.0,-0.011458471,0.0,0.0,0.0,0.050674234,-0.0698145,0.03947108,0.010149248,0.05516485,0.0,0.17176403,-0.13775001,-0.1697573,-0.0007105535,0.35577312,-0.004823425,-0.00746914,-0.014994497,-0.065680444,-0.011176886,-0.035466544,-0.007363648,-0.004221515,-0.020784434,0.009448124,-0.05045349,-0.018358987,0.4681986,-0.021478033,0.0,0.083274506,0.0,-0.008733091,0.01600558,0.006667665,-0.036799543,0.7255113,0.021213014,0.2729942,0.101633556
W0000201,0.02549778,0.0,-0.0039618267,0.0012541581,-0.08941543,0.024141164,0.009611131,0.023186482,0.059456445,0.3285303,1.876926,-0.19371326,-0.14828163,-0.28886095,0.0146349445,0.0,0.018415427,0.010904469,0.0,0.0,-0.057731807,0.004638335,-0.0055165086,-0.023506533,0.04323137,-0.109931186,0.0,0.06062547,-0.021813259,-0.06356829,-0.010347059,0.0,-0.0014661358,0.06774102,-0.025630655,-0.15090005,0.0,0.0026750108,0.0,0.0,0.0015274035,-0.006790048,-0.43738753,-0.11695845,0.0,0.0,-0.031082567,-0.05115263,-0.8926066,0.0,0.0,0.0,-0.006042149,-0.038182225,-0.018059755,0.013931843,0.0,0.0,0.0,0.0,0.0,0.0,-0.024531549,0.00917484,-0.10262283,0.003398105,0.0,-0.011458471,0.0,0.0,0.0,0.07078722,0.10572855,-0.06267408,-0.2259692,-0.05888097,0.0,-0.14528202,-0.097513914,0.16303639,-0.014214488,-0.74631107,0.018222716,-0.00746914,0.021589318,-0.031279873,0.09059153,-0.012882836,-0.05820256,-0.11119151,0.00092254893,0.023763161,-0.028322471,0.0064766537,-0.6360473,-0.014466135,0.0,0.09908479,0.0,-0.071613535,-0.014220054,-0.049533803,-0.09799863,0.8432356,0.021213014,0.24069011,-0.2917262
W0000202,0.02549778,0.0,-0.012781825,0.008718021,-0.057656124,0.031950712,0.005642888,0.00907642,0.07833739,0.37634674,2.0342426,-0.19371326,-0.10345319,-0.27239454,-0.008198856,0.0,0.018415427,0.010904469,0.0,0.0,-0.044563368,-0.01766783,-0.0062038978,-0.07797696,0.0444966,0.0947312,0.0,0.054778308,-0.021813259,-0.1572277,-0.010347059,0.0,-0.0014661358,-0.037815157,-0.07941709,-0.13959803,0.0,0.0011384798,0.0,0.0,-0.009978284,-0.022805378,-0.5832887,-0.11550365,0.0,0.0,-0.021088958,-0.011224009,-0.93608963,0.0,0.0,0.0,-0.006042149,-0.008661777,0.019540971,0.0047894176,0.0,0.0,0.0,0.0,0.0,0.0,-0.047114,-0.03713095,-0.10986812,0.009046913,0.0,-0.011458471,0.0,0.0,0.0,-0.05573919,-0.11199486,0.039455004,-0.16874695,0.04144036,0.0,0.17176403,0.032193672,0.13080874,-0.0007105535,0.37814227,-0.010554714,-0.00746914,-0.026265582,-0.03722047,-0.022830818,-0.0052698026,0.019779263,-0.11576956,0.0026562298,0.009448124,-0.028322471,-0.15072095,0.4656224,-0.009067345,0.0,0.08163947,0.0,0.044527527,0.01600558,0.0063272105,-0.054270536,0.8754992,0.021213014,0.29603994,-0.4292061
W0000203,0.02549778,0.0,-0.021077534,0.00032329466,-0.096358046,0.022906853,0.002406685,-0.024864698,0.07013416,0.39936325,2.1379414,-0.17356803,-0.10394032,-0.2200113,-0.006205773,0.0,0.028676862,0.010904469,0.0,0.0,-0.00910584,-0.01766783,0.0019835269,-0.023506533,0.03274022,-0.05954846,0.0,0.047491312,-0.021813259,-0.15934666,-0.010347059,0.0,-0.0014661358,-0.10088264,-0.060513496,-0.1608159,0.0,0.0026750108,0.0,0.0,-0.0023350688,0.0075859358,0.24618165,-0.04698277,0.0,0.0,-0.08482562,-0.051538028,0.43976408,0.0,0.0,0.0,-0.017717665,-0.0351282,0.008628188,0.009763762,0.0,0.0,0.0,0.0,0.0,0.0,-0.05217269,-0.0327569,-0.10986812,0.009046913,0.0,-0.011458471,0.0,0.0,0.0,0.040670536,-0.057811707,0.044456787,-0.07320073,-0.04504787,0.0,0.16693754,-0.032710373,-0.1697573,-0.0007105535,-0.79973495,-0.004495864,-0.0010443471,-0.061481055,0.010720927,-0.16566043,0.0041216887,-0.036147557,-0.056536496,0.0026562298,0.009448124,-0.03383277,-0.110541284,0.45396185,-0.013737101,0.0,-0.0914338,0.0,-0.008733091,0.01600558,-0.0025984044,-0.0471225,0.8143548,0.021213014,0.26385784,-0.49537352
W0000204,0.02549778,0.0,-0.015156532,0.00222449,-0.08941543,0.026960256,0.012847334,0.025189577,0.06242989,0.3580519,1.8858607,-0.19371326,-0.13594681,0.05166741,0.0146349445,0.0,0.018415427,0.010904469,0.0,0.0,0.06658515,0.004638335,-0.0070936265,-0.07797696,-0.042011715,-0.109931186,0.0,0.048703596,-0.021813259,-0.14977829,-0.010347059,0.0,-0.0014661358,0.06998042,-0.07941709,-0.15090005,0.0,0.0011384798,0.0,0.0,-0.0023350688,0.0075859358,-0.5596079,-0.1458947,0.0,0.0,0.008347634,-0.05115263,-0.7963778,0.0,0.0,0.0,-0.006042149,-0.04920744,-0.018059755,0.0013514396,0.0,0.0,0.0,0.0,0.0,0.0,-0.0025490578,0.009427946,-0.11207137,0.003398105,0.0,-0.011458471,0.0,0.0,0.0,-0.04656072,0.033457257,-0.062091224,-0.053537704,0.089363195,0.0,0.15471897,-0.04087513,-0.19965363,-0.014214488,-0.76679313,-0.011167738,-0.00746914,0.010338165,0.00829592,-0.054696362,-0.0052698026,-0.048057016,-0.094525255,0.00092254893,0.023763161,-0.033589892,-0.13868847,-0.6543013,-0.026775079,0.0,-0.09513321,0.0,-0.071613535,0.01600558,0.004397517,-0.056563683,0.76643866,0.021213014,0.25861892,-0.44744894
W0000205,0.02549778,0.0,-0.031431608,-0.0069122133,-0.10915093,0.03447859,0.012763365,0.012007143,0.07013416,0.3558947,1.9368763,-0.21840204,-0.16517489,-0.24049181,-0.006205773,0.0,0.018415427,0.010904469,0.0,0.0,-0.01763082,0.004638335,-0.0070936265,-0.07797696,0.00777846,0.055957828,0.0,0.046018645,0.031219222,-0.14869156,0.01819984,0.0,-0.0014661358,-0.037815157,-0.07320915,-0.15090005,0.0,0.0011384798,0.0,0.0,0.0015274035,0.0046732845,-0.6141584,-0.29388756,0.0,0.0,0.0079061715,-0.064174145,0.37814274,0.0,0.0,0.0,-0.006042149,-0.048253976,-0.018059755,0.009763762,0.0,0.0,0.0,0.0,0.0,0.0,-0.03884663,0.013802314,-0.10262283,0.003398105,0.0,-0.011458471,0.0,0.0,0.0,-0.05573919,-0.057811707,0.05315514,0.081150725,-0.08177318,0.0,-0.1720274,-0.0257821,-0.19965363,-0.04477249,-0.8176831,-0.012771191,-0.0010443471,-0.051089924,-0.008296803,0.0004477054,-0.013646559,0.007340258,-0.112599395,-0.0072187497,0.008239041,-0.033589892,-0.12692419,-0.50624764,-0.014466135,0.0,0.10375547,0.0,-0.071613535,0.01600558,0.006568113,-0.056563683,0.7819024,0.021213014,0.26675007,-0.31300068
W0000206,0.02549778,0.0,-0.015156532,0.008718021,-0.05976805,0.030167691,0.002406685,-0.014089942,0.0661863,0.3569624,2.22634,-0.14259928,-0.08825511,-0.30655876,-0.008198856,0.0,0.028676862,0.010904469,0.0,0.0,-0.044563368,-0.01766783,0.00097216654,-0.005829362,0.01725388,0.09390397,0.0,0.057883322,-0.021813259,0.06751375,-0.010347059,0.0,-0.0014661358,-0.037815157,-0.060513496,-0.14065158,0.0,0.0026750108,0.0,0.0,-0.0039439853,-0.022805378,0.39874822,0.09816833,0.0,0.0,0.010297097,-0.011224009,-1.0628622,0.0,0.0,0.0,-0.017717665,-0.008661777,0.008628188,0.009763762,0.0,0.0,0.0,0.0,0.0,0.0,-0.047114,-0.013151191,-0.12328794,0.009046913,0.0,-0.011458471,0.0,0.0,0.0,0.050674234,-0.11199486,0.034987766,-0.06485735,-0.053220205,0.0,0.17176403,-0.1373747,0.15508628,-0.0007105535,0.3598518,-0.011167738,-0.00746914,-0.02214069,0.024788545,-0.022736808,0.0029191384,-0.036147557,-0.006736544,0.0026562298,0.023763161,-0.013692161,-0.09863756,0.4577758,-0.021478033,0.0,-0.008883641,0.0,-0.024684861,0.01600558,0.007734094,0.035431433,0.8004677,0.021213014,0.28302345,-0.39817426
W0000207,0.02549778,0.0,-0.031431608,-0.009258109,-0.13120548,0.031950712,0.009611131,0.025862467,0.07056589,0.3673288,1.958574,-0.21840204,-0.21233039,-0.24815574,-0.007029475,0.0,0.018415427,0.010904469,0.0,0.0,-0.01763082,0.004638335,-0.0123601,0.012418345,-0.02035338,0.055957828,0.0,0.056817442,-0.014569342,-0.11652333,-0.010347059,0.0,-0.0014661358,-0.10237227,0.025656031,-0.15090005,0.0,0.0011384798,0.0,0.0,0.0015274035,-0.01404916,-0.6113098,-0.25851017,0.0,0.0,0.0069835787,-0.060555123,0.43449396,0.0,0.0,0.0,-0.006042149,-0.048253976,-0.018059755,-0.029390752,0.0,0.0,0.0,0.0,0.0,0.0,-0.024531549,0.0148438355,-0.10262283,0.003398105,0.0,-0.011458471,0.0,0.0,0.0,-0.04939468,0.07796062,-0.082718484,-0.3566856,-0.059151337,0.0,0.19765021,-0.046520945,0.16303639,-0.014214488,-1.0085562,-0.004495864,-0.0010443471,-0.03305132,-0.040847473,0.0004477054,-0.025068913,-0.05721872,-0.11460344,0.00092254893,0.009448124,-0.028322471,-0.11528427,-0.56793034,-0.014466135,0.0,0.09628883,0.0,0.003474785,-0.032830574,-0.049533803,-0.058282547,0.7828205,0.021213014,0.24505875,-0.011577275
W0000208,0.02549778,0.0,-0.015156532,0.006947868,-0.06754206,0.027639817,0.00529706,-0.011010975,0.06197656,0.3961777,2.0259287,-0.14259928,-0.07716552,-0.045571543,0.008102258,0.0,0.028676862,0.010904469,0.0,0.0,-0.055018507,0.004638335,0.00097216654,-0.023506533,-0.041935664,0.097353056,0.0,0.057006046,-0.021813259,0.06753707,-0.010347059,0.0,-0.0014661358,0.0684908,-0.060513496,-0.1608159,0.0,0.0026750108,0.0,0.0,-0.0023350688,-0.022805378,0.40677577,0.09307334,0.0,0.0,0.006452098,-0.04349476,-0.9591705,0.0,0.0,0.0,-0.017717665,-0.053843383,-0.0026828235,0.002789167,0.0,0.0,0.0,0.0,0.0,0.0,-0.024816874,0.010216361,-0.13593496,0.009046913,0.0,-0.011458471,0.0,0.0,0.0,-0.021189496,-0.1212614,-0.048744984,-0.1160902,0.084978096,0.0,0.15417892,-0.043207023,-0.1697573,-0.012805201,-0.84676397,-0.011167738,-0.00746914,-0.012726036,-0.08099374,0.08519139,-0.01795644,-0.07220049,-0.007466928,0.0026562298,0.023763161,0.004278953,-0.12044332,0.4967573,-0.0014281571,0.0,0.022077914,0.0,-0.024684861,-0.032830574,-0.020520296,-0.036799543,0.68769807,0.021213014,0.24460064,-0.4567872
W0000209,0.02549778,0.0,-0.031431608,-0.0006470373,-0.10915093,0.030167691,0.009527162,0.012007143,0.07157647,0.36732626,2.0035686,-0.21840204,-0.16272162,-0.06858368,0.006257262,0.0,0.018415427,0.010904469,0.0,0.0,-0.016175982,0.004638335,-0.054839935,-0.023506533,0.025307622,-0.06205132,0.0,0.052457288,-0.014569342,-0.14410332,-0.010347059,0.0,-0.0014661358,-0.1114563,0.05149104,-0.15090005,0.0,0.0011485481,0.0,0.0,-0.0039416067,-0.01404916,-0.5720541,-0.17747673,0.0,0.0,0.008644779,0.044345796,0.3878309,0.0,0.0,0.0,0.0033027634,-0.04214224,-0.018059755,0.0047894176,0.0,0.0,0.0,0.0,0.0,0.0,-0.03884663,-0.0327569,0.10353964,0.003398105,0.0,-0.011458471,0.0,0.0,0.0,-0.057086006,-0.058893308,-0.094790876,-0.25394106,-0.07448941,0.0,0.21096857,-0.013793701,-0.19965363,-0.009679914,-0.88292325,-0.004495864,-0.0010443471,0.046026543,-0.008575409,-0.10297339,-0.013100846,-0.05437624,-0.095260724,0.00092254893,0.009448124,-0.019184431,-0.13346925,-0.54702514,-0.026775079,0.0,-0.10547933,0.0,-0.03282059,0.01600558,0.006568113,-0.056563683,0.7155494,0.021213014,0.26122028,-0.36581188
W0000210,-0.001596706,0.0,-0.021077534,0.00032329466,-0.07165474,0.030629693,0.002406685,-0.021761147,0.08415462,0.43050376,2.3555813,-0.16728805,-0.115029916,0.037332106,0.006257262,0.0,0.028676862,0.010904469,0.0,0.0,-0.013462683,-0.01766783,0.00097216654,-0.023506533,0.048056703,-0.04089825,0.0,0.05134231,-0.021813259,0.08254803,-0.010347059,0.0,-0.0014661358,-0.03357144,-0.060513496,-0.14951387,0.0,0.0026750108,0.0,0.0,-0.0039439853,-0.022805378,0.41006267,0.12913692,0.0,0.0,0.008401561,-0.013777511,0.53049535,0.0,0.0,0.0,-0.017717665,-0.03284574,0.008628188,0.0033516905,0.0,0.0,0.0,0.0,0.0,0.0,-0.05217269,0.01767047,-0.1327365,0.009046913,0.0,-0.011458471,0.0,0.0,0.0,-0.02267664,-0.0537401,0.044456787,-0.12637281,-0.051606625,0.0,0.19896041,-0.12946998,-0.1697573,-0.0007105535,0.42151114,-0.004495864,-0.0010443471,0.01930859,-0.065680444,-0.045863274,0.0041216887,-0.036147557,-0.000495201,0.0026562298,0.009448124,-0.031937227,0.040700316,0.49136773,-0.015704397,0.0,-0.1077863,0.0,-0.024684861,0.01600558,0.007734094,-0.036799543,0.64335674,0.021213014,0.28548896,-0.562359
W0000211,0.02549778,0.0,-0.031913172,-0.0020226012,-0.09763956,0.022289928,0.002322716,0.008928178,0.07310761,0.39169446,2.0872242,-0.21840204,-0.15354909,-0.0033814907,0.0070197624,0.0,0.018415427,0.010904469,0.0,0.0,-0.0149579,-0.01766783,-0.0006049512,0.012418345,0.025307622,-0.06205132,0.0,0.051460706,0.031219222,-0.09573221,0.01819984,0.0,-0.0014661358,0.06949296,-0.04331842,-0.15090005,0.0,0.0011384798,0.0,0.0,0.0015274035,-0.01404916,-0.57367074,-0.27502513,0.0,0.0,-0.0499696,0.044345796,0.3958791,0.0,0.0,0.0,-0.006042149,-0.04214224,0.019540971,-0.029390752,0.0,0.0,0.0,0.0,0.0,0.0,-0.053321697,-0.0327569,-0.12251512,0.009046913,0.0,-0.011458471,0.0,0.0,0.0,-0.04939468,-0.042880986,-0.09520832,-0.31097707,-0.059151337,0.0,0.20785548,-0.0984229,0.13080874,0.0038240198,-0.9695425,-0.008050583,-0.0010443471,-0.0035967217,0.005335622,-0.12811922,-0.025068913,-0.07004003,0.013209172,0.0026562298,-0.019383883,0.00715758,0.052189812,0.49764523,-0.014466135,0.0,-0.21189818,0.0,-0.054992415,-0.014220054,0.006568113,-0.02286299,0.72892666,0.021213014,0.2307427,0.073253974
W0000212,0.02549778,0.0,-0.021559099,-0.008781317,-0.10915093,0.025745675,0.012501506,0.012007143,0.07056589,0.3720529,2.0784056,-0.21840204,-0.17505646,-0.24599817,-0.007029475,0.0,0.018415427,0.010904469,0.0,0.0,-0.01763082,0.004638335,-0.015005956,-0.023506533,0.049049623,-0.06205132,0.0,0.060640976,-0.021813259,-0.06437735,-0.010347059,0.0,-0.0014661358,0.066738866,-0.061615728,-0.14203776,0.0,0.0027774472,0.0,0.0,0.0015274035,-0.01404916,-0.5115111,-0.16232544,0.0,0.0,0.009281178,-0.052897252,0.4651729,0.0,0.0,0.0,0.0033027634,0.016202005,-0.018059755,-0.029390752,0.0,0.0,0.0,0.0,0.0,0.0,-0.024531549,0.010600343,0.08345545,0.003398105,0.0,-0.011458471,0.0,0.0,0.0,-0.04338522,0.07796062,-0.05830217,0.26198968,-0.059151337,0.0,-0.20802188,-0.026477177,0.17012373,-0.026309136,-0.8154472,-0.004495864,-0.0010443471,-0.05356733,-0.008575409,-0.13561642,-0.013538529,0.012501708,0.00814371,0.00092254893,0.009448124,-0.0153448265,-0.11505891,-0.4814361,-0.026775079,0.0,-0.20654373,0.0,0.051508956,0.01600558,-0.0492929,0.059018582,0.74828887,0.021213014,0.27485132,-0.38733518
W0000213,0.02549778,0.0,-0.031431608,-0.008376084,-0.10354935,0.023784975,0.009527162,0.012007143,0.06130243,0.36693087,2.215052,-0.21840204,-0.22341998,-0.2649303,-0.006205773,0.0,0.018415427,0.010904469,0.0,0.0,0.0026098695,0.004638335,-0.016688254,0.012418345,-0.02035338,-0.06912905,0.0,0.060640976,0.019999169,-0.050757185,0.01819984,0.0,-0.0014661358,-0.10088264,0.031201364,-0.13073574,0.0,0.0011384798,0.0,0.0,0.002579819,0.0046732845,-0.4576231,-0.28450045,0.0,0.0,0.008647557,0.011283759,0.5407751,0.0,0.0,0.0,0.0033027634,0.019474573,-0.018059755,0.0033516905,0.0,0.0,0.0,0.0,0.0,0.0,-0.024531549,0.016874122,0.100721404,0.003398105,0.0,-0.011458471,0.0,0.0,0.0,-0.04338522,-0.057811707,-0.08236109,0.2560401,-0.066435106,0.0,-0.1885313,-0.14913279,0.17012373,-0.009679914,0.39051503,-0.008050583,-0.0010443471,-0.0028999094,-0.040847473,0.04335665,0.0040597003,-0.05721872,0.06733909,0.00092254893,0.023763161,0.009322835,-0.12392139,-0.55975163,-0.0015618987,0.0,-0.12962633,0.0,0.051508956,-0.032830574,-0.0492929,0.059018582,0.7102037,0.021213014,0.27116695,0.04834804
W0000214,0.02549778,0.0,-0.031431608,0.0008168337,-0.06998341,0.027701233,0.0042194496,-0.021785732,0.084586345,0.40765268,2.4340389,-0.14304441,-0.12058945,0.04965504,-0.007029475,0.0,0.028676862,0.010904469,0.0,0.0,-0.0149579,0.004638335,-0.0028422393,-0.056174483,0.008998223,0.048337627,0.0,0.048889875,-0.021813259,0.061327554,-0.010347059,0.0,-0.0014661358,0.07098258,-0.03062276,-0.14065158,0.0,0.0026750108,0.0,0.0,-0.0039439853,-0.01404916,0.44753206,0.1619208,0.0,0.0,0.013510514,-0.007181633,0.4592545,0.0,0.0,0.0,0.00968484,-0.04214224,-0.0026828235,0.0033516905,0.0,0.0,0.0,0.0,0.0,0.0,-0.02596588,-0.036649093,0.12257663,0.009046913,0.0,-0.011458471,0.0,0.0,0.0,-0.01666718,0.068501316,0.04592073,-0.0657151,-0.059151337,0.0,-0.19023275,-0.1396707,0.13789609,-0.03209897,0.4043287,-0.008050583,-0.0010443471,0.016831182,0.024788545,-0.088064075,0.005632232,0.016936786,-0.0076649603,-0.020784434,-0.041312475,0.0109755,0.017098136,0.6143547,-0.021478033,0.0,-0.13255495,0.0,-0.022650335,0.01600558,-0.048126917,0.035431433,0.5548589,0.021213014,0.26626015,0.08866984
W0000215,0.02549778,0.0,-0.021559099,-0.0010522697,-0.10915093,0.031202009,0.012847334,0.005824627,0.07013416,0.37107408,1.9606946,-0.21840204,-0.17505646,-0.2573025,-0.006205773,0.0,0.018415427,0.010904469,0.0,0.0,-0.016175982,-0.01766783,0.0009106493,-0.023506533,0.049049623,-0.036323376,0.0,0.05129627,-0.021813259,-0.097847745,-0.010347059,0.0,-0.0014661358,0.0662514,-0.07941709,-0.15090005,0.0,0.0011384798,0.0,0.0,-0.0023350688,0.0046732845,-0.5480344,-0.21240178,0.0,0.0,-0.0081187505,-0.051538028,0.46016324,0.0,0.0,0.0,-0.006042149,-0.03284574,0.019540971,-0.031391002,0.0,0.0,0.0,0.0,0.0,0.0,-0.045054324,-0.0327569,-0.10262283,0.003398105,0.0,-0.011458471,0.0,0.0,0.0,-0.04338522,-0.0526585,-0.09537373,-0.03469241,-0.066435106,0.0,0.17010675,-0.040361993,-0.19965363,-0.014214488,-0.9967903,-0.02929924,-0.0010443471,-0.03305132,0.015031384,-0.16566043,-0.020713879,-0.049016908,0.058634724,0.00092254893,-0.019383883,-0.033589892,0.013916196,-0.5618995,-0.014466135,0.0,-0.20008741,0.0,-0.082552224,0.01600558,0.004397517,-0.09085059,0.78461605,0.021213014,0.24254704,-0.31421995
W0000216,0.02549778,0.0,-0.031913172,-0.0074057523,-0.106720045,0.027148608,0.002322716,0.022758918,0.07013416,0.37033772,2.0059073,-0.21840204,-0.15354909,-0.20571688,-0.006205773,0.0,0.018415427,0.010904469,0.0,0.0,-0.016412739,0.004638335,-0.042571038,-0.06009811,-0.13002579,-0.06205132,0.0,0.049461856,0.031219222,-0.17838138,-0.010347059,0.0,-0.0014661358,-0.15249121,-0.04331842,-0.14203776,0.0,0.0011485481,0.0,0.0,0.0025782634,0.0046732845,-0.6023367,-0.2698031,0.0,0.0,-0.09030491,-0.008672971,0.36212134,0.0,0.0,0.0,0.0033027634,-0.0456265,-0.018059755,-0.022468735,0.0,0.0,0.0,0.0,0.0,0.0,0.07056649,0.011641865,0.10701278,0.009046913,0.0,-0.011458471,0.0,0.0,0.0,-0.05573919,-0.0526585,0.0515145,-0.18489408,-0.08177318,0.0,0.17147397,0.023752812,0.12007761,0.0038240198,-0.97638917,-0.008050583,-0.0010443471,-0.03305132,0.0056142285,-0.17315762,0.0038166782,-0.038817555,-0.13259476,0.0026562298,-0.009880809,0.009322835,0.14378151,0.4995515,-0.0023990069,0.0,-0.19358583,0.0,-0.052957892,-0.032830574,0.006568113,0.038432922,0.7139295,0.021213014,0.23232198,0.07762505
W0000217,0.02549778,0.0,-0.01240289,0.0009387103,-0.06754206,0.019390099,0.005558919,0.008642901,0.07844481,0.38426316,1.9395301,-0.19371326,-0.10639359,0.09961265,0.0146349445,0.0,0.018415427,0.010904469,0.0,0.0,-0.055018507,0.004638335,-0.0006049512,-0.07797696,-0.042289563,-0.06205132,0.0,0.0561931,-0.014569342,-0.13160464,-0.010347059,0.0,-0.0014661358,0.0684908,0.05149104,-0.15090005,0.0,0.0011384798,0.0,0.0,0.0025782634,0.002258628,-0.6199489,-0.19091968,0.0,0.0,0.006303329,-0.054771658,-0.47509533,0.0,0.0,0.0,-0.006042149,-0.038182225,-0.018059755,0.0035215649,0.0,0.0,0.0,0.0,0.0,0.0,-0.058380388,0.009427946,-0.12251512,0.009046913,0.0,-0.011458471,0.0,0.0,0.0,-0.057086006,0.11518785,-0.07092395,-0.22868581,-0.07459597,0.0,0.20922269,-0.014022846,-0.1697573,-0.031268556,-0.98176825,-0.01883004,0.001080007,-0.03782446,-0.040847473,-0.116888985,-0.0057074865,-0.011450341,-0.1415422,0.0026562298,-0.020592965,0.00715758,-0.043790087,0.45342156,-0.014466135,0.0,-0.19140661,0.0,-0.054992415,0.01600558,-0.0492929,-0.07598022,0.75446916,0.021213014,0.22353856,-0.28900555
W0000218,0.02549778,0.0,-0.031431608,-0.008287778,-0.10915093,0.022203345,0.012847334,0.012007143,0.05709269,0.3856583,1.9918623,-0.21840204,-0.16272162,0.014526777,0.006257262,0.0,0.018415427,0.010904469,0.0,0.0,-0.01763082,0.004638335,-0.0055165086,-0.023506533,-0.050545223,0.055957828,0.0,0.04910586,-0.021813259,-0.13545597,-0.010347059,0.0,-0.0014661358,0.06998042,-0.07941709,-0.15090005,0.0,0.0026750108,0.0,0.0,-0.0023350688,0.0075859358,-0.49027538,-0.13539234,0.0,0.0,-0.037453223,-0.060555123,0.48667496,0.0,0.0,0.0,-0.006042149,0.016202005,-0.018059755,-0.031391002,0.0,0.0,0.0,0.0,0.0,0.0,-0.029590242,0.0148438355,-0.11207137,0.003398105,0.0,-0.011458471,0.0,0.0,0.0,-0.04338522,-0.058893308,-0.09518102,-0.014855411,0.06116353,0.0,0.16830476,-0.036840923,-0.19965363,-0.014214488,-0.9055517,-0.004495864,-0.0010443471,0.0027022096,-0.031279873,0.0004477054,-0.025787484,-0.07567568,-0.09383945,0.00092254893,0.023763161,-0.033589892,-0.12767646,-0.55805516,-0.014466135,0.0,-0.10221334,0.0,-0.071613535,0.01600558,0.004397517,-0.056563683,0.71168065,0.021213014,0.25290975,-0.3681386
W0000219,0.02549778,0.0,-0.015156532,0.0027088635,-0.091662645,0.032012127,0.012847334,0.0066643893,0.08651838,0.3658267,2.1544,-0.18743329,-0.17937075,-0.3283504,0.0146349445,0.0,0.018415427,0.010904469,0.0,0.0,-0.056676783,-0.01766783,0.002487767,-0.06009811,-0.01057072,-0.085737996,0.0,0.050894007,-0.021813259,-0.100249775,-0.010347059,0.0,-0.0014661358,-0.037815157,-0.049526356,-0.13959803,0.0,0.0026750108,0.0,0.0,-0.0039439853,0.0046732845,-0.5341912,0.12546736,0.0,0.0,-0.04615987,-0.011224009,-0.73010194,0.0,0.0,0.0,-0.006042149,-0.008661777,0.019540971,0.0033516905,0.0,0.0,0.0,0.0,0.0,0.0,-0.045054324,-0.029465903,-0.11336235,0.003398105,0.0,-0.011458471,0.0,0.0,0.0,-0.030367967,0.11518785,-0.05830834,-0.19997826,-0.08177318,0.0,-0.17268302,-0.13949901,-0.19965363,-0.014214488,0.36444935,0.0007962482,-0.0010443471,-0.06110569,0.021165673,-0.015471894,0.0039036702,0.013461599,0.06408542,0.00092254893,-0.019383883,-0.033589892,-0.12130666,-0.7328882,-0.012270651,0.0,0.09805183,0.0,-0.082552224,-0.032830574,-0.0492929,-0.09085059,0.8127877,0.021213014,0.27860612,0.06836975
W0000220,0.02549778,0.0,-0.020236904,-0.008287778,-0.13120548,0.0199444,0.009527162,-0.018682182,0.054550968,0.39849254,2.0846074,-0.17356803,-0.16828115,-0.28572232,-0.007029475,0.0,0.028676862,0.010904469,0.0,0.0,-0.016412739,0.004638335,-0.04524531,0.012418345,-0.13030365,0.06775478,0.0,0.059395455,0.031219222,0.03542953,-0.010347059,0.0,-0.0014661358,0.06524924,-0.024414824,-0.1608159,0.0,0.0011485481,0.0,0.0,0.0015274035,-0.006790048,0.40284395,-0.13027084,0.0,0.0,0.008575994,0.047252677,0.44854933,0.0,0.0,0.0,0.00968484,-0.029965343,-0.0026828235,-0.03563295,0.0,0.0,0.0,0.0,0.0,0.0,0.054480962,0.0148438355,0.100721404,0.003398105,0.0,-0.011458471,0.0,0.0,0.0,-0.04939468,0.07796062,-0.0947748,-0.25879797,-0.05726739,0.0,0.16836087,-0.044024467,0.15514837,-0.04477249,-0.9981619,0.0068550985,-0.0010443471,-0.014571546,-0.04981845,0.12530659,-0.04329759,-0.0224275,-0.17660776,0.00092254893,0.014537299,0.0075193755,-0.09681376,-0.5631661,-0.0014281571,0.0,-0.0996062,0.0,-0.04130598,0.01600558,0.007734094,-0.057964742,0.6521441,0.021213014,0.19485751,0.08013294
W0000221,0.02549778,0.0,-0.031431608,0.00032329466,-0.09352812,0.03447859,0.009527162,0.008928178,0.080290794,0.3741918,2.1215653,-0.21840204,-0.17381121,0.0032585934,0.006257262,0.0,0.018415427,0.010904469,0.0,0.0,0.010537269,-0.01766783,0.002487767,-0.034050845,0.03525357,-0.06912905,0.0,0.047579117,-0.021813259,-0.15697217,-0.010347059,0.0,-0.0014661358,0.06998042,-0.07941709,-0.13959803,0.0,0.0026750108,0.0,0.0,-0.0039439853,0.0046732845,-0.5274069,-0.1863702,0.0,0.0,0.010297097,-0.0017411918,0.5293322,0.0,0.0,0.0,-0.006042149,-0.0444247,-0.018059755,-0.022468735,0.0,0.0,0.0,0.0,0.0,0.0,-0.03884663,0.01767047,-0.11526983,0.003398105,0.0,-0.011458471,0.0,0.0,0.0,-0.04338522,-0.058893308,-0.008485792,-0.014855411,-0.066435106,0.0,0.17962216,-0.13155702,-0.19965363,-0.009679914,0.40393922,-0.004495864,-0.0010443471,0.031616412,0.015309991,-0.09270747,0.0041216887,-0.023153756,-0.14819023,0.00092254893,0.009448124,0.0037014568,-0.12248296,-0.5445358,-0.012270651,0.0,0.08457323,0.0,-0.082552224,-0.007818974,0.006568113,-0.035197556,0.72707963,0.021213014,0.29288024,-0.42671818
W0000222,0.02549778,0.0,-0.021077534,-0.0015290622,-0.058228225,0.03447859,0.002406685,-0.024024935,0.06516626,0.39461797,2.3976345,-0.16728805,-0.110707894,-0.26205388,-0.006205773,0.0,0.028676862,0.010904469,0.0,0.0,-0.0149579,-0.01766783,0.00097216654,0.012418345,0.03274022,0.048337627,0.0,0.05076635,-0.021813259,0.06551424,-0.010347059,0.0,-0.0014661358,-0.10088264,-0.03062276,-0.14951387,0.0,0.0026750108,0.0,0.0,-0.0039439853,-0.022805378,0.3732,0.11588015,0.0,0.0,0.013510514,-0.013777511,0.28843266,0.0,0.0,0.0,-0.017717665,-0.03284574,0.008628188,-0.029390752,0.0,0.0,0.0,0.0,0.0,0.0,-0.05217269,-0.054703124,-0.12328794,0.009046913,0.0,-0.011458471,0.0,0.0,0.0,0.033458903,-0.057811707,0.04592073,-0.14558233,0.06934825,0.0,0.17902623,-0.14863236,-0.1697573,-0.0007105535,0.3830367,-0.00747908,-0.0010443471,0.0009621568,-0.028818509,0.04677673,-0.0037592598,-0.069080144,-0.0026921043,0.0026562298,0.023763161,-0.05045349,-0.13253948,0.5380797,-0.015704397,0.0,0.08089348,0.0,-0.024684861,-0.032830574,0.006667665,-0.036799543,0.7670799,0.021213014,0.26596358,0.107073076
W0000223,0.02549778,0.0,-0.020236904,-0.00034153042,-0.11573537,0.02130915,0.009527162,0.012007143,0.07013416,0.35222206,1.9917233,-0.21840204,-0.16166289,-0.2540623,-0.006205773,0.0,0.018415427,0.010904469,0.0,0.0,0.010537269,0.004638335,-0.0055165086,-0.023506533,0.007994199,0.055957828,0.0,0.06413826,-0.021813259,-0.06437735,-0.010347059,0.0,-0.0014661358,0.06546218,-0.07941709,-0.14203776,0.0,0.0026750108,0.0,0.0,-0.0039416067,0.002258628,-0.49700388,-0.069313176,0.0,0.0,0.010024238,0.044345796,0.35406232,0.0,0.0,0.0,-0.006042149,-0.046348944,-0.018059755,0.00029014028,0.0,0.0,0.0,0.0,0.0,0.0,-0.033787936,0.0026166337,-0.105821274,0.003398105,0.0,-0.011458471,0.0,0.0,0.0,-0.057086006,-0.057811707,0.017643282,-0.23098888,-0.07459597,0.0,-0.17861578,-0.25455907,0.17012373,-0.009679914,-0.84910333,0.008729893,-0.0010443471,0.0163549,0.016793815,-0.13561642,0.0041216887,-0.028299432,-0.14056998,0.00092254893,0.009448124,0.00715758,-0.13661283,-0.5474695,-0.014466135,0.0,0.0037774015,0.0,-0.071613535,-0.014220054,0.004610313,0.059018582,0.7740248,0.021213014,0.23806673,-0.409874
W0000224,0.02549778,0.0,-0.031431608,-0.0074057523,-0.06257427,0.037468463,0.012763365,-0.010876596,0.08415462,0.42742768,2.2165966,-0.18051685,-0.115029916,0.020129051,-0.006205773,0.0,0.018415427,0.010904469,0.0,0.0,-0.014917521,-0.01766783,0.0019835269,-0.023506533,-0.04901822,-0.08323513,0.0,0.049674563,-0.014569342,-0.16581222,-0.010347059,0.0,-0.0014661358,-0.03357144,0.008535031,-0.14951387,0.0,0.0026750108,0.0,0.0,-0.0039439853,0.0075859358,-0.29598486,0.12664077,0.0,0.0,0.010297097,-0.026413633,0.54295,0.0,0.0,0.0,-0.006042149,0.016202005,0.021523118,0.0033516905,0.0,0.0,0.0,0.0,0.0,0.0,-0.03884663,0.013672151,-0.13005619,0.009046913,0.0,-0.011458471,0.0,0.0,0.0,-0.01666718,-0.0526585,-0.05787818,-0.0860584,0.06116353,0.0,-0.16065301,-0.13929917,-0.19965363,0.0038240198,0.41559312,-0.004495864,-0.0010443471,-0.06336996,0.018950757,-0.055383477,-0.013100846,0.019779263,-0.10877184,0.0026562298,0.009448124,-0.0153448265,0.065598436,0.3173795,0.0039706323,0.0,0.09377767,0.0,-0.02185138,0.01600558,0.006568113,-0.0471225,0.7499715,0.021213014,0.30152157,-0.5541142
W0000225,0.02549778,0.0,-0.031431608,-0.0074057523,-0.07165474,0.026114289,0.005558919,0.012007143,0.064275876,0.4080614,2.1563962,-0.21840204,-0.105148345,0.02889401,-0.006205773,0.0,0.018415427,0.010904469,0.0,0.0,-0.014917521,0.004638335,-0.00462678,-0.023506533,-0.018826377,-0.085737996,0.0,0.047637172,-0.014569342,-0.17375831,-0.010347059,0.0,-0.0014661358,0.06998042,0.05149104,-0.13959803,0.0,0.0026750108,0.0,0.0,-0.0039439853,-0.022805378,-0.6069971,-0.080231704,0.0,0.0,-0.08762043,-0.026413633,0.51096416,0.0,0.0,0.0,0.0033027634,0.016202005,-0.018059755,0.0033516905,0.0,0.0,0.0,0.0,0.0,0.0,-0.024816874,-0.0109372735,0.10983101,0.009046913,0.0,-0.011458471,0.0,0.0,0.0,-0.04939468,-0.057811707,-0.05787818,-0.23351276,0.05677843,0.0,0.1890591,-0.12619981,-0.1697573,0.0038240198,0.30703682,-0.012771191,-0.0010443471,-0.06550005,0.0070980527,-0.10418683,0.0041216887,0.019779263,-0.09292793,0.0026562298,0.023763161,-0.019184431,-0.13755375,0.49322075,-0.0015618987,0.0,-0.08480752,0.0,-0.03980202,0.01600558,0.006568113,-0.0471225,0.7136519,0.021213014,0.29645523,-0.4851252
W0000226,0.02549778,0.0,-0.031431608,-0.007882545,-0.08727756,0.030425185,0.002322716,-0.018682182,0.07399799,0.39639148,2.2578027,-0.16728805,-0.09405875,-0.22591385,-0.006205773,0.0,0.028676862,0.010904469,0.0,0.0,-0.014917521,0.004638335,-0.00462678,-0.023506533,0.00902761,0.03251528,0.0,0.05076635,-0.014569342,0.07964028,-0.010347059,0.0,-0.0014661358,-0.10640674,0.070394635,-0.1608159,0.0,0.0026750108,0.0,0.0,0.0015274035,-0.022805378,0.41630387,0.13661276,0.0,0.0,-0.08762043,-0.064174145,0.46426296,0.0,0.0,0.0,0.00968484,0.016202005,-0.0026828235,0.0033516905,0.0,0.0,0.0,0.0,0.0,0.0,-0.024816874,0.010600343,-0.015357119,0.009046913,0.0,-0.011458471,0.0,0.0,0.0,-0.01666718,-0.0526585,-0.008485792,-0.066020615,0.05677843,0.0,-0.08263803,-0.096499994,-0.1697573,0.0038240198,-0.7948741,-0.012771191,-0.0010443471,-0.011406962,-0.030323919,-0.08193871,-0.013100846,-0.069080144,-0.0026921043,0.0026562298,0.009448124,-0.013692161,0.014643645,0.47731972,-0.0014281571,0.0,0.09613538,0.0,0.0022807494,0.01600558,0.007734094,-0.036799543,0.709697,0.021213014,0.27486488,-0.44229063
W0000227,0.02549778,0.0,-0.015156532,0.00222449,-0.079529494,0.03447859,0.012847334,-0.00900788,0.06529592,0.3808182,2.092031,-0.14887923,-0.16223449,0.05697789,0.008102258,0.0,0.028676862,0.010904469,0.0,0.0,-0.055018507,0.004638335,0.002487767,-0.07797696,0.017283266,-0.1305668,0.0,0.048703596,-0.021813259,-0.14977829,-0.010347059,0.0,-0.0014661358,0.06998042,-0.060513496,-0.14951387,0.0,0.0026750108,0.0,0.0,-0.0039439853,-0.022805378,0.4226846,0.013515547,0.0,0.0,0.010297097,-0.013392119,-0.9945922,0.0,0.0,0.0,-0.017717665,0.010612596,-0.0026828235,-0.022468735,0.0,0.0,0.0,0.0,0.0,0.0,-0.03884663,0.015456552,-0.11207137,0.003398105,0.0,-0.011458471,0.0,0.0,0.0,-0.05573919,-0.1212614,-0.062091224,-0.095157884,0.04144036,0.0,0.17701267,-0.121815145,-0.19965363,-0.014214488,0.34413385,-0.010554714,-0.00746914,-0.018945321,-0.015783956,-0.024983747,-0.0052698026,0.014593969,-0.063348025,0.00092254893,0.023763161,-0.033589892,-0.10106907,-0.66212726,-0.021478033,0.0,0.08153671,0.0,-0.05224467,0.01600558,0.006568113,-0.051134504,0.76227957,0.021213014,0.27669805,-0.52529705
W0000228,0.02549778,0.0,-0.015156532,0.0027088635,-0.08941543,0.030623745,0.012847334,0.009743355,0.062322475,0.3572347,1.8793991,-0.19371326,-0.17505646,-0.27971423,-0.008198856,0.0,0.018415427,0.010904469,0.0,0.0,-0.04727667,0.004638335,0.0009106493,-0.023506533,0.016034117,-0.06205132,0.0,0.050431766,-0.021813259,-0.117158234,-0.010347059,0.0,-0.0014661358,-0.10088264,-0.07941709,-0.15090005,0.0,0.0011384798,0.0,0.0,0.002579819,0.0046732845,-0.59039944,-0.2773764,0.0,0.0,0.008476175,-0.048984524,-0.6752213,0.0,0.0,0.0,-0.006042149,-0.008661777,-0.018059755,0.0047894176,0.0,0.0,0.0,0.0,0.0,0.0,-0.03884663,-0.005486146,-0.105821274,0.003398105,0.0,-0.011458471,0.0,0.0,0.0,-0.05573919,-0.11199486,-0.06062291,-0.20775351,-0.08177318,0.0,-0.18224375,-0.11663915,-0.19965363,-0.014214488,-0.36320788,-0.010554714,-0.0010443471,0.00397186,0.00829592,-0.07251424,-0.012882836,0.016304074,-0.115720086,0.00092254893,0.023763161,0.00345858,-0.12029187,-0.6587502,-0.009067345,0.0,0.09203987,0.0,-0.082552224,-0.007818974,-0.0025984044,-0.056563683,0.84743166,0.021213014,0.27428406,-0.33613628
W0000229,0.02549778,0.0,-0.015156532,0.0008489257,-0.079529494,0.029484255,0.012763365,-0.00012642378,0.06376478,0.38210195,1.9518225,-0.16210803,-0.15235291,-0.14857195,0.008102258,0.0,0.018415427,0.010904469,0.0,0.0,-0.057731807,0.004638335,-0.015111137,-0.023506533,0.03719104,-0.1305668,0.0,0.050431766,-0.014569342,-0.11263725,-0.010347059,0.0,-0.0014661358,-0.0345736,0.070394635,-0.14951387,0.0,0.0026750108,0.0,0.0,-0.0039439853,-0.022805378,-0.30725077,-0.11532303,0.0,0.0,0.008401561,-0.009877289,-1.001984,0.0,0.0,0.0,0.0033027634,-0.053211622,-0.016077608,-0.029390752,0.0,0.0,0.0,0.0,0.0,0.0,-0.029590242,0.011458233,-0.11207137,0.003398105,0.0,-0.011458471,0.0,0.0,0.0,-0.04790753,-0.1212614,-0.048744984,-0.2207094,0.084978096,0.0,-0.17597933,-0.13191885,-0.19965363,-0.009679914,0.34987524,-0.01883004,-0.00746914,-0.026612898,-0.046191446,-0.03439074,-0.01795644,0.013461599,-0.11734019,0.00092254893,0.023763161,-0.028322471,-0.13772017,-0.6664001,0.0039706323,0.0,0.081787586,0.0,0.020664051,0.01600558,-0.049533803,-0.056563683,0.83218634,0.021213014,0.25182694,-0.3949136
W0000230,0.02549778,0.0,-0.031913172,-0.008843918,-0.07248525,0.024158733,0.0009832463,0.022758918,0.052267,0.3498723,2.1508915,-0.21840204,-0.108335644,-0.20616543,-0.006205773,0.0,0.018415427,0.010904469,0.0,0.0,0.01322807,0.004638335,-0.04435558,0.0065593505,0.034220155,-0.06912905,0.0,0.056331925,0.031219222,0.06448222,0.01819984,0.0,0.021705927,-0.1257304,-0.04331842,-0.13073574,0.0,0.0011485481,0.0,0.0,0.0065269433,0.0075859358,-0.51511055,-0.1322185,0.0,0.0,-0.09162156,-0.014392823,0.5267964,0.0,0.0,0.0,-0.006042149,-0.044981405,-0.018059755,0.0027951521,0.0,0.0,0.0,0.0,0.0,0.0,-0.02596588,0.013672151,-0.11306656,0.009046913,0.0,-0.011458471,0.0,0.0,0.0,-0.04338522,-0.057811707,0.03998955,-0.04388895,-0.047221527,0.0,-0.17820273,-0.20593758,0.15508628,-0.015322066,0.43396214,-0.0014202297,-0.0010443471,-0.06550005,0.0056142285,-0.13288526,0.0046477,-0.056588754,0.0447487,0.0026562298,-0.016959332,0.0088102445,-0.13614434,0.44605368,-0.009067345,0.0,-0.22196805,0.0,0.044527527,-0.014220054,0.005776294,0.036759876,0.7932277,0.021213014,0.2537673,0.098569974
W0000231,0.02549778,0.0,-0.0039618267,0.0003629676,-0.05976805,0.029773045,0.002406685,0.008642901,0.08131084,0.36084002,2.0146396,-0.19371326,-0.12736474,0.097833425,0.008102258,0.0,0.018415427,0.010904469,0.0,0.0,-0.044563368,0.004638335,0.00097216654,-0.023506533,-0.042011715,-0.06912905,0.0,0.055637173,-0.021813259,-0.11509611,-0.010347059,0.0,-0.0014661358,0.07098258,-0.07941709,-0.13959803,0.0,0.0026750108,0.0,0.0,0.002579819,-0.006790048,-0.5657494,-0.18525614,0.0,0.0,-0.0001883246,-0.011224009,-0.6297613,0.0,0.0,0.0,-0.006042149,-0.0105860215,-0.018059755,-0.03563295,0.0,0.0,0.0,0.0,0.0,0.0,-0.053321697,0.015456552,-0.12251512,0.009046913,0.0,-0.011458471,0.0,0.0,0.0,-0.057086006,-0.11610819,-0.060196266,-0.22443615,-0.07260546,0.0,0.17650907,-0.13660216,0.13080874,-0.0007105535,0.26458138,0.018835738,-0.0010443471,-0.029430164,0.015309991,-0.097616166,0.001955443,-0.072906464,-0.16529134,0.0026562298,-0.019383883,0.00715758,0.05586925,0.47185498,-0.009067345,0.0,0.09025225,0.0,-0.054992415,-0.014220054,-0.0492929,-0.08855744,0.764689,0.021213014,0.2648869,-0.45767123
W0000232,0.02549778,0.0,-0.021077534,-0.0006470373,-0.13120548,0.03447859,0.009611131,0.005824627,0.07013416,0.37174568,2.1092322,-0.21840204,-0.1583996,-0.2536621,-0.006205773,0.0,0.018415427,0.010904469,0.0,0.0,-0.0255761,-0.01766783,0.007925373,0.012418345,0.049049623,-0.06205132,0.0,0.059153706,-0.021813259,-0.08218806,-0.010347059,0.0,-0.0014661358,-0.10088264,-0.049526356,-0.15090005,0.0,0.0026750108,0.0,0.0,-0.0023350688,-0.01404916,-0.52985644,-0.12518406,0.0,0.0,0.01047153,-0.051538028,0.45330584,0.0,0.0,0.0,0.0033027634,-0.03284574,-0.018059755,-0.022468735,0.0,0.0,0.0,0.0,0.0,0.0,-0.039995633,-0.0327569,0.09791501,0.003398105,0.0,-0.011458471,0.0,0.0,0.0,-0.04939468,-0.057811707,-0.09332693,-0.3345737,-0.059151337,0.0,0.196283,-0.100293845,0.16303639,-0.014214488,-0.9566232,-0.0014202297,-0.0010443471,-0.03305132,0.008017315,-0.16566043,-0.011590302,-0.056086347,0.062206406,0.00092254893,-0.019383883,-0.032162078,-0.13541025,-0.58655137,-0.014466135,0.0,0.10135771,0.0,0.0075683277,-0.007818974,0.0063272105,-0.09799863,0.75301915,0.021213014,0.254084,0.0663279
W0000233,0.02549778,0.0,-0.012781825,0.006947868,-0.05976805,0.026114289,0.005642888,-0.011010975,0.08220122,0.3915274,2.1264837,-0.14259928,-0.08825511,-0.29780725,-0.008198856,0.0,0.028676862,0.010904469,0.0,0.0,-0.055018507,0.004638335,0.0019835269,-0.023506533,0.024559435,0.09390397,0.0,0.05315505,-0.014569342,-0.15637885,-0.010347059,0.0,-0.0014661358,-0.037815157,0.070394635,-0.14951387,0.0,0.0026750108,0.0,0.0,-0.0039439853,-0.01404916,0.40437436,0.029583493,0.0,0.0,-0.08762043,-0.013392119,-1.060864,0.0,0.0,0.0,-0.017717665,0.010612596,-0.0026828235,-0.022468735,0.0,0.0,0.0,0.0,0.0,0.0,-0.05217269,-0.029465903,-0.12060764,0.009046913,0.0,-0.011458471,0.0,0.0,0.0,-0.05573919,-0.11199486,-0.03900433,-0.06172777,-0.07448941,0.0,-0.15555252,-0.12775867,-0.1697573,-0.0007105535,0.35924476,-0.011167738,-0.00746914,0.010222011,0.010720927,-0.019204175,0.0023931272,0.018069157,-0.061776366,0.0026562298,0.009448124,-0.033589892,-0.12367999,0.41223037,-0.021478033,0.0,-0.0815037,0.0,-0.008733091,0.01600558,0.006568113,-0.0471225,0.8232956,0.021213014,0.2731372,-0.45949456
W0000234,0.02549778,0.0,-0.015156532,0.0009387103,-0.08164142,0.030167691,0.012847334,0.033615485,0.07833739,0.36722583,1.9033437,-0.19371326,-0.18614605,-0.3346586,-0.008198856,0.0,0.018415427,0.010904469,0.0,0.0,-0.055018507,0.004638335,0.0009106493,-0.034050845,-0.042011715,-0.06912905,0.0,0.048557743,-0.021813259,-0.14650536,-0.010347059,0.0,-0.0014661358,-0.037815157,-0.025630655,-0.13959803,0.0,0.0011384798,0.0,0.0,0.002579819,0.0075859358,-0.66634136,-0.2916515,0.0,0.0,0.008476175,-0.013392119,-0.82790226,0.0,0.0,0.0,0.0033027634,-0.053843383,-0.018059755,0.0033516905,0.0,0.0,0.0,0.0,0.0,0.0,0.06579312,0.015456552,-0.016348168,0.003398105,0.0,-0.011458471,0.0,0.0,0.0,-0.05573919,-0.11199486,-0.011071648,-0.11429944,0.04582546,0.0,0.18427484,-0.1366405,0.0930244,-0.014214488,0.3355491,-0.019193394,-0.0010443471,-0.058628283,0.00829592,-0.03643881,0.001955443,0.016304074,-0.09061275,0.00092254893,-0.009880809,0.00715758,-0.12156553,-0.66793853,-0.03451601,0.0,-0.009435908,0.0,-0.082552224,-0.014220054,0.006568113,-0.063711725,0.8370348,0.021213014,0.28370473,-0.31463706
W0000235,-0.001596706,0.0,-0.010028185,0.00222449,-0.08164142,0.018717738,0.012847334,0.00907642,0.08220122,0.3360234,1.9837978,-0.18743329,-0.14429057,-0.30715105,-0.008198856,0.0,0.018415427,0.010904469,0.0,0.0,0.06658515,-0.01766783,0.0009106493,-0.023506533,0.03987592,-0.09932648,0.0,0.056265317,-0.021813259,-0.07260255,-0.010347059,0.0,-0.0014661358,-0.10088264,-0.07941709,-0.13959803,0.0,0.0011384798,0.0,0.0,-0.009978284,0.0030546,-0.5636328,0.06946719,0.0,0.0,0.009072285,-0.013392119,-1.0280252,0.0,0.0,0.0,-0.006042149,-0.033546284,0.019540971,-0.002890507,0.0,0.0,0.0,0.0,0.0,0.0,-0.03884663,0.011458233,-0.11656081,0.003398105,0.0,-0.011458471,0.0,0.0,0.0,0.053634763,-0.11199486,0.04605861,-0.20417185,0.05522901,0.0,-0.17243955,0.032354698,-0.19965363,-0.014214488,0.3662054,-0.016174385,-0.00746914,-0.0632317,-0.056709465,-0.024983747,0.002127832,0.00609604,-0.12915507,0.00092254893,0.009448124,0.006914703,-0.1475856,-0.6447483,-0.03451601,0.0,-0.16735396,0.0,-0.082552224,-0.032830574,-0.0025984044,-0.09085059,0.8038739,0.021213014,0.25381115,-0.4629214
W0000236,0.02549778,0.0,-0.021559099,-0.0074057523,-0.13120548,0.023455223,0.012763365,0.012007143,0.07013416,0.40526003,1.9940796,-0.21840204,-0.18163936,-0.23653373,-0.006205773,0.0,0.018415427,0.010904469,0.0,0.0,-0.016412739,0.004638335,-0.033438824,0.012418345,0.05267738,-0.06205132,0.0,0.049528703,-0.021813259,-0.12844363,-0.010347059,0.0,-0.0014661358,0.066738866,-0.049526356,-0.15090005,0.0,0.00074903487,0.0,0.0,0.0015274035,0.0075859358,-0.63426006,-0.23865795,0.0,0.0,-0.039615847,-0.008672971,0.44966853,0.0,0.0,0.0,0.0033027634,-0.0456265,-0.018059755,-0.022468735,0.0,0.0,0.0,0.0,0.0,0.0,-0.0025490578,0.011641865,0.10420638,0.009046913,0.0,-0.011458471,0.0,0.0,0.0,-0.04939468,-0.057811707,0.044039346,-0.29737785,-0.047221527,0.0,0.17147397,-0.097786576,-0.19965363,-0.009679914,-0.9742745,-0.0014202297,-0.0010443471,-0.051089924,-0.027652863,-0.13168286,-0.025068913,0.013634077,-0.09488391,0.0026562298,0.009448124,-0.032162078,-0.13235927,-0.18015662,-0.014466135,0.0,-0.19358583,0.0,-0.03282059,0.01600558,0.0063272105,-0.056563683,0.7586893,0.021213014,0.22937411,0.081138
W0000237,0.02549778,0.0,-0.012781825,0.003994643,-0.09152736,0.030167691,0.009527162,0.005972869,0.085627995,0.36337525,1.9422336,-0.19371326,-0.13033542,-0.072450355,0.0146349445,0.0,0.018415427,0.010904469,0.0,0.0,-0.044563368,-0.01766783,0.0009106493,-0.023506533,0.040868837,-0.09170054,0.0,0.0553383,-0.021813259,-0.13496964,-0.010347059,0.0,-0.0014661358,-0.1114563,-0.07941709,-0.15090005,0.0,0.0011384798,0.0,0.0,-0.0039439853,-0.01404916,-0.662023,-0.12380126,0.0,0.0,0.010967823,-0.05260355,-0.78434366,0.0,0.0,0.0,-0.006042149,-0.008661777,-0.018059755,0.0033516905,0.0,0.0,0.0,0.0,0.0,0.0,-0.039995633,-0.005486146,-0.12251512,0.009046913,0.0,-0.011458471,0.0,0.0,0.0,-0.05573919,0.033457257,0.039455004,-0.17614141,-0.07448941,0.0,-0.17322946,-0.098329425,0.10091244,-0.009679914,-0.35480955,-0.010554714,-0.00746914,-0.05148209,0.015031384,-0.1112083,0.0023931272,-0.02144365,-0.095082596,0.0026562298,-0.019383883,0.00715758,-0.11786036,-0.20464347,-0.03451601,0.0,-0.0959084,0.0,-0.082552224,-0.007818974,0.006568113,-0.063711725,0.7743278,0.021213014,0.26720017,-0.49263433
W0000238,-0.001596706,0.0,-0.012781825,0.0032024025,-0.091662645,0.027958727,0.012847334,0.00907642,0.08796068,0.39555866,2.1413524,-0.18743329,-0.17937075,-0.16458078,-0.0152558815,0.0,0.018415427,0.010904469,0.0,0.0,-0.056676783,-0.01766783,0.002487767,0.012418345,0.024559435,0.06277348,0.0,0.050431766,-0.021813259,-0.11885811,-0.010347059,0.0,-0.0014661358,-0.0345736,-0.049526356,-0.13959803,0.0,0.0026750108,0.0,0.0,-0.0039439853,-0.01404916,-0.56665534,0.120710894,0.0,0.0,-0.07947744,-0.011224009,-0.79212266,0.0,0.0,0.0,-0.006042149,-0.008661777,0.019540971,0.0047894176,0.0,0.0,0.0,0.0,0.0,0.0,-0.03884663,-0.005486146,-0.12281089,0.003398105,0.0,-0.011458471,0.0,0.0,0.0,-0.030367967,0.110864684,0.044026628,-0.19997826,-0.07448941,0.0,-0.17268302,-0.13757832,-0.19965363,-0.014214488,0.36218858,0.0020552631,-0.0010443471,-0.053959496,0.010293627,-0.027031817,0.0039036702,0.016304074,-0.11822739,0.00092254893,0.009448124,-0.03383277,-0.15327495,-0.7328882,-0.03451601,0.0,0.08851357,0.0,-0.082552224,-0.014220054,-0.0025984044,-0.056563683,0.7832444,0.021213014,0.26946598,0.062343623
W0000239,0.02549778,0.0,-0.015638094,0.00222449,-0.08941543,0.023455223,0.012847334,-0.011010975,0.058112733,0.3767569,1.9753861,-0.14887923,-0.13320097,-0.0902766,0.008102258,0.0,0.028676862,0.010904469,0.0,0.0,-0.055018507,0.004638335,0.002487767,-0.023506533,0.043585274,-0.1258485,0.0,0.054282762,-0.021813259,0.0623955,0.01819984,0.0,-0.0014661358,0.0684908,-0.060513496,-0.1608159,0.0,0.0026750108,0.0,0.0,0.0015274035,0.0046732845,0.27487397,0.011969166,0.0,0.0,-0.05362674,-0.05115263,-1.0692955,0.0,0.0,0.0,-0.017717665,0.010612596,-0.0026828235,0.0033516905,0.0,0.0,0.0,0.0,0.0,0.0,-0.03884663,-0.0015939507,-0.12281089,0.003398105,0.0,-0.011458471,0.0,0.0,0.0,-0.05573919,-0.1212614,0.039455004,-0.095157884,-0.08177318,0.0,0.1973828,-0.04253601,-0.19965363,-0.014214488,-0.8348279,-0.016174385,0.0077241794,0.0018277168,-0.05956786,-0.052756336,-0.0052698026,0.012501708,-0.0032094475,0.00092254893,0.023763161,-0.031937227,-0.115760505,-0.66829526,0.020192442,0.0,-0.16990341,0.0,-0.05224467,0.01600558,-0.048126917,-0.040811554,0.7789493,0.021213014,0.23502572,-0.44332573
W0000240,0.02549778,0.0,-0.015638094,0.0008489257,-0.08001599,0.028674135,0.005558919,0.013300341,0.07844481,0.4043033,2.117583,-0.14887923,-0.09792313,0.104989946,0.0146349445,0.0,0.028676862,0.010904469,0.0,0.0,-0.049196154,0.019046335,-0.042571038,-0.06009811,-0.042289563,-0.12348907,0.0,0.055132017,-0.021813259,0.05692502,0.01819984,0.0,-0.0014661358,0.07098258,-0.03062276,-0.1608159,0.0,0.0011485481,0.0,0.0,0.0015274035,0.0075859358,0.40497643,-0.094702974,0.0,0.0,0.009252433,0.044221558,-0.7264061,0.0,0.0,0.0,-0.017717665,-0.053211622,-0.0026828235,-0.029390752,0.0,0.0,0.0,0.0,0.0,0.0,-0.0039833896,0.009427946,-0.12251512,0.009046913,0.0,-0.011458471,0.0,0.0,0.0,-0.057086006,0.10572855,-0.06062729,-0.16454944,0.04582546,0.0,0.15788819,-0.047026604,-0.15879062,0.0038240198,-0.9510709,0.0020552631,-0.00746914,0.005023083,-0.04981845,-0.099704556,0.0039036702,0.015976897,-0.002273052,0.0026562298,-0.019383883,0.0088102445,0.14445975,0.50778747,2.8563663e-05,0.0,-0.18402594,0.0,-0.022650335,0.01600558,-0.048126917,-0.036799543,0.68556035,0.021213014,0.22891015,0.08057424
W0000241,-0.001596706,0.0,-0.021077534,-0.008376084,-0.060902927,0.037468463,0.009527162,-0.021761147,0.06516626,0.3996398,2.4251833,-0.16728805,-0.12058945,-0.23392463,-0.006205773,0.0,0.028676862,0.010904469,0.0,0.0,-0.014917521,-0.01766783,-0.0028422393,-0.056174483,0.03274022,-0.06662619,0.0,0.054426998,-0.021813259,0.05100456,-0.010347059,0.0,-0.0014661358,-0.083380386,-0.03062276,-0.14951387,0.0,0.0026750108,0.0,0.0,-0.009978284,-0.022805378,0.4307841,0.15355547,0.0,0.0,0.015987318,-0.0068461676,0.54979897,0.0,0.0,0.0,-0.017717665,-0.0456265,-0.0026828235,0.009763762,0.0,0.0,0.0,0.0,0.0,0.0,-0.03884663,0.013672151,-0.1264864,0.009046913,0.0,-0.011458471,0.0,0.0,0.0,-0.02267664,-0.0526585,-0.007021852,-0.15962717,-0.051606625,0.0,-0.16065301,0.07068635,-0.19965363,0.0038240198,0.44877514,0.008729893,-0.0010443471,-0.02581709,0.017774474,-0.020717446,-0.011590302,-0.069080144,-0.004137692,0.0026562298,0.023763161,0.0077350764,0.03453376,0.3380279,0.0039706323,0.0,0.09188641,0.0,-0.022650335,-0.014220054,-0.0183497,-0.036799543,0.7245199,0.021213014,0.294718,0.013787795
W0000242,0.02549778,0.0,-0.021077534,-0.0006470373,-0.10354935,0.03447859,0.009611131,0.005824627,0.07731735,0.39550772,2.2287977,-0.21840204,-0.14867972,-0.23024294,-0.006205773,0.0,0.018415427,0.010904469,0.0,0.0,0.013250568,-0.01766783,0.007925373,0.012418345,0.049049623,-0.06912905,0.0,0.053025983,-0.021813259,-0.14410332,-0.010347059,0.0,-0.0014661358,-0.037815157,-0.049526356,-0.13959803,0.0,0.0026750108,0.0,0.0,-0.009978284,0.0075859358,-0.5708755,-0.08092881,0.0,0.0,0.015987318,-0.013777511,0.43867832,0.0,0.0,0.0,-0.006042149,-0.0351282,0.011106845,0.009763762,0.0,0.0,0.0,0.0,0.0,0.0,-0.033787936,-0.04431414,-0.11306656,0.009046913,0.0,-0.011458471,0.0,0.0,0.0,0.00091434084,-0.057811707,0.04592073,-0.24555063,0.04582546,0.0,0.17902623,0.06852406,0.10091244,-0.014214488,0.43330923,-0.012771191,-0.0010443471,-0.06550005,0.008017315,-0.13490826,0.005632232,-0.05437624,-0.10877184,0.0026562298,0.009448124,0.0037014568,-0.15388969,-0.16226736,-0.009067345,0.0,0.082784735,0.0,-0.028727045,0.01600558,0.006568113,-0.063711725,0.80786556,0.021213014,0.2911362,0.0010033771
W0000243,0.02549778,0.0,-0.012781825,0.008718021,-0.079529494,0.035002004,0.012847334,0.00907642,0.08220122,0.37089413,1.9803138,-0.18743329,-0.15235291,-0.3283504,-0.008198856,0.0,0.018415427,0.010904469,0.0,0.0,-0.04032951,-0.01766783,-0.016688254,-0.023506533,0.024559435,0.06878579,0.0,0.050431766,-0.014569342,-0.1299968,-0.010347059,0.0,-0.0014661358,-0.036813,-0.010368567,-0.13959803,0.0,0.0011384798,0.0,0.0,-0.0039439853,-0.022805378,-0.6126323,0.09442923,0.0,0.0,0.010297097,-0.011224009,-1.0839069,0.0,0.0,0.0,-0.006042149,-0.008661777,0.019540971,0.0047894176,0.0,0.0,0.0,0.0,0.0,0.0,-0.045054324,-0.029465903,-0.11336235,0.003398105,0.0,-0.011458471,0.0,0.0,0.0,-0.029021151,-0.106841646,0.039455004,-0.07824153,-0.066944696,0.0,-0.16956459,-0.12025629,-0.19965363,-0.014214488,0.34080356,-0.01883004,-0.00746914,-0.02874299,0.012975318,-0.019204175,-0.0052698026,0.016304074,-0.11760214,-0.0072187497,-0.019383883,-0.033589892,0.017595638,-0.6393181,-0.03451601,0.0,0.08531389,0.0,-0.03282059,0.01600558,0.006568113,-0.056563683,0.829735,0.021213014,0.29002252,-0.52258146
W0000244,0.02549778,0.0,-0.031431608,0.00032329466,-0.07165474,0.030167691,0.012763365,-0.018682182,0.08415462,0.42844304,2.2980077,-0.16728805,-0.105148345,0.037332106,-0.006205773,0.0,0.028676862,0.010904469,0.0,0.0,-0.013462683,0.004638335,-0.0028422393,-0.023506533,0.03650272,-0.04089825,0.0,0.053379692,-0.021813259,0.07449955,-0.010347059,0.0,-0.0014661358,-0.07461473,-0.060513496,-0.14951387,0.0,0.0026750108,0.0,0.0,-0.0039439853,0.0075859358,0.4361881,0.1420228,0.0,0.0,0.010297097,-0.009753048,0.5191723,0.0,0.0,0.0,-0.017717665,-0.04214224,-0.0026828235,-0.022468735,0.0,0.0,0.0,0.0,0.0,0.0,-0.03884663,-0.04431414,-0.1327365,0.009046913,0.0,-0.011458471,0.0,0.0,0.0,-0.02267664,-0.057811707,0.044456787,-0.12637281,0.06116353,0.0,0.17902623,-0.14277871,-0.19965363,0.0038240198,0.4134585,-0.012771191,-0.0010443471,-0.02581709,0.018950757,-0.03836608,0.0041216887,-0.0119162295,0.00155803,0.0026562298,0.009448124,-0.031937227,-0.09866272,0.32883123,0.0039706323,0.0,-0.007738375,0.0,-0.022650335,-0.014220054,-0.048126917,-0.036799543,0.6560278,0.021213014,0.29231316,-0.5541142
W0000245,0.02549778,0.0,-0.031431608,-0.008376084,-0.06034015,0.027701233,0.002322716,0.02359868,0.06130243,0.3507936,2.1109695,-0.19415838,-0.15475711,-0.23339605,-0.006205773,0.0,0.018415427,0.010904469,0.0,0.0,-0.016412739,0.004638335,-0.022954468,-0.04972528,-0.05026737,-0.085737996,0.0,0.04561729,0.031219222,-0.15771402,0.01819984,0.0,-0.0014661358,-0.10088264,-0.04331842,-0.13959803,0.0,0.00074903487,0.0,0.0,0.0065269433,0.0046732845,-0.67691654,-0.3760313,0.0,0.0,0.013019897,0.011283759,0.24493289,0.0,0.0,0.0,0.0033027634,-0.0456265,-0.018059755,0.0047894176,0.0,0.0,0.0,0.0,0.0,0.0,0.059254333,0.016874122,0.10420638,0.009046913,0.0,-0.011458471,0.0,0.0,0.0,-0.057086006,-0.057811707,0.050402917,-0.25822964,-0.08177318,0.0,-0.1966475,0.0140565075,0.12292071,0.0038240198,0.3985019,-0.00747908,0.001080007,-0.022851778,0.00829592,0.074938565,0.0020881167,-0.069080144,-0.09653485,0.0026562298,0.015746381,-0.032162078,-0.1423412,0.612646,-0.009067345,0.0,-0.10957618,0.0,0.044527527,0.01600558,0.0063272105,-0.054270536,0.79295075,0.021213014,0.26228842,0.0773074
W0000246,0.02549778,0.0,-0.031913172,-0.008287778,-0.10915093,0.021829419,0.012763365,0.012007143,0.054119244,0.3723227,1.9829733,-0.21840204,-0.16517489,-0.2573025,-0.007029475,0.0,0.018415427,0.010904469,0.0,0.0,-0.014917521,0.004638335,-0.0070936265,0.009155081,0.034975715,0.055957828,0.0,0.047085978,-0.021813259,-0.14699169,-0.010347059,0.0,-0.0014661358,0.066738866,-0.07941709,-0.15090005,0.0,0.0011384798,0.0,0.0,0.0015274035,-0.022805378,-0.5198706,-0.2249848,0.0,0.0,0.007385642,0.047252677,0.4700114,0.0,0.0,0.0,-0.006042149,-0.0456265,-0.018059755,-0.031391002,0.0,0.0,0.0,0.0,0.0,0.0,-0.029590242,0.013802314,-0.10262283,0.003398105,0.0,-0.011458471,0.0,0.0,0.0,-0.041931547,-0.048538804,-0.082725026,-0.09052471,0.067510664,0.0,-0.19990568,-0.042637937,-0.19965363,-0.009679914,-0.7187226,-0.012771191,-0.0010443471,0.011510219,-0.040847473,0.116752446,-0.013538529,-0.0430789,-0.10045743,0.00092254893,0.023763161,-0.033589892,-0.1371744,-0.5525271,-0.014466135,0.0,-0.18922737,0.0,-0.071613535,0.01600558,-0.031038143,-0.056563683,0.79681504,0.021213014,0.2413419,-0.2553934
W0000247,0.02549778,0.0,-0.015156532,0.00222449,-0.08164142,0.027701233,0.008187693,0.023186482,0.07833739,0.33967766,1.9485965,-0.19371326,-0.15937124,-0.3291522,-0.008198856,0.0,0.018415427,0.010904469,0.0,0.0,-0.057731807,0.004638335,-0.016688254,-0.023506533,-0.011819871,-0.11700892,0.0,0.054255307,-0.021813259,-0.050270848,-0.010347059,0.0,-0.0014661358,-0.037815157,-0.07941709,-0.13073574,0.0,0.0011384798,0.0,0.0,0.002579819,-0.022805378,-0.54360855,-0.22654758,0.0,0.0,0.009851182,-0.007305873,-1.1442076,0.0,0.0,0.0,0.0033027634,-0.053211622,-0.018059755,0.0047894176,0.0,0.0,0.0,0.0,0.0,0.0,-0.003698064,0.011458233,-0.105821274,0.003398105,0.0,-0.011458471,0.0,0.0,0.0,-0.05573919,-0.11199486,-0.03969609,-0.077655114,0.04144036,0.0,-0.18041202,-0.14830308,0.10799977,-0.044990946,0.32636696,-0.011167738,-0.00746914,-0.054722853,-0.008296803,-0.03045719,0.001955443,-0.024286125,0.06230391,0.00092254893,-0.019383883,0.0037014568,-0.12914062,-0.65943474,-0.0015618987,0.0,-0.10731459,0.0,0.003474785,-0.007818974,-0.0492929,0.059018582,0.8647152,0.021213014,0.26869076,-0.34632504
W0000248,0.02549778,0.0,-0.031431608,-0.0069122133,-0.09446886,0.033157565,0.012763365,0.025862467,0.07731735,0.3933214,2.1168709,-0.21840204,-0.17937075,-0.27407703,-0.006205773,0.0,0.018415427,0.010904469,0.0,0.0,-0.014917521,0.004638335,-0.0070936265,0.012418345,-0.020075526,0.06277348,0.0,0.049307287,-0.014569342,-0.14040472,-0.010347059,0.0,-0.0014661358,0.06774102,0.025656031,-0.13959803,0.0,0.0011384798,0.0,0.0,0.002579819,0.0046732845,-0.7122427,-0.1751672,0.0,0.0,0.013510514,-0.026413633,0.50763786,0.0,0.0,0.0,0.0033027634,-0.048253976,-0.018059755,0.0047894176,0.0,0.0,0.0,0.0,0.0,0.0,0.07624288,0.01767047,0.08025699,0.003398105,0.0,-0.011458471,0.0,0.0,0.0,-0.04939468,-0.0526585,-0.007021852,-0.34883428,-0.066435106,0.0,0.19430773,-0.15690808,-0.1920332,-0.009679914,0.43244284,-0.004495864,-0.0010443471,-0.045590878,0.00829592,-0.09270747,-0.011590302,0.007340258,-0.11016142,0.00092254893,-0.009880809,0.00715758,0.011614015,-0.58597517,-0.009067345,0.0,-0.09518928,0.0,-0.071613535,-0.032830574,0.006568113,-0.046941444,0.72246414,0.021213014,0.28596908,-0.026267141
W0000249,0.02549778,0.0,-0.021077534,-0.0010522697,-0.08727756,0.030167691,0.005558919,0.00915614,0.076971434,0.41256827,2.1154187,-0.21212207,-0.10394032,0.08348672,0.006257262,0.0,0.018415427,0.010904469,0.0,0.0,-0.013462683,-0.01766783,0.00097216654,-0.023506533,0.03274022,-0.06205132,0.0,0.050468415,-0.021813259,-0.1754582,-0.010347059,0.0,-0.0014661358,-0.0345736,-0.07941709,-0.15090005,0.0,0.0026750108,0.0,0.0,-0.0039416067,-0.01404916,-0.60275054,0.12020326,0.0,0.0,0.008644779,0.044345796,0.40548468,0.0,0.0,0.0,0.0033027634,-0.04214224,-0.018059755,-0.029390752,0.0,0.0,0.0,0.0,0.0,0.0,-0.058380388,-0.0327569,0.08635452,0.009046913,0.0,-0.011458471,0.0,0.0,0.0,-0.02267664,-0.058893308,-0.094790876,-0.21529251,-0.059151337,0.0,0.21096857,0.022885956,-0.1697573,0.003212058,-0.9358007,-0.02929924,-0.0010443471,-0.051089924,-0.01984753,-0.08686168,-0.013100846,0.016936786,-0.093553185,0.0026562298,-0.041312475,0.00715758,-0.13235927,0.48054066,-0.014466135,0.0,-0.0995063,0.0,-0.054992415,0.01600558,-0.0492929,-0.0471225,0.63783413,0.021213014,0.265245,-0.44396713
W0000250,0.02549778,0.0,-0.031913172,-0.0074057523,-0.13120548,0.023217801,0.011423896,0.012007143,0.07056589,0.3769884,1.9212425,-0.21840204,-0.20244883,-0.26280886,-0.007029475,0.0,0.018415427,0.010904469,0.0,0.0,-0.027030937,0.004638335,-0.023844196,0.012418345,-0.050545223,-0.06205132,0.0,0.048960008,0.019999169,-0.14410332,0.01819984,0.0,-0.0014661358,0.066738866,0.013399999,-0.15090005,0.0,0.00074903487,0.0,0.0,0.0015274035,0.0075859358,-0.60805666,-0.33133003,0.0,0.0,-0.003107395,0.031694166,0.45536,0.0,0.0,0.0,0.0033027634,-0.0456265,-0.018059755,0.0077635115,0.0,0.0,0.0,0.0,0.0,0.0,0.06493072,0.010600343,0.100721404,0.003398105,0.0,-0.011458471,0.0,0.0,0.0,-0.04338522,0.07796062,-0.08236109,-0.02087374,0.06116353,0.0,-0.20802188,-0.1015861,-0.1920332,-0.044990946,-0.91782117,-0.0014202297,-0.0010443471,-0.05356733,-0.040847473,-0.13561642,-0.013162834,-0.0430789,-0.095670514,0.00092254893,0.0014313441,0.009322835,-0.12030329,-0.62293077,-0.014466135,0.0,-0.19153914,0.0,-0.071613535,0.01600558,-0.031038143,-0.056563683,0.7106536,0.021213014,0.22342828,0.043869816
W0000251,0.02549778,0.0,-0.031431608,-0.0074057523,-0.118231416,0.027639817,0.012847334,0.008928178,0.054119244,0.3748533,1.9154148,-0.21840204,-0.17505646,-0.22810489,-0.006205773,0.0,0.018415427,0.010904469,0.0,0.0,-0.01763082,-0.01766783,0.006348255,-0.023506533,-0.02035338,-0.04436887,0.0,0.051389955,-0.021813259,-0.14240344,-0.010347059,0.0,-0.0014661358,-0.10237227,-0.07941709,-0.15090005,0.0,0.0011384798,0.0,0.0,0.0025782634,-0.01404916,-0.61443835,-0.17494103,0.0,0.0,0.006303329,-0.060555123,0.480537,0.0,0.0,0.0,-0.006042149,0.016202005,-0.018059755,0.009763762,0.0,0.0,0.0,0.0,0.0,0.0,-0.03884663,0.0148438355,-0.10262283,0.003398105,0.0,-0.011458471,0.0,0.0,0.0,-0.04939468,-0.057811707,0.044032805,-0.34098047,-0.059151337,0.0,0.17147397,-0.014787141,-0.19965363,-0.049307063,-1.0926176,-0.004495864,-0.0010443471,-0.051089924,-0.040847473,-0.025421541,0.0036840048,0.007340258,-0.093553185,0.00092254893,0.02255408,-0.033589892,-0.13815206,-0.53918296,-0.026775079,0.0,-0.09893234,0.0,-0.028727045,-0.032830574,0.006568113,-0.056563683,0.774258,0.021213014,0.26298133,-0.34426606
W0000252,0.02549778,0.0,-0.021077534,-0.0074057523,-0.08444764,0.025173359,0.012763365,0.008928178,0.080290794,0.3943536,2.0412624,-0.21840204,-0.17626448,-0.059354734,0.006257262,0.0,0.018415427,0.010904469,0.0,0.0,-0.01763082,-0.01766783,-0.016688254,-0.023506533,0.05267738,-0.085737996,0.0,0.04910586,0.031219222,-0.14907615,-0.010347059,0.0,-0.0014661358,0.06998042,-0.07320915,-0.13959803,0.0,0.0011384798,0.0,0.0,0.002579819,0.0046732845,-0.6017259,-0.26563054,0.0,0.0,0.007955646,0.011283759,0.51525086,0.0,0.0,0.0,-0.006042149,0.01882948,0.019540971,0.0033516905,0.0,0.0,0.0,0.0,0.0,0.0,-0.03884663,-0.036649093,-0.11207137,0.003398105,0.0,-0.011458471,0.0,0.0,0.0,-0.04939468,-0.058893308,-0.03553812,-0.34098047,-0.066435106,0.0,-0.19023275,-0.14830308,-0.19965363,-0.009679914,0.2820698,-0.012771191,-0.0010443471,-0.06797746,-0.03722047,-0.096689634,-0.013538529,0.013461599,-0.093381725,0.00092254893,0.009448124,-0.0153448265,-0.13755375,-0.5896943,-0.0015618987,0.0,-0.111313984,0.0,0.051508956,0.01600558,-0.0492929,-0.056563683,0.7449503,0.021213014,0.28696692,-0.34956044
W0000253,0.02549778,0.0,-0.015156532,0.003994643,-0.08941543,0.031271152,0.012763365,0.00907642,0.07844481,0.3661222,1.9289315,-0.19371326,-0.13594681,-0.020717632,0.0146349445,0.0,0.018415427,0.010904469,0.0,0.0,-0.04727667,-0.01766783,-0.0070936265,-0.023506533,0.01725388,-0.12654012,0.0,0.050577626,-0.021813259,-0.13215624,-0.010347059,0.0,-0.0014661358,0.06998042,-0.07941709,-0.15090005,0.0,0.0011384798,0.0,0.0,-0.0023350688,-0.01404916,-0.5767125,0.0073091066,0.0,0.0,-0.014489405,-0.05260355,-0.89508563,0.0,0.0,0.0,0.0033027634,-0.008661777,-0.018059755,0.009763762,0.0,0.0,0.0,0.0,0.0,0.0,-0.045054324,-0.028131768,0.00019310322,0.003398105,0.0,-0.011458471,0.0,0.0,0.0,-0.057086006,0.11518785,-0.062481374,-0.17467403,-0.07448941,0.0,0.14964248,-0.03323856,-0.19965363,-0.009679914,-0.70851135,-0.011167738,-0.00746914,0.010338165,0.008603463,-0.022749381,-0.01795644,0.016304074,-0.11707037,0.00092254893,-0.019383883,-0.033589892,-0.13381785,-0.66090554,-0.026775079,0.0,0.09420048,0.0,-0.071613535,0.01600558,0.006568113,-0.056563683,0.7632473,0.021213014,0.26915604,-0.3470434
W0000254,0.02549778,0.0,-0.021077534,-0.00015349826,-0.06998341,0.033157565,0.002406685,0.008928178,0.07774907,0.38195944,2.2551546,-0.21840204,-0.12058945,-0.22386557,-0.007029475,0.0,0.018415427,0.010904469,0.0,0.0,-0.0149579,-0.01766783,0.00097216654,0.012418345,0.03274022,0.06277348,0.0,0.04717256,-0.014569342,-0.16187283,-0.010347059,0.0,-0.0014661358,-0.036813,0.025656031,-0.13073574,0.0,0.0026750108,0.0,0.0,-0.0039439853,0.0046732845,-0.57002187,0.047615204,0.0,0.0,0.013510514,-0.013777511,0.4790669,0.0,0.0,0.0,-0.006042149,-0.03284574,0.019540971,0.0033516905,0.0,0.0,0.0,0.0,0.0,0.0,-0.058380388,-0.04431414,-0.11306656,0.009046913,0.0,-0.011458471,0.0,0.0,0.0,-0.04939468,0.068501316,-0.032538608,-0.22312337,-0.066435106,0.0,0.17437355,-0.15055305,-0.17759234,-0.0013225146,0.42614782,-0.008050583,-0.0010443471,-0.06550005,0.0156175345,-0.022740453,0.005632232,-0.07192263,-0.126878,0.0026562298,-0.041312475,0.0037014568,0.0043746866,0.50112253,-0.009067345,0.0,-0.007698112,0.0,-0.054992415,-0.014220054,-0.0492929,0.03065858,0.7772653,0.021213014,0.28298494,0.08997912
W0000255,0.02549778,0.0,-0.031431608,-0.0074057523,-0.10915093,0.03447859,0.012847334,-0.018682182,0.054119244,0.388184,2.103676,-0.17356803,-0.16272162,-0.25705242,-0.006205773,0.0,0.028676862,0.010904469,0.0,0.0,-0.01763082,0.004638335,0.002487767,-0.023506533,0.03525357,-0.0761574,0.0,0.047892675,-0.021813259,-0.11934444,-0.010347059,0.0,-0.0014661358,-0.037815157,-0.060513496,-0.1608159,0.0,0.0026750108,0.0,0.0,-0.0023350688,-0.01404916,0.38668323,-0.14357781,0.0,0.0,0.0002575908,-0.060555123,0.49346733,0.0,0.0,0.0,-0.017717665,0.016202005,-0.0026828235,-0.022468735,0.0,0.0,0.0,0.0,0.0,0.0,-0.033787936,0.0148438355,-0.105821274,0.003398105,0.0,-0.011458471,0.0,0.0,0.0,-0.04338522,-0.057811707,-0.05787818,-0.16556111,-0.059151337,0.0,0.15678842,-0.095515326,0.10091244,-0.049307063,-0.74588954,-0.02929924,-0.0010443471,0.0153722875,-0.017267782,0.003347665,-0.013100846,0.014593969,-0.062443864,0.00092254893,0.02255408,0.006914703,-0.1262789,-0.5686567,-0.0014281571,0.0,0.079155676,0.0,-0.05224467,-0.032830574,-0.0025984044,-0.063711725,0.76992506,0.021213014,0.26336572,-0.43492252
W0000256,0.02549778,0.0,-0.031431608,-0.0069122133,-0.10915093,0.030623745,0.009611131,0.012007143,0.054119244,0.35721895,2.028273,-0.21840204,-0.17505646,-0.23725161,-0.007029475,0.0,0.018415427,0.010904469,0.0,0.0,-0.01763082,0.004638335,-0.033438824,-0.023506533,0.03525357,0.06525192,0.0,0.06307093,-0.021813259,-0.039618485,-0.010347059,0.0,-0.0014661358,-0.07785629,-0.07941709,-0.14203776,0.0,0.00074903487,0.0,0.0,-0.0039416067,-0.01404916,-0.5018036,-0.1983948,0.0,0.0,0.008198865,-0.060555123,0.39640933,0.0,0.0,0.0,-0.006042149,-0.048253976,-0.018059755,-0.022468735,0.0,0.0,0.0,0.0,0.0,0.0,-0.033787936,0.013802314,-0.10262283,0.003398105,0.0,-0.011458471,0.0,0.0,0.0,-0.057086006,-0.048538804,-0.034426533,-0.295823,-0.07448941,0.0,-0.18235596,-0.014212081,0.17012373,-0.049307063,-0.96379423,0.008729893,-0.0010443471,0.011510219,0.015309991,0.0004477054,-0.013538529,-0.023153756,0.066901565,0.00092254893,0.02255408,-0.03383277,-0.13541025,-0.51370203,-0.014466135,0.0,0.10882434,0.0,0.003474785,0.01600558,-0.0025984044,0.059018582,0.7793144,0.021213014,0.25278056,-0.3209379
W0000257,0.02549778,0.0,-0.015156532,0.006947868,-0.079529494,0.037468463,0.012847334,0.025189577,0.085627995,0.36200446,1.9916556,-0.19371326,-0.15235291,0.071560115,0.0146349445,0.0,0.018415427,0.010904469,0.0,0.0,0.018036129,0.004638335,0.007132932,-0.023506533,0.015756262,0.0947312,0.0,0.050577626,-0.021813259,-0.11930994,-0.010347059,0.0,-0.0014661358,-0.16306484,-0.07941709,-0.13959803,0.0,0.0026750108,0.0,0.0,-0.0039439853,-0.01404916,-0.60127336,-0.09014069,0.0,0.0,0.010297097,-0.013392119,-0.75477105,0.0,0.0,0.0,-0.006042149,0.015248539,-0.018059755,0.0047894176,0.0,0.0,0.0,0.0,0.0,0.0,-0.039995633,0.015456552,-0.11207137,0.003398105,0.0,-0.011458471,0.0,0.0,0.0,0.07078722,0.10572855,-0.062091224,-0.24542917,-0.060764916,0.0,0.18166535,-0.12545158,0.10091244,-0.014214488,0.364098,-0.01883004,-0.00746914,-0.026265582,-0.020124715,-0.03439074,-0.0052698026,0.0044977823,-0.11639481,0.00092254893,-0.019383883,-0.028322471,0.008096794,-0.6829851,-0.009067345,0.0,0.083427966,0.0,-0.071613535,-0.032830574,-0.049533803,-0.058282547,0.75815165,0.021213014,0.27187797,-0.49866647
W0000258,-0.001596706,0.0,-0.031431608,-0.0069122133,-0.060902927,0.037468463,0.005558919,-0.021533186,0.08415462,0.42854866,2.4943688,-0.16728805,-0.12058945,0.06535822,0.0070197624,0.0,0.028676862,0.010904469,0.0,0.0,-0.014917521,-0.01766783,0.00097216654,0.012418345,0.00902761,0.048337627,0.0,0.05134231,-0.021813259,0.08254803,-0.010347059,0.0,-0.0014661358,0.07098258,-0.03062276,-0.14951387,0.0,0.0026750108,0.0,0.0,-0.0039439853,-0.022805378,0.43327045,0.1633182,0.0,0.0,0.013510514,-0.0068461676,0.4645487,0.0,0.0,0.0,-0.017717665,0.01882948,-0.0026828235,0.0047894176,0.0,0.0,0.0,0.0,0.0,0.0,-0.05217269,0.013672151,-0.1327365,0.009046913,0.0,-0.011458471,0.0,0.0,0.0,-0.02267664,-0.042880986,-0.056414247,-0.13429716,0.05677843,0.0,-0.16065301,-0.14749189,-0.1697573,0.0038240198,0.43279564,0.008729893,-0.0010443471,-0.02581709,0.018950757,-0.045863274,-0.011590302,-0.007363648,-0.004399647,0.0026562298,0.009448124,-0.031937227,0.065598436,0.5107312,0.0039706323,0.0,0.09188641,0.0,-0.024684861,-0.032830574,0.007734094,-0.036799543,0.6484132,0.021213014,0.30000377,0.017891426
W0000259,0.02549778,0.0,-0.021077534,-0.008376084,-0.13120548,0.03447859,0.009527162,0.012235105,0.07310761,0.3795487,2.0784605,-0.21840204,-0.17748009,0.025656886,0.006257262,0.0,0.018415427,0.010904469,0.0,0.0,0.012009987,0.004638335,0.006348255,-0.005829362,0.049049623,-0.06205132,0.0,0.062796846,0.031219222,-0.102820575,-0.010347059,0.0,-0.0014661358,-0.0345736,-0.07320915,-0.15090005,0.0,0.0011384798,0.0,0.0,0.0025782634,-0.022805378,-0.589267,-0.24154505,0.0,0.0,0.008198865,-0.064174145,0.3380159,0.0,0.0,0.0,-0.006042149,0.016847098,0.011106845,0.0033516905,0.0,0.0,0.0,0.0,0.0,0.0,-0.033787936,0.010600343,-0.11526983,0.003398105,0.0,-0.011458471,0.0,0.0,0.0,-0.057086006,-0.058893308,-0.034062594,-0.33395872,-0.066944696,0.0,-0.08263803,0.02420706,0.16303639,-0.009679914,-1.0041394,-0.004495864,-0.0010443471,-0.051089924,0.008017315,-0.13561642,-0.013162834,-0.05437624,0.0645392,0.00092254893,0.009448124,0.00715758,-0.12636262,-0.5494525,-0.014466135,0.0,0.1023008,0.0,-0.028727045,-0.014220054,0.006568113,-0.09799863,0.7179588,0.021213014,0.27460667,-0.124912135
W0000260,-0.001596706,0.0,-0.012781825,0.003994643,-0.08955072,0.027701233,0.012763365,0.00907642,0.07833739,0.3577493,2.0835903,-0.19371326,-0.14985012,-0.3291522,-0.008198856,0.0,0.018415427,0.010904469,0.0,0.0,-0.04605858,-0.01766783,-0.0055165086,0.012418345,0.040868837,-0.11700892,0.0,0.050431766,-0.014569342,-0.1299968,-0.010347059,0.0,-0.0014661358,0.066738866,0.025656031,-0.13959803,0.0,0.0026750108,0.0,0.0,-0.0039439853,-0.01404916,-0.5259846,-0.10901664,0.0,0.0,0.013510514,0.0075536957,-1.1600361,0.0,0.0,0.0,-0.006042149,-0.010897068,0.019540971,0.0047894176,0.0,0.0,0.0,0.0,0.0,0.0,-0.045054324,-0.029465903,-0.10262283,0.003398105,0.0,-0.011458471,0.0,0.0,0.0,-0.05573919,-0.11199486,-0.012023633,-0.059338547,-0.07448941,0.0,-0.16956459,-0.14965418,-0.19965363,-0.009679914,0.33361593,-0.004823425,-0.00746914,-0.029506346,0.015031384,-0.03254472,-0.0037592598,0.016304074,-0.09862272,0.00092254893,-0.019383883,-0.033589892,-0.14660794,-0.64642715,-0.03451601,0.0,-5.1300973e-05,0.0,-0.071613535,0.01600558,0.006568113,-0.056563683,0.87949026,0.021213014,0.26532257,0.08161481
W0000261,0.02549778,0.0,-0.015156532,0.00222449,-0.08941543,0.037468463,0.012763365,-0.00900788,0.07799148,0.39384192,2.0830872,-0.14259928,-0.11513735,0.0849926,0.008102258,0.0,0.028676862,0.010904469,0.0,0.0,-0.055018507,0.004638335,0.002487767,-0.023506533,-0.04076256,-0.1258485,0.0,0.05660723,-0.014569342,-0.08871407,-0.010347059,0.0,-0.0014661358,0.07098258,0.008535031,-0.1608159,0.0,0.0026750108,0.0,0.0,-0.0023350688,-0.022805378,0.37056112,0.0908362,0.0,0.0,0.008347634,-0.054771658,-0.9664561,0.0,0.0,0.0,-0.017717665,0.010612596,-0.0026828235,0.0047894176,0.0,0.0,0.0,0.0,0.0,0.0,-0.035797942,0.008386425,-0.13325465,0.009046913,0.0,-0.011458471,0.0,0.0,0.0,-0.029021151,-0.11610819,-0.062481374,-0.04102166,0.04144036,0.0,-0.16890895,-0.036607996,-0.19965363,-0.04477249,-0.77411973,-0.011167738,-0.00746914,-0.0010184781,0.018950757,-0.037791476,-0.01795644,0.013461599,0.048682272,0.0026562298,-0.020592965,0.00715758,0.059643142,-0.22817822,-0.0014281571,0.0,0.09754972,0.0,-0.05224467,0.01600558,-0.0492929,-0.09085059,0.71912754,0.021213014,0.2608866,-0.4341083
W0000262,0.02549778,0.0,-0.012781825,0.006947868,-0.057656124,0.03447859,0.005642888,-0.014089942,0.0661863,0.3892556,2.1536329,-0.14259928,-0.08825511,-0.30020598,-0.008198856,0.0,0.028676862,0.010904469,0.0,0.0,-0.055018507,-0.01766783,-0.00462678,-0.023506533,0.024559435,0.09390397,0.0,0.05315505,-0.021813259,-0.13901928,-0.010347059,0.0,-0.0014661358,0.066738866,-0.060513496,-0.14951387,0.0,0.0026750108,0.0,0.0,-0.0039439853,-0.022805378,0.23773561,0.078703694,0.0,0.0,0.010297097,-0.013392119,-1.0588449,0.0,0.0,0.0,-0.017717665,0.010612596,0.008628188,0.0033516905,0.0,0.0,0.0,0.0,0.0,0.0,-0.047114,-0.004697731,-0.12060764,0.009046913,0.0,-0.011458471,0.0,0.0,0.0,0.053634763,-0.11199486,0.039455004,-0.13115025,0.05516485,0.0,-0.15111983,-0.12763283,0.13080874,-0.0007105535,0.3403237,-0.011167738,-0.00746914,-0.02214069,-0.028818509,0.00069064414,-0.0052698026,-0.007363648,-0.06164048,0.0026562298,0.023763161,-0.028322471,-0.13100028,0.45743427,-0.015704397,0.0,0.08163413,0.0,0.0022807494,-0.032830574,0.0063272105,-0.054270536,0.84733385,0.021213014,0.28388724,-0.48965648
W0000263,0.02549778,0.0,-0.015638094,0.00222449,-0.08164142,0.02873555,0.012847334,-0.006308941,0.08131084,0.3684302,1.9768527,-0.16210803,-0.13320097,-0.061991405,-0.008198856,0.0,0.018415427,0.010904469,0.0,0.0,-0.057731807,-0.01766783,0.002487767,-0.034050845,0.044758376,-0.10923956,0.0,0.049050882,-0.021813259,-0.14286567,-0.010347059,0.0,-0.0014661358,-0.116980396,-0.060513496,-0.14951387,0.0,0.0026750108,0.0,0.0,-0.0039439853,0.0046732845,-0.29514349,0.003621248,0.0,0.0,0.010297097,-0.013392119,-1.1706008,0.0,0.0,0.0,-0.006042149,0.010612596,-0.016077608,-0.008811419,0.0,0.0,0.0,0.0,0.0,0.0,-0.045054324,-0.005486146,-0.11526983,0.003398105,0.0,-0.011458471,0.0,0.0,0.0,-0.05573919,-0.106841646,-0.03900433,0.0070169494,-0.08177318,0.0,-0.17399728,-0.12430386,-0.19965363,-0.014214488,-0.12060682,-0.016174385,-0.00746914,-0.060873605,0.014578901,-0.07634502,0.0023931272,-0.046714306,-0.13517274,-0.0072187497,-0.019383883,0.00715758,0.05845041,-0.630331,-0.021478033,0.0,-0.16317256,0.0,-0.06536296,0.01600558,0.004397517,-0.035197556,0.7781021,0.021213014,0.26175857,-0.41071737
W0000264,0.02549778,0.0,-0.031913172,-0.0074057523,-0.09763956,0.023455223,0.012847334,0.018590359,0.076971434,0.44037724,2.283771,-0.16728805,-0.10949986,0.085623816,0.006257262,0.0,0.028676862,0.010904469,0.0,0.0,-0.014917521,0.004638335,-0.04435558,0.012418345,-0.05019132,-0.05954846,0.0,0.053379692,-0.014569342,0.07449955,-0.010347059,0.0,-0.0014661358,-0.07461473,0.044559628,-0.1608159,0.0,0.0011485481,0.0,0.0,0.0015274035,0.0075859358,0.43135983,0.1497494,0.0,0.0,-0.060986783,-0.060555123,0.47022504,0.0,0.0,0.0,0.00968484,-0.048253976,-0.0026828235,0.0033516905,0.0,0.0,0.0,0.0,0.0,0.0,0.06493072,0.011641865,0.09177402,0.009046913,0.0,-0.011458471,0.0,0.0,0.0,-0.01666718,-0.058893308,-0.032538608,0.07259188,0.06116353,0.0,0.21233578,-0.03670315,-0.1920332,-0.0007105535,-0.8633039,-0.02929924,-0.0010443471,0.0066316393,-0.07142613,-0.08877222,-0.011590302,-0.011166015,-0.0007436415,0.0026562298,0.0014313441,-0.013692161,-0.10104335,0.26998168,-0.0014281571,0.0,-0.18782508,0.0,-0.009494465,0.01600558,-0.048126917,-0.036799543,0.57748246,0.021213014,0.27463755,-0.015995383
W0000265,0.02549778,0.0,-0.020236904,-0.0069122133,-0.13120548,0.025462149,0.012847334,0.008903593,0.07056589,0.3726929,1.9893858,-0.21840204,-0.21233039,-0.26280886,-0.007029475,0.0,0.018415427,0.010904469,0.0,0.0,0.01322807,0.004638335,0.0055558146,-0.04972528,-0.020075526,0.030012418,0.0,0.058766946,0.031219222,-0.10049531,0.01819984,0.0,-0.0014661358,0.06774102,-0.04331842,-0.15090005,0.0,0.0011384798,0.0,0.0,0.0015274035,0.002258628,-0.6242254,-0.3997639,0.0,0.0,0.008883567,-0.060555123,0.35608977,0.0,0.0,0.0,0.0033027634,-0.031947725,-0.018059755,-0.013326308,0.0,0.0,0.0,0.0,0.0,0.0,0.06579312,0.010600343,0.08345545,0.003398105,0.0,-0.011458471,0.0,0.0,0.0,-0.04939468,0.0013832357,-0.082718484,-0.3489383,-0.059257902,0.0,-0.19269021,-0.10231021,0.14521794,-0.014214488,-0.9064225,0.0068550985,0.001080007,-0.036215905,0.015309991,-0.17315762,-0.025068913,0.004646304,-0.14459898,0.00092254893,-0.009880809,-0.033589892,0.15607105,-0.534175,-0.0023990069,0.0,-0.14639586,0.0,-0.071613535,0.01600558,0.006568113,-0.06965238,0.7056576,0.021213014,0.22027256,0.05481098
W0000266,0.02549778,0.0,-0.031913172,-0.0074057523,-0.10354935,0.028212134,0.012763365,0.018362394,0.06559798,0.40980658,2.3216255,-0.16728805,-0.15856129,-0.26440716,-0.007029475,0.0,0.028676862,0.010904469,0.0,0.0,-0.016412739,0.004638335,0.002487767,-0.056174483,-0.12877664,-0.06662619,0.0,0.05092971,0.031219222,0.04439176,-0.010347059,0.0,-0.0014661358,0.066738866,-0.02189764,-0.14951387,0.0,0.0026750108,0.0,0.0,0.002579819,-0.022805378,0.3997538,0.11425925,0.0,0.0,0.013510514,0.011283759,0.54985714,0.0,0.0,0.0,-0.017717665,-0.0456265,-0.0026828235,-0.022468735,0.0,0.0,0.0,0.0,0.0,0.0,0.0025096359,0.02087244,-0.1264864,0.009046913,0.0,-0.011458471,0.0,0.0,0.0,-0.01666718,0.07796062,-0.09332693,0.17126608,0.05677843,0.0,0.19430773,-0.13950528,0.10091244,-0.009679914,0.3671403,-0.01794828,-0.0010443471,-0.02581709,0.025964828,0.052870493,0.005632232,0.010791603,-0.006211956,0.0026562298,0.023763161,0.005354121,-0.088274784,-0.2390949,-0.015704397,0.0,-0.18177025,0.0,-0.05224467,-0.032830574,-0.048126917,-0.053388767,0.725598,0.021213014,0.26935774,0.09582514
W0000267,0.02549778,0.0,-0.015156532,0.003994643,-0.08001599,0.027701233,0.00529706,-0.014089942,0.07799148,0.4031642,2.2590091,-0.14259928,-0.07997922,-0.011594651,0.008102258,0.0,0.028676862,0.010904469,0.0,0.0,0.054506294,-0.01766783,0.0019835269,0.012418345,0.01725388,-0.10923956,0.0,0.057006046,-0.014569342,0.073433556,-0.010347059,0.0,-0.0014661358,-0.0345736,0.044559628,-0.1608159,0.0,0.0026750108,0.0,0.0,-0.0023350688,-0.022805378,0.4081496,0.13110666,0.0,0.0,0.0118509885,-0.04132665,-0.9015179,0.0,0.0,0.0,-0.017717665,-0.025064616,0.008628188,-0.022468735,0.0,0.0,0.0,0.0,0.0,0.0,-0.058380388,-0.023577042,-0.1327365,0.009046913,0.0,-0.011458471,0.0,0.0,0.0,-0.021189496,-0.1212614,-0.012023633,-0.12345902,0.084978096,0.0,-0.19011544,-0.037708122,-0.1697573,-0.012805201,-0.7138735,-0.004823425,-0.00746914,-0.015203442,0.017774474,-0.050910313,0.0039036702,0.018069157,-0.0055647325,0.0026562298,-0.019383883,-0.031937227,-0.12044332,0.4977419,-0.013737101,0.0,-0.09389072,0.0,-0.008733091,0.01600558,0.007734094,-0.036799543,0.7212612,0.021213014,0.25341943,0.09086196
W0000268,0.02549778,0.0,-0.015156532,0.0046019717,-0.05976805,0.033157565,0.002406685,-0.014089942,0.08796068,0.38133448,2.2500558,-0.14259928,-0.08825511,-0.13073656,-0.0152558815,0.0,0.028676862,0.010904469,0.0,0.0,-0.055018507,-0.01766783,0.00097216654,-0.023506533,0.017283266,0.09390397,0.0,0.061866954,-0.021813259,0.026777087,-0.010347059,0.0,-0.0014661358,0.07098258,-0.060513496,-0.14065158,0.0,0.0026750108,0.0,0.0,-0.009978284,0.0046732845,0.38270402,0.114567764,0.0,0.0,0.010967823,-0.013392119,-1.0140741,0.0,0.0,0.0,-0.017717665,0.010612596,-0.0026828235,-0.029390752,0.0,0.0,0.0,0.0,0.0,0.0,-0.053321697,-0.005486146,-0.13593496,0.009046913,0.0,-0.011458471,0.0,0.0,0.0,-0.029021151,0.10140538,0.039455004,-0.06813171,-0.08177318,0.0,-0.15555252,0.027577776,0.14515585,-0.0007105535,0.3856633,-0.011167738,-0.00746914,0.010222011,0.025964828,-0.013022905,0.0023931272,-0.069080144,0.038124833,0.0026562298,-0.019383883,0.0088102445,0.12171918,0.45376942,0.005427354,0.0,-0.09219974,0.0,-0.024684861,0.01600558,0.007734094,0.036759876,0.71973836,0.021213014,0.2777667,-0.5686688
W0000269,0.02549778,0.0,-0.015156532,0.00222449,-0.08164142,0.029104164,0.012847334,-0.014114525,0.085174665,0.3841383,2.0814097,-0.14259928,-0.14429057,-0.06795451,0.008102258,0.0,0.028676862,0.010904469,0.0,0.0,-0.055018507,0.004638335,-0.0055165086,-0.023506533,0.01725388,-0.116317295,0.0,0.054282762,-0.021813259,0.06069562,-0.010347059,0.0,-0.0014661358,0.07098258,-0.060513496,-0.14951387,0.0,0.0026750108,0.0,0.0,-0.0039439853,0.0075859358,0.41917342,0.1083021,0.0,0.0,-0.049222328,-0.013392119,-1.1952534,0.0,0.0,0.0,-0.017717665,-0.053843383,-0.0026828235,0.0047894176,0.0,0.0,0.0,0.0,0.0,0.0,-0.035797942,0.015456552,-0.12549122,0.003398105,0.0,-0.011458471,0.0,0.0,0.0,-0.01984268,-0.11610819,0.039455004,-0.10156184,0.089363195,0.0,0.1853746,-0.12864868,-0.1886869,-0.014214488,0.35416642,-0.016174385,-0.00746914,0.010222011,0.015092783,-0.0724348,0.0023931272,0.013461599,-0.0014169635,0.00092254893,-0.019383883,-0.031937227,0.13358735,-0.69652134,0.0039706323,0.0,-0.058616146,0.0,-0.04130598,0.01600558,-0.048126917,-0.046240732,0.6863376,0.021213014,0.2637663,-0.5107672
W0000270,-0.001596706,0.0,-0.012781825,0.003994643,-0.055984788,0.032012127,0.005642888,-0.014089942,0.0661863,0.36841232,2.2784114,-0.14259928,-0.091068804,-0.29741204,-0.008198856,0.0,0.028676862,0.010904469,0.0,0.0,-0.04605858,-0.01766783,0.0019835269,-0.06009811,0.03987592,-0.116317295,0.0,0.054643698,-0.021813259,0.04340885,-0.010347059,0.0,-0.0014661358,-0.10088264,-0.03062276,-0.14065158,0.0,0.0026750108,0.0,0.0,-0.0039439853,-0.022805378,0.3934973,0.11306873,0.0,0.0,0.013510514,-0.011224009,-1.1684368,0.0,0.0,0.0,-0.017717665,-0.008661777,0.008628188,-0.022468735,0.0,0.0,0.0,0.0,0.0,0.0,-0.05217269,-0.032023963,-0.12328794,0.009046913,0.0,-0.011458471,0.0,0.0,0.0,-0.029021151,-0.11199486,0.04593706,-0.06324817,0.04144036,0.0,-0.16956459,-0.13930887,-0.17759234,-0.0007105535,0.34490907,-0.004823425,-0.00746914,-0.024618095,-0.044957682,0.004885889,-0.024053924,-0.009073754,-0.01247357,-0.020784434,0.023763161,-0.033012398,-0.12933221,0.4772416,-0.021478033,0.0,0.08163413,0.0,-0.008733091,-0.007818974,-0.0183497,0.027657092,0.8022554,0.021213014,0.26636735,0.096392274
W0000271,0.02549778,0.0,-0.015156532,0.0008489257,-0.11147,0.029504117,0.012847334,0.014400795,0.085174665,0.4038331,2.1527672,-0.14259928,-0.11795105,-0.022867288,0.008102258,0.0,0.028676862,0.010904469,0.0,0.0,0.06508993,0.004638335,0.002487767,0.012418345,-0.12169409,-0.10923956,0.0,0.057976097,-0.021813259,0.05887783,-0.010347059,0.0,-0.0014661358,-0.116980396,-0.03062276,-0.1608159,0.0,0.0026750108,0.0,0.0,-0.0039439853,-0.022805378,0.38364685,0.0987375,0.0,0.0,-0.069123685,-0.05115263,-1.0186759,0.0,0.0,0.0,0.00968484,-0.04920744,-0.0026828235,-0.029390752,0.0,0.0,0.0,0.0,0.0,0.0,-0.035797942,0.016244967,-0.13593496,0.009046913,0.0,-0.011458471,0.0,0.0,0.0,0.044232063,-0.11610819,0.040918946,0.011681072,0.05516485,0.0,0.19702832,-0.10941769,-0.19965363,-0.049307063,-0.31086105,-0.004823425,-0.00746914,-0.044920705,-0.07142613,0.06943519,-0.0037592598,0.016304074,-0.008050198,-0.020784434,-0.020592965,0.0088102445,0.061263278,-0.22876732,0.0039706323,0.0,0.083274506,0.0,-0.05224467,0.01600558,0.007734094,-0.046240732,0.70006543,0.021213014,0.2455728,0.09242679
W0000272,0.02549778,0.0,-0.015156532,0.00222449,-0.079529494,0.030425185,0.012847334,0.020082932,0.07833739,0.34673107,1.9201941,-0.19371326,-0.1470364,-0.3200055,-0.008198856,0.0,0.018415427,0.010904469,0.0,0.0,-0.057731807,0.004638335,-0.0055165086,-0.07797696,0.044758376,-0.11700892,0.0,0.048557743,-0.014569342,-0.14650536,-0.010347059,0.0,-0.0014661358,-0.14696711,0.05149104,-0.13959803,0.0,0.0026750108,0.0,0.0,-0.0039439853,-0.022805378,-0.56994885,0.0021120552,0.0,0.0,-0.049222328,-0.013392119,-1.1190983,0.0,0.0,0.0,-0.006042149,-0.053843383,-0.018059755,0.0047894176,0.0,0.0,0.0,0.0,0.0,0.0,-0.035797942,0.015456552,-0.10262283,0.003398105,0.0,-0.011458471,0.0,0.0,0.0,-0.057086006,-0.11199486,-0.048354834,-0.16041344,0.04144036,0.0,0.17701267,-0.13591099,-0.19965363,-0.014214488,0.24698155,-0.011167738,-0.00746914,-0.05939164,0.0070980527,-0.08616109,-0.0052698026,0.016304074,-0.117215134,0.00092254893,-0.019383883,-0.033589892,-0.12029187,-0.7030039,-0.012270651,0.0,0.083427966,0.0,-0.071613535,0.01600558,0.006568113,-0.056563683,0.8688582,0.021213014,0.28073576,-0.35880142
W0000273,0.02549778,0.0,-0.015156532,5.668495e-05,-0.08164142,0.030167691,0.012763365,-0.02094597,0.06663963,0.3847808,2.0378985,-0.14887923,-0.18614605,-0.33440855,0.0146349445,0.0,0.028676862,0.010904469,0.0,0.0,-0.055018507,0.004638335,-0.0055165086,-0.023506533,-0.042011715,0.07457043,0.0,0.04971172,-0.021813259,-0.11687102,-0.010347059,0.0,-0.0014661358,0.066738866,-0.060513496,-0.14065158,0.0,0.0026750108,0.0,0.0,-0.0039439853,0.0046732845,0.30637646,-0.23878399,0.0,0.0,0.009851182,0.008252639,-0.75535196,0.0,0.0,0.0,0.00968484,0.011244357,-0.0026828235,-0.029390752,0.0,0.0,0.0,0.0,0.0,0.0,-0.029590242,0.016244967,-0.016348168,0.003398105,0.0,-0.011458471,0.0,0.0,0.0,-0.057086006,0.11518785,-0.036588404,-0.22252446,-0.08177318,0.0,0.19430773,-0.12340258,-0.20748866,-0.04477249,0.23878178,0.018835738,-0.0010443471,-0.018945321,0.013095076,-0.0017409497,0.001955443,0.013461599,-0.09186423,0.00092254893,0.02255408,0.0037014568,-0.10119158,-0.6344712,0.0039706323,0.0,-0.09597553,0.0,-0.04130598,0.01600558,-0.0492929,0.04120282,0.8064377,0.021213014,0.2681601,-0.40570992
W0000274,0.02549778,0.0,-0.031431608,-0.0074057523,-0.14028597,0.02541078,0.012763365,0.012007143,0.07157647,0.40016073,2.0093043,-0.21840204,-0.21233039,-0.08072589,-0.006205773,0.0,0.018415427,0.010904469,0.0,0.0,-0.027030937,0.004638335,-0.033438824,0.012418345,-0.050545223,-0.06205132,0.0,0.052804574,0.031219222,-0.1354908,-0.010347059,0.0,-0.0014661358,0.06998042,-0.04331842,-0.14203776,0.0,0.00074903487,0.0,0.0,0.0025782634,0.0075859358,-0.6612148,-0.3155347,0.0,0.0,-0.096915506,-0.008672971,0.44617504,0.0,0.0,0.0,0.0033027634,0.01882948,-0.018059755,0.0033516905,0.0,0.0,0.0,0.0,0.0,0.0,0.07624288,0.010600343,0.10634603,0.003398105,0.0,-0.011458471,0.0,0.0,0.0,-0.04939468,-0.057811707,-0.057938233,-0.35761264,-0.047221527,0.0,-0.18957712,-0.00960586,-0.19986823,-0.009679914,-0.7938285,-0.01794828,-0.0010443471,-0.051089924,-0.031279873,-0.1287829,0.0040597003,0.016304074,-0.12449601,0.00092254893,-0.009880809,0.005866712,-0.12997866,-0.62349164,-0.01766944,0.0,-0.12650493,0.0,-0.03282059,-0.007818974,0.006568113,0.04120282,0.7028205,0.021213014,0.25764844,0.05586731
W0000275,0.02549778,0.0,-0.031913172,-0.0074057523,-0.06998341,0.023217801,0.005558919,0.03587927,0.0647076,0.40588796,2.1037161,-0.21840204,-0.16463868,-0.005082879,0.0070197624,0.0,0.018415427,0.010904469,0.0,0.0,-0.016412739,0.004638335,-0.004419357,-0.04972528,-0.050545223,-0.06912905,0.0,0.045763142,0.031219222,-0.19026683,0.01819984,0.0,-0.0014661358,0.06998042,-0.04331842,-0.13959803,0.0,0.0011384798,0.0,0.0,0.002579819,-0.022805378,-0.700553,-0.34461418,0.0,0.0,0.010022564,0.011283759,0.48358148,0.0,0.0,0.0,0.0033027634,-0.0456265,-0.018059755,-0.008811419,0.0,0.0,0.0,0.0,0.0,0.0,0.06970409,0.013672151,0.11263741,0.009046913,0.0,-0.011458471,0.0,0.0,0.0,-0.041931547,-0.0032653715,-0.08236109,-0.085052885,0.067510664,0.0,-0.1966475,-0.16054939,-0.16213688,0.0038240198,0.3030115,-0.008050583,-0.0010443471,-0.06797746,-0.040847473,-0.079041004,0.0040597003,-0.02565625,-0.10113882,0.0026562298,0.015746381,0.009322835,-0.12529585,0.4820986,-0.009067345,0.0,-0.19729508,0.0,-0.052957892,0.01600558,-0.031038143,-0.0471225,0.6770002,0.021213014,0.2618575,0.06336878
W0000276,0.02549778,0.0,-0.031431608,-0.00015349826,-0.10647623,0.03447859,0.009611131,0.0066643893,0.07353933,0.3605647,1.9449141,-0.21840204,-0.16272162,-0.061167758,0.0070197624,0.0,0.018415427,0.010904469,0.0,0.0,-0.016175982,-0.01766783,0.0009106493,-0.023506533,0.028935382,0.055957828,0.0,0.05589596,-0.021813259,-0.12149615,-0.010347059,0.0,-0.0014661358,-0.1114563,-0.07941709,-0.15090005,0.0,0.0011384798,0.0,0.0,-0.0023350688,-0.01404916,-0.6385839,-0.12205786,0.0,0.0,0.008347634,-0.051538028,0.13228264,0.0,0.0,0.0,-0.006042149,-0.03284574,-0.018059755,0.0033516905,0.0,0.0,0.0,0.0,0.0,0.0,-0.039995633,-0.043145884,-0.11207137,0.003398105,0.0,-0.011458471,0.0,0.0,0.0,-0.05573919,0.07846522,-0.09518102,-0.20861399,-0.07448941,0.0,0.196283,-0.09511076,0.16303639,-0.049307063,-0.8187748,-0.010554714,-0.0010443471,-0.051089924,-0.016497709,0.110658675,-0.01795644,-0.05437624,-0.11315786,0.00092254893,-0.020592965,-0.028322471,-0.12486832,-0.5494864,-0.014466135,0.0,0.09534574,0.0,-0.082552224,-0.014220054,0.0063272105,-0.063711725,0.7662144,0.021213014,0.2674647,-0.38643628
W0000277,0.02549778,0.0,-0.015156532,0.00222449,-0.05976805,0.03447859,0.005558919,0.023186482,0.062322475,0.36721557,2.0322545,-0.19371326,-0.10590646,-0.27239454,0.008102258,0.0,0.018415427,0.010904469,0.0,0.0,-0.055018507,0.004638335,-0.0006049512,-0.023506533,-0.042011715,-0.11646072,0.0,0.056652337,-0.021813259,-0.13620588,-0.010347059,0.0,-0.0014661358,0.066738866,-0.025630655,-0.13959803,0.0,0.0011384798,0.0,0.0,0.0065269433,-0.022805378,-0.6179498,-0.14916056,0.0,0.0,0.010521907,0.008252639,-1.0247332,0.0,0.0,0.0,-0.006042149,-0.053211622,-0.018059755,0.0047894176,0.0,0.0,0.0,0.0,0.0,0.0,-0.024816874,0.016244967,-0.10986812,0.009046913,0.0,-0.011458471,0.0,0.0,0.0,0.050611366,-0.1212614,0.03903102,-0.2063376,0.06934825,0.0,0.17701267,0.07002838,-0.1697573,0.0038240198,0.3619857,-0.01883004,-0.00746914,-0.058628283,0.00829592,0.01178648,0.001955443,0.019779263,-0.117215134,0.0026562298,0.023763161,-0.028322471,-0.12867984,0.48410836,-0.012270651,0.0,0.08516577,0.0,-0.054992415,-0.032830574,0.0063272105,-0.0471225,0.87264776,0.021213014,0.3003228,-0.42982247
W0000278,0.02549778,0.0,-0.031431608,-0.009258109,-0.106720045,0.026114289,0.002406685,-0.018682182,0.076971434,0.40276363,2.2895935,-0.16728805,-0.10949986,-0.001870851,-0.006205773,0.0,0.028676862,0.010904469,0.0,0.0,-0.014917521,0.004638335,-0.00462678,0.012418345,0.008998223,0.04152198,0.0,0.051429942,0.031219222,0.06802481,0.01819984,0.0,-0.0014661358,-0.15754077,-0.024414824,-0.15195361,0.0,0.0026750108,0.0,0.0,0.0015274035,0.0046732845,0.43418413,0.13328813,0.0,0.0,-0.10973864,-0.060555123,0.4686846,0.0,0.0,0.0,-0.017717665,-0.048253976,-0.0026828235,-0.029390752,0.0,0.0,0.0,0.0,0.0,0.0,-0.05217269,0.011641865,-0.1327365,0.009046913,0.0,-0.011458471,0.0,0.0,0.0,-0.01666718,-0.057811707,0.03998955,-0.067541026,-0.066435106,0.0,0.21233578,-0.09648417,-0.17759234,-0.0007105535,-0.89198434,-0.004495864,-0.0010443471,-0.011406962,0.015092783,-0.08483867,0.0046477,-0.069080144,-0.005273929,0.0026562298,0.009448124,-0.036055796,-0.10104335,0.4811005,0.020192442,0.0,-0.093745574,0.0,-0.009494465,0.01600558,-0.003943263,0.027657092,0.6785741,0.021213014,0.26066974,-0.010251183
W0000279,0.02549778,0.0,-0.031431608,0.0008168337,-0.07165474,0.029104164,0.005642888,0.005824627,0.064275876,0.41158614,2.1673093,-0.21840204,-0.115029916,0.031152993,0.006257262,0.0,0.018415427,0.010904469,0.0,0.0,-0.013462683,-0.01766783,0.00097216654,-0.023506533,0.03525357,0.06277348,0.0,0.047637172,-0.021813259,-0.15809861,-0.010347059,0.0,-0.0014661358,0.07098258,-0.07941709,-0.13959803,0.0,0.0026750108,0.0,0.0,-0.0039439853,0.0075859358,-0.5089191,-0.1359164,0.0,0.0,-0.049222328,-0.013777511,0.5024102,0.0,0.0,0.0,-0.006042149,-0.03284574,0.019540971,0.0033516905,0.0,0.0,0.0,0.0,0.0,0.0,-0.047114,-0.04431414,-0.11931666,0.009046913,0.0,-0.011458471,0.0,0.0,0.0,-0.04338522,-0.0537401,-0.094790876,-0.015412625,-0.047221527,0.0,0.17902623,-0.13602522,0.12087831,-0.0007105535,0.42194226,-0.004495864,0.001080007,-0.02037437,-0.010978495,-0.13490826,0.0041216887,0.016936786,-0.08916716,0.0026562298,0.023763161,-0.028322471,0.14898323,0.4675677,0.0029997826,0.0,-0.013499119,0.0,-0.054992415,0.01600558,-0.049533803,-0.048841357,0.717112,0.021213014,0.2820495,-0.47695306
W0000280,0.02549778,0.0,-0.031431608,-0.008287778,-0.106720045,0.02541078,0.002406685,0.032775722,0.07310761,0.39946845,2.0256102,-0.21840204,-0.15354909,0.0377527,0.006257262,0.0,0.018415427,0.010904469,0.0,0.0,-0.016412739,0.004638335,-0.022954468,-0.06009811,-0.050545223,0.055957828,0.0,0.045763142,0.019999169,-0.17630702,-0.010347059,0.0,-0.0014661358,-0.15754077,0.013399999,-0.15090005,0.0,0.00074903487,0.0,0.0,0.0015274035,0.0075859358,-0.638049,-0.3720604,0.0,0.0,-0.047748294,-0.060555123,0.44570208,0.0,0.0,0.0,-0.006042149,-0.048253976,-0.018059755,-0.029390752,0.0,0.0,0.0,0.0,0.0,0.0,0.0022243094,0.011641865,-0.11931666,0.009046913,0.0,-0.011458471,0.0,0.0,0.0,-0.04338522,-0.058893308,0.043285154,-0.07407009,-0.047221527,0.0,0.21233578,-0.09983589,-0.1697573,-0.0007105535,-0.80328107,0.0068550985,0.001080007,-0.03305132,-0.031279873,-0.16166006,0.0040597003,-0.036147557,-0.09061275,0.0026562298,0.009448124,-0.028322471,-0.13346925,0.48440945,-0.026775079,0.0,-0.09719454,0.0,-0.03980202,0.01600558,0.0063272105,-0.041693322,0.71906996,0.021213014,0.2362909,0.07368654
W0000281,0.02549778,0.0,-0.015156532,0.003994643,-0.11147,0.027639817,0.012763365,-0.014089942,0.07799148,0.39733773,2.1356337,-0.14259928,-0.1387605,-0.032151002,-0.008198856,0.0,0.028676862,0.010904469,0.0,0.0,-0.04727667,-0.01766783,0.002487767,0.012418345,0.043585274,-0.091557115,0.0,0.054282762,-0.021813259,0.06069562,-0.010347059,0.0,-0.0014661358,-0.0345736,-0.03062276,-0.1608159,0.0,0.0026750108,0.0,0.0,-0.0023350688,-0.01404916,0.41527355,0.12302911,0.0,0.0,0.008575994,-0.05260355,-1.094563,0.0,0.0,0.0,0.00968484,-0.008661777,-0.0026828235,0.0047894176,0.0,0.0,0.0,0.0,0.0,0.0,-0.045054324,-0.025573708,0.113478854,0.003398105,0.0,-0.011458471,0.0,0.0,0.0,-0.029021151,-0.11199486,-0.062075153,0.019932128,-0.07448941,0.0,0.1973828,-0.040232237,-0.19965363,-0.009679914,-0.7905047,-0.016174385,-0.00746914,-0.012726036,-0.08099374,-0.04119641,-0.035466544,0.0044977823,-0.004357401,-0.0072187497,-0.019383883,-0.017531766,-0.10626258,-0.69188404,-0.0046314634,0.0,-0.09168424,0.0,-0.05224467,0.01600558,-0.048126917,-0.040811554,0.6189631,0.021213014,0.24059996,0.0010748506
W0000282,0.02549778,0.0,-0.031431608,0.0008168337,-0.08444764,0.037468463,0.009611131,-0.018682182,0.06516626,0.39039803,2.3441186,-0.16728805,-0.16392964,-0.2786297,-0.006205773,0.0,0.028676862,0.010904469,0.0,0.0,-0.013462683,0.004638335,-0.0055165086,-0.060299795,0.03650272,0.048337627,0.0,0.061715737,-0.021813259,0.052093677,-0.010347059,0.0,-0.0014661358,0.06774102,-0.049472682,-0.14951387,0.0,0.0026750108,0.0,0.0,0.0065269433,0.0046732845,0.37867594,0.125858,0.0,0.0,0.010967823,-0.013777511,0.54991186,0.0,0.0,0.0,-0.017717665,-0.03284574,-0.0026828235,0.0047894176,0.0,0.0,0.0,0.0,0.0,0.0,-0.033787936,-0.054703124,-0.11604265,0.003398105,0.0,-0.011458471,0.0,0.0,0.0,-0.01666718,-0.0526585,-0.09332693,-0.015742978,-0.066435106,0.0,0.17902623,0.06950019,0.15310597,-0.014214488,0.43199044,-0.012771191,-0.0010443471,-0.02581709,0.018950757,0.0089477785,-0.011590302,-0.02144365,-0.0030208547,0.00092254893,0.023763161,-0.013692161,0.12753509,-0.54586685,0.005427354,0.0,0.082681976,0.0,-0.04130598,0.01600558,0.007734094,-0.053388767,0.717136,0.021213014,0.29058218,-0.3816994
W0000283,0.02549778,0.0,-0.015156532,0.00222449,-0.06965399,0.029104164,0.012847334,0.023186482,0.08131084,0.38578278,1.8985701,-0.19371326,-0.08950035,-0.015375068,0.008102258,0.0,0.018415427,0.010904469,0.0,0.0,-0.055018507,0.004638335,0.008230085,-0.023506533,0.016034117,-0.05111663,0.0,0.0553383,-0.021813259,-0.140567,-0.010347059,0.0,-0.0014661358,-0.03357144,-0.07941709,-0.15090005,0.0,0.0011384798,0.0,0.0,-0.0039439853,-0.01404916,-0.633804,-0.18130516,0.0,0.0,-0.081249766,-0.05115263,-0.8595712,0.0,0.0,0.0,-0.006042149,-0.053843383,-0.018059755,0.002789167,0.0,0.0,0.0,0.0,0.0,0.0,-0.029590242,0.011458233,-0.11931666,0.009046913,0.0,-0.011458471,0.0,0.0,0.0,-0.057086006,-0.11610819,-0.048778825,-0.22093849,-0.07448941,0.0,-0.1752115,-0.10796367,-0.19965363,-0.0007105535,-0.3556744,-0.019806419,-0.00746914,-0.05939164,0.0056142285,-0.05757675,0.001955443,-0.07220049,-0.10052491,0.0026562298,0.009448124,-0.03383277,0.047811985,0.2931343,-0.009067345,0.0,-0.007926681,0.0,-0.052957892,0.01600558,-0.004769,-0.0471225,0.77566504,0.021213014,0.2586416,-0.4149126
W0000284,0.02549778,0.0,-0.0039618267,0.00222449,-0.07790406,0.029773045,0.00529706,0.009051835,0.07844481,0.3755349,2.0350606,-0.19371326,-0.14197233,-0.0059479903,0.0146349445,0.0,0.018415427,0.010904469,0.0,0.0,-0.056513727,0.004638335,-0.0006049512,-0.06009811,-0.042011715,-0.10938299,0.0,0.055128746,-0.021813259,-0.13160464,-0.010347059,0.0,-0.0014661358,0.07098258,-0.049526356,-0.15090005,0.0,0.0011384798,0.0,0.0,0.0015274035,-0.009182955,-0.625241,-0.26816028,0.0,0.0,0.010258574,-0.04349476,-0.7101481,0.0,0.0,0.0,-0.006042149,-0.038182225,-0.018059755,0.011931593,0.0,0.0,0.0,0.0,0.0,0.0,-0.02596588,0.009427946,-0.12251512,0.009046913,0.0,-0.011458471,0.0,0.0,0.0,0.050611366,0.10572855,-0.059499957,-0.23394544,0.068214044,0.0,0.15106583,-0.102721855,0.14799894,-0.012805201,-0.7614764,-0.010554714,-0.00746914,-0.03782446,0.00829592,-0.101951495,-0.017237872,-0.027982801,-0.12561706,0.0026562298,-0.019383883,0.00715758,0.044188693,0.4756595,-0.014466135,0.0,0.10082258,0.0,-0.054992415,0.01600558,-0.031038143,-0.08312826,0.7565442,0.021213014,0.22451034,0.012474082
W0000285,0.02549778,0.0,-0.031431608,-0.0074057523,-0.118231416,0.027639817,0.012763365,0.012007143,0.07013416,0.38082647,1.9170399,-0.21840204,-0.17505646,-0.2595687,-0.006205773,0.0,0.018415427,0.010904469,0.0,0.0,-0.007801085,0.004638335,0.0009106493,-0.023506533,-0.050545223,-0.06205132,0.0,0.048960008,-0.021813259,-0.14410332,-0.010347059,0.0,-0.0014661358,0.066738866,-0.07941709,-0.15090005,0.0,0.0011384798,0.0,0.0,-0.0039416067,0.0075859358,-0.63746625,-0.21546036,0.0,0.0,0.006303329,-0.008672971,0.41901928,0.0,0.0,0.0,0.0033027634,0.01882948,-0.018059755,0.0033516905,0.0,0.0,0.0,0.0,0.0,0.0,-0.029590242,0.011641865,-0.013149708,0.003398105,0.0,-0.011458471,0.0,0.0,0.0,-0.05573919,-0.057811707,-0.008909777,-0.21207646,-0.0625596,0.0,0.21233578,-0.03636702,-0.19965363,-0.009679914,-0.9456661,-0.004495864,-0.0010443471,-0.051089924,-0.040847473,-0.11047059,0.0036840048,0.016304074,-0.08916716,0.00092254893,0.009448124,-0.033589892,-0.044966385,-0.59862125,-0.026775079,0.0,-0.10124411,0.0,-0.082552224,-0.014220054,0.006568113,-0.056563683,0.7996765,0.021213014,0.26905647,-0.39913124
W0000286,0.02549778,0.0,-0.031431608,-0.0006470373,-0.07165474,0.027639817,0.002322716,-0.018682182,0.06516626,0.39444187,2.2906804,-0.16728805,-0.105148345,-0.22477788,-0.006205773,0.0,0.028676862,0.010904469,0.0,0.0,-0.013462683,0.004638335,0.0019835269,-0.023506533,-0.019999478,-0.06662619,0.0,0.05562923,-0.021813259,0.06551424,-0.010347059,0.0,-0.0014661358,-0.14696711,-0.060513496,-0.14951387,0.0,0.0026750108,0.0,0.0,-0.009978284,-0.022805378,0.39873976,0.09770279,0.0,0.0,0.009072285,0.00837688,0.53037304,0.0,0.0,0.0,-0.017717665,-0.04214224,0.008628188,-0.022468735,0.0,0.0,0.0,0.0,0.0,0.0,-0.047114,-0.0077353027,-0.12328794,0.009046913,0.0,-0.011458471,0.0,0.0,0.0,0.033532485,-0.057811707,0.044456787,-0.1460676,0.06503524,0.0,0.1937118,0.027484486,0.14799894,0.0038240198,0.40961716,-0.012771191,-0.0010443471,-0.02581709,-0.08099374,0.021288576,0.0041216887,-0.07338112,-0.0022027437,0.0026562298,0.023763161,-0.05045349,-0.09810115,0.4211282,0.0039706323,0.0,-0.1077863,0.0,0.0030421228,0.01600558,0.0047098654,-0.043947585,0.74446815,0.021213014,0.2803921,-0.5846696
W0000287,0.02549778,0.0,-0.015638094,0.0009387103,-0.11147,0.02568426,0.012847334,-0.018942874,0.06629372,0.41518962,2.1474595,-0.14259928,-0.16828115,0.077157706,0.0146349445,0.0,0.028676862,0.010904469,0.0,0.0,-0.057731807,0.004638335,-0.04524531,0.012418345,-0.041935664,-0.041866012,0.0,0.054282762,-0.021813259,0.06057771,-0.010347059,0.0,-0.0014661358,0.0684908,-0.03062276,-0.1608159,0.0,0.0011485481,0.0,0.0,-0.0023350688,0.0046732845,0.42609364,0.121523306,0.0,0.0,0.008575994,-0.05115263,-0.6559073,0.0,0.0,0.0,0.00968484,0.010612596,-0.0026828235,0.002789167,0.0,0.0,0.0,0.0,0.0,0.0,-0.0025490578,0.010216361,0.113478854,0.003398105,0.0,-0.011458471,0.0,0.0,0.0,-0.029021151,0.11518785,-0.07204473,-0.053609446,-0.08177318,0.0,0.21233578,-0.040579684,-0.19965363,-0.014214488,-0.9809997,0.018835738,-0.0010443471,-0.009530669,-0.08099374,-0.038570665,-0.0037592598,-0.0430789,-0.004049139,0.00092254893,0.023763161,-0.03577683,-0.016179316,-0.72348464,-0.0014281571,0.0,-0.16100973,0.0,-0.04130598,0.01600558,-0.029872162,-0.046240732,0.607142,0.021213014,0.23366846,0.025714912
W0000288,0.02549778,0.0,-0.031431608,-0.0074057523,-0.060902927,0.027639817,0.012847334,0.036107235,0.0647076,0.40353584,2.1628497,-0.21840204,-0.16463868,0.09184612,0.0070197624,0.0,0.018415427,0.010904469,0.0,0.0,-0.016412739,0.004638335,-0.042571038,-0.056174483,-0.050545223,-0.05144661,0.0,0.04611043,-0.021813259,-0.16500196,-0.010347059,0.0,-0.0014661358,-0.0345736,-0.049526356,-0.13959803,0.0,0.0011485481,0.0,0.0,0.002579819,-0.022805378,-0.6437123,-0.24113938,0.0,0.0,0.010022564,-0.022794608,0.4564618,0.0,0.0,0.0,0.0033027634,-0.048253976,-0.018059755,0.0077635115,0.0,0.0,0.0,0.0,0.0,0.0,0.06970409,0.016874122,0.10983101,0.009046913,0.0,-0.011458471,0.0,0.0,0.0,-0.04939468,0.07846522,-0.09485092,-0.30363205,-0.051606625,0.0,-0.16065301,-0.13103154,-0.16213688,-0.0007105535,0.31241995,-0.008050583,-0.0010443471,-0.06550005,-0.040847473,0.031877287,-0.013162834,-0.07220049,-0.11212186,0.0026562298,0.015746381,-0.037429497,-0.14240348,0.460087,-0.012270651,0.0,0.0074432623,0.0,-0.052957892,0.01600558,0.004397517,-0.037500262,0.6732594,0.021213014,0.2684332,0.07875106
W0000289,0.02549778,0.0,-0.015156532,0.0012541581,-0.091662645,0.037468463,0.009611131,0.014400795,0.08265455,0.3615143,2.1103232,-0.14887923,-0.16779402,-0.3385146,-0.0152558815,0.0,0.028676862,0.010904469,0.0,0.0,-0.06713192,0.019046335,-0.04524531,0.012418345,-0.12052099,-0.1305668,0.0,0.057569154,-0.021813259,-0.12138429,-0.010347059,0.0,-0.0014661358,-0.10640674,-0.03062276,-0.14065158,0.0,0.0011485481,0.0,0.0,-0.0039439853,-0.01404916,0.27770817,0.043219645,0.0,0.0,0.013510514,-0.013392119,-1.1038481,0.0,0.0,0.0,0.00968484,-0.053843383,-0.0026828235,-0.022468735,0.0,0.0,0.0,0.0,0.0,0.0,0.06579312,0.015456552,0.10843959,0.003398105,0.0,-0.011458471,0.0,0.0,0.0,-0.05573919,0.10140538,0.040918946,-0.0600134,-0.07448941,0.0,0.17701267,-0.14545391,0.15230528,-0.049307063,0.35875112,-0.007842432,-0.00746914,0.013417377,0.021592971,-0.015269844,0.0039036702,-0.058928825,-0.100747705,0.00092254893,-0.011089892,0.005866712,0.12171097,-0.70371336,0.005427354,0.0,0.08153671,0.0,-0.04130598,0.01600558,-0.0492929,0.048977163,0.7504453,0.021213014,0.2564696,0.072802626
W0000290,0.02549778,0.0,-0.015156532,0.00222449,-0.08941543,0.027639817,0.012763365,0.012155388,0.058112733,0.35942954,1.8540022,-0.19371326,-0.14828163,-0.037846085,0.008102258,0.0,0.018415427,0.010904469,0.0,0.0,-0.055018507,0.004638335,-0.0055165086,-0.07797696,-0.012097724,-0.109931186,0.0,0.047636263,-0.021813259,-0.1469649,-0.010347059,0.0,-0.0014661358,-0.0345736,-0.07941709,-0.15090005,0.0,0.0026750108,0.0,0.0,-0.0039416067,-0.022805378,-0.52497464,-0.16445395,0.0,0.0,0.006303329,0.044221558,-0.9880887,0.0,0.0,0.0,0.0033027634,0.011244357,-0.018059755,0.0033516905,0.0,0.0,0.0,0.0,0.0,0.0,-0.029590242,0.010216361,0.10353964,0.003398105,0.0,-0.011458471,0.0,0.0,0.0,-0.057086006,-0.1212614,-0.062515214,-0.24785537,0.04144036,0.0,0.15788819,-0.03636702,-0.19965363,-0.04477249,-0.8057307,-0.011167738,-0.00746914,0.047139477,-0.040847473,-0.018233044,-0.0057074865,0.016304074,-0.09445734,0.00092254893,0.02255408,-0.037429497,-0.14337128,-0.67243606,-0.026775079,0.0,-0.09513321,0.0,-0.071613535,0.01600558,0.006568113,-0.056563683,0.7118333,0.021213014,0.25385627,-0.39330193
W0000291,0.02549778,0.0,-0.012781825,0.008718021,-0.08001599,0.029721677,0.002406685,-0.014089942,0.05513929,0.389649,2.1094759,-0.14887923,-0.07997922,-0.27388683,-0.008198856,0.0,0.028676862,0.010904469,0.0,0.0,-0.044563368,-0.01766783,0.0019835269,0.012418345,0.0444966,0.087088324,0.0,0.05315505,-0.021813259,-0.14354026,-0.010347059,0.0,-0.0014661358,-0.10088264,-0.03062276,-0.1608159,0.0,0.0026750108,0.0,0.0,-0.0023350688,0.0075859358,0.36278337,-0.10651077,0.0,0.0,-0.07853977,-0.048984524,-0.88923615,0.0,0.0,0.0,0.00968484,-0.008661777,0.008628188,0.0033516905,0.0,0.0,0.0,0.0,0.0,0.0,-0.05217269,-0.025573708,-0.020394996,0.009046913,0.0,-0.011458471,0.0,0.0,0.0,-0.057086006,-0.11199486,0.040918946,-0.18503833,0.04582546,0.0,0.1936735,-0.09213419,-0.1697573,-0.0007105535,-0.8164176,-0.016174385,-0.00746914,-0.0010184781,-0.036623843,-0.05285034,0.0039036702,-0.036147557,-0.05787971,0.0026562298,0.023763161,-0.015587702,-0.11924074,0.41857773,-0.013737101,0.0,0.094047025,0.0,0.0030421228,0.01600558,-0.0025984044,-0.0471225,0.81566334,0.021213014,0.26461935,-0.01886776
W0000292,0.02549778,0.0,-0.015156532,0.00222449,-0.08164142,0.032012127,0.009611131,-0.014089942,0.062322475,0.35851702,2.041875,-0.14887923,-0.1470364,-0.32451352,-0.008198856,0.0,0.028676862,0.010904469,0.0,0.0,-0.057731807,-0.01766783,0.007925373,-0.023506533,0.043509226,-0.13292624,0.0,0.061786488,-0.021813259,-0.117158234,-0.010347059,0.0,-0.0014661358,-0.10088264,-0.060513496,-0.14951387,0.0,0.0026750108,0.0,0.0,-0.009978284,-0.022805378,0.358105,-0.09018117,0.0,0.0,0.010967823,-0.013392119,-1.174621,0.0,0.0,0.0,-0.017717665,0.010612596,0.008628188,0.0033516905,0.0,0.0,0.0,0.0,0.0,0.0,-0.033787936,0.012246648,-0.10262283,0.003398105,0.0,-0.011458471,0.0,0.0,0.0,0.00091434084,-0.11199486,0.039455004,-0.21063758,-0.066944696,0.0,-0.17597933,0.06677266,0.16303639,-0.014214488,0.36698347,0.018222716,-0.00746914,0.0021611527,-0.017267782,0.0037065255,0.0023931272,-0.02144365,-0.06347306,0.00092254893,0.023763161,-0.03383277,-0.12877065,-0.6364518,0.0039706323,0.0,0.07989632,0.0,0.0015805084,-0.014220054,-0.0025984044,-0.063711725,0.8378281,0.021213014,0.2750832,-0.44221708
W0000293,0.02549778,0.0,-0.015156532,0.0027088635,-0.091662645,0.027639817,0.012763365,-0.013140384,0.06529592,0.4087069,2.254505,-0.14887923,-0.14867972,-0.043782126,0.008102258,0.0,0.021058837,0.010904469,0.0,0.0,-0.04605858,-0.01766783,0.007925373,0.012418345,0.04323137,-0.06662619,0.0,0.066693015,-0.021813259,-0.11761007,-0.010347059,0.0,-0.0014661358,-0.07461473,-0.03062276,-0.14951387,0.0,0.0026750108,0.0,0.0,-0.009978284,-0.022805378,0.019512007,-0.051963978,0.0,0.0,0.014091782,0.0075536957,-0.67289543,0.0,0.0,0.0,-0.017717665,-0.010897068,0.008628188,0.0033516905,0.0,0.0,0.0,0.0,0.0,0.0,-0.033787936,-0.03713095,-0.11931666,0.009046913,0.0,-0.011458471,0.0,0.0,0.0,0.050611366,-0.1212614,-0.05830834,-0.16566594,0.06934825,0.0,0.17902623,0.06774385,0.16303639,-0.009679914,0.26471543,-0.00747908,-0.0010443471,-0.033160232,-0.04981845,-0.04607215,0.0039036702,0.0044977823,-0.057914175,0.0026562298,0.023763161,-0.028322471,-0.11941325,-0.13189243,0.0039706323,0.0,0.0067065917,0.0,-0.01153778,-0.014220054,-0.049533803,-0.063711725,0.7915886,0.021213014,0.25813904,0.10841877
W0000294,0.02549778,0.0,-0.015156532,0.007342457,-0.05976805,0.030167691,0.012847334,0.00907642,0.08131084,0.3900764,2.0141654,-0.19371326,-0.11578801,-0.075231224,-0.008198856,0.0,0.018415427,0.010904469,0.0,0.0,-0.044563368,-0.01766783,-0.0006049512,-0.034050845,-0.011819871,0.10402528,0.0,0.05346427,-0.014569342,-0.16821423,-0.010347059,0.0,-0.0014661358,-0.03357144,0.05149104,-0.13959803,0.0,0.0011384798,0.0,0.0,-0.0039439853,0.0075859358,-0.663277,-0.18525614,0.0,0.0,0.009851182,-0.011224009,-0.9125837,0.0,0.0,0.0,-0.006042149,-0.008661777,0.019540971,-0.029390752,0.0,0.0,0.0,0.0,0.0,0.0,-0.045054324,-0.03713095,-0.11931666,0.009046913,0.0,-0.011458471,0.0,0.0,0.0,-0.05573919,-0.106841646,-0.048778825,-0.17432338,-0.0625596,0.0,0.17547332,-0.1373747,-0.19965363,-0.0007105535,0.36141095,-0.010554714,-0.00746914,-0.058628283,0.00829592,-0.022830818,0.001955443,0.019779263,-0.09069657,0.0026562298,-0.019383883,-0.033589892,-0.005348947,0.32299972,-0.009067345,0.0,-0.08965235,0.0,-0.054992415,0.01600558,0.006568113,-0.0471225,0.79663867,0.021213014,0.2938293,-0.28955975
W0000295,0.02549778,0.0,-0.015156532,0.006947868,-0.08941543,0.032012127,0.012847334,0.012155388,0.07115421,0.35956448,1.8678534,-0.19371326,-0.14828163,-0.28886095,-0.0152558815,0.0,0.018415427,0.010904469,0.0,0.0,-0.057731807,0.004638335,0.002487767,-0.023506533,-0.011819871,0.091077395,0.0,0.050431766,-0.021813259,-0.12718341,-0.010347059,0.0,-0.0014661358,0.066738866,-0.07941709,-0.15090005,0.0,0.0026750108,0.0,0.0,-0.0023350688,-0.01404916,-0.56691915,-0.17707358,0.0,0.0,0.009281178,-0.05115263,-0.9475321,0.0,0.0,0.0,0.0033027634,0.010612596,-0.018059755,0.0033516905,0.0,0.0,0.0,0.0,0.0,0.0,-0.03884663,0.00917484,-0.105821274,0.003398105,0.0,-0.011458471,0.0,0.0,0.0,-0.05573919,-0.0698145,-0.01391156,-0.19349292,-0.07448941,0.0,-0.18735372,-0.03468731,-0.19965363,-0.014214488,-0.6755613,-0.011167738,-0.00746914,-0.052454393,0.00829592,-0.018233044,-0.0057074865,0.016304074,-0.11651985,-0.0072187497,0.009448124,0.00715758,-0.12843826,-0.6490734,-0.026775079,0.0,0.097029485,0.0,-0.082552224,-0.014220054,0.006568113,-0.056563683,0.836688,0.021213014,0.26654205,-0.34659165
W0000296,0.02549778,0.0,-0.031431608,-0.009258109,-0.096358046,0.029104164,0.002406685,0.008903593,0.07310761,0.37041673,1.9999452,-0.21840204,-0.11627515,-0.0056512654,-0.006205773,0.0,0.018415427,0.010904469,0.0,0.0,-0.014917521,0.004638335,-0.004419357,-0.07797696,-0.020075526,0.055957828,0.0,0.045763142,-0.014569342,-0.180828,-0.010347059,0.0,-0.0014661358,-0.116980396,0.05149104,-0.15090005,0.0,0.0011384798,0.0,0.0,0.0015274035,0.0046732845,-0.65275186,-0.22593841,0.0,0.0,-0.057609838,-0.060555123,0.43373823,0.0,0.0,0.0,0.0033027634,0.016202005,-0.018059755,-0.029390752,0.0,0.0,0.0,0.0,0.0,0.0,-0.058380388,0.011641865,-0.12251512,0.009046913,0.0,-0.011458471,0.0,0.0,0.0,-0.04338522,-0.0526585,0.044032805,-0.1991168,-0.066435106,0.0,0.19765021,-0.09506504,-0.1697573,-0.0007105535,-0.8998591,-0.004495864,-0.0010443471,-0.03305132,0.012628298,-0.17315762,0.0036840048,-0.069080144,-0.09154914,0.0026562298,-0.019383883,0.00345858,0.034655884,0.46478793,-0.014466135,0.0,0.01611989,0.0,-0.052957892,0.01600558,-0.0025984044,-0.0471225,0.71890116,0.021213014,0.26660898,-0.3260477
W0000297,-0.001596706,0.0,-0.012781825,0.0027088635,-0.091662645,0.030167691,0.012847334,0.005972869,0.085174665,0.385368,2.1824942,-0.18743329,-0.16948919,-0.07800026,0.008102258,0.0,0.018415427,0.010904469,0.0,0.0,-0.056676783,-0.01766783,0.002487767,0.012418345,0.024559435,-0.06912905,0.0,0.052247852,-0.021813259,-0.08871407,-0.010347059,0.0,-0.0014661358,-0.1114563,-0.049526356,-0.13959803,0.0,0.0026750108,0.0,0.0,-0.0039439853,0.0046732845,-0.54631376,0.07626796,0.0,0.0,-0.04615987,-0.011224009,-0.8422947,0.0,0.0,0.0,-0.006042149,-0.008661777,0.019540971,0.0033516905,0.0,0.0,0.0,0.0,0.0,0.0,-0.045054324,-0.013151191,-0.12600936,0.003398105,0.0,-0.011458471,0.0,0.0,0.0,0.00091434084,-0.1212614,0.044026628,-0.19997826,-0.08177318,0.0,0.1890591,-0.12783645,-0.19965363,-0.014826449,0.3573674,-0.00747908,-0.0010443471,-0.026265582,0.0156175345,-0.076729804,0.0039036702,0.016304074,0.059668943,0.00092254893,-0.041312475,0.00715758,-0.11556462,-0.7328882,-0.0015618987,0.0,-0.11350162,0.0,-0.082552224,0.01600558,0.006568113,-0.09085059,0.7269826,0.021213014,0.26850602,0.07224132
W0000298,-0.001596706,0.0,-0.015156532,0.0016487469,-0.08955072,0.03447859,0.009527162,-0.014089942,0.0734769,0.3529001,2.2169027,-0.14259928,-0.15259594,-0.084448725,0.0146349445,0.0,0.028676862,0.010904469,0.0,0.0,-0.056676783,-0.01766783,0.002487767,0.012418345,0.044758376,-0.13292624,0.0,0.05321543,-0.021813259,0.052453715,-0.010347059,0.0,-0.0014661358,-0.1114563,-0.03062276,-0.14951387,0.0,0.0026750108,0.0,0.0,-0.0039439853,-0.022805378,0.37101263,0.11251971,0.0,0.0,0.013510514,-0.014843034,-1.1231064,0.0,0.0,0.0,-0.017717665,-0.008661777,0.008628188,-0.029390752,0.0,0.0,0.0,0.0,0.0,0.0,-0.033787936,-0.012362776,-0.12549122,0.003398105,0.0,-0.011458471,0.0,0.0,0.0,0.053634763,0.11518785,0.034987766,-0.15419097,-0.053220205,0.0,0.17641674,-0.15271534,0.10091244,-0.04477249,0.31944323,0.00018322491,-0.00746914,0.0046385583,0.018950757,0.034384727,-0.004743791,-0.05721872,-0.004221515,0.00092254893,0.02255408,-0.05045349,-0.11992193,-0.7451082,-0.015704397,0.0,0.07801041,0.0,-0.05224467,-0.014220054,-0.04919335,-0.053388767,0.7133634,0.021213014,0.25154874,0.07135057
W0000299,0.02549778,0.0,-0.031913172,-0.0074057523,-0.14028597,0.02568426,0.012847334,0.018362394,0.054899216,0.4265736,2.279529,-0.16728805,-0.16828115,0.003895212,0.006257262,0.0,0.028676862,0.010904469,0.0,0.0,0.014723286,0.004638335,-0.015111137,-0.033537336,0.007854508,-0.05954846,0.0,0.052594714,-0.014569342,0.08564546,-0.010347059,0.0,-0.0014661358,-0.0345736,0.047076814,-0.15195361,0.0,0.0026750108,0.0,0.0,-0.0039439853,-0.022805378,0.40898412,0.10952165,0.0,0.0,0.011614978,-0.060555123,0.51660585,0.0,0.0,0.0,-0.017717665,-0.047608882,-0.0026828235,0.0033516905,0.0,0.0,0.0,0.0,0.0,0.0,-0.029590242,0.02087244,-0.12549122,0.003398105,0.0,-0.011458471,0.0,0.0,0.0,-0.01666718,-0.058893308,0.04592073,0.20089108,0.05677843,0.0,0.2174926,-0.11043057,-0.20748866,-0.014214488,-0.4557585,-0.004495864,-0.0010443471,-0.02581709,-0.08099374,-0.0187204,0.005632232,0.012501708,-0.009216347,-0.0072187497,0.02028278,-0.05045349,-0.122165926,-0.52533674,-0.021478033,0.0,-0.16131552,0.0,-0.0025130343,0.01600558,-0.04919335,0.038201332,0.6543367,0.021213014,0.27441627,-0.03241229
W0000300,0.02549778,0.0,-0.0039618267,0.006947868,-0.091662645,0.022472274,0.012763365,0.011297245,0.05715087,0.3904645,2.1399584,-0.14259928,-0.15259594,-0.35401413,-0.008198856,0.0,0.028676862,0.010904469,0.0,0.0,0.05447173,0.004638335,-0.0055165086,0.0065593505,-0.12052099,0.09390397,0.0,0.061600894,-0.014569342,0.042629816,-0.010347059,0.0,-0.0014661358,0.06774102,0.044559628,-0.14065158,0.0,0.0026750108,0.0,0.0,-0.0039439853,0.002258628,0.40474635,0.14422846,0.0,0.0,0.013510514,-0.009877289,-1.1443069,0.0,0.0,0.0,0.00968484,-0.03291452,-0.0026828235,-0.013326308,0.0,0.0,0.0,0.0,0.0,0.0,0.06579312,0.011458233,0.11066062,0.003398105,0.0,-0.011458471,0.0,0.0,0.0,-0.029021151,-0.11199486,-0.03754039,0.13240778,-0.07459597,0.0,-0.07327697,-0.1322514,0.16223569,-0.010291876,0.36201602,-0.008455455,-0.00746914,0.007057427,0.018950757,-0.0724348,0.0039036702,0.0018038293,-0.15715763,0.00092254893,-0.02938485,0.0109755,-0.0012484156,-0.6892865,0.0039706323,0.0,-0.09629923,0.0,-0.04130598,-0.007818974,-0.048126917,0.047304116,0.6565299,0.021213014,0.23182234,0.06560637
W0000301,0.02549778,0.0,-0.015156532,-0.00012140628,-0.11147,0.022944322,0.009527162,0.023186482,0.059456445,0.34907705,1.9343345,-0.19371326,-0.18280974,-0.31117803,0.0146349445,0.0,0.018415427,0.010904469,0.0,0.0,-0.06713192,0.004638335,-0.04524531,0.012418345,-0.012097724,-0.109931186,0.0,0.050431766,0.019999169,-0.10982385,-0.010347059,0.0,-0.0014661358,0.066738866,0.031201364,-0.15090005,0.0,0.0011485481,0.0,0.0,0.0015274035,0.0046732845,-0.5320143,-0.1758112,0.0,0.0,-0.046373285,-0.011704093,-1.0296147,0.0,0.0,0.0,0.0033027634,-0.053211622,-0.018059755,-0.029390752,0.0,0.0,0.0,0.0,0.0,0.0,0.06493072,0.00917484,0.09791501,0.003398105,0.0,-0.011458471,0.0,0.0,0.0,-0.05573919,0.11518785,-0.062508665,0.22816974,-0.08177318,0.0,-0.18735372,-0.032436058,-0.1920332,-0.009679914,-0.52796406,-0.004823425,-0.00746914,-0.052454393,-0.031279873,0.07483532,-0.017237872,-0.05721872,-0.09635672,0.00092254893,0.015746381,-0.032162078,-0.13923475,-0.69973975,-0.026775079,0.0,-0.005852309,0.0,-0.071613535,-0.007818974,-0.049533803,-0.056563683,0.7880589,0.021213014,0.24677959,0.04968733
W0000302,0.02549778,0.0,-0.015156532,0.00222449,-0.057656124,0.03494059,0.005642888,-0.012086848,0.085174665,0.38557833,2.2140298,-0.14259928,-0.08550927,0.09934406,0.008102258,0.0,0.028676862,0.010904469,0.0,0.0,-0.055018507,-0.01766783,0.00097216654,-0.023506533,0.032570362,-0.13292624,0.0,0.057006046,-0.021813259,0.06530956,-0.010347059,0.0,-0.0014661358,-0.116980396,-0.05799631,-0.14951387,0.0,0.0026750108,0.0,0.0,-0.0039439853,-0.022805378,0.37090027,0.06638339,0.0,0.0,0.008401561,-0.013392119,-1.0840608,0.0,0.0,0.0,-0.017717665,0.010612596,-0.0026828235,0.0033516905,0.0,0.0,0.0,0.0,0.0,0.0,-0.058380388,-0.013151191,-0.1327365,0.009046913,0.0,-0.011458471,0.0,0.0,0.0,0.03049837,-0.11610819,0.039455004,0.12257055,0.06934825,0.0,0.17641674,-0.11941591,-0.15879062,-0.0007105535,0.34928644,-0.016174385,-0.00746914,0.010222011,-0.065680444,-0.022736808,-0.0052698026,0.016936786,-0.004221515,-0.020784434,-0.019383883,-0.05045349,0.14460306,0.45431936,0.0022240486,0.0,0.083274506,0.0,-0.024684861,0.01600558,-0.04919335,-0.036799543,0.67519075,0.021213014,0.28327876,-0.54050875
W0000303,-0.001596706,0.0,-0.020236904,-0.008376084,-0.10915093,0.0199444,0.009611131,-0.010876596,0.054119244,0.36824107,1.9863086,-0.21840204,-0.15284005,-0.2540623,-0.006205773,0.0,0.018415427,0.010904469,0.0,0.0,-0.01763082,-0.01766783,0.002487767,-0.023506533,0.034975715,-0.07866026,0.0,0.06158366,-0.021813259,-0.08422758,-0.010347059,0.0,-0.0014661358,-0.039304778,-0.060513496,-0.1608159,0.0,0.0026750108,0.0,0.0,-0.0039416067,-0.006790048,-0.45596015,-0.08936806,0.0,0.0,0.0067492435,-0.060555123,0.4972064,0.0,0.0,0.0,-0.006042149,0.01427776,0.021523118,0.0035215649,0.0,0.0,0.0,0.0,0.0,0.0,-0.033787936,0.0148438355,-0.10262283,0.003398105,0.0,-0.011458471,0.0,0.0,0.0,-0.04939468,-0.057811707,-0.008485792,-0.28741506,-0.05726739,0.0,0.16836087,0.020277899,0.16303639,-0.049307063,-1.0616189,-0.012771191,-0.0010443471,-0.04647921,-0.040847473,0.1354086,-0.013100846,-0.05536009,-0.17001098,0.00092254893,0.02255408,-0.033589892,-0.13661283,-0.5571861,-0.014466135,0.0,-0.11931543,0.0,-0.082552224,-0.014220054,0.006568113,-0.09256945,0.79540503,0.021213014,0.20618276,-0.40452027
W0000304,0.02549778,0.0,-0.021559099,-0.0069122133,-0.07165474,0.028212134,0.0042194496,-0.018682182,0.0681397,0.40732995,2.324803,-0.16728805,-0.105148345,0.03266364,0.006257262,0.0,0.028676862,0.010904469,0.0,0.0,-0.014917521,0.004638335,-0.00462678,0.009155081,0.03274022,0.03933093,0.0,0.04946828,-0.021813259,0.059615374,-0.010347059,0.0,-0.0014661358,-0.1114563,-0.05799631,-0.14951387,0.0,0.0026750108,0.0,0.0,-0.0039439853,-0.022805378,0.3990596,0.11462169,0.0,0.0,-0.01590476,-0.0042747525,0.55385256,0.0,0.0,0.0,-0.017717665,0.01882948,-0.0026828235,0.009763762,0.0,0.0,0.0,0.0,0.0,0.0,-0.024816874,0.01767047,-0.13005619,0.009046913,0.0,-0.011458471,0.0,0.0,0.0,-0.01666718,-0.058893308,-0.094790876,0.16214156,0.05677843,0.0,0.19896041,-0.114221275,-0.1697573,-0.03148701,0.3985642,-0.012771191,-0.0010443471,0.01930859,0.024788545,-0.020717446,0.0041216887,-0.011166015,-0.0030588293,0.0026562298,0.023763161,-0.05045349,-0.11846076,0.4464898,0.0007673269,0.0,-0.17312628,0.0,-0.009494465,0.01600558,-0.04919335,-0.036799543,0.636958,0.021213014,0.2820636,-0.4001913
W0000305,0.02549778,0.0,-0.015156532,0.006947868,-0.08164142,0.027639817,0.012847334,0.023186482,0.06529592,0.37493294,1.9316537,-0.19371326,-0.12348111,-0.06195404,0.008102258,0.0,0.018415427,0.010904469,0.0,0.0,-0.055018507,0.004638335,0.002487767,-0.023506533,-0.12204799,0.097893044,0.0,0.0553383,-0.021813259,-0.13326976,-0.010347059,0.0,-0.0014661358,-0.15754077,-0.07941709,-0.13959803,0.0,0.0026750108,0.0,0.0,-0.0039439853,0.0075859358,-0.57674044,-0.08319767,0.0,0.0,0.008401561,-0.013392119,-0.9449719,0.0,0.0,0.0,-0.006042149,-0.053843383,-0.018059755,0.0033516905,0.0,0.0,0.0,0.0,0.0,0.0,-0.029590242,0.015456552,-0.11931666,0.009046913,0.0,-0.011458471,0.0,0.0,0.0,0.050611366,-0.1212614,0.039455004,-0.23130333,0.07373335,0.0,0.18072192,-0.13219805,-0.19965363,-0.014214488,0.36114344,-0.016174385,-0.00746914,-0.05939164,-0.040847473,-0.03439074,0.0023931272,0.016304074,-0.09214216,0.0026562298,0.023763161,-0.033589892,-0.12778756,-0.22255616,-0.03451601,0.0,-0.1097479,0.0,-0.082552224,-0.032830574,0.006568113,-0.051134504,0.7877472,0.021213014,0.2710123,-0.51883876
W0000306,0.02549778,0.0,-0.012781825,0.003994643,-0.05976805,0.026114289,0.005558919,-0.017193493,0.07833739,0.37181303,2.0898838,-0.14887923,-0.08825511,-0.30100778,-0.008198856,0.0,0.028676862,0.010904469,0.0,0.0,-0.044563368,-0.01766783,-0.0028422393,-0.023506533,0.024559435,-0.116317295,0.0,0.05315505,-0.021813259,-0.15637885,-0.010347059,0.0,-0.0014661358,0.066738866,-0.060513496,-0.14951387,0.0,0.0026750108,0.0,0.0,-0.0039439853,0.0075859358,0.34016633,-0.05726514,0.0,0.0,-0.049222328,-0.014843034,-1.1095042,0.0,0.0,0.0,-0.017717665,-0.008661777,0.008628188,0.0033516905,0.0,0.0,0.0,0.0,0.0,0.0,-0.058380388,-0.013151191,-0.10986812,0.009046913,0.0,-0.011458471,0.0,0.0,0.0,-0.05573919,-0.11199486,0.039455004,-0.06172777,-0.0625596,0.0,0.17547332,-0.12619981,-0.1697573,0.0038240198,0.25029826,-0.011167738,-0.00746914,-0.014994497,0.017734997,-0.0955681,0.0023931272,0.019779263,-0.05568281,0.0026562298,-0.019383883,-0.033589892,-0.10388195,0.47807133,-0.021478033,0.0,-0.08389161,0.0,-0.022650335,0.01600558,0.006568113,-0.0471225,0.88679624,0.021213014,0.28219783,-0.5176539
W0000307,0.02549778,0.0,-0.015156532,0.008718021,-0.058096714,0.025173359,0.00529706,0.00907642,0.085174665,0.39872074,2.189133,-0.18743329,-0.091068804,-0.07442939,-0.008198856,0.0,0.018415427,0.010904469,0.0,0.0,-0.04605858,-0.01766783,0.0019835269,0.012418345,0.032570362,0.097893044,0.0,0.05330091,-0.021813259,-0.16135168,-0.010347059,0.0,-0.0014661358,0.06998042,-0.049526356,-0.13959803,0.0,0.0026750108,0.0,0.0,-0.0039439853,-0.022805378,-0.550106,0.117970966,0.0,0.0,0.011614978,-0.0035661366,-0.9861417,0.0,0.0,0.0,-0.006042149,-0.008661777,0.019540971,0.009763762,0.0,0.0,0.0,0.0,0.0,0.0,-0.058380388,-0.029465903,-0.13005619,0.009046913,0.0,-0.011458471,0.0,0.0,0.0,-0.021189496,-0.11199486,0.040918946,-0.16654815,0.084978096,0.0,-0.16956459,-0.14749189,-0.1697573,-0.012805201,0.37046057,-0.004823425,-0.00746914,-0.029506346,-0.056709465,-0.023137728,0.0039036702,0.019779263,-0.096289925,0.0026562298,-0.019383883,-0.033589892,-0.15129074,0.48909935,-0.03451601,0.0,-0.004114505,0.0,-0.039040647,0.01600558,0.006568113,-0.0471225,0.7679565,0.021213014,0.27632165,0.10287016
W0000308,0.02549778,0.0,-0.031431608,-0.0074057523,-0.09446886,0.030167691,0.012763365,0.012007143,0.080290794,0.39287943,2.125567,-0.21840204,-0.22341998,-0.003758464,0.006257262,0.0,0.018415427,0.010904469,0.0,0.0,-0.01763082,0.004638335,-0.054839935,-0.04972528,0.03525357,-0.05144661,0.0,0.05072912,-0.021813259,-0.16558468,-0.010347059,0.0,-0.0014661358,-0.0345736,-0.049526356,-0.13959803,0.0,0.0011485481,0.0,0.0,0.0065269433,-0.022805378,-0.6174326,-0.35009217,0.0,0.0,0.014394904,0.011283759,0.5162307,0.0,0.0,0.0,0.0033027634,0.01882948,-0.018059755,0.0047894176,0.0,0.0,0.0,0.0,0.0,0.0,0.06493072,0.013672151,0.10353964,0.003398105,0.0,-0.011458471,0.0,0.0,0.0,-0.04939468,-0.058893308,-0.09485092,-0.34719262,0.05677843,0.0,-0.17820273,0.06924578,-0.1920332,-0.009679914,0.42884758,-0.004495864,-0.0010443471,-0.045590878,-0.008296803,-0.09270747,-0.013162834,0.013461599,-0.09463547,0.00092254893,0.0014313441,-0.037429497,-0.12997866,-0.6182517,-0.012270651,0.0,-0.11995794,0.0,-0.03282059,0.01600558,-0.0492929,-0.056563683,0.6746988,0.021213014,0.28437856,-0.006576404
W0000309,0.02549778,0.0,-0.015156532,0.0014322493,-0.057656124,0.030691108,0.012763365,0.009743355,0.08265455,0.37599602,2.0688424,-0.19371326,-0.115029916,-0.28204843,-0.0152558815,0.0,0.018415427,0.010904469,0.0,0.0,-0.055018507,0.004638335,-0.042571038,-0.023506533,0.044758376,0.06277348,0.0,0.05519244,-0.021813259,-0.13107319,-0.010347059,0.0,-0.0014661358,-0.036813,-0.07941709,-0.13959803,0.0,0.0011485481,0.0,0.0,-0.0039439853,0.0046732845,-0.60779536,-0.05232805,0.0,0.0,0.010297097,-0.009877289,-0.7259031,0.0,0.0,0.0,0.0033027634,0.011244357,-0.018059755,0.009763762,0.0,0.0,0.0,0.0,0.0,0.0,-0.029590242,0.011458233,-0.10986812,0.009046913,0.0,-0.011458471,0.0,0.0,0.0,-0.05573919,0.0342873,-0.060162432,-0.10398514,-0.08177318,0.0,-0.1966475,-0.1197281,-0.19965363,0.0038240198,0.36209625,-0.010554714,-0.0010443471,-0.06110569,0.009779746,-0.03643881,-0.01795644,0.019779263,-0.093381725,0.0026562298,0.009448124,-0.028322471,0.014782758,0.3014009,-0.009067345,0.0,-0.118220136,0.0,-0.052957892,0.01600558,0.0063272105,-0.0471225,0.85289365,0.021213014,0.2937546,-0.5359119
W0000310,0.02549778,0.0,-0.015156532,0.006947868,-0.079529494,0.027255218,0.012501506,0.00907642,0.06529592,0.3729273,1.9057703,-0.19371326,-0.15937124,-0.11993629,-0.008198856,0.0,0.018415427,0.010904469,0.0,0.0,-0.055018507,-0.01766783,0.002487767,-0.023506533,0.015756262,0.097893044,0.0,0.050577626,-0.021813259,-0.13045636,-0.010347059,0.0,-0.0014661358,0.06998042,-0.025630655,-0.13959803,0.0,0.0026750108,0.0,0.0,-0.0039439853,-0.022805378,-0.4915122,-0.19057836,0.0,0.0,-0.070896015,-0.0057342458,-1.0314853,0.0,0.0,0.0,-0.006042149,0.010612596,-0.018059755,-0.008811419,0.0,0.0,0.0,0.0,0.0,0.0,-0.033787936,-0.032023963,-0.11526983,0.003398105,0.0,-0.011458471,0.0,0.0,0.0,-0.04790753,-0.11199486,-0.039428316,-0.22866736,0.084978096,0.0,-0.16956459,-0.13016401,0.10091244,-0.026309136,0.33332878,-0.019806419,-0.00746914,0.035247415,-0.031279873,0.010286026,-0.0057074865,-0.061728224,-0.11989133,0.00092254893,0.023763161,0.0037014568,-0.15540373,-0.66212726,-0.009067345,0.0,0.08081836,0.0,-0.082552224,-0.014220054,0.004397517,-0.063711725,0.77464575,0.021213014,0.26122072,-0.38445088
W0000311,0.02549778,0.0,-0.015156532,0.005977536,-0.091662645,0.03341506,0.009611131,0.012155388,0.07833739,0.34311655,2.1244714,-0.19371326,-0.14985012,-0.3170996,-0.008198856,0.0,0.018415427,0.010904469,0.0,0.0,-0.04790207,0.004638335,0.002299476,-0.056174483,-0.042011715,0.097893044,0.0,0.06224873,-0.021813259,-0.097436376,-0.010347059,0.0,-0.0014661358,0.06774102,-0.03172499,-0.13959803,0.0,0.0024916206,0.0,0.0,-0.009978284,-0.01404916,-0.507167,-0.081904575,0.0,0.0,-0.09162156,-0.013392119,-1.1712098,0.0,0.0,0.0,-0.006042149,0.010612596,-0.018059755,-0.022468735,0.0,0.0,0.0,0.0,0.0,0.0,-0.033787936,-0.03968901,-0.10262283,0.003398105,0.0,-0.011458471,0.0,0.0,0.0,-0.05573919,-0.106841646,0.040918946,0.20741132,-0.07448941,0.0,0.17641674,0.056117974,0.16303639,-0.014214488,0.36887407,-0.016174385,-0.00746914,-0.052245446,0.012628298,0.010286026,0.0039036702,-0.056086347,0.060676996,0.00092254893,0.009448124,-0.033589892,0.0464008,-0.6307384,-0.03451601,0.0,0.08943993,0.0,-0.082552224,-0.032830574,0.006568113,-0.09799863,0.82926387,0.021213014,0.2905508,-0.0110787265
W0000312,0.02549778,0.0,-0.031913172,-0.008376084,-0.10915093,0.023217801,0.009527162,0.012007143,0.054119244,0.35916662,1.9716837,-0.21840204,-0.15284005,-0.26280886,-0.006205773,0.0,0.018415427,0.010904469,0.0,0.0,0.012009987,0.004638335,0.007925373,-0.07797696,-0.02035338,-0.036323376,0.0,0.057279676,-0.021813259,-0.11265641,-0.010347059,0.0,-0.0014661358,0.06524924,-0.07941709,-0.15090005,0.0,0.0026750108,0.0,0.0,-0.0023350688,0.0046732845,-0.5593032,-0.1442199,0.0,0.0,0.006452098,-0.044606682,0.4308253,0.0,0.0,0.0,0.0033027634,0.019474573,-0.018059755,0.0047894176,0.0,0.0,0.0,0.0,0.0,0.0,-0.024531549,0.013802314,0.08345545,0.003398105,0.0,-0.011458471,0.0,0.0,0.0,-0.04939468,-0.057811707,0.04406664,-0.32114345,-0.066435106,0.0,-0.20802188,-0.03868787,0.16303639,-0.009679914,-0.98877287,-0.012771191,0.001080007,-0.05356733,-0.040847473,-0.025421541,-0.025787484,-0.05533613,0.055094607,0.00092254893,0.023763161,-0.0153448265,-0.13661283,-0.54034317,-0.014466135,0.0,-0.2225443,0.0,-0.028727045,0.01600558,0.006568113,-0.09799863,0.7357829,0.021213014,0.25405887,-0.42400712
W0000313,0.02549778,0.0,-0.012781825,0.006947868,-0.058096714,0.022944322,0.012847334,0.00907642,0.062322475,0.3674395,2.140691,-0.19371326,-0.09381464,-0.28444713,-0.008198856,0.0,0.018415427,0.010904469,0.0,0.0,-0.055018507,-0.01766783,-0.0062038978,0.012418345,0.03987592,0.10347709,0.0,0.05519244,-0.021813259,-0.12937331,-0.010347059,0.0,-0.0014661358,-0.037815157,-0.049526356,-0.13959803,0.0,0.0011384798,0.0,0.0,-0.0039439853,-0.022805378,-0.5939375,-0.0038363636,0.0,0.0,-0.069123685,-0.013392119,-0.9969105,0.0,0.0,0.0,-0.006042149,0.010612596,0.019540971,0.0033516905,0.0,0.0,0.0,0.0,0.0,0.0,-0.03884663,0.011458233,-0.10986812,0.009046913,0.0,-0.011458471,0.0,0.0,0.0,0.050611366,-0.11199486,0.05587616,-0.19002035,0.06934825,0.0,-0.17597933,-0.12567416,-0.19965363,-0.0007105535,0.3456511,-0.011167738,-0.00746914,-0.061869048,-0.03528359,-0.024676837,0.0039036702,0.019779263,-0.096289925,0.0026562298,0.023763161,-0.028322471,-0.13906783,0.321782,-0.0015618987,0.0,0.0016864985,0.0,-0.03980202,0.01600558,0.0063272105,-0.0471225,0.8765606,0.021213014,0.28993794,-0.01062585
W0000314,0.02549778,0.0,-0.031431608,-0.008376084,-0.118231416,0.030167691,0.009611131,0.012007143,0.054119244,0.34928456,1.9009509,-0.21840204,-0.17505646,-0.24491554,0.006257262,0.0,0.018415427,0.010904469,0.0,0.0,0.0030873762,0.004638335,0.0009106493,-0.023506533,-0.020075526,-0.06205132,0.0,0.047892675,-0.014569342,-0.13126475,-0.010347059,0.0,-0.0014661358,-0.14696711,0.05149104,-0.15090005,0.0,0.0011384798,0.0,0.0,0.0025782634,-0.01404916,-0.6231117,-0.3112169,0.0,0.0,0.007808392,-0.060555123,0.42835188,0.0,0.0,0.0,-0.006042149,-0.047608882,-0.018059755,0.009763762,0.0,0.0,0.0,0.0,0.0,0.0,-0.024531549,0.011641865,-0.105821274,0.003398105,0.0,-0.011458471,0.0,0.0,0.0,-0.04939468,-0.058893308,-0.010021362,-0.35289028,-0.059151337,0.0,0.19765021,-0.03869596,0.10091244,-0.049307063,-0.94809604,-0.02929924,-0.0010443471,-0.051089924,0.015309991,-0.13168286,0.0036840048,-0.05437624,-0.09499877,0.00092254893,0.02255408,0.006914703,-0.12068472,-0.56341594,0.006179033,0.0,-0.018979974,0.0,-0.082552224,-0.032830574,-0.0025984044,-0.063711725,0.78200275,0.021213014,0.24567844,-0.3447502
W0000315,0.02549778,0.0,-0.015156532,0.0030243113,-0.05976805,0.02364783,0.002322716,0.009051835,0.07833739,0.3468608,2.026834,-0.19371326,-0.100589946,-0.27239454,-0.008198856,0.0,0.018415427,0.010904469,0.0,0.0,0.05600151,0.004638335,-0.0028422393,-0.023506533,0.03356328,-0.13361786,0.0,0.059809834,-0.021813259,-0.076652884,-0.010347059,0.0,-0.0014661358,0.066738866,-0.07941709,-0.13073574,0.0,0.0026750108,0.0,0.0,-0.009978284,-0.01404916,-0.508164,-0.16850308,0.0,0.0,-0.08453843,0.0075536957,-0.9244742,0.0,0.0,0.0,-0.006042149,-0.027299905,-0.018059755,-0.022468735,0.0,0.0,0.0,0.0,0.0,0.0,-0.058380388,-0.005486146,-0.11306656,0.009046913,0.0,-0.011458471,0.0,0.0,0.0,-0.057086006,-0.11199486,0.03903102,-0.20811479,-0.07448941,0.0,-0.17399728,0.061991625,-0.17759234,0.003212058,0.24860872,0.018222716,-0.00746914,-0.011211265,0.012349693,-0.0955681,0.001955443,-0.07363273,0.06312425,0.0026562298,-0.041312475,0.00715758,-0.15129074,0.45893338,-0.009067345,0.0,-0.10557678,0.0,-0.052957892,-0.014220054,-0.0492929,0.040700004,0.85502756,0.021213014,0.25448862,-0.38934135
W0000316,0.02549778,0.0,-0.021559099,-0.008376084,-0.118231416,0.02397864,0.009265303,-0.010876596,0.07731735,0.3816305,2.086773,-0.1867968,-0.16272162,-0.2512684,-0.006205773,0.0,0.018415427,0.010904469,0.0,0.0,-0.014917521,-0.01766783,0.007925373,-0.023506533,0.05267738,-0.0761574,0.0,0.055732325,-0.021813259,0.06690233,-0.010347059,0.0,-0.0014661358,-0.10640674,-0.060513496,-0.1608159,0.0,0.0026750108,0.0,0.0,0.0065269433,0.0046732845,-0.24120407,-0.16011614,0.0,0.0,-0.080555335,-0.052897252,0.52879316,0.0,0.0,0.0,-0.006042149,0.016202005,0.021523118,0.0033516905,0.0,0.0,0.0,0.0,0.0,0.0,-0.045054324,-0.003272228,-0.105821274,0.003398105,0.0,-0.011458471,0.0,0.0,0.0,-0.04338522,-0.0526585,0.044456787,-0.04921168,-0.066435106,0.0,-0.20790969,0.029973496,-0.19965363,-0.026309136,-0.50362,-0.004495864,-0.0010443471,-0.020721687,-0.036623843,-0.09805043,0.0041216887,-0.05533613,-0.038526393,0.00092254893,-0.019383883,0.005354121,0.05996447,-0.5330811,0.0039706323,0.0,-0.2004889,0.0,0.024757594,-0.032830574,0.007734094,-0.046240732,0.77488416,0.021213014,0.26119542,-0.409008
W0000317,0.02549778,0.0,-0.021077534,-0.008376084,-0.13120548,0.026312849,0.009527162,-0.021761147,0.07399799,0.40326372,2.263573,-0.16728805,-0.1583996,-0.27941412,-0.006205773,0.0,0.028676862,0.010904469,0.0,0.0,-0.01763082,-0.01766783,0.002487767,0.012418345,0.03274022,-0.05954846,0.0,0.052235045,-0.014569342,0.06690233,-0.010347059,0.0,-0.0014661358,-0.037815157,0.044559628,-0.1608159,0.0,0.0026750108,0.0,0.0,0.0015274035,0.0075859358,0.38802677,0.13082767,0.0,0.0,0.0118509885,-0.064174145,0.5043062,0.0,0.0,0.0,-0.017717665,0.016202005,-0.0026828235,0.0047894176,0.0,0.0,0.0,0.0,0.0,0.0,-0.03884663,-0.030760232,-0.11604265,0.003398105,0.0,-0.011458471,0.0,0.0,0.0,-0.01666718,-0.057811707,-0.007021852,-0.11741204,0.06116353,0.0,-0.1982347,-0.100666225,-0.19965363,-0.009679914,-0.8852401,-0.012771191,0.001080007,-0.052673046,-0.028818509,-0.04299275,-0.011590302,-0.05437624,-0.0013006954,0.00092254893,0.009448124,-0.031937227,-0.11424644,-0.6086533,-0.0014281571,0.0,-0.12448725,0.0,-0.05224467,0.01600558,0.007734094,-0.046240732,0.7416733,0.021213014,0.26246598,0.0061506256
W0000318,0.02549778,0.0,-0.031431608,-0.0074057523,-0.09446886,0.034261025,0.012763365,0.018590359,0.059535995,0.42635626,2.385677,-0.16728805,-0.17937075,0.045028668,0.0070197624,0.0,0.028676862,0.010904469,0.0,0.0,0.01322807,0.004638335,0.007132932,0.0065593505,-0.04901822,-0.06662619,0.0,0.064382054,0.031219222,0.093688816,0.01819984,0.0,-0.0014661358,-0.03357144,-0.024414824,-0.14065158,0.0,0.0026750108,0.0,0.0,0.0065269433,0.0046732845,0.3902349,0.15572605,0.0,0.0,0.015987318,0.011283759,0.36767414,0.0,0.0,0.0,0.00968484,-0.044981405,-0.0026828235,0.0013514396,0.0,0.0,0.0,0.0,0.0,0.0,0.06579312,0.01767047,0.113478854,0.003398105,0.0,-0.011458471,0.0,0.0,0.0,0.050674234,0.06900592,-0.007021852,-0.03381765,-0.068048686,0.0,0.18110563,0.0687897,0.15230528,-0.009679914,0.4247249,-0.008050583,-0.0010443471,-0.07589118,-0.002268237,-0.020717446,-0.011590302,-0.048057016,-0.009853925,0.00092254893,-0.007456259,-0.03577683,0.12029576,-0.5842755,0.005427354,0.0,0.082681976,0.0,-0.04130598,-0.007818974,0.005563498,0.045975674,0.57363033,0.021213014,0.26680943,0.08751821
W0000319,0.02549778,0.0,-0.012781825,0.0026190788,-0.091662645,0.037468463,0.012847334,0.005972869,0.08131084,0.36702877,2.1196983,-0.19371326,-0.14985012,-0.074133635,-0.008198856,0.0,0.018415427,0.010904469,0.0,0.0,-0.04605858,-0.01766783,0.002487767,0.012418345,0.040868837,-0.13361786,0.0,0.050577626,-0.021813259,-0.13496964,-0.010347059,0.0,-0.0014661358,0.07098258,-0.03172499,-0.13959803,0.0,0.0026750108,0.0,0.0,-0.0039439853,-0.01404916,-0.47159502,-0.02753343,0.0,0.0,0.013510514,-0.011224009,-1.1585987,0.0,0.0,0.0,-0.006042149,-0.008661777,0.019540971,-0.029390752,0.0,0.0,0.0,0.0,0.0,0.0,-0.039995633,-0.03713095,-0.11207137,0.003398105,0.0,-0.011458471,0.0,0.0,0.0,0.067826696,-0.106841646,0.040918946,0.2038742,-0.060764916,0.0,0.17176403,-0.12977093,0.090982005,-0.014214488,0.34564888,-0.004823425,-0.00746914,-0.027028939,0.015031384,-0.08224272,0.0039036702,0.0044977823,-0.11468727,0.00092254893,-0.019383883,-0.033589892,0.15603241,-0.612169,-0.022448882,0.0,0.083427966,0.0,-0.082552224,0.01600558,-0.0492929,-0.063711725,0.7470312,0.021213014,0.26889238,0.089124896
W0000320,0.02549778,0.0,-0.015156532,0.0008489257,-0.07790406,0.030245094,0.012763365,0.030099735,0.07691367,0.37618166,1.8923106,-0.19371326,-0.12677427,-0.09229864,-0.0152558815,0.0,0.018415427,0.010904469,0.0,0.0,-0.056513727,0.019046335,-0.022954468,-0.04972528,-0.12204799,-0.109931186,0.0,0.053665698,0.031219222,-0.14349021,0.01819984,0.0,-0.0014661358,-0.116980396,-0.04331842,-0.14203776,0.0,0.00074903487,0.0,0.0,0.0015274035,0.0046732845,-0.5944079,-0.3006361,0.0,0.0,-0.055856634,-0.011704093,-0.7964278,0.0,0.0,0.0,0.0033027634,-0.053211622,-0.018059755,-0.031391002,0.0,0.0,0.0,0.0,0.0,0.0,0.07624288,0.008386425,0.10983101,0.009046913,0.0,-0.011458471,0.0,0.0,0.0,-0.057086006,0.10140538,-0.05914256,-0.24341905,-0.08177318,0.0,-0.18735372,-0.099814996,-0.18890154,0.0038240198,-0.72544,0.0014422396,-0.00746914,-0.052454393,-0.031279873,-0.09335388,-0.0053317915,-0.07220049,-0.15357944,0.0026562298,-0.009880809,-0.037672374,0.16665196,0.31754425,-0.0023990069,0.0,0.09779806,0.0,-0.03980202,0.01600558,-0.004769,0.03065858,0.7570696,0.021213014,0.23391259,0.056375675
W0000321,0.02549778,0.0,-0.031431608,-0.008376084,-0.14028597,0.030948602,0.009611131,0.012007143,0.07157647,0.38974917,2.0336492,-0.21840204,-0.20244883,-0.08072589,-0.006205773,0.0,0.018415427,0.010904469,0.0,0.0,-0.027030937,0.004638335,-0.016688254,0.012418345,-0.020075526,-0.07866026,0.0,0.06265099,0.031219222,-0.097847745,0.01819984,0.0,-0.0014661358,-0.03357144,-0.04331842,-0.15090005,0.0,0.0011384798,0.0,0.0,0.0025782634,-0.022805378,-0.59700924,-0.3522945,0.0,0.0,-0.063559316,-0.060555123,0.30536383,0.0,0.0,0.0,0.0033027634,-0.048253976,-0.018059755,-0.022468735,0.0,0.0,0.0,0.0,0.0,0.0,0.054480962,0.010600343,0.10634603,0.003398105,0.0,-0.011458471,0.0,0.0,0.0,-0.05573919,-0.0526585,-0.059049815,-0.12695986,-0.066944696,0.0,-0.19047216,-0.010249817,0.15514837,-0.014214488,-0.99684477,-0.0014202297,-0.0010443471,-0.035528727,-0.010978495,-0.13561642,0.0040597003,-0.05867721,0.05955349,0.00092254893,0.0014313441,0.009322835,0.04347364,-0.6165285,-0.026775079,0.0,0.10976743,0.0,0.003474785,0.01600558,0.004610313,-0.09256945,0.6892147,0.021213014,0.23162396,0.05107358
W0000322,0.02549778,0.0,-0.021077534,0.00032329466,-0.08444764,0.030425185,0.012847334,0.008928178,0.06130243,0.37986162,2.1392214,-0.21840204,-0.17381121,-0.25651807,-0.006205773,0.0,0.018415427,0.010904469,0.0,0.0,-0.006346247,-0.01766783,0.002487767,-0.023506533,0.049049623,-0.06912905,0.0,0.06265099,-0.021813259,-0.09614787,-0.010347059,0.0,-0.0014661358,-0.037815157,-0.025630655,-0.13959803,0.0,0.0026750108,0.0,0.0,-0.009978284,0.0046732845,-0.53531206,-0.12390616,0.0,0.0,-0.052510988,-0.013777511,0.48162532,0.0,0.0,0.0,-0.006042149,-0.03284574,0.019540971,0.0047894176,0.0,0.0,0.0,0.0,0.0,0.0,-0.033787936,-0.04703808,-0.10262283,0.003398105,0.0,-0.011458471,0.0,0.0,0.0,-0.05573919,-0.057811707,0.044456787,-0.06667323,-0.08177318,0.0,-0.15423825,0.031665485,0.16303639,-0.014214488,0.4224316,-0.004495864,-0.0010443471,-0.06550005,0.012349693,0.011393638,-0.013100846,0.007340258,-0.01576773,0.00092254893,0.023763161,-0.0153448265,-0.117238574,-0.5467151,-0.03451601,0.0,0.09203987,0.0,-0.082552224,-0.014220054,0.006568113,-0.09799863,0.83728,0.021213014,0.29649368,-0.45225
W0000323,0.02549778,0.0,-0.0039618267,0.006947868,-0.058096714,0.025462149,0.002322716,-0.011010975,0.0661863,0.3850827,2.263808,-0.11835562,-0.09381464,-0.30655876,0.008102258,0.0,0.028676862,0.010904469,0.0,0.0,-0.022870485,0.004638335,0.00097216654,0.012418345,-0.12052099,0.09390397,0.0,0.058165997,-0.021813259,0.044937126,-0.010347059,0.0,-0.0014661358,0.06774102,-0.03062276,-0.14951387,0.0,0.0026750108,0.0,0.0,-0.0039439853,-0.009182955,0.39945638,0.11065908,0.0,0.0,0.013510514,0.008252639,-1.0123435,0.0,0.0,0.0,-0.017717665,-0.03291452,-0.0026828235,-0.002890507,0.0,0.0,0.0,0.0,0.0,0.0,-0.047114,0.016244967,-0.1264864,0.009046913,0.0,-0.011458471,0.0,0.0,0.0,0.033458903,-0.11610819,0.040918946,-0.12492334,0.068214044,0.0,0.18226151,-0.13867162,0.14799894,0.0038240198,0.2215229,-0.011167738,0.0077241794,0.007057427,0.018950757,0.048249386,0.0039036702,-0.037131406,-0.16675037,0.0026562298,0.023763161,0.0088102445,0.07598433,0.63860834,0.0039706323,0.0,-0.08801444,0.0,-0.024684861,-0.032830574,0.007734094,-0.048523553,0.7579816,0.021213014,0.2703771,-0.004545234
W0000324,0.02549778,0.0,-0.031431608,0.0008168337,-0.09446886,0.026570344,0.012763365,-0.021761147,0.0816129,0.40190524,2.344485,-0.16728805,-0.17937075,-0.2786297,-0.007029475,0.0,0.028676862,0.010904469,0.0,0.0,0.0011371514,-0.01766783,0.002487767,0.012418345,0.008998223,0.048337627,0.0,0.06261006,-0.021813259,0.05448848,-0.010347059,0.0,-0.0014661358,0.066738866,-0.03062276,-0.14951387,0.0,0.0026750108,0.0,0.0,-0.009978284,0.0046732845,0.37553692,0.13634796,0.0,0.0,-0.09162156,-0.0017411918,0.4912266,0.0,0.0,0.0,-0.017717665,-0.0444247,0.008628188,-0.022468735,0.0,0.0,0.0,0.0,0.0,0.0,-0.039995633,-0.04703808,-0.11924111,0.003398105,0.0,-0.011458471,0.0,0.0,0.0,-0.01666718,-0.0037699752,-0.032538608,-0.11741204,-0.066435106,0.0,-0.16456681,0.03114264,0.16303639,-0.04477249,0.42967194,-0.008050583,-0.0010443471,-0.06708317,0.022106852,0.015194813,-0.011590302,0.014593969,-0.01059151,0.00092254893,-0.020592965,0.0088102445,-0.1262789,-0.6401104,0.0039706323,0.0,0.08662231,0.0,-0.05224467,-0.014220054,0.007734094,-0.045347083,0.72098476,0.021213014,0.25556242,0.064890005
W0000325,0.02549778,0.0,-0.031431608,-0.008070577,-0.08195159,0.028095873,0.012847334,-0.00779763,0.06130243,0.35810235,2.0552664,-0.1867968,-0.18508732,-0.23056063,-0.007029475,0.0,0.018415427,0.010904469,0.0,0.0,-0.01763082,0.004638335,-0.0011883541,-0.023506533,0.033942305,0.048337627,0.0,0.060314722,-0.021813259,-0.11482346,-0.010347059,0.0,-0.0014661358,-0.10215933,-0.049472682,-0.14951387,0.0,0.0026750108,0.0,0.0,0.0065269433,-0.022805378,-0.27631122,-0.14229198,0.0,0.0,0.008626372,-0.022794608,0.49420542,0.0,0.0,0.0,-0.006042149,0.016202005,-0.016077608,0.0027951521,0.0,0.0,0.0,0.0,0.0,0.0,-0.033787936,0.016874122,-0.10262283,0.003398105,0.0,-0.011458471,0.0,0.0,0.0,0.053880364,-0.048538804,-0.09537373,-0.27823907,0.058952086,0.0,-0.17098156,-0.20338742,0.16303639,-0.014214488,0.390506,0.008729893,-0.0010443471,-0.018409012,-0.04981845,0.09359473,-0.020713879,0.00196038,-0.117098875,0.00092254893,0.023763161,-0.028322471,-0.12725657,-0.5417443,-0.021478033,0.0,0.08851357,0.0,-0.05442427,-0.014220054,0.0043694107,-0.063711725,0.7963217,0.021213014,0.24271837,-0.3811812
W0000326,0.02549778,0.0,-0.021077534,-0.0069122133,-0.13120548,0.031271152,0.012847334,-0.021761147,0.058414795,0.41633153,2.1949916,-0.16728805,-0.16828115,-0.27941412,-0.007029475,0.0,0.028676862,0.010904469,0.0,0.0,-0.027030937,-0.01766783,0.002487767,0.012418345,0.03274022,0.03251528,0.0,0.05232267,-0.021813259,0.05618836,-0.010347059,0.0,-0.0014661358,-0.039304778,-0.03062276,-0.15195361,0.0,0.0026750108,0.0,0.0,-0.0023350688,-0.01404916,0.36509383,0.13046989,0.0,0.0,0.01047153,-0.060555123,0.4767481,0.0,0.0,0.0,-0.017717665,0.016202005,0.008628188,0.009763762,0.0,0.0,0.0,0.0,0.0,0.0,-0.03884663,-0.043145884,-0.11604265,0.003398105,0.0,-0.011458471,0.0,0.0,0.0,-0.01666718,0.07796062,-0.05786211,-0.11741204,-0.059151337,0.0,0.15225199,-0.04117163,-0.20748866,-0.014214488,-0.99993587,0.0068550985,-0.0010443471,-0.061481055,0.017774474,0.10724677,-0.04329759,0.016304074,-0.01041238,0.00092254893,0.023763161,-0.031937227,-0.10790029,-0.64731514,-0.0079634655,0.0,0.09345449,0.0,-0.05224467,-0.014220054,0.007734094,0.038201332,0.72135943,0.021213014,0.23800042,0.064124495
W0000327,0.02549778,0.0,-0.015156532,0.0008489257,-0.06754206,0.026637705,0.00529706,0.005972869,0.07844481,0.37893516,1.9535193,-0.19371326,-0.10469842,-0.051750656,0.0146349445,0.0,0.018415427,0.010904469,0.0,0.0,-0.055018507,-0.01766783,-0.0006049512,-0.023506533,0.043509226,-0.09170054,0.0,0.05330091,-0.021813259,-0.16135168,-0.010347059,0.0,-0.0014661358,-0.03357144,-0.07941709,-0.15090005,0.0,0.0011384798,0.0,0.0,0.0015274035,0.0075859358,-0.62939245,-0.24212778,0.0,0.0,-0.051709358,-0.04349476,-0.7392761,0.0,0.0,0.0,-0.006042149,0.010612596,-0.018059755,-0.029390752,0.0,0.0,0.0,0.0,0.0,0.0,-0.058380388,0.008386425,-0.12251512,0.009046913,0.0,-0.011458471,0.0,0.0,0.0,-0.057086006,0.03861047,-0.0490466,-0.23869671,0.04582546,0.0,-0.18735372,-0.035867218,-0.15879062,-0.012805201,-0.71022654,-0.010554714,-0.00746914,-0.037137285,0.0056142285,-0.101951495,-0.0057074865,0.019779263,-0.092529155,0.0026562298,-0.019383883,0.0037014568,0.1759601,0.4677702,-0.0023990069,0.0,0.01686054,0.0,-0.054992415,0.01600558,0.006568113,-0.0471225,0.7429218,0.021213014,0.26520756,-0.39082357
W0000328,0.02549778,0.0,-0.021077534,0.00032329466,-0.06998341,0.030167691,0.005558919,0.0060525886,0.080290794,0.42020038,2.2435336,-0.21840204,-0.12058945,0.0591791,0.006257262,0.0,0.018415427,0.010904469,0.0,0.0,-0.013462683,-0.01766783,0.00097216654,0.012418345,0.049049623,-0.05144661,0.0,0.047637172,-0.021813259,-0.1754582,-0.010347059,0.0,-0.0014661358,-0.0345736,-0.049526356,-0.13959803,0.0,0.0026750108,0.0,0.0,-0.0039439853,0.0075859358,-0.5905263,-0.14733568,0.0,0.0,-0.04615987,-0.009753048,0.45988142,0.0,0.0,0.0,-0.006042149,-0.04214224,0.019540971,-0.022468735,0.0,0.0,0.0,0.0,0.0,0.0,-0.05217269,-0.04431414,-0.11931666,0.009046913,0.0,-0.011458471,0.0,0.0,0.0,-0.04939468,-0.058893308,0.04592073,-0.2568703,0.06116353,0.0,0.1890591,-0.1369749,-0.1697573,0.0038240198,0.42194757,-0.004495864,-0.0010443471,-0.06550005,-0.008575409,-0.13490826,0.005632232,0.018069157,-0.0908747,0.0026562298,0.009448124,-0.033589892,-0.14977667,0.49800393,-0.009067345,0.0,-0.08480752,0.0,-0.054992415,0.01600558,0.006568113,-0.0471225,0.71757704,0.021213014,0.29060256,-0.005106546
W0000329,0.02549778,0.0,-0.021559099,-0.0006470373,-0.106720045,0.025745675,0.002322716,-0.021761147,0.07399799,0.41878963,2.3321495,-0.16728805,-0.0996183,-0.23470902,-0.006205773,0.0,0.028676862,0.010904469,0.0,0.0,-0.0149579,-0.01766783,0.00097216654,0.012418345,0.03274022,-0.0761574,0.0,0.05010031,-0.021813259,0.07964028,-0.010347059,0.0,-0.0014661358,-0.037815157,-0.03062276,-0.1608159,0.0,0.0026750108,0.0,0.0,-0.0023350688,-0.022805378,0.42158914,0.15856172,0.0,0.0,0.0118509885,-0.047513563,0.47526437,0.0,0.0,0.0,-0.017717665,-0.04214224,0.008628188,-0.022468735,0.0,0.0,0.0,0.0,0.0,0.0,-0.058380388,-0.030760232,-0.1264864,0.009046913,0.0,-0.011458471,0.0,0.0,0.0,-0.01666718,-0.057811707,0.04592073,-0.0657151,-0.051606625,0.0,-0.20635091,-0.038848598,-0.1697573,0.003212058,-0.86595607,-0.0014202297,-0.0010443471,0.0041542323,0.017774474,-0.08127502,0.005632232,-0.07175014,-0.0065989513,0.0026562298,-0.041312475,0.0088102445,-0.11424644,0.47873765,-0.013737101,0.0,-0.21028198,0.0,-0.024684861,0.01600558,0.007734094,-0.036799543,0.729679,0.021213014,0.24074091,0.10226114
W0000330,0.02549778,0.0,-0.015156532,0.005977536,-0.058096714,0.029104164,0.0020608567,-0.014114525,0.08409686,0.3841051,2.3006923,-0.12463558,-0.09381464,-0.11841363,0.0146349445,0.0,0.028676862,0.010904469,0.0,0.0,0.06508993,0.004638335,0.0014859154,0.012418345,0.017283266,0.06892921,0.0,0.059261337,-0.014569342,0.0705258,-0.010347059,0.0,-0.0014661358,0.07098258,0.038425766,-0.14951387,0.0,0.0026750108,0.0,0.0,0.0065269433,0.0046732845,0.40911442,0.036473755,0.0,0.0,-0.13001966,-0.0057342458,-0.88786334,0.0,0.0,0.0,0.00968484,0.015248539,-0.0026828235,0.0033516905,0.0,0.0,0.0,0.0,0.0,0.0,-0.031024575,0.011458233,0.12257663,0.009046913,0.0,-0.011458471,0.0,0.0,0.0,-0.057086006,0.10572855,0.040918946,-0.115711704,-0.08177318,0.0,-0.16196726,0.034530148,-0.15879062,-0.013417163,0.3982541,0.00018322491,-0.00746914,0.010222011,0.01891128,-0.0724348,0.0039036702,-0.07192263,-0.0006458191,-0.020784434,-0.041312475,0.0109755,0.1468404,0.6881369,0.005427354,0.0,-0.09014766,0.0,-0.022650335,-0.014220054,-0.048126917,-0.036799543,0.6404465,0.021213014,0.25342935,0.100652315
W0000331,-0.001596706,0.0,-0.00988283,0.0008168337,-0.14028597,0.021799913,0.012847334,-0.021761147,0.07399799,0.38918227,2.2170057,-0.16728805,-0.16828115,-0.27306128,-0.006205773,0.0,0.028676862,0.010904469,0.0,0.0,-0.0255761,-0.01766783,0.002487767,-0.06009811,0.03274022,0.04152198,0.0,0.048756205,-0.021813259,-0.11435628,-0.010347059,0.0,-0.0014661358,0.066738866,-0.03062276,-0.1608159,0.0,0.0026750108,0.0,0.0,-0.0023350688,-0.006790048,0.3371635,0.15176098,0.0,0.0,0.0118509885,-0.051538028,0.4324454,0.0,0.0,0.0,-0.017717665,-0.034769982,-0.015030613,-0.002890507,0.0,0.0,0.0,0.0,0.0,0.0,-0.045054324,-0.030760232,-0.11656081,0.003398105,0.0,-0.011458471,0.0,0.0,0.0,-0.02267664,-0.057811707,-0.09332693,-0.22771844,-0.05726739,0.0,-0.19837843,-0.097594514,-0.19965363,-0.014826449,-0.89202213,-0.01794828,-0.0010443471,-0.0074717253,0.024788545,-0.09079523,0.005632232,0.015320227,-0.1691872,0.00092254893,-0.041312475,0.00715758,-0.11892926,-0.6267519,-0.013737101,0.0,-0.12861007,0.0,-0.05224467,0.01600558,0.006568113,-0.09085059,0.75227433,0.021213014,0.23086882,0.06832204
W0000332,0.02549778,0.0,-0.031431608,-0.008287778,-0.10915093,0.027639817,0.012847334,0.012007143,0.05709269,0.38589892,1.8812525,-0.21840204,-0.16272162,-0.04951486,0.006257262,0.0,0.018415427,0.010904469,0.0,0.0,-0.01763082,0.004638335,0.006348255,-0.023506533,-0.050545223,0.06525192,0.0,0.051535815,-0.014569342,-0.13171658,-0.010347059,0.0,-0.0014661358,-0.15754077,0.05149104,-0.15090005,0.0,0.0011384798,0.0,0.0,-0.0039416067,0.0075859358,-0.63558245,-0.16322589,0.0,0.0,0.0067492435,-0.060555123,0.43985766,0.0,0.0,0.0,-0.006042149,-0.048253976,-0.018059755,-0.029390752,0.0,0.0,0.0,0.0,0.0,0.0,-0.024531549,0.011641865,-0.11207137,0.003398105,0.0,-0.011458471,0.0,0.0,0.0,-0.04939468,-0.058893308,-0.03400255,-0.32324517,-0.047221527,0.0,0.19765021,0.018565789,0.10091244,-0.049307063,-0.9957888,-0.004495864,0.001080007,-0.03305132,-0.040847473,-0.11047059,-0.013100846,0.013461599,-0.09061275,0.00092254893,0.02255408,-0.028322471,-0.13290766,-0.58261746,0.0071544657,0.0,-0.018979974,0.0,-0.028727045,-0.014220054,-0.049533803,-0.058282547,0.7131607,0.021213014,0.2491749,-0.40736842
W0000333,0.02549778,0.0,-0.015156532,0.0008489257,-0.11147,0.022944322,0.012763365,-0.121804304,0.07844481,0.38271928,1.7899759,-0.18244107,-0.20075364,-0.020809252,0.0146349445,0.0,0.018415427,0.010904469,0.0,0.0,0.008636013,0.015108576,-0.054839935,0.012418345,-0.042289563,-0.10938299,0.0,0.050924912,0.031219222,-0.12635712,-0.010347059,0.0,-0.0014661358,0.0684908,-0.04331842,-0.15090005,0.0,0.0011485481,0.0,0.0,0.0015274035,0.0046732845,-0.60274607,-0.21691298,0.0,0.0,-0.055789363,-0.047637805,-0.73484325,0.0,0.0,0.0,0.0033027634,-0.048575677,-0.018059755,-0.031391002,0.0,0.0,0.0,0.0,0.0,0.0,0.06493072,0.008386425,0.10353964,0.003398105,0.0,-0.007108107,0.0,0.0,0.0,-0.057086006,0.11518785,-0.062151276,-0.26857716,-0.08177318,0.0,-0.19178641,-0.10322058,-0.1920332,-0.009679914,-0.9342326,0.0007962482,-0.00746914,-0.0010332544,-0.031279873,-0.08553795,-0.0053317915,-0.05809281,-0.13397476,0.00092254893,0.0014313441,-0.037429497,-0.12650016,-0.73000884,-0.014466135,0.0,-0.10467026,0.0,-0.03282059,0.01600558,-0.031038143,-0.035197556,0.7122898,0.021213014,0.22169365,0.050824612
W0000334,0.02549778,0.0,-0.015156532,0.006947868,-0.09152736,0.027701233,0.012763365,0.012155388,0.07501803,0.36700282,1.9540787,-0.18743329,-0.14126332,-0.28481895,-0.008198856,0.0,0.018415427,0.010904469,0.0,0.0,-0.057731807,0.004638335,0.0009106493,-0.023506533,0.044758376,0.08791555,0.0,0.053263016,-0.014569342,-0.1299968,-0.010347059,0.0,-0.0014661358,-0.037815157,0.05149104,-0.15090005,0.0,0.0011384798,0.0,0.0,-0.0039416067,-0.01404916,-0.6380543,0.09767651,0.0,0.0,-0.014566893,0.044221558,-0.8811345,0.0,0.0,0.0,-0.006042149,0.011244357,-0.018059755,0.0033516905,0.0,0.0,0.0,0.0,0.0,0.0,-0.045054324,0.00040271552,-0.11656081,0.003398105,0.0,-0.011458471,0.0,0.0,0.0,-0.030367967,-0.11199486,-0.03900433,-0.22462824,-0.07448941,0.0,-0.19011544,-0.012958562,-0.19965363,-0.010291876,-0.7292341,-0.01883004,-0.00746914,-0.037137285,0.014151601,-0.055003274,0.0023931272,0.016304074,-0.09691518,0.00092254893,-0.041312475,0.00715758,-0.13387334,-0.6587502,-0.026775079,0.0,-0.103701025,0.0,-0.082552224,0.01600558,0.006568113,-0.056563683,0.81724197,0.021213014,0.26694366,-0.34379518
W0000335,0.02549778,0.0,-0.012781825,0.006947868,-0.05976805,0.03447859,0.012847334,0.012155388,0.062322475,0.3472268,2.0042844,-0.19371326,-0.08825511,-0.2753004,-0.008198856,0.0,0.018415427,0.010904469,0.0,0.0,0.02074943,0.004638335,-9.1202324e-05,-0.023506533,0.040868837,0.097893044,0.0,0.053502336,-0.021813259,-0.122422315,-0.010347059,0.0,-0.0014661358,-0.10088264,-0.07941709,-0.13959803,0.0,0.0011384798,0.0,0.0,-0.0039439853,-0.022805378,-0.5578282,-0.09294754,0.0,0.0,0.010297097,-0.013392119,-0.93090427,0.0,0.0,0.0,-0.006042149,0.015248539,-0.018059755,-0.022468735,0.0,0.0,0.0,0.0,0.0,0.0,-0.05217269,0.015456552,-0.10986812,0.009046913,0.0,-0.011458471,0.0,0.0,0.0,0.07078722,-0.11199486,0.04605861,-0.23816943,0.05516485,0.0,0.17701267,-0.14085802,-0.1697573,-0.0007105535,0.35463062,-0.011167738,-0.00746914,0.037724823,-0.008575409,-0.024676837,0.002127832,0.018069157,-0.13122873,0.0026562298,0.023763161,-0.025070082,-0.15694296,0.40504178,-0.03451601,0.0,0.08163947,0.0,-0.052957892,-0.014220054,0.00065595936,-0.037500262,0.8659523,0.021213014,0.28196117,-0.50802374
W0000336,0.02549778,0.0,-0.031431608,-0.008781317,-0.13120548,0.030425185,0.012847334,0.025862467,0.07013416,0.3924954,1.936461,-0.21840204,-0.21233039,-0.2540623,0.006257262,0.0,0.018415427,0.010904469,0.0,0.0,-0.027030937,0.004638335,-0.0070936265,0.012418345,-0.05026737,-0.06205132,0.0,0.052457288,0.031219222,-0.14410332,0.01819984,0.0,-0.0014661358,-0.037815157,-0.04331842,-0.15090005,0.0,0.0011384798,0.0,0.0,0.0025782634,-0.022805378,-0.68244964,-0.34389788,0.0,0.0,-0.09030491,-0.060555123,0.3389801,0.0,0.0,0.0,-0.006042149,-0.048253976,-0.018059755,-0.029390752,0.0,0.0,0.0,0.0,0.0,0.0,-0.030739248,0.011641865,-0.105821274,0.003398105,0.0,-0.011458471,0.0,0.0,0.0,-0.057086006,-0.058893308,-0.035174184,-0.32040077,0.04144036,0.0,0.15678842,-0.010294318,0.10091244,-0.014214488,-0.96408343,0.0068550985,-0.0010443471,-0.03305132,-0.010978495,-0.13561642,-0.013162834,0.016304074,-0.113978185,0.00092254893,-0.019383883,0.00715758,-0.12636262,-0.6620391,-0.01766944,0.0,0.09628883,0.0,-0.071613535,-0.032830574,0.006568113,-0.063711725,0.7915497,0.021213014,0.24546811,0.054411676
W0000337,0.02549778,0.0,-0.031431608,0.00032329466,-0.083884865,0.030167691,0.012847334,-0.02094597,0.08262348,0.4024489,2.2512598,-0.16728805,-0.17381121,-0.123002455,0.006257262,0.0,0.028676862,0.010904469,0.0,0.0,-0.016175982,0.004638335,0.0025929473,-0.023506533,0.008998223,-0.06662619,0.0,0.052235045,-0.021813259,0.06690233,-0.010347059,0.0,-0.0014661358,0.06998042,-0.05799631,-0.14951387,0.0,0.0027774472,0.0,0.0,-0.0039439853,-0.022805378,0.40126866,0.11728811,0.0,0.0,0.0002575908,-0.013777511,0.23605129,0.0,0.0,0.0,0.00968484,-0.03284574,-0.0026828235,0.0033516905,0.0,0.0,0.0,0.0,0.0,0.0,-0.029590242,-0.0109372735,0.113478854,0.003398105,0.0,-0.011458471,0.0,0.0,0.0,-0.029021151,-0.058893308,-0.05787818,0.18991843,-0.066944696,0.0,0.1890591,-0.10684474,-0.19965363,-0.014214488,0.39721888,-0.010554714,-0.0010443471,-0.02581709,0.024788545,-0.041929726,0.0023931272,0.013461599,-0.000495201,-0.0072187497,0.009448124,-0.03577683,-0.10240641,-0.58890337,-0.015704397,0.0,-0.089428544,0.0,-0.05224467,0.01600558,-0.048126917,-0.046240732,0.66408867,0.021213014,0.28089872,-0.47052252
W0000338,0.02549778,0.0,-0.012781825,0.008718021,-0.08955072,0.032012127,0.009527162,0.005972869,0.07833739,0.3672532,2.0186582,-0.19371326,-0.19664517,-0.3291522,-0.008198856,0.0,0.018415427,0.010904469,0.0,0.0,-0.04727667,-0.01766783,0.006348255,0.012418345,0.040868837,0.10347709,0.0,0.052768037,-0.014569342,-0.07260255,-0.010347059,0.0,-0.0014661358,-0.037815157,0.025656031,-0.13959803,0.0,0.0011384798,0.0,0.0,-0.0039439853,-0.01404916,-0.54608935,-0.27744585,0.0,0.0,0.0119181,-0.014843034,-1.0940135,0.0,0.0,0.0,-0.006042149,-0.008661777,0.019540971,-0.022468735,0.0,0.0,0.0,0.0,0.0,0.0,-0.045054324,-0.029465903,-0.10262283,0.003398105,0.0,-0.011458471,0.0,0.0,0.0,-0.05573919,-0.11199486,-0.03942177,-0.14919257,-0.07448941,0.0,-0.16956459,-0.14269677,-0.19965363,-0.009679914,0.23709151,-0.011167738,-0.00746914,-0.061869048,0.008017315,-0.09372208,-0.017237872,-0.023153756,0.058844417,0.00092254893,-0.019383883,-0.03383277,-0.1559653,-0.66887945,0.012553255,0.0,0.08779955,0.0,-0.028727045,0.01600558,-0.0025984044,-0.09085059,0.85998875,0.021213014,0.27332747,-0.008593719
W0000339,0.02549778,0.0,-0.021077534,-0.0069122133,-0.118231416,0.026114289,0.012763365,0.012007143,0.07013416,0.37263885,1.990591,-0.21840204,-0.16272162,-0.2573025,-0.006205773,0.0,0.018415427,0.010904469,0.0,0.0,0.012009987,0.004638335,-0.0055165086,-0.034050845,0.049049623,0.055957828,0.0,0.047433265,-0.021813259,-0.14086065,-0.010347059,0.0,-0.0014661358,-0.037815157,-0.07941709,-0.14203776,0.0,0.0026750108,0.0,0.0,-0.0023350688,-0.01404916,-0.5392512,-0.13164641,0.0,0.0,-0.046427514,-0.064174145,0.4164943,0.0,0.0,0.0,-0.006042149,0.016847098,0.011106845,0.0047894176,0.0,0.0,0.0,0.0,0.0,0.0,-0.033787936,0.00061996747,-0.105821274,0.003398105,0.0,-0.011458471,0.0,0.0,0.0,-0.04939468,-0.057811707,0.044456787,-0.32114345,-0.059151337,0.0,0.17010675,-0.09318252,0.10799977,-0.009679914,-0.84837294,0.008729893,-0.0010443471,-0.00043213973,0.012349693,-0.13168286,0.0041216887,0.016304074,-0.13058959,0.00092254893,0.009448124,0.006914703,-0.13661283,-0.585192,-0.026775079,0.0,-0.09893234,0.0,-0.071613535,-0.014220054,-0.0025984044,0.048977163,0.76995283,0.021213014,0.25470486,-0.33485264
W0000340,0.02549778,0.0,-0.031431608,-0.008376084,-0.118231416,0.030167691,0.009611131,0.008928178,0.054119244,0.3607017,1.9835944,-0.21840204,-0.16272162,-0.22810489,-0.006205773,0.0,0.018415427,0.010904469,0.0,0.0,-0.01763082,-0.01766783,-0.016688254,-0.023506533,0.03525357,-0.06205132,0.0,0.052457288,-0.021813259,-0.13126475,-0.010347059,0.0,-0.0014661358,-0.14696711,-0.07941709,-0.15090005,0.0,0.0011384798,0.0,0.0,-0.0039416067,-0.01404916,-0.59156567,-0.17839196,0.0,0.0,0.008644779,-0.060555123,0.46060467,0.0,0.0,0.0,-0.006042149,0.016202005,-0.018059755,0.0033516905,0.0,0.0,0.0,0.0,0.0,0.0,-0.033787936,0.00061996747,-0.10262283,0.003398105,0.0,-0.011458471,0.0,0.0,0.0,-0.04939468,-0.057811707,0.044456787,-0.3410034,-0.059151337,0.0,0.196283,0.019345997,0.10091244,-0.014214488,-0.94621205,-0.004495864,-0.0010443471,-0.051089924,-0.008296803,-0.13561642,0.0041216887,-0.05437624,-0.093553185,0.00092254893,0.023763161,-0.03383277,-0.12068472,-0.5476329,0.006179033,0.0,-0.018979974,0.0,0.003474785,0.01600558,-0.0025984044,-0.063711725,0.80632174,0.021213014,0.264203,-0.40924698
W0000341,0.02549778,0.0,-0.031913172,-0.0006470373,-0.10354935,0.025004698,0.009527162,-0.021761147,0.08415462,0.41168174,2.3686,-0.16728805,-0.16948919,1.1157244e-05,0.006257262,0.0,0.028676862,0.010904469,0.0,0.0,-0.0255761,-0.01766783,0.002487767,0.012418345,0.03650272,-0.06662619,0.0,0.055328578,-0.014569342,0.06509815,-0.010347059,0.0,-0.0014661358,-0.1114563,0.044559628,-0.14065158,0.0,0.0026750108,0.0,0.0,-0.009978284,0.0046732845,0.38272846,0.1633182,0.0,0.0,0.015987318,0.00837688,0.5580617,0.0,0.0,0.0,-0.017717665,-0.04214224,0.008628188,0.0047894176,0.0,0.0,0.0,0.0,0.0,0.0,-0.03884663,-0.04431414,-0.12549122,0.003398105,0.0,-0.011458471,0.0,0.0,0.0,-0.01666718,-0.058893308,0.04592073,-0.11741204,-0.066435106,0.0,0.19054256,0.03218541,-0.20748866,-0.04477249,0.41363764,-0.0014202297,0.001080007,-0.07589118,0.018950757,-0.03836608,0.005632232,-0.058178607,-0.010482605,0.00092254893,0.008239041,-0.013692161,-0.116985224,-0.63859093,-0.015704397,0.0,-0.16131552,0.0,-0.05224467,0.01600558,-0.048126917,0.038201332,0.66399926,0.021213014,0.25670367,0.07421121
W0000342,0.02549778,0.0,-0.028677968,-0.008376084,-0.10915093,0.018226976,0.009527162,0.012007143,0.054550968,0.34919846,1.8906167,-0.21840204,-0.16272162,-0.2595687,-0.007029475,0.0,0.018415427,0.010904469,0.0,0.0,-0.01763082,0.004638335,0.0009106493,-0.034050845,-0.050545223,-0.07866026,0.0,0.05291953,-0.014569342,-0.10073611,-0.010347059,0.0,-0.0014661358,0.06524924,-0.010368567,-0.15090005,0.0,0.0011384798,0.0,0.0,-0.0039416067,0.002258628,-0.5359947,-0.14601439,0.0,0.0,0.0067492435,0.047252677,0.44154227,0.0,0.0,0.0,0.0033027634,0.016905233,-0.018059755,0.0035215649,0.0,0.0,0.0,0.0,0.0,0.0,-0.024531549,0.013802314,-0.013149708,0.003398105,0.0,-0.011458471,0.0,0.0,0.0,-0.04939468,0.07796062,-0.09518102,-0.34731385,-0.059257902,0.0,-0.19783649,-0.017985214,0.10091244,-0.009679914,-0.9850936,-0.02929924,-0.0010443471,0.0163549,-0.040847473,0.1354086,-0.025787484,-0.058462936,-0.14324783,0.00092254893,0.023763161,-0.033589892,-0.12923965,-0.5847212,-0.014466135,0.0,-0.20205273,0.0,-0.082552224,-0.032830574,-0.0492929,-0.09799863,0.79287535,0.021213014,0.23248546,-0.38152254
W0000343,0.02549778,0.0,-0.031431608,-0.008070577,-0.11573537,0.031950712,0.012763365,0.012007143,0.07013416,0.34610662,1.9659989,-0.21840204,-0.17399773,-0.2540623,-0.007029475,0.0,0.018415427,0.010904469,0.0,0.0,-0.01763082,0.004638335,-0.016688254,-0.023506533,-0.051578633,0.055957828,0.0,0.06158366,-0.021813259,-0.070267774,-0.010347059,0.0,-0.0014661358,-0.079132974,-0.07941709,-0.15090005,0.0,0.0011384798,0.0,0.0,0.0025782634,-0.01404916,-0.57175845,-0.21879849,0.0,0.0,0.0076827873,0.047252677,0.4682737,0.0,0.0,0.0,-0.006042149,-0.0456265,-0.018059755,0.0027951521,0.0,0.0,0.0,0.0,0.0,0.0,-0.033787936,0.0148438355,-0.10262283,0.003398105,0.0,-0.011458471,0.0,0.0,0.0,-0.04939468,-0.048538804,0.05315514,-0.33467,-0.059151337,0.0,0.19765021,-0.2518329,0.16303639,-0.04477249,-0.8215066,-0.004495864,-0.0010443471,-0.03305132,-0.040847473,0.116752446,0.003575975,0.010924197,0.060760822,0.00092254893,0.008239041,-0.028322471,-0.122657456,-0.5533079,-0.014466135,0.0,0.1023008,0.0,-0.03282059,-0.014220054,0.0043694107,-0.09799863,0.78284425,0.021213014,0.2602379,-0.30132145
W0000344,0.02549778,0.0,-0.031431608,0.0008168337,-0.10915093,0.026114289,0.009527162,-0.018682182,0.060956515,0.40622476,2.206946,-0.16728805,-0.16272162,0.02070589,0.006257262,0.0,0.028676862,0.010904469,0.0,0.0,-0.013462683,0.004638335,0.002487767,-0.07797696,-0.018826377,0.03251528,0.0,0.049957268,-0.014569342,0.04258758,-0.010347059,0.0,-0.0014661358,-0.0345736,0.070394635,-0.1608159,0.0,0.0026750108,0.0,0.0,-0.0023350688,-0.022805378,0.3872379,0.12233302,0.0,0.0,-0.08482562,-0.011579853,0.5008487,0.0,0.0,0.0,-0.017717665,-0.04214224,-0.0026828235,0.0047894176,0.0,0.0,0.0,0.0,0.0,0.0,-0.03884663,0.0038219383,-0.12549122,0.003398105,0.0,-0.011458471,0.0,0.0,0.0,-0.01666718,-0.058893308,-0.008485792,-0.016842341,0.05677843,0.0,0.21096857,-0.035159245,-0.19965363,-0.04477249,-0.77426124,-0.004495864,-0.0010443471,-0.012270123,0.016269065,-0.021620367,-0.013100846,-0.024286125,-0.006914676,0.00092254893,0.02255408,-0.031937227,-0.10474851,-0.5365363,-0.0014281571,0.0,-0.06847011,0.0,-0.05224467,0.01600558,-0.048126917,-0.038199045,0.6366967,0.021213014,0.25404587,-0.379132
W0000345,0.02549778,0.0,-0.020236904,-0.008376084,-0.10354935,0.025462149,0.008187693,0.015258847,0.05656255,0.37270892,2.3389907,-0.16728805,-0.17937075,-0.2786297,0.0070197624,0.0,0.028676862,0.010904469,0.0,0.0,0.0026098695,0.004638335,-0.04524531,-0.033537336,-0.04901822,-0.08323513,0.0,0.06385983,-0.021813259,0.06373189,-0.010347059,0.0,-0.0014661358,-0.036813,-0.028105574,-0.14065158,0.0,0.0011485481,0.0,0.0,-0.009978284,0.002258628,0.3648423,0.13788421,0.0,0.0,0.015987318,-0.014392823,0.531381,0.0,0.0,0.0,-0.017717665,-0.02932025,0.008628188,0.013931843,0.0,0.0,0.0,0.0,0.0,0.0,-0.039995633,0.01767047,-0.11924111,0.003398105,0.0,-0.011458471,0.0,0.0,0.0,-0.01666718,0.0018878393,-0.056414247,0.18126515,-0.059257902,0.0,0.19584732,0.05830122,0.1601933,-0.044990946,0.44145334,0.008729893,-0.0010443471,0.016144006,0.025964828,-0.09556127,0.005632232,-0.05820256,-0.16940793,0.00092254893,-0.016959332,0.005354121,0.12472221,-0.5581538,0.005427354,0.0,-0.10009836,0.0,-0.04130598,-0.032830574,-0.048126917,0.047304116,0.677791,0.021213014,0.24129297,0.04543114
W0000346,0.02549778,0.0,-0.031431608,-0.0069122133,-0.07165474,0.03447859,0.005642888,-0.018682182,0.06516626,0.4164273,2.3297026,-0.16728805,-0.115029916,-0.24357852,0.006257262,0.0,0.028676862,0.010904469,0.0,0.0,-0.014917521,0.004638335,-0.0028422393,-0.023506533,-0.04901822,0.048337627,0.0,0.05076635,-0.021813259,0.08134015,-0.010347059,0.0,-0.0014661358,0.066738866,-0.060513496,-0.14951387,0.0,0.0026750108,0.0,0.0,0.002579819,-0.022805378,0.41350907,0.120192334,0.0,0.0,0.010297097,-0.022794608,0.5553369,0.0,0.0,0.0,0.00968484,0.016202005,-0.0026828235,0.0047894176,0.0,0.0,0.0,0.0,0.0,0.0,-0.024816874,0.02087244,-0.12328794,0.009046913,0.0,-0.011458471,0.0,0.0,0.0,-0.01666718,-0.058893308,0.044456787,0.0448367,0.05677843,0.0,0.17962216,-0.13672388,-0.1697573,-0.0007105535,0.42559695,-0.004495864,-0.0010443471,-0.02581709,0.018950757,0.015041541,0.0041216887,-0.007363648,-0.004399647,0.0026562298,0.023763161,-0.031937227,-0.099555,0.47278935,0.0007673269,0.0,0.08441978,0.0,-0.022650335,0.01600558,0.007734094,-0.036799543,0.7287224,0.021213014,0.30264705,-0.5527291
W0000347,0.02549778,0.0,-0.031913172,-0.008781317,-0.118231416,0.024158733,0.012847334,0.029246945,0.054119244,0.39100355,1.9138377,-0.1867968,-0.16272162,-0.24599817,0.006257262,0.0,0.018415427,0.010904469,0.0,0.0,-0.01763082,0.004638335,-0.0055165086,-0.07797696,-0.04901822,-0.05954846,0.0,0.047085978,-0.021813259,-0.15891197,-0.010347059,0.0,-0.0014661358,0.06524924,-0.060513496,-0.1608159,0.0,0.0026750108,0.0,0.0,-0.0023350688,-0.01404916,-0.29117528,-0.08544218,0.0,0.0,-0.0639805,-0.060555123,0.47753507,0.0,0.0,0.0,0.0033027634,-0.048253976,-0.016077608,-0.031391002,0.0,0.0,0.0,0.0,0.0,0.0,-0.029590242,0.011641865,-0.013149708,0.003398105,0.0,-0.011458471,0.0,0.0,0.0,-0.04338522,-0.058893308,-0.094790876,-0.15150782,-0.059151337,0.0,0.17147397,-0.039701,-0.19965363,-0.014214488,-0.97237813,-0.02929924,-0.0010443471,-0.048959833,0.011897208,-0.11047059,0.0041216887,-0.06066177,-0.098223954,0.00092254893,0.023763161,-0.033589892,-0.022038424,-0.5734518,-0.013737101,0.0,-0.16677047,0.0,-0.05442427,0.01600558,0.004397517,-0.056563683,0.78923327,0.021213014,0.24344328,-0.37078136
W0000348,0.02549778,0.0,-0.031431608,-0.00015349826,-0.060902927,0.033157565,0.002406685,-0.021761147,0.05910427,0.42498377,2.4479353,-0.16728805,-0.110707894,-0.008470554,0.006257262,0.0,0.028676862,0.010904469,0.0,0.0,-0.013462683,-0.01766783,0.0010773469,0.0065593505,0.03650272,0.048337627,0.0,0.050403677,-0.021813259,0.103436776,-0.010347059,0.0,-0.0014661358,0.07098258,-0.028105574,-0.14951387,0.0,0.0027774472,0.0,0.0,-0.0039439853,0.0075859358,0.38100672,0.11038306,0.0,0.0,0.013510514,-0.013777511,0.5428944,0.0,0.0,0.0,-0.017717665,-0.03284574,0.008628188,0.0033516905,0.0,0.0,0.0,0.0,0.0,0.0,-0.05217269,-0.054703124,-0.1327365,0.009046913,0.0,-0.011458471,0.0,0.0,0.0,-0.01666718,-0.0537401,0.044472862,0.16089472,0.06116353,0.0,0.1937118,-0.12874912,-0.1697573,-0.035803128,0.4253839,-0.012771191,-0.0010443471,0.01930859,-0.027642228,0.015194813,-0.04329759,-0.07192263,0.0032655727,-0.020784434,0.010663591,-0.013692161,0.06278556,0.4585672,0.0007673269,0.0,-0.08769074,0.0,-0.024684861,0.01600558,-0.048126917,-0.036799543,0.64539385,0.021213014,0.29153723,-0.0022318736
W0000349,0.02549778,0.0,-0.031431608,-0.00015349826,-0.08727756,0.031950712,0.002322716,0.008928178,0.060956515,0.3926489,2.1647596,-0.21212207,-0.09405875,0.0006605154,-0.006205773,0.0,0.018415427,0.010904469,0.0,0.0,-0.013462683,-0.01766783,-0.0028422393,-0.005829362,0.035329618,0.06525192,0.0,0.050067127,-0.021813259,-0.1461783,-0.010347059,0.0,-0.0014661358,-0.07461473,-0.07941709,-0.15090005,0.0,0.0026750108,0.0,0.0,-0.0039416067,-0.022805378,-0.5866884,0.10339,0.0,0.0,0.0067492435,0.044345796,0.35753265,0.0,0.0,0.0,-0.006042149,-0.04214224,0.019540971,0.0047894176,0.0,0.0,0.0,0.0,0.0,0.0,-0.05217269,-0.043145884,-0.13005619,0.009046913,0.0,-0.011458471,0.0,0.0,0.0,-0.030367967,-0.057811707,-0.056414247,-0.17921077,0.04144036,0.0,0.196283,0.023666162,-0.1697573,-0.031268556,-0.8489728,-0.012771191,-0.0010443471,-0.051089924,-0.07202276,0.09869261,-0.011590302,-0.069080144,-0.11424015,0.0026562298,0.02255408,-0.028322471,-0.14065462,0.48749164,-0.014466135,0.0,0.097083546,0.0,-0.052957892,-0.007818974,0.0063272105,-0.041693322,0.7131214,0.021213014,0.26509878,-0.3308291
W0000350,-0.001596706,0.0,-0.0015871208,0.008718021,-0.091662645,0.026110811,0.012847334,-0.006308941,0.08220122,0.37147376,2.1692638,-0.18743329,-0.15259594,-0.3283504,-0.0152558815,0.0,0.018415427,0.010904469,0.0,0.0,-0.04605858,-0.01766783,0.002487767,0.012418345,0.024559435,0.097893044,0.0,0.052101992,-0.021813259,-0.08374124,-0.010347059,0.0,-0.0014661358,0.066738866,-0.028105574,-0.14951387,0.0,0.0026750108,0.0,0.0,-0.0039439853,-0.006790048,-0.41462597,0.100666426,0.0,0.0,0.013510514,-0.011224009,-1.1232423,0.0,0.0,0.0,-0.006042149,-0.0105860215,0.021523118,0.013931843,0.0,0.0,0.0,0.0,0.0,0.0,-0.045054324,-0.029465903,-0.11656081,0.003398105,0.0,-0.011458471,0.0,0.0,0.0,-0.029021151,-0.0698145,0.040918946,0.175322,-0.07260546,0.0,-0.16159211,-0.12785025,-0.19965363,-0.014826449,0.35403484,0.00018322491,-0.00746914,-0.030868998,0.01998939,-0.07283572,0.0039036702,0.015320227,-0.13011098,0.00092254893,-0.041312475,0.00715758,-0.123997025,-0.62215996,-0.009067345,0.0,0.0892551,0.0,-0.082552224,0.01600558,0.006568113,-0.09085059,0.7978142,0.021213014,0.234712,0.089124896
W0000351,0.02549778,0.0,-0.021559099,-0.008781317,-0.09352812,0.021692274,0.008187693,-0.018682182,0.06516626,0.39002496,2.2044733,-0.16728805,-0.16392964,-0.2906823,-0.006205773,0.0,0.028676862,0.010904469,0.0,0.0,-0.014917521,0.004638335,-0.015111137,-0.034050845,0.03274022,-0.08323513,0.0,0.050361015,-0.021813259,0.03626777,-0.010347059,0.0,-0.0014661358,0.066738866,-0.060513496,-0.14951387,0.0,0.0026750108,0.0,0.0,0.002579819,-0.022805378,0.39715403,0.11392667,0.0,0.0,-0.049222328,-0.0042747525,0.51004684,0.0,0.0,0.0,-0.017717665,0.01882948,-0.0026828235,-0.029390752,0.0,0.0,0.0,0.0,0.0,0.0,-0.03884663,-7.025711e-05,-0.11604265,0.003398105,0.0,-0.011458471,0.0,0.0,0.0,-0.030367967,-0.057811707,-0.008485792,-0.16201422,0.04144036,0.0,-0.19023275,-0.13406542,-0.19965363,-0.044990946,0.2748736,-0.012771191,-0.0010443471,-0.01658694,0.015092783,0.0098092165,0.0041216887,-0.025246017,-0.0048914086,0.00092254893,0.023763161,-0.05045349,-0.12069038,-0.5658328,-0.015704397,0.0,-0.18608418,0.0,0.00926218,0.01600558,-0.04919335,-0.046240732,0.7518529,0.021213014,0.2672402,-0.4205234
W0000352,-0.001596706,0.0,-0.031431608,0.00032329466,-0.060902927,0.037468463,0.005642888,0.008928178,0.080290794,0.4048528,2.3213923,-0.19415838,-0.10949986,0.031152993,0.006257262,0.0,0.018415427,0.010904469,0.0,0.0,-0.0076403255,-0.01766783,-0.0006049512,0.012418345,0.03650272,-0.07866026,0.0,0.047637172,-0.021813259,-0.1754582,-0.010347059,0.0,-0.0014661358,0.07098258,-0.049526356,-0.13959803,0.0,0.0011384798,0.0,0.0,-0.0039439853,0.0075859358,-0.6254204,0.045803834,0.0,0.0,0.013510514,-0.013777511,0.4496069,0.0,0.0,0.0,-0.006042149,-0.03284574,0.019540971,0.0033516905,0.0,0.0,0.0,0.0,0.0,0.0,-0.058380388,0.01767047,-0.12251512,0.009046913,0.0,-0.011458471,0.0,0.0,0.0,-0.04939468,-0.0537401,-0.0947748,-0.24929374,0.06116353,0.0,0.17962216,-0.14749189,-0.1697573,-0.0007105535,-0.11121022,-0.004495864,0.001080007,-0.02037437,0.016793815,-0.0738676,-0.04329759,0.019779263,-0.10877184,0.0026562298,-0.019383883,0.00715758,0.014426893,0.5791745,-0.009067345,0.0,0.086311035,0.0,-0.054992415,0.01600558,0.006568113,-0.041693322,0.7167691,0.021213014,0.2830374,0.039427016
W0000353,0.02549778,0.0,-0.031431608,0.00032329466,-0.14028597,0.030425185,0.012847334,0.008928178,0.07157647,0.3915296,2.0067945,-0.21840204,-0.17748009,-0.09496115,-0.006205773,0.0,0.018415427,0.010904469,0.0,0.0,-0.016175982,-0.01766783,0.0009106493,-0.005829362,-0.05026737,-0.06205132,0.0,0.052457288,-0.014569342,-0.13296461,-0.010347059,0.0,-0.0014661358,-0.1114563,0.05149104,-0.15090005,0.0,0.0011384798,0.0,0.0,0.0025782634,-0.022805378,-0.6203763,-0.23871318,0.0,0.0,-0.042893264,-0.051538028,0.464934,0.0,0.0,0.0,-0.006042149,-0.03284574,0.019540971,0.0033516905,0.0,0.0,0.0,0.0,0.0,0.0,-0.03884663,-0.0327569,-0.11526983,0.003398105,0.0,-0.011458471,0.0,0.0,0.0,-0.04338522,-0.057811707,-0.00854584,-0.258289,0.05677843,0.0,0.1554212,-0.009375763,-0.19965363,-0.014214488,-0.9925482,-0.004495864,-0.0010443471,-0.051089924,-0.010978495,-0.12811922,0.0040597003,0.016304074,-0.11253261,0.00092254893,0.009448124,0.00345858,-0.12321902,-0.6038215,-0.014466135,0.0,0.09628883,0.0,-0.082552224,-0.032830574,-0.0025984044,-0.056563683,0.76607186,0.021213014,0.27141333,-0.06640421
W0000354,0.02549778,0.0,-0.015156532,0.0032024025,-0.08941543,0.032012127,0.012847334,0.009743355,0.07412765,0.364281,1.9634011,-0.19371326,-0.17505646,-0.08688894,-0.0152558815,0.0,0.018415427,0.010904469,0.0,0.0,-0.04727667,0.004638335,-0.016688254,-0.07797696,0.043509226,0.055957828,0.0,0.052527137,-0.021813259,-0.07175221,-0.010347059,0.0,-0.0014661358,-0.0345736,-0.07941709,-0.14203776,0.0,0.0011384798,0.0,0.0,0.0015274035,-0.01404916,-0.6042338,-0.19047341,0.0,0.0,-0.0067392928,-0.048984524,-0.64949024,0.0,0.0,0.0,0.0033027634,-0.008661777,-0.018059755,0.0047894176,0.0,0.0,0.0,0.0,0.0,0.0,-0.033787936,-0.023577042,0.10634603,0.003398105,0.0,-0.011458471,0.0,0.0,0.0,-0.05573919,-0.0698145,-0.073932655,-0.19919872,-0.07448941,0.0,-0.18880117,-0.09703821,0.10799977,-0.014214488,-0.7368897,0.018835738,-0.0010443471,-0.051691037,0.015309991,-0.077501744,-0.0057074865,0.007340258,0.069373295,0.00092254893,0.009448124,0.005866712,-0.12319387,-0.6588868,-0.014466135,0.0,0.10976743,0.0,-0.03282059,-0.007818974,0.006568113,0.059018582,0.69557637,0.021213014,0.27808458,-0.36386567
W0000355,0.02549778,0.0,-0.021559099,-0.0006470373,-0.09352812,0.028212134,0.009527162,-0.021761147,0.0681397,0.39894363,2.2726254,-0.16728805,-0.16392964,-0.041123033,-0.006205773,0.0,0.028676862,0.010904469,0.0,0.0,-0.016175982,-0.01766783,0.002487767,-0.034050845,0.03274022,-0.048943743,0.0,0.054434255,-0.014569342,0.04729951,-0.010347059,0.0,-0.0014661358,0.06998042,0.070394635,-0.14951387,0.0,0.0026750108,0.0,0.0,-0.009978284,0.0046732845,0.42425352,0.11543586,0.0,0.0,0.010967823,0.00837688,0.5532808,0.0,0.0,0.0,-0.017717665,-0.04214224,0.008628188,0.0047894176,0.0,0.0,0.0,0.0,0.0,0.0,-0.033787936,-0.04703808,-0.12549122,0.003398105,0.0,-0.011458471,0.0,0.0,0.0,-0.02267664,-0.057811707,-0.03400255,-0.20797779,-0.066435106,0.0,-0.17178799,0.048535846,0.10091244,-0.009679914,0.37355638,-0.012771191,0.001080007,-0.02581709,0.017774474,0.04677673,0.0041216887,-0.058913697,-0.0033875797,0.00092254893,0.023763161,-0.031937227,-0.121604346,-0.60555905,-0.021478033,0.0,-0.18608418,0.0,-0.05224467,0.01600558,-0.031661782,-0.053388767,0.65980166,0.021213014,0.27404088,-0.42683607
W0000356,0.02549778,0.0,-0.020236904,-0.008843918,-0.11573537,0.02678317,0.009527162,0.012007143,0.07056589,0.32901406,2.0132854,-0.21840204,-0.17399773,-0.22810489,-0.007029475,0.0,0.018415427,0.010904469,0.0,0.0,-0.01763082,0.004638335,0.0009106493,-0.023506533,0.006745048,-0.06205132,0.0,0.06413826,-0.021813259,-0.052457064,-0.010347059,0.0,-0.0014661358,-0.10215933,-0.07941709,-0.15090005,0.0,0.0011384798,0.0,0.0,-0.0039416067,-0.006790048,-0.59469515,-0.17196733,0.0,0.0,0.009578323,0.047252677,0.4446923,0.0,0.0,0.0,-0.006042149,0.016905233,-0.018059755,-0.004884773,0.0,0.0,0.0,0.0,0.0,0.0,-0.033787936,0.0148438355,-0.10262283,0.003398105,0.0,-0.011458471,0.0,0.0,0.0,0.053880364,0.07796062,-0.09521486,-0.32263082,-0.055093735,0.0,0.19453712,-0.22926755,0.16303639,-0.009679914,-0.7760761,0.008729893,-0.0010443471,-0.054254506,0.015309991,0.116752446,0.0036840048,-0.041908804,-0.15629189,0.00092254893,0.009448124,-0.033589892,-0.11528427,-0.53093415,-0.014466135,0.0,0.10023005,0.0,-0.082552224,-0.014220054,0.004610313,-0.032304175,0.7929737,0.021213014,0.24862067,-0.32035902
W0000357,0.02549778,0.0,-0.0132633895,0.008718021,-0.11147,0.02568426,0.012847334,0.00907642,0.058112733,0.37746137,1.8880088,-0.19371326,-0.1560218,-0.05065305,-0.008198856,0.0,0.018415427,0.010904469,0.0,0.0,-0.044563368,-0.01766783,-0.0055165086,-0.005829362,0.0444966,0.08791555,0.0,0.050577626,-0.014569342,-0.12213106,-0.010347059,0.0,-0.0014661358,0.0684908,-0.010368567,-0.15090005,0.0,0.0026750108,0.0,0.0,-0.0023350688,0.0046732845,-0.5659295,-0.1689824,0.0,0.0,0.0060061836,-0.048984524,-0.8334279,0.0,0.0,0.0,-0.006042149,-0.008661777,0.019540971,0.0047894176,0.0,0.0,0.0,0.0,0.0,0.0,-0.03884663,0.00040271552,-0.11526983,0.003398105,0.0,-0.011458471,0.0,0.0,0.0,-0.057086006,-0.11199486,-0.048772275,-0.2694089,-0.08177318,0.0,-0.07986728,-0.03786546,-0.19965363,-0.014214488,-0.8883363,-0.01883004,-0.00746914,-0.04921363,-0.03722047,-0.06441027,-0.017237872,0.015344183,-0.09734972,0.00092254893,0.023763161,0.00345858,-0.14337128,-0.6599889,-0.01766944,0.0,-0.17566416,0.0,-0.071613535,0.01600558,-0.0025984044,-0.051134504,0.75015944,0.021213014,0.24464484,-0.1590517
W0000358,0.02549778,0.0,-0.0132633895,0.00222449,-0.079529494,0.023217801,0.011423896,-0.011010975,0.07050346,0.3582729,2.0856488,-0.14259928,-0.14429057,-0.35401413,-0.0152558815,0.0,0.028676862,0.010904469,0.0,0.0,0.063871846,0.004638335,-0.054839935,-0.013170241,0.03987592,-0.116317295,0.0,0.051920414,0.031219222,0.030143287,0.01819984,0.0,-0.0014661358,0.066738866,-0.05430556,-0.14065158,0.0,0.0011485481,0.0,0.0,0.002579819,0.0046732845,0.2399434,0.09788494,0.0,0.0,0.008401561,-0.007305873,-1.1469791,0.0,0.0,0.0,0.00968484,0.015880302,-0.0026828235,-0.022468735,0.0,0.0,0.0,0.0,0.0,0.0,-0.024531549,-0.004697731,0.091173634,0.003398105,0.0,-0.011458471,0.0,0.0,0.0,-0.029021151,0.110864684,-0.0468909,0.051248074,-0.08177318,0.0,-0.17399728,-0.13889444,0.10799977,-0.044990946,0.3203895,-0.016174385,-0.00746914,-0.024618095,-0.065680444,0.0029375819,-0.0037592598,0.010791603,-0.011461499,0.00092254893,0.023763161,-0.05045349,-0.111062415,-0.6735698,0.0039706323,0.0,-0.16377243,0.0,0.022845352,0.01600558,-0.04919335,0.045975674,0.77423996,0.021213014,0.26246256,-0.31812072
W0000359,0.02549778,0.0,-0.015638094,0.00222449,-0.09152736,0.028212134,0.012847334,-0.0032299743,0.07115421,0.3596658,1.8280802,-0.16210803,-0.1455358,-0.27647406,-0.008198856,0.0,0.018415427,0.010904469,0.0,0.0,-0.057731807,0.004638335,0.007925373,-0.023506533,0.016034117,-0.10923956,0.0,0.053929053,-0.021813259,-0.1299968,-0.010347059,0.0,-0.0014661358,-0.10088264,-0.060513496,-0.1608159,0.0,0.0026750108,0.0,0.0,0.0025782634,-0.01404916,-0.32001343,-0.17197053,0.0,0.0,-0.009575697,-0.05115263,-0.9824083,0.0,0.0,0.0,-0.006042149,-0.053843383,-0.016077608,0.0033516905,0.0,0.0,0.0,0.0,0.0,0.0,-0.035797942,0.009427946,-0.105821274,0.003398105,0.0,-0.011458471,0.0,0.0,0.0,-0.057086006,-0.11199486,0.03903102,-0.2258238,-0.07448941,0.0,0.15788819,0.022185566,-0.19965363,-0.014214488,-0.8499776,-0.016174385,-0.00746914,-0.04898155,-0.017267782,-0.09335388,0.001955443,0.006380366,-0.099091806,0.00092254893,-0.019383883,0.0037014568,-0.115262635,-0.63191634,-0.0079634655,0.0,-0.17566416,0.0,-0.01153778,-0.032830574,0.006568113,-0.056563683,0.83368117,0.021213014,0.24382187,-0.31828678
W0000360,0.02549778,0.0,-0.015156532,-0.00043685408,-0.11147,0.026114289,0.012847334,-0.13759986,0.07115421,0.39354178,1.8651273,-0.18244107,-0.19152091,-0.25911948,0.008102258,0.0,0.018415427,0.010904469,0.0,0.0,0.06508993,0.0007005774,-0.0070936265,0.012418345,-0.12204799,-0.06205132,0.0,0.05519244,-0.014569342,-0.1299968,-0.010347059,0.0,-0.0014661358,-0.037815157,0.025656031,-0.15090005,0.0,0.0011384798,0.0,0.0,0.0015274035,0.0075859358,-0.655519,-0.18893644,0.0,0.0,-0.0499696,-0.05115263,-0.51767826,0.0,0.0,0.0,-0.006042149,-0.04920744,-0.018059755,-0.031391002,0.0,0.0,0.0,0.0,0.0,0.0,0.07624288,0.009427946,-0.10986812,0.009046913,0.0,-0.007108107,0.0,0.0,0.0,-0.057086006,-0.1212614,-0.010797331,-0.26954365,0.04582546,0.0,0.17147397,-0.10075168,-0.1920332,-0.014214488,-0.8916421,0.0007962482,-0.0010443471,-0.04921363,-0.02280641,-0.08224551,-0.017237872,-0.048057016,-0.09061275,0.0026562298,-0.009880809,-0.033589892,-0.13387334,-0.20671107,-0.014466135,0.0,-0.0995063,0.0,-0.071613535,0.01600558,0.004397517,-0.056563683,0.85494316,0.021213014,0.23758295,0.07394174
W0000361,0.02549778,0.0,-0.015156532,0.00222449,-0.08164142,0.030167691,0.012847334,0.00907642,0.07833739,0.3572573,1.9194257,-0.19371326,-0.1470364,-0.3291522,-0.008198856,0.0,0.018415427,0.010904469,0.0,0.0,-0.057731807,-0.01766783,0.002487767,-0.023506533,0.016034117,-0.11700892,0.0,0.050431766,-0.021813259,-0.1299968,-0.010347059,0.0,-0.0014661358,-0.037815157,-0.07941709,-0.14951387,0.0,0.0026750108,0.0,0.0,-0.0039439853,0.0046732845,-0.5474379,-0.13278751,0.0,0.0,0.010297097,-0.013392119,-1.1039025,0.0,0.0,0.0,-0.006042149,0.010612596,-0.018059755,-0.022468735,0.0,0.0,0.0,0.0,0.0,0.0,-0.045054324,0.015456552,-0.10262283,0.003398105,0.0,-0.011458471,0.0,0.0,0.0,-0.05573919,-0.11199486,0.039455004,-0.18791649,-0.08177318,0.0,0.18072192,-0.12971987,-0.19965363,-0.014214488,0.24048303,-0.011167738,-0.00746914,-0.05939164,-0.008296803,-0.0458701,0.0023931272,0.014593969,-0.09478609,0.00092254893,-0.019383883,-0.033589892,-0.1268099,-0.6908207,-0.03451601,0.0,-0.09139015,0.0,-0.082552224,-0.007818974,0.006568113,-0.056563683,0.8781345,0.021213014,0.28410766,-0.45020962
W0000362,0.02549778,0.0,-0.012781825,0.008718021,-0.091662645,0.035002004,0.012847334,0.005972869,0.085627995,0.38324296,2.0866213,-0.19371326,-0.16779402,-0.074133635,-0.0152558815,0.0,0.018415427,0.010904469,0.0,0.0,-0.04727667,-0.01766783,0.0009106493,0.012418345,0.040868837,0.0947312,0.0,0.050577626,-0.021813259,-0.13496964,-0.010347059,0.0,-0.0014661358,0.07098258,-0.049526356,-0.13959803,0.0,0.0011384798,0.0,0.0,-0.0039439853,-0.01404916,-0.6317467,-0.10901664,0.0,0.0,0.013510514,-0.011224009,-0.9917347,0.0,0.0,0.0,-0.006042149,-0.008661777,0.019540971,0.0033516905,0.0,0.0,0.0,0.0,0.0,0.0,-0.045054324,-0.029465903,-0.11526983,0.003398105,0.0,-0.011458471,0.0,0.0,0.0,-0.05573919,0.10140538,-0.03754039,-0.02457394,-0.07448941,0.0,-0.16956459,-0.1399123,-0.19965363,-0.014214488,0.3490425,-0.010554714,-0.00746914,-0.02874299,0.015031384,-0.061488338,0.0039036702,0.016304074,-0.11651985,0.00092254893,-0.019383883,0.0037014568,0.010356307,-0.6805368,-0.03451601,0.0,0.08531389,0.0,-0.082552224,0.01600558,0.006568113,-0.056563683,0.74285865,0.021213014,0.28411186,0.012639515
W0000363,0.02549778,0.0,-0.031431608,-0.0074057523,-0.08444764,0.030167691,0.012763365,0.012007143,0.064275876,0.38529614,2.059828,-0.21840204,-0.18614605,-0.04730214,0.006257262,0.0,0.018415427,0.010904469,0.0,0.0,-0.01763082,0.004638335,0.002487767,-0.034050845,0.025307622,-0.085737996,0.0,0.05072912,-0.021813259,-0.1638848,-0.010347059,0.0,-0.0014661358,-0.0345736,-0.07941709,-0.13959803,0.0,0.0026750108,0.0,0.0,-0.009978284,0.0075859358,-0.605107,-0.20538363,0.0,0.0,0.010521907,0.011283759,0.5256389,0.0,0.0,0.0,-0.006042149,-0.0456265,-0.018059755,-0.022468735,0.0,0.0,0.0,0.0,0.0,0.0,-0.033787936,0.013672151,-0.11207137,0.003398105,0.0,-0.011458471,0.0,0.0,0.0,-0.04939468,-0.058893308,-0.034426533,-0.32671988,0.06116353,0.0,-0.05657806,0.02663121,0.10091244,-0.009679914,0.40735,-0.004495864,-0.0010443471,-0.06550005,-0.008575409,-0.09270747,-0.013538529,0.014593969,-0.092320286,0.00092254893,0.023763161,-0.0153448265,-0.12473426,-0.60072714,-0.03451601,0.0,-0.09518928,0.0,-0.082552224,-0.032830574,0.006568113,-0.058282547,0.7438737,0.021213014,0.28178304,-0.4256044
W0000364,0.02549778,0.0,-0.015156532,0.0012541581,-0.079529494,0.030167691,0.009611131,0.023186482,0.062322475,0.32583123,1.9339242,-0.19371326,-0.1470364,-0.29114223,0.008102258,0.0,0.018415427,0.010904469,0.0,0.0,-0.057731807,0.004638335,0.002487767,-0.034050845,0.043509226,-0.11700892,0.0,0.059912458,-0.021813259,-0.14199206,-0.010347059,0.0,-0.0014661358,-0.10088264,-0.07941709,-0.13959803,0.0,0.0026750108,0.0,0.0,-0.009978284,0.0075859358,-0.575404,-0.13493153,0.0,0.0,0.010967823,-0.013392119,-1.1557405,0.0,0.0,0.0,-0.006042149,-0.053843383,-0.018059755,0.0033516905,0.0,0.0,0.0,0.0,0.0,0.0,-0.033787936,0.016244967,-0.10262283,0.003398105,0.0,-0.011458471,0.0,0.0,0.0,-0.05573919,-0.1212614,-0.048354834,-0.18791649,0.04582546,0.0,0.18166535,0.025128908,0.16303639,-0.014214488,0.33612445,-0.011167738,-0.00746914,-0.05939164,0.00829592,0.03978486,-0.0052698026,-0.05721872,-0.09214216,0.00092254893,0.023763161,-0.0153448265,-0.11786036,-0.6325189,-0.012270651,0.0,-0.010581181,0.0,-0.082552224,-0.032830574,-0.0492929,-0.063711725,0.86630154,0.021213014,0.2821239,-0.43302798
W0000365,0.02549778,0.0,-0.021077534,0.00032329466,-0.06257427,0.030167691,0.009527162,0.008928178,0.064275876,0.3954865,2.147359,-0.21840204,-0.105148345,0.019327223,-0.006205773,0.0,0.018415427,0.010904469,0.0,0.0,-0.013462683,-0.01766783,-0.0006049512,-0.023506533,0.03274022,-0.06912905,0.0,0.049674563,-0.014569342,-0.14845264,-0.010347059,0.0,-0.0014661358,-0.0345736,0.05149104,-0.13959803,0.0,0.0011384798,0.0,0.0,-0.0039439853,-0.022805378,-0.6755126,0.023196792,0.0,0.0,0.010297097,-0.0017411918,0.49995953,0.0,0.0,0.0,-0.006042149,-0.04214224,-0.018059755,0.0047894176,0.0,0.0,0.0,0.0,0.0,0.0,-0.03884663,-0.003272228,-0.11931666,0.009046913,0.0,-0.011458471,0.0,0.0,0.0,-0.04939468,-0.057811707,-0.09518102,-0.24777333,0.05677843,0.0,-0.17178799,-0.1197281,-0.19965363,0.0038240198,0.38952285,-0.012771191,-0.0010443471,-0.06550005,0.008603463,-0.055383477,-0.025787484,-0.036147557,-0.09463547,0.0026562298,0.023763161,-0.028322471,-0.14977667,0.327582,-0.03451601,0.0,-0.10957618,0.0,-0.054992415,0.01600558,0.0063272105,-0.0471225,0.7824756,0.021213014,0.2986019,-0.4652399
W0000366,0.02549778,0.0,-0.031913172,-0.0074057523,-0.09352812,0.028212134,0.012763365,0.018362394,0.06516626,0.41574803,2.2165234,-0.16728805,-0.15300176,-0.26440716,0.006257262,0.0,0.028676862,0.010904469,0.0,0.0,-0.014917521,0.004638335,-0.0055165086,-0.034050845,-0.018826377,-0.08323513,0.0,0.05092971,-0.021813259,0.04439176,-0.010347059,0.0,-0.0014661358,-0.037815157,-0.060513496,-0.14951387,0.0,0.0026750108,0.0,0.0,-0.0039439853,-0.022805378,0.41149616,0.12519859,0.0,0.0,0.010297097,0.011283759,0.58514345,0.0,0.0,0.0,-0.017717665,-0.0456265,-0.0026828235,0.0033516905,0.0,0.0,0.0,0.0,0.0,0.0,-0.029590242,0.02087244,-0.12328794,0.009046913,0.0,-0.011458471,0.0,0.0,0.0,-0.01666718,-0.058893308,0.044456787,0.05277247,0.05677843,0.0,0.19430773,-0.14174803,-0.19965363,-0.009679914,0.36517107,-0.004495864,-0.0010443471,-0.02581709,0.018950757,0.052870493,0.0041216887,0.0035378914,-0.004504415,0.0026562298,0.023763161,-0.031937227,-0.12069038,-0.21646479,-0.015704397,0.0,-0.17312628,0.0,-0.04130598,-0.014220054,-0.048126917,-0.046240732,0.7410847,0.021213014,0.2753182,-0.48668167
W0000367,0.02549778,0.0,-0.015638094,0.00222449,-0.079529494,0.023217801,0.011423896,0.023186482,0.06663963,0.33912545,1.9289949,-0.19371326,-0.1566254,-0.3291522,0.0146349445,0.0,0.018415427,0.010904469,0.0,0.0,0.018036129,0.004638335,-0.016688254,0.009155081,0.03719104,-0.11700892,0.0,0.048557743,-0.021813259,-0.14199206,-0.010347059,0.0,-0.0014661358,0.066738866,-0.07941709,-0.13959803,0.0,0.0011384798,0.0,0.0,0.002579819,-0.022805378,-0.55148965,-0.19672775,0.0,0.0,0.007955646,-0.025435802,-0.9538747,0.0,0.0,0.0,-0.006042149,0.015880302,-0.018059755,0.0013514396,0.0,0.0,0.0,0.0,0.0,0.0,-0.029590242,0.012246648,-0.10262283,0.003398105,0.0,-0.011458471,0.0,0.0,0.0,-0.04790753,0.033457257,-0.0595065,-0.27987415,0.084978096,0.0,-0.18041202,-0.1407733,-0.19965363,-0.044990946,0.33439532,-0.016174385,-0.00746914,0.035247415,-0.03722047,0.01178648,-0.0057074865,-0.031434037,-0.09885355,0.00092254893,0.023763161,-0.0153448265,-0.13906783,-0.68242764,-0.0015618987,0.0,-0.16953318,0.0,0.003474785,-0.007818974,-0.031038143,-0.056563683,0.87603426,0.021213014,0.26899502,-0.26369095
W0000368,0.02549778,0.0,-0.015156532,0.0012541581,-0.079529494,0.022944322,0.009265303,0.012155388,0.08265455,0.33546957,1.9173725,-0.19371326,-0.16468775,-0.3291522,-0.0152558815,0.0,0.018415427,0.010904469,0.0,0.0,-0.057731807,0.004638335,0.006348255,-0.023506533,-0.042289563,-0.11646072,0.0,0.050431766,0.019999169,-0.1299968,-0.010347059,0.0,-0.0014661358,-0.037815157,0.057036374,-0.13959803,0.0,0.0011384798,0.0,0.0,0.002579819,0.0075859358,-0.5695104,-0.17396787,0.0,0.0,-0.050118167,-0.0057342458,-1.0020766,0.0,0.0,0.0,-0.006042149,-0.053843383,-0.018059755,0.0047894176,0.0,0.0,0.0,0.0,0.0,0.0,-0.035797942,0.011458233,-0.105821274,0.003398105,0.0,-0.011458471,0.0,0.0,0.0,-0.05573919,0.02913409,-0.0595065,0.20079803,0.04582546,0.0,-0.17597933,-0.12428591,-0.19965363,-0.026309136,0.34129962,-0.01883004,-0.00746914,-0.06110569,-0.031279873,-0.03439074,-0.0057074865,-0.05437624,-0.09568228,0.00092254893,-0.019383883,0.0037014568,-0.1268099,-0.6379085,-0.012270651,0.0,-0.008695261,0.0,0.0556025,0.01600558,0.006568113,-0.056563683,0.84707344,0.021213014,0.29320484,-0.36232162
W0000369,0.02549778,0.0,-0.021077534,-0.008376084,-0.09763956,0.030425185,0.002406685,0.005824627,0.07013416,0.39131504,2.0803218,-0.21840204,-0.15354909,-0.2125974,-0.006205773,0.0,0.018415427,0.010904469,0.0,0.0,-0.016412739,-0.01766783,-0.0062038978,0.012418345,0.049049623,-0.06205132,0.0,0.047491312,0.019999169,-0.17048535,0.01819984,0.0,-0.0014661358,0.066738866,0.013399999,-0.15090005,0.0,0.0011384798,0.0,0.0,0.0015274035,0.0046732845,-0.63194066,-0.38475093,0.0,0.0,-0.049965147,-0.060555123,0.46948773,0.0,0.0,0.0,-0.006042149,0.016202005,-0.018059755,0.009763762,0.0,0.0,0.0,0.0,0.0,0.0,-0.058380388,-0.0327569,-0.10986812,0.009046913,0.0,-0.011458471,0.0,0.0,0.0,-0.04338522,-0.057811707,0.043285154,-0.04455081,-0.066435106,0.0,0.1554212,-0.03714855,-0.1697573,-0.0007105535,-0.8242297,-0.004495864,-0.0010443471,-0.051089924,0.005335622,-0.16566043,-0.013162834,-0.069080144,-0.11115382,-0.020784434,-0.019383883,-0.033589892,-0.12692419,0.45493224,-0.014466135,0.0,0.09802663,0.0,-0.03980202,0.01600558,0.006568113,-0.0471225,0.8231885,0.021213014,0.2557455,0.010078967
W0000370,0.02549778,0.0,-0.015156532,0.00222449,-0.08164142,0.030691108,0.012847334,0.014158482,0.06529592,0.3648216,2.0097191,-0.19371326,-0.1470364,0.08199161,0.008102258,0.0,0.018415427,0.010904469,0.0,0.0,-0.055018507,0.004638335,0.002487767,-0.023506533,0.03719104,-0.13361786,0.0,0.054422192,-0.014569342,-0.12675776,-0.010347059,0.0,-0.0014661358,0.07098258,-0.010368567,-0.13959803,0.0,0.0026750108,0.0,0.0,-0.009978284,0.0046732845,-0.5208615,-0.105811894,0.0,0.0,0.010967823,-0.013392119,-1.1406097,0.0,0.0,0.0,-0.006042149,0.010612596,-0.018059755,0.0013514396,0.0,0.0,0.0,0.0,0.0,0.0,-0.03884663,0.012246648,-0.11207137,0.003398105,0.0,-0.011458471,0.0,0.0,0.0,-0.05573919,-0.11610819,-0.048354834,-0.12005437,-0.08177318,0.0,-0.17597933,0.024587702,-0.19965363,-0.014214488,0.3694467,-0.011167738,-0.00746914,-0.011211265,-0.016497709,0.01178648,0.0023931272,-0.07567568,-0.112659484,0.00092254893,0.023763161,-0.0153448265,0.038343534,-0.6344951,-0.012270651,0.0,-0.009664484,0.0,-0.082552224,0.01600558,0.004397517,-0.046941444,0.7857807,0.021213014,0.2782663,-0.5151312
W0000371,0.02549778,0.0,-0.031431608,-0.0074057523,-0.09446886,0.030167691,0.012501506,0.015258847,0.08415462,0.41380847,2.351337,-0.16728805,-0.17937075,0.00028150156,-0.006205773,0.0,0.028676862,0.010904469,0.0,0.0,-0.01763082,0.004638335,-0.002461696,-0.056174483,0.03650272,-0.06662619,0.0,0.059164718,-0.021813259,0.02783078,-0.010347059,0.0,-0.0014661358,-0.116980396,-0.03062276,-0.14951387,0.0,0.0026750108,0.0,0.0,-0.0039439853,-0.022805378,0.42826605,0.16988905,0.0,0.0,0.013510514,-0.0151367355,0.58718544,0.0,0.0,0.0,0.00968484,-0.048253976,-0.0026828235,0.002789167,0.0,0.0,0.0,0.0,0.0,0.0,-0.003698064,0.013672151,-0.0024872022,0.003398105,0.0,-0.011458471,0.0,0.0,0.0,-0.01666718,-0.0526585,-0.09332693,-0.018362751,0.05677843,0.0,-0.11263535,-0.15325654,0.16303639,-0.026309136,0.43030214,-0.004495864,-0.0010443471,0.01930859,0.018950757,-0.09556127,-0.011590302,-0.048057016,0.033929847,0.00092254893,-0.019383883,-0.031937227,0.02151638,-0.59313995,0.0039706323,0.0,-0.09148063,0.0,-0.0025130343,-0.032830574,0.005563498,-0.057964742,0.64748055,0.021213014,0.27866182,0.00965327
W0000372,0.02549778,0.0,-0.015156532,0.00222449,-0.055984788,0.03494059,0.005558919,0.042587236,0.069159746,0.40442657,2.2916791,-0.14259928,-0.09381464,0.1394357,0.008102258,0.0,0.028676862,0.010904469,0.0,0.0,0.019254213,0.004638335,-0.0028422393,-0.06009811,-0.12169409,-0.13292624,0.0,0.055132017,-0.021813259,0.0586249,-0.010347059,0.0,-0.0014661358,-0.03357144,-0.03062276,-0.14951387,0.0,0.0026750108,0.0,0.0,0.002579819,-0.022805378,0.42790848,0.11172639,0.0,0.0,0.011614978,-0.017011143,-1.0689023,0.0,0.0,0.0,0.00968484,-0.04920744,-0.0026828235,0.0033516905,0.0,0.0,0.0,0.0,0.0,0.0,0.06970409,0.015456552,0.09177402,0.009046913,0.0,-0.011458471,0.0,0.0,0.0,0.024056204,-0.11610819,0.040918946,0.028690262,0.06934825,0.0,0.18166535,-0.13027146,-0.16213688,0.0038240198,0.35975054,-0.011167738,-0.00746914,-0.02214069,-0.08099374,-0.0724348,-0.0037592598,0.016936786,-0.0056671025,-0.020784434,0.015746381,-0.031937227,0.040523592,0.5055773,0.0039706323,0.0,0.083274506,0.0,-0.022650335,0.01600558,-0.048126917,-0.036799543,0.62335694,0.021213014,0.26713648,0.032589126
W0000373,0.02549778,0.0,-0.015156532,0.0008489257,-0.079529494,0.03447859,0.012763365,0.00907642,0.062322475,0.34945878,1.9005017,-0.19371326,-0.16223449,-0.3291522,-0.008198856,0.0,0.018415427,0.010904469,0.0,0.0,0.018036129,-0.01766783,0.0009106493,-0.07797696,0.016034117,-0.11646072,0.0,0.048557743,-0.021813259,-0.14480548,-0.010347059,0.0,-0.0014661358,0.066738866,-0.07941709,-0.13959803,0.0,0.0011384798,0.0,0.0,-0.0039439853,0.0075859358,-0.60727286,-0.12842079,0.0,0.0,0.010297097,-0.017011143,-1.0444653,0.0,0.0,0.0,-0.006042149,0.015248539,-0.018059755,-0.029390752,0.0,0.0,0.0,0.0,0.0,0.0,-0.03884663,0.011458233,-0.105821274,0.003398105,0.0,-0.011458471,0.0,0.0,0.0,-0.05573919,-0.11199486,-0.048354834,-0.20217708,0.04582546,0.0,-0.15753457,-0.12999816,-0.19965363,-0.009679914,0.34764344,-0.010554714,-0.00746914,0.038488187,0.00829592,-0.004756069,-0.0052698026,0.016304074,-0.11030125,0.00092254893,0.023763161,0.0037014568,-0.123997025,-0.6908207,-0.012270651,0.0,0.08531389,0.0,-0.082552224,0.01600558,0.006568113,-0.056563683,0.8655908,0.021213014,0.29021582,-0.47372985
W0000374,0.02549778,0.0,-0.015156532,0.0008489257,-0.08955072,0.027639817,0.012763365,0.035206378,0.08131084,0.37715232,1.9849169,-0.19371326,-0.19664517,0.053128347,0.008102258,0.0,0.018415427,0.010904469,0.0,0.0,-0.055018507,0.004638335,0.006348255,0.012418345,-0.012097724,-0.11700892,0.0,0.050577626,-0.021813259,-0.13496964,-0.010347059,0.0,-0.0014661358,0.06998042,-0.049526356,-0.13959803,0.0,0.0011384798,0.0,0.0,-0.0039439853,0.0075859358,-0.6225266,-0.21846221,0.0,0.0,0.010022564,-0.017011143,-1.1009197,0.0,0.0,0.0,-0.006042149,-0.053843383,0.019540971,-0.031391002,0.0,0.0,0.0,0.0,0.0,0.0,-0.03884663,0.011458233,-0.11207137,0.003398105,0.0,-0.011458471,0.0,0.0,0.0,-0.05573919,-0.1212614,-0.013547623,-0.14919257,0.04582546,0.0,-0.15753457,-0.14351466,-0.19965363,-0.009679914,0.35032785,-0.011167738,-0.00746914,-0.05939164,-0.040847473,-0.03439074,-0.0053317915,-0.048057016,-0.09214216,0.00092254893,0.009448124,-0.033589892,-0.1268099,-0.650177,-0.03451601,0.0,-0.014496268,0.0,-0.028727045,0.01600558,0.004397517,-0.056563683,0.79543245,0.021213014,0.28702945,-0.029839493
W0000375,0.02549778,0.0,-0.015156532,0.006947868,-0.06754206,0.033157565,0.005558919,0.012155388,0.062322475,0.37439728,1.9469752,-0.19371326,-0.08950035,-0.26096657,-0.008198856,0.0,0.018415427,0.010904469,0.0,0.0,-0.055018507,0.004638335,0.00097216654,-0.07797696,-0.042011715,0.091077395,0.0,0.051281027,-0.021813259,-0.1711875,-0.010347059,0.0,-0.0014661358,0.06774102,-0.07941709,-0.1608159,0.0,0.0026750108,0.0,0.0,0.002579819,0.0075859358,-0.55259836,-0.17994876,0.0,0.0,-0.009534106,-0.047637805,-0.8544464,0.0,0.0,0.0,-0.006042149,-0.053211622,-0.018059755,0.0047894176,0.0,0.0,0.0,0.0,0.0,0.0,-0.047114,0.011458233,-0.10986812,0.009046913,0.0,-0.011458471,0.0,0.0,0.0,-0.05573919,-0.106841646,0.012217514,-0.16006282,0.04582546,0.0,-0.1796442,-0.05299322,0.13080874,0.0038240198,-0.31912294,-0.011167738,-0.00746914,-0.027028939,0.00829592,-0.05757675,-0.0057074865,-0.007363648,-0.093849696,0.0026562298,0.023763161,-0.033589892,0.020027146,0.45958206,-0.009067345,0.0,-0.0959084,0.0,-0.054992415,0.01600558,0.006568113,-0.054270536,0.85667616,0.021213014,0.28251994,-0.36216503
W0000376,0.02549778,0.0,-0.015156532,0.00222449,-0.08955072,0.031271152,0.012763365,0.035206378,0.08131084,0.3646282,1.9994643,-0.19371326,-0.19664517,0.0811269,0.008102258,0.0,0.018415427,0.010904469,0.0,0.0,-0.06713192,0.004638335,-0.0070936265,-0.056174483,-0.042011715,-0.11700892,0.0,0.048703596,0.031219222,-0.15147817,-0.010347059,0.0,0.021705927,-0.15754077,-0.025517056,-0.13959803,0.0,0.0011384798,0.0,0.0,0.002579819,-0.022805378,-0.5451599,-0.22452612,0.0,0.0,0.0119181,-0.017011143,-1.139874,0.0,0.0,0.0,0.0033027634,-0.053843383,-0.018059755,-0.008811419,0.0,0.0,0.0,0.0,0.0,0.0,0.06493072,0.016244967,0.08908008,0.003398105,0.0,-0.011458471,0.0,0.0,0.0,-0.05573919,-0.1212614,-0.048414886,0.2130774,0.04144036,0.0,0.17384343,-0.12408085,-0.1920332,-0.009679914,0.34470403,0.00018322491,-0.00746914,0.0009235125,-0.008296803,0.0037065255,-0.0053317915,-0.034109555,-0.11959823,0.00092254893,0.0014313441,-0.033589892,-0.14003724,-0.71160513,-0.0015618987,0.0,0.079901665,0.0,-0.071613535,-0.032830574,0.004397517,-0.056563683,0.7088862,0.021213014,0.26462233,0.052733522
W0000377,-0.001596706,0.0,-0.021077534,0.0008168337,-0.060902927,0.035002004,0.005642888,-0.021761147,0.0816129,0.41199216,2.4726624,-0.14304441,-0.12058945,-0.24597722,-0.007029475,0.0,0.028676862,0.010904469,0.0,0.0,-0.0149579,-0.01766783,0.00097216654,0.012418345,0.03274022,0.048337627,0.0,0.05076635,-0.021813259,0.07964028,-0.010347059,0.0,-0.0014661358,0.06774102,-0.03062276,-0.14951387,0.0,0.0026750108,0.0,0.0,-0.0039439853,0.0046732845,0.41340262,0.15378834,0.0,0.0,0.013510514,-0.013777511,0.46641392,0.0,0.0,0.0,-0.017717665,-0.03284574,0.008628188,0.0033516905,0.0,0.0,0.0,0.0,0.0,0.0,-0.058380388,-0.036649093,-0.12328794,0.009046913,0.0,-0.011458471,0.0,0.0,0.0,-0.01666718,0.068501316,-0.008469718,-0.07394496,-0.066435106,0.0,-0.17268302,-0.14749189,-0.1697573,-0.0007105535,0.4294263,-0.01794828,-0.0010443471,-0.028294498,0.024788545,-0.03836608,-0.04329759,0.019779263,-0.0031458912,0.0026562298,-0.019383883,-0.031937227,0.05835911,0.62022513,0.0039706323,0.0,0.09188641,0.0,-0.024684861,-0.032830574,0.007734094,-0.036799543,0.73067254,0.021213014,0.28076553,0.104869686
W0000378,0.02549778,0.0,-0.031431608,-0.008781317,-0.14028597,0.022944322,0.011423896,0.012007143,0.07056589,0.3796299,2.107165,-0.21840204,-0.21233039,-0.2595687,-0.007029475,0.0,0.018415427,0.010904469,0.0,0.0,-0.01763082,0.004638335,-0.016688254,0.012418345,0.034975715,-0.07866026,0.0,0.06413826,0.031219222,-0.06437735,-0.010347059,0.0,-0.0014661358,0.066738866,-0.04331842,-0.14203776,0.0,0.0011384798,0.0,0.0,0.0025782634,-0.01404916,-0.5515541,-0.34954938,0.0,0.0,-0.059173316,0.031694166,0.4697426,0.0,0.0,0.0,0.0033027634,0.01882948,-0.018059755,-0.029390752,0.0,0.0,0.0,0.0,0.0,0.0,-0.030739248,0.010600343,0.08345545,0.003398105,0.0,-0.011458471,0.0,0.0,0.0,-0.04338522,0.07796062,-0.08236109,-0.106229834,-0.059151337,0.0,-0.19047216,-0.010294318,0.17012373,-0.044990946,-0.87360203,-0.004495864,-0.0010443471,-0.05356733,-0.031279873,-0.13561642,0.0040597003,0.016304074,0.0663612,0.00092254893,-0.019383883,-0.033589892,-0.11505891,-0.55323863,-0.01766944,0.0,0.0035363752,0.0,0.051508956,-0.007818974,0.006568113,0.059018582,0.7563889,0.021213014,0.2670051,-0.0010819659
W0000379,0.02549778,0.0,-0.031431608,-0.0069122133,-0.13120548,0.032012127,0.012847334,0.012007143,0.07731735,0.3679993,1.9905534,-0.21840204,-0.17748009,-0.26280886,0.006257262,0.0,0.018415427,0.010904469,0.0,0.0,-0.01763082,0.004638335,-0.0070936265,-0.056376167,0.00777846,0.06525192,0.0,0.047085978,0.031219222,-0.16061185,-0.010347059,0.0,-0.0014661358,-0.07785629,-0.07320915,-0.15090005,0.0,0.0011384798,0.0,0.0,0.002579819,-0.022805378,-0.6715462,-0.30619553,0.0,0.0,0.009851182,-0.060555123,0.44591343,0.0,0.0,0.0,0.0033027634,-0.048253976,-0.018059755,-0.022468735,0.0,0.0,0.0,0.0,0.0,0.0,-0.030739248,0.013672151,-0.016348168,0.003398105,0.0,-0.011458471,0.0,0.0,0.0,-0.04338522,-0.058893308,-0.08236109,-0.258289,0.05677843,0.0,-0.1967747,-0.11851607,0.10091244,-0.014214488,-0.48585588,-0.02929924,-0.0010443471,-0.022851778,-0.008296803,-0.10757063,-0.013162834,0.014593969,-0.11751832,0.00092254893,-0.019383883,0.00715758,-0.14550173,-0.6160047,-0.03451601,0.0,0.08851357,0.0,-0.071613535,0.01600558,0.006568113,-0.063711725,0.7604625,0.021213014,0.2657255,-0.13581221
W0000380,0.02549778,0.0,-0.015156532,0.00222449,-0.05976805,0.029104164,0.005642888,0.030099735,0.08131084,0.37179226,1.9568284,-0.19371326,-0.09784411,-0.029428553,0.008102258,0.0,0.018415427,0.010904469,0.0,0.0,-0.055018507,0.004638335,-0.021169927,-0.023506533,0.043509226,-0.11700892,0.0,0.05330091,-0.021813259,-0.16135168,-0.010347059,0.0,-0.0014661358,-0.03357144,-0.07941709,-0.13959803,0.0,0.00074903487,0.0,0.0,-0.0039439853,0.0075859358,-0.6047103,-0.23007897,0.0,0.0,-0.081249766,-0.013392119,-0.99273914,0.0,0.0,0.0,-0.006042149,-0.053843383,-0.018059755,0.0033516905,0.0,0.0,0.0,0.0,0.0,0.0,-0.031024575,0.011458233,-0.12251512,0.009046913,0.0,-0.011458471,0.0,0.0,0.0,-0.05573919,-0.11610819,-0.0595065,-0.16974452,-0.0625596,0.0,-0.16196726,-0.13725083,-0.15879062,-0.0007105535,0.23077208,-0.016174385,-0.00746914,-0.027028939,0.012628298,-0.0955681,0.001955443,-0.010206124,-0.09214216,0.0026562298,-0.019383883,0.00715758,0.16887228,0.4819611,0.0029997826,0.0,-0.0959084,0.0,-0.052957892,0.01600558,-0.0492929,-0.041693322,0.7565877,0.021213014,0.2626867,-0.3688536
W0000381,-0.001596706,0.0,-0.012781825,0.003994643,-0.058096714,0.03447859,0.009611131,-0.014089942,0.08220122,0.37345695,2.3097255,-0.14259928,-0.09913115,-0.29741204,-0.008198856,0.0,0.028676862,0.010904469,0.0,0.0,-0.04605858,-0.01766783,0.00097216654,0.012418345,0.024559435,-0.09627541,0.0,0.05780144,-0.021813259,0.062477328,-0.010347059,0.0,-0.0014661358,-0.10088264,-0.03062276,-0.14951387,0.0,0.0026750108,0.0,0.0,-0.0039439853,-0.01404916,0.40693253,0.12796102,0.0,0.0,0.013510514,-0.011224009,-1.0879025,0.0,0.0,0.0,-0.017717665,-0.008661777,0.008628188,0.0033516905,0.0,0.0,0.0,0.0,0.0,0.0,-0.045054324,-0.03713095,-0.12328794,0.009046913,0.0,-0.011458471,0.0,0.0,0.0,-0.029021151,-0.11199486,0.034987766,0.030299438,-0.07448941,0.0,0.17176403,-0.1396707,-0.19965363,-0.0013225146,0.35527363,-0.00747908,-0.00746914,0.013417377,0.024788545,-0.02089079,0.0029191384,-0.03899003,-0.0048467624,-0.020784434,-0.041312475,-0.031937227,-0.09736391,0.32414207,-0.021478033,0.0,0.083274506,0.0,-0.024684861,0.01600558,-0.048126917,-0.036799543,0.7631041,0.021213014,0.2711802,0.1014181
W0000382,0.02549778,0.0,-0.031913172,-0.0069122133,-0.106720045,0.028212134,0.0042194496,-0.018682182,0.07399799,0.41176927,2.250652,-0.16728805,-0.10949986,-0.22507235,0.006257262,0.0,0.028676862,0.010904469,0.0,0.0,0.0015921597,0.004638335,-0.00462678,0.012418345,-0.04901822,0.04152198,0.0,0.05562923,0.019999169,0.07964028,-0.010347059,0.0,0.021705927,-0.12218835,0.032303594,-0.1608159,0.0,0.0026750108,0.0,0.0,0.0025782634,0.0075859358,0.41420114,0.15427947,0.0,0.0,0.011147969,0.031694166,0.41757888,0.0,0.0,0.0,0.00968484,0.019474573,-0.0026828235,0.0033516905,0.0,0.0,0.0,0.0,0.0,0.0,-0.019758184,0.011641865,0.11192457,0.009046913,0.0,-0.011458471,0.0,0.0,0.0,-0.021222971,-0.058893308,0.04592073,-0.17153698,0.07189576,0.0,0.21233578,0.024976835,0.14799894,-0.03148701,-1.135307,-0.02929924,0.001080007,0.0066316393,-0.027642228,-0.08877222,0.005632232,-0.00832354,0.00070194434,0.0026562298,0.009448124,-0.03577683,-0.10997971,0.48733234,-0.0014281571,0.0,-0.1855133,0.0,-0.009494465,-0.014220054,0.007734094,-0.043947585,0.65118676,0.021213014,0.25074667,0.0239739
W0000383,0.02549778,0.0,-0.031431608,-0.0074057523,-0.13120548,0.037468463,0.012847334,0.008928178,0.07056589,0.3889159,2.0551457,-0.21840204,-0.20244883,-0.2573025,-0.007029475,0.0,0.018415427,0.010904469,0.0,0.0,-0.027030937,-0.01766783,0.0009106493,0.012418345,0.00777846,-0.06205132,0.0,0.05129627,0.031219222,-0.08592745,-0.010347059,0.0,-0.0014661358,0.0662514,-0.04331842,-0.15090005,0.0,0.0011384798,0.0,0.0,0.0015274035,-0.01404916,-0.5752048,-0.30285335,0.0,0.0,0.008488642,-0.060555123,0.46124613,0.0,0.0,0.0,-0.006042149,0.016202005,-0.018059755,0.0077635115,0.0,0.0,0.0,0.0,0.0,0.0,-0.039995633,0.0038219383,-0.105821274,0.003398105,0.0,-0.011458471,0.0,0.0,0.0,-0.04338522,0.068501316,-0.082718484,-0.26469296,-0.059151337,0.0,0.1554212,-0.047062147,0.090982005,-0.014214488,-0.9746574,-0.0014202297,-0.0010443471,-0.051089924,0.00829592,0.0004477054,-0.025068913,-0.048057016,0.06391395,0.00092254893,-0.019383883,0.00715758,0.14011554,-0.63414,-0.0023990069,0.0,0.1023008,0.0,-0.082552224,-0.032830574,0.004397517,-0.09256945,0.7807385,0.021213014,0.2358249,0.05111263
W0000384,0.02549778,0.0,-0.031913172,-0.0074057523,-0.118231416,0.020988764,0.012847334,0.025862467,0.054119244,0.38555616,1.8644488,-0.21840204,-0.17505646,-0.2573025,0.006257262,0.0,0.018415427,0.010904469,0.0,0.0,-0.01763082,0.004638335,0.0009106493,-0.023506533,-0.050545223,-0.06205132,0.0,0.048960008,-0.021813259,-0.14240344,-0.010347059,0.0,-0.0014661358,0.066738866,-0.07941709,-0.15090005,0.0,0.0011384798,0.0,0.0,0.0015274035,0.0075859358,-0.65481627,-0.2615664,0.0,0.0,-0.031082567,-0.060555123,0.4469931,0.0,0.0,0.0,-0.006042149,-0.048253976,-0.018059755,0.0077635115,0.0,0.0,0.0,0.0,0.0,0.0,-0.029590242,0.010600343,-0.105821274,0.003398105,0.0,-0.011458471,0.0,0.0,0.0,-0.04939468,-0.058893308,-0.03553812,-0.30293608,-0.047221527,0.0,-0.20802188,-0.099941716,-0.19965363,-0.014214488,-0.9147723,-0.004495864,-0.0010443471,-0.05356733,-0.031279873,-0.13168286,0.0036840048,-0.049016908,-0.095008954,0.00092254893,0.023763161,0.0037014568,-0.044966385,-0.5947121,-0.026775079,0.0,-0.20654373,0.0,-0.082552224,0.01600558,0.004397517,-0.056563683,0.7919976,0.021213014,0.24815606,-0.31408012
W0000385,0.02549778,0.0,-0.031431608,-0.008564116,-0.13121453,0.032012127,0.009265303,0.022758918,0.07310761,0.35815224,1.950705,-0.21840204,-0.20995814,-0.015537968,-0.006205773,0.0,0.018415427,0.010904469,0.0,0.0,-0.027030937,0.004638335,-0.033438824,-0.056174483,-0.050545223,-0.06205132,0.0,0.05893384,0.019999169,-0.15697217,0.01819984,0.0,-0.0014661358,-0.1114563,0.013399999,-0.14203776,0.0,0.00074903487,0.0,0.0,0.0025782634,0.0075859358,-0.6013971,-0.3639687,0.0,0.0,0.009560006,-0.052897252,0.47875798,0.0,0.0,0.0,-0.006042149,-0.048253976,-0.018059755,0.0027951521,0.0,0.0,0.0,0.0,0.0,0.0,-0.039995633,0.010600343,-0.11526983,0.003398105,0.0,-0.011458471,0.0,0.0,0.0,-0.04338522,-0.057811707,-0.08236109,-0.065413944,-0.047221527,0.0,-0.19047216,-0.18292542,0.17012373,-0.026309136,-0.9456165,-0.008050583,-0.0010443471,-0.05356733,-0.020124715,-0.16456002,0.0040597003,-0.026823528,-0.1490864,0.00092254893,-0.019383883,0.00715758,-0.11797464,-0.54478914,-0.026775079,0.0,0.10375547,0.0,0.051508956,0.01600558,0.004610313,0.048977163,0.73729265,0.021213014,0.24269828,0.028032845
W0000386,0.02549778,0.0,-0.0039618267,0.00222449,-0.08941543,0.01927204,0.012847334,0.012155388,0.05513929,0.3493913,1.84564,-0.19371326,-0.1455358,-0.28562078,-0.008198856,0.0,0.018415427,0.010904469,0.0,0.0,-0.057731807,0.004638335,0.006348255,-0.023506533,0.04323137,-0.109931186,0.0,0.06412275,-0.014569342,-0.066381685,-0.010347059,0.0,-0.0014661358,0.06524924,0.05149104,-0.15090005,0.0,0.0011384798,0.0,0.0,-0.0039416067,0.002258628,-0.5441139,-0.16458298,0.0,0.0,0.006303329,-0.05115263,-0.8840842,0.0,0.0,0.0,-0.006042149,0.008688351,-0.018059755,-0.013326308,0.0,0.0,0.0,0.0,0.0,0.0,-0.033787936,0.008386425,-0.10262283,0.003398105,0.0,-0.011458471,0.0,0.0,0.0,-0.057086006,-0.11199486,-0.062515214,-0.2558055,-0.07459597,0.0,-0.18381393,0.017345808,0.16303639,-0.014214488,-0.94860554,-0.016174385,-0.00746914,-0.053817045,-0.040847473,-0.06441027,-0.0057074865,0.004646304,-0.14250034,0.00092254893,0.023763161,-0.028322471,-0.13812688,-0.5969932,-0.014466135,0.0,-0.12831934,0.0,0.0075683277,0.01600558,0.0063272105,-0.09799863,0.8649633,0.021213014,0.23940092,-0.27464134
W0000387,0.02549778,0.0,-0.021559099,0.00032329466,-0.06998341,0.028212134,0.005642888,-0.021761147,0.08415462,0.41961357,2.4385872,-0.16728805,-0.110707894,0.049384702,0.006257262,0.0,0.028676862,0.010904469,0.0,0.0,-0.0149579,-0.01766783,0.00097216654,-0.06009811,0.03274022,-0.06662619,0.0,0.052965567,-0.021813259,0.06603949,-0.010347059,0.0,-0.0014661358,0.07098258,-0.03062276,-0.14951387,0.0,0.0026750108,0.0,0.0,-0.009978284,0.0075859358,0.41505313,0.15317221,0.0,0.0,-0.058303997,-0.013777511,0.55381715,0.0,0.0,0.0,-0.017717665,-0.03284574,-0.015030613,0.0047894176,0.0,0.0,0.0,0.0,0.0,0.0,-0.058380388,-0.04431414,-0.13593496,0.009046913,0.0,-0.011458471,0.0,0.0,0.0,-0.01666718,-0.0537401,0.06087794,-0.06123057,0.06116353,0.0,0.1937118,0.067361064,-0.1697573,-0.0007105535,0.44550177,-0.0014202297,-0.0010443471,0.01930859,0.017774474,-0.03836608,0.005632232,0.015976897,-0.0010055983,0.0026562298,-0.019383883,0.005354121,0.020568611,0.5310091,-0.015704397,0.0,-0.18177025,0.0,-0.024684861,0.01600558,-0.048126917,-0.036799543,0.64900625,0.021213014,0.27647373,0.100983664
W0000388,0.02549778,0.0,-0.015156532,0.006947868,-0.08941543,0.025173359,0.012847334,0.012155388,0.07115421,0.35971925,1.8337061,-0.19371326,-0.13320097,-0.30567166,0.008102258,0.0,0.018415427,0.010904469,0.0,0.0,0.063871846,0.004638335,-0.015111137,-0.023506533,-0.042289563,0.09666144,0.0,0.052768037,-0.021813259,-0.08374124,-0.010347059,0.0,-0.0014661358,-0.037815157,-0.07941709,-0.15090005,0.0,0.0026750108,0.0,0.0,-0.0023350688,-0.022805378,-0.54227704,-0.10395299,0.0,0.0,0.006452098,-0.05115263,-0.7917701,0.0,0.0,0.0,-0.006042149,-0.04920744,-0.018059755,0.002789167,0.0,0.0,0.0,0.0,0.0,0.0,-0.035797942,0.008386425,-0.10262283,0.003398105,0.0,-0.011458471,0.0,0.0,0.0,-0.057086006,-0.1212614,-0.062091224,-0.24227893,0.04144036,0.0,-0.19178641,-0.100158095,-0.19965363,-0.014214488,-0.83395433,-0.016174385,-0.00746914,-0.03790064,-0.040847473,-0.06441027,-0.0052698026,-0.048057016,-0.0023494125,0.00092254893,-0.019383883,-0.033589892,-0.13387334,-0.6737728,-0.014466135,0.0,-0.110248014,0.0,-0.03282059,0.01600558,0.004397517,-0.08542141,0.8276393,0.021213014,0.24079463,-0.43415755
W0000389,0.02549778,0.0,-0.031431608,-0.008376084,-0.10915093,0.027639817,0.009527162,-0.010876596,0.054119244,0.37478182,2.0833447,-0.1867968,-0.15284005,-0.23054323,0.006257262,0.0,0.018415427,0.010904469,0.0,0.0,0.012009987,-0.01766783,0.002487767,-0.023506533,0.024314705,-0.05954846,0.0,0.048960008,-0.021813259,-0.11482346,-0.010347059,0.0,-0.0014661358,-0.10088264,-0.060513496,-0.1608159,0.0,0.0026750108,0.0,0.0,-0.0023350688,0.0075859358,-0.2669951,0.024410943,0.0,0.0,0.007831557,-0.008672971,0.48052806,0.0,0.0,0.0,-0.006042149,0.019474573,-0.016077608,-0.022468735,0.0,0.0,0.0,0.0,0.0,0.0,-0.03884663,0.0148438355,-0.11336235,0.003398105,0.0,-0.011458471,0.0,0.0,0.0,-0.04338522,-0.058893308,-0.09518102,-0.15150782,0.06116353,0.0,0.21233578,-0.039307334,-0.19965363,-0.009679914,-0.721287,-0.012771191,-0.0010443471,0.048156638,-0.053822175,0.10478638,-0.025787484,-0.058928825,-0.0908747,0.00092254893,0.023763161,-0.028322471,-0.110541284,-0.5586657,-0.0014281571,0.0,-0.09893234,0.0,-0.06536296,0.01600558,-0.049533803,-0.056563683,0.80316,0.021213014,0.2536677,-0.41585052
W0000390,0.02549778,0.0,-0.012781825,0.003994643,-0.079529494,0.031950712,0.012847334,-0.017193493,0.08220122,0.36994666,2.0326862,-0.14259928,-0.14429057,-0.34491107,-0.008198856,0.0,0.028676862,0.010904469,0.0,0.0,-0.044563368,-0.01766783,0.007925373,-0.023506533,0.03987592,-0.13292624,0.0,0.050431766,-0.021813259,-0.1299968,-0.010347059,0.0,-0.0014661358,-0.037815157,-0.060513496,-0.14951387,0.0,0.0026750108,0.0,0.0,-0.0039439853,-0.022805378,0.26209205,0.0966756,0.0,0.0,0.008401561,-0.011224009,-1.2047435,0.0,0.0,0.0,-0.017717665,-0.008661777,-0.0026828235,0.009763762,0.0,0.0,0.0,0.0,0.0,0.0,-0.045054324,-0.029465903,-0.11656081,0.003398105,0.0,-0.011458471,0.0,0.0,0.0,-0.01984268,-0.11199486,0.039455004,0.021452539,0.084978096,0.0,-0.15111983,-0.13008547,-0.19965363,-0.014214488,0.3405876,-0.016174385,-0.00746914,0.010222011,-0.065680444,-0.07283572,-0.0052698026,0.016304074,-0.06164048,-0.0072187497,-0.019383883,0.00715758,-0.10106907,-0.62161344,0.0039706323,0.0,0.08342262,0.0,0.0015805084,0.01600558,0.006568113,-0.056563683,0.8110557,0.021213014,0.27382132,-0.5312267
W0000391,0.02549778,0.0,-0.015638094,0.0009387103,-0.06754206,0.02568426,0.005558919,0.02049513,0.07412765,0.39844066,1.9210951,-0.19371326,-0.10639359,-0.04218387,0.008102258,0.0,0.018415427,0.010904469,0.0,0.0,-0.055018507,0.004638335,-0.004419357,-0.023506533,-0.012097724,-0.06205132,0.0,0.052233577,-0.021813259,-0.16135168,-0.010347059,0.0,-0.0014661358,0.06998042,-0.07941709,-0.15090005,0.0,0.0011384798,0.0,0.0,0.0015274035,0.0046732845,-0.67584676,-0.17220423,0.0,0.0,0.0060061836,0.044221558,-0.6192833,0.0,0.0,0.0,0.0033027634,-0.053211622,-0.018059755,0.009763762,0.0,0.0,0.0,0.0,0.0,0.0,0.06970409,0.009427946,0.10983101,0.009046913,0.0,-0.011458471,0.0,0.0,0.0,-0.057086006,-0.1212614,0.042138703,-0.22868581,-0.08177318,0.0,0.17147397,-0.03867204,-0.16213688,-0.031268556,-0.7507744,-0.01883004,0.001080007,-0.034659877,-0.040847473,-0.10829137,-0.0057074865,0.015976897,-0.09555835,0.0026562298,0.00022226106,-0.037429497,-0.14337128,0.4784721,-0.014466135,0.0,-0.19127405,0.0,-0.052957892,0.01600558,-0.0492929,-0.041693322,0.72258013,0.021213014,0.24589714,-0.37107304
W0000392,0.02549778,0.0,-0.021077534,0.00032329466,-0.08444764,0.024432382,0.012847334,-0.021761147,0.06660856,0.4121425,2.242008,-0.16728805,-0.17381121,-0.12691268,0.006257262,0.0,0.028676862,0.010904469,0.0,0.0,-0.016175982,-0.01766783,0.002487767,-0.023506533,0.048056703,-0.06662619,0.0,0.052235045,-0.021813259,0.0527763,-0.010347059,0.0,-0.0014661358,-0.0345736,-0.060513496,-0.14951387,0.0,0.0026750108,0.0,0.0,-0.0039439853,0.0046732845,0.3573498,0.11098411,0.0,0.0,0.008401561,-0.013777511,0.5823968,0.0,0.0,0.0,-0.017717665,-0.03284574,0.008628188,0.0033516905,0.0,0.0,0.0,0.0,0.0,0.0,-0.03884663,-0.054703124,-0.12549122,0.003398105,0.0,-0.011458471,0.0,0.0,0.0,-0.01666718,-0.058893308,-0.05826833,-0.016842341,-0.066435106,0.0,0.17585702,-0.13008547,-0.19965363,-0.014214488,0.35088706,-0.004495864,-0.0010443471,-0.07589118,-0.065680444,0.04677673,-0.025787484,0.016304074,-0.0014995034,0.00092254893,0.023763161,-0.05045349,-0.122165926,-0.6072911,-0.021478033,0.0,0.004968792,0.0,-0.05224467,-0.032830574,0.006667665,-0.046240732,0.72105086,0.021213014,0.27324158,-0.49785006
W0000393,0.02549778,0.0,-0.031431608,-0.0074057523,-0.13120548,0.025173359,0.011423896,-0.087134756,0.07310761,0.39209986,2.0402045,-0.20712985,-0.21233039,-0.035279598,-0.006205773,0.0,0.018415427,0.010904469,0.0,0.0,-0.027030937,0.0007005774,-0.016688254,0.012418345,-0.02035338,-0.06205132,0.0,0.062796846,0.019999169,-0.102820575,0.01819984,0.0,-0.0014661358,-0.0345736,0.013399999,-0.15090005,0.0,0.0011384798,0.0,0.0,0.0025782634,-0.022805378,-0.55606794,-0.33133003,0.0,0.0,0.0076600183,-0.024231482,0.49532628,0.0,0.0,0.0,0.0033027634,-0.0456265,-0.018059755,-0.022468735,0.0,0.0,0.0,0.0,0.0,0.0,0.06579312,0.010600343,0.10353964,0.003398105,0.0,-0.011458471,0.0,0.0,0.0,-0.04338522,-0.057811707,-0.08236109,-0.025546066,0.05677843,0.0,-0.19047216,0.023259878,0.15514837,-0.044990946,-1.0234623,0.0068550985,-0.0010443471,-0.05356733,-0.040847473,-0.11336833,-0.013162834,0.014593969,0.05483386,0.00092254893,-0.009880809,-0.037429497,-0.11970707,-0.5922354,0.006179033,0.0,-0.071186304,0.0,0.051508956,-0.007818974,0.006568113,-0.09799863,0.6809379,0.021213014,0.25041935,0.049001668
W0000394,0.02549778,0.0,-0.012781825,0.0012541581,-0.06965399,0.029104164,0.009611131,0.009051835,0.07115421,0.3447176,1.9343512,-0.19371326,-0.07716552,-0.2553277,-0.008198856,0.0,0.018415427,0.010904469,0.0,0.0,0.06658515,0.004638335,-0.004419357,-0.023506533,0.040868837,-0.12654012,0.0,0.05868972,-0.014569342,-0.14673288,-0.010347059,0.0,-0.0014661358,-0.036813,0.05149104,-0.15090005,0.0,0.0011384798,0.0,0.0,-0.0039416067,-0.01404916,-0.5884569,-0.13317758,0.0,0.0,-0.08628256,-0.05115263,-0.909097,0.0,0.0,0.0,-0.006042149,0.015248539,-0.018059755,0.009763762,0.0,0.0,0.0,0.0,0.0,0.0,-0.045054324,0.009427946,-0.11306656,0.009046913,0.0,-0.011458471,0.0,0.0,0.0,-0.05573919,-0.106841646,0.039455004,-0.10221349,-0.07448941,0.0,0.15788819,-0.013570851,-0.19965363,-0.0007105535,-0.7921207,-0.011167738,-0.00746914,-0.035423234,0.012349693,-0.101951495,0.0023931272,-0.069080144,-0.095082596,0.0026562298,-0.019383883,0.00715758,0.012402127,0.29145798,-0.026775079,0.0,-0.09570718,0.0,-0.052957892,-0.032830574,0.006568113,-0.0471225,0.8462614,0.021213014,0.25479758,-0.42026314
W0000395,0.02549778,0.0,-0.015156532,0.00222449,-0.055984788,0.030425185,0.005558919,-0.014089942,0.08220122,0.3826792,2.2689922,-0.14259928,-0.091068804,-0.30655876,-0.008198856,0.0,0.028676862,0.010904469,0.0,0.0,-0.056513727,-0.01766783,0.00097216654,-0.06009811,0.01725388,-0.116317295,0.0,0.054643698,-0.021813259,0.050036803,-0.010347059,0.0,-0.0014661358,0.066738866,-0.03062276,-0.14951387,0.0,0.0026750108,0.0,0.0,-0.0039439853,-0.022805378,0.39005852,0.11534709,0.0,0.0,-0.11787554,0.008252639,-1.2330213,0.0,0.0,0.0,-0.017717665,0.011244357,0.008628188,0.0047894176,0.0,0.0,0.0,0.0,0.0,0.0,-0.05217269,-0.004697731,-0.12328794,0.009046913,0.0,-0.011458471,0.0,0.0,0.0,-0.029021151,-0.11199486,0.03947108,0.030299438,0.04144036,0.0,-0.15111983,-0.12567416,-0.1697573,0.0038240198,0.30200553,-0.004823425,-0.00746914,0.010222011,0.015092783,0.034384727,-0.035466544,0.019779263,-0.008091734,0.0026562298,0.009448124,-0.031937227,-0.13303736,0.5126907,-0.021478033,0.0,0.08163413,0.0,-0.024684861,0.01600558,0.007734094,-0.033038586,0.79462695,0.021213014,0.26677707,0.092030965
W0000396,0.02549778,0.0,-0.031913172,-0.008376084,-0.13120548,0.02568426,0.009527162,0.036107235,0.07353933,0.3841596,2.0082989,-0.21840204,-0.21233039,0.025656886,0.0070197624,0.0,0.018415427,0.010904469,0.0,0.0,-0.00902604,0.019046335,-0.023844196,0.012418345,-0.13030365,-0.07866026,0.0,0.05493941,0.019999169,-0.09090028,0.01819984,0.0,-0.0014661358,0.06998042,0.013399999,-0.15090005,0.0,0.00074903487,0.0,0.0,0.0025782634,0.0075859358,-0.6562808,-0.34674096,0.0,0.0,0.00766447,0.047252677,0.40886015,0.0,0.0,0.0,-0.006042149,-0.044981405,-0.018059755,0.0033516905,0.0,0.0,0.0,0.0,0.0,0.0,-0.035797942,0.0148438355,-0.11526983,0.003398105,0.0,-0.011458471,0.0,0.0,0.0,-0.04939468,0.07846522,-0.08236109,-0.33939236,0.06116353,0.0,0.21233578,0.020835966,-0.19965363,-0.009679914,-0.8538319,0.0068550985,0.001080007,-0.03305132,-0.040847473,0.116752446,-0.013162834,-0.058178607,0.059571125,0.00092254893,-0.019383883,0.0037014568,-0.13448402,-0.6289442,-0.014466135,0.0,-0.19777565,0.0,-0.071613535,0.01600558,-0.0492929,-0.09085059,0.6992741,0.021213014,0.22988851,0.04898668
W0000397,0.02549778,0.0,-0.031431608,-0.0074057523,-0.13120548,0.031950712,0.012763365,0.012007143,0.05709269,0.38847637,2.0068154,-0.21840204,-0.21233039,-0.035279598,0.006257262,0.0,0.018415427,0.010904469,0.0,0.0,-0.027030937,0.004638335,0.0009106493,-0.06009811,-0.050545223,-0.07866026,0.0,0.05751922,-0.021813259,-0.1519645,-0.010347059,0.0,-0.0014661358,-0.03606322,-0.049526356,-0.15090005,0.0,0.0011384798,0.0,0.0,0.0025782634,-0.022805378,-0.67143553,-0.3024809,0.0,0.0,0.0072695445,-0.008672971,0.47638208,0.0,0.0,0.0,0.0033027634,0.01882948,-0.018059755,-0.022468735,0.0,0.0,0.0,0.0,0.0,0.0,0.054480962,0.0148438355,0.10634603,0.003398105,0.0,-0.011458471,0.0,0.0,0.0,-0.04939468,-0.058893308,-0.08236109,-0.34452674,-0.051606625,0.0,0.19765021,0.019347802,0.15514837,-0.04477249,-0.99953485,0.008729893,-0.0010443471,-0.03305132,-0.040847473,0.116752446,-0.013162834,0.011751493,-0.11424015,0.00092254893,0.014537299,0.005866712,-0.1391154,-0.61325246,-0.026775079,0.0,0.09534574,0.0,-0.082552224,0.01600558,-0.0492929,-0.058282547,0.6403967,0.021213014,0.22978435,0.021188669
W0000398,0.02549778,0.0,-0.020236904,-0.0006470373,-0.106720045,0.026110811,0.002406685,-0.021533186,0.07740316,0.42020974,2.2549388,-0.16728805,-0.10949986,0.07177314,0.0070197624,0.0,0.028676862,0.010904469,0.0,0.0,0.011755351,-0.01766783,0.00097216654,0.012418345,0.03650272,-0.05954846,0.0,0.052160263,-0.021813259,-0.08381191,-0.010347059,0.0,-0.0014661358,-0.03606322,-0.03062276,-0.15195361,0.0,0.0026750108,0.0,0.0,-0.0023350688,-0.006790048,0.3099128,0.12461765,0.0,0.0,0.0003805561,-0.051538028,0.3854077,0.0,0.0,0.0,-0.017717665,-0.037052445,-0.015030613,-0.002890507,0.0,0.0,0.0,0.0,0.0,0.0,-0.053321697,-0.041149218,-0.13325465,0.009046913,0.0,-0.011458471,0.0,0.0,0.0,-0.02267664,0.07846522,-0.032538608,-0.1582633,-0.05726739,0.0,-0.18082869,-0.03877247,0.15508628,-0.0013225146,-1.0038977,-0.008050583,-0.0010443471,0.011532228,0.025964828,0.117348775,0.005632232,-0.072906464,-0.15965886,0.0026562298,-0.041312475,0.00715758,-0.108814254,0.46881104,-0.0014281571,0.0,0.10126188,0.0,-0.024684861,-0.014220054,-0.0492929,0.04847434,0.69882566,0.021213014,0.22632545,0.08590316
W0000399,0.02549778,0.0,-0.031431608,-0.0074057523,-0.06998341,0.030167691,0.005558919,0.025862467,0.080290794,0.41318202,2.143788,-0.21840204,-0.16463868,0.04071978,0.006257262,0.0,0.018415427,0.010904469,0.0,0.0,-0.016412739,0.004638335,-0.004419357,0.012418345,-0.05026737,-0.06912905,0.0,0.047637172,0.019999169,-0.1754582,-0.010347059,0.0,-0.0014661358,-0.0345736,0.013399999,-0.13959803,0.0,0.0011384798,0.0,0.0,0.002579819,-0.01404916,-0.7362114,-0.4265987,0.0,0.0,0.010543093,-0.026413633,0.49975038,0.0,0.0,0.0,0.0033027634,-0.048253976,-0.018059755,0.0033516905,0.0,0.0,0.0,0.0,0.0,0.0,0.06970409,0.01767047,0.10983101,0.009046913,0.0,-0.011458471,0.0,0.0,0.0,-0.04939468,-0.058893308,0.043285154,-0.3187244,-0.059151337,0.0,0.19896041,-0.1559714,-0.16213688,0.0038240198,0.42119268,-0.01794828,-0.0010443471,-0.02037437,0.015309991,-0.08877391,0.0040597003,0.019779263,-0.09499877,0.0026562298,0.0014313441,-0.037429497,-0.14977667,0.5331165,-0.03451601,0.0,-0.057794265,0.0,-0.052957892,-0.007818974,0.006568113,-0.0471225,0.6877283,0.021213014,0.26984313,0.0817184
W0000400,0.02549778,0.0,-0.031431608,-0.008376084,-0.07165474,0.030425185,0.002406685,0.012007143,0.07731735,0.36720145,2.034392,-0.21840204,-0.12736474,-0.20026755,-0.006205773,0.0,0.018415427,0.010904469,0.0,0.0,-0.014917521,0.004638335,-0.0006049512,-0.023506533,-0.020075526,-0.06912905,0.0,0.05128686,-0.021813259,-0.17048535,-0.010347059,0.0,-0.0014661358,-0.10640674,-0.07941709,-0.13959803,0.0,0.0011384798,0.0,0.0,0.0065269433,0.0046732845,-0.6467444,-0.31333125,0.0,0.0,-0.063760586,-0.022794608,0.5074997,0.0,0.0,0.0,-0.006042149,0.016202005,-0.018059755,0.0033516905,0.0,0.0,0.0,0.0,0.0,0.0,-0.047114,0.01767047,-0.10986812,0.009046913,0.0,-0.011458471,0.0,0.0,0.0,-0.04939468,-0.0526585,-0.010021362,-0.30301926,-0.066435106,0.0,0.18427484,0.0264698,0.14799894,-0.035803128,0.43519592,-0.004495864,-0.0010443471,-0.02037437,0.012628298,-0.08877391,0.0036840048,-0.07192263,-0.11115382,0.0026562298,0.008239041,-0.033589892,-0.0032815076,0.44697508,-0.009067345,0.0,0.086311035,0.0,-0.054992415,-0.014220054,-0.0492929,-0.054270536,0.820933,0.021213014,0.284627,-0.44890776
W0000401,0.02549778,0.0,-0.015638094,0.0012541581,-0.113581926,0.02397864,0.009611131,0.030099735,0.075471364,0.34226587,1.8202922,-0.19371326,-0.18555558,-0.30793786,0.0146349445,0.0,0.018415427,0.010904469,0.0,0.0,-0.06713192,0.019046335,-0.033438824,-0.06009811,-0.042289563,-0.09224874,0.0,0.051313944,0.019999169,-0.086388804,0.01819984,0.0,-0.0014661358,0.06774102,0.013399999,-0.15090005,0.0,0.00074903487,0.0,0.0,0.0025782634,0.0046732845,-0.5860754,-0.27925244,0.0,0.0,-0.053205565,-0.05115263,-0.8748861,0.0,0.0,0.0,0.0033027634,-0.053843383,-0.018059755,0.0047894176,0.0,0.0,0.0,0.0,0.0,0.0,0.06493072,0.008386425,0.09791501,0.003398105,0.0,-0.011458471,0.0,0.0,0.0,-0.05573919,0.10572855,0.039127186,-0.210325,-0.08177318,0.0,-0.19178641,-0.037069272,-0.1920332,-0.049307063,-0.8829992,0.00018322491,0.0077241794,-0.03790064,-0.031279873,-0.101951495,0.0023311386,-0.058178607,0.05538445,0.00092254893,0.00022226106,-0.037429497,0.028723571,-0.71262985,-0.014466135,0.0,-0.20254433,0.0,-0.03282059,0.01600558,-0.0492929,-0.062504336,0.7710857,0.021213014,0.22044557,0.038242616
W0000402,0.02549778,0.0,-0.015156532,0.00222449,-0.08955072,0.031950712,0.012763365,0.012155388,0.07833739,0.36424857,1.9710088,-0.19371326,-0.15259594,-0.3346586,0.008102258,0.0,0.018415427,0.010904469,0.0,0.0,0.018036129,0.004638335,-0.0055165086,0.012418345,-0.042289563,-0.11700892,0.0,0.049364433,-0.021813259,-0.12718341,-0.010347059,0.0,-0.0014661358,0.066738866,-0.049526356,-0.13959803,0.0,0.0026750108,0.0,0.0,-0.0039439853,-0.022805378,-0.51992536,-0.08656019,0.0,0.0,0.011614978,-0.0018654321,-1.0923959,0.0,0.0,0.0,0.0033027634,0.015880302,-0.018059755,0.002789167,0.0,0.0,0.0,0.0,0.0,0.0,-0.03884663,-0.032023963,0.100721404,0.003398105,0.0,-0.011458471,0.0,0.0,0.0,-0.04790753,-0.1212614,-0.048338763,-0.24964777,0.084978096,0.0,-0.15111983,-0.15378697,-0.19965363,-0.04477249,0.24259438,-0.011167738,-0.00746914,0.037724823,-0.040847473,-0.001193333,-0.035466544,-0.030474145,-0.11576956,0.00092254893,0.008239041,0.009322835,-0.16064811,-0.7115055,-0.009067345,0.0,0.081787586,0.0,-0.071613535,-0.014220054,-0.031038143,-0.056563683,0.7700152,0.021213014,0.27302313,0.011752501
W0000403,0.02549778,0.0,-0.031431608,-0.0074057523,-0.06257427,0.033157565,0.005558919,-0.021785732,0.05910427,0.4132958,2.3754044,-0.16728805,-0.115029916,0.061707634,0.006257262,0.0,0.028676862,0.010904469,0.0,0.0,0.014723286,0.004638335,0.00097216654,-0.011413696,0.03650272,-0.06662619,0.0,0.055901274,-0.021813259,0.1231263,-0.010347059,0.0,-0.0014661358,-0.080138825,-0.060513496,-0.14951387,0.0,0.0026750108,0.0,0.0,-0.009978284,-0.022805378,0.42908615,0.15038814,0.0,0.0,0.010967823,0.011283759,0.5304207,0.0,0.0,0.0,0.00968484,0.019474573,-0.0026828235,0.009763762,0.0,0.0,0.0,0.0,0.0,0.0,-0.02596588,0.01767047,-0.012930949,0.009046913,0.0,-0.011458471,0.0,0.0,0.0,-0.01666718,-0.0537401,-0.05787818,0.0042411275,-0.051606625,0.0,0.18427484,0.06345571,0.14799894,0.0038240198,0.4206351,0.008729893,-0.0010443471,0.01930859,0.025964828,-0.07480689,-0.013100846,-0.010206124,-0.000495201,0.0026562298,-0.016959332,0.0088102445,0.06520886,0.47251412,0.0039706323,0.0,-0.0019373707,0.0,-0.024684861,-0.032830574,-0.048126917,-0.043947585,0.63247555,0.021213014,0.28622052,-0.49657872
W0000404,0.02549778,0.0,-0.015156532,0.00222449,-0.08941543,0.027217751,0.012847334,0.00907642,0.058112733,0.36557287,1.8536413,-0.19371326,-0.16347973,-0.06247882,0.008102258,0.0,0.018415427,0.010904469,0.0,0.0,-0.057731807,-0.01766783,0.0009106493,-0.023506533,0.043509226,-0.10938299,0.0,0.050577626,-0.021813259,-0.13326976,-0.010347059,0.0,-0.0014661358,-0.0345736,-0.07941709,-0.15090005,0.0,0.0011384798,0.0,0.0,-0.0023350688,-0.022805378,-0.57621235,-0.23007897,0.0,0.0,-0.079911895,-0.05115263,-0.86673343,0.0,0.0,0.0,-0.006042149,0.010612596,0.019540971,0.009763762,0.0,0.0,0.0,0.0,0.0,0.0,-0.03884663,-0.0015939507,-0.11207137,0.003398105,0.0,-0.011458471,0.0,0.0,0.0,-0.057086006,-0.1212614,-0.0595065,-0.26796436,0.04144036,0.0,0.1905043,-0.089613646,-0.19965363,-0.014214488,-0.6524507,-0.019193394,-0.00746914,0.0045785005,0.0056142285,-0.054696362,-0.0057074865,0.016304074,-0.11644512,0.00092254893,0.023763161,-0.033589892,-0.14587384,-0.68216586,-0.026775079,0.0,0.09420048,0.0,-0.082552224,-0.007818974,0.006568113,-0.056563683,0.78737396,0.021213014,0.2672506,-0.3666737
W0000405,0.02549778,0.0,-0.015638094,0.0012541581,-0.11147,0.02568426,0.009527162,0.014400795,0.0734769,0.38226056,2.123855,-0.14259928,-0.14150634,-0.032151002,0.0146349445,0.0,0.028676862,0.010904469,0.0,0.0,-0.06713192,0.004638335,0.007925373,0.012418345,-0.041935664,-0.10923956,0.0,0.054282762,0.019999169,0.052453715,-0.010347059,0.0,-0.0014661358,-0.0345736,0.032303594,-0.1608159,0.0,0.0026750108,0.0,0.0,0.002579819,0.0075859358,0.40251368,0.118237905,0.0,0.0,0.011614978,0.044221558,-1.0443755,0.0,0.0,0.0,0.00968484,-0.053211622,-0.0026828235,0.009763762,0.0,0.0,0.0,0.0,0.0,0.0,0.054480962,0.016244967,0.113478854,0.003398105,0.0,-0.011458471,0.0,0.0,0.0,-0.030367967,0.11518785,-0.062075153,-0.15104073,0.04582546,0.0,0.20390682,-0.071604036,0.0930244,-0.009679914,-0.20274104,0.00018322491,-0.00746914,-0.02214069,-0.08099374,0.06943519,-0.035466544,-0.058178607,-0.002273052,0.00092254893,0.015746381,-0.054293096,-0.11574523,-0.7263908,0.0039706323,0.0,-0.15751639,0.0,0.026938895,-0.032830574,-0.04919335,-0.053388767,0.6440301,0.021213014,0.25439724,0.06078006
W0000406,0.02549778,0.0,-0.015156532,0.005977536,-0.07790406,0.027701233,0.002322716,0.012155388,0.07115421,0.36657077,2.0103648,-0.19371326,-0.12402843,-0.24857965,-0.008198856,0.0,0.018415427,0.010904469,0.0,0.0,0.06658515,0.004638335,0.00040640915,0.012418345,0.04323137,0.091077395,0.0,0.058017932,0.031219222,-0.13790576,0.01819984,0.0,-0.0014661358,-0.10088264,0.010468015,-0.15090005,0.0,0.0011384798,0.0,0.0,0.0025782634,0.0075859358,-0.5157956,-0.26698604,0.0,0.0,0.009555554,0.044221558,-0.8292701,0.0,0.0,0.0,-0.006042149,0.015880302,0.011106845,0.009763762,0.0,0.0,0.0,0.0,0.0,0.0,-0.053321697,0.00917484,-0.10986812,0.009046913,0.0,-0.011458471,0.0,0.0,0.0,-0.057086006,-0.11199486,0.039127186,-0.2247409,-0.0625596,0.0,-0.18735372,0.025840543,0.14799894,0.0038240198,-0.8819858,-0.016174385,-0.00746914,-0.03790064,-0.020124715,-0.018233044,-0.0053317915,-0.069080144,-0.092529155,0.0026562298,-0.019383883,-0.028322471,-0.1249238,0.43034947,-0.014466135,0.0,0.01686054,0.0,0.045288898,0.01600558,0.0063272105,-0.054270536,0.8460067,0.021213014,0.28050885,-0.026266158
W0000407,0.02549778,0.0,-0.031431608,0.00032329466,-0.118231416,0.027958727,0.012847334,0.012007143,0.07013416,0.37888625,1.9407673,-0.21840204,-0.16272162,-0.23725161,-0.006205773,0.0,0.018415427,0.010904469,0.0,0.0,-0.016175982,0.004638335,0.002487767,-0.023506533,0.025307622,-0.07866026,0.0,0.052457288,-0.021813259,-0.13296461,-0.010347059,0.0,-0.0014661358,-0.036813,-0.07941709,-0.15090005,0.0,0.0026750108,0.0,0.0,-0.0039416067,-0.022805378,-0.5720983,-0.16748425,0.0,0.0,-0.065437436,-0.051538028,0.43867826,0.0,0.0,0.0,-0.006042149,-0.03284574,-0.018059755,0.0077635115,0.0,0.0,0.0,0.0,0.0,0.0,-0.03884663,-0.030760232,-0.10262283,0.003398105,0.0,-0.011458471,0.0,0.0,0.0,-0.04939468,-0.0526585,0.044456787,-0.31529507,0.05677843,0.0,-0.18880117,-0.016560927,-0.19965363,-0.014214488,-0.9562321,0.008729893,-0.0010443471,-0.05356733,-0.011257101,-0.12811922,0.0041216887,-0.07567568,-0.11665438,0.00092254893,0.009448124,-0.03383277,-0.010146033,-0.5686567,-0.014466135,0.0,0.10278624,0.0,-0.082552224,-0.032830574,-0.004769,-0.056563683,0.79077727,0.021213014,0.25364313,-0.3708662
W0000408,0.02549778,0.0,-0.00988283,-0.008376084,-0.06998341,0.025462149,0.008187693,-0.0139801465,0.078759655,0.38484138,2.2431448,-0.1867968,-0.16463868,-0.054396193,0.006257262,0.0,0.018415427,0.010904469,0.0,0.0,0.0015921597,-0.01766783,0.00097216654,0.012418345,0.049049623,-0.06662619,0.0,0.06473244,0.019999169,0.027843073,-0.010347059,0.0,-0.0014661358,-0.03357144,0.032303594,-0.14065158,0.0,0.0026750108,0.0,0.0,0.0065269433,0.002258628,-0.25880754,-0.37484762,0.0,0.0,-0.0369286,-0.0042747525,0.51822066,0.0,0.0,0.0,-0.006042149,0.017550327,-0.0021356829,-0.002890507,0.0,0.0,0.0,0.0,0.0,0.0,-0.039995633,-0.0109372735,-0.12251512,0.009046913,0.0,-0.011458471,0.0,0.0,0.0,-0.04338522,-0.0537401,0.050402917,-0.16627741,-0.059257902,0.0,0.185946,0.06772251,0.17012373,-0.03148701,0.42997414,-0.01794828,-0.0010443471,-0.021408862,0.01983054,-0.13288526,0.0038166782,-0.072906464,-0.1907956,0.0026562298,-0.019383883,0.0088102445,0.04446917,0.368189,0.0039706323,0.0,-0.113834575,0.0,-0.03780315,-0.014220054,-0.048126917,0.036759876,0.75229645,0.021213014,0.23755331,0.086072326
W0000409,-0.001596706,0.0,-0.012781825,0.0027088635,-0.091662645,0.032012127,0.009527162,-0.013140384,0.08220122,0.371914,2.2261903,-0.15582807,-0.17937075,-0.31920364,-0.008198856,0.0,0.018415427,0.010904469,0.0,0.0,-0.056676783,-0.01766783,0.002487767,0.012418345,0.024559435,-0.06662619,0.0,0.06211274,-0.021813259,-0.050270848,-0.010347059,0.0,-0.0014661358,-0.10088264,-0.03062276,-0.14065158,0.0,0.0026750108,0.0,0.0,-0.0039439853,-0.01404916,-0.24529998,0.12295477,0.0,0.0,0.013510514,-0.014843034,-0.79715794,0.0,0.0,0.0,-0.006042149,-0.008661777,0.021523118,-0.022468735,0.0,0.0,0.0,0.0,0.0,0.0,-0.039995633,-0.029465903,-0.11656081,0.003398105,0.0,-0.011458471,0.0,0.0,0.0,-0.030367967,-0.11199486,0.038095452,-0.19031852,-0.07448941,0.0,-0.17268302,-0.15121303,0.17012373,-0.009679914,0.35786983,0.0007962482,-0.0010443471,-0.0589756,0.024788545,-0.021252247,0.0029191384,-0.023153756,0.069373295,0.00092254893,-0.019383883,0.0037014568,-0.1272951,-0.6889665,-0.015704397,0.0,0.09452553,0.0,-0.06536296,-0.014220054,0.006568113,0.059018582,0.81820494,0.021213014,0.254319,0.07555349
W0000410,0.02549778,0.0,-0.031431608,-0.009751648,-0.14028597,0.031271152,0.009527162,0.03587927,0.054119244,0.36434305,1.9594202,-0.21840204,-0.20244883,-0.25042194,-0.006205773,0.0,0.018415427,0.010904469,0.0,0.0,0.0026098695,0.004638335,0.006348255,-0.056174483,-0.05026737,-0.06205132,0.0,0.05878798,0.031219222,-0.12271948,0.01819984,0.0,0.021705927,-0.12218835,0.010468015,-0.14203776,0.0,0.0011384798,0.0,0.0,0.0025782634,-0.022805378,-0.5485475,-0.3208272,0.0,0.0,-0.020359185,0.047252677,0.46258193,0.0,0.0,0.0,0.0033027634,-0.044981405,-0.018059755,-0.029390752,0.0,0.0,0.0,0.0,0.0,0.0,0.054480962,0.0148438355,0.09791501,0.003398105,0.0,-0.011458471,0.0,0.0,0.0,-0.04939468,-0.057811707,-0.009657426,-0.3494074,0.05677843,0.0,0.1536192,-0.013795901,0.16223569,-0.009679914,-0.93409264,-0.0014202297,-0.0010443471,0.0027022096,0.00829592,0.116752446,0.0040597003,-0.05437624,-0.15169014,0.00092254893,0.015746381,-0.032162078,-0.123187296,-0.5875436,0.006179033,0.0,0.09534574,0.0,0.0556025,-0.032830574,0.0063272105,0.048977163,0.75299543,0.021213014,0.25350937,0.042568035
W0000411,0.02549778,0.0,-0.031431608,-0.0074057523,-0.10915093,0.027639817,0.012847334,0.012007143,0.07013416,0.37466025,1.9115055,-0.21840204,-0.16272162,-0.24599817,0.006257262,0.0,0.018415427,0.010904469,0.0,0.0,0.0003740769,0.004638335,-0.033438824,-0.07797696,0.034975715,-0.06205132,0.0,0.047085978,-0.021813259,-0.16061185,-0.010347059,0.0,-0.0014661358,-0.037815157,-0.07941709,-0.15090005,0.0,0.00074903487,0.0,0.0,-0.0023350688,-0.022805378,-0.63712746,-0.17331827,0.0,0.0,0.006452098,-0.060555123,0.37902176,0.0,0.0,0.0,0.0033027634,-0.047608882,-0.018059755,0.0047894176,0.0,0.0,0.0,0.0,0.0,0.0,-0.029590242,0.010600343,0.08345545,0.003398105,0.0,-0.011458471,0.0,0.0,0.0,-0.057086006,-0.058893308,-0.008485792,-0.29609498,0.04144036,0.0,-0.18957712,-0.093970284,-0.19965363,-0.014214488,-0.9081017,-0.004495864,-0.0010443471,-0.051089924,-0.040847473,-0.13561642,-0.013100846,0.016304074,-0.096081056,0.00092254893,0.009448124,-0.033589892,-0.1418572,-0.5602636,-0.026775079,0.0,-0.130248,0.0,-0.03282059,0.01600558,0.006568113,-0.056563683,0.73659045,0.021213014,0.25972354,-0.38907903
W0000412,0.02549778,0.0,-0.015156532,0.0027088635,-0.057656124,0.03341506,0.005642888,-0.024024935,0.08220122,0.40610066,2.2140772,-0.14259928,-0.105148345,-0.30655876,-0.008198856,0.0,0.028676862,0.010904469,0.0,0.0,-0.04032951,-0.01766783,0.00097216654,-0.023506533,-0.04076256,-0.08323513,0.0,0.056430086,-0.021813259,0.0705258,-0.010347059,0.0,-0.0014661358,0.06774102,-0.05799631,-0.14951387,0.0,0.0026750108,0.0,0.0,-0.0039439853,0.0075859358,0.38761294,0.08812087,0.0,0.0,-0.08762043,-0.011224009,-0.8019385,0.0,0.0,0.0,-0.017717665,-0.008661777,-0.0026828235,0.0033516905,0.0,0.0,0.0,0.0,0.0,0.0,-0.058380388,-0.03713095,-0.12328794,0.009046913,0.0,-0.011458471,0.0,0.0,0.0,-0.029021151,-0.106841646,-0.01037989,0.12417973,0.04582546,0.0,0.17902623,-0.114137754,-0.15879062,-0.0007105535,0.36114863,-0.01883004,-0.0010443471,0.013417377,0.016269065,-0.005727065,-0.0052698026,-0.007363648,0.0010686694,0.0026562298,-0.019383883,-0.031937227,0.14742415,0.44963685,0.005427354,0.0,0.08441978,0.0,-0.024684861,0.01600558,0.007734094,-0.03137037,0.7423687,0.021213014,0.28621295,-0.53816694
W0000413,0.02549778,0.0,-0.0039618267,0.0027088635,-0.079529494,0.026110811,0.012763365,0.0035608388,0.07833739,0.35734823,1.9723992,-0.19371326,-0.18614605,-0.3291522,-0.008198856,0.0,0.018415427,0.010904469,0.0,0.0,-0.044563368,-0.01766783,0.0009106493,-0.023506533,0.043509226,-0.06912905,0.0,0.052768037,-0.021813259,-0.08374124,-0.010347059,0.0,-0.0014661358,0.066738866,-0.07941709,-0.13959803,0.0,0.0011384798,0.0,0.0,-0.0039439853,-0.006790048,-0.56433773,-0.18107343,0.0,0.0,0.009851182,-0.014843034,-0.7467373,0.0,0.0,0.0,-0.006042149,-0.0105860215,0.019540971,-0.013326308,0.0,0.0,0.0,0.0,0.0,0.0,-0.03884663,-0.029465903,-0.105821274,0.003398105,0.0,-0.011458471,0.0,0.0,0.0,-0.057086006,-0.11199486,-0.060355134,-0.27987415,-0.07260546,0.0,-0.16471054,-0.12971987,-0.19965363,-0.009679914,0.33806896,-0.010554714,-0.0010443471,-0.011810558,0.015309991,-0.08429079,-0.012882836,0.004646304,-0.14236127,0.00092254893,0.009448124,0.00715758,-0.16064811,-0.6521364,-0.009067345,0.0,0.09245478,0.0,-0.082552224,0.01600558,0.006568113,-0.09085059,0.8560178,0.021213014,0.25845683,-0.4055057
W0000414,0.02549778,0.0,-0.015156532,0.0077476893,-0.058096714,0.037468463,0.002406685,-0.012111431,0.085174665,0.3911519,2.3965516,-0.11835562,-0.09381464,0.13080627,0.0146349445,0.0,0.028676862,0.010904469,0.0,0.0,-0.04605858,0.004638335,0.00097216654,0.012418345,0.044758376,0.09390397,0.0,0.059924923,-0.021813259,0.06872162,-0.010347059,0.0,-0.0014661358,0.07098258,-0.03062276,-0.14065158,0.0,0.0026750108,0.0,0.0,-0.009978284,-0.01404916,0.4041016,0.14422846,0.0,0.0,0.015987318,-0.011224009,-0.94900835,0.0,0.0,0.0,0.00968484,-0.008661777,-0.0026828235,0.0033516905,0.0,0.0,0.0,0.0,0.0,0.0,-0.058380388,-0.03713095,0.12257663,0.009046913,0.0,-0.011458471,0.0,0.0,0.0,-0.029021151,-0.06033811,0.040918946,-0.035147607,-0.07448941,0.0,0.17176403,0.031240404,-0.16662565,-0.0013225146,0.4003462,0.0014422396,-0.00746914,0.010222011,0.025964828,-0.07058878,0.0039036702,-0.07192263,-0.009558696,0.0026562298,-0.041312475,0.0109755,0.14742415,0.6691876,0.005427354,0.0,0.083274506,0.0,-0.024684861,-0.032830574,-0.048126917,0.027657092,0.5770926,0.021213014,0.26145673,0.09737439
W0000415,0.02549778,0.0,-0.012781825,0.0009387103,-0.08164142,0.029104164,0.012847334,-0.024024935,0.08220122,0.38560206,2.1528716,-0.14259928,-0.16392964,-0.33921131,-0.008198856,0.0,0.028676862,0.010904469,0.0,0.0,-0.057731807,-0.01766783,0.002487767,-0.023506533,0.024559435,-0.06662619,0.0,0.053706802,-0.021813259,0.057787865,-0.010347059,0.0,-0.0014661358,0.06774102,-0.060513496,-0.14951387,0.0,0.0026750108,0.0,0.0,0.0065269433,0.0075859358,0.42083675,0.092920035,0.0,0.0,-0.052510988,-0.013392119,-0.8991603,0.0,0.0,0.0,-0.017717665,0.010612596,-0.0026828235,0.0047894176,0.0,0.0,0.0,0.0,0.0,0.0,-0.045054324,-0.013151191,-0.11924111,0.003398105,0.0,-0.011458471,0.0,0.0,0.0,-0.029021151,-0.106841646,-0.01037989,0.015048593,0.04582546,0.0,0.17437355,0.0045939013,-0.19965363,-0.014214488,0.37744725,-0.01883004,-0.0010443471,-0.018945321,0.022106852,-0.020851329,0.0023931272,0.013461599,0.00155803,0.00092254893,-0.019383883,0.005354121,0.06127149,-0.7016771,-0.021478033,0.0,-0.009476171,0.0,-0.05224467,0.01600558,-0.048126917,-0.046240732,0.7583267,0.021213014,0.27803278,-0.50771236
W0000416,0.02549778,0.0,-0.015156532,0.00222449,-0.08955072,0.025173359,0.012763365,0.023186482,0.07833739,0.36357114,1.9186342,-0.19371326,-0.18280974,-0.3170996,-0.008198856,0.0,0.018415427,0.010904469,0.0,0.0,0.05447173,0.019046335,-0.033438824,0.012418345,-0.042289563,-0.12654012,0.0,0.05427634,0.031219222,-0.10572461,0.01819984,0.0,-0.0014661358,-0.037815157,-0.04331842,-0.13073574,0.0,0.00074903487,0.0,0.0,0.0065269433,0.0075859358,-0.5433549,-0.27742597,0.0,0.0,0.012499368,-0.017011143,-0.9725927,0.0,0.0,0.0,-0.006042149,-0.04920744,-0.018059755,0.009763762,0.0,0.0,0.0,0.0,0.0,0.0,-0.029590242,0.011458233,-0.10262283,0.003398105,0.0,-0.011458471,0.0,0.0,0.0,-0.057086006,-0.11199486,-0.05914256,-0.26637626,0.04582546,0.0,-0.18041202,0.071166456,-0.20748866,-0.009679914,-0.07622395,-0.004823425,-0.00746914,0.035247415,-0.040847473,-0.027173731,-0.0053317915,0.016304074,-0.12930359,0.00092254893,0.009448124,-0.028322471,-0.15129074,-0.7141928,-0.012270651,0.0,-0.06198898,0.0,0.051508956,0.01600558,0.0063272105,0.04120282,0.86810446,0.021213014,0.26547375,0.062399205
W0000417,0.02549778,0.0,-0.020236904,-0.0069122133,-0.118231416,0.01725575,0.011423896,0.012007143,0.07056589,0.35313022,1.9466314,-0.21840204,-0.17505646,-0.26280886,-0.007029475,0.0,0.018415427,0.010904469,0.0,0.0,0.012009987,0.004638335,0.0009106493,-0.023506533,-0.020075526,0.055957828,0.0,0.05278354,-0.021813259,-0.06437735,-0.010347059,0.0,-0.0014661358,0.066738866,-0.07941709,-0.14203776,0.0,0.0011384798,0.0,0.0,-0.0023350688,-0.009182955,-0.5421085,-0.30089155,0.0,0.0,-0.07845496,-0.060165193,0.37567663,0.0,0.0,0.0,0.0033027634,0.017550327,-0.018059755,-0.002890507,0.0,0.0,0.0,0.0,0.0,0.0,-0.039995633,0.0026166337,0.08025699,0.003398105,0.0,-0.011458471,0.0,0.0,0.0,-0.04939468,0.07796062,-0.059413753,-0.33513206,0.05564422,0.0,-0.17861578,-0.03704962,0.10799977,-0.044990946,-0.79644656,0.008729893,-0.0010443471,0.0163549,0.012628298,-0.11047059,0.0036840048,0.015320227,-0.14897025,0.00092254893,-0.019383883,0.00715758,-0.12923965,-0.58303666,-0.01766944,0.0,0.0037774015,0.0,-0.082552224,-0.014220054,0.006568113,0.059018582,0.71612674,0.021213014,0.23916972,-0.36323777
W0000418,0.02549778,0.0,-0.031431608,-0.00015349826,-0.118231416,0.03447859,0.009527162,0.012007143,0.07157647,0.37332308,1.9811325,-0.21840204,-0.16272162,-0.08396608,-0.006205773,0.0,0.018415427,0.010904469,0.0,0.0,-0.013462683,0.004638335,0.0009106493,-0.07797696,-0.05026737,0.055957828,0.0,0.047433265,-0.021813259,-0.15199934,-0.010347059,0.0,-0.0014661358,-0.0345736,-0.07941709,-0.15090005,0.0,0.0011384798,0.0,0.0,-0.0023350688,0.0046732845,-0.63484347,-0.19797179,0.0,0.0,-0.013109947,-0.011579853,0.3750313,0.0,0.0,0.0,0.0033027634,-0.04214224,-0.018059755,0.0033516905,0.0,0.0,0.0,0.0,0.0,0.0,-0.035797942,0.00061996747,0.10353964,0.003398105,0.0,-0.011458471,0.0,0.0,0.0,-0.05573919,-0.057811707,0.044456787,-0.1001218,-0.08177318,0.0,0.1554212,-0.093661994,-0.19965363,-0.009679914,-0.83475137,-0.004495864,-0.0010443471,-0.03305132,0.00829592,-0.13561642,0.0041216887,-0.05437624,-0.14648268,0.00092254893,-0.019383883,-0.037429497,-0.12692419,-0.5545492,-0.026775079,0.0,0.09628883,0.0,-0.082552224,0.01600558,0.006568113,-0.035197556,0.70875657,0.021213014,0.27360827,-0.45645258
W0000419,0.02549778,0.0,-0.015156532,-3.162166e-05,-0.058096714,0.030167691,0.0009832463,0.02049513,0.08131084,0.36306196,2.0826807,-0.19371326,-0.16463868,-0.06317863,0.008102258,0.0,0.018415427,0.010904469,0.0,0.0,0.06508993,0.004638335,-0.004419357,-0.056174483,0.016034117,-0.06912905,0.0,0.05663705,-0.021813259,-0.1692477,-0.010347059,0.0,-0.0014661358,-0.0345736,-0.049526356,-0.13073574,0.0,0.0011384798,0.0,0.0,0.0065269433,0.0046732845,-0.7136367,-0.31394538,0.0,0.0,-0.020113425,-0.017423945,-0.6374911,0.0,0.0,0.0,-0.006042149,-0.048575677,0.019540971,0.0033516905,0.0,0.0,0.0,0.0,0.0,0.0,-0.053321697,0.015456552,-0.12251512,0.009046913,0.0,-0.011458471,0.0,0.0,0.0,-0.057086006,-0.1212614,0.042234868,-0.25023937,-0.08177318,0.0,0.19430773,0.035225227,0.15508628,-0.03148701,0.38608694,0.0020552631,-0.0010443471,-0.058628283,0.015309991,-0.0861368,0.0023311386,-0.069080144,-0.12832358,0.0026562298,-0.019383883,0.00715758,-0.12624833,0.46634167,-0.012270651,0.0,-0.093451485,0.0,-0.052957892,-0.014220054,0.006568113,0.038432922,0.77869725,0.021213014,0.263553,0.07134388
W0000420,0.02549778,0.0,-0.015156532,0.006947868,-0.079529494,0.030167691,0.012763365,-0.011010975,0.0661863,0.38772646,2.120254,-0.14259928,-0.16223449,-0.3344532,0.0146349445,0.0,0.028676862,0.010904469,0.0,0.0,-0.057731807,0.004638335,0.002487767,-0.023506533,0.044758376,0.07128865,0.0,0.053706802,-0.014569342,0.057669956,-0.010347059,0.0,-0.0014661358,0.066738866,0.008535031,-0.14951387,0.0,0.0026750108,0.0,0.0,-0.0039439853,0.0075859358,0.41037422,0.099417634,0.0,0.0,0.010297097,0.008252639,-1.027683,0.0,0.0,0.0,-0.017717665,0.011244357,0.008628188,0.0033516905,0.0,0.0,0.0,0.0,0.0,0.0,-0.03884663,0.012246648,-0.11604265,0.003398105,0.0,-0.011458471,0.0,0.0,0.0,-0.029021151,-0.065491326,-0.013487574,-0.08660311,0.04582546,0.0,-0.16196726,-0.13191885,-0.19965363,-0.009679914,0.23827934,-0.010554714,-0.00746914,-0.018945321,-0.027642228,-0.005093014,-0.0052698026,0.013461599,0.0017361622,0.00092254893,0.023763161,-0.013692161,-0.10388195,-0.6822278,0.0039706323,0.0,-0.09843245,0.0,-0.05224467,0.01600558,-0.048126917,-0.046240732,0.781525,0.021213014,0.2815031,-0.46026033
W0000421,0.02549778,0.0,-0.031431608,-0.0074057523,-0.08444764,0.024432382,0.012763365,0.008928178,0.06130243,0.35696062,2.000157,-0.21840204,-0.17626448,-0.26857066,-0.006205773,0.0,0.018415427,0.010904469,0.0,0.0,0.014723286,-0.01766783,0.006348255,-0.07797696,0.034975715,-0.06912905,0.0,0.047085978,-0.021813259,-0.15891197,-0.010347059,0.0,-0.0014661358,-0.07785629,-0.07941709,-0.13959803,0.0,0.0011384798,0.0,0.0,0.002579819,0.0075859358,-0.5782342,-0.21805501,0.0,0.0,0.007955646,0.011283759,0.47350854,0.0,0.0,0.0,-0.006042149,-0.044981405,-0.018059755,0.0033516905,0.0,0.0,0.0,0.0,0.0,0.0,-0.03884663,0.013672151,-0.10262283,0.003398105,0.0,-0.011458471,0.0,0.0,0.0,0.053880364,-0.057811707,-0.05830217,-0.32309288,0.063337184,0.0,-0.18137196,-0.13847767,-0.19965363,-0.009679914,0.385257,-0.012771191,-0.0010443471,-0.011707921,-0.040847473,-0.09270747,-0.013538529,0.016304074,-0.092995845,0.00092254893,0.023763161,-0.033589892,-0.14607152,-0.552551,-0.03451601,0.0,-0.111313984,0.0,-0.028727045,-0.032830574,0.006568113,-0.056563683,0.803957,0.021213014,0.28033912,-0.43741328
W0000422,0.02549778,0.0,-0.031913172,-0.008376084,-0.106720045,0.024158733,0.002322716,0.008903593,0.05709269,0.37744358,2.0047371,-0.21840204,-0.15354909,-0.004809778,-0.006205773,0.0,0.018415427,0.010904469,0.0,0.0,0.014723286,0.004638335,-0.0006049512,-0.056174483,-0.13002579,-0.06205132,0.0,0.04469581,0.019999169,-0.17912813,-0.010347059,0.0,-0.0014661358,-0.15754077,0.007266135,-0.15090005,0.0,0.0011384798,0.0,0.0,0.0025782634,0.0046732845,-0.6327779,-0.27309823,0.0,0.0,-0.069459796,-0.008672971,0.44844818,0.0,0.0,0.0,0.0033027634,0.019474573,-0.018059755,-0.022468735,0.0,0.0,0.0,0.0,0.0,0.0,-0.019758184,0.011641865,-0.12251512,0.009046913,0.0,-0.011458471,0.0,0.0,0.0,-0.04338522,-0.057811707,-0.00854584,-0.026009798,-0.066435106,0.0,0.21233578,-0.03551943,0.13080874,-0.031268556,-1.0068717,-0.004495864,0.001080007,-0.03305132,0.012628298,-0.16456002,0.0040597003,-0.07175014,-0.09582031,0.0026562298,0.02255408,0.006914703,-0.12822485,0.46622708,-0.014466135,0.0,-0.19127405,0.0,-0.054992415,-0.014220054,-0.0025984044,-0.054270536,0.722745,0.021213014,0.25103864,-0.030384183
W0000423,0.02549778,0.0,-0.015156532,0.006372125,-0.08941543,0.029721677,0.009527162,0.012155388,0.058112733,0.34839392,1.8276985,-0.19371326,-0.1455358,-0.10112418,0.008102258,0.0,0.018415427,0.010904469,0.0,0.0,-0.04727667,0.004638335,-0.016688254,-0.023506533,0.04323137,0.091077395,0.0,0.049510293,-0.014569342,-0.11479667,-0.010347059,0.0,-0.0014661358,-0.1114563,0.05149104,-0.15090005,0.0,0.0011384798,0.0,0.0,-0.0023350688,0.0046732845,-0.5830083,-0.1826555,0.0,0.0,-0.031082567,-0.05260355,-0.90304315,0.0,0.0,0.0,-0.006042149,-0.008661777,-0.018059755,-0.029390752,0.0,0.0,0.0,0.0,0.0,0.0,-0.03884663,-0.028131768,-0.11207137,0.003398105,0.0,-0.011458471,0.0,0.0,0.0,-0.057086006,-0.1212614,-0.048937693,-0.26211593,-0.08177318,0.0,0.1936735,-0.096808285,-0.19965363,-0.04477249,-0.74911547,-0.016174385,-0.00746914,-0.049976986,-0.031279873,-0.0197335,-0.012882836,-0.05721872,-0.11268323,0.00092254893,0.02255408,-0.028322471,-0.1421687,-0.6611421,-0.01766944,0.0,0.09420048,0.0,-0.03282059,0.01600558,-0.049533803,-0.056563683,0.76623565,0.021213014,0.25155848,-0.30375886
W0000424,0.02549778,0.0,-0.020236904,-0.008376084,-0.09352812,0.02272977,0.009527162,0.025862467,0.06130243,0.33189777,2.097533,-0.21840204,-0.18614605,-0.24737132,-0.006205773,0.0,0.018415427,0.010904469,0.0,0.0,0.0003740769,0.004638335,0.0009106493,-0.023506533,-0.05026737,-0.085737996,0.0,0.06307093,-0.014569342,-0.050757185,-0.010347059,0.0,-0.0014661358,-0.10088264,0.05149104,-0.13073574,0.0,0.0011384798,0.0,0.0,0.0065269433,-0.009182955,-0.53642946,-0.18798393,0.0,0.0,-0.046140336,0.0011656885,0.5684689,0.0,0.0,0.0,-0.006042149,-0.02932025,-0.018059755,-0.002890507,0.0,0.0,0.0,0.0,0.0,0.0,-0.024531549,0.02087244,-0.105821274,0.003398105,0.0,-0.011458471,0.0,0.0,0.0,-0.04338522,-0.057811707,0.05426673,-0.08421426,-0.052740835,0.0,0.17650907,0.06574604,0.17012373,-0.04477249,0.38827762,0.008729893,-0.0010443471,0.028451828,0.012628298,0.074938565,0.003575975,-0.05536009,-0.14254497,0.00092254893,0.02255408,0.00715758,-0.14550173,-0.5511862,-0.009067345,0.0,0.084988154,0.0,-0.082552224,-0.014220054,0.006568113,0.059018582,0.7936416,0.021213014,0.2644434,-0.34406057
W0000425,0.02549778,0.0,-0.015156532,0.0009387103,-0.06754206,0.025173359,0.012763365,0.0066643893,0.08131084,0.38611972,1.987021,-0.19371326,-0.10639359,-0.051750656,0.008102258,0.0,0.018415427,0.010904469,0.0,0.0,-0.055018507,-0.01766783,-0.0006049512,-0.023506533,0.04323137,-0.06205132,0.0,0.0553383,-0.021813259,-0.14889231,-0.010347059,0.0,-0.0014661358,-0.0345736,-0.07941709,-0.15090005,0.0,0.0011384798,0.0,0.0,-0.0039439853,-0.022805378,-0.6555308,-0.14783052,0.0,0.0,0.007955646,-0.054771658,-0.6529318,0.0,0.0,0.0,-0.006042149,0.010612596,-0.018059755,0.0013514396,0.0,0.0,0.0,0.0,0.0,0.0,-0.03884663,-0.032023963,-0.11931666,0.009046913,0.0,-0.011458471,0.0,0.0,0.0,-0.057086006,-0.1212614,-0.07409153,-0.24644403,0.04144036,0.0,-0.19035995,-0.05453632,-0.19965363,0.0038240198,-0.34426844,-0.01883004,-0.0010443471,-0.06110569,-0.040847473,-0.031771023,-0.012882836,-0.044581827,-0.094760515,0.0026562298,0.009448124,-0.033589892,-0.15129074,0.31473312,-0.03451601,0.0,0.008412484,0.0,-0.054992415,0.01600558,0.004397517,-0.041693322,0.80951554,0.021213014,0.2738816,-0.4449614
W0000426,0.02549778,0.0,-0.031431608,-0.007882545,-0.07165474,0.037468463,0.002406685,-0.021785732,0.08415462,0.42144606,2.3220315,-0.16728805,-0.115029916,0.0035820398,0.006257262,0.0,0.028676862,0.010904469,0.0,0.0,-0.014917521,0.004638335,-0.00462678,-0.023506533,0.008998223,0.03933093,0.0,0.05134231,-0.021813259,0.08254803,-0.010347059,0.0,-0.0014661358,0.07098258,-0.060513496,-0.14951387,0.0,0.0026750108,0.0,0.0,-0.009978284,0.0075859358,0.28678995,0.1322601,0.0,0.0,0.010967823,-0.022794608,0.55051845,0.0,0.0,0.0,-0.017717665,-0.048253976,-0.0026828235,0.0047894176,0.0,0.0,0.0,0.0,0.0,0.0,-0.058380388,0.01767047,-0.13325465,0.009046913,0.0,-0.011458471,0.0,0.0,0.0,-0.01666718,-0.0537401,0.044456787,-0.0020693261,0.06116353,0.0,0.17962216,0.004183471,-0.1697573,-0.0007105535,0.45121297,-0.004495864,-0.0010443471,0.01930859,0.017774474,-0.09556127,0.0041216887,-0.07192263,-0.0020844573,0.0026562298,-0.019383883,0.0088102445,0.065598436,0.4422564,0.0039706323,0.0,0.08441978,0.0,-0.009494465,-0.032830574,-0.048126917,-0.036799543,0.67249924,0.021213014,0.28671107,-0.56435543
W0000427,0.02549778,0.0,-0.00988283,-0.008376084,-0.09352812,0.020736387,0.009611131,0.022758918,0.07731735,0.35012838,2.0423796,-0.21840204,-0.18614605,-0.25651807,-0.006205773,0.0,0.018415427,0.010904469,0.0,0.0,-0.01763082,0.004638335,-0.0055165086,-0.034050845,0.049049623,-0.06912905,0.0,0.0544068,-0.021813259,-0.08088589,-0.010347059,0.0,-0.0014661358,-0.036813,-0.07941709,-0.13073574,0.0,0.0026750108,0.0,0.0,-0.009978284,0.002258628,-0.5676032,-0.21040282,0.0,0.0,-0.046140336,-0.022794608,0.4647416,0.0,0.0,0.0,-0.006042149,-0.03259282,-0.018059755,-0.002890507,0.0,0.0,0.0,0.0,0.0,0.0,-0.035797942,0.013672151,-0.105821274,0.003398105,0.0,-0.011458471,0.0,0.0,0.0,-0.05573919,-0.0526585,-0.008909777,-0.017157841,-0.07459597,0.0,-0.18867502,0.058857664,0.057747222,-0.014214488,0.43532592,0.008729893,-0.0010443471,-0.02421443,0.012349693,-0.14240547,0.0036840048,-0.05820256,-0.14328845,0.00092254893,-0.019383883,0.00715758,0.045101985,-0.57109904,-0.009067345,0.0,-0.11332779,0.0,-0.071613535,-0.014220054,-0.0492929,0.059018582,0.78046,0.021213014,0.25634038,-0.3851233
W0000428,0.02549778,0.0,-0.015156532,0.00222449,-0.11147,0.02364783,0.012847334,0.009051835,0.07115421,0.36598253,1.9103677,-0.19371326,-0.14150634,-0.31117803,-0.008198856,0.0,0.018415427,0.010904469,0.0,0.0,0.019254213,0.004638335,-0.033438824,0.012418345,-0.042011715,-0.109931186,0.0,0.050779052,-0.014569342,-0.12138429,-0.010347059,0.0,-0.0014661358,0.06774102,0.025656031,-0.14203776,0.0,0.00074903487,0.0,0.0,-0.0023350688,0.0046732845,-0.59757143,-0.14343037,0.0,0.0,-0.10973864,-0.05115263,-0.948032,0.0,0.0,0.0,0.0033027634,0.015248539,-0.018059755,-0.022468735,0.0,0.0,0.0,0.0,0.0,0.0,0.07624288,0.008386425,0.100721404,0.003398105,0.0,-0.011458471,0.0,0.0,0.0,-0.05573919,-0.106841646,-0.048338763,-0.09492597,-0.08177318,0.0,-0.19178641,-0.036572378,-0.19986823,-0.014214488,-0.70349383,-0.008455455,-0.00746914,-0.052454393,0.0056142285,-0.09335388,-0.035466544,0.014593969,-0.13194752,0.00092254893,-0.009880809,0.005866712,-0.0077295788,-0.63235676,-0.014466135,0.0,-0.103701025,0.0,-0.03282059,0.01600558,0.006568113,0.04120282,0.7712732,0.021213014,0.24133582,0.06968847
W0000429,0.02549778,0.0,-0.0039618267,0.0030243113,-0.08941543,0.02272977,0.009611131,0.00907642,0.07115421,0.34218103,1.9175091,-0.19371326,-0.12472634,-0.2849029,-0.008198856,0.0,0.018415427,0.010904469,0.0,0.0,-0.044563368,-0.01766783,-0.0055165086,-0.023506533,0.03356328,-0.09224874,0.0,0.05646137,-0.021813259,-0.08092784,-0.010347059,0.0,-0.0014661358,-0.07785629,-0.07941709,-0.15090005,0.0,0.0026750108,0.0,0.0,-0.0023350688,-0.006790048,-0.5004026,-0.1648738,0.0,0.0,-0.040056862,-0.048984524,-0.9202287,0.0,0.0,0.0,0.0033027634,-0.0105860215,-0.018059755,-0.013326308,0.0,0.0,0.0,0.0,0.0,0.0,-0.033787936,-0.028131768,0.07301171,0.009046913,0.0,-0.011458471,0.0,0.0,0.0,-0.057086006,-0.11199486,-0.048937693,-0.23957793,-0.07260546,0.0,0.14969862,-0.095220864,0.10091244,-0.049307063,-0.66716814,-0.016174385,-0.00746914,-0.0024837893,0.005335622,0.070434906,-0.012882836,-0.057070196,-0.13936397,0.0026562298,0.008239041,0.00715758,-0.1369243,-0.19319338,-0.014466135,0.0,0.099879496,0.0,-0.071613535,-0.007818974,0.006568113,-0.09799863,0.77714133,0.021213014,0.24424654,-0.40248814
W0000430,0.02549778,0.0,-0.015156532,0.0014322493,-0.08164142,0.03447859,0.012763365,0.009743355,0.0797797,0.3749584,1.9878333,-0.19371326,-0.17381121,-0.131621,0.008102258,0.0,0.018415427,0.010904469,0.0,0.0,-0.057731807,0.004638335,0.006348255,-0.023506533,-0.042011715,0.06277348,0.0,0.056265317,-0.021813259,-0.08374124,-0.010347059,0.0,-0.0014661358,-0.15754077,-0.07941709,-0.13959803,0.0,0.0011384798,0.0,0.0,-0.009978284,-0.022805378,-0.64961326,-0.15320647,0.0,0.0,0.010967823,-0.009877289,-0.8064588,0.0,0.0,0.0,0.0033027634,0.011244357,-0.018059755,0.0033516905,0.0,0.0,0.0,0.0,0.0,0.0,-0.030739248,0.015456552,-0.007525078,0.003398105,0.0,-0.011458471,0.0,0.0,0.0,-0.057086006,-0.1212614,-0.035896644,-0.26238793,0.04144036,0.0,0.17962216,0.026911799,0.10091244,-0.009679914,0.2808084,-0.010554714,-0.0010443471,-0.058628283,0.00829592,-0.03820427,0.0023931272,0.007340258,-0.015438983,0.00092254893,-0.019383883,-0.033589892,-0.037020214,-0.6479592,-0.009067345,0.0,0.08457323,0.0,-0.028727045,0.01600558,0.006568113,-0.09799863,0.77313495,0.021213014,0.2949265,-0.4795648
W0000431,0.02549778,0.0,-0.021077534,0.00032329466,-0.14028597,0.031271152,0.012847334,-0.010876596,0.054119244,0.40509292,2.0917547,-0.1867968,-0.21233039,-0.24815574,-0.006205773,0.0,0.018415427,0.010904469,0.0,0.0,-0.013462683,-0.01766783,0.002487767,0.012418345,0.049049623,-0.05954846,0.0,0.048960008,-0.021813259,-0.14240344,-0.010347059,0.0,-0.0014661358,-0.10088264,-0.03062276,-0.1608159,0.0,0.0026750108,0.0,0.0,-0.0023350688,0.0075859358,-0.24755062,-0.2640823,0.0,0.0,0.0119181,-0.051538028,0.40417677,0.0,0.0,0.0,-0.006042149,-0.03284574,-0.0021356829,0.0047894176,0.0,0.0,0.0,0.0,0.0,0.0,-0.03884663,-0.0327569,-0.10262283,0.003398105,0.0,-0.011458471,0.0,0.0,0.0,-0.05573919,-0.057811707,0.04439674,-0.21393386,-0.0625596,0.0,0.19311379,-0.109638914,-0.19965363,-0.014214488,-0.7200508,-0.02929924,-0.0010443471,-0.012806892,-0.017546387,-0.10007343,0.0040597003,0.007340258,-0.112862475,0.00092254893,0.023763161,-0.033589892,-0.12781814,-0.5651372,-0.013737101,0.0,0.08104693,0.0,-0.06536296,-0.032830574,0.006568113,-0.056563683,0.80634546,0.021213014,0.27091292,-0.026943099
W0000432,0.02549778,0.0,-0.021077534,-0.0074057523,-0.10915093,0.026114289,0.011423896,-0.021761147,0.058414795,0.38958198,2.2117221,-0.16728805,-0.15284005,-0.26260343,-0.007029475,0.0,0.028676862,0.010904469,0.0,0.0,-0.014917521,-0.01766783,0.002487767,-0.023506533,0.03274022,-0.05954846,0.0,0.052235045,-0.021813259,0.06860221,-0.010347059,0.0,-0.0014661358,0.066738866,-0.060513496,-0.1608159,0.0,0.0026750108,0.0,0.0,-0.0023350688,0.0075859358,0.38474655,0.118932925,0.0,0.0,-0.049222328,-0.07973266,0.5064209,0.0,0.0,0.0,-0.017717665,0.016202005,-0.0026828235,0.009763762,0.0,0.0,0.0,0.0,0.0,0.0,-0.033787936,0.011641865,-0.11604265,0.003398105,0.0,-0.011458471,0.0,0.0,0.0,-0.01666718,-0.0037699752,-0.05787818,0.03898997,0.06116353,0.0,0.21233578,-0.036594186,0.10091244,-0.044990946,-0.6686015,-0.012771191,-0.0010443471,0.0153722875,0.015092783,-0.047589976,-0.013100846,0.013461599,0.0032655727,0.00092254893,0.023763161,-0.031937227,-0.09712349,-0.5320013,-0.0014281571,0.0,-0.09597553,0.0,-0.05224467,-0.032830574,-0.048126917,-0.053388767,0.74020857,0.021213014,0.27147007,-0.44691238
W0000433,0.02549778,0.0,-0.0039618267,0.00222449,-0.11147,0.025620049,0.012847334,-0.011010975,0.07501803,0.37230536,2.059579,-0.14259928,-0.15356854,-0.31863657,-0.008198856,0.0,0.028676862,0.010904469,0.0,0.0,0.063871846,0.004638335,0.007925373,-0.060299795,-0.12052099,-0.10688012,0.0,0.0602642,-0.021813259,-0.0024693878,-0.010347059,0.0,-0.0014661358,-0.10088264,-0.060513496,-0.15195361,0.0,0.0026750108,0.0,0.0,0.0015274035,-0.006790048,0.3702888,0.11234905,0.0,0.0,0.010297097,-0.05115263,-0.9091398,0.0,0.0,0.0,-0.017717665,0.013324294,-0.0026828235,0.013931843,0.0,0.0,0.0,0.0,0.0,0.0,-0.033787936,0.00917484,-0.11924111,0.003398105,0.0,-0.011458471,0.0,0.0,0.0,-0.029021151,-0.11199486,-0.06062729,-0.09667829,-0.07260546,0.0,-0.17716832,-0.10039754,0.17012373,-0.014214488,-0.6322502,0.018835738,-0.00746914,-0.045952078,0.018950757,-0.024181977,-0.0037592598,0.0063564098,-0.15066464,0.00092254893,0.009448124,0.0088102445,-0.09211952,-0.6527212,-0.0014281571,0.0,0.08202558,0.0,0.0015805084,-0.032830574,0.007734094,0.047304116,0.77143174,0.021213014,0.26975286,-0.16737245
W0000434,-0.001596706,0.0,-0.015156532,0.0008489257,-0.05976805,0.026114289,0.005642888,0.035206378,0.08131084,0.38704902,2.0275013,-0.19371326,-0.11578801,0.097833425,0.008102258,0.0,0.018415427,0.010904469,0.0,0.0,-0.055018507,0.004638335,-0.0006049512,-0.023506533,-0.042011715,-0.11646072,0.0,0.05330091,-0.021813259,-0.16135168,-0.010347059,0.0,-0.0014661358,-0.0345736,-0.07941709,-0.13959803,0.0,0.0011384798,0.0,0.0,-0.0039439853,0.0075859358,-0.64138925,-0.18130516,0.0,0.0,-0.081249766,-0.013392119,-0.98118484,0.0,0.0,0.0,-0.006042149,-0.053843383,-0.018059755,-0.029390752,0.0,0.0,0.0,0.0,0.0,0.0,-0.05217269,0.015456552,-0.12251512,0.009046913,0.0,-0.011458471,0.0,0.0,0.0,-0.05573919,-0.1212614,-0.01391156,-0.107789926,0.04582546,0.0,0.18072192,-0.12436265,-0.1697573,-0.0007105535,0.3508664,-0.010554714,-0.00746914,-0.058628283,-0.0018346314,-0.03045719,0.001955443,0.019779263,-0.09214216,0.0026562298,0.009448124,0.00715758,-0.1268099,0.47252083,-0.03451601,0.0,-0.08965235,0.0,-0.054992415,-0.007818974,0.006568113,-0.041693322,0.7888863,0.021213014,0.27338526,-0.39228448
W0000435,0.02549778,0.0,-0.0015871208,0.008718021,-0.091662645,0.021799913,0.012847334,0.00907642,0.08220122,0.36142322,2.0781734,-0.18743329,-0.14985012,-0.3283504,-0.008198856,0.0,0.018415427,0.010904469,0.0,0.0,-0.04605858,-0.01766783,0.002487767,-0.06009811,0.024559435,0.097893044,0.0,0.05022797,-0.014569342,-0.100249775,-0.010347059,0.0,-0.0014661358,-0.037815157,0.025656031,-0.13959803,0.0,0.0026750108,0.0,0.0,-0.0039439853,0.002258628,-0.51462346,0.1261004,0.0,0.0,0.013510514,-0.011224009,-1.0329465,0.0,0.0,0.0,-0.006042149,-0.0105860215,0.019540971,-0.002890507,0.0,0.0,0.0,0.0,0.0,0.0,-0.045054324,-0.029465903,-0.11656081,0.003398105,0.0,-0.011458471,0.0,0.0,0.0,-0.030367967,-0.11199486,-0.012023633,-0.19997826,-0.07459597,0.0,-0.1660248,-0.14965418,-0.19965363,-0.014826449,0.35930678,-0.004823425,-0.00746914,-0.0632317,0.01998939,-0.023137728,0.0039036702,0.015320227,-0.15617742,0.00092254893,-0.041312475,0.0037014568,-0.15129074,-0.6556262,-0.03451601,0.0,-0.10938533,0.0,-0.082552224,0.01600558,0.006568113,-0.09085059,0.80304503,0.021213014,0.25704354,0.07774325
W0000436,0.02549778,0.0,-0.015156532,0.0012541581,-0.058096714,0.031271152,0.002322716,-0.011010975,0.05591926,0.3884768,2.3281608,-0.14259928,-0.091068804,-0.023249436,-0.008198856,0.0,0.028676862,0.010904469,0.0,0.0,0.06658515,0.004638335,0.00097216654,0.0065593505,0.01725388,-0.116317295,0.0,0.058587983,-0.021813259,0.09128945,-0.010347059,0.0,-0.0014661358,-0.0345736,-0.03062276,-0.14065158,0.0,0.0026750108,0.0,0.0,-0.0039439853,-0.022805378,0.3663079,0.10551936,0.0,0.0,-0.04615987,0.008252639,-1.1237108,0.0,0.0,0.0,-0.017717665,0.015880302,0.008628188,0.0033516905,0.0,0.0,0.0,0.0,0.0,0.0,-0.047114,0.016244967,-0.1327365,0.009046913,0.0,-0.011458471,0.0,0.0,0.0,0.050674234,-0.11199486,0.040918946,0.010149248,0.05516485,0.0,0.17849614,-0.13655652,0.15508628,0.0038240198,0.33899993,-0.016174385,-0.00746914,-0.044920705,0.017774474,0.006386344,0.0039036702,-0.069080144,-0.011316543,0.0026562298,0.02028278,-0.031937227,-0.12779298,0.4512577,0.0039706323,0.0,0.079748206,0.0,-0.024684861,0.01600558,0.007734094,0.035431433,0.7384683,0.021213014,0.28221178,-0.009309467
W0000437,0.02549778,0.0,-0.021077534,0.00032329466,-0.10915093,0.033157565,0.012847334,-0.010876596,0.07310761,0.41116032,2.0351868,-0.1867968,-0.16272162,0.00095627457,0.006257262,0.0,0.018415427,0.010904469,0.0,0.0,-0.016175982,-0.01766783,0.002487767,-0.023506533,0.049049623,-0.05954846,0.0,0.052603148,-0.014569342,-0.13793744,-0.010347059,0.0,-0.0014661358,0.07098258,0.070394635,-0.1608159,0.0,0.0026750108,0.0,0.0,-0.0039416067,-0.022805378,-0.3105785,-0.13248555,0.0,0.0,0.008644779,-0.051538028,0.45160633,0.0,0.0,0.0,0.0033027634,-0.03284574,-0.016077608,0.0013514396,0.0,0.0,0.0,0.0,0.0,0.0,-0.045054324,-0.0327569,-0.11526983,0.003398105,0.0,-0.011458471,0.0,0.0,0.0,-0.04939468,-0.0537401,-0.05787818,-0.30517328,-0.051606625,0.0,0.17010675,0.02067609,-0.19965363,-0.014214488,-1.0068231,-0.02929924,-0.0010443471,-0.048959833,0.01281647,-0.12811922,-0.013100846,-0.07567568,-0.09521712,0.00092254893,-0.019383883,0.006914703,0.03216134,-0.5920723,-0.0014281571,0.0,-0.10221334,0.0,-0.06536296,0.01600558,-0.004769,-0.056563683,0.7062078,0.021213014,0.24696618,-0.35599077
W0000438,0.02549778,0.0,-0.015638094,0.005977536,-0.11147,0.02568426,0.009611131,0.012155388,0.05513929,0.3537818,1.7975132,-0.19371326,-0.18555558,-0.3020313,-0.008198856,0.0,0.018415427,0.010904469,0.0,0.0,-0.057731807,0.004638335,-0.016688254,0.012418345,-0.12204799,0.09666144,0.0,0.0582892,-0.021813259,-0.12548353,-0.010347059,0.0,-0.0014661358,-0.10237227,-0.049526356,-0.15090005,0.0,0.0011384798,0.0,0.0,0.0015274035,-0.01404916,-0.60471475,-0.26184455,0.0,0.0,0.0069835787,-0.05115263,-0.96889204,0.0,0.0,0.0,0.0033027634,-0.053843383,-0.018059755,0.0047894176,0.0,0.0,0.0,0.0,0.0,0.0,0.054480962,0.010216361,0.08345545,0.003398105,0.0,-0.011458471,0.0,0.0,0.0,-0.057086006,-0.11199486,-0.04868266,-0.29557928,-0.07448941,0.0,0.15788819,-0.045521863,0.15514837,-0.014214488,-0.86877024,-0.011167738,-0.00746914,-0.035423234,-0.040847473,0.09059153,-0.0053317915,-0.05533613,-0.100799344,0.00092254893,0.015746381,-0.0153448265,-0.13442174,-0.6506358,-0.014466135,0.0,-0.17566416,0.0,-0.03282059,-0.032830574,0.006568113,-0.063711725,0.79050213,0.021213014,0.24183957,-0.008035917
W0000439,0.02549778,0.0,-0.031431608,-0.0074057523,-0.14028597,0.026637705,0.012763365,0.022758918,0.07056589,0.3953049,1.9561269,-0.21840204,-0.21233039,-0.2540623,-0.007029475,0.0,0.018415427,0.010904469,0.0,0.0,-0.027030937,0.004638335,0.0009106493,0.012418345,-0.05026737,-0.06205132,0.0,0.052804574,0.031219222,-0.1243521,0.01819984,0.0,-0.0014661358,0.0662514,0.010468015,-0.14203776,0.0,0.0011384798,0.0,0.0,0.0025782634,0.0046732845,-0.5937824,-0.32696825,0.0,0.0,-0.063559316,0.047252677,0.42765415,0.0,0.0,0.0,-0.006042149,-0.0456265,0.019540971,-0.008811419,0.0,0.0,0.0,0.0,0.0,0.0,-0.039995633,0.010600343,-0.105821274,0.003398105,0.0,-0.011458471,0.0,0.0,0.0,-0.04939468,0.068501316,0.043285154,-0.33534962,-0.066435106,0.0,-0.20802188,0.01808469,0.09806934,-0.009679914,-1.0244731,0.0068550985,-0.0010443471,-0.05356733,-0.010978495,-0.17315762,0.0040597003,-0.061728224,-0.13415289,0.00092254893,-0.019383883,0.006914703,0.14883171,-0.62510437,-0.0023990069,0.0,-0.12698199,0.0,-0.082552224,0.01600558,-0.004769,0.048977163,0.7812101,0.021213014,0.22693147,0.05107358
W0000440,0.02549778,0.0,-0.0039618267,-0.00058924034,-0.08259119,0.029100686,0.009611131,0.022086026,0.085627995,0.32178396,1.9418399,-0.19371326,-0.19427292,0.060512472,0.0146349445,0.0,0.018415427,0.010904469,0.0,0.0,-0.06713192,0.019046335,-0.023844196,-0.056174483,-0.043045126,-0.13361786,0.0,0.056024417,-0.021813259,-0.07175221,-0.010347059,0.0,-0.0014661358,-0.14182812,-0.049526356,-0.13959803,0.0,0.00074903487,0.0,0.0,0.0065269433,0.002258628,-0.56539,-0.31547925,0.0,0.0,0.013019897,-0.013392119,-0.8913749,0.0,0.0,0.0,-0.006042149,-0.038182225,-0.018059755,-0.037627213,0.0,0.0,0.0,0.0,0.0,0.0,-0.035797942,0.011458233,-0.11526983,0.003398105,0.0,-0.011458471,0.0,0.0,0.0,0.07078722,0.10572855,-0.04868266,-0.26784056,-0.060871482,0.0,-0.16800685,-0.15230031,-0.1886869,-0.014214488,0.38170564,0.0014422396,-0.00746914,-0.030868998,0.015309991,-0.084088735,0.0023311386,-0.0428955,-0.12631851,0.00092254893,-0.019383883,0.00715758,0.1710932,-0.72346914,0.0029997826,0.0,0.0892551,0.0,-0.071613535,-0.014220054,-0.032827765,-0.025156137,0.73971045,0.021213014,0.21590568,0.040532067
W0000441,0.02549778,0.0,-0.015156532,0.005977536,-0.055984788,0.032012127,0.002406685,0.033203285,0.06663963,0.36544394,2.0344808,-0.19371326,-0.13786386,-0.28995353,-0.0152558815,0.0,0.018415427,0.010904469,0.0,0.0,-0.056513727,0.019046335,-0.022954468,0.012418345,-0.121770136,0.097893044,0.0,0.05315505,-0.021813259,-0.15467897,-0.010347059,0.0,-0.0014661358,-0.037815157,-0.049526356,-0.13959803,0.0,0.00074903487,0.0,0.0,0.002579819,0.0075859358,-0.64059746,-0.29612473,0.0,0.0,0.0119181,-0.013392119,-0.87523204,0.0,0.0,0.0,0.0033027634,-0.053843383,-0.018059755,0.0047894176,0.0,0.0,0.0,0.0,0.0,0.0,0.06970409,0.011458233,0.10420638,0.009046913,0.0,-0.011458471,0.0,0.0,0.0,0.050611366,0.110864684,-0.04868266,-0.2484682,0.07373335,0.0,-0.17597933,-0.15021227,-0.16213688,-0.0007105535,0.35946262,0.00018322491,-0.00746914,-0.029506346,0.00829592,-0.03439074,-0.0053317915,-0.07192263,-0.11528695,0.0026562298,0.015746381,-0.037429497,-0.12130666,0.49970898,-0.009067345,0.0,0.08705168,0.0,-0.03980202,0.01600558,-0.0492929,-0.0471225,0.8074376,0.021213014,0.26372683,0.08806482
W0000442,0.02549778,0.0,-0.021077534,-0.007882545,-0.118231416,0.030167691,0.009527162,-0.018682182,0.07013416,0.3805821,2.0673926,-0.17356803,-0.16272162,-0.2761293,-0.006205773,0.0,0.028676862,0.010904469,0.0,0.0,-0.01763082,0.004638335,-0.015111137,-0.023506533,0.03274022,0.04152198,0.0,0.047892675,-0.021813259,-0.14410332,-0.010347059,0.0,-0.0014661358,-0.039304778,-0.060513496,-0.1608159,0.0,0.0026750108,0.0,0.0,-0.0039416067,-0.01404916,0.29433727,0.0118402615,0.0,0.0,0.008644779,-0.064174145,0.357688,0.0,0.0,0.0,0.00968484,0.016202005,-0.0026828235,0.0047894176,0.0,0.0,0.0,0.0,0.0,0.0,-0.039995633,-0.0327569,-0.013149708,0.003398105,0.0,-0.011458471,0.0,0.0,0.0,-0.057086006,-0.057811707,0.044456787,-0.1743418,-0.07448941,0.0,0.17010675,-0.039778322,0.10091244,-0.04477249,-1.1293997,-0.004495864,-0.0010443471,-0.0036316668,0.013402619,-0.09079523,0.0041216887,-0.05437624,-0.060246956,0.00092254893,-0.020592965,-0.033589892,-0.11368487,-0.58676445,-0.0014281571,0.0,-0.0931716,0.0,-0.0025130343,0.01600558,0.006568113,-0.063711725,0.76828885,0.021213014,0.24746272,-0.45297712
W0000443,0.02549778,0.0,-0.031431608,-0.008376084,-0.13120548,0.028095873,0.009527162,0.012007143,0.054119244,0.3748303,1.9752665,-0.21840204,-0.20244883,-0.2540623,-0.006205773,0.0,0.018415427,0.010904469,0.0,0.0,-0.01763082,0.004638335,-0.016688254,0.012418345,0.034975715,-0.06205132,0.0,0.05609739,0.019999169,-0.10621095,0.01819984,0.0,-0.0014661358,-0.039304778,0.013399999,-0.14203776,0.0,0.0011384798,0.0,0.0,0.0025782634,0.0046732845,-0.51075673,-0.26639163,0.0,0.0,-0.021864247,-0.044606682,0.36991444,0.0,0.0,0.0,-0.006042149,-0.0456265,0.019540971,0.009763762,0.0,0.0,0.0,0.0,0.0,0.0,-0.033787936,0.013802314,-0.10262283,0.003398105,0.0,-0.011458471,0.0,0.0,0.0,-0.05573919,-0.057811707,0.043285154,-0.22989556,-0.08177318,0.0,-0.18235596,-0.03713998,0.17012373,-0.04477249,-1.0380464,-0.012771191,-0.0010443471,0.011510219,-0.040847473,0.116752446,-0.013162834,-0.05437624,-0.15078698,0.00092254893,0.02255408,-0.028322471,-0.13443258,-0.5645827,-0.014466135,0.0,0.10281238,0.0,0.051508956,0.01600558,0.0063272105,0.048977163,0.8281592,0.021213014,0.26455972,-0.011616319
W0000444,0.02549778,0.0,-0.015156532,0.0014322493,-0.07790406,0.033157565,0.005642888,0.009743355,0.07115421,0.3794523,2.0252972,-0.19371326,-0.15354909,-0.25732622,-0.008198856,0.0,0.018415427,0.010904469,0.0,0.0,-0.055018507,0.004638335,-0.0028422393,-0.056174483,-0.042011715,0.055957828,0.0,0.050213695,-0.021813259,-0.17288738,-0.010347059,0.0,-0.0014661358,-0.10640674,-0.049526356,-0.15090005,0.0,0.0026750108,0.0,0.0,0.0015274035,0.0046732845,-0.59491616,-0.29641485,0.0,0.0,-0.015272572,-0.05115263,-0.65995646,0.0,0.0,0.0,0.0033027634,0.010612596,-0.018059755,0.009763762,0.0,0.0,0.0,0.0,0.0,0.0,-0.024816874,0.009427946,0.10420638,0.009046913,0.0,-0.011458471,0.0,0.0,0.0,-0.05573919,-0.106841646,0.04250264,-0.17576793,-0.08177318,0.0,0.17147397,-0.03600807,-0.1697573,-0.035803128,-0.7701824,-0.010554714,-0.0010443471,-0.04921363,0.00084706023,-0.06963386,-0.0053317915,0.019779263,-0.09154914,0.0026562298,0.008239041,-0.037429497,0.009581042,0.46201897,-0.014466135,0.0,-0.0995063,0.0,-0.052957892,0.01600558,0.006568113,-0.0471225,0.77193,0.021213014,0.27469367,-0.028530344
W0000445,0.02549778,0.0,-0.015156532,0.00222449,-0.113581926,0.027701233,0.012847334,0.012155388,0.07844481,0.38033605,1.9677377,-0.19371326,-0.19087209,-0.06247882,-0.0152558815,0.0,0.018415427,0.010904469,0.0,0.0,-0.057731807,0.004638335,0.0009106493,0.012418345,0.043509226,-0.10938299,0.0,0.050577626,-0.014569342,-0.13496964,-0.010347059,0.0,-0.0014661358,0.06998042,0.025656031,-0.15090005,0.0,0.0011384798,0.0,0.0,0.0015274035,-0.01404916,-0.65427905,-0.35578611,0.0,0.0,0.010543093,-0.05115263,-0.8666496,0.0,0.0,0.0,-0.006042149,0.010612596,-0.018059755,0.0047894176,0.0,0.0,0.0,0.0,0.0,0.0,-0.03884663,0.00040271552,-0.11207137,0.003398105,0.0,-0.011458471,0.0,0.0,0.0,-0.05573919,0.110864684,-0.05914256,-0.1256699,-0.07448941,0.0,-0.19011544,-0.053512804,-0.19965363,-0.014214488,-0.6227423,-0.01883004,-0.00746914,-0.051691037,0.00829592,-0.05757675,0.0023311386,0.016304074,-0.09862272,0.00092254893,0.009448124,-0.033589892,-0.12181736,-0.68256056,0.0071544657,0.0,-0.103701025,0.0,-0.082552224,0.01600558,0.006568113,-0.056563683,0.8099366,0.021213014,0.26158702,-0.010618359
W0000446,0.02549778,0.0,-0.031431608,0.0008168337,-0.060902927,0.031271152,0.012763365,-0.021761147,0.068571426,0.43427214,2.3741095,-0.16728805,-0.12058945,0.04785696,0.0070197624,0.0,0.028676862,0.010904469,0.0,0.0,-0.0149579,-0.01766783,0.00097216654,0.012418345,0.008998223,0.048337627,0.0,0.05210451,-0.021813259,-0.15219204,-0.010347059,0.0,-0.0014661358,-0.0345736,-0.03062276,-0.14951387,0.0,0.0026750108,0.0,0.0,-0.009978284,-0.01404916,0.31196612,0.12045187,0.0,0.0,0.015987318,-0.017396536,0.39508423,0.0,0.0,0.0,-0.017717665,-0.03284574,0.008628188,0.0077635115,0.0,0.0,0.0,0.0,0.0,0.0,-0.03884663,-0.054703124,-0.13005619,0.009046913,0.0,-0.011458471,0.0,0.0,0.0,-0.030367967,0.07846522,0.04592073,-0.1424321,-0.07448941,0.0,0.17120431,0.033806495,-0.19965363,-0.031268556,0.41058436,0.008729893,-0.0010443471,-0.07589118,-0.028818509,0.05687874,-0.011590302,-0.044581827,-0.06311942,0.0026562298,0.02255408,-0.033589892,-0.1273574,0.36873108,-0.015704397,0.0,0.08089348,0.0,-0.024684861,-0.014220054,0.004397517,-0.0471225,0.6993548,0.021213014,0.26326656,0.063299276
W0000447,0.02549778,0.0,-0.020236904,-0.0069122133,-0.118231416,0.020736387,0.012763365,0.008903593,0.08072252,0.38855568,2.0051823,-0.21840204,-0.154247,-0.026479904,0.0070197624,0.0,0.018415427,0.010904469,0.0,0.0,0.014723286,0.004638335,0.0009106493,-0.023506533,-0.020075526,0.055957828,0.0,0.05986826,-0.021813259,-0.102820575,-0.010347059,0.0,-0.0014661358,-0.116980396,-0.07941709,-0.15090005,0.0,0.0011384798,0.0,0.0,-0.0039439853,0.002258628,-0.613014,-0.22320491,0.0,0.0,-0.042851675,-0.008672971,0.35665745,0.0,0.0,0.0,-0.006042149,0.017550327,0.019540971,0.013931843,0.0,0.0,0.0,0.0,0.0,0.0,-0.039995633,0.013672151,-0.12251512,0.009046913,0.0,-0.011458471,0.0,0.0,0.0,-0.04939468,0.06900592,-0.008909777,-0.29075658,-0.059257902,0.0,-0.20635195,-0.10488948,0.16303639,-0.009679914,-0.44789153,-0.02929924,-0.0010443471,-0.02421443,0.012628298,-0.16166006,0.0036840048,0.015320227,-0.15475063,0.0026562298,-0.019383883,0.00715758,0.04451003,-0.1695238,-0.009067345,0.0,-0.1586988,0.0,-0.082552224,-0.032830574,0.006568113,-0.09799863,0.7051561,0.021213014,0.25756213,-0.4098883
W0000448,0.02549778,0.0,-0.031431608,-0.0069122133,-0.06257427,0.02364783,0.012847334,0.008903593,0.064275876,0.4005054,2.070696,-0.21840204,-0.12736474,-0.014649669,0.006257262,0.0,0.018415427,0.010904469,0.0,0.0,-0.014917521,0.004638335,-0.00462678,-0.023506533,0.025307622,0.072067566,0.0,0.049674563,-0.021813259,-0.14845264,-0.010347059,0.0,-0.0014661358,-0.0345736,-0.07941709,-0.13959803,0.0,0.0026750108,0.0,0.0,-0.0039439853,0.0075859358,-0.605107,-0.19904438,0.0,0.0,-0.081249766,-0.022794608,0.4884258,0.0,0.0,0.0,-0.006042149,-0.048253976,-0.018059755,0.0047894176,0.0,0.0,0.0,0.0,0.0,0.0,-0.03884663,0.013672151,-0.11931666,0.009046913,0.0,-0.011458471,0.0,0.0,0.0,-0.04338522,-0.058893308,-0.09537373,-0.17845228,0.06116353,0.0,-0.17909776,-0.116457924,-0.19965363,-0.0007105535,0.31724393,-0.004495864,-0.0010443471,-0.022851778,-0.011257101,-0.13313045,-0.020713879,0.019779263,-0.09415287,0.0026562298,0.023763161,-0.028322471,-0.04258576,0.3253558,-0.009067345,0.0,-0.04739309,0.0,-0.03980202,0.01600558,0.0063272105,-0.041693322,0.7564632,0.021213014,0.27991953,-0.47465965
W0000449,0.02549778,0.0,-0.031431608,-0.008781317,-0.106720045,0.028400656,0.005642888,0.04454574,0.07399799,0.42854297,2.1932523,-0.16728805,-0.10949986,-0.23745927,0.0070197624,0.0,0.028676862,0.010904469,0.0,0.0,-0.016412739,0.004638335,-0.021320447,0.012418345,-0.019999478,-0.05954846,0.0,0.05076635,-0.021813259,0.07386169,-0.010347059,0.0,-0.0014661358,-0.038302623,-0.03062276,-0.1608159,0.0,-0.016019233,0.0,0.0,-0.0023350688,0.0075859358,0.41581208,0.12691253,0.0,0.0,-0.07853977,-0.060555123,0.44684237,0.0,0.0,0.0,0.00968484,-0.048253976,-0.0026828235,-0.031391002,0.0,0.0,0.0,0.0,0.0,0.0,0.08101624,0.011641865,0.11192457,0.009046913,0.0,-0.011458471,0.0,0.0,0.0,0.036727898,-0.042880986,0.04592073,-0.139092,0.063337184,0.0,0.17147397,-0.09859663,-0.1511702,-0.0007105535,-1.1043986,-0.01794828,-0.0010443471,-0.011406962,-0.07142613,-0.12631345,0.005632232,-0.07220049,-0.00046920497,0.0026562298,-0.009880809,-0.036852002,0.14746279,0.50378823,2.8563663e-05,0.0,-0.11481035,0.0,-0.022650335,0.01600558,-0.020520296,-0.036799543,0.6467303,0.021213014,0.22936957,0.09275056
W0000450,0.02549778,0.0,-0.021077534,-0.0069122133,-0.08444764,0.027639817,0.012763365,0.0091315545,0.064275876,0.38415894,2.0419967,-0.21840204,-0.16392964,0.009805564,0.006257262,0.0,0.018415427,0.010904469,0.0,0.0,-0.01763082,0.004638335,-0.016688254,-0.023506533,0.05267738,0.06277348,0.0,0.04910586,-0.021813259,-0.13171658,-0.010347059,0.0,-0.0014661358,-0.1114563,-0.07941709,-0.13959803,0.0,0.0011384798,0.0,0.0,-0.0039439853,0.0075859358,-0.6350007,-0.15725055,0.0,0.0,0.008401561,-0.026413633,0.35297298,0.0,0.0,0.0,-0.006042149,0.016202005,-0.018059755,0.0033516905,0.0,0.0,0.0,0.0,0.0,0.0,-0.03884663,0.01767047,-0.11207137,0.003398105,0.0,-0.011458471,0.0,0.0,0.0,-0.05573919,-0.058893308,-0.008485792,-0.20861399,0.04582546,0.0,0.17962216,-0.12025629,-0.19965363,-0.009679914,0.40261686,-0.012771191,-0.0010443471,-0.06550005,-0.03722047,-0.14240547,-0.013100846,0.016304074,-0.08916716,0.00092254893,0.023763161,-0.028322471,-0.0388806,-0.6054103,-0.009067345,0.0,-0.009435908,0.0,-0.03282059,0.01600558,0.0063272105,-0.056563683,0.7197934,0.021213014,0.2874813,-0.5229121
W0000451,0.02549778,0.0,-0.015156532,0.006947868,-0.05976805,0.030167691,0.012763365,0.009051835,0.08131084,0.38332582,2.0149949,-0.19371326,-0.08825511,-0.06566444,-0.008198856,0.0,0.018415427,0.010904469,0.0,0.0,-0.055018507,0.004638335,0.009807201,-0.034050845,0.043509226,0.097893044,0.0,0.05346427,-0.021813259,-0.16821423,-0.010347059,0.0,-0.0014661358,0.06998042,-0.07941709,-0.13959803,0.0,0.0026750108,0.0,0.0,-0.0039439853,-0.022805378,-0.58448005,-0.15320647,0.0,0.0,0.010297097,0.008252639,-0.9931155,0.0,0.0,0.0,0.0033027634,0.011244357,-0.018059755,0.0047894176,0.0,0.0,0.0,0.0,0.0,0.0,-0.029590242,0.015456552,-0.014770365,0.009046913,0.0,-0.011458471,0.0,0.0,0.0,-0.05573919,-0.11199486,0.039455004,-0.15448639,-0.066944696,0.0,0.18072192,-0.1197281,-0.19965363,0.0038240198,0.33247855,-0.011167738,-0.00746914,-0.05939164,0.00829592,-0.06333436,0.0023931272,0.019779263,-0.09616488,0.0026562298,0.009448124,-0.033589892,-0.1268099,0.31500638,-0.03451601,0.0,-0.08965235,0.0,-0.052957892,-0.032830574,0.006568113,-0.0471225,0.79222125,0.021213014,0.28240475,-0.4968152
W0000452,-0.001596706,0.0,-0.012781825,0.0009387103,-0.09152736,0.030167691,0.012847334,-0.024024935,0.07501803,0.39177376,2.137964,-0.14259928,-0.16272162,-0.32778326,-0.008198856,0.0,0.028676862,0.010904469,0.0,0.0,0.018036129,-0.01766783,0.002487767,-0.07797696,0.024559435,-0.05954846,0.0,0.05183278,-0.014569342,0.04127933,-0.010347059,0.0,-0.0014661358,-0.037815157,0.070394635,-0.1608159,0.0,0.0026750108,0.0,0.0,-0.0023350688,-0.01404916,0.4097548,0.10981129,0.0,0.0,0.009727093,-0.05115263,-0.7678213,0.0,0.0,0.0,-0.017717665,0.015248539,-0.0026828235,0.0047894176,0.0,0.0,0.0,0.0,0.0,0.0,-0.045054324,0.009427946,-0.11604265,0.003398105,0.0,-0.011458471,0.0,0.0,0.0,-0.029021151,-0.11199486,0.04256269,-0.052920803,-0.07448941,0.0,0.17147397,-0.09463127,-0.19965363,-0.014214488,-0.7467936,-0.010554714,-0.0010443471,-0.009530669,-0.0034445198,-0.05797992,0.0023931272,0.007340258,-0.0028279913,0.00092254893,-0.019383883,-0.031937227,-0.10478705,-0.6827811,-0.0079634655,0.0,-0.10203035,0.0,-0.05224467,0.01600558,0.007734094,-0.046240732,0.7817169,0.021213014,0.25802094,-0.32925832
W0000453,0.02549778,0.0,-0.0039618267,0.008718021,-0.08941543,0.01927204,0.012763365,-0.014089942,0.07933519,0.37842,1.9633884,-0.14259928,-0.13320097,-0.32143047,0.0146349445,0.0,0.028676862,0.010904469,0.0,0.0,-0.04727667,-0.01766783,0.002487767,-0.023506533,0.016110165,0.087088324,0.0,0.052768037,-0.021813259,-0.08092784,-0.010347059,0.0,-0.0014661358,0.06524924,-0.060513496,-0.1608159,0.0,0.0026750108,0.0,0.0,-0.0023350688,-0.009182955,0.38045204,0.087634794,0.0,0.0,0.006452098,-0.05260355,-0.87432766,0.0,0.0,0.0,-0.017717665,-0.0105860215,-0.0026828235,0.013931843,0.0,0.0,0.0,0.0,0.0,0.0,-0.03884663,-0.026135102,-0.11336235,0.003398105,0.0,-0.011458471,0.0,0.0,0.0,-0.030367967,0.11518785,-0.062481374,-0.15536873,0.040306155,0.0,-0.18214296,-0.040129066,-0.19965363,-0.009679914,-0.8479706,-0.016174385,-0.00746914,-0.0020123417,-0.08099374,0.06741902,-0.01795644,0.003513935,-0.14565274,0.00092254893,0.009448124,-0.033589892,-0.11307014,-0.6647868,-0.013737101,0.0,-0.10629834,0.0,-0.05224467,-0.032830574,-0.0492929,-0.09085059,0.77225333,0.021213014,0.2289789,-0.35502803
W0000454,0.02549778,0.0,-0.012781825,0.006947868,-0.08164142,0.030167691,0.012847334,-0.011010975,0.08220122,0.37856814,2.0894263,-0.14259928,-0.1470364,-0.34491107,0.0146349445,0.0,0.028676862,0.010904469,0.0,0.0,-0.057731807,0.004638335,-0.0055165086,-0.023506533,0.024559435,0.06892921,0.0,0.052101992,-0.021813259,-0.08374124,-0.010347059,0.0,-0.0014661358,-0.037815157,-0.060513496,-0.14951387,0.0,0.0026750108,0.0,0.0,-0.0039439853,-0.01404916,0.39340693,0.10480504,0.0,0.0,0.010297097,-0.013392119,-1.1289065,0.0,0.0,0.0,-0.017717665,0.010612596,-0.0026828235,0.0047894176,0.0,0.0,0.0,0.0,0.0,0.0,-0.039995633,0.015456552,-0.11336235,0.003398105,0.0,-0.011458471,0.0,0.0,0.0,-0.029021151,-0.065491326,0.039455004,-0.095157884,-0.07448941,0.0,0.17701267,-0.13008547,0.10091244,-0.014826449,0.25020844,-0.011167738,-0.00746914,0.010222011,0.017774474,-0.036463108,0.0023931272,0.016304074,0.04752814,0.00092254893,-0.041312475,-0.033589892,-0.09863756,-0.69297606,0.0039706323,0.0,-0.0068725245,0.0,-0.04130598,0.01600558,0.006568113,-0.09799863,0.7936053,0.021213014,0.27775994,-0.49866647
W0000455,0.02549778,0.0,-0.021077534,0.00032329466,-0.09446886,0.03447859,0.012847334,0.008928178,0.07731735,0.3954718,2.201835,-0.21840204,-0.16948919,-0.26857066,-0.006205773,0.0,0.018415427,0.010904469,0.0,0.0,-0.016175982,-0.01766783,0.006348255,0.012418345,0.049049623,-0.06912905,0.0,0.048960008,-0.021813259,-0.14410332,-0.010347059,0.0,-0.0014661358,-0.037815157,-0.049526356,-0.13959803,0.0,0.0011384798,0.0,0.0,-0.0039439853,-0.022805378,-0.57523316,-0.1335674,0.0,0.0,0.013510514,-0.013777511,0.5666971,0.0,0.0,0.0,-0.006042149,-0.03284574,0.019540971,0.0033516905,0.0,0.0,0.0,0.0,0.0,0.0,-0.045054324,-0.04431414,-0.10262283,0.003398105,0.0,-0.011458471,0.0,0.0,0.0,-0.04338522,-0.057811707,0.04592073,-0.06294603,0.05677843,0.0,0.17437355,-0.1399123,-0.19965363,-0.014214488,0.41476536,-0.012771191,-0.0010443471,-0.02037437,0.008017315,-0.081276715,-0.011590302,0.016304074,-0.11253261,-0.0072187497,-0.019383883,-0.033589892,-0.039772883,-0.560532,-0.009067345,0.0,0.08457323,0.0,-0.028727045,0.01600558,0.006568113,-0.056563683,0.82466173,0.021213014,0.29812992,0.01815882
W0000456,0.02549778,0.0,-0.015156532,0.0027088635,-0.08941543,0.037468463,0.012763365,0.009743355,0.07412765,0.37836564,1.9115131,-0.19371326,-0.17505646,-0.049671855,0.0146349445,0.0,0.018415427,0.010904469,0.0,0.0,-0.044563368,0.004638335,0.0009106493,-0.023506533,-0.042011715,-0.036323376,0.0,0.061932348,-0.021813259,-0.13215624,-0.010347059,0.0,-0.0014661358,-0.03357144,-0.07941709,-0.15090005,0.0,0.0011384798,0.0,0.0,0.0025782634,-0.01404916,-0.68159705,-0.23109284,0.0,0.0,-0.009575697,0.04352261,-0.67171216,0.0,0.0,0.0,0.0033027634,-0.010897068,-0.018059755,0.0033516905,0.0,0.0,0.0,0.0,0.0,0.0,-0.030739248,-0.0008055358,0.10634603,0.003398105,0.0,-0.011458471,0.0,0.0,0.0,-0.057086006,-0.06033811,-0.06046404,-0.2616539,-0.07448941,0.0,0.196283,0.02154921,0.16303639,-0.009679914,-0.7876228,0.018835738,-0.0010443471,-0.034659877,0.00829592,-0.033170532,-0.0057074865,0.016304074,-0.11315786,0.00092254893,-0.019383883,0.009322835,0.013715984,-0.64538544,-0.014466135,0.0,0.09628883,0.0,-0.082552224,-0.032830574,0.006568113,-0.063711725,0.65772057,0.021213014,0.26692063,-0.36506748
W0000457,0.02549778,0.0,-0.031431608,-0.0074057523,-0.10915093,0.030425185,0.012763365,0.008928178,0.07013416,0.3717588,2.0448225,-0.21840204,-0.16517489,-0.24049181,-0.006205773,0.0,0.018415427,0.010904469,0.0,0.0,-0.014917521,-0.01766783,-0.0070936265,-0.023506533,0.03525357,-0.07866026,0.0,0.047892675,-0.014569342,-0.14410332,-0.010347059,0.0,-0.0014661358,-0.037815157,0.06929241,-0.15090005,0.0,0.0011384798,0.0,0.0,0.0015274035,-0.01404916,-0.5483877,-0.23210952,0.0,0.0,-0.040056862,-0.064174145,0.48231322,0.0,0.0,0.0,-0.006042149,0.016202005,-0.018059755,-0.022468735,0.0,0.0,0.0,0.0,0.0,0.0,-0.03884663,-0.0327569,-0.10262283,0.003398105,0.0,-0.011458471,0.0,0.0,0.0,-0.04338522,-0.057811707,-0.059572622,0.24376073,-0.059151337,0.0,0.1554212,-0.025892202,-0.19965363,-0.04477249,-0.7848972,-0.012771191,-0.0010443471,-0.00043213973,0.0056142285,-0.12811922,-0.020713879,0.014593969,-0.1148654,-0.0072187497,0.008239041,-0.033589892,-0.13967696,-0.48754522,-0.01766944,0.0,0.09534574,0.0,-0.071613535,0.01600558,0.006568113,-0.056563683,0.7905841,0.021213014,0.27515334,-0.33915734
W0000458,0.02549778,0.0,-0.012781825,0.0009387103,-0.08164142,0.026114289,0.011423896,-0.02404952,0.08220122,0.38262698,2.1304324,-0.14259928,-0.17381121,-0.35401413,-0.008198856,0.0,0.028676862,0.010904469,0.0,0.0,-0.057731807,0.004638335,-0.054839935,0.009155081,0.024559435,-0.06662619,0.0,0.05977785,-0.021813259,0.028443407,-0.010347059,0.0,-0.0014661358,-0.036813,-0.05799631,-0.14065158,0.0,0.0011485481,0.0,0.0,-0.0039439853,0.0046732845,0.38193494,0.09597006,0.0,0.0,-0.08762043,-0.007305873,-0.90810335,0.0,0.0,0.0,0.00968484,0.011244357,-0.0026828235,0.0047894176,0.0,0.0,0.0,0.0,0.0,0.0,-0.024531549,0.015456552,-0.008111834,0.003398105,0.0,-0.011458471,0.0,0.0,0.0,-0.029021151,-0.106841646,0.04256269,0.16445562,-0.08177318,0.0,0.19430773,-0.12257066,0.17012373,-0.044990946,0.242285,-0.010554714,-0.0010443471,-0.018945321,0.015092783,-0.08596222,0.0023931272,0.016304074,-0.005535884,0.00092254893,0.009448124,-0.05045349,0.022823399,-0.6446293,0.0007673269,0.0,-0.089428544,0.0,0.022845352,0.01600558,0.006667665,0.045975674,0.7535447,0.021213014,0.2668059,-0.36074442
W0000459,0.02549778,0.0,-0.031431608,-0.008781317,-0.13120548,0.021555938,0.011423896,-0.087134756,0.05709269,0.3889424,1.9059806,-0.20712985,-0.19152091,-0.021811437,0.0070197624,0.0,0.018415427,0.010904469,0.0,0.0,0.01322807,0.0007005774,0.0009106493,-0.06009811,-0.13030365,-0.06205132,0.0,0.047800533,0.031219222,-0.1638848,0.01819984,0.0,-0.0014661358,0.0684908,0.010468015,-0.15090005,0.0,0.0011384798,0.0,0.0,0.0015274035,0.0075859358,-0.5972613,-0.2849674,0.0,0.0,-0.049888883,0.031694166,0.35671473,0.0,0.0,0.0,-0.006042149,-0.044981405,-0.018059755,-0.031391002,0.0,0.0,0.0,0.0,0.0,0.0,-0.0025490578,0.010600343,-0.12251512,0.009046913,0.0,-0.011458471,0.0,0.0,0.0,-0.047941007,-0.0480342,-0.082718484,-0.29502103,0.07189576,0.0,-0.19990568,-0.10396868,-0.19965363,-0.044990946,-0.9664371,-0.008050583,-0.0010443471,0.011510219,-0.031279873,-0.13851416,-0.025068913,-0.07567568,-0.095760666,0.0026562298,0.023763161,0.00715758,-0.1418572,-0.19178526,-0.014466135,0.0,-0.12293242,0.0,-0.082552224,0.01600558,0.004397517,-0.056563683,0.72921586,0.021213014,0.22419249,0.0629731
W0000460,0.02549778,0.0,-0.012781825,0.003994643,-0.06965399,0.027701233,0.005558919,0.012155388,0.058112733,0.37614173,1.9925034,-0.19371326,-0.07716552,-0.051750656,0.008102258,0.0,0.018415427,0.010904469,0.0,0.0,-0.044563368,0.004638335,0.00097216654,-0.07797696,0.040868837,-0.12654012,0.0,0.051774167,-0.021813259,-0.16754782,-0.010347059,0.0,-0.0014661358,-0.0345736,-0.07941709,-0.14203776,0.0,0.0026750108,0.0,0.0,-0.0023350688,-0.022805378,-0.5366794,-0.1318212,0.0,0.0,-0.013109947,-0.05260355,-0.8580406,0.0,0.0,0.0,-0.006042149,-0.008661777,0.019540971,0.0047894176,0.0,0.0,0.0,0.0,0.0,0.0,-0.05217269,0.00040271552,-0.11931666,0.009046913,0.0,-0.011458471,0.0,0.0,0.0,-0.057086006,-0.1212614,-0.048354834,-0.2088488,-0.066944696,0.0,-0.19011544,-0.09265433,-0.17759234,0.0038240198,-0.72524154,-0.019806419,-0.00746914,-0.001796613,0.008017315,-0.06441027,0.0023931272,0.019779263,-0.1333263,0.0026562298,0.023763161,-0.0153448265,-0.14337128,0.42501011,-0.01766944,0.0,-0.099651456,0.0,-0.054992415,0.01600558,0.006568113,0.03065858,0.7977159,0.021213014,0.26460522,-0.39804557
W0000461,-0.001596706,0.0,-0.015156532,0.0041341376,-0.08259119,0.030167691,0.009611131,-0.014089942,0.061468028,0.3544887,2.2312722,-0.14259928,-0.1446123,-0.3037894,-0.0152558815,0.0,0.028676862,0.010904469,0.0,0.0,0.06508993,-0.01766783,0.002487767,0.0065593505,-0.041795973,0.08029535,0.0,0.060919188,-0.021813259,0.07984881,-0.010347059,0.0,-0.0014661358,-0.10215933,-0.03062276,-0.14065158,0.0,0.0026750108,0.0,0.0,-0.009978284,0.0046732845,0.4129266,0.12643775,0.0,0.0,0.015987318,-0.013392119,-0.8765803,0.0,0.0,0.0,-0.017717665,0.015248539,0.008628188,-0.031385016,0.0,0.0,0.0,0.0,0.0,0.0,-0.039995633,0.016244967,-0.1264864,0.009046913,0.0,-0.011458471,0.0,0.0,0.0,-0.030367967,0.02913409,0.034987766,-0.11869462,-0.08177318,0.0,0.1853746,-0.19231485,0.10799977,-0.037487835,0.389971,0.0020552631,-0.00746914,-0.018945321,0.025964828,0.006386344,0.0029191384,-0.041911654,-0.0053577516,0.0026562298,-0.02766582,0.0088102445,-0.11941325,-0.17783406,0.0039706323,0.0,-0.075247645,0.0,-0.05224467,-0.014220054,-0.031661782,0.045975674,0.7569544,0.021213014,0.23052709,0.09031551
W0000462,0.02549778,0.0,-0.031431608,-0.00015349826,-0.10915093,0.03447859,0.009611131,0.008928178,0.07056589,0.35682654,2.0015094,-0.21840204,-0.16517489,-0.24049181,-0.007029475,0.0,0.018415427,0.010904469,0.0,0.0,-0.016175982,-0.01766783,0.002487767,-0.023506533,0.025307622,0.06525192,0.0,0.048960008,-0.021813259,-0.14410332,-0.010347059,0.0,-0.0014661358,-0.037815157,-0.07941709,-0.15090005,0.0,0.0026750108,0.0,0.0,0.0015274035,0.0046732845,-0.58115584,-0.2157102,0.0,0.0,0.009281178,-0.051538028,0.4182521,0.0,0.0,0.0,-0.006042149,-0.03284574,0.019540971,0.009763762,0.0,0.0,0.0,0.0,0.0,0.0,-0.039995633,0.011641865,-0.10262283,0.003398105,0.0,-0.011458471,0.0,0.0,0.0,-0.04338522,0.07796062,-0.008909777,-0.22832328,-0.066435106,0.0,0.15678842,-0.03775903,0.10091244,-0.014214488,-0.84675384,-0.012771191,-0.0010443471,-0.03305132,0.015031384,-0.13561642,-0.013538529,-0.05437624,-0.11115382,0.00092254893,-0.019383883,-0.0153448265,-0.11430662,-0.5586657,-0.014466135,0.0,0.09628883,0.0,-0.082552224,0.01600558,0.006568113,-0.063711725,0.8042773,0.021213014,0.2726224,-0.36259246
W0000463,0.02549778,0.0,-0.031431608,-0.0074057523,-0.10915093,0.031271152,0.009611131,0.012007143,0.057524413,0.3656095,2.0549939,-0.21840204,-0.16272162,-0.031275887,0.0070197624,0.0,0.018415427,0.010904469,0.0,0.0,-0.01763082,0.004638335,0.002487767,-0.07797696,0.03525357,-0.04436887,0.0,0.057425536,-0.014569342,-0.09004926,-0.010347059,0.0,-0.0014661358,-0.0345736,0.05149104,-0.15090005,0.0,0.0026750108,0.0,0.0,-0.0023350688,-0.01404916,-0.4956194,-0.12911442,0.0,0.0,0.009727093,-0.060555123,0.4292423,0.0,0.0,0.0,-0.006042149,-0.048253976,-0.018059755,-0.022468735,0.0,0.0,0.0,0.0,0.0,0.0,-0.033787936,0.0148438355,-0.11207137,0.003398105,0.0,-0.011458471,0.0,0.0,0.0,0.053880364,0.07846522,-0.09518102,-0.3032559,-0.05697768,0.0,0.1536192,-0.03816686,0.16303639,-0.014214488,-0.7925459,0.008729893,-0.0010443471,0.0027022096,0.00829592,0.0004477054,-0.025787484,-0.02599623,0.058377728,0.00092254893,0.023763161,-0.028322471,-0.13174221,-0.5337705,-0.026775079,0.0,0.10135771,0.0,-0.082552224,-0.014220054,-0.049533803,-0.09799863,0.72239065,0.021213014,0.25602192,-0.33491284
W0000464,0.02549778,0.0,-0.031431608,-0.008376084,-0.06998341,0.028163234,0.0009832463,0.022758918,0.080290794,0.3825952,2.1125915,-0.21840204,-0.16463868,0.034233477,-0.006205773,0.0,0.018415427,0.010904469,0.0,0.0,-0.009095163,0.004638335,-0.022954468,-0.06009811,-0.050545223,-0.085737996,0.0,0.04926043,0.031219222,-0.19196671,0.01819984,0.0,-0.0014661358,-0.03357144,0.010468015,-0.13959803,0.0,0.00074903487,0.0,0.0,0.0065269433,0.0046732845,-0.6696913,-0.3910137,0.0,0.0,0.011124361,-0.02240468,0.49758536,0.0,0.0,0.0,-0.006042149,-0.0456265,-0.018059755,0.0033516905,0.0,0.0,0.0,0.0,0.0,0.0,-0.031024575,0.013672151,-0.12251512,0.009046913,0.0,-0.011458471,0.0,0.0,0.0,-0.04939468,-0.0526585,0.043285154,-0.27449584,-0.066435106,0.0,-0.1966475,0.057016388,-0.1697573,-0.015322066,0.4536094,-0.008050583,-0.0010443471,-0.022851778,-0.040847473,-0.12165109,0.0040597003,-0.07265771,-0.09482731,0.0026562298,-0.019383883,0.00715758,0.049326055,0.44432837,-0.009067345,0.0,-0.118220136,0.0,-0.03980202,-0.032830574,-0.032827765,-0.0471225,0.74310404,0.021213014,0.25506538,0.0805141
W0000465,0.02549778,0.0,-0.031431608,-0.0074057523,-0.06998341,0.030167691,0.012763365,-0.08690679,0.080290794,0.40943253,2.1357236,-0.20712985,-0.16463868,0.08079848,0.006257262,0.0,0.018415427,0.010904469,0.0,0.0,-0.009128339,0.0007005774,-0.022954468,-0.06009811,-0.05026737,-0.06912905,0.0,0.051297814,0.031219222,-0.18232074,0.01819984,0.0,-0.0014661358,-0.0345736,-0.04331842,-0.13959803,0.0,0.00074903487,0.0,0.0,0.0065269433,0.0046732845,-0.6738669,-0.41627213,0.0,0.0,0.013019897,0.011283759,0.47169226,0.0,0.0,0.0,0.0033027634,-0.044981405,-0.018059755,0.0033516905,0.0,0.0,0.0,0.0,0.0,0.0,0.054480962,0.01767047,0.08183479,0.009046913,0.0,-0.011458471,0.0,0.0,0.0,-0.04939468,-0.058893308,0.043285154,-0.28367293,-0.066435106,0.0,0.19430773,0.07332875,0.0930244,0.0038240198,0.43198457,-0.01794828,-0.0010443471,-0.02037437,-0.008296803,-0.07045938,0.0040597003,0.019779263,-0.09299473,0.0026562298,0.0014313441,-0.033589892,-0.13230935,0.3427748,-0.0015618987,0.0,-0.08480752,0.0,-0.03980202,0.01600558,0.006568113,-0.048841357,0.679658,0.021213014,0.25921527,0.092798084
W0000466,0.02549778,0.0,-0.015156532,0.0009387103,-0.08941543,0.026312849,0.009527162,0.009743355,0.07833739,0.35057598,1.9520607,-0.19371326,-0.15284005,-0.2852206,-0.008198856,0.0,0.018415427,0.010904469,0.0,0.0,-0.057731807,0.004638335,0.007925373,-0.023506533,0.043509226,-0.04436887,0.0,0.050779052,-0.014569342,-0.12138429,-0.010347059,0.0,-0.0014661358,-0.10088264,0.05149104,-0.14203776,0.0,0.0026750108,0.0,0.0,-0.0039439853,0.0075859358,-0.5493262,-0.14545618,0.0,0.0,0.010297097,0.044221558,-0.75462055,0.0,0.0,0.0,0.0033027634,0.011244357,-0.018059755,-0.022468735,0.0,0.0,0.0,0.0,0.0,0.0,-0.029590242,0.012246648,-0.013149708,0.003398105,0.0,-0.011458471,0.0,0.0,0.0,-0.05573919,-0.11199486,-0.07350867,-0.18791649,-0.0625596,0.0,-0.20620823,-0.10971852,-0.20748866,-0.009679914,-0.30706248,-0.01883004,-0.0010443471,0.00397186,0.00829592,-0.038350523,-0.0052698026,-0.023153756,-0.12906228,0.00092254893,0.009448124,-0.033589892,-0.14290279,-0.63026875,-0.012270651,0.0,-0.111313984,0.0,-0.028727045,0.01600558,0.006568113,0.04120282,0.82233375,0.021213014,0.28146693,-0.39452696
W0000467,0.02549778,0.0,-0.020236904,-0.00835038,-0.13121453,0.018418873,0.009265303,0.03587927,0.07157647,0.36094356,1.8642304,-0.21840204,-0.20995814,-0.08539437,0.006257262,0.0,0.018415427,0.010904469,0.0,0.0,0.0026098695,0.019046335,-0.0070936265,-0.056174483,-0.07880579,0.030012418,0.0,0.062264234,0.031219222,-0.08088589,0.01819984,0.0,-0.0014661358,-0.13630405,-0.04331842,-0.14203776,0.0,0.0011384798,0.0,0.0,0.0025782634,-0.009182955,-0.6751708,-0.3612843,0.0,0.0,-0.06952707,-0.052897252,0.39682478,0.0,0.0,0.0,0.0033027634,-0.031947725,-0.018059755,0.00029014028,0.0,0.0,0.0,0.0,0.0,0.0,0.06579312,0.011641865,0.10634603,0.003398105,0.0,-0.011458471,0.0,0.0,0.0,-0.04939468,-0.058893308,-0.009657426,-0.36228496,0.05564422,0.0,0.15367532,-0.18466134,0.16223569,-0.026309136,-0.95857465,-0.008050583,-0.0010443471,-0.036215905,-0.010978495,-0.13168286,0.0040597003,-0.04240086,-0.13358752,0.00092254893,-0.009880809,0.009322835,-0.13290766,-0.59757024,-0.014466135,0.0,-0.0036892332,0.0,-0.071613535,-0.014220054,0.004610313,0.059018582,0.66194373,0.021213014,0.20788822,0.033457845
W0000468,0.02549778,0.0,-0.015638094,0.00222449,-0.08001599,0.025745675,0.012763365,0.020082932,0.07115421,0.3735268,1.8266866,-0.19371326,-0.12677427,-0.25732622,-0.008198856,0.0,0.018415427,0.010904469,0.0,0.0,0.06508993,0.019046335,-0.022954468,-0.056174483,-0.121770136,-0.05111663,0.0,0.061175846,0.031219222,-0.16324142,0.01819984,0.0,-0.0014661358,-0.14696711,-0.04331842,-0.15090005,0.0,0.00074903487,0.0,0.0,0.0015274035,0.0046732845,-0.58980495,-0.31927758,0.0,0.0,0.008488642,-0.054771658,-0.7997041,0.0,0.0,0.0,0.0033027634,-0.04920744,-0.018059755,-0.022468735,0.0,0.0,0.0,0.0,0.0,0.0,0.0025096359,0.008386425,0.07621016,0.009046913,0.0,-0.011458471,0.0,0.0,0.0,-0.05573919,-0.11199486,0.039127186,-0.1790457,-0.08177318,0.0,-0.19178641,-0.10426848,0.16303639,0.0038240198,-0.818977,0.00018322491,0.0077241794,-0.03790064,-0.008296803,-0.09335388,0.0023311386,-0.01287612,-0.100627884,0.0026562298,0.009448124,-0.0153448265,-0.12973893,0.3322843,-0.026775079,0.0,-0.19373097,0.0,0.044527527,0.01600558,-0.0492929,-0.054270536,0.80351585,0.021213014,0.2298124,0.07145949
W0000469,0.02549778,0.0,-0.031431608,-0.0074057523,-0.08444764,0.03447859,0.012847334,0.008928178,0.06130243,0.3741267,2.063158,-0.21840204,-0.17381121,-0.25175998,-0.006205773,0.0,0.018415427,0.010904469,0.0,0.0,-0.01763082,-0.01766783,0.002487767,-0.023506533,0.034975715,-0.06912905,0.0,0.048960008,-0.021813259,-0.14240344,-0.010347059,0.0,-0.0014661358,-0.037815157,-0.07941709,-0.13959803,0.0,0.0026750108,0.0,0.0,-0.0039439853,-0.022805378,-0.5609908,-0.12974033,0.0,0.0,0.010297097,-0.022794608,0.5230877,0.0,0.0,0.0,-0.006042149,-0.048253976,-0.018059755,0.0047894176,0.0,0.0,0.0,0.0,0.0,0.0,-0.033787936,0.01767047,-0.10262283,0.003398105,0.0,-0.011458471,0.0,0.0,0.0,-0.047941007,-0.057811707,-0.05826833,-0.32114345,0.067510664,0.0,0.17962216,-0.12999816,0.10091244,-0.014214488,0.41240722,-0.004495864,-0.0010443471,-0.014842268,-0.020124715,-0.0051351376,-0.025787484,0.007340258,-0.11568574,0.00092254893,0.023763161,-0.033589892,-0.12192138,-0.5673206,-0.012270651,0.0,0.08457323,0.0,-0.082552224,-0.032830574,0.006568113,-0.063711725,0.8130797,0.021213014,0.2902897,-0.45944393
W0000470,0.02549778,0.0,-0.031913172,-0.008376084,-0.14028597,0.028212134,0.009527162,-0.018682182,0.04894764,0.40689847,2.2855816,-0.16728805,-0.16828115,-0.27892417,0.006257262,0.0,0.028676862,0.010904469,0.0,0.0,0.0015921597,0.004638335,0.002487767,0.0065593505,-0.04901822,-0.041866012,0.0,0.06408878,0.031219222,0.062320318,0.01819984,0.0,-0.0014661358,0.066738866,-0.024414824,-0.1608159,0.0,0.0026750108,0.0,0.0,0.0025782634,0.0075859358,0.40835917,0.14895572,0.0,0.0,0.012527428,0.047252677,0.53032804,0.0,0.0,0.0,0.00968484,0.019474573,-0.0026828235,0.009763762,0.0,0.0,0.0,0.0,0.0,0.0,0.06579312,0.0148438355,0.11066062,0.003398105,0.0,-0.011458471,0.0,0.0,0.0,-0.01666718,-0.058893308,-0.007021852,0.05601058,0.06116353,0.0,0.21233578,-0.011434788,0.15514837,-0.009679914,-0.851436,0.0068550985,-0.0010443471,-0.011406962,-0.027642228,0.09468438,0.005632232,-0.058178607,0.038280115,0.00092254893,-0.007456259,0.0109755,-0.09950413,-0.53083795,-0.0014281571,0.0,-0.1780664,0.0,-0.05224467,-0.014220054,-0.048126917,-0.057964742,0.5947981,0.021213014,0.23625998,0.08938625
W0000471,-0.001596706,0.0,-0.031431608,-0.007882545,-0.13120548,0.027701233,0.009527162,-0.021761147,0.054119244,0.3772129,2.2122233,-0.17356803,-0.16828115,-0.2738631,-0.006205773,0.0,0.028676862,0.010904469,0.0,0.0,-0.016412739,-0.01766783,0.002487767,-0.06009811,0.03525357,0.04152198,0.0,0.046018645,-0.014569342,-0.14699169,-0.010347059,0.0,-0.0014661358,-0.037815157,0.044559628,-0.1608159,0.0,0.0026750108,0.0,0.0,-0.0023350688,-0.01404916,0.33149213,-0.093951486,0.0,0.0,0.0118509885,0.047252677,0.51274765,0.0,0.0,0.0,-0.017717665,0.01882948,0.008628188,0.0033516905,0.0,0.0,0.0,0.0,0.0,0.0,-0.03884663,0.013802314,-0.10262283,0.003398105,0.0,-0.011458471,0.0,0.0,0.0,-0.04338522,-0.057811707,-0.05786211,-0.0121999495,-0.059151337,0.0,-0.19047216,-0.09873499,-0.19965363,-0.04477249,-0.76020575,-0.004495864,0.001080007,-0.013884369,0.013095076,0.116752446,-0.04329759,-0.05437624,-0.060372,0.00092254893,0.02255408,-0.033589892,-0.11277091,-0.5316928,-0.0079634655,0.0,0.029921241,0.0,-0.05224467,-0.014220054,0.006568113,-0.056563683,0.80108815,0.021213014,0.2462157,0.008521363
W0000472,0.02549778,0.0,-0.015156532,0.0009387103,-0.08941543,0.02541078,0.012763365,0.009743355,0.07115421,0.36171666,1.901547,-0.19371326,-0.16272162,-0.31117803,-0.008198856,0.0,0.018415427,0.010904469,0.0,0.0,-0.057731807,0.004638335,-0.0054113287,-0.023506533,-0.012097724,-0.07866026,0.0,0.049364433,-0.021813259,-0.12718341,-0.010347059,0.0,-0.0014661358,-0.039304778,-0.061615728,-0.15090005,0.0,0.0027774472,0.0,0.0,-0.0023350688,0.0046732845,-0.54816127,-0.067478254,0.0,0.0,-0.05362674,-0.047637805,-0.83134,0.0,0.0,0.0,0.0033027634,0.011244357,-0.018059755,0.0033516905,0.0,0.0,0.0,0.0,0.0,0.0,-0.029590242,-0.0008055358,0.08345545,0.003398105,0.0,-0.011458471,0.0,0.0,0.0,-0.05573919,-0.11199486,-0.060162432,0.21466693,-0.08177318,0.0,0.21096857,-0.02403658,-0.19965363,-0.04477249,-0.7644838,-0.010554714,-0.0010443471,-0.04921363,-0.031279873,0.083134204,-0.01795644,0.007340258,-0.09154914,0.00092254893,0.008239041,-0.0153448265,-0.13868847,-0.6508918,-0.014466135,0.0,-0.09893234,0.0,-0.071613535,-0.032830574,0.006568113,-0.056563683,0.78220993,0.021213014,0.26368132,-0.4171849
W0000473,0.02549778,0.0,-0.031431608,-0.0074057523,-0.10915093,0.02541078,0.012763365,0.018362394,0.060956515,0.41236117,2.1400654,-0.16728805,-0.15284005,-0.00793056,0.006257262,0.0,0.028676862,0.010904469,0.0,0.0,-0.014917521,0.004638335,-0.054839935,-0.023506533,-0.05019132,-0.0761574,0.0,0.052810997,-0.021813259,0.07150996,-0.010347059,0.0,-0.0014661358,0.06998042,-0.060513496,-0.1608159,0.0,0.0011485481,0.0,0.0,-0.0023350688,-0.022805378,0.42821127,0.12624177,0.0,0.0,-0.05362674,-0.008672971,0.46220642,0.0,0.0,0.0,-0.017717665,0.01882948,-0.0026828235,0.0047894176,0.0,0.0,0.0,0.0,0.0,0.0,-0.029590242,0.011641865,-0.12549122,0.003398105,0.0,-0.011458471,0.0,0.0,0.0,-0.01984268,-0.058893308,-0.05787818,-0.12063145,0.084978096,0.0,0.21233578,-0.095106974,-0.19965363,-0.009679914,-0.9003155,-0.012771191,-0.0010443471,-0.011406962,-0.07142613,-0.08877222,-0.013100846,0.016304074,-0.0022027437,0.00092254893,0.023763161,-0.031937227,-0.10474851,-0.5771968,-0.0046314634,0.0,-0.10203035,0.0,-0.0025130343,0.01600558,0.007734094,-0.040811554,0.66376853,0.021213014,0.25126696,-0.45932654
W0000474,0.02549778,0.0,-0.0039618267,0.0012541581,-0.058096714,0.029773045,0.0009832463,0.011054931,0.08131084,0.34694266,2.1678884,-0.16946961,-0.13786386,0.12472467,0.0146349445,0.0,0.018415427,0.010904469,0.0,0.0,-0.049196154,0.004638335,-0.004419357,0.012418345,-0.042011715,-0.11700892,0.0,0.060500056,-0.021813259,-0.11509611,-0.010347059,0.0,-0.0014661358,-0.03357144,0.004260081,-0.13959803,0.0,0.0011384798,0.0,0.0,0.0065269433,0.0030546,-0.51356465,-0.2932805,0.0,0.0,0.014394904,-0.007305873,-0.83951926,0.0,0.0,0.0,0.0033027634,-0.037550464,-0.018059755,-0.013326308,0.0,0.0,0.0,0.0,0.0,0.0,0.07056649,0.015456552,0.11263741,0.009046913,0.0,-0.011458471,0.0,0.0,0.0,0.07078722,-0.06033811,-0.05914256,-0.2142954,-0.053156048,0.0,0.17389958,0.06560144,0.13018046,-0.015322066,0.3793441,0.0014422396,-0.00746914,-0.030193524,0.015309991,-0.084088735,0.0023311386,-0.074616574,-0.14001004,0.0026562298,-0.009880809,0.009322835,0.16550085,0.6272273,0.0029997826,0.0,0.089106984,0.0,-0.052957892,-0.014220054,-0.0492929,-0.08312826,0.6689876,0.021213014,0.24230202,0.08485222
W0000475,0.02549778,0.0,-0.015156532,0.00222449,-0.08955072,0.026114289,0.012847334,0.012155388,0.07833739,0.3566859,2.0043983,-0.19371326,-0.15259594,-0.3346586,-0.008198856,0.0,0.018415427,0.010904469,0.0,0.0,-0.04790207,0.004638335,0.0009106493,-0.056174483,-0.042011715,-0.11700892,0.0,0.048557743,-0.021813259,-0.14650536,-0.010347059,0.0,-0.0014661358,-0.037815157,-0.049526356,-0.13959803,0.0,0.0011384798,0.0,0.0,-0.0039439853,-0.022805378,-0.5557959,-0.12697403,0.0,0.0,-0.07947744,-0.013392119,-1.1721137,0.0,0.0,0.0,0.0033027634,0.010612596,-0.018059755,-0.022468735,0.0,0.0,0.0,0.0,0.0,0.0,-0.029590242,0.015456552,0.08345545,0.003398105,0.0,-0.011458471,0.0,0.0,0.0,-0.05573919,-0.11199486,-0.03754039,-0.12943143,-0.066944696,0.0,0.17701267,-0.1293953,-0.19965363,-0.014214488,0.3476535,-0.011167738,-0.00746914,-0.008733857,-0.010978495,-0.03439074,-0.0037592598,0.014593969,-0.09616488,0.00092254893,0.009448124,-0.033589892,-0.1268099,-0.7049021,-0.012270651,0.0,-0.010581181,0.0,-0.082552224,0.01600558,0.006568113,-0.056563683,0.82100827,0.021213014,0.2829815,-0.012622569
W0000476,0.02549778,0.0,-0.031431608,-0.0069122133,-0.09763956,0.029104164,0.005642888,0.008903593,0.07013416,0.39704803,2.044588,-0.21840204,-0.15354909,-0.20345068,-0.006205773,0.0,0.018415427,0.010904469,0.0,0.0,-0.014917521,0.004638335,-0.021169927,0.012418345,0.03525357,0.055957828,0.0,0.047491312,-0.021813259,-0.17048535,-0.010347059,0.0,-0.0014661358,-0.10640674,-0.049526356,-0.15090005,0.0,0.00074903487,0.0,0.0,0.0015274035,0.0075859358,-0.6415034,-0.34389788,0.0,0.0,-0.08698823,-0.060555123,0.33183002,0.0,0.0,0.0,-0.006042149,0.016202005,-0.018059755,-0.022468735,0.0,0.0,0.0,0.0,0.0,0.0,-0.031024575,0.010600343,-0.11306656,0.009046913,0.0,-0.011458471,0.0,0.0,0.0,-0.057086006,-0.0526585,0.043285154,-0.26750556,0.04582546,0.0,-0.18957712,-0.09684989,-0.1697573,-0.0007105535,-0.8995402,-0.004495864,-0.0010443471,-0.051089924,-0.010978495,-0.16456002,-0.013162834,0.018069157,-0.0908747,0.0026562298,-0.019383883,0.0037014568,0.0064122993,0.4976893,-0.014466135,0.0,-0.14437053,0.0,-0.052957892,0.01600558,0.006568113,-0.0471225,0.76702034,0.021213014,0.26113188,-0.023730703
W0000477,-0.001596706,0.0,-0.031431608,-0.0074057523,-0.118231416,0.030691108,0.012847334,0.008928178,0.07013416,0.3754549,2.0092077,-0.21840204,-0.16272162,-0.2540623,-0.006205773,0.0,0.018415427,0.010904469,0.0,0.0,-0.01763082,-0.01766783,0.002487767,-0.023506533,0.03525357,-0.06205132,0.0,0.052457288,-0.021813259,-0.13296461,-0.010347059,0.0,-0.0014661358,0.06774102,-0.07941709,-0.15090005,0.0,0.0026750108,0.0,0.0,-0.0039416067,0.0046732845,-0.5866109,-0.18787941,0.0,0.0,-0.014566893,-0.060555123,0.45917666,0.0,0.0,0.0,-0.006042149,-0.048253976,0.019540971,0.0033516905,0.0,0.0,0.0,0.0,0.0,0.0,-0.045054324,0.010600343,-0.105821274,0.003398105,0.0,-0.011458471,0.0,0.0,0.0,-0.04338522,-0.0526585,-0.05787818,-0.2291508,-0.066435106,0.0,-0.20802188,-0.010444849,-0.19965363,-0.014214488,-0.9249222,-0.004495864,0.001080007,-0.05356733,0.015309991,-0.13561642,0.0041216887,0.016304074,-0.09482731,0.00092254893,-0.019383883,0.006914703,0.03747697,-0.5920723,-0.01766944,0.0,-0.12601277,0.0,-0.082552224,-0.032830574,-0.0025984044,-0.056563683,0.79168284,0.021213014,0.2634219,-0.4035988
W0000478,-0.001596706,0.0,-0.012781825,0.0027088635,-0.08001599,0.03341506,0.005642888,0.0035608388,0.075471364,0.373854,2.1323802,-0.19371326,-0.10949986,-0.25692457,-0.0152558815,0.0,0.018415427,0.010904469,0.0,0.0,-0.04605858,-0.01766783,0.00097216654,0.012418345,0.024559435,-0.06205132,0.0,0.0559863,-0.014569342,-0.15637885,-0.010347059,0.0,-0.0014661358,0.06774102,0.025656031,-0.15090005,0.0,0.0026750108,0.0,0.0,-0.0039416067,0.0046732845,-0.58184236,0.021562697,0.0,0.0,-0.07465722,-0.048984524,-0.57323414,0.0,0.0,0.0,-0.006042149,-0.008661777,0.019540971,0.0033516905,0.0,0.0,0.0,0.0,0.0,0.0,-0.058380388,-0.025573708,-0.1238061,0.009046913,0.0,-0.011458471,0.0,0.0,0.0,-0.057086006,0.10140538,0.038095452,-0.17071064,-0.08177318,0.0,0.1554212,-0.0076325843,-0.1697573,-0.0013225146,-0.83815825,-0.007842432,-0.0010443471,-0.034659877,0.012935841,-0.09703836,0.0029191384,0.019779263,-0.11115382,0.0026562298,-0.041312475,0.00715758,0.03894431,0.46340674,-0.026775079,0.0,0.09802663,0.0,-0.054992415,-0.014220054,0.006568113,-0.0471225,0.8410642,0.021213014,0.2666548,0.090762466
W0000479,-0.001596706,0.0,-0.031431608,-0.0074057523,-0.060902927,0.027701233,0.005558919,0.008928178,0.06130243,0.39814717,2.211851,-0.21840204,-0.16463868,-0.21181297,0.006257262,0.0,0.018415427,0.010904469,0.0,0.0,0.01322807,-0.01766783,-0.0006049512,0.012418345,0.025307622,-0.06912905,0.0,0.053324863,-0.021813259,-0.12252991,-0.010347059,0.0,-0.0014661358,0.066738866,-0.049526356,-0.13959803,0.0,0.0011384798,0.0,0.0,0.0065269433,0.0075859358,-0.6534415,-0.3192993,0.0,0.0,-0.020113425,0.011283759,0.456846,0.0,0.0,0.0,-0.006042149,-0.044981405,0.019540971,0.002789167,0.0,0.0,0.0,0.0,0.0,0.0,-0.05217269,0.013672151,-0.10986812,0.009046913,0.0,-0.011458471,0.0,0.0,0.0,0.008605669,-0.058893308,-0.08236109,-0.2946557,0.06116353,0.0,-0.17909776,0.067181304,-0.1697573,0.0038240198,0.42276064,-0.01794828,0.001080007,-0.06797746,0.008017315,-0.09270747,-0.013162834,-0.044581827,0.0029407716,0.0026562298,0.023763161,-0.033589892,-0.14977667,0.51625407,-0.009067345,0.0,0.0026114807,0.0,-0.054992415,-0.014220054,0.004397517,-0.0814094,0.8160429,0.021213014,0.2661753,0.09310019
W0000480,-0.001596706,0.0,-0.015156532,0.00222449,-0.05976805,0.030167691,0.005558919,0.00907642,0.08220122,0.37036064,2.087033,-0.18743329,-0.08825511,-0.2715927,-0.008198856,0.0,0.018415427,0.010904469,0.0,0.0,0.06658515,-0.01766783,0.00097216654,-0.023506533,0.01725388,-0.11700892,0.0,0.056652337,-0.021813259,-0.15637885,-0.010347059,0.0,-0.0014661358,-0.037815157,-0.07941709,-0.13959803,0.0,0.0026750108,0.0,0.0,-0.009978284,0.0075859358,-0.55096346,0.07847175,0.0,0.0,0.010967823,-0.017011143,-0.9741897,0.0,0.0,0.0,-0.006042149,-0.04920744,0.019540971,0.009763762,0.0,0.0,0.0,0.0,0.0,0.0,-0.05217269,0.011458233,-0.1238061,0.009046913,0.0,-0.011458471,0.0,0.0,0.0,0.053634763,-0.11199486,0.039455004,-0.17423938,-0.048835106,0.0,-0.16196726,0.032882884,-0.1697573,0.0038240198,0.37291676,-0.011167738,-0.00746914,-0.05939164,0.012975318,-0.021050194,0.0023931272,-0.007363648,-0.09214216,0.0026562298,0.009448124,0.0037014568,-0.15129074,0.46168813,-0.03451601,0.0,-0.10735999,0.0,-0.054992415,-0.032830574,0.006568113,-0.0471225,0.85452604,0.021213014,0.29147252,-0.49989775
W0000481,0.02549778,0.0,-0.015638094,-3.162166e-05,-0.058096714,0.028674135,0.008187693,0.01609861,0.0734769,0.4089684,2.3419058,-0.14259928,-0.12058945,-0.04467658,-0.0152558815,0.0,0.028676862,0.010904469,0.0,0.0,-0.056513727,0.004638335,-0.04435558,0.012418345,0.016110165,-0.048943743,0.0,0.07039815,-0.021813259,0.06708496,-0.010347059,0.0,-0.0014661358,0.07098258,-0.03062276,-0.14951387,0.0,0.0011485481,0.0,0.0,0.0065269433,0.0075859358,0.42773128,0.12768385,0.0,0.0,0.014091782,-0.007305873,-0.71289885,0.0,0.0,0.0,0.00968484,-0.053211622,-0.0026828235,0.0033516905,0.0,0.0,0.0,0.0,0.0,0.0,0.054480962,0.015456552,0.11754919,0.009046913,0.0,-0.011458471,0.0,0.0,0.0,-0.030367967,0.10140538,0.044026628,-0.10856948,-0.0625596,0.0,0.19896041,0.07149319,0.15514837,-0.03148701,0.38400343,0.0007962482,-0.0010443471,0.013417377,-0.08099374,-0.02478488,0.0039036702,-0.07288252,-0.0007436415,0.0026562298,0.015746381,-0.017531766,0.068745,0.34652188,-0.021478033,0.0,-0.18177025,0.0,0.0022807494,-0.007818974,-0.048126917,-0.043947585,0.6467622,0.021213014,0.26960942,0.111475
W0000482,0.02549778,0.0,-0.015156532,0.0009387103,-0.09152736,0.030167691,0.012847334,-0.02094597,0.07799148,0.3946625,2.0890787,-0.14259928,-0.16272162,-0.0902766,0.0146349445,0.0,0.028676862,0.010904469,0.0,0.0,-0.057731807,0.004638335,0.002487767,-0.07797696,-0.04076256,-0.0761574,0.0,0.05277905,-0.021813259,0.016898524,-0.010347059,0.0,-0.0014661358,0.06998042,-0.060513496,-0.1608159,0.0,0.0026750108,0.0,0.0,-0.0023350688,-0.022805378,0.41592634,0.107546836,0.0,0.0,0.008347634,-0.05115263,-0.762753,0.0,0.0,0.0,-0.017717665,0.010612596,-0.0026828235,0.0033516905,0.0,0.0,0.0,0.0,0.0,0.0,-0.045054324,0.010216361,-0.12549122,0.003398105,0.0,-0.011458471,0.0,0.0,0.0,-0.029021151,-0.065491326,-0.07350867,-0.052920803,-0.066944696,0.0,0.17147397,-0.036607996,-0.19965363,-0.014214488,-0.72307587,-0.010554714,-0.0010443471,-0.009530669,0.018950757,0.077734075,0.0023931272,0.013461599,0.03708297,-0.0072187497,-0.019383883,-0.031937227,-0.10626258,-0.6830953,-0.013737101,0.0,-0.10408245,0.0,-0.05224467,0.01600558,-0.048126917,-0.0508167,0.70492536,0.021213014,0.25550157,-0.4408244
W0000483,0.02549778,0.0,-0.031431608,-0.008781317,-0.13120548,0.024432382,0.012847334,-0.01845422,0.057524413,0.4253692,2.2709403,-0.17356803,-0.16828115,0.04415893,0.0070197624,0.0,0.028676862,0.010904469,0.0,0.0,-0.027030937,0.004638335,-0.0055165086,0.012418345,-0.05019132,-0.05954846,0.0,0.06416572,0.031219222,0.06380805,0.01819984,0.0,-0.0014661358,0.06998042,-0.024414824,-0.1608159,0.0,0.0026750108,0.0,0.0,0.0025782634,0.0075859358,0.39593685,0.07988746,0.0,0.0,0.010631892,-0.060555123,0.43186408,0.0,0.0,0.0,0.00968484,0.016202005,-0.0026828235,-0.029390752,0.0,0.0,0.0,0.0,0.0,0.0,0.0025096359,0.0148438355,0.11406421,0.003398105,0.0,-0.011458471,0.0,0.0,0.0,0.047438193,0.07846522,-0.0947748,-0.1916106,0.063337184,0.0,0.1536192,0.026044339,0.16303639,-0.014214488,-0.966691,0.0068550985,-0.0010443471,-0.061481055,-0.069135465,-0.021620367,-0.04329759,0.016304074,0.00088247797,0.00092254893,0.023763161,0.0075193755,-0.09681376,-0.65041906,-0.0014281571,0.0,0.02014283,0.0,-0.04130598,0.01600558,0.007734094,-0.047959596,0.589702,0.021213014,0.24042477,0.07117441
W0000484,0.02549778,0.0,-0.031431608,-0.0074057523,-0.10915093,0.02364783,0.012763365,0.012007143,0.07056589,0.37890005,2.0053883,-0.21840204,-0.17505646,-0.24049181,-0.007029475,0.0,0.018415427,0.010904469,0.0,0.0,-0.014917521,0.004638335,-0.016688254,-0.023506533,0.025307622,-0.036323376,0.0,0.048960008,-0.021813259,-0.14410332,-0.010347059,0.0,-0.0014661358,-0.037815157,-0.07941709,-0.15090005,0.0,0.0011384798,0.0,0.0,-0.0023350688,-0.01404916,-0.6196441,-0.2547076,0.0,0.0,-0.081249766,0.047252677,0.45731843,0.0,0.0,0.0,-0.006042149,0.01882948,-0.018059755,0.009763762,0.0,0.0,0.0,0.0,0.0,0.0,-0.03884663,0.010600343,-0.10262283,0.003398105,0.0,-0.011458471,0.0,0.0,0.0,-0.04338522,-0.0037699752,-0.034426533,-0.09052471,-0.059151337,0.0,-0.20802188,-0.03589911,-0.19965363,-0.009679914,-0.6829251,-0.004495864,-0.0010443471,-0.05356733,0.005335622,-0.13271646,-0.013538529,0.016304074,-0.09538577,0.00092254893,0.009448124,-0.033589892,-0.12767646,-0.51328355,-0.026775079,0.0,-0.12601277,0.0,-0.03282059,0.01600558,0.006568113,-0.056563683,0.79681504,0.021213014,0.26619205,-0.35943785
W0000485,0.02549778,0.0,-0.031431608,-0.0006470373,-0.10915093,0.029721677,0.009611131,0.008928178,0.07310761,0.3646061,1.9913731,-0.21840204,-0.15284005,-0.003712196,0.006257262,0.0,0.018415427,0.010904469,0.0,0.0,-0.016175982,-0.01766783,0.002487767,-0.023506533,-0.02035338,-0.07866026,0.0,0.05387208,-0.021813259,-0.087160885,-0.010347059,0.0,-0.0014661358,-0.1114563,-0.07941709,-0.15090005,0.0,0.0026750108,0.0,0.0,-0.0039416067,-0.01404916,-0.5392999,-0.16652957,0.0,0.0,-0.03891017,-0.051538028,0.4323389,0.0,0.0,0.0,-0.006042149,-0.03284574,0.019540971,0.0033516905,0.0,0.0,0.0,0.0,0.0,0.0,-0.039995633,-0.0327569,-0.11207137,0.003398105,0.0,-0.011458471,0.0,0.0,0.0,-0.04939468,-0.058893308,-0.094790876,-0.3330533,-0.059151337,0.0,0.196283,-0.015430472,0.10091244,-0.049307063,-0.94936466,-0.012771191,-0.0010443471,-0.03305132,-0.031279873,-0.12811922,-0.013100846,-0.05721872,0.06391395,0.00092254893,-0.020592965,-0.028322471,-0.13541025,-0.58208144,-0.014466135,0.0,0.10135771,0.0,-0.082552224,-0.032830574,-0.049533803,-0.09256945,0.7237346,0.021213014,0.255127,-0.42773575
W0000486,0.02549778,0.0,-0.015638094,0.00222449,-0.058096714,0.031202009,0.005558919,-0.07932633,0.08651838,0.3885155,2.1846864,-0.1313271,-0.09381464,-0.30930904,0.0146349445,0.0,0.028676862,0.010904469,0.0,0.0,-0.056513727,0.015108576,0.00097216654,-0.056174483,-0.08632132,-0.116317295,0.0,0.056009293,0.031219222,0.049305335,-0.010347059,0.0,-0.0014661358,-0.036813,-0.02189764,-0.14065158,0.0,0.0026750108,0.0,0.0,0.002579819,0.0046732845,0.4057036,0.09707659,0.0,0.0,0.013510514,0.008252639,-1.1018791,0.0,0.0,0.0,0.00968484,-0.053211622,-0.0026828235,-0.008811419,0.0,0.0,0.0,0.0,0.0,0.0,0.07056649,0.015456552,0.1141456,0.009046913,0.0,-0.011458471,0.0,0.0,0.0,-0.029021151,0.10572855,-0.06062729,0.12536848,-0.08177318,0.0,0.1853746,-0.13844144,0.14719824,0.0038240198,0.3439069,0.0014422396,0.0077241794,0.010222011,-0.027642228,-0.025634559,0.0039036702,-0.014011388,-0.011074505,0.0026562298,-0.009880809,-0.03577683,0.059276544,0.46506783,0.0039706323,0.0,-0.17797111,0.0,-0.024684861,0.01600558,-0.029872162,0.035431433,0.7149376,0.021213014,0.26992035,0.08478075
W0000487,0.02549778,0.0,-0.031431608,-0.0069122133,-0.09352812,0.030167691,0.012847334,-0.018682182,0.06516626,0.3973881,2.275416,-0.16728805,-0.17381121,-0.28137994,0.006257262,0.0,0.028676862,0.010904469,0.0,0.0,0.014723286,0.004638335,0.002487767,0.009155081,-0.04901822,0.07457043,0.0,0.053858295,-0.021813259,0.04439176,-0.010347059,0.0,-0.0014661358,0.066738866,-0.060513496,-0.14951387,0.0,0.0026750108,0.0,0.0,-0.009978284,-0.022805378,0.4384936,0.1335639,0.0,0.0,0.010967823,-0.022794608,0.51492906,0.0,0.0,0.0,0.00968484,0.016847098,-0.0026828235,0.0047894176,0.0,0.0,0.0,0.0,0.0,0.0,-0.024531549,-7.025711e-05,0.10785423,0.003398105,0.0,-0.011458471,0.0,0.0,0.0,-0.02267664,-0.058893308,-0.05787818,-0.17624381,-0.051606625,0.0,-0.10622061,0.026269384,0.10091244,-0.014214488,0.4363917,-0.02929924,-0.0010443471,0.01930859,0.018950757,0.021288576,0.0041216887,0.013461599,-0.0022027437,0.00092254893,0.023763161,-0.03577683,-0.11692153,-0.60366476,-0.021478033,0.0,-0.08733156,0.0,-0.05224467,0.01600558,-0.048126917,-0.053388767,0.6483454,0.021213014,0.27686903,-0.49862581
W0000488,0.02549778,0.0,-0.031431608,-0.008376084,-0.09446886,0.030167691,0.009611131,0.025862467,0.06130243,0.37222838,2.1312191,-0.21840204,-0.21353842,-0.26857066,0.006257262,0.0,0.018415427,0.010904469,0.0,0.0,-0.00902604,0.004638335,0.0009106493,0.012418345,0.03525357,-0.06912905,0.0,0.048960008,0.031219222,-0.13048314,-0.010347059,0.0,-0.0014661358,0.066738866,-0.04331842,-0.13959803,0.0,0.0011384798,0.0,0.0,0.002579819,-0.022805378,-0.60334146,-0.24621308,0.0,0.0,0.0119181,-0.022794608,0.5396922,0.0,0.0,0.0,-0.006042149,-0.047608882,-0.018059755,0.0033516905,0.0,0.0,0.0,0.0,0.0,0.0,-0.033787936,0.016874122,-0.105821274,0.003398105,0.0,-0.011458471,0.0,0.0,0.0,-0.041931547,-0.058893308,-0.09485092,-0.031856526,0.067510664,0.0,-0.17820273,-0.15022735,0.10091244,-0.014214488,0.41341332,-0.012771191,-0.0010443471,-0.06550005,-0.008296803,0.04335665,-0.013162834,-0.05721872,-0.09437352,0.00092254893,0.023763161,0.00715758,-0.12005145,-0.5972186,-0.012270651,0.0,-0.11995794,0.0,-0.082552224,-0.032830574,-0.0492929,-0.063711725,0.7825537,0.021213014,0.2644694,0.021068413
W0000489,0.02549778,0.0,-0.015156532,0.003994643,-0.079529494,0.030623745,0.012847334,-0.0032053906,0.062322475,0.3526222,1.9432437,-0.19371326,-0.1470364,-0.3291522,0.008102258,0.0,0.018415427,0.010904469,0.0,0.0,-0.044563368,-0.01766783,0.002487767,-0.023506533,-0.042011715,-0.11700892,0.0,0.050431766,-0.021813259,-0.12548353,-0.010347059,0.0,-0.0014661358,0.066738866,-0.060513496,-0.14951387,0.0,0.0026750108,0.0,0.0,-0.0039439853,-0.022805378,-0.33442613,-0.10948445,0.0,0.0,0.010297097,-0.011224009,-1.1009673,0.0,0.0,0.0,-0.006042149,-0.008661777,-0.016077608,0.0033516905,0.0,0.0,0.0,0.0,0.0,0.0,-0.03884663,-0.032023963,-0.105821274,0.003398105,0.0,-0.011458471,0.0,0.0,0.0,-0.04790753,-0.1212614,-0.039394476,-0.22655782,0.084978096,0.0,-0.16144839,-0.12025629,-0.19965363,-0.014214488,0.3014049,-0.011167738,-0.00746914,0.0024837703,-0.017267782,0.038284406,-0.01795644,0.016304074,-0.11692075,0.00092254893,0.023763161,0.00715758,-0.13772017,-0.66212726,-0.021478033,0.0,0.081787586,0.0,-0.06536296,-0.007818974,0.006568113,-0.056563683,0.84323776,0.021213014,0.26241645,-0.52265424
W0000490,0.02549778,0.0,-0.031913172,-0.007882545,-0.106720045,0.023455223,0.002322716,-0.15440005,0.07310761,0.38056275,1.8937316,-0.20712985,-0.15354909,0.06850144,0.006257262,0.0,0.018415427,0.010904469,0.0,0.0,0.0015921597,0.015108576,-0.021169927,-0.06009811,-0.13030365,0.055957828,0.0,0.04469581,0.019999169,-0.17630702,0.01819984,0.0,-0.0014661358,-0.11294592,0.013399999,-0.15090005,0.0,0.00074903487,0.0,0.0,0.0015274035,0.0046732845,-0.66031164,-0.31180218,0.0,0.0,-0.049888883,0.047252677,0.3631333,0.0,0.0,0.0,-0.006042149,-0.044981405,-0.018059755,0.0047894176,0.0,0.0,0.0,0.0,0.0,0.0,0.08101624,0.011641865,-0.11931666,0.009046913,0.0,-0.007108107,0.0,0.0,0.0,-0.04939468,-0.058893308,0.043285154,-0.3077416,-0.066435106,0.0,0.21233578,-0.09654045,-0.16213688,-0.031268556,-0.9693314,-0.01794828,0.001080007,-0.03305132,-0.031279873,-0.1567441,0.0040597003,-0.07288252,-0.09726589,0.0026562298,-0.011089892,-0.028322471,-0.13815206,0.50775135,-0.026775079,0.0,-0.19127405,0.0,-0.052957892,0.01600558,-0.049533803,-0.041693322,0.7190937,0.021213014,0.21611679,0.06927878
W0000491,0.02549778,0.0,-0.015156532,0.00222449,-0.05976805,0.028400656,0.005642888,-0.014089942,0.08220122,0.39110887,2.207098,-0.14259928,-0.08825511,-0.29450616,-0.008198856,0.0,0.028676862,0.010904469,0.0,0.0,-0.055018507,-0.01766783,0.00097216654,-0.023506533,0.032570362,-0.116317295,0.0,0.059927374,-0.021813259,0.0705258,-0.010347059,0.0,-0.0014661358,-0.036813,-0.060513496,-0.14951387,0.0,0.0026750108,0.0,0.0,-0.009978284,0.0075859358,0.37988973,0.10017267,0.0,0.0,-0.042157236,-0.013392119,-1.1553867,0.0,0.0,0.0,-0.017717665,0.010612596,0.008628188,0.009763762,0.0,0.0,0.0,0.0,0.0,0.0,-0.05217269,-0.013151191,-0.1264864,0.009046913,0.0,-0.011458471,0.0,0.0,0.0,-0.030367967,-0.106841646,0.039455004,-0.11979064,0.04582546,0.0,0.17547332,0.06661164,-0.15879062,-0.0007105535,0.38337076,-0.011167738,-0.00746914,0.010222011,-0.05611284,-0.022736808,0.0023931272,0.019779263,0.0017361622,0.0026562298,0.009448124,0.0088102445,0.15407972,0.49294594,0.005427354,0.0,-0.08389161,0.0,-0.024684861,0.01600558,0.007734094,-0.036799543,0.7651576,0.021213014,0.28133288,-0.44853207
W0000492,0.02549778,0.0,-0.012781825,0.0044139395,-0.060598567,0.03271155,0.005558919,0.009051835,0.06961308,0.3753057,2.0624447,-0.19371326,-0.15068969,-0.022044431,0.0146349445,0.0,0.018415427,0.010904469,0.0,0.0,-0.055018507,0.004638335,-0.004419357,0.012418345,0.043463185,0.06878579,0.0,0.05913446,-0.021813259,-0.102257535,-0.010347059,0.0,0.021705927,-0.14182812,0.004260081,-0.13959803,0.0,0.0011384798,0.0,0.0,-0.009978284,-0.022805378,-0.63087016,-0.1700083,0.0,0.0,-0.05851741,-0.017011143,-0.849405,0.0,0.0,0.0,-0.006042149,0.010612596,0.019540971,-0.031385016,0.0,0.0,0.0,0.0,0.0,0.0,-0.05217269,0.015456552,-0.12251512,0.009046913,0.0,-0.011458471,0.0,0.0,0.0,0.07078722,0.10572855,0.03939496,-0.2161943,0.05516485,0.0,0.17701267,-0.22635578,-0.1697573,0.0038240198,0.3836406,0.018835738,-0.00746914,-0.05148209,-0.027652863,-0.084088735,0.0023311386,0.014399385,-0.016968394,0.0026562298,0.023763161,0.006914703,0.0028524064,0.44636878,-0.009067345,0.0,0.08516577,0.0,-0.052957892,-0.014220054,-0.004556204,-0.0814094,0.7450274,0.021213014,0.26219866,-0.002334416
W0000493,0.02549778,0.0,-0.015156532,0.0014322493,-0.057656124,0.024432382,0.005558919,-0.02094597,0.0661863,0.39874187,2.151676,-0.14259928,-0.115029916,-0.30655876,-0.008198856,0.0,0.028676862,0.010904469,0.0,0.0,-0.055018507,0.004638335,-0.0028422393,-0.023506533,-0.011743822,0.048337627,0.0,0.056430086,-0.021813259,0.060596615,-0.010347059,0.0,-0.0014661358,0.066738866,-0.060513496,-0.14951387,0.0,0.0026750108,0.0,0.0,-0.0039439853,-0.022805378,0.3809629,0.09878911,0.0,0.0,0.008401561,-0.017011143,-0.7906671,0.0,0.0,0.0,-0.017717665,-0.053843383,-0.0026828235,0.002789167,0.0,0.0,0.0,0.0,0.0,0.0,-0.024816874,0.012246648,-0.12328794,0.009046913,0.0,-0.011458471,0.0,0.0,0.0,-0.021189496,-0.11199486,0.04256269,-0.12193861,0.084978096,0.0,-0.13049015,-0.12333046,-0.1697573,0.0038240198,0.3175427,-0.010554714,-0.0010443471,-0.069019414,-0.08099374,0.035920195,-0.0052698026,-0.07220049,-0.008320613,0.0026562298,0.023763161,-0.036055796,-0.1283628,0.503052,-0.021478033,0.0,0.00573737,0.0,-0.022650335,-0.032830574,-0.006113859,-0.036799543,0.77665055,0.021213014,0.27006775,-0.562359
W0000494,0.02549778,0.0,-0.021077534,-0.0069122133,-0.08444764,0.030167691,0.012763365,0.005824627,0.080290794,0.38940582,2.0973055,-0.21840204,-0.17381121,-0.04730214,0.006257262,0.0,0.018415427,0.010904469,0.0,0.0,-0.01763082,-0.01766783,0.006348255,-0.023506533,0.049049623,0.06277348,0.0,0.052603148,-0.014569342,-0.14907615,-0.010347059,0.0,-0.0014661358,-0.0345736,0.05149104,-0.13959803,0.0,0.0011384798,0.0,0.0,-0.009978284,-0.022805378,-0.6254095,-0.16324154,0.0,0.0,0.010967823,-0.026413633,0.51690215,0.0,0.0,0.0,-0.006042149,0.016202005,0.019540971,0.0033516905,0.0,0.0,0.0,0.0,0.0,0.0,-0.03884663,-0.036649093,-0.11207137,0.003398105,0.0,-0.011458471,0.0,0.0,0.0,-0.04338522,-0.058893308,0.044456787,-0.23700744,0.05677843,0.0,-0.15423825,0.030430239,-0.19965363,-0.009679914,0.42520753,-0.004495864,-0.0010443471,-0.06550005,-0.008575409,-0.13490826,-0.013100846,0.016304074,-0.11253261,0.00092254893,0.009448124,-0.033589892,-0.12248296,-0.5812444,-0.03451601,0.0,0.05983165,0.0,-0.028727045,0.01600558,0.006568113,-0.056563683,0.739844,0.021213014,0.29378158,-0.45737213
W0000495,0.02549778,0.0,-0.015156532,0.006947868,-0.057656124,0.027958727,0.012847334,-0.014089942,0.08220122,0.39454487,2.1833744,-0.14259928,-0.08550927,-0.30020598,-0.0152558815,0.0,0.028676862,0.010904469,0.0,0.0,0.02074943,-0.01766783,0.0019835269,-0.023506533,0.01725388,0.09390397,0.0,0.057528704,-0.021813259,-0.1004773,-0.010347059,0.0,-0.0014661358,-0.037815157,-0.060513496,-0.14951387,0.0,0.0026750108,0.0,0.0,-0.0039439853,-0.022805378,0.3786465,0.08143482,0.0,0.0,-0.049222328,-0.013392119,-1.0098776,0.0,0.0,0.0,-0.017717665,0.015248539,-0.0026828235,0.0033516905,0.0,0.0,0.0,0.0,0.0,0.0,-0.045054324,-0.005486146,-0.12060764,0.009046913,0.0,-0.011458471,0.0,0.0,0.0,0.044232063,-0.0698145,0.039455004,-0.054782175,0.05516485,0.0,-0.16956459,-0.12436265,-0.19965363,-0.0007105535,0.34794128,-0.016174385,-0.00746914,-0.024618095,-0.031500198,-0.015269844,-0.0052698026,0.019779263,0.04855723,-0.020784434,-0.019383883,-0.033589892,-0.10106907,0.2989864,0.0039706323,0.0,0.08583412,0.0,-0.008733091,-0.007818974,0.006568113,-0.0814094,0.8124297,0.021213014,0.2848932,-0.44709685
W0000496,-0.001596706,0.0,-0.021077534,-0.007882545,-0.060902927,0.03447859,0.002322716,-0.021761147,0.08415462,0.42635283,2.4915137,-0.16728805,-0.12058945,0.037332106,0.006257262,0.0,0.028676862,0.010904469,0.0,0.0,-0.016412739,-0.01766783,0.00097216654,0.012418345,0.03274022,0.07457043,0.0,0.05134231,-0.021813259,0.06672211,-0.010347059,0.0,-0.0014661358,-0.0345736,-0.03062276,-0.14951387,0.0,0.0026750108,0.0,0.0,-0.0039439853,-0.022805378,0.41839725,0.14173748,0.0,0.0,0.013510514,0.011283759,0.56130904,0.0,0.0,0.0,-0.017717665,0.01882948,0.008628188,0.0047894176,0.0,0.0,0.0,0.0,0.0,0.0,-0.05217269,-0.054703124,-0.1327365,0.009046913,0.0,-0.011458471,0.0,0.0,0.0,-0.01666718,-0.058893308,-0.007021852,-0.04555863,0.05677843,0.0,0.17437355,-0.15055305,-0.1697573,0.0038240198,0.37691644,0.0068550985,-0.0010443471,0.01930859,0.017774474,0.04677673,-0.011590302,-0.07192263,-0.004399647,0.0026562298,0.009448124,-0.05045349,-0.13004777,0.5289814,-0.015704397,0.0,0.08089348,0.0,-0.024684861,0.01600558,-0.04919335,-0.036799543,0.6630417,0.021213014,0.27090353,0.107073076
W0000497,0.02549778,0.0,-0.015156532,0.00222449,-0.079529494,0.037468463,0.012847334,-0.00012642378,0.08265455,0.3402592,2.0000331,-0.19371326,-0.1470364,-0.31234154,0.0146349445,0.0,0.018415427,0.010904469,0.0,0.0,-0.057731807,0.004638335,0.002487767,-0.034050845,0.043509226,-0.11700892,0.0,0.048557743,-0.021813259,-0.14369194,-0.010347059,0.0,-0.0014661358,0.06774102,-0.05799631,-0.14951387,0.0,0.0026750108,0.0,0.0,-0.0039439853,-0.01404916,-0.48071864,-0.09214973,0.0,0.0,0.010297097,-0.013392119,-1.1265675,0.0,0.0,0.0,-0.006042149,-0.053843383,-0.016077608,0.0033516905,0.0,0.0,0.0,0.0,0.0,0.0,-0.045054324,0.016244967,-0.10262283,0.003398105,0.0,-0.011458471,0.0,0.0,0.0,-0.05573919,0.03861047,-0.062091224,0.18061489,-0.07448941,0.0,0.17701267,-0.11011492,-0.19965363,-0.014214488,0.34664053,-0.011167738,-0.00746914,-0.027028939,0.015309991,0.01178648,-0.0052698026,0.013461599,-0.11613286,0.00092254893,-0.019383883,-0.033589892,0.04115641,-0.6339387,-0.009067345,0.0,0.083427966,0.0,-0.082552224,0.01600558,-0.0492929,-0.056563683,0.83829856,0.021213014,0.27067214,-0.4131127
W0000498,0.02549778,0.0,-0.015156532,0.007342457,-0.08941543,0.03447859,0.012847334,0.012155388,0.07115421,0.35480994,1.8916183,-0.19371326,-0.13594681,-0.27971423,0.008102258,0.0,0.018415427,0.010904469,0.0,0.0,-0.04727667,0.004638335,0.002487767,-0.023506533,0.043509226,0.091077395,0.0,0.050431766,-0.014569342,-0.1299968,-0.010347059,0.0,-0.0014661358,-0.10088264,-0.010368567,-0.15090005,0.0,0.0026750108,0.0,0.0,-0.0023350688,-0.022805378,-0.52291,-0.13493153,0.0,0.0,0.010297097,-0.048984524,-0.9264306,0.0,0.0,0.0,-0.006042149,-0.008661777,-0.018059755,-0.029390752,0.0,0.0,0.0,0.0,0.0,0.0,-0.03884663,-0.025573708,-0.10262283,0.003398105,0.0,-0.011458471,0.0,0.0,0.0,-0.05573919,-0.1212614,-0.03900433,-0.18791649,-0.066944696,0.0,0.1528117,-0.097226635,-0.19965363,-0.014214488,-0.6063473,-0.011167738,-0.00746914,0.0006807945,0.00084706023,-0.03002961,-0.0052698026,0.016304074,-0.11406202,0.00092254893,0.009448124,-0.033589892,-0.12029187,-0.6587502,-0.01766944,0.0,0.083427966,0.0,-0.082552224,0.01600558,0.006568113,-0.056563683,0.8297927,0.021213014,0.277997,-0.42705566
W0000499,0.02549778,0.0,-0.0039618267,0.00222449,-0.09152736,0.02678317,0.012847334,0.012155388,0.07833739,0.35201588,1.9033256,-0.19371326,-0.13320097,-0.28886095,-0.008198856,0.0,0.018415427,0.010904469,0.0,0.0,-0.057731807,0.004638335,0.0009106493,-0.023506533,-0.042011715,-0.109931186,0.0,0.054255307,-0.021813259,-0.04745745,-0.010347059,0.0,-0.0014661358,0.066738866,-0.07941709,-0.15090005,0.0,0.0011384798,0.0,0.0,-0.0039439853,-0.009182955,-0.5594188,-0.119991645,0.0,0.0,-0.01590476,-0.05115263,-1.0393475,0.0,0.0,0.0,-0.006042149,-0.038182225,-0.018059755,-0.013326308,0.0,0.0,0.0,0.0,0.0,0.0,-0.035797942,0.012246648,-0.105821274,0.003398105,0.0,-0.011458471,0.0,0.0,0.0,-0.057086006,-0.11199486,-0.03900433,-0.27429774,0.040306155,0.0,-0.094663166,-0.047165375,-0.19965363,-0.014214488,-0.32305723,-0.016174385,-0.00746914,-0.055410035,0.00829592,-0.0153330825,0.0023931272,0.013610121,-0.11661759,0.00092254893,-0.019383883,0.00715758,-0.12867984,-0.66877806,-0.03451601,0.0,0.08736919,0.0,-0.082552224,0.01600558,0.006568113,-0.025156137,0.8549013,0.021213014,0.2628935,-0.39325696
W0000500,0.02549778,0.0,-0.031431608,-0.0069122133,-0.08444764,0.031271152,0.012847334,-0.021761147,0.061734155,0.3951278,2.1576204,-0.17356803,-0.17381121,-0.28513128,0.0070197624,0.0,0.028676862,0.010904469,0.0,0.0,-0.01763082,-0.01766783,0.002487767,-0.023506533,0.03525357,0.048337627,0.0,0.048960008,-0.014569342,-0.13048314,-0.010347059,0.0,-0.0014661358,-0.037815157,0.070394635,-0.14951387,0.0,0.0026750108,0.0,0.0,-0.0039439853,-0.022805378,0.23310365,-0.101941384,0.0,0.0,0.010297097,-0.022794608,0.5007675,0.0,0.0,0.0,-0.017717665,0.016202005,0.008628188,0.0033516905,0.0,0.0,0.0,0.0,0.0,0.0,-0.03884663,-7.025711e-05,-0.10262283,0.003398105,0.0,-0.011458471,0.0,0.0,0.0,-0.04939468,-0.0032653715,-0.094790876,-0.25810933,-0.051606625,0.0,-0.15740748,-0.13790289,-0.19965363,-0.014214488,0.40573743,-0.004495864,-0.0010443471,-0.07589118,-0.017267782,0.04335665,-0.013100846,0.016304074,-0.062494166,0.00092254893,0.023763161,-0.0153448265,-0.13620612,-0.60072714,-0.021478033,0.0,0.08662231,0.0,-0.05224467,-0.014220054,0.006568113,-0.056563683,0.7954017,0.021213014,0.2670127,-0.41768098
