wallet_id,tx_count,incoming_tx_count,total_received_sats,avg_received_sats,median_received_sats,max_received_sats,std_received_sats,outgoing_tx_count,total_sent_sats,avg_sent_sats,median_sent_sats,max_sent_sats,std_sent_sats,avg_inputs_per_tx,avg_outputs_per_tx,max_inputs_per_tx,max_outputs_per_tx,unique_input_counterparties,unique_output_counterparties,unique_counterparties,fan_in,fan_out,in_out_ratio,first_seen,last_seen,avg_inter_tx_seconds,median_inter_tx_seconds,min_inter_tx_seconds,std_inter_tx_seconds,active_duration_seconds,transaction_velocity,burstiness,observation_count,unique_src_ips,unique_dst_ips,unique_src_ports,unique_dst_ports,mean_latency_ms,median_latency_ms,std_latency_ms,total_bytes_sent,total_bytes_received,inbound_ratio,outbound_ratio,unique_countries,unique_asns,unique_network_types,country_entropy,asn_entropy,shared_ip_wallet_count,shared_asn_wallet_count,avg_network_tx_time_difference,min_network_tx_time_difference,observations_per_tx,rapid_hop_count,degree,in_degree,out_degree,pagerank,betweenness_centrality,clustering_coefficient,community_id,community_size,two_hop_neighbor_count
W0000001,42,23,19.070728526175515,15.935234425090941,15.851729569893317,17.15645703130374,15.734433924875121,19,19.251698549038117,16.3072596482807,15.74767219935926,18.093789667078756,16.57044730655888,1.0,1.2380952380952381,1,4,22,17,39,22,17,1.2222222222222223,2026-01-03 01:31:54,2026-06-11 08:56:47,335714.46341463417,206541.0,11361.0,316037.4123418062,13764293.0,3.0513733577617566e-06,0.9413847343441429,30,1,28,30,1,215.33333333333334,161.0,158.66128166269988,11.299893122656712,11.219506970666512,0.5666666666477778,0.4333333333188889,20,24,5,2.988726251836517,3.134641043539242,30,30,2.492166666666667,0.261,1.499999999925,0,39,22,17,0.0020792337722011865,0.002278131324258608,0.08771929824561403,1,177,291
W0000002,55,29,19.794602577542804,16.427306818427784,15.757179870226606,18.24083770908375,16.721066721213315,28,19.765105783650768,16.43290134386174,15.837155533699,17.948725355262724,16.47303820113076,1.0,1.2181818181818183,1,4,26,27,52,26,27,0.9285714285714286,2026-01-02 01:44:01,2026-06-28 23:21:37,284641.77777777775,203550.0,3368.0,262552.34671618545,15370656.0,3.5782465251810643e-06,0.9223924413819541,42,1,38,42,1,255.45238095238096,265.0,128.42330963500137,11.712546518842244,11.601879121180454,0.5952380952239229,0.4047619047522676,21,32,5,3.0310205839591875,3.3675046614174065,42,42,2.2010238095238095,0.092,1.6153846153224851,0,53,26,27,0.0022580833070652635,0.0038965596157219443,0.08597285067873303,0,179,392
W0000003,51,33,19.77132259032056,16.27481511175773,15.91798455444702,18.088097367901323,16.395412160640515,23,19.897899015610605,16.762404849901248,16.206584252980253,18.014335398548997,16.76247924321167,1.0,1.2745098039215685,1,4,28,22,50,28,22,1.2173913043478262,2026-01-01 09:10:35,2026-06-30 13:11:42,311329.34,198628.5,6801.0,301915.62265407253,15566467.0,3.27627307620457e-06,0.9697597177778192,41,1,33,41,1,272.1707317073171,280.0,160.43797905094422,11.709297844986843,11.585618150363668,0.43902439023319456,0.5609756097424152,17,32,5,2.7938539870355066,3.4348735632846514,41,41,2.6363658536585364,0.033,1.5185185184622771,0,50,28,22,0.002493019013421908,0.0034768184607255454,0.09877551020408164,0,179,336
W0000004,53,26,19.48432737360403,16.226230921881225,15.746655956854582,18.074360391433856,16.485843865290825,27,20.169044202122933,16.873207381373827,16.69459625609625,17.817626995965536,16.567780926893974,1.0,1.6603773584905661,1,4,25,46,67,25,46,0.5319148936170213,2026-01-02 07:28:53,2026-06-28 21:50:02,295085.9423076923,226461.0,621.0,279631.91292815516,15344469.0,3.4540130744170376e-06,0.9476255056944474,31,2,24,31,1,255.48387096774192,266.0,136.21548393819307,11.356996538332211,11.13394648209789,0.5161290322414152,0.48387096772632676,20,25,4,3.467960897042871,3.6414268244971195,31,31,2.6269677419354838,0.276,1.5499999999225,0,71,25,46,0.00210846572184244,0.0058606199994428,0.08276797829036635,1,177,423
W0000005,36,22,19.351837124509807,16.26079475391201,15.863485555068806,17.662876891275296,16.349205587660965,15,19.222435455904307,16.514385317597863,16.177359535627037,17.66820245213038,16.51512746599566,1.0,1.25,1,3,21,15,36,21,15,1.3125,2026-01-01 15:03:59,2026-06-29 11:42:00,441528.02857142856,424081.0,27761.0,321466.61605856713,15453481.0,2.3295720666707995e-06,0.7280758347841262,26,1,23,26,1,281.0,280.5,155.0909410636224,11.115904603644728,11.179185492313993,0.46153846152071004,0.5384615384408284,19,20,5,2.947807986206916,2.9862695246684545,26,26,2.3055,0.313,1.6249999998984375,0,36,21,15,0.0019554083043321836,0.0019298313436478109,0.08253968253968254,2,140,265
W0000006,45,30,20.09629232993338,16.695095002557384,15.92130035309956,18.276814692230037,16.914703589888102,15,20.161225229761573,17.453175053218843,17.092767511074634,18.701267307715607,17.459015801007634,1.0,1.2666666666666666,1,4,30,19,48,30,19,1.5,2026-01-08 03:34:46,2026-06-29 17:08:20,338854.86363636365,243245.0,9870.0,322734.8100660248,14909614.0,3.0181865863068898e-06,0.9524250417350344,40,1,31,40,1,265.575,266.5,158.597036138116,11.317494352222555,11.549835818990326,0.49999999998750005,0.49999999998750005,21,29,5,2.9270025079038544,3.1803107892349844,40,40,2.2341,0.074,1.7391304347069942,0,49,30,19,0.0028645013823496218,0.0033984960969716937,0.08953900709219859,2,140,296
W0000007,47,22,19.65764872001576,16.566606327612668,15.880043263195857,18.43053820910751,16.912406208698084,25,19.877785242663798,16.65890947369392,16.17929130970213,18.002371066420313,16.64048836909335,1.0,1.2340425531914894,1,4,22,25,47,22,25,0.8461538461538461,2026-01-01 14:00:02,2026-06-30 15:07:55,338175.5,249933.5,10828.0,269494.39603365486,15556073.0,3.021327874886684e-06,0.7969045632492349,36,1,28,36,1,273.55555555555554,263.5,141.52101195722432,11.458849354771557,11.379793992367032,0.472222222209105,0.5277777777631173,20,25,5,2.8192291401313194,3.036029702276276,36,36,2.5537777777777775,0.029,1.79999999991,0,47,22,25,0.0018864808205305934,0.0028786139294802475,0.09805735430157261,2,140,367
W0000008,49,29,19.6770854418657,16.309789691588414,15.817410469999086,17.371104132170117,16.11578214092953,21,19.717709332477728,16.673186949422863,16.19194008124508,17.902143008151647,16.542237580621777,1.0,1.183673469387755,1,4,27,19,44,27,19,1.35,2026-01-03 03:38:17,2026-06-30 06:07:15,320586.2083333333,221562.0,1947.0,346707.41126868996,15388138.0,3.184270690562387e-06,1.081476123364841,37,1,34,37,1,248.1081081081081,241.0,128.96377264431533,11.503147819206132,11.66006879341457,0.6486486486311177,0.3513513513418554,23,30,5,3.135066040893346,3.3681081016749213,37,37,2.6980000000000004,0.124,1.4799999999408,0,46,27,19,0.002387643132120907,0.0028233195506316222,0.08562367864693446,2,140,275
W0000009,38,18,19.643796928907378,16.753425221044186,16.158952428873626,18.31240935135557,16.910361612467995,20,19.679438788868893,16.68370656927614,16.375767577453303,17.67693402829823,16.44392280882552,1.0,1.1578947368421053,1,4,17,19,35,17,19,0.85,2026-01-15 00:19:18,2026-06-28 06:43:13,383584.7297297297,201292.0,17048.0,419110.48329525295,14192635.0,2.6774448382950146e-06,1.0926122918872754,16,1,15,16,1,286.375,297.0,116.26628918134439,10.66501741845733,10.600153534845193,0.43749999997265626,0.5624999999648438,13,15,4,2.7264097655573916,2.875,16,16,2.46125,0.182,1.2307692306745561,0,36,17,19,0.0017869774975073733,0.001844864487887145,0.07226890756302522,0,179,268
W0000010,41,23,19.38512549484138,16.249631362775084,15.646324380354708,18.499588638738487,16.912140769783605,18,19.445821722882425,16.55545002597306,15.89227489412539,18.12963783019506,16.763226886857524,1.0,1.3414634146341464,1,4,20,17,36,20,17,1.1111111111111112,2026-01-03 05:16:09,2026-06-29 03:53:02,382195.325,314982.5,4533.0,347917.1116078632,15287813.0,2.6818745963288147e-06,0.9103099345810381,37,1,32,37,1,262.7567567567568,247.0,144.7945681542197,11.499049639434581,11.522390529585927,0.5135135134996348,0.48648648647333825,20,30,4,3.0468319190963085,3.3783092841365896,37,37,3.057054054054054,0.083,1.370370370319616,0,37,20,17,0.002070565871124967,0.0019135334000234731,0.08095238095238096,2,140,263
W0000011,26,18,19.338056590876178,16.447684900906264,15.841463964143522,17.92094506545869,16.662261879196553,8,19.206587249104604,17.127145739324217,16.418311496479063,18.505277319320705,17.357159568226653,1.0,1.1153846153846154,1,3,18,9,26,18,9,1.8,2026-01-03 15:09:25,2026-06-30 19:09:23,615743.92,522094.0,73664.0,493578.3524901694,15393598.0,1.6890137257700425e-06,0.8015954926435599,12,2,11,12,1,224.33333333333334,234.5,139.7467406244293,10.718985100373533,10.505286693636767,0.49999999995833333,0.49999999995833333,10,13,4,2.869910023274066,3.199082295352821,12,12,2.4175,0.538,1.19999999988,0,27,18,9,0.001654699823664786,0.0009026401739936776,0.1076923076923077,2,140,146
W0000012,55,34,20.72001063853223,17.193650147023664,16.27694274250241,19.45055185088557,17.800658811366098,21,20.5446449641667,17.500122550354625,17.43697313912434,18.389732086809804,17.143325633034458,1.0,1.2363636363636363,1,4,32,21,52,32,21,1.4545454545454546,2026-01-01 09:01:29,2026-06-29 15:23:43,286824.7037037037,169422.0,3036.0,297422.6374901059,15488534.0,3.5510137014249573e-06,1.0369455514257153,27,2,24,27,1,231.74074074074073,227.0,135.82244988122505,11.129759864356831,11.226362765786364,0.5185185184993141,0.48148148146364883,17,21,5,3.220431875533882,3.48582592784901,27,27,2.199777777777778,0.087,1.3499999999325,0,53,32,21,0.0029089073125897107,0.003773129249263768,0.07993966817496229,1,177,301
W0000013,41,26,19.42908723161422,16.17099078479269,15.432333136509135,18.36986674521062,16.712560422504467,17,19.350458258925773,16.517244978012194,16.289608672080007,17.395077503127496,16.310956001992135,1.0,1.146341463414634,1,3,23,17,40,23,17,1.2777777777777777,2026-01-03 11:01:28,2026-06-29 04:05:51,381696.575,244744.0,9547.0,374733.83429780224,15267863.0,2.68537891089415e-06,0.9817558686292472,36,1,31,35,1,247.13888888888889,252.0,152.40775247956722,11.423186735770832,11.361846728556186,0.5277777777631173,0.472222222209105,20,27,5,2.962549716509212,3.2862156256610597,36,36,2.681638888888889,0.401,1.7142857142040817,0,40,23,17,0.002045827805194811,0.0024109872324017036,0.08717948717948718,1,177,286
W0000014,39,31,19.782047428669053,16.348060301076973,15.795875962515868,17.942690135536555,16.517453294697745,8,18.84245582504287,16.76301432927474,16.63531227868223,17.49857828164177,16.514915533175127,1.0,1.2307692307692308,1,4,31,8,39,31,8,3.4444444444444446,2026-01-04 21:42:24,2026-06-30 02:58:53,400668.13157894736,329671.0,5273.0,375367.9195251745,15225389.0,2.561510739626374e-06,0.9368526046564494,23,1,21,23,1,220.65217391304347,230.0,125.49270485702354,11.0916510456553,10.85871049441207,0.608695652147448,0.39130434780907375,12,15,4,2.453652820771537,2.6461474506035665,23,23,2.5685217391304347,0.075,1.5333333332311112,0,39,31,8,0.0027303208909933044,0.0013603485242768467,0.09176788124156546,1,177,149
W0000015,49,29,20.07669621072961,16.709400434194606,16.041224541778192,18.560020501567905,17.126828865707722,21,19.899426281363578,16.85490388922484,16.290226037066187,18.168691579516782,16.909890732654173,1.0,1.2653061224489797,1,4,27,21,47,27,21,1.2272727272727273,2026-01-03 18:42:58,2026-06-29 22:16:02,318866.3333333333,242150.0,9368.0,276317.76037414675,15305584.0,3.201445746764988e-06,0.866560263434992,32,1,26,32,1,267.625,300.5,145.5564960707254,11.357428879818604,11.452591425930528,0.43749999998632816,0.562499999982422,16,23,5,2.690787998444309,3.152114648336087,32,32,2.40459375,0.015,1.4545454544793388,0,48,27,21,0.002417406381039797,0.002941170832819199,0.09805735430157261,2,140,298
W0000016,29,17,18.738642201196722,15.905428973561435,15.675573638972152,16.93959827072709,15.589691837997059,12,19.18164785904425,16.69674126064983,16.48879759493006,17.607628294892113,16.25835239922809,1.0,1.1724137931034482,1,2,17,12,28,17,12,1.3076923076923077,2026-01-02 22:50:11,2026-06-30 12:04:04,550958.3214285715,368510.0,34578.0,492992.0800873913,15426833.0,1.8798413206494606e-06,0.8947885277793685,17,2,16,17,1,198.88235294117646,206.0,135.36334545997912,10.905497159812821,10.691467526242246,0.6470588234913495,0.352941176449827,13,17,4,3.049691884922566,3.3071885761626683,17,17,2.805941176470588,0.874,1.5454545453140496,0,29,17,12,0.0015570098257103792,0.0010521949232780645,0.082010582010582,1,177,182
W0000017,37,24,19.256383543545056,16.078329812918128,15.769379310296475,17.4016279785507,16.000284037693707,13,19.298403218897377,16.73345391132328,16.33617713158426,17.924806850556788,16.769368478652527,1.0,1.2972972972972974,1,4,24,13,37,24,13,1.7142857142857142,2026-01-06 11:40:39,2026-06-30 06:59:24,419531.25,349870.0,92.0,320076.32429320674,15103125.0,2.449823963595351e-06,0.76293616114901,30,2,28,30,1,298.96666666666664,316.5,139.53061296368975,11.234784398685603,11.267191153126204,0.49999999998333333,0.49999999998333333,17,25,5,3.212373621952556,3.603343356785334,30,30,2.3006,0.032,1.5789473683379502,0,37,24,13,0.001906769823127443,0.0016832794249413271,0.1021021021021021,1,177,204
W0000018,44,20,19.93395358386547,16.93822135214723,16.093832927202502,18.54489604372727,17.108407289424257,25,19.931963682790638,16.713087910872854,16.082160653922916,18.316232167906737,16.869226327795417,1.0,1.2045454545454546,1,3,19,24,42,19,24,0.76,2026-01-12 03:34:40,2026-06-30 04:58:35,339689.18604651163,255955.0,2410.0,303583.689816001,14606635.0,3.012329464498191e-06,0.8937075673255782,33,1,27,33,1,270.1212121212121,292.0,122.94555644058408,11.387441603925007,11.356318437456263,0.5454545454380166,0.4545454545316805,18,24,4,2.9461590950124164,3.127977276830598,33,33,2.2574242424242428,0.035,1.5714285713537415,0,43,19,24,0.001642478057623199,0.0024351532681762384,0.09523809523809523,0,179,357
W0000019,35,22,20.21505813675953,17.124015718309707,16.861211824405544,18.3203234468524,17.013679100503783,13,20.319084979834802,17.754135640350164,16.718595438348796,19.486364472951752,18.255819247479693,1.0,1.1714285714285715,1,3,22,12,33,22,12,1.6923076923076923,2026-01-01 16:00:00,2026-06-28 08:30:14,451535.70588235295,280323.0,174.0,483696.94180610403,15352214.0,2.2798013185719455e-06,1.0712239680734403,33,1,29,33,1,269.54545454545456,295.0,152.75799711248567,11.434304246502023,11.521359795790671,0.5757575757401286,0.4242424242295685,18,25,5,2.923283716158978,3.1697179965603475,33,33,2.5813030303030304,0.107,1.8333333332314814,5,34,22,12,0.001984275112623871,0.0014254952819516956,0.10037878787878787,0,179,211
W0000020,40,23,19.995296137302187,16.859801966932217,16.46253492344122,18.240780118338282,16.90238453150492,18,19.463120806455215,16.572749108499906,16.395579876677406,18.024402630876242,16.637894691925485,1.0,1.225,1,3,22,18,40,22,18,1.1578947368421053,2026-01-08 13:32:02,2026-06-28 20:51:40,379507.1282051282,267386.0,9518.0,315052.19391673227,14800778.0,2.7025604530680445e-06,0.8301592785555392,29,2,23,29,1,236.3448275862069,214.0,132.6281794723421,11.081773249926078,11.282165482139732,0.48275862067300834,0.5172413792925089,17,22,4,3.1996376094301637,3.480062825059309,29,29,2.344275862068965,0.08,1.7058823528408305,0,40,22,18,0.0018734056375547775,0.002050720681785673,0.08974358974358974,0,179,280
W0000021,37,18,18.74214390582454,15.851772271193218,15.383894573990956,16.98725569696694,15.861931046068808,22,19.34541069721182,16.25436832714759,15.94126383790896,17.418466969910057,16.183470832089508,1.0,1.3783783783783783,1,4,15,20,34,15,20,0.7142857142857143,2026-01-08 13:29:02,2026-06-26 20:20:36,406285.94444444444,392955.5,4978.0,389942.6395586879,14626294.0,2.5296905333852488e-06,0.9597715232811488,32,1,26,32,1,227.78125,236.0,145.72039828317259,11.430130640361313,11.313364153913575,0.6249999999804688,0.3749999999882813,18,22,5,2.832059779479236,2.980650013921845,32,32,2.47121875,0.138,1.4545454544793388,0,35,15,20,0.0014532190412923766,0.0016606506839507513,0.0873440285204991,2,140,285
W0000022,43,21,19.800346635224418,16.75582424783352,16.452678317752092,17.688600180155944,16.511432865925745,23,19.85362631187394,16.7181321484379,16.41569236055695,18.016847298957646,16.582223987999466,1.0,1.3488372093023255,1,4,20,23,42,20,23,0.8333333333333334,2026-01-04 19:57:56,2026-06-28 15:17:40,359599.61904761905,191282.5,1488.0,425530.3728670703,15103184.0,2.847081592392598e-06,1.1833416026759418,36,1,26,36,1,210.80555555555554,196.0,125.58089468988153,11.550702829304258,11.20796158528392,0.4166666666550926,0.5833333333171297,18,23,5,2.838408473566828,3.0209813489519193,36,36,2.4660555555555552,0.025,1.565217391236295,0,43,20,23,0.0017226118789083157,0.0022329542715294076,0.10336817653890824,2,140,334
W0000023,35,21,19.592210787222406,16.54768841147747,16.060323201578306,17.869644050124876,16.504174449512565,15,19.953212184081433,17.24516201321757,17.20205463577876,18.190053043632087,17.111239417935884,1.0,1.0857142857142856,1,2,20,15,35,20,15,1.25,2026-01-05 13:50:28,2026-06-27 11:33:04,439381.0588235294,226025.5,2025.0,529256.1980914715,14938956.0,2.3428677115812034e-06,1.204546675184201,23,3,22,23,1,260.4782608695652,246.0,167.92608481255766,10.975978291502674,11.082972973210794,0.608695652147448,0.39130434780907375,16,21,4,3.4403405361477173,3.810649183894595,23,23,2.678086956521739,0.635,1.642857142739796,0,35,20,15,0.001995432647443478,0.0017988515887031003,0.09915966386554621,2,140,268
W0000024,38,23,19.60621064160291,16.470716492902284,15.876684635881169,17.899235986234263,16.527799682653864,15,19.64921634561377,16.941166185492488,17.059892206140777,17.545944514249218,16.315672045365787,1.0,1.7105263157894737,1,4,22,37,55,22,37,0.5789473684210527,2026-01-07 23:23:14,2026-06-21 16:13:58,384601.1891891892,284618.0,5948.0,375032.1907509954,14230244.0,2.67036864087723e-06,0.9751171503772014,20,4,18,20,1,225.25,201.0,138.091836337844,10.699462042895544,10.769431909973544,0.5499999999725,0.4499999999775,17,20,5,3.608871848445361,3.883783409004101,20,20,2.5491,0.151,1.3333333332444444,0,59,22,37,0.0021999472722807794,0.004917907854471466,0.08282828282828283,0,179,422
W0000025,37,21,19.273641214315877,16.22911886182274,16.03166439657412,17.69375423183376,16.23790420098431,16,19.000921246947513,16.228332608672286,16.06870444119717,17.30701672418739,15.91906623403443,1.0,1.4054054054054055,1,4,19,16,35,19,16,1.1176470588235294,2026-01-10 22:02:17,2026-06-30 21:39:11,410361.5,280170.5,10077.0,410642.22321971296,14773014.0,2.50456660336431e-06,1.0006816490778592,31,1,27,31,1,282.4193548387097,311.0,154.24499434202033,11.184143581633021,11.342160868500926,0.6451612903017689,0.3548387096659729,18,26,3,2.8578288758198447,3.1280689968224813,31,31,2.2134193548387096,0.047,1.4761904761201814,0,35,19,16,0.0017483570683120768,0.0014437680685282501,0.08067226890756303,0,179,250
W0000026,37,14,19.61509884109577,16.976041550854926,15.72270898430869,18.649571015195406,17.371053427459188,24,19.59324127439893,16.415187515252832,15.904434437342196,17.944925501847408,16.47495028980843,1.0,1.1081081081081081,1,3,13,24,37,13,24,0.52,2026-01-02 10:34:50,2026-06-21 17:10:25,408659.30555555556,313566.5,7096.0,401338.65815655485,14711735.0,2.5149989097139863e-06,0.9820837813228587,24,1,20,24,1,230.79166666666666,190.0,146.8542546249487,11.015591748052536,11.083894858839356,0.6666666666388888,0.3333333333194444,14,19,5,2.692227245585081,3.0110276044371,24,24,2.919625,0.086,1.411764705799308,0,37,13,24,0.0013765100743917441,0.0017053064127826325,0.0990990990990991,2,140,357
W0000027,41,22,19.198713883149733,16.1076715262462,15.70624371542005,17.14452179649879,15.812264494393503,19,19.20864705649966,16.264208159191586,15.500250729107917,17.572945291168907,16.25972366307444,1.0,1.146341463414634,1,3,22,19,40,22,19,1.1,2026-01-02 12:43:24,2026-06-27 16:41:39,380517.375,230364.0,366.0,376450.8059563207,15220695.0,2.6937007348415603e-06,0.9893104530269287,36,1,25,36,1,288.9166666666667,290.0,135.26574373643697,11.493671287248082,11.528385342832271,0.5555555555401235,0.4444444444320988,17,23,4,2.7908201612786527,3.0458830498425447,36,36,2.5753333333333335,0.101,1.6363636362892562,0,41,22,19,0.0018745593955368156,0.002027840321778313,0.09743589743589744,2,140,285
W0000028,48,25,19.387884919479916,16.16900918584636,15.933847639742055,17.374985321465548,16.05501327994404,24,19.527361904870933,16.349308150573528,15.989315524599284,17.334331940415215,16.09389685417349,1.0,1.2291666666666667,1,4,23,23,45,23,23,0.9583333333333334,2026-01-08 08:26:02,2026-06-28 10:02:32,314472.12765957444,237141.0,187.0,228073.55412755476,14780190.0,3.2475899668684932e-06,0.7252561000202551,32,1,29,32,1,262.5625,261.5,112.12951540877387,11.435255772800257,11.336951718132408,0.6874999999785157,0.3124999999902344,19,26,5,2.964614648336087,3.269454882778696,32,32,2.602875,0.403,1.882352941065744,1,46,23,23,0.002044834061039685,0.0026363277225989468,0.08484848484848485,2,140,306
W0000029,48,30,20.38237594664624,16.981178605763834,16.143545586463386,18.654805508439313,17.338495932814237,19,19.39014190689011,16.445702995995394,15.939051278325419,17.56997742824551,16.248369083858655,1.0,1.4583333333333333,1,4,28,24,51,28,24,1.12,2026-01-02 21:30:50,2026-06-22 14:10:04,313786.25531914894,232469.0,36.0,289279.60502325714,14747954.0,3.2546885313929966e-06,0.9218972412663307,36,1,32,36,1,219.02777777777777,207.5,134.31359597409366,11.476956259930459,11.355522836618695,0.6111111110941359,0.3888888888780865,17,26,4,2.8803922791489263,3.218788501046152,36,36,2.1687777777777777,0.031,1.4999999999375,0,52,28,24,0.002436690944556018,0.0034401733559441274,0.10588235294117647,2,140,344
W0000030,48,27,19.893184807681834,16.59734800130862,15.922092689102413,17.94744761748972,16.67048126651368,21,19.810253069172806,16.765730681285753,16.1428678701361,18.271144944166686,16.97273800201208,1.0,1.0625,1,3,27,20,47,27,20,1.2857142857142858,2026-01-03 10:05:59,2026-06-30 19:14:33,327917.3191489362,247925.0,97.0,299510.4890746629,15412114.0,3.1144330288218068e-06,0.913369188558902,37,1,31,36,1,258.9189189189189,245.0,133.05186507072648,11.581154044460447,11.432214200529078,0.5945945945785245,0.4054054053944485,17,27,4,2.803366392737775,3.207073189777332,37,37,2.5619189189189187,0.055,1.6086956521039697,1,47,27,20,0.002597687842667861,0.0031579099327568266,0.08233117483811286,2,140,300
W0000031,28,12,19.592651840411115,17.107745224696252,16.723701686953845,18.15111250103121,16.94104772587359,16,19.595043693393592,16.822455017506176,16.116489662048213,18.15111250103121,16.947843962871538,1.0,1.25,1,3,12,16,28,12,16,0.7058823529411765,2026-01-03 21:58:13,2026-06-23 02:24:20,544591.3703703703,447950.0,36928.0,459826.2656133667,14703967.0,1.9042478873729866e-06,0.8443494448896607,24,1,23,24,1,226.91666666666666,192.5,157.27182689926346,10.915779134737711,10.857940745504632,0.6249999999739584,0.374999999984375,16,22,4,2.731497497099659,3.1517544273988385,24,24,2.541625,0.075,1.49999999990625,0,28,12,16,0.0011897539147617871,0.000978500305290063,0.0582010582010582,0,179,241
W0000032,42,25,19.991801069052265,16.772925294058997,16.160525248591966,18.677370446194892,17.078620000936297,20,19.864489648546073,16.86875741983722,16.059814153755102,18.37680298115759,17.14584490183371,1.0,1.2380952380952381,1,4,22,20,42,22,20,1.0476190476190477,2026-01-02 01:18:21,2026-06-30 14:05:01,378331.7073170732,250106.0,5922.0,397886.6307766098,15511600.0,2.7076508736912457e-06,1.0516844647088597,24,1,22,24,1,287.375,264.5,144.7915480658465,11.040149997728475,11.062253764023986,0.49999999997916666,0.49999999997916666,17,22,5,2.9591479170272446,3.167481250360578,24,24,3.0558333333333336,0.254,1.411764705799308,0,42,22,20,0.0019826796966838332,0.0026370029183482224,0.10104529616724739,2,140,313
W0000033,44,27,19.42536687261874,16.129530101815888,16.038614252388015,17.90630865557506,16.26929911961955,17,18.88529590016851,16.05208265665259,15.9467364671855,16.994298743607356,15.643144052654176,1.0,1.2045454545454546,1,4,27,17,42,27,17,1.5,2026-01-04 11:07:49,2026-06-23 08:40:14,341375.4651162791,266207.0,3425.0,275264.93606371206,14679145.0,2.997449579151267e-06,0.8063383513270365,36,1,29,36,1,265.30555555555554,255.0,143.5010840067458,11.531315330081819,11.553385794097439,0.5833333333171297,0.4166666666550926,19,26,5,2.9336133759595127,3.2133668409688854,36,36,2.3333333333333335,0.124,1.7142857142040817,0,44,27,17,0.002308251490702174,0.0024763437726328112,0.09407665505226481,1,177,265
W0000034,54,29,19.79094483154398,16.423649072688665,15.52650726867773,18.01126699521371,16.65092207735233,25,19.803866736596564,16.584990971915154,16.214853872752702,18.20478992785371,16.53222142163233,1.0,1.1666666666666667,1,4,28,25,53,28,25,1.0769230769230769,2026-01-07 20:57:21,2026-06-27 21:12:01,278778.8679245283,186613.0,1927.0,287820.40261440264,14775280.0,3.654752826697509e-06,1.0324289366989792,33,1,27,33,1,242.66666666666666,206.0,131.9104020411835,11.34636307758596,11.479585824358468,0.4545454545316805,0.5454545454380166,16,24,4,2.7983419458789642,3.184853688368766,33,33,2.7912424242424243,0.398,1.5714285713537415,0,53,28,25,0.0026057065970888516,0.004150205710940134,0.08635703918722787,1,177,324
W0000035,46,23,20.010272091765057,16.87477792071788,16.29109160921323,18.503538412058386,17.071958994020747,25,20.026731129189567,16.807855352484243,16.003587197999057,18.544322167914387,17.046991521421774,1.0,1.1521739130434783,1,3,20,24,43,20,24,0.8,2026-01-01 05:58:14,2026-06-21 17:58:02,329279.73333333334,203903.0,3511.0,330257.6531080351,14817588.0,3.1044186743200934e-06,1.0029668294431087,34,1,25,34,1,278.6764705882353,304.5,146.11094178184567,11.55055837977708,11.348875952963722,0.44117647057525955,0.5588235293953288,14,22,5,2.5332583115834764,2.8384772454388214,34,34,2.647588235294118,0.2,1.6190476189705216,1,44,20,24,0.0019755455078832897,0.0026612240155750844,0.09745293466223699,1,177,343
W0000036,37,24,19.86412488248602,16.6860711064441,16.11085580641601,18.032081971157222,16.833118801329846,13,19.874474392717968,17.30952506329828,17.008199232977454,18.149193491289363,17.10307031585443,1.0,1.3513513513513513,1,3,23,15,38,23,15,1.4375,2026-01-01 14:36:32,2026-06-23 10:44:42,414813.6111111111,307943.5,444.0,456032.270305154,14933290.0,2.4776855952247902e-06,1.0993640486376273,28,1,25,28,1,297.64285714285717,334.0,132.13242916097033,11.22661578369206,11.250872152152262,0.5714285714081633,0.42857142855612246,20,23,4,3.041808487698617,3.175911612775884,28,28,2.4483214285714285,0.066,1.749999999890625,0,38,23,15,0.0019408680802606606,0.0017743404059799219,0.11379800853485064,1,177,269
W0000037,36,17,19.787964459925405,16.95475115663689,16.09595637582566,18.432927791766456,17.20134345032275,20,19.7989315119388,16.80319928626842,16.306924986152243,18.487921641629065,16.981567190551665,1.0,1.0555555555555556,1,2,15,19,33,15,19,0.75,2026-01-07 08:27:32,2026-06-29 10:47:44,427303.2,336703.0,4254.0,510829.08979911095,14955612.0,2.4071229979005206e-06,1.1954693864443902,22,1,20,22,1,275.77272727272725,305.5,159.82965092878518,10.953557146411734,11.006125062453858,0.2272727272623967,0.7727272726921488,16,17,4,2.8772209228566727,2.9226754683112186,22,22,2.6834090909090906,0.17,1.294117646982699,0,34,15,19,0.0016198295763434306,0.0015156276196710624,0.09848484848484848,3,4,288
W0000038,40,22,19.566851708660845,16.475809322051344,15.928221908062035,17.934708435310558,16.54822025212797,18,19.578983652903048,16.68861194839005,15.753210380052694,18.157749962044168,16.863887864895847,1.0,1.275,1,4,22,16,36,22,16,1.2941176470588236,2026-01-05 17:30:37,2026-06-23 02:00:27,372968.9743589744,258275.0,12707.0,324879.8046244412,14545790.0,2.7499363905338664e-06,0.8710615517584599,34,1,28,34,1,249.52941176470588,246.5,139.09975389258182,11.523291550969406,11.383534062177885,0.44117647057525955,0.5588235293953288,18,22,5,2.9588132219366794,3.1169733322626123,34,34,2.2519411764705883,0.17,1.6190476189705216,0,38,22,16,0.0019589773016593804,0.0020553572278305078,0.11904761904761904,1,177,301
W0000039,39,23,19.43485585952317,16.299361723388348,15.667783427137566,17.468908523303785,16.29261319493137,17,19.315367742632468,16.48215446397393,16.07043920888306,17.714445061427096,16.394380289885085,1.0,1.1794871794871795,1,4,22,17,38,22,17,1.2222222222222223,2026-01-07 13:22:45,2026-06-21 13:08:39,375135.63157894736,218955.5,27638.0,455451.0253854056,14255154.0,2.7358523986585904e-06,1.2140937115856043,15,1,15,15,1,292.4,325.0,123.74328264596829,10.756668076081487,10.511158540743622,0.39999999997333335,0.59999999996,11,15,4,2.456564762130954,2.886778631137593,15,15,2.9661333333333335,0.069,1.2499999998958333,0,39,22,17,0.0020610151659171045,0.0021940824405469552,0.0953058321479374,0,179,294
W0000040,29,20,19.07929145752745,16.083559282311736,16.001197611077625,17.29408361701129,16.00006020960967,9,19.684028096843353,17.48680354212362,17.29408361701129,18.525458987122466,17.413198299410524,1.0,1.206896551724138,1,3,19,11,29,19,11,1.5833333333333333,2026-01-04 12:54:53,2026-06-24 22:21:43,528871.7857142857,334186.0,9452.0,464287.637845522,14808410.0,1.958346509966532e-06,0.8778815064542673,27,2,27,27,1,247.85185185185185,270.0,154.68024181509804,11.125260981487571,11.194550480751076,0.62962962960631,0.37037037035665293,19,27,5,3.37513901494292,3.7909292094780933,27,27,2.317037037037037,0.174,1.6874999998945313,0,30,19,11,0.0019010752454869787,0.0013393829733597661,0.08620689655172414,0,179,202
W0000041,49,27,19.55006227997119,16.254225498007465,16.059704171322764,18.11570065305143,16.47240837200319,22,19.653722469382625,16.562680077219326,16.103244770502705,17.992245163019533,16.590982549640998,1.0,1.1020408163265305,1,3,27,21,48,27,21,1.2272727272727273,2026-01-03 01:26:40,2026-06-27 08:00:55,315492.8125,193773.5,2376.0,306799.6506323884,15143655.0,3.235678359307686e-06,0.9724426865975015,40,1,30,40,1,276.625,288.0,125.1738662615795,11.480763778161831,11.523835730977789,0.29999999999250004,0.6999999999825001,17,24,5,2.766318095750438,3.096626092813091,40,40,2.1384,0.037,1.428571428520408,0,48,27,21,0.0024853257999350896,0.003214824848747661,0.08421985815602837,2,140,283
W0000042,34,16,19.082501325488387,16.309912680635286,15.934851909082381,17.27810399714315,16.058128077296487,18,19.008508846884805,16.11813718342917,15.831015797136493,17.235700042457953,15.903565145257613,1.0,1.3823529411764706,1,3,16,26,41,16,26,0.5925925925925926,2026-01-06 15:08:47,2026-06-27 11:24:03,449918.6666666667,311044.0,20616.0,398954.7697293412,14847316.0,2.2899760273186056e-06,0.8867244516895413,22,2,21,22,1,275.04545454545456,318.0,144.84227128080929,10.975002673319871,10.795034670519367,0.6363636363347107,0.3636363636198347,14,21,5,2.714049516558326,3.544548814352502,22,22,2.6036363636363635,0.447,1.6923076921775149,0,42,16,26,0.0014064336283960742,0.0022780780875886726,0.07439024390243902,2,140,333
W0000043,32,17,19.666240108683557,16.833026810672123,15.769170173616674,18.697213748377578,17.297069652569924,15,20.016321321412747,17.30827114869954,17.10166338839644,18.68231097754664,17.37140955640242,1.0,1.3125,1,4,17,21,38,17,21,0.7727272727272727,2026-01-08 15:46:24,2026-06-26 08:39:48,470193.67741935485,353989.0,12793.0,449883.35316400905,14576004.0,2.1953889285850273e-06,0.9568023092757585,31,1,28,31,1,241.51612903225808,219.0,146.21944033261377,11.376567223427713,11.484721444597152,0.580645161271592,0.41935483869614987,19,26,5,3.021216501862947,3.2835497680966634,31,31,2.430354838709677,0.059,1.8235294116574394,0,38,17,21,0.0016469295493546162,0.0023587392046454537,0.08961593172119488,2,140,313
W0000044,30,19,19.052036857663303,16.107597974233464,15.329980651981701,17.521126964599695,16.23807829963261,11,19.14158276077941,16.743687536612377,16.819577104778258,17.421414896596456,16.281643620012648,1.0,1.3666666666666667,1,4,19,11,30,19,11,1.5833333333333333,2026-01-01 17:47:48,2026-06-28 09:33:11,529293.8965517242,327443.0,2748.0,604934.3644128053,15349523.0,1.9544580014337902e-06,1.1429060970620741,13,1,12,13,1,262.15384615384613,281.0,161.40159342142306,10.238709007255688,10.204221576482523,0.2307692307514793,0.7692307691715976,11,13,2,2.619450628301315,2.7732967821474688,13,13,2.870692307692308,0.512,1.624999999796875,1,30,19,11,0.0015278264127357379,0.0011072888676733434,0.11264367816091954,0,179,187
W0000045,36,18,19.27319837474693,16.3828266893286,15.851821909434424,17.739423931946966,16.50241557090806,18,19.299342258132235,16.408970570843607,15.915233472617405,18.05441606513792,16.595012279508378,1.0,1.1666666666666667,1,3,18,18,36,18,18,0.9473684210526315,2026-01-03 08:02:19,2026-06-29 21:27:30,438317.45714285714,220790.0,8571.0,502639.54122274177,15341111.0,2.3466356284994205e-06,1.1467450960179872,36,1,31,36,1,255.02777777777777,245.5,120.46066011325287,11.445256716445408,11.44976199801219,0.27777777777006174,0.7222222222021606,20,25,5,2.917478709594816,3.185589063191108,36,36,2.427027777777778,0.046,1.4999999999375,0,36,18,18,0.0016609953746097978,0.0018316458990097263,0.07777777777777778,1,177,263
W0000046,40,26,19.78751084187449,16.52941436758144,16.114218795656928,17.92557182977874,16.58112594559057,17,19.650290300394502,16.817077003123362,16.38009700342737,18.549163418219585,17.06430663676036,1.0,1.425,1,4,23,17,39,23,17,1.2777777777777777,2026-01-02 07:53:36,2026-06-26 02:41:48,387212.6153846154,294331.0,2604.0,382066.68260228686,15101292.0,2.648779809781851e-06,0.9867077691025505,36,2,31,36,1,230.61111111111111,222.5,134.31440254179267,11.494517065286873,11.58292716075612,0.5833333333171297,0.4166666666550926,19,25,5,3.3118920134386167,3.5909540567569422,36,36,2.51425,0.237,1.8947368420055402,1,40,23,17,0.001855112933265186,0.0019051425922497086,0.1106612685560054,1,177,270
W0000047,47,25,19.586482209539046,16.367606459472306,15.957964339419144,18.267591788629453,16.66145666142867,22,19.59256443280257,16.50152204449865,15.657906818628968,18.40148433626794,16.886895613716177,1.0,1.0851063829787233,1,3,25,22,46,25,22,1.0869565217391304,2026-01-03 19:51:15,2026-06-29 22:31:21,332661.0,223864.0,29765.0,324450.8133851211,15302406.0,3.071412229461679e-06,0.9753167280456473,34,1,27,34,1,280.47058823529414,275.0,138.60806642627753,11.447853468226514,11.521339963571247,0.4705882352802769,0.5294117646903115,17,27,4,2.7385372452744563,3.2862347293850673,34,34,2.4332352941176474,0.025,1.4166666666076388,0,47,25,22,0.002519645765139396,0.003226787935583829,0.0927536231884058,1,177,315
W0000048,47,33,20.015983352034876,16.519475855479477,15.81920958080805,18.334430186557004,16.697897498430397,15,19.11171914259384,16.4036690116394,15.652799484204161,17.80737707584329,16.616425514125336,1.0,1.3191489361702127,1,3,30,15,45,30,15,1.875,2026-01-01 16:31:26,2026-06-24 05:39:45,325967.3695652174,266630.5,9770.0,263186.4726307067,14994499.0,3.134482643636e-06,0.8073988067668947,26,1,25,26,1,271.1923076923077,257.5,130.19401498710124,11.031626280462559,11.105212833071583,0.5384615384408284,0.46153846152071004,15,22,4,2.6159931053905816,2.996479375494689,26,26,2.1290769230769233,0.09,1.6249999998984375,0,45,30,15,0.0028165923583413762,0.002697575926213548,0.09191919191919191,0,179,253
W0000049,45,21,19.33308025885206,16.288557901440537,15.643455851263504,17.68621865574378,16.361658031749652,24,19.680482243767866,16.502428478673295,16.264679963602976,17.990128724278204,16.461749393905503,1.0,1.2444444444444445,1,3,20,24,44,20,24,0.8,2026-01-01 10:33:46,2026-06-29 05:15:19,351056.6590909091,235375.0,20708.0,352721.6839593416,15446493.0,2.9132824574948853e-06,1.0047400329414309,34,1,29,34,1,258.02941176470586,243.5,124.14226572379543,11.414275715003845,11.482641499861636,0.588235294100346,0.4117647058702423,19,24,5,2.925188126582681,3.17968895735806,34,34,2.5947941176470586,0.291,1.6190476189705216,0,44,20,24,0.0017749765690080474,0.0025827492416059697,0.08668076109936575,1,177,336
W0000050,39,18,19.65974916587344,16.769377457218443,16.300236608111806,18.46680853858775,17.017922268488782,21,19.54621831841974,16.501695945591912,15.6847691951172,17.942107104851964,16.587852778963168,1.0,1.2307692307692308,1,4,17,20,35,17,20,0.8095238095238095,2026-01-04 12:37:27,2026-06-30 05:27:29,401763.2105263158,339252.0,6087.0,416288.76534886716,15267002.0,2.55452887511714e-06,1.0361519379825397,22,1,19,22,1,231.72727272727272,194.0,134.19288953492133,11.155678929132538,10.667116495634444,0.40909090907231405,0.5909090908822314,14,17,4,2.751998763667425,2.9226754683112186,22,22,2.654818181818182,0.341,1.4666666665688888,0,37,17,20,0.00145063515616033,0.0017103198942489488,0.10756302521008404,1,177,318
W0000051,40,21,19.93252785594277,16.888005462319807,16.395276907317733,18.63985210455241,17.143856007342293,21,19.87108756201987,16.826565171191422,16.221392759254634,18.60854474631274,17.107087751819044,1.0,1.3,1,4,19,21,40,19,21,0.8636363636363636,2026-01-03 10:37:59,2026-06-30 15:32:10,394791.0512820513,195327.0,13055.0,470514.11641902546,15396851.0,2.597933655529065e-06,1.191802405572943,29,2,28,29,1,265.51724137931035,276.0,134.66615352940002,11.19360135518205,11.493457181774831,0.5517241379120095,0.4482758620535077,17,25,5,3.1170545019808213,3.511597766931304,29,29,2.330344827586207,0.089,1.3809523808866213,0,40,19,21,0.0015259087636019823,0.001948247741918317,0.08974358974358974,0,179,271
W0000052,47,25,19.82099171432896,16.602115948625627,16.279098657024555,18.668668217384692,17.00578100971635,22,19.645856817746523,16.55481442606646,16.10649198810472,18.045321662117768,16.53167079767903,1.0,1.1063829787234043,1,3,25,21,46,25,21,1.1363636363636365,2026-01-02 17:10:26,2026-06-29 18:17:19,334417.67391304346,248596.5,9195.0,273519.29548949393,15383213.0,3.05527830530083e-06,0.8178948032089118,38,1,30,38,1,268.07894736842104,254.5,152.7420332914197,11.529487553269206,11.524082987666105,0.3684210526218837,0.6315789473518006,19,24,5,2.8419894575681703,3.0835167961774284,38,38,2.1121052631578947,0.02,1.6521739129716446,0,46,25,21,0.0021343710640812892,0.0028657381331227776,0.0782608695652174,1,177,315
W0000053,50,26,20.029466661884236,16.771370173895363,16.163022409396405,18.175732322440812,16.878325955966787,24,20.004224040028923,16.826170256887686,16.503239507307885,18.20063101433246,16.920160103527643,1.0,1.26,1,4,25,24,47,25,24,1.0,2026-01-05 08:27:06,2026-06-22 07:25:20,296152.9387755102,250444.0,130.0,246385.4520260047,14511494.0,3.4455443770610815e-06,0.8319506167796376,31,1,27,31,1,283.8709677419355,287.0,145.11966141440746,11.284731682680036,11.34834558965243,0.41935483869614987,0.580645161271592,18,24,4,2.8334776660726364,3.1233934877364407,31,31,2.2345483870967744,0.072,1.4090909090268595,0,49,25,24,0.0023759652982571823,0.003622462755674235,0.09528214616096208,1,177,335
W0000054,58,26,19.97272264985302,16.714626164785294,16.253153328217632,18.215413996137293,16.748768058426712,33,19.558186362061353,16.06167890319255,15.468248352418154,17.57585284070806,16.03671021903756,1.0,1.2586206896551724,1,3,23,41,61,23,41,0.5476190476190477,2026-01-01 03:49:25,2026-06-26 17:03:48,267615.1403508772,183630.0,863.0,240140.78788385773,15254063.0,3.8022654159573476e-06,0.8973329768862374,33,1,31,33,1,268.7878787878788,256.0,145.05489425898338,11.132601649268397,11.290381733727987,0.6060606060422407,0.3939393939274564,19,28,5,2.9075050193978367,3.340378877861046,33,33,2.479242424242424,0.068,1.6499999999175,1,64,23,41,0.00218432042307568,0.005382641140971054,0.08360655737704918,2,140,421
W0000055,34,18,19.201137310426205,16.310765630423486,16.174346959057782,17.658210730331277,16.285660232392804,16,19.200244849016734,16.42765619556783,16.060007004586218,17.441916158047857,16.286458235823996,1.0,1.2647058823529411,1,3,18,16,34,18,16,1.0588235294117647,2026-01-05 18:54:13,2026-06-27 20:52:39,453160.7878787879,311607.0,8044.0,370703.6408613487,14954306.0,2.273592484091707e-06,0.8180381726283259,26,1,21,26,1,263.3076923076923,249.5,148.54757331730983,11.035663558042378,10.915797303837524,0.4999999999807692,0.4999999999807692,18,20,5,2.9895489455674022,3.0809890898397763,26,26,2.234692307692308,0.019,1.5294117646159169,0,34,18,16,0.0015866161782677572,0.0014069685074459461,0.0677361853832442,1,177,232
W0000056,51,32,20.46611359157905,17.000377728869825,16.335880469878678,19.45305498098765,17.70850446100316,19,20.61002963824239,17.665590679234086,17.136013477940715,19.45305498098765,17.95237454657574,1.0,1.1568627450980393,1,4,32,18,50,32,18,1.6842105263157894,2026-01-01 05:25:26,2026-06-30 08:55:40,311292.28,209642.5,42.0,310627.32152664545,15564614.0,3.2766631233731126e-06,0.9978606718610997,41,3,33,41,1,220.7560975609756,196.0,146.85124794972035,11.471582501435845,11.560162041995495,0.4878048780368828,0.512195121938727,22,31,5,3.7321497091843283,4.1042967402164745,41,41,2.469951219512195,0.008,1.6399999999344,1,50,32,18,0.002900275907502095,0.002983910325676428,0.09959183673469388,0,179,287
W0000057,50,32,20.034102331007624,16.5683664899614,16.10809268772009,18.066418244869958,16.586363009754763,20,20.017851487395316,17.022119252310347,16.643440646643356,18.28587116336497,16.979644093316953,1.0,1.24,1,4,28,19,46,28,19,1.4,2026-01-01 16:42:33,2026-06-21 03:37:39,300557.2653061224,201290.0,1999.0,304048.75720349635,14727306.0,3.39505382755992e-06,1.0116133618678522,32,1,25,32,1,267.21875,257.0,142.49860992530827,11.261806731825494,11.319195074224368,0.43749999998632816,0.562499999982422,17,21,5,2.773695131143149,3.09375,32,32,2.1765625,0.014,1.4545454544793388,1,47,28,19,0.0028693794325772974,0.003170313763647122,0.09855072463768116,0,179,277
W0000058,34,19,19.58608128371678,16.641642360673934,15.66798609580777,18.714708964441986,17.214043274251335,16,19.234588939361526,16.46200028359017,16.068444533775182,17.815952214706876,16.513033157025095,1.0,1.3529411764705883,1,4,18,15,31,18,15,1.125,2026-01-04 12:40:21,2026-06-29 11:40:25,460691.0303030303,288952.0,5433.0,447645.06734238437,15202804.0,2.2364293957595326e-06,0.9716796425758354,15,1,11,15,1,250.53333333333333,235.0,138.79320005300107,10.438693545027498,10.6375367244165,0.3333333333111111,0.6666666666222222,12,12,4,2.6616157143988106,2.6616157143988106,15,15,3.281066666666667,1.039,1.3636363635123967,0,33,18,15,0.001624626206842302,0.0015835936260149234,0.06881720430107527,1,177,254
W0000059,41,18,19.639419010332205,16.74904730268853,15.999857518010872,18.13962865782192,16.905409558400002,23,19.59621159445931,16.460717446434277,16.034701541941143,18.104798038662615,16.5506067592058,1.0,1.0975609756097562,1,3,18,23,40,18,23,0.75,2026-01-04 14:41:48,2026-06-30 01:48:54,381160.65,260235.5,1892.0,338600.6119389983,15246426.0,2.6891546458721116e-06,0.8883386141785204,35,1,29,35,1,244.88571428571427,229.0,159.95105343760108,11.375833455150905,11.325523022308786,0.39999999998857144,0.5999999999828572,19,25,4,3.0057927159187146,3.1880053945210505,35,35,2.832542857142857,0.275,1.7499999999125,0,41,18,23,0.0017506296188561908,0.002330611547859595,0.10512820512820513,0,179,333
W0000060,46,29,19.639506614327477,16.27221086710256,15.819601605880026,17.845169192629456,16.474257353840308,19,19.814322328005666,16.86988339350981,16.14853222318685,17.962816303706553,16.77085105297878,1.0,1.1521739130434783,1,3,27,19,43,27,19,1.35,2026-01-03 16:12:24,2026-06-25 10:51:15,331731.8,222660.0,147.0,297570.4547331912,14927931.0,3.0814717001658367e-06,0.8970184881723821,34,1,32,34,1,295.29411764705884,351.0,160.4455027674156,11.439138979595633,11.313852381534986,0.4705882352802769,0.5294117646903115,19,26,4,2.894273869771264,3.1112575095089623,34,34,2.3846176470588234,0.132,1.5454545453842976,0,46,27,19,0.002489391539199839,0.003113553115102352,0.06866002214839424,0,179,278
W0000061,40,27,19.87810975664323,16.58227295117577,15.690838818611647,17.716213775661085,16.613181921963605,15,19.522673259876505,16.81462310528348,16.714204644569197,17.989869104370474,16.841799325527752,1.0,1.2,1,4,23,15,36,23,15,1.4375,2026-01-04 13:38:01,2026-06-27 21:28:37,386200.92307692306,256051.0,7984.0,418258.9131553743,15061836.0,2.6557185554457933e-06,1.0830057753805284,32,1,26,32,1,284.09375,295.5,151.48519769590607,11.390746531497154,11.37744932540778,0.4062499999873047,0.5937499999814454,20,24,5,3.0389097655573916,3.1639097655573916,32,32,2.19878125,0.008,1.3913043477655955,0,38,23,15,0.002172992904544066,0.0019317311921617294,0.08412698412698413,1,177,261
W0000062,56,36,20.087854027865454,16.50433515548232,16.364527590376632,17.842258059815975,16.256375864505582,20,19.9729639310103,16.977231697691458,16.60049343560281,18.62218677951172,17.092820792090553,1.0,1.6964285714285714,1,4,36,43,76,36,43,0.8181818181818182,2026-01-02 14:57:17,2026-06-30 10:45:37,280918.1818181818,151312.0,91.0,351340.7441912412,15450500.0,3.6244779376409864e-06,1.250682640883662,46,3,38,46,1,265.4347826086956,259.0,145.76002380990067,11.727859409491659,11.69625484707094,0.6086956521606806,0.3913043478175804,23,33,5,3.7178101933013865,3.9990526170071163,46,46,2.6394565217391306,0.124,1.5862068964970273,0,79,36,43,0.0028625230760602176,0.0077813344513776965,0.09368421052631579,0,179,444
W0000063,45,23,19.75072465214631,16.6152304943996,16.162322562165023,18.0176675324874,16.57165124783377,22,19.726205329607314,16.63516293316536,16.39167669456591,18.027738595242997,16.592750190298826,1.0,1.2222222222222223,1,3,22,22,44,22,22,0.9565217391304348,2026-01-04 21:03:16,2026-06-29 00:43:01,343936.0227272727,212254.5,2761.0,334784.2133370346,15133185.0,2.9735972319378086e-06,0.9733881240302069,36,1,32,36,1,218.97222222222223,221.5,144.57098822004582,11.573851217912722,11.513944945123693,0.5833333333171297,0.4166666666550926,21,27,5,3.0342399384294643,3.2757310770199,36,36,2.509388888888889,0.1,1.6363636362892562,0,44,22,22,0.0021919744033672083,0.0026660611827049215,0.08139534883720931,1,177,298
W0000064,37,18,19.341769916872128,16.45139822665045,16.201710064796206,18.12039866375201,16.6638003395758,22,19.219814256306364,16.128771897388923,15.82970012405843,17.743615001132998,16.21109032488211,1.0,1.2432432432432432,1,3,15,21,35,15,21,0.6818181818181818,2026-01-08 06:04:01,2026-06-28 21:50:02,411976.69444444444,308087.0,3542.0,334853.75760914065,14831161.0,2.494747208613863e-06,0.8127958433785933,19,1,17,19,1,211.31578947368422,215.0,125.44545190443841,10.781494731984674,10.813800452723747,0.5263157894459833,0.47368421050138504,14,16,3,2.788308822454333,2.89357198034907,19,19,2.0887894736842103,0.145,1.4615384614260354,1,36,15,21,0.001468878091898316,0.0016294558279303544,0.11428571428571428,0,179,299
W0000065,33,19,18.60773594601517,15.663297116140349,15.409590944982142,16.536226410000147,15.464767944870502,15,18.764775313784238,16.056725211922686,15.65245735974493,17.554672181701363,16.139313706059518,1.0,1.303030303030303,1,4,18,15,33,18,15,1.125,2026-01-04 02:01:50,2026-06-24 23:31:24,464117.9375,407742.0,2095.0,449090.0223703941,14851774.0,2.2219566348130107e-06,0.9676183971062247,16,1,16,16,1,280.6875,324.5,142.3847926102597,10.645567744205252,10.787151781583189,0.5624999999648438,0.43749999997265626,12,16,4,2.6875,2.9375,16,16,2.5171875,0.629,1.454545454413223,1,33,18,15,0.0014564723228380136,0.001261557190376566,0.10037878787878787,0,179,253
W0000066,35,22,19.618009555759482,16.52696716582113,15.973980446874153,18.017905689403563,16.71416842487466,14,20.10395521213866,17.46489790667281,16.73288615794009,18.87604956108806,17.68835535730993,1.0,1.5714285714285714,1,3,21,21,42,21,21,0.9545454545454546,2026-01-11 13:47:22,2026-06-28 03:45:50,425856.1176470588,398980.5,19408.0,389206.59934692504,14479108.0,2.417275814416481e-06,0.9139370535764794,29,1,23,29,1,223.20689655172413,232.0,144.3825225153023,11.302463659311961,11.145507304498967,0.5172413792925089,0.48275862067300834,19,22,4,3.010634247451883,3.1531284285982695,29,29,2.3710689655172414,0.079,1.8124999998867188,0,42,21,21,0.001754399549925317,0.002421301092502054,0.09872241579558652,0,179,336
W0000067,48,27,20.075642734603928,16.77980591828542,16.038682461763106,18.68141274623521,17.142568823390953,22,20.122967210693478,17.031924795611083,16.743112614623538,18.301032678959466,17.014844004526207,1.0,1.2291666666666667,1,4,26,20,45,26,20,1.2380952380952381,2026-01-02 22:05:41,2026-06-28 10:11:17,324466.72340425535,232962.0,28290.0,286675.39658165275,15249936.0,3.147553986616469e-06,0.8835251579846141,28,1,26,28,1,221.96428571428572,212.5,97.0282441288626,11.337750311696707,11.184643595532714,0.49999999998214284,0.49999999998214284,18,24,5,2.7927770945095265,3.1487576210093975,28,28,2.5219285714285715,0.38,1.5555555554691358,0,46,26,20,0.0021977438350045263,0.0027389930958105256,0.10202020202020202,2,140,311
W0000068,37,22,19.372325156252717,16.28128278397657,16.017634723800608,17.32321034308216,16.106236263435726,16,19.624675111045825,16.85208643380507,16.41666061434342,18.161917035695748,17.028178757764618,1.0,1.3243243243243243,1,4,21,16,36,21,16,1.2352941176470589,2026-01-01 06:59:53,2026-06-23 16:17:20,416129.0833333333,330626.5,31232.0,334671.35199888906,14980647.0,2.4698531064877836e-06,0.8042469540247268,23,1,22,23,1,262.9130434782609,265.0,122.86167870764936,11.07507145366006,10.772959176432687,0.43478260867674856,0.5652173912797731,14,20,5,2.61907978760712,3.0009728252459746,23,23,2.3163043478260867,0.164,1.4374999999101563,0,37,21,16,0.00173687658937734,0.0018437169318761737,0.1111111111111111,2,140,295
W0000069,50,29,19.772575337066048,16.405279579529452,15.995131428605378,17.960359053110125,16.451453001566644,22,19.544896303606325,16.453853918478526,16.418217132154933,17.163218551378492,15.857053675260001,1.0,1.1,1,4,28,21,48,28,21,1.2727272727272727,2026-01-03 10:23:18,2026-06-26 14:03:15,307077.48979591834,219232.0,1461.0,303823.6235699452,15046797.0,3.322966122094548e-06,0.98940053981594,46,1,41,46,1,232.7391304347826,219.0,146.24506598060495,11.646914252973534,11.63930257664829,0.47826086955482044,0.5217391304234404,21,37,5,2.947528419724705,3.5361843747441224,46,46,2.591304347826087,0.182,1.7037037036406035,1,49,28,21,0.002533509326686076,0.0037469600868826124,0.10195035460992907,1,177,335
W0000070,37,21,19.01137415240145,15.96685182546663,15.630961488391344,17.24024873465802,15.893376550476024,17,19.001926055219048,16.168712800635074,15.812457732858872,17.38171216322076,16.014448828496903,1.0,1.2432432432432432,1,4,20,17,37,20,17,1.1111111111111112,2026-01-09 13:01:11,2026-06-28 22:54:33,408988.94444444444,280237.5,6205.0,391152.3476676826,14723602.0,2.5129718588581885e-06,0.956386221668624,25,2,21,25,1,220.88,213.0,126.2062861614534,11.076650572468534,10.886464497605314,0.6799999999728,0.3199999999872,16,20,5,3.2125857335879804,3.455616304948694,25,25,2.5027600000000003,0.046,1.3888888888117283,0,37,20,17,0.0017864231505690096,0.0018909627402974342,0.07807807807807808,1,177,281
W0000071,47,24,20.0025274847296,16.82447370166852,16.495227571785325,18.046115140883714,16.867570634658268,24,19.976445384730074,16.798391602918556,16.14911014074527,18.524305002187244,17.183522013056784,1.0,1.1914893617021276,1,4,23,24,47,23,24,0.92,2026-01-02 12:42:50,2026-06-26 14:52:10,328864.347826087,267076.5,7919.0,333641.6955304809,15127760.0,3.106870871373497e-06,1.014523718403192,35,1,30,35,1,255.31428571428572,258.0,133.3105113521615,11.479223893297213,11.470904835707616,0.342857142847347,0.6571428571240817,19,24,4,2.705968569835566,2.8596098198664732,35,35,2.3448857142857142,0.221,1.52173913036862,0,47,23,24,0.0020644797119221316,0.0029408575069130583,0.09805735430157261,2,140,323
W0000072,55,36,19.81337332026936,16.229854468755192,15.836372654558522,17.448949947500758,16.220211756412333,20,19.363112206217266,16.36738000670232,15.86387059805912,17.89484795724913,16.509083040957286,1.0,1.2,1,3,33,20,52,33,20,1.5714285714285714,2026-01-08 19:20:51,2026-06-29 02:45:15,274093.77777777775,209359.0,433.0,270458.0112793758,14801064.0,3.7159488185478547e-06,0.9867317191232645,42,1,35,42,1,256.07142857142856,234.0,151.76416120803256,11.754168232815609,11.565726621961357,0.5714285714149661,0.42857142856122454,20,28,5,2.9072660390523093,3.2066740066039907,42,42,2.3723809523809525,0.206,1.6153846153224851,0,53,33,20,0.003063083935593545,0.003757839712867861,0.08748114630467571,1,177,279
W0000073,43,28,20.02000900766288,16.687804552036365,16.18311427557777,18.34553037176538,16.880959802635875,16,20.260826665710542,17.4882379672899,17.294405191174636,18.68825820376498,17.3478786349196,1.0,1.1162790697674418,1,2,26,16,40,26,16,1.5294117647058822,2026-01-07 00:51:10,2026-06-27 17:46:29,353221.88095238095,202501.0,4176.0,342088.5509481643,14835319.0,2.898488202478949e-06,0.9684778914259586,35,3,30,35,1,289.85714285714283,315.0,123.5037848567791,11.405373661304653,11.395492368078132,0.45714285712979597,0.5428571428416327,19,26,5,3.323966472423381,3.8687282889802876,35,35,2.7142857142857144,0.024,1.590909090836777,0,42,26,16,0.0022339038438190257,0.0021425889284793823,0.10512820512820513,1,177,246
W0000074,45,18,19.35783705955292,16.467465368252594,16.035205280037765,17.849433057020217,16.411825312276704,27,20.10611184411837,16.810275026308812,16.48011351603934,18.013215927760072,16.6262310310512,1.0,1.4222222222222223,1,3,17,46,62,17,46,0.3617021276595745,2026-01-01 07:17:25,2026-06-27 16:11:05,348291.36363636365,293368.0,4739.0,275385.15690304706,15324820.0,2.93641276462544e-06,0.7906723938127,39,1,33,39,1,287.6923076923077,279.0,134.5769499787651,11.633353887392454,11.54458884714549,0.46153846152662725,0.5384615384477318,20,27,5,2.9727496701465888,3.264370660657702,39,39,2.508179487179487,0.044,1.7727272726466943,0,63,17,46,0.0016490941611155096,0.004178529910799366,0.0898995240613432,2,140,441
W0000075,62,38,20.063685120126454,16.426099031957374,15.47883960248165,18.53595581061535,16.8613795920172,25,20.067515981254175,16.84864020262405,16.168868229797056,18.737009520772027,17.199817688135973,1.0,1.2419354838709677,1,3,36,23,58,36,23,1.5,2026-01-02 01:44:01,2026-06-24 18:00:32,245996.5737704918,173315.0,996.0,223937.00834895953,15005791.0,4.131737931593348e-06,0.9103220203215739,43,1,33,43,1,247.27906976744185,226.0,150.62114655515757,11.612300100943257,11.659067014309427,0.4651162790589508,0.5348837209177935,21,29,5,3.076748005802205,3.3047670810863545,43,43,2.6940465116279073,0.141,1.5925925925336077,1,59,36,23,0.002948010137267404,0.00454848228419376,0.09739866908650938,2,140,322
W0000076,43,29,19.969406773387885,16.6021110029066,16.153264995311805,18.282601184077794,16.808019808822294,15,20.528335374555184,17.820285190466144,17.287346784644313,19.337689230179226,18.0282181248076,1.0,1.4186046511627908,1,4,28,28,55,28,28,0.9655172413793104,2026-01-11 05:45:32,2026-06-24 10:14:05,337755.0714285714,222877.5,12189.0,395873.6362244035,14185713.0,3.0312185907596896e-06,1.172069637564229,21,3,20,21,1,207.23809523809524,134.0,143.25742729851905,10.978063263375997,10.893177433980052,0.3809523809342404,0.6190476190181405,14,20,4,3.014041912081807,3.6621200299121313,21,21,2.1210476190476193,0.159,1.7499999998541667,0,56,28,28,0.002317694656630317,0.0038680960364702935,0.07878787878787878,2,140,345
W0000077,53,28,20.046981232631694,16.714776775553545,16.466852091134506,18.171190483721922,16.74175873584662,25,19.695341566192365,16.476465808410342,16.121155764032686,17.733006897334967,16.230971734931906,1.0,1.2075471698113207,1,4,26,25,48,26,25,1.0,2026-01-02 18:22:31,2026-06-28 03:25:20,293057.0961538461,213481.5,3621.0,270244.90558912104,15238969.0,3.477925345348144e-06,0.9221547165421122,31,1,28,31,1,230.58064516129033,230.0,138.2424860389763,11.256522397210913,11.301475773184276,0.4516129032112383,0.5483870967565037,18,22,3,2.917669495766062,3.083228568451392,31,31,2.5334516129032254,0.009,1.2916666666128471,0,51,26,25,0.0024576631127190772,0.0037453278384563184,0.08333333333333333,0,179,338
W0000078,47,27,19.758151014952347,16.46231421720033,15.908036375942302,17.835321678045954,16.46712092133947,21,19.697145615632234,16.652623233713197,16.453088722725813,17.761347725916448,16.491922140436092,1.0,1.1063829787234043,1,3,25,21,43,25,21,1.1363636363636365,2026-01-03 11:44:37,2026-06-30 05:38:07,333852.39130434784,203114.5,1258.0,375549.58819678775,15357210.0,3.060451536415043e-06,1.1248937347304906,45,1,41,45,1,213.0888888888889,197.0,149.950419415313,11.782402832767163,11.658902834108325,0.48888888887802473,0.5111111110997532,21,33,5,3.0183733742007473,3.409652520314944,45,45,2.787933333333333,0.216,1.5517241378775268,1,46,25,21,0.002351729487944766,0.0027401196193790564,0.10188261351052048,1,177,308
W0000079,52,29,19.67760965427804,16.31031390395898,15.893320894952835,17.679894468488502,16.3428833260449,24,19.506682374800107,16.328628622091763,15.7040975401128,17.836633642160084,16.47349690082858,1.0,1.4230769230769231,1,3,25,36,58,25,36,0.6756756756756757,2026-01-12 15:44:34,2026-06-30 05:38:07,285592.4117647059,216384.0,1661.0,268462.8475391093,14565213.0,3.570150084990169e-06,0.9400176491476278,28,2,25,28,1,203.67857142857142,195.0,151.8142270138393,11.303894362944058,11.374433216192894,0.6071428571211734,0.39285714284311224,16,21,3,3.2603006122573355,3.4927925766975845,28,28,2.439107142857143,0.047,1.4736842104487535,0,61,25,36,0.0024015821731336673,0.004868773082280706,0.09376890502117362,0,179,398
W0000080,29,18,19.099627012173592,16.209255340493115,15.800045569612253,17.217918772938482,16.089597884301096,13,18.83831283982503,16.273363561396028,16.017614323788433,17.343227397663266,16.250978633239185,1.0,1.3448275862068966,1,3,16,13,29,16,13,1.1428571428571428,2026-01-02 04:35:37,2026-06-28 16:24:42,547690.8928571428,401462.0,7270.0,433938.7307418837,15335345.0,1.8910561261545713e-06,0.792304462419841,23,1,22,23,1,250.69565217391303,252.0,122.48207096350829,11.012413142479302,11.028092421478492,0.5652173912797731,0.43478260867674856,19,22,5,2.9574945643764092,3.1748244562893757,23,23,2.304869565217391,0.247,1.7692307690946745,0,29,16,13,0.001376477196065649,0.0011559554363793788,0.10591133004926108,0,179,250
W0000081,25,15,19.120902297026348,16.412852165430674,15.584293578649664,18.01388704866298,16.689176126756518,12,19.37029779342013,16.885391186189935,16.446900028832523,18.077738868275947,16.808810941615018,1.0,1.28,1,4,13,12,25,13,12,1.0,2026-01-18 21:19:42,2026-06-21 10:39:30,552799.5,326581.0,23750.0,719174.8189031287,13267188.0,1.8843479202715813e-06,1.3009662959840462,11,3,11,11,1,254.36363636363637,267.0,183.1956728349623,10.24473408831764,10.429576102968031,0.2727272727024793,0.7272727272066115,12,13,4,3.208987300258799,3.29989639116789,11,11,2.4152727272727272,0.525,1.09999999989,0,25,13,12,0.0012688874946039995,0.0008981694599239018,0.1,1,177,206
W0000082,53,34,19.89175289989004,16.36539245106798,15.410528094764633,18.07230267130344,16.634736803998713,21,19.787386066564366,16.74286367983005,16.181834195950284,18.240760449818207,16.89654561637188,1.0,1.1886792452830188,1,3,31,21,51,31,21,1.4090909090909092,2026-01-04 14:03:31,2026-06-24 07:39:27,283679.92307692306,231783.5,1599.0,252911.79100974847,14751356.0,3.5928897931220838e-06,0.8915361253994819,44,1,36,44,1,295.95454545454544,318.5,143.49539406682445,11.7512176934806,11.518639110962797,0.3863636363548554,0.6136363636224174,22,28,5,2.9837692608027537,3.26358455922031,44,44,2.3072045454545456,0.293,1.4193548386638917,0,52,31,21,0.0027242909028897355,0.0034116710737267667,0.09568627450980392,1,177,331
W0000083,43,25,19.704713964718113,16.485838206310273,16.125845344362347,18.255975225610662,16.69697649857168,18,19.990519619997972,17.10014789747519,16.451444837359553,18.558237840048097,17.188604242730513,1.0,1.0930232558139534,1,4,24,17,40,24,17,1.3333333333333333,2026-01-03 08:04:15,2026-06-28 15:35:00,362701.0714285714,241639.0,8825.0,414468.0176092554,15233445.0,2.8227362344672374e-06,1.1427230508411321,34,1,28,34,1,209.5,192.5,139.79535909407875,11.538144768103075,11.287441677438123,0.7352941176254326,0.26470588234515574,18,23,5,2.9294014572307967,3.0986628543532513,34,34,2.069235294117647,0.005,1.4166666666076388,0,41,24,17,0.002271242060734713,0.0024636842778383763,0.06794871794871794,1,177,259
W0000084,39,22,19.511456221543384,16.420413838735797,16.09458124151395,17.623669926851843,16.328296117978507,18,19.37493798356213,16.484566291132637,16.218618765233515,17.635282673185912,16.4452550638598,1.0,1.1282051282051282,1,4,20,16,36,20,16,1.1764705882352942,2026-01-03 20:43:16,2026-06-30 08:55:40,403598.5263157895,268304.5,7695.0,384545.6060771323,15336744.0,2.542912462846582e-06,0.952790033198035,29,1,24,29,1,232.0344827586207,221.0,135.96125570980578,11.107675333752876,11.068854654550838,0.5172413792925089,0.48275862067300834,16,19,4,2.8111449111175286,2.949075945600288,29,29,2.0917857142857144,0.074,1.5263157893933519,0,36,20,16,0.0018937464298928878,0.0016754016069404042,0.10158730158730159,0,179,272
W0000085,45,26,19.941771552802038,16.683675069398916,16.54118349578684,18.145127512165594,16.64086343783283,21,19.32767423410421,16.283151877128034,15.543327595025088,17.997884693915505,16.643515965952258,1.0,1.3777777777777778,1,4,22,26,45,22,26,0.8148148148148148,2026-01-02 14:10:14,2026-06-30 09:03:02,351072.0,230350.5,2320.0,335448.11084563733,15447168.0,2.913155154837757e-06,0.9554939025377552,38,1,31,38,1,233.68421052631578,249.0,139.930311856963,11.54007359688924,11.473123783087292,0.4473684210408588,0.5526315789328256,22,28,5,3.002512233097378,3.2526582826547097,38,38,2.693157894736842,0.125,1.6521739129716446,0,48,22,26,0.0022892868234539675,0.0035626787229592624,0.09090909090909091,1,177,373
W0000086,33,22,19.702769669274982,16.61172727418266,15.994385698278343,18.34713422031077,17.016581066351396,11,19.362654356963496,16.96475912315089,15.917519039958975,18.56883270452922,17.410146446947678,1.0,1.2121212121212122,1,4,21,11,32,21,11,1.75,2026-01-08 02:57:35,2026-06-28 04:00:20,461817.65625,301568.0,6860.0,393530.19237677794,14778165.0,2.23302404371422e-06,0.8521314309219787,26,2,20,26,1,185.80769230769232,141.5,144.5320778874418,11.269719502618965,11.064182223500781,0.46153846152071004,0.5384615384408284,15,18,5,3.111551779000729,3.3101415718251395,26,26,2.696730769230769,0.225,1.857142857010204,0,32,21,11,0.002015359634040808,0.0012917540616819141,0.1028225806451613,0,179,199
W0000087,34,19,19.34196042629179,16.39752151876704,15.85014260832325,18.35437083082598,16.852780465427685,15,20.30727291537409,17.59922273549413,16.76090218847745,19.20018569628191,17.88855132464389,1.0,1.1470588235294117,1,3,18,15,31,18,15,1.125,2026-01-05 11:58:24,2026-06-28 06:57:01,455015.6666666667,365964.0,69.0,390670.6772348888,15015517.0,2.264324147858236e-06,0.858585423028216,20,2,18,20,1,243.55,275.0,137.172758919086,10.875440023235184,10.94593505120364,0.6499999999675,0.3499999999825,15,18,3,3.202358000932091,3.442091859889594,20,20,2.44315,0.368,1.5384615383431952,2,33,18,15,0.0018169431493993233,0.001539738889037857,0.09247311827956989,2,140,235
W0000088,36,19,19.421744894788493,16.47730598176992,15.756882281069627,17.858453609417328,16.66688007066819,18,19.364515185053527,16.47414349330995,16.133821252980066,18.001567380689142,16.50779693113498,1.0,1.2777777777777777,1,4,18,18,35,18,18,0.9473684210526315,2026-01-12 21:20:56,2026-06-21 04:08:50,393202.1142857143,257174.0,299.0,508943.26854119834,13762074.0,2.6158845958912446e-06,1.2943520792446812,18,1,18,18,1,237.0,255.5,146.3392512984409,10.695189643065287,10.6550215587958,0.38888888886728395,0.6111111110771605,14,18,4,2.684771938731434,3.0294069451656,18,18,2.6143888888888887,0.547,1.3846153845088758,0,36,18,18,0.0015937833425129868,0.0018536315927292267,0.0957983193277311,0,179,314
W0000089,40,13,19.3545341335178,16.789584823220615,16.65553337075635,17.533661879954142,16.362156113078296,27,19.07905845147424,15.783221720069431,15.18272785350441,17.161536644275795,15.682889063546742,1.0,1.15,1,2,13,32,45,13,32,0.3939393939393939,2026-01-07 21:11:25,2026-06-27 03:25:29,377190.8717948718,321121.0,46.0,370039.9423876023,14710444.0,2.7191563545494377e-06,0.9810390150422993,35,1,27,35,1,258.77142857142854,224.0,132.65725090807283,11.363682721495554,11.23919889327994,0.3714285714179592,0.6285714285534695,18,24,4,2.8346533382421324,3.039860880764994,35,35,2.882857142857143,0.548,1.590909090836777,1,45,13,32,0.0014353161259843218,0.0024712179214298174,0.08585858585858586,0,179,394
W0000090,42,29,19.97120351782057,16.603907747232466,15.831753613591674,18.24408163467927,16.856346166624252,15,19.67101164021335,16.96296147920854,16.272064971483832,18.39087629114119,17.138755307899523,1.0,1.2142857142857142,1,3,26,15,41,26,15,1.625,2026-01-05 13:25:57,2026-06-29 03:53:02,367942.0731707317,226798.0,8248.0,513881.0519173377,15085625.0,2.78410720244556e-06,1.396631950396545,36,1,33,36,1,246.86111111111111,266.5,136.75319850587516,11.540394706959773,11.60145818413178,0.5833333333171297,0.4166666666550926,19,30,5,2.896509612312497,3.3905180562767105,36,36,2.720388888888889,0.404,1.7142857142040817,0,41,26,15,0.0024526727898011923,0.002164193533156999,0.1048780487804878,2,140,273
W0000091,50,24,19.82483001817657,16.646776244311077,16.19859948306687,18.327456572918102,16.8154234066086,26,19.77186759289775,16.513771119609455,16.161276301660823,17.684983701969543,16.373842638484785,1.0,1.12,1,3,24,26,48,24,26,0.8888888888888888,2026-01-02 15:17:35,2026-06-27 09:38:24,309919.36734693876,194012.0,3709.0,308807.668922455,15186049.0,3.292495415200134e-06,0.9964097279762251,53,1,40,53,1,244.56603773584905,251.0,161.79230625355677,11.804467577870907,11.903879122783371,0.5660377358383767,0.43396226414275546,22,33,5,3.0546441899315475,3.4123158595370033,53,53,2.5679245283018868,0.333,1.7096774192996878,0,50,24,26,0.002267710540819729,0.0036570802950163244,0.09308510638297872,0,179,334
W0000092,46,27,19.929286598435706,16.6334497899481,15.960556653928881,18.44309586747128,16.936029069847628,23,20.81693616656744,17.681441970671116,17.310574653893035,18.496750610332427,17.35384309609723,1.0,1.2608695652173914,1,4,23,22,44,23,22,1.0,2026-01-03 08:04:15,2026-06-29 09:37:56,339964.9111111111,227551.0,34620.0,287196.13793592365,15298421.0,3.006846065561533e-06,0.844779222120477,30,1,26,30,1,275.06666666666666,283.0,153.93974041215256,11.279542165925827,11.310576695662721,0.49999999998333333,0.49999999998333333,16,22,4,2.840863839434868,3.0949490477321433,30,30,2.3592,0.17,1.499999999925,0,45,23,22,0.002188621453370256,0.0030908238187026885,0.07610993657505286,2,140,321
W0000093,42,25,19.10876844188857,15.88989273762904,15.318837450960805,17.192964959325884,15.947824822755393,17,19.174435746187623,16.341222477426786,16.282214285245825,17.16586478952277,16.023113820688042,1.0,1.2619047619047619,1,4,24,17,41,24,17,1.3333333333333333,2026-01-08 08:37:15,2026-06-18 09:52:05,339387.56097560975,208043.0,18298.0,341296.4665763512,13914890.0,3.0183491915243894e-06,1.0056215966597606,35,1,27,35,1,280.9428571428571,292.0,129.211851317936,11.559828134656447,11.472030551124757,0.4857142857004082,0.5142857142710204,19,24,4,2.785705359888581,3.1486498587758582,35,35,2.537257142857143,0.294,1.590909090836777,0,41,24,17,0.0020932279381859053,0.001942464731251523,0.1048780487804878,0,179,251
W0000094,58,33,20.10123813543978,16.604730633579734,15.915441255931206,18.1571885365964,16.747301593579646,25,19.724979280056186,16.506103520315058,16.146681164173746,17.757508842002437,16.322557960782166,1.0,1.6551724137931034,1,4,32,48,79,32,48,0.6530612244897959,2026-01-02 16:11:07,2026-06-30 22:53:10,271749.5263157895,165743.0,350.0,265500.4363438777,15489723.0,3.7444179121590544e-06,0.9770006334241692,35,1,28,35,1,214.22857142857143,169.0,131.14721986115802,11.3785136849184,11.557956190344532,0.6285714285534695,0.3714285714179592,20,24,5,2.9809692661104847,3.1060390875699637,35,35,2.1898,0.006,1.4583333332725694,0,80,32,48,0.0027456127518588813,0.0077869518719418905,0.08568646543330087,2,140,435
W0000095,31,15,19.558710607805413,16.850660451566164,15.54507701985206,18.157864745468427,16.973022528464135,16,19.29027091132223,16.51768225195094,16.277009326832307,17.613421150250975,16.34834117291357,1.0,1.3225806451612903,1,3,15,14,29,15,14,1.0,2026-01-02 06:40:52,2026-06-21 23:18:29,491595.23333333334,425314.0,27395.0,425279.1826738082,14747857.0,2.1020001684312394e-06,0.8650985378593046,27,1,24,27,1,210.96296296296296,174.0,154.79005172801033,11.178850352948738,11.018432402491797,0.5555555555349794,0.44444444442798353,15,21,5,2.7387652739393338,3.0811474547854387,27,27,2.305111111111111,0.164,1.79999999988,0,29,15,14,0.0013033632438553297,0.0010381397627515587,0.08374384236453201,0,179,233
W0000096,47,27,19.54771184227525,16.25187506050929,15.84984646425412,17.754223886546693,16.28076107539901,24,19.567940050036963,16.38988629271534,16.06183567457901,17.74275439655684,16.458897944245546,1.0,1.2765957446808511,1,4,23,24,47,23,24,0.92,2026-01-02 15:41:46,2026-06-26 15:43:32,328697.95652173914,239564.0,2904.0,319291.82415645034,15120106.0,3.1084436108818542e-06,0.9713807051143875,34,1,27,34,1,230.97058823529412,242.5,124.14958848443925,11.385330701354851,11.465162772770642,0.4705882352802769,0.5294117646903115,19,25,4,2.826157186745538,3.2202020088604635,34,34,2.3525882352941174,0.172,1.7894736841163434,0,47,23,24,0.0021258665616899863,0.0030736278984140283,0.08973172987974098,0,179,332
W0000097,45,22,19.682457924939335,16.591415531042596,15.997993058458759,17.827811311645366,16.718212868919217,23,19.680599142616582,16.545104989096412,16.07842944658856,17.594839785584927,16.425266630465988,1.0,1.2666666666666666,1,4,21,23,42,21,23,0.875,2026-01-09 23:00:54,2026-06-30 19:16:11,337439.0227272727,228979.5,9686.0,308375.3336248788,14847317.0,3.0308504202577193e-06,0.9138670959434924,31,1,28,31,1,249.0,217.0,132.55338547166573,11.360473341778551,11.26271899410633,0.5483870967565037,0.4516129032112383,18,23,4,2.909762640997142,3.174599969674673,31,31,2.492290322580645,0.012,1.5499999999225,0,44,21,23,0.001799753074151914,0.0025161545790434534,0.10104529616724739,1,177,314
W0000098,50,29,19.521131774431485,16.153836037606883,15.051349984901448,17.991324363719777,16.578250517953258,23,19.365272271575627,16.229778141190916,15.582753778215649,17.809989848351254,16.405190897134645,1.0,1.24,1,4,26,20,45,26,20,1.2380952380952381,2026-01-03 21:08:32,2026-06-27 18:20:15,308365.36734693876,250793.0,17183.0,280943.63366835506,15109903.0,3.3090878671366806e-06,0.911070931909605,33,2,30,33,1,205.33333333333334,182.0,156.09345491296767,11.484176135017572,11.401546876986838,0.4545454545316805,0.5454545454380166,20,28,5,3.4447176921456313,3.7517580331530618,33,33,1.8346060606060606,0.01,1.3749999999427083,0,46,26,20,0.002422136163411831,0.002965026685047196,0.07676767676767676,2,140,311
W0000099,42,29,20.008231265479992,16.64093549273272,15.571843174905856,18.64586719113311,17.12477295573699,15,20.255084019193895,17.54703384045091,17.495899116231495,18.602179887657364,17.40733502794707,1.0,1.380952380952381,1,3,25,19,43,25,19,1.25,2026-01-02 22:41:26,2026-06-25 09:18:13,365497.73170731706,212338.0,729.0,353913.8294430598,14985407.0,2.8027264923317403e-06,0.968303850987001,40,2,31,40,1,293.2,323.0,144.2553291909869,11.58762469087043,11.631783478186698,0.47499999998812503,0.5249999999868751,21,26,4,3.4174932215375398,3.6945905601320104,40,40,2.6042,0.218,1.6666666665972223,0,44,25,19,0.002323224549000399,0.0025940259729761686,0.08416389811738649,1,177,287
W0000100,37,20,19.554869819860716,16.55913760742647,15.87210297272688,17.815097124566964,16.592896162591682,17,19.362252602038044,16.529039320384115,15.49771610183953,18.08746942076903,16.85395359378007,1.0,1.135135135135135,1,2,20,17,35,20,17,1.1111111111111112,2026-01-02 11:55:33,2026-06-16 08:25:14,395649.47222222225,222785.5,9538.0,410186.642388663,14243381.0,2.5976976535488553e-06,1.0367399287679262,23,1,17,23,1,254.6086956521739,223.0,137.77311359637454,10.893010158616534,11.092169038293106,0.608695652147448,0.39130434780907375,14,16,4,2.6084227224837924,2.6953792442229236,23,23,2.426478260869565,0.316,1.4374999999101563,0,37,20,17,0.001752326887886544,0.0018657617003899909,0.08067226890756303,1,177,264
W0000101,41,18,19.673171095291053,16.78279938597956,16.166265432253894,18.726290355939188,17.227296292194577,23,19.38187265530749,16.246378523514426,15.841560948398095,17.92068974640377,16.44659570703817,1.0,1.3902439024390243,1,3,17,35,52,17,35,0.4722222222222222,2026-01-01 05:23:15,2026-06-30 03:52:05,388663.25,230547.5,1176.0,391419.49488671584,15546530.0,2.6372442829850593e-06,1.0070890103391703,27,2,24,27,1,229.1851851851852,194.0,131.3840632640507,11.173191916046644,11.07855149336457,0.5185185184993141,0.48148148146364883,16,25,4,3.2901143532140353,3.6884435199608308,27,27,2.5384444444444445,0.414,2.076923076763314,0,52,17,35,0.0015272958001112513,0.003262296360807252,0.0784313725490196,1,177,409
W0000102,42,27,19.847357201251423,16.551520397674548,15.52221346557825,18.653698480646494,17.081088801743647,15,19.285502848174254,16.577452706029746,16.22275625173286,18.005050202458143,16.60639854318147,1.0,1.3333333333333333,1,6,27,13,39,27,13,1.9285714285714286,2026-01-01 17:01:52,2026-06-28 20:51:35,375438.60975609755,303475.0,11410.0,309606.2363843692,15392983.0,2.7285157965473103e-06,0.8246498993153741,37,1,32,37,1,270.3243243243243,284.0,151.88209133953112,11.440698798972878,11.516837801790144,0.4324324324207451,0.5675675675522279,20,28,5,2.9103900340664133,3.28040235849015,37,37,2.753216216216216,0.042,1.4799999999408,0,40,27,13,0.002180460754872943,0.002035777300849945,0.09041835357624832,1,177,254
W0000103,46,25,19.890014655415936,16.671138885766617,16.151178043881732,18.175290280009005,16.8419173096241,22,19.835249765194963,16.744207362873013,16.42684568953323,18.3749603342617,16.87402606192681,1.0,1.2173913043478262,1,3,24,21,45,24,21,1.0909090909090908,2026-01-03 04:03:45,2026-06-24 10:14:05,330733.77777777775,244516.0,4719.0,317017.38864846976,14883020.0,3.090770348304958e-06,0.9585245034662645,22,2,21,22,1,252.22727272727272,228.0,170.63018541031997,10.630287087057917,10.990600644811217,0.5909090908822314,0.40909090907231405,16,18,5,3.2643617818647725,3.3724274069139426,22,22,2.208,0.012,1.3749999999140625,0,45,24,21,0.002076218118935654,0.0026188597779707927,0.08686868686868687,2,140,316
W0000104,34,17,19.649360201745708,16.816146904518103,16.5166361055649,18.189706550531632,16.861707812718073,18,19.684494574693446,16.794122864834907,16.011157502603318,18.477397060637323,17.23984333903686,1.0,1.0294117647058822,1,2,16,18,34,16,18,0.8421052631578947,2026-01-02 05:33:27,2026-06-27 12:13:42,461527.7272727273,295376.0,2812.0,520883.90863393643,15230415.0,2.2323750053839633e-06,1.1286056053584177,26,2,23,26,1,204.07692307692307,194.0,137.53949922169213,11.21219867899764,11.258097729389394,0.5384615384408284,0.46153846152071004,15,24,5,3.1722865879079096,3.6963737052243917,26,26,2.1846923076923077,0.129,1.6249999998984375,0,34,16,18,0.0014713664909829878,0.0015545883204672883,0.08912655971479501,1,177,270
W0000105,38,23,19.50018015299367,16.364686011812942,15.415671774602155,18.009470670084823,16.70058771525953,16,19.075424539255568,16.302835894952057,15.769911486682998,17.349015996781155,16.260761690022854,1.0,1.2105263157894737,1,4,21,16,36,21,16,1.2352941176470589,2026-01-09 05:21:35,2026-06-23 11:02:16,385849.75675675675,288767.0,17379.0,309597.69702177885,14276441.0,2.6617276209296408e-06,0.8023768039852559,29,1,26,29,1,264.0344827586207,245.0,146.93110211413003,11.257478222651805,11.17780231791831,0.41379310343400716,0.5862068965315101,18,23,4,2.9891667905926322,3.1745958854575203,29,29,2.360896551724138,0.122,1.9333333332044444,0,37,21,16,0.0019530692707617598,0.0018404292860264744,0.0746031746031746,0,179,280
W0000106,47,29,20.433234408250517,17.065938615685187,16.30961370669076,18.692020515467156,17.376411466512526,20,19.190321662034666,16.19458947648475,16.238895819377543,17.394073457746458,15.918111237365034,1.0,1.2765957446808511,1,3,26,22,46,26,22,1.1304347826086956,2026-01-05 16:01:02,2026-06-25 21:13:34,321590.26086956525,190289.0,1705.0,322779.62398807955,14793152.0,3.1771455348295255e-06,1.0036952593652608,39,2,32,39,1,251.53846153846155,246.0,162.877229540639,11.490771876328788,11.549459880948199,0.46153846152662725,0.5384615384477318,19,29,3,3.2774018886870806,3.757018229884396,39,39,2.2824358974358976,0.025,1.6956521738393195,0,48,26,22,0.00253407400890931,0.0031627208532266325,0.08502415458937199,1,177,299
W0000107,43,25,19.329683168522557,16.110807440356584,15.803681848328287,17.628003881998872,16.21901730628936,18,19.874392229054276,16.98402051088733,16.062698684858027,18.3379114040601,17.103813687623784,1.0,1.3953488372093024,1,3,24,18,41,24,18,1.263157894736842,2026-01-06 06:49:20,2026-06-18 19:23:27,336391.59523809527,198598.0,637.0,410254.3541023716,14128447.0,3.043504849223354e-06,1.219570109181499,36,2,32,36,1,236.5,225.0,153.76763545780923,11.49086388816771,11.484916860550916,0.5833333333171297,0.4166666666550926,21,29,5,3.2536651719243213,3.713503013773089,36,36,2.7529166666666667,0.044,1.4999999999375,1,42,24,18,0.0019680475077088555,0.002156581524352372,0.07560975609756097,2,140,255
W0000108,50,27,20.009974337160248,16.714137524214042,15.963626470415093,18.693083446587195,17.107692729656737,27,20.055619578304377,16.759782762990763,16.040947832380372,18.394632710443943,17.028091425321712,1.0,1.32,1,4,22,26,47,22,26,0.8148148148148148,2026-01-06 16:55:32,2026-06-30 11:23:04,308164.32653061225,280362.0,10090.0,234604.90125842317,15100052.0,3.3112466558892212e-06,0.7612955808482827,39,1,32,39,1,240.84615384615384,223.0,141.6176353985281,11.570259974415547,11.364205014722836,0.5897435897284682,0.4102564102458909,22,28,5,3.094561526070054,3.299689731198259,39,39,2.504410256410256,0.107,1.4444444443909465,0,48,22,26,0.0019999895240366485,0.003106046921737511,0.10730804810360776,1,177,336
W0000109,58,39,20.184691805818016,16.52113022480371,15.936970338378865,17.81500317704226,16.528690905235962,21,20.047657256038466,17.003134857619614,16.42059589007285,18.574338044945442,17.177219076687667,1.0,1.206896551724138,1,4,35,19,54,35,19,1.75,2026-01-02 10:02:45,2026-06-27 19:57:50,267405.350877193,141349.0,119.0,301308.542233852,15242105.0,3.80524843482915e-06,1.1267815489252484,42,1,38,41,1,229.6904761904762,212.0,141.2571583500587,11.551501739748469,11.629347574987271,0.5476190476060091,0.45238095237018144,22,30,5,2.992328503668103,3.244117423600737,42,42,2.452904761904762,0.045,1.4999999999464286,0,54,35,19,0.002895861092574224,0.0034719585502470908,0.09433962264150944,2,140,321
W0000110,40,21,19.787251058688515,16.742728671961085,15.990305687597196,18.199451995732055,16.847843970764956,21,19.824743051062523,16.780220662458547,16.13451461895411,17.92668727791149,16.82325770144866,1.0,1.225,1,3,19,21,40,19,21,0.8636363636363636,2026-01-01 04:19:52,2026-06-27 16:24:11,393237.41025641025,304587.0,29474.0,322550.58534198767,15336259.0,2.6081978265887512e-06,0.8202418098772937,37,2,32,37,1,250.59459459459458,213.0,144.307822891719,11.38114111680301,11.692033530694681,0.5405405405259314,0.4594594594470417,19,27,5,3.3070778776503147,3.6355071009448845,37,37,2.3442972972972975,0.025,1.6818181817417355,0,40,19,21,0.0016672413335486053,0.0023516550430468792,0.0858974358974359,1,177,326
W0000111,33,16,19.313656137458437,16.54106747663401,15.651758890524196,18.566615905782367,17.144237296934485,18,19.24693253857982,16.3565608550904,15.611253499288535,17.905563055775062,16.600820951456456,1.0,1.2424242424242424,1,4,15,18,32,15,18,0.7894736842105263,2026-01-02 14:58:21,2026-06-28 21:42:04,478656.96875,418282.5,7881.0,383838.02699084516,15317023.0,2.154465514972099e-06,0.8019046000492291,27,1,24,27,1,261.25925925925924,262.0,142.9186408126592,11.243083310646778,11.243934290961937,0.40740740739231823,0.5925925925706447,16,21,5,2.826818746201619,3.0902256954460507,27,27,2.6497307692307692,0.025,1.4999999999166667,0,33,15,18,0.0013531063796273553,0.0015329516566448165,0.09475806451612903,1,177,314
W0000112,52,27,19.812548375508126,16.516711574142537,15.83311805145385,18.25254665538579,16.736353132992495,26,19.796693626345682,16.538597151470107,15.795945728583234,18.25252868400762,16.757293104727616,1.0,1.1923076923076923,1,4,25,26,49,25,26,0.9259259259259259,2026-01-04 14:03:31,2026-06-28 21:27:43,296993.17647058825,185836.0,2086.0,289362.73500626895,15146652.0,3.433101689198267e-06,0.9743044070593921,26,1,23,26,1,293.46153846153845,303.0,130.92692030876788,11.134676611655303,11.166002812474174,0.42307692306065087,0.5769230769008876,17,19,5,2.8469404381715986,2.9238635150946752,26,26,3.5351538461538463,0.897,1.6249999998984375,0,51,25,26,0.0020850086009069676,0.003210627520393756,0.0824829931972789,2,140,331
W0000113,27,14,19.05391392576848,16.41485666516666,15.891938500813191,17.629166116907328,16.416837463149843,14,19.117623048908893,16.478565784047415,16.38957371979365,17.375817589127983,16.029929631576397,1.0,1.2592592592592593,1,3,13,12,25,13,12,1.0,2026-01-01 00:40:42,2026-06-30 22:01:03,601108.5,391668.0,7671.0,730592.3089763948,15628821.0,1.727577420742267e-06,1.2154063593677937,17,1,16,17,1,295.52941176470586,274.0,155.30901360153683,10.692989821338836,10.714795475190176,0.235294117633218,0.7647058823079584,13,14,4,2.6223587963054835,2.7862347293850673,17,17,2.970470588235294,0.385,1.8888888886790123,0,25,13,12,0.0012805440280200956,0.0009317904829682471,0.09,0,179,213
W0000114,41,26,19.687588566366742,16.429492098770595,16.12166975622787,17.931128136518794,16.367901096451412,16,20.613713259083305,17.841124553580205,17.43475570277114,18.868009952999223,17.626696291263247,1.0,1.1951219512195121,1,3,25,16,40,25,16,1.4705882352941178,2026-01-03 02:30:56,2026-06-27 10:24:20,378710.1,303293.5,7164.0,338419.53709429654,15148404.0,2.706555574662811e-06,0.8936087088397899,38,2,34,38,1,270.8157894736842,291.0,157.3414011019072,11.639399513018452,11.455020890468697,0.5526315789328256,0.4473684210408588,19,28,4,3.273508664600234,3.7193915310510954,38,38,2.6775263157894735,0.078,1.5833333332673611,0,41,25,16,0.002168616413775812,0.00213880120794539,0.08846153846153847,1,177,258
W0000115,51,28,19.889798845931843,16.55759439789129,15.850762919072878,18.37738660244328,16.96510939170758,23,19.68720895528174,16.551714801350414,16.158044368283015,17.678767598930172,16.36588494465291,1.0,1.196078431372549,1,4,28,21,48,28,21,1.2727272727272727,2026-01-08 01:44:02,2026-06-22 14:28:45,286037.66,194288.0,2412.0,278884.6231058321,14301883.0,3.5659637569427918e-06,0.974989265807049,32,1,28,32,1,240.21875,243.0,151.85046429979894,11.487843526602411,11.296360229016141,0.5937499999814454,0.4062499999873047,17,25,4,2.871258696099276,3.238204882778696,32,32,2.33625,0.017,1.3333333332777777,0,49,28,21,0.0024702320755421183,0.0031955862891379434,0.1099290780141844,0,179,302
W0000116,43,21,19.316313807887255,16.27179145183363,15.691275181686438,17.33518454211713,16.15907653657802,23,20.04052031112026,16.90502613873581,16.490260061324676,18.690747170469926,17.10841356030657,1.0,1.5116279069767442,1,4,20,36,54,20,36,0.5405405405405406,2026-01-01 06:06:49,2026-06-26 05:10:05,361976.09523809527,232344.0,4829.0,371754.51099982957,15202996.0,2.8283896918482585e-06,1.0270111448772832,26,1,23,26,1,269.84615384615387,285.5,145.58645330048873,11.176949105381675,11.174399120112454,0.46153846152071004,0.5384615384408284,18,24,5,2.799082019600643,3.220318176336633,26,26,2.5531923076923073,0.046,1.6249999998984375,0,56,20,36,0.0016444755042712244,0.0034882018953331134,0.08385744234800839,1,177,392
W0000117,44,21,19.760505112471904,16.715982727126814,16.490923993418534,18.621547994641727,17.092334698608067,24,19.772791641249285,16.59473787040087,16.325454435752683,17.60393496257051,16.32348066201536,1.0,1.2727272727272727,1,3,18,24,40,18,24,0.72,2026-01-05 06:07:23,2026-06-27 12:20:49,348130.37209302327,216953.0,4986.0,378760.0752635106,14969606.0,2.93928892054414e-06,1.0879803017646543,43,1,35,43,1,228.58139534883722,192.0,126.02800757468455,11.659878877926392,11.447063401670357,0.4418604651060033,0.558139534870741,20,29,5,2.8941417335634227,3.1805276694133147,43,43,2.3749302325581394,0.033,1.6538461537825444,0,42,18,24,0.0016606468127432846,0.0023118238056356235,0.09230769230769231,2,140,317
W0000118,40,23,19.575182757385043,16.439688610803074,16.240876222547882,17.730047859898196,16.349514172889815,20,19.010916601576337,16.015184433319686,15.949285147421493,16.84169909499864,15.519360334652347,1.0,1.3,1,4,20,20,40,20,20,0.9523809523809523,2026-01-05 10:48:31,2026-06-23 11:04:11,374424.10256410256,229276.0,2348.0,350658.38739132404,14602540.0,2.7392492854497037e-06,0.9365247815650672,24,1,23,24,1,263.7916666666667,228.5,149.5744628188122,10.999613419284296,11.092138575564253,0.6249999999739584,0.374999999984375,17,21,5,2.927694271103767,3.110087760732172,24,24,2.2242083333333333,0.073,1.5999999998933334,0,40,20,20,0.001673397333446814,0.002090896926007413,0.1,0,179,294
W0000119,45,23,19.86640246928528,16.730908305182847,16.242665206009175,18.344796988335762,16.885500179449465,23,19.95447910457856,16.818984936106656,16.65572440007841,18.027255030607805,16.62328342563077,1.0,1.1333333333333333,1,4,22,23,44,22,23,0.9166666666666666,2026-01-12 13:34:12,2026-06-25 23:15:49,322829.4772727273,231918.0,9159.0,311798.58883181476,14204497.0,3.168010583689758e-06,0.9658276116489684,24,1,21,24,1,227.125,218.0,119.0631226447259,10.960357284207447,10.935479153862342,0.5833333333090278,0.4166666666493056,18,21,4,2.953634114808694,3.110087760732172,24,24,2.7722916666666664,0.468,1.5999999998933334,0,45,22,23,0.002028113300255999,0.0028278803373996643,0.08879492600422834,1,177,312
W0000120,48,27,19.477190291210615,16.181353515599756,15.539930252872747,17.88020788536812,16.43639935862762,23,19.66032372052217,16.524829568280282,16.013972480584098,17.780778741614714,16.557441118693966,1.0,1.1666666666666667,1,3,24,21,45,24,21,1.0909090909090908,2026-01-01 20:10:58,2026-06-24 10:27:01,319118.3617021277,233139.0,285.0,318821.0948097235,14998563.0,3.200306375997062e-06,0.999065343792325,37,1,37,37,1,246.1891891891892,258.0,164.2178156930331,11.532943755283977,11.366291463996626,0.48648648647333825,0.5135135134996348,22,31,4,3.004720439354874,3.4053363111636163,37,37,2.1112702702702704,0.018,1.370370370319616,1,45,24,21,0.002364824464000994,0.0032867225686694433,0.08181818181818182,2,140,313
W0000121,43,26,20.048979467764216,16.79088297880853,15.668816733562029,19.128534786500293,17.484070318678032,18,19.598981397522024,16.70860969195209,15.766682695585848,18.842138780681083,17.366971878298255,1.0,1.3255813953488371,1,4,25,18,43,25,18,1.3157894736842106,2026-01-02 06:22:31,2026-06-29 16:02:45,367000.3333333333,311473.0,18723.0,311342.6593332746,15414014.0,2.789669012259298e-06,0.8483420387208619,37,1,31,37,1,249.56756756756758,217.0,134.05420556636793,11.437274764962067,11.480794758215843,0.48648648647333825,0.5135135134996348,22,27,4,3.097837831404651,3.213697851881022,37,37,2.817918918918919,0.076,1.4799999999408,0,43,25,18,0.0020728240700735507,0.0023120005943017925,0.07641196013289037,0,179,257
W0000122,43,24,19.704339359964347,16.526285593331444,15.973293437731956,18.47254334525398,16.923835696316164,22,19.013613539226903,15.922571201936409,15.805520022395037,17.19599455771915,15.838659722535372,1.0,1.4883720930232558,1,4,21,25,45,21,25,0.8076923076923077,2026-01-02 17:53:01,2026-06-28 19:24:07,364244.4285714286,264976.0,6139.0,338114.27598885907,15298266.0,2.8107758872295795e-06,0.9282594906268118,35,1,27,35,1,272.62857142857143,283.0,136.03829169290054,11.359517842340914,11.392293374609096,0.5142857142710204,0.4857142857004082,20,26,4,2.7507799524845664,3.2217843656153398,35,35,1.9138285714285712,0.024,1.590909090836777,0,46,21,25,0.001808535277593623,0.0029106726097909118,0.1,0,179,357
W0000123,42,22,19.662895477771407,16.571853085049334,16.034345441485744,17.60058384679905,16.575147042832768,23,19.627759535701493,16.492265385567663,16.16683657582028,18.024109374046432,16.56887837830871,1.0,1.3333333333333333,1,4,19,23,41,19,23,0.7916666666666666,2026-01-01 10:36:51,2026-06-27 17:47:12,373624.9024390244,292604.0,12157.0,328083.147179934,15318621.0,2.7417609756282254e-06,0.8781060013189986,47,1,40,47,1,241.06382978723406,195.0,159.9035584691624,11.661905657981547,11.741167994372262,0.5106382978614759,0.48936170211724767,23,35,5,3.0852558724018584,3.476606526833602,47,47,2.526617021276596,0.179,1.807692307622781,0,42,19,23,0.0016421394216480046,0.0025121043659389183,0.09390243902439024,1,177,336
W0000124,31,16,18.925689259101656,16.153100627386934,15.648512013503684,17.283453211597337,16.012395110844352,16,18.86576874074065,16.093180114616047,15.716678090466523,17.073007031367606,15.84120535937611,1.0,1.2903225806451613,1,4,15,16,30,15,16,0.8823529411764706,2026-01-03 21:43:15,2026-06-21 08:37:04,485147.63333333336,316851.5,4400.0,498241.38530341676,14554429.0,2.129935696554245e-06,1.026987094408834,18,1,15,18,1,246.83333333333334,230.5,157.96695484666853,10.84991944132227,10.724060021351312,0.6111111110771605,0.38888888886728395,12,15,3,2.675104514549948,2.8417711812166147,18,18,2.7928333333333333,0.876,1.3846153845088758,0,31,15,16,0.0014391152676714418,0.0012297665962411105,0.06436781609195402,0,179,231
W0000125,38,24,19.637804096533298,16.4597503342839,16.2138811723154,17.652765468790424,16.413252127632415,14,19.95358949829543,17.314532196748043,16.943869530656016,18.54759222825479,17.381566987771038,1.0,1.631578947368421,1,4,23,26,48,23,26,0.8518518518518519,2026-01-09 01:04:20,2026-06-28 21:50:02,398993.02702702704,280169.0,22222.0,352958.16812104004,14762742.0,2.574047384012578e-06,0.8846201802843815,42,2,33,42,1,229.3095238095238,236.5,149.02373163362813,11.467687484320034,11.60474775095687,0.3809523809433107,0.6190476190328799,22,29,5,3.4510758554561867,3.312055586312113,42,42,2.823857142857143,0.05,1.826086956442344,0,49,23,26,0.0020399538224375032,0.003533765136121994,0.08421985815602837,1,177,349
W0000126,37,17,18.848090001653546,16.014876761948777,15.697512234978442,17.133454909377306,15.960639606860438,21,19.792049875908123,16.74752748893656,15.621267766786156,18.23351088511311,16.950943682874808,1.0,1.2162162162162162,1,3,16,21,36,16,21,0.7272727272727273,2026-01-09 02:29:47,2026-06-30 19:09:23,414466.0,346137.5,22161.0,353844.1287443627,14920776.0,2.47976362088918e-06,0.8537329359016826,18,1,17,18,1,205.55555555555554,177.5,147.84977360671053,10.974248913048461,10.643041105910228,0.38888888886728395,0.6111111110771605,13,15,5,2.60824728589356,2.8417711812166147,18,18,2.9215555555555555,0.339,1.285714285622449,0,37,16,21,0.00148357259869213,0.0019683527608780798,0.07301587301587302,1,177,309
W0000127,44,21,19.710339136298,16.66581675364754,15.978299878010914,17.81830241057426,16.690372992334083,23,19.737828098492816,16.60233394150132,16.13376120293572,18.17922263786267,16.6819609618417,1.0,1.1136363636363635,1,3,20,22,41,20,22,0.8695652173913043,2026-01-15 04:13:04,2026-06-28 06:57:01,329754.3488372093,251911.0,5279.0,314089.9348104497,14179437.0,3.103084903647098e-06,0.9524938288886009,48,1,37,48,1,224.9375,223.0,144.07539489758,11.90932964658788,11.815175901597406,0.6041666666540799,0.39583333332508686,21,33,5,2.951400001014626,3.3301971674375452,48,48,2.488208333333333,0.082,1.8461538460828402,0,42,20,22,0.0022054333453588714,0.0028011936139239607,0.08292682926829269,2,140,302
W0000128,41,19,19.373010926433494,16.428572016718412,16.042378939323026,17.98223827593723,16.552401213894363,22,19.430985248385266,16.339942871489647,15.907309370600414,17.325718714972705,16.043718415670455,1.0,1.1219512195121952,1,3,19,22,39,19,22,0.8260869565217391,2026-01-02 19:35:20,2026-06-30 22:01:03,386858.575,342343.5,3104.0,328775.7006180141,15474343.0,2.649546888708174e-06,0.8498579894733486,30,2,26,30,1,214.56666666666666,169.0,158.86291712285032,11.392879871659586,11.412253938798534,0.5666666666477778,0.4333333333188889,19,25,5,3.4345095532567536,3.6930058033288686,30,30,2.4326999999999996,0.033,1.499999999925,1,41,19,22,0.0017040558855293741,0.00226156187499224,0.08906882591093117,0,179,297
W0000129,42,29,19.751228752627725,16.38393299665431,15.820034569117189,18.155025229257944,16.609152928929703,13,20.18562420139781,17.62067486447985,17.011637497978825,19.325328976182973,17.96370984618014,1.0,1.6428571428571428,1,4,26,29,54,26,29,0.8666666666666667,2026-01-01 16:31:26,2026-06-28 08:30:14,374398.243902439,232551.0,12949.0,457818.1015729817,15350328.0,2.7360977083943935e-06,1.2228072279234623,34,2,31,34,1,264.9117647058824,278.5,139.45073370235374,11.383283641013712,11.440817030868757,0.44117647057525955,0.5588235293953288,19,27,5,3.2857457540097106,3.6470461221021893,34,34,2.372558823529412,0.137,1.699999999915,0,55,26,29,0.0023633992394948753,0.003827103084560863,0.09084556254367575,0,179,351
W0000130,43,21,19.677240985102173,16.63271860430503,16.33377227402089,18.26772160895353,16.832582960796707,22,19.084749871042554,15.993707525782252,15.663603179301175,17.20934197741395,15.854949394962548,1.0,1.302325581395349,1,3,21,26,44,21,26,0.7777777777777778,2026-01-01 13:26:56,2026-06-23 14:33:36,355980.95238095237,170904.5,2131.0,426894.8038440173,14951200.0,2.876023136870409e-06,1.1992035017190363,33,1,29,33,1,238.0,193.0,154.6496039438834,11.285309426981462,11.12986254355045,0.4242424242295685,0.5757575757401286,19,26,4,2.9387314435628245,3.2683351278282657,33,33,2.4194242424242423,0.32,1.5714285713537415,0,47,21,26,0.001796130536793764,0.0030140966158677457,0.09619450317124736,0,179,402
W0000131,49,27,19.94630605240848,16.650469242950255,16.13919978386968,18.583920215297503,16.937000033924406,22,19.708300497171592,16.617258101757898,16.683761074321186,17.610497103978627,16.277219579564754,1.0,1.6122448979591837,1,4,27,41,66,27,41,0.6428571428571429,2026-01-01 10:33:46,2026-06-30 12:04:04,324112.875,273108.0,5368.0,308894.79360018874,15557418.0,3.1496226976981207e-06,0.9530440299730727,24,1,22,24,1,250.375,272.5,148.64688607276787,11.083341829453257,11.07654228122687,0.5416666666440972,0.4583333333142361,14,21,5,2.7869674481420277,3.125814583693911,24,24,2.593,0.065,1.26315789467036,0,68,27,41,0.002305740580733592,0.006199446219557432,0.0773892773892774,1,177,414
W0000132,44,28,20.05542476855236,16.72322031102777,16.178070414603845,18.514891537835208,17.003022190204458,18,19.258075850668874,16.36770416635492,16.29430167091865,17.19457633236063,15.99929614031587,1.0,1.25,1,4,25,18,42,25,18,1.3157894736842106,2026-01-04 16:58:52,2026-06-26 23:14:53,348133.9767441861,237622.0,2060.0,314473.5402160621,14969761.0,2.9392584865410685e-06,0.903309237000743,27,1,23,27,1,237.59259259259258,217.0,135.4361215479202,11.235259727793936,11.049778276520978,0.62962962960631,0.37037037035665293,16,19,5,2.667545041560089,2.937929857312731,27,27,2.640703703703704,0.096,1.4210526315041552,1,43,25,18,0.002334930925694063,0.002879649357559448,0.08130081300813008,2,140,283
W0000133,32,19,19.924329800115007,16.979890860965703,16.418445398540868,18.483775986564375,17.09752386127916,14,19.9265696522837,17.287512351505043,16.136744181168034,18.573503628363607,17.502145893840236,1.0,1.21875,1,4,18,13,30,18,13,1.2857142857142858,2026-01-02 09:37:50,2026-06-27 11:34:38,490755.0967741936,249760.0,40829.0,621385.476620718,15213408.0,2.1034075926046554e-06,1.2661798410761864,18,1,17,18,1,299.94444444444446,323.5,136.31989722371773,10.776014466969107,10.749076811237298,0.5555555555246914,0.44444444441975306,15,16,4,2.8417711812166147,2.897326736772171,18,18,2.517388888888889,0.966,1.3846153845088758,0,31,18,13,0.0019344852726794915,0.0014958708488203736,0.09425287356321839,1,177,268
W0000134,56,34,19.940803128697453,16.41444267624738,16.051751180074735,18.03465068088442,16.53027152208629,24,19.867538117932074,16.689484341705107,16.306510481000178,18.017609652897196,16.706200134595345,1.0,1.2857142857142858,1,4,32,24,55,32,24,1.28,2026-01-01 14:04:37,2026-06-30 13:51:40,282749.5090909091,267623.0,2066.0,231526.5689572287,15551223.0,3.601002724930205e-06,0.8188369658524257,35,1,29,35,1,257.2,280.0,112.59761777858253,11.37109688857732,11.447586623661888,0.42857142855918373,0.5714285714122449,21,25,5,3.057359008410669,3.211000258441576,35,35,2.490142857142857,0.005,1.590909090836777,0,56,32,24,0.0026372320161312432,0.00403320541482559,0.09225589225589226,2,140,334
W0000135,40,25,19.478582327046265,16.25970658550212,16.074799765558556,17.24296550589954,16.01732197479028,17,19.11022454513173,16.277011281364302,16.06433890370822,17.555178464054272,16.203827324811602,1.0,1.15,1,4,23,17,40,23,17,1.2777777777777777,2026-01-03 18:02:30,2026-06-30 19:16:11,394451.8205128205,231719.0,19899.0,362072.35263882583,15383621.0,2.600167892840841e-06,0.917910416176268,36,1,30,36,1,298.3333333333333,322.0,129.76440189820934,11.384262203742566,11.349300041180426,0.3888888888780865,0.6111111110941359,21,27,4,2.969358397004671,3.22187570237845,36,36,2.633611111111111,0.246,1.7142857142040817,0,40,23,17,0.0019781867257900004,0.002068325483775586,0.08717948717948718,2,140,267
W0000136,38,23,19.456165142741302,16.320671004924105,15.744196504156845,17.878809452107472,16.4677880466415,17,19.831768051653395,16.998554746617653,16.036740140269206,19.13687635202455,17.683880108875137,1.0,1.263157894736842,1,4,20,17,34,20,17,1.1111111111111112,2026-01-02 02:18:29,2026-06-30 06:59:24,418444.7297297297,322309.0,3332.0,362088.70160060754,15482455.0,2.454390957093629e-06,0.8653181903289522,27,1,26,27,1,227.66666666666666,203.0,138.1131086075133,11.309388443294937,11.21686169737939,0.40740740739231823,0.5925925925706447,18,24,5,2.9148722184639064,3.229295602933586,27,27,2.5078888888888886,0.009,1.3499999999325,0,37,20,17,0.0018157195082750366,0.0017983196262925359,0.0855614973262032,2,140,295
W0000137,43,20,19.669033625149343,16.673301406121,16.304517996346803,18.117856931772838,16.770590547831237,24,19.62968940802498,16.45163564633043,16.262514299246238,17.577808675284526,16.307047437833102,1.0,1.255813953488372,1,4,19,24,43,19,24,0.76,2026-01-11 20:33:11,2026-06-18 02:39:14,323494.35714285716,210203.5,2888.0,403880.29515559046,13586763.0,3.16484484458551e-06,1.248488691530849,27,1,23,27,1,249.2962962962963,268.0,162.78627205747532,11.230642126426895,11.205394364145754,0.44444444442798353,0.5555555555349794,14,19,5,2.710806477562909,3.002172223183764,27,27,2.543407407407407,0.246,1.3499999999325,1,43,19,24,0.0016325331862840405,0.002516814931427548,0.09856035437430787,1,177,361
W0000138,53,33,19.991616624919622,16.49510912996532,15.870459463932029,17.998388800384287,16.600922817469765,21,19.688845972031082,16.644323590577127,16.099999906109122,18.101321306555697,16.748159836231252,1.0,1.1320754716981132,1,4,30,21,51,30,21,1.3636363636363635,2026-01-02 14:10:14,2026-06-25 01:14:15,288212.32692307694,163685.0,15458.0,292035.144945337,14987041.0,3.5363883013072226e-06,1.0132603792581738,40,1,33,40,1,270.625,307.5,148.59852770433974,11.561648960250674,11.726834509168317,0.44999999998875007,0.54999999998625,21,28,5,3.012189999036047,3.247874411189464,40,40,2.65865,0.307,1.599999999936,0,51,30,21,0.0029083142914556764,0.0036328792937665565,0.0784313725490196,1,177,304
W0000139,46,21,19.81253372975291,16.768011341752327,15.933681706647581,18.169324994817764,17.012454192203123,26,19.67197785574742,16.413881389259288,16.284640744569053,17.375700137510645,16.044713982377854,1.0,1.173913043478261,1,3,20,23,43,20,23,0.8333333333333334,2026-01-07 10:16:51,2026-06-26 10:13:30,326395.5333333333,214780.0,2607.0,293661.537279941,14687799.0,3.1318509238960224e-06,0.8997078929758068,31,1,27,31,1,274.35483870967744,285.0,141.15064018914848,11.237488118934884,11.316642905319645,0.41935483869614987,0.580645161271592,20,24,5,2.910169399978499,3.135569092610045,31,31,2.2348387096774194,0.24,1.4090909090268595,0,43,20,23,0.0019520275267983808,0.0029000800751346804,0.08527131782945736,0,179,321
W0000140,23,10,18.746749342778056,16.444164314742018,16.098355642701527,17.43373670032299,16.250792046694652,13,18.802604659831243,16.23765538427534,15.889816560306933,17.224760133523247,16.038353528165253,1.0,1.2173913043478262,1,3,10,13,23,10,13,0.7142857142857143,2026-01-01 10:33:46,2026-06-26 09:23:43,691008.9545454546,404255.0,34999.0,682760.7891633774,15202197.0,1.5129391157778632e-06,0.9880621612933153,9,1,9,9,1,351.44444444444446,424.0,120.22386525884858,10.135432259803407,10.277324385186116,0.5555555554938272,0.4444444443950617,8,10,3,2.3627402784989338,2.584962500721156,9,9,2.856444444444444,0.191,1.124999999859375,0,23,10,13,0.0010851640568071987,0.0007903605545526736,0.09881422924901186,1,177,205
W0000141,52,31,19.94231899132487,16.508331852345886,16.187948152857153,18.06891453244917,16.569740905242586,23,19.54071079279554,16.405216648645784,16.266139119678417,17.300429962618043,16.04752636434316,1.0,1.0961538461538463,1,2,29,23,51,29,23,1.2083333333333333,2026-01-01 06:05:43,2026-06-27 18:49:47,300757.7254901961,165207.0,1513.0,367532.4904531342,15338644.0,3.39012996258796e-06,1.2220177148779503,50,2,42,50,1,231.16,262.0,140.67103903963246,11.843573631716666,11.654555227100891,0.599999999988,0.39999999999200003,24,36,5,3.5011191885631825,3.8703733624522694,50,50,2.4457,0.215,1.7857142856505102,0,52,29,23,0.002649554567375033,0.0037747734271753527,0.08470588235294117,1,177,298
W0000142,39,20,18.851463277544745,15.855731127490795,15.29516160114455,17.701482214638,16.139806236282414,22,19.351289009029372,16.26024663847695,15.501378444617501,17.932029181774244,16.57022583531375,1.0,1.2820512820512822,1,4,17,22,39,17,22,0.7391304347826086,2026-01-05 16:07:20,2026-06-29 13:56:01,397687.3947368421,273179.0,5923.0,471168.6818353504,15112121.0,2.58070971105183e-06,1.1847684973234676,36,1,32,36,1,261.75,224.0,141.37515946687986,11.411479499674993,11.465141794116422,0.5833333333171297,0.4166666666550926,18,26,5,2.792838382771735,3.0847765773363722,36,36,2.8785555555555558,0.006,1.8947368420055402,0,39,17,22,0.0015228855642291594,0.001991266099295951,0.08232118758434548,1,177,331
W0000143,36,22,19.90742452225345,16.816382116377753,16.075406184630868,18.36426532226067,17.06144146114167,14,18.927690954276738,16.288633702959647,15.874868071508427,17.472240278521035,16.21717436513733,1.0,1.2222222222222223,1,4,22,14,35,22,14,1.4666666666666666,2026-01-01 23:03:15,2026-06-28 10:02:32,438067.34285714285,401791.0,30621.0,285293.6839740186,15332357.0,2.3479754386115953e-06,0.6512538251755272,30,1,27,30,1,287.3333333333333,317.5,146.57852628477372,11.30646694118629,11.11636558733258,0.49999999998333333,0.49999999998333333,18,24,4,2.969786130993361,3.207530506101535,30,30,2.6786666666666665,0.326,1.499999999925,0,36,22,14,0.0019569049087160674,0.0015527902280222654,0.09243697478991597,1,177,246
W0000144,51,34,20.092238850101037,16.565878387509688,15.90472258759384,18.61297193009314,16.944580512575484,20,19.27436388071747,16.278631688073762,16.247236695091548,17.192520774276076,15.693032148896732,1.0,1.1764705882352942,1,3,31,20,50,31,20,1.4761904761904763,2026-01-02 06:27:09,2026-06-29 19:31:31,308525.24,194039.5,6249.0,329128.5224337925,15426262.0,3.3060502080121416e-06,1.0667764350733748,42,1,34,42,1,238.33333333333334,240.0,126.25287568165002,11.650319388409049,11.71255470921937,0.5238095237970521,0.47619047617913834,20,28,5,2.9880486735492258,3.2722665661793116,42,42,2.819095238095238,0.25,1.3999999999533332,0,51,31,20,0.002733956092378896,0.0036809465841678214,0.0783673469387755,1,177,284
W0000145,47,30,19.30484458987898,15.903647328004046,15.790180438355291,17.000582329851916,15.770493887552062,17,19.441105343058688,16.60789205667317,16.429917036617134,17.767492407905863,16.21563119683308,1.0,1.297872340425532,1,4,29,16,43,29,16,1.7058823529411764,2026-01-09 22:04:10,2026-06-27 11:44:11,316617.4130434783,172623.5,8505.0,348746.3367821997,14564401.0,3.227046328438339e-06,1.101472063579289,33,1,30,33,1,288.7878787878788,259.0,141.06708456789218,11.430803931367906,11.382953444543814,0.4848484848337925,0.5151515151359045,17,27,4,2.824946973800295,3.310075847558015,33,33,2.6994242424242425,0.179,1.4347826086332702,0,45,29,16,0.0023669389273505217,0.0026900194469658806,0.09856035437430787,0,179,266
W0000146,56,30,19.84280822140858,16.441610909694514,15.774722346652055,18.156422499035703,16.614851630490108,27,19.87900404038298,16.58316723486141,15.92951679805605,18.240046291197714,16.8359219525958,1.0,1.1607142857142858,1,4,28,27,52,28,27,1.0,2026-01-02 00:31:29,2026-06-29 05:47:20,279966.38181818184,210373.0,772.0,279013.1068356687,15398151.0,3.6368000523699207e-06,0.9965914779917723,44,1,36,44,1,283.95454545454544,303.0,153.62684396992822,11.717619872615908,11.638068019477,0.4318181818083678,0.568181818168905,22,31,5,2.988205164502335,3.353358815241789,44,44,2.3653181818181817,0.075,1.629629629569273,0,55,28,27,0.002729278882247178,0.004337476828795379,0.09200603318250378,3,4,340
W0000147,35,17,19.50073388548229,16.667520595758468,16.369653038611098,17.978864662645474,16.62280195775901,19,19.512104651337307,16.56766573260372,16.29368098694241,17.840002254009974,16.63726623314329,1.0,1.2,1,4,15,19,34,15,19,0.75,2026-01-29 07:39:11,2026-06-29 20:08:10,385039.3823529412,306832.5,15415.0,280921.23856190086,13091339.0,2.6735231076421513e-06,0.7295890286759554,24,1,22,24,1,252.5,278.5,109.28144756823406,11.062394996987994,10.713350532792035,0.374999999984375,0.6249999999739584,15,20,5,2.7755605789184146,2.983893912251748,24,24,2.709875,0.36,1.8461538460118343,0,34,15,19,0.0015665655712272532,0.0016144056315930313,0.09269162210338681,2,140,280
W0000148,40,22,19.35944633736546,16.268403966140305,15.74924480928583,17.83083070776309,16.414050974182995,19,19.373891251544716,16.42945234176852,16.048340882158453,17.728921100317677,16.39085319322504,1.0,1.3,1,4,21,19,40,21,19,1.05,2026-01-01 10:36:51,2026-06-26 12:21:18,390068.3846153846,311924.0,28180.0,324690.9348357389,15212667.0,2.6293875604200394e-06,0.8323927681632589,37,1,36,37,1,270.05405405405406,275.0,114.16604524063133,11.443993305925954,11.344116204523193,0.4594594594470417,0.5405405405259314,21,27,5,2.9441559156605988,3.1165192602844294,37,37,2.658513513513513,0.208,1.5416666666024306,0,40,21,19,0.0017936008310438442,0.0022031367720144316,0.1064102564102564,2,140,316
W0000149,39,18,19.621018788535263,16.73064708182481,16.34634920394671,18.048269256127647,16.59784388147903,22,19.391437683596358,16.300395309785245,15.839140587148693,17.496960002794765,16.21039139780492,1.0,1.1025641025641026,1,2,17,19,35,17,19,0.85,2026-01-01 03:13:25,2026-06-13 02:03:54,370500.7631578947,263721.5,44454.0,306584.8197807965,14079029.0,2.7700771999207332e-06,0.8274854542328882,30,1,26,30,1,253.03333333333333,217.5,159.14848484947964,11.146849325090436,11.161039037763294,0.5666666666477778,0.4333333333188889,20,25,5,3.040863839434868,3.253445297804259,30,30,2.8204,0.103,1.5789473683379502,0,36,17,19,0.0016200628287501941,0.0018037447869459072,0.09747899159663866,1,177,266
W0000150,43,24,19.636197750817132,16.45814398867721,16.159015640676888,17.5346230287337,16.287297930373263,19,20.145138911967134,17.200699964889225,17.12160951406726,17.84566167728024,16.36878240200677,1.0,2.046511627906977,1,4,23,52,71,23,52,0.4339622641509434,2026-01-01 10:36:51,2026-06-15 23:58:32,340573.8333333333,240651.5,2156.0,339092.30347394233,14304101.0,3.006130688945031e-06,0.9956469776557448,24,4,22,24,1,250.20833333333334,290.0,133.35046312065342,11.237330053653594,11.032402703134284,0.4166666666493056,0.5833333333090278,18,25,5,3.696039781962855,4.066340563438217,24,24,2.582291666666667,0.356,1.49999999990625,0,75,23,52,0.0020028306327876657,0.006197350281340391,0.09295774647887324,2,140,457
W0000151,52,30,19.646206325521156,16.245009029003967,15.957367000307546,17.701211682264592,16.176833773434044,24,19.616556331118854,16.43850257033188,16.148218711451957,18.069635665396632,16.48494030857064,1.0,1.2115384615384615,1,2,28,28,53,28,28,0.9655172413793104,2026-01-04 09:38:39,2026-06-17 15:26:22,278244.3725490196,204078.0,2059.0,262263.5742025919,14190463.0,3.6644326781703546e-06,0.9425622133442234,38,1,32,38,1,246.44736842105263,257.5,123.53743220194349,11.515063178431776,11.365098084215443,0.47368421051385046,0.5263157894598338,20,28,5,2.896885642417332,3.1902051608143567,38,38,3.0037368421052633,0.198,1.8095238094376418,0,56,28,28,0.002340598484486489,0.004148412604775812,0.07619738751814223,2,140,355
W0000152,35,16,18.842833121862032,16.070244497967366,15.578666742465156,17.32315445537263,16.1216677622467,19,19.32380459566066,16.379365689448502,15.534419187593171,18.124785314035332,16.74618358555029,1.0,1.3714285714285714,1,3,16,26,42,16,26,0.5925925925925926,2026-01-05 03:24:05,2026-06-27 10:17:24,440352.9117647059,328664.0,717.0,386221.0046952916,14971999.0,2.3376970344643334e-06,0.8770695442389095,32,1,26,32,1,305.3125,338.5,138.85300593816655,11.47107168834584,11.462999656200502,0.49999999998437505,0.49999999998437505,17,24,4,2.824400013921845,3.206954882778696,32,32,2.4255,0.306,1.59999999992,0,42,16,26,0.0014385187529654883,0.0023421008347840936,0.06852497096399536,0,179,336
W0000153,46,29,20.302502463325656,16.935206675986645,16.27424638648293,18.571732171770133,17.177435022224614,17,19.5919222605421,16.758708966082978,15.93065823042038,18.2138585467402,16.97926061455296,1.0,1.108695652173913,1,3,29,17,45,29,17,1.6111111111111112,2026-01-02 22:10:14,2026-06-29 18:22:43,341456.64444444445,282941.0,2735.0,318579.6960259819,15365549.0,2.99370995506181e-06,0.9329991617095431,37,1,31,37,1,260.7567567567568,286.0,136.8950135861228,11.409718184991231,11.449101355246707,0.5405405405259314,0.4594594594470417,19,27,5,2.740815768358743,3.1704591218750156,37,37,2.5223783783783786,0.092,1.5416666666024306,1,46,29,17,0.0026122065707848098,0.0027810530879804445,0.0797979797979798,1,177,250
W0000154,52,34,20.206852512685,16.680492043377022,15.930429276037636,18.83110999031264,17.13380714569523,18,20.57391481696827,17.683543078810473,17.4462236256987,19.034369571487,17.71710623133858,1.0,1.25,1,4,32,19,50,32,19,1.6,2026-01-06 02:41:13,2026-06-27 07:50:25,291752.0,198811.0,11326.0,300318.2966419462,14879352.0,3.4947756128912324e-06,1.029358041363572,24,1,22,24,1,293.875,296.0,135.85680200922556,11.257542772513368,11.207948019431882,0.5416666666440972,0.4583333333142361,16,20,3,2.8860276044371,3.0684210940655055,24,24,2.6787500000000004,0.39,1.411764705799308,0,51,32,19,0.002976859115829995,0.0033816277926017606,0.08734693877551021,0,179,276
W0000155,46,25,19.879139386983358,16.66026361793784,16.093337276205666,18.28278886392014,16.85239976546665,22,19.936422480376983,16.84538007314416,16.025740859687904,18.369444205848882,17.051701349172347,1.0,1.065217391304348,1,2,24,22,46,24,22,1.0434782608695652,2026-01-05 06:31:22,2026-06-25 15:26:16,329033.2,243793.0,1112.0,345822.0481951533,14806494.0,3.1067447089942623e-06,1.0510215904460791,29,2,22,29,1,260.8965517241379,235.0,154.04761435246158,11.183629417797983,11.313058890560512,0.31034482757550536,0.6896551723900118,16,22,4,3.1920106254507017,3.4930781268207483,29,29,2.592827586206897,0.141,1.611111111021605,1,46,24,22,0.00224860679986445,0.0030876789493880213,0.0966183574879227,0,179,316
W0000156,36,21,18.773390703720054,15.728868406552822,15.525622782938187,17.060514803181768,15.555782633293084,15,18.807756621847936,16.099706515811263,15.860658359003423,17.246076691447076,15.973167224216718,1.0,1.4722222222222223,1,4,20,15,34,20,15,1.25,2026-01-01 22:23:11,2026-06-28 08:52:09,438015.3714285714,307541.0,35344.0,393678.73303084297,15330538.0,2.3482540307291217e-06,0.8987762985818928,19,1,18,19,1,232.52631578947367,154.0,157.69533510364312,10.903880433697777,10.764730582626045,0.31578947366759,0.6842105262797784,15,16,4,2.6626994640132176,2.715331042960586,19,19,2.221368421052632,0.737,1.4615384614260354,0,35,20,15,0.0017322467879008416,0.0014784029860615167,0.12477718360071301,2,140,244
W0000157,33,16,18.67396960509057,15.901380999287323,15.624582956453672,17.254046594356783,15.87212312655388,18,19.368924183204836,16.47855249117023,16.08973316134938,17.968198711056115,16.5095100699649,1.0,1.3333333333333333,1,4,15,18,33,15,18,0.7894736842105263,2026-01-09 23:10:54,2026-06-30 04:58:35,462351.90625,357723.5,6925.0,574148.1372014491,14795261.0,2.230443773148458e-06,1.2417963193054962,20,1,19,20,1,200.05,173.5,143.26658074336365,10.993546700492846,10.719139935087785,0.39999999998,0.59999999997,18,20,3,3.010964047443681,3.110964047443681,20,20,2.32445,0.205,1.4285714284693878,0,33,15,18,0.0012864117733509214,0.0014645617452208096,0.09659090909090909,0,179,304
W0000158,42,22,19.634949515431966,16.54390712442833,15.923626894761615,18.54525562273646,16.995623068938514,22,19.541724622732225,16.450682237821177,16.041251323010943,17.621003942374948,16.27174749917498,1.0,1.2142857142857142,1,4,20,22,42,20,22,0.8695652173913043,2026-01-02 04:34:25,2026-06-29 07:27:29,375355.7073170732,276341.0,14924.0,409675.28198234295,15389584.0,2.7291184265202734e-06,1.0914292298399773,28,2,27,28,1,227.17857142857142,182.5,151.67046480504996,11.353812493313155,11.238278070788903,0.4642857142691327,0.5357142856951531,19,24,4,3.424924514070798,3.630456210576636,28,28,2.6581785714285715,0.346,1.39999999993,0,42,20,22,0.0017889074202135868,0.002492321874329615,0.10801393728222997,0,179,336
W0000159,51,27,19.86825961029421,16.572422805425994,15.942741048478988,18.677568617248983,17.044435836051605,25,19.818975990516442,16.60010022493249,16.257267680238524,17.69951261804256,16.48354847615271,1.0,1.2549019607843137,1,4,25,25,49,25,25,0.9615384615384616,2026-01-01 03:13:25,2026-06-27 23:27:30,307312.9,255553.0,2265.0,254287.75859421026,15365645.0,3.3190924742116275e-06,0.8274528376172059,35,1,29,35,1,271.8857142857143,278.0,136.51993421099644,11.57018442931036,11.415885790451744,0.4857142857004082,0.5142857142710204,20,25,5,2.8696239739018266,3.051836652504163,35,35,2.8804000000000003,0.178,1.7499999999125,0,50,25,25,0.002107250050680658,0.003125789514815729,0.10119047619047619,1,177,330
W0000160,43,22,19.42149598244913,16.33045360628254,15.968829281775006,17.476002960318855,16.206678954476015,21,19.99395494934493,16.949432553094525,16.377574063048893,18.72902370029275,17.21145753304448,1.0,1.6046511627906976,1,4,22,43,61,22,43,0.5,2026-01-08 13:29:02,2026-06-28 22:54:33,352579.3095238095,254239.0,18289.0,344965.99110378826,14808331.0,2.9037706610035485e-06,0.9784040168598608,23,1,21,23,1,265.82608695652175,259.0,146.34972192224816,11.039636444732963,10.91960551966869,0.608695652147448,0.39130434780907375,16,19,5,2.835484445975532,3.0443896736806804,23,23,1.7701304347826088,0.009,1.4374999999101563,0,65,22,43,0.001998666715865369,0.004938713705898833,0.08743169398907104,1,177,413
W0000161,48,25,19.903614537392517,16.684738766997313,15.937608251069726,18.244523206497192,16.873369531666093,23,19.92668566851946,16.791191501385054,15.45839485183313,18.848810288967172,17.36114186544964,1.0,1.1458333333333333,1,3,24,23,46,24,23,1.0,2026-01-01 21:57:59,2026-06-30 07:12:34,329763.2978723404,207129.0,18239.0,317517.6748609858,15498875.0,3.096998775911234e-06,0.9628624957572102,33,1,29,32,1,295.4848484848485,364.0,155.0048630713165,11.358036179107343,11.457465607765862,0.4242424242295685,0.5757575757401286,18,25,5,2.9483439842106334,3.2191667566489244,33,33,2.3463333333333334,0.022,1.6499999999175,0,47,24,23,0.0022040736119405884,0.0030818191680483924,0.08502415458937199,1,177,337
W0000162,39,21,19.414739417256953,16.370217053547858,15.3958250713551,18.01584346371903,16.694419669086834,18,19.614884066920876,16.724512360525395,15.996805372108517,17.854100749627953,16.706724949873372,1.0,1.2820512820512822,1,3,20,17,37,20,17,1.1111111111111112,2026-01-03 13:16:21,2026-06-22 11:03:53,386317.15789473685,249181.5,5959.0,371497.59332824365,14680052.0,2.656666157812918e-06,0.961636375967263,26,1,23,26,1,272.4230769230769,291.0,129.76630474107614,11.236697542563563,11.022996640917222,0.692307692281065,0.3076923076804734,16,20,4,2.7409832265499268,2.9750318782181044,26,26,2.514423076923077,0.073,1.3684210525595568,0,37,20,17,0.0017425721103520916,0.001708466978391788,0.1036036036036036,1,177,244
W0000163,31,18,19.172981262167877,16.282609584389498,15.22458863772449,17.854081752609215,16.59547324247093,13,19.753250684205874,17.18830135840015,16.111031357489964,18.779614681442787,17.5655041452855,1.0,1.4838709677419355,1,3,18,17,35,18,17,1.0,2026-01-05 05:25:37,2026-06-29 12:38:32,504865.8333333333,293097.0,26593.0,483736.6044056082,15145975.0,2.0467482584153047e-06,0.9581469260156884,25,1,21,25,1,218.2,181.0,138.8614417323974,10.966818027059597,11.00379839783982,0.4799999999808,0.5199999999792,17,19,4,2.8645297862980876,2.9445297862980873,25,25,2.6765600000000003,0.307,1.3888888888117283,0,35,18,17,0.001559830148797495,0.0014961845587683862,0.10084033613445378,2,140,271
W0000164,48,23,19.793886010399653,16.658391850195137,15.612287419004112,18.69450018509915,17.229446125468517,26,19.684317396228714,16.426220928863316,15.996879485098686,17.72873356310468,16.326204969988183,1.0,1.125,1,4,22,24,45,22,24,0.88,2026-01-01 16:31:02,2026-06-27 20:52:39,325712.7021276596,247053.0,3780.0,354899.19920523633,15308497.0,3.1355133599651646e-06,1.0896047568368428,33,1,27,33,1,260.1212121212121,237.0,141.4091487439368,11.289319306669904,11.240237089802585,0.3939393939274564,0.6060606060422407,18,24,4,2.788754913993504,3.1508526556840364,33,33,2.9534242424242425,0.218,1.4347826086332702,0,46,22,24,0.001958740379344233,0.0027178469943143833,0.10404040404040404,0,179,313
W0000165,39,19,19.65131942246291,16.70688049587554,15.775625341811546,18.872497050719367,17.381992716466467,20,19.840794891655264,16.845062664021693,16.202598734809236,18.600426728472428,17.081682548489013,1.0,1.3333333333333333,1,4,19,20,39,19,20,0.9047619047619048,2026-01-01 20:58:15,2026-06-30 11:23:04,408354.9736842105,298031.5,4865.0,395527.30511985853,15517489.0,2.5132930647933395e-06,0.9685845943464203,34,1,27,34,1,238.05882352941177,234.5,147.54905525846274,11.38409159312676,11.454257677304385,0.4117647058702423,0.588235294100346,17,26,5,2.7694176198348956,3.256822964679185,34,34,2.5626470588235293,0.042,1.5454545453842976,0,39,19,20,0.001559020910882131,0.0016548096712572622,0.10256410256410256,0,179,278
W0000166,36,20,19.031809603265465,16.036077432831657,15.647875758329345,17.859730248190605,16.34125067161302,16,19.575906580825876,16.803317905834053,16.66619726158417,17.99454795309542,16.561274818351773,1.0,2.2777777777777777,1,4,20,47,66,20,47,0.4166666666666667,2026-01-12 13:44:38,2026-06-27 13:23:07,409745.97142857144,311579.0,2362.0,369601.5537050745,14341109.0,2.5102659417576463e-06,0.9020238817543151,24,4,22,24,1,280.5416666666667,276.0,161.71633220379837,11.09748577571486,11.069742913232753,0.5416666666440972,0.4583333333142361,19,25,5,3.549071367119249,4.100412897259044,24,24,2.5809583333333332,0.207,1.3333333332592592,0,67,20,47,0.0016059604430232349,0.004604296947017682,0.09463869463869463,1,177,444
W0000167,50,30,19.867230303366107,16.466032989964454,15.905332536008443,17.505927604377078,16.342634105266466,21,19.966244226158373,16.92172183107329,16.13893861926502,18.47609266912401,17.149499985963374,1.0,1.22,1,4,29,21,49,29,21,1.3181818181818181,2026-01-04 01:47:09,2026-06-24 06:32:10,301867.36734693876,217168.0,14335.0,295989.00301648973,14791501.0,3.3803193211886124e-06,0.9805234169379137,26,1,22,26,1,273.0769230769231,298.0,150.82729808013485,11.216955811863006,11.139612879878472,0.3461538461405325,0.6538461538210059,17,20,5,2.898108801295028,3.02801048402894,26,26,2.4615,0.164,1.299999999935,0,50,29,21,0.002436690771484578,0.003177507611444951,0.09608843537414966,0,179,319
W0000168,42,21,19.79987446257256,16.755352075205433,16.163345173494907,18.337507667616705,16.994375877676855,24,19.908157534420518,16.73010375603924,16.23937169007994,18.124675341829555,16.695586969773448,1.0,1.1428571428571428,1,2,18,23,40,18,23,0.75,2026-01-03 11:44:37,2026-06-24 14:28:32,362698.4146341463,244368.0,282.0,412585.1493947628,14870635.0,2.8243580166981425e-06,1.137540157904407,31,1,29,31,1,288.93548387096774,289.0,124.9332983325825,11.393646310686307,11.346764617615445,0.5161290322414152,0.48387096772632676,19,26,4,3.025485251967631,3.2835497680966634,31,31,2.703333333333333,0.128,1.5499999999225,0,41,18,23,0.0016257121211740275,0.002158656897242133,0.09358974358974359,1,177,313
W0000169,32,16,18.9927416548055,16.220153017219886,15.794500626009464,17.748420955060105,16.328044523965115,16,19.72657192306065,16.953983241460516,16.928529677426205,17.877842713985647,16.551872674320276,1.0,2.125,1,4,15,45,59,15,45,0.32608695652173914,2026-01-01 04:56:04,2026-06-28 15:17:40,497306.32258064515,380840.0,592.0,522230.8888796466,15416496.0,2.075698519579383e-06,1.0501170305911989,14,2,14,14,1,212.92857142857142,155.0,145.563871408192,10.30534616505018,10.555968976370059,0.49999999996428574,0.49999999996428574,15,15,4,3.324862957617356,3.324862957617356,14,14,2.811571428571429,0.022,1.74999999978125,0,60,15,45,0.001364811118895699,0.0033625594248485485,0.08942139099941554,2,140,449
W0000170,33,16,19.28622225656115,16.513633597444908,16.240357663228757,17.62057227829769,16.416204075130498,17,19.247114674089165,16.413901400050072,15.844500293211503,17.866235814057813,16.521836282933585,1.0,1.1818181818181819,1,3,16,17,32,16,17,0.8888888888888888,2026-01-04 12:49:07,2026-06-28 20:51:40,473404.78125,420218.5,11699.0,427828.98434686864,15148953.0,2.178368222650884e-06,0.903725728099922,20,2,18,20,1,260.75,254.0,147.73050677358063,10.869101639741373,10.841246191025524,0.499999999975,0.499999999975,16,19,4,3.2643340317924086,3.4143340317924085,20,20,2.67795,0.391,1.6666666665277778,0,33,16,17,0.0016260847502307099,0.0016146441205246082,0.10685483870967742,0,179,280
W0000171,24,15,19.073974299512575,16.365924171256452,16.19880696583347,17.446406413749525,16.15293234063477,9,19.065592696837136,16.868368161477616,16.74610871971845,17.62328298707951,16.54160412559103,1.0,1.3333333333333333,1,4,15,15,28,15,15,0.9375,2026-01-11 02:35:12,2026-06-27 10:33:40,628587.304347826,331387.0,3202.0,667599.0304728672,14457508.0,1.6600370091417547e-06,1.0620608526363144,24,1,22,24,1,290.125,324.0,139.89508879715976,11.212846872181895,10.841755017213652,0.374999999984375,0.6249999999739584,16,19,5,2.8015004226233424,2.985087760732172,24,24,2.827375,0.193,1.5999999998933334,0,30,15,15,0.001606279824601172,0.0012283205046492555,0.09523809523809523,2,140,224
W0000172,50,27,19.874133855253252,16.578297050026958,16.66073431096916,17.484859043379494,16.25873325096603,24,19.45858683872713,16.28053308984416,15.777351633258442,17.492140745195467,16.08011277883234,1.0,1.2,1,4,25,24,46,25,24,1.0,2026-01-10 03:14:55,2026-06-27 07:34:55,296546.9387755102,228152.0,6961.0,258966.407922872,14530800.0,3.4409665372197994e-06,0.8732699643510664,25,2,23,25,1,209.48,191.0,120.89944857883623,11.209804828829256,11.01468695670971,0.599999999976,0.399999999984,16,20,5,3.111272380112911,3.3283674395583773,25,25,2.9931599999999996,0.43,1.4705882352076125,0,49,25,24,0.0021455465543911076,0.003023128506626926,0.09178743961352658,1,177,316
W0000173,42,22,19.771861326705224,16.680818927723127,16.37189483966362,18.278802487262986,16.78033166356949,20,18.923337206799786,15.927605048180888,15.457018582678952,17.262098171841767,15.849354807219964,1.0,1.3333333333333333,1,4,21,28,49,21,28,0.7241379310344828,2026-01-05 02:07:02,2026-06-26 11:47:24,363307.85365853657,248575.0,28370.0,306468.1391703354,14895622.0,2.8196202334068203e-06,0.8435471254944309,36,1,30,36,1,267.47222222222223,302.5,133.02341063804437,11.463146812407082,11.401904514792967,0.6111111110941359,0.3888888888780865,19,25,5,2.9979532992421225,3.2028822923277263,36,36,2.5835555555555554,0.027,1.8947368420055402,0,49,21,28,0.0018781758331054116,0.0030585496324826386,0.07908163265306123,2,140,334
W0000174,53,31,19.72374793257685,16.28976080960085,15.865345234997587,17.84388391101903,16.454813746382133,23,20.216026097870795,17.080531918477064,16.564553491010276,18.57203899715435,17.1448992804621,1.0,1.6603773584905661,1,4,30,49,74,30,49,0.6,2026-01-05 23:07:34,2026-06-30 19:23:56,292172.73076923075,230554.5,6885.0,244023.36537742073,15192982.0,3.488452531013824e-06,0.8351995394485314,30,1,23,30,1,286.1333333333333,266.5,129.76682890884507,11.347095176617334,11.46378774040868,0.59999999998,0.3999999999866667,18,23,4,2.9616157143988104,3.16161571439881,30,30,3.0084999999999997,0.161,1.4285714285034015,0,79,30,49,0.0026666736947832167,0.008157004340656587,0.08774527952610145,0,179,444
W0000175,43,21,19.580683644912853,16.53616126988648,15.961119917756214,18.021851325874678,16.790545452752696,23,19.68744415019473,16.551949996248823,15.97712994935565,17.74636770224719,16.484451040433424,1.0,1.3488372093023255,1,3,18,22,39,18,22,0.782608695652174,2026-01-05 14:09:44,2026-06-30 19:39:31,362528.2619047619,252480.0,1205.0,333904.65946120804,15226187.0,2.8240817727982868e-06,0.9210419531566705,26,1,23,26,1,235.07692307692307,235.5,136.00997700960707,11.153704425336132,11.105949215663113,0.5769230769008876,0.42307692306065087,17,22,5,2.856367841934542,3.1433950994135555,26,26,2.563730769230769,0.188,1.7333333332177778,1,40,18,22,0.0016605374988479982,0.0019790737666216143,0.09986504723346828,0,179,304
W0000176,44,25,20.025561237109596,16.80668546046065,16.058897829527936,18.49328383076251,17.004220764750023,20,19.552900385690656,16.5571681733769,16.14824296931067,18.472163973801035,16.922773404170627,1.0,1.2954545454545454,1,4,23,19,42,23,19,1.15,2026-01-15 23:34:54,2026-06-30 14:42:58,332801.9534883721,306517.0,18067.0,254459.54992230973,14310484.0,3.0746686782453563e-06,0.7645952274615266,22,2,20,22,1,224.9090909090909,227.0,121.9093766036727,11.003665281928944,10.840051389249838,0.4545454545247934,0.545454545429752,17,22,5,3.321252418935677,3.635821824148037,22,22,2.3178181818181818,0.021,1.5714285713163265,0,42,23,19,0.0021531243086009622,0.0026060899411742455,0.10220673635307782,2,140,323
W0000177,36,23,18.983188751100965,15.847694660523025,15.186426779291475,17.538320289174646,16.04441287234288,14,19.470720689226376,16.831663405101207,16.243979298992073,18.519977014186473,17.147717732988742,1.0,1.6388888888888888,1,4,22,23,44,22,23,0.9166666666666666,2026-01-07 23:14:32,2026-06-29 07:38:31,425458.2571428571,356474.0,12847.0,356470.0891616329,14891039.0,2.417561164297457e-06,0.8378477684455232,17,1,17,17,1,273.2352941176471,320.0,142.08779390387687,10.595984521754486,10.635134032246683,0.6470588234913495,0.352941176449827,14,16,4,2.7033848993102914,2.821031958133821,17,17,2.027470588235294,0.039,1.5454545453140496,0,45,22,23,0.0017980777869928133,0.0026336070728500026,0.09619450317124736,0,179,322
W0000178,42,24,19.865419073344007,16.68736529723185,16.14911561818789,18.653698480646494,17.101289059542868,21,19.824758715132017,16.780236326527273,16.47891842076149,18.30221004190764,16.82047154334006,1.0,1.3571428571428572,1,6,21,21,41,21,21,0.9545454545454546,2026-01-01 02:28:28,2026-06-17 16:48:49,353181.0,243023.0,7576.0,344400.5016569372,14480421.0,2.900467955975316e-06,0.9751360535274651,33,1,26,33,1,270.8484848484849,260.0,141.07447528081605,11.525436869907292,11.41394455627644,0.2727272727190083,0.7272727272506888,19,24,4,2.807620254869815,2.9894384366879962,33,33,2.4573939393939392,0.097,1.499999999931818,0,42,21,21,0.0018397367064432422,0.002412534922792572,0.09878048780487805,1,177,324
W0000179,31,19,19.140791609921955,16.196352718361204,15.755370297292762,17.454035093068214,16.12176425323106,13,19.219609878852378,16.654660575368087,15.81551298060763,18.176151898585402,16.911425959013346,1.0,1.2903225806451613,1,3,18,13,30,18,13,1.2857142857142858,2026-01-07 20:12:03,2026-06-28 11:30:15,494316.4,322084.0,5476.0,479204.7902071615,14829492.0,2.0904288501299405e-06,0.9694273157432077,26,2,21,26,1,239.57692307692307,221.5,154.58853077170323,11.290356748406861,11.196898786175963,0.5769230769008876,0.42307692306065087,16,21,5,3.236676010026864,3.4435007696838533,26,26,2.4716923076923076,0.135,1.7333333332177778,0,31,18,13,0.0016744119087548884,0.0013105601911020247,0.09425287356321839,1,177,231
W0000180,46,20,19.730732560955314,16.735000338664477,16.084555413311207,18.221609918016192,16.857263435388244,27,20.085267538135277,16.78943072134085,16.26917152269026,17.836966115046806,16.682656306357305,1.0,1.2391304347826086,1,3,19,33,52,19,33,0.5588235294117647,2026-01-01 02:29:51,2026-06-26 18:10:01,339173.55555555556,321976.0,2147.0,262827.8993138905,15262810.0,3.013861601247634e-06,0.7749045292722149,36,1,32,36,1,234.86111111111111,236.0,137.34090073926635,11.561972738941245,11.425732253267851,0.5277777777631173,0.472222222209105,20,25,5,2.9310960705857343,3.116186251344605,36,36,2.35425,0.014,1.565217391236295,0,52,19,33,0.0018092097940234052,0.0035458492877336084,0.07616892911010557,0,179,392
W0000181,51,23,19.899557098576526,16.764062932783972,16.359338025978186,18.185656660269014,16.79840437131442,29,20.05127757330983,16.683981798150903,16.36575681418532,17.954453495197484,16.505561355096095,1.0,1.2549019607843137,1,3,21,34,55,21,34,0.6,2026-01-07 19:39:36,2026-06-30 23:45:55,300967.58,187963.0,12001.0,285619.1755371013,15048379.0,3.389069122390583e-06,0.9489999771308396,39,1,33,39,1,270.5897435897436,275.0,139.4805623033505,11.261973828015448,11.535879982582413,0.5384615384477318,0.46153846152662725,21,30,5,2.8353532193365103,3.3572567183222723,39,39,2.595897435897436,0.064,1.8571428570544217,0,55,21,34,0.001992526468796214,0.0038235021246790543,0.10168350168350168,1,177,400
W0000182,33,21,19.725267629315987,16.68074524584948,16.40926496092325,18.22243695450334,16.780903193526598,12,19.723149615023864,17.23824299514044,16.668988331550803,18.523527064669207,17.300628288170103,1.0,1.2424242424242424,1,3,21,12,32,21,12,1.6153846153846154,2026-01-08 06:38:52,2026-06-17 03:15:11,431618.09375,299603.0,6660.0,400068.9832720674,13811779.0,2.3892648159759277e-06,0.926902885125358,19,3,16,19,1,183.21052631578948,182.0,141.9286123167279,10.67014073838981,10.607401562206967,0.5789473683905817,0.4210526315567867,14,17,4,3.219682834136634,3.452168804034967,19,19,2.724684210526316,0.061,1.4615384614260354,0,33,21,12,0.001888348649807654,0.0014439949113732608,0.10080645161290322,0,179,230
W0000183,30,14,19.30111907489505,16.662061799177934,16.332094678269797,17.967581821594425,16.67824738848207,16,19.390302681461623,16.617714016105797,16.138064734988046,17.68147301742327,16.512034765046995,1.0,1.0666666666666667,1,2,14,15,29,14,15,0.875,2026-01-01 17:00:45,2026-06-25 01:39:41,519473.6551724138,342907.0,9261.0,684623.207909195,15064736.0,1.991405492176863e-06,1.3179145528899159,21,1,19,21,1,249.38095238095238,255.0,166.59696161409317,10.9628737947034,11.139845259006064,0.47619047616780047,0.5238095237845805,13,18,4,2.5638218872674567,3.0056825209131897,21,21,2.731095238095238,0.12,1.3999999999066666,0,29,14,15,0.0014680235868744689,0.0012814510895897916,0.07881773399014778,0,179,291
W0000184,31,17,19.053798735702955,16.22058547659614,15.722036369051924,17.923132813514613,16.474610886639454,15,19.25253999422485,16.544489854056145,16.2095431073156,18.05146259041095,16.692356069305816,1.0,1.1935483870967742,1,3,16,15,31,16,15,1.0,2026-01-01 03:47:18,2026-06-22 07:35:46,495816.93333333335,363260.0,16230.0,450371.73330383294,14874508.0,2.084102406338253e-06,0.908340951437617,18,2,18,18,1,285.44444444444446,234.0,149.16442653592327,10.82639633671186,10.691490264108753,0.4999999999722222,0.4999999999722222,16,19,4,3.288019280279689,3.5249449750847113,18,18,1.8908333333333336,0.025,1.285714285622449,0,31,16,15,0.001565657115484887,0.0013571620991139862,0.1032258064516129,1,177,233
W0000185,44,26,19.706431436424328,16.44833496751359,15.90906584303881,17.967989553860264,16.530955705101658,18,19.56659571325683,16.676224009409257,16.355220171455592,18.07444034176488,16.70410538258031,1.0,1.25,1,4,26,18,41,26,18,1.368421052631579,2026-01-07 01:17:47,2026-06-25 02:37:02,339682.67441860464,232103.0,2517.0,329606.0227141114,14606355.0,3.0123872100611542e-06,0.9703322459587086,28,1,26,28,1,258.14285714285717,238.5,131.60313918515106,11.16284302833769,11.318988712203959,0.42857142855612246,0.5714285714081633,18,23,5,2.961625898490169,3.153677461028803,28,28,2.771607142857143,0.392,1.39999999993,0,44,26,18,0.002318340125996141,0.002405731588196445,0.11219512195121951,0,179,287
W0000186,34,21,19.670323965379275,16.625801584977257,15.785519554516176,18.413884733296342,16.987210203795872,14,19.472517329062114,16.83346004485529,16.337438227712408,18.27532632830934,16.980471199147683,1.0,1.2647058823529411,1,4,20,14,34,20,14,1.3333333333333333,2026-01-05 02:12:46,2026-06-30 10:45:37,461732.45454545453,289676.0,65492.0,474907.7859551454,15237171.0,2.2313851940504444e-06,1.0285323302437768,23,2,20,23,1,279.4782608695652,280.0,122.91196759736673,11.07875219272532,10.949999203458866,0.608695652147448,0.39130434780907375,16,20,5,3.3205628186623493,3.5437076557599663,23,23,3.1690869565217388,0.853,1.7692307690946745,0,34,20,14,0.001910234503140326,0.0015116851342190554,0.0873440285204991,2,140,222
W0000187,37,19,19.611372669532756,16.666933745088265,15.973631339756526,18.119691847120137,16.870771108774345,18,19.53544821869743,16.645076516559826,15.752260090688377,18.09046113683803,16.838937817509052,1.0,1.0810810810810811,1,2,18,17,35,18,17,1.0,2026-01-02 09:33:26,2026-06-30 14:42:58,430115.8888888889,344027.5,14668.0,343049.0874569059,15484172.0,2.3895367224326413e-06,0.7975717678584926,36,2,33,36,1,242.0,200.0,144.21907937975078,11.439763199341245,11.423416425963524,0.49999999998611117,0.49999999998611117,21,29,5,3.0863213655896873,3.4941488018656877,36,36,2.1835,0.05,1.565217391236295,0,35,18,17,0.0018750518766476741,0.0015820368594639837,0.10084033613445378,1,177,269
W0000188,47,27,19.55789287679244,16.262056094173197,15.884572164024027,17.282951443953756,16.10047521038155,22,19.588165623096177,16.49712323507905,16.105664199669878,17.65416562811308,16.289604633482238,1.0,1.2553191489361701,1,4,23,21,43,23,21,1.0454545454545454,2026-01-07 06:48:48,2026-06-28 11:58:26,323464.73913043475,203687.5,5291.0,318422.6188510717,14879378.0,3.158733976733841e-06,0.9844091052952922,36,1,31,36,1,232.05555555555554,199.0,151.06667297104175,11.505941131195783,11.471551234662522,0.6111111110941359,0.3888888888780865,17,26,5,2.6991378652735847,3.176804695464053,36,36,2.6195000000000004,0.183,1.3333333332839505,0,44,23,21,0.001987265743703619,0.0025623906478435803,0.09302325581395349,3,4,308
W0000189,39,21,19.095481365933377,16.050959030061538,15.858167257347088,16.993981801183345,15.747388854177329,20,19.113808774328948,16.11807659577677,15.8890361976523,17.333727513549686,16.027750441202173,1.0,1.1538461538461537,1,4,18,20,36,18,20,0.8571428571428571,2026-01-02 00:02:56,2026-06-30 09:54:59,407924.2894736842,234299.5,10324.0,430207.87863718683,15501123.0,2.5159465855508283e-06,1.054624191582366,30,1,25,30,1,283.3333333333333,275.5,150.72407613396337,11.228012887258387,11.404370965082139,0.59999999998,0.3999999999866667,16,22,5,2.8905380059573034,3.1157009226960857,30,30,2.455966666666667,0.08,1.499999999925,0,38,18,20,0.001763347661415146,0.0020705128635934134,0.08095238095238096,2,140,307
W0000190,42,23,19.49693062407798,16.361436483140544,15.598166044751947,17.594814412239035,16.427928228360948,20,19.320578982049977,16.32484678575208,16.18627645280596,17.453478592135752,16.077644863487677,1.0,1.119047619047619,1,4,22,20,42,22,20,1.0476190476190477,2026-01-04 03:27:24,2026-06-30 22:08:57,374636.4146341463,322433.0,1429.0,339636.7938240773,15360093.0,2.734358266297068e-06,0.9065746787617328,39,1,35,39,1,224.46153846153845,203.0,147.75350136626847,11.53194347080599,11.452219589852833,0.4102564102458909,0.5897435897284682,22,29,5,3.013999562533166,3.212842831819409,39,39,2.254947368421053,0.048,1.6956521738393195,1,42,22,20,0.0022450384693796016,0.0025813228008483274,0.09175377468060394,0,179,318
W0000191,34,18,20.46559669920112,17.575224963301437,16.67257440978142,19.455558110288653,18.022378851803758,16,20.632934465779172,17.860345759957447,17.388421990786277,19.455558110288653,18.04968417010971,1.0,1.1470588235294117,1,3,18,16,33,18,16,1.0588235294117647,2026-01-01 09:00:32,2026-06-22 15:37:47,451049.54545454547,409738.0,15.0,347038.1750211433,14884635.0,2.28423456240381e-06,0.7693997458121153,30,1,26,30,1,228.66666666666666,208.0,147.99658275023492,11.300536376553879,11.313681528980325,0.5666666666477778,0.4333333333188889,18,23,4,2.8133965877012383,3.101307710205908,30,30,2.2810333333333332,0.174,1.3636363635743802,1,34,18,16,0.0017046845845981244,0.0015045540082757928,0.0946969696969697,0,179,234
W0000192,72,47,20.668757709991507,16.818610156858416,16.17331529214813,19.31329011275096,17.43163693834264,28,20.850979291266516,17.518774804854164,17.40446215720382,18.50600781245716,17.165496158298474,1.0,1.1666666666666667,1,3,42,27,69,42,27,1.5,2026-01-08 06:38:19,2026-06-30 10:47:31,210734.53521126762,158129.0,303.0,218257.30209658708,14962152.0,4.812141675065079e-06,1.0356929213565178,67,3,47,67,1,295.4029850746269,283.0,129.3265844499876,12.068165981062137,12.107798076261833,0.5223880596936957,0.4776119402913789,23,37,5,3.708646062160197,4.116327820087542,67,67,2.624716417910448,0.064,1.5952380952001135,1,69,42,27,0.0036475961621589025,0.006270670070275353,0.07885763000852515,0,179,345
W0000193,50,30,19.788957577387283,16.387760269543232,15.870876532579485,17.662470808868537,16.349050149153722,20,19.3248176200345,16.32908542340984,16.360269217455333,17.259458409442285,15.859727428035118,1.0,1.14,1,4,29,20,47,29,20,1.380952380952381,2026-01-05 15:16:10,2026-06-18 11:22:41,288889.612244898,185781.0,1142.0,281081.06204303826,14155591.0,3.532173009790053e-06,0.9729671028726976,51,1,39,51,1,236.90196078431373,262.0,147.01812880076534,11.694221496092442,11.639602167796731,0.5686274509692426,0.4313725490111496,23,33,5,3.0786819024542957,3.398671587818192,51,51,2.654176470588235,0.101,1.8888888888189301,0,49,29,20,0.002725081778928688,0.003247191495734084,0.07678075855689177,0,179,309
W0000194,45,25,19.46081804659724,16.241942306546512,15.887685511828833,17.683010352814694,16.27795332739697,22,19.324322283039628,16.23327991475059,15.994740758799638,17.281186958993807,15.922902993380319,1.0,1.3333333333333333,1,4,23,22,44,23,22,1.0,2026-01-02 00:31:29,2026-06-29 07:38:31,350109.5909090909,261553.5,3286.0,378946.1305961953,15404822.0,2.9211630669174194e-06,1.082361232238735,31,1,30,31,1,244.93548387096774,235.0,134.81170460655383,11.204972655676087,11.31691058104427,0.6451612903017689,0.3548387096659729,17,26,5,2.873235826376329,3.271374163223059,31,31,2.359967741935484,0.129,1.4090909090268595,1,45,23,22,0.0018469882550024809,0.00256692408927299,0.10676532769556026,0,179,317
W0000195,23,13,18.746086486470475,16.181137215677044,15.875411163103918,17.08412390763789,15.959524475376536,10,18.784452429345883,16.481867398906324,16.091156375259327,17.400677970273776,16.4479817063091,1.0,1.3043478260869565,1,3,13,9,22,13,9,1.3,2026-01-01 16:31:02,2026-06-29 22:16:02,703922.7272727273,437200.5,6874.0,650327.7799902639,15486300.0,1.485183582574044e-06,0.9238611440331542,17,1,15,17,1,215.11764705882354,156.0,125.27264383782138,10.680355284587607,10.76648298735206,0.41176470585813146,0.588235294083045,13,15,3,2.7274111999733024,2.867260832389875,17,17,2.3495882352941173,0.31,1.8888888886790123,0,22,13,9,0.0011870930943156605,0.0005580906536706984,0.07792207792207792,0,179,150
W0000196,51,29,20.176231443301937,16.808935661702836,16.172928663146394,18.5016144484165,16.99650612298505,23,20.17203497902572,17.036540801275102,16.712124349327055,18.6880726180145,17.170082265405195,1.0,1.2549019607843137,1,4,27,23,49,27,23,1.125,2026-01-03 01:26:40,2026-06-29 07:38:31,306302.22,219860.5,35841.0,273405.3151869978,15315111.0,3.330044207316277e-06,0.892596934459252,47,1,38,46,1,237.51063829787233,220.0,134.22869393565102,11.658107474814726,11.704570093225035,0.4680851063730195,0.531914893605704,21,29,5,2.9038654961300474,3.3144244789842774,47,47,2.453872340425532,0.103,1.620689655116528,0,50,27,23,0.002298003665549436,0.0030002702366016183,0.09863945578231292,2,140,323
W0000197,47,24,19.666548083581006,16.48849431940205,15.877746681677971,17.982889480510824,16.554693868710483,24,19.675584040311037,16.497530275536874,15.862863085364104,17.924441831611762,16.620745333874588,1.0,1.297872340425532,1,4,22,23,44,22,23,0.9166666666666666,2026-01-01 21:43:38,2026-06-28 02:03:57,332791.7173913043,261185.0,16176.0,327223.82760243036,15308419.0,3.070205808306801e-06,0.9832661909415344,44,1,34,44,1,248.79545454545453,237.0,145.4798922484678,11.503228601991365,11.720167250724407,0.4318181818083678,0.568181818168905,21,29,5,3.025875489734011,3.3261956388149345,44,44,2.5729545454545453,0.011,1.4666666666177777,0,45,22,23,0.002076586432623676,0.0029170235994658775,0.08773784355179703,2,140,338
W0000198,40,21,19.919077172319398,16.874554779293625,15.916898750407885,19.1803374737721,17.625916763201747,19,19.691583824076496,16.747144895414117,16.447219957541993,18.039864208440434,16.637969349939194,1.0,1.225,1,4,20,19,37,20,19,1.0,2026-01-01 00:40:42,2026-06-25 00:47:55,387703.41025641025,274239.0,9593.0,308555.92580521194,15120433.0,2.6454267119581354e-06,0.7958535359480357,32,2,29,32,1,276.34375,278.0,134.28487037373318,11.373261017842253,11.210549294438875,0.4687499999853516,0.5312499999833985,19,26,4,3.32333463533804,3.667200535378986,32,32,2.6251875,0.261,1.6842105262271467,0,39,20,19,0.0018283702890944144,0.00223064622940663,0.08108108108108109,1,177,285
W0000199,51,25,19.56247409515039,16.34359834690122,15.749495165292583,18.304840294004002,16.68245802132535,26,19.630334807320637,16.372238343874265,15.969434956876782,18.089799993793903,16.429998443104168,1.0,1.0784313725490196,1,2,25,24,49,25,24,1.0,2026-01-02 23:37:46,2026-06-13 16:13:00,279402.28,198758.0,4349.0,303988.409029367,13970114.0,3.6506499767539494e-06,1.0879915548212853,33,1,29,33,1,238.54545454545453,272.0,142.29944020205483,11.279605307204458,11.425121046333453,0.5151515151359045,0.4848484848337925,23,29,5,3.1431129686390182,3.3592442187373575,33,33,2.8335151515151513,0.342,1.6499999999175,0,49,25,24,0.0022808451550941663,0.0033719826607234086,0.10119047619047619,0,179,339
W0000200,58,38,20.40612172977096,16.768535620852987,16.231096112763026,19.02033857249448,17.32244902687096,21,19.709086615281528,16.664564232700094,16.169626532119896,17.942341800292063,16.7370691029407,1.0,1.1379310344827587,1,4,36,21,57,36,21,1.6363636363636365,2026-01-02 03:19:34,2026-06-30 13:11:42,271949.6140350877,153863.0,5737.0,287216.8727114306,15501128.0,3.7416629459699356e-06,1.05613614343365,42,2,34,42,1,235.45238095238096,237.0,130.76420827169989,11.676998186707387,11.65529270625715,0.5238095237970521,0.47619047617913834,22,31,5,3.4958871742511515,3.7987943692942188,42,42,2.6544285714285714,0.057,1.6799999999328,0,57,36,21,0.003160601781736152,0.0038480059826717823,0.08020050125313283,0,179,290
W0000201,41,19,19.350220984146322,16.405782076032207,15.847066676073444,17.66460109053526,16.34562169341737,22,19.49332840010568,16.402286018588686,16.101406915464924,17.724918146168598,16.377302266853558,1.0,1.1951219512195121,1,3,18,22,40,18,22,0.782608695652174,2026-01-07 06:54:52,2026-06-28 02:45:43,371146.275,278290.0,6144.0,343322.28660635295,14845851.0,2.7617141811733002e-06,0.9250297920316212,30,1,24,30,1,257.3333333333333,272.0,117.32252431926138,11.223642111151474,11.234546649377918,0.4666666666511111,0.5333333333155555,18,21,5,2.949034256029419,3.0741971727682014,30,30,2.3497333333333335,0.039,1.6666666665740741,0,40,18,22,0.0015829930160429343,0.0020467483585769495,0.09743589743589744,1,177,287
W0000202,50,28,19.779775024159118,16.447570583345115,16.410024766939575,17.459020374980316,16.171600795225718,24,19.85239993188857,16.67434615648713,16.175086147923242,17.99495631978158,16.70544642642412,1.0,1.24,1,4,26,24,47,26,24,1.04,2026-01-01 15:34:19,2026-06-30 22:53:10,317925.1224489796,264407.0,15581.0,252894.2344920462,15578331.0,3.209586238115865e-06,0.7954496866882349,39,1,29,39,1,260.4102564102564,238.0,145.1528627903987,11.51230527269075,11.54690168052516,0.5128205128073636,0.48717948716699544,18,25,5,2.8407973188879496,3.1937325195765873,39,39,2.38,0.007,1.6249999999322917,0,50,26,24,0.0023427206706274693,0.003526307197534822,0.0971322849213691,1,177,328
W0000203,50,30,19.661616630283735,16.260419332464497,16.094986888414997,18.001671750100023,16.330849202589842,20,19.818605835144677,16.822873608541425,16.61359836628773,17.86109057318882,16.668023742792165,1.0,1.26,1,4,28,20,48,28,20,1.3333333333333333,2026-01-08 13:43:23,2026-06-23 22:35:18,293353.36734693876,172213.0,7378.0,297305.904700984,14374315.0,3.4784263821666366e-06,1.0134701841659373,33,1,29,33,1,219.63636363636363,196.0,144.65925873017474,11.380444948553261,11.367205810620822,0.4545454545316805,0.5454545454380166,21,27,3,3.067651605133773,3.287200468704577,33,33,2.010060606060606,0.037,1.499999999931818,0,48,28,20,0.002467013692994795,0.003060094942154384,0.08333333333333333,1,177,276
W0000204,36,18,19.287588280248716,16.397216593794905,16.291759756603177,17.51557898144247,16.200475525669905,19,19.57166669852982,16.62722777630183,16.27343545207197,18.35105619085373,16.855202692218587,1.0,1.0555555555555556,1,2,17,19,36,17,19,0.85,2026-01-02 17:32:21,2026-06-22 19:01:04,422277.8,298963.0,13993.0,417847.102912959,14779723.0,2.4357694365605204e-06,0.98950528161243,32,1,26,32,1,300.75,332.0,135.09518746950002,11.377758449729738,11.283675809286734,0.5312499999833985,0.4687499999853516,17,25,4,2.799538532571418,3.206954882778696,32,32,2.7159999999999997,0.056,1.6842105262271467,0,36,17,19,0.0016984875006545198,0.0016776750026055243,0.08412698412698413,1,177,260
W0000205,42,24,19.696807794151137,16.51875402799992,15.91565566900929,18.029445174053347,16.5747180305421,21,19.595528551369615,16.55100617541939,16.3402278910697,17.942443761483396,16.54893814419876,1.0,1.4523809523809523,1,4,20,20,39,20,20,0.9523809523809523,2026-01-02 04:35:37,2026-06-28 16:24:55,374033.1219512195,306480.0,14729.0,359186.5944137667,15335358.0,2.7387686196325758e-06,0.9603043501485964,23,1,17,23,1,257.82608695652175,244.0,136.33669957929126,11.021542926748845,10.940206706832509,0.5217391304120983,0.47826086954442343,13,17,4,2.620325542543215,2.9139548910719846,23,23,2.4787391304347826,0.132,1.5333333332311112,0,40,20,20,0.0016840251360844215,0.0021817797436632174,0.08367071524966262,0,179,277
W0000206,50,25,19.384642892526546,16.165767159189254,15.588554648626982,17.93054653540007,16.35503631537061,25,19.37615647680367,16.157280744246453,15.761993542917772,17.66438696907509,16.24143372140141,1.0,1.18,1,4,24,25,48,24,25,0.9230769230769231,2026-01-02 15:18:54,2026-06-30 15:12:24,315616.5306122449,215797.0,633.0,302481.61614813487,15465210.0,3.2330629048643435e-06,0.9583802761569404,35,2,28,35,1,238.6,237.0,133.9963125041353,11.622532949475378,11.49533159656918,0.4857142857004082,0.5142857142710204,20,27,5,3.4185910043352385,3.6579465400804314,35,35,2.450885714285714,0.032,1.6666666665873016,0,49,24,25,0.0024842761013356336,0.0034210924608897263,0.08067375886524823,1,177,327
W0000207,37,17,19.085439967414,16.252226705661357,15.524355157139823,17.77275460390613,16.44916234274467,20,19.13937468441011,16.143642503459912,15.673379111225067,17.391988852486207,16.07524099320849,1.0,1.162162162162162,1,4,17,19,35,17,19,0.85,2026-01-01 20:30:09,2026-06-29 12:43:00,428821.4166666667,316284.0,93.0,377469.7826343473,15437571.0,2.396749955239075e-06,0.880247319084914,31,1,26,31,1,230.06451612903226,221.0,161.2848278633943,11.159459651972444,11.368223339962581,0.4516129032112383,0.5483870967565037,18,22,5,2.8578288758198447,2.9868611338843616,31,31,2.597387096774194,0.041,1.4090909090268595,0,36,17,19,0.0016438045680341054,0.002010858530616378,0.07563025210084033,2,140,283
W0000208,40,22,19.621541863003298,16.53049947284132,16.344112430595896,17.72584716221696,16.41268429444988,20,19.661776433682704,16.666044215051503,16.454223971304252,17.906478726579234,16.5034707458553,1.0,1.175,1,3,20,20,40,20,20,0.9523809523809523,2026-01-03 19:34:25,2026-06-30 05:09:34,393007.92307692306,229774.0,7170.0,476088.7298098065,15327309.0,2.609720818591129e-06,1.2113941996085986,42,2,33,42,1,282.76190476190476,318.5,131.41886294496237,11.601348345320126,11.444657330797734,0.6190476190328799,0.3809523809433107,21,30,5,3.5009425834769115,3.774984845484695,42,42,2.4428095238095238,0.046,1.826086956442344,0,40,20,20,0.0017688814582076935,0.0018702463605058768,0.09743589743589744,0,179,284
W0000209,43,28,19.74144828506153,16.40924384695752,15.8406069161348,18.022459584975664,16.562088130124287,16,19.284832510275677,16.512243851247224,16.06491468129549,17.613136406673082,16.416501443935612,1.0,1.2093023255813953,1,3,27,16,43,27,16,1.588235294117647,2026-01-05 22:09:15,2026-06-25 20:00:00,351586.78571428574,327610.5,4452.0,298446.3755806005,14766645.0,2.911967958058993e-06,0.8488530822374186,32,1,27,32,1,223.1875,206.5,151.07367087701968,11.487740981431173,11.36361306178322,0.49999999998437505,0.49999999998437505,19,24,5,2.995864648336087,3.206954882778696,32,32,2.54603125,0.388,1.5238095237369615,0,43,27,16,0.0022777158170922377,0.002202790155160144,0.09856035437430787,0,179,253
W0000210,48,21,19.71395364090901,16.669431258059852,16.412152362158302,18.284209514238334,16.737293547733923,27,19.699818279793682,16.403981486141422,15.837214135544407,17.638259213263996,16.29580232257016,1.0,1.1041666666666667,1,2,21,27,47,21,27,0.75,2026-01-05 02:18:14,2026-06-30 02:58:53,323592.3191489362,214205.0,5470.0,291770.1421641407,15208839.0,3.1560592392319204e-06,0.9016568788611219,30,2,28,30,1,239.3,228.0,148.8887921026734,11.235721636806074,11.29040671842486,0.5666666666477778,0.4333333333188889,20,27,5,3.406855850490444,3.7608177529345452,30,30,2.6197999999999997,0.122,1.499999999925,0,48,21,27,0.0022629783584033284,0.0034793850223179225,0.0851063829787234,1,177,336
W0000211,52,29,19.861842259731542,16.49454649600783,15.85801772083542,17.737170736305867,16.567624210157078,25,19.851571370462924,16.632695602977734,16.36233542388723,18.294499007741674,16.786637818658,1.0,1.1730769230769231,1,3,26,25,49,26,25,1.0,2026-01-05 02:18:14,2026-06-20 10:41:11,281815.23529411765,205858.0,2649.0,318709.34014343465,14372577.0,3.618000890306527e-06,1.1309119214186276,20,1,18,20,1,284.65,295.0,140.76231366160624,10.815187764075905,10.774446134412141,0.499999999975,0.499999999975,16,19,5,2.892091859889595,3.060964047443681,20,20,2.28445,0.503,1.249999999921875,1,51,26,25,0.002300840809323423,0.004047242874700179,0.07482993197278912,0,179,357
W0000212,39,24,19.638496040379856,16.460442278083356,16.11814374980155,18.003976244859906,16.6375067497385,17,19.295418272371492,16.462204995030707,15.612663290698842,17.999813428483183,16.66791344689058,1.0,1.2820512820512822,1,4,22,16,37,22,16,1.2941176470588236,2026-01-04 12:49:07,2026-06-16 17:24:23,371045.15789473685,298571.0,6231.0,287157.8409055583,14099716.0,2.7660129632389077e-06,0.7739140664731609,26,1,25,26,1,272.6923076923077,274.0,148.42931495651908,11.015904122180634,11.008098480007638,0.6153846153609468,0.3846153846005917,18,21,5,2.9895489455674022,3.104933560952017,26,26,2.6083076923076924,0.045,1.3684210525595568,0,38,22,16,0.0019456509905449292,0.0020910221695320725,0.07507507507507508,2,140,254
W0000213,35,22,19.50366315667551,16.412620774419878,15.734886701891822,18.22096702044645,16.76921212485395,13,20.29110405681156,17.726154717837034,16.25896393763061,19.595438556127295,18.275423143464064,1.0,1.542857142857143,1,4,21,16,36,21,16,1.2352941176470589,2026-01-12 20:04:59,2026-06-24 09:17:14,413068.67647058825,286379.0,2451.0,385743.583956911,14044335.0,2.4921078504530226e-06,0.9338462877566783,15,1,14,15,1,240.86666666666667,216.0,152.62131786440145,10.80305929780341,10.584562151861805,0.39999999997333335,0.59999999996,14,14,4,2.8201119644709265,2.8201119644709265,15,15,3.0892666666666666,0.983,1.49999999985,0,37,21,16,0.001909448086360832,0.001714947034629043,0.08571428571428572,2,140,260
W0000214,41,26,20.177251177880862,16.91915468301836,16.53758203329796,18.3929299273194,17.059326869803566,15,20.230525896783742,17.52247571859666,15.977722391767106,18.852253443583677,17.72856573769678,1.0,1.146341463414634,1,4,26,14,40,26,14,1.7333333333333334,2026-01-02 06:42:01,2026-06-30 18:52:26,387735.625,298654.0,18046.0,308675.94896413136,15509425.0,2.6435536685883796e-06,0.7960969613436217,41,2,35,41,1,255.14634146341464,271.0,138.81292464601586,11.610496722973172,11.453217922507944,0.4878048780368828,0.512195121938727,20,28,5,3.267861509113498,3.505785594532119,41,41,2.7929024390243904,0.264,1.5185185184622771,0,40,26,14,0.0022894761431095628,0.0022033751605986442,0.08461538461538462,1,177,248
W0000215,48,30,19.665208507467796,16.26401120934794,15.824333666576123,17.961464180547935,16.403126394827076,20,19.651162780060304,16.655430562015137,15.83106896369474,18.123104619730388,16.79475503749754,1.0,1.2916666666666667,1,4,28,20,47,28,20,1.3333333333333333,2026-01-01 06:48:23,2026-06-26 13:19:22,324039.55319148937,229120.0,2161.0,277484.05550447234,15229859.0,3.151703298651465e-06,0.8563250888554532,39,1,33,39,1,277.56410256410254,280.0,127.18113789142485,11.395975831937383,11.543406172223815,0.5641025640881,0.43589743588625907,19,27,4,2.882401325270469,3.090117356569025,39,39,2.379948717948718,0.031,1.4999999999423077,0,48,28,20,0.002480155594531918,0.003160618234845907,0.0786308973172988,0,179,293
W0000216,31,19,19.452437942307306,16.507999027289298,16.02621684724358,18.343391365719512,16.86641701150981,13,19.244816295772196,16.679866990944337,16.635835198375222,17.943971288830188,16.542453550890013,1.0,1.3225806451612903,1,4,18,13,29,18,13,1.2857142857142858,2026-01-10 00:12:56,2026-06-30 22:53:10,495200.4666666667,392193.5,13450.0,512487.07608913945,14856014.0,2.086696869921039e-06,1.034906216128209,23,1,21,23,1,202.34782608695653,179.0,119.84786139695161,11.05074713802576,11.065497086334029,0.47826086954442343,0.5217391304120983,17,21,4,2.9246119561953123,3.1313461954198107,23,23,2.096,0.214,1.5333333332311112,0,31,18,13,0.0015653815664218172,0.0013008153788576509,0.1206896551724138,0,179,265
W0000217,37,20,19.61049391718803,16.614761701446877,16.266158738940973,18.26165489477508,16.789133067588786,17,19.133841848111306,16.300628582469887,16.269909115911233,17.35374382184763,15.95535149017107,1.0,1.2162162162162162,1,3,20,22,42,20,22,0.8695652173913043,2026-01-11 07:18:02,2026-06-30 17:21:09,409005.19444444444,233303.5,10854.0,444078.97512748267,14724187.0,2.5128720171190426e-06,1.0857512212759461,27,1,22,27,1,283.77777777777777,311.0,156.98097222601737,11.20065010832818,11.282152886491527,0.5185185184993141,0.48148148146364883,14,19,4,2.7799500009615423,3.0161516213719763,27,27,2.465888888888889,0.131,1.5882352940242215,0,42,20,22,0.0017577069579767283,0.002428736358156693,0.08246225319396051,1,177,281
W0000218,40,22,19.621750467413893,16.530708077238735,15.874877190282533,17.91193133003696,16.53200659514041,19,19.361142164921443,16.416703256035575,15.796973299738495,17.458656077876526,16.358986380728957,1.0,1.125,1,3,20,19,39,20,19,1.0,2026-01-01 16:31:26,2026-06-30 09:03:02,398079.3846153846,287281.0,272.0,417105.602275883,15525096.0,2.57647343523844e-06,1.047792401725295,34,1,29,34,1,278.8529411764706,281.5,125.70073463610723,11.470852688548321,11.41513621480872,0.676470588215398,0.32352941175519034,19,26,4,2.992117082326244,3.2385124867698245,34,34,2.328235294117647,0.097,1.4782608695009452,0,39,20,19,0.0019575576664758424,0.002231664606138783,0.07152496626180836,1,177,271
W0000219,55,30,19.931247512468516,16.530050194833954,15.746024650798043,17.909448737624167,16.6682420540076,25,19.91232227489103,16.693446504023544,15.816902851625589,18.574453217983113,17.054813938514503,1.0,1.2363636363636363,1,3,29,25,54,29,25,1.1153846153846154,2026-01-05 15:04:30,2026-06-29 15:23:43,280021.35185185185,171675.5,10524.0,369010.8808701607,15121153.0,3.6372885296981962e-06,1.3177908064474402,44,1,35,44,1,246.63636363636363,231.0,136.7061167902325,11.725889379142593,11.66906559310364,0.5454545454421488,0.454545454535124,20,33,4,2.954686143069347,3.4256829967940643,44,44,2.3824772727272725,0.019,1.571428571372449,0,54,29,25,0.0022395427288927276,0.003586045929225208,0.08944793850454227,2,140,349
W0000220,34,20,19.41515987456218,16.419427671292237,15.821039310364048,17.84780287459155,16.597853244192954,15,19.518992950933804,16.810942796512265,15.958218405609037,18.431281170378302,17.06341188220348,1.0,1.2647058823529411,1,4,18,15,33,18,15,1.125,2026-01-01 02:28:28,2026-06-27 06:13:57,463828.1515151515,346980.0,3850.0,519362.91132635047,15306329.0,2.2213032124617723e-06,1.119728912315648,23,2,19,23,1,310.60869565217394,338.0,138.4277754349094,10.947749246454157,10.995578624213973,0.39130434780907375,0.608695652147448,17,19,5,3.10049593970282,3.2038630593150694,23,23,2.749217391304348,0.546,1.4374999999101563,0,33,18,15,0.0017331939970700117,0.0016126238149535648,0.07765151515151515,2,140,216
W0000221,46,23,19.68080395641783,16.545309802884876,15.921469631421923,17.786569309496453,16.512239257586714,23,20.258731592907388,17.123237411986242,16.6663385549773,18.658818021447512,17.27477530510793,1.0,1.1304347826086956,1,3,20,23,41,20,23,0.8333333333333334,2026-01-09 23:10:54,2026-06-29 05:57:54,326942.6666666667,210041.0,17377.0,336197.63019607164,14712420.0,3.1266098217281847e-06,1.0283044587581498,31,1,27,31,1,281.61290322580646,306.0,142.52080021745476,11.22535005349663,11.354609455523075,0.3870967741810614,0.6129032257866805,20,25,4,2.9742787700294,3.23911609870693,31,31,2.6043548387096775,0.203,1.4761904761201814,0,43,20,23,0.002261397172023268,0.0024862647779910906,0.1073170731707317,2,140,332
W0000222,51,29,19.82190614277442,16.454610381750534,16.18115091636578,17.714327911325977,16.388351594153644,23,19.43049749405163,16.295003358265337,15.7671633294123,17.711405238372546,16.235934546739227,1.0,1.2549019607843137,1,4,28,21,48,28,21,1.2727272727272727,2026-01-02 06:14:03,2026-06-29 10:47:44,307912.42,221595.0,594.0,266887.77974242356,15395621.0,3.3126300450868436e-06,0.866762415689526,37,2,34,37,1,229.9189189189189,217.0,127.86980756882245,11.587569007965994,11.485173928639385,0.48648648647333825,0.5135135134996348,21,30,5,3.517619811282009,3.8510187672025546,37,37,2.679054054054054,0.121,1.5416666666024306,0,49,28,21,0.0023715847285340607,0.003027594235978168,0.07712765957446809,3,4,285
W0000223,41,24,20.05733779948702,16.87928401390388,16.110062521599307,18.459342964639298,17.11329764460415,17,20.509247496464482,17.676034172226593,17.7198953463429,18.460960002418048,17.412504230115104,1.0,1.3658536585365855,1,4,22,20,41,22,20,1.0476190476190477,2026-01-02 18:05:39,2026-06-30 22:21:17,387023.45,306058.0,6263.0,364728.14621303545,15480938.0,2.648418161198103e-06,0.9423904515930077,29,1,26,29,1,275.8965517241379,329.0,147.73319213742488,11.082081008522668,11.34645757209944,0.48275862067300834,0.5172413792925089,19,26,4,2.949075945600288,3.2910594630810275,29,29,2.554965517241379,0.554,1.5263157893933519,0,42,22,20,0.0022420855017402106,0.0026358135265840917,0.10975609756097561,0,179,320
W0000224,47,22,19.746832361665017,16.65578996406108,15.858580020278215,18.198542087562082,16.936827168834615,26,19.696756683875286,16.43866021563642,15.726711168912244,18.030598835369226,16.578737044907488,1.0,1.127659574468085,1,4,21,25,45,21,25,0.8076923076923077,2026-01-06 08:43:27,2026-06-30 06:07:15,328491.9130434783,213527.5,3307.0,429816.86725900817,15110628.0,3.1103933529173404e-06,1.3084509594948825,41,1,33,41,1,248.73170731707316,255.0,150.5436854189248,11.501621818798837,11.634018571846916,0.512195121938727,0.4878048780368828,22,30,4,3.0361906053786294,3.376887130331437,41,41,2.532560975609756,0.16,1.4137931033995244,0,46,21,25,0.002087770630315003,0.0030759513535644975,0.09090909090909091,0,179,356
W0000225,40,25,19.787658719141582,16.568782955443627,16.075386147045787,18.29756573480631,16.721913881224165,15,19.71388925486164,17.00583909217389,16.518639134382884,18.548285142850023,17.174887996079327,1.0,1.175,1,4,24,15,39,24,15,1.5,2026-01-01 17:01:22,2026-06-24 22:56:56,386023.9487179487,295792.0,883.0,373517.67508202547,15054934.0,2.6569360810923463e-06,0.9675998308465246,35,1,29,35,1,255.22857142857143,267.0,155.39174134203824,11.511674683068575,11.303351923184717,0.5714285714122449,0.42857142855918373,19,27,5,2.9346105161413916,3.2859304369820976,35,35,2.2214,0.161,1.4583333332725694,0,39,24,15,0.002182433072445752,0.0020181462106710077,0.09176788124156546,0,179,297
W0000226,41,24,19.508397120512896,16.330343367671535,15.982195512211403,17.71123221545772,16.34883565502959,18,19.58156677232558,16.69119506767487,15.908855744457798,17.94224775123593,16.686323186863962,1.0,1.2682926829268293,1,4,22,18,39,22,18,1.1578947368421053,2026-01-01 21:03:42,2026-06-27 09:38:24,381292.05,279993.0,7151.0,366900.87392519845,15251682.0,2.6882279155684e-06,0.9622542921388115,24,2,20,24,1,236.08333333333334,214.5,152.9196767464275,11.094435905739312,11.039508015264646,0.3333333333194444,0.6666666666388888,15,19,5,3.178925119031815,3.4256137404764773,24,24,1.848625,0.133,1.49999999990625,0,40,22,18,0.0020033684643855744,0.001958051764806237,0.08636977058029689,0,179,242
W0000227,45,24,19.871888170122,16.693834393660115,15.319566954520045,18.84347588252341,17.357078043285885,22,19.69337454721126,16.60233215266893,15.956384689084425,18.06200206530596,16.68158422327303,1.0,1.0666666666666667,1,2,23,21,44,23,21,1.0454545454545454,2026-01-03 02:25:03,2026-06-26 15:15:41,342723.5909090909,210178.5,12787.0,357730.988297938,15079838.0,2.9841167402384073e-06,1.0437855869899562,37,1,32,37,1,268.86486486486484,280.0,141.49855950624493,11.38131223150161,11.557602419574737,0.6486486486311177,0.3513513513418554,22,27,5,3.1212883380736995,3.297228203055509,37,37,2.420945945945946,0.107,1.6086956521039697,0,44,23,21,0.0020969394528415897,0.002444755290890778,0.10887949260042283,2,140,302
W0000228,45,27,19.609809717721824,16.313972930883946,15.599125449984253,17.93912967491368,16.520834544167084,20,19.2097300154663,16.213997828224837,16.110598970940437,17.127512069276726,15.71776841683654,1.0,1.2666666666666666,1,4,24,20,44,24,20,1.1428571428571428,2026-01-01 16:08:21,2026-06-23 14:48:47,339600.5909090909,257187.5,2888.0,362181.8078335103,14942426.0,3.01155896562185e-06,1.0664903155016843,27,1,23,27,1,233.59259259259258,203.0,125.1882457185852,11.13404873233352,11.12207306922991,0.40740740739231823,0.5925925925706447,18,19,4,2.592759955827108,2.711647259123532,27,27,2.418592592592592,0.013,1.5882352940242215,0,44,24,20,0.0023693130218053614,0.0028762038540796593,0.09936575052854123,2,140,310
W0000229,41,21,19.39438047471186,16.34985811252506,15.854766621254475,17.561378029457064,16.42659724868573,21,19.37366626690758,16.329143906301777,15.615913729200145,17.641514958895606,16.39411071137208,1.0,1.170731707317073,1,3,20,18,37,20,18,1.0526315789473684,2026-01-03 10:37:59,2026-06-26 11:47:24,375944.125,303450.0,7577.0,305365.40520155034,15037765.0,2.7264688119232605e-06,0.812260579789538,34,1,30,34,1,259.6764705882353,229.5,169.4663139116507,11.254206548142099,11.394006784713552,0.49999999998529415,0.49999999998529415,20,25,5,3.0272694282904085,3.1743282518198206,34,34,2.7610882352941175,0.178,1.6190476189705216,0,38,20,18,0.0017860419976920595,0.0020427526111084842,0.06456456456456457,0,179,268
W0000230,31,17,19.233415167163535,16.400201894090245,15.900951691048903,18.128834439777012,16.69841953098785,14,19.886095750084333,17.24703845049675,16.28203121655318,19.186572854217022,17.84268630523746,1.0,1.6451612903225807,1,4,16,21,37,16,21,0.7272727272727273,2026-01-27 04:18:55,2026-06-29 06:43:46,440929.7,418387.5,7555.0,328887.54419040645,13227891.0,2.3435328924669176e-06,0.7458939561033207,15,3,13,15,1,168.86666666666667,127.0,132.37223849361135,10.492662142713096,10.510041450510977,0.5333333332977778,0.46666666663555556,11,14,4,2.9511894468399484,3.2811939311696197,15,15,2.2879333333333336,0.21,1.49999999985,0,37,16,21,0.0015981944811700216,0.0017595678723512915,0.0945945945945946,0,179,302
W0000231,42,24,20.201860637977877,17.02380684637097,16.248020980796746,18.81908169287074,17.469649801096324,20,20.123816668255234,17.128084429302437,16.257149908200805,19.356652425131998,17.833808401171613,1.0,1.0952380952380953,1,2,20,20,39,20,20,0.9523809523809523,2026-01-01 11:14:11,2026-06-23 01:14:12,363687.8292682927,260813.0,5374.0,424564.7078617642,14911201.0,2.816674336515594e-06,1.167384515812454,25,1,20,25,1,252.68,267.0,147.6789084466702,10.94822426823492,11.198351697050132,0.5599999999776,0.4399999999824,17,20,5,2.9317325948008235,3.081928094887362,25,25,2.40228,0.06,1.5624999999023437,0,40,20,20,0.002189263205702363,0.0024016090435610674,0.07422402159244265,0,179,313
W0000232,52,37,19.678674914391983,16.067757104068235,15.199652604516022,17.87409026467228,16.22279482426482,16,19.421007864590468,16.648419197514553,16.058601346342645,17.91992138491301,16.61109674248577,1.0,1.3846153846153846,1,4,34,14,48,34,14,2.2666666666666666,2026-01-05 10:48:31,2026-06-26 04:47:55,290964.0,169651.0,4917.0,236430.32530240278,14839164.0,3.504240299235166e-06,0.8125730768388046,38,1,30,38,1,237.55263157894737,220.0,121.86073073632181,11.254672736542451,11.545247436432353,0.5526315789328256,0.4473684210408588,20,27,5,2.9927246981555156,3.2619930329806492,38,38,2.8202894736842103,0.07,1.3571428570943878,0,48,34,14,0.0027904694699386946,0.0023435662028343514,0.10372340425531915,2,140,221
W0000233,46,27,19.709024581375797,16.413187787060497,16.039107528680745,18.464723370664625,16.79275415826379,20,19.64294437750108,16.647212159913988,15.892400409349728,17.90048332511577,16.700567147920854,1.0,1.2608695652173914,1,4,23,20,42,23,20,1.0952380952380953,2026-01-03 10:13:51,2026-06-30 20:34:34,342587.6222222222,246107.0,5264.0,289162.7037520485,15416443.0,2.9838268799212063e-06,0.8440522685090264,38,1,33,38,1,255.76315789473685,233.0,153.94039460928016,11.630859600321589,11.550307951157558,0.49999999998684214,0.49999999998684214,22,28,5,3.114031026430169,3.3245573422196424,38,38,2.174421052631579,0.028,1.6521739129716446,0,43,23,20,0.0021335295747238517,0.002203011056201116,0.10336817653890824,2,140,272
W0000234,34,16,19.141502005179493,16.36891335589261,15.797284211378237,18.14084148937821,16.708071778961155,18,18.99111820013082,16.10074653833193,15.823228897050313,17.376554907612277,15.966393801243578,1.0,1.2941176470588236,1,4,16,18,34,16,18,0.8421052631578947,2026-01-28 11:44:19,2026-06-29 20:29:22,398918.2727272727,259180.0,23735.0,400730.36097896245,13164303.0,2.5827419360719715e-06,1.004539986848236,30,1,24,30,1,235.1,235.5,114.40923220524253,11.296248460401893,11.325426528647139,0.59999999998,0.3999999999866667,18,21,4,2.7865590382586447,2.8991404966280356,30,30,2.6191999999999998,0.092,1.5789473683379502,0,34,16,18,0.0014102402684269145,0.0015730471058721595,0.09269162210338681,1,177,260
W0000235,55,24,19.50845519821918,16.33040144537332,16.103859445350906,17.676131126206904,16.267498019891622,32,20.08710051397461,16.621364669740778,15.920884309469928,18.323318390880168,16.885760168919976,1.0,1.2,1,4,22,30,52,22,30,0.7096774193548387,2026-01-02 10:41:17,2026-06-27 06:34:48,281326.1296296296,161415.0,98.0,296380.6366918237,15191611.0,3.620418952248122e-06,1.0535089064535377,34,1,34,34,1,235.11764705882354,220.0,148.42011721561167,11.407787146846923,11.332673764544833,0.49999999998529415,0.49999999998529415,19,30,4,2.894273869771264,3.3966725970957574,34,34,2.5135294117647056,0.127,1.699999999915,0,52,22,30,0.0018034853011430836,0.0032381296598184123,0.09276018099547512,1,177,375
W0000236,36,27,19.012925014507207,15.71708829230487,15.434475741477344,17.00852528883352,15.626779268965034,14,19.021111188323978,16.382053930023524,15.747057766336198,17.69757742522341,16.35996745665371,1.0,1.5833333333333333,1,4,20,14,33,20,14,1.3333333333333333,2026-01-12 12:49:28,2026-06-28 07:36:19,411714.6,422124.0,9141.0,284792.0052311862,14410011.0,2.4982630132438475e-06,0.6917202195670659,26,1,22,26,1,288.3076923076923,310.0,129.85584907296837,11.079431184140562,11.089163994578948,0.3461538461405325,0.6538461538210059,16,21,4,2.8835917339457304,3.104933560952017,26,26,2.2556923076923074,0.222,1.4444444443641975,0,34,20,14,0.001741392926146315,0.0013344368127637847,0.13636363636363635,1,177,236
W0000237,48,24,19.618106952002723,16.44005319110797,15.712960463420378,18.08426015999713,16.702887353584615,24,19.55142216626869,16.373368410163323,15.683603016206735,18.248532566401764,16.68977019089946,1.0,1.1458333333333333,1,3,23,22,45,23,22,1.0,2026-01-03 03:59:43,2026-06-27 11:34:38,322282.87234042556,232465.0,4424.0,284932.93454620824,15147295.0,3.168882419674112e-06,0.8841054703638292,32,1,28,32,1,237.375,205.5,141.6498978057771,11.229049473527398,11.308112870340743,0.6562499999794923,0.34374999998925787,18,25,5,2.832059779479236,3.25,32,32,2.58953125,0.142,1.59999999992,0,45,23,22,0.0022645315051319868,0.0029711923885358507,0.08686868686868687,0,179,306
W0000238,57,25,19.92819753478162,16.709321763063635,15.720687101450057,19.18360590505381,17.54680087755385,32,19.85449965440328,16.388763825506548,16.073511850125364,18.01169437848794,16.364068544107358,1.0,1.263157894736842,1,4,22,37,58,22,37,0.5789473684210527,2026-01-02 12:08:07,2026-06-29 19:42:48,275115.73214285716,222145.5,4911.0,222773.26697090606,15406481.0,3.6997414464898605e-06,0.8097408879341762,51,1,40,51,1,259.5882352941176,245.0,121.05522317861188,11.93153711074828,11.771837623925895,0.5490196078323722,0.45098039214802005,19,37,5,2.9448438195679896,3.507685465060974,51,51,2.2853333333333334,0.064,1.5937499999501954,0,59,22,37,0.0022690634890761468,0.004796554109204465,0.09860859044162129,2,140,435
W0000239,44,24,19.133948878588125,15.955895160949387,15.278257150242892,17.462135325077366,16.13055614234756,20,19.07506652425871,16.07933434945934,16.06797424858438,16.85754881743225,15.804643425517572,1.0,1.1590909090909092,1,3,24,19,42,24,19,1.2,2026-01-06 23:36:08,2026-06-29 12:43:00,348707.25581395347,225803.0,93.0,343098.4112270534,14994412.0,2.9344263093193444e-06,0.9839124985045002,28,2,18,28,1,282.07142857142856,298.0,129.04433018710725,11.231874690116287,11.295652150054389,0.49999999998214284,0.49999999998214284,16,19,4,3.0499103423745173,3.3020047039435125,28,28,2.158642857142857,0.056,1.6470588234325259,0,43,24,19,0.0021442983056555575,0.002438302567401659,0.0859465737514518,2,140,264
W0000240,29,17,19.505600141417005,16.672386851429433,16.219079071095035,17.930918194615277,16.66463339132322,12,18.905154517604423,16.42024793557876,16.172971781815107,17.81590406468737,16.50178250184339,1.0,1.3103448275862069,1,3,17,19,36,17,19,0.85,2026-01-01 01:41:29,2026-06-24 19:14:59,539171.7857142857,452664.5,14900.0,480014.7308421982,15096810.0,1.920935487633779e-06,0.8902799687975422,24,2,18,24,1,296.2083333333333,313.0,147.83097844635202,11.134121761815555,11.022931350784171,0.4583333333142361,0.5416666666440972,15,17,4,3.1030315851563937,3.2481524643989688,24,24,2.779208333333333,0.321,1.5999999998933334,0,36,17,19,0.0017133805828270935,0.0017160020113154045,0.07777777777777778,1,177,275
W0000241,46,21,20.234138783869593,17.189616378764008,16.410992701741993,18.68542118307946,17.393577814313467,27,19.80451383863949,16.50867703779534,16.24225511392345,17.75769938524377,16.380037371210996,1.0,1.173913043478261,1,4,18,26,42,18,26,0.6666666666666666,2026-01-18 22:39:11,2026-06-30 19:23:56,312699.6666666667,262503.0,18276.0,269067.86996482714,14071485.0,3.2690221914018177e-06,0.8604646508529791,31,2,25,31,1,231.19354838709677,225.0,134.63962253730975,11.377632521726046,11.270382455076408,0.6129032257866805,0.3870967741810614,18,23,5,3.2498250455585245,3.499982706918637,31,31,2.5630967741935486,0.183,1.4090909090268595,0,44,18,26,0.001788203344251454,0.0027235943037893576,0.08362369337979095,0,179,359
W0000242,52,32,19.91873075469997,16.4529949212056,15.687521251586281,17.8896863238585,16.577308411638235,20,20.186062139039063,17.190329897998158,16.952028315113736,18.181015470033223,16.8166542280623,1.0,1.9038461538461537,1,4,29,52,79,29,52,0.5471698113207547,2026-01-13 02:14:32,2026-06-22 07:22:45,271421.43137254904,221959.0,1200.0,244167.37111549152,13842493.0,3.756548494801587e-06,0.8995843485771161,29,1,28,29,1,233.41379310344828,227.0,126.36695918785193,11.460758104487654,11.298865532389062,0.5172413792925089,0.48275862067300834,18,25,4,2.9546840319719427,3.2565767044603375,29,29,2.657551724137931,0.038,1.5263157893933519,0,81,29,52,0.0023445946102367272,0.007325567969406396,0.08016877637130802,1,177,441
W0000243,47,28,20.204309673069872,16.872105208262035,16.51673085494723,18.162245943020825,16.803367300737843,20,19.32697843934148,16.331246242550765,16.215356653941853,17.61812714074658,16.033972060909008,1.0,1.2127659574468086,1,4,25,20,44,25,20,1.1904761904761905,2026-01-03 11:39:21,2026-06-29 05:54:41,332002.60869565216,293439.0,5002.0,289864.1764558381,15272120.0,3.0775031182636647e-06,0.8730753788931153,36,1,32,36,1,260.19444444444446,240.0,150.62912248195084,11.534354220383522,11.540443351006967,0.472222222209105,0.5277777777631173,19,31,5,2.896509612312497,3.3973267367721705,36,36,2.5796666666666663,0.111,1.6363636362892562,0,45,25,20,0.002616400531419115,0.0031756521803262255,0.09936575052854123,0,179,350
W0000244,46,27,19.972610275668195,16.67677346474196,16.221689517009292,18.20777174052358,16.849719276878954,19,19.73791083014328,16.793471899194568,16.197576385369842,18.696131976190095,17.211825872259457,1.0,1.1521739130434783,1,4,26,19,44,26,19,1.3,2026-01-04 08:21:33,2026-06-29 12:23:54,338243.13333333336,288165.0,7882.0,332812.1201930466,15220941.0,3.0221519798183317e-06,0.9839405547503358,36,2,30,36,1,220.5,225.5,133.55138123048908,11.253091995338186,11.44522461560597,0.5833333333171297,0.4166666666550926,19,27,4,3.332333508445066,3.6579474582175338,36,36,2.4759444444444445,0.185,1.4999999999375,0,45,26,19,0.002417815425321289,0.0026723627383449223,0.1014799154334038,2,140,295
W0000245,33,17,18.513246935188434,15.680033736986427,14.958138137151554,16.681158918073987,15.552893340898581,16,18.562354544517916,15.789765952463773,15.618197520730522,17.039262873401466,15.831639351729839,1.0,1.3636363636363635,1,4,17,16,32,17,16,1.0,2026-01-05 13:41:28,2026-06-29 16:02:45,472764.90625,340279.5,34386.0,411265.9443096723,15128477.0,2.181316587167592e-06,0.8699145578661792,17,1,15,17,1,231.47058823529412,197.0,127.50692022742277,10.739132061324618,10.689282280329282,0.7647058823079584,0.235294117633218,12,13,4,2.562421774254573,2.643447877259381,17,17,2.5920588235294115,0.465,1.5454545453140496,0,33,17,16,0.0014572240592499995,0.0013656628667696135,0.0967741935483871,1,177,255
W0000246,39,20,19.33973336230435,16.344001164540742,15.9299332495938,17.718590230746326,16.43772815582908,20,19.295036499671923,16.299304305372754,16.03002043556596,17.54211169359092,16.135041537473946,1.0,1.2307692307692308,1,4,17,20,36,17,20,0.8095238095238095,2026-01-02 10:23:24,2026-06-30 00:24:22,406043.63157894736,304079.0,46171.0,350495.1634106996,15429658.0,2.5275996054092964e-06,0.8631936889493211,25,1,19,25,1,289.76,315.0,119.21698704463218,11.078628690193362,11.030590111603866,0.6799999999728,0.3199999999872,16,18,5,2.891732594800824,2.986830344844093,25,25,2.7975600000000003,0.254,1.4705882352076125,0,37,17,20,0.0017083076548911206,0.0017994269515122262,0.06825396825396825,0,179,286
W0000247,36,18,19.801459957063884,16.91108824190276,16.39686072236275,18.145853493105065,16.945963233210417,19,19.257374751687543,16.31293585048632,15.649170959449874,18.147390792946958,16.633377020413967,1.0,1.2222222222222223,1,4,17,18,35,17,18,0.8947368421052632,2026-01-07 20:57:21,2026-06-24 07:44:10,413360.2571428571,300025.0,2230.0,370334.42817463237,14467609.0,2.4883170060569782e-06,0.8959098652214648,24,1,23,24,1,263.4166666666667,245.5,148.34622155375365,11.095575005062832,11.069150828453848,0.5833333333090278,0.4166666666493056,17,21,5,2.858893912251748,3.0255605789184146,24,24,2.452,0.269,1.8461538460118343,0,35,17,18,0.0015390561513615453,0.0015321559962857474,0.0957983193277311,1,177,287
W0000248,35,19,19.27113586636682,16.326696964100055,15.671805579575494,17.664074587336316,16.45190101613773,17,19.15735617860652,16.32414291114274,15.836298097380903,17.704093621881917,16.47177631949394,1.0,1.2,1,4,16,17,32,16,17,0.8888888888888888,2026-01-01 21:45:29,2026-06-29 20:08:10,454698.85294117645,301201.5,6675.0,384682.56728184794,15459761.0,2.26394170880509e-06,0.8460142768764288,24,1,23,24,1,254.0,271.0,159.91764184702402,11.210386912841766,11.043209794260454,0.49999999997916666,0.49999999997916666,15,22,4,2.6029447911257995,3.167481250360578,24,24,2.689291666666666,0.157,1.411764705799308,0,33,16,17,0.0015639196355412763,0.001368064495288554,0.09475806451612903,2,140,263
W0000249,45,29,19.973602398673073,16.60630662794265,16.318440393303526,18.039524374764504,16.650030294366065,17,19.618337576454305,16.785124280702213,16.057434615978934,18.325415257149295,16.992609580243922,1.0,1.1111111111111112,1,3,26,17,41,26,17,1.4444444444444444,2026-01-08 06:04:01,2026-06-26 22:57:31,333236.5909090909,258428.5,2856.0,281113.36154384393,14662410.0,3.0690723374211786e-06,0.8435823844991523,40,1,35,40,1,266.275,250.0,142.02022021077823,11.38978560712709,11.507631476509118,0.624999999984375,0.37499999999062505,20,31,5,2.997874411189464,3.392091859889594,40,40,2.85475,0.287,1.4814814814266117,0,43,26,17,0.002468148707262162,0.0023904494852450622,0.07682926829268293,0,179,280
W0000250,31,20,19.535354379196008,16.539622167966254,16.06758894186827,17.988698832429005,16.57726668594966,12,19.340934986729483,16.85602838076743,16.684264946248383,17.87223450619137,16.625696312139446,1.0,1.2580645161290323,1,4,18,12,29,18,12,1.3846153846153846,2026-01-13 02:49:01,2026-06-23 13:14:11,464930.3333333333,363795.5,2061.0,408265.1935265415,13947910.0,2.2225550478491008e-06,0.8781193356005436,19,1,17,19,1,316.5263157894737,399.0,164.05499363223456,10.89382768342006,10.813337587580296,0.63157894733518,0.3684210526121884,14,18,4,2.5902024244826003,3.0187005988270554,19,19,2.410315789473684,0.366,1.4615384614260354,0,30,18,12,0.0017886644014591937,0.0012104441409352728,0.0812807881773399,0,179,208
W0000251,46,24,19.511736006760106,16.333682253660392,15.884828844465392,17.75788744753082,16.37682393544336,23,19.53734602889739,16.40185188498956,16.203368901614496,17.75788744753082,16.318281462959934,1.0,1.2173913043478262,1,4,23,22,42,23,22,1.0,2026-01-02 20:24:50,2026-06-27 14:00:31,337407.5777777778,220881.0,3673.0,371043.13531071297,15183341.0,3.0296360313822873e-06,1.099684950970889,27,1,22,27,1,242.2962962962963,194.0,141.32445343818296,11.099861558986733,11.226016426983632,0.5925925925706447,0.40740740739231823,17,21,5,2.9190199084490778,3.104205093634263,27,27,2.535740740740741,0.03,1.4210526315041552,0,45,23,22,0.0021686076807026305,0.002937769735113918,0.08130081300813008,0,179,310
W0000252,49,28,19.59996099401293,16.267756566862715,15.860307405527163,17.66678352621181,16.268502490045734,22,19.374419503315963,16.28337713087018,16.132088788742617,17.50853814665944,16.210737677542777,1.0,1.163265306122449,1,3,26,22,48,26,22,1.1304347826086956,2026-01-03 04:41:55,2026-06-26 15:39:46,314022.3125,293868.0,5022.0,271590.1919747061,15073071.0,3.2508303549535224e-06,0.864872705827234,23,1,21,23,1,254.04347826086956,292.0,148.76200585953316,10.964553725130267,10.997522715461125,0.5652173912797731,0.43478260867674856,15,19,4,2.723692662155464,2.9410839665032906,23,23,2.518086956521739,0.322,1.27777777770679,0,48,26,22,0.0020916362379783822,0.0030606209288477665,0.08687943262411348,2,140,291
W0000253,47,30,20.04476990278008,16.643572578274345,16.29148114985035,17.905917528035545,16.614536183317302,18,19.46755804420925,16.57718634598856,16.222561426455524,18.17759357165283,16.65688616665435,1.0,1.148936170212766,1,3,28,18,46,28,18,1.4736842105263157,2026-01-03 17:34:50,2026-06-26 06:59:39,325988.89130434784,281193.5,3750.0,306572.4222006372,14995489.0,3.134275705562139e-06,0.9404353643420731,31,1,29,31,1,263.1290322580645,287.0,139.27352989363143,11.512665431164368,11.266833092277611,0.5161290322414152,0.48387096772632676,19,27,5,2.8295410828921175,3.3036322277391883,31,31,2.3888709677419353,0.158,1.7222222221265433,0,46,28,18,0.0025141845264648804,0.0028695620272333193,0.08115942028985507,0,179,281
W0000254,57,33,20.457453100428136,16.96094558070536,16.050260180852483,19.558434434936427,17.79286573541935,25,20.552606857541836,17.3337310611397,16.564045800824534,19.558434434936427,17.91436399100229,1.0,1.2280701754385965,1,4,32,25,56,32,25,1.2307692307692308,2026-01-01 10:36:51,2026-06-29 02:26:53,275646.46428571426,181299.5,26.0,295337.16164552514,15436202.0,3.692617932013462e-06,1.0714307218854082,39,1,36,39,1,240.3846153846154,234.0,152.83110998137016,11.408808620077659,11.634443738155348,0.4102564102458909,0.5897435897284682,21,30,4,2.959324402193546,3.2964049585803905,39,39,2.592846153846154,0.031,1.4444444443909465,1,57,32,25,0.002641039096741105,0.004526768545326147,0.09090909090909091,0,179,332
W0000255,42,23,19.548331923032254,16.41283777833754,15.81594744675523,18.653698480646494,17.042283712716888,19,19.05494460387562,16.110505720167808,15.79865538337267,17.67281252732071,16.19260406692922,1.0,1.3333333333333333,1,6,22,19,40,22,19,1.1,2026-01-01 17:01:52,2026-06-24 02:52:23,365430.0243902439,261727.0,2568.0,342407.33226600796,14982631.0,2.803245784852755e-06,0.9369957923998019,28,1,26,27,1,254.85714285714286,236.5,148.6548860020253,11.177844260415155,11.151898206292632,0.7499999999732143,0.24999999999107142,21,24,5,3.1044830413473123,3.225106032457374,28,28,2.4125357142857142,0.02,1.4736842104487535,0,41,22,19,0.0019255506108012055,0.0021077284328778444,0.10128205128205128,1,177,266
W0000256,42,21,19.55652151901748,16.511999145524452,15.788181701680259,18.044495986700397,16.778173346538583,22,19.534759750557065,16.443717366124407,15.868016380983804,18.252571452754555,16.707094051858906,1.0,1.3571428571428572,1,4,20,24,42,20,24,0.8,2026-01-04 10:48:36,2026-06-30 15:27:49,373403.73170731706,339241.0,3748.0,349680.4839444164,15309553.0,2.7433849477261063e-06,0.9364650585587752,32,1,28,32,1,233.875,226.5,145.76533284037228,11.37259386036835,11.273385727844461,0.4687499999853516,0.5312499999833985,18,24,5,2.8989842822057974,3.1177342822057974,32,32,2.44175,0.07,1.5238095237369615,0,44,20,24,0.0016501279927359077,0.002243847664641135,0.10220673635307782,1,177,326
W0000257,43,19,19.725565951736932,16.78112702138715,16.323663490358662,17.970463632069123,16.732969005708533,24,19.933536793135396,16.755483013451837,16.153267602001563,18.0401955144868,16.712636898497145,1.0,1.0465116279069768,1,2,19,23,42,19,23,0.7916666666666666,2026-01-01 14:36:32,2026-06-30 15:07:55,370330.54761904763,319013.5,6078.0,356233.79182279843,15553883.0,2.7645827884533536e-06,0.9619320690152185,42,1,36,42,1,221.23809523809524,186.5,142.70741165974826,11.477505519738967,11.599699313752266,0.4047619047522676,0.5952380952239229,23,29,5,2.925611881619399,3.244117423600737,42,42,2.477904761904762,0.122,1.6153846153224851,0,42,19,23,0.0019570910565823284,0.0025658395046447265,0.09639953542392567,2,140,346
W0000258,49,21,20.07223323979365,17.02771084042062,16.358033623174965,19.359946923224953,17.80343165318258,28,19.933461974454897,16.601257523759728,15.826237805422338,18.495543770980397,16.97680571490331,1.0,1.0612244897959184,1,2,20,26,45,20,26,0.7407407407407407,2026-01-01 00:25:58,2026-06-29 04:31:12,322506.5416666667,166892.0,5949.0,366860.75924350595,15480314.0,3.1653102666192516e-06,1.1375261407768296,36,2,31,36,1,256.8333333333333,278.5,148.2321538282819,11.325908903872053,11.354785170537204,0.5555555555401235,0.4444444444320988,20,29,5,3.3239348962840554,3.7217974948217747,36,36,2.6029444444444447,0.181,1.4999999999375,0,46,20,26,0.0018209218344049302,0.0026934611960770845,0.09696969696969697,1,177,330
W0000259,43,23,19.593604529775863,16.458110381928094,15.596112681523103,17.828210407765972,16.499474882685544,20,20.175104374534577,17.179372133851903,17.131277730114217,18.361203886951817,16.872550456049304,1.0,2.0232558139534884,1,4,22,56,76,22,56,0.38596491228070173,2026-01-05 08:49:12,2026-06-25 06:11:25,351546.0238095238,261523.5,10174.0,290887.506596244,14764933.0,2.912305601907872e-06,0.8274497773983531,23,1,22,23,1,246.52173913043478,248.0,139.24859051521602,10.777476028176377,11.004363942857305,0.43478260867674856,0.5652173912797731,15,20,5,2.8212448365830625,3.0714573366771267,23,23,2.4333913043478264,0.163,1.5333333332311112,0,78,22,56,0.0020892289013668174,0.006686562489388015,0.08701754385964912,0,179,455
W0000260,53,28,20.15137593431232,16.81917147197064,16.36449245753374,18.382616412332162,16.933505193620622,27,20.163809738759902,16.867972918248306,16.441892174816108,18.164191322749645,16.784756143530334,1.0,1.2641509433962264,1,4,26,26,52,26,26,0.9629629629629629,2026-01-08 04:29:48,2026-06-29 00:31:06,285509.1923076923,283475.0,8617.0,242248.2438733602,14846478.0,3.5698700008264584e-06,0.8484749420514242,43,1,37,43,1,264.8139534883721,283.0,162.47245272938596,11.6336729910684,11.60896265316717,0.3953488372001082,0.6046511627766361,21,28,5,2.9871649893773764,3.2014460721578555,43,43,2.770232558139535,0.248,1.6538461537825444,0,52,26,26,0.0022284724266023745,0.0036079813673327815,0.0942684766214178,2,140,331
W0000261,39,22,19.37125620008221,16.280213827892783,15.702671717960913,18.124640626820014,16.562317290788666,19,19.36759970990543,16.42316080056718,15.843330067017538,18.158800665248027,16.705640794886868,1.0,1.1025641025641026,1,3,19,19,38,19,19,0.95,2026-01-02 10:25:37,2026-06-26 17:45:11,398588.7894736842,261016.5,4935.0,405118.28307746135,15146374.0,2.5748735258436424e-06,1.0163789785292736,38,1,34,38,1,284.7105263157895,313.0,150.2149645071278,11.501288011726107,11.458606545359917,0.5263157894598338,0.47368421051385046,22,29,5,3.089369145102179,3.3409404014017023,38,38,2.5033421052631577,0.141,1.6521739129716446,0,38,19,19,0.0019273002796543646,0.0022028306545911003,0.09388335704125178,0,179,309
W0000262,48,24,19.682179455917463,16.50412569071224,15.75788904948069,17.81878856844216,16.501940696156385,24,19.660490104125305,16.482436340348418,15.974103159918226,18.02964038707637,16.608124146830214,1.0,1.2708333333333333,1,4,24,24,46,24,24,0.96,2026-01-01 06:51:47,2026-06-30 22:53:10,332120.91489361704,291532.0,6742.0,275239.5482548145,15609683.0,3.075014202721849e-06,0.8287304628572232,43,1,35,43,1,261.30232558139534,286.0,138.30720376578552,11.682263094205888,11.677261242998707,0.4883720930118984,0.511627906964846,22,31,5,3.0687727054809133,3.402029034302637,43,43,2.7082093023255815,0.019,1.6538461537825444,0,48,24,24,0.0020408222856736864,0.00305457905226407,0.08985507246376812,2,140,331
W0000263,46,24,19.709118746002915,16.53106497906622,15.879819299213912,17.83308377105758,16.570925038751025,22,19.633015652229933,16.541973261347,15.785789294994217,18.504232785167012,17.023189402071853,1.0,1.1304347826086956,1,4,24,21,45,24,21,1.0909090909090908,2026-01-09 15:25:50,2026-06-29 23:17:36,328949.02222222224,200238.0,17344.0,326290.37268565013,14802706.0,3.107539722295388e-06,0.9919147306371806,48,1,36,48,1,243.0,217.5,137.6568351202335,11.659585301210097,11.648696846944349,0.5208333333224827,0.47916666665668406,22,30,3,3.0441836477928605,3.299937369994492,48,48,2.465854166666667,0.035,1.9199999999232,0,45,24,21,0.0020188932948252726,0.002481937907508982,0.11313131313131314,1,177,301
W0000264,34,18,19.199036095870095,16.30866441603122,15.6990490555709,18.078213899519028,16.632395604366714,17,19.13197348846058,16.298760222965807,16.010698173212244,17.380365457353214,16.062414071116283,1.0,1.088235294117647,1,2,17,17,34,17,17,0.9444444444444444,2026-01-04 21:03:16,2026-06-23 01:14:12,442928.9696969697,353250.0,1481.0,415298.29966306186,14616656.0,2.3261132829483514e-06,0.9376161652533649,30,2,25,30,1,221.23333333333332,226.5,156.0109817826348,11.17310763809792,11.196061719154867,0.6333333333122222,0.3666666666544444,18,22,4,3.3685637253686993,3.5352303920353654,30,30,2.2532,0.091,1.3636363635743802,1,34,17,17,0.0017068458245888007,0.0016944361421668366,0.0873440285204991,1,177,269
W0000265,35,21,19.430891373272413,16.38636900837744,15.939233543363686,17.893697096247397,16.539856108846564,17,19.69966650980558,16.866453210280472,16.780874599276626,17.65683232633678,16.416958327508375,1.0,1.3428571428571427,1,4,17,17,33,17,17,0.9444444444444444,2026-01-02 22:05:41,2026-06-28 10:11:17,448527.5294117647,317650.0,43177.0,384294.06642287946,15249936.0,2.2950914485745087e-06,0.8567884565266621,23,1,18,23,1,284.60869565217394,294.0,136.84488203484423,10.809546113844034,10.915070282231135,0.5217391304120983,0.47826086954442343,17,18,4,2.6928786371077003,2.897605705633725,23,23,2.633652173913043,0.011,1.3529411763910035,0,34,17,17,0.0014820911746811632,0.00136817162721126,0.11931818181818182,2,140,278
W0000266,36,18,19.126958736822512,16.23658706281752,16.04899805970273,17.839596179715073,16.317085881032337,19,19.072264639679272,16.127825754332346,15.90390391234193,17.348201766155658,15.898696214797155,1.0,1.3055555555555556,1,4,17,19,36,17,19,0.85,2026-01-07 04:11:45,2026-06-23 20:40:12,413945.9142857143,228243.0,26781.0,500386.6537738222,14488107.0,2.4847964965473755e-06,1.2088184173018028,22,2,21,22,1,249.8181818181818,287.5,144.35097319797836,11.00319923664754,10.701760221137073,0.5909090908822314,0.40909090907231405,16,21,5,3.2031330422772166,3.5086976658694056,22,22,3.1028636363636366,0.605,1.222222222154321,0,36,17,19,0.0013773896245612362,0.0014487522687750675,0.1349206349206349,1,177,319
W0000267,52,29,19.487084904913406,16.119789171315286,15.727700961476268,17.56156128972431,16.220163136293344,24,19.87911931154971,16.701065534699577,16.30353637974019,18.02167798481428,16.624788325662635,1.0,1.1538461538461537,1,3,27,23,50,27,23,1.125,2026-01-01 08:42:05,2026-06-23 10:04:35,293179.4117647059,189697.0,3006.0,300334.98706225865,14952150.0,3.4777604907815603e-06,1.0244033196300124,43,2,33,43,1,268.9767441860465,261.0,152.24126972734726,11.775974110580126,11.487587143955034,0.511627906964846,0.4883720930118984,19,28,5,3.2887216932367975,3.5923848086705212,43,43,2.5310465116279066,0.014,1.6538461537825444,1,50,27,23,0.0022701635733221206,0.003106018308428306,0.10857142857142857,2,140,347
W0000268,48,25,19.940150998264343,16.72127522591481,16.274360494365983,18.07736075288638,16.769075513223328,24,19.954319915997047,16.776266135271392,16.23456422308592,18.124709544750186,16.776586160974116,1.0,1.1666666666666667,1,4,24,23,47,24,23,1.0,2026-01-02 09:57:41,2026-06-29 22:11:26,328153.72340425535,243732.0,3318.0,363958.96691138734,15423225.0,3.1121893694613567e-06,1.109107810899996,35,2,30,35,1,285.74285714285713,293.0,127.01698424114112,11.46271579377725,11.380022446306,0.5428571428416327,0.45714285712979597,21,25,4,3.3179403380953767,3.6008036829375745,35,35,2.7561428571428572,0.036,1.6666666665873016,1,47,24,23,0.0021453673955213973,0.0029293486708136655,0.07585568917668825,1,177,317
W0000269,40,20,19.52183242895597,16.526100218574687,16.350092099482453,17.843566143450495,16.431317058252734,21,19.416725915493288,16.37220355163731,16.26234905681058,17.718406538529845,16.18555279741101,1.0,1.1,1,3,19,21,38,19,21,0.8636363636363636,2026-01-08 07:23:40,2026-06-12 23:55:45,344910.89743589744,264419.0,1409.0,303190.8358845261,13451525.0,2.973640314117521e-06,0.8790384968986891,35,2,27,35,1,280.8,313.0,146.87745992933742,11.57662300758447,11.306110375768128,0.685714285694694,0.31428571427673474,21,26,4,3.3996346952199854,3.594058130569084,35,35,2.358114285714286,0.081,1.7499999999125,0,40,19,21,0.0018073577943937143,0.00214824311207606,0.09672830725462304,1,177,286
W0000270,53,29,20.27476938456372,16.907473598424012,16.18997481974551,18.653698480646494,17.160950921900266,27,19.832502756725322,16.536665954082693,15.89191988211556,18.446205537013768,16.82493998573529,1.0,1.2830188679245282,1,6,26,25,50,26,25,1.0,2026-01-01 17:01:52,2026-06-23 20:33:33,287690.4038461539,224720.5,11130.0,294473.9222067946,14959901.0,3.5428039568708407e-06,1.0235756726477228,48,2,37,48,1,236.4375,199.0,141.90345927890255,11.858244170230371,11.701891564482851,0.4999999999895834,0.4999999999895834,20,31,5,3.3996380298866704,3.8025743111122257,48,48,2.4169791666666667,0.042,1.7777777777119341,0,51,26,25,0.0022516489228428904,0.0035084867725718636,0.11183673469387755,1,177,326
W0000271,35,19,19.76225543070717,16.81781649859879,16.41921617162323,18.299764349450328,16.886891734137595,17,20.219363945398893,17.386150627825348,17.189246399592225,18.825743404422674,17.46868876780856,1.0,1.1714285714285715,1,3,18,17,35,18,17,1.0,2026-01-13 17:23:40,2026-06-30 16:01:18,426772.29411764705,252861.0,705.0,492960.14017808344,14510258.0,2.4120865106542895e-06,1.155086663042676,31,2,28,31,1,246.7741935483871,208.0,148.86318319795515,11.357989476869129,11.396762366506797,0.3870967741810614,0.6129032257866805,18,26,5,3.316722654442335,3.7296922158068866,31,31,2.357193548387097,0.008,1.7222222221265433,0,35,18,17,0.0017734233582231591,0.0020112989347121665,0.06050420168067227,2,140,265
W0000272,37,18,19.177844256207703,16.28747257804066,16.02942027210336,17.89376061230963,16.44894702354789,19,19.138644266033307,16.19420537466088,16.036148230470477,17.178964050098777,15.901453094132398,1.0,1.2162162162162162,1,4,18,19,37,18,19,0.9,2026-01-23 02:28:47,2026-06-29 02:12:11,376772.3333333333,280828.5,15759.0,342784.2025193943,13563804.0,2.7278481222636274e-06,0.9097889160221733,33,1,28,33,1,208.12121212121212,154.0,154.78892030272985,11.464606689679599,11.296086994790613,0.5757575757401286,0.4242424242295685,20,27,5,2.9535867464620083,3.298638158131296,33,33,2.331060606060606,0.012,1.6499999999175,0,37,18,19,0.001661823261102707,0.0017836229314045534,0.1006006006006006,1,177,267
W0000273,41,23,19.927571244683268,16.79207707750567,16.076880037313554,18.80602477406431,17.270576422288357,18,19.601003935774187,16.710632230098525,16.11085379188175,18.419691414727556,16.990006366931322,1.0,1.1951219512195121,1,3,23,17,39,23,17,1.2777777777777777,2026-01-02 06:22:06,2026-06-28 08:18:54,382495.2,274159.0,4298.0,404336.8086502853,15299808.0,2.679772015454572e-06,1.0571001977282004,33,1,29,33,1,268.6666666666667,293.0,148.14892563453395,11.408886298168593,11.218702044475025,0.5757575757401286,0.4242424242295685,20,25,4,3.0636415671566457,3.0426168458444653,33,33,2.475848484848485,0.322,1.5714285713537415,0,40,23,17,0.002038598555823205,0.0022365091561469194,0.07692307692307693,1,177,253
W0000274,35,21,19.834398339776893,16.789875950700935,16.218275047770224,18.047267274986325,16.777341580400954,14,19.307585729090007,16.66852845302548,16.28518482346744,17.87025730660633,16.557790783006077,1.0,1.2,1,4,20,14,34,20,14,1.3333333333333333,2026-01-19 01:25:11,2026-06-29 04:29:06,409453.9705882353,336554.5,6904.0,398600.88851597713,13921435.0,2.5141084583515667e-06,0.9734913901358558,20,1,19,20,1,232.05,277.0,138.86133750123386,10.61665792430154,10.886183811606895,0.5499999999725,0.4499999999775,14,19,4,2.6659614479285128,3.060964047443681,20,20,2.1309,0.202,1.3333333332444444,0,34,20,14,0.0018518572144249003,0.0015506952231473241,0.0873440285204991,2,140,211
W0000275,32,16,19.19653846573578,16.42394981254232,16.188517627454747,17.377690117259025,16.17131849944697,16,19.229046933638063,16.456458278236102,16.031729811019353,17.97954419815423,16.557324790253027,1.0,1.15625,1,3,15,16,31,15,16,0.8823529411764706,2026-01-04 10:16:07,2026-06-22 06:42:16,470605.4516129032,283592.0,45998.0,462724.15043117845,14588769.0,2.193467989419259e-06,0.9832507583465763,18,1,17,17,1,296.22222222222223,309.0,138.49338720911402,10.849977658141125,10.640555920154002,0.5555555555246914,0.44444444441975306,14,17,5,2.684771938731434,2.9738513896100445,18,18,2.489333333333333,0.34,1.499999999875,0,31,15,16,0.001477550332743163,0.0014145752555651703,0.1053763440860215,1,177,300
W0000276,47,26,19.649846179253277,16.391749714365947,16.066542691281708,17.71786699227565,16.391460492880732,21,19.463054636610774,16.418532269410672,16.15765803650417,17.33622476029746,16.106470044576895,1.0,1.1702127659574468,1,3,26,20,46,26,20,1.2380952380952381,2026-01-03 19:50:18,2026-06-30 08:37:27,333452.8043478261,239183.0,1411.0,317639.6206771735,15338829.0,3.0641189712644313e-06,0.9525745891501156,37,1,33,37,1,214.0810810810811,204.0,142.47599766244807,11.583057687150607,11.513675183860775,0.5135135134996348,0.48648648647333825,18,27,5,2.836047807552491,3.2341002168043587,37,37,2.4515945945945945,0.11,1.5416666666024306,1,46,26,20,0.0022079125914578218,0.002621935263823944,0.08695652173913043,1,177,285
W0000277,38,19,19.292517865799436,16.34807896190586,15.835021877301545,18.29399463454012,16.786704617204684,21,19.397044751326565,16.35252238893878,15.726781494176231,17.41523847384913,16.266364203603818,1.0,1.263157894736842,1,3,17,21,38,17,21,0.7727272727272727,2026-01-10 02:12:28,2026-06-30 06:26:08,399719.45945945947,233473.0,2854.0,398237.03060290864,14789620.0,2.5693694246796452e-06,0.9962888343054622,26,1,24,26,1,277.3076923076923,298.0,116.9515349983126,11.243345227882429,11.144481537431497,0.46153846152071004,0.5384615384408284,18,21,5,2.909346447745378,3.104933560952017,26,26,2.603615384615385,0.303,1.6249999998984375,0,38,17,21,0.0014190486987088495,0.0017756663917136964,0.09388335704125178,0,179,288
W0000278,43,22,19.342423669568994,16.251381299753938,15.845369512215282,18.05431799584018,16.464912704083257,22,19.26110964841357,16.170067285675582,15.704657139587283,17.365193000099822,16.069394259857454,1.0,1.1627906976744187,1,4,21,21,41,21,21,0.9545454545454546,2026-01-01 09:33:37,2026-06-29 03:13:19,367685.28571428574,278041.5,1772.0,317324.50160804536,15442782.0,2.7844722029701512e-06,0.8630305614787751,19,2,18,19,1,219.26315789473685,180.0,137.23614769410472,10.92117897028042,10.665927559592022,0.47368421050138504,0.5263157894459833,16,17,4,3.33191079483375,3.3845423737811187,19,19,1.8435263157894737,0.103,1.2666666665822222,0,42,21,21,0.0017258931118202818,0.0023872432363642067,0.07560975609756097,2,140,328
W0000279,50,29,19.737109055154523,16.369813300233563,15.719392628329278,18.061324666127092,16.63803148421623,24,19.61778326584234,16.439729504970074,16.046830986617294,18.28467284732166,16.660819455885814,1.0,1.14,1,3,26,24,47,26,24,1.04,2026-01-03 21:43:15,2026-06-30 23:25:36,313986.55102040817,209000.0,2450.0,330594.1653001495,15385341.0,3.2498465097493445e-06,1.05288940349951,35,1,27,35,1,275.85714285714283,289.0,127.34186106631209,11.264117891900502,11.52746919041107,0.5999999999828572,0.39999999998857144,19,27,4,2.9894320440940483,3.257359008410669,35,35,2.2738285714285715,0.011,1.399999999944,0,50,26,24,0.0023584656129687475,0.0035855097198849166,0.09250693802035152,0,179,324
W0000280,36,15,19.2688143921145,16.56076425096216,16.182360884756307,17.939946046197118,16.68686202813633,21,19.164917865975056,16.12039552327095,15.960686585018763,17.153972414336764,15.76442286470162,1.0,1.0833333333333333,1,3,15,21,36,15,21,0.6818181818181818,2026-01-01 07:47:19,2026-06-29 19:57:46,443126.4857142857,356937.0,13098.0,458451.1795267121,15509427.0,2.3211687755344683e-06,1.0345807793613295,22,1,19,22,1,232.1818181818182,187.5,155.60561758853126,11.009422961584018,10.889285690168437,0.6363636363347107,0.3636363636198347,15,17,4,2.7423475278727927,2.8504131529219623,22,22,2.274,0.056,1.294117646982699,0,36,15,21,0.0013811824096617064,0.0017228081647321176,0.06825396825396825,1,177,265
W0000281,47,32,19.634575335159738,16.168839524441843,15.631759367091687,18.054902245258656,16.421794411452204,15,19.44507711976957,16.737026968929197,16.008900682060908,17.74342124315469,16.696361514595175,1.0,1.1702127659574468,1,4,31,15,46,31,15,1.9375,2026-01-06 05:21:21,2026-06-30 22:08:57,330009.9130434783,178478.5,1755.0,326032.74052618473,15180456.0,3.0960859742233055e-06,0.9879453304116358,37,2,31,37,1,244.0,251.0,147.87288084327324,11.480990942939878,11.576181914605243,0.5945945945785245,0.4054054053944485,21,28,5,3.4606175932010337,3.697236174340587,37,37,2.4553243243243243,0.149,1.6818181817417355,1,46,31,15,0.0028640799214417144,0.0024855057762839554,0.09565217391304348,0,179,228
W0000282,46,30,19.89392217499423,16.49272485979468,16.25750905433995,17.596596311644422,16.301949384607884,19,19.88027387884183,16.935834941494928,16.451356880667436,18.254431524389275,16.8719614604004,1.0,1.3478260869565217,1,4,25,19,44,25,19,1.25,2026-01-01 10:36:51,2026-06-29 12:01:58,343793.4888888889,262760.0,11302.0,352485.58897290216,15470707.0,2.9733610123079047e-06,1.0252799284598832,26,2,22,26,1,317.34615384615387,326.5,117.76754809630448,11.08037175117133,11.321643886804763,0.4999999999807692,0.4999999999807692,19,21,4,3.466461223074457,3.5724184346961287,26,26,2.595038461538462,0.017,1.3684210525595568,0,44,25,19,0.002192758043544881,0.0025951891881285235,0.09408033826638477,2,140,286
W0000283,39,18,19.696625274568486,16.80625356413074,16.088034096357983,17.953549960131657,16.823154101071474,21,19.817978905583832,16.77345651731323,16.0505389262901,18.713341954894805,17.175175362364367,1.0,1.1282051282051282,1,3,18,21,38,18,21,0.8181818181818182,2026-01-02 04:34:25,2026-06-27 08:33:13,400545.4736842105,321007.0,1098.0,354736.86923878815,15220728.0,2.5622951436820143e-06,0.8856322363193778,29,1,27,29,1,297.41379310344826,259.0,146.78665695525095,11.20747309863296,11.119334578424354,0.6206896551510107,0.37931034481450654,18,23,5,2.901577885218159,3.0870069800830473,29,29,2.062689655172414,0.034,1.7058823528408305,0,39,18,21,0.0016251594502174386,0.001966032013692425,0.09388335704125178,0,179,297
W0000284,39,22,19.172159882535393,16.08111752822743,15.852191965122502,17.313068113448598,15.989066678426425,19,18.997413719080228,16.052974841025282,15.676208541646409,17.32710507021804,15.982887113950213,1.0,1.1282051282051282,1,2,20,19,39,20,19,1.0,2026-01-07 06:26:49,2026-06-23 10:32:26,380093.0789473684,178101.0,10256.0,453410.117958278,14443537.0,2.700169446018005e-06,1.1928891899972522,26,1,24,26,1,316.46153846153845,317.5,124.66987792381309,10.980995366872817,11.090827799580206,0.42307692306065087,0.5769230769008876,14,20,5,2.5683127888314123,3.042527551378238,26,26,2.7743076923076924,0.039,1.6249999998984375,0,39,20,19,0.0018083972431396545,0.001967812889903791,0.09446693657219973,1,177,275
W0000285,39,22,19.94478708663941,16.853744679022373,16.169057883050797,19.00195485927619,17.47614771116989,18,19.270267847735532,16.37989616252991,16.02569737245133,17.558164993282098,16.244801409708295,1.0,1.3076923076923077,1,4,20,18,37,20,18,1.0526315789473684,2026-01-02 16:11:07,2026-06-13 14:50:13,368209.1052631579,243654.0,5085.0,410147.3903702206,13991946.0,2.787317590611228e-06,1.1138949868773707,32,1,27,32,1,240.15625,272.0,141.07584539256112,11.144018875672359,11.420766315451438,0.49999999998437505,0.49999999998437505,19,25,4,2.893288532571418,3.156644047763189,32,32,2.53071875,0.2,1.5238095237369615,0,38,20,18,0.0019920667382752294,0.0021154436656794094,0.09009009009009009,0,179,277
W0000286,45,26,19.68596629657551,16.427869829093705,15.889543813695042,18.309447729991387,16.698063390444823,21,19.321525262922552,16.277002906444416,15.855626771018821,17.508741356233745,16.165601255655194,1.0,1.288888888888889,1,4,24,20,44,24,20,1.1428571428571428,2026-01-07 09:53:16,2026-06-29 12:23:54,339914.5,185106.5,1764.0,385508.4444455321,14956238.0,3.0087778083781624e-06,1.1341302307353802,37,2,31,37,1,209.59459459459458,186.0,146.37176022782603,11.409474236574024,11.427824988319761,0.4324324324207451,0.5675675675522279,20,28,5,3.3654119651139625,3.680410329775228,37,37,2.649810810810811,0.268,1.4799999999408,1,44,24,20,0.0022362303212239754,0.003173625218175382,0.11416490486257928,1,177,340
W0000287,36,20,19.47084513886984,16.475112931793088,16.00034648972819,18.262786117629144,16.757362198810895,16,19.549587121107127,16.77699844737535,16.299182404029185,17.911923529552073,16.676446030816674,1.0,1.0555555555555556,1,2,19,16,34,19,16,1.1176470588235294,2026-01-01 21:43:38,2026-06-26 13:44:35,433647.34285714285,370736.0,5162.0,436280.45515531185,15177657.0,2.3719074444818826e-06,1.0060696929701771,25,2,23,25,1,287.44,314.0,128.54249621558364,11.18677972606632,10.982356212167627,0.4399999999824,0.5599999999776,17,23,4,3.1790572344065455,3.614118823749609,25,25,2.71608,0.017,1.5624999999023437,0,35,19,16,0.0018263168446348752,0.0016174877163833434,0.0962566844919786,0,179,255
W0000288,31,16,19.231070169523345,16.45848151398629,15.956830817106708,17.661092262450335,16.449032154968798,15,19.132639021188748,16.424588888782065,15.62574121295793,18.297820101541692,16.908378232974886,1.0,1.032258064516129,1,2,15,15,29,15,15,0.9375,2026-01-04 03:13:20,2026-06-28 21:42:04,506217.4666666667,438274.0,28145.0,458861.9973328871,15186524.0,2.0412833087227e-06,0.9064505298559905,25,1,22,25,1,283.08,244.0,132.53833407735289,11.147137696514825,11.128291866441996,0.4799999999808,0.5199999999792,18,21,5,2.946830344844093,3.121928094887362,25,25,2.71224,0.074,1.3888888888117283,0,30,15,15,0.0015234051232478631,0.001364231956172744,0.0812807881773399,0,179,244
W0000289,30,17,19.61621840729498,16.783005111645362,15.647007593933267,18.653698480646494,17.248079508758412,14,19.297766244473397,16.658708968937297,16.05236511298422,17.93463442820558,16.669640571646262,1.0,1.4,1,6,15,14,29,15,14,1.0,2026-01-01 17:01:52,2026-06-25 04:23:25,519810.1034482759,382178.0,6671.0,545267.5689539524,15074493.0,1.9901165505124087e-06,1.0489725312460734,42,1,33,42,1,223.23809523809524,191.5,138.7766778613561,11.60612432660101,11.580612150434181,0.42857142856122454,0.5714285714149661,20,28,5,3.0739603482168754,3.312055586312113,42,42,3.0522619047619046,0.03,1.6153846153224851,0,29,15,14,0.0014003793247354458,0.0010466894033766987,0.10344827586206896,0,179,212
W0000290,37,21,19.237027168219175,16.192504818904496,15.764168927200707,17.393532470977778,16.086834528035524,16,19.042714255723734,16.270125614011693,15.920224056577256,17.41066534218849,16.105198063757932,1.0,1.135135135135135,1,3,20,16,36,20,16,1.1764705882352942,2026-01-08 13:48:08,2026-06-30 05:27:29,414365.5833333333,273554.0,13513.0,377867.1573370254,14917161.0,2.4803645626426795e-06,0.9119151315178659,33,1,28,33,1,253.27272727272728,235.0,147.26470060898689,11.332458187936455,11.348168739355746,0.5454545454380166,0.4545454545316805,19,25,5,2.9461590950124164,3.1508526556840364,33,33,2.521848484848485,0.283,1.6499999999175,0,36,20,16,0.001857962962393021,0.0017572732010174075,0.09206349206349207,1,177,233
W0000291,52,34,19.99447310759011,16.468112651368987,16.102171989736398,17.919161762068054,16.507661856561427,18,19.915103259781404,17.024731540029524,16.81710516441707,18.43543201696622,17.04832591717011,1.0,1.2307692307692308,1,4,34,17,50,34,17,1.8888888888888888,2026-01-03 21:38:01,2026-06-30 09:17:23,300681.60784313723,209838.0,6525.0,284714.7328690301,15334762.0,3.390988175037332e-06,0.9468945839978965,37,1,32,37,1,204.64864864864865,208.0,138.3665053030891,11.578244931090872,11.444582382324773,0.37837837836815197,0.6216216216048212,22,26,4,3.097837831404651,3.2533753314631237,37,37,2.1847297297297295,0.042,1.6818181817417355,0,51,34,17,0.003004282000365427,0.0033652881571751845,0.08734693877551021,1,177,261
W0000292,47,24,19.6265408022936,16.448487040815554,15.844833575470055,18.124169609790155,16.62933965409874,24,19.161761898445942,15.983708177715615,15.607417266352112,17.872744822538884,16.24032027991275,1.0,1.4042553191489362,1,4,23,30,53,23,30,0.7419354838709677,2026-01-04 00:42:16,2026-06-27 11:44:11,327680.76086956525,213867.5,7544.0,329478.6232366515,15073315.0,3.118092926599562e-06,1.0054835592994797,40,1,32,40,1,240.95,214.0,133.64283629251398,11.636558025415503,11.619229535340267,0.324999999991875,0.6749999999831251,22,26,5,3.1125352601820904,3.251527953666638,40,40,2.610325,0.091,1.7391304347069942,0,53,23,30,0.0020587249818171246,0.0037071778575080575,0.08853410740203194,2,140,350
W0000293,49,30,19.503119808266113,16.101922524846742,15.867892390815662,17.217375683302656,15.975328131914607,21,19.346648355433917,16.302125996940074,16.103154790099648,17.504764591914423,16.053552555128064,1.0,1.163265306122449,1,3,28,21,49,28,21,1.2727272727272727,2026-01-08 14:03:43,2026-06-25 00:22:18,301373.2291666667,215388.0,528.0,322553.69328058604,14465915.0,3.3872725377362897e-06,1.0702762946005135,44,1,37,44,1,210.0909090909091,224.5,124.81089289481446,11.522529201112922,11.70256186957951,0.5454545454421488,0.454545454535124,22,29,5,3.047467927573672,3.278883018216857,44,44,2.765681818181818,0.457,1.571428571372449,0,49,28,21,0.002632063093070304,0.003473358905679339,0.08418367346938775,2,140,300
W0000294,47,26,20.070994514416057,16.812898024391988,16.572609778618858,18.072309004235407,16.733348913842196,21,19.920679349312458,16.87615695621513,16.525256720111194,18.30186140777203,16.898828121173878,1.0,1.1702127659574468,1,4,26,21,46,26,21,1.1818181818181819,2026-01-04 12:41:00,2026-06-30 16:22:26,332741.0,188873.5,19457.0,378311.9060739285,15306086.0,3.0706737783471374e-06,1.136952672262379,36,1,24,36,1,248.47222222222223,239.0,151.52547850087998,11.575130014513885,11.373835796568274,0.4166666666550926,0.5833333333171297,15,23,3,2.721653307503401,3.14732673677217,36,36,2.72625,0.039,1.6363636362892562,0,47,26,21,0.0023129280807418283,0.0030499691900370664,0.07729468599033816,2,140,285
W0000295,43,26,19.93763357104221,16.679537087865565,15.754209051141693,17.990466512282115,16.808798601184904,20,19.78923848710828,16.79350626190429,16.58279941695691,17.816121124218082,16.55383042466086,1.0,1.255813953488372,1,4,22,18,40,22,18,1.1578947368421053,2026-01-01 07:17:25,2026-06-29 04:31:12,367991.11904761905,217027.5,3686.0,382326.3136778551,15455627.0,2.7821580591872424e-06,1.0389524500343477,34,1,29,34,1,251.44117647058823,282.5,138.23304678265757,11.489216618323422,11.357977800968772,0.4705882352802769,0.5294117646903115,20,23,5,2.950707795604881,3.0794561412249313,34,34,2.4254411764705885,0.043,1.7894736841163434,0,40,22,18,0.0019288635077011735,0.002162219430025704,0.09358974358974359,2,140,291
W0000296,42,23,19.59324881557496,16.45775466775141,15.7113929273199,18.38063603060415,16.892406327048857,19,19.524351722512513,16.579912803043317,16.263876573310803,17.709799113542115,16.365002890720472,1.0,1.1666666666666667,1,4,22,18,40,22,18,1.1578947368421053,2026-01-02 00:02:56,2026-06-29 19:57:46,376850.9756097561,275857.0,12716.0,379101.41806358943,15450890.0,2.718289838430677e-06,1.0059690345266035,27,1,24,27,1,245.77777777777777,211.0,156.9493630573331,11.172812609330474,11.103497515166799,0.5555555555349794,0.44444444442798353,15,22,4,2.7229365151935316,3.1552215288595127,27,27,1.777111111111111,0.027,1.3499999999325,0,40,22,18,0.002157910878655339,0.0021991259599920612,0.0782051282051282,1,177,251
W0000297,54,25,19.941218069781804,16.722342297376258,16.121838637237154,18.449208811285654,16.961040071123534,29,20.086450145529522,16.71915436847569,16.32171242972493,18.515264751066205,16.879988387944206,1.0,1.2222222222222223,1,3,25,35,58,25,35,0.6944444444444444,2026-01-06 17:53:23,2026-06-06 16:31:28,246065.75471698114,110056.0,6641.0,264131.6302257053,13041485.0,4.140632440198916e-06,1.0734145314733874,51,1,39,51,1,232.49019607843138,200.0,134.84693137762082,11.902606659922585,11.802358503585655,0.6862745097904652,0.31372549018992696,22,31,4,2.9715137628535753,3.3239716084214903,51,51,2.3811960784313726,0.109,1.5937499999501954,0,60,25,35,0.0023714720560013415,0.005149173668853411,0.08892921960072596,2,140,390
W0000298,56,26,20.136101834749628,16.878005341700135,16.429541136135278,18.51482561777861,17.158100208960427,31,20.223943481166653,16.789956326109635,16.058447233749078,18.681496078678073,17.15142439690294,1.0,1.125,1,3,25,30,55,25,30,0.8064516129032258,2026-01-01 17:00:00,2026-06-25 20:56:43,275167.32727272727,176531.0,925.0,329398.3847563815,15134203.0,3.700227643290655e-06,1.1970795767853952,42,2,34,42,1,224.14285714285714,194.0,143.77498873851314,11.539460282098378,11.673078096993121,0.6428571428418368,0.3571428571343538,21,30,5,3.384237117870276,3.6910756596657204,42,42,2.9254761904761906,0.146,1.6799999999328,0,55,25,30,0.002254426281623997,0.00430214292489063,0.0734006734006734,0,179,370
W0000299,37,19,19.29842618764243,16.35398728330543,15.774479497218461,17.49212940709571,16.21063291727216,20,20.323705246812757,17.327973001590983,16.96249144012171,18.598023267574085,17.22986117010832,1.0,1.1081081081081081,1,2,17,20,36,17,20,0.8095238095238095,2026-01-04 03:36:30,2026-06-25 13:41:54,413809.0,287740.5,21849.0,361370.7717308795,14897124.0,2.483700714063955e-06,0.8732770395371777,28,4,26,28,1,239.42857142857142,239.0,159.83635811560953,11.18603121266209,11.261292414506094,0.4642857142691327,0.5357142856951531,20,26,5,3.8523608190177683,4.1511929866253885,28,28,2.443357142857143,0.013,1.4736842104487535,0,37,17,20,0.0015955288231342588,0.0020524768379035644,0.09206349206349207,2,140,320
W0000300,32,18,19.457654813537847,16.56728311591107,15.685189328186592,17.931126994407876,16.820265808607388,14,20.003105812640396,17.364048509737042,16.71282971006596,18.864046970572677,17.53426440667469,1.0,1.34375,1,4,17,14,31,17,14,1.1333333333333333,2026-01-03 19:46:31,2026-06-30 20:13:51,496156.12903225806,263771.0,6934.0,658226.4824787761,15380840.0,2.0805104220243875e-06,1.3266492487221342,30,3,26,30,1,284.3,313.5,157.1597364423238,11.285547963123957,11.336474641648001,0.5333333333155555,0.4666666666511111,16,23,4,3.184183719779189,3.6959388166228844,30,30,2.628,0.184,1.6666666665740741,0,31,17,14,0.0016667451427181982,0.0012188781361026706,0.10752688172043011,2,140,216
W0000301,32,19,19.36098285350224,16.41654394462757,15.930330223150854,18.206624663711107,16.745535420750787,14,18.82596796290586,16.186910719972683,16.01932768991284,16.91100811803532,15.676751791867284,1.0,1.21875,1,3,17,14,30,17,14,1.1333333333333333,2026-01-02 02:18:29,2026-06-22 15:37:47,478140.5806451613,447985.0,7222.0,370004.82956882,14822358.0,2.158900617641227e-06,0.7738394746375514,20,1,20,20,1,273.3,340.0,170.7251099220461,10.857266728821275,10.951998818234705,0.8499999999575,0.1499999999925,17,19,4,2.960964047443681,3.060964047443681,20,20,2.2609,0.198,1.818181818016529,0,31,17,14,0.001689626677652956,0.0013831978261081145,0.0735632183908046,2,140,227
W0000302,46,27,20.107705923624316,16.81186910573799,16.2388143732668,18.16674687364105,16.86592797390407,22,19.651218886223393,16.560176494213493,16.226286068663534,18.076287498809872,16.545650048948282,1.0,1.108695652173913,1,3,23,22,45,23,22,1.0,2026-01-03 05:16:09,2026-06-26 06:59:39,334218.0,254622.0,8119.0,302281.4355032559,15039810.0,3.058549073522267e-06,0.9044412062248284,42,2,34,42,1,226.83333333333334,217.0,128.9471278804529,11.572316384912893,11.7326953318053,0.45238095237018144,0.5476190476060091,20,29,5,3.4173260753892283,3.761697743919277,42,42,2.5226190476190475,0.069,1.7499999999270834,0,45,23,22,0.0020756181453117297,0.002854549170153139,0.08383838383838384,1,177,344
W0000303,53,24,19.804455042379956,16.626401269677096,15.939434725869091,18.13540859197481,16.72324484614536,31,19.939169991532673,16.50518285276029,16.35457650373091,17.726608215389984,16.420060429330288,1.0,1.3018867924528301,1,4,22,30,52,22,30,0.7096774193548387,2026-01-04 16:58:52,2026-06-28 20:51:40,291037.8461538461,157969.0,5.0,348975.13026364055,15133968.0,3.5020555414115092e-06,1.1990671859631024,36,1,31,36,1,244.02777777777777,265.0,134.25891534347485,11.318381518150378,11.492477829701123,0.6111111110941359,0.3888888888780865,20,26,5,3.0169467092928457,3.2584378478832816,36,36,2.64575,0.073,1.4999999999375,0,52,22,30,0.0020015355655995685,0.0035242652391091916,0.07993966817496229,0,179,362
W0000304,41,22,19.236955868441278,16.145913507918767,15.789489425990556,17.467727609655576,16.207537430938725,19,19.316370015548216,16.371931109880464,15.768423416430913,17.360712146223005,16.183034030907926,1.0,1.1219512195121952,1,3,22,19,41,22,19,1.1,2026-01-01 16:22:51,2026-06-27 10:24:20,381782.225,293661.5,38486.0,287606.4986888792,15271289.0,2.6847764661662506e-06,0.7533240851241675,37,2,32,37,1,236.0810810810811,208.0,141.08180809933143,11.661483391611373,11.437123751553946,0.48648648647333825,0.5135135134996348,17,24,5,3.152528182808483,3.582802580270694,37,37,2.361891891891892,0.348,1.370370370319616,0,41,22,19,0.0018403113851553532,0.002084959998176088,0.08170731707317073,1,177,254
W0000305,39,18,19.54219328542174,16.651821582909307,16.172960327860526,18.27973117312564,16.87518949376848,23,19.523417528514596,16.387923385616936,16.188617299935903,17.43287883839983,16.087223619736253,1.0,1.1282051282051282,1,3,16,22,37,16,22,0.6956521739130435,2026-01-02 09:45:08,2026-06-29 22:35:29,405932.13157894736,228283.0,7567.0,500716.03894710034,15425421.0,2.5282938774705807e-06,1.2334938934387505,31,1,27,31,1,208.96774193548387,186.0,135.90277992520186,11.249363483526032,11.252313664041111,0.290322580635796,0.7096774193319458,19,25,4,2.9377519554085874,3.251291703580534,31,31,2.4418387096774192,0.009,1.7222222221265433,0,38,16,22,0.0016837120883188912,0.002121461710071103,0.08708708708708708,1,177,286
W0000306,45,27,19.963844592732546,16.668007782291227,16.047998562905732,18.49710792965007,17.080028626071208,20,19.664887166539188,16.6691549477374,16.342601953305405,18.469672192624618,16.93872592944752,1.0,1.2222222222222223,1,4,25,20,45,25,20,1.1904761904761905,2026-01-05 03:28:34,2026-06-16 09:02:57,318565.0681818182,297788.0,3058.0,250390.57597202,14016863.0,3.210418535843681e-06,0.7859926118343283,35,1,28,35,1,260.2857142857143,280.0,136.15315153263592,11.613874263298445,11.498704829330256,0.342857142847347,0.6571428571240817,21,27,4,3.0751463298083337,3.2859304369820976,35,35,2.313142857142857,0.139,1.7499999999125,0,45,25,20,0.002442517912480837,0.0030552229845101425,0.08383838383838384,0,179,295
W0000307,54,30,19.64654202514755,16.245344728601786,15.70182029712615,17.74079079664931,16.315627857090533,24,19.701525046516696,16.523471280063358,16.146218860122257,17.917201469561263,16.453969289086718,1.0,1.1666666666666667,1,4,28,23,50,28,23,1.1666666666666667,2026-01-01 04:42:16,2026-06-29 19:37:45,292817.5283018868,189076.0,1814.0,316953.0155066425,15519329.0,3.4795316550392317e-06,1.0824213117411539,56,1,42,56,1,277.14285714285717,285.5,127.7902298970577,11.995734257046797,11.885350719000193,0.4821428571342475,0.5178571428478954,20,36,5,2.950714679336325,3.403134629899335,56,56,2.876160714285714,0.126,1.8064516128449533,0,51,28,23,0.0026338834328711418,0.003633275821456154,0.08163265306122448,0,179,315
W0000308,34,22,19.627592222143512,16.536549831600333,15.817326717882608,18.299978115429482,16.876588226662278,15,19.49538172906203,16.787331575755793,16.42550402426408,17.821425701887605,16.700415710291704,1.0,1.1764705882352942,1,3,19,15,33,19,15,1.1875,2026-01-01 20:30:09,2026-06-26 13:44:35,460062.6060606061,441810.0,35697.0,322262.5621675728,15182066.0,2.239484254680209e-06,0.7004739299572412,24,1,23,24,1,240.66666666666666,259.0,144.89176370106688,11.036597881611804,11.209303694494453,0.4166666666493056,0.5833333333090278,18,20,5,2.9850877607321724,3.0684210940655055,24,24,2.7129583333333334,0.307,1.411764705799308,0,34,19,15,0.0018716855912776541,0.001700372028544665,0.09848484848484848,0,179,232
W0000309,41,24,19.741004161173542,16.562950392246847,16.03883910917538,18.394310464365372,16.8293842488056,19,19.727741130077938,16.783302199622085,16.216077349984356,17.992392145231506,16.750965272570067,1.0,1.2682926829268293,1,4,22,18,39,22,18,1.1578947368421053,2026-01-02 18:05:39,2026-06-30 07:12:34,385660.375,374461.5,3378.0,349649.5916141368,15426415.0,2.6577787089366707e-06,0.9066233081135927,36,1,30,36,1,238.36111111111111,247.0,126.95829523965234,11.421489769647785,11.27754484521026,0.3888888888780865,0.6111111110941359,18,27,4,2.9440979246006718,3.2862156256610597,36,36,2.5140555555555557,0.188,1.565217391236295,0,40,22,18,0.00200519399539107,0.002122364314811263,0.08367071524966262,2,140,260
W0000310,48,26,19.547449696986174,16.289353239984358,15.749588047840355,17.814248344735244,16.31719549569696,22,19.55509534880931,16.46405296298916,15.961975441213037,17.884506593781563,16.48074500012615,1.0,1.1666666666666667,1,4,25,21,46,25,21,1.1363636363636365,2026-01-02 05:49:52,2026-06-28 16:49:13,326220.44680851063,183143.0,485.0,365318.28827278403,15332361.0,3.130633101409946e-06,1.1198475509405208,38,1,32,38,1,300.7105263157895,322.5,114.09950799210236,11.66280991450752,11.519632919617186,0.4210526315678671,0.5789473684058172,20,23,5,2.9570741583558915,3.0671337369953693,38,38,2.157657894736842,0.031,1.7272727271942148,0,46,25,21,0.002166508775083749,0.0026606126297683695,0.1072463768115942,0,179,336
W0000311,44,27,19.979343703426256,16.683506892130403,16.191385145393376,18.653698480646494,17.036974419100144,18,18.85581205953716,15.965440411661536,15.602930792984688,17.43398069147211,15.960281515906377,1.0,1.4772727272727273,1,6,25,22,44,25,22,1.0869565217391304,2026-01-01 06:59:53,2026-06-29 00:41:17,359136.83720930235,222279.0,19752.0,394362.73888297606,15442884.0,2.849208551381429e-06,1.098081844974594,33,1,30,33,1,295.45454545454544,339.0,138.26765052541455,11.214020652495966,11.386908624386741,0.5454545454380166,0.4545454545316805,19,24,5,2.904418375282667,3.1774260369191745,33,33,2.283375,0.008,1.6499999999175,0,47,25,22,0.0021325545577486386,0.002887854869969217,0.1109936575052854,1,177,305
W0000312,40,25,19.294568740927577,16.07569301621757,15.461571389126783,17.486963498586405,16.034014637575776,17,19.58817808140588,16.754964787132806,16.209769500045905,17.999704309829625,16.71995244779273,1.0,1.35,1,4,22,17,38,22,17,1.2222222222222223,2026-01-02 03:19:34,2026-06-27 06:34:48,390208.0512820513,252533.0,10943.0,386669.1938457382,15218114.0,2.628446427169199e-06,0.9909283051618543,25,1,24,25,1,254.96,270.0,141.59698678526556,10.948048360550818,10.782470939599769,0.5599999999776,0.4399999999824,19,23,3,3.0117325948008236,3.2019280948873616,25,25,2.6004,0.179,1.3888888888117283,0,39,22,17,0.0018204606967260708,0.001979208258947285,0.09815078236130868,0,179,273
W0000313,48,22,19.47402790420579,16.38298552408884,15.970291746011354,17.398893487171545,16.29376567994569,26,19.410295964565826,16.152199519474262,15.607971114706368,17.448499217998158,16.065325773324734,1.0,1.4375,1,4,21,37,58,21,37,0.5526315789473685,2026-01-03 21:38:01,2026-06-29 23:50:55,325548.3829787234,295660.0,3913.0,270810.2028334166,15300774.0,3.1370959967714055e-06,0.8318559855821188,35,1,29,35,1,248.4,250.0,119.73480500427503,11.495921717154042,11.290906281317728,0.3714285714179592,0.6285714285534695,20,27,5,2.8917961953849893,3.2859304369820976,35,35,2.2608285714285716,0.012,1.8421052630609418,0,58,21,37,0.0020618175094607827,0.004020555039436773,0.08590441621294616,2,140,389
W0000314,40,22,19.421425548031202,16.330383171870047,15.445010475817845,18.460324992401908,16.92524472108529,21,19.61409490447032,16.56957252738377,15.893005205675365,18.51585586009055,17.02145390472105,1.0,1.225,1,3,19,21,40,19,21,0.8636363636363636,2026-01-13 06:36:45,2026-06-29 02:12:11,369562.2051282051,208634.0,1816.0,373351.77560305886,14412926.0,2.775286380067005e-06,1.010251481809558,27,1,22,27,1,201.5185185185185,165.0,151.27086515213244,11.201360452055116,10.999980931232571,0.5555555555349794,0.44444444442798353,15,17,5,2.65773978299125,2.745793255253535,27,27,2.475962962962963,0.065,1.3499999999325,0,40,19,21,0.0017820333182252289,0.0021504462731879266,0.08333333333333333,0,179,313
W0000315,42,25,20.302575748789273,17.083699960473364,15.983639831182652,18.883420800961858,17.401381836518222,18,21.102379185974893,18.212007439714686,17.46045706376362,19.589834649071456,18.446635483730898,1.0,1.380952380952381,1,4,22,21,43,22,21,1.0,2026-01-06 22:46:07,2026-06-29 22:11:26,366622.4146341463,304221.0,4360.0,305436.9395851602,15031519.0,2.7941286044258997e-06,0.8331081087386517,27,1,27,27,1,290.0740740740741,317.0,137.9026763632532,11.339286108559108,11.248061077798893,0.48148148146364883,0.5185185184993141,20,23,5,2.988946292537981,3.1000574036490924,27,27,2.1814444444444443,0.268,1.6874999998945313,0,43,22,21,0.002299728652204093,0.0026283159859476586,0.10188261351052048,0,179,329
W0000316,46,24,19.994270784962183,16.81621700229315,16.031847600742484,18.72339473636288,17.220328071104905,22,19.89273916302449,16.80169675785124,16.255341299685583,18.119429708086837,16.768700909763552,1.0,1.8043478260869565,1,4,24,47,70,24,47,0.5,2026-01-05 13:41:28,2026-06-29 07:57:35,335541.4888888889,230845.0,1212.0,291967.23319084826,15099367.0,3.046485124410505e-06,0.8701349094645653,24,2,21,24,1,244.41666666666666,219.5,148.24653868432836,11.038881685296767,11.115859981040396,0.4166666666493056,0.5833333333090278,14,17,4,3.0354250747847993,3.23793944365578,24,24,2.2170833333333335,0.062,1.3333333332592592,0,71,24,47,0.0020253318682743756,0.005723854560814998,0.08737060041407868,1,177,446
W0000317,51,28,19.628715990375007,16.29651156087141,16.069014749528908,17.445402243636057,16.086934638705753,23,19.76977445441817,16.634280295573586,16.4411087903418,17.70959372243197,16.433486582136936,1.0,1.3333333333333333,1,4,26,22,46,26,22,1.1304347826086956,2026-01-05 16:07:00,2026-06-19 04:46:56,284303.92,178115.0,423.0,295161.68929608044,14215196.0,3.58770968844118e-06,1.0381870609065804,25,2,22,25,1,267.76,255.0,166.76287556487705,11.163240321076715,11.088552728934436,0.6799999999728,0.3199999999872,17,19,3,3.327210311338979,3.4223080613822483,25,25,2.46096,0.14,1.4705882352076125,0,48,26,22,0.002188177457951354,0.002955583855958394,0.0966183574879227,2,140,314
W0000318,32,17,19.104351287698403,16.271138024403918,15.992971447246171,17.4255780280036,16.09124860719537,15,19.7297126138046,17.021662450513787,16.62223309865372,18.21631993728569,16.959148156315727,1.0,1.09375,1,3,16,14,30,16,14,1.0666666666666667,2026-01-01 01:41:29,2026-06-18 06:01:32,468735.5806451613,325313.0,8852.0,463186.0267954101,14530803.0,2.202218129155138e-06,0.9881584794553233,20,3,18,20,1,246.3,234.5,121.83988630467793,11.004463711726174,10.892247772124053,0.499999999975,0.499999999975,16,19,4,3.521527784112275,3.7215277841122747,20,20,2.4492000000000003,0.317,1.5384615383431952,0,30,16,14,0.0017240646975680844,0.0013437595891883597,0.08505747126436781,1,177,273
W0000319,51,30,20.163842781686853,16.762645450764914,16.149682589315464,18.749063693189946,17.07845084254118,23,19.705151416350624,16.569657261316827,15.686651593283003,18.523150126309062,16.941087621870068,1.0,1.1372549019607843,1,4,28,22,48,28,22,1.2173913043478262,2026-01-02 19:38:16,2026-06-25 21:05:06,300776.2,185912.0,3527.0,278363.8504653906,15038810.0,3.3912255430299645e-06,0.9254818864774011,40,1,33,39,1,280.6,300.0,126.06079119584757,11.488950344920513,11.744068931461467,0.5249999999868751,0.47499999998812503,19,29,5,2.963438317412421,3.266746598743551,40,40,2.642525,0.047,1.7391304347069942,1,50,28,22,0.0022506398744979645,0.003267831531584293,0.07712765957446809,1,177,313
W0000320,29,15,19.027370323251503,16.31932019847065,15.001736514430707,18.4590392297252,17.087052422531485,14,19.05735493336361,16.418297672524723,16.01398185781891,17.92550531452422,16.578726950219696,1.0,1.1724137931034482,1,4,15,14,28,15,14,1.0,2026-01-02 15:43:20,2026-06-23 16:53:19,530892.8214285715,361098.0,35664.0,572234.3788482617,14864999.0,1.9508913555331313e-06,1.0778697279023661,22,1,18,22,1,243.8181818181818,216.0,121.96706673510423,10.998476618586784,10.852245474547784,0.49999999997727274,0.49999999997727274,14,17,4,2.7580138206331157,2.9226754683112186,22,22,1.910681818181818,0.224,1.9999999998181819,0,29,15,14,0.0014908372270797331,0.0012037656727260314,0.06084656084656084,2,140,218
W0000321,35,21,19.807097427590552,16.762575039861012,15.956374168121304,18.28799700339787,17.034589966487758,16,19.562665266913175,16.790076592551138,16.00047911394027,18.25884402875231,17.004335161483176,1.0,1.2,1,4,19,16,35,19,16,1.1176470588235294,2026-01-01 06:59:53,2026-06-24 11:48:01,442673.17647058825,282229.0,9270.0,386284.5738993917,15050888.0,2.325444031910673e-06,0.8726160106722576,20,1,18,20,1,263.8,248.5,127.28360377312423,10.859498872605215,10.989352268381735,0.3499999999825,0.6499999999675,14,16,5,2.7543474847814204,2.892091859889595,20,20,1.9248,0.017,1.5384615383431952,0,35,19,16,0.0017475778838420431,0.00159380410374219,0.10756302521008404,0,179,276
W0000322,47,28,20.3610626101724,17.028858138782446,16.326275928791716,18.53680898007181,17.13840022658142,20,19.35774340966388,16.362011210547504,15.835696399801297,17.7327739485577,16.410172758508605,1.0,1.3829787234042554,1,4,26,26,50,26,26,0.9629629629629629,2026-01-09 13:01:11,2026-06-30 01:48:54,322183.97826086957,253815.0,5654.0,294066.388122553,14820463.0,3.171290723421345e-06,0.9127253222974622,32,1,28,32,1,274.25,255.0,115.91654394990528,11.169237255728708,11.347307621146506,0.4062499999873047,0.5937499999814454,19,25,4,2.988204882778696,3.25,32,32,2.32128125,0.119,1.5238095237369615,0,52,26,26,0.002404042702652759,0.003725322664762743,0.0963265306122449,2,140,355
W0000323,42,20,19.64366202796979,16.647929810342546,16.157641936107286,18.51110534509272,17.00091068431893,25,19.794603939286297,16.575728175164976,16.00420463157114,18.229997582171702,16.732854551549007,1.0,1.1904761904761905,1,3,17,24,38,17,24,0.68,2026-01-01 16:00:00,2026-06-30 09:54:59,378782.9024390244,221562.0,652.0,674677.2824491649,15530099.0,2.7044255993200303e-06,1.7811667235720836,29,2,25,29,1,294.9655172413793,308.0,125.03727523040611,11.210305712154222,11.248165332702227,0.48275862067300834,0.5172413792925089,19,23,5,3.2876188986145944,3.451580536620232,29,29,2.661551724137931,0.527,1.7058823528408305,0,41,17,24,0.0014840509837904044,0.002079328453885051,0.08534850640113797,2,140,326
W0000324,54,30,20.059863971330522,16.658666645968545,15.177829414935063,18.52512869234732,17.127365042182536,26,21.08981893923295,17.83172241853945,17.755664686791174,19.05352209687561,17.454916154079026,1.0,1.3148148148148149,1,4,27,25,52,27,25,1.0384615384615385,2026-01-01 21:57:59,2026-06-30 13:36:52,292866.6603773585,173873.0,1406.0,311439.16145983554,15521933.0,3.4789479197630913e-06,1.0634126043775123,38,2,33,38,1,258.94736842105266,267.5,135.01490355541057,11.389762986019333,11.365329919891355,0.49999999998684214,0.49999999998684214,22,30,4,3.39384086233348,3.7854382416912786,38,38,2.3549210526315787,0.195,1.4615384614822484,1,52,27,25,0.002389225139501401,0.003475088073671492,0.1033182503770739,0,179,343
W0000325,44,24,19.693776213341703,16.515722447385397,15.815845646256049,18.21653108613455,16.651400265509462,22,19.65615566300615,16.56511327069413,16.174819167466353,17.813934610835524,16.4498896544129,1.0,1.2727272727272727,1,4,22,22,43,22,22,0.9565217391304348,2026-01-02 05:33:27,2026-06-29 05:57:54,357689.93023255817,313710.0,2793.0,328852.1977214945,15380667.0,2.86073400713155e-06,0.9193752760454011,25,1,24,25,1,222.96,218.0,99.60901900263183,11.03878529201209,11.062379305421425,0.599999999976,0.399999999984,19,21,5,3.0268303448440927,3.106830344844093,25,25,2.49716,0.055,1.3888888888117283,0,44,22,22,0.00213012295924176,0.0027966430644894608,0.10077519379844961,0,179,327
W0000326,52,27,19.94021259857516,16.64437578946255,16.3413799123724,18.3820622782117,16.82780173037321,25,19.704166558148263,16.485290799776813,16.026013365891846,17.68624083309346,16.383045044023287,1.0,1.2884615384615385,1,4,26,24,50,26,24,1.04,2026-01-01 16:31:26,2026-06-27 09:16:11,299346.76470588235,225741.0,7718.0,292185.11489633337,15266685.0,3.4061092237044764e-06,0.9760724793900283,41,2,34,41,1,260.3658536585366,264.0,132.3683791729658,11.644181771548022,11.519454106932928,0.5365853658405711,0.4634146341350387,21,29,5,3.4083021602908707,3.7485982596844254,41,41,2.788317073170732,0.035,1.4642857142334185,0,50,26,24,0.002124267314198707,0.0034812008664118813,0.08081632653061224,0,179,351
W0000327,46,24,19.98641843833529,16.808364656042123,16.109486851349583,18.65265518790133,17.297121235059056,23,19.7288111160844,16.593316959626748,16.465718417283483,17.56273648794845,16.33191327880825,1.0,1.1521739130434783,1,3,23,22,44,23,22,1.0,2026-01-05 00:42:26,2026-06-29 12:36:17,336951.8,239485.0,332.0,347123.97207125765,15162831.0,3.0337340676200856e-06,1.0301857472953413,26,1,23,26,1,262.8076923076923,258.0,136.44984990267133,11.126144712066191,11.050572494655016,0.4999999999807692,0.4999999999807692,18,20,4,2.8281161542992383,2.9195562985716124,26,26,1.9931923076923077,0.015,1.6249999998984375,0,45,23,22,0.0021024731127850895,0.002774635532522107,0.07822410147991543,0,179,305
W0000328,52,28,19.709165252938572,16.376960817199198,15.77078564732893,17.818805509586706,16.54512177484466,25,19.844624714495854,16.62574894741067,16.490023347980124,17.912343455045043,16.505789238261485,1.0,1.0961538461538463,1,2,25,25,48,25,25,0.9615384615384616,2026-01-01 04:56:04,2026-06-26 00:43:10,297867.17647058825,233124.0,965.0,250007.0702848786,15191226.0,3.423028304428602e-06,0.8393211831058579,44,1,34,44,1,242.4318181818182,265.0,136.30734726179497,11.555180032867064,11.586677659556901,0.5227272727153927,0.4772727272618802,20,27,4,3.011726484076778,3.2162719386222323,44,44,2.39025,0.171,1.5172413792580262,1,50,25,25,0.002332244365415693,0.0035824836092856,0.10106382978723404,2,140,374
W0000329,61,38,19.881843205219766,16.24425713132097,15.904067800112001,17.665144495856765,16.28727421040925,25,19.862081792226423,16.64320602414127,15.968793232627998,17.979615219500996,16.74923321239416,1.0,1.3114754098360655,1,4,35,23,55,35,23,1.4583333333333333,2026-01-02 17:53:01,2026-06-26 21:46:08,252233.11666666667,172456.5,1139.0,278492.77481533,15133987.0,4.030662638294678e-06,1.1041043079170958,53,2,38,53,1,252.58490566037736,260.0,141.88354297725792,11.824914709886219,11.722602751774039,0.5471698113104307,0.45283018867070135,20,33,5,3.3400481162424476,3.861534412129848,53,53,2.4695283018867924,0.166,1.514285714242449,1,58,35,23,0.002925582491831924,0.004504811485300143,0.10101010101010101,0,179,304
W0000330,37,21,20.083105802796354,17.03858340300862,15.675687110722984,19.48335996709304,17.942627249454976,16,20.657017240062434,17.884428533850038,17.25342075100596,19.561438940780192,18.125888245229472,1.0,1.1891891891891893,1,3,20,16,36,20,16,1.1764705882352942,2026-01-01 16:34:49,2026-06-27 11:34:55,424300.1666666667,315687.5,31.0,367029.847806298,15274806.0,2.422289198154844e-06,0.8650220094601782,26,2,22,26,1,282.7692307692308,289.0,149.68481758476582,10.92520079814619,11.081911753015689,0.5769230769008876,0.42307692306065087,17,20,4,3.158236521779705,3.3026552718629145,26,26,2.0715,0.061,1.7333333332177778,1,36,20,16,0.0019200120701204837,0.0017620283306416307,0.08888888888888889,2,140,257
W0000331,64,32,19.751628073805534,16.285892252916124,15.619486929345166,17.835486988553086,16.461811520999834,32,19.875843437471204,16.410107607013817,15.872643285734163,18.137801001831242,16.60621121264806,1.0,1.40625,1,4,31,40,69,31,40,0.7560975609756098,2026-01-01 21:45:29,2026-06-30 07:54:54,246066.11111111112,180196.0,10954.0,236194.3547406636,15502165.0,4.128455339724784e-06,0.9598777897384689,44,1,39,44,1,296.1818181818182,325.0,141.8030525350045,11.687567610420313,11.67665016723176,0.4999999999886364,0.4999999999886364,23,34,5,3.075765938888139,3.4625592751785703,44,44,2.5712954545454547,0.084,1.4666666666177777,0,71,31,40,0.002639593219644279,0.0065744143628610275,0.09121909633418585,2,140,426
W0000332,39,21,19.294701057847274,16.25017870357797,15.963974654023854,17.883486332766196,16.352620607881384,20,19.281841326959917,16.28610913371346,16.004566081475442,17.975105419199963,16.41353047190138,1.0,1.1538461538461537,1,3,19,19,37,19,19,0.95,2026-01-01 04:42:16,2026-06-27 06:16:40,402591.15789473685,219916.5,53.0,420725.4959191406,15298464.0,2.5492753684765106e-06,1.0450414586295667,28,1,26,28,1,227.25,190.5,152.1638067152438,11.120830575800236,11.294719702685642,0.5357142856951531,0.4642857142691327,17,24,4,2.858317219107783,3.211625898490169,28,28,2.7749642857142858,0.027,1.3333333332698412,1,38,19,19,0.001677489685650754,0.0018262807861008138,0.07507507507507508,1,177,291
W0000333,26,12,18.69664537958851,16.21173881327288,16.237172737858003,16.94034190968343,15.85113099342791,14,18.898029456904464,16.2589722079446,16.093830468256776,17.42249319702608,15.994859222809696,1.0,1.1153846153846154,1,3,12,13,25,12,13,0.8571428571428571,2026-01-25 14:14:26,2026-06-29 02:26:53,533981.88,371224.0,6377.0,478682.9885016387,13349547.0,1.9476314853506653e-06,0.8964388305887985,23,1,20,23,1,256.4347826086956,292.0,149.55747636001973,11.012561592414833,10.919478812515901,0.5217391304120983,0.47826086954442343,17,20,3,2.9246119561953123,3.0878679345502453,23,23,2.0332608695652175,0.188,1.642857142739796,0,25,12,13,0.0012709265474579326,0.0009471549058849504,0.05,0,179,203
W0000334,46,27,19.589177134399257,16.293340349211753,15.832225269735805,17.720989558019703,16.375519906413235,21,19.286451566510152,16.24192921293215,16.095428787651667,17.13944957429384,15.782434445280407,1.0,1.2826086956521738,1,4,25,20,45,25,20,1.1904761904761905,2026-01-01 06:06:49,2026-06-29 21:10:58,344885.5333333333,236774.0,3039.0,332511.54629683023,15519849.0,2.963946172160169e-06,0.9641186713876628,41,1,34,41,1,266.0,242.0,158.6587533040645,11.737020563419833,11.70324825964967,0.5609756097424152,0.43902439023319456,20,31,5,2.903472233536437,3.3333189953371694,41,41,2.3844634146341463,0.254,1.6399999999344,0,45,25,20,0.002173419303792843,0.002801021060494058,0.08888888888888889,1,177,289
W0000335,44,22,19.505279841550216,16.414237459179727,15.93850637807477,17.716423413609228,16.38365010148298,23,19.723829196614535,16.588335040453902,16.363195665261184,17.80314836542186,16.456333293392138,1.0,1.2727272727272727,1,4,20,23,42,20,23,0.8333333333333334,2026-01-03 10:05:59,2026-06-30 07:50:14,357466.3953488372,311318.0,3570.0,270408.1634372943,15371055.0,2.8625229131947732e-06,0.7564554612691725,40,1,34,40,1,222.75,201.5,144.3194018266073,11.658020984588068,11.4490906961409,0.49999999998750005,0.49999999998750005,22,30,5,2.870811917375258,3.170874695457941,40,40,2.6437,0.069,1.9999999999,0,43,20,23,0.001849510300071056,0.0026745319733769753,0.1254355400696864,1,177,378
W0000336,33,18,19.364148947863224,16.473777256143876,16.22234764243018,17.60443259003769,16.365878526742257,16,18.858006081655265,16.085417456279675,16.011183877165955,16.971676162666977,15.625808250079137,1.0,1.3636363636363635,1,3,17,20,36,17,20,0.8095238095238095,2026-01-17 19:31:21,2026-06-30 16:01:18,442406.15625,298379.5,7562.0,400709.3052037172,14156997.0,2.3310026603097635e-06,0.9057477925996302,20,1,18,20,1,221.15,241.5,133.30190309377076,10.849006935070413,10.866184657224439,0.499999999975,0.499999999975,13,18,5,2.6282170728203393,3.010964047443681,20,20,2.0317999999999996,0.078,1.5384615383431952,0,37,17,20,0.0014751730836379561,0.0018511126560570679,0.0761904761904762,2,140,294
W0000337,40,24,19.6942590872462,16.516205321258806,15.694248396692773,18.015000862782117,16.717102224815616,16,19.62916684302376,16.856578165581336,16.285014399540895,18.026141822078753,16.86540383129291,1.0,1.2,1,3,24,16,39,24,16,1.411764705882353,2026-01-16 13:57:54,2026-06-28 07:36:19,360520.641025641,209290.0,2006.0,315134.7549903297,14060305.0,2.844888297594661e-06,0.8741077348194937,34,2,29,34,1,275.94117647058823,273.5,149.35009534778393,11.44639028516908,11.465152283498545,0.49999999998529415,0.49999999998529415,18,24,5,3.1843180300787837,3.563535266893719,34,34,2.413411764705882,0.032,1.5454545453842976,0,40,24,16,0.00219745209507667,0.002002871509167406,0.09041835357624832,0,179,246
W0000338,54,31,19.81481646608632,16.380829336015367,16.106125898445093,17.720342046310545,16.345953400197004,25,19.69701757263868,16.478141814744315,16.100573124256,17.6697341394435,16.391912985689924,1.0,1.3703703703703705,1,4,29,24,52,29,24,1.16,2026-01-04 05:11:12,2026-06-30 09:17:23,288822.09433962265,182190.0,4153.0,274057.91488354764,15307571.0,3.527665915927098e-06,0.9488781203946494,35,1,29,35,1,241.17142857142858,252.0,152.59663971982317,11.252806677531124,11.31470620672347,0.5142857142710204,0.4857142857004082,18,24,5,2.8183003811403022,3.066683551824771,35,35,2.7629714285714284,0.158,1.7499999999125,0,53,29,24,0.002850454545325901,0.004016110611360045,0.11010558069381599,0,179,355
W0000339,46,24,19.442323777050607,16.26427002950334,15.966949802101308,17.88954136928878,16.417038299267823,22,20.217272583449045,17.126230164922003,17.133731303022838,17.942192421282012,16.393198467773367,1.0,2.217391304347826,1,4,23,68,87,23,68,0.3333333333333333,2026-01-01 06:59:53,2026-06-29 07:38:31,343731.5111111111,271057.0,19131.0,267832.8818676458,15467918.0,2.973897135096195e-06,0.7791898444574803,32,1,29,32,1,245.0,252.0,122.28549356110835,11.422519241094212,11.367101686736445,0.4687499999853516,0.5312499999833985,19,28,5,2.957348930541885,3.2739842822057974,32,32,2.2871562500000002,0.131,1.3333333332777777,0,91,23,68,0.0020681735799912716,0.008013965312155171,0.09863672814755413,0,179,476
W0000340,46,25,19.362630965231066,16.143755233930882,15.780837125292882,17.939199514330877,16.313057688885408,22,19.40049833290453,16.30945595837592,15.817529331928668,17.476774695045226,16.242544730380438,1.0,1.3043478260869565,1,4,24,20,43,24,20,1.1428571428571428,2026-01-07 23:23:14,2026-06-29 22:39:04,332101.1111111111,263710.0,5256.0,332597.52803160966,14944550.0,3.0780449676942453e-06,1.0014917608287435,29,1,25,29,1,230.93103448275863,185.0,146.8862365998362,11.402440731794957,11.238027986877867,0.5517241379120095,0.4482758620535077,18,24,5,2.865373308147299,3.187611187218958,29,29,2.4833793103448274,0.033,1.3181818181219007,0,44,24,20,0.002076293494868121,0.0028152865701570207,0.08748615725359911,1,177,299
W0000341,54,29,19.949067564464386,16.581771795205782,15.895553418815494,18.037014167057162,16.773108822378756,26,19.94399359414022,16.68589711061587,16.156818259308768,18.73726571183827,17.10361249446743,1.0,1.1111111111111112,1,3,27,26,53,27,26,1.0,2026-01-08 14:23:28,2026-06-29 05:25:19,279783.22641509434,149889.0,5376.0,329704.15447649907,14828511.0,3.6416330917087297e-06,1.1784229536490822,34,2,29,34,1,229.26470588235293,199.0,162.7668547942358,11.482074428153112,11.469318345587885,0.5588235293953288,0.44117647057525955,22,28,4,3.4936104506854324,3.733708527551158,34,34,2.4368235294117646,0.333,1.3599999999456,0,53,27,26,0.0025294870588519125,0.004106659663513026,0.09579100145137881,2,140,341
W0000342,41,24,18.954769453656358,15.776715758135152,14.995979293102216,17.461907055590686,16.155415244715833,18,18.89380471860286,16.003433066625668,15.835688972448105,17.502408900972874,16.017220676137185,1.0,1.4146341463414633,1,4,22,17,39,22,17,1.2222222222222223,2026-01-03 17:18:27,2026-06-26 21:46:08,376241.525,190692.5,16649.0,432165.47765920585,15049661.0,2.7243136756161035e-06,1.1486353852723208,30,1,28,30,1,269.43333333333334,274.0,149.87458741902506,11.342184592449067,11.376200406591293,0.6333333333122222,0.3666666666544444,20,25,4,2.8943091372391274,3.228282381065477,30,30,2.9048965517241383,0.346,1.499999999925,0,39,22,17,0.0018877376101003548,0.0020169331796389463,0.08097165991902834,0,179,255
W0000343,38,22,19.354336228036217,16.26329385723185,16.116547102575936,17.386462528489727,16.03808363495414,17,19.275595857833036,16.442382581827903,16.30919680405816,17.3216877928415,16.223238050993533,1.0,1.605263157894737,1,4,19,22,40,19,22,0.8260869565217391,2026-01-01 04:19:52,2026-06-30 12:04:04,421077.08108108107,271186.0,4641.0,411137.5490531239,15579852.0,2.439047403078835e-06,0.9763926633216441,25,1,23,25,1,238.84,222.0,131.29028905444605,10.90742279426233,11.093097706026228,0.4399999999824,0.5599999999776,17,21,5,2.8245297862980876,3.024529786298087,25,25,2.55668,0.314,1.3157894736149585,0,41,19,22,0.001635943488952839,0.002140896612740695,0.09615384615384616,1,177,344
W0000344,46,25,19.705701913800738,16.486826155327268,16.10259574566319,18.115668921720914,16.57122300965036,22,19.68838044201044,16.59733804776258,16.266559879236667,17.72471002094553,16.433061895741986,1.0,1.1304347826086956,1,3,22,22,42,22,22,0.9565217391304348,2026-01-02 05:49:52,2026-06-28 02:21:06,339561.64444444445,231148.0,11406.0,370338.93205942604,15280274.0,3.0104170245627123e-06,1.0906350805028462,32,2,28,32,1,240.71875,236.0,154.62112578920963,11.1842686085487,11.105287999000407,0.4687499999853516,0.5312499999833985,20,26,5,3.433722565571575,3.6837225655715744,32,32,2.22440625,0.212,1.3913043477655955,0,44,22,22,0.0024767756666325487,0.0029315223809809883,0.09407665505226481,1,177,318
W0000345,32,17,19.29776324931528,16.464549971818233,15.978199819620434,17.889943798983225,16.51260717961486,15,19.70021630949878,16.992166147339876,16.945466465738278,17.945084062711114,16.61387868823033,1.0,2.0625,1,4,17,38,55,17,38,0.4358974358974359,2026-01-03 17:20:19,2026-06-26 15:43:32,484767.51612903224,390220.0,23317.0,442264.3437609737,15027793.0,2.129387719847637e-06,0.9123206830603143,25,4,24,25,1,273.24,261.0,138.87022719071211,10.949841168708451,11.180817690214102,0.3199999999872,0.6799999999728,16,27,4,3.618171939471839,4.188438191111386,25,25,2.6288,0.203,1.4705882352076125,0,55,17,38,0.0013902045066588264,0.0032033811512144294,0.09562289562289562,1,177,404
W0000346,39,21,19.591647671917425,16.547125296207398,16.030850173842122,17.74570910299317,16.42882362332109,19,19.55244339044291,16.608004469320054,15.878516649538676,17.772496164158856,16.600134450652632,1.0,1.2307692307692308,1,3,20,18,38,20,18,1.0526315789473684,2026-01-01 09:33:37,2026-06-29 11:42:00,407192.1842105263,285911.0,4004.0,414944.96298762684,15473303.0,2.5204700948162073e-06,1.0190371034626473,27,2,22,27,1,282.6296296296296,300.0,141.96346988090556,11.22867748925273,11.122708510624436,0.5925925925706447,0.40740740739231823,17,20,5,3.29731203420121,3.4925991179633926,27,27,2.610296296296296,0.041,1.2857142856530612,0,38,20,18,0.0018648134380003572,0.002130810591095843,0.09672830725462304,0,179,271
W0000347,37,19,19.60659376163266,16.662154837450306,15.946773260935409,17.894285168467093,16.713025155449973,18,19.625970127207783,16.735598420244514,16.465801694283634,17.73868695245898,16.599465129832453,1.0,1.1891891891891893,1,3,18,18,36,18,18,0.9473684210526315,2026-01-01 07:47:19,2026-06-20 23:27:24,409566.80555555556,292911.5,10564.0,399438.36112656415,14744405.0,2.5094262868236264e-06,0.9752679671312265,30,1,26,30,1,267.3666666666667,291.5,130.91231161863018,11.388291515302086,11.399420764173408,0.59999999998,0.3999999999866667,21,26,5,3.0266179565636455,3.2867786311375924,30,30,2.0886,0.054,1.4285714285034015,0,36,18,18,0.0017183484651657243,0.0018786947052745408,0.07142857142857142,1,177,268
W0000348,50,31,19.966818218640586,16.532831078076253,16.180930722048338,18.45434041737786,16.75312547378682,20,20.007429744696026,17.011697510014066,17.034065551371565,18.201291461543253,16.731223379363804,1.0,1.18,1,3,29,20,47,29,20,1.380952380952381,2026-01-01 11:14:11,2026-06-30 23:25:36,318283.36734693876,191699.0,3230.0,340980.3414154848,15595885.0,3.2059736779301925e-06,1.0713072220848558,31,4,28,31,1,264.64516129032256,267.0,146.58684533683933,11.344636982387701,11.39951037593053,0.4516129032112383,0.5483870967565037,21,27,4,3.8494153699236957,4.118608207599385,31,31,2.842129032258064,0.028,1.3478260868979206,0,49,29,20,0.002535165193879889,0.003167557242971885,0.09343200740055504,2,140,289
W0000349,48,28,19.41820555968338,16.086001149081778,15.593375104991473,17.343622635950123,16.090921712255074,22,19.379168520691586,16.28812614786246,16.03253814386022,17.40466105383646,16.133847112352445,1.0,1.1666666666666667,1,4,26,21,45,26,21,1.1818181818181819,2026-01-03 03:01:30,2026-06-29 07:57:35,325756.7021276596,266601.0,5099.0,326252.4508093797,15310565.0,3.135089845796687e-06,1.001518762805879,43,1,36,43,1,237.09302325581396,222.0,128.08977765864967,11.49744627812177,11.544763221818979,0.558139534870741,0.4418604651060033,22,32,5,2.9284402671227587,3.3352806652314246,43,43,2.6571860465116277,0.4,1.5357142856594388,0,47,26,21,0.002638429747167369,0.003252525874117087,0.09696969696969697,0,179,332
W0000350,60,30,19.879447831833573,16.47825051760302,16.043069688349494,18.47735866070541,16.796129403744846,31,19.90032706882241,16.466339932652726,16.1852091041112,18.12690500946373,16.46142378870252,1.0,1.2166666666666666,1,4,25,31,56,25,31,0.78125,2026-01-01 22:30:48,2026-06-29 17:08:20,261800.88135593222,200112.0,4686.0,264355.3460321193,15446252.0,3.88443721593839e-06,1.0097534237071257,59,1,45,59,1,273.8813559322034,273.0,138.15284947774117,11.897364397552273,11.877346331640899,0.6271186440571676,0.3728813559258834,21,38,5,3.0191844770754783,3.5122605883835414,59,59,2.5439661016949153,0.006,1.7878787878246098,0,56,25,31,0.0025684226164663245,0.004081237378041877,0.09805194805194806,2,140,363
W0000351,44,24,19.203094135368946,16.025040410200234,15.508478720289812,17.59917166587363,16.09354045419604,20,19.291565624803468,16.29583343077986,15.911778672979574,17.3800818118898,16.136339344207617,1.0,1.2272727272727273,1,4,22,20,41,22,20,1.0476190476190477,2026-01-02 06:21:57,2026-06-25 04:43:11,349480.79069767444,289135.0,20015.0,280254.2845806931,15027674.0,2.927931300084677e-06,0.8019138394055333,26,2,20,26,1,242.1153846153846,275.5,148.4203023640841,11.122161759714956,10.950595998337121,0.46153846152071004,0.5384615384408284,17,19,5,3.381455459988193,3.4583785369112703,26,26,2.34612,0.359,1.5294117646159169,0,42,22,20,0.002117863988175903,0.002345226736229427,0.07195121951219512,2,140,269
W0000352,50,24,19.99955357938025,16.821499796460007,16.2187318947966,18.219754170200602,16.888865167344132,27,19.12448531721951,15.828648579837068,15.588384818938579,17.293699535851303,15.64258020609787,1.0,1.28,1,3,23,35,57,23,35,0.6388888888888888,2026-01-02 10:02:45,2026-06-25 02:12:32,306232.387755102,184035.0,6378.0,347420.20000700746,15005387.0,3.3321364299277032e-06,1.1344948457574553,33,1,26,33,1,292.3333333333333,319.0,131.95848463310978,11.351429541435136,11.451422332376179,0.4242424242295685,0.5757575757401286,17,27,4,2.9195540670910853,3.298638158131296,33,33,2.6823636363636365,0.099,1.499999999931818,0,58,23,35,0.002228495924095325,0.004630290092407547,0.09022556390977443,1,177,385
W0000353,49,27,19.936126693152776,16.64028988427309,15.90488114314199,18.39673789796675,16.942113208635327,23,19.750257250642345,16.61476309292284,15.973806717202628,18.20414002091063,16.831892978984154,1.0,1.183673469387755,1,4,26,23,49,26,23,1.0833333333333333,2026-01-10 17:00:37,2026-06-29 18:22:43,306102.625,190606.0,821.0,405119.32117763883,14692926.0,3.334937960285245e-06,1.3234711649613389,30,1,26,30,1,218.36666666666667,192.5,153.60528980953507,11.309131006748558,11.001116024081504,0.5333333333155555,0.4666666666511111,16,22,5,2.8823675893627523,3.0805558352419657,30,30,2.294366666666667,0.008,1.499999999925,0,49,26,23,0.0022103947131186324,0.003224845414262758,0.08503401360544217,1,177,341
W0000354,44,29,20.06651748599964,16.699221710011482,16.53220363491267,18.512967913607827,16.8377920811004,16,19.87462700352329,17.10203831633047,16.623578266242372,18.500389128053698,17.22930607075698,1.0,1.2045454545454546,1,4,28,16,44,28,16,1.6470588235294117,2026-01-01 06:48:23,2026-06-30 19:39:31,362750.4186046512,292503.0,15102.0,333165.2643897857,15598268.0,2.820825823685949e-06,0.9184395905916214,28,1,24,28,1,267.60714285714283,240.0,122.88818744597306,11.128820593983395,11.135537479433955,0.5357142856951531,0.4642857142691327,17,22,5,2.921185496588554,3.126717193094393,28,28,2.362892857142857,0.03,1.5555555554691358,0,44,28,16,0.0023773404639073317,0.0022832983011395525,0.09619450317124736,1,177,264
W0000355,51,27,19.74472839572664,16.44889159889692,15.77325356466531,17.574402290460014,16.42244996242227,25,19.661458099669886,16.442582344199927,15.985879164893706,17.990218822489467,16.453411895202258,1.0,1.1568627450980393,1,4,26,25,50,26,25,1.0,2026-01-01 17:01:14,2026-06-26 16:41:28,304104.28,204961.5,24124.0,285887.27705642366,15205214.0,3.3541123884141066e-06,0.9400931054417195,28,2,26,28,1,281.85714285714283,342.0,152.67193447624737,11.290581593826584,11.310270580083335,0.49999999998214284,0.49999999998214284,19,23,4,3.2700294357114696,3.5590276391480655,28,28,2.5011785714285715,0.229,1.39999999993,0,51,26,25,0.0022524710640864443,0.003599964873984986,0.0946938775510204,0,179,364
W0000356,43,23,19.358778485163093,16.223284355335693,15.888146619809092,17.735447703804265,16.318611895770484,21,19.298248684769455,16.25372633020461,15.869122494047096,17.579940730472877,16.287289639473407,1.0,1.2790697674418605,1,4,21,21,41,21,21,0.9545454545454546,2026-01-02 22:41:26,2026-06-22 04:54:12,350246.8095238095,244689.0,5417.0,357420.1653370618,14710366.0,2.923108580499725e-06,1.0204779462375615,31,1,28,31,1,211.6451612903226,200.0,134.7327103037954,11.384989815502859,11.269349588141523,0.5161290322414152,0.48387096772632676,16,24,5,2.8409777618601995,3.135569092610045,31,31,2.6345806451612903,0.496,1.4761904761201814,0,42,21,21,0.0020475740469417204,0.002555805126132318,0.09146341463414634,1,177,325
W0000357,48,25,19.38767958242509,16.16880384881027,15.796126849211205,17.673626455969906,16.247014892389274,23,19.39389344327078,16.25839931047239,15.71213697106364,17.661486235244467,16.321949409869966,1.0,1.1041666666666667,1,4,24,23,46,24,23,1.0,2026-01-01 05:41:19,2026-06-30 17:21:09,331787.02127659577,279578.0,192.0,276543.4658998307,15593990.0,3.0781087407322474e-06,0.8334944246503995,36,1,31,36,1,283.19444444444446,291.0,149.94319294689944,11.493671287248082,11.401278564669694,0.4444444444320988,0.5555555555401235,18,26,4,2.9336133759595127,3.1501854804581972,36,36,2.440166666666667,0.022,1.6363636362892562,0,47,24,23,0.0023690453489403993,0.0032545020158566917,0.09468599033816426,0,179,351
W0000358,41,24,19.491807077612602,16.313753326067804,15.686728641239467,17.911496073086422,16.518653130285873,17,19.78139370081106,16.948180397791297,16.3828970969309,17.99120697055854,16.837761187497843,1.0,1.3658536585365855,1,4,24,16,40,24,16,1.411764705882353,2026-01-06 11:40:39,2026-06-26 21:02:17,370202.45,390020.0,40670.0,229002.3241270428,14808098.0,2.768755125151446e-06,0.6185850621517515,20,2,17,20,1,282.95,274.5,148.71359793417113,10.879216320158896,10.818897896982977,0.39999999998,0.59999999997,15,17,4,3.057248559288593,3.3332062193464953,20,20,2.50005,0.301,1.6666666665277778,0,40,24,16,0.002043368854970424,0.0018917118827098563,0.1141025641025641,1,177,268
W0000359,40,22,19.510223205809822,16.41918082308928,15.641891719504487,17.670983042395232,16.445925433873082,20,19.629416088359015,16.633683871534203,16.541923854000927,17.77984925795075,16.320092804315536,1.0,1.225,1,4,20,20,39,20,20,0.9523809523809523,2026-01-09 05:34:27,2026-06-20 15:43:59,359830.0512820513,235401.0,3262.0,357276.9093513902,14033372.0,2.8503482377330096e-06,0.9929018301184378,29,1,24,29,1,232.0,206.0,145.09184283460894,11.3948173764899,11.323869281400158,0.5517241379120095,0.4482758620535077,20,22,5,3.036664850974761,3.11864566997758,29,29,2.3595862068965516,0.123,1.8124999998867188,0,40,20,20,0.0017291883254735882,0.002246119813134311,0.08906882591093117,0,179,307
W0000360,30,10,18.978717611763475,16.676132570279265,16.02399994837789,18.101341179349177,16.906264033853184,21,19.321752244624427,16.277229888127852,15.822784416987611,17.631779887258133,16.199787403780864,1.0,1.2666666666666666,1,2,9,25,34,9,25,0.34615384615384615,2026-01-16 08:47:49,2026-06-28 03:45:50,485002.7931034483,307297.0,4691.0,535982.2657812063,14065081.0,2.132941706276579e-06,1.1051094309006457,27,1,24,27,1,282.0,263.0,154.67782895176273,11.179632170155031,11.047503324658088,0.5185185184993141,0.48148148146364883,16,22,4,2.863102315696228,3.1412421306713005,27,27,2.2824444444444443,0.035,1.5882352940242215,0,34,9,25,0.001013621714735387,0.0012995334627190797,0.0784313725490196,1,177,347
W0000361,46,23,19.479573201328456,16.344079061704047,15.795165603568352,17.98482492085919,16.45261831048677,24,19.538069954321916,16.360016199214503,15.938511045294243,17.727377291182556,16.315357341381496,1.0,1.2826086956521738,1,4,20,23,43,20,23,0.8333333333333334,2026-01-08 18:10:25,2026-06-30 05:09:34,331118.86666666664,248356.0,1252.0,355341.77322822856,14900349.0,3.087175804595194e-06,1.0731514747375328,43,1,33,43,1,220.09302325581396,227.0,131.45265560060713,11.758699015344412,11.614642350663217,0.6046511627766361,0.3953488372001082,22,27,4,3.016560786926575,3.188129246254057,43,43,2.542904761904762,0.078,1.7199999999312,0,43,20,23,0.002080512957512665,0.0023594282973448248,0.10631229235880399,0,179,298
W0000362,52,26,20.186482302938487,16.928385807679412,16.428963005426365,18.44615421257091,17.09125775277225,26,19.819693776275443,16.561597299964077,16.098960485859678,17.65024712371993,16.47544150805858,1.0,1.1153846153846154,1,4,26,26,51,26,26,0.9629629629629629,2026-01-04 01:47:09,2026-06-30 16:31:57,300899.76470588235,209997.0,4037.0,285841.33854392637,15345888.0,3.3885296576822627e-06,0.9499521838149001,37,1,31,37,1,275.27027027027026,289.0,136.90561400887526,11.440795535200134,11.578385436442014,0.4594594594470417,0.5405405405259314,18,25,5,2.86296064211605,3.2227717840781183,37,37,2.431891891891892,0.047,1.6086956521039697,0,52,26,26,0.0022914731384011894,0.003583134939056045,0.09019607843137255,0,179,349
W0000363,45,21,19.419138936305547,16.374616572271538,15.757838584587185,18.337781420868705,16.820826910585595,26,19.3824134161834,16.12431697371942,15.840959507533453,17.810590081895302,16.248415198007866,1.0,1.1333333333333333,1,3,19,25,44,19,25,0.7307692307692307,2026-01-07 05:26:38,2026-06-29 19:19:46,340845.1818181818,236016.0,17190.0,318413.12852062454,14997188.0,3.0005623053760276e-06,0.9341842317907384,34,1,27,34,1,225.02941176470588,228.5,125.21968218177246,11.433990476882085,11.336474641648001,0.5588235293953288,0.44117647057525955,19,25,4,2.9507077956048806,3.16048224422974,34,34,2.610264705882353,0.294,1.4782608695009452,0,44,19,25,0.0016789025343650833,0.0023750643550540696,0.10782241014799154,0,179,334
W0000364,42,19,19.72364318239882,16.779204252142993,16.366563030238698,18.253280141986284,16.80275533939557,24,19.41195112196207,16.233897376968258,16.16939979528701,17.57795740778967,16.09293854388819,1.0,1.2142857142857142,1,3,18,23,40,18,23,0.75,2026-01-02 12:10:31,2026-06-23 07:09:38,362018.2195121951,214762.0,29088.0,347758.5801210743,14842747.0,2.8296646955132568e-06,0.9606080599523518,30,1,27,30,1,238.6,215.0,142.27961784870106,11.366360937388345,11.25845893116321,0.5666666666477778,0.4333333333188889,20,26,4,3.001307710205908,3.2138891685752995,30,30,2.906566666666667,0.067,1.6666666665740741,0,41,18,23,0.0015882516510668928,0.002115867650296589,0.08974358974358974,1,177,313
W0000365,47,29,19.67843139610517,16.311135645720675,15.722468837724557,17.928974180570584,16.454474756671324,22,19.81704975245523,16.72600735107065,16.02344782674809,18.472465885363334,16.986725245149696,1.0,1.1702127659574468,1,4,24,20,44,24,20,1.1428571428571428,2026-01-04 08:37:46,2026-06-24 10:37:57,321339.3695652174,223606.5,5824.0,249506.86532290123,14781611.0,3.1796261463228773e-06,0.7764566452092249,33,1,29,33,1,239.3939393939394,231.0,154.62008670325213,11.458944351103716,11.237211488294301,0.33333333332323234,0.6666666666464647,18,27,5,2.7773172245667848,3.298638158131296,33,33,2.666848484848485,0.217,1.3749999999427083,0,44,24,20,0.0024005333648108476,0.002686243093898169,0.09619450317124736,0,179,286
W0000366,38,18,19.559173643378045,16.668801939933115,16.330178740251714,18.234442065243847,16.871610203339497,23,19.5592694601497,16.423775314680103,15.954883069174707,18.156125844795845,16.589130715955896,1.0,1.1842105263157894,1,3,14,22,35,14,22,0.6086956521739131,2026-01-06 06:17:09,2026-06-28 21:50:02,405491.1621621622,280099.0,25959.0,369975.24388730794,15003173.0,2.532797393404889e-06,0.912410345774697,28,2,25,28,1,249.39285714285714,234.5,131.12909649307412,11.26163960770974,11.109024133525745,0.5714285714081633,0.42857142855612246,18,24,5,3.389210228356512,3.630456210576636,28,28,2.9267857142857143,0.466,1.4736842104487535,0,36,14,22,0.0013991331029248521,0.0015741061903560812,0.08907563025210084,2,140,324
W0000367,40,19,18.959959908898426,16.015521034702303,15.238101891114965,17.701364131340814,16.238677849000776,21,19.14132562842108,16.096803287985345,15.85731266560976,17.020537650276122,15.848099257047739,1.0,1.175,1,3,18,21,39,18,21,0.8181818181818182,2026-01-10 04:24:30,2026-06-29 22:23:33,378275.46153846156,270973.0,49617.0,309130.75051103893,14752743.0,2.7113600019087974e-06,0.8172085285290949,30,1,23,30,1,272.1333333333333,272.5,147.93188864528474,11.24726577655294,11.105603634218898,0.3999999999866667,0.59999999998,17,22,5,2.719892371591978,3.0346410435392417,30,30,2.514866666666667,0.169,1.764705882249135,0,39,18,21,0.0019153345864873867,0.002138650205920416,0.08906882591093117,0,179,287
W0000368,40,20,19.502865093254126,16.507132884082495,15.857574427047695,18.014079946192773,16.69481315873104,20,19.508729292270164,16.512997082722087,16.045170379138753,17.62151563168401,16.543484940055478,1.0,1.25,1,4,20,19,39,20,19,1.0,2026-01-06 04:57:28,2026-06-26 15:40:21,379819.8205128205,228522.0,9745.0,393689.9201391925,14812973.0,2.700335530191304e-06,1.0365148482583089,21,1,19,21,1,252.1904761904762,256.0,156.19846959801464,10.841246191025524,10.902279505922026,0.5238095237845805,0.47619047616780047,14,18,3,2.4196676073851515,2.895594015345808,21,21,1.9187619047619047,0.055,1.615384615260355,0,39,20,19,0.0015889264383714854,0.0018295076504389488,0.09716599190283401,0,179,300
W0000369,48,29,19.639845509830966,16.272549762578006,15.80245241669094,17.52709042203787,16.289059156557908,22,19.708315129461464,16.617272734046924,16.462281064403342,17.723697555312192,16.370691701536156,1.0,1.375,1,4,22,22,44,22,22,0.9565217391304348,2026-01-08 12:29:46,2026-06-25 01:14:15,307971.6808510638,283821.0,4144.0,253935.7227899891,14474669.0,3.3161377772342995e-06,0.82453976790491,21,1,16,21,1,278.5238095238095,285.0,153.91511265877014,10.984478832446836,10.902813433338995,0.6190476190181405,0.3809523809342404,11,14,4,2.496668122437154,2.7792593065244535,21,21,2.285857142857143,0.062,1.3124999999179687,0,44,22,22,0.001978142174872765,0.0027208327214332238,0.0824524312896406,2,140,340
W0000370,44,23,19.795032092872706,16.65953793260436,16.334116697348122,18.500281473968165,16.900109647249263,22,19.50146014092079,16.41041775882197,15.976917035575656,17.74931348944629,16.383999052986933,1.0,1.0909090909090908,1,3,21,22,43,21,22,0.9130434782608695,2026-01-07 19:38:48,2026-06-30 03:52:05,348297.6046511628,227013.0,3404.0,306597.53254754795,14976797.0,2.937877642470707e-06,0.8802720667073002,37,1,31,37,1,289.5405405405405,277.0,150.65774210194195,11.540268221361936,11.364321042848184,0.37837837836815197,0.6216216216048212,19,26,4,2.9318768657692202,3.1698449802886364,37,37,2.691135135135135,0.083,1.7619047618208616,0,43,21,22,0.001976685438626392,0.0025822085617805655,0.09080841638981174,1,177,323
W0000371,36,18,19.598691791465,16.70832008591022,16.185502585511852,18.12993440810392,16.78701461264526,18,19.275731704094166,16.385360018492456,15.941658427467264,17.786390619278304,16.426735610366368,1.0,1.1111111111111112,1,4,17,18,35,17,18,0.8947368421052632,2026-01-15 03:45:29,2026-06-23 12:46:59,393431.14285714284,321829.0,16711.0,335586.85804468347,13770090.0,2.614361807775998e-06,0.8529726514148508,31,2,27,31,1,214.09677419354838,195.0,126.107984108517,11.068152839941444,11.151941249443398,0.5483870967565037,0.4516129032112383,17,24,5,3.2254738358113157,3.5824656461041697,31,31,2.45158064516129,0.009,1.4090909090268595,0,35,17,18,0.0015285758257299396,0.001487443208639512,0.0957983193277311,2,140,267
W0000372,33,16,19.09979777058754,16.327209124407435,15.974045818708824,17.838451165802287,16.509392936636196,17,19.304682165859404,16.471468887903427,16.5583845764355,17.226072059087308,16.02730150193711,1.0,1.0303030303030303,1,2,16,17,32,16,17,0.8888888888888888,2026-01-07 07:22:05,2026-06-30 14:05:01,470555.5,304953.5,12384.0,512774.46663081436,15057776.0,2.1915585547587803e-06,1.089719229531022,26,2,22,26,1,234.80769230769232,250.5,141.02198955645727,11.012363654269858,11.209452706612124,0.4999999999807692,0.4999999999807692,17,20,5,3.2776043927683625,3.447888103773619,26,26,2.6230384615384614,0.15,1.7333333332177778,0,33,16,17,0.001561212719033792,0.0014760014515448699,0.0907258064516129,1,177,265
W0000373,46,24,19.759624821526998,16.581571051467183,16.320079506575425,17.923477759260035,16.492873161196787,23,19.997897286896592,16.86240311640827,16.425789299463204,18.53571630207994,16.99687288752794,1.0,1.2173913043478262,1,4,23,23,46,23,23,0.9583333333333334,2026-01-04 00:35:54,2026-06-22 23:30:51,326313.26666666666,193310.0,10756.0,353970.1647736455,14684097.0,3.1326404931375426e-06,1.0847523413226356,37,1,32,37,1,245.97297297297297,268.0,135.17899378365104,11.507601316813528,11.550933905155935,0.5675675675522279,0.4324324324207451,20,28,4,2.8479475983800073,3.250926061369717,37,37,2.458081081081081,0.13,1.6086956521039697,0,46,23,23,0.0020204903567326523,0.002852548857353548,0.07536231884057971,2,140,303
W0000374,41,16,19.459546924173143,16.68695825501171,15.507489838433886,18.509440836879957,17.130605218733525,25,19.209570265467008,15.990694549642575,15.863330490027613,17.310923338558624,15.788688486851136,1.0,1.3414634146341464,1,3,16,35,51,16,35,0.4444444444444444,2026-01-06 09:33:56,2026-06-25 13:44:38,367576.05,253509.5,5773.0,367631.4621772211,14703042.0,2.7885383998400874e-06,1.0001480293103748,37,1,29,37,1,274.43243243243245,293.0,144.83161497648467,11.557984868976563,11.510983580732887,0.5405405405259314,0.4594594594470417,19,25,4,2.8156454426291537,3.1494426153653,37,37,2.4934324324324324,0.132,1.7619047618208616,0,51,16,35,0.0016186938096386327,0.0031024467395996944,0.07686274509803921,1,177,376
W0000375,43,21,19.642840297216544,16.598317918411777,16.246078315323473,17.95517039677816,16.527725837171257,23,19.310486012038474,16.174991886471183,15.615949088278196,17.55921327379366,16.176688266854722,1.0,1.4651162790697674,1,4,19,30,47,19,30,0.6129032258064516,2026-01-01 08:42:05,2026-06-29 03:13:19,367758.90476190473,233607.5,12329.0,393805.390117629,15445874.0,2.783914799258702e-06,1.0708219820009652,27,1,24,27,1,260.81481481481484,272.0,134.21625404176223,11.160484402634983,11.221181822163762,0.48148148146364883,0.5185185184993141,19,22,4,3.0161516213719763,3.1272627324830884,27,27,2.377555555555556,0.175,1.6874999998945313,0,49,19,30,0.0017435283674280483,0.0028755774290354086,0.09805735430157261,0,179,383
W0000376,32,15,19.421975757280137,16.713925607614392,16.432423208391103,17.629866863173614,16.548648982947597,17,19.456144410902823,16.62293112365648,16.187930248094823,18.0468750167326,16.734198443807397,1.0,1.03125,1,2,14,16,29,14,16,0.8235294117647058,2026-01-08 08:26:02,2026-06-25 12:02:01,468650.29032258067,305261.0,18229.0,468088.24162552896,14528159.0,2.2026189138886136e-06,0.9987985764497433,20,1,20,20,1,184.95,133.5,143.89048284244367,10.954326659732555,10.842322248845178,0.3499999999825,0.6499999999675,16,19,5,2.8159614479285136,3.060964047443681,20,20,2.59635,0.144,1.6666666665277778,0,30,14,16,0.0014733720116972089,0.0012680447887162911,0.10837438423645321,2,140,270
W0000377,62,27,20.372489300293665,17.076652471213755,16.16141985633627,19.320006859006206,17.716791195582008,36,20.252896091088168,16.669377208652563,15.979815802239562,18.635782647717964,16.955369421112437,1.0,1.1935483870967742,1,4,25,36,59,25,36,0.6756756756756757,2026-01-02 10:25:37,2026-06-30 03:54:55,253150.131147541,181171.0,1012.0,271215.10592058813,15442158.0,4.014982619982089e-06,1.0713564845282841,43,2,34,43,1,291.72093023255815,304.0,131.96253537262461,11.554585508229522,11.667138999964916,0.4883720930118984,0.511627906964846,18,30,4,3.221481522042185,3.737514180083279,43,43,2.600813953488372,0.013,1.4827586206385255,1,61,25,36,0.0023170067344615007,0.004624128799031116,0.09059029807130334,0,179,383
W0000378,40,23,19.80446521793908,16.668971057148145,16.59533888590385,17.615078429228493,16.328428569993772,17,19.794783250530877,16.96156994696532,16.552574882252983,18.68032195041423,17.274758905376128,1.0,1.225,1,4,22,16,37,22,16,1.2941176470588236,2026-01-01 21:32:17,2026-06-24 13:25:50,384728.53846153844,276749.0,6635.0,346338.87660352525,15004413.0,2.665882186401948e-06,0.9002138956849264,22,1,20,22,1,252.22727272727272,294.5,142.015402188898,10.68384400716945,10.956840934798622,0.4545454545247934,0.545454545429752,17,17,5,2.8943774569967515,2.9226754683112186,22,22,2.1538181818181816,0.451,1.294117646982699,0,38,22,16,0.0019158118781297693,0.001840994234759931,0.07507507507507508,2,140,244
W0000379,37,20,19.372502679564324,16.37677047935737,15.845474458591589,18.11737542162686,16.67276331220669,18,19.393769771053766,16.503398077402952,16.11429584081504,17.57564750404209,16.287450620680197,1.0,1.1891891891891893,1,3,18,18,36,18,18,0.9473684210526315,2026-01-01 11:27:07,2026-06-27 17:47:12,425433.47222222225,306351.5,18429.0,364802.43544804875,15315605.0,2.4158365003643996e-06,0.8574820783622281,22,1,19,22,1,246.54545454545453,223.0,149.1393491153339,11.023208804414473,11.04527107410187,0.4545454545247934,0.545454545429752,13,18,5,2.6954027410384915,2.985286547905843,22,22,2.4912727272727273,0.097,1.294117646982699,0,36,18,18,0.0016821350607197846,0.0016134427318266985,0.1111111111111111,2,140,264
W0000380,38,15,19.532429108676933,16.82437895363238,16.115964080775903,18.09213199542657,16.923589780055035,24,19.54563741524666,16.367583659572016,15.833974696857785,17.680836532091178,16.371432321790586,1.0,1.0789473684210527,1,3,14,23,37,14,23,0.5833333333333334,2026-01-13 16:28:35,2026-06-30 12:22:50,391904.1891891892,358015.0,3076.0,337381.5398581353,14500455.0,2.6206072415929543e-06,0.8608754085551722,32,1,24,32,1,253.0,265.0,142.50659294312692,11.28983191240606,11.389480178987997,0.562499999982422,0.43749999998632816,17,23,4,2.722037998444309,2.9643782328869173,32,32,2.12978125,0.095,1.6842105262271467,0,37,14,23,0.001598432335627572,0.002006170968884671,0.09009009009009009,2,140,323
W0000381,61,37,20.284795475711814,16.67387761887961,15.858676784544109,18.336705143417838,16.994192520030357,27,20.15301832549756,16.857181505479556,16.270802574785556,18.698101405245517,17.169265035578274,1.0,1.2295081967213115,1,4,33,27,57,33,27,1.1785714285714286,2026-01-02 03:14:09,2026-06-26 17:31:12,252857.05,151144.5,3148.0,249505.4598337038,15171423.0,4.020716842400555e-06,0.9867412164006794,53,2,42,53,1,241.9811320754717,210.0,149.5389697814892,11.890683588496984,11.906823936706928,0.45283018867070135,0.5471698113104307,21,34,5,3.438793196050299,3.8211994023082765,53,53,2.428,0.029,1.6060606060119378,1,60,33,27,0.0027218423107933493,0.004887104618052354,0.09273182957393483,2,140,366
W0000382,37,22,19.606450960815398,16.515408571614344,16.027780987757613,18.189935774927264,16.662232915611302,15,19.7864323042152,17.078382138839423,16.633585122060996,18.155404078559506,16.979480533369504,1.0,1.2432432432432432,1,3,21,14,33,21,14,1.4,2026-01-01 05:54:51,2026-06-27 18:30:27,426059.3333333333,302863.5,8799.0,409111.6463293189,15338136.0,2.4122877504614805e-06,0.9602199837018048,21,2,19,21,1,161.57142857142858,86.0,151.75228875656916,10.73070660463555,10.95191119962095,0.42857142855102043,0.5714285714013605,14,18,4,3.0867276063731715,3.4392717976347758,21,21,2.760666666666667,0.314,1.3124999999179687,0,35,21,14,0.0018724505371524479,0.0014703229951357098,0.08901515151515152,1,177,247
W0000383,45,25,19.497496964741217,16.278621221635838,15.502270927697294,17.79233855527351,16.424337348379293,20,19.01652034673613,16.02078817789107,15.793951855836347,17.142029399601608,15.915257927961903,1.0,1.3777777777777778,1,4,24,20,43,24,20,1.1428571428571428,2026-01-07 02:05:44,2026-06-21 00:15:26,323849.5909090909,196476.5,5217.0,365222.57767083135,14249382.0,3.1580314740645262e-06,1.1277502277998133,21,1,19,21,1,320.6666666666667,363.0,135.51137713614062,11.082619358263033,10.905148315127787,0.28571428570068025,0.7142857142517007,13,18,5,2.65749877725057,2.9135675273020807,21,21,2.4841428571428574,0.006,1.3124999999179687,0,44,24,20,0.0020817310859932094,0.0027786127712611363,0.08084163898117387,0,179,308
W0000384,38,19,19.3072674717637,16.362828566768027,15.726378850270715,18.127479012840322,16.65520696529158,21,19.371538311085327,16.327015950643805,15.86312726939931,17.66159256591117,16.216596595692693,1.0,1.2105263157894737,1,3,17,20,37,17,20,0.8095238095238095,2026-01-16 13:57:54,2026-06-29 02:58:18,381892.54054054053,241392.0,2099.0,393857.5043846297,14130024.0,2.6893087591847857e-06,1.0313280078713956,28,1,24,28,1,285.5357142857143,310.5,148.22167636319375,11.175716957368046,11.06677897745504,0.6428571428341837,0.357142857130102,17,21,3,2.8003687816464162,3.005900478152255,28,28,2.286607142857143,0.07,1.4736842104487535,0,37,17,20,0.0014881330468306656,0.0017521144988413375,0.08258258258258258,0,179,293
W0000385,31,19,19.55382622521347,16.609387304010404,16.521094720892275,17.729086776532135,16.35907899914824,12,19.625529334665423,17.140622717848537,16.85656367502449,18.20051024373866,16.932644732564484,1.0,1.6451612903225807,1,4,19,27,46,19,27,0.6785714285714286,2026-01-13 02:49:01,2026-06-28 03:52:59,478207.93333333335,326734.5,27872.0,446766.938048042,14346238.0,2.1608450828122965e-06,0.9342505062251214,18,1,15,18,1,252.05555555555554,221.5,152.38128348178313,10.623398370365289,10.520509342706582,0.3333333333148148,0.6666666666296296,11,14,4,2.427963258235975,2.684771938731434,18,18,2.557111111111111,0.117,1.499999999875,0,46,19,27,0.0018167083511062498,0.0028576460729425766,0.09951690821256039,1,177,379
W0000386,43,22,19.678604742817736,16.587562349150556,16.13149122824724,18.106209723801065,16.610942091490905,21,19.56773554906585,16.52321317485657,16.052220343386438,17.671990430166396,16.41453031066158,1.0,1.302325581395349,1,4,21,21,41,21,21,0.9545454545454546,2026-01-09 05:56:02,2026-06-27 00:47:57,347217.0238095238,232436.0,1570.0,328070.3290221576,14583115.0,2.948615371365077e-06,0.9448539722181294,28,1,27,28,1,272.10714285714283,278.5,153.7357856809591,11.104882035847263,11.277949688149382,0.4642857142691327,0.5357142856951531,17,23,4,2.871797353074988,3.113043335295113,28,28,2.5627142857142857,0.124,1.6470588234325259,0,42,21,21,0.00190454788099085,0.0025004700622318684,0.10121951219512196,2,140,334
W0000387,52,26,20.114453339725788,16.856356847660486,16.2023939216346,18.555648438351476,17.097031632641656,26,20.01393166913889,16.755835181933342,16.511520970816786,18.163174254367632,16.5609405980305,1.0,1.5,1,4,26,44,65,26,44,0.5777777777777777,2026-01-02 18:33:39,2026-06-19 11:10:07,284089.96078431373,187642.0,10416.0,231647.2414061485,14488588.0,3.5890313404569625e-06,0.8153981413791573,43,2,35,43,1,266.3255813953488,303.0,144.29677106413325,11.662491365024191,11.574528431580697,0.558139534870741,0.4418604651060033,22,29,4,3.375067170514077,3.6955817607394694,43,43,2.396279069767442,0.089,1.4827586206385255,0,70,26,44,0.00254566726629386,0.00649211067967058,0.09663461538461539,0,179,437
W0000388,38,20,19.094334450323384,16.098602273639436,15.926448283657763,17.059999703148694,15.902405411930452,19,19.51467105438304,16.570232135494557,15.967060762009304,17.797037368330642,16.53007153227023,1.0,1.1842105263157894,1,3,17,19,34,17,19,0.85,2026-01-01 20:10:58,2026-06-27 22:54:35,413584.24324324325,278888.0,7267.0,442671.811683291,15302617.0,2.483235221581039e-06,1.0703278681124049,40,1,31,40,1,263.975,255.0,146.45704498466785,11.50219813232934,11.58039718008524,0.47499999998812503,0.5249999999868751,20,29,5,2.9790022236353773,3.2560621865901345,40,40,2.633475,0.116,1.7391304347069942,0,36,17,19,0.001715607228804168,0.0018947630254743252,0.09982174688057041,0,179,344
W0000389,45,26,19.118294051503458,15.860197637924946,15.25851353038923,17.630941712598617,16.086537871419505,22,19.41908185117043,16.328039475190415,15.79069493340572,17.99824594668678,16.692906143428175,1.0,1.2222222222222223,1,3,23,22,45,23,22,1.0,2026-01-08 22:58:13,2026-06-29 22:23:33,337698.1818181818,231036.0,2786.0,313018.88290728454,14858720.0,3.02852446048351e-06,0.9269163200869547,31,1,27,31,1,228.8709677419355,218.0,147.40324327853935,11.402351382259514,11.381517530497506,0.48387096772632676,0.5161290322414152,19,27,4,3.0333921067365517,3.3036322277391883,31,31,2.7115483870967743,0.213,1.4090909090268595,1,45,23,22,0.001955124746994331,0.0025728860114320926,0.10404040404040404,2,140,307
W0000390,47,26,19.680859788111093,16.42276332099042,16.204747409126185,17.629492572314767,16.21364808808576,21,19.605007073989608,16.560484697456626,16.311950278810432,17.703775113336327,16.35500368965566,1.0,1.2127659574468086,1,4,26,21,46,26,21,1.1818181818181819,2026-01-07 23:14:32,2026-06-30 13:20:41,326042.8043478261,239706.0,500.0,261594.62862771473,14997969.0,3.1337574351728932e-06,0.8023297027556564,46,1,37,46,1,239.0,247.0,144.47944875002506,11.63260891591524,11.684767300808799,0.5217391304234404,0.47826086955482044,22,32,5,3.0703568852750616,3.4028728257605296,46,46,2.566913043478261,0.051,1.8399999999264,0,47,26,21,0.0022721354608261626,0.002915920955516839,0.08309178743961353,1,177,319
W0000391,35,19,19.16832999701056,16.223891103070205,15.844764772396745,17.852279395755062,16.463629275042234,16,19.202249463838836,16.429660810252173,15.989172367528347,17.782625770763868,16.40801489218787,1.0,1.1714285714285715,1,3,19,16,35,19,16,1.1176470588235294,2026-01-03 16:53:35,2026-06-23 22:35:18,435144.20588235295,286958.5,7426.0,387687.76788191206,14794903.0,2.3656794258347335e-06,0.8909388467139137,25,1,22,25,1,287.52,304.0,139.2174917170971,11.149944968468219,11.108439876975565,0.599999999976,0.399999999984,17,22,4,2.9068303448440926,3.121928094887362,25,25,2.48548,0.398,1.5624999999023437,0,35,19,16,0.0017327071082715896,0.001624304411511305,0.07899159663865546,2,140,245
W0000392,50,31,19.920147990296627,16.4861608527862,15.79564088887966,18.40699300277394,16.904967824255674,21,19.60769348606321,16.563171109366067,15.949395066102793,17.937263683517703,16.566393494116568,1.0,1.2,1,3,29,20,49,29,20,1.380952380952381,2026-01-07 05:21:42,2026-06-26 14:38:14,300436.5714285714,227732.0,4127.0,266077.1787050235,14721392.0,3.39641771672015e-06,0.8856321712355572,39,2,28,39,1,239.66666666666666,251.0,134.2427756231878,11.546157125652366,11.482888848593689,0.5641025640881,0.43589743588625907,20,27,4,3.4246100867855183,3.6360232277556865,39,39,2.6954358974358974,0.059,1.4444444443909465,0,49,29,20,0.0028207157664494847,0.00343547868412244,0.08418367346938775,1,177,267
W0000393,30,14,19.467220276636912,16.828162992671256,16.212247933385413,18.1132145160338,16.94542879008176,16,19.492457933961706,16.719869263081844,16.47654144102311,17.63247236059075,16.50185211693326,1.0,1.1333333333333333,1,4,12,16,28,12,16,0.7058823529411765,2026-01-17 20:57:32,2026-06-24 09:42:07,469333.6206896552,306016.0,2767.0,370200.55962896784,13610675.0,2.2041520935477417e-06,0.7887774379076987,20,1,17,20,1,252.1,233.0,163.52945976345154,10.946322825735239,10.797553125151618,0.3499999999825,0.6499999999675,15,17,5,2.842091859889594,2.960964047443681,20,20,2.807,0.224,1.3333333332444444,0,28,12,16,0.0015518751634141905,0.0010000428780366538,0.12698412698412698,0,179,269
W0000394,43,22,19.67176781462944,16.58072542137176,15.697384231264712,18.856000157562253,17.30279031675434,23,20.00335141283675,16.86785724210126,15.940302067403515,18.549599528588242,17.228023340842196,1.0,1.2325581395348837,1,4,20,22,41,20,22,0.8695652173913043,2026-01-03 04:03:45,2026-06-26 17:38:00,359106.0714285714,285687.0,2716.0,287905.2558891631,15082455.0,2.850994559506754e-06,0.8017253872051061,28,1,25,28,1,242.67857142857142,240.5,153.01247917431044,11.150189331938535,11.13371272800613,0.49999999998214284,0.49999999998214284,17,23,5,2.8448370851405778,3.175911612775884,28,28,1.875142857142857,0.087,1.6470588234325259,0,42,20,22,0.001970095576506091,0.0024611577036924136,0.08292682926829269,1,177,317
W0000395,50,25,20.28969818245125,17.07082239460909,16.635393862262184,18.67681969437667,17.25327987933813,26,20.093326960677775,16.83523046959369,16.371584879312902,18.164856653843447,16.80003368371336,1.0,1.36,1,4,23,25,46,23,25,0.8846153846153846,2026-01-08 04:24:42,2026-06-30 07:50:14,305296.5714285714,236368.0,10572.0,302319.2228794893,14959532.0,3.342350326042932e-06,0.9902444407430245,45,2,35,45,1,289.1111111111111,309.0,142.26754920063658,11.772470374172714,11.665251624228782,0.5333333333214815,0.46666666665629636,21,29,5,3.3344422303321926,3.677405252379755,45,45,2.142488888888889,0.284,1.7307692307026628,0,48,23,25,0.001981109678463945,0.003104284493030575,0.09371980676328502,0,179,366
W0000396,29,16,19.07744446095705,16.304855816496275,16.17640427527473,17.31989657846635,16.080591832380062,15,19.316475076406107,16.608424932463535,16.354472850008147,17.83709772533599,16.39373497682054,1.0,1.5172413793103448,1,3,14,26,39,14,26,0.5185185185185185,2026-01-06 09:38:34,2026-06-28 20:51:40,535270.9285714285,352712.0,6672.0,571462.4221028225,14987586.0,1.9349345561763877e-06,1.0676114169259383,18,1,17,18,1,270.6666666666667,298.5,152.49570871493592,10.654243045716386,10.688233488623478,0.44444444441975306,0.5555555555246914,13,15,3,2.7096909728231853,2.8417711812166147,18,18,3.0218333333333334,0.6,1.499999999875,0,40,14,26,0.0014536031569625822,0.0020622104689469005,0.08636977058029689,0,179,333
W0000397,35,23,19.361099265519833,16.225605135492845,15.969741107697372,17.262918939339002,16.102891761943624,14,19.09578281647397,16.45672555304229,16.22845582745673,17.558161060546283,16.324510251426947,1.0,1.2,1,2,21,14,33,21,14,1.4,2026-01-04 16:01:16,2026-06-28 01:55:57,443214.14705882355,239194.0,13210.0,455460.69893720973,15069281.0,2.3226056822083494e-06,1.0276289110596686,26,1,23,26,1,244.42307692307693,248.0,127.49687778982607,11.006423812684293,11.103437275110155,0.5384615384408284,0.46153846152071004,16,18,5,2.7221589426775665,2.8281161542992383,26,26,2.7026538461538463,0.195,1.3684210525595568,0,35,21,14,0.0018229526412826733,0.0016353192317563978,0.10795454545454546,0,179,249
W0000398,55,31,20.54050410568989,17.106516937220594,16.69523106997927,18.206345510256234,16.970752984778677,24,21.105923857444214,17.92787004278333,17.170599286989223,20.450470484047344,18.823202596975868,1.0,2.0727272727272728,1,6,29,70,96,29,70,0.4084507042253521,2026-01-01 17:00:00,2026-06-22 11:03:53,274804.31481481483,148842.5,8.0,347424.6142172875,14839433.0,3.706340821354777e-06,1.2642572595490347,35,1,29,35,1,246.8,235.0,127.63039468347193,11.313425195403495,11.302118010167087,0.5714285714122449,0.42857142855918373,21,28,5,3.0751463298083337,3.336070079901054,35,35,2.4053999999999998,0.126,1.52173913036862,6,99,29,70,0.0028356101158990826,0.011425306147023834,0.09100877192982457,2,140,479
W0000399,31,18,19.2215711382891,16.331199456710873,16.078448330821217,17.436797659406782,16.156843730171335,13,19.18817239726899,16.62322309550856,16.217564534988774,17.77026345831267,16.564867312378443,1.0,1.1290322580645162,1,3,18,13,30,18,13,1.2857142857142858,2026-01-02 12:10:31,2026-06-18 08:08:10,480475.3,305660.5,7526.0,472049.1932715129,14414259.0,2.150648038817116e-06,0.9824609315204786,22,1,22,22,1,237.9090909090909,238.0,151.1079428409056,10.842224473240114,10.831805664623001,0.4545454545247934,0.545454545429752,16,19,5,2.714113720467497,2.8676338909712125,22,22,2.5060454545454545,0.13,1.294117646982699,0,31,18,13,0.001724801062246345,0.0012686249780495531,0.08735632183908046,2,140,179
W0000400,42,23,19.594453901950043,16.458959754044468,16.007383507518092,17.63515574002546,16.39299124162471,22,19.690006385270703,16.59896399092681,15.882497803359442,18.21340977899888,16.80719637607174,1.0,1.2142857142857142,1,4,20,22,41,20,22,0.8695652173913043,2026-01-01 17:01:44,2026-06-20 21:43:48,358656.68292682926,228600.0,4146.0,368289.4076622649,14704924.0,2.8561859377045446e-06,1.0268549237725395,26,1,22,26,1,205.92307692307693,207.5,128.1005614591671,10.937312400199797,11.237514460719542,0.6538461538210059,0.3461538461405325,16,19,4,2.8084788997100603,2.8426332216485357,26,26,2.044807692307692,0.122,1.4444444443641975,0,42,20,22,0.0019269121801125696,0.0028397294565482307,0.08658536585365853,2,140,327
W0000401,29,15,19.025610817285674,16.317560692639226,15.585395174319023,17.834466733780282,16.455427219834128,14,18.689299210064696,16.050241979825966,15.288108295500528,17.010042500428664,15.976121802407409,1.0,1.206896551724138,1,3,13,14,27,13,14,0.8666666666666667,2026-01-02 20:53:34,2026-06-27 06:27:05,541228.9642857143,421527.5,10275.0,446004.3211582299,15154411.0,1.9136341284637106e-06,0.824056963931851,14,1,14,14,1,261.2857142857143,299.5,163.63675935128086,10.479004810717253,10.37195875822042,0.571428571387755,0.4285714285408163,12,14,4,2.5715206744101833,2.7143778172673265,14,14,2.226857142857143,0.095,1.74999999978125,0,27,13,14,0.001351375553888372,0.0009740960387513881,0.09686609686609686,0,179,264
W0000402,41,28,19.93816154575729,16.605957094783246,15.987991806146281,17.699752662946423,16.565176123846083,14,20.121235691780985,17.48217838590141,17.495687164419223,18.305912559062804,17.285999611395916,1.0,1.3658536585365855,1,3,26,15,40,26,15,1.625,2026-01-01 09:10:35,2026-06-23 09:10:19,373679.6,282486.0,4542.0,413814.2266845762,14947184.0,2.7429914060741202e-06,1.1074008837616303,47,1,36,47,1,256.29787234042556,267.0,144.20093391930837,11.673282559385532,11.770238532054535,0.48936170211724767,0.5106382978614759,21,31,5,2.9524109174541353,3.279315768020098,47,47,2.7810425531914893,0.194,1.6785714285114797,0,41,26,15,0.0021861808138484108,0.0019613797502174312,0.09615384615384616,1,177,244
W0000403,38,20,19.82395653594532,16.82822430909152,16.337361092114875,18.111197953349727,16.930431419509862,18,20.241309321326984,17.350937590957887,17.254601923704808,18.151569664829942,16.968996182343098,1.0,1.105263157894737,1,2,18,18,36,18,18,0.9473684210526315,2026-02-02 14:26:10,2026-06-30 04:14:25,344607.97297297296,238233.0,17248.0,330693.1236937962,12750495.0,2.9802762182741752e-06,0.9596184360519593,31,3,28,31,1,247.74193548387098,226.0,138.07967935023012,11.276671344505923,11.2728900459858,0.4516129032112383,0.5483870967565037,17,25,5,3.33160053349399,3.795282801589571,31,31,2.857548387096774,0.234,1.4761904761201814,0,36,18,18,0.0020271835277771836,0.0020200520607592653,0.08253968253968254,2,140,299
W0000404,47,25,19.84854375197823,16.629667984667037,16.132208691838184,18.073346411786858,16.750604738261284,23,19.83317001304187,16.697675850690704,16.176623582136703,18.297002229059203,16.794980616868447,1.0,1.148936170212766,1,2,24,23,44,24,23,1.0,2026-01-01 05:58:14,2026-06-21 02:17:53,320895.1956521739,231951.5,2343.0,335385.5067917197,14761179.0,3.1840272932109766e-06,1.0451526423057103,37,1,28,37,1,234.13513513513513,242.0,138.72097537506366,11.530814497805968,11.38718081964315,0.4594594594470417,0.5405405405259314,18,23,5,2.7872688822222638,2.9778076047913156,37,37,2.195351351351351,0.046,1.6086956521039697,0,47,24,23,0.002105161441432426,0.0032986932378013954,0.08139534883720931,1,177,350
W0000405,34,19,19.009918361269293,16.06547948195786,15.888036995326953,17.273812616837407,15.908181549440403,16,18.84189995526216,16.069311331459307,16.032970457641692,17.05357866704446,15.707831803992418,1.0,1.1176470588235294,1,2,18,16,33,18,16,1.0588235294117647,2026-01-04 06:31:10,2026-06-17 21:19:58,430997.8181818182,256492.0,4858.0,431994.3733528579,14222928.0,2.3905062030472064e-06,1.0023098791204104,22,2,20,22,1,242.36363636363637,227.0,164.60242012180962,10.943181055288761,10.914251750631042,0.31818181816735536,0.6818181817871901,17,20,4,3.326972861459397,3.4804930319631127,22,22,3.1495,0.335,1.6923076921775149,0,34,18,16,0.0016410413857335287,0.0015676798251523633,0.07954545454545454,0,179,265
W0000406,44,23,19.563461412143575,16.42796726637923,15.905281319105963,18.235030850385588,16.667891978702908,21,19.959624002789056,16.915101607987186,16.874463562877168,17.67867649898522,16.352441280539963,1.0,2.090909090909091,1,4,23,57,78,23,57,0.39655172413793105,2026-01-02 03:19:34,2026-06-28 15:17:40,356648.511627907,249886.0,5359.0,351563.51156128733,15335886.0,2.869087389598006e-06,0.9857395008241988,23,1,18,23,1,210.7826086956522,194.0,117.78059591759397,11.096970530507365,11.172025440146859,0.47826086954442343,0.5217391304120983,13,18,3,2.559190928864436,2.9845008149379963,23,23,2.5212173913043476,0.316,1.7692307690946745,0,80,23,57,0.002116237992216881,0.00690763220654741,0.08191808191808192,0,179,453
W0000407,45,28,19.922504131245685,16.59029968120587,15.738341709708699,19.05032376956687,17.361934068783825,19,19.539944113603497,16.5955051932107,16.109349615650082,17.995272435668117,16.53385704400667,1.0,1.3111111111111111,1,4,26,19,45,26,19,1.3,2026-01-02 05:25:13,2026-06-24 14:28:32,340449.9772727273,207690.0,401.0,313025.2692390963,14979799.0,3.004045447869798e-06,0.9194430039433816,29,1,27,29,1,252.72413793103448,236.0,131.70391483272624,11.301043265933037,10.960305151547193,0.5517241379120095,0.4482758620535077,17,23,5,2.941668730210503,3.1745958854575203,29,29,2.2101724137931034,0.121,1.3809523808866213,2,45,26,19,0.002278340475725849,0.00278954235320719,0.08282828282828283,1,177,290
W0000408,46,24,20.120290433546238,16.942236645231905,16.50274048013849,18.839950632757354,17.316681556802646,22,20.346675809045628,17.255633386290754,17.1975109848736,17.78429972030968,16.30265788984385,1.0,2.217391304347826,1,4,22,65,81,22,65,0.3333333333333333,2026-01-06 01:02:19,2026-06-21 04:08:50,318968.68888888886,225212.0,6114.0,290367.68483188393,14353591.0,3.204772714732312e-06,0.9103300249103975,22,2,20,22,1,230.0909090909091,257.5,167.6140433629221,11.014505900161963,11.02610929366459,0.545454545429752,0.4545454545247934,15,17,4,3.0258542000094844,2.6845133289925673,22,22,2.3602272727272724,0.44,1.4666666665688888,0,87,22,65,0.0021657527566657096,0.008005632653892043,0.08456790123456791,0,179,472
W0000409,55,30,20.282654655135154,16.881457318529034,16.199539499652087,18.084424805936923,16.83620391951246,27,19.91654668324738,16.62070987549722,16.160213413608332,18.035647197672528,16.588241584892025,1.0,1.290909090909091,1,4,28,27,52,28,27,1.0,2026-01-19 06:25:30,2026-06-30 06:30:05,259205.09259259258,197527.5,879.0,278597.99011230125,13997075.0,3.929392110180726e-06,1.0748126609438455,50,1,43,50,1,221.84,197.5,131.6379326262854,11.820189552149731,11.602821012073054,0.41999999999160004,0.5799999999884,24,37,5,3.0378628487696906,3.401883161233183,50,50,2.48828,0.14,1.562499999951172,1,55,28,27,0.0023704544694616836,0.004168635498079917,0.10180995475113122,1,177,365
W0000410,32,16,18.75703357344483,15.984444958360696,15.207035963284326,17.304776873871866,16.082914718278076,16,19.0389409220702,16.26635228066259,15.88426961958511,17.55798383447081,16.15979579567286,1.0,1.375,1,4,16,16,31,16,16,0.9411764705882353,2026-01-21 15:29:51,2026-06-27 11:44:11,437137.4193548387,260867.0,18492.0,415072.50362394715,13551260.0,2.3614038575450656e-06,0.9495219025510087,18,1,16,18,1,165.0,157.5,113.81253936911811,10.941535634229457,10.808616219704092,0.5555555555246914,0.44444444441975306,13,15,5,2.6292163831758786,2.8417711812166147,18,18,2.3616666666666664,0.514,1.499999999875,0,32,16,16,0.001412746922317272,0.0013433252911987815,0.07526881720430108,2,140,259
W0000411,38,22,19.24774113985826,16.156698778339866,15.9289277110773,17.262296890136497,15.894892068398718,17,19.450493924503046,16.617280637578617,16.253971530624046,18.035956308332505,16.63519063951979,1.0,1.2105263157894737,1,2,21,16,35,21,16,1.2352941176470589,2026-01-03 11:35:10,2026-06-25 11:42:25,403990.13513513515,337547.0,14749.0,349123.46456169995,14947635.0,2.5422080120227706e-06,0.8641859540925769,32,1,29,32,1,266.59375,257.0,145.41017832214297,11.147815042210395,11.112477748673847,0.49999999998437505,0.49999999998437505,19,26,5,2.827583115665613,3.2114842822057974,32,32,2.65521875,0.033,1.5238095237369615,0,37,21,16,0.0017782212633495886,0.0017228318235283449,0.09411764705882353,2,140,256
W0000412,47,27,20.12589976346895,16.830062944715092,16.097392206047758,18.251660704429355,16.945721441492285,21,19.476942457221067,16.432420089048318,16.056086514894204,17.90123682244972,16.457445959756708,1.0,1.297872340425532,1,4,25,21,46,25,21,1.1363636363636365,2026-01-01 22:23:11,2026-06-24 11:48:01,325988.9130434783,216023.5,99.0,392675.942440856,14995490.0,3.1342754965475956e-06,1.2045647019405892,28,2,24,28,1,271.10714285714283,284.5,140.18594510987614,11.123299256606082,11.253221658344216,0.4642857142691327,0.5357142856951531,19,24,4,3.283100521409547,3.630456210576636,28,28,2.1505,0.042,1.5555555554691358,1,46,25,21,0.0023268197428282637,0.002864476984951415,0.08888888888888889,2,140,305
W0000413,55,33,19.680498974026513,16.18399150334582,15.64925902050453,17.68865700860985,16.295048877921882,23,19.674039586308208,16.538545433198756,15.812904383283358,18.350248751713433,16.81609767514149,1.0,1.3636363636363635,1,4,32,23,53,32,23,1.3333333333333333,2026-01-03 03:01:30,2026-06-24 22:21:43,276489.1296296296,190734.5,4973.0,322248.19661898876,14930413.0,3.6837558556648195e-06,1.1654962043334207,35,1,27,35,1,288.3142857142857,324.0,125.65751105299523,11.261292414506094,11.30652840513463,0.5142857142710204,0.4857142857004082,18,23,5,2.9008315450471023,3.077467658998534,35,35,2.4171142857142858,0.128,1.590909090836777,0,55,32,23,0.0025880223864216583,0.003920842439659045,0.10377358490566038,0,179,323
W0000414,45,30,20.597911916328837,17.19671456753962,15.913773731215407,19.45806123734487,17.919844482660114,16,20.664698272249,17.89210956591397,17.555642059990138,19.45806123734487,17.981628741782842,1.0,1.0444444444444445,1,2,29,16,45,29,16,1.7058823529411764,2026-01-01 09:00:00,2026-06-30 03:54:55,353038.5227272727,254449.5,32.0,347095.933547263,15533695.0,2.896928071722274e-06,0.9831645218243703,46,2,38,46,1,289.0652173913044,315.0,146.66339423226734,11.675086830549644,11.89263506247868,0.5434782608577505,0.4565217391205104,24,33,5,3.4203237244109737,3.7747533444935417,46,46,2.620391304347826,0.014,1.7037037036406035,1,45,29,16,0.002602627925342025,0.002640717776265043,0.09292929292929293,0,179,275
W0000415,48,26,19.927270794701407,16.66917431209606,15.74425158614218,18.144586723262737,16.887235496368657,23,19.834703767609895,16.69920960517662,16.426671887116544,17.953541105566714,16.606885024683944,1.0,1.2291666666666667,1,4,24,23,47,24,23,1.0,2026-01-05 13:12:22,2026-06-16 14:56:35,297937.2978723404,209059.0,7343.0,296118.6096549764,14003053.0,3.4278236733215484e-06,0.9938923990961923,27,2,24,27,1,286.2962962962963,356.0,147.08260756219087,11.147440397038215,11.206522579849754,0.5555555555349794,0.44444444442798353,17,19,4,3.2852425888342762,3.396353699945388,27,27,2.3317777777777775,0.073,1.5882352940242215,0,47,24,23,0.002098112608792648,0.002681748543219956,0.09435707678075855,1,177,302
W0000416,28,18,19.084705807259997,16.194334136875604,16.04658063725727,17.02378539034493,15.709466352476671,10,19.46692486954042,17.164339808159284,16.6758432663742,18.573140449173298,17.35083606514601,1.0,1.7142857142857142,1,4,17,21,37,17,21,0.7727272727272727,2026-01-02 03:14:09,2026-06-25 12:49:32,558078.6296296297,447603.0,1551.0,455757.3863848166,15068123.0,1.8582273413730867e-06,0.8166529688375844,21,1,18,21,1,253.71428571428572,233.0,147.35166875781994,11.032887661356556,10.79634587742716,0.5238095237845805,0.47619047616780047,16,19,3,2.8744974017625484,3.0533015685322376,21,21,2.4813809523809525,0.156,1.9090909089173553,0,38,17,21,0.0015501626541308939,0.0017651792387482438,0.08108108108108109,2,140,300
W0000417,37,26,19.657348998906443,16.399252533472453,15.972085174592685,17.743525862166837,16.409965365518698,12,20.563814109360166,18.07890747247371,17.40467965693581,19.5371382978203,18.263303133191226,1.0,1.4054054054054055,1,4,25,17,42,25,17,1.3888888888888888,2026-01-01 22:30:48,2026-06-30 07:54:54,430540.1666666667,253998.0,5768.0,378172.1543209426,15499446.0,2.3871819426847937e-06,0.8783646805457068,29,1,26,29,1,286.86206896551727,330.0,142.47248459613203,11.278531362883164,11.209791287959526,0.5517241379120095,0.4482758620535077,20,24,5,2.9081558119151576,3.0591021481593548,29,29,2.2418275862068966,0.191,1.4499999999275,0,42,25,17,0.002079818066100856,0.0022238706484666126,0.09059233449477352,0,179,284
W0000418,39,25,19.60585991305837,16.386984161556104,15.970254474286534,18.14648648724457,16.649051252956287,15,19.67133972633473,16.963289565316764,16.567930755975755,18.667195238739414,17.211652624336214,1.0,1.205128205128205,1,4,23,15,38,23,15,1.4375,2026-01-02 06:22:31,2026-06-29 22:39:04,406257.7105263158,224888.0,10667.0,443900.80155678006,15437793.0,2.5262676778819563e-06,1.0926554681909422,29,1,26,29,1,238.27586206896552,237.0,143.79546400349454,11.078026396827408,10.97775591781472,0.37931034481450654,0.6206896551510107,14,23,4,2.7477874802478053,3.1876111872189594,29,29,2.374103448275862,0.193,1.5263157893933519,0,38,23,15,0.002193375420865911,0.0018887320603083871,0.08961593172119488,0,179,248
W0000419,36,17,19.302139571507,16.468926293719303,15.780698406649377,17.607733565033623,16.452590842543007,19,20.270017698364374,17.325578747519394,16.815422783334924,19.010737009139945,17.750836313580017,1.0,1.8055555555555556,1,4,17,41,57,17,41,0.40476190476190477,2026-01-12 23:35:52,2026-06-23 14:17:10,398950.8,285051.0,34005.0,362732.56573580817,13963278.0,2.578190982218432e-06,0.909214009651813,25,1,23,25,1,256.72,262.0,125.16573013409064,11.099347536751514,11.051730921545808,0.5199999999792,0.4799999999808,15,19,4,2.7294320362548175,2.9445297862980873,25,25,2.4139600000000003,0.203,1.5624999999023437,0,58,17,41,0.0015780274586244345,0.003422429994950973,0.09210526315789473,2,140,430
W0000420,44,22,19.61246087987434,16.521418490288866,16.110243805743195,18.26198584645653,16.72447043452312,24,19.377856937132716,16.19980319509916,16.151440867908534,17.359921801324766,15.921791665708923,1.0,1.2954545454545454,1,3,20,28,46,20,28,0.6896551724137931,2026-01-01 14:04:37,2026-06-27 07:26:36,355091.1395348837,252337.0,4662.0,347838.68131612666,15268919.0,2.881670740301213e-06,0.9795730251076299,31,2,26,31,1,297.9032258064516,345.0,150.76833328846163,11.310539966740528,11.26314272020585,0.4516129032112383,0.5483870967565037,19,23,4,3.3315143139349477,3.54113759305725,31,31,2.5559032258064516,0.259,1.6315789472825484,0,48,20,28,0.0019512712747841942,0.003284718560752269,0.08405797101449275,1,177,358
W0000421,44,21,19.159795370463236,16.115273028247113,16.077290635460585,17.544546777382568,16.0870486397582,24,19.846127058650115,16.66807328359443,16.331142158257514,17.818897293470627,16.50077673089777,1.0,1.25,1,4,20,24,44,20,24,0.8,2026-01-02 15:43:20,2026-06-19 08:47:10,336982.0930232558,241632.0,11385.0,345257.5480321634,14490230.0,3.036528541194409e-06,1.0245545108351668,30,1,26,30,1,221.96666666666667,224.5,130.8925548667312,11.458152439122937,11.227427671909043,0.5666666666477778,0.4333333333188889,17,22,4,2.8761447934671263,3.067974376872575,30,30,2.671466666666667,0.494,1.499999999925,0,44,20,24,0.0018101053900457537,0.0024416557687265646,0.08668076109936575,2,140,324
W0000422,40,21,19.342192204077765,16.29766984593777,16.10668651356412,17.274306843473447,16.03062255978419,19,19.779364658178142,16.834925725271482,16.523816526355244,17.899259046219324,16.759764123391182,1.0,1.15,1,4,21,18,38,21,18,1.105263157894737,2026-01-01 05:23:15,2026-06-11 06:11:30,356751.1538461539,214524.0,25945.0,488203.90864859446,13913295.0,2.8749478196970727e-06,1.3684680061080388,23,1,21,23,1,224.7826086956522,147.0,150.88103577495,10.976867499653059,10.980740002082829,0.5652173912797731,0.43478260867674856,16,21,3,2.8811336953257474,3.1149355975466917,23,23,1.8629999999999998,0.211,1.2105263157257617,0,39,21,18,0.0018934335270505182,0.0020392124536536896,0.11095305832147938,1,177,264
W0000423,44,29,19.401414428647584,16.03411870367114,15.796142165337079,17.312825157324415,15.935241847041187,16,19.549287898348567,16.77669922463131,16.312286611847465,18.293029174097377,16.944337776926428,1.0,1.2727272727272727,1,3,27,19,45,27,19,1.35,2026-01-01 05:25:26,2026-06-28 05:55:05,357697.18604651163,272300.0,4126.0,322949.62538291415,15380979.0,2.8606759777335386e-06,0.9028550828069363,38,1,29,38,1,231.39473684210526,221.5,152.063916055536,11.409063825436139,11.380033867633045,0.39473684209487536,0.6052631578788089,20,24,4,2.9071818054942655,3.06507654233637,38,38,2.3577894736842104,0.136,1.8095238094376418,0,46,27,19,0.002211371318508167,0.0026650192797452806,0.07474747474747474,1,177,287
W0000424,39,17,19.61228890921711,16.77907561375808,16.202544146571334,18.262015731508075,17.01580736188698,23,19.81007670014955,16.674582539050075,15.909423999709531,18.677194620533157,17.144880998672953,1.0,1.3846153846153846,1,4,16,23,38,16,23,0.6666666666666666,2026-01-05 06:10:24,2026-06-28 15:41:30,396522.7894736842,184661.0,1400.0,415344.62816565065,15067866.0,2.588289371017145e-06,1.0474645889895984,27,1,26,27,1,235.11111111111111,201.0,152.84465047716645,11.173177870215095,11.195773386334416,0.62962962960631,0.37037037035665293,16,22,5,2.891061112072652,3.1412421306713005,27,27,2.3545555555555557,0.221,1.4210526315041552,0,39,16,23,0.0013002499524685874,0.001837666266223954,0.09103840682788052,1,177,316
W0000425,48,26,19.953635604115455,16.69553912006817,15.909643525210111,18.70050166586822,17.117897869963276,22,19.767524180622388,16.676481781876642,15.817182026329688,18.70738272126778,17.174329053787353,1.0,1.1666666666666667,1,3,26,22,45,26,22,1.1304347826086956,2026-01-01 03:47:18,2026-06-22 10:35:40,316708.55319148937,200600.0,5281.0,328801.1947193338,14885302.0,3.224657234051601e-06,1.0381789605207568,46,1,38,46,1,276.04347826086956,257.5,142.34714320541866,11.774173722317984,11.695755225939896,0.5217391304234404,0.47826086955482044,20,30,5,2.8852778853861762,3.127285086543681,46,46,2.726782608695652,0.148,1.5862068964970273,0,48,26,22,0.0020896576195231953,0.0029539169079071653,0.08686868686868687,1,177,291
W0000426,45,21,19.935048578755307,16.89052618502132,16.523665286936588,18.350997234029585,17.0766745103475,25,20.057329438164796,16.83845366000809,16.514518803515518,18.37028587743655,16.927061258643644,1.0,1.1333333333333333,1,3,20,24,43,20,24,0.8,2026-01-05 01:29:05,2026-06-30 16:22:26,346818.20454545453,267750.0,2173.0,305523.59412985924,15260001.0,2.9488855899232515e-06,0.880930439046137,31,2,26,31,1,266.16129032258067,290.0,140.6388037430622,11.208015846851822,11.486756012388323,0.4516129032112383,0.5483870967565037,16,24,4,3.0724041253481333,3.444431023311899,31,31,2.5187096774193547,0.047,1.4090909090268595,0,44,20,24,0.0018041896285831299,0.0027124479169721356,0.09523809523809523,1,177,341
W0000427,38,19,19.94386219292336,16.999423253000007,16.506396966980084,18.423603817606896,17.013734922929228,19,19.657952695244695,16.71351376830971,16.494178634549844,17.868277805761625,16.555432197681174,1.0,1.2105263157894737,1,4,19,19,37,19,19,0.95,2026-01-24 20:40:01,2026-06-26 01:17:07,355389.8918918919,275391.0,34297.0,256665.6306262406,13149426.0,2.8898597634710624e-06,0.7222065519459542,29,1,25,29,1,257.7931034482759,246.0,137.6598757057057,11.300573474734218,11.254102921199001,0.6896551723900118,0.31034482757550536,19,23,4,2.949075945600288,3.1000222818444865,29,29,2.2828965517241384,0.011,1.5263157893933519,0,38,19,19,0.001737150637088411,0.0019105753729048403,0.08408408408408409,2,140,293
W0000428,34,21,18.794205286738503,15.749682986675888,15.27621247135928,17.108589216201015,15.784405837208212,14,19.03084329111587,16.391786032124738,15.822797113402068,17.80673222880864,16.505421972445017,1.0,1.2647058823529411,1,4,19,13,31,19,13,1.3571428571428572,2026-01-04 22:02:04,2026-06-21 00:54:32,437549.9393939394,345967.0,8302.0,474584.4357672259,14439148.0,2.354709408428433e-06,1.0846381370465856,29,1,24,29,1,266.9310344827586,297.0,157.66214579520593,11.354644600996048,11.094800558715274,0.6206896551510107,0.37931034481450654,16,23,4,2.757209475670959,3.1876111872189594,29,29,2.1613793103448278,0.072,1.7058823528408305,0,32,19,13,0.0018230513762213423,0.0013545333988705904,0.12043010752688173,0,179,227
W0000429,48,31,19.87456802708707,16.440580892699984,16.00821326034995,18.17023450582815,16.60545854878438,17,19.93559562030322,17.10238231141931,16.185519412035166,19.060863724412677,17.624108217488683,1.0,1.2916666666666667,1,4,29,17,45,29,17,1.6111111111111112,2026-01-05 15:51:07,2026-06-30 05:25:37,322741.91489361704,268244.0,1437.0,317160.7550268633,15168870.0,3.1643752524495726e-06,0.9827040049241864,34,1,29,34,1,233.47058823529412,226.5,147.2077969143305,11.283939882172385,11.447244958682427,0.5588235293953288,0.44117647057525955,20,24,5,2.934786921273668,3.0746365536902407,34,34,2.343264705882353,0.084,1.7894736841163434,1,46,29,17,0.002683087784921792,0.002805656843687308,0.12525252525252525,1,177,271
W0000430,40,24,19.731012701831276,16.552958933521346,16.498846563743207,17.950713578041835,16.436932748564143,18,19.74359619133007,16.853224478714697,16.164363016498047,18.62613987562373,17.167994113844976,1.0,1.2,1,3,21,18,39,21,18,1.105263157894737,2026-01-01 21:26:54,2026-06-29 21:10:58,396529.3333333333,249762.0,2342.0,483583.54272737034,15464644.0,2.586544986968663e-06,1.2195373268477243,33,1,29,33,1,211.45454545454547,177.0,147.10967229185908,11.452219589852833,11.452495824143766,0.3939393939274564,0.6060606060422407,18,26,5,2.8225104667548546,3.181155685987067,33,33,2.4231818181818183,0.167,1.5714285713537415,0,39,21,18,0.0020917711140301153,0.001967683605545961,0.09041835357624832,0,179,271
W0000431,57,34,19.903119155291808,16.376758705613128,15.95065037160667,18.591833873731826,16.82715412940327,23,19.91991190779974,16.78441774099698,16.5437545516776,18.07684502330277,16.703238250246702,1.0,1.6666666666666667,1,4,33,41,70,33,41,0.7857142857142857,2026-01-04 19:57:56,2026-06-26 04:50:33,265942.08928571426,183654.0,7208.0,296951.66072344175,14892757.0,3.827363608540473e-06,1.11659852309384,29,1,25,29,1,228.51724137931035,193.0,143.97857496607293,11.279024257003059,11.218111353214848,0.37931034481450654,0.6206896551510107,21,23,4,3.031056764603107,3.1000222818444865,29,29,2.561758620689655,0.023,1.5263157893933519,0,74,33,41,0.0028422008223245566,0.006976691464240659,0.09979296066252588,0,179,433
W0000432,43,21,19.572478892974722,16.52795651846488,15.97537369706832,17.983817843696784,16.593201422251465,23,19.583625626306443,16.448131479141452,15.97025667700874,17.515846460641722,16.34979713853971,1.0,1.2093023255813953,1,4,20,23,42,20,23,0.8333333333333334,2026-01-01 14:04:37,2026-06-09 12:22:55,326940.4285714286,248846.5,4018.0,294207.0201774837,13731498.0,3.1314862273958584e-06,0.8998768417420271,33,2,29,33,1,256.8484848484849,271.0,120.85221378095468,11.382896503096688,11.242008732184335,0.4545454545316805,0.5454545454380166,20,28,4,3.3707251259770254,3.7956532638697746,33,33,2.303090909090909,0.147,1.3749999999427083,0,43,20,23,0.001895192133246452,0.0027586845455445856,0.08013937282229965,1,177,317
W0000433,33,23,19.434612671247187,16.29911853513177,15.787965957816212,17.8996096979647,16.495486639332672,10,19.80833155717499,17.505746486650445,16.707946711306864,18.78401692749024,17.675098064708763,1.0,1.6666666666666667,1,4,23,19,42,23,19,1.15,2026-01-02 15:59:52,2026-06-22 14:28:47,461529.21875,217485.5,16408.0,541561.002404473,14768935.0,2.2344195952910894e-06,1.1734031281228496,24,2,21,24,1,212.79166666666666,212.0,120.15677410083393,11.157991861161213,10.936921115179244,0.2916666666545139,0.7083333333038194,16,22,5,3.197729554388849,3.561519451877654,24,24,2.536166666666667,0.085,1.5999999998933334,0,42,23,19,0.0018463628861023602,0.0023080333863299634,0.09407665505226481,1,177,295
W0000434,42,16,19.547494911421424,16.774906237791246,16.149711365430942,18.28175410311572,17.0620159036079,27,19.57642879583353,16.280592011682902,15.817620900007777,17.481300540021085,16.29306126281251,1.0,1.0476190476190477,1,2,15,26,41,15,26,0.5555555555555556,2026-01-11 13:49:37,2026-06-30 16:31:57,358481.46341463417,255021.0,4653.0,412661.66596656985,14697740.0,2.857581991681579e-06,1.1511348757087456,29,1,25,29,1,258.0344827586207,266.0,145.3565770192688,11.258149337631242,11.299992111730875,0.5517241379120095,0.4482758620535077,20,23,4,2.9211711136765968,3.1000222818444865,29,29,2.1886206896551723,0.02,1.611111111021605,0,41,15,26,0.0013629714871786717,0.0019505999361031602,0.07195121951219512,2,140,335
W0000435,54,30,19.9118999946088,16.510702678225073,15.895059468879827,18.27976489608426,16.871601098337642,25,19.893890957707914,16.675015187844966,15.596082344468309,18.766224162712504,17.207117633374388,1.0,1.3518518518518519,1,4,29,24,52,29,24,1.16,2026-01-01 10:33:46,2026-06-30 22:53:10,294271.0188679245,235842.0,10192.0,281346.1319146339,15596364.0,3.4623452323666446e-06,0.9560750389961744,51,1,40,51,1,266.8627450980392,254.0,151.90615782223483,11.770315841679622,11.72706863408714,0.5098039215586313,0.4901960784217609,22,36,4,3.008516032370837,3.4536680630577687,51,51,2.803235294117647,0.115,1.6999999999433333,0,53,29,24,0.0023398787050144814,0.003567863170688523,0.0889894419306184,0,179,312
W0000436,40,20,19.352212668521098,16.356480469817555,16.263031446710833,17.211360970028853,16.043801973071275,20,19.935776385207422,16.94004415341299,16.4939858340283,18.53433144883407,17.024959919803184,1.0,1.6,1,4,19,38,56,19,38,0.48717948717948717,2026-01-03 02:11:18,2026-06-10 04:04:07,350204.3333333333,205090.0,7380.0,320180.84131581284,13657969.0,2.9286929170293976e-06,0.9142660343526451,27,3,22,27,1,265.2962962962963,229.0,141.35656356419415,11.217453127043385,11.120460487789083,0.7037037036776406,0.29629629628532234,16,23,5,3.4581533804798728,3.834898600118088,27,27,2.3651851851851853,0.51,1.6874999998945313,0,57,19,38,0.0019276501780068514,0.004217554706204786,0.09220779220779221,0,179,410
W0000437,51,33,20.03402681557394,16.537519317857825,15.857279956836601,18.858917119872668,17.125441737390176,19,19.68602753724902,16.74158860886804,16.540144748046924,17.908691510121358,16.526998092243804,1.0,1.1372549019607843,1,2,31,16,46,31,16,1.8235294117647058,2026-01-09 21:51:31,2026-06-28 05:55:05,292612.28,225110.0,2923.0,270182.5671106325,14630614.0,3.4858411625211927e-06,0.9233434897781552,30,1,27,30,1,296.0,310.5,151.22784819260477,11.337726482315079,11.113715751024571,0.6666666666444444,0.3333333333222222,20,26,5,3.036452797660028,3.2741971727682015,30,30,2.5453333333333332,0.111,1.499999999925,0,47,31,16,0.002822216428765384,0.0027417833209907403,0.0927536231884058,1,177,252
W0000438,35,20,19.495292595837814,16.499560387155572,15.450883920102742,18.401208188376522,16.971594223780023,17,19.248118023621267,16.414904749511958,16.199677849929863,17.59608149319218,16.347695948041352,1.0,1.4,1,4,18,15,33,18,15,1.125,2026-01-02 15:29:45,2026-06-29 00:31:06,450743.5588235294,282786.0,734.0,502456.81793111947,15325281.0,2.2838078933881933e-06,1.1147263080503116,26,1,25,26,1,252.76923076923077,204.5,140.69720898221334,11.101733992488617,11.203065947573744,0.6153846153609468,0.3846153846005917,16,19,5,2.8596472628334895,2.989548945567402,26,26,2.6844615384615382,0.012,1.7333333332177778,1,33,18,15,0.0014780148079952897,0.001432860118883326,0.09848484848484848,1,177,282
W0000439,32,19,19.421694084583265,16.477255171568054,15.734630606953807,18.032179222168825,16.627567000284586,13,19.555665092853026,16.990715773962748,16.87708146027455,17.5693141307385,16.043741104270296,1.0,2.09375,1,4,19,36,54,19,36,0.5135135135135135,2026-01-04 11:07:49,2026-06-22 15:44:44,471555.32258064515,258645.0,2800.0,459716.8124353214,14618215.0,2.189049607694947e-06,0.9748926913321176,15,1,14,15,1,233.26666666666668,304.0,114.13617597706114,10.739522220644622,10.520617246672158,0.3333333333111111,0.6666666666222222,10,12,4,2.528282381065477,2.6616157143988106,15,15,2.2310666666666665,0.337,1.49999999985,0,55,19,36,0.0017705839243029975,0.003767455503830978,0.10412299091544375,1,177,412
W0000440,30,17,20.302584477134133,17.4693711574459,16.12901669863224,19.55542992838527,18.12736268022566,13,19.86265049964365,17.2977011705575,16.89552060478209,18.339560218141486,17.28233417016656,1.0,1.3333333333333333,1,4,17,20,36,17,20,0.8095238095238095,2026-01-01 16:35:46,2026-06-25 05:26:56,519995.5172413793,411868.0,25989.0,450988.50506032235,15079870.0,1.9894069385606815e-06,0.8672913954363586,27,1,20,27,1,214.44444444444446,167.0,149.28195659255863,11.226149648411162,11.372789452639626,0.5185185184993141,0.48148148146364883,14,17,4,2.7799500009615423,2.93299930663729,27,27,2.513,0.122,1.6874999998945313,0,37,17,20,0.0016216213698382665,0.0020839930788057485,0.0761904761904762,0,179,304
W0000441,30,15,19.420511226020583,16.712461076430227,15.88376563884703,18.159386860422753,16.966798232626736,15,18.971152555728988,16.263102435361645,16.13349083463061,17.215522303704525,15.922686101154445,1.0,1.2,1,4,15,15,30,15,15,0.9375,2026-01-01 16:44:53,2026-06-30 05:25:37,534870.4827586206,376134.0,3790.0,486037.293755591,15511244.0,1.9340807265954472e-06,0.9086992098528689,26,1,23,26,1,233.03846153846155,265.0,128.5016671547045,11.231066405821236,11.302253815151339,0.3846153846005917,0.6153846153609468,16,19,4,2.793961832360763,2.933290918857619,26,26,2.975538461538462,0.116,1.9999999998461537,0,30,15,15,0.0016134360672977886,0.0012553186198237434,0.09655172413793103,1,177,264
W0000442,44,28,19.398534683856607,16.066330275233096,15.667290231090933,17.364642050855316,15.997691129996792,18,19.490210879996784,16.59983918043947,16.335917667992113,17.878883530597268,16.54391760902281,1.0,1.3636363636363635,1,4,26,17,42,26,17,1.4444444444444444,2026-01-02 08:16:53,2026-06-30 12:03:15,359980.9767441861,264938.0,641.0,288721.0156086988,15479182.0,2.8425272832551952e-06,0.802042975095591,40,1,34,40,1,244.725,251.5,137.58652056442753,11.52171670849956,11.531217147442394,0.54999999998625,0.44999999998875007,21,29,5,3.047874411189464,3.2917465987435506,40,40,2.659375,0.138,1.5384615384023668,0,43,26,17,0.0019305010935027475,0.0020690200991829743,0.0975609756097561,0,179,260
W0000443,38,22,19.37194274981189,16.280900377566756,16.048478227336425,17.390566928576558,16.053662428464786,17,19.461070148904028,16.62785686137854,16.43610550175838,17.91724431935443,16.502519331961135,1.0,2.1578947368421053,1,4,21,44,64,21,44,0.4666666666666667,2026-01-01 04:19:52,2026-06-22 18:29:35,403021.1621621622,277071.0,532.0,334986.3209412449,14911783.0,2.548320174165613e-06,0.8311858562419651,20,1,18,20,1,260.3,230.0,153.6856326538383,10.99889471025529,10.987612065031541,0.4499999999775,0.5499999999725,14,17,4,2.7920918598895943,2.960964047443681,20,20,2.38655,0.175,1.5384615383431952,0,65,21,44,0.0017140969053885246,0.0045692533401186924,0.08382936507936507,0,179,428
W0000444,38,23,19.503719641085734,16.3682254996409,15.672584497203692,17.905884246693223,16.498625980605567,15,19.236148233381112,16.528098094219445,16.11970705195409,17.460922385541156,16.387897645864406,1.0,1.2894736842105263,1,4,22,15,37,22,15,1.375,2026-01-01 05:54:51,2026-06-30 07:09:36,420445.54054054053,281777.0,17342.0,483366.39475014736,15556485.0,2.4427110338414472e-06,1.1496500699677892,27,1,23,27,1,226.40740740740742,209.0,137.0528419314298,11.103090824344122,10.816512959033314,0.5555555555349794,0.44444444442798353,18,21,3,2.9560569454861145,3.0671680565972266,27,27,2.378185185185185,0.089,1.5882352940242215,0,37,22,15,0.001910802177754419,0.0016523278836059847,0.08108108108108109,2,140,233
W0000445,43,26,19.285440262612216,16.027343829878934,15.851269050060452,17.353071040012807,15.905670415627345,19,19.249554055685255,16.305115155096164,15.863639048357065,17.445063378760118,16.127497816538884,1.0,1.1627906976744187,1,4,24,19,43,24,19,1.2,2026-01-10 13:21:18,2026-06-30 20:13:51,352360.78571428574,222051.5,2390.0,348265.3628663998,14799153.0,2.905571494154328e-06,0.988374383903232,24,1,19,24,1,281.3333333333333,306.0,153.56195935946778,11.00438057169337,10.852264835444583,0.5416666666440972,0.4583333333142361,14,18,5,2.6765004226233424,2.9005605789184146,24,24,2.4215833333333334,0.037,1.5999999998933334,0,43,24,19,0.0020632322369609083,0.0023397459423706627,0.09856035437430787,0,179,285
W0000446,55,29,20.44171181226334,17.074416019382117,16.278254928666257,19.19875480210853,17.552691627977918,26,19.883782245477384,16.62568576533518,15.976821042580596,17.949497763545356,16.58363719754798,1.0,1.1090909090909091,1,3,28,25,52,28,25,1.0769230769230769,2026-01-03 11:46:28,2026-06-30 20:18:10,285368.55555555556,161645.0,5144.0,311442.43670396076,15409902.0,3.5691334332214812e-06,1.0913653213554848,43,1,33,43,1,241.4418604651163,234.0,134.80785308578692,11.529595740590741,11.483270058062603,0.511627906964846,0.4883720930118984,21,30,5,3.082147929601161,3.3322615924421717,43,43,2.517744186046512,0.153,1.5357142856594388,0,53,28,25,0.0024621722299022447,0.0037377260664907493,0.08220211161387632,1,177,323
W0000447,44,20,19.350331898572808,16.354599700010173,15.872441181988165,17.664919312325754,16.325714574313526,24,19.894987532302192,16.716933754609844,16.137427334044347,18.307643784089358,16.91787256778046,1.0,1.2954545454545454,1,3,20,30,46,20,30,0.6451612903225806,2026-01-02 12:43:24,2026-06-30 13:20:41,359717.1395348837,206542.0,7341.0,386481.99350721814,15467837.0,2.8446121558811256e-06,1.0744022917691616,29,1,26,28,1,235.51724137931035,209.0,138.66651173889286,11.314572082463238,11.35843306009495,0.5517241379120095,0.4482758620535077,16,24,4,2.681004055360496,3.134505040465175,29,29,2.294137931034483,0.205,1.3181818181219007,0,50,20,30,0.0018397461845729443,0.0031701061668030646,0.09371980676328502,2,140,363
W0000448,42,23,19.40152368937035,16.26602955594007,15.699330386591537,17.65719641734458,16.25262109341938,23,19.440673429630724,16.30517929303304,15.663148501889166,17.57754939160303,16.316510766057103,1.0,1.1666666666666667,1,3,18,22,40,18,22,0.782608695652174,2026-01-01 16:42:33,2026-06-27 20:08:27,373296.43902439025,289309.0,9782.0,303352.4875893594,15305154.0,2.744173450056533e-06,0.8126294366823641,30,1,27,30,1,204.86666666666667,228.0,136.73501514906886,11.126394960475844,11.356283350762888,0.5666666666477778,0.4333333333188889,20,24,4,2.967974376872575,3.134641043539242,30,30,2.127866666666667,0.081,1.3636363635743802,0,40,18,22,0.0017583689232489506,0.002190450985884204,0.09743589743589744,0,179,307
W0000449,31,16,18.976341131022,16.20375249483621,15.337965165741986,18.303133594222707,16.871620637673175,16,19.065747484429146,16.293158840883493,15.727519869629365,17.887656664183233,16.436442181898446,1.0,1.2258064516129032,1,3,15,16,31,15,16,0.8823529411764706,2026-01-06 01:24:43,2026-06-06 14:47:09,436484.86666666664,390811.5,2210.0,370917.56594812026,13094546.0,2.3673976656084397e-06,0.8497813887554365,26,2,24,26,1,251.03846153846155,235.0,145.4566549235148,11.197625505481774,10.728977920083787,0.23076923076035502,0.7692307692011834,17,23,4,3.131351552043208,3.526986833359286,26,26,1.9996153846153848,0.064,1.4444444443641975,0,31,15,16,0.001307272500033086,0.001222425525583666,0.07311827956989247,1,177,254
W0000450,47,24,19.519557384343145,16.3415036306416,15.75926452699039,18.209733353686126,16.61446300850869,25,19.52331668685582,16.30444094166637,15.645708383101926,18.179990444931178,16.786519249117656,1.0,1.0851063829787233,1,3,22,25,44,22,25,0.8461538461538461,2026-01-01 16:14:09,2026-06-30 23:45:55,338676.2173913043,303901.0,7963.0,238298.48020263374,15579106.0,3.0168609792589522e-06,0.7036153244618932,40,1,32,40,1,227.75,212.0,138.76723732151675,11.554623875325904,11.554863636333282,0.42499999998937504,0.574999999985625,19,27,4,2.9121899990360474,3.201182692520595,40,40,2.4931,0.149,1.5384615384023668,0,47,22,25,0.0019372309076795737,0.0029326902715447584,0.08668076109936575,1,177,328
W0000451,38,21,19.42036237880238,16.37584001467827,15.87857827727199,18.02398833296482,16.556540768553678,18,19.263639659001694,16.37326797427948,16.10306348191082,17.581665031695714,16.22756336998869,1.0,1.1578947368421053,1,4,20,17,37,20,17,1.1111111111111112,2026-01-02 12:08:07,2026-06-30 06:30:05,417441.02702702704,320038.0,16574.0,336017.7918767833,15445318.0,2.460292338410103e-06,0.8049448069947879,33,1,29,33,1,273.24242424242425,272.0,125.94419158476263,11.239212041745843,11.40649771335198,0.5757575757401286,0.4242424242295685,21,25,5,3.006765155618478,3.226594408098516,33,33,2.6802424242424245,0.252,1.736842105171745,0,37,20,17,0.001953400001509527,0.002087905996105294,0.09759759759759759,2,140,298
W0000452,49,22,19.562718690665207,16.47167630433215,16.270881371080353,17.945735372386793,16.42957317634915,27,19.726085502634565,16.43024870710656,16.283439312142416,17.496672181091697,16.068491980141406,1.0,1.2244897959183674,1,4,22,26,45,22,26,0.8148148148148148,2026-01-08 14:39:36,2026-06-22 22:44:36,297606.25,202412.5,12189.0,275111.7623667369,14285100.0,3.4301472562217095e-06,0.9244121652504664,36,2,31,36,1,256.9166666666667,256.5,160.24933697210733,11.564416739758366,11.591801338311129,0.472222222209105,0.5277777777631173,20,28,5,3.4399997141910106,3.774617313064891,36,36,2.4640882352941174,0.054,1.565217391236295,0,48,22,26,0.0018278216975357439,0.0028084581153073147,0.09393939393939393,0,179,347
W0000453,47,29,19.472022590088912,16.104726857953615,15.842086649013691,17.26694673656025,15.961796099979379,21,19.50294052959497,16.45841815963734,16.318257044020747,17.624354089754544,16.230483292439324,1.0,1.2553191489361701,1,3,25,20,45,25,20,1.1904761904761905,2026-01-01 03:08:11,2026-06-28 12:46:54,335085.2826086957,205366.0,5382.0,356244.9835712412,15413923.0,3.0491911079878166e-06,1.0631440380006665,44,1,39,44,1,279.77272727272725,301.5,147.78234523948396,11.664719083395225,11.610959205241594,0.5227272727153927,0.4772727272618802,25,33,5,3.0962707895515047,3.4256829967940643,44,44,2.716,0.14,1.7599999999296,0,45,25,20,0.002234327875177938,0.0028685655187943608,0.09696969696969697,2,140,308
W0000454,44,26,19.499609268859746,16.241512815828155,15.670861146561538,17.835541852602013,16.368379636209486,21,19.468916675612064,16.42439430799976,15.83386707498355,17.580990641051454,16.374484007832212,1.0,1.2272727272727273,1,3,23,21,43,23,21,1.0454545454545454,2026-01-01 13:26:56,2026-06-27 14:00:31,355693.37209302327,285547.0,1141.0,288121.37331373314,15294815.0,2.876791718187391e-06,0.8100251112164968,46,1,40,46,1,250.84782608695653,240.5,144.254091779641,11.796155140195722,11.673997848725008,0.4130434782518904,0.5869565217263706,23,36,5,3.089219249334948,3.4602949611547045,46,46,2.603478260869565,0.013,1.7037037036406035,1,44,23,21,0.002037239030460203,0.002488684642498909,0.09966777408637874,0,179,300
W0000455,54,33,19.948637496970438,16.452130004937093,15.901209853993642,17.859171674890778,16.497397952475154,23,19.982843096924015,16.84734892712494,16.370505146101255,18.34438009271082,16.87826495312843,1.0,1.2592592592592593,1,4,31,23,53,31,23,1.2916666666666667,2026-01-11 05:39:50,2026-06-30 04:14:25,277035.37735849054,174430.0,178.0,278429.6095963399,14682875.0,3.6777535954127787e-06,1.0050290588230097,42,1,36,42,1,242.5952380952381,235.5,134.4945478129331,11.554508769620371,11.578788109069931,0.5238095237970521,0.47619047617913834,23,30,5,2.9209647444103135,3.2527368724886645,42,42,2.4944523809523806,0.092,1.4999999999464286,0,54,31,23,0.0026124321033310005,0.003662602135490888,0.09288824383164006,1,177,313
W0000456,39,25,19.53355639878535,16.31468065278418,16.199716743096698,17.541330965090445,15.954022888188934,15,19.181669145103868,16.473619009410275,16.32780796569042,17.4170307200277,16.16985278321373,1.0,1.1794871794871795,1,3,23,15,38,23,15,1.4375,2026-01-01 03:08:11,2026-06-26 05:24:44,400384.0263157895,247054.5,6405.0,425768.42879157665,15214593.0,2.563328341196617e-06,1.0633974819422116,28,1,25,28,1,221.07142857142858,240.5,139.7688378800083,11.267945219046844,11.345890471033924,0.714285714260204,0.28571428570408164,16,22,5,2.7366119690144073,3.000092102981613,28,28,2.372285714285714,0.264,1.5555555554691358,0,38,23,15,0.002210245864993191,0.0020105046626969006,0.08819345661450925,0,179,248
W0000457,46,28,19.5319622184908,16.19975779718256,15.27909935371258,18.1048454218071,16.50532481017537,20,19.243529025928286,16.247796835818292,15.536266922253622,17.638839105361644,16.316314424214063,1.0,1.3695652173913044,1,4,25,20,44,25,20,1.1904761904761905,2026-01-06 17:16:31,2026-06-30 22:21:17,336406.35555555555,264066.0,5769.0,335123.2034650673,15138286.0,3.0386529202412398e-06,0.9961827466930159,37,1,28,37,1,255.8108108108108,256.0,160.8142195616209,11.43595802381362,11.352604119015941,0.5135135134996348,0.48648648647333825,18,22,5,2.795243077705817,3.004720439354874,37,37,2.336108108108108,0.144,1.4799999999408,0,45,25,20,0.002057184651306148,0.0025411302456006305,0.1014799154334038,0,179,287
W0000458,38,22,19.45211217915111,16.361069800657017,15.792984294452205,17.589494035808887,16.288538389108805,18,19.464573778081963,16.574202080039623,16.42629612389129,17.559010172554686,16.277554118503776,1.0,1.368421052631579,1,4,19,18,36,19,18,1.0,2026-01-10 06:33:33,2026-06-21 12:48:01,378899.13513513515,401790.0,39909.0,272811.8029094988,14019268.0,2.7105550225193625e-06,0.7200097799178672,27,2,23,27,1,254.77777777777777,254.0,141.51388443251597,11.153031058404522,11.012165676937615,0.48148148146364883,0.5185185184993141,19,24,4,3.3245180990447847,3.6374270847355814,27,27,1.7762592592592594,0.232,1.5882352940242215,0,37,19,18,0.001822707676104506,0.0017897506051668135,0.09682539682539683,1,177,279
W0000459,31,14,18.837312195745568,16.198254951834606,15.905424138443424,17.13857924905295,15.998901102486128,18,19.213291657269398,16.322919976325668,15.756140936385206,17.70248011020691,16.422659984218278,1.0,1.2903225806451613,1,2,13,23,36,13,23,0.5416666666666666,2026-01-16 13:04:41,2026-06-28 02:45:43,468202.06666666665,212112.0,13966.0,638114.5560252529,14046062.0,2.2070241319578306e-06,1.3629012739456348,15,1,14,15,1,317.4,302.0,103.09551743061246,10.690716886457212,10.401258331428318,0.59999999996,0.39999999997333335,10,14,4,2.528282381065477,2.8201119644709265,15,15,2.0652666666666666,0.567,1.2499999998958333,0,36,13,23,0.0013463017455362107,0.001669247054568427,0.07142857142857142,1,177,321
W0000460,44,27,19.88695226213586,16.591115456135462,16.14047084870865,18.70966979443614,17.034552944810393,19,19.774480471843198,16.83004153916303,16.24298325595523,18.69047493800574,17.19472299454235,1.0,1.3181818181818181,1,3,25,25,50,25,25,0.9615384615384616,2026-01-01 02:29:51,2026-06-24 10:27:01,350284.4186046512,240405.0,12141.0,281108.7938786616,15062230.0,2.9212139954565827e-06,0.802513547376445,38,1,32,38,1,267.7631578947368,244.0,137.6064569137392,11.62456522484527,11.455624688055961,0.47368421051385046,0.5263157894598338,20,26,5,2.968320907991067,3.183643644525281,38,38,2.3836315789473685,0.14,1.8095238094376418,0,50,25,25,0.0023222911008262894,0.0035067979418470356,0.0963265306122449,2,140,372
W0000461,53,26,20.192165603618133,16.934069108116713,15.968637120759507,19.34555830327384,17.694244081783406,30,21.400240621439995,17.99904325451425,17.76291898891588,19.46056436422294,17.763636768405856,1.0,1.2641509433962264,1,4,23,28,49,23,28,0.7931034482758621,2026-01-01 09:00:00,2026-06-30 23:24:16,300074.1538461539,175534.0,2667.0,436282.8309003314,15603856.0,3.396596110820549e-06,1.45391187943541,42,3,35,42,1,200.97619047619048,195.5,132.90809002799514,11.588125697533163,11.582106318787394,0.28571428570748303,0.7142857142687076,22,31,4,3.5967781892264368,3.9011481860286668,42,42,2.498142857142857,0.06,1.6153846153224851,0,51,23,28,0.0019034825737443638,0.0033644555459520155,0.07653061224489796,0,179,343
W0000462,47,25,19.643714235699267,16.424838481471692,16.01163363998832,17.6905519144629,16.458593887555992,24,19.683475095178768,16.505421329889195,16.155756494300864,17.99418459575788,16.60706012150829,1.0,1.2340425531914894,1,4,23,24,46,23,24,0.92,2026-01-01 06:51:47,2026-06-27 10:17:24,332720.3695652174,261131.5,2536.0,302212.5092663078,15305137.0,3.0708641764615256e-06,0.9083050771918348,34,1,25,34,1,230.11764705882354,228.0,148.80203743837328,11.379668320450541,11.447159524194609,0.6470588235103807,0.3529411764602077,18,22,4,2.9390341341727613,3.109764141149773,34,34,2.4633235294117646,0.008,1.4166666666076388,0,47,23,24,0.0022322603509831,0.00341875590893112,0.08019323671497584,0,179,324
W0000463,44,20,19.341366105281534,16.34563390739428,16.031989627648702,17.332078883341453,16.127501515596173,24,19.382256689589095,16.204202947167833,15.746852460703112,17.596112650708985,16.240343811949412,1.0,1.1363636363636365,1,2,19,23,41,19,23,0.7916666666666666,2026-01-03 03:38:17,2026-06-28 02:37:02,353551.74418604653,251064.0,11001.0,329921.1700066788,15202725.0,2.8942177869942537e-06,0.9331596923854384,32,1,28,32,1,246.8125,235.0,162.96159007173955,11.408841911426906,11.171730091879882,0.49999999998437505,0.49999999998437505,20,25,5,2.955788532571418,3.168439164984493,32,32,2.6866875,0.04,1.4545454544793388,0,42,19,23,0.0017109802875934685,0.0023203543251655743,0.10853658536585366,2,140,335
W0000464,32,18,19.650885325989986,16.76051361777339,16.415636923873397,18.04783287764691,16.826902351161912,14,18.991379997022257,16.352322740873912,16.019797361196822,17.36780312761781,16.133022996741314,1.0,1.3125,1,4,18,19,37,18,19,0.9,2026-01-03 10:23:18,2026-06-27 07:34:55,487416.03225806454,340774.0,12095.0,419377.7792474214,15109897.0,2.1178170759326105e-06,0.8604085444133197,19,1,17,19,1,241.6315789473684,260.0,113.47501463920779,10.752098835720146,10.618689723876905,0.5263157894459833,0.47368421050138504,14,15,2,2.557436306118481,2.808174283037582,19,19,2.5032105263157893,0.166,1.4615384614260354,0,37,18,19,0.00173976885279584,0.0017919649952761842,0.08708708708708708,1,177,265
W0000465,31,14,18.771834196474178,16.132776958362758,15.428565819893583,17.327746534438692,16.069308515589135,17,18.930073876192115,16.09686062827351,16.024704219179096,17.53785984557701,16.034628689082375,1.0,1.064516129032258,1,2,14,17,29,14,17,0.7777777777777778,2026-01-07 23:18:33,2026-06-28 07:32:48,493468.5,359012.5,12748.0,464051.55365509435,14804055.0,2.09402071972708e-06,0.9403854820917895,16,1,14,16,1,232.6875,250.5,140.40879305323676,10.606931538573441,10.526802223497393,0.5624999999648438,0.43749999997265626,14,15,4,2.8125,2.875,16,16,2.9883125,0.398,1.2307692306745561,0,31,14,17,0.001635307726658678,0.0015241992035566845,0.08620689655172414,1,177,269
W0000466,40,24,19.578573818560482,16.400520060466427,15.68925953093576,17.802172391759903,16.489165442349083,18,19.524417765383713,16.634046063864556,16.323022440027373,18.091901528019214,16.7055043087492,1.0,1.3,1,4,22,18,37,22,18,1.1578947368421053,2026-01-02 15:29:45,2026-06-27 10:17:24,389427.1538461539,248592.0,4400.0,344607.1096306281,15187659.0,2.633717109811518e-06,0.8849054857157743,28,1,26,28,1,237.53571428571428,194.5,164.680044922775,11.263899843941914,11.114579952288238,0.5714285714081633,0.42857142855612246,18,23,4,2.961625898490169,3.162431478808679,28,28,2.686392857142857,0.501,1.5555555554691358,0,40,22,18,0.0020567578765646136,0.0022333033527846065,0.1066066066066066,2,140,290
W0000467,27,15,19.865587758354376,17.157537590259686,17.08189034877491,18.83200233599806,17.423288336765914,12,20.25424398639821,17.76933735419294,17.567834337145293,19.18803703440858,17.81155186371956,1.0,1.2222222222222223,1,3,15,13,28,15,13,1.0714285714285714,2026-01-02 17:32:21,2026-06-28 16:17:44,588012.4230769231,276863.0,31148.0,731728.298544763,15288323.0,1.7660536236673164e-06,1.2444074740944124,16,1,14,16,1,205.9375,165.0,142.40293477781043,10.704906008379862,10.583068121374101,0.8124999999492187,0.18749999998828126,11,14,5,2.6014097655573916,2.7889097655573916,16,16,2.2176875,0.08,1.454545454413223,0,28,15,13,0.0013653399058223509,0.001026449906075742,0.10846560846560846,1,177,214
W0000468,28,19,18.94496016021703,16.000521287607302,15.31818341327827,17.66107473564576,16.275610871667322,9,19.65137678458537,17.454152230616288,16.836920032413186,18.393610765916858,17.393781147398393,1.0,1.5714285714285714,1,4,18,17,34,18,17,1.0,2026-01-03 04:52:20,2026-06-28 15:17:40,564589.6296296297,452986.0,33925.0,559872.6780523165,15243920.0,1.8367977635150432e-06,0.9916435885937248,20,1,18,20,1,209.25,189.5,142.5769875134871,10.860805057961882,10.980041672085022,0.59999999997,0.39999999998,14,16,4,2.678217072820339,2.7970892603744266,20,20,2.8455500000000002,0.16,1.6666666665277778,0,35,18,17,0.0017132707352730515,0.0015909800312155719,0.1140819964349376,2,140,273
W0000469,45,22,19.660169455181094,16.569127062624542,16.31519920536746,17.723125924005636,16.41920245869257,25,19.524564198914494,16.305688453625706,16.06917952885652,17.52898022918244,16.168973869870243,1.0,1.2,1,4,20,24,44,20,24,0.8,2026-01-14 10:00:18,2026-06-28 21:27:43,324937.38636363635,255938.5,3715.0,345294.382888075,14297245.0,3.147459307897479e-06,1.0626457118601507,30,1,26,30,1,234.66666666666666,231.0,123.3521265582267,11.43342760883813,11.366685082747223,0.29999999999,0.6999999999766666,19,24,5,2.96812170649153,3.207530506101535,30,30,2.6048666666666667,0.035,1.3636363635743802,0,44,20,24,0.0017950777320559735,0.002596925860589929,0.09830866807610994,1,177,361
W0000470,35,21,19.483760517163386,16.439238148518047,16.144580218014443,17.691095943439965,16.378403539124808,14,19.6977369505252,17.05867965716135,16.762532330425646,18.196174314341295,17.060664868988642,1.0,1.2285714285714286,1,3,21,14,35,21,14,1.4,2026-01-03 17:18:27,2026-06-28 15:56:59,447103.29411764705,222087.0,144.0,447204.0130359141,15201512.0,2.3024023990243603e-06,1.0002230327902886,21,4,17,21,1,300.3333333333333,302.0,127.23691812258475,10.892005918407165,10.83506090794144,0.5714285714013605,0.42857142855102043,15,19,4,3.429329994829369,3.8321796266994643,21,21,2.6423809523809525,0.595,1.3999999999066666,0,35,21,14,0.002004828136975194,0.0017101648209944345,0.08235294117647059,1,177,224
W0000471,50,25,20.289568664685365,17.070692876848003,16.00634241198377,19.05283237297245,17.591282174207112,28,19.785314907560306,16.45311046636311,15.811240069274083,17.96082029824965,16.497619976711473,1.0,1.44,1,4,22,37,58,22,37,0.5789473684210527,2026-01-02 03:19:34,2026-06-30 20:18:10,316871.7551020408,193620.0,12078.0,337461.7403331037,15526716.0,3.2202557694585403e-06,1.0649755616396641,34,1,29,34,1,241.7058823529412,249.0,159.8394136193184,11.352087474843115,11.479306631946551,0.44117647057525955,0.5588235293953288,21,27,5,3.0803523764438907,3.2679242514757068,34,34,2.6001176470588234,0.569,1.3076923076420117,0,59,22,37,0.0021568214355094633,0.004703404609275801,0.0852994555353902,1,177,387
W0000472,41,25,19.572084046199823,16.35320829721788,15.850859920142808,17.413951304860134,16.255814935145846,17,19.070848682931917,16.237635422388994,16.09675270197555,17.40305444100806,16.161824346577774,1.0,1.3414634146341464,1,4,24,17,41,24,17,1.3333333333333333,2026-01-05 11:05:53,2026-06-29 00:41:17,377063.1,295411.0,7252.0,370704.0872749432,15082524.0,2.7183777252151083e-06,0.9831328075914498,25,1,24,25,1,213.72,231.0,138.27855943710148,10.981029410584947,11.108739538360444,0.5199999999792,0.4799999999808,20,25,4,2.9996275363413565,3.281928094887362,25,25,2.01824,0.181,1.5624999999023437,0,41,24,17,0.0021339377800912236,0.0023061897086433755,0.08902439024390243,0,179,256
W0000473,38,19,19.12797885118967,16.183539960758612,15.420237189723796,17.666280689266827,16.37034700137584,19,19.157077204390536,16.21263831141463,15.605489776819905,17.740667632648886,16.40377313993615,1.0,1.131578947368421,1,3,19,19,38,19,19,0.95,2026-01-02 08:05:55,2026-06-25 00:29:38,405573.5945945946,336513.0,324.0,398360.5332715063,15006223.0,2.532282604871152e-06,0.9822127386201314,32,2,31,32,1,271.75,272.5,139.1494902799191,11.299224689982603,11.341852405947021,0.3124999999902344,0.6874999999785157,20,26,5,3.29520801064106,3.607823910682006,32,32,2.00584375,0.217,1.5238095237369615,0,38,19,19,0.0018632854732549995,0.0019962087062587496,0.0953058321479374,0,179,300
W0000474,33,20,20.172298594790714,17.176566354200396,16.155087535964622,18.65024954506814,17.370856925832044,14,19.574102299559385,16.935045010966306,16.448481510248055,18.277901833101154,17.120102440878824,1.0,1.0606060606060606,1,2,18,14,31,18,14,1.2,2026-01-09 10:59:22,2026-06-30 23:24:16,465796.6875,296514.0,4596.0,444931.8958792884,14905494.0,2.213948614252663e-06,0.955204175158745,28,1,24,28,1,248.67857142857142,235.5,107.99075871691046,11.024350450139057,11.238449144805152,0.42857142855612246,0.5714285714081633,17,20,4,2.9124314788086783,3.033054469918741,28,28,2.654,0.262,1.6470588234325259,0,32,18,14,0.0016436279031179796,0.0013209712198135781,0.10752688172043011,1,177,239
W0000475,36,23,19.564740205692807,16.429246059838796,15.868382611198667,18.14588701878723,16.68609766789947,15,18.422511876405554,15.71446181504721,15.464583713007064,16.815522809332304,15.52703315690307,1.0,1.2777777777777777,1,4,21,17,37,21,17,1.1666666666666667,2026-01-01 00:25:58,2026-06-19 21:49:05,419388.2,205800.0,18921.0,464277.5729055272,14678587.0,2.452551975707745e-06,1.1070327345232713,38,1,32,38,1,244.44736842105263,245.5,139.58078109950196,11.476614115511072,11.582787292139145,0.5526315789328256,0.4473684210408588,19,29,5,2.91711453578589,3.2264536805796658,38,38,2.327973684210526,0.126,1.8095238094376418,0,38,21,17,0.0018197470204120072,0.0017479177370881716,0.1036036036036036,2,140,255
W0000476,39,21,19.929961623544013,16.88543923003437,15.992938467986553,19.001213406527107,17.455915255915126,19,19.7921973905291,16.847758457032594,15.996973007514432,18.711724148293094,17.21241403465356,1.0,1.2820512820512822,1,4,19,19,38,19,19,0.95,2026-01-03 08:02:19,2026-06-29 22:31:21,403814.2631578947,345296.0,9732.0,336371.6555691952,15344942.0,2.541553917795589e-06,0.8329840059504424,26,1,21,26,1,233.23076923076923,212.5,149.2142909220984,11.114445901035776,10.868092144688834,0.3846153846005917,0.6153846153609468,15,21,4,2.66918033686673,3.024731063129993,26,26,2.1311923076923076,0.082,1.5294117646159169,0,38,19,19,0.0018749052121452806,0.0018540626815025639,0.10384068278805121,0,179,292
W0000477,53,22,19.62856608830164,16.537523697697313,15.575063933966062,18.526688455133982,17.054802813646127,32,19.620343544541697,16.154607735143664,15.775038209391251,17.589946850489305,16.043626694335927,1.0,1.3773584905660377,1,4,21,39,60,21,39,0.525,2026-01-05 10:26:41,2026-06-25 09:38:29,284067.46153846156,197207.5,5546.0,327695.5600063285,14771508.0,3.587988200799255e-06,1.1535795217518718,34,1,29,34,1,282.05882352941177,273.5,140.3568916761775,11.468241857343589,11.390249227102714,0.4117647058702423,0.588235294100346,20,26,4,2.974186480136926,3.2457216778826634,34,34,2.3822647058823527,0.108,1.4166666666076388,0,60,21,39,0.001783836477748936,0.004362575815864736,0.08870056497175141,0,179,407
W0000478,53,29,20.588730544011124,17.22143474605679,16.22603295384652,19.534135808267347,17.89012080642483,27,20.092229397850453,16.79639258071462,16.04407627487985,18.18660504133199,16.864726848458435,1.0,1.2075471698113207,1,4,26,27,51,26,27,0.9285714285714286,2026-01-08 05:41:58,2026-06-23 14:18:17,276411.1346153846,218807.0,5563.0,245151.03581901995,14373379.0,3.687372072539653e-06,0.8869040288702841,45,1,34,45,1,256.8222222222222,284.0,156.13707394013076,11.637538456618753,11.581154044460447,0.5555555555432099,0.44444444443456793,19,30,4,2.9215160014925705,3.3102029576061955,45,45,2.3442000000000003,0.017,1.5517241378775268,0,53,26,27,0.002566996331073942,0.00389271066054249,0.08392156862745098,0,179,333
W0000479,52,20,19.283898873092532,16.28816667968101,15.736669698081325,17.57277475202399,16.328549692276404,35,19.771080075497803,16.215732102114885,15.589690916050898,17.903036677347956,16.345275194797903,1.0,1.3076923076923077,1,3,17,40,56,17,40,0.4146341463414634,2026-01-08 04:32:23,2026-06-29 23:17:36,292712.01960784313,196852.0,2147.0,311990.05162796396,14928313.0,3.4833136548440767e-06,1.0658564215761461,33,1,27,33,1,283.8787878787879,267.0,129.54361176254446,11.230933837846813,11.47726719876093,0.5454545454380166,0.4545454545316805,17,22,4,2.830861512066404,3.0052520424349947,33,33,2.4063333333333334,0.336,1.499999999931818,0,57,17,40,0.001729193114353517,0.0038137326322414448,0.09740259740259741,1,177,410
W0000480,47,21,19.62519226514431,16.58066988738857,15.8637223634196,18.03301583314438,16.74903367791726,28,20.138714688909825,16.806510227177625,16.165610096983375,18.35542511241925,16.91621253518369,1.0,1.6808510638297873,1,4,18,46,63,18,46,0.3829787234042553,2026-01-07 15:06:31,2026-06-27 09:17:17,320727.0869565217,243151.5,2057.0,314704.8479257157,14753446.0,3.1856961969633268e-06,0.9812201073876559,36,1,34,36,1,255.38888888888889,243.0,136.51211935267406,11.372927494742688,11.400573902123549,0.6111111110941359,0.3888888888780865,20,30,4,2.989168931515068,3.3905180562767105,36,36,2.5240555555555555,0.152,1.79999999991,0,64,18,46,0.00181314848935987,0.004618744714688245,0.07885304659498207,1,177,446
W0000481,33,17,19.365298743341356,16.53208546149763,15.72992900793594,18.194554411064864,16.76099852074518,16,19.19739445315266,16.424805799900117,16.09776701734507,17.46443836785989,16.295279403092888,1.0,1.1515151515151516,1,4,17,15,30,17,15,1.0625,2026-01-06 01:25:10,2026-06-30 20:34:34,474655.125,519014.5,7739.0,365596.1943038627,15188964.0,2.1726299323225776e-06,0.7702338072722915,25,2,23,25,1,266.4,270.0,135.18105143350033,11.069291090744562,11.13682011016847,0.4799999999808,0.5199999999792,17,22,4,3.146644113014771,3.535616304948694,25,25,3.07292,0.332,1.5624999999023437,0,32,17,15,0.0015443887393779502,0.0013669725432990361,0.0896551724137931,2,140,252
W0000482,43,24,19.3835152597244,16.205461517192546,15.826493170406051,17.55119578006383,16.163848634503132,21,19.363169012036437,16.31864665224442,15.94100172625434,17.919275525175085,16.386362485806966,1.0,1.1627906976744187,1,2,22,21,42,22,21,1.0,2026-01-05 16:54:49,2026-06-29 00:41:17,358609.2380952381,192552.5,10248.0,476179.59449324023,15061588.0,2.854944455063805e-06,1.3278471831213547,39,2,34,39,1,279.7435897435897,284.0,148.72063495177406,11.7078999678875,11.587392658310579,0.3846153846055227,0.6153846153688364,22,31,5,3.4057762702101337,3.7542212537562905,39,39,2.6941025641025638,0.085,1.5599999999376,0,43,22,21,0.0020605147207069085,0.002501889030306474,0.08943089430894309,1,177,300
W0000483,36,20,19.345073231790742,16.349341033623503,16.03889252823468,17.431029867923723,16.180840068657854,16,19.23993673341858,16.46734807729272,16.26561917677287,17.859463945082624,16.522494714100997,1.0,1.0833333333333333,1,3,20,15,33,20,15,1.25,2026-01-07 10:16:51,2026-06-28 16:49:13,425266.9142857143,282308.0,5015.0,420577.94331102015,14884342.0,2.418648911812903e-06,0.9889717262526813,19,2,16,19,1,292.10526315789474,306.0,119.16323759021681,10.889696061373598,10.712927770367092,0.4210526315567867,0.5789473683905817,16,17,4,3.1503132801442915,3.3093091743539342,19,19,2.904157894736842,0.046,1.3571428570459183,0,35,20,15,0.0018702253073471474,0.001684613450489482,0.07196969696969698,0,179,219
W0000484,46,25,19.896297685838302,16.67742191584313,16.06723983980839,18.70518925096824,17.09667900504248,24,19.668839070192845,16.490785305862474,16.111444581551687,17.748729474519703,16.373723968106777,1.0,1.2826086956521738,1,4,21,24,43,21,24,0.84,2026-01-02 21:30:50,2026-06-28 05:28:11,338556.4666666667,277159.0,487.0,309339.48571958044,15235041.0,3.0193549843840274e-06,0.913698607108691,33,1,28,33,1,268.5151515151515,259.0,137.28281056183826,11.457296469209266,11.416106146989513,0.4545454545316805,0.5454545454380166,18,24,5,2.7773172245667848,3.070457860339707,33,33,2.1974545454545455,0.277,1.4347826086332702,0,45,21,24,0.0018175568464198137,0.0024061925370406864,0.08194905869324474,2,140,321
W0000485,48,30,19.720247494180853,16.319050191587166,15.901299040136609,17.501308243303143,16.1650573060158,20,19.694292235181578,16.698560014793237,16.11489388075814,18.121487794828944,16.832134433463402,1.0,1.125,1,3,28,20,48,28,20,1.3333333333333333,2026-01-03 19:08:06,2026-06-26 02:12:31,318567.3404255319,148249.0,833.0,372695.5264047886,14972665.0,3.2058418988308428e-06,1.169907611996081,34,1,30,34,1,224.35294117647058,202.0,135.20823050816082,11.378650939147759,11.551318912957099,0.38235294116522495,0.6176470588053634,20,27,5,2.9434986044920413,3.230407060438026,34,34,2.2642058823529414,0.027,1.4782608695009452,0,48,28,20,0.00238722780973813,0.0032124714708556988,0.08776595744680851,0,179,295
W0000486,27,14,18.643615937561616,16.004558711968023,15.41164861815641,17.596355034896632,16.245903036987173,13,18.66587092838752,16.10092166483266,15.383089062951363,17.819461411374274,16.484164717465084,1.0,1.2222222222222223,1,3,13,13,26,13,13,0.9285714285714286,2026-01-02 12:37:13,2026-06-23 12:14:39,571517.1538461539,204114.0,29797.0,817291.1228606703,14859446.0,1.8170258960511788e-06,1.4300352794754367,20,2,19,20,1,253.4,257.0,149.5362656242361,10.770903116628146,11.076124476552211,0.299999999985,0.699999999965,15,18,4,3.179194573253033,3.3291945732530333,20,20,2.85345,0.75,1.6666666665277778,0,26,13,13,0.0012966355374595773,0.0009308822705795107,0.10461538461538461,1,177,211
W0000487,40,25,19.82639345756394,16.607517691541872,15.926841436506127,18.312325548714398,16.83400395699141,16,20.100259244727717,17.327670550455817,17.074959143096454,18.650530319538923,17.367090570962237,1.0,1.25,1,3,24,16,40,24,16,1.411764705882353,2026-01-04 05:11:12,2026-06-30 15:32:10,393078.41025641025,228747.0,57149.0,390888.76872723066,15330058.0,2.6092528411012637e-06,0.9944269746213605,30,2,27,30,1,276.3,274.5,142.75229329639268,11.197762563128435,11.256651616211455,0.3333333333222222,0.6666666666444444,19,24,5,3.4352303920353657,3.6518411137950775,30,30,2.5381333333333336,0.025,1.499999999925,0,40,24,16,0.002154064801311402,0.0023859966829847,0.09487179487179487,0,179,304
W0000488,41,17,19.105156153153494,16.271942889794033,16.20698626940044,17.229444714768416,15.867849775019133,24,19.285092666900887,16.10703893345176,15.55492495180684,17.74073298646189,16.194287748801926,1.0,1.3658536585365855,1,3,17,29,46,17,29,0.5666666666666667,2026-01-10 04:24:30,2026-06-21 00:52:30,349602.0,252352.5,9637.0,330453.3046612463,13984080.0,2.9319052142217997e-06,0.9452244536266745,23,1,19,23,1,278.95652173913044,285.0,146.9679860813447,11.061610116877375,10.957015302715368,0.608695652147448,0.39130434780907375,17,20,5,2.9139548910719846,3.0714573366771267,23,23,2.7417826086956523,0.115,1.4374999999101563,0,46,17,29,0.0015477724894658717,0.0026461464906452,0.09082125603864734,0,179,358
W0000489,47,28,19.815866816379486,16.483662373106753,16.17900531449944,17.869313589804598,16.51170293582136,20,19.864287452063888,16.868555223364105,16.349692016367374,18.519616262449635,17.153435794681126,1.0,1.2340425531914894,1,3,27,19,45,27,19,1.35,2026-01-09 22:22:31,2026-06-29 13:04:39,320454.95652173914,190709.5,3445.0,392494.85675973195,14740928.0,3.1884014908422666e-06,1.2248012520032712,46,1,34,46,1,259.2391304347826,275.5,136.27491572921565,11.619265500741555,11.577410859696617,0.47826086955482044,0.5217391304234404,20,27,5,3.022225543057771,3.254941951038391,46,46,2.4373478260869565,0.059,1.8399999999264,0,46,27,19,0.002423335663659416,0.0029611863397721,0.08686868686868687,1,177,297
W0000490,30,10,18.935567432421074,16.632982393208174,16.473188969787213,17.676261110892938,16.32722234760461,20,19.154299888178915,16.158567705856846,15.999202367955379,17.066787936740457,15.770766591143316,1.0,1.1333333333333333,1,2,10,24,34,10,24,0.4,2026-01-01 18:32:15,2026-06-30 12:03:15,535471.0344827586,459307.0,15888.0,532260.4757876999,15528660.0,1.931911579498065e-06,0.994002378297569,10,1,10,10,1,249.2,208.0,168.6302991095544,10.12862910651301,10.109200062120658,0.49999999995,0.49999999995,8,10,3,2.219240704636849,2.419240704636849,10,10,1.8195000000000001,0.316,1.1111111109876544,0,34,10,24,0.001006810912056936,0.0012557573892866864,0.09982174688057041,2,140,349
W0000491,48,26,19.945153733798062,16.687057250210522,16.036640283450566,18.667933151162693,17.14232905444488,24,19.620082024769772,16.44202826373798,16.00329701380127,17.73650795282311,16.402730534982673,1.0,1.1875,1,4,24,24,46,24,24,0.96,2026-01-09 19:01:09,2026-06-30 19:14:33,316204.3404255319,231543.0,530.0,298447.97573973,14861604.0,3.2297992040563587e-06,0.9438422998741735,37,2,31,37,1,253.48648648648648,259.0,135.57380557009068,11.44053755112922,11.389219925862076,0.48648648647333825,0.5135135134996348,19,29,4,3.3442321243111635,3.7634130017365734,37,37,2.279810810810811,0.029,1.7619047618208616,0,48,24,24,0.0020949283597569896,0.00325189527028938,0.08309178743961353,0,179,337
W0000492,46,23,19.91885465159896,16.783360484848163,15.619509485168567,19.372062875086062,17.782320080574774,25,19.748642402613466,16.52976664134932,16.303905450088077,17.979717522410766,16.52435230610684,1.0,1.108695652173913,1,2,21,25,44,21,25,0.8076923076923077,2026-01-05 08:49:12,2026-06-30 21:39:11,338946.64444444445,286864.0,247.0,288719.6563540295,15252599.0,3.015879259929455e-06,0.8518119570568439,37,1,27,37,1,185.40540540540542,179.0,117.94453957014889,11.580855104759962,11.506384116926807,0.5675675675522279,0.4324324324207451,20,23,5,2.8258466250908216,3.114663675970009,37,37,2.265189189189189,0.139,1.6086956521039697,0,46,21,25,0.0020053349654789105,0.0032095998842171986,0.05919661733615222,0,179,332
W0000493,40,23,19.832190839347202,16.696696677048525,16.067057692390858,18.436081087558378,16.963437435062055,19,19.621083349697063,16.676644424723758,16.13920379824133,18.322639466092593,16.818078548280294,1.0,1.3,1,4,21,19,40,21,19,1.05,2026-01-01 19:53:23,2026-06-28 23:21:37,394658.8205128205,290163.0,4917.0,379401.5698075251,15391694.0,2.5988040953254336e-06,0.9613382211407564,42,2,37,42,1,253.78571428571428,272.0,134.52219614009948,11.736428951499986,11.469986648228536,0.4999999999880953,0.4999999999880953,21,30,5,3.403757758611584,3.6875082825863794,42,42,2.4830952380952382,0.13,1.5555555554979423,0,40,21,19,0.0017582358335919298,0.0020860995187998426,0.09871794871794871,1,177,301
W0000494,51,29,19.946816022589665,16.579520253467948,15.890251067085462,18.469141310953475,16.878802643040267,25,19.804224884179376,16.58534911947641,16.166099887319767,17.843089872844228,16.4469383975844,1.0,1.1764705882352942,1,3,26,25,50,26,25,1.0,2026-01-03 05:18:09,2026-06-29 23:50:55,307191.32,239021.0,2170.0,271733.8568944853,15359566.0,3.3204061025939076e-06,0.8845724297224791,40,1,33,40,1,249.0,260.0,151.12569059883353,11.534510815995251,11.555170446563974,0.5999999999850001,0.39999999999,19,26,5,2.8843448852662528,3.1728744111894644,40,40,2.98785,0.158,1.4814814814266117,1,51,26,25,0.0021546771275830524,0.0032158170047756163,0.08734693877551021,0,179,319
W0000495,48,27,19.809651066491703,16.513814265313666,16.302589679558924,17.615537570456315,16.241835329283226,24,20.018596142460915,16.84054235864607,16.390789001655584,18.518759415217946,16.955164593794848,1.0,1.25,1,4,24,24,46,24,24,0.96,2026-01-03 03:16:54,2026-06-30 09:03:02,327658.89361702127,246720.0,264.0,314413.5383006738,15399968.0,3.116889391140982e-06,0.9595728510739548,43,1,34,43,1,255.04651162790697,232.0,146.3116298291281,11.657674948856426,11.707060302716373,0.511627906964846,0.4883720930118984,22,33,5,3.11110403420201,3.4485406622096133,43,43,2.2905348837209303,0.083,1.7916666665920138,1,48,24,24,0.002167331093574426,0.002902669262255408,0.08888888888888889,1,177,306
W0000496,56,29,20.146416415343086,16.779120635208375,16.251638118521516,18.720005758536754,17.117579965222113,28,20.11383465541092,16.781630194899105,16.014029075576367,19.00342510667744,17.3478589460011,1.0,1.125,1,3,27,28,52,27,28,0.9310344827586207,2026-01-01 03:49:25,2026-06-27 12:20:49,278608.8,204032.0,3473.0,283585.62417146337,15323484.0,3.654521148420219e-06,1.0178594728952943,45,2,38,45,1,249.86666666666667,261.0,144.23664267761185,11.753594543150257,11.766815462512149,0.44444444443456793,0.5555555555432099,22,32,5,3.4884683534267684,3.7868544975631395,45,45,2.7003777777777778,0.369,1.4516129031789802,0,55,27,28,0.002132254940648989,0.0038186754696044383,0.09502262443438914,1,177,347
W0000497,44,22,19.75627794874857,16.665235550620476,15.37664071485119,18.326675721060095,17.04074225800554,22,19.781364761996056,16.690322362499646,15.98684793447363,18.731923930554945,17.188998603321103,1.0,1.1818181818181819,1,3,21,21,41,21,21,0.9545454545454546,2026-01-05 17:30:37,2026-06-27 20:08:27,347829.5348837209,262166.0,17939.0,333229.1697426112,14956670.0,2.941831106668055e-06,0.9580216120301487,33,1,28,33,1,278.8181818181818,275.0,148.08094377431183,11.350935807148192,11.258471828813903,0.5757575757401286,0.4242424242295685,20,25,5,3.020387734243413,3.226594408098516,33,33,2.5142727272727274,0.07,1.6499999999175,0,42,21,21,0.0018051774735131608,0.0022231539575219435,0.08780487804878048,2,140,318
W0000498,45,27,19.75199703549447,16.45616023816377,16.03008410123538,17.711545330037193,16.43480355193091,19,19.69563637209612,16.751197443229486,16.310556052188776,18.084833196172443,16.74901562359873,1.0,1.2222222222222223,1,3,24,19,42,24,19,1.2,2026-01-01 11:27:07,2026-06-28 11:30:15,349531.54545454547,235307.5,6817.0,351558.777572476,15379388.0,2.925994004053087e-06,1.0057969769747637,30,1,28,30,1,228.3,217.0,150.28780435528037,11.228690776788357,11.293001724497216,0.3999999999866667,0.59999999998,19,25,5,2.955392918503184,3.1805558352419663,30,30,2.4840333333333335,0.119,1.6666666665740741,0,43,24,19,0.0024052186214259435,0.0024947292444932774,0.06852497096399536,1,177,245
W0000499,40,20,19.665156600421845,16.669424381605307,16.554989462438144,17.69326552387862,16.301370298898327,20,19.558061970661825,16.562329758032785,16.128177804805624,17.95898889198261,16.639511299880198,1.0,1.325,1,4,18,20,37,18,20,0.8571428571428571,2026-01-05 20:13:02,2026-06-19 17:21:50,365275.07692307694,196107.0,221.0,415650.59398150526,14245728.0,2.8078591134226966e-06,1.1379080652715088,35,1,31,35,1,273.65714285714284,299.0,144.38590913348338,11.406953651396787,11.377140105498425,0.3714285714179592,0.6285714285534695,19,28,5,2.8932228449579873,3.2596803376008703,35,35,2.3988571428571426,0.078,1.8421052630609418,2,38,18,20,0.001662608168609281,0.0018306938598727789,0.1066066066066066,0,179,286
W0000500,50,25,19.882056090659123,16.66318032145102,15.45771087349061,18.64395072727371,17.24106009937983,25,19.897788197209753,16.678912427132854,16.349875482019776,18.468327283003237,16.85640192940077,1.0,1.18,1,3,25,24,49,25,24,1.0,2026-01-03 13:23:42,2026-06-30 08:37:27,313510.71428571426,214320.0,1510.0,337117.04413576203,15362025.0,3.254779024589595e-06,1.0752932945546507,37,1,32,37,1,249.35135135135135,242.0,151.2011567078433,11.634939537154429,11.366708231967095,0.3513513513418554,0.6486486486311177,20,27,5,3.050408439454287,3.270201176028482,37,37,2.6385135135135136,0.126,1.4799999999408,0,49,25,24,0.002077191353889688,0.00328288215370949,0.08503401360544217,2,140,332
